sample_id,quarter,ticker,event_date,revenue_bucket,pre_llm_fundamental_bucket,pre_llm_fundamental_score,profitability_score,operating_cash_flow_score,financing_dependence_score,tradable_date,entry_open,return_10d_pct,return_20d_pct,return_30d_pct,return_60d_pct,return_90d_pct,accession,exhibit_doc,source_doc_type,text_len,text_path,snippet_count,quality_flags
S000001,2022Q4,ABNB,2022-11-01,$2B-$10B,mixed,2,-1,2,-1,2022-11-02,102.644997,2.4502,-7.1752,-1.6026,-17.2877,8.2469,0001193125-22-274904,d408297dex991.htm,earnings_exhibit,53020,/Users/aeternusholdings/Documents/GitHub/AeternusHoldings/cache/sec/sec_docs_text/ABNB_000119312522274904_d408297dex991.htm.txt,18,
S000002,2022Q4,ACAD,2022-11-02,$100M-$500M,weak,-3,-1,-1,0,2022-11-03,15.490000,2.7760,-3.1633,-1.6139,5.3583,22.2079,0000950170-22-021222,acad-ex99_1.htm,earnings_exhibit,13192,/Users/aeternusholdings/Documents/GitHub/AeternusHoldings/cache/sec/sec_docs_text/ACAD_000095017022021222_acad-ex99_1.htm.txt,18,
S000003,2022Q4,ACCO,2022-10-13,$500M-$1B,weak,-3,-1,-1,0,2022-10-14,4.710000,-8.4926,-3.3970,11.2526,19.1083,30.7856,0000950170-22-019529,acco-ex99_1.htm,earnings_exhibit,13522,/Users/aeternusholdings/Documents/GitHub/AeternusHoldings/cache/sec/sec_docs_text/ACCO_000095017022019529_acco-ex99_1.htm.txt,18,
S000004,2022Q4,ACVA,2022-11-09,$100M-$500M,weak,-1,-1,2,-1,2022-11-10,7.160000,7.2626,23.4637,23.3240,17.3184,44.9721,0000950170-22-023840,acva-ex99_1.htm,earnings_exhibit,24787,/Users/aeternusholdings/Documents/GitHub/AeternusHoldings/cache/sec/sec_docs_text/ACVA_000095017022023840_acva-ex99_1.htm.txt,18,
S000005,2022Q4,AFRM,2022-11-08,$100M-$500M,weak,-1,-1,2,-1,2022-11-09,13.345000,-2.8850,-4.0090,-15.0244,-29.3368,28.9621,0001820953-22-000038,fq123shareholderletter-d.htm,earnings_exhibit,59341,/Users/aeternusholdings/Documents/GitHub/AeternusHoldings/cache/sec/sec_docs_text/AFRM_000182095322000038_fq123shareholderletter-d.htm.txt,18,
S000006,2022Q4,ALKS,2022-11-02,$500M-$1B,mixed,1,-1,1,0,2022-11-03,24.830000,-8.2159,-2.2553,2.7386,4.1885,15.5457,0000950170-22-020969,alks-ex99_1.htm,earnings_exhibit,23201,/Users/aeternusholdings/Documents/GitHub/AeternusHoldings/cache/sec/sec_docs_text/ALKS_000095017022020969_alks-ex99_1.htm.txt,18,
S000007,2022Q4,ALTG,2022-11-09,$500M-$1B,mixed,0,-1,1,0,2022-11-10,13.230000,-7.9365,-8.9947,-7.1806,14.6636,32.7286,0000950170-22-023878,altg-ex99_1.htm,earnings_exhibit,27294,/Users/aeternusholdings/Documents/GitHub/AeternusHoldings/cache/sec/sec_docs_text/ALTG_000095017022023878_altg-ex99_1.htm.txt,18,
S000008,2022Q4,AMC,2022-11-08,$1B-$2B,weak,-4,-1,-1,-1,2022-11-09,53.700001,35.3817,38.3613,10.6145,-26.8156,15.0838,0001411579-22-000078,amc-20221108xex99d1.htm,earnings_exhibit,48388,/Users/aeternusholdings/Documents/GitHub/AeternusHoldings/cache/sec/sec_docs_text/AMC_000141157922000078_amc-20221108xex99d1.htm.txt,18,
S000009,2022Q4,ANGO,2022-10-06,$100M-$500M,weak,-2,-1,-1,1,2022-10-07,17.160000,-13.4033,-22.3193,-15.5012,-29.1375,-9.7902,0000914121-22-004104,an58259826-ex99_1.htm,earnings_exhibit,18001,/Users/aeternusholdings/Documents/GitHub/AeternusHoldings/cache/sec/sec_docs_text/ANGO_000091412122004104_an58259826-ex99_1.htm.txt,18,
S000010,2022Q4,APP,2022-11-09,$1B-$2B,weak,-1,-1,2,-1,2022-11-10,15.650000,-15.0160,-7.9233,-31.6294,-34.9521,-18.9776,0001193125-22-281229,d420405dex992.htm,earnings_exhibit,31936,/Users/aeternusholdings/Documents/GitHub/AeternusHoldings/cache/sec/sec_docs_text/APP_000119312522281229_d420405dex992.htm.txt,18,
S000011,2022Q4,APPN,2022-11-03,$100M-$500M,mixed,1,-1,-1,0,2022-11-04,41.000000,-4.8780,-8.4146,-10.0732,-20.9756,11.3902,0001441683-22-000098,appnex991earningsrelease-0.htm,earnings_exhibit,22360,/Users/aeternusholdings/Documents/GitHub/AeternusHoldings/cache/sec/sec_docs_text/APPN_000144168322000098_appnex991earningsrelease-0.htm.txt,18,
S000012,2022Q4,ARLO,2022-11-08,$100M-$500M,weak,-2,-1,-1,1,2022-11-09,4.300000,-6.5116,-13.0233,-22.3256,-11.1628,2.0930,0001736946-22-000054,arloex99122q3earningsrelea.htm,earnings_exhibit,28917,/Users/aeternusholdings/Documents/GitHub/AeternusHoldings/cache/sec/sec_docs_text/ARLO_000173694622000054_arloex99122q3earningsrelea.htm.txt,18,
S000013,2022Q4,ARRY,2022-11-08,$100M-$500M,weak,-4,-1,-1,-1,2022-11-09,20.500000,2.3415,2.1951,-0.0488,-5.1707,0.9756,0001820721-22-000143,exhibit9912022q3pressrelea.htm,earnings_exhibit,31944,/Users/aeternusholdings/Documents/GitHub/AeternusHoldings/cache/sec/sec_docs_text/ARRY_000182072122000143_exhibit9912022q3pressrelea.htm.txt,18,
S000014,2022Q4,ASAN,2022-12-01,$100M-$500M,weak,-4,-1,-1,-1,2022-12-02,15.800000,-2.7848,-17.4051,-16.1392,-1.8987,-3.0380,0001477720-22-000061,asana8-kex991q3fy23.htm,earnings_exhibit,26007,/Users/aeternusholdings/Documents/GitHub/AeternusHoldings/cache/sec/sec_docs_text/ASAN_000147772022000061_asana8-kex991q3fy23.htm.txt,18,
S000015,2022Q4,ATRO,2022-11-08,$100M-$500M,weak,-2,-1,-1,1,2022-11-09,8.100000,0.1234,-1.4815,29.0123,25.6790,80.2469,0000008063-22-000049,ex99120221108-pr.htm,earnings_exhibit,7859,/Users/aeternusholdings/Documents/GitHub/AeternusHoldings/cache/sec/sec_docs_text/ATRO_000000806322000049_ex99120221108-pr.htm.txt,18,
S000016,2022Q4,AVAV,2022-12-06,$100M-$500M,weak,-2,-1,-1,1,2022-12-07,88.610001,-8.3512,-6.7035,-2.8214,3.5775,3.0132,0001558370-22-018403,avav-20221206xex99d1.htm,earnings_exhibit,29676,/Users/aeternusholdings/Documents/GitHub/AeternusHoldings/cache/sec/sec_docs_text/AVAV_000155837022018403_avav-20221206xex99d1.htm.txt,18,
S000017,2022Q4,AVNS,2022-11-02,$500M-$1B,mixed,2,-1,1,1,2022-11-03,22.730000,15.0022,17.8619,16.8940,19.2697,36.3396,0001606498-22-000077,avns3q2022form8kex991.htm,earnings_exhibit,23805,/Users/aeternusholdings/Documents/GitHub/AeternusHoldings/cache/sec/sec_docs_text/AVNS_000160649822000077_avns3q2022form8kex991.htm.txt,18,
S000018,2022Q4,BARK,2022-11-09,$100M-$500M,weak,-3,-1,-1,-1,2022-11-10,35.400002,0.5650,-6.2147,-12.9944,-6.7797,14.6893,0001819574-22-000106,exhibit991-q22023pressrele.htm,earnings_exhibit,25575,/Users/aeternusholdings/Documents/GitHub/AeternusHoldings/cache/sec/sec_docs_text/BARK_000181957422000106_exhibit991-q22023pressrele.htm.txt,18,
S000019,2022Q4,BBSI,2022-11-02,$100M-$500M,mixed,0,-1,1,1,2022-11-03,21.410000,11.4433,14.5843,13.7903,8.5824,13.1014,0000950170-22-021243,bbsi-ex99_1.htm,earnings_exhibit,13439,/Users/aeternusholdings/Documents/GitHub/AeternusHoldings/cache/sec/sec_docs_text/BBSI_000095017022021243_bbsi-ex99_1.htm.txt,18,
S000020,2022Q4,BE,2022-11-03,$500M-$1B,weak,-3,-1,-1,0,2022-11-04,19.330000,11.5882,14.3818,8.7429,-0.7243,32.5918,0001628280-22-028185,ex991_q32022financialresul.htm,earnings_exhibit,29788,/Users/aeternusholdings/Documents/GitHub/AeternusHoldings/cache/sec/sec_docs_text/BE_000162828022028185_ex991_q32022financialresul.htm.txt,18,
S000021,2022Q4,BHF,2022-11-07,$2B-$10B,weak,-2,-1,1,-1,2022-11-08,54.500000,-1.2844,-0.8991,-2.5321,-4.7890,3.9450,0001685040-22-000049,q32022bhfearningspressrele.htm,earnings_exhibit,39048,/Users/aeternusholdings/Documents/GitHub/AeternusHoldings/cache/sec/sec_docs_text/BHF_000168504022000049_q32022bhfearningspressrele.htm.txt,18,
S000022,2022Q4,BHFAL,2022-11-07,$2B-$10B,weak,-2,-1,1,-1,2022-11-08,21.520000,5.5762,8.0390,12.4535,12.0353,15.2416,0001685040-22-000049,q32022bhfearningspressrele.htm,earnings_exhibit,39048,/Users/aeternusholdings/Documents/GitHub/AeternusHoldings/cache/sec/sec_docs_text/BHFAL_000168504022000049_q32022bhfearningspressrele.htm.txt,18,
S000023,2022Q4,BHFAM,2022-11-07,$2B-$10B,weak,-2,-1,1,-1,2022-11-08,15.740000,5.1461,5.5273,6.2897,5.4638,14.5489,0001685040-22-000049,q32022bhfearningspressrele.htm,earnings_exhibit,39048,/Users/aeternusholdings/Documents/GitHub/AeternusHoldings/cache/sec/sec_docs_text/BHFAM_000168504022000049_q32022bhfearningspressrele.htm.txt,18,
S000024,2022Q4,BHFAN,2022-11-07,$2B-$10B,weak,-2,-1,1,-1,2022-11-08,18.299999,4.0437,7.4317,4.4262,4.3169,9.0710,0001685040-22-000049,q32022bhfearningspressrele.htm,earnings_exhibit,39048,/Users/aeternusholdings/Documents/GitHub/AeternusHoldings/cache/sec/sec_docs_text/BHFAN_000168504022000049_q32022bhfearningspressrele.htm.txt,18,
S000025,2022Q4,BHFAO,2022-11-07,$2B-$10B,weak,-2,-1,1,-1,2022-11-08,22.700001,6.6079,10.0220,9.0749,9.2070,14.1850,0001685040-22-000049,q32022bhfearningspressrele.htm,earnings_exhibit,39048,/Users/aeternusholdings/Documents/GitHub/AeternusHoldings/cache/sec/sec_docs_text/BHFAO_000168504022000049_q32022bhfearningspressrele.htm.txt,18,
S000026,2022Q4,BHFAP,2022-11-07,$2B-$10B,weak,-2,-1,1,-1,2022-11-08,22.924000,2.9489,6.3078,4.7418,4.1267,8.4889,0001685040-22-000049,q32022bhfearningspressrele.htm,earnings_exhibit,39048,/Users/aeternusholdings/Documents/GitHub/AeternusHoldings/cache/sec/sec_docs_text/BHFAP_000168504022000049_q32022bhfearningspressrele.htm.txt,18,
S000027,2022Q4,BHR,2022-10-11,$100M-$500M,mixed,2,-1,2,-1,2022-10-12,4.250000,11.2941,14.8235,-7.2941,-4.9412,6.5882,0001574085-22-000115,bhr2022q3revparpr.htm,earnings_exhibit,5518,/Users/aeternusholdings/Documents/GitHub/AeternusHoldings/cache/sec/sec_docs_text/BHR_000157408522000115_bhr2022q3revparpr.htm.txt,16,
S000028,2022Q4,BMEA,2022-11-07,$1B-$2B,weak,-2,-1,-1,-1,2022-11-08,9.830000,-25.1272,-26.9583,-35.9105,-30.8240,0.1017,0000950170-22-022598,bmea-ex99_1.htm,earnings_exhibit,14206,/Users/aeternusholdings/Documents/GitHub/AeternusHoldings/cache/sec/sec_docs_text/BMEA_000095017022022598_bmea-ex99_1.htm.txt,18,
S000029,2022Q4,BNED,2022-12-06,$500M-$1B,mixed,2,-1,1,0,2022-12-07,185.000000,-5.9459,-17.8378,4.8649,24.3243,7.0270,0001634117-22-000142,exhibit99120221029q223earn.htm,earnings_exhibit,48480,/Users/aeternusholdings/Documents/GitHub/AeternusHoldings/cache/sec/sec_docs_text/BNED_000163411722000142_exhibit99120221029q223earn.htm.txt,18,
S000030,2022Q4,BOX,2022-11-30,$100M-$500M,mixed,2,-1,2,-1,2022-12-01,27.459999,9.9782,14.1296,14.0204,15.8048,22.2870,0000950170-22-025865,box-ex99_1.htm,earnings_exhibit,38121,/Users/aeternusholdings/Documents/GitHub/AeternusHoldings/cache/sec/sec_docs_text/BOX_000095017022025865_box-ex99_1.htm.txt,18,
S000031,2022Q4,BRSP,2022-11-02,$100M-$500M,weak,-4,-1,-1,-1,2022-11-03,7.290000,-1.0974,-3.1550,-4.2524,-13.4431,5.4870,0001717547-22-000121,brspq322earningsreleasev.htm,earnings_exhibit,9787,/Users/aeternusholdings/Documents/GitHub/AeternusHoldings/cache/sec/sec_docs_text/BRSP_000171754722000121_brspq322earningsreleasev.htm.txt,18,
S000032,2022Q4,BTU,2022-11-03,$2B-$10B,weak,-3,-1,-1,0,2022-11-04,24.719999,13.1068,22.1683,19.6197,1.5372,14.9676,0001064728-22-000065,btu8k20221103ex991.htm,earnings_exhibit,32144,/Users/aeternusholdings/Documents/GitHub/AeternusHoldings/cache/sec/sec_docs_text/BTU_000106472822000065_btu8k20221103ex991.htm.txt,18,
S000033,2022Q4,CALM,2022-12-28,$500M-$1B,weak,-2,-1,-1,1,2022-12-29,59.509998,-11.5107,-7.0072,-5.6461,-2.3862,-2.6046,0001562762-22-000495,exhibit991.htm,earnings_exhibit,20083,/Users/aeternusholdings/Documents/GitHub/AeternusHoldings/cache/sec/sec_docs_text/CALM_000156276222000495_exhibit991.htm.txt,18,
S000034,2022Q4,CCL,2022-12-21,$500M-$1B,weak,-4,-1,-1,-1,2022-12-22,8.470000,-5.9032,16.4109,26.5643,31.4050,6.1393,0000815097-22-000081,a20224qbusinessupdate8-k.htm,earnings_exhibit,40968,/Users/aeternusholdings/Documents/GitHub/AeternusHoldings/cache/sec/sec_docs_text/CCL_000081509722000081_a20224qbusinessupdate8-k.htm.txt,18,
S000035,2022Q4,CFLT,2022-11-02,$100M-$500M,weak,-4,-1,-1,-1,2022-11-03,24.110001,-4.6039,-3.8573,-15.4708,-11.5305,2.4056,0000950170-22-021221,cflt-ex99_1.htm,earnings_exhibit,27019,/Users/aeternusholdings/Documents/GitHub/AeternusHoldings/cache/sec/sec_docs_text/CFLT_000095017022021221_cflt-ex99_1.htm.txt,18,
S000036,2022Q4,CHEF,2022-10-26,$1B-$2B,mixed,0,-1,-1,1,2022-10-27,37.250000,1.8255,-0.7248,2.4161,-8.1879,-0.4027,0001517175-22-000011,pressreleaseex99109232022.htm,earnings_exhibit,25033,/Users/aeternusholdings/Documents/GitHub/AeternusHoldings/cache/sec/sec_docs_text/CHEF_000151717522000011_pressreleaseex99109232022.htm.txt,18,
S000037,2022Q4,CLNE,2022-11-08,$100M-$500M,weak,-1,-1,2,-1,2022-11-09,6.580000,-0.1520,-4.1033,-16.4134,-18.2371,-11.2462,0001558370-22-016863,clne-20221108xex99d1.htm,earnings_exhibit,32427,/Users/aeternusholdings/Documents/GitHub/AeternusHoldings/cache/sec/sec_docs_text/CLNE_000155837022016863_clne-20221108xex99d1.htm.txt,18,
S000038,2022Q4,CMCO,2022-10-27,$100M-$500M,weak,-2,-1,1,-1,2022-10-28,27.520000,6.6860,18.6046,13.0814,16.4971,29.6875,0001005229-22-000286,exhibit99110272022.htm,earnings_exhibit,26649,/Users/aeternusholdings/Documents/GitHub/AeternusHoldings/cache/sec/sec_docs_text/CMCO_000100522922000286_exhibit99110272022.htm.txt,18,
S000039,2022Q4,CNK,2022-11-04,$500M-$1B,weak,-2,-1,-1,1,2022-11-07,11.730000,8.5251,14.2370,2.4723,-28.2182,8.4399,0000950170-22-022047,cnk-ex99_1.htm,earnings_exhibit,16669,/Users/aeternusholdings/Documents/GitHub/AeternusHoldings/cache/sec/sec_docs_text/CNK_000095017022022047_cnk-ex99_1.htm.txt,18,
S000040,2022Q4,CNNE,2022-11-09,$100M-$500M,weak,-4,-1,-1,-1,2022-11-10,23.590000,-1.1022,-1.7804,-9.0716,-6.2738,5.9347,0001704720-22-000068,exhibit991-pressreleaseann.htm,earnings_exhibit,2838,/Users/aeternusholdings/Documents/GitHub/AeternusHoldings/cache/sec/sec_docs_text/CNNE_000170472022000068_exhibit991-pressreleaseann.htm.txt,15,
S000041,2022Q4,COMP,2022-11-10,$2B-$10B,mixed,0,-1,1,-1,2022-11-11,2.230000,21.0762,43.9462,18.3857,34.9776,77.1300,0001563190-22-000185,exhibit9918-k3q22pr.htm,earnings_exhibit,23173,/Users/aeternusholdings/Documents/GitHub/AeternusHoldings/cache/sec/sec_docs_text/COMP_000156319022000185_exhibit9918-k3q22pr.htm.txt,18,
S000042,2022Q4,CRNC,2022-11-29,$100M-$500M,mixed,1,-1,2,-1,2022-11-30,17.980000,1.0011,2.7809,3.0590,35.7063,52.2803,0000950170-22-025762,crnc-ex99_1.htm,earnings_exhibit,31739,/Users/aeternusholdings/Documents/GitHub/AeternusHoldings/cache/sec/sec_docs_text/CRNC_000095017022025762_crnc-ex99_1.htm.txt,18,
S000043,2022Q4,CRSP,2022-11-01,$500M-$1B,weak,-1,-1,2,-1,2022-11-02,51.990002,14.9836,6.6744,4.8278,-21.1387,-1.8657,0000950170-22-020834,crsp-ex99_1.htm,earnings_exhibit,20743,/Users/aeternusholdings/Documents/GitHub/AeternusHoldings/cache/sec/sec_docs_text/CRSP_000095017022020834_crsp-ex99_1.htm.txt,18,
S000044,2022Q4,CTOS,2022-11-08,$500M-$1B,weak,-1,-1,2,-1,2022-11-09,6.130000,7.8303,8.4829,8.9723,11.7455,19.0865,0001709682-22-000095,ex991q3-2022pressrelease.htm,earnings_exhibit,46120,/Users/aeternusholdings/Documents/GitHub/AeternusHoldings/cache/sec/sec_docs_text/CTOS_000170968222000095_ex991q3-2022pressrelease.htm.txt,18,
S000045,2022Q4,CVGW,2022-12-20,$1B-$2B,mixed,2,-1,1,1,2022-12-21,28.850000,8.0416,8.7002,10.8839,14.9047,-16.1525,0001558370-22-018832,cvgw-20221220xex99d1.htm,earnings_exhibit,33955,/Users/aeternusholdings/Documents/GitHub/AeternusHoldings/cache/sec/sec_docs_text/CVGW_000155837022018832_cvgw-20221220xex99d1.htm.txt,18,
S000046,2022Q4,CVNA,2022-11-03,$2B-$10B,weak,-2,-1,-1,-1,2022-11-04,13.040000,-25.3068,-38.8804,-45.5521,-64.4939,9.2791,0001690820-22-000312,ex99_1q32022.htm,earnings_exhibit,48023,/Users/aeternusholdings/Documents/GitHub/AeternusHoldings/cache/sec/sec_docs_text/CVNA_000169082022000312_ex99_1q32022.htm.txt,18,
S000047,2022Q4,CVSA,2022-11-03,$100M-$500M,weak,-1,-1,2,-1,2022-11-04,41.090000,-3.3341,-1.8253,-3.9669,-13.3366,-5.9625,0001157523-22-001521,a52959534ex99_1.htm,earnings_exhibit,30307,/Users/aeternusholdings/Documents/GitHub/AeternusHoldings/cache/sec/sec_docs_text/CVSA_000115752322001521_a52959534ex99_1.htm.txt,18,
S000048,2022Q4,CXM,2022-12-06,$100M-$500M,weak,-1,-1,-1,-1,2022-12-07,7.290000,14.5405,5.2126,6.4472,44.7188,51.1660,0001569345-22-000034,q3fy23-earningsrelease.htm,earnings_exhibit,21811,/Users/aeternusholdings/Documents/GitHub/AeternusHoldings/cache/sec/sec_docs_text/CXM_000156934522000034_q3fy23-earningsrelease.htm.txt,18,
S000049,2022Q4,CZR,2022-11-01,$2B-$10B,mixed,2,-1,1,1,2022-11-02,47.279999,8.9467,4.0186,8.6717,-10.6176,10.1100,0001590895-22-000146,ex991-2022q3ceiearningsrel.htm,earnings_exhibit,20549,/Users/aeternusholdings/Documents/GitHub/AeternusHoldings/cache/sec/sec_docs_text/CZR_000159089522000146_ex991-2022q3ceiearningsrel.htm.txt,18,
S000050,2022Q4,DASH,2022-11-03,$2B-$10B,mixed,1,-1,2,1,2022-11-04,54.220001,14.3858,2.3054,-1.8259,-10.8078,17.6872,0001628280-22-028194,dashq32022ex991-shareholde.htm,earnings_exhibit,43272,/Users/aeternusholdings/Documents/GitHub/AeternusHoldings/cache/sec/sec_docs_text/DASH_000162828022028194_dashq32022ex991-shareholde.htm.txt,18,
S000051,2022Q4,DBD,2022-11-08,$1B-$2B,weak,-2,-1,-1,0,2023-08-14,24.000000,-16.0417,-27.5417,-25.1667,-21.7083,-9.4167,0001157523-22-001553,a52962088ex99_1.htm,earnings_exhibit,44281,/Users/aeternusholdings/Documents/GitHub/AeternusHoldings/cache/sec/sec_docs_text/DBD_000115752322001553_a52962088ex99_1.htm.txt,18,
S000052,2022Q4,DCGO,2022-11-07,$100M-$500M,weak,-3,-1,-1,0,2022-11-08,8.150000,-13.4969,-16.1963,-18.8957,-10.7975,21.3497,0001213900-22-069776,ea168126ex99-1_docgoinc.htm,earnings_exhibit,21986,/Users/aeternusholdings/Documents/GitHub/AeternusHoldings/cache/sec/sec_docs_text/DCGO_000121390022069776_ea168126ex99-1_docgoinc.htm.txt,18,
S000053,2022Q4,DDOG,2022-11-03,$100M-$500M,mixed,2,-1,2,0,2022-11-04,75.300003,3.7450,-0.6109,-6.6932,-4.2630,15.4980,0001561550-22-000043,ex-991x20220930x8k.htm,earnings_exhibit,27689,/Users/aeternusholdings/Documents/GitHub/AeternusHoldings/cache/sec/sec_docs_text/DDOG_000156155022000043_ex-991x20220930x8k.htm.txt,18,
S000054,2022Q4,DK,2022-11-07,$2B-$10B,mixed,2,-1,1,0,2022-11-08,33.950001,0.2651,-4.5361,-23.3579,-28.1296,-25.3608,0001694426-22-000154,dk-ex991earningsreleasex09.htm,earnings_exhibit,55866,/Users/aeternusholdings/Documents/GitHub/AeternusHoldings/cache/sec/sec_docs_text/DK_000169442622000154_dk-ex991earningsreleasex09.htm.txt,18,
S000055,2022Q4,DNOW,2022-11-02,$1B-$2B,mixed,2,-1,1,1,2022-11-03,12.520000,-0.7189,-0.0799,-1.1981,-3.2748,11.5016,0001193125-22-275402,d320011dex991.htm,earnings_exhibit,11342,/Users/aeternusholdings/Documents/GitHub/AeternusHoldings/cache/sec/sec_docs_text/DNOW_000119312522275402_d320011dex991.htm.txt,18,
S000056,2022Q4,DNUT,2022-11-15,$1B-$2B,weak,-1,-1,1,0,2022-11-16,14.540000,5.7772,2.2008,-19.2572,-20.0825,-15.8184,0001857154-22-000116,exh991pressreleaseq32022.htm,earnings_exhibit,36470,/Users/aeternusholdings/Documents/GitHub/AeternusHoldings/cache/sec/sec_docs_text/DNUT_000185715422000116_exh991pressreleaseq32022.htm.txt,18,
S000057,2022Q4,DOCN,2022-11-07,$100M-$500M,mixed,2,-1,2,-1,2022-11-08,26.250000,7.6952,5.7143,13.1429,-3.8476,13.4857,0001582961-22-000049,a2022-q3dopressrelease.htm,earnings_exhibit,26914,/Users/aeternusholdings/Documents/GitHub/AeternusHoldings/cache/sec/sec_docs_text/DOCN_000158296122000049_a2022-q3dopressrelease.htm.txt,18,
S000058,2022Q4,DRH,2022-10-21,$100M-$500M,mixed,1,-1,-1,1,2022-10-24,9.050000,-5.0829,-1.3260,-0.9945,-9.2818,0.1105,0001298946-22-000108,exhibit992102022.htm,earnings_exhibit,2025,/Users/aeternusholdings/Documents/GitHub/AeternusHoldings/cache/sec/sec_docs_text/DRH_000129894622000108_exhibit992102022.htm.txt,7,
S000059,2022Q4,DSGR,2022-11-03,$100M-$500M,mixed,0,-1,1,0,2022-11-04,17.355000,10.1988,6.1942,3.0827,5.4739,29.2999,0000703604-22-000081,a2022q3pressrelease.htm,earnings_exhibit,23644,/Users/aeternusholdings/Documents/GitHub/AeternusHoldings/cache/sec/sec_docs_text/DSGR_000070360422000081_a2022q3pressrelease.htm.txt,18,
S000060,2022Q4,DUOL,2022-11-10,$100M-$500M,mixed,2,-1,1,1,2022-11-11,82.010002,-15.3274,-13.8520,-13.3398,-8.1575,15.8517,0001562088-22-000163,q3fy22pressrelease.htm,earnings_exhibit,18335,/Users/aeternusholdings/Documents/GitHub/AeternusHoldings/cache/sec/sec_docs_text/DUOL_000156208822000163_q3fy22pressrelease.htm.txt,18,
S000061,2022Q4,ECVT,2022-11-01,$100M-$500M,mixed,1,-1,2,1,2022-11-02,9.650000,1.5544,-5.1813,-3.0052,-8.3938,8.7047,0001708035-22-000029,ex991-ecvt3q22earningsrele.htm,earnings_exhibit,37180,/Users/aeternusholdings/Documents/GitHub/AeternusHoldings/cache/sec/sec_docs_text/ECVT_000170803522000029_ex991-ecvt3q22earningsrele.htm.txt,18,
S000062,2022Q4,EQT,2022-10-11,$500M-$1B,weak,-1,-1,2,-1,2022-10-12,43.830002,-12.5485,-7.0272,-2.7607,-15.7883,-22.3363,0001104659-22-107727,tm2227907d1_8k.htm,primary_8k,3652,/Users/aeternusholdings/Documents/GitHub/AeternusHoldings/cache/sec/sec_docs_text/EQT_000110465922107727_tm2227907d1_8k.htm.txt,11,
S000063,2022Q4,EVCM,2022-11-10,$100M-$500M,weak,-2,-1,1,-1,2022-11-11,7.970000,-21.8319,-19.6989,-19.1970,4.5169,28.2309,0001853145-22-000033,evcm3q22earningsrelease.htm,earnings_exhibit,24988,/Users/aeternusholdings/Documents/GitHub/AeternusHoldings/cache/sec/sec_docs_text/EVCM_000185314522000033_evcm3q22earningsrelease.htm.txt,18,
S000064,2022Q4,EVH,2022-11-02,$100M-$500M,weak,-2,-1,-1,1,2022-11-03,27.650000,-11.7541,0.1085,3.6528,-2.4231,17.3599,0001628908-22-000138,a3q22exhibit991.htm,earnings_exhibit,47408,/Users/aeternusholdings/Documents/GitHub/AeternusHoldings/cache/sec/sec_docs_text/EVH_000162890822000138_a3q22exhibit991.htm.txt,18,
S000065,2022Q4,EXAS,2022-11-03,$1B-$2B,weak,-3,-1,-1,0,2022-11-04,36.689999,22.1314,16.2442,24.1483,31.3710,92.8863,0001124140-22-000069,exas-20221103xex99.htm,earnings_exhibit,23180,/Users/aeternusholdings/Documents/GitHub/AeternusHoldings/cache/sec/sec_docs_text/EXAS_000112414022000069_exas-20221103xex99.htm.txt,18,
S000066,2022Q4,EXTR,2022-10-27,$500M-$1B,weak,-1,-1,1,-1,2022-10-28,16.980000,6.3015,10.4240,17.1967,8.9517,3.4747,0001564590-22-035354,extr-ex991_6.htm,earnings_exhibit,31110,/Users/aeternusholdings/Documents/GitHub/AeternusHoldings/cache/sec/sec_docs_text/EXTR_000156459022035354_extr-ex991_6.htm.txt,18,
S000067,2022Q4,FA,2022-11-08,$100M-$500M,mixed,2,-1,2,-1,2022-11-09,12.130000,3.8747,3.7923,11.2943,9.3157,13.2729,0000950170-22-022840,fa-ex99_1.htm,earnings_exhibit,29496,/Users/aeternusholdings/Documents/GitHub/AeternusHoldings/cache/sec/sec_docs_text/FA_000095017022022840_fa-ex99_1.htm.txt,18,
S000068,2022Q4,FET,2022-11-09,$100M-$500M,weak,-2,-1,-1,1,2022-11-10,28.240000,0.9207,2.9037,0.6020,3.1162,13.9164,0001401257-22-000070,fetq32022earningsrelease.htm,earnings_exhibit,25630,/Users/aeternusholdings/Documents/GitHub/AeternusHoldings/cache/sec/sec_docs_text/FET_000140125722000070_fetq32022earningsrelease.htm.txt,18,
S000069,2022Q4,FIVN,2022-10-11,$100M-$500M,mixed,0,-1,1,1,2022-10-12,54.689999,4.0958,9.4350,16.1821,25.9828,28.0856,0001193125-22-260119,d748132dex991.htm,earnings_exhibit,11715,/Users/aeternusholdings/Documents/GitHub/AeternusHoldings/cache/sec/sec_docs_text/FIVN_000119312522260119_d748132dex991.htm.txt,18,
S000070,2022Q4,FLNC,2022-12-12,$100M-$500M,weak,-3,-1,-1,-1,2022-12-13,19.010000,-10.2052,-14.7291,14.9921,14.8343,-4.6291,0001868941-22-000114,flncq4andfullfy22earningsp.htm,earnings_exhibit,34466,/Users/aeternusholdings/Documents/GitHub/AeternusHoldings/cache/sec/sec_docs_text/FLNC_000186894122000114_flncq4andfullfy22earningsp.htm.txt,18,
S000071,2022Q4,FTAI,2022-10-28,$100M-$500M,weak,-4,-1,-1,-1,2022-10-31,17.410000,3.5037,-3.7335,0.6318,-1.6657,28.2596,0001140361-22-038713,brhc10043374_ex99-1.htm,earnings_exhibit,18319,/Users/aeternusholdings/Documents/GitHub/AeternusHoldings/cache/sec/sec_docs_text/FTAI_000114036122038713_brhc10043374_ex99-1.htm.txt,18,
S000072,2022Q4,FUBO,2022-10-17,$100M-$500M,weak,-4,-1,-1,-1,2022-10-18,55.320000,-21.4751,-23.8612,-33.8395,-55.0976,-51.1931,0001493152-22-028568,ex99-1.htm,earnings_exhibit,11111,/Users/aeternusholdings/Documents/GitHub/AeternusHoldings/cache/sec/sec_docs_text/FUBO_000149315222028568_ex99-1.htm.txt,18,
S000073,2022Q4,GBTG,2022-11-10,$100M-$500M,weak,-4,-1,-1,-1,2022-11-11,5.400000,-12.9630,-4.6296,-2.0370,17.2222,36.2963,0001104659-22-116831,tm2230085d1_ex99-1.htm,earnings_exhibit,40493,/Users/aeternusholdings/Documents/GitHub/AeternusHoldings/cache/sec/sec_docs_text/GBTG_000110465922116831_tm2230085d1_ex99-1.htm.txt,18,
S000074,2022Q4,GH,2022-11-03,$100M-$500M,mixed,1,-1,-1,1,2022-11-04,43.549999,10.7922,18.3008,19.2882,-38.0023,-25.6257,0001576280-22-000091,gh-09302022xexhibit991.htm,earnings_exhibit,19160,/Users/aeternusholdings/Documents/GitHub/AeternusHoldings/cache/sec/sec_docs_text/GH_000157628022000091_gh-09302022xexhibit991.htm.txt,18,
S000075,2022Q4,GTLB,2022-12-05,$100M-$500M,weak,-4,-1,-1,-1,2022-12-06,43.855000,13.4876,0.2166,-12.8720,14.5365,16.7256,0001628280-22-031348,gitlab-ex99120221031fy23.htm,earnings_exhibit,21787,/Users/aeternusholdings/Documents/GitHub/AeternusHoldings/cache/sec/sec_docs_text/GTLB_000162828022031348_gitlab-ex99120221031fy23.htm.txt,18,
S000076,2022Q4,GTM,2022-11-01,$500M-$1B,weak,-1,-1,2,-1,2022-11-02,32.189999,-2.6406,-15.0047,-9.0711,-8.5430,-12.3020,0001794515-22-000171,zi-8kex991x20221101.htm,earnings_exhibit,23946,/Users/aeternusholdings/Documents/GitHub/AeternusHoldings/cache/sec/sec_docs_text/GTM_000179451522000171_zi-8kex991x20221101.htm.txt,18,
S000077,2022Q4,GTX,2022-10-26,$2B-$10B,weak,-2,-1,-1,-1,2022-10-27,6.680000,14.8204,8.3832,6.7365,13.7725,14.5210,0001735707-22-000063,exhibit99_1-2022q3.htm,earnings_exhibit,27958,/Users/aeternusholdings/Documents/GitHub/AeternusHoldings/cache/sec/sec_docs_text/GTX_000173570722000063_exhibit99_1-2022q3.htm.txt,18,
S000078,2022Q4,HAE,2022-11-07,$100M-$500M,weak,-2,-1,-1,1,2022-11-08,84.550003,-5.4642,-2.1762,-0.9817,-13.9562,3.7966,0000313143-22-000059,ex991-fy23q2sepearningsrel.htm,earnings_exhibit,28300,/Users/aeternusholdings/Documents/GitHub/AeternusHoldings/cache/sec/sec_docs_text/HAE_000031314322000059_ex991-fy23q2sepearningsrel.htm.txt,18,
S000079,2022Q4,HGV,2022-11-09,$1B-$2B,weak,-2,-1,1,-1,2022-11-10,41.720001,0.7191,5.5129,0.0479,0.2637,12.6558,0001628280-22-029066,hgvq32022earningsreleaseex.htm,earnings_exhibit,42231,/Users/aeternusholdings/Documents/GitHub/AeternusHoldings/cache/sec/sec_docs_text/HGV_000162828022029066_hgvq32022earningsreleaseex.htm.txt,18,
S000080,2022Q4,HIMS,2022-11-07,$100M-$500M,weak,-4,-1,-1,-1,2022-11-08,5.870000,-1.5332,3.2368,23.5094,10.0511,33.5605,0001773751-22-000226,hims-20220930x8xkearningre.htm,earnings_exhibit,27240,/Users/aeternusholdings/Documents/GitHub/AeternusHoldings/cache/sec/sec_docs_text/HIMS_000177375122000226_hims-20220930x8xkearningre.htm.txt,18,
S000081,2022Q4,HLIT,2022-10-31,$100M-$500M,mixed,1,-1,1,0,2022-11-01,15.600000,-16.2821,-8.0769,-3.6539,-15.9615,-8.9744,0000851310-22-000059,hlit-20220930pressrelease.htm,earnings_exhibit,32873,/Users/aeternusholdings/Documents/GitHub/AeternusHoldings/cache/sec/sec_docs_text/HLIT_000085131022000059_hlit-20220930pressrelease.htm.txt,18,
S000082,2022Q4,HLMN,2022-11-03,$1B-$2B,weak,-4,-1,-1,-1,2022-11-04,7.860000,-0.3817,-1.0178,6.6158,-4.5802,28.6259,0001822492-22-000140,hillmanq32022earningscal.htm,earnings_exhibit,28223,/Users/aeternusholdings/Documents/GitHub/AeternusHoldings/cache/sec/sec_docs_text/HLMN_000182249222000140_hillmanq32022earningscal.htm.txt,18,
S000083,2022Q4,HOOD,2022-10-31,$1B-$2B,mixed,2,-1,2,-1,2022-11-01,12.020000,-12.8952,-26.3727,-17.8869,-32.7787,-15.5574,0001783879-22-000219,ex992606a_hoodx2022q3.htm,earnings_exhibit,36742,/Users/aeternusholdings/Documents/GitHub/AeternusHoldings/cache/sec/sec_docs_text/HOOD_000178387922000219_ex992606a_hoodx2022q3.htm.txt,13,
S000084,2022Q4,HP,2022-10-18,$500M-$1B,mixed,1,-1,2,1,2022-10-19,43.689999,13.3211,19.5239,22.9114,7.1412,14.0307,0000046765-22-000063,a20221018pr.htm,earnings_exhibit,16705,/Users/aeternusholdings/Documents/GitHub/AeternusHoldings/cache/sec/sec_docs_text/HP_000004676522000063_a20221018pr.htm.txt,18,
S000085,2022Q4,HQY,2022-12-06,$100M-$500M,weak,-1,-1,2,-1,2022-12-07,64.800003,-4.4907,-4.8457,-6.6204,-6.2500,4.0278,0001428336-22-000031,hqyq3fy23earningsrelease.htm,earnings_exhibit,27968,/Users/aeternusholdings/Documents/GitHub/AeternusHoldings/cache/sec/sec_docs_text/HQY_000142833622000031_hqyq3fy23earningsrelease.htm.txt,18,
S000086,2022Q4,HRTG,2022-11-09,$100M-$500M,mixed,1,-1,2,1,2022-11-10,1.465000,-3.7543,12.6280,1.0239,35.1536,55.6314,0001193125-22-280319,d378180dex991.htm,earnings_exhibit,25220,/Users/aeternusholdings/Documents/GitHub/AeternusHoldings/cache/sec/sec_docs_text/HRTG_000119312522280319_d378180dex991.htm.txt,18,
S000087,2022Q4,HST,2022-11-02,$1B-$2B,weak,-4,-1,-1,-1,2022-11-03,18.100000,-0.0552,0.9392,-2.3204,-11.9890,3.8674,0000950170-22-021286,hst-ex99_2.htm,earnings_exhibit,97138,/Users/aeternusholdings/Documents/GitHub/AeternusHoldings/cache/sec/sec_docs_text/HST_000095017022021286_hst-ex99_2.htm.txt,18,
S000088,2022Q4,HUBS,2022-11-02,$500M-$1B,mixed,1,-1,2,1,2022-11-03,286.369995,2.3012,1.0231,-1.8403,1.2292,28.7391,0000950170-22-021258,hubs-ex99_1.htm,earnings_exhibit,33542,/Users/aeternusholdings/Documents/GitHub/AeternusHoldings/cache/sec/sec_docs_text/HUBS_000095017022021258_hubs-ex99_1.htm.txt,18,
S000089,2022Q4,HY,2022-11-01,$2B-$10B,weak,-1,-1,-1,0,2022-11-02,30.340000,2.1424,2.1424,2.2083,-14.9308,6.8886,0001173514-22-000080,hydataschedule93022ex99.htm,earnings_exhibit,8478,/Users/aeternusholdings/Documents/GitHub/AeternusHoldings/cache/sec/sec_docs_text/HY_000117351422000080_hydataschedule93022ex99.htm.txt,18,
S000090,2022Q4,IIIV,2022-11-16,$100M-$500M,weak,-1,-1,2,-1,2022-11-17,22.780001,7.4188,7.8578,7.9456,25.9438,12.0281,0001728688-22-000055,iiiv4q22earningsrelease.htm,earnings_exhibit,28088,/Users/aeternusholdings/Documents/GitHub/AeternusHoldings/cache/sec/sec_docs_text/IIIV_000172868822000055_iiiv4q22earningsrelease.htm.txt,18,
S000091,2022Q4,INSW,2022-11-08,$100M-$500M,mixed,1,-1,-1,1,2022-11-09,46.119999,-1.7780,-7.4805,-16.8257,-26.8647,-6.2229,0001104659-22-115698,tm2229965d1_ex99-1.htm,earnings_exhibit,26283,/Users/aeternusholdings/Documents/GitHub/AeternusHoldings/cache/sec/sec_docs_text/INSW_000110465922115698_tm2229965d1_ex99-1.htm.txt,18,
S000092,2022Q4,INTA,2022-11-07,$100M-$500M,weak,-4,-1,-1,-1,2022-11-08,22.360001,-1.7889,-2.4598,1.4311,19.9463,26.8784,0000950170-22-022603,inta-ex99_1.htm,earnings_exhibit,21284,/Users/aeternusholdings/Documents/GitHub/AeternusHoldings/cache/sec/sec_docs_text/INTA_000095017022022603_inta-ex99_1.htm.txt,18,
S000093,2022Q4,IONS,2022-11-09,$100M-$500M,weak,-4,-1,-1,-1,2022-11-10,44.480000,-4.5414,-8.2959,-13.9838,-16.2545,-11.6007,0001140361-22-040624,brhc10043925_ex99-1.htm,earnings_exhibit,21825,/Users/aeternusholdings/Documents/GitHub/AeternusHoldings/cache/sec/sec_docs_text/IONS_000114036122040624_brhc10043925_ex99-1.htm.txt,18,
S000094,2022Q4,IRTC,2022-11-01,$100M-$500M,mixed,1,-1,-1,1,2022-11-02,128.000000,-16.2500,-20.1719,-13.3594,-26.5000,-23.2031,0001388658-22-000149,irtcq32022ex991pressrelease.htm,earnings_exhibit,12634,/Users/aeternusholdings/Documents/GitHub/AeternusHoldings/cache/sec/sec_docs_text/IRTC_000138865822000149_irtcq32022ex991pressrelease.htm.txt,18,
S000095,2022Q4,JRVR,2022-11-01,$100M-$500M,weak,-4,-1,-1,-1,2022-11-02,25.200001,-9.1270,-8.1746,-3.2937,-17.1032,-10.0794,0001620459-22-000111,a3q22jrvrpressrelease.htm,earnings_exhibit,35543,/Users/aeternusholdings/Documents/GitHub/AeternusHoldings/cache/sec/sec_docs_text/JRVR_000162045922000111_a3q22jrvrpressrelease.htm.txt,18,
S000096,2022Q4,KLXE,2022-11-09,$100M-$500M,weak,-3,-1,-1,-1,2022-11-10,16.500000,-2.9091,-4.3636,-17.0303,-8.8485,-24.4242,0001738827-22-000035,klxeq32022earningsreleasee.htm,earnings_exhibit,33042,/Users/aeternusholdings/Documents/GitHub/AeternusHoldings/cache/sec/sec_docs_text/KLXE_000173882722000035_klxeq32022earningsreleasee.htm.txt,18,
S000097,2022Q4,KMT,2022-10-31,$1B-$2B,mixed,2,-1,2,-1,2022-11-01,24.900000,9.3173,6.9880,6.1847,-2.8916,11.4859,0000055242-22-000043,kmt9302022exhibit991.htm,earnings_exhibit,20600,/Users/aeternusholdings/Documents/GitHub/AeternusHoldings/cache/sec/sec_docs_text/KMT_000005524222000043_kmt9302022exhibit991.htm.txt,18,
S000098,2022Q4,KOS,2022-11-07,$500M-$1B,weak,-1,-1,2,-1,2022-11-08,7.270000,-10.5915,-14.8556,-20.9078,-10.1788,-1.5131,0001509991-22-000062,kos_ex99x1-q3x2022.htm,earnings_exhibit,31375,/Users/aeternusholdings/Documents/GitHub/AeternusHoldings/cache/sec/sec_docs_text/KOS_000150999122000062_kos_ex99x1-q3x2022.htm.txt,18,
S000099,2022Q4,LFCR,2022-10-06,$100M-$500M,weak,-4,-1,-1,-1,2022-10-07,8.570000,-3.3839,7.3512,5.3676,-6.1844,-29.1715,0001005286-22-000060,q1fy23financialpressreleas.htm,earnings_exhibit,23182,/Users/aeternusholdings/Documents/GitHub/AeternusHoldings/cache/sec/sec_docs_text/LFCR_000100528622000060_q1fy23financialpressreleas.htm.txt,18,
S000100,2022Q4,LFST,2022-11-08,$100M-$500M,weak,-4,-1,-1,-1,2022-11-09,6.800000,-27.2059,-31.9118,-27.0588,-27.0588,-21.7647,0000950170-22-023246,lfst-ex99_1.htm,earnings_exhibit,23232,/Users/aeternusholdings/Documents/GitHub/AeternusHoldings/cache/sec/sec_docs_text/LFST_000095017022023246_lfst-ex99_1.htm.txt,18,
S000101,2022Q4,LMB,2022-11-09,$100M-$500M,weak,-1,-1,-1,0,2022-11-10,8.622000,11.9230,38.4829,37.6711,33.9596,50.3132,0001606163-22-000014,a2022930ex991pr.htm,earnings_exhibit,23560,/Users/aeternusholdings/Documents/GitHub/AeternusHoldings/cache/sec/sec_docs_text/LMB_000160616322000014_a2022930ex991pr.htm.txt,18,
S000102,2022Q4,LPSN,2022-11-07,$100M-$500M,mixed,2,-1,2,0,2022-11-08,164.399994,-2.9197,-2.7372,10.8577,-2.1898,53.5584,0001102993-22-000078,a2022q3ex991earningsrelease.htm,earnings_exhibit,28176,/Users/aeternusholdings/Documents/GitHub/AeternusHoldings/cache/sec/sec_docs_text/LPSN_000110299322000078_a2022q3ex991earningsrelease.htm.txt,18,
S000103,2022Q4,LTH,2022-11-09,$500M-$1B,weak,-4,-1,-1,-1,2022-11-10,10.490000,17.5405,22.3070,27.2641,38.1316,81.7922,0001869198-22-000067,lth-20220930xex991.htm,earnings_exhibit,27842,/Users/aeternusholdings/Documents/GitHub/AeternusHoldings/cache/sec/sec_docs_text/LTH_000186919822000067_lth-20220930xex991.htm.txt,18,
S000104,2022Q4,LYFT,2022-11-03,$1B-$2B,mixed,1,-1,-1,1,2022-11-04,13.980000,-7.3677,-20.3147,-22.8898,-20.4578,25.5365,0001759509-22-000071,lyft-20221103.htm,primary_8k,20436,/Users/aeternusholdings/Documents/GitHub/AeternusHoldings/cache/sec/sec_docs_text/LYFT_000175950922000071_lyft-20221103.htm.txt,18,
S000105,2022Q4,LYV,2022-11-03,$2B-$10B,mixed,2,-1,2,-1,2022-11-04,81.050003,-9.1919,-15.5336,-8.8464,-15.0401,0.5799,0001335258-22-000143,lyv-2022q3xex991.htm,earnings_exhibit,30338,/Users/aeternusholdings/Documents/GitHub/AeternusHoldings/cache/sec/sec_docs_text/LYV_000133525822000143_lyv-2022q3xex991.htm.txt,18,
S000106,2022Q4,MAT,2022-10-25,$1B-$2B,weak,-2,-1,-1,1,2022-10-26,18.070000,-2.0476,-3.3758,-0.4427,-5.8107,9.9059,0001628280-22-026983,matq32022earningsreleaseex.htm,earnings_exhibit,51019,/Users/aeternusholdings/Documents/GitHub/AeternusHoldings/cache/sec/sec_docs_text/MAT_000162828022026983_matq32022earningsreleaseex.htm.txt,18,
S000107,2022Q4,MBLY,2022-12-07,$1B-$2B,mixed,0,-1,2,0,2022-12-08,33.500000,4.5970,0.2388,-0.2687,23.7612,21.7015,0001104659-22-125051,tm2231951d1_ex99-1.htm,earnings_exhibit,23417,/Users/aeternusholdings/Documents/GitHub/AeternusHoldings/cache/sec/sec_docs_text/MBLY_000110465922125051_tm2231951d1_ex99-1.htm.txt,18,
S000108,2022Q4,MCS,2022-11-03,$100M-$500M,mixed,2,-1,1,1,2022-11-04,14.730000,6.0421,9.8439,13.5098,-2.4440,5.7705,0000062234-22-000042,mcs-20221103xex991.htm,earnings_exhibit,26886,/Users/aeternusholdings/Documents/GitHub/AeternusHoldings/cache/sec/sec_docs_text/MCS_000006223422000042_mcs-20221103xex991.htm.txt,18,
S000109,2022Q4,MDB,2022-12-06,$100M-$500M,weak,-4,-1,-1,-1,2022-12-07,184.600006,4.7454,2.3023,-8.0065,18.3315,21.1538,0001441816-22-000191,mdb-103122xex991xrelease.htm,earnings_exhibit,29458,/Users/aeternusholdings/Documents/GitHub/AeternusHoldings/cache/sec/sec_docs_text/MDB_000144181622000191_mdb-103122xex991xrelease.htm.txt,18,
S000110,2022Q4,MEG,2022-11-08,$100M-$500M,weak,-4,-1,-1,-1,2022-11-09,39.310001,11.8799,9.7176,10.4553,23.7344,34.6222,0000950170-22-023270,meg-ex99_1.htm,earnings_exhibit,29548,/Users/aeternusholdings/Documents/GitHub/AeternusHoldings/cache/sec/sec_docs_text/MEG_000095017022023270_meg-ex99_1.htm.txt,18,
S000111,2022Q4,MELI,2022-11-03,$2B-$10B,weak,-2,-1,-1,1,2022-11-04,947.099976,1.3177,0.4720,-6.8842,-12.7748,29.5090,0001562762-22-000426,meli-20221103xex99_1.htm,earnings_exhibit,32856,/Users/aeternusholdings/Documents/GitHub/AeternusHoldings/cache/sec/sec_docs_text/MELI_000156276222000426_meli-20221103xex99_1.htm.txt,18,
S000112,2022Q4,MGNI,2022-11-09,$100M-$500M,weak,-1,-1,2,-1,2022-11-10,7.200000,41.1111,54.3056,58.4722,43.1945,72.2222,0001595974-22-000057,a991-earningsq32022.htm,earnings_exhibit,36601,/Users/aeternusholdings/Documents/GitHub/AeternusHoldings/cache/sec/sec_docs_text/MGNI_000159597422000057_a991-earningsq32022.htm.txt,18,
S000113,2022Q4,MIR,2022-11-01,$100M-$500M,mixed,2,-1,1,1,2022-11-02,7.500000,-14.9333,-19.6000,-15.6000,-11.2000,6.0000,0001628280-22-027556,a2022-11x018xkexhibit991.htm,earnings_exhibit,27608,/Users/aeternusholdings/Documents/GitHub/AeternusHoldings/cache/sec/sec_docs_text/MIR_000162828022027556_a2022-11x018xkexhibit991.htm.txt,18,
S000114,2022Q4,MLKN,2022-12-21,$500M-$1B,weak,-4,-1,-1,-1,2022-12-22,18.000000,18.1111,24.6667,26.8333,29.8889,14.6667,0000066382-22-000075,mk8k_12032022ex991.htm,earnings_exhibit,40895,/Users/aeternusholdings/Documents/GitHub/AeternusHoldings/cache/sec/sec_docs_text/MLKN_000006638222000075_mk8k_12032022ex991.htm.txt,18,
S000115,2022Q4,MQ,2022-11-09,$100M-$500M,weak,-2,-1,1,-1,2022-11-10,7.380000,-13.4146,-9.3496,-8.6721,-14.6341,-12.6016,0001522540-22-000055,mqearningsrelease-q3x2022.htm,earnings_exhibit,22841,/Users/aeternusholdings/Documents/GitHub/AeternusHoldings/cache/sec/sec_docs_text/MQ_000152254022000055_mqearningsrelease-q3x2022.htm.txt,18,
S000116,2022Q4,MRVL,2022-12-01,$1B-$2B,weak,-1,-1,2,-1,2022-12-02,42.000000,1.3810,-11.7381,-14.3095,2.7381,10.0714,0001835632-22-000050,q323_8kx10292022ex-991.htm,earnings_exhibit,26322,/Users/aeternusholdings/Documents/GitHub/AeternusHoldings/cache/sec/sec_docs_text/MRVL_000183563222000050_q323_8kx10292022ex-991.htm.txt,18,
S000117,2022Q4,MTRX,2022-10-07,$100M-$500M,mixed,0,-1,-1,1,2022-10-10,3.950000,6.8354,24.0506,41.5190,35.4430,95.6962,0000866273-22-000101,a063022exhibit99.htm,earnings_exhibit,27036,/Users/aeternusholdings/Documents/GitHub/AeternusHoldings/cache/sec/sec_docs_text/MTRX_000086627322000101_a063022exhibit99.htm.txt,18,
S000118,2022Q4,NCLH,2022-10-06,$1B-$2B,weak,-4,-1,-1,-1,2022-10-07,13.010000,1.3067,22.4443,28.1322,21.6756,-1.9216,0001104659-22-106532,tm2227545d1_ex99-1.htm,earnings_exhibit,55484,/Users/aeternusholdings/Documents/GitHub/AeternusHoldings/cache/sec/sec_docs_text/NCLH_000110465922106532_tm2227545d1_ex99-1.htm.txt,18,
S000119,2022Q4,NCNO,2022-11-30,$100M-$500M,weak,-1,-1,1,0,2022-12-01,26.120001,0.7657,0.7657,1.1868,9.1884,1.6462,0001902733-22-000035,thirdquarterfy23earningspr.htm,earnings_exhibit,27048,/Users/aeternusholdings/Documents/GitHub/AeternusHoldings/cache/sec/sec_docs_text/NCNO_000190273322000035_thirdquarterfy23earningspr.htm.txt,18,
S000120,2022Q4,NEO,2022-11-08,$100M-$500M,weak,-4,-1,-1,-1,2022-11-09,8.890000,15.2981,13.8358,32.0585,12.0360,36.7829,0001077183-22-000169,a99-109302022earningsrelea.htm,earnings_exhibit,29790,/Users/aeternusholdings/Documents/GitHub/AeternusHoldings/cache/sec/sec_docs_text/NEO_000107718322000169_a99-109302022earningsrelea.htm.txt,18,
S000121,2022Q4,NET,2022-11-03,$100M-$500M,weak,-2,-1,1,-1,2022-11-04,47.000000,11.0851,-1.4894,-7.9787,-8.4681,34.6596,0001477333-22-000059,q322exhibit991.htm,earnings_exhibit,35884,/Users/aeternusholdings/Documents/GitHub/AeternusHoldings/cache/sec/sec_docs_text/NET_000147733322000059_q322exhibit991.htm.txt,18,
S000122,2022Q4,NFE,2022-11-08,$500M-$1B,weak,-4,-1,-1,-1,2022-11-09,54.410000,-13.1226,-12.1301,-18.9855,-28.5425,-25.5100,0001749723-22-000042,nfe-09302022x8xkex991.htm,earnings_exhibit,48851,/Users/aeternusholdings/Documents/GitHub/AeternusHoldings/cache/sec/sec_docs_text/NFE_000174972322000042_nfe-09302022x8xkex991.htm.txt,18,
S000123,2022Q4,NNBR,2022-11-01,$100M-$500M,weak,-1,-1,1,0,2022-11-02,2.550000,-23.5294,-23.5294,-30.1961,-39.6078,-19.2157,0000918541-22-000119,pressrelease2022-q3.htm,earnings_exhibit,27113,/Users/aeternusholdings/Documents/GitHub/AeternusHoldings/cache/sec/sec_docs_text/NNBR_000091854122000119_pressrelease2022-q3.htm.txt,18,
S000124,2022Q4,NRDS,2022-11-02,$100M-$500M,weak,-1,-1,-1,1,2022-11-03,11.930000,7.2087,11.6513,0.0838,-19.1953,0.5029,0001625278-22-000169,earningsreleaseq3fy22.htm,earnings_exhibit,19737,/Users/aeternusholdings/Documents/GitHub/AeternusHoldings/cache/sec/sec_docs_text/NRDS_000162527822000169_earningsreleaseq3fy22.htm.txt,18,
S000125,2022Q4,NTNX,2022-11-30,$1B-$2B,weak,-2,-1,-1,0,2022-12-01,29.080000,11.6575,-0.6190,-9.5598,-4.7111,-2.0977,0001157523-22-001693,a52988982ex99_1.htm,earnings_exhibit,31509,/Users/aeternusholdings/Documents/GitHub/AeternusHoldings/cache/sec/sec_docs_text/NTNX_000115752322001693_a52988982ex99_1.htm.txt,18,
S000126,2022Q4,NTRA,2022-11-08,$100M-$500M,weak,-1,-1,-1,0,2022-11-09,43.740002,-19.3187,-14.9749,-12.8029,-16.3923,4.9840,0001104659-22-115934,tm2229989d1_ex99-2.htm,earnings_exhibit,18934,/Users/aeternusholdings/Documents/GitHub/AeternusHoldings/cache/sec/sec_docs_text/NTRA_000110465922115934_tm2229989d1_ex99-2.htm.txt,18,
S000127,2022Q4,OFIX,2022-10-11,$100M-$500M,mixed,0,-1,1,1,2022-10-12,14.790000,-3.1102,9.6011,21.0277,36.6464,27.1805,0001193125-22-260160,d407558dex991.htm,earnings_exhibit,17763,/Users/aeternusholdings/Documents/GitHub/AeternusHoldings/cache/sec/sec_docs_text/OFIX_000119312522260160_d407558dex991.htm.txt,18,
S000128,2022Q4,OII,2022-10-26,$500M-$1B,mixed,2,-1,1,1,2022-10-27,12.220000,16.3666,21.2766,17.8396,42.4714,62.0295,0000073756-22-000114,exhibit_991x8kx3qx2022.htm,earnings_exhibit,36383,/Users/aeternusholdings/Documents/GitHub/AeternusHoldings/cache/sec/sec_docs_text/OII_000007375622000114_exhibit_991x8kx3qx2022.htm.txt,18,
S000129,2022Q4,OKTA,2022-11-30,$500M-$1B,weak,-1,-1,1,0,2022-12-01,61.955002,10.5480,9.6602,12.2589,11.7101,15.3095,0001660134-22-000055,okta-10312022_ex991.htm,earnings_exhibit,26893,/Users/aeternusholdings/Documents/GitHub/AeternusHoldings/cache/sec/sec_docs_text/OKTA_000166013422000055_okta-10312022_ex991.htm.txt,18,
S000130,2022Q4,ONC,2022-11-09,$500M-$1B,weak,-4,-1,-1,-1,2022-11-10,186.110001,4.5887,2.9552,9.7738,32.1530,34.3077,0001651308-22-000208,exhibit991-q32022earningsr.htm,earnings_exhibit,27551,/Users/aeternusholdings/Documents/GitHub/AeternusHoldings/cache/sec/sec_docs_text/ONC_000165130822000208_exhibit991-q32022earningsr.htm.txt,18,
S000131,2022Q4,OSCR,2022-11-08,$500M-$1B,weak,-1,-1,2,-1,2022-11-09,2.910000,0.6873,-3.4364,-7.9038,-9.9656,32.3024,0001568651-22-000054,oscr-3q22xpressrelease.htm,earnings_exhibit,37292,/Users/aeternusholdings/Documents/GitHub/AeternusHoldings/cache/sec/sec_docs_text/OSCR_000156865122000054_oscr-3q22xpressrelease.htm.txt,18,
S000132,2022Q4,OUT,2022-11-03,$500M-$1B,mixed,0,-1,1,1,2022-11-04,17.377048,5.8962,7.5472,3.5967,-3.4788,23.8797,0001579877-22-000078,ex9913q22earningsrelease.htm,earnings_exhibit,38835,/Users/aeternusholdings/Documents/GitHub/AeternusHoldings/cache/sec/sec_docs_text/OUT_000157987722000078_ex9913q22earningsrelease.htm.txt,18,
S000133,2022Q4,PANW,2022-11-17,$2B-$10B,mixed,2,-1,2,-1,2022-11-18,85.639999,0.0642,-6.1303,-12.1205,-17.0948,0.4320,0001327567-22-000035,ex991q123earningsrelease.htm,earnings_exhibit,19712,/Users/aeternusholdings/Documents/GitHub/AeternusHoldings/cache/sec/sec_docs_text/PANW_000132756722000035_ex991q123earningsrelease.htm.txt,18,
S000134,2022Q4,PAR,2022-11-09,$100M-$500M,weak,-4,-1,-1,-1,2022-11-10,22.170000,11.0510,9.9233,3.2025,18.6288,62.3816,0000708821-22-000079,ex991earningsreleasesept30.htm,earnings_exhibit,29315,/Users/aeternusholdings/Documents/GitHub/AeternusHoldings/cache/sec/sec_docs_text/PAR_000070882122000079_ex991earningsreleasesept30.htm.txt,18,
S000135,2022Q4,PARR,2022-11-02,$2B-$10B,mixed,2,-1,1,0,2022-11-03,22.440001,4.8574,6.5508,-6.7291,-1.6934,18.1818,0000821483-22-000071,a20220930991earningsreleas.htm,earnings_exhibit,39005,/Users/aeternusholdings/Documents/GitHub/AeternusHoldings/cache/sec/sec_docs_text/PARR_000082148322000071_a20220930991earningsreleas.htm.txt,18,
S000136,2022Q4,PAYO,2022-11-09,$100M-$500M,mixed,0,-1,1,-1,2022-11-10,7.200000,-25.9722,-25.0000,-20.8333,-25.6944,-18.7500,0001558370-22-017152,payo-20221109xex99d1.htm,earnings_exhibit,23651,/Users/aeternusholdings/Documents/GitHub/AeternusHoldings/cache/sec/sec_docs_text/PAYO_000155837022017152_payo-20221109xex99d1.htm.txt,18,
S000137,2022Q4,PBI,2022-11-01,$1B-$2B,mixed,2,-1,1,1,2022-11-02,3.320000,1.5060,10.8434,18.9759,21.0843,29.8193,0001157523-22-001450,a52956607ex99_1.htm,earnings_exhibit,20236,/Users/aeternusholdings/Documents/GitHub/AeternusHoldings/cache/sec/sec_docs_text/PBI_000115752322001450_a52956607ex99_1.htm.txt,18,
S000138,2022Q4,PD,2022-12-01,$100M-$500M,mixed,0,-1,-1,0,2022-12-02,23.820000,7.1369,12.5945,8.6062,25.0630,24.1394,0001568100-22-000047,pagerdutyq3fy23earningspre.htm,earnings_exhibit,29800,/Users/aeternusholdings/Documents/GitHub/AeternusHoldings/cache/sec/sec_docs_text/PD_000156810022000047_pagerdutyq3fy23earningspre.htm.txt,18,
S000139,2022Q4,PEG,2022-10-31,$2B-$10B,weak,-1,-1,2,-1,2022-11-01,56.400002,3.3511,2.5709,7.0922,10.0177,8.3333,0001193125-22-273334,d408496dex991.htm,earnings_exhibit,36586,/Users/aeternusholdings/Documents/GitHub/AeternusHoldings/cache/sec/sec_docs_text/PEG_000119312522273334_d408496dex991.htm.txt,18,
S000140,2022Q4,PEGA,2022-10-26,$500M-$1B,mixed,1,-1,-1,1,2022-10-27,17.815001,-9.0654,5.4448,1.1507,-6.8201,5.6694,0001013857-22-000174,q32022_ex-991.htm,earnings_exhibit,20862,/Users/aeternusholdings/Documents/GitHub/AeternusHoldings/cache/sec/sec_docs_text/PEGA_000101385722000174_q32022_ex-991.htm.txt,18,
S000141,2022Q4,PLTR,2022-11-07,$1B-$2B,mixed,1,-1,2,-1,2022-11-08,7.080000,4.3785,1.1299,0.5650,-8.1921,17.3729,0001321655-22-000029,a2022q3ex991pressrelease.htm,earnings_exhibit,22974,/Users/aeternusholdings/Documents/GitHub/AeternusHoldings/cache/sec/sec_docs_text/PLTR_000132165522000029_a2022q3ex991pressrelease.htm.txt,18,
S000142,2022Q4,PODD,2022-11-03,$500M-$1B,weak,-2,-1,-1,1,2022-11-04,306.380005,-5.3202,-4.1386,-1.2893,-6.5278,-4.3834,0001145197-22-000059,podd2022-09x30ex991.htm,earnings_exhibit,19250,/Users/aeternusholdings/Documents/GitHub/AeternusHoldings/cache/sec/sec_docs_text/PODD_000114519722000059_podd2022-09x30ex991.htm.txt,18,
S000143,2022Q4,POWL,2022-12-05,$100M-$500M,weak,-1,-1,-1,1,2022-12-06,10.666667,16.2187,9.0625,9.9062,41.7187,37.9375,0000080420-22-000034,ex991-q422earningsrelease.htm,earnings_exhibit,10576,/Users/aeternusholdings/Documents/GitHub/AeternusHoldings/cache/sec/sec_docs_text/POWL_000008042022000034_ex991-q422earningsrelease.htm.txt,18,
S000144,2022Q4,PTCT,2022-10-27,$100M-$500M,weak,-3,-1,-1,0,2022-10-28,40.480000,-14.3281,-3.6314,0.0000,-12.8211,13.6117,0001070081-22-000038,tmb-20221027xex99d1.htm,earnings_exhibit,19934,/Users/aeternusholdings/Documents/GitHub/AeternusHoldings/cache/sec/sec_docs_text/PTCT_000107008122000038_tmb-20221027xex99d1.htm.txt,18,
S000145,2022Q4,PTEN,2022-10-26,$500M-$1B,mixed,2,-1,1,1,2022-10-27,17.049999,11.9062,9.4428,0.2933,-0.7038,1.2903,0000950170-22-020210,pten-ex99_1.htm,earnings_exhibit,23081,/Users/aeternusholdings/Documents/GitHub/AeternusHoldings/cache/sec/sec_docs_text/PTEN_000095017022020210_pten-ex99_1.htm.txt,18,
S000146,2022Q4,PTON,2022-11-03,$500M-$1B,weak,-3,-1,-1,0,2022-11-04,9.290000,17.7610,8.2885,39.0743,-12.5942,82.7772,0001639825-22-000132,q12023shareholderletter.htm,earnings_exhibit,43979,/Users/aeternusholdings/Documents/GitHub/AeternusHoldings/cache/sec/sec_docs_text/PTON_000163982522000132_q12023shareholderletter.htm.txt,18,
S000147,2022Q4,QTWO,2022-11-07,$100M-$500M,weak,-2,-1,-1,1,2022-11-08,21.129999,22.4799,19.6877,23.8050,41.7889,57.2172,0001410384-22-000069,a220930ex9918k.htm,earnings_exhibit,28669,/Users/aeternusholdings/Documents/GitHub/AeternusHoldings/cache/sec/sec_docs_text/QTWO_000141038422000069_a220930ex9918k.htm.txt,18,
S000148,2022Q4,RARE,2022-11-02,$100M-$500M,weak,-4,-1,-1,-1,2022-11-03,40.689999,-13.3694,-14.9914,-2.1135,11.8702,11.1821,0000950170-22-021238,rare-ex99_1.htm,earnings_exhibit,19993,/Users/aeternusholdings/Documents/GitHub/AeternusHoldings/cache/sec/sec_docs_text/RARE_000095017022021238_rare-ex99_1.htm.txt,18,
S000149,2022Q4,RBBN,2022-10-26,$100M-$500M,mixed,2,-1,1,1,2022-10-27,2.580000,6.9767,2.7132,-1.5504,1.5504,34.1085,0001104659-22-111537,tm2228948d1_ex99-1.htm,earnings_exhibit,33036,/Users/aeternusholdings/Documents/GitHub/AeternusHoldings/cache/sec/sec_docs_text/RBBN_000110465922111537_tm2228948d1_ex99-1.htm.txt,18,
S000150,2022Q4,RBLX,2022-10-17,$500M-$1B,mixed,2,-1,2,-1,2022-10-18,43.029999,6.3909,-7.4599,-24.4016,-36.8115,-13.7346,0001315098-22-000148,rblx-20221017xexhibit991.htm,earnings_exhibit,4716,/Users/aeternusholdings/Documents/GitHub/AeternusHoldings/cache/sec/sec_docs_text/RBLX_000131509822000148_rblx-20221017xexhibit991.htm.txt,17,
S000151,2022Q4,RCL,2022-11-03,$500M-$1B,weak,-4,-1,-1,-1,2022-11-04,55.990002,3.7149,6.5905,6.1261,-13.0023,23.8435,0000884887-22-000035,a2022q3earningsrelease8-k.htm,earnings_exhibit,46415,/Users/aeternusholdings/Documents/GitHub/AeternusHoldings/cache/sec/sec_docs_text/RCL_000088488722000035_a2022q3earningsrelease8-k.htm.txt,18,
S000152,2022Q4,RDNW,2022-11-09,$100M-$500M,weak,-4,-1,-1,-1,2022-11-10,10.610000,-29.5947,-28.0867,-32.6107,-24.3167,-16.0226,0001596961-22-000027,rmbl-991earningrelease9302.htm,earnings_exhibit,29897,/Users/aeternusholdings/Documents/GitHub/AeternusHoldings/cache/sec/sec_docs_text/RDNW_000159696122000027_rmbl-991earningrelease9302.htm.txt,18,
S000153,2022Q4,REAL,2022-11-08,$100M-$500M,weak,-4,-1,-1,-1,2022-11-09,1.250000,16.0000,20.0000,13.6000,-6.4000,50.4000,0001573221-22-000114,real-20221108xex991pressre.htm,earnings_exhibit,24319,/Users/aeternusholdings/Documents/GitHub/AeternusHoldings/cache/sec/sec_docs_text/REAL_000157322122000114_real-20221108xex991pressre.htm.txt,18,
S000154,2022Q4,RELL,2022-10-05,$100M-$500M,mixed,1,-1,1,1,2022-10-06,16.879999,15.1066,40.6398,37.5000,50.2370,22.2156,0001564590-22-033601,rell-ex991_38.htm,earnings_exhibit,14282,/Users/aeternusholdings/Documents/GitHub/AeternusHoldings/cache/sec/sec_docs_text/RELL_000156459022033601_rell-ex991_38.htm.txt,18,
S000155,2022Q4,RHP,2022-11-01,$500M-$1B,weak,-2,-1,1,-1,2022-11-02,87.540001,0.5940,4.5236,2.8558,-8.8303,6.1115,0001104659-22-113124,tm2229321d1_ex99-1.htm,earnings_exhibit,50820,/Users/aeternusholdings/Documents/GitHub/AeternusHoldings/cache/sec/sec_docs_text/RHP_000110465922113124_tm2229321d1_ex99-1.htm.txt,18,
S000156,2022Q4,RLJ,2022-11-02,$100M-$500M,weak,-2,-1,-1,1,2022-11-03,11.630000,1.2898,1.3758,-0.6879,-10.1462,8.3405,0001511337-22-000031,rljq32022exhibit991.htm,earnings_exhibit,31241,/Users/aeternusholdings/Documents/GitHub/AeternusHoldings/cache/sec/sec_docs_text/RLJ_000151133722000031_rljq32022exhibit991.htm.txt,18,
S000157,2022Q4,RPD,2022-11-02,$100M-$500M,weak,-1,-1,2,-1,2022-11-03,31.860001,-8.0352,-11.8958,-4.3628,9.7301,64.2185,0001560327-22-000095,rapid72022q3ex991.htm,earnings_exhibit,30516,/Users/aeternusholdings/Documents/GitHub/AeternusHoldings/cache/sec/sec_docs_text/RPD_000156032722000095_rapid72022q3ex991.htm.txt,18,
S000158,2022Q4,RSI,2022-11-02,$100M-$500M,weak,-3,-1,-1,-1,2022-11-03,3.850000,4.4156,-9.8701,-5.4545,-4.6753,18.1818,0001793659-22-000082,rsi-20223009exhibit991.htm,earnings_exhibit,20979,/Users/aeternusholdings/Documents/GitHub/AeternusHoldings/cache/sec/sec_docs_text/RSI_000179365922000082_rsi-20223009exhibit991.htm.txt,18,
S000159,2022Q4,RUN,2022-11-02,$1B-$2B,weak,-4,-1,-1,-1,2022-11-03,22.920000,29.4503,37.4782,35.5585,2.0506,19.3281,0001469367-22-000158,exhibit991q322.htm,earnings_exhibit,47465,/Users/aeternusholdings/Documents/GitHub/AeternusHoldings/cache/sec/sec_docs_text/RUN_000146936722000158_exhibit991q322.htm.txt,18,
S000160,2022Q4,SBRA,2022-11-07,$100M-$500M,mixed,2,-1,2,-1,2022-11-08,13.460000,-12.0357,-8.0981,-4.9034,-3.7147,0.2972,0001492298-22-000031,sbraex9922022q3.htm,earnings_exhibit,68975,/Users/aeternusholdings/Documents/GitHub/AeternusHoldings/cache/sec/sec_docs_text/SBRA_000149229822000031_sbraex9922022q3.htm.txt,18,
S000161,2022Q4,SFIX,2022-12-06,$1B-$2B,mixed,2,-1,1,1,2022-12-07,3.570000,-13.7255,-22.4090,1.9608,32.4930,39.2157,0001576942-22-000094,exhibit991-q123.htm,earnings_exhibit,17271,/Users/aeternusholdings/Documents/GitHub/AeternusHoldings/cache/sec/sec_docs_text/SFIX_000157694222000094_exhibit991-q123.htm.txt,18,
S000162,2022Q4,SG,2022-11-08,$100M-$500M,weak,-4,-1,-1,-1,2022-11-09,15.510000,-18.4397,-12.3791,-31.9149,-45.6480,-29.8517,0001628280-22-028916,q322sweetgreenearningsrele.htm,earnings_exhibit,33057,/Users/aeternusholdings/Documents/GitHub/AeternusHoldings/cache/sec/sec_docs_text/SG_000162828022028916_q322sweetgreenearningsrele.htm.txt,18,
S000163,2022Q4,SGRY,2022-11-08,$100M-$500M,weak,-1,-1,2,-1,2022-11-09,24.379999,3.2404,10.3363,4.7170,17.2683,38.6382,0001638833-22-000132,a3q22ex991earningspr.htm,earnings_exhibit,24993,/Users/aeternusholdings/Documents/GitHub/AeternusHoldings/cache/sec/sec_docs_text/SGRY_000163883322000132_a3q22ex991earningspr.htm.txt,18,
S000164,2022Q4,SHO,2022-11-08,$100M-$500M,weak,-2,-1,1,-1,2022-11-09,10.120000,4.8419,6.5217,2.1739,-6.8182,7.2134,0001558370-22-016750,sho-20221108xex99d2.htm,earnings_exhibit,83154,/Users/aeternusholdings/Documents/GitHub/AeternusHoldings/cache/sec/sec_docs_text/SHO_000155837022016750_sho-20221108xex99d2.htm.txt,18,
S000165,2022Q4,SLQT,2022-11-03,$100M-$500M,weak,-3,-1,-1,0,2022-11-04,0.653000,24.9617,4.1348,-5.5130,-1.0720,37.8254,0001794783-22-000087,selectquoteincseptember302.htm,earnings_exhibit,29927,/Users/aeternusholdings/Documents/GitHub/AeternusHoldings/cache/sec/sec_docs_text/SLQT_000179478322000087_selectquoteincseptember302.htm.txt,18,
S000166,2022Q4,SPHR,2022-11-09,$100M-$500M,mixed,0,-1,1,1,2022-11-10,19.565821,2.6440,13.5977,-4.8395,10.0330,25.9443,0001193125-22-281215,d555915dex991.htm,earnings_exhibit,27094,/Users/aeternusholdings/Documents/GitHub/AeternusHoldings/cache/sec/sec_docs_text/SPHR_000119312522281215_d555915dex991.htm.txt,18,
S000167,2022Q4,TENB,2022-10-25,$100M-$500M,mixed,0,-1,2,0,2022-10-26,37.119999,-7.9203,8.6476,2.0744,-2.8556,5.4688,0001660280-22-000165,q32022financialresults-ear.htm,earnings_exhibit,29760,/Users/aeternusholdings/Documents/GitHub/AeternusHoldings/cache/sec/sec_docs_text/TENB_000166028022000165_q32022financialresults-ear.htm.txt,18,
S000168,2022Q4,TRIP,2022-11-07,$500M-$1B,mixed,0,-1,1,-1,2022-11-08,18.410000,8.1477,5.6491,1.2493,9.8316,28.7887,0000950170-22-022579,trip-ex99_1.htm,earnings_exhibit,30175,/Users/aeternusholdings/Documents/GitHub/AeternusHoldings/cache/sec/sec_docs_text/TRIP_000095017022022579_trip-ex99_1.htm.txt,18,
S000169,2022Q4,TRUP,2022-11-03,$100M-$500M,weak,-1,-1,-1,1,2022-11-04,40.880001,41.0470,32.4119,27.9110,11.5949,65.9002,0001371285-22-000255,ex991q32022.htm,earnings_exhibit,23655,/Users/aeternusholdings/Documents/GitHub/AeternusHoldings/cache/sec/sec_docs_text/TRUP_000137128522000255_ex991q32022.htm.txt,18,
S000170,2022Q4,TTMI,2022-11-02,$1B-$2B,mixed,1,-1,1,0,2022-11-03,14.200000,5.9155,10.3521,8.6620,6.4789,13.5211,0001193125-22-275849,d405166dex991.htm,earnings_exhibit,18047,/Users/aeternusholdings/Documents/GitHub/AeternusHoldings/cache/sec/sec_docs_text/TTMI_000119312522275849_d405166dex991.htm.txt,18,
S000171,2022Q4,UIS,2022-11-07,$1B-$2B,weak,-2,-1,-1,1,2022-11-08,7.890000,-44.2332,-48.2890,-43.0925,-31.8124,-28.8973,0000746838-22-000039,q32022earningsrelease.htm,earnings_exhibit,30100,/Users/aeternusholdings/Documents/GitHub/AeternusHoldings/cache/sec/sec_docs_text/UIS_000074683822000039_q32022earningsrelease.htm.txt,18,
S000172,2022Q4,ULCC,2022-10-26,$1B-$2B,mixed,1,-1,1,-1,2022-10-27,10.250000,28.1951,33.3659,25.8537,-0.2927,20.7805,0001670076-22-000058,frontier_earningsreleasexq.htm,earnings_exhibit,50142,/Users/aeternusholdings/Documents/GitHub/AeternusHoldings/cache/sec/sec_docs_text/ULCC_000167007622000058_frontier_earningsreleasexq.htm.txt,18,
S000173,2022Q4,UPWK,2022-10-26,$100M-$500M,weak,-2,-1,1,-1,2022-10-27,12.340000,-0.4052,13.6953,-6.8882,-18.8817,-0.0810,0001627475-22-000042,final_q322upworksharehol.htm,earnings_exhibit,58117,/Users/aeternusholdings/Documents/GitHub/AeternusHoldings/cache/sec/sec_docs_text/UPWK_000162747522000042_final_q322upworksharehol.htm.txt,18,
S000174,2022Q4,VAC,2022-10-31,$1B-$2B,weak,-2,-1,1,-1,2022-11-01,151.000000,-4.0993,-4.2914,-1.2914,-11.7483,3.8411,0001524358-22-000035,a2022q3pressreleaseschedul.htm,earnings_exhibit,53557,/Users/aeternusholdings/Documents/GitHub/AeternusHoldings/cache/sec/sec_docs_text/VAC_000152435822000035_a2022q3pressreleaseschedul.htm.txt,18,
S000175,2022Q4,VAL,2022-11-01,$100M-$500M,weak,-4,-1,-1,-1,2022-11-02,63.189999,7.2480,5.3173,4.7951,1.2027,14.9549,0000314808-22-000126,a09302022ex991pressrelease.htm,earnings_exhibit,68036,/Users/aeternusholdings/Documents/GitHub/AeternusHoldings/cache/sec/sec_docs_text/VAL_000031480822000126_a09302022ex991pressrelease.htm.txt,18,
S000176,2022Q4,VST,2022-11-04,$2B-$10B,weak,-4,-1,-1,-1,2022-11-07,22.950001,-2.1351,3.6601,3.0065,-1.9172,0.0871,0001193125-22-277411,d413976dex991.htm,earnings_exhibit,39936,/Users/aeternusholdings/Documents/GitHub/AeternusHoldings/cache/sec/sec_docs_text/VST_000119312522277411_d413976dex991.htm.txt,18,
S000177,2022Q4,WEST,2022-11-14,$500M-$1B,weak,-2,-1,-1,0,2022-11-15,13.910000,-0.8627,-0.0719,1.5097,-2.6600,-13.1560,0001558370-22-017781,west-20221114xex99d1.htm,earnings_exhibit,29412,/Users/aeternusholdings/Documents/GitHub/AeternusHoldings/cache/sec/sec_docs_text/WEST_000155837022017781_west-20221114xex99d1.htm.txt,18,
S000178,2022Q4,WK,2022-11-02,$100M-$500M,mixed,1,-1,2,1,2022-11-03,65.199997,17.5767,18.4509,25.7209,26.5031,42.3160,0001445305-22-000138,q32022exhibit991.htm,earnings_exhibit,25533,/Users/aeternusholdings/Documents/GitHub/AeternusHoldings/cache/sec/sec_docs_text/WK_000144530522000138_q32022exhibit991.htm.txt,18,
S000179,2022Q4,WLDN,2022-11-03,$100M-$500M,weak,-2,-1,-1,1,2022-11-04,12.780000,28.2473,27.3083,24.2567,39.5931,67.8404,0001558370-22-016245,wldn-20221103xex99d1.htm,earnings_exhibit,27338,/Users/aeternusholdings/Documents/GitHub/AeternusHoldings/cache/sec/sec_docs_text/WLDN_000155837022016245_wldn-20221103xex99d1.htm.txt,18,
S000180,2022Q4,WTI,2022-11-09,$100M-$500M,mixed,2,-1,2,-1,2022-11-10,7.380000,-8.2656,-6.9106,-22.4932,-26.1518,-21.1382,0001558370-22-016986,wti-20221108xex99d1.htm,earnings_exhibit,36061,/Users/aeternusholdings/Documents/GitHub/AeternusHoldings/cache/sec/sec_docs_text/WTI_000155837022016986_wti-20221108xex99d1.htm.txt,18,
S000181,2022Q4,WTTR,2022-11-02,$100M-$500M,weak,-2,-1,-1,1,2022-11-03,8.920000,-3.1390,-8.1839,-11.7713,-6.5022,-4.3722,0001564590-22-036207,d374769dex991.htm,earnings_exhibit,32667,/Users/aeternusholdings/Documents/GitHub/AeternusHoldings/cache/sec/sec_docs_text/WTTR_000156459022036207_d374769dex991.htm.txt,18,
S000182,2022Q4,WYNN,2022-11-09,$2B-$10B,weak,-2,-1,-1,1,2022-11-10,71.959999,3.3074,16.2590,20.0806,31.0867,43.9967,0001174922-22-000148,ex991wrlq32022pressrelease.htm,earnings_exhibit,31342,/Users/aeternusholdings/Documents/GitHub/AeternusHoldings/cache/sec/sec_docs_text/WYNN_000117492222000148_ex991wrlq32022pressrelease.htm.txt,18,
S000183,2022Q4,XHR,2022-11-02,$100M-$500M,mixed,0,-1,1,-1,2022-11-03,14.140000,6.3649,6.7893,2.8289,-9.6181,4.5969,0001616000-22-000108,ex991q32022xhrearningsrele.htm,earnings_exhibit,76503,/Users/aeternusholdings/Documents/GitHub/AeternusHoldings/cache/sec/sec_docs_text/XHR_000161600022000108_ex991q32022xhrearningsrele.htm.txt,18,
S000184,2022Q4,YOU,2022-11-14,$100M-$500M,weak,-1,-1,2,-1,2022-11-15,30.500000,5.5082,-1.2459,-3.1148,0.5574,-4.8525,0001856314-22-000026,clear_shareholderletterx.htm,earnings_exhibit,44389,/Users/aeternusholdings/Documents/GitHub/AeternusHoldings/cache/sec/sec_docs_text/YOU_000185631422000026_clear_shareholderletterx.htm.txt,18,
S000185,2022Q4,Z,2022-11-02,$1B-$2B,weak,-4,-1,-1,-1,2022-11-03,28.889999,27.6566,22.8107,29.9412,16.5801,55.6940,0001617640-22-000104,exhibit993.htm,earnings_exhibit,40509,/Users/aeternusholdings/Documents/GitHub/AeternusHoldings/cache/sec/sec_docs_text/Z_000161764022000104_exhibit993.htm.txt,18,
S000186,2022Q4,ZETA,2022-11-01,$100M-$500M,weak,-1,-1,1,-1,2022-11-02,8.410000,6.1831,-0.9512,4.3995,-0.8323,7.9667,0000950170-22-020838,zeta-ex99_1.htm,earnings_exhibit,27117,/Users/aeternusholdings/Documents/GitHub/AeternusHoldings/cache/sec/sec_docs_text/ZETA_000095017022020838_zeta-ex99_1.htm.txt,18,
S000187,2022Q4,ZG,2022-11-02,$1B-$2B,weak,-4,-1,-1,-1,2022-11-03,28.760000,26.8776,21.8359,28.8595,14.1168,52.2949,0001617640-22-000104,exhibit993.htm,earnings_exhibit,40509,/Users/aeternusholdings/Documents/GitHub/AeternusHoldings/cache/sec/sec_docs_text/ZG_000161764022000104_exhibit993.htm.txt,18,
S000188,2022Q4,ZS,2022-12-01,$100M-$500M,weak,-1,-1,2,-1,2022-12-02,127.290001,-4.7529,-14.0859,-13.4339,-2.4589,5.3736,0001713683-22-000119,zs-10312022_991.htm,earnings_exhibit,31374,/Users/aeternusholdings/Documents/GitHub/AeternusHoldings/cache/sec/sec_docs_text/ZS_000171368322000119_zs-10312022_991.htm.txt,18,
S000189,2023Q2,ABNB,2023-05-09,$1B-$2B,mixed,2,-1,2,-1,2023-05-10,109.849998,0.0728,-2.4215,7.2918,19.8999,27.0369,0001193125-23-139392,d453262dex991.htm,earnings_exhibit,47895,/Users/aeternusholdings/Documents/GitHub/AeternusHoldings/cache/sec/sec_docs_text/ABNB_000119312523139392_d453262dex991.htm.txt,18,
S000190,2023Q2,ACAD,2023-05-08,$100M-$500M,mixed,0,-1,-1,0,2023-05-09,21.590000,12.5984,10.1899,16.2112,14.7290,24.1315,0000950170-23-018800,acad-ex99_1.htm,earnings_exhibit,10807,/Users/aeternusholdings/Documents/GitHub/AeternusHoldings/cache/sec/sec_docs_text/ACAD_000095017023018800_acad-ex99_1.htm.txt,18,
S000191,2023Q2,ACVA,2023-05-10,$100M-$500M,weak,-4,-1,-1,-1,2023-05-11,14.740000,20.7598,15.6038,21.7775,14.5183,12.9579,0000950170-23-020538,acva-ex99_1.htm,earnings_exhibit,23691,/Users/aeternusholdings/Documents/GitHub/AeternusHoldings/cache/sec/sec_docs_text/ACVA_000095017023020538_acva-ex99_1.htm.txt,18,
S000192,2023Q2,AEO,2023-05-24,$2B-$10B,mixed,2,-1,1,0,2023-05-25,10.090000,9.0188,16.1546,15.6591,32.1110,56.8880,0000950170-23-023964,aeo-ex99_1.htm,earnings_exhibit,16586,/Users/aeternusholdings/Documents/GitHub/AeternusHoldings/cache/sec/sec_docs_text/AEO_000095017023023964_aeo-ex99_1.htm.txt,18,
S000193,2023Q2,AFRM,2023-05-09,$500M-$1B,weak,-4,-1,-1,-1,2023-05-10,12.110000,19.9835,21.7176,43.6003,22.0479,30.4707,0001820953-23-000011,afrm-fq323shareholderlet.htm,earnings_exhibit,55914,/Users/aeternusholdings/Documents/GitHub/AeternusHoldings/cache/sec/sec_docs_text/AFRM_000182095323000011_afrm-fq323shareholderlet.htm.txt,18,
S000194,2023Q2,AI,2023-05-15,$100M-$500M,weak,-1,-1,-1,-1,2023-05-16,23.500000,40.1702,50.2979,97.3191,64.8085,44.2553,0001628280-23-017993,may15announcement.htm,earnings_exhibit,13899,/Users/aeternusholdings/Documents/GitHub/AeternusHoldings/cache/sec/sec_docs_text/AI_000162828023017993_may15announcement.htm.txt,18,
S000195,2023Q2,AIOT,2023-05-09,$100M-$500M,mixed,2,-1,1,1,2023-05-10,3.000000,3.0000,5.0000,10.6667,-4.3333,-23.3333,0001493152-23-015937,ex99-1.htm,earnings_exhibit,22585,/Users/aeternusholdings/Documents/GitHub/AeternusHoldings/cache/sec/sec_docs_text/AIOT_000149315223015937_ex99-1.htm.txt,18,
S000196,2023Q2,ALGT,2023-05-03,$500M-$1B,weak,-1,-1,2,-1,2023-05-04,109.000000,-8.5321,-9.8257,-5.5413,18.3486,15.3211,0001362468-23-000021,a2023q18-kex991.htm,earnings_exhibit,29732,/Users/aeternusholdings/Documents/GitHub/AeternusHoldings/cache/sec/sec_docs_text/ALGT_000136246823000021_a2023q18-kex991.htm.txt,18,
S000197,2023Q2,ALKS,2023-04-26,$100M-$500M,mixed,0,-1,1,1,2023-04-27,28.370001,8.9531,9.2704,2.8551,15.1216,5.9217,0001564590-23-006238,alks-ex991_6.htm,earnings_exhibit,18870,/Users/aeternusholdings/Documents/GitHub/AeternusHoldings/cache/sec/sec_docs_text/ALKS_000156459023006238_alks-ex991_6.htm.txt,18,
S000198,2023Q2,ALTG,2023-05-10,$100M-$500M,weak,-3,-1,-1,0,2023-05-11,15.400000,-3.5714,-11.6234,4.5455,9.6104,5.1948,0000950170-23-020551,altg-ex99_1.htm,earnings_exhibit,24437,/Users/aeternusholdings/Documents/GitHub/AeternusHoldings/cache/sec/sec_docs_text/ALTG_000095017023020551_altg-ex99_1.htm.txt,18,
S000199,2023Q2,AMC,2023-05-05,$500M-$1B,weak,-2,-1,-1,1,2023-05-08,58.299999,-13.0360,-20.5832,-18.8679,-27.9588,-12.1784,0001411579-23-000046,amc-20230505xex99d1.htm,earnings_exhibit,44757,/Users/aeternusholdings/Documents/GitHub/AeternusHoldings/cache/sec/sec_docs_text/AMC_000141157923000046_amc-20230505xex99d1.htm.txt,18,
S000200,2023Q2,APO,2023-05-09,$500M-$1B,weak,-4,-1,-1,-1,2023-05-10,63.650002,3.6921,4.9175,14.6583,19.0888,29.5837,0001858681-23-000011,agmearningsrelease1q2023.htm,earnings_exhibit,95445,/Users/aeternusholdings/Documents/GitHub/AeternusHoldings/cache/sec/sec_docs_text/APO_000185868123000011_agmearningsrelease1q2023.htm.txt,18,
S000201,2023Q2,APP,2023-05-10,$500M-$1B,weak,-2,-1,-1,1,2023-05-11,21.754999,15.3298,14.9621,2.8729,24.4771,35.1873,0001751008-23-000047,exhibit992-1q23sharehold.htm,earnings_exhibit,26802,/Users/aeternusholdings/Documents/GitHub/AeternusHoldings/cache/sec/sec_docs_text/APP_000175100823000047_exhibit992-1q23sharehold.htm.txt,18,
S000202,2023Q2,APPN,2023-05-09,$100M-$500M,weak,-4,-1,-1,-1,2023-05-10,37.439999,9.8558,10.7372,28.4989,34.5086,28.8729,0001441683-23-000048,appnex991earningsrelease-0.htm,earnings_exhibit,21460,/Users/aeternusholdings/Documents/GitHub/AeternusHoldings/cache/sec/sec_docs_text/APPN_000144168323000048_appnex991earningsrelease-0.htm.txt,18,
S000203,2023Q2,ARLO,2023-05-11,$100M-$500M,weak,-1,-1,-1,1,2023-05-12,7.410000,24.9663,29.5547,25.3711,48.3131,38.0567,0001736946-23-000020,arloearningsrelease-ex991_.htm,earnings_exhibit,26584,/Users/aeternusholdings/Documents/GitHub/AeternusHoldings/cache/sec/sec_docs_text/ARLO_000173694623000020_arloearningsrelease-ex991_.htm.txt,18,
S000204,2023Q2,ARWR,2023-05-02,$100M-$500M,weak,-1,-1,1,0,2023-05-03,37.490002,6.4017,-3.2275,-3.8410,-6.1083,-10.1627,0001628280-23-014859,arwr-fq22023financialresul.htm,earnings_exhibit,11561,/Users/aeternusholdings/Documents/GitHub/AeternusHoldings/cache/sec/sec_docs_text/ARWR_000162828023014859_arwr-fq22023financialresul.htm.txt,18,
S000205,2023Q2,ASAN,2023-06-01,$100M-$500M,weak,-3,-1,-1,0,2023-06-02,24.500000,-7.8776,-7.1837,-10.1633,-0.3673,-12.2857,0001477720-23-000028,asana8-kex991q1fy24.htm,earnings_exhibit,23155,/Users/aeternusholdings/Documents/GitHub/AeternusHoldings/cache/sec/sec_docs_text/ASAN_000147772023000028_asana8-kex991q1fy24.htm.txt,18,
S000206,2023Q2,AVAV,2023-06-27,$100M-$500M,weak,-2,-1,-1,1,2023-06-28,95.610001,2.4684,-1.9140,-0.6066,-0.2196,15.9921,0001558370-23-011458,avav-20230627xex99d1.htm,earnings_exhibit,32029,/Users/aeternusholdings/Documents/GitHub/AeternusHoldings/cache/sec/sec_docs_text/AVAV_000155837023011458_avav-20230627xex99d1.htm.txt,18,
S000207,2023Q2,BARK,2023-06-01,$100M-$500M,weak,-3,-1,-1,-1,2023-06-02,21.600000,27.7778,29.6296,27.7778,35.1852,48.1481,0001819574-23-000007,exhibit991-q42023pressrele.htm,earnings_exhibit,30212,/Users/aeternusholdings/Documents/GitHub/AeternusHoldings/cache/sec/sec_docs_text/BARK_000181957423000007_exhibit991-q42023pressrele.htm.txt,18,
S000208,2023Q2,BBT,2023-04-20,$100M-$500M,mixed,2,-1,2,-1,2023-04-21,22.930000,-9.1147,-17.8369,-7.6755,-3.6197,-2.9655,0001104659-23-047535,tm2313279d1_ex99-1.htm,earnings_exhibit,28537,/Users/aeternusholdings/Documents/GitHub/AeternusHoldings/cache/sec/sec_docs_text/BBT_000110465923047535_tm2313279d1_ex99-1.htm.txt,18,
S000209,2023Q2,BE,2023-05-09,$100M-$500M,weak,-2,-1,-1,1,2023-05-10,17.570000,-15.8793,-20.6033,-13.8304,-1.1383,-10.3016,0001628280-23-016807,ex991_q12023financialresul.htm,earnings_exhibit,28677,/Users/aeternusholdings/Documents/GitHub/AeternusHoldings/cache/sec/sec_docs_text/BE_000162828023016807_ex991_q12023financialresul.htm.txt,18,
S000210,2023Q2,BHF,2023-04-17,$2B-$10B,weak,-1,-1,2,-1,2023-04-18,43.660000,1.2368,-0.5726,-3.8708,2.8859,12.2309,0001685040-23-000022,q42022bhffinancialsuppleme.htm,earnings_exhibit,57071,/Users/aeternusholdings/Documents/GitHub/AeternusHoldings/cache/sec/sec_docs_text/BHF_000168504023000022_q42022bhffinancialsuppleme.htm.txt,18,
S000211,2023Q2,BHFAL,2023-04-17,$2B-$10B,weak,-1,-1,2,-1,2023-04-18,23.590000,2.5435,-7.7575,-1.0174,-3.0098,-6.3586,0001685040-23-000022,q42022bhffinancialsuppleme.htm,earnings_exhibit,57071,/Users/aeternusholdings/Documents/GitHub/AeternusHoldings/cache/sec/sec_docs_text/BHFAL_000168504023000022_q42022bhffinancialsuppleme.htm.txt,18,
S000212,2023Q2,BHFAM,2023-04-17,$2B-$10B,weak,-1,-1,2,-1,2023-04-18,15.650000,-2.0447,-11.6933,-11.1821,-9.0735,-4.0895,0001685040-23-000022,q42022bhffinancialsuppleme.htm,earnings_exhibit,57071,/Users/aeternusholdings/Documents/GitHub/AeternusHoldings/cache/sec/sec_docs_text/BHFAM_000168504023000022_q42022bhffinancialsuppleme.htm.txt,18,
S000213,2023Q2,BHFAN,2023-04-17,$2B-$10B,weak,-1,-1,2,-1,2023-04-18,17.490000,-0.2287,-9.7770,-8.6907,-4.4025,-2.6872,0001685040-23-000022,q42022bhffinancialsuppleme.htm,earnings_exhibit,57071,/Users/aeternusholdings/Documents/GitHub/AeternusHoldings/cache/sec/sec_docs_text/BHFAN_000168504023000022_q42022bhffinancialsuppleme.htm.txt,18,
S000214,2023Q2,BHFAO,2023-04-17,$2B-$10B,weak,-1,-1,2,-1,2023-04-18,24.615999,1.5600,-7.6739,-5.0617,-6.1180,-4.2086,0001685040-23-000022,q42022bhffinancialsuppleme.htm,earnings_exhibit,57071,/Users/aeternusholdings/Documents/GitHub/AeternusHoldings/cache/sec/sec_docs_text/BHFAO_000168504023000022_q42022bhffinancialsuppleme.htm.txt,18,
S000215,2023Q2,BHFAP,2023-04-17,$2B-$10B,weak,-1,-1,2,-1,2023-04-18,23.920000,0.0836,-9.6990,-9.1973,-10.2425,-7.1906,0001685040-23-000022,q42022bhffinancialsuppleme.htm,earnings_exhibit,57071,/Users/aeternusholdings/Documents/GitHub/AeternusHoldings/cache/sec/sec_docs_text/BHFAP_000168504023000022_q42022bhffinancialsuppleme.htm.txt,18,
S000216,2023Q2,BHR,2023-05-02,$100M-$500M,weak,-4,-1,-1,-1,2023-05-03,3.780000,3.4392,7.1429,11.6402,7.9365,-3.9683,0001574085-23-000054,bhr2023q1earningsrelease.htm,earnings_exhibit,92354,/Users/aeternusholdings/Documents/GitHub/AeternusHoldings/cache/sec/sec_docs_text/BHR_000157408523000054_bhr2023q1earningsrelease.htm.txt,18,
S000217,2023Q2,BLBD,2023-05-11,$100M-$500M,weak,-2,-1,-1,0,2023-05-12,24.580000,14.6054,2.5224,-11.9203,-9.5606,-18.5517,0001589526-23-000045,a20232qresultsreleaseex991.htm,earnings_exhibit,27930,/Users/aeternusholdings/Documents/GitHub/AeternusHoldings/cache/sec/sec_docs_text/BLBD_000158952623000045_a20232qresultsreleaseex991.htm.txt,18,
S000218,2023Q2,BNED,2023-05-31,$1B-$2B,mixed,1,-1,1,0,2023-06-01,136.000000,-21.3235,-11.0294,19.1176,8.0882,-3.6765,0001193125-23-157896,d461747dex991.htm,earnings_exhibit,14550,/Users/aeternusholdings/Documents/GitHub/AeternusHoldings/cache/sec/sec_docs_text/BNED_000119312523157896_d461747dex991.htm.txt,18,
S000219,2023Q2,BTU,2023-04-27,$2B-$10B,weak,-2,-1,-1,0,2023-04-28,23.820000,-3.1486,-12.7624,-22.3342,-11.5449,-9.0260,0001064728-23-000039,btu8k20230427ex991.htm,earnings_exhibit,27156,/Users/aeternusholdings/Documents/GitHub/AeternusHoldings/cache/sec/sec_docs_text/BTU_000106472823000039_btu8k20230427ex991.htm.txt,18,
S000220,2023Q2,CBT,2023-05-08,$500M-$1B,weak,-4,-1,-1,-1,2023-05-09,68.879997,2.9472,2.0761,8.4204,-1.9164,0.6678,0001157523-23-000768,a53394968ex99_1.htm,earnings_exhibit,37569,/Users/aeternusholdings/Documents/GitHub/AeternusHoldings/cache/sec/sec_docs_text/CBT_000115752323000768_a53394968ex99_1.htm.txt,18,
S000221,2023Q2,CCL,2023-06-26,$1B-$2B,weak,-4,-1,-1,-1,2023-06-27,14.750000,29.0848,20.0678,23.5254,6.5085,-5.7627,0000815097-23-000045,a20232qearningsrelease8-k.htm,earnings_exhibit,46999,/Users/aeternusholdings/Documents/GitHub/AeternusHoldings/cache/sec/sec_docs_text/CCL_000081509723000045_a20232qearningsrelease8-k.htm.txt,18,
S000222,2023Q2,CDRE,2023-05-09,$100M-$500M,mixed,0,-1,1,1,2023-05-10,21.990000,2.0919,-5.6844,-8.7312,0.1819,6.1846,0001558370-23-008849,cdre-20230509xex99d1.htm,earnings_exhibit,18267,/Users/aeternusholdings/Documents/GitHub/AeternusHoldings/cache/sec/sec_docs_text/CDRE_000155837023008849_cdre-20230509xex99d1.htm.txt,18,
S000223,2023Q2,CFLT,2023-05-03,$100M-$500M,weak,-4,-1,-1,-1,2023-05-04,21.709999,10.6863,32.9341,63.2427,57.7154,42.8835,0000950170-23-017166,cflt-ex99_1.htm,earnings_exhibit,27493,/Users/aeternusholdings/Documents/GitHub/AeternusHoldings/cache/sec/sec_docs_text/CFLT_000095017023017166_cflt-ex99_1.htm.txt,18,
S000224,2023Q2,CHEF,2023-05-03,$1B-$2B,mixed,1,-1,1,0,2023-05-04,34.259998,-2.5102,-5.5166,-6.8301,5.2831,-7.7350,0001517175-23-000009,pressreleaseex99103312023.htm,earnings_exhibit,22464,/Users/aeternusholdings/Documents/GitHub/AeternusHoldings/cache/sec/sec_docs_text/CHEF_000151717523000009_pressreleaseex99103312023.htm.txt,18,
S000225,2023Q2,CMCO,2023-04-26,$500M-$1B,weak,-2,-1,1,-1,2023-04-27,33.590000,2.5901,6.1923,10.4793,20.6609,22.0899,0001005229-23-000065,projectphoenix-cleanuvzx.htm,earnings_exhibit,113083,/Users/aeternusholdings/Documents/GitHub/AeternusHoldings/cache/sec/sec_docs_text/CMCO_000100522923000065_projectphoenix-cleanuvzx.htm.txt,18,
S000226,2023Q2,COIN,2023-05-04,$1B-$2B,weak,-2,-1,-1,1,2023-05-05,54.049999,12.4329,5.2174,8.6216,44.9584,67.9001,0001679788-23-000071,q123shareholderletter.htm,earnings_exhibit,67355,/Users/aeternusholdings/Documents/GitHub/AeternusHoldings/cache/sec/sec_docs_text/COIN_000167978823000071_q123shareholderletter.htm.txt,18,
S000227,2023Q2,COMP,2023-05-09,$2B-$10B,weak,-1,-1,-1,0,2023-05-10,3.540000,18.0791,-5.3672,-0.5650,-8.7571,8.7571,0001563190-23-000108,exhibit9918-k1q23pr.htm,earnings_exhibit,23597,/Users/aeternusholdings/Documents/GitHub/AeternusHoldings/cache/sec/sec_docs_text/COMP_000156319023000108_exhibit9918-k1q23pr.htm.txt,18,
S000228,2023Q2,COOK,2023-05-10,$100M-$500M,weak,-4,-1,-1,-1,2023-05-11,153.000000,18.3007,20.5882,38.8889,29.7386,84.3137,0001857853-23-000045,q1-23earningspressrelease.htm,earnings_exhibit,21465,/Users/aeternusholdings/Documents/GitHub/AeternusHoldings/cache/sec/sec_docs_text/COOK_000185785323000045_q1-23earningspressrelease.htm.txt,18,
S000229,2023Q2,CRSR,2023-05-10,$100M-$500M,weak,-2,-1,-1,1,2023-05-11,17.549999,13.5043,12.3647,6.7236,-0.9117,-6.7806,0000950170-23-020498,crsr-ex99_1.htm,earnings_exhibit,22250,/Users/aeternusholdings/Documents/GitHub/AeternusHoldings/cache/sec/sec_docs_text/CRSR_000095017023020498_crsr-ex99_1.htm.txt,18,
S000230,2023Q2,CTOS,2023-05-09,$100M-$500M,weak,-4,-1,-1,-1,2023-05-10,6.440000,7.1429,1.7081,8.6957,6.2112,2.7950,0001709682-23-000042,ex991q1-2023pressrelease.htm,earnings_exhibit,36966,/Users/aeternusholdings/Documents/GitHub/AeternusHoldings/cache/sec/sec_docs_text/CTOS_000170968223000042_ex991q1-2023pressrelease.htm.txt,18,
S000231,2023Q2,CVI,2023-05-01,$2B-$10B,mixed,1,-1,1,0,2023-05-02,26.889999,-11.3797,-5.4667,-11.9003,10.3012,36.6307,0001376139-23-000028,exhibit991-cviq12023earnin.htm,earnings_exhibit,35832,/Users/aeternusholdings/Documents/GitHub/AeternusHoldings/cache/sec/sec_docs_text/CVI_000137613923000028_exhibit991-cviq12023earnin.htm.txt,18,
S000232,2023Q2,CVNA,2023-05-04,$2B-$10B,weak,-4,-1,-1,-1,2023-05-05,10.030000,15.4536,9.0728,49.5513,157.7268,416.3510,0001690820-23-000162,ex99_1q12023.htm,earnings_exhibit,55494,/Users/aeternusholdings/Documents/GitHub/AeternusHoldings/cache/sec/sec_docs_text/CVNA_000169082023000162_ex99_1q12023.htm.txt,18,
S000233,2023Q2,CWK,2023-05-04,$2B-$10B,weak,-2,-1,-1,0,2023-05-05,8.900000,-13.4831,-13.0337,-6.7416,-6.4045,13.5955,0001628369-23-000008,cwk-ex991q12023.htm,earnings_exhibit,38695,/Users/aeternusholdings/Documents/GitHub/AeternusHoldings/cache/sec/sec_docs_text/CWK_000162836923000008_cwk-ex991q12023.htm.txt,18,
S000234,2023Q2,CXM,2023-06-05,$100M-$500M,weak,-3,-1,-1,0,2023-06-06,14.500000,0.5517,-6.5517,-7.9310,-4.8966,8.9655,0001569345-23-000038,q1fy24-earningsrelease.htm,earnings_exhibit,20125,/Users/aeternusholdings/Documents/GitHub/AeternusHoldings/cache/sec/sec_docs_text/CXM_000156934523000038_q1fy24-earningsrelease.htm.txt,18,
S000235,2023Q2,CZR,2023-05-02,$2B-$10B,mixed,2,-1,1,1,2023-05-03,45.509998,-2.3511,-7.1633,-1.4283,11.1844,26.9831,0001590895-23-000076,ex991-2023q1ceiearningsrel.htm,earnings_exhibit,15115,/Users/aeternusholdings/Documents/GitHub/AeternusHoldings/cache/sec/sec_docs_text/CZR_000159089523000076_ex991-2023q1ceiearningsrel.htm.txt,18,
S000236,2023Q2,DASH,2023-05-04,$2B-$10B,mixed,0,-1,1,-1,2023-05-05,65.000000,1.8461,2.3077,6.6923,21.6462,31.4769,0001628280-23-015716,dashq12023ex991-earningspr.htm,earnings_exhibit,34813,/Users/aeternusholdings/Documents/GitHub/AeternusHoldings/cache/sec/sec_docs_text/DASH_000162828023015716_dashq12023ex991-earningspr.htm.txt,18,
S000237,2023Q2,DBD,2023-05-03,$2B-$10B,mixed,1,-1,1,0,2023-08-14,24.000000,-16.0417,-27.5417,-25.1667,-21.7083,-9.4167,0000028823-23-000098,ex-991q12023erlive.htm,earnings_exhibit,36326,/Users/aeternusholdings/Documents/GitHub/AeternusHoldings/cache/sec/sec_docs_text/DBD_000002882323000098_ex-991q12023erlive.htm.txt,18,
S000238,2023Q2,DDD,2023-05-09,$500M-$1B,weak,-2,-1,-1,1,2023-05-10,8.400000,0.1191,-2.5000,16.4286,24.6429,-3.8095,0001171843-23-003067,exh_991.htm,earnings_exhibit,27543,/Users/aeternusholdings/Documents/GitHub/AeternusHoldings/cache/sec/sec_docs_text/DDD_000117184323003067_exh_991.htm.txt,18,
S000239,2023Q2,DDOG,2023-05-04,$500M-$1B,weak,-1,-1,2,-1,2023-05-05,75.809998,16.7392,21.8969,32.3704,29.6399,41.2742,0001561550-23-000020,ex-991x20230331x8k.htm,earnings_exhibit,24831,/Users/aeternusholdings/Documents/GitHub/AeternusHoldings/cache/sec/sec_docs_text/DDOG_000156155023000020_ex-991x20230331x8k.htm.txt,18,
S000240,2023Q2,DK,2023-04-05,$2B-$10B,weak,-1,-1,-1,0,2023-04-06,23.610001,-2.6260,-9.2757,-9.2334,-4.8708,-3.7696,0001694426-23-000026,dkapril2023investorslide.htm,earnings_exhibit,16005,/Users/aeternusholdings/Documents/GitHub/AeternusHoldings/cache/sec/sec_docs_text/DK_000169442623000026_dkapril2023investorslide.htm.txt,16,
S000241,2023Q2,DOCN,2023-05-09,$100M-$500M,mixed,1,-1,2,1,2023-05-10,33.419998,4.6380,10.1137,31.2089,40.9934,7.9294,0001582961-23-000020,a2023-q1dopressrelease.htm,earnings_exhibit,25637,/Users/aeternusholdings/Documents/GitHub/AeternusHoldings/cache/sec/sec_docs_text/DOCN_000158296123000020_a2023-q1dopressrelease.htm.txt,18,
S000242,2023Q2,DRH,2023-05-04,$100M-$500M,weak,-4,-1,-1,-1,2023-05-05,8.370000,-3.3453,-7.7658,-1.5532,-2.8674,-5.8542,0001298946-23-000044,exhibit9911q2023.htm,earnings_exhibit,51038,/Users/aeternusholdings/Documents/GitHub/AeternusHoldings/cache/sec/sec_docs_text/DRH_000129894623000044_exhibit9911q2023.htm.txt,18,
S000243,2023Q2,DRVN,2023-05-03,$500M-$1B,mixed,0,-1,1,-1,2023-05-04,29.770000,-4.3668,-17.6688,-13.3692,-9.9765,-48.9419,0001193125-23-133100,d272537dex991.htm,earnings_exhibit,24955,/Users/aeternusholdings/Documents/GitHub/AeternusHoldings/cache/sec/sec_docs_text/DRVN_000119312523133100_d272537dex991.htm.txt,18,
S000244,2023Q2,DSGR,2023-05-04,$500M-$1B,mixed,1,-1,1,0,2023-05-05,23.600000,-0.7415,-4.1102,3.2203,8.9195,14.8517,0000703604-23-000045,a2023q1pressrelease.htm,earnings_exhibit,22591,/Users/aeternusholdings/Documents/GitHub/AeternusHoldings/cache/sec/sec_docs_text/DSGR_000070360423000045_a2023q1pressrelease.htm.txt,18,
S000245,2023Q2,DUOL,2023-05-09,$100M-$500M,mixed,2,-1,2,-1,2023-05-10,144.000000,8.1875,4.2083,8.2083,-3.5347,-5.5556,0001562088-23-000101,q1fy23pressrelease.htm,earnings_exhibit,20453,/Users/aeternusholdings/Documents/GitHub/AeternusHoldings/cache/sec/sec_docs_text/DUOL_000156208823000101_q1fy23pressrelease.htm.txt,18,
S000246,2023Q2,DXPE,2023-04-17,$1B-$2B,mixed,2,-1,2,0,2023-04-18,26.730000,-5.7239,-8.4923,19.6034,37.1867,41.3019,0001020710-23-000041,earningsrelease12312022.htm,earnings_exhibit,23414,/Users/aeternusholdings/Documents/GitHub/AeternusHoldings/cache/sec/sec_docs_text/DXPE_000102071023000041_earningsrelease12312022.htm.txt,18,
S000247,2023Q2,EEX,2023-05-03,$100M-$500M,weak,-4,-1,-1,-1,2023-05-04,3.500000,-0.8571,-4.2857,9.1429,16.0000,31.1429,0000950170-23-016852,eex-ex99_1.htm,earnings_exhibit,24176,/Users/aeternusholdings/Documents/GitHub/AeternusHoldings/cache/sec/sec_docs_text/EEX_000095017023016852_eex-ex99_1.htm.txt,18,
S000248,2023Q2,EQT,2023-04-13,$2B-$10B,mixed,0,-1,2,0,2023-04-14,33.000000,-0.7879,-5.9394,6.4848,18.0000,19.4242,0000033213-23-000010,eqt-20230413.htm,primary_8k,3545,/Users/aeternusholdings/Documents/GitHub/AeternusHoldings/cache/sec/sec_docs_text/EQT_000003321323000010_eqt-20230413.htm.txt,11,
S000249,2023Q2,ESRT,2023-04-26,$500M-$1B,mixed,2,-1,2,-1,2023-04-27,5.810000,-0.6885,-1.7212,7.0568,23.5800,40.6196,0001193125-23-118571,d483255dex992.htm,earnings_exhibit,69560,/Users/aeternusholdings/Documents/GitHub/AeternusHoldings/cache/sec/sec_docs_text/ESRT_000119312523118571_d483255dex992.htm.txt,18,
S000250,2023Q2,EVCM,2023-05-09,$100M-$500M,weak,-1,-1,2,-1,2023-05-10,12.900000,-5.6589,-7.2868,-12.4031,-7.9070,-13.5659,0001853145-23-000016,evcm1q23earningsrelease.htm,earnings_exhibit,22403,/Users/aeternusholdings/Documents/GitHub/AeternusHoldings/cache/sec/sec_docs_text/EVCM_000185314523000016_evcm1q23earningsrelease.htm.txt,18,
S000251,2023Q2,EVER,2023-05-08,$100M-$500M,mixed,1,-1,1,0,2023-05-09,8.160000,5.2696,15.1348,-2.4510,-11.3971,-19.4853,0001193125-23-138246,d572188dex992.htm,earnings_exhibit,15477,/Users/aeternusholdings/Documents/GitHub/AeternusHoldings/cache/sec/sec_docs_text/EVER_000119312523138246_d572188dex992.htm.txt,18,
S000252,2023Q2,EVH,2023-05-03,$100M-$500M,mixed,1,-1,-1,1,2023-05-04,32.000000,8.9062,-3.5000,-1.8125,-6.0000,-7.4063,0001628908-23-000061,a1q23exhibit991.htm,earnings_exhibit,40007,/Users/aeternusholdings/Documents/GitHub/AeternusHoldings/cache/sec/sec_docs_text/EVH_000162890823000061_a1q23exhibit991.htm.txt,18,
S000253,2023Q2,EXAS,2023-05-09,$100M-$500M,weak,-3,-1,-1,0,2023-05-10,79.739998,4.8533,1.7557,10.1204,19.0243,5.9694,0001124140-23-000042,exas-20230509xex99.htm,earnings_exhibit,22366,/Users/aeternusholdings/Documents/GitHub/AeternusHoldings/cache/sec/sec_docs_text/EXAS_000112414023000042_exas-20230509xex99.htm.txt,18,
S000254,2023Q2,EXE,2023-05-02,$500M-$1B,weak,-1,-1,2,-1,2023-05-03,76.830002,6.7422,5.1412,3.6444,9.0590,9.9180,0000895126-23-000061,chk-ex_991x20230331x8kxpr.htm,earnings_exhibit,14250,/Users/aeternusholdings/Documents/GitHub/AeternusHoldings/cache/sec/sec_docs_text/EXE_000089512623000061_chk-ex_991x20230331x8kxpr.htm.txt,18,
S000255,2023Q2,EXPE,2023-05-04,$2B-$10B,weak,-4,-1,-1,-1,2023-05-05,94.349998,-2.2469,1.5262,13.3015,18.2194,4.5787,0001324424-23-000029,earningsrelease-q12023.htm,earnings_exhibit,36507,/Users/aeternusholdings/Documents/GitHub/AeternusHoldings/cache/sec/sec_docs_text/EXPE_000132442423000029_earningsrelease-q12023.htm.txt,18,
S000256,2023Q2,FET,2023-05-04,$500M-$1B,weak,-1,-1,-1,1,2023-05-05,21.000000,7.7143,16.7619,15.4762,17.6667,28.5714,0001401257-23-000045,fet1q2023earningsrelease.htm,earnings_exhibit,19294,/Users/aeternusholdings/Documents/GitHub/AeternusHoldings/cache/sec/sec_docs_text/FET_000140125723000045_fet1q2023earningsrelease.htm.txt,18,
S000257,2023Q2,FG,2023-05-03,$100M-$500M,weak,-4,-1,-1,-1,2023-05-04,17.350000,3.5735,16.9452,22.4784,39.9424,51.5850,0001934850-23-000037,fgspring2023investorpres.htm,earnings_exhibit,77458,/Users/aeternusholdings/Documents/GitHub/AeternusHoldings/cache/sec/sec_docs_text/FG_000193485023000037_fgspring2023investorpres.htm.txt,18,
S000258,2023Q2,FLNC,2023-05-10,$100M-$500M,weak,-4,-1,-1,-1,2023-05-11,22.150000,2.9797,11.9639,23.9278,15.5756,25.2370,0001868941-23-000041,flncq2fy23earningspressrel.htm,earnings_exhibit,38224,/Users/aeternusholdings/Documents/GitHub/AeternusHoldings/cache/sec/sec_docs_text/FLNC_000186894123000041_flncq2fy23earningspressrel.htm.txt,18,
S000259,2023Q2,FSLR,2023-04-27,$100M-$500M,weak,-3,-1,-1,0,2023-04-28,184.679993,-3.9095,11.6959,9.5950,-1.0559,7.6457,0001274494-23-000009,ex991pressreleaseq1-2023.htm,earnings_exhibit,15941,/Users/aeternusholdings/Documents/GitHub/AeternusHoldings/cache/sec/sec_docs_text/FSLR_000127449423000009_ex991pressreleaseq1-2023.htm.txt,18,
S000260,2023Q2,FTAI,2023-04-26,$100M-$500M,weak,-1,-1,2,-1,2023-04-27,27.969999,-1.8591,1.9664,0.5005,0.3218,19.8069,0001140361-23-020571,brhc20051963_ex99-1.htm,earnings_exhibit,14887,/Users/aeternusholdings/Documents/GitHub/AeternusHoldings/cache/sec/sec_docs_text/FTAI_000114036123020571_brhc20051963_ex99-1.htm.txt,18,
S000261,2023Q2,FUBO,2023-05-05,$100M-$500M,weak,-4,-1,-1,-1,2023-05-08,19.080000,15.7233,5.0315,16.9811,36.4780,63.5220,0001493152-23-015509,ex99-1.htm,earnings_exhibit,33689,/Users/aeternusholdings/Documents/GitHub/AeternusHoldings/cache/sec/sec_docs_text/FUBO_000149315223015509_ex99-1.htm.txt,18,
S000262,2023Q2,GBTG,2023-05-09,$100M-$500M,weak,-2,-1,-1,1,2023-05-10,6.180000,13.1068,12.7832,28.4790,15.0485,8.7379,0001104659-23-057496,tm2314965d1_ex99-1.htm,earnings_exhibit,35111,/Users/aeternusholdings/Documents/GitHub/AeternusHoldings/cache/sec/sec_docs_text/GBTG_000110465923057496_tm2314965d1_ex99-1.htm.txt,18,
S000263,2023Q2,GDRX,2023-04-25,$500M-$1B,mixed,2,-1,2,-1,2023-04-26,5.650000,-18.4071,-10.2655,-2.4779,-4.6018,17.1681,0001193125-23-115360,d436463dex991.htm,earnings_exhibit,7400,/Users/aeternusholdings/Documents/GitHub/AeternusHoldings/cache/sec/sec_docs_text/GDRX_000119312523115360_d436463dex991.htm.txt,16,
S000264,2023Q2,GPOR,2023-05-02,$500M-$1B,weak,-1,-1,2,-1,2023-05-03,83.379997,16.2629,19.6930,18.2898,24.7781,24.4183,0001213900-23-035561,ea177827ex99-2_gulfport.htm,earnings_exhibit,22339,/Users/aeternusholdings/Documents/GitHub/AeternusHoldings/cache/sec/sec_docs_text/GPOR_000121390023035561_ea177827ex99-2_gulfport.htm.txt,18,
S000265,2023Q2,GRPN,2023-05-10,$100M-$500M,weak,-2,-1,-1,1,2023-05-11,3.740000,21.1230,44.3850,34.7594,79.6791,112.2995,0001490281-23-000054,a2023q18-kxexhibit991.htm,earnings_exhibit,36031,/Users/aeternusholdings/Documents/GitHub/AeternusHoldings/cache/sec/sec_docs_text/GRPN_000149028123000054_a2023q18-kxexhibit991.htm.txt,18,
S000266,2023Q2,GTLB,2023-06-05,$100M-$500M,weak,-3,-1,-1,0,2023-06-06,45.439999,12.7641,7.9666,9.4630,4.3134,9.4630,0001628280-23-020862,gitlab-ex99120230430fy24.htm,earnings_exhibit,21154,/Users/aeternusholdings/Documents/GitHub/AeternusHoldings/cache/sec/sec_docs_text/GTLB_000162828023020862_gitlab-ex99120230430fy24.htm.txt,18,
S000267,2023Q2,HIMS,2023-05-08,$100M-$500M,weak,-2,-1,-1,1,2023-05-09,10.775000,-9.3271,-17.5870,-15.0812,-20.0928,-26.6821,0001773751-23-000123,hims-20230331x8xkearningre.htm,earnings_exhibit,23769,/Users/aeternusholdings/Documents/GitHub/AeternusHoldings/cache/sec/sec_docs_text/HIMS_000177375123000123_hims-20230331x8xkearningre.htm.txt,18,
S000268,2023Q2,HLMN,2023-05-09,$100M-$500M,weak,-3,-1,-1,0,2023-05-10,8.330000,-2.1609,-1.8007,5.0420,4.5618,14.0456,0001822492-23-000084,ex991hillmanq12023earnings.htm,earnings_exhibit,20296,/Users/aeternusholdings/Documents/GitHub/AeternusHoldings/cache/sec/sec_docs_text/HLMN_000182249223000084_ex991hillmanq12023earnings.htm.txt,18,
S000269,2023Q2,HP,2023-04-26,$500M-$1B,mixed,0,-1,1,1,2023-04-27,33.810001,-5.9746,-6.0929,-3.9338,1.5676,26.2348,0000046765-23-000027,q2fy23earningsrelease.htm,earnings_exhibit,38246,/Users/aeternusholdings/Documents/GitHub/AeternusHoldings/cache/sec/sec_docs_text/HP_000004676523000027_q2fy23earningsrelease.htm.txt,18,
S000270,2023Q2,HST,2023-05-03,$1B-$2B,weak,-4,-1,-1,-1,2023-05-04,17.100000,-1.0526,-3.0994,1.8129,1.2865,6.1403,0000950170-23-017303,hst-ex99_2.htm,earnings_exhibit,86592,/Users/aeternusholdings/Documents/GitHub/AeternusHoldings/cache/sec/sec_docs_text/HST_000095017023017303_hst-ex99_2.htm.txt,18,
S000271,2023Q2,IAC,2023-05-09,$1B-$2B,mixed,0,-1,1,1,2023-05-10,49.983593,-1.2473,-9.4371,-2.8393,6.2695,10.0936,0001104659-23-057750,tm2315072d1_ex99-1.htm,earnings_exhibit,39443,/Users/aeternusholdings/Documents/GitHub/AeternusHoldings/cache/sec/sec_docs_text/IAC_000110465923057750_tm2315072d1_ex99-1.htm.txt,18,
S000272,2023Q2,INSW,2023-05-05,$100M-$500M,weak,-4,-1,-1,-1,2023-05-08,38.139999,-0.5244,-2.5433,-4.0378,0.3671,17.3833,0001104659-23-056306,tm2314809d1_ex99-1.htm,earnings_exhibit,24126,/Users/aeternusholdings/Documents/GitHub/AeternusHoldings/cache/sec/sec_docs_text/INSW_000110465923056306_tm2314809d1_ex99-1.htm.txt,18,
S000273,2023Q2,INTA,2023-05-08,$100M-$500M,mixed,0,-1,1,-1,2023-05-09,44.000000,-8.6591,-5.4318,-2.4773,-6.6591,-17.5000,0000950170-23-018809,inta-ex99_1.htm,earnings_exhibit,22671,/Users/aeternusholdings/Documents/GitHub/AeternusHoldings/cache/sec/sec_docs_text/INTA_000095017023018809_inta-ex99_1.htm.txt,18,
S000274,2023Q2,IONS,2023-05-03,$100M-$500M,weak,-2,-1,-1,1,2023-05-04,35.020000,3.4837,17.8755,20.6739,17.3044,15.3912,0001140361-23-022621,brhc20052344_ex99-1.htm,earnings_exhibit,14769,/Users/aeternusholdings/Documents/GitHub/AeternusHoldings/cache/sec/sec_docs_text/IONS_000114036123022621_brhc20052344_ex99-1.htm.txt,18,
S000275,2023Q2,JBLU,2023-04-25,$2B-$10B,weak,-4,-1,-1,-1,2023-04-26,6.820000,3.6657,-0.1466,0.1466,18.0352,15.5425,0001158463-23-000006,ex991-earningsreleaseq12023.htm,earnings_exhibit,25126,/Users/aeternusholdings/Documents/GitHub/AeternusHoldings/cache/sec/sec_docs_text/JBLU_000115846323000006_ex991-earningsreleaseq12023.htm.txt,18,
S000276,2023Q2,KELYA,2023-05-11,$1B-$2B,mixed,1,-1,-1,1,2023-05-12,17.770000,7.4282,0.2814,1.9696,-1.7445,-1.7445,0000055135-23-000009,a20231qearningsreleaseform.htm,earnings_exhibit,23311,/Users/aeternusholdings/Documents/GitHub/AeternusHoldings/cache/sec/sec_docs_text/KELYA_000005513523000009_a20231qearningsreleaseform.htm.txt,18,
S000277,2023Q2,KEQU,2023-06-28,$100M-$500M,weak,-1,-1,-1,0,2023-06-29,16.250000,-8.7385,-9.2308,-3.6308,-5.2308,4.8000,0000055529-23-000009,pressreleasefy23q4.htm,earnings_exhibit,18451,/Users/aeternusholdings/Documents/GitHub/AeternusHoldings/cache/sec/sec_docs_text/KEQU_000005552923000009_pressreleasefy23q4.htm.txt,18,
S000278,2023Q2,KLXE,2023-05-10,$100M-$500M,weak,-1,-1,-1,0,2023-05-11,10.610000,-5.7493,-25.1649,-21.4892,-3.5815,11.9698,0001738827-23-000030,klxeq12023earningsreleasee.htm,earnings_exhibit,39715,/Users/aeternusholdings/Documents/GitHub/AeternusHoldings/cache/sec/sec_docs_text/KLXE_000173882723000030_klxeq12023earningsreleasee.htm.txt,18,
S000279,2023Q2,LE,2023-06-01,$100M-$500M,weak,-4,-1,-1,-1,2023-06-02,8.330000,1.8007,1.4406,-6.2425,12.3649,-7.5630,0000950170-23-025528,le-ex99_1.htm,earnings_exhibit,21743,/Users/aeternusholdings/Documents/GitHub/AeternusHoldings/cache/sec/sec_docs_text/LE_000095017023025528_le-ex99_1.htm.txt,18,
S000280,2023Q2,LESL,2023-05-03,$100M-$500M,weak,-2,-1,-1,1,2023-05-04,212.800003,-1.3158,-8.4586,-3.9474,-10.0564,-39.0038,0000950170-23-017214,lesl-ex99_1.htm,earnings_exhibit,26379,/Users/aeternusholdings/Documents/GitHub/AeternusHoldings/cache/sec/sec_docs_text/LESL_000095017023017214_lesl-ex99_1.htm.txt,18,
S000281,2023Q2,LFCR,2023-06-01,$100M-$500M,mixed,1,-1,-1,1,2023-06-02,8.660000,-0.2309,-0.4619,12.5866,20.2079,-7.6212,0001005286-23-000093,q3fy23financialpressreleas.htm,earnings_exhibit,29645,/Users/aeternusholdings/Documents/GitHub/AeternusHoldings/cache/sec/sec_docs_text/LFCR_000100528623000093_q3fy23financialpressreleas.htm.txt,18,
S000282,2023Q2,LFST,2023-05-10,$100M-$500M,weak,-1,-1,1,0,2023-05-11,8.400000,-1.0714,-2.5000,-0.2381,5.4762,-4.0476,0000950170-23-019901,lfst-ex99_2.htm,earnings_exhibit,20658,/Users/aeternusholdings/Documents/GitHub/AeternusHoldings/cache/sec/sec_docs_text/LFST_000095017023019901_lfst-ex99_2.htm.txt,18,
S000283,2023Q2,LIVN,2023-04-14,$500M-$1B,weak,-4,-1,-1,-1,2023-04-17,42.910000,11.1862,9.8112,7.3409,15.9636,22.4889,0001639691-23-000037,boardannouncement.htm,earnings_exhibit,3907,/Users/aeternusholdings/Documents/GitHub/AeternusHoldings/cache/sec/sec_docs_text/LIVN_000163969123000037_boardannouncement.htm.txt,13,
S000284,2023Q2,LMB,2023-05-08,$100M-$500M,weak,-3,-1,-1,0,2023-05-09,17.980000,19.0768,13.3482,30.0334,44.2714,47.2191,0001628280-23-016438,a2023331ex991pr.htm,earnings_exhibit,20673,/Users/aeternusholdings/Documents/GitHub/AeternusHoldings/cache/sec/sec_docs_text/LMB_000162828023016438_a2023331ex991pr.htm.txt,18,
S000285,2023Q2,LPSN,2023-05-09,$100M-$500M,weak,-2,-1,1,-1,2023-05-10,74.250000,-7.4748,-23.8384,-28.2828,-12.3232,-19.3939,0001102993-23-000046,ex991pressreleaseq12023.htm,earnings_exhibit,25926,/Users/aeternusholdings/Documents/GitHub/AeternusHoldings/cache/sec/sec_docs_text/LPSN_000110299323000046_ex991pressreleaseq12023.htm.txt,18,
S000286,2023Q2,LTH,2023-04-25,$500M-$1B,weak,-3,-1,-1,0,2023-04-26,19.440001,4.4239,-0.7716,4.0123,-4.3724,-4.2695,0001869198-23-000031,lth-20230331xex991.htm,earnings_exhibit,27813,/Users/aeternusholdings/Documents/GitHub/AeternusHoldings/cache/sec/sec_docs_text/LTH_000186919823000031_lth-20230331xex991.htm.txt,18,
S000287,2023Q2,LUV,2023-04-27,$2B-$10B,weak,-4,-1,-1,-1,2023-04-28,29.879999,-0.9705,0.2677,-0.2677,17.9719,10.5087,0000092380-23-000021,er-3312023xerdoc.htm,earnings_exhibit,51058,/Users/aeternusholdings/Documents/GitHub/AeternusHoldings/cache/sec/sec_docs_text/LUV_000009238023000021_er-3312023xerdoc.htm.txt,18,
S000288,2023Q2,LXU,2023-05-02,$100M-$500M,weak,-3,-1,-1,0,2023-05-03,8.680000,5.8756,9.6774,12.5576,14.9769,27.1889,0000950170-23-016703,lxu-ex99_1.htm,earnings_exhibit,20323,/Users/aeternusholdings/Documents/GitHub/AeternusHoldings/cache/sec/sec_docs_text/LXU_000095017023016703_lxu-ex99_1.htm.txt,18,
S000289,2023Q2,LYFT,2023-05-04,$2B-$10B,weak,-4,-1,-1,-1,2023-05-05,9.070000,-5.8434,-10.2536,7.1665,12.3484,26.9019,0001759509-23-000056,lyft-20230331xpressrelease.htm,earnings_exhibit,28840,/Users/aeternusholdings/Documents/GitHub/AeternusHoldings/cache/sec/sec_docs_text/LYFT_000175950923000056_lyft-20230331xpressrelease.htm.txt,18,
S000290,2023Q2,MAC,2023-05-04,$500M-$1B,weak,-1,-1,2,-1,2023-05-05,10.180000,-6.2868,-8.9391,0.8841,11.4931,23.6739,0000912242-23-000010,a2023q1-exhibit991.htm,earnings_exhibit,67124,/Users/aeternusholdings/Documents/GitHub/AeternusHoldings/cache/sec/sec_docs_text/MAC_000091224223000010_a2023q1-exhibit991.htm.txt,18,
S000291,2023Q2,MAGN,2023-05-04,$100M-$500M,weak,-3,-1,-1,0,2023-05-05,48.360001,-4.8387,-13.4409,-10.7527,-18.0108,-28.7634,0000041719-23-000015,q12023earningsreleaseex-991.htm,earnings_exhibit,27665,/Users/aeternusholdings/Documents/GitHub/AeternusHoldings/cache/sec/sec_docs_text/MAGN_000004171923000015_q12023earningsreleaseex-991.htm.txt,18,
S000292,2023Q2,MBLY,2023-04-27,$500M-$1B,weak,-1,-1,2,-1,2023-04-28,36.910000,5.7708,5.9604,25.5486,1.6798,2.9802,0001104659-23-050649,tm2313666d1_ex99-1.htm,earnings_exhibit,26404,/Users/aeternusholdings/Documents/GitHub/AeternusHoldings/cache/sec/sec_docs_text/MBLY_000110465923050649_tm2313666d1_ex99-1.htm.txt,18,
S000293,2023Q2,MCS,2023-05-04,$100M-$500M,mixed,2,-1,1,1,2023-05-05,16.910000,-4.9083,-7.2738,-8.1609,-12.4778,-3.8439,0000062234-23-000016,mcs-20230504xex991.htm,earnings_exhibit,21128,/Users/aeternusholdings/Documents/GitHub/AeternusHoldings/cache/sec/sec_docs_text/MCS_000006223423000016_mcs-20230504xex991.htm.txt,18,
S000294,2023Q2,MCY,2023-05-02,$500M-$1B,mixed,1,-1,2,1,2023-05-03,29.480000,2.2049,3.4600,2.6798,2.6119,7.3609,0000950170-23-016668,mcy-ex99_1.htm,earnings_exhibit,18660,/Users/aeternusholdings/Documents/GitHub/AeternusHoldings/cache/sec/sec_docs_text/MCY_000095017023016668_mcy-ex99_1.htm.txt,18,
S000295,2023Q2,MDB,2023-06-01,$500M-$1B,weak,-3,-1,-1,0,2023-06-02,380.750000,0.2731,1.9987,8.0552,11.5089,0.1444,0001441816-23-000085,mdb-043023xex991xrelease.htm,earnings_exhibit,28152,/Users/aeternusholdings/Documents/GitHub/AeternusHoldings/cache/sec/sec_docs_text/MDB_000144181623000085_mdb-043023xex991xrelease.htm.txt,18,
S000296,2023Q2,MEG,2023-05-09,$100M-$500M,weak,-2,-1,1,-1,2023-05-10,32.880001,13.5036,8.6375,30.5353,37.5000,15.8455,0000950170-23-019765,meg-ex99_1.htm,earnings_exhibit,30126,/Users/aeternusholdings/Documents/GitHub/AeternusHoldings/cache/sec/sec_docs_text/MEG_000095017023019765_meg-ex99_1.htm.txt,18,
S000297,2023Q2,MELI,2023-05-03,$500M-$1B,mixed,2,-1,2,-1,2023-05-04,1326.050049,-2.2058,-3.1613,-2.7571,-9.9770,-12.1594,0001099590-23-000010,meli-20230503xex991.htm,earnings_exhibit,36240,/Users/aeternusholdings/Documents/GitHub/AeternusHoldings/cache/sec/sec_docs_text/MELI_000109959023000010_meli-20230503xex991.htm.txt,18,
S000298,2023Q2,MGNI,2023-05-10,$100M-$500M,mixed,1,-1,2,1,2023-05-11,10.620000,17.7966,11.8644,25.3296,30.0377,16.1959,0001595974-23-000017,a991-earningsq12023.htm,earnings_exhibit,35115,/Users/aeternusholdings/Documents/GitHub/AeternusHoldings/cache/sec/sec_docs_text/MGNI_000159597423000017_a991-earningsq12023.htm.txt,18,
S000299,2023Q2,MIR,2023-05-03,$100M-$500M,mixed,2,-1,1,1,2023-05-04,8.420000,-10.6888,-11.1639,-6.2945,-1.1877,-5.7007,0001628280-23-015018,a2023-058xkexhibit991.htm,earnings_exhibit,25236,/Users/aeternusholdings/Documents/GitHub/AeternusHoldings/cache/sec/sec_docs_text/MIR_000162828023015018_a2023-058xkexhibit991.htm.txt,18,
S000300,2023Q2,MQ,2023-05-09,$100M-$500M,weak,-2,-1,-1,1,2023-05-10,4.410000,7.4830,7.4830,7.2562,14.2857,12.4717,0001522540-23-000023,mqearningsrelease-q1x2023.htm,earnings_exhibit,23003,/Users/aeternusholdings/Documents/GitHub/AeternusHoldings/cache/sec/sec_docs_text/MQ_000152254023000023_mqearningsrelease-q1x2023.htm.txt,18,
S000301,2023Q2,MRCY,2023-05-02,$100M-$500M,weak,-2,-1,1,-1,2023-05-03,35.880001,16.9175,13.3222,14.3534,-2.5362,5.7414,0001049521-23-000007,a2023q3earningsreleaseex.htm,earnings_exhibit,46603,/Users/aeternusholdings/Documents/GitHub/AeternusHoldings/cache/sec/sec_docs_text/MRCY_000104952123000007_a2023q3earningsreleaseex.htm.txt,18,
S000302,2023Q2,MTW,2023-05-02,$1B-$2B,weak,-1,-1,-1,1,2023-05-03,17.490000,-11.5495,-12.8645,-7.4900,7.8902,7.7759,0000950170-23-016721,mtw-ex99_1.htm,earnings_exhibit,18064,/Users/aeternusholdings/Documents/GitHub/AeternusHoldings/cache/sec/sec_docs_text/MTW_000095017023016721_mtw-ex99_1.htm.txt,18,
S000303,2023Q2,NATR,2023-05-09,$100M-$500M,weak,-2,-1,-1,1,2023-05-10,10.970000,1.9143,1.5497,10.0273,21.3309,29.8997,0001628280-23-016908,natrq12023earningsrelease.htm,earnings_exhibit,21399,/Users/aeternusholdings/Documents/GitHub/AeternusHoldings/cache/sec/sec_docs_text/NATR_000162828023016908_natrq12023earningsrelease.htm.txt,18,
S000304,2023Q2,NCLH,2023-05-01,$1B-$2B,weak,-4,-1,-1,-1,2023-05-02,14.460000,-8.4371,-0.8990,7.2614,51.5214,52.6279,0001171843-23-002707,exh_991.htm,earnings_exhibit,44076,/Users/aeternusholdings/Documents/GitHub/AeternusHoldings/cache/sec/sec_docs_text/NCLH_000117184323002707_exh_991.htm.txt,18,
S000305,2023Q2,NDLS,2023-05-10,$100M-$500M,mixed,2,-1,1,1,2023-05-11,36.480000,-26.9737,-26.5351,-25.0000,-30.9210,-27.4123,0001275158-23-000040,a2023q1ex991pressrelease.htm,earnings_exhibit,32170,/Users/aeternusholdings/Documents/GitHub/AeternusHoldings/cache/sec/sec_docs_text/NDLS_000127515823000040_a2023q1ex991pressrelease.htm.txt,18,
S000306,2023Q2,NE,2023-05-04,$100M-$500M,weak,-2,-1,-1,1,2023-05-05,37.849998,-1.1625,4.2536,6.1823,14.8217,39.1810,0001628280-23-015366,exhibit991-2023q1pressrele.htm,earnings_exhibit,23543,/Users/aeternusholdings/Documents/GitHub/AeternusHoldings/cache/sec/sec_docs_text/NE_000162828023015366_exhibit991-2023q1pressrele.htm.txt,18,
S000307,2023Q2,NET,2023-04-27,$100M-$500M,weak,-2,-1,-1,1,2023-04-28,44.410000,4.2783,31.7721,48.9755,43.9541,45.8230,0001477333-23-000041,q123exhibit991.htm,earnings_exhibit,30104,/Users/aeternusholdings/Documents/GitHub/AeternusHoldings/cache/sec/sec_docs_text/NET_000147733323000041_q123exhibit991.htm.txt,18,
S000308,2023Q2,NRDS,2023-05-02,$100M-$500M,weak,-1,-1,1,0,2023-05-03,11.110000,-19.4419,-12.1512,-9.0009,-14.4014,-4.4104,0001625278-23-000055,earningsreleaseq1fy23.htm,earnings_exhibit,19983,/Users/aeternusholdings/Documents/GitHub/AeternusHoldings/cache/sec/sec_docs_text/NRDS_000162527823000055_earningsreleaseq1fy23.htm.txt,18,
S000309,2023Q2,NTNX,2023-05-24,$500M-$1B,mixed,2,-1,1,0,2023-05-25,29.115000,1.7688,1.6315,-7.5391,3.0053,8.9816,0001157523-23-000905,a53406069_ex991.htm,earnings_exhibit,41046,/Users/aeternusholdings/Documents/GitHub/AeternusHoldings/cache/sec/sec_docs_text/NTNX_000115752323000905_a53406069_ex991.htm.txt,18,
S000310,2023Q2,NTRA,2023-05-09,$100M-$500M,weak,-4,-1,-1,-1,2023-05-10,54.389999,-2.4085,-13.4400,-11.0498,-11.1785,-3.0704,0001104659-23-057710,tm2314862d1_ex99-2.htm,earnings_exhibit,22466,/Users/aeternusholdings/Documents/GitHub/AeternusHoldings/cache/sec/sec_docs_text/NTRA_000110465923057710_tm2314862d1_ex99-2.htm.txt,18,
S000311,2023Q2,NVRI,2023-05-03,$100M-$500M,weak,-4,-1,-1,-1,2023-05-04,7.870000,17.6620,14.4854,6.2262,26.1754,8.0051,0000045876-23-000016,pressreleasefinancialstate.htm,earnings_exhibit,33140,/Users/aeternusholdings/Documents/GitHub/AeternusHoldings/cache/sec/sec_docs_text/NVRI_000004587623000016_pressreleasefinancialstate.htm.txt,18,
S000312,2023Q2,OFIX,2023-05-09,$100M-$500M,weak,-2,-1,-1,1,2023-05-10,18.459999,10.0217,1.1376,3.2503,-0.1625,-2.7086,0000950170-23-019696,ofix-ex99_1.htm,earnings_exhibit,17748,/Users/aeternusholdings/Documents/GitHub/AeternusHoldings/cache/sec/sec_docs_text/OFIX_000095017023019696_ofix-ex99_1.htm.txt,18,
S000313,2023Q2,OKTA,2023-05-31,$500M-$1B,weak,-1,-1,2,-1,2023-06-01,74.139999,-1.4162,-5.1120,-6.5821,3.6687,-0.7688,0001660134-23-000032,okta-4302023_ex991.htm,earnings_exhibit,25360,/Users/aeternusholdings/Documents/GitHub/AeternusHoldings/cache/sec/sec_docs_text/OKTA_000166013423000032_okta-4302023_ex991.htm.txt,18,
S000314,2023Q2,ONC,2023-04-25,$100M-$500M,weak,-4,-1,-1,-1,2023-04-26,245.009995,3.6366,-2.4938,-3.3101,-26.4969,-19.6972,0001651308-23-000061,a20230425formxstarannualre.htm,earnings_exhibit,7291,/Users/aeternusholdings/Documents/GitHub/AeternusHoldings/cache/sec/sec_docs_text/ONC_000165130823000061_a20230425formxstarannualre.htm.txt,13,
S000315,2023Q2,OSW,2023-05-03,$100M-$500M,weak,-4,-1,-1,-1,2023-05-04,12.450000,-4.8996,-13.2530,-12.0482,-2.9719,-4.6586,0000950170-23-016872,osw-ex99_1.htm,earnings_exhibit,22495,/Users/aeternusholdings/Documents/GitHub/AeternusHoldings/cache/sec/sec_docs_text/OSW_000095017023016872_osw-ex99_1.htm.txt,18,
S000316,2023Q2,OUT,2023-05-03,$1B-$2B,mixed,2,-1,2,-1,2023-05-04,15.983607,-7.5641,-10.1923,-6.7308,1.6026,-5.4487,0001579877-23-000046,ex9911q23earningsrelease.htm,earnings_exhibit,32282,/Users/aeternusholdings/Documents/GitHub/AeternusHoldings/cache/sec/sec_docs_text/OUT_000157987723000046_ex9911q23earningsrelease.htm.txt,18,
S000317,2023Q2,PARR,2023-05-04,$2B-$10B,weak,-1,-1,-1,0,2023-05-05,21.430000,2.0065,-1.9132,2.5665,26.5049,49.4167,0000821483-23-000019,a20230331991earningsreleas.htm,earnings_exhibit,36032,/Users/aeternusholdings/Documents/GitHub/AeternusHoldings/cache/sec/sec_docs_text/PARR_000082148323000019_a20230331991earningsreleas.htm.txt,18,
S000318,2023Q2,PBF,2023-05-05,$2B-$10B,mixed,2,-1,1,0,2023-05-08,32.980000,14.6452,16.8587,23.9236,25.7429,40.6004,0001534504-23-000022,a991pressreleaseq1-23.htm,earnings_exhibit,40279,/Users/aeternusholdings/Documents/GitHub/AeternusHoldings/cache/sec/sec_docs_text/PBF_000153450423000022_a991pressreleaseq1-23.htm.txt,18,
S000319,2023Q2,PD,2023-06-01,$100M-$500M,weak,-2,-1,1,-1,2023-06-02,23.650000,-6.1311,-7.8224,-4.8203,6.8499,8.9218,0001568100-23-000031,pagerdutyq1fy24earningspre.htm,earnings_exhibit,28368,/Users/aeternusholdings/Documents/GitHub/AeternusHoldings/cache/sec/sec_docs_text/PD_000156810023000031_pagerdutyq1fy24earningspre.htm.txt,18,
S000320,2023Q2,PEGA,2023-04-26,$100M-$500M,mixed,2,-1,1,1,2023-04-27,22.025000,-0.4086,-0.0908,8.5358,8.9898,25.1532,0001013857-23-000076,q12023_ex-991.htm,earnings_exhibit,21039,/Users/aeternusholdings/Documents/GitHub/AeternusHoldings/cache/sec/sec_docs_text/PEGA_000101385723000076_q12023_ex-991.htm.txt,18,
S000321,2023Q2,PKOH,2023-05-03,$1B-$2B,weak,-2,-1,-1,0,2023-05-04,13.760000,16.9331,11.6279,20.1308,38.8808,42.9506,0000076282-23-000019,pkoh20230331-ex991earnings.htm,earnings_exhibit,24766,/Users/aeternusholdings/Documents/GitHub/AeternusHoldings/cache/sec/sec_docs_text/PKOH_000007628223000019_pkoh20230331-ex991earnings.htm.txt,18,
S000322,2023Q2,PLCE,2023-05-24,$1B-$2B,weak,-1,-1,-1,0,2023-05-25,18.680000,-16.9700,2.2484,13.1156,57.8694,44.5396,0001104659-23-063865,tm2316555d1_ex99-1.htm,earnings_exhibit,17491,/Users/aeternusholdings/Documents/GitHub/AeternusHoldings/cache/sec/sec_docs_text/PLCE_000110465923063865_tm2316555d1_ex99-1.htm.txt,18,
S000323,2023Q2,PLTR,2023-05-08,$1B-$2B,weak,-4,-1,-1,-1,2023-05-09,9.220000,27.0065,59.5445,64.7505,76.7896,95.1193,0001321655-23-000042,a2023q1ex991earningsrelease.htm,earnings_exhibit,21895,/Users/aeternusholdings/Documents/GitHub/AeternusHoldings/cache/sec/sec_docs_text/PLTR_000132165523000042_a2023q1ex991earningsrelease.htm.txt,18,
S000324,2023Q2,POWL,2023-05-03,$100M-$500M,weak,-2,-1,-1,1,2023-05-04,16.466667,16.0729,17.8138,23.3198,23.3198,73.1579,0000080420-23-000025,ex99-1q22023earningsrelease.htm,earnings_exhibit,10285,/Users/aeternusholdings/Documents/GitHub/AeternusHoldings/cache/sec/sec_docs_text/POWL_000008042023000025_ex99-1q22023earningsrelease.htm.txt,18,
S000325,2023Q2,PRSU,2023-05-04,$100M-$500M,weak,-4,-1,-1,-1,2023-05-05,20.620001,10.6692,16.8768,19.6411,27.5946,32.1532,0001157523-23-000744,a53393685_ex991.htm,earnings_exhibit,36513,/Users/aeternusholdings/Documents/GitHub/AeternusHoldings/cache/sec/sec_docs_text/PRSU_000115752323000744_a53393685_ex991.htm.txt,18,
S000326,2023Q2,PTCT,2023-04-27,$100M-$500M,weak,-3,-1,-1,0,2023-04-28,55.380001,0.3070,4.9657,-25.6771,-25.7313,-30.0469,0001070081-23-000026,tmb-20230427xex99d1.htm,earnings_exhibit,17034,/Users/aeternusholdings/Documents/GitHub/AeternusHoldings/cache/sec/sec_docs_text/PTCT_000107008123000026_tmb-20230427xex99d1.htm.txt,18,
S000327,2023Q2,PTON,2023-05-04,$2B-$10B,weak,-3,-1,-1,-1,2023-05-05,7.750000,-4.0000,-9.8065,5.5484,6.1935,16.7742,0001639825-23-000061,q32023shareholderletter.htm,earnings_exhibit,45346,/Users/aeternusholdings/Documents/GitHub/AeternusHoldings/cache/sec/sec_docs_text/PTON_000163982523000061_q32023shareholderletter.htm.txt,18,
S000328,2023Q2,QTWO,2023-05-09,$100M-$500M,weak,-3,-1,-1,0,2023-05-10,24.690001,13.9733,11.9887,13.0417,26.8125,34.2649,0001410384-23-000066,a230331ex9918k.htm,earnings_exhibit,26592,/Users/aeternusholdings/Documents/GitHub/AeternusHoldings/cache/sec/sec_docs_text/QTWO_000141038423000066_a230331ex9918k.htm.txt,18,
S000329,2023Q2,RAMP,2023-05-24,$100M-$500M,weak,-2,-1,-1,1,2023-05-25,27.410000,-7.3331,-6.2021,0.4378,-0.3283,15.6147,0000733269-23-000022,a2023q4pressreleaseprfinsex.htm,earnings_exhibit,48305,/Users/aeternusholdings/Documents/GitHub/AeternusHoldings/cache/sec/sec_docs_text/RAMP_000073326923000022_a2023q4pressreleaseprfinsex.htm.txt,18,
S000330,2023Q2,RARE,2023-05-04,$100M-$500M,weak,-4,-1,-1,-1,2023-05-05,43.980000,11.4598,13.5061,16.5302,5.5707,-6.0937,0000950170-23-017852,rare-ex99_1.htm,earnings_exhibit,15507,/Users/aeternusholdings/Documents/GitHub/AeternusHoldings/cache/sec/sec_docs_text/RARE_000095017023017852_rare-ex99_1.htm.txt,18,
S000331,2023Q2,RBLX,2023-04-17,$500M-$1B,mixed,2,-1,2,-1,2023-04-18,40.509998,-12.1205,-10.4419,3.8509,3.1103,9.7507,0001315098-23-000065,rblx-20230417xexhibit991.htm,earnings_exhibit,5050,/Users/aeternusholdings/Documents/GitHub/AeternusHoldings/cache/sec/sec_docs_text/RBLX_000131509823000065_rblx-20230417xexhibit991.htm.txt,14,
S000332,2023Q2,RCL,2023-05-04,$1B-$2B,weak,-4,-1,-1,-1,2023-05-05,73.190002,4.0033,6.4353,19.6885,41.0575,43.0797,0000884887-23-000016,a2023q1earningsrelease8-k.htm,earnings_exhibit,39284,/Users/aeternusholdings/Documents/GitHub/AeternusHoldings/cache/sec/sec_docs_text/RCL_000088488723000016_a2023q1earningsrelease8-k.htm.txt,18,
S000333,2023Q2,REAL,2023-05-09,$100M-$500M,weak,-3,-1,-1,0,2023-05-10,1.280000,15.6250,6.2500,30.8594,72.6563,69.5313,0001573221-23-000047,real-20230509xex991pressre.htm,earnings_exhibit,21415,/Users/aeternusholdings/Documents/GitHub/AeternusHoldings/cache/sec/sec_docs_text/REAL_000157322123000047_real-20230509xex991pressre.htm.txt,18,
S000334,2023Q2,RELY,2023-05-03,$100M-$500M,weak,-4,-1,-1,-1,2023-05-04,16.580000,14.5959,7.2980,18.1544,13.0881,10.1930,0001782170-23-000069,remitlyirpresentation1q2.htm,earnings_exhibit,24158,/Users/aeternusholdings/Documents/GitHub/AeternusHoldings/cache/sec/sec_docs_text/RELY_000178217023000069_remitlyirpresentation1q2.htm.txt,18,
S000335,2023Q2,RHP,2023-04-06,$500M-$1B,weak,-2,-1,-1,1,2023-04-10,89.660004,-0.0112,1.0149,7.6400,6.7366,7.9746,0001104659-23-042464,tm2311946d1_ex99-1.htm,earnings_exhibit,8151,/Users/aeternusholdings/Documents/GitHub/AeternusHoldings/cache/sec/sec_docs_text/RHP_000110465923042464_tm2311946d1_ex99-1.htm.txt,18,
S000336,2023Q2,RLJ,2023-05-04,$100M-$500M,weak,-4,-1,-1,-1,2023-05-05,11.030000,-3.3545,-6.9810,-3.2638,-5.6210,-11.9674,0001511337-23-000011,rljq12023exhibit991.htm,earnings_exhibit,25962,/Users/aeternusholdings/Documents/GitHub/AeternusHoldings/cache/sec/sec_docs_text/RLJ_000151133723000011_rljq12023exhibit991.htm.txt,18,
S000337,2023Q2,ROKU,2023-04-26,$1B-$2B,mixed,0,-1,1,-1,2023-04-27,54.820000,1.6235,-4.1226,5.3083,14.8121,30.3721,0001428439-23-000013,a08q12023form8-kerxex991.htm,earnings_exhibit,28468,/Users/aeternusholdings/Documents/GitHub/AeternusHoldings/cache/sec/sec_docs_text/ROKU_000142843923000013_a08q12023form8-kerxex991.htm.txt,18,
S000338,2023Q2,RPD,2023-05-09,$100M-$500M,weak,-2,-1,1,-1,2023-05-10,44.380001,-1.9153,6.3993,2.4786,-4.1911,-10.3425,0001560327-23-000024,rapid72023q1ex991.htm,earnings_exhibit,28157,/Users/aeternusholdings/Documents/GitHub/AeternusHoldings/cache/sec/sec_docs_text/RPD_000156032723000024_rapid72023q1ex991.htm.txt,18,
S000339,2023Q2,RRGB,2023-05-24,$100M-$500M,mixed,1,-1,1,0,2023-05-25,16.420000,-24.7868,-24.9696,-19.4884,-13.4592,-36.3581,0001171759-23-000029,exhibit991q1-2023.htm,earnings_exhibit,29172,/Users/aeternusholdings/Documents/GitHub/AeternusHoldings/cache/sec/sec_docs_text/RRGB_000117175923000029_exhibit991q1-2023.htm.txt,18,
S000340,2023Q2,RUN,2023-05-03,$100M-$500M,weak,-4,-1,-1,-1,2023-05-04,18.740000,-11.3127,-11.8997,-1.3340,-4.5891,-4.8026,0001469367-23-000117,exhibit991q123.htm,earnings_exhibit,45301,/Users/aeternusholdings/Documents/GitHub/AeternusHoldings/cache/sec/sec_docs_text/RUN_000146936723000117_exhibit991q123.htm.txt,18,
S000341,2023Q2,SG,2023-05-04,$100M-$500M,weak,-3,-1,-1,0,2023-05-05,8.780000,7.7449,6.0365,17.5399,48.5194,65.2620,0001628280-23-015732,q123sweetgreenearningsrele.htm,earnings_exhibit,26857,/Users/aeternusholdings/Documents/GitHub/AeternusHoldings/cache/sec/sec_docs_text/SG_000162828023015732_q123sweetgreenearningsrele.htm.txt,18,
S000342,2023Q2,SGRY,2023-05-01,$100M-$500M,mixed,2,-1,2,-1,2023-05-02,41.000000,-13.7561,-6.8293,-6.9268,6.4634,-5.7805,0001638833-23-000067,a1q23ex991earningspr.htm,earnings_exhibit,21859,/Users/aeternusholdings/Documents/GitHub/AeternusHoldings/cache/sec/sec_docs_text/SGRY_000163883323000067_a1q23ex991earningspr.htm.txt,18,
S000343,2023Q2,SHAK,2023-05-04,$500M-$1B,weak,-2,-1,1,-1,2023-05-05,63.000000,11.5873,4.6032,9.1270,22.6508,18.5238,0001620533-23-000034,a1q23shareholderletter_f.htm,earnings_exhibit,61820,/Users/aeternusholdings/Documents/GitHub/AeternusHoldings/cache/sec/sec_docs_text/SHAK_000162053323000034_a1q23shareholderletter_f.htm.txt,18,
S000344,2023Q2,SIG,2023-06-08,$1B-$2B,weak,-2,-1,-1,1,2023-06-09,61.270000,2.2360,6.0552,17.4474,33.9481,23.2414,0000832988-23-000149,fy24ex99106x08x23pressrele.htm,earnings_exhibit,38469,/Users/aeternusholdings/Documents/GitHub/AeternusHoldings/cache/sec/sec_docs_text/SIG_000083298823000149_fy24ex99106x08x23pressrele.htm.txt,18,
S000345,2023Q2,SKYW,2023-04-27,$2B-$10B,mixed,0,-1,2,0,2023-04-28,24.650000,10.9939,16.0243,23.0426,58.9047,60.8519,0001558370-23-007048,skyw-20230427xex99d1.htm,earnings_exhibit,15309,/Users/aeternusholdings/Documents/GitHub/AeternusHoldings/cache/sec/sec_docs_text/SKYW_000155837023007048_skyw-20230427xex99d1.htm.txt,18,
S000346,2023Q2,SLQT,2023-05-10,$500M-$1B,weak,-4,-1,-1,-1,2023-05-11,1.680000,13.0952,-4.7619,4.7619,7.1429,-3.5714,0001794783-23-000048,selectquoteincmarch312023pr.htm,earnings_exhibit,32858,/Users/aeternusholdings/Documents/GitHub/AeternusHoldings/cache/sec/sec_docs_text/SLQT_000179478323000048_selectquoteincmarch312023pr.htm.txt,18,
S000347,2023Q2,SMHI,2023-04-21,$100M-$500M,weak,-2,-1,-1,1,2023-04-24,8.180000,1.5892,-5.5012,-3.4230,37.0416,47.9218,0001193125-23-109101,d482733dex991.htm,earnings_exhibit,45356,/Users/aeternusholdings/Documents/GitHub/AeternusHoldings/cache/sec/sec_docs_text/SMHI_000119312523109101_d482733dex991.htm.txt,18,
S000348,2023Q2,SNCY,2023-04-27,$100M-$500M,weak,-2,-1,1,-1,2023-04-28,19.730000,-8.4643,-8.0081,-5.7273,6.2848,5.8287,0001743907-23-000011,q12023-ex991.htm,earnings_exhibit,27712,/Users/aeternusholdings/Documents/GitHub/AeternusHoldings/cache/sec/sec_docs_text/SNCY_000174390723000011_q12023-ex991.htm.txt,18,
S000349,2023Q2,SPHR,2023-05-10,$500M-$1B,mixed,1,-1,2,1,2023-05-11,25.100000,-1.1155,-4.9004,7.6096,39.0438,60.4781,0001193125-23-140820,d420701dex991.htm,earnings_exhibit,30929,/Users/aeternusholdings/Documents/GitHub/AeternusHoldings/cache/sec/sec_docs_text/SPHR_000119312523140820_d420701dex991.htm.txt,18,
S000350,2023Q2,SPNT,2023-05-03,$100M-$500M,mixed,0,-1,1,1,2023-05-04,8.990000,0.5562,4.6719,0.8899,0.8899,5.3393,0001576018-23-000062,exhibit992-financialsupple.htm,earnings_exhibit,39029,/Users/aeternusholdings/Documents/GitHub/AeternusHoldings/cache/sec/sec_docs_text/SPNT_000157601823000062_exhibit992-financialsupple.htm.txt,18,
S000351,2023Q2,SWIM,2023-05-09,$100M-$500M,weak,-4,-1,-1,-1,2023-05-10,3.300000,6.6667,17.5758,3.6364,9.6970,34.8485,0001104659-23-057468,tm2315081d1_ex99.htm,earnings_exhibit,25513,/Users/aeternusholdings/Documents/GitHub/AeternusHoldings/cache/sec/sec_docs_text/SWIM_000110465923057468_tm2315081d1_ex99.htm.txt,18,
S000352,2023Q2,TDAY,2023-05-04,$500M-$1B,mixed,2,-1,1,1,2023-05-05,1.690000,21.8935,30.1775,18.3432,28.4024,84.0237,0001579684-23-000021,gciq12023ex991earningsrele.htm,earnings_exhibit,40222,/Users/aeternusholdings/Documents/GitHub/AeternusHoldings/cache/sec/sec_docs_text/TDAY_000157968423000021_gciq12023ex991earningsrele.htm.txt,18,
S000353,2023Q2,TEAD,2023-05-09,$100M-$500M,weak,-2,-1,-1,1,2023-05-10,3.670000,20.7084,22.3433,28.3379,39.2371,49.5913,0001454938-23-000061,q12023er-exhibit991.htm,earnings_exhibit,28415,/Users/aeternusholdings/Documents/GitHub/AeternusHoldings/cache/sec/sec_docs_text/TEAD_000145493823000061_q12023er-exhibit991.htm.txt,18,
S000354,2023Q2,TNDM,2023-05-03,$100M-$500M,mixed,2,-1,1,0,2023-05-04,35.180000,-8.6697,-19.8977,-31.0688,-29.9034,-7.6180,0001438133-23-000066,exhibit991-pressreleaseq12.htm,earnings_exhibit,17144,/Users/aeternusholdings/Documents/GitHub/AeternusHoldings/cache/sec/sec_docs_text/TNDM_000143813323000066_exhibit991-pressreleaseq12.htm.txt,18,
S000355,2023Q2,TRN,2023-05-02,$100M-$500M,mixed,1,-1,1,0,2023-05-03,21.680000,-3.9207,-0.5535,5.0738,19.0037,17.9889,0000099780-23-000043,exh991pressrelease3312023.htm,earnings_exhibit,24276,/Users/aeternusholdings/Documents/GitHub/AeternusHoldings/cache/sec/sec_docs_text/TRN_000009978023000043_exh991pressrelease3312023.htm.txt,18,
S000356,2023Q2,TRUP,2023-05-04,$500M-$1B,weak,-1,-1,1,-1,2023-05-05,24.000000,-15.1250,-14.0000,-8.9583,-8.3333,21.8333,0001371285-23-000141,ex991q12023.htm,earnings_exhibit,20568,/Users/aeternusholdings/Documents/GitHub/AeternusHoldings/cache/sec/sec_docs_text/TRUP_000137128523000141_ex991q12023.htm.txt,18,
S000357,2023Q2,UFCS,2023-05-08,$1B-$2B,weak,-1,-1,1,0,2023-05-09,26.030001,-10.0269,-15.1748,-11.1026,-12.8698,-19.1702,0000101199-23-000033,q12023-pressrelease.htm,earnings_exhibit,22167,/Users/aeternusholdings/Documents/GitHub/AeternusHoldings/cache/sec/sec_docs_text/UFCS_000010119923000033_q12023-pressrelease.htm.txt,18,
S000358,2023Q2,UIS,2023-05-02,$100M-$500M,weak,-2,-1,-1,1,2023-05-03,3.700000,13.5135,23.2432,10.8108,9.1892,44.3243,0000746838-23-000018,q12023earningsrelease.htm,earnings_exhibit,26254,/Users/aeternusholdings/Documents/GitHub/AeternusHoldings/cache/sec/sec_docs_text/UIS_000074683823000018_q12023earningsrelease.htm.txt,18,
S000359,2023Q2,ULCC,2023-05-03,$500M-$1B,weak,-2,-1,-1,1,2023-05-04,8.840000,-9.1629,-10.8597,2.0362,11.1991,-4.9774,0001670076-23-000052,frontier_earningsreleasexq.htm,earnings_exhibit,38755,/Users/aeternusholdings/Documents/GitHub/AeternusHoldings/cache/sec/sec_docs_text/ULCC_000167007623000052_frontier_earningsreleasexq.htm.txt,18,
S000360,2023Q2,UPWK,2023-05-03,$100M-$500M,weak,-4,-1,-1,-1,2023-05-04,6.580000,22.3404,23.1003,28.4195,38.7538,51.5198,0001627475-23-000030,final_q123upworksharehol.htm,earnings_exhibit,54969,/Users/aeternusholdings/Documents/GitHub/AeternusHoldings/cache/sec/sec_docs_text/UPWK_000162747523000030_final_q123upworksharehol.htm.txt,18,
S000361,2023Q2,UTZ,2023-05-11,$100M-$500M,weak,-3,-1,-1,0,2023-05-12,16.930000,-1.4176,-4.3119,-6.8517,-4.9616,-3.4849,0001739566-23-000113,pressrelease-2023q1earning.htm,earnings_exhibit,37278,/Users/aeternusholdings/Documents/GitHub/AeternusHoldings/cache/sec/sec_docs_text/UTZ_000173956623000113_pressrelease-2023q1earning.htm.txt,18,
S000362,2023Q2,VAL,2023-05-02,$100M-$500M,weak,-2,-1,1,-1,2023-05-03,55.330002,8.2595,10.6091,12.4345,14.0611,37.2131,0000314808-23-000043,a03312023ex991pressrelease.htm,earnings_exhibit,62245,/Users/aeternusholdings/Documents/GitHub/AeternusHoldings/cache/sec/sec_docs_text/VAL_000031480823000043_a03312023ex991pressrelease.htm.txt,18,
S000363,2023Q2,VERX,2023-05-10,$100M-$500M,weak,-2,-1,1,-1,2023-05-11,21.309999,3.1206,3.1441,6.8982,-12.2478,-8.0713,0001558370-23-008958,verx-20230510xex99d1.htm,earnings_exhibit,32917,/Users/aeternusholdings/Documents/GitHub/AeternusHoldings/cache/sec/sec_docs_text/VERX_000155837023008958_verx-20230510xex99d1.htm.txt,18,
S000364,2023Q2,VRT,2023-04-26,$2B-$10B,mixed,2,-1,1,0,2023-04-27,14.000000,7.7143,11.6429,43.8571,67.5000,81.0000,0001628280-23-013042,q12023exhibit991vrt42623.htm,earnings_exhibit,34169,/Users/aeternusholdings/Documents/GitHub/AeternusHoldings/cache/sec/sec_docs_text/VRT_000162828023013042_q12023exhibit991vrt42623.htm.txt,18,
S000365,2023Q2,WDAY,2023-05-25,$1B-$2B,weak,-1,-1,2,-1,2023-05-26,214.779999,-0.6053,4.4371,2.4025,5.8758,4.6978,0001327811-23-000077,wday-04302023x991.htm,earnings_exhibit,27326,/Users/aeternusholdings/Documents/GitHub/AeternusHoldings/cache/sec/sec_docs_text/WDAY_000132781123000077_wday-04302023x991.htm.txt,18,
S000366,2023Q2,WEST,2023-05-11,$100M-$500M,weak,-4,-1,-1,-1,2023-05-12,11.250000,-0.7111,0.7111,0.5333,-6.9333,-8.0889,0001558370-23-009380,west-20230511xex99d1.htm,earnings_exhibit,21744,/Users/aeternusholdings/Documents/GitHub/AeternusHoldings/cache/sec/sec_docs_text/WEST_000155837023009380_west-20230511xex99d1.htm.txt,18,
S000367,2023Q2,WFRD,2023-04-25,$2B-$10B,mixed,2,-1,1,0,2023-04-26,61.180000,-1.7653,-7.4207,-3.4488,6.6035,27.2148,0001603923-23-000099,a2023-q1ex991earningsrelea.htm,earnings_exhibit,26645,/Users/aeternusholdings/Documents/GitHub/AeternusHoldings/cache/sec/sec_docs_text/WFRD_000160392323000099_a2023-q1ex991earningsrelea.htm.txt,18,
S000368,2023Q2,WK,2023-05-02,$100M-$500M,mixed,0,-1,-1,1,2023-05-03,87.040001,4.0211,8.8695,13.1664,11.9485,21.8520,0001445305-23-000097,q12023exhibit991.htm,earnings_exhibit,22042,/Users/aeternusholdings/Documents/GitHub/AeternusHoldings/cache/sec/sec_docs_text/WK_000144530523000097_q12023exhibit991.htm.txt,18,
S000369,2023Q2,WRBY,2023-05-09,$100M-$500M,weak,-3,-1,-1,0,2023-05-10,12.380000,-3.8772,-6.7851,-7.0275,2.7464,16.2359,0001504776-23-000010,warbyparkerincearningsrele.htm,earnings_exhibit,23928,/Users/aeternusholdings/Documents/GitHub/AeternusHoldings/cache/sec/sec_docs_text/WRBY_000150477623000010_warbyparkerincearningsrele.htm.txt,18,
S000370,2023Q2,WYNN,2023-05-09,$2B-$10B,weak,-3,-1,-1,0,2023-05-10,113.489998,-4.4762,-12.3183,-9.9392,-5.6393,-9.1814,0001174922-23-000104,ex991wrlq12023pressrelease.htm,earnings_exhibit,26799,/Users/aeternusholdings/Documents/GitHub/AeternusHoldings/cache/sec/sec_docs_text/WYNN_000117492223000104_ex991wrlq12023pressrelease.htm.txt,18,
S000371,2023Q2,XHR,2023-05-02,$100M-$500M,weak,-1,-1,-1,-1,2023-05-03,12.280000,2.4430,-0.8958,1.8730,4.4788,2.3616,0001616000-23-000038,ex991q12023xhrearningsrele.htm,earnings_exhibit,52626,/Users/aeternusholdings/Documents/GitHub/AeternusHoldings/cache/sec/sec_docs_text/XHR_000161600023000038_ex991q12023xhrearningsrele.htm.txt,18,
S000372,2023Q2,XPER,2023-05-09,$100M-$500M,weak,-1,-1,-1,0,2023-05-10,10.400000,1.9231,13.7500,9.9039,25.1923,22.0192,0000950170-23-019707,xper-ex99_1.htm,earnings_exhibit,18319,/Users/aeternusholdings/Documents/GitHub/AeternusHoldings/cache/sec/sec_docs_text/XPER_000095017023019707_xper-ex99_1.htm.txt,18,
S000373,2023Q2,ZETA,2023-05-04,$100M-$500M,mixed,2,-1,1,0,2023-05-05,9.090000,-9.6810,-5.2805,-2.8603,-10.6711,4.5104,0000950170-23-017834,zeta-ex99_1.htm,earnings_exhibit,27244,/Users/aeternusholdings/Documents/GitHub/AeternusHoldings/cache/sec/sec_docs_text/ZETA_000095017023017834_zeta-ex99_1.htm.txt,18,
