quarter,ticker,event_date,event_accession,revenue_bucket,revenue_value,net_income_value,assets_value,financing_cash_flow_value,investing_cash_flow_value,operating_cash_flow_value,earnings_score,earnings_score_bucket,guidance_torque,earnings_torque,segment_wave_torque,margin_quality,warning_penalty,guidance_vs_current_pct,score_status,score_missing_fields,extraction_source,quarter_revenue_millions,quarter_revenue_yoy_pct,quarter_revenue_qoq_pct,guidance_revenue_millions,guidance_gross_margin_pct,numeric_evidence_count,guidance_evidence_count,wave_or_demand_evidence_count,warning_or_risk_evidence_count,primary_text_len,exhibit_text_len,json_path,tradable_date,entry_open,return_10d_pct,return_20d_pct,return_30d_pct,return_60d_pct,return_90d_pct
2024Q3,A,2024-08-21,0001090872-24-000024,$2B-$10B,3473000000,654000000,10763000000,-407000000,-181000000,694000000,,not_scored,,,,,,,missing_required_data,quarter_revenue_yoy_pct,regex_fallback,1580,,,1641,,6,6,6,6,5275,23681,Growth/earnings_8k_sec_parser/local_extractions_2024Q3/A/A_2024-08-21_000109087224000024.json,2024-08-22,145.380005,-4.4160,-4.5949,-3.8451,-5.9293,-11.5628
2024Q3,AAP,2024-08-22,0001158449-24-000192,$2B-$10B,3417594000,48323000,12276326000,-425202000,-89671000,-382524000,,not_scored,,,,,,,missing_required_data,quarter_revenue_yoy_pct;guidance_revenue_millions,regex_fallback,2700,,,,,6,3,6,5,3605,20771,Growth/earnings_8k_sec_parser/local_extractions_2024Q3/AAP/AAP_2024-08-22_000115844924000192.json,2024-08-23,51.299999,-14.7758,-23.0409,-20.9162,-24.4639,-24.5809
2024Q3,AAT,2024-07-30,0001500217-24-000043,$100M-$500M,107754000,20666000,2984681000,11485000,-25695000,51967000,,not_scored,,,,,,,missing_required_data,quarter_revenue_millions;quarter_revenue_yoy_pct;guidance_revenue_millions,regex_fallback,,,,,,6,6,6,6,95247,30180,Growth/earnings_8k_sec_parser/local_extractions_2024Q3/AAT/AAT_2024-07-30_000150021724000043.json,2024-07-31,25.980000,-5.8891,-1.3472,4.8884,2.8483,5.2348
2024Q3,ABG,2024-08-02,0001144980-24-000127,$2B-$10B,3582300000,181400000,10159400000,-55000000,-55200000,171700000,,not_scored,,,,,,,missing_required_data,quarter_revenue_yoy_pct;guidance_revenue_millions,regex_fallback,4200,,,,,6,3,6,6,3494,32840,Growth/earnings_8k_sec_parser/local_extractions_2024Q3/ABG/ABG_2024-08-02_000114498024000127.json,2024-08-05,220.820007,5.0584,10.5244,5.8419,4.9814,7.3182
2024Q3,ABM,2024-09-06,0000950170-24-104226,$2B-$10B,3975300000,90400000,4933700000,62800000,-22200000,-45000000,,not_scored,,,,,,,missing_required_data,quarter_revenue_yoy_pct;guidance_revenue_millions,regex_fallback,2100,,,,,6,6,6,6,3339,32676,Growth/earnings_8k_sec_parser/local_extractions_2024Q3/ABM/ABM_2024-09-06_000095017024104226.json,2024-09-09,51.610001,0.4263,2.2282,1.8020,11.8582,10.1143
2024Q3,ABNB,2024-08-06,0001193125-24-194849,$1B-$2B,1818000000,117000000,20645000000,2286000000,-183000000,1587000000,,not_scored,,,,,,,missing_required_data,quarter_revenue_yoy_pct;guidance_revenue_millions,regex_fallback,2750,,,,,6,6,6,6,3907,53078,Growth/earnings_8k_sec_parser/local_extractions_2024Q3/ABNB/ABNB_2024-08-06_000119312524194849.json,2024-08-07,112.440002,5.9587,3.8243,1.6364,15.8218,22.5720
2024Q3,ACA,2024-08-01,0001739445-24-000111,$500M-$1B,549200000,55700000,3577900000,-4400000,-34100000,27300000,,not_scored,,,,,,,missing_required_data,quarter_revenue_yoy_pct;guidance_revenue_millions,regex_fallback,2600,,,,,6,6,6,6,13994,32627,Growth/earnings_8k_sec_parser/local_extractions_2024Q3/ACA/ACA_2024-08-01_000173944524000111.json,2024-08-02,86.160004,-5.4898,1.3928,0.0812,8.2869,8.6815
2024Q3,ACAD,2024-08-06,0000950170-24-091826,$100M-$500M,118462000,-43021000,748956000,1466000,192518000,-17933000,,not_scored,,,,,,,missing_required_data,quarter_revenue_yoy_pct;guidance_revenue_millions,regex_fallback,242,,,,,6,6,6,6,3506,14545,Growth/earnings_8k_sec_parser/local_extractions_2024Q3/ACAD/ACAD_2024-08-06_000095017024091826.json,2024-08-07,15.400000,2.3377,2.2727,4.3506,-4.3506,-2.5974
2024Q3,ACCO,2024-08-01,0000950170-24-089332,$100M-$500M,402600000,-3700000,2644800000,88200000,-2000000,-23200000,,not_scored,,,,,,,missing_required_data,quarter_revenue_yoy_pct;guidance_revenue_millions,regex_fallback,438,,,,,6,6,6,6,3583,35219,Growth/earnings_8k_sec_parser/local_extractions_2024Q3/ACCO/ACCO_2024-08-01_000095017024089332.json,2024-08-02,4.850000,-2.2680,7.8351,10.9278,10.5155,1.0309
2024Q3,ACDC,2024-08-08,0001104659-24-086919,$500M-$1B,857500000,22000000,3070700000,327100000,-525800000,233500000,,not_scored,,,,,,,missing_required_data,quarter_revenue_yoy_pct;guidance_revenue_millions,regex_fallback,579.4,,,,,6,6,6,6,4197,26520,Growth/earnings_8k_sec_parser/local_extractions_2024Q3/ACDC/ACDC_2024-08-08_000110465924086919.json,2024-08-09,6.110000,7.8560,10.8020,4.0917,17.8396,16.8576
2024Q3,ACGL,2024-07-30,0000947484-24-000091,$2B-$10B,3168000000,715000000,58906000000,-30000000,-996000000,963000000,,not_scored,,,,,,,missing_required_data,quarter_revenue_millions;quarter_revenue_yoy_pct;guidance_revenue_millions,regex_fallback,,,,,,6,3,6,6,4172,125521,Growth/earnings_8k_sec_parser/local_extractions_2024Q3/ACGL/ACGL_2024-07-30_000094748424000091.json,2024-07-31,100.169998,-2.1963,2.6255,12.8981,11.6901,4.6221
2024Q3,ACH,2024-07-23,0001193125-24-182567,$2B-$10B,2522849000,-24418000,5093322000,-127489000,-34184000,158398000,,not_scored,,,,,,,missing_required_data,quarter_revenue_yoy_pct;guidance_revenue_millions,regex_fallback,10500,,,,,6,6,6,6,3460,13725,Growth/earnings_8k_sec_parser/local_extractions_2024Q3/ACH/ACH_2024-07-23_000119312524182567.json,2024-07-24,16.530001,-10.0424,-3.3273,-0.9679,-8.4090,-18.3908
2024Q3,ACIW,2024-08-01,0000935036-24-000032,$100M-$500M,289676000,-32308000,3444739000,-20326000,-8739000,40068000,,not_scored,,,,,,,missing_required_data,quarter_revenue_yoy_pct,regex_fallback,400,,,400,,6,4,6,6,3790,10150,Growth/earnings_8k_sec_parser/local_extractions_2024Q3/ACIW/ACIW_2024-08-01_000093503624000032.json,2024-08-02,44.599998,2.3094,7.8027,9.7534,13.1390,10.3139
2024Q3,ACLS,2024-07-09,0001104659-24-078460,$100M-$500M,254020000,47697000,1281967000,-16670000,-33049000,34559000,,not_scored,,,,,,,missing_required_data,quarter_revenue_yoy_pct;guidance_revenue_millions,regex_fallback,252,,,,,4,4,6,3,2982,7517,Growth/earnings_8k_sec_parser/local_extractions_2024Q3/ACLS/ACLS_2024-07-09_000110465924078460.json,2024-07-10,153.449997,-10.7788,-23.5191,-26.7058,-36.4223,-35.8097
2024Q3,ACT,2024-07-31,0001823529-24-000157,$100M-$500M,280939000,255943000,6190473000,-44956000,33463000,119339000,,not_scored,,,,,,,missing_required_data,quarter_revenue_millions;quarter_revenue_yoy_pct;guidance_revenue_millions,regex_fallback,,,,,,6,2,6,6,4080,20743,Growth/earnings_8k_sec_parser/local_extractions_2024Q3/ACT/ACT_2024-07-31_000182352924000157.json,2024-08-01,34.700001,-4.8991,0.3458,1.6427,4.6974,0.0288
2024Q3,ACVA,2024-08-07,0001628280-24-035624,$100M-$500M,119626000,-18200000,922924000,17280000,-23866000,42980000,,not_scored,,,,,,,missing_required_data,quarter_revenue_yoy_pct;guidance_revenue_millions,regex_fallback,161,,,,,6,6,6,6,3433,24952,Growth/earnings_8k_sec_parser/local_extractions_2024Q3/ACVA/ACVA_2024-08-07_000162828024035624.json,2024-08-08,16.400000,13.5366,12.5000,17.3781,14.2683,16.7073
2024Q3,ADBE,2024-09-12,0000796343-24-000200,$2B-$10B,9471000000,2542000000,29779000000,-3094000000,478000000,3832000000,,not_scored,,,,,,,missing_required_data,quarter_revenue_yoy_pct;guidance_revenue_millions,regex_fallback,504,,,,,6,3,6,6,13362,17592,Growth/earnings_8k_sec_parser/local_extractions_2024Q3/ADBE/ADBE_2024-09-12_000079634324000200.json,2024-09-13,532.570007,-0.8825,-5.4021,-4.3037,-1.1548,-10.8793
2024Q3,ADEA,2024-08-06,0000950170-24-091759,$100M-$500M,117307000,29021000,1105556000,-95088000,-390000,63352000,,not_scored,,,,,,,missing_required_data,quarter_revenue_yoy_pct;guidance_revenue_millions,regex_fallback,87.4,,,,,6,5,6,6,3250,22031,Growth/earnings_8k_sec_parser/local_extractions_2024Q3/ADEA/ADEA_2024-08-06_000095017024091759.json,2024-08-07,10.770000,9.8421,13.0919,6.8709,7.7994,18.7558
2024Q3,ADI,2024-08-21,0000006281-24-000158,$2B-$10B,6512560000,1939130000,48794478000,-2320272000,-460577000,2487886000,,not_scored,,,,,,,missing_required_data,quarter_revenue_yoy_pct;guidance_revenue_millions,regex_fallback,2310,,,,,6,6,6,6,4121,26284,Growth/earnings_8k_sec_parser/local_extractions_2024Q3/ADI/ADI_2024-08-21_000000628124000158.json,2024-08-22,225.679993,-3.0884,-0.2703,0.1462,-0.0044,-6.5004
2024Q3,ADNT,2024-08-06,0001670541-24-000095,$2B-$10B,7611000000,-3000000,9424000000,-218000000,-111000000,170000000,,not_scored,,,,,,,missing_required_data,quarter_revenue_millions;quarter_revenue_yoy_pct;guidance_revenue_millions,regex_fallback,,,,,,6,2,6,6,3393,17406,Growth/earnings_8k_sec_parser/local_extractions_2024Q3/ADNT/ADNT_2024-08-06_000167054124000095.json,2024-08-07,22.000000,1.4545,0.7273,-4.0000,1.0909,-10.3636
2024Q3,ADSK,2024-08-29,0000769397-24-000147,$2B-$10B,4386000000,497000000,9438000000,-169000000,-1595000000,1531000000,,not_scored,,,,,,,missing_required_data,guidance_revenue_millions,regex_fallback,1500,12,,,,6,6,6,6,15985,32166,Growth/earnings_8k_sec_parser/local_extractions_2024Q3/ADSK/ADSK_2024-08-29_000076939724000147.json,2024-08-30,270.000000,-5.3074,-0.0889,2.0296,7.2815,8.1111
2024Q3,ADTN,2024-08-06,0000950170-24-091207,$100M-$500M,323912000,-40083000,1682512000,55628000,-6794000,-19926000,,not_scored,,,,,,,missing_required_data,quarter_revenue_yoy_pct;guidance_revenue_millions,regex_fallback,226,,,,,6,6,6,6,3918,59292,Growth/earnings_8k_sec_parser/local_extractions_2024Q3/ADTN/ADTN_2024-08-06_000095017024091207.json,2024-08-07,4.730000,14.7992,13.1078,6.7653,22.1987,30.8668
2024Q3,ADUS,2024-08-05,0001193125-24-193948,$100M-$500M,251599000,12675000,1024426000,-23475000,-1742000,18799000,,not_scored,,,,,,,missing_required_data,quarter_revenue_yoy_pct;guidance_revenue_millions,regex_fallback,286.9,,,,,6,0,6,4,3258,24842,Growth/earnings_8k_sec_parser/local_extractions_2024Q3/ADUS/ADUS_2024-08-05_000119312524193948.json,2024-08-06,118.510002,10.8345,12.2521,9.3410,5.2401,8.8178
2024Q3,ADV,2024-08-07,0000950170-24-092266,$500M-$1B,944382000,-47587000,3779323000,-6878000,-7278000,43086000,,not_scored,,,,,,,missing_required_data,quarter_revenue_yoy_pct;guidance_revenue_millions,regex_fallback,873,,,,,6,6,6,6,5105,68958,Growth/earnings_8k_sec_parser/local_extractions_2024Q3/ADV/ADV_2024-08-07_000095017024092266.json,2024-08-08,94.250000,-1.3263,1.3263,-10.0796,-19.0981,-11.1406
2024Q3,AEE,2024-08-01,0001002910-24-000098,$2B-$10B,2062000000,265000000,40830000000,489000000,-964000000,496000000,,not_scored,,,,,,,missing_required_data,quarter_revenue_millions;quarter_revenue_yoy_pct;guidance_revenue_millions,regex_fallback,,,,,,6,6,6,4,4478,34101,Growth/earnings_8k_sec_parser/local_extractions_2024Q3/AEE/AEE_2024-08-01_000100291024000098.json,2024-08-02,82.669998,-2.8426,-0.4597,0.7379,5.8425,5.3708
2024Q3,AEIS,2024-07-30,0001558370-24-010373,$100M-$500M,425040000,30921000,2556757000,-10805000,-16210000,29811000,,not_scored,,,,,,,missing_required_data,quarter_revenue_yoy_pct;guidance_revenue_millions,regex_fallback,364.9,,,,,6,6,6,6,3483,22949,Growth/earnings_8k_sec_parser/local_extractions_2024Q3/AEIS/AEIS_2024-07-30_000155837024010373.json,2024-07-31,114.419998,-13.8612,-6.5985,-7.2802,-8.0231,-2.9802
2024Q3,AEO,2024-08-29,0000950170-24-101592,$1B-$2B,1080926000,18453000,3373894000,1908000,-46020000,-8216000,,not_scored,,,,,,,missing_required_data,quarter_revenue_yoy_pct;guidance_revenue_millions,regex_fallback,1300,,,,,6,6,6,6,4340,16909,Growth/earnings_8k_sec_parser/local_extractions_2024Q3/AEO/AEO_2024-08-29_000095017024101592.json,2024-08-30,20.719999,-8.3012,-3.2336,8.0598,-3.2336,-7.1429
2024Q3,AEP,2024-07-30,0000004904-24-000080,$2B-$10B,4690900000,400400000,96684000000,1364400000,-2245200000,717800000,,not_scored,,,,,,,missing_required_data,quarter_revenue_millions;quarter_revenue_yoy_pct;guidance_revenue_millions,regex_fallback,,,,,,6,6,6,6,3375,25050,Growth/earnings_8k_sec_parser/local_extractions_2024Q3/AEP/AEP_2024-07-30_000000490424000080.json,2024-07-31,98.919998,-1.7994,-1.2940,1.3748,3.7202,-1.5467
2024Q3,AES,2024-08-01,0000874761-24-000056,$2B-$10B,3239000000,151000000,44799000000,1016000000,-1624000000,625000000,,not_scored,,,,,,,missing_required_data,quarter_revenue_yoy_pct;guidance_revenue_millions,regex_fallback,63,,,,,6,6,6,6,7538,43983,Growth/earnings_8k_sec_parser/local_extractions_2024Q3/AES/AES_2024-08-01_000087476124000056.json,2024-08-02,17.299999,-3.4104,2.7168,-3.1792,16.9942,-4.6821
2024Q3,AESI,2024-08-05,0000950170-24-090850,$100M-$500M,153418000,1734000,1261686000,277351000,-60940000,54235000,,not_scored,,,,,,,missing_required_data,quarter_revenue_yoy_pct;guidance_revenue_millions,regex_fallback,287.5,,,,,6,3,6,6,4300,27718,Growth/earnings_8k_sec_parser/local_extractions_2024Q3/AESI/AESI_2024-08-05_000095017024090850.json,2024-08-06,18.440001,9.2191,16.2690,10.9002,22.6681,8.2429
2024Q3,AFL,2024-07-31,0000004977-24-000138,$2B-$10B,4800000000,1188000000,126724000000,-933000000,-77000000,890000000,,not_scored,,,,,,,missing_required_data,quarter_revenue_yoy_pct;guidance_revenue_millions,regex_fallback,5100,,,,,6,3,6,6,22088,53556,Growth/earnings_8k_sec_parser/local_extractions_2024Q3/AFL/AFL_2024-07-31_000000497724000138.json,2024-08-01,104.379997,-3.0561,0.9197,4.4932,7.1086,5.4704
2024Q3,AFRM,2024-08-28,0001820953-24-000033,$1B-$2B,1142160000,-251269000,8155615000,740396000,-875896000,-31608000,,not_scored,,,,,,,missing_required_data,guidance_revenue_millions,regex_fallback,659,48,,,,6,6,6,6,3547,67546,Growth/earnings_8k_sec_parser/local_extractions_2024Q3/AFRM/AFRM_2024-08-28_000182095324000033.json,2024-08-29,39.110001,-2.4035,13.2191,4.3723,7.6962,74.8146
2024Q3,AGX,2024-09-05,0001558370-24-012610,$100M-$500M,103675000,2109000,475694000,-6494000,28750000,-1248000,,not_scored,,,,,,,missing_required_data,quarter_revenue_yoy_pct;guidance_revenue_millions,regex_fallback,227,,,,,6,6,6,6,2935,15558,Growth/earnings_8k_sec_parser/local_extractions_2024Q3/AGX/AGX_2024-09-05_000155837024012610.json,2024-09-06,89.089996,1.9643,10.5175,23.0666,58.9965,67.0446
2024Q3,AGYS,2024-07-22,0000950170-24-085249,$100M-$500M,162636000,6478000,243036000,-4901000,-25679000,28475000,,not_scored,,,,,,,missing_required_data,quarter_revenue_yoy_pct;guidance_revenue_millions,regex_fallback,56.1,,,,,6,4,6,6,3479,18057,Growth/earnings_8k_sec_parser/local_extractions_2024Q3/AGYS/AGYS_2024-07-22_000095017024085249.json,2024-07-23,105.000000,0.6190,4.4000,3.5429,2.4190,11.8476
2024Q3,AHCO,2024-08-06,0001628280-24-034954,$500M-$1B,744626000,15707000,4508650000,4448000,-89567000,140248000,,not_scored,,,,,,,missing_required_data,quarter_revenue_yoy_pct;guidance_revenue_millions,regex_fallback,806,,,,,6,6,6,6,3621,22311,Growth/earnings_8k_sec_parser/local_extractions_2024Q3/AHCO/AHCO_2024-08-06_000162828024034954.json,2024-08-07,8.820000,20.5215,22.6190,25.8503,15.4195,4.0816
2024Q3,AHR,2024-08-05,0001632970-24-000076,$100M-$500M,452226000,-25872000,4577933000,-14300000,-33319000,23862000,,not_scored,,,,,,,missing_required_data,quarter_revenue_yoy_pct;guidance_revenue_millions,regex_fallback,65,,,,,6,6,6,6,3841,99676,Growth/earnings_8k_sec_parser/local_extractions_2024Q3/AHR/AHR_2024-08-05_000163297024000076.json,2024-08-06,16.360001,16.1980,29.2787,35.0244,52.4450,56.9071
2024Q3,AHRT,2024-08-07,0001569187-24-000117,$100M-$500M,144175000,4709000,2562898000,22860000,-51344000,13055000,,not_scored,,,,,,,missing_required_data,quarter_revenue_millions;quarter_revenue_yoy_pct;guidance_revenue_millions,regex_fallback,,,,,,6,6,6,6,4590,98435,Growth/earnings_8k_sec_parser/local_extractions_2024Q3/AHRT/AHRT_2024-08-07_000156918724000117.json,2024-08-08,11.210000,5.1740,9.5450,5.1740,-3.3006,0.3568
2024Q3,AI,2024-09-04,0001628280-24-039310,$100M-$500M,252759000,-192065000,1103028000,5711000,317015000,-86462000,,not_scored,,,,,,,missing_required_data,quarter_revenue_yoy_pct;guidance_revenue_millions,regex_fallback,87.2,,,,,6,6,6,6,3588,25564,Growth/earnings_8k_sec_parser/local_extractions_2024Q3/AI/AI_2024-09-04_000162828024039310.json,2024-09-05,19.180000,21.3764,25.9645,25.6517,29.5099,95.9854
2024Q3,AIOT,2024-08-05,0001493152-24-030281,$100M-$500M,125960000,-12766000,226044000,16211000,-3027000,-5390000,,not_scored,,,,,,,missing_required_data,quarter_revenue_yoy_pct;guidance_revenue_millions,regex_fallback,75,,,,,5,6,6,6,7309,19340,Growth/earnings_8k_sec_parser/local_extractions_2024Q3/AIOT/AIOT_2024-08-05_000149315224030281.json,2024-08-06,4.520000,6.6372,7.5221,2.2124,10.6195,8.8496
2024Q3,AJG,2024-07-25,0001193125-24-184856,$2B-$10B,2706100000,486500000,45094400000,958100000,-256600000,428500000,,not_scored,,,,,,,missing_required_data,quarter_revenue_yoy_pct;guidance_revenue_millions,regex_fallback,500,,,,,4,5,6,6,4658,54605,Growth/earnings_8k_sec_parser/local_extractions_2024Q3/AJG/AJG_2024-07-25_000119312524184856.json,2024-07-26,269.130005,3.4147,5.6738,6.5582,3.7900,6.8443
2024Q3,AKAM,2024-08-08,0001086222-24-000197,$500M-$1B,600293000,97106000,9900037000,-357289000,-119888000,233499000,,not_scored,,,,,,,missing_required_data,quarter_revenue_yoy_pct;guidance_revenue_millions,regex_fallback,980,,,,,6,6,6,6,3406,37247,Growth/earnings_8k_sec_parser/local_extractions_2024Q3/AKAM/AKAM_2024-08-08_000108622224000197.json,2024-08-09,98.010002,3.7139,3.6629,-2.9997,3.3874,6.5197
2024Q3,ALB,2024-07-31,0000915913-24-000137,$2B-$10B,2580252000,1238580000,18270652000,-118676000,-539008000,720980000,,not_scored,,,,,,,missing_required_data,quarter_revenue_yoy_pct;guidance_revenue_millions,regex_fallback,1400,,,,,6,6,6,6,5633,39875,Growth/earnings_8k_sec_parser/local_extractions_2024Q3/ALB/ALB_2024-07-31_000091591324000137.json,2024-08-01,94.000000,-19.1489,-5.7447,-10.5106,0.7553,1.6170
2024Q3,ALG,2024-07-31,0000897077-24-000095,$100M-$500M,411771000,33349000,1409386000,66773000,-6466000,1206000,,not_scored,,,,,,,missing_required_data,quarter_revenue_yoy_pct;guidance_revenue_millions,regex_fallback,416.3,,,,,6,6,6,5,3343,15882,Growth/earnings_8k_sec_parser/local_extractions_2024Q3/ALG/ALG_2024-07-31_000089707724000095.json,2024-08-01,185.000000,-7.9459,-2.7946,-3.2973,-2.6324,-6.4378
2024Q3,ALGM,2024-07-23,0000950103-24-010519,$500M-$1B,768674000,119407000,1181155000,-5307000,-66271000,156129000,,not_scored,,,,,,,missing_required_data,quarter_revenue_millions;quarter_revenue_yoy_pct;guidance_revenue_millions,regex_fallback,,,,,,6,2,2,6,24252,11371,Growth/earnings_8k_sec_parser/local_extractions_2024Q3/ALGM/ALGM_2024-07-23_000095010324010519.json,2024-07-24,25.790001,-17.0221,-9.7325,-3.1020,-14.3854,-21.7138
2024Q3,ALGN,2024-07-24,0001097149-24-000045,$500M-$1B,943147000,87798000,6083877000,-258961000,-52829000,199895000,,not_scored,,,,,,,missing_required_data,quarter_revenue_yoy_pct;guidance_revenue_millions,regex_fallback,1028.5,,,,,6,6,6,6,3364,38426,Growth/earnings_8k_sec_parser/local_extractions_2024Q3/ALGN/ALGN_2024-07-24_000109714924000045.json,2024-07-25,228.110001,-8.8422,-3.5422,1.5519,10.9815,-8.9650
2024Q3,ALGT,2024-07-31,0001362468-24-000040,$500M-$1B,649687000,56149000,4869410000,-11877000,-114239000,215400000,,not_scored,,,,,,,missing_required_data,quarter_revenue_millions;quarter_revenue_yoy_pct;guidance_revenue_millions,regex_fallback,,,,,,6,6,6,6,7320,45528,Growth/earnings_8k_sec_parser/local_extractions_2024Q3/ALGT/ALGT_2024-07-31_000136246824000040.json,2024-08-01,56.070000,-34.7780,-26.6631,-26.7701,-1.8013,12.2882
2024Q3,ALKS,2024-07-24,0000950170-24-085860,$100M-$500M,287595000,-41845000,2136223000,-22620000,72850000,-21302000,,not_scored,,,,,,,missing_required_data,quarter_revenue_yoy_pct;guidance_revenue_millions,regex_fallback,399.1,,,,,6,6,6,6,3565,34321,Growth/earnings_8k_sec_parser/local_extractions_2024Q3/ALKS/ALKS_2024-07-24_000095017024085860.json,2024-07-25,26.680000,4.3853,-1.3868,6.8591,5.3223,4.3853
2024Q3,ALLE,2024-07-24,0001579241-24-000044,$500M-$1B,923000000,123500000,4311500000,-15400000,-51400000,69000000,,not_scored,,,,,,,missing_required_data,quarter_revenue_yoy_pct;guidance_revenue_millions,regex_fallback,965.6,,,,,6,6,6,6,3641,26281,Growth/earnings_8k_sec_parser/local_extractions_2024Q3/ALLE/ALLE_2024-07-24_000157924124000044.json,2024-07-25,129.029999,-0.9920,1.5965,6.7271,10.5557,16.9185
2024Q3,ALRM,2024-08-08,0001459200-24-000020,$100M-$500M,209716000,14207000,1439563000,842000,-12943000,-3521000,,not_scored,,,,,,,missing_required_data,quarter_revenue_yoy_pct,regex_fallback,157.3,,,157.3,,6,6,6,5,3529,32418,Growth/earnings_8k_sec_parser/local_extractions_2024Q3/ALRM/ALRM_2024-08-08_000145920024000020.json,2024-08-09,63.099998,-6.2758,-5.2456,-12.1870,-16.3391,-9.4453
2024Q3,ALTG,2024-08-07,0000950170-24-092824,$100M-$500M,420700000,1000000,1570900000,37900000,-18900000,-20100000,,not_scored,,,,,,,missing_required_data,quarter_revenue_yoy_pct;guidance_revenue_millions,regex_fallback,19.7,,,,,6,5,6,6,3589,27699,Growth/earnings_8k_sec_parser/local_extractions_2024Q3/ALTG/ALTG_2024-08-07_000095017024092824.json,2024-08-08,7.610000,-21.2878,-11.0381,-21.8134,-18.2654,-0.9198
2024Q3,AMC,2024-07-22,0001104659-24-081453,$500M-$1B,954400000,-235500000,9009200000,68900000,-16600000,-189900000,,not_scored,,,,,,,missing_required_data,quarter_revenue_millions;quarter_revenue_yoy_pct;guidance_revenue_millions,regex_fallback,,,,,,6,0,6,6,34683,19729,Growth/earnings_8k_sec_parser/local_extractions_2024Q3/AMC/AMC_2024-07-22_000110465924081453.json,2024-07-23,5.300000,-6.7925,-4.9057,-7.1698,-12.0755,-19.0566
2024Q3,AMCX,2024-08-09,0001514991-24-000032,$500M-$1B,717447000,103610000,4969787000,-28310000,-7005000,-132519000,,not_scored,,,,,,,missing_required_data,quarter_revenue_yoy_pct;guidance_revenue_millions,regex_fallback,626,,,,,6,2,6,6,3427,28905,Growth/earnings_8k_sec_parser/local_extractions_2024Q3/AMCX/AMCX_2024-08-09_000151499124000032.json,2024-08-12,9.500000,9.2632,3.6842,-16.0000,-16.0000,-8.0000
2024Q3,AMD,2024-07-30,0000002488-24-000121,$2B-$10B,5353000000,-139000000,67885000000,-259000000,-1237000000,486000000,,not_scored,,,,,,,missing_required_data,quarter_revenue_yoy_pct;guidance_revenue_millions,regex_fallback,5800,,,,,6,6,6,6,5629,23684,Growth/earnings_8k_sec_parser/local_extractions_2024Q3/AMD/AMD_2024-07-30_000000248824000121.json,2024-07-31,150.729996,-9.2616,3.7617,-1.4397,8.8569,10.2966
2024Q3,AME,2024-08-01,0001037868-24-000045,$1B-$2B,1597117000,305712000,15023533000,-214966000,-122160000,386536000,,not_scored,,,,,,,missing_required_data,quarter_revenue_yoy_pct;guidance_revenue_millions,regex_fallback,1730,,,,,6,6,6,6,3584,11613,Growth/earnings_8k_sec_parser/local_extractions_2024Q3/AME/AME_2024-08-01_000103786824000045.json,2024-08-02,157.649994,1.9727,4.8018,5.7279,7.2629,16.2956
2024Q3,AMGN,2024-08-06,0000318154-24-000033,$2B-$10B,6105000000,2841000000,97154000000,21509000000,1358000000,1064000000,,not_scored,,,,,,,missing_required_data,guidance_revenue_millions,regex_fallback,8400,20,,,,6,6,6,6,9686,57096,Growth/earnings_8k_sec_parser/local_extractions_2024Q3/AMGN/AMGN_2024-08-06_000031815424000033.json,2024-08-07,320.989990,2.1745,1.8505,-0.1340,-1.1028,-0.5296
2024Q3,AMKR,2024-07-29,0001047127-24-000156,$1B-$2B,1471539000,45351000,6771125000,-66206000,-155704000,175746000,,not_scored,,,,,,,missing_required_data,quarter_revenue_yoy_pct;guidance_revenue_millions,regex_fallback,1460,,,,,6,3,6,3,3246,17167,Growth/earnings_8k_sec_parser/local_extractions_2024Q3/AMKR/AMKR_2024-07-29_000104712724000156.json,2024-07-30,34.970001,-9.2079,-5.4332,-6.4055,-12.4964,-15.5562
2024Q3,AMN,2024-08-08,0000950142-24-002148,$1B-$2B,1126223000,84110000,2924394000,-44457000,-32431000,43434000,,not_scored,,,,,,,missing_required_data,quarter_revenue_yoy_pct;guidance_revenue_millions,regex_fallback,741,,,,,6,6,6,6,3378,35206,Growth/earnings_8k_sec_parser/local_extractions_2024Q3/AMN/AMN_2024-08-08_000095014224002148.json,2024-08-09,61.029999,-16.3035,-13.2230,-25.1188,-36.3264,-32.9510
2024Q3,AMPH,2024-08-07,0001297184-24-000045,$100M-$500M,140022000,26032000,1512912000,-13548000,-6333000,40382000,,not_scored,,,,,,,missing_required_data,quarter_revenue_yoy_pct;guidance_revenue_millions,regex_fallback,182.4,,,,,6,2,5,5,3483,23339,Growth/earnings_8k_sec_parser/local_extractions_2024Q3/AMPH/AMPH_2024-08-07_000129718424000045.json,2024-08-08,42.490002,10.1200,14.2857,4.8247,10.2142,25.6766
2024Q3,AMR,2024-08-05,0001704715-24-000117,$500M-$1B,911235000,270771000,2406057000,-231452000,-27891000,177387000,,not_scored,,,,,,,missing_required_data,quarter_revenue_millions;quarter_revenue_yoy_pct;guidance_revenue_millions,regex_fallback,,,,,,6,6,6,6,3165,26081,Growth/earnings_8k_sec_parser/local_extractions_2024Q3/AMR/AMR_2024-08-05_000170471524000117.json,2024-08-06,250.389999,-3.9259,-11.2425,-18.7228,-4.9523,-14.7769
2024Q3,AMRX,2024-08-09,0001723128-24-000030,$500M-$1B,557540000,-6943000,3472569000,-12900000,-11737000,139712000,,not_scored,,,,,,,missing_required_data,quarter_revenue_yoy_pct;guidance_revenue_millions,regex_fallback,702,,,,,6,6,6,6,5470,48818,Growth/earnings_8k_sec_parser/local_extractions_2024Q3/AMRX/AMRX_2024-08-09_000172312824000030.json,2024-08-12,7.770000,3.6036,9.2664,7.5933,10.2960,18.4041
2024Q3,AMT,2024-07-30,0001053507-24-000103,$2B-$10B,2767200000,315000000,66817700000,-1012600000,-276800000,1070500000,,not_scored,,,,,,,missing_required_data,quarter_revenue_yoy_pct;guidance_revenue_millions,regex_fallback,67,,,,,6,6,6,6,5298,57511,Growth/earnings_8k_sec_parser/local_extractions_2024Q3/AMT/AMT_2024-07-30_000105350724000103.json,2024-07-31,221.500000,1.8239,-0.5056,1.1558,4.9932,-3.8781
2024Q3,AMWD,2024-08-27,0000794619-24-000067,$1B-$2B,1857186000,-29722000,1518798000,-41619000,-51572000,24445000,,not_scored,,,,,,,missing_required_data,quarter_revenue_yoy_pct;guidance_revenue_millions,regex_fallback,459.1,,,,,6,4,6,6,3022,18082,Growth/earnings_8k_sec_parser/local_extractions_2024Q3/AMWD/AMWD_2024-08-27_000079461924000067.json,2024-08-28,87.639999,-4.6668,5.7280,6.0703,9.6417,4.5413
2024Q3,ANDE,2024-08-06,0000821026-24-000179,$2B-$10B,3881238000,-14750000,4102044000,308817000,-19807000,-333535000,,not_scored,,,,,,,missing_required_data,quarter_revenue_millions;quarter_revenue_yoy_pct;guidance_revenue_millions,regex_fallback,,,,,,6,6,6,6,3011,30873,Growth/earnings_8k_sec_parser/local_extractions_2024Q3/ANDE/ANDE_2024-08-06_000082102624000179.json,2024-08-07,47.439999,4.8272,5.5860,0.7589,5.3963,-8.4949
2024Q3,ANET,2024-07-30,0001596532-24-000277,$1B-$2B,1351351000,436473000,9946806000,-68403000,-21747000,374483000,,not_scored,,,,,,,missing_required_data,quarter_revenue_yoy_pct;guidance_revenue_millions,regex_fallback,1690,,,,,6,4,6,6,3646,18334,Growth/earnings_8k_sec_parser/local_extractions_2024Q3/ANET/ANET_2024-07-30_000159653224000277.json,2024-07-31,84.500000,0.0976,4.6716,4.5503,13.5562,18.8077
2024Q3,ANF,2024-08-29,0001018840-24-000066,$500M-$1B,835994000,16571000,2974233000,-21956000,-46391000,-560000,,not_scored,,,,,,,missing_required_data,quarter_revenue_yoy_pct;guidance_revenue_millions,regex_fallback,1100,,,,,6,6,6,6,5396,48800,Growth/earnings_8k_sec_parser/local_extractions_2024Q3/ANF/ANF_2024-08-29_000101884024000066.json,2024-08-30,143.000000,-6.8112,-2.5734,-2.1678,-3.1678,4.6783
2024Q3,ANGI,2024-08-15,0001705110-24-000082,$100M-$500M,355497000,-15000000,1856215000,-1379000,-95297000,11358000,,not_scored,,,,,,,missing_required_data,quarter_revenue_yoy_pct;guidance_revenue_millions,regex_fallback,315.1,,,,,6,6,6,6,3694,28995,Growth/earnings_8k_sec_parser/local_extractions_2024Q3/ANGI/ANGI_2024-08-15_000170511024000082.json,2024-08-16,25.600000,3.1250,3.1250,5.8594,-1.5625,-31.6406
2024Q3,ANGO,2024-07-16,0001140361-24-033242,$100M-$500M,247678000,-13004000,532637000,25420000,-8218000,-15876000,,not_scored,,,,,,,missing_required_data,quarter_revenue_yoy_pct;guidance_revenue_millions,regex_fallback,71.1,,,,,6,6,6,6,6666,53681,Growth/earnings_8k_sec_parser/local_extractions_2024Q3/ANGO/ANGO_2024-07-16_000114036124033242.json,2024-07-17,7.590000,0.9223,1.5810,0.2635,-1.0540,-16.6008
2024Q3,AON,2024-07-26,0001628280-24-033048,$2B-$10B,3871000000,1050000000,33959000000,404000000,205000000,443000000,,not_scored,,,,,,,missing_required_data,guidance_revenue_millions,regex_fallback,3800,18,,,,6,4,6,6,6341,39214,Growth/earnings_8k_sec_parser/local_extractions_2024Q3/AON/AON_2024-07-26_000162828024033048.json,2024-07-29,318.390015,2.6854,5.0221,6.6459,9.1963,16.7467
2024Q3,AOS,2024-07-23,0000091142-24-000147,$500M-$1B,966400000,126900000,3213900000,-97500000,-9800000,119900000,,not_scored,,,,,,,missing_required_data,quarter_revenue_yoy_pct;guidance_revenue_millions,regex_fallback,1000,,,,,6,6,6,6,3006,19186,Growth/earnings_8k_sec_parser/local_extractions_2024Q3/AOS/AOS_2024-07-23_000009114224000147.json,2024-07-24,80.879997,0.9520,-1.6197,2.0524,3.8328,-3.3012
2024Q3,AOSL,2024-08-07,0001387467-24-000066,$500M-$1B,529796000,13468000,1199737000,-6417000,-90603000,48654000,,not_scored,,,,,,,missing_required_data,quarter_revenue_yoy_pct,regex_fallback,161.3,,,180,25,6,6,6,6,3612,37643,Growth/earnings_8k_sec_parser/local_extractions_2024Q3/AOSL/AOSL_2024-08-07_000138746724000066.json,2024-08-08,37.000000,-0.4324,13.2703,-11.3243,-3.3243,-26.1081
2024Q3,APAM,2024-07-23,0001517302-24-000052,$100M-$500M,234509000,50753000,1405858000,-54849000,-36203000,120936000,,not_scored,,,,,,,missing_required_data,quarter_revenue_yoy_pct;guidance_revenue_millions,regex_fallback,270.8,,,,,6,1,6,6,3729,52498,Growth/earnings_8k_sec_parser/local_extractions_2024Q3/APAM/APAM_2024-07-23_000151730224000052.json,2024-07-24,42.520000,-9.6896,-6.4205,-1.0583,0.8702,3.7629
2024Q3,APD,2024-08-01,0000002969-24-000041,$2B-$10B,6374800000,1012000000,32002500000,603400000,-2476000000,1358000000,,not_scored,,,,,,,missing_required_data,quarter_revenue_yoy_pct;guidance_revenue_millions,regex_fallback,3000,,,,,6,6,6,6,3956,39284,Growth/earnings_8k_sec_parser/local_extractions_2024Q3/APD/APD_2024-08-01_000000296924000041.json,2024-08-02,282.799988,-3.1365,-2.9597,-2.6909,3.0516,9.8055
2024Q3,APEI,2024-08-06,0001104659-24-086254,$100M-$500M,149689000,-5740000,557386000,-2849000,-3206000,12758000,,not_scored,,,,,,,missing_required_data,quarter_revenue_yoy_pct;guidance_revenue_millions,regex_fallback,620,,,,,6,6,6,6,3467,39501,Growth/earnings_8k_sec_parser/local_extractions_2024Q3/APEI/APEI_2024-08-06_000110465924086254.json,2024-08-07,14.340000,1.1158,12.5523,3.4170,-4.8117,8.9261
2024Q3,APH,2024-07-24,0001558370-24-010011,$2B-$10B,2974000000,439200000,16526400000,-265400000,-256600000,532400000,,not_scored,,,,,,,missing_required_data,quarter_revenue_yoy_pct;guidance_revenue_millions,regex_fallback,3610,,,,,6,6,6,5,5711,47457,Growth/earnings_8k_sec_parser/local_extractions_2024Q3/APH/APH_2024-07-24_000155837024010011.json,2024-07-25,62.810001,-7.0371,3.1842,6.1296,4.5534,9.0113
2024Q3,APLE,2024-08-05,0000950170-24-090772,$100M-$500M,311454000,32923000,4937298000,-31848000,-24576000,51691000,,not_scored,,,,,,,missing_required_data,quarter_revenue_yoy_pct;guidance_revenue_millions,regex_fallback,41,,,,,6,6,6,6,3421,64768,Growth/earnings_8k_sec_parser/local_extractions_2024Q3/APLE/APLE_2024-08-05_000095017024090772.json,2024-08-06,14.010000,1.7844,2.9265,-0.5710,7.7802,5.1392
2024Q3,APO,2024-08-01,0001858681-24-000090,$2B-$10B,5301000000,1010000000,313488000000,11523000000,-5640000000,1071000000,,not_scored,,,,,,,missing_required_data,quarter_revenue_yoy_pct;guidance_revenue_millions,regex_fallback,710,,,,,6,5,6,6,4127,94843,Growth/earnings_8k_sec_parser/local_extractions_2024Q3/APO/APO_2024-08-01_000185868124000090.json,2024-08-02,110.110001,-6.4299,-1.4894,1.0989,19.8892,30.1063
2024Q3,APP,2024-08-07,0001751008-24-000053,$500M-$1B,715405000,-4518000,5359187000,-111415000,-12975000,288662000,,not_scored,,,,,,,missing_required_data,quarter_revenue_yoy_pct;guidance_revenue_millions,regex_fallback,1080,,,,,6,3,6,5,3524,25709,Growth/earnings_8k_sec_parser/local_extractions_2024Q3/APP/APP_2024-08-07_000175100824000053.json,2024-08-08,70.050003,22.5054,25.6245,23.2120,99.7859,140.6138
2024Q3,APPF,2024-07-25,0001433195-24-000103,$100M-$500M,136100000,-35110000,408889000,-4705000,36288000,1573000,4,medium,3,1,0,0,0,291.0841,scored,,regex_fallback,197.4,34,,772,,6,6,6,6,3502,23701,Growth/earnings_8k_sec_parser/local_extractions_2024Q3/APPF/APPF_2024-07-25_000143319524000103.json,2024-07-26,269.940002,-24.3054,-18.0485,-13.2955,-11.6433,-28.8471
2024Q3,APPN,2024-08-01,0001441683-24-000068,$100M-$500M,135235000,-36829000,627503000,88144000,-12316000,-25265000,1,low,1,0,0,0,0,0.6787,scored,,regex_fallback,88.4,19,,89,,6,6,6,6,3497,23769,Growth/earnings_8k_sec_parser/local_extractions_2024Q3/APPN/APPN_2024-08-01_000144168324000068.json,2024-08-02,28.230000,-0.8502,9.1038,11.9731,16.5781,26.6383
2024Q3,APTV,2024-08-01,0001521332-24-000055,$2B-$10B,4818000000,162000000,24427000000,-122000000,-309000000,-9000000,,not_scored,,,,,,,missing_required_data,quarter_revenue_yoy_pct;guidance_revenue_millions,regex_fallback,5100,,,,,6,6,6,6,5345,41829,Growth/earnings_8k_sec_parser/local_extractions_2024Q3/APTV/APTV_2024-08-01_000152133224000055.json,2024-08-02,71.160004,-5.4947,-1.4896,-1.4756,-0.8994,-20.1377
2024Q3,ARCB,2024-08-02,0001558370-24-010640,$1B-$2B,1106094000,71283000,2485094000,-46676000,70960000,20663000,,not_scored,,,,,,,missing_required_data,quarter_revenue_yoy_pct;guidance_revenue_millions,regex_fallback,395.8,,,,,6,6,6,6,6146,84452,Growth/earnings_8k_sec_parser/local_extractions_2024Q3/ARCB/ARCB_2024-08-02_000155837024010640.json,2024-08-05,100.000000,8.6600,8.5700,2.1600,0.8300,0.5400
2024Q3,ARES,2024-08-02,0001628280-24-034260,$500M-$1B,653681000,180623000,24730500000,-821144000,-8877000,707572000,,not_scored,,,,,,,missing_required_data,quarter_revenue_yoy_pct;guidance_revenue_millions,regex_fallback,21.6,,,,,6,6,6,6,4549,136280,Growth/earnings_8k_sec_parser/local_extractions_2024Q3/ARES/ARES_2024-08-02_000162828024034260.json,2024-08-05,131.000000,11.1450,12.1832,7.5267,22.4351,21.8931
2024Q3,ARLO,2024-08-08,0001736946-24-000033,$100M-$500M,140997000,-14245000,285538000,-4691000,-22672000,10329000,,not_scored,,,,,,,missing_required_data,quarter_revenue_yoy_pct;guidance_revenue_millions,regex_fallback,60.3,,,,,6,6,6,6,3386,29194,Growth/earnings_8k_sec_parser/local_extractions_2024Q3/ARLO/ARLO_2024-08-08_000173694624000033.json,2024-08-09,12.430000,-1.2872,-2.9767,-11.5044,-10.6195,-2.1722
2024Q3,ARLP,2024-07-29,0001558370-24-010256,$500M-$1B,662922000,191185000,2787749000,-99313000,-147148000,221688000,,not_scored,,,,,,,missing_required_data,quarter_revenue_yoy_pct;guidance_revenue_millions,regex_fallback,593.4,,,,,6,6,6,6,6258,54696,Growth/earnings_8k_sec_parser/local_extractions_2024Q3/ARLP/ARLP_2024-07-29_000155837024010256.json,2024-07-30,24.500000,-6.9388,-2.6531,-2.3673,2.0408,4.0816
2024Q3,AROC,2024-07-22,0001104659-24-081572,$100M-$500M,229834000,16485000,2655950000,-28705000,-57666000,87856000,,not_scored,,,,,,,missing_required_data,quarter_revenue_millions;quarter_revenue_yoy_pct;guidance_revenue_millions,regex_fallback,,,,,,6,6,6,6,23752,33298,Growth/earnings_8k_sec_parser/local_extractions_2024Q3/AROC/AROC_2024-07-22_000110465924081572.json,2024-07-23,22.309999,-16.2707,-14.4330,-13.5813,-5.0202,-8.5164
2024Q3,ARRY,2024-08-08,0001820721-24-000060,$100M-$500M,376773000,29635000,1706741000,-23762000,-3883000,45816000,,not_scored,,,,,,,missing_required_data,quarter_revenue_yoy_pct;guidance_revenue_millions,regex_fallback,900,,,,,6,6,6,6,4384,49296,Growth/earnings_8k_sec_parser/local_extractions_2024Q3/ARRY/ARRY_2024-08-08_000182072124000060.json,2024-08-09,7.940000,-15.7431,-13.7280,-24.3073,-18.8917,-21.9144
2024Q3,ARWR,2024-08-08,0001628280-24-036113,$100M-$500M,208813000,7350000,765552000,251096000,-116759000,-107187000,,not_scored,,,,,,,missing_required_data,quarter_revenue_millions;quarter_revenue_yoy_pct;guidance_revenue_millions,regex_fallback,,,,,,0,1,6,3,3431,19158,Growth/earnings_8k_sec_parser/local_extractions_2024Q3/ARWR/ARWR_2024-08-08_000162828024036113.json,2024-08-09,25.000000,-6.6000,-3.6800,-12.9600,-27.9200,-14.4400
2024Q3,ASAN,2024-09-03,0001477720-24-000075,$100M-$500M,152411000,-61468000,961960000,9731000,-140366000,-14593000,,not_scored,,,,,,,missing_required_data,quarter_revenue_yoy_pct;guidance_revenue_millions,regex_fallback,179.2,,,,,6,6,6,6,5239,25870,Growth/earnings_8k_sec_parser/local_extractions_2024Q3/ASAN/ASAN_2024-09-03_000147772024000075.json,2024-09-04,11.550000,5.1082,2.9437,-0.1732,8.8312,31.4286
2024Q3,ASB,2024-07-25,0000007789-24-000058,$100M-$500M,336083000,103360000,41015855000,1230238000,-1076322000,47470000,,not_scored,,,,,,,missing_required_data,quarter_revenue_millions;quarter_revenue_yoy_pct;guidance_revenue_millions,regex_fallback,,,,,,6,6,6,6,3820,93939,Growth/earnings_8k_sec_parser/local_extractions_2024Q3/ASB/ASB_2024-07-25_000000778924000058.json,2024-07-26,23.180000,-12.8128,-8.4124,-3.0630,-7.6790,-2.1570
2024Q3,ASGN,2024-07-24,0000890564-24-000017,$1B-$2B,1128800000,49500000,3544600000,-73400000,-12300000,80500000,,not_scored,,,,,,,missing_required_data,quarter_revenue_yoy_pct;guidance_revenue_millions,regex_fallback,1035,,,,,6,2,6,1,3282,19877,Growth/earnings_8k_sec_parser/local_extractions_2024Q3/ASGN/ASGN_2024-07-24_000089056424000017.json,2024-07-25,93.970001,-8.9390,-6.4382,1.4686,0.1809,-0.9897
2024Q3,ASIX,2024-08-02,0001673985-24-000102,$1B-$2B,1297393000,34954000,1496020000,-5128000,-25606000,1575000,,not_scored,,,,,,,missing_required_data,quarter_revenue_yoy_pct;guidance_revenue_millions,regex_fallback,453,,,,,6,6,6,4,3322,22145,Growth/earnings_8k_sec_parser/local_extractions_2024Q3/ASIX/ASIX_2024-08-02_000167398524000102.json,2024-08-05,25.879999,12.4420,16.1128,6.7233,23.6476,15.1082
2024Q3,ASO,2024-09-10,0001817358-24-000170,$1B-$2B,1383609000,93970000,4641934000,-53197000,-40547000,52135000,,not_scored,,,,,,,missing_required_data,quarter_revenue_millions;quarter_revenue_yoy_pct;guidance_revenue_millions,regex_fallback,,,,,,6,6,6,6,3943,23068,Growth/earnings_8k_sec_parser/local_extractions_2024Q3/ASO/ASO_2024-09-10_000181735824000170.json,2024-09-11,55.590000,9.4801,1.2772,-2.1587,-8.7426,-5.4146
2024Q3,ASTH,2024-08-07,0001104659-24-086761,$100M-$500M,337244000,13132000,933361000,-7099000,-14035000,7720000,,not_scored,,,,,,,missing_required_data,quarter_revenue_yoy_pct;guidance_revenue_millions,regex_fallback,486.3,,,,,6,6,6,2,3726,23902,Growth/earnings_8k_sec_parser/local_extractions_2024Q3/ASTH/ASTH_2024-08-07_000110465924086761.json,2024-08-08,51.849998,-7.6953,-6.8852,-8.6789,14.4069,14.7348
2024Q3,ATKR,2024-08-06,0001666138-24-000067,$1B-$2B,1729755000,173492000,2935009000,-284262000,-156074000,403396000,,not_scored,,,,,,,missing_required_data,quarter_revenue_yoy_pct;guidance_revenue_millions,regex_fallback,822.4,,,,,6,6,6,6,3798,51080,Growth/earnings_8k_sec_parser/local_extractions_2024Q3/ATKR/ATKR_2024-08-06_000166613824000067.json,2024-08-07,98.989998,-2.0305,-3.0508,-15.3753,-12.9508,-8.2332
2024Q3,ATMU,2024-08-02,0001921963-24-000096,$100M-$500M,418600000,52700000,1088600000,-36400000,-6400000,42800000,,not_scored,,,,,,,missing_required_data,quarter_revenue_yoy_pct;guidance_revenue_millions,regex_fallback,433,,,,,6,4,6,5,3573,18786,Growth/earnings_8k_sec_parser/local_extractions_2024Q3/ATMU/ATMU_2024-08-02_000192196324000096.json,2024-08-05,30.000000,13.1333,14.6333,10.7333,27.0667,29.5667
2024Q3,ATNI,2024-07-25,0001104659-24-082429,$100M-$500M,185774000,-7055000,1783714000,37999000,-52762000,16012000,,not_scored,,,,,,,missing_required_data,guidance_revenue_millions,regex_fallback,183.3,-2,,,,6,6,6,6,3254,34766,Growth/earnings_8k_sec_parser/local_extractions_2024Q3/ATNI/ATNI_2024-07-25_000110465924082429.json,2024-07-26,26.490000,-2.2273,-5.5870,0.8683,18.9883,19.0638
2024Q3,ATO,2024-08-07,0000731802-24-000021,$2B-$10B,3024982000,271860000,22516968000,-1438705000,-1410390000,2892716000,,not_scored,,,,,,,missing_required_data,quarter_revenue_millions;quarter_revenue_yoy_pct;guidance_revenue_millions,regex_fallback,,,,,,1,6,6,0,4398,6981,Growth/earnings_8k_sec_parser/local_extractions_2024Q3/ATO/ATO_2024-08-07_000073180224000021.json,2024-08-08,127.699997,1.3391,1.0885,4.7768,7.7995,8.7549
2024Q3,ATRO,2024-08-01,0000008063-24-000043,$100M-$500M,156538000,-4415000,633792000,9176000,1864000,-19181000,,not_scored,,,,,,,missing_required_data,guidance_revenue_millions,regex_fallback,198.1,14,,,,6,6,6,6,3352,30136,Growth/earnings_8k_sec_parser/local_extractions_2024Q3/ATRO/ATRO_2024-08-01_000000806324000043.json,2024-08-02,20.299999,-7.3399,-1.9212,3.0542,-3.6453,-14.3350
2024Q3,AVA,2024-08-07,0000950170-24-092166,$100M-$500M,474631000,54845000,7702477000,9175000,-106253000,94246000,,not_scored,,,,,,,missing_required_data,quarter_revenue_millions;quarter_revenue_yoy_pct;guidance_revenue_millions,regex_fallback,,,,,,6,6,6,3,3791,26697,Growth/earnings_8k_sec_parser/local_extractions_2024Q3/AVA/AVA_2024-08-07_000095017024092166.json,2024-08-08,38.110001,1.6531,0.7085,0.4461,-2.4403,-1.8106
2024Q3,AVAV,2024-09-04,0001558370-24-012580,$100M-$500M,232073000,-4185000,824577000,-16607000,-52288000,-9618000,,not_scored,,,,,,,missing_required_data,quarter_revenue_yoy_pct;guidance_revenue_millions,regex_fallback,189.5,,,,,6,6,6,6,4862,34142,Growth/earnings_8k_sec_parser/local_extractions_2024Q3/AVAV/AVAV_2024-09-04_000155837024012580.json,2024-09-05,191.009995,-9.1566,3.0051,7.4708,12.8108,3.0784
2024Q3,AVB,2024-08-01,0000915912-24-000013,$500M-$1B,674708000,146775000,20678214000,-486960000,-267339000,396118000,,not_scored,,,,,,,missing_required_data,quarter_revenue_millions;quarter_revenue_yoy_pct;guidance_revenue_millions,regex_fallback,,,,,,6,6,6,6,3192,145152,Growth/earnings_8k_sec_parser/local_extractions_2024Q3/AVB/AVB_2024-08-01_000091591224000013.json,2024-08-02,214.259995,-2.2869,1.7549,6.0114,3.7011,3.4304
2024Q3,AVD,2024-08-09,0001193125-24-197961,$100M-$500M,124885000,1918000,767548000,43777000,-3308000,-41452000,,not_scored,,,,,,,missing_required_data,quarter_revenue_yoy_pct;guidance_revenue_millions,regex_fallback,128.2,,,,,6,6,6,6,3886,77506,Growth/earnings_8k_sec_parser/local_extractions_2024Q3/AVD/AVD_2024-08-09_000119312524197961.json,2024-08-12,5.130000,9.5517,15.0097,18.3236,0.3899,10.3314
2024Q3,AVNS,2024-07-31,0001606498-24-000074,$100M-$500M,159300000,-500000,1692400000,-22100000,-4000000,-6800000,,not_scored,,,,,,,missing_required_data,quarter_revenue_yoy_pct;guidance_revenue_millions,regex_fallback,171.7,,,,,6,4,6,6,3352,31655,Growth/earnings_8k_sec_parser/local_extractions_2024Q3/AVNS/AVNS_2024-07-31_000160649824000074.json,2024-08-01,23.879999,-6.3233,-2.8057,0.8375,0.6281,-22.1943
2024Q3,AVNT,2024-08-06,0001122976-24-000053,$500M-$1B,845700000,19900000,5968500000,-25600000,-13000000,-22200000,,not_scored,,,,,,,missing_required_data,quarter_revenue_yoy_pct;guidance_revenue_millions,regex_fallback,850,,,,,6,6,6,6,2718,26769,Growth/earnings_8k_sec_parser/local_extractions_2024Q3/AVNT/AVNT_2024-08-06_000112297624000053.json,2024-08-07,45.980000,1.5441,5.5024,-1.8269,6.4158,4.8064
2024Q3,AVNW,2024-09-11,0001377789-24-000036,$100M-$500M,243858000,8189000,364496000,6219000,-11661000,-9005000,,not_scored,,,,,,,missing_required_data,quarter_revenue_yoy_pct;guidance_revenue_millions,regex_fallback,400,,,,,3,2,6,4,5997,6326,Growth/earnings_8k_sec_parser/local_extractions_2024Q3/AVNW/AVNW_2024-09-11_000137778924000036.json,2024-09-12,19.780001,14.8129,1.4661,14.1557,-26.2892,-8.8979
2024Q3,AVY,2024-07-23,0001193125-24-182566,$2B-$10B,2065000000,121200000,8209800000,299800000,-116600000,1900000,,not_scored,,,,,,,missing_required_data,quarter_revenue_yoy_pct;guidance_revenue_millions,regex_fallback,2200,,,,,6,6,6,6,9385,50835,Growth/earnings_8k_sec_parser/local_extractions_2024Q3/AVY/AVY_2024-07-23_000119312524182566.json,2024-07-24,219.520004,-7.8581,-4.7513,-0.2141,-1.7447,-3.2480
2024Q3,AWK,2024-07-31,0001410636-24-000135,$2B-$10B,3914000000,170000000,28286000000,401000000,-561000000,285000000,,not_scored,,,,,,,missing_required_data,quarter_revenue_yoy_pct;guidance_revenue_millions,regex_fallback,52,,,,,6,6,6,6,3488,27777,Growth/earnings_8k_sec_parser/local_extractions_2024Q3/AWK/AWK_2024-07-31_000141063624000135.json,2024-08-01,142.990005,-0.3007,-1.5526,0.3427,2.2729,-5.1053
2024Q3,AWR,2024-08-06,0001628280-24-035233,$100M-$500M,161423000,34407000,2060372000,38330000,-49165000,6964000,,not_scored,,,,,,,missing_required_data,quarter_revenue_yoy_pct;guidance_revenue_millions,regex_fallback,9.3,,,,,6,3,6,6,3558,22582,Growth/earnings_8k_sec_parser/local_extractions_2024Q3/AWR/AWR_2024-08-06_000162828024035233.json,2024-08-07,82.040001,0.3779,-1.9868,-1.2920,0.8776,3.3155
2024Q3,AXON,2024-08-06,0001069183-24-000047,$100M-$500M,343043000,45139000,3436845000,37990000,-72674000,-56323000,,not_scored,,,,,,,missing_required_data,quarter_revenue_yoy_pct;guidance_revenue_millions,regex_fallback,504,,,,,6,6,6,6,3477,61891,Growth/earnings_8k_sec_parser/local_extractions_2024Q3/AXON/AXON_2024-08-06_000106918324000047.json,2024-08-07,330.000000,13.0515,10.1303,7.4606,27.5242,33.6636
2024Q3,AXP,2024-07-19,0000004962-24-000051,$2B-$10B,8846000000,1816000000,236000000000,8597000000,-1404000000,-377000000,,not_scored,,,,,,,missing_required_data,guidance_revenue_millions,regex_fallback,16300,8,,,,6,6,6,6,18904,47053,Growth/earnings_8k_sec_parser/local_extractions_2024Q3/AXP/AXP_2024-07-19_000000496224000051.json,2024-07-22,243.009995,2.3332,-2.4526,1.3539,10.6909,11.4111
2024Q3,AZZ,2024-07-10,0000008947-24-000152,$500M-$1B,525598000,84022000,2221479000,1245096000,-7466000,11060000,,not_scored,,,,,,,missing_required_data,quarter_revenue_yoy_pct;guidance_revenue_millions,regex_fallback,413.2,,,,,6,6,6,6,3453,20819,Growth/earnings_8k_sec_parser/local_extractions_2024Q3/AZZ/AZZ_2024-07-10_000000894724000152.json,2024-07-11,72.730003,15.3169,9.9409,1.5537,1.8562,12.1545
2024Q3,BALL,2024-08-01,0000009389-24-000031,$2B-$10B,5328000000,180000000,19303000000,649000000,-336000000,-275000000,,not_scored,,,,,,,missing_required_data,quarter_revenue_yoy_pct;guidance_revenue_millions,regex_fallback,2960,,,,,6,6,6,6,4373,36287,Growth/earnings_8k_sec_parser/local_extractions_2024Q3/BALL/BALL_2024-08-01_000000938924000031.json,2024-08-02,64.089996,-3.1830,-0.4525,-0.2965,5.4923,-7.5519
2024Q3,BANC,2024-07-23,0001140361-24-033794,$500M-$1B,554179000,-1195424000,38534064000,4327451000,149467000,-37004000,,not_scored,,,,,,,missing_required_data,quarter_revenue_millions;quarter_revenue_yoy_pct;guidance_revenue_millions,regex_fallback,,,,,,2,5,6,6,4002,90934,Growth/earnings_8k_sec_parser/local_extractions_2024Q3/BANC/BANC_2024-07-23_000114036124033794.json,2024-07-24,13.680000,-8.1140,-3.2895,7.0175,8.4795,12.7193
2024Q3,BARK,2024-08-07,0001819574-24-000037,$500M-$1B,507406000,-68299000,400420000,355458000,-21172000,-172338000,,not_scored,,,,,,,missing_required_data,quarter_revenue_yoy_pct;guidance_revenue_millions,regex_fallback,116.2,,,,,6,6,6,6,3552,25465,Growth/earnings_8k_sec_parser/local_extractions_2024Q3/BARK/BARK_2024-08-07_000181957424000037.json,2024-08-08,27.200001,23.5294,27.9412,23.5294,19.1176,11.0294
2024Q3,BAX,2024-08-06,0001628280-24-034963,$2B-$10B,3513000000,44000000,28276000000,-372000000,-170000000,479000000,,not_scored,,,,,,,missing_required_data,quarter_revenue_yoy_pct;guidance_revenue_millions,regex_fallback,3810,,,,,6,6,6,6,3945,52179,Growth/earnings_8k_sec_parser/local_extractions_2024Q3/BAX/BAX_2024-08-06_000162828024034963.json,2024-08-07,37.520000,-2.8252,1.0394,3.8379,-4.6642,-3.7847
2024Q3,BBBY,2024-07-29,0001130713-24-000052,$100M-$500M,381140000,-10307000,635818000,-1705000,-14831000,20007000,,not_scored,,,,,,,missing_required_data,quarter_revenue_yoy_pct;guidance_revenue_millions,regex_fallback,398,,,,,6,0,6,6,3332,18221,Growth/earnings_8k_sec_parser/local_extractions_2024Q3/BBBY/BBBY_2024-07-29_000113071324000052.json,2024-07-30,15.260000,-36.9594,-31.8480,-33.8794,-33.9450,-54.1284
2024Q3,BBSI,2024-07-31,0000950170-24-088570,$100M-$500M,209997000,819000,721538000,-10763000,-2041000,-26515000,,not_scored,,,,,,,missing_required_data,guidance_revenue_millions,regex_fallback,279.7,6,,,,6,4,6,1,3385,12997,Growth/earnings_8k_sec_parser/local_extractions_2024Q3/BBSI/BBSI_2024-07-31_000095017024088570.json,2024-08-01,36.730000,-5.0912,-4.6556,-2.6681,2.1236,0.7079
2024Q3,BBT,2024-07-18,0001104659-24-080743,$100M-$500M,114139000,27637000,12430821000,623886000,-343679000,41000000,,not_scored,,,,,,,missing_required_data,quarter_revenue_yoy_pct;guidance_revenue_millions,regex_fallback,1.6,,,,,6,3,6,6,3777,35833,Growth/earnings_8k_sec_parser/local_extractions_2024Q3/BBT/BBT_2024-07-18_000110465924080743.json,2024-07-19,27.170000,1.2882,-6.1833,-1.5458,0.2576,4.3062
2024Q3,BBY,2024-08-29,0000764478-24-000031,$2B-$10B,9467000000,244000000,14688000000,-281000000,-204000000,-331000000,,not_scored,,,,,,,missing_required_data,quarter_revenue_yoy_pct;guidance_revenue_millions,regex_fallback,41300,,,,,6,6,6,6,3851,29811,Growth/earnings_8k_sec_parser/local_extractions_2024Q3/BBY/BBY_2024-08-29_000076447824000031.json,2024-08-30,100.769997,-2.6595,-2.2923,2.5107,-10.7175,-10.6877
2024Q3,BCC,2024-08-05,0001328581-24-000078,$1B-$2B,1544329000,96733000,3458646000,-16117000,-29498000,47992000,,not_scored,,,,,,,missing_required_data,quarter_revenue_yoy_pct;guidance_revenue_millions,regex_fallback,1800,,,,,6,6,6,6,3203,35299,Growth/earnings_8k_sec_parser/local_extractions_2024Q3/BCC/BCC_2024-08-05_000132858124000078.json,2024-08-06,120.320000,5.5519,13.0319,3.7151,17.4119,11.5858
2024Q3,BCO,2024-08-07,0000078890-24-000269,$1B-$2B,1185400000,15000000,6601800000,-97100000,-57600000,41100000,,not_scored,,,,,,,missing_required_data,quarter_revenue_millions;quarter_revenue_yoy_pct;guidance_revenue_millions,regex_fallback,,,,,,6,6,6,6,4127,103032,Growth/earnings_8k_sec_parser/local_extractions_2024Q3/BCO/BCO_2024-08-07_000007889024000269.json,2024-08-08,94.669998,9.8447,14.6403,10.3201,16.3515,8.4610
2024Q3,BCPC,2024-07-26,0001628280-24-033055,$100M-$500M,232540000,22710000,1597211000,-33318000,-10061000,34838000,,not_scored,,,,,,,missing_required_data,quarter_revenue_yoy_pct;guidance_revenue_millions,regex_fallback,234.1,,,,,6,3,6,6,3277,25414,Growth/earnings_8k_sec_parser/local_extractions_2024Q3/BCPC/BCPC_2024-07-26_000162828024033055.json,2024-07-29,181.850006,-7.5172,-7.1103,-5.5815,-3.6954,-6.0819
2024Q3,BDC,2024-08-01,0000913142-24-000027,$500M-$1B,641789000,63192000,3240191000,-63797000,-3843000,-31872000,,not_scored,,,,,,,missing_required_data,quarter_revenue_yoy_pct;guidance_revenue_millions,regex_fallback,604,,,,,6,6,6,6,3549,24841,Growth/earnings_8k_sec_parser/local_extractions_2024Q3/BDC/BDC_2024-08-01_000091314224000027.json,2024-08-02,97.010002,-2.4018,7.2054,4.1645,19.6784,17.3797
2024Q3,BDN,2024-07-24,0000790816-24-000033,$100M-$500M,129227000,-5259000,3732447000,134332000,-45023000,5375000,,not_scored,,,,,,,missing_required_data,quarter_revenue_yoy_pct;guidance_revenue_millions,regex_fallback,1,,,,,6,6,6,6,4399,32172,Growth/earnings_8k_sec_parser/local_extractions_2024Q3/BDN/BDN_2024-07-24_000079081624000033.json,2024-07-25,4.720000,-0.2119,6.1441,11.4407,9.7458,14.8305
2024Q3,BDX,2024-08-01,0000010795-24-000064,$2B-$10B,9407000000,969000000,52780000000,835000000,-524000000,2721000000,,not_scored,,,,,,,missing_required_data,quarter_revenue_yoy_pct;guidance_revenue_millions,regex_fallback,5000,,,,,6,6,6,6,4324,49645,Growth/earnings_8k_sec_parser/local_extractions_2024Q3/BDX/BDX_2024-08-01_000001079524000064.json,2024-08-02,186.320755,-1.2110,-0.7173,2.1857,1.9705,-1.4388
2024Q3,BE,2024-08-08,0001628280-24-036108,$100M-$500M,275191000,-74917000,2413677000,306487000,-26574000,-314710000,,not_scored,,,,,,,missing_required_data,quarter_revenue_yoy_pct;guidance_revenue_millions,regex_fallback,335.8,,,,,6,6,6,6,3808,33333,Growth/earnings_8k_sec_parser/local_extractions_2024Q3/BE/BE_2024-08-08_000162828024036108.json,2024-08-09,12.100000,-2.5620,-1.6529,-19.4215,-15.2893,-11.8182
2024Q3,BEN,2024-07-26,0000038777-24-000112,$2B-$10B,3894300000,359800000,30121200000,1986800000,-2221300000,-329600000,,not_scored,,,,,,,missing_required_data,quarter_revenue_millions;quarter_revenue_yoy_pct;guidance_revenue_millions,regex_fallback,,,,,,6,1,6,6,4215,28707,Growth/earnings_8k_sec_parser/local_extractions_2024Q3/BEN/BEN_2024-07-26_000003877724000112.json,2024-07-29,22.990000,-4.5672,-1.1309,-14.7020,-9.5694,-9.6129
2024Q3,BFH,2024-07-25,0001101215-24-000173,$2B-$10B,3411500000,455000000,23141000000,-3834000000,3141000000,398000000,,not_scored,,,,,,,missing_required_data,quarter_revenue_yoy_pct;guidance_revenue_millions,regex_fallback,13,,,,,6,6,6,6,4555,77066,Growth/earnings_8k_sec_parser/local_extractions_2024Q3/BFH/BFH_2024-07-25_000110121524000173.json,2024-07-26,53.150002,-16.2371,0.5833,5.9266,-11.5710,-5.8137
2024Q3,BGS,2024-08-06,0001558370-24-011078,$500M-$1B,511814000,3415000,3463290000,-126483000,47505000,69527000,,not_scored,,,,,,,missing_required_data,quarter_revenue_yoy_pct;guidance_revenue_millions,regex_fallback,1945,,,,,6,4,6,6,3241,57702,Growth/earnings_8k_sec_parser/local_extractions_2024Q3/BGS/BGS_2024-08-06_000155837024011078.json,2024-08-07,8.520000,-1.4085,0.9390,2.1127,-3.5211,3.5211
2024Q3,BHE,2024-07-30,0000950170-24-087893,$500M-$1B,694695000,12360000,2274755000,67024000,-38712000,-24906000,,not_scored,,,,,,,missing_required_data,quarter_revenue_yoy_pct;guidance_revenue_millions,regex_fallback,666,,,,,6,6,6,6,3650,26372,Growth/earnings_8k_sec_parser/local_extractions_2024Q3/BHE/BHE_2024-07-30_000095017024087893.json,2024-07-31,44.320000,-7.9874,-6.4982,-4.0839,0.0000,2.0984
2024Q3,BHF,2024-08-07,0001685040-24-000035,$1B-$2B,1284000000,-499000000,236340000000,1395000000,-1325000000,-500000000,,not_scored,,,,,,,missing_required_data,quarter_revenue_yoy_pct;guidance_revenue_millions,regex_fallback,2000,,,,,6,6,6,6,5928,38480,Growth/earnings_8k_sec_parser/local_extractions_2024Q3/BHF/BHF_2024-08-07_000168504024000035.json,2024-08-08,41.630001,4.5400,9.4403,0.5525,6.9661,27.0958
2024Q3,BHFAL,2024-08-07,0001685040-24-000035,$1B-$2B,1284000000,-499000000,236340000000,1395000000,-1325000000,-500000000,,not_scored,,,,,,,missing_required_data,quarter_revenue_yoy_pct;guidance_revenue_millions,regex_fallback,2000,,,,,6,6,6,6,5928,38480,Growth/earnings_8k_sec_parser/local_extractions_2024Q3/BHFAL/BHFAL_2024-08-07_000168504024000035.json,2024-08-08,22.760000,0.8787,3.2513,6.5026,8.1283,9.8858
2024Q3,BHFAM,2024-08-07,0001685040-24-000035,$1B-$2B,1284000000,-499000000,236340000000,1395000000,-1325000000,-500000000,,not_scored,,,,,,,missing_required_data,quarter_revenue_yoy_pct;guidance_revenue_millions,regex_fallback,2000,,,,,6,6,6,6,5928,38480,Growth/earnings_8k_sec_parser/local_extractions_2024Q3/BHFAM/BHFAM_2024-08-07_000168504024000035.json,2024-08-08,16.889999,0.1776,0.6513,4.9734,9.3783,2.2499
2024Q3,BHFAN,2024-08-07,0001685040-24-000035,$1B-$2B,1284000000,-499000000,236340000000,1395000000,-1325000000,-500000000,,not_scored,,,,,,,missing_required_data,quarter_revenue_yoy_pct;guidance_revenue_millions,regex_fallback,2000,,,,,6,6,6,6,5928,38480,Growth/earnings_8k_sec_parser/local_extractions_2024Q3/BHFAN/BHFAN_2024-08-07_000168504024000035.json,2024-08-08,19.320000,-0.4141,-1.2422,3.2091,7.4017,3.1056
2024Q3,BHFAO,2024-08-07,0001685040-24-000035,$1B-$2B,1284000000,-499000000,236340000000,1395000000,-1325000000,-500000000,,not_scored,,,,,,,missing_required_data,quarter_revenue_yoy_pct;guidance_revenue_millions,regex_fallback,2000,,,,,6,6,6,6,5928,38480,Growth/earnings_8k_sec_parser/local_extractions_2024Q3/BHFAO/BHFAO_2024-08-07_000168504024000035.json,2024-08-08,25.160000,-0.1192,-0.7949,3.1399,-0.3577,-0.1590
2024Q3,BHFAP,2024-08-07,0001685040-24-000035,$1B-$2B,1284000000,-499000000,236340000000,1395000000,-1325000000,-500000000,,not_scored,,,,,,,missing_required_data,quarter_revenue_yoy_pct;guidance_revenue_millions,regex_fallback,2000,,,,,6,6,6,6,5928,38480,Growth/earnings_8k_sec_parser/local_extractions_2024Q3/BHFAP/BHFAP_2024-08-07_000168504024000035.json,2024-08-08,23.459999,1.3640,1.5772,6.2234,6.1381,6.4365
2024Q3,BHR,2024-07-31,0001574085-24-000187,$100M-$500M,215301000,16034000,2226824000,5273000,-18730000,42314000,,not_scored,,,,,,,missing_required_data,quarter_revenue_yoy_pct;guidance_revenue_millions,regex_fallback,50,,,,,6,1,6,6,3377,117632,Growth/earnings_8k_sec_parser/local_extractions_2024Q3/BHR/BHR_2024-07-31_000157408524000187.json,2024-08-01,3.380000,-18.3432,-14.2012,-10.3550,-8.5799,-13.6095
2024Q3,BIIB,2024-08-01,0000875045-24-000022,$2B-$10B,2463000000,387900000,26844800000,-43400000,-953000000,455300000,,not_scored,,,,,,,missing_required_data,quarter_revenue_yoy_pct;guidance_revenue_millions,regex_fallback,2500,,,,,6,6,6,6,3240,37293,Growth/earnings_8k_sec_parser/local_extractions_2024Q3/BIIB/BIIB_2024-08-01_000087504524000022.json,2024-08-02,212.449997,-5.3707,-4.2975,-3.5820,-10.1906,-18.0984
2024Q3,BKH,2024-07-31,0000950170-24-088610,$500M-$1B,921200000,114100000,9620400000,-209100000,-101500000,328700000,,not_scored,,,,,,,missing_required_data,quarter_revenue_millions;quarter_revenue_yoy_pct;guidance_revenue_millions,regex_fallback,,,,,,6,6,6,6,3235,27178,Growth/earnings_8k_sec_parser/local_extractions_2024Q3/BKH/BKH_2024-07-31_000095017024088610.json,2024-08-01,58.290001,-2.6420,-1.0808,1.4925,4.8550,2.1959
2024Q3,BKNG,2024-08-01,0001075531-24-000039,$2B-$10B,3778000000,1892798000,24342000000,-2562000000,1586000000,2889000000,,not_scored,,,,,,,missing_required_data,quarter_revenue_yoy_pct;guidance_revenue_millions,regex_fallback,5900,,,,,6,0,6,6,5850,21742,Growth/earnings_8k_sec_parser/local_extractions_2024Q3/BKNG/BKNG_2024-08-01_000107553124000039.json,2024-08-02,132.463593,3.8528,13.7849,15.1646,23.8375,41.2086
2024Q3,BKR,2024-07-25,0001701605-24-000109,$2B-$10B,5716000000,576000000,36945000000,-250000000,-229000000,461000000,,not_scored,,,,,,,missing_required_data,quarter_revenue_yoy_pct;guidance_revenue_millions,regex_fallback,7100,,,,,6,6,6,5,5405,32490,Growth/earnings_8k_sec_parser/local_extractions_2024Q3/BKR/BKR_2024-07-25_000170160524000109.json,2024-07-26,36.320000,-4.9835,-3.4141,-2.4504,0.0551,1.2665
2024Q3,BLBD,2024-08-07,0001589526-24-000081,$500M-$1B,535546000,-4164000,417766000,-33444000,-3740000,44716000,,not_scored,,,,,,,missing_required_data,quarter_revenue_yoy_pct;guidance_revenue_millions,regex_fallback,333,,,,,6,6,6,6,4540,29072,Growth/earnings_8k_sec_parser/local_extractions_2024Q3/BLBD/BLBD_2024-08-07_000158952624000081.json,2024-08-08,45.200001,5.9071,9.9336,1.4823,-7.0354,-7.7434
2024Q3,BLDR,2024-08-06,0000950170-24-091191,$2B-$10B,3883314000,333786000,10499452000,-411559000,-178860000,654381000,,not_scored,,,,,,,missing_required_data,quarter_revenue_yoy_pct;guidance_revenue_millions,regex_fallback,4500,,,,,6,6,6,6,3690,36625,Growth/earnings_8k_sec_parser/local_extractions_2024Q3/BLDR/BLDR_2024-08-06_000095017024091191.json,2024-08-07,159.369995,2.4722,9.5689,5.7351,20.5873,13.5659
2024Q3,BLKB,2024-07-30,0001280058-24-000054,$100M-$500M,261753000,-14701000,2912279000,-353238000,-15331000,21806000,,not_scored,,,,,,,missing_required_data,quarter_revenue_yoy_pct;guidance_revenue_millions,regex_fallback,287.3,,,,,6,5,6,6,3688,34145,Growth/earnings_8k_sec_parser/local_extractions_2024Q3/BLKB/BLKB_2024-07-30_000128005824000054.json,2024-07-31,81.000000,-6.8148,-4.3951,3.2099,4.5432,8.0000
2024Q3,BLMN,2024-08-06,0001546417-24-000123,$1B-$2B,1244746000,91311000,3424081000,-116987000,-62945000,189668000,,not_scored,,,,,,,missing_required_data,quarter_revenue_millions;quarter_revenue_yoy_pct;guidance_revenue_millions,regex_fallback,,,,,,6,6,6,6,3427,34120,Growth/earnings_8k_sec_parser/local_extractions_2024Q3/BLMN/BLMN_2024-08-06_000154641724000123.json,2024-08-07,16.990000,5.5327,2.5898,-0.8829,-7.8870,-7.4161
2024Q3,BMBL,2024-08-07,0000950170-24-092742,$100M-$500M,242948000,-1611000,3625127000,-16168000,-6811000,13389000,,not_scored,,,,,,,missing_required_data,guidance_revenue_millions,regex_fallback,269,3,,,,6,6,6,6,3355,31261,Growth/earnings_8k_sec_parser/local_extractions_2024Q3/BMBL/BMBL_2024-08-07_000095017024092742.json,2024-08-08,4.980000,29.3173,31.3253,32.5301,30.3213,56.8273
2024Q3,BMEA,2024-07-31,0000950170-24-088581,$1B-$2B,1235000000,-29051000,199927000,201000,-1756000,-24044000,,not_scored,,,,,,,missing_required_data,quarter_revenue_millions;quarter_revenue_yoy_pct;guidance_revenue_millions,regex_fallback,,,,,,1,5,6,6,3296,11735,Growth/earnings_8k_sec_parser/local_extractions_2024Q3/BMEA/BMEA_2024-07-31_000095017024088581.json,2024-08-01,5.940000,-5.0505,5.5556,22.7273,70.0337,74.0741
2024Q3,BMI,2024-07-19,0000950170-24-084764,$100M-$500M,159101000,19415000,716919000,-6568000,-21323000,17970000,,not_scored,,,,,,,missing_required_data,quarter_revenue_yoy_pct;guidance_revenue_millions,regex_fallback,216.7,,,,,6,1,6,1,3037,10988,Growth/earnings_8k_sec_parser/local_extractions_2024Q3/BMI/BMI_2024-07-19_000095017024084764.json,2024-07-22,192.240005,5.0978,-0.7907,6.5231,12.9161,6.1902
2024Q3,BMRN,2024-08-05,0001048477-24-000125,$500M-$1B,596415000,50852000,6841603000,-40742000,-30012000,-73932000,,not_scored,,,,,,,missing_required_data,quarter_revenue_yoy_pct;guidance_revenue_millions,regex_fallback,712,,,,,6,6,6,6,3624,33455,Growth/earnings_8k_sec_parser/local_extractions_2024Q3/BMRN/BMRN_2024-08-05_000104847724000125.json,2024-08-06,87.790001,1.9820,2.4946,-3.0413,-21.4489,-24.8092
2024Q3,BNED,2024-07-01,0001634117-24-000046,$100M-$500M,254674000,-52707000,980779000,-49675000,-31043000,91670000,,not_scored,,,,,,,missing_required_data,quarter_revenue_millions;quarter_revenue_yoy_pct;guidance_revenue_millions,regex_fallback,,,,,,5,5,6,6,3751,24583,Growth/earnings_8k_sec_parser/local_extractions_2024Q3/BNED/BNED_2024-07-01_000163411724000046.json,2024-07-02,6.330000,31.1216,54.3444,78.5150,93.5229,46.2875
2024Q3,BNL,2024-07-02,0000950170-24-080477,$100M-$500M,118992000,39304000,5268735000,-144739000,29633000,74376000,,not_scored,,,,,,,missing_required_data,quarter_revenue_millions;quarter_revenue_yoy_pct;guidance_revenue_millions,regex_fallback,,,,,,0,3,6,2,3862,12858,Growth/earnings_8k_sec_parser/local_extractions_2024Q3/BNL/BNL_2024-07-02_000095017024080477.json,2024-07-03,15.880000,7.0529,11.3350,8.1864,15.6171,17.5063
2024Q3,BOOT,2024-08-07,0001558370-24-011354,$1B-$2B,1488256000,192450000,1517381000,-80895000,-60443000,88864000,,not_scored,,,,,,,missing_required_data,quarter_revenue_yoy_pct;guidance_revenue_millions,regex_fallback,142,,,,,6,6,6,6,5017,31952,Growth/earnings_8k_sec_parser/local_extractions_2024Q3/BOOT/BOOT_2024-08-07_000155837024011354.json,2024-08-08,126.875000,7.4128,7.4365,9.9902,27.3773,0.2640
2024Q3,BOX,2024-08-27,0000950170-24-100997,$100M-$500M,251898000,8350000,1241163000,-60921000,-8782000,124930000,,not_scored,,,,,,,missing_required_data,quarter_revenue_yoy_pct,regex_fallback,270,,,274,,6,6,6,6,3603,39332,Growth/earnings_8k_sec_parser/local_extractions_2024Q3/BOX/BOX_2024-08-27_000095017024100997.json,2024-08-28,30.000000,8.4333,11.4333,9.1667,6.7000,18.3667
2024Q3,BPOP,2024-07-24,0001193125-24-183299,$100M-$500M,448734000,158979000,67675759000,-332797000,172778000,153046000,,not_scored,,,,,,,missing_required_data,quarter_revenue_millions;quarter_revenue_yoy_pct;guidance_revenue_millions,regex_fallback,,,,,,6,6,6,6,5159,109201,Growth/earnings_8k_sec_parser/local_extractions_2024Q3/BPOP/BPOP_2024-07-24_000119312524183299.json,2024-07-25,101.279999,-7.3855,-5.3910,-1.7279,-0.6517,-11.4040
2024Q3,BR,2024-08-06,0001383312-24-000037,$2B-$10B,4221900000,306500000,8233200000,63300000,-49100000,94100000,,not_scored,,,,,,,missing_required_data,quarter_revenue_yoy_pct;guidance_revenue_millions,regex_fallback,342,,,,,6,6,6,6,6683,80622,Growth/earnings_8k_sec_parser/local_extractions_2024Q3/BR/BR_2024-08-06_000138331224000037.json,2024-08-07,218.910004,-4.4036,-3.9971,-5.1711,-1.7039,-0.2787
2024Q3,BRKR,2024-08-06,0000950170-24-091188,$500M-$1B,685300000,76500000,4249900000,-30700000,-108200000,87500000,,not_scored,,,,,,,missing_required_data,quarter_revenue_yoy_pct;guidance_revenue_millions,regex_fallback,800.7,,,,,6,6,6,6,3768,29879,Growth/earnings_8k_sec_parser/local_extractions_2024Q3/BRKR/BRKR_2024-08-06_000095017024091188.json,2024-08-07,63.310001,2.7958,1.0109,1.1057,4.1700,-3.1117
2024Q3,BRO,2024-07-22,0000950170-24-085352,$1B-$2B,1116000000,236000000,13400000000,-121000000,-43000000,60000000,,not_scored,,,,,,,missing_required_data,quarter_revenue_yoy_pct;guidance_revenue_millions,regex_fallback,1200,,,,,6,2,6,6,3378,25958,Growth/earnings_8k_sec_parser/local_extractions_2024Q3/BRO/BRO_2024-07-22_000095017024085352.json,2024-07-23,97.000000,4.3505,2.6392,6.8763,5.3711,9.3299
2024Q3,BRSP,2024-07-30,0001717547-24-000068,$100M-$500M,110278000,-4127000,4198254000,-114408000,69622000,39673000,,not_scored,,,,,,,missing_required_data,quarter_revenue_millions;quarter_revenue_yoy_pct;guidance_revenue_millions,regex_fallback,,,,,,0,1,6,4,5225,9680,Growth/earnings_8k_sec_parser/local_extractions_2024Q3/BRSP/BRSP_2024-07-30_000171754724000068.json,2024-07-31,5.900000,-10.1695,-3.0509,0.8475,-5.0847,-11.0170
2024Q3,BSX,2024-07-24,0000885725-24-000060,$2B-$10B,3389000000,314000000,35136000000,-69000000,-484000000,190000000,,not_scored,,,,,,,missing_required_data,quarter_revenue_yoy_pct;guidance_revenue_millions,regex_fallback,4120,,,,,6,6,6,6,3659,27676,Growth/earnings_8k_sec_parser/local_extractions_2024Q3/BSX/BSX_2024-07-24_000088572524000060.json,2024-07-25,78.250000,-6.7604,-2.3387,1.5591,7.3482,11.7572
2024Q3,BSY,2024-08-06,0001031308-24-000008,$100M-$500M,314411000,45490000,3319850000,-134241000,-20761000,176223000,,not_scored,,,,,,,missing_required_data,quarter_revenue_yoy_pct;guidance_revenue_millions,regex_fallback,330.3,,,,,6,3,6,3,4216,30040,Growth/earnings_8k_sec_parser/local_extractions_2024Q3/BSY/BSY_2024-08-06_000103130824000008.json,2024-08-07,47.480000,5.8972,9.4145,1.7060,0.5687,4.3808
2024Q3,BTSG,2024-08-02,0000950170-24-089576,$2B-$10B,2028378000,-21382000,5532721000,-24881000,-17463000,39896000,,not_scored,,,,,,,missing_required_data,quarter_revenue_yoy_pct;guidance_revenue_millions,regex_fallback,2730,,,,,6,6,6,6,3582,31429,Growth/earnings_8k_sec_parser/local_extractions_2024Q3/BTSG/BTSG_2024-08-02_000095017024089576.json,2024-08-05,10.150000,17.6355,25.6158,27.8818,45.4187,65.6158
2024Q3,BTSGU,2024-08-02,0000950170-24-089576,$2B-$10B,2028378000,-21382000,5532721000,-24881000,-17463000,39896000,,not_scored,,,,,,,missing_required_data,quarter_revenue_yoy_pct;guidance_revenue_millions,regex_fallback,2730,,,,,6,6,6,6,3582,31429,Growth/earnings_8k_sec_parser/local_extractions_2024Q3/BTSGU/BTSGU_2024-08-02_000095017024089576.json,2024-08-05,42.590000,11.1998,17.3984,18.8542,32.3080,46.9829
2024Q3,BTU,2024-08-01,0001064728-24-000122,$1B-$2B,1364000000,268500000,5962100000,-39000000,-58500000,386300000,,not_scored,,,,,,,missing_required_data,quarter_revenue_yoy_pct;guidance_revenue_millions,regex_fallback,109.5,,,,,6,6,6,6,3916,30261,Growth/earnings_8k_sec_parser/local_extractions_2024Q3/BTU/BTU_2024-08-01_000106472824000122.json,2024-08-02,22.049999,2.1315,5.7143,0.3628,19.3651,19.1383
2024Q3,BV,2024-07-31,0000950170-24-088596,$1B-$2B,1658864000,-40900000,3352200000,-12300000,-51800000,55000000,,not_scored,,,,,,,missing_required_data,quarter_revenue_yoy_pct;guidance_revenue_millions,regex_fallback,11.3,,,,,6,6,6,6,3487,43253,Growth/earnings_8k_sec_parser/local_extractions_2024Q3/BV/BV_2024-07-31_000095017024088596.json,2024-08-01,14.650000,-1.6382,7.3038,5.8703,7.4403,13.8567
2024Q3,BVS,2024-08-06,0001628280-24-034976,$100M-$500M,119059000,-139150000,810910000,27380000,-15066000,2490000,,not_scored,,,,,,,missing_required_data,quarter_revenue_yoy_pct;guidance_revenue_millions,regex_fallback,151.2,,,,,6,6,6,6,3428,39805,Growth/earnings_8k_sec_parser/local_extractions_2024Q3/BVS/BVS_2024-08-06_000162828024034976.json,2024-08-07,8.360000,-4.3062,15.5502,13.9952,33.8517,37.3206
2024Q3,BWIN,2024-08-06,0001781755-24-000047,$100M-$500M,330446000,-14132000,3501937000,-24522000,-5099000,-14031000,,not_scored,,,,,,,missing_required_data,quarter_revenue_yoy_pct;guidance_revenue_millions,regex_fallback,339.8,,,,,6,3,6,6,3560,30307,Growth/earnings_8k_sec_parser/local_extractions_2024Q3/BWIN/BWIN_2024-08-06_000178175524000047.json,2024-08-07,44.230000,-2.0800,2.8940,4.0018,12.4576,-8.0714
2024Q3,BWXT,2024-08-05,0001486957-24-000040,$500M-$1B,568360000,61092000,2747065000,49336000,-29780000,-13024000,,not_scored,,,,,,,missing_required_data,quarter_revenue_yoy_pct;guidance_revenue_millions,regex_fallback,681.5,,,,,6,6,6,6,3641,27047,Growth/earnings_8k_sec_parser/local_extractions_2024Q3/BWXT/BWXT_2024-08-05_000148695724000040.json,2024-08-06,95.370003,2.9884,6.3123,2.2963,21.8832,25.4902
2024Q3,BX,2024-07-18,0001193125-24-180721,$1B-$2B,1381845000,85812000,40287530000,-1751464000,-74970000,352728000,,not_scored,,,,,,,missing_required_data,quarter_revenue_yoy_pct;guidance_revenue_millions,regex_fallback,6200,,,,,6,3,6,6,2896,95642,Growth/earnings_8k_sec_parser/local_extractions_2024Q3/BX/BX_2024-07-18_000119312524180721.json,2024-07-19,138.289993,1.9452,-5.5246,-2.6321,12.1195,22.7348
2024Q3,BXC,2024-07-30,0001301787-24-000023,$500M-$1B,797904000,17812000,1537601000,-2703000,-8971000,88965000,,not_scored,,,,,,,missing_required_data,quarter_revenue_yoy_pct;guidance_revenue_millions,regex_fallback,768,,,,,6,6,6,6,3843,67566,Growth/earnings_8k_sec_parser/local_extractions_2024Q3/BXC/BXC_2024-07-30_000130178724000023.json,2024-07-31,117.580002,-20.4371,-18.8212,-14.4072,-10.3419,-12.0344
2024Q3,BXP,2024-07-30,0001656423-24-000043,$500M-$1B,803200000,77890000,26026149000,279052000,-285592000,234010000,,not_scored,,,,,,,missing_required_data,quarter_revenue_millions;quarter_revenue_yoy_pct;guidance_revenue_millions,regex_fallback,,,,,,6,6,6,6,4901,25902,Growth/earnings_8k_sec_parser/local_extractions_2024Q3/BXP/BXP_2024-07-30_000165642324000043.json,2024-07-31,71.629997,-6.1846,-2.0243,5.0119,12.3272,20.3267
2024Q3,BZH,2024-08-01,0000915840-24-000047,$500M-$1B,988836000,59038000,2411033000,-5172000,-7774000,40268000,,not_scored,,,,,,,missing_required_data,quarter_revenue_yoy_pct;guidance_revenue_millions,regex_fallback,53.5,,,,,6,0,6,6,3216,32504,Growth/earnings_8k_sec_parser/local_extractions_2024Q3/BZH/BZH_2024-08-01_000091584024000047.json,2024-08-02,31.240000,-11.9718,-0.1921,-4.4174,8.2907,-1.5365
2024Q3,CABO,2024-08-01,0001632127-24-000103,$500M-$1B,807266000,57426000,6846933000,-73491000,-100714000,161787000,,not_scored,,,,,,,missing_required_data,quarter_revenue_yoy_pct;guidance_revenue_millions,regex_fallback,394.5,,,,,6,2,6,6,3704,30626,Growth/earnings_8k_sec_parser/local_extractions_2024Q3/CABO/CABO_2024-08-01_000163212724000103.json,2024-08-02,394.910004,-4.5580,-15.1781,-10.1264,-11.7622,-13.5094
2024Q3,CACC,2024-07-31,0000885550-24-000090,$100M-$500M,453800000,99500000,7610200000,118100000,-344200000,296500000,,not_scored,,,,,,,missing_required_data,quarter_revenue_millions;quarter_revenue_yoy_pct;guidance_revenue_millions,regex_fallback,,,,,,6,6,6,6,7710,76351,Growth/earnings_8k_sec_parser/local_extractions_2024Q3/CACC/CACC_2024-07-31_000088555024000090.json,2024-08-01,525.000000,-15.4229,-10.5848,-12.7619,-15.5390,-12.0133
2024Q3,CAG,2024-07-11,0001558370-24-009749,$2B-$10B,9303700000,-77500000,22052600000,-454500000,-260200000,703400000,,not_scored,,,,,,,missing_required_data,quarter_revenue_yoy_pct;guidance_revenue_millions,regex_fallback,12000,,,,,6,6,6,6,3533,55942,Growth/earnings_8k_sec_parser/local_extractions_2024Q3/CAG/CAG_2024-07-11_000155837024009749.json,2024-07-12,28.350000,4.6208,6.7019,5.2205,15.6614,3.8448
2024Q3,CAKE,2024-07-31,0001104659-24-084383,$2B-$10B,2100609000,28050000,2840383000,-25558000,-38162000,65035000,,not_scored,,,,,,,missing_required_data,quarter_revenue_yoy_pct;guidance_revenue_millions,regex_fallback,904,,,,,6,1,6,6,4418,45158,Growth/earnings_8k_sec_parser/local_extractions_2024Q3/CAKE/CAKE_2024-07-31_000110465924084383.json,2024-08-01,38.750000,-6.8645,0.0000,0.4645,4.6452,20.3613
2024Q3,CAL,2024-09-12,0000014707-24-000037,$500M-$1B,632142000,34727000,1818083000,-28488000,-6548000,37497000,,not_scored,,,,,,,missing_required_data,quarter_revenue_yoy_pct;guidance_revenue_millions,regex_fallback,683.3,,,,,6,6,6,6,3553,27331,Growth/earnings_8k_sec_parser/local_extractions_2024Q3/CAL/CAL_2024-09-12_000001470724000037.json,2024-09-13,30.510000,5.5392,2.2943,6.6536,4.3920,-19.0429
2024Q3,CALM,2024-07-23,0001562762-24-000175,$2B-$10B,2457537000,647093000,1954525000,-146359000,-397620000,706509000,,not_scored,,,,,,,missing_required_data,quarter_revenue_yoy_pct;guidance_revenue_millions,regex_fallback,640.8,,,,,6,3,6,6,3764,15829,Growth/earnings_8k_sec_parser/local_extractions_2024Q3/CALM/CALM_2024-07-23_000156276224000175.json,2024-07-24,64.120003,7.2364,9.4198,11.4317,16.3599,38.1160
2024Q3,CALX,2024-07-22,0001406666-24-000029,$100M-$500M,250008000,9598000,941865000,10222000,-3278000,8112000,,not_scored,,,,,,,missing_required_data,quarter_revenue_yoy_pct;guidance_revenue_millions,regex_fallback,198.1,,,,,6,6,6,6,5074,35538,Growth/earnings_8k_sec_parser/local_extractions_2024Q3/CALX/CALX_2024-07-22_000140666624000029.json,2024-07-23,37.160000,0.9957,-0.3767,-2.1529,4.5210,3.9559
2024Q3,CALY,2024-08-07,0000837465-24-000068,$1B-$2B,1167400000,25000000,9120600000,273400000,-139900000,-152100000,,not_scored,,,,,,,missing_required_data,quarter_revenue_yoy_pct;guidance_revenue_millions,regex_fallback,4260,,,,,6,6,6,6,3560,43583,Growth/earnings_8k_sec_parser/local_extractions_2024Q3/CALY/CALY_2024-08-07_000083746524000068.json,2024-08-08,12.260000,-3.0179,-13.7847,-16.1501,-19.2496,-20.9625
2024Q3,CAR,2024-08-05,0000723612-24-000042,$2B-$10B,2557000000,312000000,32569000000,841000000,-1678000000,819000000,,not_scored,,,,,,,missing_required_data,quarter_revenue_yoy_pct;guidance_revenue_millions,regex_fallback,3000,,,,,6,3,6,6,3321,29795,Growth/earnings_8k_sec_parser/local_extractions_2024Q3/CAR/CAR_2024-08-05_000072361224000042.json,2024-08-06,87.000000,0.5747,2.3333,-18.1724,2.3333,3.7586
2024Q3,CARG,2024-08-08,0000950170-24-093892,$100M-$500M,231963000,16132000,918927000,-73238000,-5887000,66345000,,not_scored,,,,,,,missing_required_data,quarter_revenue_yoy_pct;guidance_revenue_millions,regex_fallback,212,,,,,6,6,6,6,3462,45964,Growth/earnings_8k_sec_parser/local_extractions_2024Q3/CARG/CARG_2024-08-08_000095017024093892.json,2024-08-09,25.059999,12.5698,15.7223,8.5395,20.5906,33.1205
2024Q3,CARR,2024-07-25,0001783180-24-000075,$2B-$10B,5273000000,387000000,32822000000,-213000000,-100000000,120000000,,not_scored,,,,,,,missing_required_data,quarter_revenue_yoy_pct;guidance_revenue_millions,regex_fallback,6700,,,,,6,6,6,5,3898,29381,Growth/earnings_8k_sec_parser/local_extractions_2024Q3/CARR/CARR_2024-07-25_000178318024000075.json,2024-07-26,65.800003,-3.4195,3.9514,8.9666,22.2036,10.7903
2024Q3,CARS,2024-08-08,0000950170-24-093338,$100M-$500M,167068000,11479000,1172449000,-35647000,-5371000,28141000,,not_scored,,,,,,,missing_required_data,quarter_revenue_yoy_pct,regex_fallback,178.9,,,178,,6,6,6,6,3327,29736,Growth/earnings_8k_sec_parser/local_extractions_2024Q3/CARS/CARS_2024-08-08_000095017024093338.json,2024-08-09,16.340000,9.2411,9.1799,6.0588,-3.5496,9.2411
2024Q3,CASH,2024-07-24,0000907471-24-000082,$100M-$500M,378277000,82613000,6868256000,-8644000,-131072000,183829000,,not_scored,,,,,,,missing_required_data,quarter_revenue_yoy_pct;guidance_revenue_millions,regex_fallback,176.7,,,,,6,1,6,6,36631,45025,Growth/earnings_8k_sec_parser/local_extractions_2024Q3/CASH/CASH_2024-07-24_000090747124000082.json,2024-07-25,65.000000,-5.3538,-5.3077,2.3231,2.4769,11.8154
2024Q3,CBL,2024-08-09,0000950170-24-094441,$100M-$500M,136359000,2259000,2405905000,-110009000,29872000,33175000,,not_scored,,,,,,,missing_required_data,quarter_revenue_yoy_pct;guidance_revenue_millions,regex_fallback,1.3,,,,,6,6,6,6,3399,77473,Growth/earnings_8k_sec_parser/local_extractions_2024Q3/CBL/CBL_2024-08-09_000095017024094441.json,2024-08-12,25.370001,2.5621,3.2716,0.9854,2.7197,9.4206
2024Q3,CBOE,2024-08-02,0001558370-24-010646,$500M-$1B,663800000,173400000,7487500000,-141200000,1900000,1030800000,,not_scored,,,,,,,missing_required_data,quarter_revenue_yoy_pct;guidance_revenue_millions,regex_fallback,513.8,,,,,6,6,6,6,3284,52124,Growth/earnings_8k_sec_parser/local_extractions_2024Q3/CBOE/CBOE_2024-08-02_000155837024010646.json,2024-08-05,193.940002,3.6300,9.8948,8.5026,8.4975,8.0747
2024Q3,CBRL,2024-09-19,0001104659-24-101208,$2B-$10B,2606076000,17129000,2218094000,-87241000,-86648000,151236000,,not_scored,,,,,,,missing_required_data,quarter_revenue_yoy_pct;guidance_revenue_millions,regex_fallback,894.4,,,,,6,6,6,6,3265,30358,Growth/earnings_8k_sec_parser/local_extractions_2024Q3/CBRL/CBRL_2024-09-19_000110465924101208.json,2024-09-20,41.299999,9.8063,4.6489,21.2833,14.3341,26.2228
2024Q3,CBT,2024-08-05,0000950170-24-090886,$1B-$2B,1998000000,129000000,3604000000,-210000000,-64000000,214000000,,not_scored,,,,,,,missing_required_data,quarter_revenue_millions;quarter_revenue_yoy_pct;guidance_revenue_millions,regex_fallback,,,,,,6,6,6,6,2826,47144,Growth/earnings_8k_sec_parser/local_extractions_2024Q3/CBT/CBT_2024-08-05_000095017024090886.json,2024-08-06,94.849998,4.6495,10.3532,5.1239,16.8160,16.0675
2024Q3,CBZ,2024-07-31,0001628280-24-033643,$100M-$500M,454606000,73160000,2043592000,61778000,-45896000,-44511000,,not_scored,,,,,,,missing_required_data,quarter_revenue_yoy_pct;guidance_revenue_millions,regex_fallback,420,,,,,6,6,6,6,3138,31952,Growth/earnings_8k_sec_parser/local_extractions_2024Q3/CBZ/CBZ_2024-07-31_000162828024033643.json,2024-08-01,70.180000,-1.9949,2.0376,4.2320,-4.1180,0.9974
2024Q3,CC,2024-08-01,0000950170-24-089310,$1B-$2B,1536000000,145000000,8251000000,-68000000,-97000000,-124000000,,not_scored,,,,,,,missing_required_data,quarter_revenue_yoy_pct;guidance_revenue_millions,regex_fallback,1500,,,,,6,5,6,6,3194,38528,Growth/earnings_8k_sec_parser/local_extractions_2024Q3/CC/CC_2024-08-01_000095017024089310.json,2024-08-02,20.100000,-11.0945,-8.6567,-7.3134,-1.9403,-9.6517
2024Q3,CCC,2024-07-30,0000950170-24-087864,$100M-$500M,204919000,2184000,3051040000,-4014000,-14534000,33078000,,not_scored,,,,,,,missing_required_data,quarter_revenue_yoy_pct;guidance_revenue_millions,regex_fallback,232.6,,,,,6,2,6,6,3511,26818,Growth/earnings_8k_sec_parser/local_extractions_2024Q3/CCC/CCC_2024-07-30_000095017024087864.json,2024-07-31,10.240000,-0.7812,4.6875,5.2734,7.9102,6.7383
2024Q3,CCI,2024-07-17,0001051470-24-000180,$1B-$2B,1773000000,418000000,38527000000,-139000000,-407000000,606000000,,not_scored,,,,,,,missing_required_data,quarter_revenue_yoy_pct;guidance_revenue_millions,regex_fallback,81,,,,,6,6,6,6,3887,72192,Growth/earnings_8k_sec_parser/local_extractions_2024Q3/CCI/CCI_2024-07-17_000105147024000180.json,2024-07-18,105.000000,2.9809,5.9714,4.2857,14.5238,10.1714
2024Q3,CCL,2024-09-30,0000815097-24-000069,$2B-$10B,9343000000,-1100000000,49120000000,-1552000000,-1509000000,1525000000,,not_scored,,,,,,,missing_required_data,quarter_revenue_yoy_pct;guidance_revenue_millions,regex_fallback,7900,,,,,6,6,6,6,4631,39456,Growth/earnings_8k_sec_parser/local_extractions_2024Q3/CCL/CCL_2024-09-30_000081509724000069.json,2024-10-01,18.700001,9.2513,13.7968,17.6471,38.9840,33.9572
2024Q3,CCOI,2024-08-08,0001104659-24-087003,$100M-$500M,359949000,6148000,3211619000,-54616000,-23204000,35821000,,not_scored,,,,,,,missing_required_data,quarter_revenue_yoy_pct;guidance_revenue_millions,regex_fallback,239.8,,,,,6,1,6,6,3701,58754,Growth/earnings_8k_sec_parser/local_extractions_2024Q3/CCOI/CCOI_2024-08-08_000110465924087003.json,2024-08-09,68.870003,10.0189,1.8876,3.5139,15.3187,23.9291
2024Q3,CCRN,2024-07-31,0001628280-24-033758,$500M-$1B,622707000,29436000,679317000,-46681000,-3496000,46865000,,not_scored,,,,,,,missing_required_data,quarter_revenue_yoy_pct;guidance_revenue_millions,regex_fallback,82.4,,,,,6,4,6,6,3581,29915,Growth/earnings_8k_sec_parser/local_extractions_2024Q3/CCRN/CCRN_2024-07-31_000162828024033758.json,2024-08-01,17.320000,-17.3787,-18.8222,-15.5312,-22.4018,-32.4480
2024Q3,CCS,2024-07-24,0001576940-24-000057,$500M-$1B,752990000,33311000,4139362000,-58282000,-20936000,191334000,,not_scored,,,,,,,missing_required_data,guidance_revenue_millions,regex_fallback,83.7,63,,,,6,4,6,6,7599,27610,Growth/earnings_8k_sec_parser/local_extractions_2024Q3/CCS/CCS_2024-07-24_000157694024000057.json,2024-07-25,96.620003,-4.2331,-5.0300,5.6717,6.5721,-5.3095
2024Q3,CDE,2024-08-07,0000215466-24-000097,$100M-$500M,187298000,-24586000,2080848000,69435000,-29317000,-35003000,,not_scored,,,,,,,missing_required_data,quarter_revenue_yoy_pct;guidance_revenue_millions,regex_fallback,222,,,,,6,6,6,6,3340,56971,Growth/earnings_8k_sec_parser/local_extractions_2024Q3/CDE/CDE_2024-08-07_000021546624000097.json,2024-08-08,5.300000,18.8679,14.7170,-0.1887,16.7924,11.5094
2024Q3,CDNS,2024-07-22,0000813672-24-000150,$1B-$2B,1021690000,241804000,5669491000,-197352000,-35672000,267401000,,not_scored,,,,,,,missing_required_data,quarter_revenue_yoy_pct,regex_fallback,1061,,,3100,,6,6,6,6,3509,46992,Growth/earnings_8k_sec_parser/local_extractions_2024Q3/CDNS/CDNS_2024-07-22_000081367224000150.json,2024-07-23,285.859985,-12.6740,-6.7236,-3.5962,-4.1209,-11.4427
2024Q3,CDP,2024-07-29,0000860546-24-000050,$100M-$500M,167501000,80398000,4177992000,-143533000,85183000,58745000,,not_scored,,,,,,,missing_required_data,quarter_revenue_millions;quarter_revenue_yoy_pct;guidance_revenue_millions,regex_fallback,,,,,,6,6,6,6,3858,122350,Growth/earnings_8k_sec_parser/local_extractions_2024Q3/CDP/CDP_2024-07-29_000086054624000050.json,2024-07-30,28.600000,0.4545,0.3846,4.3007,6.0489,13.8462
2024Q3,CDRE,2024-08-09,0001558370-24-011748,$100M-$500M,111748000,7002000,431179000,-9303000,-580000,12722000,,not_scored,,,,,,,missing_required_data,quarter_revenue_yoy_pct;guidance_revenue_millions,regex_fallback,28.3,,,,,6,6,6,6,5141,40679,Growth/earnings_8k_sec_parser/local_extractions_2024Q3/CDRE/CDRE_2024-08-09_000155837024011748.json,2024-08-12,33.849998,3.4269,2.9247,1.7725,18.8183,2.8951
2024Q3,CDW,2024-07-31,0001402057-24-000135,$2B-$10B,5103100000,230100000,13284600000,-348200000,-54200000,365400000,,not_scored,,,,,,,missing_required_data,quarter_revenue_yoy_pct;guidance_revenue_millions,regex_fallback,5423,,,,,6,2,6,6,4330,34124,Growth/earnings_8k_sec_parser/local_extractions_2024Q3/CDW/CDW_2024-07-31_000140205724000135.json,2024-08-01,216.149994,-1.8737,4.0666,0.7032,4.6958,-9.7571
2024Q3,CECO,2024-07-30,0000950170-24-087502,$100M-$500M,750000000,1978000,600291000,34359000,-26655000,-12021000,,not_scored,,,,,,,missing_required_data,quarter_revenue_yoy_pct;guidance_revenue_millions,regex_fallback,137.5,,,,,6,6,6,6,3215,24350,Growth/earnings_8k_sec_parser/local_extractions_2024Q3/CECO/CECO_2024-07-30_000095017024087502.json,2024-07-31,29.510000,-5.9980,-7.7940,-1.8977,-4.4392,-23.5513
2024Q3,CELH,2024-08-06,0001341766-24-000059,$100M-$500M,259939000,41227000,1536396000,-6314000,980000,-13831000,,not_scored,,,,,,,missing_required_data,quarter_revenue_yoy_pct;guidance_revenue_millions,regex_fallback,402,,,,,6,3,6,6,4170,35508,Growth/earnings_8k_sec_parser/local_extractions_2024Q3/CELH/CELH_2024-08-06_000134176624000059.json,2024-08-07,40.209999,3.3574,-1.0196,-20.5173,-28.3263,-21.0893
2024Q3,CENX,2024-08-08,0000949157-24-000076,$500M-$1B,552400000,-38600000,1846500000,-9400000,-14300000,-200000,,not_scored,,,,,,,missing_required_data,quarter_revenue_yoy_pct;guidance_revenue_millions,regex_fallback,560.8,,,,,6,4,6,6,3967,19383,Growth/earnings_8k_sec_parser/local_extractions_2024Q3/CENX/CENX_2024-08-08_000094915724000076.json,2024-08-09,12.570000,13.4447,15.3540,-4.0573,21.2411,75.8154
2024Q3,CF,2024-08-07,0001104659-24-086801,$2B-$10B,2012000000,650000000,14376000000,-410000000,-34000000,947000000,,not_scored,,,,,,,missing_required_data,quarter_revenue_millions;quarter_revenue_yoy_pct;guidance_revenue_millions,regex_fallback,,,,,,6,6,6,6,3376,21765,Growth/earnings_8k_sec_parser/local_extractions_2024Q3/CF/CF_2024-08-07_000110465924086801.json,2024-08-08,77.190002,5.1172,6.0370,1.6582,14.2246,7.6305
2024Q3,CFG,2024-07-17,0000759944-24-000138,$2B-$10B,2128000000,511000000,221964000000,-5219000000,1492000000,1154000000,,not_scored,,,,,,,missing_required_data,quarter_revenue_yoy_pct;guidance_revenue_millions,regex_fallback,3,,,,,6,6,6,6,4284,118728,Growth/earnings_8k_sec_parser/local_extractions_2024Q3/CFG/CFG_2024-07-17_000075994424000138.json,2024-07-18,40.720001,5.5992,-5.7220,2.1611,-0.2947,4.1503
2024Q3,CFLT,2024-07-31,0000950170-24-088555,$100M-$500M,174302000,-152555000,2460809000,37729000,-52483000,-77772000,,not_scored,,,,,,,missing_required_data,quarter_revenue_yoy_pct;guidance_revenue_millions,regex_fallback,225,,,,,6,6,6,6,3508,29010,Growth/earnings_8k_sec_parser/local_extractions_2024Q3/CFLT/CFLT_2024-07-31_000095017024088555.json,2024-08-01,22.065001,-8.5429,0.1586,-7.6818,-7.6365,4.5547
2024Q3,CGNX,2024-07-31,0000851205-24-000069,$100M-$500M,201124000,25615000,2017812000,-39324000,-5788000,27553000,,not_scored,,,,,,,missing_required_data,quarter_revenue_yoy_pct;guidance_revenue_millions,regex_fallback,225,,,,,6,6,6,6,3694,26620,Growth/earnings_8k_sec_parser/local_extractions_2024Q3/CGNX/CGNX_2024-07-31_000085120524000069.json,2024-08-01,46.000000,-16.3043,-13.0217,-16.8261,-11.9565,-12.0435
2024Q3,CHD,2024-08-02,0000950170-24-089586,$1B-$2B,1429800000,203200000,8569200000,-311700000,-29600000,273100000,,not_scored,,,,,,,missing_required_data,quarter_revenue_yoy_pct;guidance_revenue_millions,regex_fallback,1170.6,,,,,6,6,6,6,2934,30107,Growth/earnings_8k_sec_parser/local_extractions_2024Q3/CHD/CHD_2024-08-02_000095017024089586.json,2024-08-05,99.000000,1.0000,2.8384,7.2929,2.0606,4.0000
2024Q3,CHDN,2024-07-24,0000020212-24-000100,$500M-$1B,559500000,155700000,6955500000,-237700000,54500000,215900000,,not_scored,,,,,,,missing_required_data,quarter_revenue_yoy_pct;guidance_revenue_millions,regex_fallback,890.7,,,,,6,0,6,6,3623,35234,Growth/earnings_8k_sec_parser/local_extractions_2024Q3/CHDN/CHDN_2024-07-24_000002021224000100.json,2024-07-25,137.710007,-5.3446,-1.5395,-0.8278,-0.3849,-2.5997
2024Q3,CHEF,2024-07-31,0001517175-24-000012,$500M-$1B,719645000,1401000,1705306000,-5141000,-59633000,-2261000,,not_scored,,,,,,,missing_required_data,quarter_revenue_yoy_pct;guidance_revenue_millions,regex_fallback,3665,,,,,6,3,6,6,3466,26501,Growth/earnings_8k_sec_parser/local_extractions_2024Q3/CHEF/CHEF_2024-07-31_000151717524000012.json,2024-08-01,41.750000,-12.5749,-5.3413,1.4850,0.6228,-5.9641
2024Q3,CHRD,2024-08-07,0001486159-24-000042,$500M-$1B,896517000,296999000,6926150000,-228074000,-241588000,468811000,,not_scored,,,,,,,missing_required_data,quarter_revenue_millions;quarter_revenue_yoy_pct;guidance_revenue_millions,regex_fallback,,,,,,6,6,6,6,3868,41300,Growth/earnings_8k_sec_parser/local_extractions_2024Q3/CHRD/CHRD_2024-08-07_000148615924000042.json,2024-08-08,148.350006,3.4041,-0.9774,-10.2730,-7.1250,-11.0482
2024Q3,CHRW,2024-07-31,0001043277-24-000039,$2B-$10B,4611670000,114891000,5595584000,-205992000,-26950000,254544000,,not_scored,,,,,,,missing_required_data,quarter_revenue_yoy_pct;guidance_revenue_millions,regex_fallback,3000,,,,,6,1,6,6,3478,66041,Growth/earnings_8k_sec_parser/local_extractions_2024Q3/CHRW/CHRW_2024-07-31_000104327724000039.json,2024-08-01,98.860001,-0.1618,1.8309,4.8048,11.6427,10.9043
2024Q3,CIEN,2024-09-04,0000936395-24-000030,$2B-$10B,2189176000,133895000,5601495000,479575000,-277270000,-35828000,,not_scored,,,,,,,missing_required_data,quarter_revenue_yoy_pct;guidance_revenue_millions,regex_fallback,942.3,,,,,6,5,6,6,5235,40283,Growth/earnings_8k_sec_parser/local_extractions_2024Q3/CIEN/CIEN_2024-09-04_000093639524000030.json,2024-09-05,54.009998,4.2400,13.7197,17.7375,17.0894,35.4379
2024Q3,CINF,2024-07-25,0000020286-24-000047,$2B-$10B,2241000000,225000000,32769000000,-197000000,-362000000,250000000,,not_scored,,,,,,,missing_required_data,quarter_revenue_millions;quarter_revenue_yoy_pct;guidance_revenue_millions,regex_fallback,,,,,,6,1,6,6,3768,98090,Growth/earnings_8k_sec_parser/local_extractions_2024Q3/CINF/CINF_2024-07-25_000002028624000047.json,2024-07-26,116.000000,8.4655,11.9569,14.2759,17.4052,19.1724
2024Q3,CL,2024-07-26,0000021665-24-000029,$2B-$10B,4770000000,372000000,16393000000,-375000000,-264000000,735000000,,not_scored,,,,,,,missing_required_data,quarter_revenue_millions;quarter_revenue_yoy_pct;guidance_revenue_millions,regex_fallback,,,,,,6,6,6,6,4125,32092,Growth/earnings_8k_sec_parser/local_extractions_2024Q3/CL/CL_2024-07-26_000002166524000029.json,2024-07-29,100.800003,1.8948,1.0417,4.9504,2.8373,-5.0198
2024Q3,CLB,2024-07-24,0000950170-24-086092,$100M-$500M,128356000,2373000,593617000,6064000,-2038000,-3169000,,not_scored,,,,,,,missing_required_data,quarter_revenue_yoy_pct;guidance_revenue_millions,regex_fallback,130.6,,,,,6,6,6,6,3505,28915,Growth/earnings_8k_sec_parser/local_extractions_2024Q3/CLB/CLB_2024-07-24_000095017024086092.json,2024-07-25,22.020000,-5.0863,-12.5341,-15.8946,-12.8974,-22.4342
2024Q3,CLNE,2024-08-07,0001558370-24-011356,$100M-$500M,132183000,-38697000,1259458000,-772000,60522000,-19004000,,not_scored,,,,,,,missing_required_data,quarter_revenue_yoy_pct;guidance_revenue_millions,regex_fallback,98,,,,,6,6,6,6,3885,37067,Growth/earnings_8k_sec_parser/local_extractions_2024Q3/CLNE/CLNE_2024-08-07_000155837024011356.json,2024-08-08,2.570000,29.1829,20.6226,1.9455,14.3969,26.4591
2024Q3,CLW,2024-08-06,0001504337-24-000040,$500M-$1B,525400000,23800000,1671800000,-6300000,-21500000,-9100000,,not_scored,,,,,,,missing_required_data,quarter_revenue_yoy_pct;guidance_revenue_millions,regex_fallback,586,,,,,6,2,6,6,5144,22690,Growth/earnings_8k_sec_parser/local_extractions_2024Q3/CLW/CLW_2024-08-06_000150433724000040.json,2024-08-07,45.560001,-29.9385,-27.5461,-32.9236,-42.5373,-38.4987
2024Q3,CLX,2024-08-01,0000021076-24-000027,$2B-$10B,5370000000,-27000000,5945000000,-526000000,-142000000,728000000,,not_scored,,,,,,,missing_required_data,guidance_revenue_millions,regex_fallback,1900,-6,,,,6,6,6,6,3342,66768,Growth/earnings_8k_sec_parser/local_extractions_2024Q3/CLX/CLX_2024-08-01_000002107624000027.json,2024-08-02,142.000000,-0.1479,6.4225,13.4648,16.4225,11.6549
2024Q3,CMCO,2024-07-31,0001005229-24-000231,$500M-$1B,906555000,29660000,1685707000,420700000,-554311000,48881000,,not_scored,,,,,,,missing_required_data,guidance_revenue_millions,regex_fallback,239.7,2,,,,6,6,6,6,5551,30385,Growth/earnings_8k_sec_parser/local_extractions_2024Q3/CMCO/CMCO_2024-07-31_000100522924000231.json,2024-08-01,37.970001,-14.6695,-13.4053,-13.8004,-5.1883,-15.3806
2024Q3,CME,2024-07-24,0001156375-24-000143,$1B-$2B,1441600000,883800000,129706100000,-9198500000,-17200000,902400000,,not_scored,,,,,,,missing_required_data,quarter_revenue_yoy_pct;guidance_revenue_millions,regex_fallback,1500,,,,,6,0,6,5,4691,16926,Growth/earnings_8k_sec_parser/local_extractions_2024Q3/CME/CME_2024-07-24_000115637524000143.json,2024-07-25,197.389999,-0.0861,5.2992,5.5930,9.3571,15.0717
2024Q3,CMG,2024-07-24,0001058090-24-000030,$2B-$10B,2368580000,291644000,8044362000,-193883000,-235549000,455036000,,not_scored,,,,,,,missing_required_data,quarter_revenue_yoy_pct;guidance_revenue_millions,regex_fallback,3000,,,,,6,1,6,6,3322,26659,Growth/earnings_8k_sec_parser/local_extractions_2024Q3/CMG/CMG_2024-07-24_000105809024000030.json,2024-07-25,50.509998,3.3063,2.2570,8.3944,15.4029,16.8482
2024Q3,CMI,2024-08-01,0000026172-24-000033,$2B-$10B,8453000000,806000000,32005000000,-363000000,-228000000,495000000,,not_scored,,,,,,,missing_required_data,quarter_revenue_yoy_pct;guidance_revenue_millions,regex_fallback,8800,,,,,6,6,6,6,3240,38411,Growth/earnings_8k_sec_parser/local_extractions_2024Q3/CMI/CMI_2024-08-01_000002617224000033.json,2024-08-02,303.709991,-4.2047,0.6980,0.2009,7.4314,8.3204
2024Q3,CMP,2024-09-17,0001227654-24-000168,$500M-$1B,763500000,-21900000,1818000000,102900000,-49600000,149500000,,not_scored,,,,,,,missing_required_data,quarter_revenue_yoy_pct;guidance_revenue_millions,regex_fallback,160.6,,,,,6,6,6,6,3690,29639,Growth/earnings_8k_sec_parser/local_extractions_2024Q3/CMP/CMP_2024-09-17_000122765424000168.json,2024-09-18,11.120000,8.0935,8.9029,21.7626,32.7338,15.0180
2024Q3,CMS,2024-07-25,0001104659-24-082494,$2B-$10B,2284000000,204000000,33517000000,27000000,-651000000,1040000000,,not_scored,,,,,,,missing_required_data,quarter_revenue_millions;quarter_revenue_yoy_pct;guidance_revenue_millions,regex_fallback,,,,,,6,6,6,6,7577,20818,Growth/earnings_8k_sec_parser/local_extractions_2024Q3/CMS/CMS_2024-07-25_000110465924082494.json,2024-07-26,63.459999,1.6388,3.9395,6.6971,10.4318,13.0949
2024Q3,CNDT,2024-08-07,0001677703-24-000115,$500M-$1B,922000000,-6000000,3162000000,-19000000,-22000000,-12000000,,not_scored,,,,,,,missing_required_data,quarter_revenue_millions;quarter_revenue_yoy_pct;guidance_revenue_millions,regex_fallback,,,,,,6,6,6,6,9629,85111,Growth/earnings_8k_sec_parser/local_extractions_2024Q3/CNDT/CNDT_2024-08-07_000167770324000115.json,2024-08-08,3.090000,7.1197,27.1845,18.4466,31.0680,33.6570
2024Q3,CNK,2024-08-02,0000950170-24-089582,$500M-$1B,610700000,-3100000,5230600000,-12900000,-55000000,-42200000,,not_scored,,,,,,,missing_required_data,quarter_revenue_yoy_pct;guidance_revenue_millions,regex_fallback,734,,,,,6,3,6,6,3562,18991,Growth/earnings_8k_sec_parser/local_extractions_2024Q3/CNK/CNK_2024-08-02_000095017024089582.json,2024-08-05,23.840000,11.2416,18.1628,16.3171,12.2483,24.0352
2024Q3,CNMD,2024-07-31,0001174947-24-000936,$100M-$500M,295468000,1819000,2300021000,5350000,-4254000,-3847000,,not_scored,,,,,,,missing_required_data,quarter_revenue_yoy_pct;guidance_revenue_millions,regex_fallback,332.1,,,,,6,6,6,6,3353,18004,Growth/earnings_8k_sec_parser/local_extractions_2024Q3/CNMD/CNMD_2024-07-31_000117494724000936.json,2024-08-01,63.400002,4.1640,7.1136,12.2398,13.4385,2.9338
2024Q3,CNNE,2024-08-08,0001704720-24-000067,$100M-$500M,209200000,-4100000,3132800000,1200000,-44400000,-19700000,,not_scored,,,,,,,missing_required_data,quarter_revenue_yoy_pct;guidance_revenue_millions,regex_fallback,576,,,,,6,6,6,6,3668,66548,Growth/earnings_8k_sec_parser/local_extractions_2024Q3/CNNE/CNNE_2024-08-08_000170472024000067.json,2024-08-09,19.000000,3.0000,5.0000,-0.5263,-3.0526,10.3684
2024Q3,CNO,2024-07-29,0001224608-24-000046,$1B-$2B,1006000000,-800000,35102500000,202000000,-406700000,81900000,,not_scored,,,,,,,missing_required_data,quarter_revenue_yoy_pct;guidance_revenue_millions,regex_fallback,50,,,,,6,5,6,6,4480,126507,Growth/earnings_8k_sec_parser/local_extractions_2024Q3/CNO/CNO_2024-07-29_000122460824000046.json,2024-07-30,32.000000,-1.0312,3.6875,8.2500,9.6875,8.5938
2024Q3,CNP,2024-07-30,0001130310-24-000094,$2B-$10B,2779000000,325000000,39715000000,-519000000,-1155000000,1713000000,,not_scored,,,,,,,missing_required_data,quarter_revenue_millions;quarter_revenue_yoy_pct;guidance_revenue_millions,regex_fallback,,,,,,6,6,6,6,4405,59838,Growth/earnings_8k_sec_parser/local_extractions_2024Q3/CNP/CNP_2024-07-30_000113031024000094.json,2024-07-31,28.500000,-8.0702,-9.4386,-4.2105,3.2281,3.2632
2024Q3,CNR,2024-08-08,0001710366-24-000016,$500M-$1B,688607000,230377000,2695311000,-225863000,-102757000,248511000,,not_scored,,,,,,,missing_required_data,quarter_revenue_yoy_pct;guidance_revenue_millions,regex_fallback,501.1,,,,,6,6,6,6,3609,23580,Growth/earnings_8k_sec_parser/local_extractions_2024Q3/CNR/CNR_2024-08-08_000171036624000016.json,2024-08-09,92.489998,3.5896,9.8605,-1.3839,14.2286,38.0257
2024Q3,CNTY,2024-08-08,0000911147-24-000053,$100M-$500M,108508000,-1243000,1359662000,-337000,-10791000,12280000,,not_scored,,,,,,,missing_required_data,quarter_revenue_yoy_pct;guidance_revenue_millions,regex_fallback,146.4,,,,,3,4,6,6,4331,27788,Growth/earnings_8k_sec_parser/local_extractions_2024Q3/CNTY/CNTY_2024-08-08_000091114724000053.json,2024-08-09,2.330000,-0.8584,5.1502,3.0043,14.5923,76.8240
2024Q3,CNX,2024-07-25,0001070412-24-000037,$1B-$2B,1275977000,710395000,8340145000,-107749000,-159511000,248738000,,not_scored,,,,,,,missing_required_data,quarter_revenue_millions;quarter_revenue_yoy_pct;guidance_revenue_millions,regex_fallback,,,,,,6,6,6,6,3794,38431,Growth/earnings_8k_sec_parser/local_extractions_2024Q3/CNX/CNX_2024-07-25_000107041224000037.json,2024-07-26,25.340000,-4.8934,5.0908,8.9582,23.3228,46.8035
2024Q3,CNXC,2024-09-25,0001803599-24-000150,$1B-$2B,1636404000,87870000,12491827000,-34526000,-39597000,103893000,,not_scored,,,,,,,missing_required_data,quarter_revenue_yoy_pct;guidance_revenue_millions,regex_fallback,60,,,,,6,6,6,6,3425,34187,Growth/earnings_8k_sec_parser/local_extractions_2024Q3/CNXC/CNXC_2024-09-25_000180359924000150.json,2024-09-26,54.700001,-5.6307,-6.0329,-18.6654,-18.1536,-18.5923
2024Q3,CNXN,2024-07-31,0001558370-24-010475,$500M-$1B,727545000,14198000,1118057000,-5743000,-1882000,19505000,,not_scored,,,,,,,missing_required_data,quarter_revenue_yoy_pct;guidance_revenue_millions,regex_fallback,736.5,,,,,6,1,6,6,3622,26837,Growth/earnings_8k_sec_parser/local_extractions_2024Q3/CNXN/CNXN_2024-07-31_000155837024010475.json,2024-08-01,73.779999,-9.2844,-4.2695,-5.8823,2.2364,-8.7151
2024Q3,COCO,2024-07-31,0001482981-24-000098,$100M-$500M,241127000,6705000,285682000,597000,-449000,9436000,,not_scored,,,,,,,missing_required_data,guidance_revenue_millions,regex_fallback,144,3,,,37,6,6,6,6,3521,22378,Growth/earnings_8k_sec_parser/local_extractions_2024Q3/COCO/COCO_2024-07-31_000148298124000098.json,2024-08-01,25.450001,1.5717,-0.3929,-2.2397,11.2377,16.1493
2024Q3,CODI,2024-07-31,0001345126-24-000040,$100M-$500M,483933000,105397000,3816981000,-178446000,154724000,15545000,,not_scored,,,,,,,missing_required_data,guidance_revenue_millions,regex_fallback,542.6,11,,,,6,6,6,6,4783,30646,Growth/earnings_8k_sec_parser/local_extractions_2024Q3/CODI/CODI_2024-07-31_000134512624000040.json,2024-08-01,23.549999,-13.7155,-9.2144,-9.3418,-6.0297,-12.5265
2024Q3,COF,2024-07-23,0000927628-24-000253,$2B-$10B,8903000000,960000000,478464000000,15719000000,-2994000000,2992000000,,not_scored,,,,,,,missing_required_data,guidance_revenue_millions,regex_fallback,9500,1,,,,6,2,6,6,5589,62908,Growth/earnings_8k_sec_parser/local_extractions_2024Q3/COF/COF_2024-07-23_000092762824000253.json,2024-07-24,143.669998,-8.5265,-6.7307,-0.7865,5.2760,8.5961
2024Q3,COHR,2024-08-15,0001193125-24-201297,$2B-$10B,3955049000,-81224000,14117632000,3682005000,-5833816000,452493000,,not_scored,,,,,,,missing_required_data,quarter_revenue_yoy_pct;guidance_revenue_millions,regex_fallback,1314,,,,,6,6,6,6,4121,55349,Growth/earnings_8k_sec_parser/local_extractions_2024Q3/COHR/COHR_2024-08-15_000119312524201297.json,2024-08-16,74.000000,7.3378,0.3514,1.6892,35.8378,35.1487
2024Q3,COIN,2024-08-01,0001679788-24-000148,$500M-$1B,772529000,-78896000,206982953000,460129000,-26080000,463078000,,not_scored,,,,,,,missing_required_data,quarter_revenue_yoy_pct;guidance_revenue_millions,regex_fallback,36,,,,,6,6,6,6,4549,53131,Growth/earnings_8k_sec_parser/local_extractions_2024Q3/COIN/COIN_2024-08-01_000167978824000148.json,2024-08-02,213.119995,-10.0319,-6.8928,-20.6409,-22.5741,-15.8925
2024Q3,COKE,2024-07-31,0000317540-24-000045,$1B-$2B,1571642000,118127000,4288942000,-40019000,-52542000,184694000,,not_scored,,,,,,,missing_required_data,quarter_revenue_millions;quarter_revenue_yoy_pct;guidance_revenue_millions,regex_fallback,,,,,,6,0,6,4,3712,22079,Growth/earnings_8k_sec_parser/local_extractions_2024Q3/COKE/COKE_2024-07-31_000031754024000045.json,2024-08-01,116.734001,7.4331,13.1881,13.8349,12.7692,2.7610
2024Q3,COLL,2024-07-29,0001104659-24-083126,$100M-$500M,144767000,-17426000,1143308000,68297000,-176000,27671000,,not_scored,,,,,,,missing_required_data,quarter_revenue_yoy_pct;guidance_revenue_millions,regex_fallback,145,,,,,6,6,6,6,13836,41163,Growth/earnings_8k_sec_parser/local_extractions_2024Q3/COLL/COLL_2024-07-29_000110465924083126.json,2024-07-30,36.509998,-2.7664,-1.1504,5.7519,5.8340,-3.7798
2024Q3,COLM,2024-07-25,0001050797-24-000125,$500M-$1B,820593000,46202000,2888974000,-35561000,-111680000,78002000,2,low,3,-1,0,0,0,68.1866,scored,,regex_fallback,570.2,-8,,959,,6,6,6,6,4057,28571,Growth/earnings_8k_sec_parser/local_extractions_2024Q3/COLM/COLM_2024-07-25_000105079724000125.json,2024-07-26,77.449997,0.9813,3.1892,7.6307,3.0342,-0.8651
2024Q3,COMP,2024-07-31,0001563190-24-000137,$500M-$1B,957200000,-150400000,1160300000,60700000,-3500000,-55500000,,not_scored,,,,,,,missing_required_data,quarter_revenue_yoy_pct;guidance_revenue_millions,regex_fallback,1700,,,,,6,6,6,6,4146,29731,Growth/earnings_8k_sec_parser/local_extractions_2024Q3/COMP/COMP_2024-07-31_000156319024000137.json,2024-08-01,4.710000,-11.8896,0.6369,9.1295,29.7240,18.0467
2024Q3,COO,2024-08-28,0000711404-24-000058,$1B-$2B,1735900000,84600000,11658900000,-124400000,-195300000,290800000,,not_scored,,,,,,,missing_required_data,guidance_revenue_millions,regex_fallback,1002.8,8,,,,6,6,6,6,3630,25946,Growth/earnings_8k_sec_parser/local_extractions_2024Q3/COO/COO_2024-08-28_000071140424000058.json,2024-08-29,104.099998,3.7752,6.1768,5.9942,1.3545,-0.6436
2024Q3,COOK,2024-08-06,0001857853-24-000089,$100M-$500M,153161000,-10930000,860759000,-478000,245000,-23590000,,not_scored,,,,,,,missing_required_data,quarter_revenue_yoy_pct,regex_fallback,28.2,,,590,40.5,6,6,6,6,3284,21915,Growth/earnings_8k_sec_parser/local_extractions_2024Q3/COOK/COOK_2024-08-06_000185785324000089.json,2024-08-07,120.000000,39.1667,55.0000,41.2500,41.6667,37.0833
2024Q3,CORT,2024-07-29,0001628280-24-033281,$100M-$500M,105654000,15879000,621517000,181000,207475000,25957000,,not_scored,,,,,,,missing_required_data,quarter_revenue_yoy_pct;guidance_revenue_millions,regex_fallback,163.8,,,,,6,4,6,1,3732,13052,Growth/earnings_8k_sec_parser/local_extractions_2024Q3/CORT/CORT_2024-07-29_000162828024033281.json,2024-07-30,38.389999,-10.8622,-10.2110,-8.4657,20.5522,25.9182
2024Q3,CORZ,2024-08-07,0001628280-24-035651,$100M-$500M,120655000,-388000,712156000,-1021000,-1869000,19942000,,not_scored,,,,,,,missing_required_data,quarter_revenue_yoy_pct;guidance_revenue_millions,regex_fallback,6700,,,,,4,2,6,6,4267,24329,Growth/earnings_8k_sec_parser/local_extractions_2024Q3/CORZ/CORZ_2024-08-07_000162828024035651.json,2024-08-08,9.730000,6.7832,4.1110,2.7749,27.1326,47.2765
2024Q3,CPAY,2024-08-07,0001628280-24-035644,$500M-$1B,901333000,214835000,15476252000,-217715000,-159027000,877665000,2,low,1,0,1,0,0,4.0279,scored,,regex_fallback,975.7,3,,1015,,6,6,6,6,3712,31777,Growth/earnings_8k_sec_parser/local_extractions_2024Q3/CPAY/CPAY_2024-08-07_000162828024035644.json,2024-08-08,279.140015,5.6173,8.8343,10.1239,19.3021,25.0161
2024Q3,CPB,2024-08-29,0000016732-24-000124,$2B-$10B,7289000000,689000000,12058000000,-535000000,-269000000,918000000,,not_scored,,,,,,,missing_required_data,guidance_revenue_millions,regex_fallback,2300,11,,,,6,6,6,6,4254,50176,Growth/earnings_8k_sec_parser/local_extractions_2024Q3/CPB/CPB_2024-08-29_000001673224000124.json,2024-08-30,49.009998,5.5703,3.7339,-0.1836,-4.5909,-5.7335
2024Q3,CPK,2024-08-08,0001628280-24-036213,$100M-$500M,218129000,36344000,3304704000,-42152000,-42654000,81667000,,not_scored,,,,,,,missing_required_data,quarter_revenue_millions;quarter_revenue_yoy_pct;guidance_revenue_millions,regex_fallback,,,,,,6,6,6,6,3486,82470,Growth/earnings_8k_sec_parser/local_extractions_2024Q3/CPK/CPK_2024-08-08_000162828024036213.json,2024-08-09,112.900002,2.2232,4.1364,4.5084,4.1275,7.6439
2024Q3,CRAI,2024-08-01,0001053706-24-000018,$100M-$500M,152845000,8918000,553211000,74848000,-1132000,-70051000,,not_scored,,,,,,,missing_required_data,quarter_revenue_yoy_pct;guidance_revenue_millions,regex_fallback,171.4,,,,,6,6,6,6,4432,42953,Growth/earnings_8k_sec_parser/local_extractions_2024Q3/CRAI/CRAI_2024-08-01_000105370624000018.json,2024-08-02,147.740005,5.0562,8.5826,10.2410,19.4599,23.2841
2024Q3,CRC,2024-07-01,0001193125-24-173343,$1B-$2B,1024000000,301000000,3998000000,-79000000,-61000000,310000000,,not_scored,,,,,,,missing_required_data,quarter_revenue_millions;quarter_revenue_yoy_pct;guidance_revenue_millions,regex_fallback,,,,,,0,6,6,3,24589,10663,Growth/earnings_8k_sec_parser/local_extractions_2024Q3/CRC/CRC_2024-07-01_000119312524173343.json,2024-07-02,53.000000,-3.0189,-2.8868,-7.6792,-6.0943,-1.0000
2024Q3,CRCT,2024-08-06,0001828962-24-000100,$100M-$500M,181227000,9099000,750122000,-80078000,-7741000,95169000,,not_scored,,,,,,,missing_required_data,quarter_revenue_yoy_pct;guidance_revenue_millions,regex_fallback,167.9,,,,,6,4,6,6,4459,19207,Growth/earnings_8k_sec_parser/local_extractions_2024Q3/CRCT/CRCT_2024-08-06_000182896224000100.json,2024-08-07,6.130000,-6.3622,-5.8728,-7.9935,4.8940,7.1778
2024Q3,CRDO,2024-09-04,0001628280-24-039309,$100M-$500M,106477000,-22176000,397289000,204181000,-17580000,-30832000,,not_scored,,,,,,,missing_required_data,quarter_revenue_yoy_pct,regex_fallback,59.7,,,65,61.3,6,6,6,6,3611,15057,Growth/earnings_8k_sec_parser/local_extractions_2024Q3/CRDO/CRDO_2024-09-04_000162828024039309.json,2024-09-05,27.330000,1.5734,9.1109,19.0633,46.6154,152.5064
2024Q3,CRH,2024-08-08,0001628280-24-035820,$2B-$10B,6427000000,-28000000,45107000000,-191000000,-492000000,-671000000,,not_scored,,,,,,,missing_required_data,quarter_revenue_yoy_pct;guidance_revenue_millions,regex_fallback,9700,,,,,6,6,6,6,4290,39781,Growth/earnings_8k_sec_parser/local_extractions_2024Q3/CRH/CRH_2024-08-08_000162828024035820.json,2024-08-09,82.120003,3.4827,7.5377,2.6547,8.6581,22.5767
2024Q3,CRI,2024-07-26,0001060822-24-000138,$500M-$1B,695880000,35996000,2283327000,-82762000,-13827000,42197000,,not_scored,,,,,,,missing_required_data,quarter_revenue_yoy_pct;guidance_revenue_millions,regex_fallback,564,,,,,6,6,6,6,3289,40674,Growth/earnings_8k_sec_parser/local_extractions_2024Q3/CRI/CRI_2024-07-26_000106082224000138.json,2024-07-29,58.020000,7.3940,10.6860,14.8397,14.8914,-2.8094
2024Q3,CRK,2024-07-30,0000950170-24-087901,$100M-$500M,489578000,134503000,6253623000,-34832000,-372507000,386364000,,not_scored,,,,,,,missing_required_data,quarter_revenue_yoy_pct;guidance_revenue_millions,regex_fallback,278,,,,,6,0,6,6,3879,16453,Growth/earnings_8k_sec_parser/local_extractions_2024Q3/CRK/CRK_2024-07-30_000095017024087901.json,2024-07-31,9.820000,3.0550,12.3218,8.2485,13.3401,21.6904
2024Q3,CRL,2024-08-07,0001100682-24-000025,$1B-$2B,1029373000,103131000,8195001000,25241000,-168618000,109383000,,not_scored,,,,,,,missing_required_data,quarter_revenue_yoy_pct;guidance_revenue_millions,regex_fallback,1030,,,,,6,6,6,6,3593,38472,Growth/earnings_8k_sec_parser/local_extractions_2024Q3/CRL/CRL_2024-08-07_000110068224000025.json,2024-08-08,191.500000,6.5379,2.8512,-1.7441,-1.1906,11.8538
2024Q3,CRM,2024-08-28,0001108524-24-000020,$2B-$10B,8247000000,199000000,99823000000,-2716000000,347000000,4491000000,,not_scored,,,,,,,missing_required_data,quarter_revenue_yoy_pct;guidance_revenue_millions,regex_fallback,9330,,,,,6,6,6,6,6049,39988,Growth/earnings_8k_sec_parser/local_extractions_2024Q3/CRM/CRM_2024-08-28_000110852424000020.json,2024-08-29,271.010010,-9.3170,-6.8558,0.9963,8.3982,21.7704
2024Q3,CRNC,2024-07-02,0001193125-24-174406,$100M-$500M,152051000,-28247000,1297590000,-5443000,2226000,4437000,,not_scored,,,,,,,missing_required_data,quarter_revenue_yoy_pct;guidance_revenue_millions,regex_fallback,66,,,,,3,6,6,6,4291,14377,Growth/earnings_8k_sec_parser/local_extractions_2024Q3/CRNC/CRNC_2024-07-02_000119312524174406.json,2024-07-03,3.010000,3.3223,6.9767,-10.6312,5.3156,-1.3289
2024Q3,CROX,2024-08-01,0001334036-24-000138,$500M-$1B,884166000,149543000,4643834000,-52306000,-27581000,9931000,,not_scored,,,,,,,missing_required_data,guidance_revenue_millions,regex_fallback,1112,4,,,,6,6,6,6,2827,33497,Growth/earnings_8k_sec_parser/local_extractions_2024Q3/CROX/CROX_2024-08-01_000133403624000138.json,2024-08-02,123.860001,5.1510,14.6940,12.9663,14.3468,-12.9501
2024Q3,CRSP,2024-08-05,0000950170-24-090727,$100M-$500M,100000000,-53065000,2229571000,5404000,117829000,8799000,,not_scored,,,,,,,missing_required_data,quarter_revenue_yoy_pct;guidance_revenue_millions,regex_fallback,70,,,,,0,4,6,6,3442,21696,Growth/earnings_8k_sec_parser/local_extractions_2024Q3/CRSP/CRSP_2024-08-05_000095017024090727.json,2024-08-06,50.209999,-4.7003,-2.0713,-9.8785,-9.4005,0.7568
2024Q3,CRSR,2024-07-18,0000950170-24-084571,$100M-$500M,353964000,-2012000,1357463000,-9886000,-4677000,41826000,,not_scored,,,,,,,missing_required_data,quarter_revenue_yoy_pct;guidance_revenue_millions,regex_fallback,261,,,,,0,4,6,6,3787,14282,Growth/earnings_8k_sec_parser/local_extractions_2024Q3/CRSR/CRSR_2024-07-18_000095017024084571.json,2024-07-19,8.840000,-5.6561,-27.0362,-25.9050,-25.6787,-23.6425
2024Q3,CRTO,2024-08-01,0001576427-24-000096,$100M-$500M,445016000,-11809000,2431919000,-72217000,-36102000,41964000,,not_scored,,,,,,,missing_required_data,quarter_revenue_yoy_pct;guidance_revenue_millions,regex_fallback,471,,,,,6,6,6,6,3785,39054,Growth/earnings_8k_sec_parser/local_extractions_2024Q3/CRTO/CRTO_2024-08-01_000157642724000096.json,2024-08-02,46.709999,2.2907,4.6029,-4.8170,-14.0227,-27.8955
2024Q3,CRUS,2024-08-06,0000772406-24-000056,$1B-$2B,1781460000,326355000,2063966000,-178731000,-18372000,124753000,,not_scored,,,,,,,missing_required_data,quarter_revenue_yoy_pct,regex_fallback,374,,,490,50,6,6,6,6,5106,44711,Growth/earnings_8k_sec_parser/local_extractions_2024Q3/CRUS/CRUS_2024-08-06_000077240624000056.json,2024-08-07,130.149994,7.9447,10.1422,1.6673,-9.8118,-21.0219
2024Q3,CRVL,2024-07-30,0000950170-24-087454,$500M-$1B,646230000,66410000,393923000,-79615000,-29819000,67222000,,not_scored,,,,,,,missing_required_data,quarter_revenue_yoy_pct;guidance_revenue_millions,regex_fallback,212,,,,,6,0,6,0,3573,5713,Growth/earnings_8k_sec_parser/local_extractions_2024Q3/CRVL/CRVL_2024-07-30_000095017024087454.json,2024-07-31,107.153336,-6.6851,-2.9522,-0.2271,1.6892,-4.3520
2024Q3,CSGP,2024-07-23,0001193125-24-182891,$500M-$1B,584400000,87100000,8919700000,-15900000,-19600000,123200000,,not_scored,,,,,,,missing_required_data,guidance_revenue_millions,regex_fallback,67,12,,,,6,6,6,6,5081,52020,Growth/earnings_8k_sec_parser/local_extractions_2024Q3/CSGP/CSGP_2024-07-23_000119312524182891.json,2024-07-24,75.360001,-3.5297,-2.9061,2.1629,2.6672,2.0037
2024Q3,CSGS,2024-08-07,0000950170-24-092752,$100M-$500M,298739000,20928000,1443046000,-51132000,-8629000,15397000,,not_scored,,,,,,,missing_required_data,quarter_revenue_yoy_pct;guidance_revenue_millions,regex_fallback,290.3,,,,,6,6,6,6,4155,38383,Growth/earnings_8k_sec_parser/local_extractions_2024Q3/CSGS/CSGS_2024-08-07_000095017024092752.json,2024-08-08,47.340000,-0.3169,0.5703,-3.2108,1.7110,7.9214
2024Q3,CSX,2024-08-05,0000277948-24-000046,$2B-$10B,3706000000,987000000,42408000000,-1438000000,-480000000,1251000000,,not_scored,,,,,,,missing_required_data,quarter_revenue_yoy_pct;guidance_revenue_millions,regex_fallback,3700,,,,,6,0,6,6,3739,7939,Growth/earnings_8k_sec_parser/local_extractions_2024Q3/CSX/CSX_2024-08-05_000027794824000046.json,2024-08-06,32.139999,3.9826,4.7604,5.8494,4.6982,3.7959
2024Q3,CTAS,2024-07-18,0000723254-24-000032,$2B-$10B,6531298000,351689000,8466001000,-774593000,-268611000,1044191000,,not_scored,,,,,,,missing_required_data,quarter_revenue_yoy_pct,regex_fallback,2470,,,10160,,6,6,6,4,2855,20860,Growth/earnings_8k_sec_parser/local_extractions_2024Q3/CTAS/CTAS_2024-07-18_000072325424000032.json,2024-07-19,189.687500,0.8053,-1.0965,1.8755,7.4241,12.7222
2024Q3,CTEV,2024-08-01,0001793229-24-000100,$100M-$500M,236594000,209000,6964687000,-109437000,-23101000,64215000,,not_scored,,,,,,,missing_required_data,quarter_revenue_yoy_pct;guidance_revenue_millions,regex_fallback,233.5,,,,,6,6,6,6,9451,26318,Growth/earnings_8k_sec_parser/local_extractions_2024Q3/CTEV/CTEV_2024-08-01_000179322924000100.json,2024-08-02,14.400000,-33.3333,-30.5556,-34.4444,-43.6806,-37.7778
2024Q3,CTLP,2024-09-10,0001628280-24-040028,$100M-$500M,179468000,-8574000,289612000,21267000,-48489000,5773000,,not_scored,,,,,,,missing_required_data,quarter_revenue_yoy_pct;guidance_revenue_millions,regex_fallback,72.7,,,,,6,3,6,6,3408,27439,Growth/earnings_8k_sec_parser/local_extractions_2024Q3/CTLP/CTLP_2024-09-10_000162828024040028.json,2024-09-11,5.960000,20.1342,32.0470,54.5302,54.8658,59.7316
2024Q3,CTOS,2024-08-01,0001709682-24-000052,$100M-$500M,452163000,13800000,3367797000,53849000,-39948000,3906000,,not_scored,,,,,,,missing_required_data,quarter_revenue_yoy_pct;guidance_revenue_millions,regex_fallback,423,,,,,6,6,6,6,4250,41843,Growth/earnings_8k_sec_parser/local_extractions_2024Q3/CTOS/CTOS_2024-08-01_000170968224000052.json,2024-08-02,4.220000,-0.7109,3.7915,-8.0569,-22.0379,-3.0806
2024Q3,CTRA,2024-08-01,0000858470-24-000102,$1B-$2B,1777000000,677000000,20415000000,-715000000,-479000000,1494000000,,not_scored,,,,,,,missing_required_data,quarter_revenue_millions;quarter_revenue_yoy_pct;guidance_revenue_millions,regex_fallback,,,,,,6,6,6,6,3562,34736,Growth/earnings_8k_sec_parser/local_extractions_2024Q3/CTRA/CTRA_2024-08-01_000085847024000102.json,2024-08-02,24.900000,-2.2490,-4.1767,-3.9357,-3.0120,-3.9357
2024Q3,CTRI,2024-07-29,0001981599-24-000022,$500M-$1B,653293000,-8844000,2189908000,-79356000,-20571000,51878000,,not_scored,,,,,,,missing_required_data,quarter_revenue_yoy_pct;guidance_revenue_millions,regex_fallback,400,,,,,6,6,6,6,3781,30238,Growth/earnings_8k_sec_parser/local_extractions_2024Q3/CTRI/CTRI_2024-07-29_000198159924000022.json,2024-07-30,15.240000,0.5906,5.8399,10.8924,5.9711,20.6037
2024Q3,CTRN,2024-08-27,0001104659-24-093052,$100M-$500M,179688000,-6635000,518721000,-783000,-950000,-13055000,,not_scored,,,,,,,missing_required_data,quarter_revenue_yoy_pct;guidance_revenue_millions,regex_fallback,176.6,,,,39,6,6,6,6,3639,19054,Growth/earnings_8k_sec_parser/local_extractions_2024Q3/CTRN/CTRN_2024-08-27_000110465924093052.json,2024-08-28,15.040000,-6.9149,17.4867,23.0053,32.3803,27.3271
2024Q3,CTS,2024-07-30,0000950170-24-087512,$100M-$500M,145994000,18344000,741167000,-16625000,-7896000,11186000,,not_scored,,,,,,,missing_required_data,quarter_revenue_yoy_pct;guidance_revenue_millions,regex_fallback,130,,,,,6,6,6,6,4669,52187,Growth/earnings_8k_sec_parser/local_extractions_2024Q3/CTS/CTS_2024-07-30_000095017024087512.json,2024-07-31,48.240002,-6.5713,-1.3889,2.0937,0.2902,3.0887
2024Q3,CTSH,2024-07-31,0001058290-24-000241,$2B-$10B,4812000000,580000000,18483000000,-350000000,-215000000,729000000,,not_scored,,,,,,,missing_required_data,quarter_revenue_yoy_pct;guidance_revenue_millions,regex_fallback,4900,,,,,6,6,6,6,3897,55511,Growth/earnings_8k_sec_parser/local_extractions_2024Q3/CTSH/CTSH_2024-07-31_000105829024000241.json,2024-08-01,78.000000,-6.2308,-1.7692,-1.5769,-1.0513,-4.6795
2024Q3,CTVA,2024-07-31,0001755672-24-000017,$2B-$10B,4884000000,595000000,45500000000,3274000000,-1511000000,-3311000000,,not_scored,,,,,,,missing_required_data,quarter_revenue_yoy_pct;guidance_revenue_millions,regex_fallback,17200,,,,,6,6,6,6,30777,29414,Growth/earnings_8k_sec_parser/local_extractions_2024Q3/CTVA/CTVA_2024-07-31_000175567224000017.json,2024-08-01,53.959999,-5.0778,0.5930,2.9837,8.9511,14.1030
2024Q3,CVCO,2024-08-02,0000278166-24-000102,$1B-$2B,1627158000,197699000,1307975000,-65095000,-159102000,144224000,,not_scored,,,,,,,missing_required_data,quarter_revenue_yoy_pct;guidance_revenue_millions,regex_fallback,478,,,,,6,5,6,6,3132,13832,Growth/earnings_8k_sec_parser/local_extractions_2024Q3/CVCO/CVCO_2024-08-02_000027816624000102.json,2024-08-05,351.279999,11.3869,15.0905,13.6045,20.2118,26.4547
2024Q3,CVGI,2024-08-05,0001628280-24-034777,$100M-$500M,262709000,8700000,483214000,12377000,-3321000,58000,,not_scored,,,,,,,missing_required_data,quarter_revenue_yoy_pct;guidance_revenue_millions,regex_fallback,229.9,,,,,6,6,6,6,3415,23152,Growth/earnings_8k_sec_parser/local_extractions_2024Q3/CVGI/CVGI_2024-08-05_000162828024034777.json,2024-08-06,4.670000,-22.4839,-20.1285,-28.6938,-33.1906,-34.0471
2024Q3,CVGW,2024-09-09,0001558370-24-012686,$100M-$500M,291042000,-7063000,386854000,13303000,-8461000,-3778000,,not_scored,,,,,,,missing_required_data,quarter_revenue_yoy_pct;guidance_revenue_millions,regex_fallback,179.6,,,,,6,4,6,6,3480,33206,Growth/earnings_8k_sec_parser/local_extractions_2024Q3/CVGW/CVGW_2024-09-09_000155837024012686.json,2024-09-10,26.320000,8.3967,8.3967,4.8632,8.0547,0.3799
2024Q3,CVI,2024-07-29,0001376139-24-000045,$2B-$10B,2286000000,195000000,4707000000,-122000000,-34000000,247000000,,not_scored,,,,,,,missing_required_data,quarter_revenue_yoy_pct;guidance_revenue_millions,regex_fallback,133,,,,,6,2,6,6,4149,34858,Growth/earnings_8k_sec_parser/local_extractions_2024Q3/CVI/CVI_2024-07-29_000137613924000045.json,2024-07-30,27.670000,-5.8547,-6.7944,-10.8059,-16.7691,-13.9140
2024Q3,CVLG,2024-07-24,0001008886-24-000261,$100M-$500M,158744000,16635000,954438000,-28407000,7078000,7248000,,not_scored,,,,,,,missing_required_data,quarter_revenue_yoy_pct;guidance_revenue_millions,regex_fallback,15.5,,,,,6,6,6,6,4359,37723,Growth/earnings_8k_sec_parser/local_extractions_2024Q3/CVLG/CVLG_2024-07-24_000100888624000261.json,2024-07-25,26.065001,-2.8391,-1.4387,0.9975,1.6305,-1.1318
2024Q3,CVLT,2024-07-30,0001169561-24-000077,$500M-$1B,769591000,33624000,782574000,-276088000,-24444000,177180000,,not_scored,,,,,,,missing_required_data,quarter_revenue_yoy_pct,regex_fallback,224.7,,,218,,6,5,6,6,3101,24847,Growth/earnings_8k_sec_parser/local_extractions_2024Q3/CVLT/CVLT_2024-07-30_000116956124000077.json,2024-07-31,153.559998,-2.8979,-2.2271,1.1982,0.1889,10.5692
2024Q3,CVNA,2024-07-31,0001690820-24-000270,$2B-$10B,2606000000,-160000000,7071000000,151000000,-19000000,-66000000,,not_scored,,,,,,,missing_required_data,quarter_revenue_yoy_pct;guidance_revenue_millions,regex_fallback,3410,,,,,6,6,6,6,3676,63588,Growth/earnings_8k_sec_parser/local_extractions_2024Q3/CVNA/CVNA_2024-07-31_000169082024000270.json,2024-08-01,147.339996,-9.4068,6.4002,-1.9139,18.1689,40.7018
2024Q3,CVSA,2024-08-06,0001558370-24-011090,$1B-$2B,1086185000,71114000,2810541000,-210874000,30697000,149417000,,not_scored,,,,,,,missing_required_data,quarter_revenue_yoy_pct;guidance_revenue_millions,regex_fallback,409.9,,,,,6,4,6,6,5131,39087,Growth/earnings_8k_sec_parser/local_extractions_2024Q3/CVSA/CVSA_2024-08-06_000155837024011090.json,2024-08-07,76.019997,-5.6959,-0.6182,-8.1952,-4.5120,6.9192
2024Q3,CWH,2024-07-31,0001558370-24-010477,$1B-$2B,1486880000,3169000,4630513000,-235833000,-20687000,199217000,,not_scored,,,,,,,missing_required_data,quarter_revenue_yoy_pct;guidance_revenue_millions,regex_fallback,1800,,,,,6,3,6,6,3638,58711,Growth/earnings_8k_sec_parser/local_extractions_2024Q3/CWH/CWH_2024-07-31_000155837024010477.json,2024-08-01,23.660000,-19.9070,-13.9053,-5.5368,2.3669,-3.9307
2024Q3,CWK,2024-07-29,0001628369-24-000013,$2B-$10B,2249300000,-76400000,7774000000,-42800000,73300000,-221500000,,not_scored,,,,,,,missing_required_data,quarter_revenue_yoy_pct;guidance_revenue_millions,regex_fallback,2300,,,,,6,5,6,6,3500,51731,Growth/earnings_8k_sec_parser/local_extractions_2024Q3/CWK/CWK_2024-07-29_000162836924000013.json,2024-07-30,13.030000,-3.5303,-0.8442,-1.2279,4.6048,4.2978
2024Q3,CWST,2024-08-01,0000911177-24-000076,$100M-$500M,262595000,3548000,1419890000,-9278000,-17727000,16079000,,not_scored,,,,,,,missing_required_data,quarter_revenue_yoy_pct;guidance_revenue_millions,regex_fallback,377.2,,,,,6,6,6,6,4816,41005,Growth/earnings_8k_sec_parser/local_extractions_2024Q3/CWST/CWST_2024-08-01_000091117724000076.json,2024-08-02,96.070000,6.4640,9.5555,9.0351,2.5502,1.8840
2024Q3,CWT,2024-08-01,0001104659-24-084688,$100M-$500M,145225000,-22211000,4595533000,62526000,-82082000,20970000,,not_scored,,,,,,,missing_required_data,quarter_revenue_yoy_pct;guidance_revenue_millions,regex_fallback,244.3,,,,,6,3,6,6,4163,36686,Growth/earnings_8k_sec_parser/local_extractions_2024Q3/CWT/CWT_2024-08-01_000110465924084688.json,2024-08-02,53.560001,-2.2965,1.0082,2.7072,0.2801,-2.9873
2024Q3,CXM,2024-09-04,0001569345-24-000044,$100M-$500M,173363000,2808000,1223110000,12692000,-28577000,18560000,,not_scored,,,,,,,missing_required_data,quarter_revenue_yoy_pct;guidance_revenue_millions,regex_fallback,197.2,,,,,6,4,6,6,3491,22022,Growth/earnings_8k_sec_parser/local_extractions_2024Q3/CXM/CXM_2024-09-04_000156934524000044.json,2024-09-05,8.270000,-5.3204,-8.8271,-15.1149,-8.1016,4.4740
2024Q3,CXW,2024-08-07,0001193125-24-195876,$100M-$500M,458002000,12400000,3105399000,-176310000,-10507000,89828000,,not_scored,,,,,,,missing_required_data,quarter_revenue_yoy_pct;guidance_revenue_millions,regex_fallback,490.1,,,,,6,3,6,6,3198,31848,Growth/earnings_8k_sec_parser/local_extractions_2024Q3/CXW/CXW_2024-08-07_000119312524195876.json,2024-08-08,13.000000,-1.0000,6.0769,1.6154,-2.1538,35.2308
2024Q3,CYH,2024-07-24,0000950170-24-086087,$2B-$10B,3108000000,-51000000,14455000000,40000000,-19000000,5000000,,not_scored,,,,,,,missing_required_data,quarter_revenue_yoy_pct;guidance_revenue_millions,regex_fallback,3140,,,,,6,6,6,6,4217,49286,Growth/earnings_8k_sec_parser/local_extractions_2024Q3/CYH/CYH_2024-07-24_000095017024086087.json,2024-07-25,4.200000,14.7619,18.0952,28.5714,40.7143,32.1429
2024Q3,CZR,2024-07-30,0001590895-24-000122,$2B-$10B,2830000000,-136000000,33366000000,-23000000,-231000000,174000000,,not_scored,,,,,,,missing_required_data,quarter_revenue_yoy_pct;guidance_revenue_millions,regex_fallback,2800,,,,,6,3,6,6,3509,18130,Growth/earnings_8k_sec_parser/local_extractions_2024Q3/CZR/CZR_2024-07-30_000159089524000122.json,2024-07-31,39.810001,-10.9018,-8.8169,-5.4509,4.8480,13.7403
2024Q3,D,2024-08-01,0000950170-24-088954,$2B-$10B,3883000000,981000000,109032000000,1820000000,-2302000000,2097000000,,not_scored,,,,,,,missing_required_data,quarter_revenue_millions;quarter_revenue_yoy_pct;guidance_revenue_millions,regex_fallback,,,,,,6,6,6,6,2848,23183,Growth/earnings_8k_sec_parser/local_extractions_2024Q3/D/D_2024-08-01_000095017024088954.json,2024-08-02,56.080002,-2.4251,0.6419,1.1591,3.8516,6.1519
2024Q3,DAN,2024-07-31,0001193125-24-189452,$2B-$10B,2644000000,28000000,7965000000,255000000,-118000000,-170000000,,not_scored,,,,,,,missing_required_data,quarter_revenue_yoy_pct;guidance_revenue_millions,regex_fallback,2740,,,,,6,6,6,6,3208,47749,Growth/earnings_8k_sec_parser/local_extractions_2024Q3/DAN/DAN_2024-07-31_000119312524189452.json,2024-08-01,12.860000,-21.1509,-15.4743,-15.4743,-17.8849,-34.7589
2024Q3,DASH,2024-08-01,0001628280-24-034129,$2B-$10B,2035000000,-161000000,10839000000,-390000000,-10000000,397000000,,not_scored,,,,,,,missing_required_data,guidance_revenue_millions,regex_fallback,2600,23,,,,6,6,6,6,4276,38089,Growth/earnings_8k_sec_parser/local_extractions_2024Q3/DASH/DASH_2024-08-01_000162828024034129.json,2024-08-02,116.660004,6.3261,10.4063,7.1918,21.6612,34.3220
2024Q3,DBD,2024-08-07,0000028823-24-000074,$500M-$1B,858100000,-111100000,4162000000,21100000,-1700000,-95900000,,not_scored,,,,,,,missing_required_data,quarter_revenue_yoy_pct;guidance_revenue_millions,regex_fallback,939.7,,,,,6,6,6,6,3383,46286,Growth/earnings_8k_sec_parser/local_extractions_2024Q3/DBD/DBD_2024-08-07_000002882324000074.json,2024-08-08,40.860001,-6.5835,5.5311,-0.1224,7.6114,22.0998
2024Q3,DBI,2024-09-11,0001319947-24-000043,$500M-$1B,742082000,11415000,2134495000,93507000,-123935000,22546000,,not_scored,,,,,,,missing_required_data,quarter_revenue_millions;quarter_revenue_yoy_pct;guidance_revenue_millions,regex_fallback,,,,,,6,4,6,6,3417,26723,Growth/earnings_8k_sec_parser/local_extractions_2024Q3/DBI/DBI_2024-09-11_000131994724000043.json,2024-09-12,5.030000,33.0020,33.5984,14.7117,2.9821,14.1153
2024Q3,DBX,2024-08-08,0001467623-24-000039,$500M-$1B,611100000,69000000,2983500000,-241300000,200800000,139900000,,not_scored,,,,,,,missing_required_data,quarter_revenue_yoy_pct;guidance_revenue_millions,regex_fallback,634.5,,,,,6,3,6,6,3757,28743,Growth/earnings_8k_sec_parser/local_extractions_2024Q3/DBX/DBX_2024-08-08_000146762324000039.json,2024-08-09,22.500000,4.9333,11.4667,2.8444,13.2444,23.9111
2024Q3,DCGO,2024-08-07,0001822359-24-000079,$100M-$500M,113002703,-3918790,407545176,-11951059,-1689495,-23117951,,not_scored,,,,,,,missing_required_data,quarter_revenue_yoy_pct,regex_fallback,650,,,650,,6,6,6,6,4104,35204,Growth/earnings_8k_sec_parser/local_extractions_2024Q3/DCGO/DCGO_2024-08-07_000182235924000079.json,2024-08-08,3.280000,7.3171,10.6707,10.9756,-3.9634,11.2805
2024Q3,DCH,2024-08-09,0001062231-24-000082,$1B-$2B,1493900000,-5100000,5356300000,-49100000,-30500000,32100000,,not_scored,,,,,,,missing_required_data,quarter_revenue_yoy_pct;guidance_revenue_millions,regex_fallback,1630,,,,,6,1,6,6,3006,23514,Growth/earnings_8k_sec_parser/local_extractions_2024Q3/DCH/DCH_2024-08-09_000106223124000082.json,2024-08-12,6.450000,-3.1008,-3.5659,-12.4031,-4.9612,4.0310
2024Q3,DCO,2024-08-08,0001628280-24-035845,$100M-$500M,181191000,5231000,1120919000,-4841000,-5362000,-18928000,,not_scored,,,,,,,missing_required_data,quarter_revenue_yoy_pct;guidance_revenue_millions,regex_fallback,197,,,,,6,2,6,6,2998,32528,Growth/earnings_8k_sec_parser/local_extractions_2024Q3/DCO/DCO_2024-08-08_000162828024035845.json,2024-08-09,62.189999,3.8431,4.5667,1.1256,1.2703,8.8921
2024Q3,DD,2024-07-31,0001666700-24-000028,$2B-$10B,3018000000,257000000,38552000000,-213000000,-229000000,209000000,,not_scored,,,,,,,missing_required_data,quarter_revenue_yoy_pct;guidance_revenue_millions,regex_fallback,3200,,,,,6,6,6,6,3659,45569,Growth/earnings_8k_sec_parser/local_extractions_2024Q3/DD/DD_2024-07-31_000166670024000028.json,2024-08-01,35.175732,-6.8276,-4.4725,-2.3195,5.9950,-0.9516
2024Q3,DDD,2024-08-13,0001193125-24-199841,$100M-$500M,405299000,-97158000,1446613000,-12981000,-374116000,-52449000,,not_scored,,,,,,,missing_required_data,quarter_revenue_millions;quarter_revenue_yoy_pct;guidance_revenue_millions,regex_fallback,,,,,,0,6,6,6,3324,25967,Growth/earnings_8k_sec_parser/local_extractions_2024Q3/DDD/DDD_2024-08-13_000119312524199841.json,2024-08-14,2.590000,-0.7722,-26.2548,-4.6332,17.7606,31.2741
2024Q3,DDOG,2024-08-08,0001561550-24-000109,$100M-$500M,481714000,-24086000,3936072000,2098000,-256248000,133787000,,not_scored,,,,,,,missing_required_data,guidance_revenue_millions,regex_fallback,645,27,,,,6,6,6,6,3458,29647,Growth/earnings_8k_sec_parser/local_extractions_2024Q3/DDOG/DDOG_2024-08-08_000156155024000109.json,2024-08-09,113.739998,3.0508,1.2660,-5.3104,8.7744,14.1111
2024Q3,DECK,2024-07-25,0000910521-24-000037,$2B-$10B,3150339000,451949000,2556203000,-367482000,-51009000,172353000,,not_scored,,,,,,,missing_required_data,guidance_revenue_millions,regex_fallback,825,22,,,,6,6,6,6,3684,13325,Growth/earnings_8k_sec_parser/local_extractions_2024Q3/DECK/DECK_2024-07-25_000091052124000037.json,2024-07-26,159.968338,-11.3908,-1.2773,-1.5399,-3.4809,-4.9562
2024Q3,DEI,2024-08-08,0001364250-24-000037,$100M-$500M,252393000,18373000,9644218000,-60929000,-51403000,145474000,,not_scored,,,,,,,missing_required_data,quarter_revenue_yoy_pct;guidance_revenue_millions,regex_fallback,11.5,,,,,6,6,6,6,3216,64827,Growth/earnings_8k_sec_parser/local_extractions_2024Q3/DEI/DEI_2024-08-08_000136425024000037.json,2024-08-09,15.150000,0.9241,6.0726,3.5644,15.0495,26.8647
2024Q3,DFIN,2024-07-31,0000950170-24-088229,$100M-$500M,198600000,15800000,871300000,47700000,-1700000,-51500000,,not_scored,,,,,,,missing_required_data,quarter_revenue_yoy_pct;guidance_revenue_millions,regex_fallback,242.7,,,,,6,2,6,6,3162,36908,Growth/earnings_8k_sec_parser/local_extractions_2024Q3/DFIN/DFIN_2024-07-31_000095017024088229.json,2024-08-01,67.239998,-6.6330,-3.2272,-1.6211,-2.0970,-4.9970
2024Q3,DG,2024-08-29,0001104659-24-094354,$2B-$10B,9342832000,514380000,30795591000,101975000,-361602000,191115000,,not_scored,,,,,,,missing_required_data,quarter_revenue_millions;quarter_revenue_yoy_pct;guidance_revenue_millions,regex_fallback,,,,,,6,6,6,6,4832,28186,Growth/earnings_8k_sec_parser/local_extractions_2024Q3/DG/DG_2024-08-29_000110465924094354.json,2024-08-30,84.400002,-4.0521,2.4881,0.2014,-5.4502,-8.4479
2024Q3,DGII,2024-08-07,0000854775-24-000027,$100M-$500M,220450000,11678000,835531000,-10187000,-2855000,9607000,,not_scored,,,,,,,missing_required_data,quarter_revenue_yoy_pct;guidance_revenue_millions,regex_fallback,105,,,,,6,5,6,6,3521,20144,Growth/earnings_8k_sec_parser/local_extractions_2024Q3/DGII/DGII_2024-08-07_000085477524000027.json,2024-08-08,25.230000,15.6163,12.0888,7.8082,16.3298,27.6655
2024Q3,DGX,2024-07-23,0001022079-24-000153,$2B-$10B,2331000000,202000000,14022000000,-76000000,-158000000,94000000,,not_scored,,,,,,,missing_required_data,quarter_revenue_yoy_pct;guidance_revenue_millions,regex_fallback,2400,,,,,6,6,6,6,2928,20810,Growth/earnings_8k_sec_parser/local_extractions_2024Q3/DGX/DGX_2024-07-23_000102207924000153.json,2024-07-24,141.990005,2.6762,6.1835,8.1485,8.4442,10.9022
2024Q3,DHR,2024-07-23,0000313616-24-000188,$2B-$10B,5949000000,1450000000,84488000000,-262000000,-304000000,1947000000,,not_scored,,,,,,,missing_required_data,quarter_revenue_millions;quarter_revenue_yoy_pct;guidance_revenue_millions,regex_fallback,,,,,,6,6,6,6,4557,25943,Growth/earnings_8k_sec_parser/local_extractions_2024Q3/DHR/DHR_2024-07-23_000031361624000188.json,2024-07-24,261.880005,2.8410,2.6081,2.9021,4.3035,-0.2291
2024Q3,DIN,2024-08-07,0001193125-24-195411,$100M-$500M,213767000,27410000,1740287000,-93217000,-12739000,16076000,,not_scored,,,,,,,missing_required_data,quarter_revenue_yoy_pct;guidance_revenue_millions,regex_fallback,206.3,,,,,6,6,6,6,3518,38405,Growth/earnings_8k_sec_parser/local_extractions_2024Q3/DIN/DIN_2024-08-07_000119312524195411.json,2024-08-08,30.290001,7.5272,7.3291,-3.9617,0.6273,18.8181
2024Q3,DIOD,2024-08-08,0000950170-24-094168,$100M-$500M,467241000,71150000,2285561000,-70318000,-48131000,99811000,,not_scored,,,,,,,missing_required_data,quarter_revenue_yoy_pct;guidance_revenue_millions,regex_fallback,319.8,,,,34,6,5,6,6,6722,55962,Growth/earnings_8k_sec_parser/local_extractions_2024Q3/DIOD/DIOD_2024-08-08_000095017024094168.json,2024-08-09,65.209999,3.1897,6.7781,-6.7628,-2.3616,-3.7264
2024Q3,DK,2024-08-06,0001694426-24-000106,$2B-$10B,3924300000,64300000,7171800000,-149300000,-222100000,395100000,,not_scored,,,,,,,missing_required_data,quarter_revenue_millions;quarter_revenue_yoy_pct;guidance_revenue_millions,regex_fallback,,,,,,6,5,6,6,4604,80052,Growth/earnings_8k_sec_parser/local_extractions_2024Q3/DK/DK_2024-08-06_000169442624000106.json,2024-08-07,20.129999,7.6006,-1.0929,-3.0303,0.5961,-20.8644
2024Q3,DLR,2024-07-25,0001558370-24-010180,$1B-$2B,1338723000,68726000,44113258000,390908000,-749007000,349726000,,not_scored,,,,,,,missing_required_data,quarter_revenue_yoy_pct;guidance_revenue_millions,regex_fallback,40,,,,,6,6,6,6,5892,171490,Growth/earnings_8k_sec_parser/local_extractions_2024Q3/DLR/DLR_2024-07-25_000155837024010180.json,2024-07-26,142.860001,1.1270,4.8999,5.4109,13.4887,15.5887
2024Q3,DLTR,2024-09-04,0000935703-24-000039,$2B-$10B,7323800000,299000000,23108600000,-167600000,-352700000,752000000,,not_scored,,,,,,,missing_required_data,quarter_revenue_yoy_pct;guidance_revenue_millions,regex_fallback,30600,,,,,6,6,6,6,3589,34938,Growth/earnings_8k_sec_parser/local_extractions_2024Q3/DLTR/DLTR_2024-09-04_000093570324000039.json,2024-09-05,63.090000,13.9800,11.8244,10.0967,5.8963,17.0233
2024Q3,DLX,2024-07-31,0000027996-24-000139,$500M-$1B,545365000,2752000,3080622000,-122288000,-25484000,-6706000,,not_scored,,,,,,,missing_required_data,quarter_revenue_millions;quarter_revenue_yoy_pct;guidance_revenue_millions,regex_fallback,,,,,,6,6,6,4,3435,23744,Growth/earnings_8k_sec_parser/local_extractions_2024Q3/DLX/DLX_2024-07-31_000002799624000139.json,2024-08-01,23.309999,-18.5328,-15.9159,-15.4011,-16.3878,-16.9455
2024Q3,DNOW,2024-08-07,0001193125-24-195396,$500M-$1B,584000000,31000000,1529000000,-34000000,-5000000,-6000000,,not_scored,,,,,,,missing_required_data,quarter_revenue_yoy_pct;guidance_revenue_millions,regex_fallback,633,,,,,6,0,6,6,3400,10472,Growth/earnings_8k_sec_parser/local_extractions_2024Q3/DNOW/DNOW_2024-08-07_000119312524195396.json,2024-08-08,13.150000,-1.2167,-2.9658,-9.8099,-3.6502,4.5627
2024Q3,DNUT,2024-08-08,0001857154-24-000088,$100M-$500M,418950000,-301000,3240592000,1808000,-16446000,10365000,,not_scored,,,,,,,missing_required_data,quarter_revenue_yoy_pct;guidance_revenue_millions,regex_fallback,21.9,,,,,6,5,6,6,3408,35371,Growth/earnings_8k_sec_parser/local_extractions_2024Q3/DNUT/DNUT_2024-08-08_000185715424000088.json,2024-08-09,10.220000,8.2192,8.2192,12.2309,4.6967,15.9980
2024Q3,DOC,2024-07-25,0001628280-24-032991,$500M-$1B,525678000,118952000,15698850000,-239875000,56345000,173921000,,not_scored,,,,,,,missing_required_data,quarter_revenue_yoy_pct;guidance_revenue_millions,regex_fallback,418,,,,,6,6,6,6,5036,50500,Growth/earnings_8k_sec_parser/local_extractions_2024Q3/DOC/DOC_2024-07-25_000162828024032991.json,2024-07-26,21.900000,-5.2968,-1.4612,2.6941,3.9726,5.0228
2024Q3,DOCN,2024-08-08,0001582961-24-000120,$100M-$500M,165134000,-16370000,1460967000,-264230000,107956000,36215000,,not_scored,,,,,,,missing_required_data,quarter_revenue_yoy_pct;guidance_revenue_millions,regex_fallback,192,,,,,6,6,6,6,3457,30239,Growth/earnings_8k_sec_parser/local_extractions_2024Q3/DOCN/DOCN_2024-08-08_000158296124000120.json,2024-08-09,30.320000,25.2639,23.1530,28.2322,37.2362,27.8694
2024Q3,DOCU,2024-09-05,0001261333-24-000118,$500M-$1B,661388000,539000,2971290000,-20904000,7812000,233635000,,not_scored,,,,,,,missing_required_data,quarter_revenue_yoy_pct;guidance_revenue_millions,regex_fallback,736,,,,,6,4,6,6,3745,32006,Growth/earnings_8k_sec_parser/local_extractions_2024Q3/DOCU/DOCU_2024-09-05_000126133324000118.json,2024-09-06,60.240002,-5.7769,3.8015,4.2165,19.9369,38.9110
2024Q3,DOV,2024-07-25,0000029905-24-000033,$2B-$10B,2079023000,228574000,11348513000,-306565000,-43556000,241284000,,not_scored,,,,,,,missing_required_data,quarter_revenue_yoy_pct;guidance_revenue_millions,regex_fallback,2200,,,,,6,6,6,6,3882,31665,Growth/earnings_8k_sec_parser/local_extractions_2024Q3/DOV/DOV_2024-07-25_000002990524000033.json,2024-07-26,185.429993,-6.8435,-3.4838,-1.1001,3.8829,-0.3505
2024Q3,DPZ,2024-07-18,0000950170-24-084430,$1B-$2B,1024398000,104770000,1674899000,-45281000,-19603000,114682000,,not_scored,,,,,,,missing_required_data,quarter_revenue_yoy_pct;guidance_revenue_millions,regex_fallback,2.7,,,,,6,6,6,6,3145,34632,Growth/earnings_8k_sec_parser/local_extractions_2024Q3/DPZ/DPZ_2024-07-18_000095017024084430.json,2024-07-19,407.339996,5.1038,7.4311,6.2601,1.2520,5.4107
2024Q3,DRH,2024-08-01,0001298946-24-000091,$100M-$500M,243553000,9156000,3238687000,-21063000,-21642000,58069000,,not_scored,,,,,,,missing_required_data,quarter_revenue_yoy_pct;guidance_revenue_millions,regex_fallback,309.3,,,,,6,6,6,6,5498,55409,Growth/earnings_8k_sec_parser/local_extractions_2024Q3/DRH/DRH_2024-08-01_000129894624000091.json,2024-08-02,7.910000,-1.8963,7.2061,9.3552,10.6195,8.3439
2024Q3,DRI,2024-09-19,0000940944-24-000044,$2B-$10B,7718800000,666800000,10241500000,-862700000,-409500000,,,not_scored,,,,,,,missing_required_data,quarter_revenue_millions;quarter_revenue_yoy_pct;guidance_revenue_millions,regex_fallback,,,,,,6,5,6,6,3734,14841,Growth/earnings_8k_sec_parser/local_extractions_2024Q3/DRI/DRI_2024-09-19_000094094424000044.json,2024-09-20,172.669998,-4.9458,-9.6948,-4.9980,-6.8454,6.2373
2024Q3,DRS,2024-07-30,0001628280-24-033350,$500M-$1B,569000000,12000000,3921000000,216000000,-14000000,-334000000,,not_scored,,,,,,,missing_required_data,quarter_revenue_yoy_pct;guidance_revenue_millions,regex_fallback,753,,,,,6,5,6,6,4118,26790,Growth/earnings_8k_sec_parser/local_extractions_2024Q3/DRS/DRS_2024-07-30_000162828024033350.json,2024-07-31,28.360001,-3.3145,-2.5741,0.6347,-0.4937,0.1410
2024Q3,DRVN,2024-08-01,0001193125-24-190597,$500M-$1B,562467000,29749000,5910804000,108492000,-181690000,36792000,,not_scored,,,,,,,missing_required_data,quarter_revenue_yoy_pct;guidance_revenue_millions,regex_fallback,30,,,,,6,6,6,6,8182,31417,Growth/earnings_8k_sec_parser/local_extractions_2024Q3/DRVN/DRVN_2024-08-01_000119312524190597.json,2024-08-02,14.200000,-8.5211,-1.1972,-0.9155,2.1127,4.5775
2024Q3,DSGR,2024-08-01,0000703604-24-000077,$100M-$500M,348270000,5907000,1550331000,-2394000,-5094000,13858000,,not_scored,,,,,,,missing_required_data,quarter_revenue_yoy_pct;guidance_revenue_millions,regex_fallback,61.6,,,,,6,5,6,6,2948,24064,Growth/earnings_8k_sec_parser/local_extractions_2024Q3/DSGR/DSGR_2024-08-01_000070360424000077.json,2024-08-02,32.000000,0.2187,13.1875,10.9375,19.0313,20.3125
2024Q3,DTE,2024-07-25,0000936340-24-000176,$2B-$10B,3236000000,445000000,44755000000,151000000,-981000000,924000000,,not_scored,,,,,,,missing_required_data,quarter_revenue_millions;quarter_revenue_yoy_pct;guidance_revenue_millions,regex_fallback,,,,,,6,6,6,2,5994,38996,Growth/earnings_8k_sec_parser/local_extractions_2024Q3/DTE/DTE_2024-07-25_000093634024000176.json,2024-07-26,119.320000,-0.4442,2.2293,4.4837,5.0034,8.7580
2024Q3,DUK,2024-08-06,0001326160-24-000164,$2B-$10B,5928000000,804000000,176893000000,1747000000,-3209000000,1483000000,,not_scored,,,,,,,missing_required_data,quarter_revenue_millions;quarter_revenue_yoy_pct;guidance_revenue_millions,regex_fallback,,,,,,6,6,6,6,4277,77941,Growth/earnings_8k_sec_parser/local_extractions_2024Q3/DUK/DUK_2024-08-06_000132616024000164.json,2024-08-07,113.220001,-0.4416,-1.1659,2.9853,-2.6409,0.7596
2024Q3,DUOL,2024-08-07,0001562088-24-000203,$100M-$500M,115661000,-2582000,953957000,4619000,-1312000,29604000,,not_scored,,,,,,,missing_required_data,quarter_revenue_yoy_pct;guidance_revenue_millions,regex_fallback,178.3,,,,,6,6,6,0,3410,22406,Growth/earnings_8k_sec_parser/local_extractions_2024Q3/DUOL/DUOL_2024-08-07_000156208824000203.json,2024-08-08,174.990005,18.3953,15.9038,24.0642,59.8663,82.2104
2024Q3,DVA,2024-08-06,0000927066-24-000126,$2B-$10B,2872699000,115547000,16893578000,-275912000,-116544000,462557000,,not_scored,,,,,,,missing_required_data,quarter_revenue_yoy_pct;guidance_revenue_millions,regex_fallback,3187,,,,,6,6,6,6,3408,51720,Growth/earnings_8k_sec_parser/local_extractions_2024Q3/DVA/DVA_2024-08-06_000092706624000126.json,2024-08-07,142.050003,7.1242,9.0109,5.5825,10.9046,3.5410
2024Q3,DVN,2024-08-06,0001193125-24-194945,$2B-$10B,3823000000,995000000,24490000000,-1211000000,-1033000000,1677000000,,not_scored,,,,,,,missing_required_data,quarter_revenue_millions;quarter_revenue_yoy_pct;guidance_revenue_millions,regex_fallback,,,,,,6,6,6,6,3730,37343,Growth/earnings_8k_sec_parser/local_extractions_2024Q3/DVN/DVN_2024-08-06_000119312524194945.json,2024-08-07,43.520000,3.8373,2.5965,-5.0092,-2.0910,-9.6048
2024Q3,DXLG,2024-08-29,0000950170-24-101579,$100M-$500M,125442000,6967000,357741000,-230000,-17677000,-4234000,,not_scored,,,,,,,missing_required_data,quarter_revenue_yoy_pct;guidance_revenue_millions,regex_fallback,124.8,,,,,6,6,6,6,3262,26548,Growth/earnings_8k_sec_parser/local_extractions_2024Q3/DXLG/DXLG_2024-08-29_000095017024101579.json,2024-08-30,2.700000,-3.3333,2.9630,8.8889,2.5926,-10.7407
2024Q3,DXPE,2024-08-08,0001020710-24-000070,$100M-$500M,424267000,17580000,1177436000,-10354000,-3804000,26449000,,not_scored,,,,,,,missing_required_data,quarter_revenue_yoy_pct;guidance_revenue_millions,regex_fallback,445.6,,,,,6,0,6,5,3835,20110,Growth/earnings_8k_sec_parser/local_extractions_2024Q3/DXPE/DXPE_2024-08-08_000102071024000070.json,2024-08-09,49.590000,2.8030,10.2843,-2.6417,6.0899,44.9687
2024Q3,DY,2024-08-21,0000067215-24-000035,$1B-$2B,1045474000,51523000,2516885000,-34064000,-33608000,-85117000,,not_scored,,,,,,,missing_required_data,quarter_revenue_yoy_pct;guidance_revenue_millions,regex_fallback,1203,,,,,6,6,6,6,6159,43380,Growth/earnings_8k_sec_parser/local_extractions_2024Q3/DY/DY_2024-08-21_000006721524000035.json,2024-08-22,179.990005,-6.0059,2.7502,9.5728,12.6840,-1.9057
2024Q3,EA,2024-07-30,0000712515-24-000027,$2B-$10B,6991000000,789000000,13459000000,-1620000000,-2804000000,1899000000,,not_scored,,,,,,,missing_required_data,quarter_revenue_yoy_pct,regex_fallback,1660,,,7100,,6,6,6,6,3943,25548,Growth/earnings_8k_sec_parser/local_extractions_2024Q3/EA/EA_2024-07-30_000071251524000027.json,2024-07-31,151.000000,-3.3709,-1.2914,0.5431,-5.0066,-3.5629
2024Q3,EAT,2024-08-14,0000703351-24-000027,$2B-$10B,3057700000,-30200000,2487000000,-67200000,-133300000,200800000,,not_scored,,,,,,,missing_required_data,quarter_revenue_yoy_pct,regex_fallback,1196.5,,,4550,,6,6,6,6,3389,25157,Growth/earnings_8k_sec_parser/local_extractions_2024Q3/EAT/EAT_2024-08-14_000070335124000027.json,2024-08-15,65.750000,8.2738,9.4601,9.9011,33.3840,80.4563
2024Q3,EBAY,2024-07-31,0001065088-24-000143,$2B-$10B,2510000000,567000000,21620000000,-1388000000,701000000,841000000,,not_scored,,,,,,,missing_required_data,quarter_revenue_yoy_pct;guidance_revenue_millions,regex_fallback,2600,,,,,6,6,6,6,3481,36600,Growth/earnings_8k_sec_parser/local_extractions_2024Q3/EBAY/EBAY_2024-07-31_000106508824000143.json,2024-08-01,55.060001,1.3622,6.5746,6.7926,18.2528,13.7486
2024Q3,EBF,2024-09-23,0000950170-24-108690,$100M-$500M,111294000,11635000,399190000,-6459000,-7129000,21726000,,not_scored,,,,,,,missing_required_data,quarter_revenue_yoy_pct;guidance_revenue_millions,regex_fallback,99,,,,,5,0,6,6,5247,11964,Growth/earnings_8k_sec_parser/local_extractions_2024Q3/EBF/EBF_2024-09-23_000095017024108690.json,2024-09-24,24.760000,-1.8175,-16.8821,-16.1955,-14.5800,-15.8724
2024Q3,EBS,2024-08-06,0001367644-24-000142,$100M-$500M,164300000,-186200000,1823200000,-10500000,-15100000,-184000000,,not_scored,,,,,,,missing_required_data,quarter_revenue_yoy_pct,regex_fallback,254.7,,,50,,6,6,6,6,4405,50291,Growth/earnings_8k_sec_parser/local_extractions_2024Q3/EBS/EBS_2024-08-06_000136764424000142.json,2024-08-07,6.360000,90.2516,45.9119,18.2390,44.6541,40.8805
2024Q3,ECL,2024-07-30,0001558370-24-010319,$2B-$10B,3571600000,233400000,21846600000,-166400000,-189400000,198200000,,not_scored,,,,,,,missing_required_data,quarter_revenue_yoy_pct;guidance_revenue_millions,regex_fallback,4000,,,,,6,6,6,6,4597,77966,Growth/earnings_8k_sec_parser/local_extractions_2024Q3/ECL/ECL_2024-07-30_000155837024010319.json,2024-07-31,234.360001,1.2289,3.5032,8.0304,8.9478,8.2779
2024Q3,ECPG,2024-08-07,0001084961-24-000082,$100M-$500M,312630000,18626000,4630486000,110374000,-130715000,35913000,,not_scored,,,,,,,missing_required_data,quarter_revenue_millions;quarter_revenue_yoy_pct;guidance_revenue_millions,regex_fallback,,,,,,5,3,6,5,5975,18669,Growth/earnings_8k_sec_parser/local_extractions_2024Q3/ECPG/ECPG_2024-08-07_000108496124000082.json,2024-08-08,46.880001,6.4846,6.3353,-1.5145,-4.3515,6.1647
2024Q3,ECVT,2024-08-01,0001708035-24-000097,$100M-$500M,160874000,-1471000,1837751000,-33570000,-18698000,4114000,,not_scored,,,,,,,missing_required_data,quarter_revenue_yoy_pct;guidance_revenue_millions,regex_fallback,182.8,,,,,6,6,6,6,3493,40294,Growth/earnings_8k_sec_parser/local_extractions_2024Q3/ECVT/ECVT_2024-08-01_000170803524000097.json,2024-08-02,7.630000,-13.3683,-12.3198,-10.2228,-11.7955,-12.7130
2024Q3,ED,2024-08-01,0001047862-24-000048,$2B-$10B,4403000000,1433000000,66331000000,-3466000000,2618000000,92000000,,not_scored,,,,,,,missing_required_data,quarter_revenue_millions;quarter_revenue_yoy_pct;guidance_revenue_millions,regex_fallback,,,,,,6,6,6,6,3640,52309,Growth/earnings_8k_sec_parser/local_extractions_2024Q3/ED/ED_2024-08-01_000104786224000048.json,2024-08-02,103.150002,-1.1730,-2.4043,0.1260,1.9389,-1.4251
2024Q3,EE,2024-08-07,0000950170-24-092958,$100M-$500M,211056000,12844000,2860379000,-16361000,-14929000,46797000,,not_scored,,,,,,,missing_required_data,quarter_revenue_millions;quarter_revenue_yoy_pct;guidance_revenue_millions,regex_fallback,,,,,,6,6,6,6,3430,24856,Growth/earnings_8k_sec_parser/local_extractions_2024Q3/EE/EE_2024-08-07_000095017024092958.json,2024-08-08,18.600000,5.0000,5.2150,-0.4301,24.0323,41.9355
2024Q3,EEFT,2024-07-19,0001213900-24-062722,$500M-$1B,787200000,20100000,5894400000,-4400000,-18100000,3300000,,not_scored,,,,,,,missing_required_data,quarter_revenue_millions;quarter_revenue_yoy_pct;guidance_revenue_millions,regex_fallback,,,,,,6,3,6,6,3508,22502,Growth/earnings_8k_sec_parser/local_extractions_2024Q3/EEFT/EEFT_2024-07-19_000121390024062722.json,2024-07-22,102.860001,-3.2374,-5.6387,1.2736,-2.1388,-5.1721
2024Q3,EEX,2024-08-07,0000950170-24-092231,$100M-$500M,122300000,7100000,1053900000,-17500000,-13200000,8900000,,not_scored,,,,,,,missing_required_data,quarter_revenue_yoy_pct;guidance_revenue_millions,regex_fallback,86,,,,,6,6,6,6,3660,45429,Growth/earnings_8k_sec_parser/local_extractions_2024Q3/EEX/EEX_2024-08-07_000095017024092231.json,2024-08-08,5.200000,-2.5000,5.1923,24.6154,-18.4615,-13.8462
2024Q3,EFX,2024-07-17,0000033185-24-000042,$1B-$2B,1302000000,112400000,12280000000,-43300000,-162600000,150900000,,not_scored,,,,,,,missing_required_data,quarter_revenue_yoy_pct;guidance_revenue_millions,regex_fallback,1430,,,,,6,6,6,6,3080,45988,Growth/earnings_8k_sec_parser/local_extractions_2024Q3/EFX/EFX_2024-07-17_000003318524000042.json,2024-07-18,264.540009,3.5496,4.3547,11.5408,14.9580,9.6091
2024Q3,EG,2024-07-31,0001095073-24-000032,$2B-$10B,3286000000,365000000,49399000000,-103000000,-752000000,1064000000,,not_scored,,,,,,,missing_required_data,quarter_revenue_millions;quarter_revenue_yoy_pct;guidance_revenue_millions,regex_fallback,,,,,,6,1,6,6,4227,23465,Growth/earnings_8k_sec_parser/local_extractions_2024Q3/EG/EG_2024-07-31_000109507324000032.json,2024-08-01,385.000000,-6.2571,-1.6494,2.1480,1.7740,-1.2987
2024Q3,EHAB,2024-07-15,0001803737-24-000120,$100M-$500M,265100000,2700000,1433600000,-14000000,-3200000,29600000,,not_scored,,,,,,,missing_required_data,quarter_revenue_millions;quarter_revenue_yoy_pct;guidance_revenue_millions,regex_fallback,,,,,,1,1,6,6,3558,8896,Growth/earnings_8k_sec_parser/local_extractions_2024Q3/EHAB/EHAB_2024-07-15_000180373724000120.json,2024-07-16,9.340000,10.9208,2.7837,-8.4582,-13.8116,-23.3405
2024Q3,EIG,2024-07-31,0001379041-24-000141,$100M-$500M,206500000,23600000,3550400000,-19600000,12800000,4300000,,not_scored,,,,,,,missing_required_data,quarter_revenue_millions;quarter_revenue_yoy_pct;guidance_revenue_millions,regex_fallback,,,,,,6,1,6,6,3710,31113,Growth/earnings_8k_sec_parser/local_extractions_2024Q3/EIG/EIG_2024-07-31_000137904124000141.json,2024-08-01,46.959999,-3.2581,-0.9583,3.4923,2.1508,2.0869
2024Q3,EIX,2024-07-25,0000827052-24-000054,$2B-$10B,3966000000,365000000,81758000000,1316000000,-1305000000,-90000000,,not_scored,,,,,,,missing_required_data,quarter_revenue_yoy_pct;guidance_revenue_millions,regex_fallback,22,,,,,6,6,6,6,7543,87427,Growth/earnings_8k_sec_parser/local_extractions_2024Q3/EIX/EIX_2024-07-25_000082705224000054.json,2024-07-26,76.949997,4.6784,8.0702,10.9942,11.6829,11.2671
2024Q3,EMBC,2024-08-09,0001872789-24-000026,$500M-$1B,552800000,49200000,1214400000,-26800000,-10500000,47400000,,not_scored,,,,,,,missing_required_data,quarter_revenue_yoy_pct;guidance_revenue_millions,regex_fallback,272.5,,,,,6,6,6,6,2834,32646,Growth/earnings_8k_sec_parser/local_extractions_2024Q3/EMBC/EMBC_2024-08-09_000187278924000026.json,2024-08-12,15.350000,-14.0717,7.2313,1.4332,-16.4821,2.7362
2024Q3,EME,2024-07-25,0000105634-24-000031,$2B-$10B,2890432000,111473000,6609721000,71506000,-25405000,-84583000,,not_scored,,,,,,,missing_required_data,quarter_revenue_yoy_pct;guidance_revenue_millions,regex_fallback,3670,,,,,6,6,6,3,3320,18050,Growth/earnings_8k_sec_parser/local_extractions_2024Q3/EME/EME_2024-07-25_000010563424000031.json,2024-07-26,359.420013,-5.3419,3.5529,5.0609,20.6277,24.1194
2024Q3,EMR,2024-08-07,0000032604-24-000035,$2B-$10B,7129000000,3123000000,42746000000,-3036000000,2734000000,486000000,,not_scored,,,,,,,missing_required_data,quarter_revenue_millions;quarter_revenue_yoy_pct;guidance_revenue_millions,regex_fallback,,,,,,6,6,6,6,5523,25972,Growth/earnings_8k_sec_parser/local_extractions_2024Q3/EMR/EMR_2024-08-07_000003260424000035.json,2024-08-08,100.849998,2.9648,3.0342,-1.2593,11.5716,25.7908
2024Q3,ENOV,2024-08-07,0001420800-24-000019,$100M-$500M,406151000,-23350000,4509334000,24498000,-34385000,7457000,,not_scored,,,,,,,missing_required_data,quarter_revenue_yoy_pct;guidance_revenue_millions,regex_fallback,525,,,,,6,5,6,6,3232,24245,Growth/earnings_8k_sec_parser/local_extractions_2024Q3/ENOV/ENOV_2024-08-07_000142080024000019.json,2024-08-08,41.540001,7.6312,9.0997,3.5147,-4.6221,12.9032
2024Q3,ENPH,2024-07-23,0001463101-24-000116,$500M-$1B,726016000,146873000,3383012000,-71805000,-363530000,246232000,,not_scored,,,,,,,missing_required_data,quarter_revenue_yoy_pct;guidance_revenue_millions,regex_fallback,303.5,,,,,6,6,6,6,4057,26974,Growth/earnings_8k_sec_parser/local_extractions_2024Q3/ENPH/ENPH_2024-07-23_000146310124000116.json,2024-07-24,109.260002,-5.3725,2.9837,12.5755,7.0840,-15.5867
2024Q3,ENR,2024-08-06,0001632790-24-000060,$1B-$2B,1449200000,89000000,4509600000,-203400000,-18000000,210200000,,not_scored,,,,,,,missing_required_data,quarter_revenue_yoy_pct;guidance_revenue_millions,regex_fallback,701.4,,,,,6,6,6,6,3267,62233,Growth/earnings_8k_sec_parser/local_extractions_2024Q3/ENR/ENR_2024-08-06_000163279024000060.json,2024-08-07,29.670000,-1.2808,8.9990,4.9882,6.6060,11.3246
2024Q3,ENS,2024-08-07,0001289308-24-000029,$100M-$500M,186052000,143911000,3616674000,98434000,-69233000,-65585000,,not_scored,,,,,,,missing_required_data,quarter_revenue_yoy_pct;guidance_revenue_millions,regex_fallback,852.9,,,,,6,6,6,6,3352,42532,Growth/earnings_8k_sec_parser/local_extractions_2024Q3/ENS/ENS_2024-08-07_000128930824000029.json,2024-08-08,93.379997,2.8057,5.5579,2.4738,7.9889,9.1240
2024Q3,ENSG,2024-07-25,0001125376-24-000136,$500M-$1B,886841000,59852000,4177541000,-1674000,-35971000,48344000,,not_scored,,,,,,,missing_required_data,quarter_revenue_yoy_pct;guidance_revenue_millions,regex_fallback,1040,,,,,6,6,6,6,6878,45074,Growth/earnings_8k_sec_parser/local_extractions_2024Q3/ENSG/ENSG_2024-07-25_000112537624000136.json,2024-07-26,140.199997,-2.1398,0.8345,4.8716,8.5877,6.1698
2024Q3,ENTG,2024-07-31,0001101302-24-000049,$500M-$1B,922396000,-88166000,8812591000,-6482000,-357000,151871000,,not_scored,,,,,,,missing_required_data,quarter_revenue_yoy_pct;guidance_revenue_millions,regex_fallback,813,,,,,6,6,6,6,3976,65567,Growth/earnings_8k_sec_parser/local_extractions_2024Q3/ENTG/ENTG_2024-07-31_000110130224000049.json,2024-08-01,114.430000,-8.5467,0.8127,-5.3483,-1.6604,-6.5717
2024Q3,ENVA,2024-07-23,0000950170-24-085640,$100M-$500M,483256000,50923000,3846992000,33555000,-205429000,282016000,,not_scored,,,,,,,missing_required_data,guidance_revenue_millions,regex_fallback,628,26,,,,6,2,6,6,3535,20177,Growth/earnings_8k_sec_parser/local_extractions_2024Q3/ENVA/ENVA_2024-07-23_000095017024085640.json,2024-07-24,75.360001,-0.6104,6.0244,13.9729,11.3986,19.2542
2024Q3,EPAM,2024-08-08,0001352010-24-000024,$1B-$2B,1210941000,102292000,4352365000,-15318000,-17717000,87334000,,not_scored,,,,,,,missing_required_data,quarter_revenue_yoy_pct;guidance_revenue_millions,regex_fallback,1147,,,,,6,6,6,6,4078,27362,Growth/earnings_8k_sec_parser/local_extractions_2024Q3/EPAM/EPAM_2024-08-08_000135201024000024.json,2024-08-09,193.940002,4.3055,3.7641,6.2803,0.6394,20.0990
2024Q3,EPC,2024-08-06,0001628280-24-034922,$1B-$2B,1067500000,12400000,3740700000,-29000000,-20000000,1900000,,not_scored,,,,,,,missing_required_data,quarter_revenue_yoy_pct;guidance_revenue_millions,regex_fallback,647.8,,,,,6,6,6,6,3660,33054,Growth/earnings_8k_sec_parser/local_extractions_2024Q3/EPC/EPC_2024-08-06_000162828024034922.json,2024-08-07,38.000000,2.1053,5.7368,0.3158,-10.9474,-5.8684
2024Q3,EPM,2024-09-10,0001558370-24-012701,$100M-$500M,110340000,35051000,128317000,-37347000,-4265000,51719000,,not_scored,,,,,,,missing_required_data,guidance_revenue_millions,regex_fallback,21.2,17,,,,6,5,6,6,5001,38747,Growth/earnings_8k_sec_parser/local_extractions_2024Q3/EPM/EPM_2024-09-10_000155837024012701.json,2024-09-11,4.880000,12.7049,11.4754,15.5738,13.7295,14.9590
2024Q3,EQIX,2024-08-07,0001628280-24-035620,$1B-$2B,1998000000,259000000,32651000000,542000000,-522000000,692000000,,not_scored,,,,,,,missing_required_data,guidance_revenue_millions,regex_fallback,2200,7,,,,6,6,6,6,3894,49240,Growth/earnings_8k_sec_parser/local_extractions_2024Q3/EQIX/EQIX_2024-08-07_000162828024035620.json,2024-08-08,775.739990,7.0436,4.8934,7.2266,12.1523,14.8349
2024Q3,EQR,2024-07-29,0000950170-24-087329,$500M-$1B,662494000,212035000,20034564000,-355089000,43723000,393279000,,not_scored,,,,,,,missing_required_data,quarter_revenue_millions;quarter_revenue_yoy_pct;guidance_revenue_millions,regex_fallback,,,,,,6,6,6,6,3635,81105,Growth/earnings_8k_sec_parser/local_extractions_2024Q3/EQR/EQR_2024-07-29_000095017024087329.json,2024-07-30,71.500000,-0.2098,0.1259,3.5524,4.1399,4.9091
2024Q3,ERIE,2024-07-25,0000922621-24-000018,$500M-$1B,752465000,86241000,2471964000,-55419000,-12326000,48031000,,not_scored,,,,,,,missing_required_data,quarter_revenue_yoy_pct;guidance_revenue_millions,regex_fallback,127.5,,,,,6,1,6,6,3697,25456,Growth/earnings_8k_sec_parser/local_extractions_2024Q3/ERIE/ERIE_2024-07-25_000092262124000018.json,2024-07-26,396.720001,10.0676,17.8010,22.4113,37.3362,15.5223
2024Q3,ES,2024-07-31,0001104659-24-084368,$2B-$10B,3795643000,493039000,55612245000,623408000,-1051550000,69157000,,not_scored,,,,,,,missing_required_data,quarter_revenue_millions;quarter_revenue_yoy_pct;guidance_revenue_millions,regex_fallback,,,,,,6,6,6,6,6770,32640,Growth/earnings_8k_sec_parser/local_extractions_2024Q3/ES/ES_2024-07-31_000110465924084368.json,2024-08-01,64.320000,0.8551,3.4359,5.3016,5.7991,1.8190
2024Q3,ESE,2024-08-07,0001104659-24-086768,$100M-$500M,434637000,32605000,1683214000,-10719000,-34124000,-5461000,,not_scored,,,,,,,missing_required_data,quarter_revenue_yoy_pct;guidance_revenue_millions,regex_fallback,261,,,,,6,4,6,6,13298,27858,Growth/earnings_8k_sec_parser/local_extractions_2024Q3/ESE/ESE_2024-08-07_000110465924086768.json,2024-08-08,111.059998,9.1572,6.0688,3.4846,10.8590,28.4441
2024Q3,ESRT,2024-07-24,0001104659-24-082370,$100M-$500M,164622000,11694000,4157363000,-17579000,-2631000,86363000,,not_scored,,,,,,,missing_required_data,quarter_revenue_yoy_pct;guidance_revenue_millions,regex_fallback,34.1,,,,,6,6,6,6,20871,102409,Growth/earnings_8k_sec_parser/local_extractions_2024Q3/ESRT/ESRT_2024-07-24_000110465924082370.json,2024-07-25,10.740000,-5.7728,-4.6555,-2.8864,3.2588,1.4898
2024Q3,ESS,2024-07-30,0001140361-24-034917,$100M-$500M,412421000,161594000,12361427000,-297600000,55158000,276919000,,not_scored,,,,,,,missing_required_data,quarter_revenue_millions;quarter_revenue_yoy_pct;guidance_revenue_millions,regex_fallback,,,,,,6,6,6,6,4159,79831,Growth/earnings_8k_sec_parser/local_extractions_2024Q3/ESS/ESS_2024-07-30_000114036124034917.json,2024-07-31,277.760010,1.3789,3.3770,8.6514,6.3580,7.4417
2024Q3,ETN,2024-08-01,0001551182-24-000033,$2B-$10B,5483000000,638000000,38432000000,-281000000,-124000000,335000000,,not_scored,,,,,,,missing_required_data,quarter_revenue_yoy_pct;guidance_revenue_millions,regex_fallback,6400,,,,,6,6,6,6,2823,20859,Growth/earnings_8k_sec_parser/local_extractions_2024Q3/ETN/ETN_2024-08-01_000155118224000033.json,2024-08-02,290.000000,-0.5414,2.6517,-0.0931,12.9586,14.3379
2024Q3,ETR,2024-08-01,0000065984-24-000090,$2B-$10B,2981059000,312299000,59703396000,2070396000,-1283591000,959543000,,not_scored,,,,,,,missing_required_data,quarter_revenue_millions;quarter_revenue_yoy_pct;guidance_revenue_millions,regex_fallback,,,,,,6,6,6,6,6472,76024,Growth/earnings_8k_sec_parser/local_extractions_2024Q3/ETR/ETR_2024-08-01_000006598424000090.json,2024-08-02,61.320000,-4.1748,-3.1311,-0.3751,8.4067,26.2068
2024Q3,EVCM,2024-08-06,0001853145-24-000044,$100M-$500M,161136000,-20775000,1518064000,-30409000,-4857000,12700000,,not_scored,,,,,,,missing_required_data,quarter_revenue_yoy_pct,regex_fallback,177.4,,,172,,6,6,6,6,10835,22398,Growth/earnings_8k_sec_parser/local_extractions_2024Q3/EVCM/EVCM_2024-08-06_000185314524000044.json,2024-08-07,10.050000,1.5920,3.1841,0.7960,-0.7960,9.0547
2024Q3,EVER,2024-08-05,0000950170-24-090730,$100M-$500M,109220000,-2529000,110925000,157000,-1007000,-1237000,,not_scored,,,,,,,missing_required_data,quarter_revenue_yoy_pct;guidance_revenue_millions,regex_fallback,117.1,,,,,6,4,6,6,4189,33624,Growth/earnings_8k_sec_parser/local_extractions_2024Q3/EVER/EVER_2024-08-05_000095017024090730.json,2024-08-06,27.900000,-20.8961,-14.8029,-20.0000,-29.2473,-37.9570
2024Q3,EVH,2024-08-08,0001628908-24-000089,$100M-$500M,427690000,-19982000,2680308000,379729000,-394993000,-7974000,,not_scored,,,,,,,missing_required_data,quarter_revenue_yoy_pct,regex_fallback,647.1,,,615,,6,6,6,6,3609,42230,Growth/earnings_8k_sec_parser/local_extractions_2024Q3/EVH/EVH_2024-08-08_000162890824000089.json,2024-08-09,27.610001,0.3622,15.3930,9.5980,-7.1713,-11.0105
2024Q3,EVRG,2024-08-09,0001193125-24-197470,$1B-$2B,1296800000,142600000,30976100000,137200000,-496900000,362900000,,not_scored,,,,,,,missing_required_data,quarter_revenue_millions;quarter_revenue_yoy_pct;guidance_revenue_millions,regex_fallback,,,,,,6,6,6,6,6074,16646,Growth/earnings_8k_sec_parser/local_extractions_2024Q3/EVRG/EVRG_2024-08-09_000119312524197470.json,2024-08-12,58.660000,-0.4773,1.7729,2.4207,1.1592,7.8759
2024Q3,EVTC,2024-07-31,0001559865-24-000041,$100M-$500M,159814000,30052000,2060263000,-40579000,-36637000,54511000,,not_scored,,,,,,,missing_required_data,guidance_revenue_millions,regex_fallback,212,27,,,,6,4,6,6,3666,34927,Growth/earnings_8k_sec_parser/local_extractions_2024Q3/EVTC/EVTC_2024-07-31_000155986524000041.json,2024-08-01,36.470001,-11.2695,-10.2550,-7.8146,-7.0743,-11.5986
2024Q3,EW,2024-07-24,0001099800-24-000069,$1B-$2B,1459600000,340500000,9363200000,-206600000,500000,314100000,,not_scored,,,,,,,missing_required_data,quarter_revenue_yoy_pct;guidance_revenue_millions,regex_fallback,1000,,,,,6,6,6,6,8709,39478,Growth/earnings_8k_sec_parser/local_extractions_2024Q3/EW/EW_2024-07-24_000109980024000069.json,2024-07-25,64.010002,-5.1711,3.8900,7.4051,5.2336,10.3109
2024Q3,EXAS,2024-07-31,0001124140-24-000067,$500M-$1B,602450000,-74151000,6471334000,133596000,82941000,-38215000,,not_scored,,,,,,,missing_required_data,quarter_revenue_yoy_pct;guidance_revenue_millions,regex_fallback,699,,,,,6,3,6,6,3535,31911,Growth/earnings_8k_sec_parser/local_extractions_2024Q3/EXAS/EXAS_2024-07-31_000112414024000067.json,2024-08-01,55.230000,4.1282,8.0572,8.6547,23.3388,27.5756
2024Q3,EXC,2024-08-01,0001109357-24-000154,$2B-$10B,5563000000,669000000,101546000000,1380000000,-1871000000,484000000,,not_scored,,,,,,,missing_required_data,quarter_revenue_yoy_pct;guidance_revenue_millions,regex_fallback,2,,,,,6,6,6,6,10138,109519,Growth/earnings_8k_sec_parser/local_extractions_2024Q3/EXC/EXC_2024-08-01_000110935724000154.json,2024-08-02,38.720001,-4.7004,-2.1694,-0.5940,5.2944,1.4979
2024Q3,EXE,2024-07-29,0000895126-24-000106,$2B-$10B,3370000000,1389000000,14376000000,-1279000000,395000000,889000000,,not_scored,,,,,,,missing_required_data,quarter_revenue_millions;quarter_revenue_yoy_pct;guidance_revenue_millions,regex_fallback,,,,,,6,6,6,6,4350,30475,Growth/earnings_8k_sec_parser/local_extractions_2024Q3/EXE/EXE_2024-07-29_000089512624000106.json,2024-07-30,75.459999,-3.8961,-1.6963,-1.9481,8.9981,12.9870
2024Q3,EXEL,2024-08-06,0000939767-24-000116,$100M-$500M,408788000,40028000,2942357000,4586000,-49592000,84408000,,not_scored,,,,,,,missing_required_data,quarter_revenue_yoy_pct;guidance_revenue_millions,regex_fallback,637.2,,,,,6,5,6,5,4074,27614,Growth/earnings_8k_sec_parser/local_extractions_2024Q3/EXEL/EXEL_2024-08-06_000093976724000116.json,2024-08-07,25.000000,6.3600,2.9200,0.6000,5.2400,39.0800
2024Q3,EXLS,2024-08-01,0001297989-24-000006,$100M-$500M,400643000,51331000,1441972000,-91304000,43341000,16025000,,not_scored,,,,,,,missing_required_data,quarter_revenue_yoy_pct;guidance_revenue_millions,regex_fallback,448.4,,,,,6,6,6,6,3468,21447,Growth/earnings_8k_sec_parser/local_extractions_2024Q3/EXLS/EXLS_2024-08-01_000129798924000006.json,2024-08-02,31.950001,7.1987,11.7058,12.4257,19.2488,30.4225
2024Q3,EXPD,2024-08-06,0000950170-24-091438,$2B-$10B,2592589000,226011000,5332577000,-226566000,-9551000,546412000,,not_scored,,,,,,,missing_required_data,guidance_revenue_millions,regex_fallback,2400,9,,,,6,0,6,6,3669,20012,Growth/earnings_8k_sec_parser/local_extractions_2024Q3/EXPD/EXPD_2024-08-06_000095017024091438.json,2024-08-07,116.989998,3.6841,4.5389,3.4276,2.4618,4.2995
2024Q3,EXPE,2024-08-08,0001324424-24-000036,$2B-$10B,2665000000,-145000000,21642000000,-437000000,-195000000,3157000000,,not_scored,,,,,,,missing_required_data,quarter_revenue_yoy_pct;guidance_revenue_millions,regex_fallback,3600,,,,,6,1,6,6,3679,40560,Growth/earnings_8k_sec_parser/local_extractions_2024Q3/EXPE/EXPE_2024-08-08_000132442424000036.json,2024-08-09,130.000000,4.2000,8.3923,2.2000,16.8846,33.9462
2024Q3,EXPI,2024-07-31,0001558370-24-010472,$500M-$1B,848453000,1453000,385668000,-36205000,-1782000,56144000,,not_scored,,,,,,,missing_required_data,quarter_revenue_yoy_pct;guidance_revenue_millions,regex_fallback,56,,,,,6,1,6,6,4349,20172,Growth/earnings_8k_sec_parser/local_extractions_2024Q3/EXPI/EXPI_2024-07-31_000155837024010472.json,2024-08-01,14.480000,-22.0994,-13.1906,-19.5442,-2.6934,-11.6022
2024Q3,EXR,2024-07-30,0001628280-24-033498,$500M-$1B,503050000,196304000,27456262000,-242603000,-86339000,281649000,,not_scored,,,,,,,missing_required_data,quarter_revenue_millions;quarter_revenue_yoy_pct;guidance_revenue_millions,regex_fallback,,,,,,6,6,6,6,3462,35637,Growth/earnings_8k_sec_parser/local_extractions_2024Q3/EXR/EXR_2024-07-30_000162828024033498.json,2024-07-31,163.529999,0.3547,3.5651,8.2370,10.1877,1.2781
2024Q3,EXTR,2024-08-07,0000950170-24-092273,$500M-$1B,948544000,52647000,1141707000,-151117000,-8634000,168519000,,not_scored,,,,,,,missing_required_data,quarter_revenue_yoy_pct;guidance_revenue_millions,regex_fallback,256.7,,,,,6,6,6,6,3622,36228,Growth/earnings_8k_sec_parser/local_extractions_2024Q3/EXTR/EXTR_2024-08-07_000095017024092273.json,2024-08-08,13.240000,10.8761,14.7281,2.8701,12.0846,24.2447
2024Q3,EYE,2024-08-07,0001710155-24-000050,$500M-$1B,520797000,18270000,2172511000,-28662000,-27615000,74064000,,not_scored,,,,,,,missing_required_data,quarter_revenue_yoy_pct;guidance_revenue_millions,regex_fallback,451.7,,,,,6,6,6,6,3896,52408,Growth/earnings_8k_sec_parser/local_extractions_2024Q3/EYE/EYE_2024-08-07_000171015524000050.json,2024-08-08,10.730000,0.5592,-1.9571,-9.6925,-3.8211,10.8108
2024Q3,EZPW,2024-07-31,0000876523-24-000028,$500M-$1B,522750000,16778000,1420532000,29976000,-40649000,46827000,,not_scored,,,,,,,missing_required_data,quarter_revenue_millions;quarter_revenue_yoy_pct;guidance_revenue_millions,regex_fallback,,,,,,6,4,6,6,5655,29305,Growth/earnings_8k_sec_parser/local_extractions_2024Q3/EZPW/EZPW_2024-07-31_000087652324000028.json,2024-08-01,10.580000,8.5066,10.5860,12.5709,5.9546,10.1134
2024Q3,FA,2024-08-08,0000950170-24-093275,$100M-$500M,175520000,1925000,1630654000,-24163000,-6083000,38599000,,not_scored,,,,,,,missing_required_data,quarter_revenue_yoy_pct;guidance_revenue_millions,regex_fallback,184.5,,,,,6,6,6,6,7803,31302,Growth/earnings_8k_sec_parser/local_extractions_2024Q3/FA/FA_2024-08-08_000095017024093275.json,2024-08-09,17.150000,5.1895,9.6793,9.9125,15.1020,9.0379
2024Q3,FAST,2024-07-12,0000815556-24-000028,$1B-$2B,1859100000,295100000,4462900000,-348900000,-31000000,388500000,,not_scored,,,,,,,missing_required_data,quarter_revenue_millions;quarter_revenue_yoy_pct;guidance_revenue_millions,regex_fallback,,,,,,6,4,6,6,2876,32720,Growth/earnings_8k_sec_parser/local_extractions_2024Q3/FAST/FAST_2024-07-12_000081555624000028.json,2024-07-15,32.700001,5.5963,1.5291,1.3303,6.7584,17.2630
2024Q3,FBP,2024-07-23,0001140361-24-033802,$100M-$500M,233403000,70698000,18909549000,177146000,50535000,115415000,,not_scored,,,,,,,missing_required_data,quarter_revenue_yoy_pct;guidance_revenue_millions,regex_fallback,0.2,,,,,6,6,6,6,4632,116537,Growth/earnings_8k_sec_parser/local_extractions_2024Q3/FBP/FBP_2024-07-23_000114036124033802.json,2024-07-24,21.780001,-9.5960,-8.5859,-1.4692,-5.1423,-6.3361
2024Q3,FCFS,2024-07-25,0000840489-24-000105,$500M-$1B,762739000,47388000,3869297000,-115984000,-13239000,110594000,,not_scored,,,,,,,missing_required_data,quarter_revenue_yoy_pct;guidance_revenue_millions,regex_fallback,831,,,,,6,6,6,6,3784,67168,Growth/earnings_8k_sec_parser/local_extractions_2024Q3/FCFS/FCFS_2024-07-25_000084048924000105.json,2024-07-26,112.800003,-3.8918,5.3280,4.7518,2.0745,-9.3440
2024Q3,FDP,2024-08-01,0001047340-24-000200,$1B-$2B,1128500000,39000000,3184100000,-75900000,79600000,15500000,,not_scored,,,,,,,missing_required_data,quarter_revenue_yoy_pct;guidance_revenue_millions,regex_fallback,1139.7,,,,,6,3,6,6,3445,33705,Growth/earnings_8k_sec_parser/local_extractions_2024Q3/FDP/FDP_2024-08-01_000104734024000200.json,2024-08-02,25.910000,3.2034,8.1436,14.4346,14.7819,23.9290
2024Q3,FDS,2024-09-19,0001013237-24-000119,$1B-$2B,1019900000,268391000,3962922000,-285654000,-46305000,271314000,,not_scored,,,,,,,missing_required_data,quarter_revenue_yoy_pct,regex_fallback,562.2,,,2285,,6,6,6,6,138759,33012,Growth/earnings_8k_sec_parser/local_extractions_2024Q3/FDS/FDS_2024-09-19_000101323724000119.json,2024-09-20,465.000000,-1.1075,-2.3591,0.8452,3.5269,5.3183
2024Q3,FE,2024-07-30,0001031296-24-000041,$2B-$10B,3231000000,292000000,48767000000,828000000,-716000000,-112000000,,not_scored,,,,,,,missing_required_data,quarter_revenue_yoy_pct;guidance_revenue_millions,regex_fallback,3300,,,,,6,6,6,6,14391,84266,Growth/earnings_8k_sec_parser/local_extractions_2024Q3/FE/FE_2024-07-30_000103129624000041.json,2024-07-31,42.070000,0.3090,2.6622,4.3974,5.4195,1.8065
2024Q3,FELE,2024-07-23,0000038725-24-000138,$100M-$500M,484551000,37325000,1728122000,33098000,-14553000,-12019000,,not_scored,,,,,,,missing_required_data,quarter_revenue_yoy_pct;guidance_revenue_millions,regex_fallback,543.3,,,,,6,3,6,6,3160,12458,Growth/earnings_8k_sec_parser/local_extractions_2024Q3/FELE/FELE_2024-07-23_000003872524000138.json,2024-07-24,99.470001,-2.9858,-0.6233,3.2874,3.0562,2.9456
2024Q3,FET,2024-07-17,0001401257-24-000115,$100M-$500M,188957000,-3486000,821061000,19357000,-819000,-23128000,,not_scored,,,,,,,missing_required_data,quarter_revenue_millions;quarter_revenue_yoy_pct;guidance_revenue_millions,regex_fallback,,,,,,3,4,5,3,4755,4898,Growth/earnings_8k_sec_parser/local_extractions_2024Q3/FET/FET_2024-07-17_000140125724000115.json,2024-07-18,17.520000,1.0274,-11.0160,-5.6507,-9.3037,-11.7009
2024Q3,FFIV,2024-07-29,0001048695-24-000104,$1B-$2B,1403553000,153838000,5248333000,-377369000,52370000,298554000,,not_scored,,,,,,,missing_required_data,quarter_revenue_yoy_pct;guidance_revenue_millions,regex_fallback,2800,,,,,6,6,6,6,3132,24394,Growth/earnings_8k_sec_parser/local_extractions_2024Q3/FFIV/FFIV_2024-07-29_000104869524000104.json,2024-07-30,199.639999,-3.8269,-1.6380,1.2523,10.2985,9.3769
2024Q3,FG,2024-08-05,0001934850-24-000040,$500M-$1B,869000000,-195000000,70202000000,1595000000,-2408000000,1437000000,,not_scored,,,,,,,missing_required_data,quarter_revenue_yoy_pct;guidance_revenue_millions,regex_fallback,4400,,,,,6,6,6,6,4821,94094,Growth/earnings_8k_sec_parser/local_extractions_2024Q3/FG/FG_2024-08-05_000193485024000040.json,2024-08-06,37.980000,8.9521,10.6372,9.4523,12.2433,6.5561
2024Q3,FHB,2024-07-26,0001558370-24-010221,$100M-$500M,216270000,66818000,24926474000,231222000,25113000,82633000,,not_scored,,,,,,,missing_required_data,quarter_revenue_millions;quarter_revenue_yoy_pct;guidance_revenue_millions,regex_fallback,,,,,,6,1,6,6,3784,53179,Growth/earnings_8k_sec_parser/local_extractions_2024Q3/FHB/FHB_2024-07-26_000155837024010221.json,2024-07-29,25.520000,-8.9342,-7.5235,-5.7210,-10.6583,-2.2335
2024Q3,FICO,2024-07-31,0000814547-24-000026,$500M-$1B,725136000,199193000,1575281000,-173245000,-11887000,182244000,,not_scored,,,,,,,missing_required_data,quarter_revenue_yoy_pct;guidance_revenue_millions,regex_fallback,448,,,,,6,4,6,5,2967,16689,Growth/earnings_8k_sec_parser/local_extractions_2024Q3/FICO/FICO_2024-07-31_000081454724000026.json,2024-08-01,1554.680054,10.6337,12.6663,8.6018,25.0109,29.0934
2024Q3,FIGS,2024-08-08,0001628280-24-036148,$100M-$500M,120232000,1909000,473209000,-245000,-772000,-2881000,,not_scored,,,,,,,missing_required_data,quarter_revenue_yoy_pct;guidance_revenue_millions,regex_fallback,144.2,,,,,6,6,6,6,9449,25869,Growth/earnings_8k_sec_parser/local_extractions_2024Q3/FIGS/FIGS_2024-08-08_000162828024036148.json,2024-08-09,6.100000,-3.2787,-1.9672,-11.8033,5.7377,9.3443
2024Q3,FIS,2024-08-06,0001136893-24-000111,$2B-$10B,2397000000,140000000,55105000000,-2538000000,-1771000000,4810000000,,not_scored,,,,,,,missing_required_data,guidance_revenue_millions,regex_fallback,2500,3,,,,6,6,6,6,5127,52902,Growth/earnings_8k_sec_parser/local_extractions_2024Q3/FIS/FIS_2024-08-06_000113689324000111.json,2024-08-07,77.769997,1.7873,4.8348,4.6162,8.3966,11.3154
2024Q3,FISV,2024-07-24,0000798354-24-000154,$2B-$10B,4547000000,563000000,90890000000,-1149000000,-314000000,1130000000,,not_scored,,,,,,,missing_required_data,guidance_revenue_millions,regex_fallback,5110,7,,,,6,6,6,6,3605,34880,Growth/earnings_8k_sec_parser/local_extractions_2024Q3/FISV/FISV_2024-07-24_000079835424000154.json,2024-07-25,161.600006,-4.2265,1.5037,5.1052,10.9592,25.2228
2024Q3,FIVE,2024-08-28,0001177609-24-000020,$500M-$1B,726247000,37478000,3380509000,-15842000,-66487000,85291000,,not_scored,,,,,,,missing_required_data,quarter_revenue_yoy_pct,regex_fallback,780,,,780,,6,6,6,6,3188,20434,Growth/earnings_8k_sec_parser/local_extractions_2024Q3/FIVE/FIVE_2024-08-28_000117760924000020.json,2024-08-29,82.809998,1.5216,20.9999,6.6900,10.0109,12.3174
2024Q3,FIVN,2024-08-08,0001288847-24-000116,$100M-$500M,218439000,-27248000,1494568000,3125000,-75686000,33412000,,not_scored,,,,,,,missing_required_data,quarter_revenue_yoy_pct;guidance_revenue_millions,regex_fallback,126,,,,,6,6,6,6,3377,28627,Growth/earnings_8k_sec_parser/local_extractions_2024Q3/FIVN/FIVN_2024-08-08_000128884724000116.json,2024-08-09,34.200001,2.2515,-3.6842,-18.7427,-18.0994,-4.0643
2024Q3,FIX,2024-07-25,0001558370-24-010175,$1B-$2B,1174640000,57216000,3305579000,-66618000,-68945000,126909000,,not_scored,,,,,,,missing_required_data,quarter_revenue_yoy_pct;guidance_revenue_millions,regex_fallback,1810,,,,,6,1,6,3,4592,17802,Growth/earnings_8k_sec_parser/local_extractions_2024Q3/FIX/FIX_2024-07-25_000155837024010175.json,2024-07-26,302.279999,-0.4565,11.6316,11.6548,28.4174,36.7838
2024Q3,FLNC,2024-08-07,0001868941-24-000057,$1B-$2B,1008646000,-49497000,1352149000,23810000,35503000,-163411000,,not_scored,,,,,,,missing_required_data,quarter_revenue_yoy_pct;guidance_revenue_millions,regex_fallback,483.3,,,,,6,6,6,6,3886,41053,Growth/earnings_8k_sec_parser/local_extractions_2024Q3/FLNC/FLNC_2024-08-07_000186894124000057.json,2024-08-08,15.830000,13.7713,13.6450,19.2040,33.6702,22.9943
2024Q3,FLR,2024-08-02,0001628280-24-034274,$2B-$10B,3752000000,-107000000,6973000000,-161000000,13000000,-161000000,,not_scored,,,,,,,missing_required_data,quarter_revenue_yoy_pct;guidance_revenue_millions,regex_fallback,4200,,,,,6,6,6,6,4107,17523,Growth/earnings_8k_sec_parser/local_extractions_2024Q3/FLR/FLR_2024-08-02_000162828024034274.json,2024-08-05,45.000000,9.3333,9.3778,4.2667,11.0444,17.3556
2024Q3,FLXS,2024-08-19,0000950170-24-098621,$100M-$500M,287873000,289000,290550000,-26640000,-3597000,30462000,,not_scored,,,,,,,missing_required_data,quarter_revenue_yoy_pct;guidance_revenue_millions,regex_fallback,108.5,,,,,6,1,6,6,3682,19335,Growth/earnings_8k_sec_parser/local_extractions_2024Q3/FLXS/FLXS_2024-08-19_000095017024098621.json,2024-08-20,39.730000,4.1530,-1.5354,14.4727,7.2238,42.6881
2024Q3,FN,2024-08-19,0001408710-24-000030,$1B-$2B,1989366000,187127000,1979648000,-39151000,-70449000,142222000,,not_scored,,,,,,,missing_required_data,quarter_revenue_yoy_pct;guidance_revenue_millions,regex_fallback,753.3,,,,,6,6,6,2,11606,20329,Growth/earnings_8k_sec_parser/local_extractions_2024Q3/FN/FN_2024-08-19_000140871024000030.json,2024-08-20,262.000000,-7.0038,-19.8779,-10.5802,-5.1527,-11.3511
2024Q3,FNKO,2024-08-08,0001704711-24-000130,$100M-$500M,251878000,-55311000,804645000,63509000,-17787000,-30270000,,not_scored,,,,,,,missing_required_data,quarter_revenue_yoy_pct;guidance_revenue_millions,regex_fallback,247.7,,,,,6,6,6,6,3532,24356,Growth/earnings_8k_sec_parser/local_extractions_2024Q3/FNKO/FNKO_2024-08-08_000170471124000130.json,2024-08-09,8.750000,16.1143,18.4000,14.1714,43.2000,39.6571
2024Q3,FOR,2024-07-18,0001406587-24-000082,$500M-$1B,518200000,47700000,2470700000,-700000,1300000,21300000,,not_scored,,,,,,,missing_required_data,quarter_revenue_yoy_pct;guidance_revenue_millions,regex_fallback,318.4,,,,,6,6,6,6,3483,14520,Growth/earnings_8k_sec_parser/local_extractions_2024Q3/FOR/FOR_2024-07-18_000140658724000082.json,2024-07-19,31.070000,2.1564,-7.9176,-3.1542,6.2762,6.2440
2024Q3,FORM,2024-07-31,0001039399-24-000025,$100M-$500M,167448000,1342000,1106794000,4378000,-13539000,12309000,,not_scored,,,,,,,missing_required_data,quarter_revenue_yoy_pct;guidance_revenue_millions,regex_fallback,197.5,,,,,6,6,6,6,3637,21860,Growth/earnings_8k_sec_parser/local_extractions_2024Q3/FORM/FORM_2024-07-31_000103939924000025.json,2024-08-01,53.680000,-18.1818,-5.3465,-17.0082,-14.3070,-18.3867
2024Q3,FORR,2024-07-30,0001193125-24-188867,$100M-$500M,113670000,-4075000,564174000,-14239000,1342000,12282000,,not_scored,,,,,,,missing_required_data,quarter_revenue_yoy_pct;guidance_revenue_millions,regex_fallback,121.8,,,,,6,4,6,6,5300,11112,Growth/earnings_8k_sec_parser/local_extractions_2024Q3/FORR/FORR_2024-07-30_000119312524188867.json,2024-07-31,19.719999,-11.1562,-8.2150,-2.7383,-8.6714,-23.9351
2024Q3,FOXF,2024-08-01,0001424929-24-000105,$100M-$500M,399851000,41767000,2242298000,157844000,-144336000,-66835000,,not_scored,,,,,,,missing_required_data,quarter_revenue_yoy_pct;guidance_revenue_millions,regex_fallback,348.5,,,,,6,6,6,6,79833,40079,Growth/earnings_8k_sec_parser/local_extractions_2024Q3/FOXF/FOXF_2024-08-01_000142492924000105.json,2024-08-02,44.580002,-11.1934,-10.9466,-10.4756,-7.7838,-19.2687
2024Q3,FRSH,2024-07-30,0001544522-24-000046,$100M-$500M,137692000,-42664000,1456772000,-12428000,41336000,11504000,,not_scored,,,,,,,missing_required_data,quarter_revenue_yoy_pct;guidance_revenue_millions,regex_fallback,174.1,,,,,6,5,6,6,3382,29243,Growth/earnings_8k_sec_parser/local_extractions_2024Q3/FRSH/FRSH_2024-07-30_000154452224000046.json,2024-07-31,13.500000,-17.3333,-10.1481,-13.4815,-14.9630,-12.6667
2024Q3,FRT,2024-08-01,0000034903-24-000055,$100M-$500M,273059000,55335000,8436512000,-31266000,-100811000,143007000,,not_scored,,,,,,,missing_required_data,quarter_revenue_millions;quarter_revenue_yoy_pct;guidance_revenue_millions,regex_fallback,,,,,,6,6,6,6,4470,80679,Growth/earnings_8k_sec_parser/local_extractions_2024Q3/FRT/FRT_2024-08-01_000003490324000055.json,2024-08-02,115.000000,-2.8957,-0.7217,-0.3217,-1.3826,-3.6174
2024Q3,FSLR,2024-07-30,0001274494-24-000032,$500M-$1B,548286000,42561000,10365132000,107686000,-645227000,-34598000,,not_scored,,,,,,,missing_required_data,quarter_revenue_yoy_pct;guidance_revenue_millions,regex_fallback,1000,,,,,6,6,6,4,3352,17185,Growth/earnings_8k_sec_parser/local_extractions_2024Q3/FSLR/FSLR_2024-07-30_000127449424000032.json,2024-07-31,220.119995,-0.4043,0.0363,3.2937,13.3200,-9.2904
2024Q3,FSTR,2024-08-06,0000352825-24-000174,$100M-$500M,118702000,-2152000,313206000,-12022000,4661000,6932000,,not_scored,,,,,,,missing_required_data,quarter_revenue_yoy_pct;guidance_revenue_millions,regex_fallback,140.8,,,,,6,6,6,6,4335,40327,Growth/earnings_8k_sec_parser/local_extractions_2024Q3/FSTR/FSTR_2024-08-06_000035282524000174.json,2024-08-07,16.600000,13.0120,15.6627,11.4458,19.2771,18.1928
2024Q3,FTAI,2024-07-24,0001140361-24-033916,$100M-$500M,292718000,29397000,2964685000,-38445000,-12323000,38697000,,not_scored,,,,,,,missing_required_data,quarter_revenue_millions;quarter_revenue_yoy_pct;guidance_revenue_millions,regex_fallback,,,,,,2,1,6,6,4623,13536,Growth/earnings_8k_sec_parser/local_extractions_2024Q3/FTAI/FTAI_2024-07-24_000114036124033916.json,2024-07-25,109.110001,-10.9339,-4.2159,11.9512,19.1458,29.0716
2024Q3,FTDR,2024-08-01,0000950170-24-088949,$100M-$500M,367000000,22000000,1089000000,-7000000,-8000000,60000000,,not_scored,,,,,,,missing_required_data,guidance_revenue_millions,regex_fallback,542,4,,,,6,6,6,6,3428,27219,Growth/earnings_8k_sec_parser/local_extractions_2024Q3/FTDR/FTDR_2024-08-01_000095017024088949.json,2024-08-02,44.340000,1.8493,6.5404,7.5553,6.2472,12.0659
2024Q3,FTNT,2024-08-06,0001262039-24-000032,$1B-$2B,1262300000,247700000,7258900000,-13700000,-42400000,677500000,,not_scored,,,,,,,missing_required_data,quarter_revenue_yoy_pct;guidance_revenue_millions,regex_fallback,1430,,,,,6,6,6,6,3227,31384,Growth/earnings_8k_sec_parser/local_extractions_2024Q3/FTNT/FTNT_2024-08-06_000126203924000032.json,2024-08-07,65.680000,13.8398,15.6669,14.4336,17.9659,18.6358
2024Q3,FTRE,2024-08-12,0001965040-24-000050,$2B-$10B,2837000000,186200000,4332600000,-6300000,-54000000,82700000,,not_scored,,,,,,,missing_required_data,quarter_revenue_yoy_pct;guidance_revenue_millions,regex_fallback,662.4,,,,,6,6,6,6,3463,24105,Growth/earnings_8k_sec_parser/local_extractions_2024Q3/FTRE/FTRE_2024-08-12_000196504024000050.json,2024-08-13,20.139999,9.3843,9.9801,2.3337,-8.4906,12.9593
2024Q3,FTV,2024-07-24,0001659166-24-000146,$1B-$2B,1460700000,173600000,16911800000,-187100000,-24800000,174400000,,not_scored,,,,,,,missing_required_data,quarter_revenue_yoy_pct;guidance_revenue_millions,regex_fallback,1550,,,,,6,6,6,6,3729,31625,Growth/earnings_8k_sec_parser/local_extractions_2024Q3/FTV/FTV_2024-07-24_000165916624000146.json,2024-07-25,52.886208,-3.6193,-2.0661,4.5312,8.5495,7.5948
2024Q3,FUBO,2024-08-06,0001493152-24-030365,$100M-$500M,324374000,-83613000,1232640000,103687000,-3918000,-78189000,,not_scored,,,,,,,missing_required_data,quarter_revenue_yoy_pct;guidance_revenue_millions,regex_fallback,26,,,,,6,6,6,6,3596,62865,Growth/earnings_8k_sec_parser/local_extractions_2024Q3/FUBO/FUBO_2024-08-06_000149315224030365.json,2024-08-07,16.080000,34.3284,34.3284,23.1343,6.7164,4.4776
2024Q3,FWONA,2024-08-09,0001560385-24-000019,$2B-$10B,2556000000,15000000,41168000000,-257000000,-415000000,661000000,,not_scored,,,,,,,missing_required_data,quarter_revenue_yoy_pct;guidance_revenue_millions,regex_fallback,2180,,,,,6,3,6,6,4446,42860,Growth/earnings_8k_sec_parser/local_extractions_2024Q3/FWONA/FWONA_2024-08-09_000156038524000019.json,2024-08-12,67.370003,4.1265,3.5179,2.9538,7.6147,11.7857
2024Q3,FWONK,2024-08-09,0001560385-24-000019,$2B-$10B,2556000000,15000000,41168000000,-257000000,-415000000,661000000,,not_scored,,,,,,,missing_required_data,quarter_revenue_yoy_pct;guidance_revenue_millions,regex_fallback,2180,,,,,6,3,6,6,4446,42860,Growth/earnings_8k_sec_parser/local_extractions_2024Q3/FWONK/FWONK_2024-08-09_000156038524000019.json,2024-08-12,73.690002,5.1703,4.5189,2.1441,6.9616,10.4763
2024Q3,FWRD,2024-08-07,0001628280-24-035637,$100M-$500M,357709000,36368000,2979533000,-122873000,-64411000,196814000,,not_scored,,,,,,,missing_required_data,quarter_revenue_millions;quarter_revenue_yoy_pct;guidance_revenue_millions,regex_fallback,,,,,,6,5,6,6,3857,46335,Growth/earnings_8k_sec_parser/local_extractions_2024Q3/FWRD/FWRD_2024-08-07_000162828024035637.json,2024-08-08,27.059999,14.8189,19.8817,18.6253,39.1353,40.1330
2024Q3,FWRG,2024-08-06,0001789940-24-000115,$100M-$500M,211406000,9360000,1267045000,-1958000,-14441000,21143000,,not_scored,,,,,,,missing_required_data,quarter_revenue_yoy_pct;guidance_revenue_millions,regex_fallback,13,,,,,6,6,6,6,3893,24438,Growth/earnings_8k_sec_parser/local_extractions_2024Q3/FWRG/FWRG_2024-08-06_000178994024000115.json,2024-08-07,16.030001,1.9963,7.2988,0.2495,-14.4105,9.1079
2024Q3,GATX,2024-07-23,0000040211-24-000063,$100M-$500M,338900000,77400000,11326000000,-98300000,-122900000,95000000,,not_scored,,,,,,,missing_required_data,quarter_revenue_millions;quarter_revenue_yoy_pct;guidance_revenue_millions,regex_fallback,,,,,,6,5,6,6,3635,31500,Growth/earnings_8k_sec_parser/local_extractions_2024Q3/GATX/GATX_2024-07-23_000004021124000063.json,2024-07-24,134.000000,-1.2090,2.1194,4.8657,3.0970,4.3806
2024Q3,GBTG,2024-08-06,0001820872-24-000039,$500M-$1B,578000000,-27000000,3751000000,122000000,-32000000,-77000000,,not_scored,,,,,,,missing_required_data,guidance_revenue_millions,regex_fallback,625,6,,,,6,6,6,6,3589,34777,Growth/earnings_8k_sec_parser/local_extractions_2024Q3/GBTG/GBTG_2024-08-06_000182087224000039.json,2024-08-07,7.110000,-0.4219,-0.1407,-1.6878,6.3291,8.7201
2024Q3,GBX,2024-07-08,0001193125-24-175952,$1B-$2B,1888500000,16400000,3978400000,23700000,-105200000,-96400000,,not_scored,,,,,,,missing_required_data,quarter_revenue_yoy_pct,regex_fallback,820,,,75,,6,3,6,6,3522,23810,Growth/earnings_8k_sec_parser/local_extractions_2024Q3/GBX/GBX_2024-07-08_000119312524175952.json,2024-07-09,44.060001,7.3536,14.4122,3.3591,3.1548,12.1879
2024Q3,GCO,2024-09-06,0000950170-24-104228,$100M-$500M,483332000,-18890000,1495312000,61783000,-17148000,-60445000,,not_scored,,,,,,,missing_required_data,quarter_revenue_yoy_pct;guidance_revenue_millions,regex_fallback,525,,,,,6,6,6,6,3958,43102,Growth/earnings_8k_sec_parser/local_extractions_2024Q3/GCO/GCO_2024-09-06_000095017024104228.json,2024-09-09,25.510000,15.8761,6.5073,4.4688,13.7593,63.3085
2024Q3,GCT,2024-08-06,0001857816-24-000179,$100M-$500M,127797000,15941000,846909000,-916000,-137000,20346000,,not_scored,,,,,,,missing_required_data,quarter_revenue_yoy_pct;guidance_revenue_millions,regex_fallback,310.9,,,,,6,4,6,6,3660,22556,Growth/earnings_8k_sec_parser/local_extractions_2024Q3/GCT/GCT_2024-08-06_000185781624000179.json,2024-08-07,24.250000,-4.3711,-14.1856,-29.4433,12.9072,-5.4021
2024Q3,GD,2024-07-24,0000040533-24-000033,$2B-$10B,9881000000,730000000,54810000000,-475000000,-190000000,1462000000,,not_scored,,,,,,,missing_required_data,quarter_revenue_yoy_pct;guidance_revenue_millions,regex_fallback,12000,,,,,6,4,6,1,2903,20031,Growth/earnings_8k_sec_parser/local_extractions_2024Q3/GD/GD_2024-07-24_000004053324000033.json,2024-07-25,286.609985,-0.2477,2.4842,1.5317,7.4945,6.2070
2024Q3,GDDY,2024-08-01,0001609711-24-000132,$1B-$2B,1036000000,47300000,7564900000,-124200000,-22800000,270300000,,not_scored,,,,,,,missing_required_data,quarter_revenue_yoy_pct;guidance_revenue_millions,regex_fallback,1100,,,,,6,6,6,6,3498,29524,Growth/earnings_8k_sec_parser/local_extractions_2024Q3/GDDY/GDDY_2024-08-01_000160971124000132.json,2024-08-02,146.910004,7.8620,10.5575,8.5699,4.2543,13.5389
2024Q3,GDEN,2024-08-08,0001071255-24-000090,$100M-$500M,278051000,11630000,1452283000,-15516000,-24861000,54546000,,not_scored,,,,,,,missing_required_data,quarter_revenue_yoy_pct;guidance_revenue_millions,regex_fallback,167.3,,,,,6,1,6,3,3557,13607,Growth/earnings_8k_sec_parser/local_extractions_2024Q3/GDEN/GDEN_2024-08-08_000107125524000090.json,2024-08-09,27.420000,11.7433,17.6149,14.7338,10.2115,12.2538
2024Q3,GDOT,2024-08-08,0001386278-24-000041,$100M-$500M,416380000,36012000,4817122000,-161648000,-32720000,100532000,,not_scored,,,,,,,missing_required_data,quarter_revenue_yoy_pct;guidance_revenue_millions,regex_fallback,1600,,,,,6,6,6,6,3304,40993,Growth/earnings_8k_sec_parser/local_extractions_2024Q3/GDOT/GDOT_2024-08-08_000138627824000041.json,2024-08-09,9.330000,16.8274,18.6495,25.1876,18.1136,40.4073
2024Q3,GDRX,2024-08-08,0001809519-24-000162,$100M-$500M,183986000,-3290000,1588800000,-14090000,-14288000,32288000,,not_scored,,,,,,,missing_required_data,quarter_revenue_yoy_pct;guidance_revenue_millions,regex_fallback,200.6,,,,,6,6,6,6,3651,36959,Growth/earnings_8k_sec_parser/local_extractions_2024Q3/GDRX/GDRX_2024-08-08_000180951924000162.json,2024-08-09,7.380000,0.9485,11.2466,5.9621,-5.0135,-31.7073
2024Q3,GEF,2024-09-03,0000043920-24-000045,$1B-$2B,1708300000,201100000,5960800000,215600000,-451000000,243700000,,not_scored,,,,,,,missing_required_data,quarter_revenue_yoy_pct;guidance_revenue_millions,regex_fallback,84.2,,,,,6,6,6,6,5110,84810,Growth/earnings_8k_sec_parser/local_extractions_2024Q3/GEF/GEF_2024-09-03_000004392024000045.json,2024-09-04,60.740002,1.4323,2.7000,2.3049,2.7000,17.2374
2024Q3,GEHC,2024-07-31,0001932393-24-000043,$2B-$10B,4707000000,372000000,32454000000,673000000,-266000000,468000000,,not_scored,,,,,,,missing_required_data,quarter_revenue_yoy_pct;guidance_revenue_millions,regex_fallback,4800,,,,,6,6,6,6,3484,32095,Growth/earnings_8k_sec_parser/local_extractions_2024Q3/GEHC/GEHC_2024-07-31_000193239324000043.json,2024-08-01,84.099998,-2.0571,0.4518,0.8323,11.5933,3.6861
2024Q3,GEN,2024-08-01,0000849399-24-000040,$2B-$10B,2796000000,836000000,15947000000,-333000000,326000000,974000000,,not_scored,,,,,,,missing_required_data,quarter_revenue_yoy_pct,regex_fallback,965,,,975,,6,6,6,6,3748,29044,Growth/earnings_8k_sec_parser/local_extractions_2024Q3/GEN/GEN_2024-08-01_000084939924000040.json,2024-08-02,24.920000,-1.2038,1.4848,4.6549,9.1092,16.8138
2024Q3,GEO,2024-08-12,0001193125-24-198888,$500M-$1B,608209000,28003000,3696406000,-45878000,-15162000,94740000,,not_scored,,,,,,,missing_required_data,quarter_revenue_yoy_pct;guidance_revenue_millions,regex_fallback,607.2,,,,,6,6,6,6,9971,79813,Growth/earnings_8k_sec_parser/local_extractions_2024Q3/GEO/GEO_2024-08-12_000119312524198888.json,2024-08-13,12.710000,11.8804,3.9339,-0.7868,16.0504,108.3399
2024Q3,GETY,2024-08-09,0001628280-24-036345,$100M-$500M,235642000,3203000,2601761000,-47000,-15525000,31915000,,not_scored,,,,,,,missing_required_data,quarter_revenue_yoy_pct;guidance_revenue_millions,regex_fallback,229.1,,,,,6,6,6,6,3529,30115,Growth/earnings_8k_sec_parser/local_extractions_2024Q3/GETY/GETY_2024-08-09_000162828024036345.json,2024-08-12,3.280000,-0.3049,12.5000,4.5732,14.9390,9.1463
2024Q3,GEV,2024-07-24,0001996810-24-000065,$2B-$10B,6822000000,-315000000,46121000000,704000000,-41000000,-690000000,,not_scored,,,,,,,missing_required_data,quarter_revenue_yoy_pct;guidance_revenue_millions,regex_fallback,8200,,,,,6,6,6,6,3431,34705,Growth/earnings_8k_sec_parser/local_extractions_2024Q3/GEV/GEV_2024-07-24_000199681024000065.json,2024-07-25,166.000000,-2.2651,10.9398,9.7169,51.5241,68.6024
2024Q3,GFF,2024-08-07,0000050725-24-000091,$1B-$2B,1360368000,48702000,2418879000,-99631000,-2571000,83125000,,not_scored,,,,,,,missing_required_data,quarter_revenue_yoy_pct;guidance_revenue_millions,regex_fallback,647.8,,,,,6,5,6,6,3330,28219,Growth/earnings_8k_sec_parser/local_extractions_2024Q3/GFF/GFF_2024-08-07_000005072524000091.json,2024-08-08,57.590000,10.7658,13.0405,7.8139,18.7533,16.7737
2024Q3,GH,2024-08-07,0001576280-24-000189,$100M-$500M,128714000,-133533000,1786421000,-854000,157224000,-74441000,,not_scored,,,,,,,missing_required_data,quarter_revenue_yoy_pct;guidance_revenue_millions,regex_fallback,177.2,,,,,6,5,6,6,3429,20966,Growth/earnings_8k_sec_parser/local_extractions_2024Q3/GH/GH_2024-08-07_000157628024000189.json,2024-08-08,32.060001,-11.4785,-18.2782,-25.8578,-33.4061,-21.1167
2024Q3,GHC,2024-07-31,0000104889-24-000042,$1B-$2B,1031546000,52272000,7187730000,-57802000,-1954000,22811000,,not_scored,,,,,,,missing_required_data,quarter_revenue_yoy_pct;guidance_revenue_millions,regex_fallback,1185.3,,,,,6,0,6,6,2926,24985,Growth/earnings_8k_sec_parser/local_extractions_2024Q3/GHC/GHC_2024-07-31_000010488924000042.json,2024-08-01,751.299988,-5.3800,0.6668,2.1097,9.3731,11.9965
2024Q3,GHM,2024-08-07,0001193125-24-195406,$100M-$500M,122814000,-8773000,203918000,14419000,-57106000,-2219000,,not_scored,,,,,,,missing_required_data,guidance_revenue_millions,regex_fallback,50,5,,,,6,6,6,6,3748,31176,Growth/earnings_8k_sec_parser/local_extractions_2024Q3/GHM/GHM_2024-08-07_000119312524195406.json,2024-08-08,28.360001,4.7602,9.4852,-1.0931,4.4781,14.4922
2024Q3,GIC,2024-07-30,0000945114-24-000045,$100M-$500M,273800000,13200000,513400000,-7900000,-700000,28300000,,not_scored,,,,,,,missing_required_data,quarter_revenue_yoy_pct;guidance_revenue_millions,regex_fallback,347.8,,,,,6,2,6,6,3854,11430,Growth/earnings_8k_sec_parser/local_extractions_2024Q3/GIC/GIC_2024-07-30_000094511424000045.json,2024-07-31,34.360001,-8.8475,-5.6461,-2.5029,-1.1350,-3.8126
2024Q3,GIII,2024-09-05,0001558370-24-012596,$500M-$1B,529042000,3236000,2554483000,-95752000,-8630000,201831000,,not_scored,,,,,,,missing_required_data,quarter_revenue_yoy_pct,regex_fallback,644.8,,,3200,,6,6,6,6,4064,25555,Growth/earnings_8k_sec_parser/local_extractions_2024Q3/GIII/GIII_2024-09-05_000155837024012596.json,2024-09-06,30.549999,3.8953,-0.9165,-2.8805,-0.0327,1.6039
2024Q3,GILD,2024-08-08,0000882095-24-000020,$2B-$10B,6352000000,1010000000,62125000000,-1406000000,-826000000,1744000000,,not_scored,,,,,,,missing_required_data,guidance_revenue_millions,regex_fallback,6700,6,,,,6,5,6,6,4523,40924,Growth/earnings_8k_sec_parser/local_extractions_2024Q3/GILD/GILD_2024-08-08_000088209524000020.json,2024-08-09,74.940002,-0.6539,6.0181,5.6445,13.7043,30.6378
2024Q3,GIS,2024-09-18,0001193125-24-221059,$2B-$10B,2134300000,2707300000,31451700000,-2503200000,-1690700000,3316100000,,not_scored,,,,,,,missing_required_data,quarter_revenue_yoy_pct;guidance_revenue_millions,regex_fallback,4800,,,,,6,6,6,6,4166,42099,Growth/earnings_8k_sec_parser/local_extractions_2024Q3/GIS/GIS_2024-09-18_000119312524221059.json,2024-09-19,74.620003,-1.0319,-3.4173,-7.8397,-15.7330,-14.3527
2024Q3,GL,2024-07-24,0000320335-24-000044,$1B-$2B,1321318000,223610000,28051499000,-151740000,-247770000,477330000,,not_scored,,,,,,,missing_required_data,quarter_revenue_millions;quarter_revenue_yoy_pct;guidance_revenue_millions,regex_fallback,,,,,,6,2,6,6,3656,23483,Growth/earnings_8k_sec_parser/local_extractions_2024Q3/GL/GL_2024-07-24_000032033524000044.json,2024-07-25,94.010002,-5.7228,-0.0425,8.6799,14.5516,17.9236
2024Q3,GLPI,2024-07-26,0001628280-24-033129,$100M-$500M,355214000,183351000,11806658000,-51368000,-422076000,241183000,,not_scored,,,,,,,missing_required_data,quarter_revenue_yoy_pct;guidance_revenue_millions,regex_fallback,75,,,,,6,6,6,6,3483,45240,Growth/earnings_8k_sec_parser/local_extractions_2024Q3/GLPI/GLPI_2024-07-26_000162828024033129.json,2024-07-29,49.619999,-0.5844,0.3829,2.9424,2.2773,1.7533
2024Q3,GLW,2024-07-08,0001206774-24-000650,$2B-$10B,3178000000,176000000,28500000000,-248000000,-228000000,-49000000,,not_scored,,,,,,,missing_required_data,quarter_revenue_yoy_pct;guidance_revenue_millions,regex_fallback,3600,,,,,5,6,6,1,4317,12275,Growth/earnings_8k_sec_parser/local_extractions_2024Q3/GLW/GLW_2024-07-08_000120677424000650.json,2024-07-09,43.549999,1.7451,-1.9977,-11.3433,-5.9242,1.2859
2024Q3,GNE,2024-08-06,0001213900-24-065370,$100M-$500M,105276000,14431000,330555000,-3273000,-4162000,11234000,,not_scored,,,,,,,missing_required_data,quarter_revenue_millions;quarter_revenue_yoy_pct;guidance_revenue_millions,regex_fallback,,,,,,6,4,6,6,3928,26372,Growth/earnings_8k_sec_parser/local_extractions_2024Q3/GNE/GNE_2024-08-06_000121390024065370.json,2024-08-07,15.400000,6.2987,7.9221,6.3636,5.1299,1.7532
2024Q3,GNTX,2024-07-26,0000355811-24-000035,$500M-$1B,550761311,97578261,2611437552,-47819943,-72396645,120914110,,not_scored,,,,,,,missing_required_data,quarter_revenue_yoy_pct;guidance_revenue_millions,regex_fallback,572.9,,,,,6,6,6,6,3186,18008,Growth/earnings_8k_sec_parser/local_extractions_2024Q3/GNTX/GNTX_2024-07-26_000035581124000035.json,2024-07-29,31.250000,-8.0320,-3.4880,-1.4720,-0.8640,0.1600
2024Q3,GNW,2024-07-31,0001193125-24-189943,$1B-$2B,1854000000,122000000,90817000000,-428000000,364000000,-92000000,,not_scored,,,,,,,missing_required_data,quarter_revenue_millions;quarter_revenue_yoy_pct;guidance_revenue_millions,regex_fallback,,,,,,6,6,6,6,4102,106038,Growth/earnings_8k_sec_parser/local_extractions_2024Q3/GNW/GNW_2024-07-31_000119312524189943.json,2024-08-01,6.830000,-6.0029,-1.6105,1.3177,0.2928,0.2928
2024Q3,GO,2024-08-06,0001771515-24-000128,$500M-$1B,965467000,13720000,2969586000,-67898000,-40347000,87632000,,not_scored,,,,,,,missing_required_data,quarter_revenue_yoy_pct;guidance_revenue_millions,regex_fallback,4300,,,,,6,4,6,6,3564,26598,Growth/earnings_8k_sec_parser/local_extractions_2024Q3/GO/GO_2024-08-06_000177151524000128.json,2024-08-07,20.049999,-6.4339,-6.0848,-13.5162,-19.3017,-27.3815
2024Q3,GOLD,2024-09-03,0000950170-24-102493,$2B-$10B,6167206000,114526000,1545571000,-18023000,15092000,43249000,,not_scored,,,,,,,missing_required_data,guidance_revenue_millions,regex_fallback,2520,-19,,,,6,1,6,6,3343,66205,Growth/earnings_8k_sec_parser/local_extractions_2024Q3/GOLD/GOLD_2024-09-03_000095017024102493.json,2024-09-04,39.869999,12.3903,7.7251,10.4088,-5.0665,-25.4828
2024Q3,GOLF,2024-08-06,0001672013-24-000043,$500M-$1B,686290000,93275000,2196677000,119310000,-34834000,-86418000,,not_scored,,,,,,,missing_required_data,quarter_revenue_yoy_pct;guidance_revenue_millions,regex_fallback,683.9,,,,,6,6,6,6,3547,33802,Growth/earnings_8k_sec_parser/local_extractions_2024Q3/GOLF/GOLF_2024-08-06_000167201324000043.json,2024-08-07,67.779999,-2.1835,-1.8590,-3.5114,-6.6834,-6.6981
2024Q3,GPC,2024-07-23,0000040987-24-000175,$2B-$10B,5765118000,303957000,17968454000,-157813000,-45236000,197507000,,not_scored,,,,,,,missing_required_data,quarter_revenue_yoy_pct;guidance_revenue_millions,regex_fallback,6000,,,,,6,6,6,6,3594,24249,Growth/earnings_8k_sec_parser/local_extractions_2024Q3/GPC/GPC_2024-07-23_000004098724000175.json,2024-07-24,137.039993,0.9559,-0.1386,3.7726,0.5108,-17.4621
2024Q3,GPI,2024-07-24,0001031203-24-000055,$2B-$10B,4130000000,158400000,7774100000,-67000000,-104600000,143400000,,not_scored,,,,,,,missing_required_data,quarter_revenue_yoy_pct;guidance_revenue_millions,regex_fallback,4700,,,,,6,4,6,6,3571,68609,Growth/earnings_8k_sec_parser/local_extractions_2024Q3/GPI/GPI_2024-07-24_000103120324000055.json,2024-07-25,323.869995,4.5111,4.8909,14.0118,18.2450,7.7222
2024Q3,GPN,2024-08-07,0001123360-24-000024,$2B-$10B,2292447000,-11041000,50570186000,3610829000,-4206793000,599526000,,not_scored,,,,,,,missing_required_data,quarter_revenue_yoy_pct;guidance_revenue_millions,regex_fallback,2570,,,,,6,6,6,6,3742,43068,Growth/earnings_8k_sec_parser/local_extractions_2024Q3/GPN/GPN_2024-08-07_000112336024000024.json,2024-08-08,100.419998,9.4404,7.9466,9.5399,-2.8381,14.5589
2024Q3,GPOR,2024-08-06,0001213900-24-065656,$500M-$1B,731221000,523054000,3267613000,-179273000,-128581000,304055000,,not_scored,,,,,,,missing_required_data,quarter_revenue_millions;quarter_revenue_yoy_pct;guidance_revenue_millions,regex_fallback,,,,,,6,6,6,6,3841,45738,Growth/earnings_8k_sec_parser/local_extractions_2024Q3/GPOR/GPOR_2024-08-06_000121390024065656.json,2024-08-07,134.000000,8.0970,5.9776,2.8060,11.9254,4.8806
2024Q3,GRBK,2024-07-31,0001373670-24-000060,$100M-$500M,452061000,64180000,1902832000,-49189000,-3101000,154707000,,not_scored,,,,,,,missing_required_data,quarter_revenue_yoy_pct;guidance_revenue_millions,regex_fallback,546.9,,,,,6,0,6,4,4135,20420,Growth/earnings_8k_sec_parser/local_extractions_2024Q3/GRBK/GRBK_2024-07-31_000137367024000060.json,2024-08-01,78.050003,-12.8507,-3.9590,-2.6265,7.0083,-2.4343
2024Q3,GRC,2024-07-26,0001193125-24-186248,$100M-$500M,406150000,6520000,890358000,-7004000,-6024000,18622000,,not_scored,,,,,,,missing_required_data,quarter_revenue_yoy_pct;guidance_revenue_millions,regex_fallback,169.5,,,,,6,6,6,6,2874,23758,Growth/earnings_8k_sec_parser/local_extractions_2024Q3/GRC/GRC_2024-07-26_000119312524186248.json,2024-07-29,41.580002,-10.1251,-6.4454,-7.0226,-7.1429,-9.8124
2024Q3,GRMN,2024-07-31,0000950170-24-088226,$1B-$2B,1147424000,202327000,8603569000,-192289000,-7899000,279210000,,not_scored,,,,,,,missing_required_data,quarter_revenue_yoy_pct;guidance_revenue_millions,regex_fallback,1510,,,,,6,6,6,6,3593,23138,Growth/earnings_8k_sec_parser/local_extractions_2024Q3/GRMN/GRMN_2024-07-31_000095017024088226.json,2024-08-01,171.929993,-1.9601,3.7981,4.7519,2.3847,19.1880
2024Q3,GRPN,2024-07-30,0001490281-24-000123,$100M-$500M,121611000,-29147000,570956000,-29197000,-9013000,-76320000,,not_scored,,,,,,,missing_required_data,guidance_revenue_millions,regex_fallback,15,7,,,,6,2,6,6,3167,36288,Growth/earnings_8k_sec_parser/local_extractions_2024Q3/GRPN/GRPN_2024-07-30_000149028124000123.json,2024-07-31,14.770000,-17.9418,-7.9215,-6.0934,-33.7847,-28.5714
2024Q3,GT,2024-07-31,0001193125-24-190019,$2B-$10B,4941000000,-101000000,21582000000,1075000000,-456000000,-775000000,,not_scored,,,,,,,missing_required_data,quarter_revenue_yoy_pct;guidance_revenue_millions,regex_fallback,4600,,,,,6,0,6,6,2793,25227,Growth/earnings_8k_sec_parser/local_extractions_2024Q3/GT/GT_2024-07-31_000119312524190019.json,2024-08-01,11.170000,-30.3491,-22.2919,-24.6195,-20.7699,-26.9472
2024Q3,GTLB,2024-09-03,0001628280-24-039118,$100M-$500M,126878000,-52469000,1317861000,7513000,24380000,-10961000,,not_scored,,,,,,,missing_required_data,quarter_revenue_yoy_pct;guidance_revenue_millions,regex_fallback,182.6,,,,,6,6,6,6,5734,24971,Growth/earnings_8k_sec_parser/local_extractions_2024Q3/GTLB/GTLB_2024-09-03_000162828024039118.json,2024-09-04,50.430000,4.5806,5.2746,-0.5354,11.0252,26.6310
2024Q3,GTLS,2024-08-02,0000892553-24-000132,$500M-$1B,531500000,-15000000,9102400000,1967800000,-4373800000,-32100000,,not_scored,,,,,,,missing_required_data,quarter_revenue_yoy_pct;guidance_revenue_millions,regex_fallback,1040,,,,,6,6,6,6,43471,55742,Growth/earnings_8k_sec_parser/local_extractions_2024Q3/GTLS/GTLS_2024-08-02_000089255324000132.json,2024-08-05,117.070000,-2.6224,8.1319,-3.5791,5.7572,20.8081
2024Q3,GTM,2024-08-05,0001794515-24-000132,$100M-$500M,300700000,44500000,6868300000,-29300000,-19600000,108600000,,not_scored,,,,,,,missing_required_data,quarter_revenue_yoy_pct;guidance_revenue_millions,regex_fallback,14,,,,,6,6,6,6,9133,43724,Growth/earnings_8k_sec_parser/local_extractions_2024Q3/GTM/GTM_2024-08-05_000179451524000132.json,2024-08-06,8.680000,5.2995,12.9032,14.5161,10.1382,30.0691
2024Q3,GTX,2024-07-25,0001735707-24-000040,$500M-$1B,970000000,81000000,2527000000,-44000000,-8000000,92000000,,not_scored,,,,,,,missing_required_data,quarter_revenue_yoy_pct;guidance_revenue_millions,regex_fallback,890,,,,,6,6,6,6,3431,28683,Growth/earnings_8k_sec_parser/local_extractions_2024Q3/GTX/GTX_2024-07-25_000173570724000040.json,2024-07-26,8.090000,-1.7305,0.0000,3.7083,0.2472,-8.6527
2024Q3,GWW,2024-08-01,0000277135-24-000131,$2B-$10B,4091000000,488000000,8147000000,-224000000,-96000000,454000000,,not_scored,,,,,,,missing_required_data,quarter_revenue_yoy_pct;guidance_revenue_millions,regex_fallback,4300,,,,,6,6,6,6,2922,24730,Growth/earnings_8k_sec_parser/local_extractions_2024Q3/GWW/GWW_2024-08-01_000027713524000131.json,2024-08-02,937.650024,2.3218,4.2127,2.3900,10.9049,18.2989
2024Q3,HAE,2024-08-08,0000313143-24-000053,$500M-$1B,993196000,43375000,1934825000,-15749000,-86345000,172263000,,not_scored,,,,,,,missing_required_data,quarter_revenue_yoy_pct;guidance_revenue_millions,regex_fallback,336,,,,,6,2,6,6,3404,22793,Growth/earnings_8k_sec_parser/local_extractions_2024Q3/HAE/HAE_2024-08-08_000031314324000053.json,2024-08-09,77.330002,-3.2070,-2.5217,-5.9485,-0.8406,11.8971
2024Q3,HAIN,2024-08-27,0000950170-24-100792,$1B-$2B,1348802000,6923000,2258639000,-34792000,-13243000,26309000,,not_scored,,,,,,,missing_required_data,quarter_revenue_yoy_pct;guidance_revenue_millions,regex_fallback,419,,,,,6,6,6,6,3342,40506,Growth/earnings_8k_sec_parser/local_extractions_2024Q3/HAIN/HAIN_2024-08-27_000095017024100792.json,2024-08-28,8.330000,0.0000,-3.2413,2.8811,6.2425,-0.1201
2024Q3,HAL,2024-07-19,0000045012-24-000040,$2B-$10B,9236000000,651000000,24683000000,-249000000,-295000000,122000000,,not_scored,,,,,,,missing_required_data,quarter_revenue_yoy_pct;guidance_revenue_millions,regex_fallback,5800,,,,,6,1,6,6,5360,26507,Growth/earnings_8k_sec_parser/local_extractions_2024Q3/HAL/HAL_2024-07-19_000004501224000040.json,2024-07-22,33.830002,-1.7440,-7.2421,-7.7446,-12.8880,-16.4647
2024Q3,HALO,2024-08-06,0001159036-24-000043,$100M-$500M,162143000,39615000,1733270000,-164614000,-60162000,86964000,,not_scored,,,,,,,missing_required_data,quarter_revenue_yoy_pct;guidance_revenue_millions,regex_fallback,231,,,,,6,6,6,6,3418,21952,Growth/earnings_8k_sec_parser/local_extractions_2024Q3/HALO/HALO_2024-08-06_000115903624000043.json,2024-08-07,56.000000,10.2500,12.8571,5.7321,-3.8393,4.8571
2024Q3,HAS,2024-07-25,0000046080-24-000132,$1B-$2B,1001000000,-22100000,8923700000,-156600000,-55600000,88800000,,not_scored,,,,,,,missing_required_data,quarter_revenue_yoy_pct;guidance_revenue_millions,regex_fallback,1,,,,,6,6,6,6,3064,33639,Growth/earnings_8k_sec_parser/local_extractions_2024Q3/HAS/HAS_2024-07-25_000004608024000132.json,2024-07-26,62.310001,0.8666,5.9862,9.9502,15.4710,6.0825
2024Q3,HBAN,2024-07-19,0000049196-24-000070,$100M-$500M,377000000,602000000,189368000000,5834000000,-2299000000,130000000,,not_scored,,,,,,,missing_required_data,quarter_revenue_yoy_pct;guidance_revenue_millions,regex_fallback,8,,,,,6,4,6,6,10281,88106,Growth/earnings_8k_sec_parser/local_extractions_2024Q3/HBAN/HBAN_2024-07-19_000004919624000070.json,2024-07-22,14.870000,-3.3625,-10.0202,-6.2542,-0.0673,2.6900
2024Q3,HBANL,2024-07-19,0000049196-24-000070,$100M-$500M,377000000,602000000,189368000000,5834000000,-2299000000,130000000,,not_scored,,,,,,,missing_required_data,quarter_revenue_yoy_pct;guidance_revenue_millions,regex_fallback,8,,,,,6,4,6,6,10281,88106,Growth/earnings_8k_sec_parser/local_extractions_2024Q3/HBANL/HBANL_2024-07-19_000004919624000070.json,2024-07-22,25.040001,-1.3978,-0.3195,1.6374,4.6725,3.4744
2024Q3,HBANP,2024-07-19,0000049196-24-000070,$100M-$500M,377000000,602000000,189368000000,5834000000,-2299000000,130000000,,not_scored,,,,,,,missing_required_data,quarter_revenue_yoy_pct;guidance_revenue_millions,regex_fallback,8,,,,,6,4,6,6,10281,88106,Growth/earnings_8k_sec_parser/local_extractions_2024Q3/HBANP/HBANP_2024-07-19_000004919624000070.json,2024-07-22,18.559999,-1.4009,-3.7715,1.2931,10.0754,9.8599
2024Q3,HBB,2024-07-31,0001709164-24-000035,$100M-$500M,128252000,-4777000,336607000,-33027000,-614000,34874000,,not_scored,,,,,,,missing_required_data,quarter_revenue_yoy_pct;guidance_revenue_millions,regex_fallback,156.2,,,,,6,6,6,6,4126,21868,Growth/earnings_8k_sec_parser/local_extractions_2024Q3/HBB/HBB_2024-07-31_000170916424000035.json,2024-08-01,20.000000,26.6000,35.0000,40.0500,52.1500,55.0500
2024Q3,HCC,2024-08-01,0001691303-24-000021,$100M-$500M,253964000,182277000,2357058000,-74848000,-85018000,192934000,,not_scored,,,,,,,missing_required_data,quarter_revenue_yoy_pct;guidance_revenue_millions,regex_fallback,396.5,,,,,6,6,6,6,3484,32965,Growth/earnings_8k_sec_parser/local_extractions_2024Q3/HCC/HCC_2024-08-01_000169130324000021.json,2024-08-02,61.250000,-1.1592,-5.4857,-7.8694,3.0531,3.0694
2024Q3,HCI,2024-08-08,0000950170-24-094075,$100M-$500M,129029000,15338000,1811316000,-14100000,-17757000,99109000,,not_scored,,,,,,,missing_required_data,quarter_revenue_millions;quarter_revenue_yoy_pct;guidance_revenue_millions,regex_fallback,,,,,,6,0,6,6,3986,18905,Growth/earnings_8k_sec_parser/local_extractions_2024Q3/HCI/HCI_2024-08-08_000095017024094075.json,2024-08-09,92.980003,1.2691,2.2263,7.4962,4.5924,24.1880
2024Q3,HCSG,2024-07-24,0000731012-24-000110,$100M-$500M,417230000,11671000,790652000,6907000,-743000,-16290000,,not_scored,,,,,,,missing_required_data,quarter_revenue_yoy_pct;guidance_revenue_millions,regex_fallback,426.3,,,,,6,5,6,6,3532,19345,Growth/earnings_8k_sec_parser/local_extractions_2024Q3/HCSG/HCSG_2024-07-24_000073101224000110.json,2024-07-25,11.200000,-6.9643,-6.6964,-0.8929,-2.2321,-5.5357
2024Q3,HE,2024-08-09,0000354707-24-000052,$500M-$1B,928237000,55194000,17243821000,71139000,-137468000,180952000,,not_scored,,,,,,,missing_required_data,quarter_revenue_yoy_pct;guidance_revenue_millions,regex_fallback,4,,,,,6,3,6,6,4063,29739,Growth/earnings_8k_sec_parser/local_extractions_2024Q3/HE/HE_2024-08-09_000035470724000052.json,2024-08-12,12.120000,-8.0858,-4.3729,-6.9307,-19.7195,-17.7393
2024Q3,HELE,2024-07-09,0000916789-24-000029,$2B-$10B,2223355000,223764000,2913715000,286352000,-438914000,140823000,,not_scored,,,,,,,missing_required_data,quarter_revenue_yoy_pct;guidance_revenue_millions,regex_fallback,416.8,,,,,6,6,6,6,11146,44644,Growth/earnings_8k_sec_parser/local_extractions_2024Q3/HELE/HELE_2024-07-09_000091678924000029.json,2024-07-10,63.939999,-10.7757,-2.6118,-16.6719,-13.9349,-2.4554
2024Q3,HG,2024-08-07,0001593275-24-000084,$100M-$500M,322381000,53002000,6671355000,-3117000,-132129000,12086000,,not_scored,,,,,,,missing_required_data,quarter_revenue_millions;quarter_revenue_yoy_pct;guidance_revenue_millions,regex_fallback,,,,,,6,3,6,6,3932,53234,Growth/earnings_8k_sec_parser/local_extractions_2024Q3/HG/HG_2024-08-07_000159327524000084.json,2024-08-08,17.400000,9.4828,11.4943,9.6552,0.8046,6.7241
2024Q3,HGV,2024-08-08,0001628280-24-035876,$500M-$1B,934000000,73000000,8685000000,183000000,-11000000,26000000,,not_scored,,,,,,,missing_required_data,quarter_revenue_yoy_pct;guidance_revenue_millions,regex_fallback,757,,,,,6,6,6,6,3882,51480,Growth/earnings_8k_sec_parser/local_extractions_2024Q3/HGV/HGV_2024-08-08_000162828024035876.json,2024-08-09,35.080002,7.1266,8.8084,0.9122,2.1950,18.5576
2024Q3,HIG,2024-07-25,0000874766-24-000107,$2B-$10B,5910000000,535000000,76780000000,-545000000,-446000000,871000000,,not_scored,,,,,,,missing_required_data,quarter_revenue_yoy_pct;guidance_revenue_millions,regex_fallback,101,,,,,6,6,6,6,4180,162037,Growth/earnings_8k_sec_parser/local_extractions_2024Q3/HIG/HIG_2024-07-25_000087476624000107.json,2024-07-26,106.650002,-1.6784,3.2630,5.9728,9.2077,12.9489
2024Q3,HII,2024-08-01,0001501585-24-000034,$2B-$10B,2674000000,129000000,11215000000,-80000000,-60000000,-9000000,,not_scored,,,,,,,missing_required_data,quarter_revenue_yoy_pct;guidance_revenue_millions,regex_fallback,3000,,,,,6,6,6,6,3167,48684,Growth/earnings_8k_sec_parser/local_extractions_2024Q3/HII/HII_2024-08-01_000150158524000034.json,2024-08-02,265.720001,-0.7489,2.4048,3.6618,-0.4027,-30.3929
2024Q3,HIMS,2024-08-05,0001773751-24-000246,$100M-$500M,190770000,-10067000,441186000,-3412000,-4113000,9483000,,not_scored,,,,,,,missing_required_data,quarter_revenue_yoy_pct;guidance_revenue_millions,regex_fallback,300,,,,,6,6,6,6,3447,81646,Growth/earnings_8k_sec_parser/local_extractions_2024Q3/HIMS/HIMS_2024-08-05_000177375124000246.json,2024-08-06,17.525000,-11.0984,-8.4166,-17.6605,10.9273,18.4593
2024Q3,HLF,2024-07-31,0001193125-24-189942,$1B-$2B,1252100000,29300000,2809400000,-76000000,-30200000,46200000,,not_scored,,,,,,,missing_required_data,quarter_revenue_yoy_pct;guidance_revenue_millions,regex_fallback,1300,,,,,6,6,6,6,4328,32252,Growth/earnings_8k_sec_parser/local_extractions_2024Q3/HLF/HLF_2024-07-31_000119312524189942.json,2024-08-01,11.910000,-31.9899,-29.7229,-32.3258,-39.6306,-42.8212
2024Q3,HLIO,2024-08-05,0000950170-24-090928,$100M-$500M,213200000,13900000,1590400000,73800000,-94600000,12300000,,not_scored,,,,,,,missing_required_data,quarter_revenue_yoy_pct;guidance_revenue_millions,regex_fallback,219.9,,,,,6,6,6,6,2841,45400,Growth/earnings_8k_sec_parser/local_extractions_2024Q3/HLIO/HLIO_2024-08-05_000095017024090928.json,2024-08-06,42.049999,2.5208,3.8050,-2.8775,14.5065,16.4566
2024Q3,HLIT,2024-07-29,0000851310-24-000069,$100M-$500M,157649000,5093000,768206000,-3420000,-2331000,6270000,,not_scored,,,,,,,missing_required_data,quarter_revenue_yoy_pct;guidance_revenue_millions,regex_fallback,138.7,,,,,6,6,6,6,3713,36282,Growth/earnings_8k_sec_parser/local_extractions_2024Q3/HLIT/HLIT_2024-07-29_000085131024000069.json,2024-07-30,14.810000,-11.3437,-4.9291,-1.0128,-1.6205,0.0675
2024Q3,HLMN,2024-08-06,0001822492-24-000138,$100M-$500M,349707000,-9132000,2331101000,-8759000,-18524000,31507000,,not_scored,,,,,,,missing_required_data,quarter_revenue_yoy_pct;guidance_revenue_millions,regex_fallback,729.7,,,,,6,6,6,6,10061,54629,Growth/earnings_8k_sec_parser/local_extractions_2024Q3/HLMN/HLMN_2024-08-06_000182249224000138.json,2024-08-07,9.920000,-5.4435,-3.6290,-4.2339,0.3024,11.7944
2024Q3,HLNE,2024-08-06,0001433642-24-000082,$100M-$500M,367919000,145986000,1140543000,-113216000,-70487000,169523000,,not_scored,,,,,,,missing_required_data,quarter_revenue_yoy_pct;guidance_revenue_millions,regex_fallback,140,,,,,6,0,6,2,3450,37013,Growth/earnings_8k_sec_parser/local_extractions_2024Q3/HLNE/HLNE_2024-08-06_000143364224000082.json,2024-08-07,135.410004,7.1930,13.4333,7.6287,27.0364,33.1069
2024Q3,HLT,2024-08-07,0001585689-24-000160,$2B-$10B,2293000000,206000000,15401000000,-547000000,-85000000,330000000,,not_scored,,,,,,,missing_required_data,quarter_revenue_millions;quarter_revenue_yoy_pct;guidance_revenue_millions,regex_fallback,,,,,,6,6,6,6,3739,47303,Growth/earnings_8k_sec_parser/local_extractions_2024Q3/HLT/HLT_2024-08-07_000158568924000160.json,2024-08-08,203.169998,5.6012,6.8465,5.7932,14.4362,21.2925
2024Q3,HLX,2024-07-25,0000866829-24-000026,$100M-$500M,250084000,-5165000,2556036000,-9424000,-6300000,-5392000,,not_scored,,,,,,,missing_required_data,quarter_revenue_yoy_pct;guidance_revenue_millions,regex_fallback,8.2,,,,,6,5,6,6,4166,55569,Growth/earnings_8k_sec_parser/local_extractions_2024Q3/HLX/HLX_2024-07-25_000086682924000026.json,2024-07-26,12.750000,-20.5490,-17.0980,-11.6863,-19.6078,-27.4510
2024Q3,HMN,2024-07-25,0001628280-24-032999,$100M-$500M,353900000,6600000,14049900000,-6500000,-95300000,86400000,,not_scored,,,,,,,missing_required_data,quarter_revenue_millions;quarter_revenue_yoy_pct;guidance_revenue_millions,regex_fallback,,,,,,6,6,6,6,3983,41649,Growth/earnings_8k_sec_parser/local_extractions_2024Q3/HMN/HMN_2024-07-25_000162828024032999.json,2024-07-26,32.639999,0.3676,3.8909,5.4534,7.3529,15.0123
2024Q3,HNI,2024-07-25,0000048287-24-000154,$100M-$500M,479100000,1600000,1928800000,2100000,-20000000,17300000,,not_scored,,,,,,,missing_required_data,quarter_revenue_yoy_pct;guidance_revenue_millions,regex_fallback,623.7,,,,,6,6,6,6,3004,33488,Growth/earnings_8k_sec_parser/local_extractions_2024Q3/HNI/HNI_2024-07-25_000004828724000154.json,2024-07-26,54.299999,-6.9982,-5.7274,-1.6943,-3.0203,-3.1308
2024Q3,HON,2024-07-10,0000773840-24-000075,$2B-$10B,8864000000,1394000000,61525000000,-1973000000,-29000000,-784000000,,not_scored,,,,,,,missing_required_data,quarter_revenue_millions;quarter_revenue_yoy_pct;guidance_revenue_millions,regex_fallback,,,,,,6,2,6,6,6271,17033,Growth/earnings_8k_sec_parser/local_extractions_2024Q3/HON/HON_2024-07-10_000077384024000075.json,2024-07-11,202.639023,0.9163,-4.7674,-8.4698,-6.4372,-0.6047
2024Q3,HOV,2024-08-22,0001753926-24-001462,$1B-$2B,1219027000,18716000,2492940000,-56988000,-20455000,65967000,,not_scored,,,,,,,missing_required_data,quarter_revenue_millions;quarter_revenue_yoy_pct;guidance_revenue_millions,regex_fallback,,,,,21.5,6,6,6,6,10745,50199,Growth/earnings_8k_sec_parser/local_extractions_2024Q3/HOV/HOV_2024-08-22_000175392624001462.json,2024-08-23,234.179993,-15.1550,-15.3130,-6.3327,-23.7424,-25.1089
2024Q3,HP,2024-07-24,0000046765-24-000042,$1B-$2B,1488859000,97145000,4381956000,-263154000,-119206000,326254000,,not_scored,,,,,,,missing_required_data,quarter_revenue_yoy_pct;guidance_revenue_millions,regex_fallback,6,,,,,6,6,6,6,3336,33795,Growth/earnings_8k_sec_parser/local_extractions_2024Q3/HP/HP_2024-07-24_000004676524000042.json,2024-07-25,38.330002,-10.2792,-11.0879,-11.7402,-13.9316,-12.0010
2024Q3,HPP,2024-08-07,0001482512-24-000079,$100M-$500M,252263000,-14817000,8282050000,-205848000,10499000,92516000,,not_scored,,,,,,,missing_required_data,quarter_revenue_yoy_pct;guidance_revenue_millions,regex_fallback,218,,,,,6,6,6,6,5101,105012,Growth/earnings_8k_sec_parser/local_extractions_2024Q3/HPP/HPP_2024-08-07_000148251224000079.json,2024-08-08,32.900002,11.0638,12.9787,1.2766,-2.5532,-3.8298
2024Q3,HQY,2024-09-03,0001428336-24-000101,$100M-$500M,244432000,4094000,3163790000,-51027000,-9135000,31538000,,not_scored,,,,,,,missing_required_data,quarter_revenue_yoy_pct;guidance_revenue_millions,regex_fallback,299.9,,,,,6,6,6,4,3344,27507,Growth/earnings_8k_sec_parser/local_extractions_2024Q3/HQY/HQY_2024-09-03_000142833624000101.json,2024-09-04,78.110001,0.1792,0.8834,6.3756,11.3174,29.8041
2024Q3,HRI,2024-07-23,0001364479-24-000043,$500M-$1B,740000000,67000000,7061000000,202000000,-451000000,235000000,,not_scored,,,,,,,missing_required_data,quarter_revenue_yoy_pct;guidance_revenue_millions,regex_fallback,765,,,,,6,6,6,6,4198,64809,Growth/earnings_8k_sec_parser/local_extractions_2024Q3/HRI/HRI_2024-07-23_000136447924000043.json,2024-07-24,151.830002,-11.4075,-12.8170,-3.5895,2.9375,30.8042
2024Q3,HRL,2024-09-04,0000048465-24-000038,$2B-$10B,6674911000,434958000,13448772000,-306739000,-511068000,411754000,,not_scored,,,,,,,missing_required_data,quarter_revenue_yoy_pct;guidance_revenue_millions,regex_fallback,2900,,,,,6,6,6,6,2981,29590,Growth/earnings_8k_sec_parser/local_extractions_2024Q3/HRL/HRL_2024-09-04_000004846524000038.json,2024-09-05,31.360001,3.7309,-0.7972,-0.3189,-1.9770,2.0089
2024Q3,HRMY,2024-08-06,0001558370-24-010960,$100M-$500M,119126000,29485000,811448000,3409000,-1790000,42559000,,not_scored,,,,,,,missing_required_data,quarter_revenue_yoy_pct;guidance_revenue_millions,regex_fallback,172.8,,,,,6,6,6,6,7623,45410,Growth/earnings_8k_sec_parser/local_extractions_2024Q3/HRMY/HRMY_2024-08-06_000155837024010960.json,2024-08-07,33.119999,10.0242,7.5483,7.4577,3.8044,0.8756
2024Q3,HRTG,2024-08-06,0001598665-24-000006,$100M-$500M,176921000,14008000,2153200000,-2379000,36525000,14946000,,not_scored,,,,,,,missing_required_data,quarter_revenue_yoy_pct;guidance_revenue_millions,regex_fallback,1.6,,,,,6,1,6,6,3501,23659,Growth/earnings_8k_sec_parser/local_extractions_2024Q3/HRTG/HRTG_2024-08-06_000159866524000006.json,2024-08-07,7.750000,95.2258,101.9355,101.1613,20.5161,40.3871
2024Q3,HSIC,2024-08-06,0001000228-24-000051,$2B-$10B,3060000000,121000000,10573000000,21000000,-39000000,27000000,,not_scored,,,,,,,missing_required_data,quarter_revenue_yoy_pct;guidance_revenue_millions,regex_fallback,3100,,,,,6,6,6,6,3392,35490,Growth/earnings_8k_sec_parser/local_extractions_2024Q3/HSIC/HSIC_2024-08-06_000100022824000051.json,2024-08-07,64.809998,7.7303,11.3409,6.1719,6.9280,6.4496
2024Q3,HST,2024-07-31,0001070750-24-000163,$1B-$2B,1381000000,287000000,12243000000,-308000000,-105000000,308000000,,not_scored,,,,,,,missing_required_data,quarter_revenue_millions;quarter_revenue_yoy_pct;guidance_revenue_millions,regex_fallback,,,,,,6,6,6,6,4040,78556,Growth/earnings_8k_sec_parser/local_extractions_2024Q3/HST/HST_2024-07-31_000107075024000163.json,2024-08-01,16.799999,-4.4643,0.7143,3.3929,4.7619,5.6548
2024Q3,HSY,2024-08-01,0000047111-24-000043,$2B-$10B,2987614000,587185000,11902941000,-552248000,-188317000,755397000,,not_scored,,,,,,,missing_required_data,quarter_revenue_yoy_pct;guidance_revenue_millions,regex_fallback,2074.5,,,,,6,6,6,6,3381,30067,Growth/earnings_8k_sec_parser/local_extractions_2024Q3/HSY/HSY_2024-08-01_000004711124000043.json,2024-08-02,199.080002,-0.2059,-1.7681,-0.8740,-3.6518,-10.7997
2024Q3,HTH,2024-07-25,0001558370-24-010194,$100M-$500M,111812000,25800000,16466996000,403845000,-142264000,-108457000,,not_scored,,,,,,,missing_required_data,quarter_revenue_yoy_pct;guidance_revenue_millions,regex_fallback,104.3,,,,,6,3,6,6,4158,49076,Growth/earnings_8k_sec_parser/local_extractions_2024Q3/HTH/HTH_2024-07-25_000155837024010194.json,2024-07-26,34.599998,-11.6474,-10.0867,-5.0867,-7.4277,-11.7052
2024Q3,HTLD,2024-07-26,0000799233-24-000026,$100M-$500M,330916000,12612000,1509646000,-47366000,-12801000,66442000,,not_scored,,,,,,,missing_required_data,quarter_revenue_yoy_pct;guidance_revenue_millions,regex_fallback,274.8,,,,,6,3,6,6,4436,17551,Growth/earnings_8k_sec_parser/local_extractions_2024Q3/HTLD/HTLD_2024-07-26_000079923324000026.json,2024-07-29,13.140000,-8.1431,-6.0883,-6.8493,-8.1431,-13.3942
2024Q3,HTO,2024-07-25,0000766829-24-000078,$100M-$500M,137296000,11530000,4345067000,15411000,-55029000,50607000,,not_scored,,,,,,,missing_required_data,quarter_revenue_yoy_pct;guidance_revenue_millions,regex_fallback,176.2,,,,,6,6,6,6,3430,24522,Growth/earnings_8k_sec_parser/local_extractions_2024Q3/HTO/HTO_2024-07-25_000076682924000078.json,2024-07-26,62.180000,-5.9022,-5.0981,-6.4812,-7.1566,-9.2956
2024Q3,HTZ,2024-08-01,0001657853-24-000109,$2B-$10B,2047000000,196000000,24605000000,739000000,-1488000000,562000000,,not_scored,,,,,,,missing_required_data,quarter_revenue_yoy_pct;guidance_revenue_millions,regex_fallback,2400,,,,,6,6,6,6,3832,54715,Growth/earnings_8k_sec_parser/local_extractions_2024Q3/HTZ/HTZ_2024-08-01_000165785324000109.json,2024-08-02,3.670000,-7.9019,-14.9864,-18.5286,-9.8093,-24.2507
2024Q3,HUBB,2024-07-30,0001628280-24-033357,$1B-$2B,1285400000,181900000,6914000000,-91800000,-35100000,113700000,,not_scored,,,,,,,missing_required_data,quarter_revenue_yoy_pct;guidance_revenue_millions,regex_fallback,927,,,,,6,6,6,6,4305,34269,Growth/earnings_8k_sec_parser/local_extractions_2024Q3/HUBB/HUBB_2024-07-30_000162828024033357.json,2024-07-31,391.760010,-4.7197,-5.3196,2.0829,9.3399,12.3443
2024Q3,HUBS,2024-08-07,0000950170-24-092811,$500M-$1B,501620000,-36720000,3071392000,10056000,-98711000,81070000,,not_scored,,,,,,,missing_required_data,quarter_revenue_yoy_pct,regex_fallback,637.2,,,646,,6,6,6,6,3403,35739,Growth/earnings_8k_sec_parser/local_extractions_2024Q3/HUBS/HUBS_2024-08-07_000095017024092811.json,2024-08-08,490.000000,1.4816,0.6510,0.9204,6.5490,21.9980
2024Q3,HURC,2024-09-06,0001558370-24-012638,$100M-$500M,108501000,1707000,290589000,-6686000,-1132000,-7035000,,not_scored,,,,,,,missing_required_data,quarter_revenue_millions;quarter_revenue_yoy_pct;guidance_revenue_millions,regex_fallback,,,,,,3,0,6,6,3192,22267,Growth/earnings_8k_sec_parser/local_extractions_2024Q3/HURC/HURC_2024-09-06_000155837024012638.json,2024-09-09,17.250000,8.6377,22.1449,27.6522,28.5217,25.3913
2024Q3,HVT,2024-07-31,0000216085-24-000016,$100M-$500M,224754000,12372000,654133000,-7316000,-6642000,11074000,,not_scored,,,,,,,missing_required_data,quarter_revenue_millions;quarter_revenue_yoy_pct;guidance_revenue_millions,regex_fallback,,,,,,6,6,6,6,3225,15604,Growth/earnings_8k_sec_parser/local_extractions_2024Q3/HVT/HVT_2024-07-31_000021608524000016.json,2024-08-01,28.620001,-0.2446,-0.1398,-6.3243,-4.0182,-16.3522
2024Q3,HWKN,2024-07-31,0000046250-24-000020,$500M-$1B,774541000,51542000,590535000,7417000,-49756000,42837000,,not_scored,,,,,,,missing_required_data,quarter_revenue_yoy_pct;guidance_revenue_millions,regex_fallback,256,,,,,6,2,6,6,2946,17967,Growth/earnings_8k_sec_parser/local_extractions_2024Q3/HWKN/HWKN_2024-07-31_000004625024000020.json,2024-08-01,113.690002,3.3952,8.5935,7.4325,12.1207,3.1665
2024Q3,HWM,2024-07-30,0001104659-24-083733,$1B-$2B,1603000000,148000000,10428000000,-214000000,-64000000,23000000,,not_scored,,,,,,,missing_required_data,quarter_revenue_yoy_pct;guidance_revenue_millions,regex_fallback,1880,,,,,6,6,6,6,3766,40866,Growth/earnings_8k_sec_parser/local_extractions_2024Q3/HWM/HWM_2024-07-30_000110465924083733.json,2024-07-31,94.379997,-1.6423,1.3244,2.4158,6.2195,6.0500
2024Q3,HY,2024-08-06,0001173514-24-000127,$500M-$1B,999300000,26600000,2079100000,-2500000,-5000000,9000000,,not_scored,,,,,,,missing_required_data,quarter_revenue_millions;quarter_revenue_yoy_pct;guidance_revenue_millions,regex_fallback,,,,,,6,6,6,6,3666,48433,Growth/earnings_8k_sec_parser/local_extractions_2024Q3/HY/HY_2024-08-06_000117351424000127.json,2024-08-07,70.099998,-14.8930,-13.2240,-18.0599,-5.0785,-23.7232
2024Q3,HZO,2024-07-25,0000950170-24-086310,$1B-$2B,1078267000,49725000,2421305000,748852000,-524246000,-250522000,,not_scored,,,,,,,missing_required_data,quarter_revenue_yoy_pct;guidance_revenue_millions,regex_fallback,757.7,,,,,6,6,6,6,3703,17952,Growth/earnings_8k_sec_parser/local_extractions_2024Q3/HZO/HZO_2024-07-25_000095017024086310.json,2024-07-26,37.500000,-19.6267,-19.2000,-13.8400,-3.4133,-22.9067
2024Q3,IAC,2024-08-06,0001800227-24-000035,$1B-$2B,1084271000,417775000,10371177000,-95975000,51974000,25167000,,not_scored,,,,,,,missing_required_data,quarter_revenue_yoy_pct;guidance_revenue_millions,regex_fallback,12,,,,,6,4,6,6,3169,40994,Growth/earnings_8k_sec_parser/local_extractions_2024Q3/IAC/IAC_2024-08-06_000180022724000035.json,2024-08-07,38.810501,9.5963,9.9767,6.3200,8.8142,7.7573
2024Q3,IART,2024-07-29,0000917520-24-000092,$100M-$500M,380846000,24226000,3781988000,-162683000,-13704000,26156000,,not_scored,,,,,,,missing_required_data,quarter_revenue_yoy_pct;guidance_revenue_millions,regex_fallback,418.2,,,,,6,6,6,6,19556,28598,Growth/earnings_8k_sec_parser/local_extractions_2024Q3/IART/IART_2024-07-29_000091752024000092.json,2024-07-30,24.700001,-11.7409,-12.7530,-16.1539,-26.4372,-21.7814
2024Q3,IBP,2024-08-01,0001580905-24-000034,$500M-$1B,659300000,49300000,1981300000,-37100000,-47600000,73800000,,not_scored,,,,,,,missing_required_data,quarter_revenue_yoy_pct;guidance_revenue_millions,regex_fallback,20,,,,,6,4,6,6,4817,39264,Growth/earnings_8k_sec_parser/local_extractions_2024Q3/IBP/IBP_2024-08-01_000158090524000034.json,2024-08-02,224.100006,-6.2963,-2.8469,-6.7916,10.1205,-3.2129
2024Q3,ICE,2024-08-01,0001104659-24-084630,$2B-$10B,2472000000,655000000,136084000000,-42351000000,2045000000,653000000,,not_scored,,,,,,,missing_required_data,quarter_revenue_yoy_pct;guidance_revenue_millions,regex_fallback,2300,,,,,6,6,6,6,3718,22505,Growth/earnings_8k_sec_parser/local_extractions_2024Q3/ICE/ICE_2024-08-01_000110465924084630.json,2024-08-02,150.000000,2.5933,5.7333,7.6267,7.4267,3.9133
2024Q3,ICFI,2024-08-01,0000950170-24-089269,$100M-$500M,483282000,16398000,2011772000,19688000,-6900000,-16831000,,not_scored,,,,,,,missing_required_data,guidance_revenue_millions,regex_fallback,512,2,,,,6,6,6,6,4390,27096,Growth/earnings_8k_sec_parser/local_extractions_2024Q3/ICFI/ICFI_2024-08-01_000095017024089269.json,2024-08-02,149.779999,3.4718,6.5496,9.1334,11.0896,12.5584
2024Q3,ICHR,2024-08-06,0001628280-24-035176,$100M-$500M,225870000,-5000,938481000,59000,-6819000,-10873000,,not_scored,,,,,,,missing_required_data,quarter_revenue_yoy_pct;guidance_revenue_millions,regex_fallback,203,,,,,6,5,6,6,4842,25631,Growth/earnings_8k_sec_parser/local_extractions_2024Q3/ICHR/ICHR_2024-08-06_000162828024035176.json,2024-08-07,30.080000,6.5160,1.2633,-9.3085,3.3577,4.7207
2024Q3,ICUI,2024-08-07,0000883984-24-000028,$500M-$1B,568649000,-9812000,4378439000,-15837000,-15183000,41245000,,not_scored,,,,,,,missing_required_data,quarter_revenue_yoy_pct;guidance_revenue_millions,regex_fallback,596.5,,,,,6,4,6,6,3077,26407,Growth/earnings_8k_sec_parser/local_extractions_2024Q3/ICUI/ICUI_2024-08-07_000088398424000028.json,2024-08-08,143.479996,8.6284,13.6744,15.3680,23.5015,24.7630
2024Q3,IDCC,2024-08-01,0001405495-24-000102,$100M-$500M,202373000,105259000,1770814000,-218136000,-14463000,-27852000,,not_scored,,,,,,,missing_required_data,quarter_revenue_yoy_pct;guidance_revenue_millions,regex_fallback,70,,,,,6,6,6,6,4042,19203,Growth/earnings_8k_sec_parser/local_extractions_2024Q3/IDCC/IDCC_2024-08-01_000140549524000102.json,2024-08-02,133.820007,3.5047,0.3662,1.1060,6.6059,12.4197
2024Q3,IDXX,2024-08-06,0001104659-24-086074,$500M-$1B,900195000,214054000,3259925000,-146081000,-39511000,183912000,,not_scored,,,,,,,missing_required_data,quarter_revenue_yoy_pct;guidance_revenue_millions,regex_fallback,3885,,,,,6,6,6,6,3743,42741,Growth/earnings_8k_sec_parser/local_extractions_2024Q3/IDXX/IDXX_2024-08-06_000110465924086074.json,2024-08-07,471.750000,5.3503,2.2915,0.1272,0.1399,-11.8219
2024Q3,IEP,2024-08-07,0001104659-24-086548,$2B-$10B,2673000000,-270000000,20858000000,1000000,-63000000,265000000,,not_scored,,,,,,,missing_required_data,quarter_revenue_yoy_pct;guidance_revenue_millions,regex_fallback,2200,,,,,5,2,6,6,3215,21038,Growth/earnings_8k_sec_parser/local_extractions_2024Q3/IEP/IEP_2024-08-07_000110465924086548.json,2024-08-08,16.139999,0.2478,-17.5341,-35.0682,-13.1970,-18.2156
2024Q3,IESC,2024-08-02,0001048268-24-000099,$1B-$2B,1143755000,52926000,889088000,-82060000,12282000,60059000,,not_scored,,,,,,,missing_required_data,quarter_revenue_yoy_pct;guidance_revenue_millions,regex_fallback,768,,,,,6,3,6,6,3445,26172,Growth/earnings_8k_sec_parser/local_extractions_2024Q3/IESC/IESC_2024-08-02_000104826824000099.json,2024-08-05,135.000000,30.5852,38.0444,18.8222,53.4815,76.5259
2024Q3,IEX,2024-08-01,0000832101-24-000042,$500M-$1B,845400000,139800000,5865200000,-45200000,-29200000,147900000,,not_scored,,,,,,,missing_required_data,quarter_revenue_yoy_pct;guidance_revenue_millions,regex_fallback,807,,,,,6,6,6,6,4029,44428,Growth/earnings_8k_sec_parser/local_extractions_2024Q3/IEX/IEX_2024-08-01_000083210124000042.json,2024-08-02,194.089996,-1.4375,2.7719,4.5340,9.5007,10.5879
2024Q3,IFF,2024-08-06,0000051253-24-000029,$2B-$10B,3027000000,-9000000,30978000000,78000000,-167000000,127000000,,not_scored,,,,,,,missing_required_data,quarter_revenue_yoy_pct;guidance_revenue_millions,regex_fallback,2890,,,,,6,6,6,6,4116,48095,Growth/earnings_8k_sec_parser/local_extractions_2024Q3/IFF/IFF_2024-08-06_000005125324000029.json,2024-08-07,99.190002,-0.2823,1.6433,3.8512,1.6131,-0.0907
2024Q3,IIIV,2024-08-08,0001728688-24-000081,$100M-$500M,179901000,-204000,883026000,83814000,-111130000,25884000,,not_scored,,,,,,,missing_required_data,quarter_revenue_yoy_pct;guidance_revenue_millions,regex_fallback,56,,,,,6,6,6,6,5770,61906,Growth/earnings_8k_sec_parser/local_extractions_2024Q3/IIIV/IIIV_2024-08-08_000172868824000081.json,2024-08-09,22.860001,-6.5179,-2.4934,-7.0429,0.7437,10.3237
2024Q3,ILMN,2024-08-06,0001110803-24-000042,$1B-$2B,1087000000,3000000,10111000000,-473000000,-56000000,10000000,,not_scored,,,,,,,missing_required_data,quarter_revenue_yoy_pct;guidance_revenue_millions,regex_fallback,1090,,,,,6,6,6,6,3744,35021,Growth/earnings_8k_sec_parser/local_extractions_2024Q3/ILMN/ILMN_2024-08-06_000111080324000042.json,2024-08-07,119.809998,13.4296,9.2563,3.8227,17.4026,29.3381
2024Q3,INSW,2024-08-07,0001104659-24-086541,$100M-$500M,287130000,172633000,2571530000,-217792000,-72225000,220822000,,not_scored,,,,,,,missing_required_data,quarter_revenue_yoy_pct;guidance_revenue_millions,regex_fallback,257.4,,,,,6,5,6,2,4577,30064,Growth/earnings_8k_sec_parser/local_extractions_2024Q3/INSW/INSW_2024-08-07_000110465924086541.json,2024-08-08,49.130001,2.6867,2.8903,0.5496,10.1771,-8.7523
2024Q3,INTA,2024-08-13,0000950170-24-096209,$100M-$500M,256254000,-57955000,628907000,-10327000,-6430000,16834000,,not_scored,,,,,,,missing_required_data,quarter_revenue_yoy_pct;guidance_revenue_millions,regex_fallback,85,,,,,6,6,6,6,3503,25405,Growth/earnings_8k_sec_parser/local_extractions_2024Q3/INTA/INTA_2024-08-13_000095017024096209.json,2024-08-14,38.000000,16.1842,16.7895,18.0000,27.7895,55.7105
2024Q3,IONS,2024-08-01,0001140361-24-035233,$100M-$500M,130524000,-124323000,2990072000,492087000,-325640000,-133992000,,not_scored,,,,,,,missing_required_data,quarter_revenue_yoy_pct;guidance_revenue_millions,regex_fallback,16,,,,,2,4,6,6,3999,21161,Growth/earnings_8k_sec_parser/local_extractions_2024Q3/IONS/IONS_2024-08-01_000114036124035233.json,2024-08-02,49.439999,-4.8139,-3.8430,-4.3082,-20.9749,-22.3503
2024Q3,IOSP,2024-08-07,0001193125-24-195351,$500M-$1B,509600000,33200000,1707400000,400000,-22000000,21800000,,not_scored,,,,,,,missing_required_data,quarter_revenue_yoy_pct;guidance_revenue_millions,regex_fallback,435,,,,,6,5,6,6,2910,17913,Growth/earnings_8k_sec_parser/local_extractions_2024Q3/IOSP/IOSP_2024-08-07_000119312524195351.json,2024-08-08,107.930000,2.4182,4.5770,-1.4824,2.9371,15.7232
2024Q3,IP,2024-07-24,0000051434-24-000047,$2B-$10B,5020000000,172000000,23261000000,-108000000,-339000000,345000000,,not_scored,,,,,,,missing_required_data,quarter_revenue_yoy_pct;guidance_revenue_millions,regex_fallback,18900,,,,,6,6,6,6,3892,33452,Growth/earnings_8k_sec_parser/local_extractions_2024Q3/IP/IP_2024-07-24_000005143424000047.json,2024-07-25,44.650002,-0.4927,3.2923,8.9810,8.5106,9.8544
2024Q3,IPAR,2024-07-22,0001753926-24-001261,$500M-$1B,879500000,54068000,1369329000,-12555000,61644000,-7358000,,not_scored,,,,,,,missing_required_data,quarter_revenue_yoy_pct;guidance_revenue_millions,regex_fallback,342,,,,,6,3,6,1,4032,17722,Growth/earnings_8k_sec_parser/local_extractions_2024Q3/IPAR/IPAR_2024-07-22_000175392624001261.json,2024-07-23,144.449997,-6.4728,-12.2672,-15.1679,-16.3309,-17.4109
2024Q3,IPGP,2024-07-30,0001111928-24-000120,$100M-$500M,347174000,60135000,2698898000,-117236000,-96018000,37280000,,not_scored,,,,,,,missing_required_data,quarter_revenue_yoy_pct;guidance_revenue_millions,regex_fallback,258,,,,,6,6,6,6,3490,14608,Growth/earnings_8k_sec_parser/local_extractions_2024Q3/IPGP/IPGP_2024-07-30_000111192824000120.json,2024-07-31,81.000000,-18.8889,-13.7161,-15.5926,-8.2469,5.0000
2024Q3,IQV,2024-07-22,0001478242-24-000090,$2B-$10B,3652000000,289000000,26681000000,87000000,-222000000,417000000,,not_scored,,,,,,,missing_required_data,quarter_revenue_yoy_pct;guidance_revenue_millions,regex_fallback,3814,,,,,6,6,6,4,3636,23298,Growth/earnings_8k_sec_parser/local_extractions_2024Q3/IQV/IQV_2024-07-22_000147824224000090.json,2024-07-23,242.000000,-0.0909,-4.3554,1.2231,-0.5248,-4.4669
2024Q3,IR,2024-07-31,0001628280-24-033773,$1B-$2B,1629300000,161100000,15563500000,-89300000,-581500000,170300000,,not_scored,,,,,,,missing_required_data,quarter_revenue_yoy_pct;guidance_revenue_millions,regex_fallback,1805,,,,,6,6,6,6,3507,33845,Growth/earnings_8k_sec_parser/local_extractions_2024Q3/IR/IR_2024-07-31_000162828024033773.json,2024-08-01,92.000000,-4.0652,-0.9130,-3.9891,6.6957,5.7391
2024Q3,IRDM,2024-07-23,0001418819-24-000035,$100M-$500M,205273000,9775000,2661775000,-77961000,-32905000,68942000,,not_scored,,,,,,,missing_required_data,quarter_revenue_yoy_pct;guidance_revenue_millions,regex_fallback,201.1,,,,,6,6,6,6,3336,24428,Growth/earnings_8k_sec_parser/local_extractions_2024Q3/IRDM/IRDM_2024-07-23_000141881924000035.json,2024-07-24,27.910000,-2.9380,-3.7979,-4.9445,5.6611,3.5113
2024Q3,IRM,2024-08-01,0001020569-24-000208,$1B-$2B,1314349000,65535000,17473802000,149901000,-272543000,128808000,,not_scored,,,,,,,missing_required_data,quarter_revenue_yoy_pct;guidance_revenue_millions,regex_fallback,1500,,,,,6,6,6,6,3872,41072,Growth/earnings_8k_sec_parser/local_extractions_2024Q3/IRM/IRM_2024-08-01_000102056924000208.json,2024-08-02,109.540001,-0.7942,2.9578,3.0035,7.9423,12.9542
2024Q3,IRT,2024-07-31,0001466085-24-000090,$100M-$500M,161374000,8648000,6280175000,-36574000,-19521000,46911000,,not_scored,,,,,,,missing_required_data,quarter_revenue_yoy_pct;guidance_revenue_millions,regex_fallback,28.5,,,,,6,6,6,6,4210,106021,Growth/earnings_8k_sec_parser/local_extractions_2024Q3/IRT/IRT_2024-07-31_000146608524000090.json,2024-08-01,18.600000,5.0000,6.1290,11.1828,10.2151,6.2366
2024Q3,IRTC,2024-08-01,0001388658-24-000140,$100M-$500M,111436000,-39109000,433144000,905000,3820000,-30753000,,not_scored,,,,,,,missing_required_data,quarter_revenue_yoy_pct;guidance_revenue_millions,regex_fallback,148,,,,,4,6,6,6,10828,16887,Growth/earnings_8k_sec_parser/local_extractions_2024Q3/IRTC/IRTC_2024-08-01_000138865824000140.json,2024-08-02,75.190002,-14.0311,-7.1153,-9.5624,-4.8012,-3.6574
2024Q3,IRWD,2024-08-08,0001104659-24-086992,$100M-$500M,104061000,45714000,471073000,3981000,-13000,80171000,,not_scored,,,,,,,missing_required_data,quarter_revenue_yoy_pct;guidance_revenue_millions,regex_fallback,30,,,,,6,6,6,6,3479,42560,Growth/earnings_8k_sec_parser/local_extractions_2024Q3/IRWD/IRWD_2024-08-08_000110465924086992.json,2024-08-09,4.130000,15.2542,23.7288,-3.6320,0.4843,12.8329
2024Q3,ISRG,2024-07-18,0001035267-24-000203,$1B-$2B,1696200000,355300000,15441500000,-381200000,573100000,371400000,,not_scored,,,,,,,missing_required_data,quarter_revenue_yoy_pct;guidance_revenue_millions,regex_fallback,2010,,,,,6,3,6,6,3195,25486,Growth/earnings_8k_sec_parser/local_extractions_2024Q3/ISRG/ISRG_2024-07-18_000103526724000203.json,2024-07-19,449.429993,-1.2838,3.1551,7.2826,7.5407,5.4069
2024Q3,IT,2024-07-30,0000749251-24-000033,$1B-$2B,1408869000,295783000,7835919000,-101292000,137611000,164679000,,not_scored,,,,,,,missing_required_data,quarter_revenue_yoy_pct;guidance_revenue_millions,regex_fallback,1600,,,,,6,2,6,6,5329,16179,Growth/earnings_8k_sec_parser/local_extractions_2024Q3/IT/IT_2024-07-30_000074925124000033.json,2024-07-31,499.109985,-4.7104,-3.0554,-1.4325,1.5327,3.8348
2024Q3,ITW,2024-07-30,0000049826-24-000034,$2B-$10B,4019000000,714000000,15518000000,-185000000,-111000000,728000000,,not_scored,,,,,,,missing_required_data,quarter_revenue_yoy_pct;guidance_revenue_millions,regex_fallback,4000,,,,,6,6,6,5,6897,17463,Growth/earnings_8k_sec_parser/local_extractions_2024Q3/ITW/ITW_2024-07-30_000004982624000034.json,2024-07-31,249.240005,-5.0634,-2.3511,1.5808,5.1476,2.7283
2024Q3,IVZ,2024-07-23,0000914208-24-000331,$1B-$2B,1418200000,145000000,28933800000,-178500000,45500000,-98900000,,not_scored,,,,,,,missing_required_data,quarter_revenue_yoy_pct;guidance_revenue_millions,regex_fallback,8,,,,,6,4,6,6,3614,44421,Growth/earnings_8k_sec_parser/local_extractions_2024Q3/IVZ/IVZ_2024-07-23_000091420824000331.json,2024-07-24,16.959999,-11.7335,-4.1863,1.4151,1.0024,6.3679
2024Q3,J,2024-08-06,0000052988-24-000051,$2B-$10B,2847934000,352160000,14617109000,-336012000,-76675000,434339000,,not_scored,,,,,,,missing_required_data,quarter_revenue_millions;quarter_revenue_yoy_pct;guidance_revenue_millions,regex_fallback,,,,,,6,6,6,6,3656,42779,Growth/earnings_8k_sec_parser/local_extractions_2024Q3/J/J_2024-08-06_000005298824000051.json,2024-08-07,116.570305,5.0522,6.4216,0.6954,17.1859,20.3455
2024Q3,JACK,2024-08-06,0000807882-24-000030,$500M-$1B,922840000,53254000,3001092000,-117042000,9730000,94108000,,not_scored,,,,,,,missing_required_data,quarter_revenue_millions;quarter_revenue_yoy_pct;guidance_revenue_millions,regex_fallback,,,,,,6,6,6,6,2925,37139,Growth/earnings_8k_sec_parser/local_extractions_2024Q3/JACK/JACK_2024-08-06_000080788224000030.json,2024-08-07,52.009998,-0.3461,-2.2111,-11.8631,-15.8623,-0.9421
2024Q3,JAZZ,2024-07-31,0001232524-24-000065,$500M-$1B,892812000,69420000,11393359000,-29788000,-4822000,320708000,,not_scored,,,,,,,missing_required_data,quarter_revenue_yoy_pct;guidance_revenue_millions,regex_fallback,1000,,,,,6,6,6,6,3665,43772,Growth/earnings_8k_sec_parser/local_extractions_2024Q3/JAZZ/JAZZ_2024-07-31_000123252424000065.json,2024-08-01,113.150002,-4.4012,1.0694,-3.3849,-1.5378,0.0265
2024Q3,JBGS,2024-07-30,0001558370-24-010380,$100M-$500M,152962000,21171000,5518515000,31860000,-26673000,42632000,,not_scored,,,,,,,missing_required_data,quarter_revenue_yoy_pct;guidance_revenue_millions,regex_fallback,17.4,,,,,6,6,6,6,3637,187295,Growth/earnings_8k_sec_parser/local_extractions_2024Q3/JBGS/JBGS_2024-07-30_000155837024010380.json,2024-07-31,16.799999,-2.6786,1.7857,3.5714,4.0476,6.6071
2024Q3,JBI,2024-08-07,0001839839-24-000181,$100M-$500M,251900000,26000000,1350000000,-52100000,-7100000,50200000,,not_scored,,,,,,,missing_required_data,quarter_revenue_yoy_pct;guidance_revenue_millions,regex_fallback,27.6,,,,,6,6,6,6,5051,52795,Growth/earnings_8k_sec_parser/local_extractions_2024Q3/JBI/JBI_2024-08-07_000183983924000181.json,2024-08-08,11.260000,-4.7069,-3.7300,-8.7922,-12.8774,-30.7282
2024Q3,JBLU,2024-07-30,0001158463-24-000018,$2B-$10B,2328000000,-192000000,13853000000,-74000000,-40000000,405000000,,not_scored,,,,,,,missing_required_data,quarter_revenue_yoy_pct;guidance_revenue_millions,regex_fallback,2400,,,,,6,6,6,6,4143,74405,Growth/earnings_8k_sec_parser/local_extractions_2024Q3/JBLU/JBLU_2024-07-30_000115846324000018.json,2024-07-31,6.600000,-27.2727,-27.7273,-23.0303,-0.6061,-8.0303
2024Q3,JBSS,2024-08-20,0000950170-24-099109,$500M-$1B,765464000,15545000,445060000,-53297000,-19142000,72389000,,not_scored,,,,,,,missing_required_data,quarter_revenue_yoy_pct;guidance_revenue_millions,regex_fallback,35.4,,,,,6,3,6,6,3129,18171,Growth/earnings_8k_sec_parser/local_extractions_2024Q3/JBSS/JBSS_2024-08-20_000095017024099109.json,2024-08-21,99.930000,-5.3037,-7.3151,-4.4131,-5.9241,-18.0726
2024Q3,JBTM,2024-07-30,0001433660-24-000026,$100M-$500M,388500000,27200000,2710400000,-30000000,-27000000,39100000,,not_scored,,,,,,,missing_required_data,quarter_revenue_yoy_pct;guidance_revenue_millions,regex_fallback,402,,,,,6,6,6,6,3405,30333,Growth/earnings_8k_sec_parser/local_extractions_2024Q3/JBTM/JBTM_2024-07-30_000143366024000026.json,2024-07-31,95.139999,-7.0423,-6.8636,-5.5707,3.5422,20.6538
2024Q3,JELD,2024-08-05,0001674335-24-000151,$1B-$2B,1080522000,15134000,2980125000,-99000,-19032000,-656000,,not_scored,,,,,,,missing_required_data,quarter_revenue_yoy_pct;guidance_revenue_millions,regex_fallback,986,,,,,6,4,6,6,4032,40511,Growth/earnings_8k_sec_parser/local_extractions_2024Q3/JELD/JELD_2024-08-05_000167433524000151.json,2024-08-06,14.460000,-2.6279,1.3140,-6.9848,10.2351,-2.2822
2024Q3,JILL,2024-09-04,0000950170-24-103092,$100M-$500M,150246000,4596000,428180000,-64096000,-2925000,7859000,,not_scored,,,,,,,missing_required_data,quarter_revenue_yoy_pct;guidance_revenue_millions,regex_fallback,155.2,,,,,6,6,6,6,3440,39094,Growth/earnings_8k_sec_parser/local_extractions_2024Q3/JILL/JILL_2024-09-04_000095017024103092.json,2024-09-05,26.549999,-3.5028,-9.0772,-9.2655,-9.7552,7.5330
2024Q3,JKHY,2024-08-12,0000779152-24-000072,$1B-$2B,1543069000,268873000,2773826000,126295000,-355561000,207031000,,not_scored,,,,,,,missing_required_data,quarter_revenue_yoy_pct;guidance_revenue_millions,regex_fallback,6.7,,,,,0,1,6,2,2881,3478,Growth/earnings_8k_sec_parser/local_extractions_2024Q3/JKHY/JKHY_2024-08-12_000077915224000072.json,2024-08-13,163.179993,0.8886,7.2926,7.5745,12.9366,8.5059
2024Q3,JRVR,2024-08-05,0001620459-24-000107,$100M-$500M,191734000,9608000,5317250000,-8805000,17126000,19452000,,not_scored,,,,,,,missing_required_data,quarter_revenue_millions;quarter_revenue_yoy_pct;guidance_revenue_millions,regex_fallback,,,,,,6,2,6,6,3739,36435,Growth/earnings_8k_sec_parser/local_extractions_2024Q3/JRVR/JRVR_2024-08-05_000162045924000107.json,2024-08-06,7.370000,3.5278,-0.1357,-5.8345,-13.9756,-17.7748
2024Q3,KAI,2024-07-30,0000886346-24-000129,$100M-$500M,229758000,28075000,1175665000,-27757000,-4467000,36866000,,not_scored,,,,,,,missing_required_data,guidance_revenue_millions,regex_fallback,275,12,,,,6,6,6,6,3998,38390,Growth/earnings_8k_sec_parser/local_extractions_2024Q3/KAI/KAI_2024-07-30_000088634624000129.json,2024-07-31,355.000000,-18.2254,-13.9972,-9.5408,-4.7887,-9.7042
2024Q3,KALU,2024-07-24,0000950170-24-086093,$500M-$1B,807600000,15900000,2267400000,25000000,-25900000,-20300000,,not_scored,,,,,,,missing_required_data,quarter_revenue_yoy_pct;guidance_revenue_millions,regex_fallback,773,,,,,6,6,6,6,3493,21626,Growth/earnings_8k_sec_parser/local_extractions_2024Q3/KALU/KALU_2024-07-24_000095017024086093.json,2024-07-25,85.000000,-18.6941,-20.0235,-12.6353,-16.9059,-20.5294
2024Q3,KBH,2024-09-24,0000795266-24-000109,$1B-$2B,1384314000,125500000,6648362000,-146327000,-16961000,93917000,,not_scored,,,,,,,missing_required_data,guidance_revenue_millions,regex_fallback,1750,10,,,,6,5,6,6,3698,25259,Growth/earnings_8k_sec_parser/local_extractions_2024Q3/KBH/KBH_2024-09-24_000079526624000109.json,2024-09-25,83.199997,-3.8822,-0.9135,-6.1899,2.1995,-20.1923
2024Q3,KDP,2024-07-25,0001418135-24-000072,$2B-$10B,3353000000,467000000,52130000000,-303000000,-105000000,71000000,,not_scored,,,,,,,missing_required_data,quarter_revenue_yoy_pct;guidance_revenue_millions,regex_fallback,15000,,,,,6,6,6,6,3435,35037,Growth/earnings_8k_sec_parser/local_extractions_2024Q3/KDP/KDP_2024-07-25_000141813524000072.json,2024-07-26,33.200001,3.3132,6.4157,8.8253,13.9458,5.2410
2024Q3,KE,2024-08-14,0001606757-24-000022,$1B-$2B,1327288000,36629000,1259719000,107148000,-66497000,-57885000,,not_scored,,,,,,,missing_required_data,quarter_revenue_yoy_pct;guidance_revenue_millions,regex_fallback,430.2,,,,,6,5,6,6,3427,17054,Growth/earnings_8k_sec_parser/local_extractions_2024Q3/KE/KE_2024-08-14_000160675724000022.json,2024-08-15,18.100000,0.0552,-0.5525,-0.6630,-1.7127,7.9558
2024Q3,KELYA,2024-08-08,0000055135-24-000029,$1B-$2B,1268300000,10900000,2581600000,-24800000,-2200000,-13500000,,not_scored,,,,,,,missing_required_data,quarter_revenue_yoy_pct;guidance_revenue_millions,regex_fallback,1060,,,,,6,2,6,6,3568,30065,Growth/earnings_8k_sec_parser/local_extractions_2024Q3/KELYA/KELYA_2024-08-08_000005513524000029.json,2024-08-09,19.459999,6.4234,8.3248,3.6999,4.7276,-6.7831
2024Q3,KEQU,2024-09-11,0000055529-24-000027,$100M-$500M,219494000,738000,118898000,14931000,-4148000,-3790000,,not_scored,,,,,,,missing_required_data,quarter_revenue_millions;quarter_revenue_yoy_pct;guidance_revenue_millions,regex_fallback,,,,,,6,2,6,6,3545,14801,Growth/earnings_8k_sec_parser/local_extractions_2024Q3/KEQU/KEQU_2024-09-11_000005552924000027.json,2024-09-12,38.660000,-14.2783,-17.8996,-15.0543,-2.7419,10.7863
2024Q3,KEY,2024-07-18,0001628280-24-032171,$1B-$2B,1714000000,312000000,188281000000,6515000000,-7336000000,718000000,,not_scored,,,,,,,missing_required_data,quarter_revenue_millions;quarter_revenue_yoy_pct;guidance_revenue_millions,regex_fallback,,,,,,6,4,6,6,30167,71616,Growth/earnings_8k_sec_parser/local_extractions_2024Q3/KEY/KEY_2024-07-18_000162828024032171.json,2024-07-19,15.550000,4.2444,-6.4952,7.3955,6.5595,10.9325
2024Q3,KEYS,2024-08-20,0001601046-24-000055,$2B-$10B,2771000000,543000000,8683000000,-140000000,-205000000,789000000,,not_scored,,,,,,,missing_required_data,quarter_revenue_yoy_pct,regex_fallback,1220,,,1245,,6,6,6,6,5790,22318,Growth/earnings_8k_sec_parser/local_extractions_2024Q3/KEYS/KEYS_2024-08-20_000160104624000055.json,2024-08-21,156.550003,-5.4296,-5.8576,-2.6381,0.8112,-2.8234
2024Q3,KFRC,2024-07-29,0000930420-24-000155,$100M-$500M,405997000,16210000,357979000,-21443000,2437000,19056000,,not_scored,,,,,,,missing_required_data,quarter_revenue_yoy_pct;guidance_revenue_millions,regex_fallback,356.3,,,,,6,3,6,6,3969,17571,Growth/earnings_8k_sec_parser/local_extractions_2024Q3/KFRC/KFRC_2024-07-29_000093042024000155.json,2024-07-30,67.349998,-6.6518,-3.9792,-3.0141,-8.7602,-17.3274
2024Q3,KFY,2024-09-05,0001628280-24-039473,$2B-$10B,2643455000,326360000,3574444000,-137444000,-184332000,501658000,,not_scored,,,,,,,missing_required_data,quarter_revenue_yoy_pct,regex_fallback,674.9,,,655,,6,6,6,6,3950,30118,Growth/earnings_8k_sec_parser/local_extractions_2024Q3/KFY/KFY_2024-09-05_000162828024039473.json,2024-09-06,67.559998,6.5571,8.0521,7.3268,9.3843,6.6904
2024Q3,KGS,2024-08-13,0001767042-24-000053,$100M-$500M,190112000,-12343000,3213748000,18853000,-48574000,23290000,,not_scored,,,,,,,missing_required_data,quarter_revenue_yoy_pct;guidance_revenue_millions,regex_fallback,309.7,,,,,6,6,6,6,3505,35483,Growth/earnings_8k_sec_parser/local_extractions_2024Q3/KGS/KGS_2024-08-13_000176704224000053.json,2024-08-14,26.580000,3.1979,-2.3702,0.3386,19.6388,36.0798
2024Q3,KIM,2024-08-01,0000950170-24-088936,$100M-$500M,442892000,289763000,18274022000,-209444000,43559000,345233000,,not_scored,,,,,,,missing_required_data,quarter_revenue_yoy_pct;guidance_revenue_millions,regex_fallback,57.2,,,,,6,5,6,6,4936,28149,Growth/earnings_8k_sec_parser/local_extractions_2024Q3/KIM/KIM_2024-08-01_000095017024088936.json,2024-08-02,22.080000,-1.4946,3.3514,5.2083,4.5290,7.4275
2024Q3,KKR,2024-07-31,0001404912-24-000014,$2B-$10B,3127482000,339994000,282610589000,2072968000,-3818533000,-1932888000,,not_scored,,,,,,,missing_required_data,quarter_revenue_yoy_pct;guidance_revenue_millions,regex_fallback,8000,,,,,6,5,6,6,3707,97954,Growth/earnings_8k_sec_parser/local_extractions_2024Q3/KKR/KKR_2024-07-31_000140491224000014.json,2024-08-01,123.769997,-8.9521,-4.0478,-4.4437,5.5021,13.2585
2024Q3,KLAC,2024-07-24,0000319201-24-000018,$2B-$10B,8140919000,1025991000,14072357000,-2318968000,-408087000,2710690000,,not_scored,,,,,,,missing_required_data,quarter_revenue_yoy_pct,regex_fallback,2569,,,2750,59.9,6,6,6,6,3435,24879,Growth/earnings_8k_sec_parser/local_extractions_2024Q3/KLAC/KLAC_2024-07-24_000031920124000018.json,2024-07-25,767.539978,-8.3461,3.4331,4.0949,-0.8169,-13.4078
2024Q3,KLIC,2024-08-07,0000056978-24-000098,$100M-$500M,349254000,14589000,1499777000,-72911000,-186197000,86936000,,not_scored,,,,,,,missing_required_data,quarter_revenue_yoy_pct;guidance_revenue_millions,regex_fallback,181.7,,,,,6,6,6,6,3942,18371,Growth/earnings_8k_sec_parser/local_extractions_2024Q3/KLIC/KLIC_2024-08-07_000005697824000098.json,2024-08-08,42.430000,3.5588,-0.4714,-8.7202,5.9628,16.3328
2024Q3,KLXE,2024-07-16,0001738827-24-000059,$100M-$500M,239600000,9400000,539800000,-5600000,-3600000,-8600000,,not_scored,,,,,,,missing_required_data,quarter_revenue_yoy_pct;guidance_revenue_millions,regex_fallback,178,,,,,6,4,6,6,3696,16842,Growth/earnings_8k_sec_parser/local_extractions_2024Q3/KLXE/KLXE_2024-07-16_000173882724000059.json,2024-07-17,5.540000,16.4260,3.9711,26.1733,-10.1083,-6.1372
2024Q3,KMI,2024-07-17,0001506307-24-000051,$2B-$10B,3888000000,679000000,71020000000,-1181000000,-508000000,1333000000,,not_scored,,,,,,,missing_required_data,quarter_revenue_millions;quarter_revenue_yoy_pct;guidance_revenue_millions,regex_fallback,,,,,,6,6,6,6,3426,47484,Growth/earnings_8k_sec_parser/local_extractions_2024Q3/KMI/KMI_2024-07-17_000150630724000051.json,2024-07-18,20.500000,3.8537,1.4634,4.1951,4.7317,21.6098
2024Q3,KMT,2024-08-07,0000055242-24-000050,$1B-$2B,1527949000,82032000,2547234000,-50013000,-66214000,126182000,,not_scored,,,,,,,missing_required_data,quarter_revenue_yoy_pct,regex_fallback,129,,,500,,6,6,6,6,3635,27730,Growth/earnings_8k_sec_parser/local_extractions_2024Q3/KMT/KMT_2024-08-07_000005524224000050.json,2024-08-08,24.510000,3.0192,4.8960,-0.5304,2.7744,27.4174
2024Q3,KN,2024-07-31,0001587523-24-000070,$100M-$500M,144300000,-5200000,1462800000,-14300000,-3900000,21900000,,not_scored,,,,,,,missing_required_data,quarter_revenue_yoy_pct;guidance_revenue_millions,regex_fallback,220,,,,,6,6,6,6,5546,47814,Growth/earnings_8k_sec_parser/local_extractions_2024Q3/KN/KN_2024-07-31_000158752324000070.json,2024-08-01,18.270000,-7.4986,-1.6968,-4.8166,-1.3136,-4.1598
2024Q3,KNF,2024-08-06,0001955520-24-000037,$100M-$500M,307900000,-41320000,2326769000,117161000,-40754000,-79279000,,not_scored,,,,,,,missing_required_data,quarter_revenue_yoy_pct;guidance_revenue_millions,regex_fallback,2800,,,,,6,6,6,6,2882,35243,Growth/earnings_8k_sec_parser/local_extractions_2024Q3/KNF/KNF_2024-08-06_000195552024000037.json,2024-08-07,73.639999,2.3628,4.6171,1.2086,19.3373,24.4704
2024Q3,KNTK,2024-08-07,0001692787-24-000041,$100M-$500M,281040000,187487000,6496873000,122467000,-246468000,119591000,,not_scored,,,,,,,missing_required_data,quarter_revenue_yoy_pct;guidance_revenue_millions,regex_fallback,54.7,,,,,6,6,6,5,3419,25855,Growth/earnings_8k_sec_parser/local_extractions_2024Q3/KNTK/KNTK_2024-08-07_000169278724000041.json,2024-08-08,40.130001,9.1204,5.9556,8.6718,20.8821,30.7750
2024Q3,KOP,2024-08-08,0000950170-24-093360,$500M-$1B,513400000,25500000,1835500000,56800000,-28500000,-15300000,,not_scored,,,,,,,missing_required_data,quarter_revenue_yoy_pct;guidance_revenue_millions,regex_fallback,563.2,,,,,6,6,6,6,2734,23854,Growth/earnings_8k_sec_parser/local_extractions_2024Q3/KOP/KOP_2024-08-08_000095017024093360.json,2024-08-09,35.279999,6.5760,10.4875,2.1259,2.9195,7.7948
2024Q3,KOS,2024-08-05,0001509991-24-000069,$100M-$500M,394240000,83309000,4698145000,-19475000,-239356000,203853000,,not_scored,,,,,,,missing_required_data,quarter_revenue_yoy_pct;guidance_revenue_millions,regex_fallback,451,,,,,6,6,6,6,3748,28737,Growth/earnings_8k_sec_parser/local_extractions_2024Q3/KOS/KOS_2024-08-05_000150999124000069.json,2024-08-06,4.700000,3.4043,4.6809,-7.0213,-4.4681,-22.9787
2024Q3,KRG,2024-07-30,0001286043-24-000083,$100M-$500M,206750000,5391000,6944078000,-91364000,-41514000,63603000,,not_scored,,,,,,,missing_required_data,quarter_revenue_millions;quarter_revenue_yoy_pct;guidance_revenue_millions,regex_fallback,,,,,,6,6,6,6,3744,96469,Growth/earnings_8k_sec_parser/local_extractions_2024Q3/KRG/KRG_2024-07-30_000128604324000083.json,2024-07-31,24.340000,-0.8628,3.4922,7.1487,9.1208,5.7518
2024Q3,KRO,2024-07-17,0001257640-24-000031,$100M-$500M,426300000,-15200000,1838000000,-23500000,-58600000,-109800000,,not_scored,,,,,,,missing_required_data,quarter_revenue_millions;quarter_revenue_yoy_pct;guidance_revenue_millions,regex_fallback,,,,,,1,3,6,2,23057,9167,Growth/earnings_8k_sec_parser/local_extractions_2024Q3/KRO/KRO_2024-07-17_000125764024000031.json,2024-07-18,10.940000,10.1463,-6.8556,4.4790,2.6508,12.7057
2024Q3,KSS,2024-08-28,0001193125-24-208232,$2B-$10B,3571000000,14000000,14710000000,429000000,-94000000,-202000000,,not_scored,,,,,,,missing_required_data,quarter_revenue_millions;quarter_revenue_yoy_pct;guidance_revenue_millions,regex_fallback,,,,,,6,5,6,6,5835,13446,Growth/earnings_8k_sec_parser/local_extractions_2024Q3/KSS/KSS_2024-08-28_000119312524208232.json,2024-08-29,19.360001,2.6343,-2.0145,8.9876,-1.6012,-23.8120
2024Q3,KTB,2024-08-01,0001760965-24-000042,$500M-$1B,667123000,66296000,1643570000,17016000,-11797000,-12622000,,not_scored,,,,,,,missing_required_data,quarter_revenue_yoy_pct;guidance_revenue_millions,regex_fallback,607,,,,,6,6,6,6,2991,42172,Growth/earnings_8k_sec_parser/local_extractions_2024Q3/KTB/KTB_2024-08-01_000176096524000042.json,2024-08-02,68.459999,2.0158,4.1484,7.1867,18.9600,25.0803
2024Q3,KTOS,2024-08-07,0001069258-24-000049,$100M-$500M,231800000,-7000000,1632500000,-1400000,-7700000,-25700000,,not_scored,,,,,,,missing_required_data,quarter_revenue_yoy_pct;guidance_revenue_millions,regex_fallback,300.1,,,,,6,6,6,6,2765,42468,Growth/earnings_8k_sec_parser/local_extractions_2024Q3/KTOS/KTOS_2024-08-07_000106925824000049.json,2024-08-08,19.059999,12.1721,18.1532,12.0672,30.0630,27.3347
2024Q3,KVUE,2024-08-06,0001944048-24-000136,$2B-$10B,3852000000,469000000,27851000000,7388000000,-41000000,802000000,,not_scored,,,,,,,missing_required_data,quarter_revenue_yoy_pct;guidance_revenue_millions,regex_fallback,4000,,,,,6,6,6,6,3381,32617,Growth/earnings_8k_sec_parser/local_extractions_2024Q3/KVUE/KVUE_2024-08-06_000194404824000136.json,2024-08-07,20.690001,4.5916,5.9449,10.4882,6.2832,12.2765
2024Q3,KW,2024-08-07,0001408100-24-000106,$100M-$500M,132200000,-28700000,7712100000,-61000000,36900000,-67000000,,not_scored,,,,,,,missing_required_data,quarter_revenue_yoy_pct;guidance_revenue_millions,regex_fallback,19,,,,,6,6,6,6,3690,108720,Growth/earnings_8k_sec_parser/local_extractions_2024Q3/KW/KW_2024-08-07_000140810024000106.json,2024-08-08,10.880000,-3.3088,2.5735,-0.5515,-0.5515,6.7096
2024Q3,KWR,2024-08-05,0000081362-24-000117,$500M-$1B,500148000,29534000,2714211000,-24866000,-6161000,37782000,,not_scored,,,,,,,missing_required_data,quarter_revenue_yoy_pct;guidance_revenue_millions,regex_fallback,463.6,,,,,6,4,6,6,3174,53324,Growth/earnings_8k_sec_parser/local_extractions_2024Q3/KWR/KWR_2024-08-05_000008136224000117.json,2024-08-06,156.720001,3.0436,7.3188,5.4939,2.6927,2.2524
2024Q3,L,2024-07-29,0000060086-24-000147,$2B-$10B,3783000000,375000000,79197000000,-524000000,-134000000,719000000,,not_scored,,,,,,,missing_required_data,quarter_revenue_millions;quarter_revenue_yoy_pct;guidance_revenue_millions,regex_fallback,,,,,,6,4,6,6,6109,39498,Growth/earnings_8k_sec_parser/local_extractions_2024Q3/L/L_2024-07-29_000006008624000147.json,2024-07-30,79.279999,-1.7659,0.1135,3.0272,-0.2901,1.6902
2024Q3,LAUR,2024-08-01,0001628280-24-033876,$100M-$500M,251255000,-26607000,2125616000,21144000,-5579000,26469000,,not_scored,,,,,,,missing_required_data,guidance_revenue_millions,regex_fallback,499.2,8,,,,6,6,6,6,4037,56270,Growth/earnings_8k_sec_parser/local_extractions_2024Q3/LAUR/LAUR_2024-08-01_000162828024033876.json,2024-08-02,14.610000,-0.5476,2.6010,2.8747,11.1567,17.5907
2024Q3,LBRDA,2024-08-08,0001611983-24-000030,$100M-$500M,246000000,69000000,15641000000,-235000000,-12000000,41000000,,not_scored,,,,,,,missing_required_data,quarter_revenue_yoy_pct;guidance_revenue_millions,regex_fallback,246,,,,,6,1,6,6,3802,21172,Growth/earnings_8k_sec_parser/local_extractions_2024Q3/LBRDA/LBRDA_2024-08-08_000161198324000030.json,2024-08-09,59.962513,-3.7355,-3.2041,-8.3464,21.6005,49.8750
2024Q3,LBRDK,2024-08-08,0001611983-24-000030,$100M-$500M,246000000,69000000,15641000000,-235000000,-12000000,41000000,,not_scored,,,,,,,missing_required_data,quarter_revenue_yoy_pct;guidance_revenue_millions,regex_fallback,246,,,,,6,1,6,6,3802,21172,Growth/earnings_8k_sec_parser/local_extractions_2024Q3/LBRDK/LBRDK_2024-08-08_000161198324000030.json,2024-08-09,60.683521,-3.0705,-2.6385,-7.7457,20.8764,49.6374
2024Q3,LBTYA,2024-07-25,0001570585-24-000240,$1B-$2B,1868400000,-721400000,42087900000,813800000,-1423200000,307800000,,not_scored,,,,,,,missing_required_data,quarter_revenue_millions;quarter_revenue_yoy_pct;guidance_revenue_millions,regex_fallback,,,,,,6,6,6,6,4513,60428,Growth/earnings_8k_sec_parser/local_extractions_2024Q3/LBTYA/LBTYA_2024-07-25_000157058524000240.json,2024-07-26,9.726945,-2.9131,-0.9534,2.5424,12.4470,9.4280
2024Q3,LBTYK,2024-07-25,0001570585-24-000240,$1B-$2B,1868400000,-721400000,42087900000,813800000,-1423200000,307800000,,not_scored,,,,,,,missing_required_data,quarter_revenue_millions;quarter_revenue_yoy_pct;guidance_revenue_millions,regex_fallback,,,,,,6,6,6,6,4513,60428,Growth/earnings_8k_sec_parser/local_extractions_2024Q3/LBTYK/LBTYK_2024-07-25_000157058524000240.json,2024-07-26,10.172775,-2.8307,-0.7205,2.7792,11.7344,9.3670
2024Q3,LC,2024-07-30,0001409970-24-000036,$500M-$1B,694812000,13666000,8827463000,781777000,-336414000,114492000,,not_scored,,,,,,,missing_required_data,quarter_revenue_yoy_pct;guidance_revenue_millions,regex_fallback,187.2,,,,,6,5,6,6,3389,30157,Growth/earnings_8k_sec_parser/local_extractions_2024Q3/LC/LC_2024-07-30_000140997024000036.json,2024-07-31,11.650000,-12.1888,-3.2618,4.2918,-1.8884,21.4592
2024Q3,LCID,2024-07-08,0001104659-24-078210,$100M-$500M,149432000,-779528000,8512718000,-5745000,-28716000,-801264000,,not_scored,,,,,,,missing_required_data,quarter_revenue_millions;quarter_revenue_yoy_pct;guidance_revenue_millions,regex_fallback,,,,,,2,3,6,0,3340,5646,Growth/earnings_8k_sec_parser/local_extractions_2024Q3/LCID/LCID_2024-07-08_000110465924078210.json,2024-07-09,31.000000,12.9032,11.6129,1.6129,11.6129,10.3226
2024Q3,LCII,2024-08-06,0000763744-24-000105,$500M-$1B,973310000,7259000,2959319000,-76824000,-21449000,74676000,,not_scored,,,,,,,missing_required_data,quarter_revenue_yoy_pct;guidance_revenue_millions,regex_fallback,1100,,,,,6,0,6,6,3521,23959,Growth/earnings_8k_sec_parser/local_extractions_2024Q3/LCII/LCII_2024-08-06_000076374424000105.json,2024-08-07,113.379997,0.2558,5.3713,-1.5082,3.1046,1.5876
2024Q3,LCUT,2024-08-08,0001628280-24-035885,$100M-$500M,145435000,-8805000,667142000,5707000,-511000,12105000,,not_scored,,,,,,,missing_required_data,quarter_revenue_yoy_pct;guidance_revenue_millions,regex_fallback,141.7,,,,,6,6,6,6,3589,28276,Growth/earnings_8k_sec_parser/local_extractions_2024Q3/LCUT/LCUT_2024-08-08_000162828024035885.json,2024-08-09,7.090000,2.5388,1.4104,-12.8350,-11.2835,-10.1552
2024Q3,LDOS,2024-07-30,0001336920-24-000045,$2B-$10B,3699000000,162000000,12695000000,-57000000,-39000000,-98000000,,not_scored,,,,,,,missing_required_data,quarter_revenue_yoy_pct;guidance_revenue_millions,regex_fallback,4100,,,,,6,6,6,6,3761,40252,Growth/earnings_8k_sec_parser/local_extractions_2024Q3/LDOS/LDOS_2024-07-30_000133692024000045.json,2024-07-31,148.000000,-2.2365,1.4459,7.1013,10.1351,25.5811
2024Q3,LE,2024-09-05,0000950170-24-103728,$100M-$500M,309558000,-1652000,995194000,-8418000,-12384000,-10755000,,not_scored,,,,,,,missing_required_data,quarter_revenue_yoy_pct;guidance_revenue_millions,regex_fallback,317.2,,,,,6,6,6,6,3611,29159,Growth/earnings_8k_sec_parser/local_extractions_2024Q3/LE/LE_2024-09-05_000095017024103728.json,2024-09-06,14.240000,6.5309,18.2584,17.2051,14.1152,-1.6854
2024Q3,LECO,2024-07-31,0000059527-24-000027,$1B-$2B,1039343000,121931000,3377297000,-111316000,-16049000,123931000,,not_scored,,,,,,,missing_required_data,quarter_revenue_yoy_pct;guidance_revenue_millions,regex_fallback,1022,,,,,6,2,6,6,3904,29915,Growth/earnings_8k_sec_parser/local_extractions_2024Q3/LECO/LECO_2024-07-31_000005952724000027.json,2024-08-01,206.729996,-9.1520,-5.0355,-9.6551,-7.1156,-4.5809
2024Q3,LEG,2024-08-01,0001193125-24-191568,$1B-$2B,1213600000,53500000,4634500000,-35600000,-36400000,96700000,,not_scored,,,,,,,missing_required_data,quarter_revenue_yoy_pct;guidance_revenue_millions,regex_fallback,1100,,,,,6,6,6,6,6011,26361,Growth/earnings_8k_sec_parser/local_extractions_2024Q3/LEG/LEG_2024-08-01_000119312524191568.json,2024-08-02,13.470000,-10.7647,-8.7602,-7.0527,1.4848,-10.9131
2024Q3,LESL,2024-07-17,0000950170-24-084271,$100M-$500M,407948000,-61786000,1163230000,165989000,-23591000,-245990000,,not_scored,,,,,,,missing_required_data,quarter_revenue_yoy_pct;guidance_revenue_millions,regex_fallback,570,,,,40,6,6,6,6,4045,36060,Growth/earnings_8k_sec_parser/local_extractions_2024Q3/LESL/LESL_2024-07-17_000095017024084271.json,2024-07-18,63.200001,-7.9114,-12.6582,1.5823,-9.8101,-14.2405
2024Q3,LFCR,2024-08-26,0001005286-24-000125,$100M-$500M,115781000,-12410000,503043000,-17024000,27000,17226000,,not_scored,,,,,,,missing_required_data,quarter_revenue_yoy_pct;guidance_revenue_millions,regex_fallback,128.3,,,,,6,6,6,6,3537,29057,Growth/earnings_8k_sec_parser/local_extractions_2024Q3/LFCR/LFCR_2024-08-26_000100528624000125.json,2024-08-27,5.790000,-17.6166,-12.0898,-18.4801,-2.9361,28.8428
2024Q3,LFST,2024-08-08,0000950170-24-093114,$100M-$500M,252589000,-34242000,2109969000,-4888000,-27549000,-7890000,,not_scored,,,,,,,missing_required_data,quarter_revenue_yoy_pct;guidance_revenue_millions,regex_fallback,312.3,,,,,6,6,6,6,4058,46887,Growth/earnings_8k_sec_parser/local_extractions_2024Q3/LFST/LFST_2024-08-08_000095017024093114.json,2024-08-09,5.760000,0.8681,8.6806,21.0069,18.4028,33.3333
2024Q3,LFUS,2024-07-30,0000889331-24-000159,$500M-$1B,867864000,88745000,3995275000,-12204000,-183188000,53407000,,not_scored,,,,,,,missing_required_data,quarter_revenue_yoy_pct;guidance_revenue_millions,regex_fallback,558,,,,,6,6,6,6,4742,20257,Growth/earnings_8k_sec_parser/local_extractions_2024Q3/LFUS/LFUS_2024-07-30_000088933124000159.json,2024-07-31,264.510010,-8.9978,0.1172,2.9073,0.2798,-2.0302
2024Q3,LGIH,2024-07-30,0001580670-24-000035,$100M-$500M,487357000,26962000,3407851000,-61777000,-4855000,77600000,,not_scored,,,,,,,missing_required_data,quarter_revenue_yoy_pct;guidance_revenue_millions,regex_fallback,602.5,,,,,6,6,6,5,3802,18592,Growth/earnings_8k_sec_parser/local_extractions_2024Q3/LGIH/LGIH_2024-07-30_000158067024000035.json,2024-07-31,119.050003,-17.0769,-13.6413,-9.3826,-0.4452,-14.0613
2024Q3,LH,2024-08-01,0000920148-24-000096,$2B-$10B,3037800000,212900000,16725100000,-60600000,-99700000,121200000,,not_scored,,,,,,,missing_required_data,quarter_revenue_yoy_pct;guidance_revenue_millions,regex_fallback,3220,,,,,6,6,6,6,2585,31145,Growth/earnings_8k_sec_parser/local_extractions_2024Q3/LH/LH_2024-08-01_000092014824000096.json,2024-08-02,232.699997,-4.0223,-1.0829,-1.2849,-5.8015,-1.9037
2024Q3,LHX,2024-07-25,0000202058-24-000139,$2B-$10B,4471000000,337000000,41687000000,1361000000,-2048000000,350000000,,not_scored,,,,,,,missing_required_data,quarter_revenue_yoy_pct;guidance_revenue_millions,regex_fallback,5300,,,,,6,6,6,6,3594,33443,Growth/earnings_8k_sec_parser/local_extractions_2024Q3/LHX/LHX_2024-07-25_000020205824000139.json,2024-07-26,239.410004,-5.1418,-5.3966,-4.3691,-1.9506,1.9882
2024Q3,LII,2024-07-24,0001628280-24-032683,$1B-$2B,1049400000,98000000,2798300000,101100000,-33700000,-78800000,,not_scored,,,,,,,missing_required_data,quarter_revenue_yoy_pct;guidance_revenue_millions,regex_fallback,1450,,,,,6,6,6,6,3402,22494,Growth/earnings_8k_sec_parser/local_extractions_2024Q3/LII/LII_2024-07-24_000162828024032683.json,2024-07-25,543.260010,-1.5020,6.2291,6.5328,13.7172,12.2372
2024Q3,LILA,2024-08-06,0001712184-24-000202,$500M-$1B,910900000,-65600000,13594600000,-35400000,-132100000,62400000,,not_scored,,,,,,,missing_required_data,quarter_revenue_yoy_pct;guidance_revenue_millions,regex_fallback,10,,,,,6,2,6,6,4057,71676,Growth/earnings_8k_sec_parser/local_extractions_2024Q3/LILA/LILA_2024-08-06_000171218424000202.json,2024-08-07,9.990000,-2.6026,-4.9049,-6.1061,-4.6046,0.1001
2024Q3,LILAK,2024-08-06,0001712184-24-000202,$500M-$1B,910900000,-65600000,13594600000,-35400000,-132100000,62400000,,not_scored,,,,,,,missing_required_data,quarter_revenue_yoy_pct;guidance_revenue_millions,regex_fallback,10,,,,,6,2,6,6,4057,71676,Growth/earnings_8k_sec_parser/local_extractions_2024Q3/LILAK/LILAK_2024-08-06_000171218424000202.json,2024-08-07,10.050000,-2.6866,-5.2736,-6.6667,-6.3682,-1.6915
2024Q3,LIN,2024-08-02,0001654954-24-009830,$2B-$10B,8193000000,1516000000,80811000000,-764000000,-1634000000,1908000000,,not_scored,,,,,,,missing_required_data,quarter_revenue_yoy_pct;guidance_revenue_millions,regex_fallback,8300,,,,,6,6,6,6,3059,31796,Growth/earnings_8k_sec_parser/local_extractions_2024Q3/LIN/LIN_2024-08-02_000165495424009830.json,2024-08-05,453.989990,0.4736,3.1873,3.9957,3.1256,0.9538
2024Q3,LITE,2024-08-14,0001628280-24-037191,$1B-$2B,1396200000,-400000,4632100000,-68500000,-803100000,130600000,,not_scored,,,,,,,missing_required_data,quarter_revenue_yoy_pct;guidance_revenue_millions,regex_fallback,308.3,,,,,6,6,6,6,3813,26411,Growth/earnings_8k_sec_parser/local_extractions_2024Q3/LITE/LITE_2024-08-14_000162828024037191.json,2024-08-15,51.250000,10.0683,8.1561,10.4195,35.0829,71.8244
2024Q3,LIVN,2024-07-31,0001639691-24-000105,$100M-$500M,263418000,7370000,2429563000,-5235000,-11484000,20757000,,not_scored,,,,,,,missing_required_data,quarter_revenue_yoy_pct;guidance_revenue_millions,regex_fallback,318.6,,,,,6,6,6,6,3652,41523,Growth/earnings_8k_sec_parser/local_extractions_2024Q3/LIVN/LIVN_2024-07-31_000163969124000105.json,2024-08-01,49.860001,-12.9964,-7.1400,-0.5616,5.3751,2.9683
2024Q3,LKQ,2024-07-25,0001065696-24-000109,$2B-$10B,3349000000,270000000,15079000000,-66000000,-97000000,223000000,,not_scored,,,,,,,missing_required_data,quarter_revenue_yoy_pct;guidance_revenue_millions,regex_fallback,3700,,,,,6,6,6,6,3977,48212,Growth/earnings_8k_sec_parser/local_extractions_2024Q3/LKQ/LKQ_2024-07-25_000106569624000109.json,2024-07-26,38.950001,0.8216,2.6701,9.2683,3.1322,-3.2863
2024Q3,LLY,2024-08-08,0000059478-24-000185,$2B-$10B,6960000000,1344900000,64006300000,412300000,-688800000,1730600000,,not_scored,,,,,,,missing_required_data,quarter_revenue_yoy_pct;guidance_revenue_millions,regex_fallback,3000,,,,,6,6,6,6,4627,29420,Growth/earnings_8k_sec_parser/local_extractions_2024Q3/LLY/LLY_2024-08-08_000005947824000185.json,2024-08-09,860.000000,7.1872,9.3256,5.6128,6.2465,-7.2733
2024Q3,LMB,2024-08-06,0001628280-24-035215,$100M-$500M,121009000,2993000,304439000,-3169000,-822000,9366000,,not_scored,,,,,,,missing_required_data,quarter_revenue_yoy_pct;guidance_revenue_millions,regex_fallback,6,,,,,6,6,6,6,5386,47106,Growth/earnings_8k_sec_parser/local_extractions_2024Q3/LMB/LMB_2024-08-06_000162828024035215.json,2024-08-07,58.880001,2.5476,10.8016,3.4817,32.0312,32.1162
2024Q3,LNT,2024-08-02,0000352541-24-000087,$1B-$2B,1077000000,163000000,21237000000,212000000,-263000000,188000000,,not_scored,,,,,,,missing_required_data,quarter_revenue_millions;quarter_revenue_yoy_pct;guidance_revenue_millions,regex_fallback,,,,,,6,6,6,6,4189,33195,Growth/earnings_8k_sec_parser/local_extractions_2024Q3/LNT/LNT_2024-08-02_000035254124000087.json,2024-08-05,58.029999,-1.8783,0.3274,1.8956,3.7222,-0.8961
2024Q3,LNTH,2024-07-31,0001628280-24-033629,$100M-$500M,300784000,-2807000,1651149000,-8669000,-44513000,108500000,,not_scored,,,,,,,missing_required_data,quarter_revenue_yoy_pct;guidance_revenue_millions,regex_fallback,394.1,,,,,6,4,6,6,3888,21731,Growth/earnings_8k_sec_parser/local_extractions_2024Q3/LNTH/LNTH_2024-07-31_000162828024033629.json,2024-08-01,104.839996,-7.8024,-3.4529,0.5628,4.6833,4.3304
2024Q3,LOCO,2024-08-01,0001606366-24-000037,$100M-$500M,401701000,4918000,592301000,-13843000,-5680000,3819000,,not_scored,,,,,,,missing_required_data,quarter_revenue_yoy_pct;guidance_revenue_millions,regex_fallback,122.2,,,,,6,3,6,6,3756,43549,Growth/earnings_8k_sec_parser/local_extractions_2024Q3/LOCO/LOCO_2024-08-01_000160636624000037.json,2024-08-02,11.700000,1.1111,14.1880,15.2991,16.7521,4.4444
2024Q3,LOGI,2024-07-23,0001032975-24-000042,$2B-$10B,5481101000,644513000,3560753000,-606819000,-107863000,298318000,,not_scored,,,,,,,missing_required_data,quarter_revenue_yoy_pct;guidance_revenue_millions,regex_fallback,1100,,,,,6,6,6,6,3519,23101,Growth/earnings_8k_sec_parser/local_extractions_2024Q3/LOGI/LOGI_2024-07-23_000103297524000042.json,2024-07-24,90.849998,-6.6043,-3.4012,1.5520,-4.2928,-7.5509
2024Q3,LOPE,2024-08-06,0001558370-24-011086,$100M-$500M,250125000,59564000,930463000,-41234000,-37134000,62999000,,not_scored,,,,,,,missing_required_data,quarter_revenue_yoy_pct;guidance_revenue_millions,regex_fallback,227.5,,,,,6,6,6,6,2999,32933,Growth/earnings_8k_sec_parser/local_extractions_2024Q3/LOPE/LOPE_2024-08-06_000155837024011086.json,2024-08-07,149.250000,-6.5327,-4.9045,-7.9330,-8.5226,-6.3652
2024Q3,LOVE,2024-09-12,0001628280-24-040188,$100M-$500M,141193000,-4115000,482180000,-522000,-4177000,6291000,,not_scored,,,,,,,missing_required_data,quarter_revenue_yoy_pct;guidance_revenue_millions,regex_fallback,2.1,,,,,6,6,6,6,3500,25864,Growth/earnings_8k_sec_parser/local_extractions_2024Q3/LOVE/LOVE_2024-09-12_000162828024040188.json,2024-09-13,26.129999,3.8653,-2.5258,5.4344,21.8140,-1.4925
2024Q3,LPG,2024-07-24,0001596993-24-000037,$100M-$500M,274221448,71935018,1708913529,-35178821,68766198,118695170,,not_scored,,,,,,,missing_required_data,quarter_revenue_millions;quarter_revenue_yoy_pct;guidance_revenue_millions,regex_fallback,,,,,,0,3,6,6,4823,8466,Growth/earnings_8k_sec_parser/local_extractions_2024Q3/LPG/LPG_2024-07-24_000159699324000037.json,2024-07-25,40.720001,-8.7426,-9.4548,-5.4273,-15.5452,-25.7859
2024Q3,LPLA,2024-07-25,0001397911-24-000103,$2B-$10B,2417832000,338884000,10385480000,-197855000,-350840000,-205920000,,not_scored,,,,,,,missing_required_data,quarter_revenue_millions;quarter_revenue_yoy_pct;guidance_revenue_millions,regex_fallback,,,,,,6,6,6,6,3367,50834,Growth/earnings_8k_sec_parser/local_extractions_2024Q3/LPLA/LPLA_2024-07-25_000139791124000103.json,2024-07-26,241.000000,-19.9170,-8.8548,-6.5021,-7.8838,8.7303
2024Q3,LPSN,2024-07-31,0001102993-24-000102,$100M-$500M,107661000,-17420000,835513000,-149806000,2839000,-5918000,,not_scored,,,,,,,missing_required_data,quarter_revenue_yoy_pct;guidance_revenue_millions,regex_fallback,79.9,,,,,6,6,6,6,4129,29564,Growth/earnings_8k_sec_parser/local_extractions_2024Q3/LPSN/LPSN_2024-07-31_000110299324000102.json,2024-08-01,17.250000,-6.9565,29.5652,-0.8696,11.3044,5.2174
2024Q3,LQDT,2024-08-08,0000950170-24-093292,$100M-$500M,153736000,3967000,288970000,-17253000,-6356000,22335000,,not_scored,,,,,,,missing_required_data,quarter_revenue_yoy_pct;guidance_revenue_millions,regex_fallback,93.6,,,,,6,6,6,6,3582,33555,Growth/earnings_8k_sec_parser/local_extractions_2024Q3/LQDT/LQDT_2024-08-08_000095017024093292.json,2024-08-09,21.020000,6.3749,3.5205,2.3311,4.6146,15.5566
2024Q3,LSTR,2024-07-30,0001193125-24-188922,$1B-$2B,1435675000,78195000,1801846000,-142467000,4336000,139035000,,not_scored,,,,,,,missing_required_data,quarter_revenue_yoy_pct;guidance_revenue_millions,regex_fallback,1225,,,,,6,4,6,6,4044,32735,Growth/earnings_8k_sec_parser/local_extractions_2024Q3/LSTR/LSTR_2024-07-30_000119312524188922.json,2024-07-31,183.009995,1.1475,0.6229,-0.2459,3.2020,-1.3333
2024Q3,LTH,2024-08-01,0001869198-24-000029,$500M-$1B,510851000,27460000,7032141000,72325000,-136851000,74348000,,not_scored,,,,,,,missing_required_data,quarter_revenue_yoy_pct;guidance_revenue_millions,regex_fallback,667.8,,,,,6,4,6,6,6004,35968,Growth/earnings_8k_sec_parser/local_extractions_2024Q3/LTH/LTH_2024-08-01_000186919824000029.json,2024-08-02,21.420000,4.8086,10.1774,9.3371,11.9514,4.0149
2024Q3,LULU,2024-08-29,0001397187-24-000033,$2B-$10B,2000792000,290405000,7091941000,-115399000,-138219000,45503000,,not_scored,,,,,,,missing_required_data,guidance_revenue_millions,regex_fallback,2400,7,,,,6,6,6,6,3009,18589,Growth/earnings_8k_sec_parser/local_extractions_2024Q3/LULU/LULU_2024-08-29_000139718724000033.json,2024-08-30,269.059998,-7.6080,0.6318,0.8511,13.2907,19.1779
2024Q3,LUV,2024-07-25,0000092380-24-000108,$2B-$10B,5706000000,-159000000,36487000000,-262000000,-1577000000,706000000,,not_scored,,,,,,,missing_required_data,quarter_revenue_millions;quarter_revenue_yoy_pct;guidance_revenue_millions,regex_fallback,,,,,,0,6,6,1,57380,14543,Growth/earnings_8k_sec_parser/local_extractions_2024Q3/LUV/LUV_2024-07-25_000009238024000108.json,2024-07-26,28.080000,-15.5983,-5.4843,0.4274,5.9473,3.3476
2024Q3,LVS,2024-07-24,0001300514-24-000116,$2B-$10B,2120000000,147000000,21778000000,-36000000,-182000000,441000000,,not_scored,,,,,,,missing_required_data,quarter_revenue_yoy_pct;guidance_revenue_millions,regex_fallback,2760,,,,,6,2,6,6,3935,33152,Growth/earnings_8k_sec_parser/local_extractions_2024Q3/LVS/LVS_2024-07-24_000130051424000116.json,2024-07-25,39.619999,-4.4422,-0.3029,2.3473,6.3352,28.8238
2024Q3,LXFR,2024-07-30,0001096056-24-000044,$100M-$500M,101300000,500000,372100000,5300000,-2000000,-14400000,,not_scored,,,,,,,missing_required_data,quarter_revenue_yoy_pct;guidance_revenue_millions,regex_fallback,99.7,,,,,6,6,6,6,3524,26920,Growth/earnings_8k_sec_parser/local_extractions_2024Q3/LXFR/LXFR_2024-07-30_000109605624000044.json,2024-07-31,13.210000,-23.0886,-21.6503,-15.0643,-1.9682,-3.4822
2024Q3,LXU,2024-07-31,0000950170-24-088612,$100M-$500M,180964000,15901000,1298184000,-10688000,-63379000,59247000,,not_scored,,,,,,,missing_required_data,quarter_revenue_yoy_pct;guidance_revenue_millions,regex_fallback,140,,,,,6,6,6,6,3908,19129,Growth/earnings_8k_sec_parser/local_extractions_2024Q3/LXU/LXU_2024-07-31_000095017024088612.json,2024-08-01,9.840000,-19.5122,-21.7480,-24.0854,-18.2927,-16.8699
2024Q3,LYFT,2024-08-07,0001759509-24-000096,$1B-$2B,1000548000,-187649000,4564467000,-27743000,449371000,-74040000,,not_scored,,,,,,,missing_required_data,quarter_revenue_yoy_pct;guidance_revenue_millions,regex_fallback,1400,,,,,6,6,6,6,4043,26751,Growth/earnings_8k_sec_parser/local_extractions_2024Q3/LYFT/LYFT_2024-08-07_000175950924000096.json,2024-08-08,9.210000,25.9501,24.4300,17.2638,35.8306,56.3518
2024Q3,LYV,2024-07-30,0001335258-24-000123,$2B-$10B,3127390000,-3169000,19074045000,225701000,-59789000,1155848000,,not_scored,,,,,,,missing_required_data,guidance_revenue_millions,regex_fallback,6000,7,,,,6,3,6,6,3497,32017,Growth/earnings_8k_sec_parser/local_extractions_2024Q3/LYV/LYV_2024-07-30_000133525824000123.json,2024-07-31,93.989998,-2.5428,3.0322,3.9153,16.4911,26.4071
2024Q3,LZ,2024-07-10,0001193125-24-176824,$100M-$500M,165936000,-2358000,447818000,-6755000,-7428000,29208000,,not_scored,,,,,,,missing_required_data,quarter_revenue_yoy_pct;guidance_revenue_millions,regex_fallback,172,,,,,5,5,6,3,13182,15393,Growth/earnings_8k_sec_parser/local_extractions_2024Q3/LZ/LZ_2024-07-10_000119312524176824.json,2024-07-11,5.990000,11.8531,11.5192,-7.0117,5.5092,8.0134
2024Q3,LZB,2024-08-20,0000057131-24-000080,$2B-$10B,2356811000,150017000,1866263000,-144561000,-78371000,79004000,,not_scored,,,,,,,missing_required_data,guidance_revenue_millions,regex_fallback,52,3,,,,6,3,6,6,3445,25646,Growth/earnings_8k_sec_parser/local_extractions_2024Q3/LZB/LZB_2024-08-20_000005713124000080.json,2024-08-21,39.490002,4.1529,-0.7597,10.0279,0.6837,7.1410
2024Q3,MA,2024-07-31,0001141391-24-000159,$2B-$10B,5748000000,2361000000,42448000000,-1955000000,-397000000,1919000000,,not_scored,,,,,,,missing_required_data,quarter_revenue_millions;quarter_revenue_yoy_pct;guidance_revenue_millions,regex_fallback,,,,,,6,3,6,6,3591,37994,Growth/earnings_8k_sec_parser/local_extractions_2024Q3/MA/MA_2024-07-31_000114139124000159.json,2024-08-01,465.459991,-2.0990,0.5457,3.5793,6.0886,10.3618
2024Q3,MAA,2024-07-31,0000950170-24-088601,$500M-$1B,529033000,135910000,11484503000,15021000,-138385000,218310000,,not_scored,,,,,,,missing_required_data,quarter_revenue_millions;quarter_revenue_yoy_pct;guidance_revenue_millions,regex_fallback,,,,,,6,6,6,6,5326,78121,Growth/earnings_8k_sec_parser/local_extractions_2024Q3/MAA/MAA_2024-07-31_000095017024088601.json,2024-08-01,141.490005,7.6048,8.1348,15.6053,12.3047,7.5341
2024Q3,MAC,2024-07-31,0000912242-24-000120,$100M-$500M,214854000,-58733000,7513512000,-174341000,118165000,80730000,,not_scored,,,,,,,missing_required_data,quarter_revenue_millions;quarter_revenue_yoy_pct;guidance_revenue_millions,regex_fallback,,,,,,6,6,6,6,3900,77235,Growth/earnings_8k_sec_parser/local_extractions_2024Q3/MAC/MAC_2024-07-31_000091224224000120.json,2024-08-01,16.219999,-10.3576,-8.0764,-6.4735,12.4538,16.7694
2024Q3,MAGN,2024-08-08,0000041719-24-000030,$100M-$500M,390713000,-13584000,1563796000,15179000,-8787000,-79535000,,not_scored,,,,,,,missing_required_data,quarter_revenue_yoy_pct;guidance_revenue_millions,regex_fallback,329,,,,,6,5,6,6,3394,28242,Growth/earnings_8k_sec_parser/local_extractions_2024Q3/MAGN/MAGN_2024-08-08_000004171924000030.json,2024-08-09,21.320000,9.1463,-0.6098,-4.2683,2.4390,-13.2270
2024Q3,MANH,2024-07-23,0000950170-24-085622,$100M-$500M,221013000,38791000,673353000,-101688000,-666000,58716000,,not_scored,,,,,,,missing_required_data,quarter_revenue_yoy_pct;guidance_revenue_millions,regex_fallback,265.3,,,,,6,6,6,5,5727,23010,Growth/earnings_8k_sec_parser/local_extractions_2024Q3/MANH/MANH_2024-07-23_000095017024085622.json,2024-07-24,247.389999,-3.4480,1.4309,6.1118,13.6990,18.1616
2024Q3,MAR,2024-07-31,0001628280-24-033622,$2B-$10B,5615000000,757000000,25674000000,-782000000,-59000000,887000000,,not_scored,,,,,,,missing_required_data,quarter_revenue_yoy_pct;guidance_revenue_millions,regex_fallback,99,,,,,6,5,6,6,3158,53968,Growth/earnings_8k_sec_parser/local_extractions_2024Q3/MAR/MAR_2024-07-31_000162828024033622.json,2024-08-01,226.149994,-5.0719,-0.7252,2.0208,9.9270,16.8517
2024Q3,MAS,2024-07-25,0000062996-24-000026,$1B-$2B,1979000000,205000000,5363000000,78000000,-59000000,33000000,,not_scored,,,,,,,missing_required_data,guidance_revenue_millions,regex_fallback,2091,-2,,,,6,3,6,6,3432,18000,Growth/earnings_8k_sec_parser/local_extractions_2024Q3/MAS/MAS_2024-07-25_000006299624000026.json,2024-07-26,76.000000,-3.3947,0.7105,6.0658,9.2763,9.0526
2024Q3,MASI,2024-07-09,0000937556-24-000056,$500M-$1B,565000000,21300000,3041500000,-35200000,-11100000,400000,,not_scored,,,,,,,missing_required_data,quarter_revenue_yoy_pct,regex_fallback,496,,,496,,4,6,6,6,4309,25552,Growth/earnings_8k_sec_parser/local_extractions_2024Q3/MASI/MASI_2024-07-09_000093755624000056.json,2024-07-10,107.099998,0.3268,-0.6162,18.4594,3.9776,30.6629
2024Q3,MAT,2024-07-23,0001628280-24-032594,$500M-$1B,814579000,-106471000,5831738000,-53209000,-42511000,-206380000,,not_scored,,,,,,,missing_required_data,quarter_revenue_yoy_pct;guidance_revenue_millions,regex_fallback,1080,,,,,6,6,6,6,3826,44136,Growth/earnings_8k_sec_parser/local_extractions_2024Q3/MAT/MAT_2024-07-23_000162828024032594.json,2024-07-24,17.700001,3.5028,6.5537,10.4520,8.1921,2.3164
2024Q3,MATV,2024-08-07,0001000623-24-000034,$500M-$1B,549000000,-7700000,2642400000,11700000,-19400000,-20700000,,not_scored,,,,,,,missing_required_data,quarter_revenue_yoy_pct;guidance_revenue_millions,regex_fallback,523.8,,,,,6,2,6,6,3200,36180,Growth/earnings_8k_sec_parser/local_extractions_2024Q3/MATV/MATV_2024-08-07_000100062324000034.json,2024-08-08,15.550000,18.0707,19.0997,12.9904,3.7942,11.8971
2024Q3,MATW,2024-08-02,0000063296-24-000062,$1B-$2B,1671030000,12830000,1887381000,-44899000,-31203000,44711000,,not_scored,,,,,,,missing_required_data,quarter_revenue_yoy_pct;guidance_revenue_millions,regex_fallback,427.8,,,,,6,6,6,6,4199,57368,Growth/earnings_8k_sec_parser/local_extractions_2024Q3/MATW/MATW_2024-08-02_000006329624000062.json,2024-08-05,24.879999,3.6576,3.2958,-2.6125,-11.8971,-7.4759
2024Q3,MATX,2024-08-01,0001558370-24-010599,$500M-$1B,704800000,34000000,4294600000,-104500000,-153500000,96700000,,not_scored,,,,,,,missing_required_data,quarter_revenue_yoy_pct;guidance_revenue_millions,regex_fallback,847.4,,,,,6,6,6,6,3511,45897,Growth/earnings_8k_sec_parser/local_extractions_2024Q3/MATX/MATX_2024-08-01_000155837024010599.json,2024-08-02,134.740005,-3.4214,-1.6254,-0.0445,4.7202,14.9547
2024Q3,MAX,2024-07-31,0001818383-24-000059,$100M-$500M,111630000,-10266000,153925000,-7539000,-30000,12556000,,not_scored,,,,,,,missing_required_data,quarter_revenue_yoy_pct;guidance_revenue_millions,regex_fallback,178,,,,,6,6,6,6,3824,47811,Growth/earnings_8k_sec_parser/local_extractions_2024Q3/MAX/MAX_2024-07-31_000181838324000059.json,2024-08-01,18.240000,-17.3794,-6.1403,-5.4825,-0.7127,13.6513
2024Q3,MBC,2024-08-06,0001941365-24-000094,$500M-$1B,676700000,35000000,2381700000,-42700000,-2700000,62100000,,not_scored,,,,,,,missing_required_data,quarter_revenue_yoy_pct;guidance_revenue_millions,regex_fallback,676.5,,,,,6,6,6,6,3551,29174,Growth/earnings_8k_sec_parser/local_extractions_2024Q3/MBC/MBC_2024-08-06_000194136524000094.json,2024-08-07,15.410000,2.0766,1.2330,2.5957,14.4711,19.2083
2024Q3,MBLY,2024-08-01,0001104659-24-084598,$100M-$500M,458000000,-79000000,15577000000,-3000000,-26000000,171000000,,not_scored,,,,,,,missing_required_data,guidance_revenue_millions,regex_fallback,439,-3,,,,6,6,6,6,3415,28215,Growth/earnings_8k_sec_parser/local_extractions_2024Q3/MBLY/MBLY_2024-08-01_000110465924084598.json,2024-08-02,15.900000,-8.1761,-4.6541,-14.3396,-15.4717,-14.4025
2024Q3,MBUU,2024-08-29,0001590976-24-000070,$1B-$2B,1016062000,121933000,925924000,-112847000,-43505000,107990000,,not_scored,,,,,,,missing_required_data,quarter_revenue_yoy_pct;guidance_revenue_millions,regex_fallback,213.6,,,,,6,5,6,6,2961,44020,Growth/earnings_8k_sec_parser/local_extractions_2024Q3/MBUU/MBUU_2024-08-29_000159097624000070.json,2024-08-30,35.049999,1.6548,13.9800,10.7275,20.8559,23.6805
2024Q3,MCD,2024-07-29,0000063908-24-000119,$2B-$10B,5898000000,1802000000,56147000000,-558000000,-741000000,2420000000,,not_scored,,,,,,,missing_required_data,quarter_revenue_yoy_pct;guidance_revenue_millions,regex_fallback,6500,,,,,6,6,6,6,3434,85691,Growth/earnings_8k_sec_parser/local_extractions_2024Q3/MCD/MCD_2024-07-29_000006390824000119.json,2024-07-30,261.000000,2.6475,10.1724,10.2912,16.6705,13.7126
2024Q3,MCFT,2024-08-29,0000950170-24-101580,$100M-$500M,495480000,4068000,353976000,-18831000,-92881000,104962000,,not_scored,,,,,,,missing_required_data,quarter_revenue_yoy_pct,regex_fallback,67.2,,,61,,6,6,6,6,3417,27412,Growth/earnings_8k_sec_parser/local_extractions_2024Q3/MCFT/MCFT_2024-08-29_000095017024101580.json,2024-08-30,18.440001,-6.6161,-0.4881,-1.2473,-5.8026,14.9675
2024Q3,MCHP,2024-08-01,0000827054-24-000138,$2B-$10B,6820900000,1285500000,16370300000,-2327600000,-477700000,2842700000,,not_scored,,,,,,,missing_required_data,quarter_revenue_yoy_pct;guidance_revenue_millions,regex_fallback,1241,,,,,6,6,6,6,3666,34939,Growth/earnings_8k_sec_parser/local_extractions_2024Q3/MCHP/MCHP_2024-08-01_000082705424000138.json,2024-08-02,79.449997,-3.8137,0.4154,-3.8389,-2.4670,-7.6526
2024Q3,MCO,2024-07-23,0001059556-24-000123,$1B-$2B,1470000000,501000000,14622000000,-216000000,-63000000,608000000,,not_scored,,,,,,,missing_required_data,quarter_revenue_yoy_pct;guidance_revenue_millions,regex_fallback,1800,,,,,6,6,6,6,4129,45399,Growth/earnings_8k_sec_parser/local_extractions_2024Q3/MCO/MCO_2024-07-23_000105955624000123.json,2024-07-24,451.000000,-2.4013,2.9867,6.2927,6.2084,3.7095
2024Q3,MCS,2024-08-01,0000062234-24-000044,$100M-$500M,152276000,-9466000,1065103000,5575000,-9531000,-7734000,,not_scored,,,,,,,missing_required_data,quarter_revenue_yoy_pct;guidance_revenue_millions,regex_fallback,176,,,,,6,1,6,6,3082,27833,Growth/earnings_8k_sec_parser/local_extractions_2024Q3/MCS/MCS_2024-08-01_000006223424000044.json,2024-08-02,12.480000,5.5289,10.4167,12.9006,21.3942,51.2019
2024Q3,MCW,2024-07-31,0000950170-24-088556,$100M-$500M,225960000,21136000,2881536000,894000,-63160000,67017000,,not_scored,,,,,,,missing_required_data,guidance_revenue_millions,regex_fallback,255,8,,,,6,3,6,6,3414,24684,Growth/earnings_8k_sec_parser/local_extractions_2024Q3/MCW/MCW_2024-07-31_000095017024088556.json,2024-08-01,7.900000,-17.3418,-16.9620,-20.3797,-17.5949,-15.8228
2024Q3,MCY,2024-07-30,0001193125-24-188856,$1B-$2B,1106579000,-45288000,7103397000,31931000,-69500000,18173000,,not_scored,,,,,,,missing_required_data,quarter_revenue_millions;quarter_revenue_yoy_pct;guidance_revenue_millions,regex_fallback,,,,,,6,0,6,6,3434,18657,Growth/earnings_8k_sec_parser/local_extractions_2024Q3/MCY/MCY_2024-07-30_000119312524188856.json,2024-07-31,57.630001,3.6613,4.3380,14.9228,9.2834,18.7055
2024Q3,MDB,2024-08-29,0001441816-24-000185,$100M-$500M,368280000,-54246000,2869642000,130000,211282000,53730000,,not_scored,,,,,,,missing_required_data,quarter_revenue_yoy_pct;guidance_revenue_millions,regex_fallback,478.1,,,,,6,4,6,6,3445,29912,Growth/earnings_8k_sec_parser/local_extractions_2024Q3/MDB/MDB_2024-08-29_000144181624000185.json,2024-08-30,290.100006,-1.2134,-2.1510,-6.8080,-5.1327,11.1651
2024Q3,MDLZ,2024-07-30,0001103982-24-000091,$2B-$10B,9166000000,2081000000,71391000000,-1757000000,636000000,1123000000,,not_scored,,,,,,,missing_required_data,quarter_revenue_yoy_pct;guidance_revenue_millions,regex_fallback,36000,,,,,6,6,6,6,4421,82464,Growth/earnings_8k_sec_parser/local_extractions_2024Q3/MDLZ/MDLZ_2024-07-30_000110398224000091.json,2024-07-31,68.500000,1.1387,3.6204,4.8321,7.5474,0.9489
2024Q3,MEC,2024-08-06,0001558370-24-011107,$100M-$500M,142645000,2571000,496661000,8297000,-2255000,-6043000,,not_scored,,,,,,,missing_required_data,quarter_revenue_yoy_pct;guidance_revenue_millions,regex_fallback,163.6,,,,,6,6,6,6,3144,33529,Growth/earnings_8k_sec_parser/local_extractions_2024Q3/MEC/MEC_2024-08-06_000155837024011107.json,2024-08-07,17.260000,12.1669,12.5145,6.4311,16.5701,26.3615
2024Q3,MED,2024-08-05,0001628280-24-034743,$100M-$500M,348983000,39968000,309908000,-25896000,-2115000,64059000,,not_scored,,,,,,,missing_required_data,quarter_revenue_yoy_pct;guidance_revenue_millions,regex_fallback,168.6,,,,,6,3,6,6,3393,17470,Growth/earnings_8k_sec_parser/local_extractions_2024Q3/MED/MED_2024-08-05_000162828024034743.json,2024-08-06,19.500000,-6.0000,-0.8205,-1.5897,-4.7692,-3.5385
2024Q3,MEG,2024-08-06,0000950170-24-091889,$100M-$500M,131428000,-14719000,816786000,-4654000,-11727000,3029000,,not_scored,,,,,,,missing_required_data,quarter_revenue_yoy_pct;guidance_revenue_millions,regex_fallback,173.3,,,,,6,6,6,6,4323,33927,Growth/earnings_8k_sec_parser/local_extractions_2024Q3/MEG/MEG_2024-08-06_000095017024091889.json,2024-08-07,30.080000,10.3723,8.6769,-3.7234,-29.7540,-11.2367
2024Q3,MEI,2024-07-11,0000950170-24-082851,$500M-$1B,878400000,69000000,1579100000,-63600000,-27300000,83800000,,not_scored,,,,,,,missing_required_data,quarter_revenue_yoy_pct;guidance_revenue_millions,regex_fallback,277.3,,,,,6,6,6,6,4431,59326,Growth/earnings_8k_sec_parser/local_extractions_2024Q3/MEI/MEI_2024-07-11_000095017024082851.json,2024-07-12,13.800000,-2.5362,-13.8406,-27.8261,-29.2754,-24.6377
2024Q3,MELI,2024-08-01,0001099590-24-000023,$2B-$10B,3186000000,201000000,17646000000,-112000000,-538000000,859000000,,not_scored,,,,,,,missing_required_data,quarter_revenue_yoy_pct;guidance_revenue_millions,regex_fallback,5100,,,,,6,4,6,6,3274,46475,Growth/earnings_8k_sec_parser/local_extractions_2024Q3/MELI/MELI_2024-08-01_000109959024000023.json,2024-08-02,1701.209961,11.7922,16.9068,16.9856,21.4500,19.7489
2024Q3,MERC,2024-08-08,0000950170-24-094095,$500M-$1B,522666000,-30578000,2662578000,28099000,-32624000,-49650000,,not_scored,,,,,,,missing_required_data,quarter_revenue_yoy_pct;guidance_revenue_millions,regex_fallback,499.4,,,,,5,6,6,6,3710,31230,Growth/earnings_8k_sec_parser/local_extractions_2024Q3/MERC/MERC_2024-08-08_000095017024094095.json,2024-08-09,6.520000,-1.6871,-8.5890,-1.5337,8.2822,4.1411
2024Q3,MG,2024-07-31,0001436126-24-000046,$100M-$500M,168016000,-4986000,534776000,-3951000,-4460000,4433000,,not_scored,,,,,,,missing_required_data,quarter_revenue_yoy_pct;guidance_revenue_millions,regex_fallback,189.8,,,,,6,4,6,6,7141,29019,Growth/earnings_8k_sec_parser/local_extractions_2024Q3/MG/MG_2024-07-31_000143612624000046.json,2024-08-01,10.500000,-4.2857,12.0952,6.9524,8.2857,5.7143
2024Q3,MGM,2024-07-31,0000789570-24-000021,$2B-$10B,3873296000,466807000,42368548000,-2380133000,212178000,704053000,,not_scored,,,,,,,missing_required_data,quarter_revenue_yoy_pct;guidance_revenue_millions,regex_fallback,4300,,,,,6,0,6,6,3375,29757,Growth/earnings_8k_sec_parser/local_extractions_2024Q3/MGM/MGM_2024-07-31_000078957024000021.json,2024-08-01,40.049999,-6.9164,-1.3733,-9.3883,-2.3970,3.3958
2024Q3,MGNI,2024-08-07,0001595974-24-000031,$100M-$500M,130150000,-98732000,2688806000,-51809000,-7467000,-30893000,,not_scored,,,,,,,missing_required_data,quarter_revenue_yoy_pct;guidance_revenue_millions,regex_fallback,162.9,,,,,6,4,6,6,3535,30407,Growth/earnings_8k_sec_parser/local_extractions_2024Q3/MGNI/MGNI_2024-08-07_000159597424000031.json,2024-08-08,11.700000,11.8803,16.1538,10.5128,3.0769,12.8205
2024Q3,MGPI,2024-08-01,0001628280-24-033883,$100M-$500M,201010000,31071000,1392348000,-4270000,-16945000,5021000,2,low,3,-1,0,0,0,288.8889,scored,,regex_fallback,190.8,-9,,742,,6,6,6,6,3467,37756,Growth/earnings_8k_sec_parser/local_extractions_2024Q3/MGPI/MGPI_2024-08-01_000162828024033883.json,2024-08-02,83.750000,-1.6119,6.0776,5.6239,-0.6925,-42.6388
2024Q3,MGRC,2024-07-25,0000950170-24-086477,$100M-$500M,163718000,71657000,2217283000,227547000,-263529000,35711000,,not_scored,,,,,,,missing_required_data,quarter_revenue_yoy_pct;guidance_revenue_millions,regex_fallback,212.6,,,,,6,0,6,6,3112,30513,Growth/earnings_8k_sec_parser/local_extractions_2024Q3/MGRC/MGRC_2024-07-25_000095017024086477.json,2024-07-26,110.160004,-9.4590,-4.0487,-1.4070,-2.9230,-4.4844
2024Q3,MGY,2024-07-31,0001698990-24-000027,$100M-$500M,308382000,96335000,2756216000,-77765000,-150215000,219823000,,not_scored,,,,,,,missing_required_data,quarter_revenue_millions;quarter_revenue_yoy_pct;guidance_revenue_millions,regex_fallback,,,,,,6,6,6,6,3916,52966,Growth/earnings_8k_sec_parser/local_extractions_2024Q3/MGY/MGY_2024-07-31_000169899024000027.json,2024-08-01,27.559999,-10.0508,-10.4499,-11.7925,-11.3933,-7.2569
2024Q3,MHO,2024-07-30,0000799292-24-000065,$1B-$2B,1000530000,103066000,4022440000,-15684000,-4793000,251499000,,not_scored,,,,,,,missing_required_data,guidance_revenue_millions,regex_fallback,1100,9,,,,6,1,6,2,3059,12312,Growth/earnings_8k_sec_parser/local_extractions_2024Q3/MHO/MHO_2024-07-30_000079929224000065.json,2024-07-31,168.179993,-15.8223,-12.1893,-5.2384,1.8908,-8.7585
2024Q3,MIDD,2024-08-01,0000769520-24-000031,$1B-$2B,1007396000,99089000,6956137000,-63377000,-36450000,92002000,,not_scored,,,,,,,missing_required_data,quarter_revenue_yoy_pct;guidance_revenue_millions,regex_fallback,992,,,,,6,0,6,2,3566,16851,Growth/earnings_8k_sec_parser/local_extractions_2024Q3/MIDD/MIDD_2024-08-01_000076952024000031.json,2024-08-02,140.479996,-4.3209,-0.6620,-1.8935,-1.6017,-7.6737
2024Q3,MIR,2024-08-01,0001628280-24-034165,$100M-$500M,182100000,-41900000,2718500000,24600000,-7500000,-2700000,,not_scored,,,,,,,missing_required_data,quarter_revenue_yoy_pct;guidance_revenue_millions,regex_fallback,195,,,,,6,6,6,6,3450,27504,Growth/earnings_8k_sec_parser/local_extractions_2024Q3/MIR/MIR_2024-08-01_000162828024034165.json,2024-08-02,10.340000,-0.7737,4.3520,-2.8046,5.8027,43.1335
2024Q3,MKSI,2024-08-07,0000950170-24-092873,$500M-$1B,794000000,-42000000,9118000000,-43000000,-17000000,37000000,,not_scored,,,,,,,missing_required_data,quarter_revenue_yoy_pct;guidance_revenue_millions,regex_fallback,887,,,,,6,6,6,6,3243,26573,Growth/earnings_8k_sec_parser/local_extractions_2024Q3/MKSI/MKSI_2024-08-07_000095017024092873.json,2024-08-08,108.129997,11.3290,7.5095,-2.3583,-1.2485,-4.4761
2024Q3,MKTX,2024-08-06,0001193125-24-194351,$100M-$500M,203169000,73628000,2015067000,-48142000,-32754000,7527000,,not_scored,,,,,,,missing_required_data,quarter_revenue_yoy_pct;guidance_revenue_millions,regex_fallback,197.7,,,,,6,3,6,6,5128,30077,Growth/earnings_8k_sec_parser/local_extractions_2024Q3/MKTX/MKTX_2024-08-06_000119312524194351.json,2024-08-07,235.869995,-0.2841,-0.1145,8.8947,16.0639,18.3491
2024Q3,MLKN,2024-09-19,0000066382-24-000073,$2B-$10B,3130400000,25800000,4274800000,-22100000,-53200000,70400000,,not_scored,,,,,,,missing_required_data,quarter_revenue_yoy_pct;guidance_revenue_millions,regex_fallback,861.5,,,,,6,6,6,6,3215,30714,Growth/earnings_8k_sec_parser/local_extractions_2024Q3/MLKN/MLKN_2024-09-19_000006638224000073.json,2024-09-20,24.250000,2.1031,-2.6392,1.4021,-3.1753,-5.1546
2024Q3,MLM,2024-08-08,0000950170-24-093300,$1B-$2B,1354000000,121000000,15125000000,-138000000,-152000000,161000000,,not_scored,,,,,,,missing_required_data,quarter_revenue_yoy_pct;guidance_revenue_millions,regex_fallback,1700,,,,,5,6,6,6,4269,32802,Growth/earnings_8k_sec_parser/local_extractions_2024Q3/MLM/MLM_2024-08-08_000095017024093300.json,2024-08-09,536.609985,-0.3913,-2.3518,-5.6708,-2.3518,15.0109
2024Q3,MLR,2024-08-07,0001558370-24-011384,$100M-$500M,148933000,9220000,647210000,-2059000,-1749000,-6764000,,not_scored,,,,,,,missing_required_data,quarter_revenue_yoy_pct;guidance_revenue_millions,regex_fallback,371.5,,,,,6,0,6,1,3184,9759,Growth/earnings_8k_sec_parser/local_extractions_2024Q3/MLR/MLR_2024-08-07_000155837024011384.json,2024-08-08,62.000000,-2.4516,-1.6774,-7.5323,0.7419,21.3065
2024Q3,MMI,2024-08-07,0001578732-24-000037,$100M-$500M,154792000,-5833000,878411000,-24015000,117356000,-101207000,,not_scored,,,,,,,missing_required_data,quarter_revenue_yoy_pct;guidance_revenue_millions,regex_fallback,158.4,,,,,6,4,6,6,3707,26269,Growth/earnings_8k_sec_parser/local_extractions_2024Q3/MMI/MMI_2024-08-07_000157873224000037.json,2024-08-08,38.080002,-0.1313,1.9170,-0.4464,-5.9611,5.7510
2024Q3,MMS,2024-08-07,0001032220-24-000072,$2B-$10B,2456098000,39995000,3985797000,-171671000,-24627000,175037000,,not_scored,,,,,,,missing_required_data,quarter_revenue_yoy_pct;guidance_revenue_millions,regex_fallback,100,,,,,6,6,6,6,3137,21256,Growth/earnings_8k_sec_parser/local_extractions_2024Q3/MMS/MMS_2024-08-07_000103222024000072.json,2024-08-08,90.709999,-1.7418,1.8851,-4.7514,-0.0992,-1.3008
2024Q3,MMSI,2024-07-01,0000856982-24-000065,$100M-$500M,297565000,20703000,2325244000,-497000,-14856000,14545000,,not_scored,,,,,,,missing_required_data,quarter_revenue_yoy_pct;guidance_revenue_millions,regex_fallback,15,,,,,6,6,6,6,9682,22070,Growth/earnings_8k_sec_parser/local_extractions_2024Q3/MMSI/MMSI_2024-07-01_000085698224000065.json,2024-07-02,86.860001,-0.5987,-1.2434,-3.1545,10.0276,13.7808
2024Q3,MNRO,2024-07-31,0001193125-24-189498,$1B-$2B,1359328000,61568000,1776877000,-85970000,-109801000,173759000,,not_scored,,,,,,,missing_required_data,quarter_revenue_yoy_pct;guidance_revenue_millions,regex_fallback,97,,,,,6,1,6,6,3295,11439,Growth/earnings_8k_sec_parser/local_extractions_2024Q3/MNRO/MNRO_2024-07-31_000119312524189498.json,2024-08-01,30.950001,-16.6721,-11.8901,-15.1858,-6.7528,-10.4039
2024Q3,MNST,2024-08-07,0001104659-24-086781,$1B-$2B,1698930000,397444000,9686522000,-6049000,-52766000,424475000,,not_scored,,,,,,,missing_required_data,quarter_revenue_yoy_pct;guidance_revenue_millions,regex_fallback,67.7,,,,,6,0,6,6,3547,21431,Growth/earnings_8k_sec_parser/local_extractions_2024Q3/MNST/MNST_2024-08-07_000110465924086781.json,2024-08-08,44.880001,3.8324,4.8351,13.0570,9.7148,21.3012
2024Q3,MO,2024-07-31,0000764180-24-000091,$2B-$10B,5719000000,1787000000,38570000000,-3045000000,-56000000,2984000000,,not_scored,,,,,,,missing_required_data,quarter_revenue_millions;quarter_revenue_yoy_pct;guidance_revenue_millions,regex_fallback,,,,,,6,6,6,6,4524,55750,Growth/earnings_8k_sec_parser/local_extractions_2024Q3/MO/MO_2024-07-31_000076418024000091.json,2024-08-01,49.610001,1.4110,4.4346,8.9901,2.8825,1.7940
2024Q3,MOD,2024-07-30,0001140361-24-034906,$2B-$10B,2050100000,85200000,1565900000,39200000,-51000000,11500000,,not_scored,,,,,,,missing_required_data,quarter_revenue_yoy_pct;guidance_revenue_millions,regex_fallback,661.5,,,,,6,6,6,6,3868,26391,Growth/earnings_8k_sec_parser/local_extractions_2024Q3/MOD/MOD_2024-07-30_000114036124034906.json,2024-07-31,103.000000,-1.8738,4.9709,18.0097,28.9223,26.5146
2024Q3,MORN,2024-07-25,0001289419-24-000055,$100M-$500M,479700000,-7600000,3403400000,-48800000,-700000,23400000,,not_scored,,,,,,,missing_required_data,quarter_revenue_yoy_pct;guidance_revenue_millions,regex_fallback,10.9,,,,,6,2,6,6,11145,48086,Growth/earnings_8k_sec_parser/local_extractions_2024Q3/MORN/MORN_2024-07-25_000128941924000055.json,2024-07-26,323.459991,-6.9004,-3.0514,-3.7810,-1.3850,2.4362
2024Q3,MOS,2024-08-06,0001243786-24-000045,$2B-$10B,3604300000,434800000,23032800000,-209000000,-221400000,149000000,,not_scored,,,,,,,missing_required_data,quarter_revenue_yoy_pct;guidance_revenue_millions,regex_fallback,2800,,,,,6,6,6,6,4364,64527,Growth/earnings_8k_sec_parser/local_extractions_2024Q3/MOS/MOS_2024-08-06_000124378624000045.json,2024-08-07,27.480000,1.7103,5.1310,-6.9141,-6.3319,2.1834
2024Q3,MOV,2024-09-05,0000950142-24-002330,$100M-$500M,144905000,9128000,741496000,-30282000,-2883000,-21497000,,not_scored,,,,,,,missing_required_data,quarter_revenue_yoy_pct;guidance_revenue_millions,regex_fallback,159.3,,,,,6,6,6,6,3034,18805,Growth/earnings_8k_sec_parser/local_extractions_2024Q3/MOV/MOV_2024-09-05_000095014224002330.json,2024-09-06,19.330000,1.3968,-3.6213,-1.5003,-0.1552,7.6048
2024Q3,MPAA,2024-08-08,0001140361-24-036287,$500M-$1B,650308000,7361000,1028565000,60215000,-7938000,-44862000,,not_scored,,,,,,,missing_required_data,quarter_revenue_millions;quarter_revenue_yoy_pct;guidance_revenue_millions,regex_fallback,,,,,,6,5,6,6,3493,17217,Growth/earnings_8k_sec_parser/local_extractions_2024Q3/MPAA/MPAA_2024-08-08_000114036124036287.json,2024-08-09,5.890000,3.0560,8.6587,0.1698,3.9049,1.8676
2024Q3,MQ,2024-08-07,0001628280-24-035613,$100M-$500M,217343000,-68801000,1589691000,-24556000,-98330000,-10546000,,not_scored,,,,,,,missing_required_data,quarter_revenue_yoy_pct;guidance_revenue_millions,regex_fallback,125,,,,,6,0,6,6,3409,27953,Growth/earnings_8k_sec_parser/local_extractions_2024Q3/MQ/MQ_2024-08-07_000162828024035613.json,2024-08-08,4.870000,13.7577,6.9815,1.0267,-3.2854,-21.9713
2024Q3,MRCY,2024-08-13,0001049521-24-000027,$500M-$1B,720646000,-20099000,2391367000,62330000,-29800000,-33864000,,not_scored,,,,,,,missing_required_data,quarter_revenue_yoy_pct;guidance_revenue_millions,regex_fallback,248.6,,,,,6,6,6,6,745456,56480,Growth/earnings_8k_sec_parser/local_extractions_2024Q3/MRCY/MRCY_2024-08-13_000104952124000027.json,2024-08-14,40.480000,-7.6581,-8.1275,-6.0771,-11.4377,7.8063
2024Q3,MRNA,2024-08-01,0001682852-24-000043,$1B-$2B,1862000000,79000000,18426000000,-542000000,2011000000,-1225000000,,not_scored,,,,,,,missing_required_data,quarter_revenue_yoy_pct;guidance_revenue_millions,regex_fallback,241,,,,,6,6,6,6,3346,20702,Growth/earnings_8k_sec_parser/local_extractions_2024Q3/MRNA/MRNA_2024-08-01_000168285224000043.json,2024-08-02,91.169998,-10.8369,-11.1111,-19.9956,-29.8782,-40.3751
2024Q3,MRSH,2024-07-18,0000062709-24-000068,$2B-$10B,3503000000,1235000000,48030000000,773000000,-368000000,-819000000,,not_scored,,,,,,,missing_required_data,quarter_revenue_yoy_pct;guidance_revenue_millions,regex_fallback,6200,,,,,6,0,6,6,3256,34269,Growth/earnings_8k_sec_parser/local_extractions_2024Q3/MRSH/MRSH_2024-07-18_000006270924000068.json,2024-07-19,219.490005,0.0683,-0.0456,1.6812,3.9091,3.3851
2024Q3,MRVL,2024-08-29,0001835632-24-000140,$1B-$2B,1321700000,-168900000,21228500000,11600000,-102700000,208400000,,not_scored,,,,,,,missing_required_data,quarter_revenue_yoy_pct,regex_fallback,1273,,,1450,47.2,6,6,6,6,4321,27332,Growth/earnings_8k_sec_parser/local_extractions_2024Q3/MRVL/MRVL_2024-08-29_000183563224000140.json,2024-08-30,78.300003,-11.9668,-4.3678,-7.8927,8.3908,18.3780
2024Q3,MSCI,2024-07-23,0001408198-24-000129,$500M-$1B,592218000,238728000,5518219000,-158293000,-21762000,264141000,,not_scored,,,,,,,missing_required_data,quarter_revenue_yoy_pct;guidance_revenue_millions,regex_fallback,707.9,,,,,6,4,6,6,3900,58562,Growth/earnings_8k_sec_parser/local_extractions_2024Q3/MSCI/MSCI_2024-07-23_000140819824000129.json,2024-07-24,544.869995,-5.0361,0.2900,4.8305,2.8062,10.8668
2024Q3,MSGE,2024-08-16,0001952073-24-000019,$500M-$1B,703561000,101080000,1401157000,-85194000,13261000,132341000,,not_scored,,,,,,,missing_required_data,quarter_revenue_yoy_pct;guidance_revenue_millions,regex_fallback,959.3,,,,,6,6,6,6,3479,23159,Growth/earnings_8k_sec_parser/local_extractions_2024Q3/MSGE/MSGE_2024-08-16_000195207324000019.json,2024-08-19,40.480000,3.7549,-2.0751,1.0376,7.0158,-11.0178
2024Q3,MSI,2024-08-01,0000068505-24-000022,$2B-$10B,2171000000,278000000,13336000000,-263000000,-53000000,-8000000,,not_scored,,,,,,,missing_required_data,quarter_revenue_yoy_pct;guidance_revenue_millions,regex_fallback,2600,,,,,6,6,6,6,3486,45855,Growth/earnings_8k_sec_parser/local_extractions_2024Q3/MSI/MSI_2024-08-01_000006850524000022.json,2024-08-02,399.519989,3.3140,6.2425,10.2248,12.4049,12.4725
2024Q3,MSTR,2024-08-01,0000950170-24-089243,$100M-$500M,121915000,461193000,4762528000,187622000,-179774000,37397000,,not_scored,,,,,,,missing_required_data,quarter_revenue_yoy_pct;guidance_revenue_millions,regex_fallback,24.1,,,,,6,2,6,6,3513,42513,Growth/earnings_8k_sec_parser/local_extractions_2024Q3/MSTR/MSTR_2024-08-01_000095017024089243.json,2024-08-02,148.580994,-11.5230,-9.9414,-17.6745,9.4958,64.5567
2024Q3,MTB,2024-07-18,0001628280-24-032163,$2B-$10B,5992000000,702000000,208264000000,1617000000,-1747000000,428000000,,not_scored,,,,,,,missing_required_data,quarter_revenue_yoy_pct;guidance_revenue_millions,regex_fallback,25,,,,,6,6,6,6,5002,73797,Growth/earnings_8k_sec_parser/local_extractions_2024Q3/MTB/MTB_2024-07-18_000162828024032163.json,2024-07-19,168.410004,2.2386,-3.7052,-2.3811,3.2124,18.0868
2024Q3,MTCH,2024-07-30,0000891103-24-000093,$500M-$1B,787124000,120691000,4507886000,-104932000,-19790000,120387000,,not_scored,,,,,,,missing_required_data,guidance_revenue_millions,regex_fallback,864,4,,,,6,6,6,6,3144,57359,Growth/earnings_8k_sec_parser/local_extractions_2024Q3/MTCH/MTCH_2024-07-30_000089110324000093.json,2024-07-31,38.000000,-11.1316,-3.8684,-2.0789,-0.4211,-2.7895
2024Q3,MTD,2024-08-01,0001037646-24-000025,$500M-$1B,928738000,188426000,3355555000,-137635000,-22386000,153262000,,not_scored,,,,,,,missing_required_data,guidance_revenue_millions,regex_fallback,946.8,-4,,,,6,6,6,6,13883,18136,Growth/earnings_8k_sec_parser/local_extractions_2024Q3/MTD/MTD_2024-08-01_000103764624000025.json,2024-08-02,1463.119995,-5.8081,-2.7120,-4.4467,0.9924,-11.7126
2024Q3,MTH,2024-07-24,0000833079-24-000090,$2B-$10B,2361380000,131301000,6353134000,-20095000,-8728000,124472000,,not_scored,,,,,,,missing_required_data,quarter_revenue_yoy_pct;guidance_revenue_millions,regex_fallback,1700,,,,,6,1,6,6,3119,26484,Growth/earnings_8k_sec_parser/local_extractions_2024Q3/MTH/MTH_2024-07-24_000083307924000090.json,2024-07-25,95.760002,-4.9655,-6.6782,5.3832,7.4979,-4.2815
2024Q3,MTRN,2024-08-05,0001104657-24-000112,$100M-$500M,442526000,25588000,1762726000,-6291000,-29802000,38105000,,not_scored,,,,,,,missing_required_data,quarter_revenue_yoy_pct;guidance_revenue_millions,regex_fallback,425.9,,,,,6,6,6,2,2872,24627,Growth/earnings_8k_sec_parser/local_extractions_2024Q3/MTRN/MTRN_2024-08-05_000110465724000112.json,2024-08-06,106.639999,5.9077,10.6433,-0.2813,-2.5788,-0.5814
2024Q3,MTRX,2024-09-09,0000866273-24-000087,$500M-$1B,589166000,-52025000,400504000,-110000,-6102000,2403000,,not_scored,,,,,,,missing_required_data,quarter_revenue_yoy_pct;guidance_revenue_millions,regex_fallback,189.5,,,,,6,6,6,6,3569,34625,Growth/earnings_8k_sec_parser/local_extractions_2024Q3/MTRX/MTRX_2024-09-09_000086627324000087.json,2024-09-10,10.990000,2.7298,4.9136,3.4577,16.7425,14.8317
2024Q3,MTSI,2024-08-01,0001493594-24-000050,$100M-$500M,349510000,55274000,1553244000,-29524000,-24972000,70747000,,not_scored,,,,,,,missing_required_data,quarter_revenue_yoy_pct;guidance_revenue_millions,regex_fallback,190.5,,,,57,6,6,6,2,3023,21940,Growth/earnings_8k_sec_parser/local_extractions_2024Q3/MTSI/MTSI_2024-08-01_000149359424000050.json,2024-08-02,95.260002,6.6240,9.6998,2.8448,12.3242,17.9929
2024Q3,MTUS,2024-08-08,0000950170-24-094023,$100M-$500M,323500000,14400000,1175300000,-30200000,-9100000,9800000,,not_scored,,,,,,,missing_required_data,quarter_revenue_yoy_pct;guidance_revenue_millions,regex_fallback,294.7,,,,,6,6,6,6,4153,43733,Growth/earnings_8k_sec_parser/local_extractions_2024Q3/MTUS/MTUS_2024-08-08_000095017024094023.json,2024-08-09,18.490000,-10.8167,-11.2493,-20.4976,-22.9313,-13.6831
2024Q3,MTW,2024-08-07,0000950170-24-092935,$500M-$1B,508300000,16500000,1706700000,-15100000,-8600000,15400000,,not_scored,,,,,,,missing_required_data,quarter_revenue_yoy_pct;guidance_revenue_millions,regex_fallback,562.1,,,,,6,5,6,6,2973,27010,Growth/earnings_8k_sec_parser/local_extractions_2024Q3/MTW/MTW_2024-08-07_000095017024092935.json,2024-08-08,9.310000,6.0150,8.1633,-3.4372,1.3963,17.5080
2024Q3,MTX,2024-07-25,0000891014-24-000086,$500M-$1B,546100000,37000000,3346600000,-9200000,-24700000,33700000,,not_scored,,,,,,,missing_required_data,quarter_revenue_yoy_pct;guidance_revenue_millions,regex_fallback,541,,,,,6,6,6,6,3031,23154,Growth/earnings_8k_sec_parser/local_extractions_2024Q3/MTX/MTX_2024-07-25_000089101424000086.json,2024-07-26,87.180000,-18.8575,-14.8887,-12.3537,-14.0629,-10.5758
2024Q3,MUR,2024-08-08,0000717423-24-000024,$500M-$1B,841716000,191644000,9766697000,-114655000,-345319000,686282000,,not_scored,,,,,,,missing_required_data,quarter_revenue_millions;quarter_revenue_yoy_pct;guidance_revenue_millions,regex_fallback,,,,,,6,6,6,6,3341,48250,Growth/earnings_8k_sec_parser/local_extractions_2024Q3/MUR/MUR_2024-08-08_000071742324000024.json,2024-08-09,37.060001,2.3475,2.0777,-6.8268,-6.1522,-10.8473
2024Q3,MWA,2024-08-05,0001350593-24-000053,$500M-$1B,647700000,22500000,1505000000,-20100000,-15400000,-22200000,,not_scored,,,,,,,missing_required_data,quarter_revenue_yoy_pct;guidance_revenue_millions,regex_fallback,356.7,,,,,6,6,6,6,3432,35460,Growth/earnings_8k_sec_parser/local_extractions_2024Q3/MWA/MWA_2024-08-05_000135059324000053.json,2024-08-06,20.120001,1.4910,3.8270,-0.8946,13.2704,9.5924
2024Q3,MXL,2024-07-24,0001288469-24-000111,$100M-$500M,248442000,9533000,1080257000,-6170000,-15511000,42159000,,not_scored,,,,,,,missing_required_data,quarter_revenue_yoy_pct;guidance_revenue_millions,regex_fallback,92,,,,,6,6,6,6,3543,31481,Growth/earnings_8k_sec_parser/local_extractions_2024Q3/MXL/MXL_2024-07-24_000128846924000111.json,2024-07-25,16.020000,-27.5905,-30.2747,-24.2821,-10.6742,-7.1785
2024Q3,MYE,2024-08-01,0000950170-24-088939,$100M-$500M,215739000,12976000,541631000,-11470000,-9218000,25786000,,not_scored,,,,,,,missing_required_data,quarter_revenue_yoy_pct;guidance_revenue_millions,regex_fallback,220.2,,,,,6,6,6,6,5234,29590,Growth/earnings_8k_sec_parser/local_extractions_2024Q3/MYE/MYE_2024-08-01_000095017024088939.json,2024-08-02,14.630000,-8.6808,0.3418,0.5468,-7.9289,-19.4805
2024Q3,MYGN,2024-08-06,0000899923-24-000036,$100M-$500M,181200000,-54700000,1146500000,-4900000,34600000,-33200000,,not_scored,,,,,,,missing_required_data,guidance_revenue_millions,regex_fallback,212,15,,,,6,6,6,6,9340,35455,Growth/earnings_8k_sec_parser/local_extractions_2024Q3/MYGN/MYGN_2024-08-06_000089992324000036.json,2024-08-07,28.549999,-1.0158,-3.6778,-5.5342,-8.4413,-38.3187
2024Q3,MZTI,2024-08-22,0000057515-24-000019,$1B-$2B,1367866000,37592000,1112994000,-82652000,-78921000,184151000,,not_scored,,,,,,,missing_required_data,quarter_revenue_yoy_pct;guidance_revenue_millions,regex_fallback,218.6,,,,,6,2,6,6,3088,15205,Growth/earnings_8k_sec_parser/local_extractions_2024Q3/MZTI/MZTI_2024-08-22_000005751524000019.json,2024-08-23,173.410004,-1.5109,2.4335,3.7945,1.2629,4.9420
2024Q3,NATL,2024-08-13,0001974138-24-000047,$500M-$1B,986000000,36000000,5741000000,-91000000,-25000000,120000000,,not_scored,,,,,,,missing_required_data,guidance_revenue_millions,regex_fallback,1080,4,,,,6,6,6,6,3892,74440,Growth/earnings_8k_sec_parser/local_extractions_2024Q3/NATL/NATL_2024-08-13_000197413824000047.json,2024-08-14,30.309999,-8.0172,-6.5325,-8.0831,-4.7509,-4.1900
2024Q3,NATR,2024-08-09,0001628280-24-036412,$100M-$500M,108634000,860000,249773000,-1156000,-2325000,9325000,,not_scored,,,,,,,missing_required_data,guidance_revenue_millions,regex_fallback,110.6,-5,,,,6,4,6,6,3573,21986,Growth/earnings_8k_sec_parser/local_extractions_2024Q3/NATR/NATR_2024-08-09_000162828024036412.json,2024-08-12,12.040000,9.1362,14.2027,8.7209,9.3854,44.7674
2024Q3,NBIX,2024-08-01,0000914475-24-000180,$100M-$500M,420400000,-76600000,3251400000,8200000,-42100000,-125200000,,not_scored,,,,,,,missing_required_data,quarter_revenue_yoy_pct;guidance_revenue_millions,regex_fallback,580,,,,,6,6,6,6,3350,23722,Growth/earnings_8k_sec_parser/local_extractions_2024Q3/NBIX/NBIX_2024-08-01_000091447524000180.json,2024-08-02,152.119995,-3.1751,0.2958,-17.7623,-24.9606,-20.9374
2024Q3,NBR,2024-07-17,0001104659-24-080357,$500M-$1B,779139000,49224000,5277965000,2316000,-128131000,154050000,,not_scored,,,,,,,missing_required_data,quarter_revenue_yoy_pct;guidance_revenue_millions,regex_fallback,735,,,,,6,1,6,6,3764,7120,Growth/earnings_8k_sec_parser/local_extractions_2024Q3/NBR/NBR_2024-07-17_000110465924080357.json,2024-07-18,89.589996,6.9874,-13.5395,-6.1614,-28.4184,-15.8500
2024Q3,NBTB,2024-07-22,0001140361-24-033739,$100M-$500M,151011000,33658000,13309040000,86158000,-75560000,21847000,,not_scored,,,,,,,missing_required_data,quarter_revenue_yoy_pct;guidance_revenue_millions,regex_fallback,0.5,,,,,6,3,6,6,3190,39477,Growth/earnings_8k_sec_parser/local_extractions_2024Q3/NBTB/NBTB_2024-07-22_000114036124033739.json,2024-07-23,45.919998,-0.7186,-4.4207,1.1977,-1.9599,-4.2683
2024Q3,NCNO,2024-08-27,0001902733-24-000150,$100M-$500M,113672000,-11243000,1340430000,-13856000,-1961000,31303000,,not_scored,,,,,,,missing_required_data,quarter_revenue_yoy_pct;guidance_revenue_millions,regex_fallback,132.4,,,,,6,6,6,6,3506,27491,Growth/earnings_8k_sec_parser/local_extractions_2024Q3/NCNO/NCNO_2024-08-27_000190273324000150.json,2024-08-28,29.750000,0.4706,-0.1008,5.1765,28.3697,42.0168
2024Q3,NDAQ,2024-07-25,0001193125-24-184292,$1B-$2B,1533000000,302000000,32294000000,-613000000,-133000000,565000000,,not_scored,,,,,,,missing_required_data,quarter_revenue_yoy_pct;guidance_revenue_millions,regex_fallback,1200,,,,,6,2,6,6,4726,52050,Growth/earnings_8k_sec_parser/local_extractions_2024Q3/NDAQ/NDAQ_2024-07-25_000119312524184292.json,2024-07-26,67.599998,-4.7337,3.2249,4.4231,8.9793,11.3018
2024Q3,NDLS,2024-08-07,0001275158-24-000083,$100M-$500M,126077000,-3115000,368095000,3755000,-10436000,7222000,,not_scored,,,,,,,missing_required_data,quarter_revenue_yoy_pct;guidance_revenue_millions,regex_fallback,495,,,,,6,6,6,6,3429,27671,Growth/earnings_8k_sec_parser/local_extractions_2024Q3/NDLS/NDLS_2024-08-07_000127515824000083.json,2024-08-08,11.600000,13.1034,4.1379,-8.2759,-20.6897,-17.2414
2024Q3,NDSN,2024-08-21,0000072331-24-000108,$1B-$2B,1260642000,104261000,5251770000,64822000,-393153000,287905000,,not_scored,,,,,,,missing_required_data,quarter_revenue_yoy_pct;guidance_revenue_millions,regex_fallback,662,,,,,6,6,6,6,3550,19087,Growth/earnings_8k_sec_parser/local_extractions_2024Q3/NDSN/NDSN_2024-08-21_000007233124000108.json,2024-08-22,253.919998,-1.4729,-2.3590,0.5789,-0.2245,-0.5356
2024Q3,NE,2024-07-31,0001628280-24-033765,$500M-$1B,610054000,108063000,5507437000,-170521000,-62734000,-63080000,,not_scored,,,,,,,missing_required_data,quarter_revenue_yoy_pct;guidance_revenue_millions,regex_fallback,661,,,,,6,6,6,6,4464,26445,Growth/earnings_8k_sec_parser/local_extractions_2024Q3/NE/NE_2024-07-31_000162828024033765.json,2024-08-01,47.029999,-15.6283,-21.2630,-23.3255,-23.1554,-32.8088
2024Q3,NEM,2024-07-24,0001164727-24-000035,$2B-$10B,2679000000,351000000,55506000000,-350000000,-342000000,4279000000,,not_scored,,,,,,,missing_required_data,quarter_revenue_yoy_pct;guidance_revenue_millions,regex_fallback,55,,,,,6,6,6,6,3480,104285,Growth/earnings_8k_sec_parser/local_extractions_2024Q3/NEM/NEM_2024-07-24_000116472724000035.json,2024-07-25,45.790001,2.7080,7.3160,14.1297,18.9779,26.0974
2024Q3,NEO,2024-07-29,0001077183-24-000106,$100M-$500M,119693000,-30795000,1681229000,1379000,23742000,-12692000,,not_scored,,,,,,,missing_required_data,guidance_revenue_millions,regex_fallback,165,12,,,,6,6,6,6,3235,30724,Growth/earnings_8k_sec_parser/local_extractions_2024Q3/NEO/NEO_2024-07-29_000107718324000106.json,2024-07-30,15.890000,4.1535,5.4122,3.3354,-7.1743,-15.1668
2024Q3,NEOG,2024-07-30,0000950170-24-087499,$500M-$1B,580637000,-28442000,4508764000,-118333000,194163000,-49938000,,not_scored,,,,,,,missing_required_data,quarter_revenue_yoy_pct,regex_fallback,236.8,,,925,,6,5,6,6,3181,21250,Growth/earnings_8k_sec_parser/local_extractions_2024Q3/NEOG/NEOG_2024-07-30_000095017024087499.json,2024-07-31,17.490000,-6.1178,-6.7467,-1.3722,-3.8879,-18.0103
2024Q3,NET,2024-08-01,0001477333-24-000069,$100M-$500M,290175000,-38082000,2759767000,1247000,15567000,36414000,,not_scored,,,,,,,missing_required_data,quarter_revenue_yoy_pct;guidance_revenue_millions,regex_fallback,401,,,,,6,4,6,6,4514,32841,Growth/earnings_8k_sec_parser/local_extractions_2024Q3/NET/NET_2024-08-01_000147733324000069.json,2024-08-02,79.500000,-3.6101,1.4214,-1.7484,-1.7484,10.3270
2024Q3,NEWT,2024-07-24,0001587987-24-000160,$100M-$500M,105929000,18550000,1429513000,186899000,-23898000,-116359000,,not_scored,,,,,,,missing_required_data,quarter_revenue_millions;quarter_revenue_yoy_pct;guidance_revenue_millions,regex_fallback,,,,,,1,1,6,5,4412,10541,Growth/earnings_8k_sec_parser/local_extractions_2024Q3/NEWT/NEWT_2024-07-24_000158798724000160.json,2024-07-25,14.140000,-11.5983,-13.9321,-8.9109,-16.0538,-6.4356
2024Q3,NEWTG,2024-07-24,0001587987-24-000160,$100M-$500M,105929000,18550000,1429513000,186899000,-23898000,-116359000,,not_scored,,,,,,,missing_required_data,quarter_revenue_millions;quarter_revenue_yoy_pct;guidance_revenue_millions,regex_fallback,,,,,,1,1,6,5,4412,10541,Growth/earnings_8k_sec_parser/local_extractions_2024Q3/NEWTG/NEWTG_2024-07-24_000158798724000160.json,2024-07-25,25.200001,-0.8333,-0.1984,1.2302,-0.2778,0.0000
2024Q3,NFE,2024-08-09,0001749723-24-000069,$500M-$1B,579131000,150206000,8223746000,43221000,-463268000,200140000,,not_scored,,,,,,,missing_required_data,quarter_revenue_yoy_pct;guidance_revenue_millions,regex_fallback,90,,,,,6,6,6,6,3509,37056,Growth/earnings_8k_sec_parser/local_extractions_2024Q3/NFE/NFE_2024-08-09_000174972324000069.json,2024-08-12,13.200000,-2.9545,-11.5151,-19.0152,-29.0909,-25.6818
2024Q3,NFLX,2024-07-18,0001065280-24-000199,$2B-$10B,8161503000,1305120000,48731992000,-374073000,-263653000,2178740000,,not_scored,,,,,,,missing_required_data,quarter_revenue_millions;quarter_revenue_yoy_pct;guidance_revenue_millions,regex_fallback,,,,,,6,6,6,6,4116,32362,Growth/earnings_8k_sec_parser/local_extractions_2024Q3/NFLX/NFLX_2024-07-18_000106528024000199.json,2024-07-19,66.064003,-5.0981,-4.5850,4.2217,7.0038,4.0885
2024Q3,NGVT,2024-07-31,0001653477-24-000080,$100M-$500M,392600000,50700000,2623300000,-5600000,2500000,5300000,,not_scored,,,,,,,missing_required_data,quarter_revenue_yoy_pct;guidance_revenue_millions,regex_fallback,390.6,,,,,6,6,6,6,4115,50223,Growth/earnings_8k_sec_parser/local_extractions_2024Q3/NGVT/NGVT_2024-07-31_000165347724000080.json,2024-08-01,39.549999,-12.5917,-6.3211,-3.6410,-1.3906,5.3097
2024Q3,NI,2024-08-07,0001111711-24-000031,$1B-$2B,1966000000,333000000,31077200000,117300000,-727800000,683400000,,not_scored,,,,,,,missing_required_data,quarter_revenue_millions;quarter_revenue_yoy_pct;guidance_revenue_millions,regex_fallback,,,,,,6,6,6,1,3275,12544,Growth/earnings_8k_sec_parser/local_extractions_2024Q3/NI/NI_2024-08-07_000111171124000031.json,2024-08-08,30.889999,4.0142,6.3775,8.2875,10.1327,13.8232
2024Q3,NJR,2024-08-06,0001140361-24-035795,$500M-$1B,748984000,115921000,6537496000,-55280000,-261737000,343121000,,not_scored,,,,,,,missing_required_data,quarter_revenue_millions;quarter_revenue_yoy_pct;guidance_revenue_millions,regex_fallback,,,,,,6,6,6,6,3991,74840,Growth/earnings_8k_sec_parser/local_extractions_2024Q3/NJR/NJR_2024-08-06_000114036124035795.json,2024-08-07,44.080002,2.9038,4.0154,4.4238,2.8131,3.6524
2024Q3,NMIH,2024-07-30,0001547903-24-000138,$100M-$500M,136779000,74458000,2940507000,-17406000,-33751000,89835000,,not_scored,,,,,,,missing_required_data,quarter_revenue_yoy_pct;guidance_revenue_millions,regex_fallback,162.1,,,,,6,5,6,6,3324,43049,Growth/earnings_8k_sec_parser/local_extractions_2024Q3/NMIH/NMIH_2024-07-30_000154790324000138.json,2024-07-31,40.540001,-9.2995,-5.6487,1.3073,1.6033,-4.1194
2024Q3,NMRK,2024-08-02,0001690680-24-000021,$500M-$1B,520799000,-10350000,4471575000,498651000,-118059000,-398840000,,not_scored,,,,,,,missing_required_data,quarter_revenue_yoy_pct;guidance_revenue_millions,regex_fallback,630,,,,,6,6,6,6,5362,78816,Growth/earnings_8k_sec_parser/local_extractions_2024Q3/NMRK/NMRK_2024-08-02_000169068024000021.json,2024-08-05,11.180000,12.8801,23.1664,24.5975,33.6315,31.0376
2024Q3,NNBR,2024-08-07,0000918541-24-000113,$100M-$500M,127088000,-10175000,510885000,1251000,-3962000,226000,,not_scored,,,,,,,missing_required_data,quarter_revenue_yoy_pct;guidance_revenue_millions,regex_fallback,485,,,,,6,6,6,6,4525,49557,Growth/earnings_8k_sec_parser/local_extractions_2024Q3/NNBR/NNBR_2024-08-07_000091854124000113.json,2024-08-08,3.360000,11.6071,16.3691,2.6786,13.6905,10.1191
2024Q3,NOC,2024-07-25,0001133421-24-000050,$2B-$10B,9301000000,842000000,46544000000,929000000,-309000000,-702000000,,not_scored,,,,,,,missing_required_data,quarter_revenue_yoy_pct;guidance_revenue_millions,regex_fallback,10200,,,,,6,6,6,6,3353,36890,Growth/earnings_8k_sec_parser/local_extractions_2024Q3/NOC/NOC_2024-07-25_000113342124000050.json,2024-07-26,477.559998,3.1556,5.4737,7.2117,10.9515,9.6574
2024Q3,NOG,2024-07-29,0001104485-24-000142,$500M-$1B,582214000,340191000,4484255000,195458000,-461220000,269308000,,not_scored,,,,,,,missing_required_data,quarter_revenue_millions;quarter_revenue_yoy_pct;guidance_revenue_millions,regex_fallback,,,,,,3,3,5,2,2784,7176,Growth/earnings_8k_sec_parser/local_extractions_2024Q3/NOG/NOG_2024-07-29_000110448524000142.json,2024-07-30,40.330002,-5.8765,-3.3722,-0.0496,-12.1994,-9.3727
2024Q3,NOVT,2024-08-06,0000950170-24-091213,$100M-$500M,219126000,18265000,1226056000,-25066000,-3620000,10245000,,not_scored,,,,,,,missing_required_data,quarter_revenue_yoy_pct;guidance_revenue_millions,regex_fallback,236,,,,,6,6,6,6,3206,34244,Growth/earnings_8k_sec_parser/local_extractions_2024Q3/NOVT/NOVT_2024-08-06_000095017024091213.json,2024-08-07,174.360001,3.9000,4.3875,-3.4182,0.3441,-5.5575
2024Q3,NPKI,2024-08-05,0000071829-24-000090,$100M-$500M,200030000,5620000,642336000,-30270000,921000,29444000,,not_scored,,,,,,,missing_required_data,quarter_revenue_yoy_pct;guidance_revenue_millions,regex_fallback,30,,,,,6,5,6,6,4871,29646,Growth/earnings_8k_sec_parser/local_extractions_2024Q3/NPKI/NPKI_2024-08-05_000007182924000090.json,2024-08-06,8.220000,-3.1630,0.6083,-8.5158,-13.2603,-20.0730
2024Q3,NPO,2024-08-06,0001164863-24-000029,$1B-$2B,1150600000,37400000,2499500000,-12000000,-14800000,58500000,,not_scored,,,,,,,missing_required_data,quarter_revenue_yoy_pct;guidance_revenue_millions,regex_fallback,271.9,,,,,6,6,6,6,3331,35362,Growth/earnings_8k_sec_parser/local_extractions_2024Q3/NPO/NPO_2024-08-06_000116486324000029.json,2024-08-07,155.639999,-0.7389,1.3814,-6.5343,3.5338,-4.4269
2024Q3,NRDS,2024-07-31,0001625278-24-000140,$100M-$500M,169600000,1700000,418600000,8100000,-7600000,16400000,,not_scored,,,,,,,missing_required_data,quarter_revenue_yoy_pct,regex_fallback,150.6,,,180,,6,6,6,6,3910,24557,Growth/earnings_8k_sec_parser/local_extractions_2024Q3/NRDS/NRDS_2024-07-31_000162527824000140.json,2024-08-01,13.410000,-15.3617,-9.5078,-6.0403,-5.2200,12.3043
2024Q3,NRG,2024-08-08,0001013871-24-000014,$2B-$10B,7722000000,-1335000000,26038000000,2536000000,-2350000000,-1598000000,,not_scored,,,,,,,missing_required_data,quarter_revenue_millions;quarter_revenue_yoy_pct;guidance_revenue_millions,regex_fallback,,,,,,6,6,6,6,2913,57401,Growth/earnings_8k_sec_parser/local_extractions_2024Q3/NRG/NRG_2024-08-08_000101387124000014.json,2024-08-09,77.690002,5.9853,6.3457,0.2960,20.4273,24.0829
2024Q3,NSC,2024-07-25,0001552781-24-000408,$2B-$10B,3132000000,466000000,41652000000,-686000000,-391000000,1173000000,,not_scored,,,,,,,missing_required_data,quarter_revenue_yoy_pct;guidance_revenue_millions,regex_fallback,3000,,,,,6,3,6,6,3661,12686,Growth/earnings_8k_sec_parser/local_extractions_2024Q3/NSC/NSC_2024-07-25_000155278124000408.json,2024-07-26,242.000000,-0.9587,-0.3512,0.1529,2.0372,4.7190
2024Q3,NSIT,2024-08-01,0001628280-24-033897,$2B-$10B,2323947000,49972000,6286350000,-140654000,-9106000,160160000,,not_scored,,,,,,,missing_required_data,guidance_revenue_millions,regex_fallback,453.4,-8,,,,6,6,6,6,3460,86134,Growth/earnings_8k_sec_parser/local_extractions_2024Q3/NSIT/NSIT_2024-08-01_000162828024033897.json,2024-08-02,190.710007,-2.6323,8.4788,6.1087,10.7388,-8.2796
2024Q3,NSP,2024-08-01,0001000753-24-000043,$1B-$2B,1770000000,95000000,2120000000,-47000000,-9000000,40000000,,not_scored,,,,,,,missing_required_data,guidance_revenue_millions,regex_fallback,1600,1,,,,6,6,6,6,2869,21231,Growth/earnings_8k_sec_parser/local_extractions_2024Q3/NSP/NSP_2024-08-01_000100075324000043.json,2024-08-02,93.300003,-2.9046,-0.6538,-1.2969,-7.5991,-15.5734
2024Q3,NSSC,2024-08-26,0001558370-24-012472,$100M-$500M,125339000,3084000,166654000,82000,-22713000,12416000,,not_scored,,,,,,,missing_required_data,quarter_revenue_yoy_pct;guidance_revenue_millions,regex_fallback,50.3,,,,,6,1,6,4,3528,24522,Growth/earnings_8k_sec_parser/local_extractions_2024Q3/NSSC/NSSC_2024-08-26_000155837024012472.json,2024-08-27,46.880001,-26.9838,-15.9130,-11.8601,-16.8089,-14.5478
2024Q3,NTAP,2024-08-28,0000950170-24-101383,$2B-$10B,6318000000,937000000,9818000000,-1017000000,-561000000,1211000000,,not_scored,,,,,,,missing_required_data,quarter_revenue_yoy_pct,regex_fallback,1540,,,1565,70,6,6,6,6,4279,42678,Growth/earnings_8k_sec_parser/local_extractions_2024Q3/NTAP/NTAP_2024-08-28_000095017024101383.json,2024-08-29,125.080002,-8.3786,-4.5811,-1.2552,-3.7336,-2.1186
2024Q3,NTCT,2024-07-25,0001628280-24-032902,$500M-$1B,855575000,35874000,2820560000,-54165000,-68353000,296013000,,not_scored,,,,,,,missing_required_data,quarter_revenue_yoy_pct;guidance_revenue_millions,regex_fallback,174.6,,,,,6,6,6,6,3472,25931,Growth/earnings_8k_sec_parser/local_extractions_2024Q3/NTCT/NTCT_2024-07-25_000162828024032902.json,2024-07-26,20.510000,-12.1404,-4.4369,3.1204,5.1682,-0.2438
2024Q3,NTGR,2024-07-31,0000950170-24-088580,$100M-$500M,180908000,-9712000,847142000,2166000,-14597000,9122000,,not_scored,,,,,,,missing_required_data,quarter_revenue_yoy_pct;guidance_revenue_millions,regex_fallback,143.9,,,,,6,6,6,6,3322,32694,Growth/earnings_8k_sec_parser/local_extractions_2024Q3/NTGR/NTGR_2024-07-31_000095017024088580.json,2024-08-01,16.850000,-11.0386,-4.7478,-3.1454,19.0504,22.7300
2024Q3,NTNX,2024-08-28,0000950170-24-101375,$1B-$2B,1368685000,-99514000,2526915000,-136361000,-40873000,214094000,,not_scored,,,,,,,missing_required_data,quarter_revenue_yoy_pct;guidance_revenue_millions,regex_fallback,1910,,,,,6,5,6,6,3618,32920,Growth/earnings_8k_sec_parser/local_extractions_2024Q3/NTNX/NTNX_2024-08-28_000095017024101375.json,2024-08-29,60.990002,-1.3773,-5.8862,-2.8529,5.1320,9.3622
2024Q3,NTRA,2024-08-08,0001104659-24-087273,$100M-$500M,241756000,-136937000,1441699000,2301000,15870000,-81108000,,not_scored,,,,,,,missing_required_data,quarter_revenue_yoy_pct;guidance_revenue_millions,regex_fallback,413.4,,,,,6,6,6,6,3657,34148,Growth/earnings_8k_sec_parser/local_extractions_2024Q3/NTRA/NTRA_2024-08-08_000110465924087273.json,2024-08-09,105.550003,17.2714,10.1374,11.4732,24.9929,23.5339
2024Q3,NTRS,2024-07-17,0000073124-24-000203,$1B-$2B,1063600000,334600000,150783100000,-4597700000,4919200000,-164900000,,not_scored,,,,,,,missing_required_data,quarter_revenue_millions;quarter_revenue_yoy_pct;guidance_revenue_millions,regex_fallback,,,,,,6,0,6,6,4362,47021,Growth/earnings_8k_sec_parser/local_extractions_2024Q3/NTRS/NTRS_2024-07-17_000007312424000203.json,2024-07-18,87.839996,0.8652,-5.5783,-0.7514,2.1744,10.0182
2024Q3,NUE,2024-07-22,0001193125-24-182285,$2B-$10B,8709980000,1136542000,35340499000,-920674000,-769783000,1207173000,,not_scored,,,,,,,missing_required_data,quarter_revenue_yoy_pct;guidance_revenue_millions,regex_fallback,8080,,,,,6,6,6,6,3895,45596,Growth/earnings_8k_sec_parser/local_extractions_2024Q3/NUE/NUE_2024-07-22_000119312524182285.json,2024-07-23,160.500000,-5.8878,-11.9315,-8.8972,-8.4112,-2.7352
2024Q3,NUS,2024-08-08,0001140361-24-036406,$100M-$500M,481462000,11376000,1806463000,1380000,-14696000,-22077000,,not_scored,,,,,,,missing_required_data,quarter_revenue_yoy_pct;guidance_revenue_millions,regex_fallback,439.1,,,,,6,5,6,6,3364,23137,Growth/earnings_8k_sec_parser/local_extractions_2024Q3/NUS/NUS_2024-08-08_000114036124036406.json,2024-08-09,10.710000,-8.9636,-13.2586,-31.8394,-39.7759,-39.7759
2024Q3,NVCR,2024-07-25,0001645113-24-000018,$100M-$500M,122182000,-53061000,1146129000,5204000,82287000,-16727000,,not_scored,,,,,,,missing_required_data,quarter_revenue_yoy_pct;guidance_revenue_millions,regex_fallback,150,,,,,3,1,6,6,2866,13381,Growth/earnings_8k_sec_parser/local_extractions_2024Q3/NVCR/NVCR_2024-07-25_000164511324000018.json,2024-07-26,19.360001,5.7851,-2.3244,-6.2500,-15.1343,-15.4442
2024Q3,NVDA,2024-08-28,0001045810-24-000262,$2B-$10B,7192000000,2043000000,65728000000,-380000000,-841000000,2911000000,,not_scored,,,,,,,missing_required_data,quarter_revenue_yoy_pct,regex_fallback,30000,,,32500,74.4,6,6,6,6,3986,39037,Growth/earnings_8k_sec_parser/local_extractions_2024Q3/NVDA/NVDA_2024-08-28_000104581024000262.json,2024-08-29,121.360001,-12.2693,-6.5837,0.0659,15.7877,11.5194
2024Q3,NVR,2024-07-23,0000906163-24-000094,$2B-$10B,2178277000,344352000,6601757000,-28532000,-2915000,315522000,,not_scored,,,,,,,missing_required_data,quarter_revenue_yoy_pct;guidance_revenue_millions,regex_fallback,2610,,,,,6,1,6,3,3151,12541,Growth/earnings_8k_sec_parser/local_extractions_2024Q3/NVR/NVR_2024-07-23_000090616324000094.json,2024-07-24,8571.980469,-3.4548,-0.0462,8.7411,13.2493,10.1070
2024Q3,NVRI,2024-08-01,0000045876-24-000045,$500M-$1B,560705000,-9525000,2854698000,-2159000,-22539000,36912000,,not_scored,,,,,,,missing_required_data,quarter_revenue_yoy_pct;guidance_revenue_millions,regex_fallback,610,,,,,6,6,6,6,3292,46862,Growth/earnings_8k_sec_parser/local_extractions_2024Q3/NVRI/NVRI_2024-08-01_000004587624000045.json,2024-08-02,12.100000,-11.9008,-6.8595,-6.9421,-15.3719,-36.6942
2024Q3,NWE,2024-07-31,0001993004-24-000073,$100M-$500M,454542000,62530000,7280994000,-72456000,-136604000,213699000,,not_scored,,,,,,,missing_required_data,quarter_revenue_yoy_pct;guidance_revenue_millions,regex_fallback,156.5,,,,,6,6,6,6,5123,82131,Growth/earnings_8k_sec_parser/local_extractions_2024Q3/NWE/NWE_2024-07-31_000199300424000073.json,2024-08-01,53.950001,-3.9666,-1.1677,0.1483,6.0612,-0.0741
2024Q3,NWL,2024-07-26,0000814453-24-000102,$1B-$2B,1805000000,-102000000,12163000000,128000000,-68000000,-77000000,,not_scored,,,,,,,missing_required_data,quarter_revenue_yoy_pct;guidance_revenue_millions,regex_fallback,2000,,,,,6,6,6,6,3542,50560,Growth/earnings_8k_sec_parser/local_extractions_2024Q3/NWL/NWL_2024-07-26_000081445324000102.json,2024-07-29,8.970000,-17.6143,-17.5028,-20.5128,-14.9387,6.2430
2024Q3,NWN,2024-08-02,0001733998-24-000091,$100M-$500M,462423000,71671000,4592096000,11187000,-73018000,176861000,,not_scored,,,,,,,missing_required_data,quarter_revenue_millions;quarter_revenue_yoy_pct;guidance_revenue_millions,regex_fallback,,,,,,6,6,6,6,10150,28652,Growth/earnings_8k_sec_parser/local_extractions_2024Q3/NWN/NWN_2024-08-02_000173399824000091.json,2024-08-05,39.330002,-1.7544,2.4155,0.9662,0.4831,-2.3138
2024Q3,NWS,2024-08-08,0001564708-24-000390,$2B-$10B,7446000000,157000000,16921000000,-382000000,-440000000,670000000,,not_scored,,,,,,,missing_required_data,quarter_revenue_yoy_pct;guidance_revenue_millions,regex_fallback,2580,,,,,6,3,6,6,3550,58878,Growth/earnings_8k_sec_parser/local_extractions_2024Q3/NWS/NWS_2024-08-08_000156470824000390.json,2024-08-09,28.450001,1.5817,1.7223,-2.8471,-4.3937,10.0879
2024Q3,NWSA,2024-08-08,0001564708-24-000390,$2B-$10B,7446000000,157000000,16921000000,-382000000,-440000000,670000000,,not_scored,,,,,,,missing_required_data,quarter_revenue_yoy_pct;guidance_revenue_millions,regex_fallback,2580,,,,,6,3,6,6,3550,58878,Growth/earnings_8k_sec_parser/local_extractions_2024Q3/NWSA/NWSA_2024-08-08_000156470824000390.json,2024-08-09,27.100000,2.6568,2.7675,-1.8450,-4.3911,7.6015
2024Q3,NXPI,2024-07-23,0001413447-24-000074,$2B-$10B,3121000000,615000000,24353000000,-198000000,-351000000,632000000,,not_scored,,,,,,,missing_required_data,quarter_revenue_yoy_pct;guidance_revenue_millions,regex_fallback,3130,,,,,6,6,6,6,3191,27347,Growth/earnings_8k_sec_parser/local_extractions_2024Q3/NXPI/NXPI_2024-07-23_000141344724000074.json,2024-07-24,260.769989,-9.7250,-4.8932,-3.1215,-11.0864,-11.2168
2024Q3,NXST,2024-08-08,0001193125-24-196469,$1B-$2B,1257000000,111000000,12078000000,-251000000,-36000000,494000000,,not_scored,,,,,,,missing_required_data,quarter_revenue_yoy_pct;guidance_revenue_millions,regex_fallback,1270,,,,,6,3,6,6,2916,20831,Growth/earnings_8k_sec_parser/local_extractions_2024Q3/NXST/NXST_2024-08-08_000119312524196469.json,2024-08-09,162.369995,2.9685,3.8616,0.2402,0.5050,16.0929
2024Q3,NXT,2024-08-01,0001852131-24-000010,$1B-$2B,1457592000,0,1419680000,-8656000,-5750000,-147113000,,not_scored,,,,,,,missing_required_data,quarter_revenue_yoy_pct;guidance_revenue_millions,regex_fallback,2800,,,,,6,6,6,6,3455,20092,Growth/earnings_8k_sec_parser/local_extractions_2024Q3/NXT/NXT_2024-08-01_000185213124000010.json,2024-08-02,43.400002,-10.1843,-9.1244,-14.2166,-12.3733,-8.2489
2024Q3,ODFL,2024-07-24,0000950170-24-085869,$500M-$1B,754096000,285038000,5512393000,-194180000,-199875000,415367000,,not_scored,,,,,,,missing_required_data,quarter_revenue_millions;quarter_revenue_yoy_pct;guidance_revenue_millions,regex_fallback,,,,,,6,1,6,6,2916,16786,Growth/earnings_8k_sec_parser/local_extractions_2024Q3/ODFL/ODFL_2024-07-24_000095017024085869.json,2024-07-25,194.649994,-0.2004,-0.8477,2.2964,0.7809,-3.0722
2024Q3,OEC,2024-08-01,0001609804-24-000024,$500M-$1B,500700000,42300000,1833400000,-62500000,-30500000,108100000,,not_scored,,,,,,,missing_required_data,quarter_revenue_yoy_pct;guidance_revenue_millions,regex_fallback,477,,,,,6,5,6,6,3562,33579,Growth/earnings_8k_sec_parser/local_extractions_2024Q3/OEC/OEC_2024-08-01_000160980424000024.json,2024-08-02,19.500000,-8.3590,-10.2051,-8.8718,-11.0769,-23.1282
2024Q3,OFIX,2024-08-06,0000950170-24-091199,$100M-$500M,175204000,-60938000,925315000,15983000,17084000,-34020000,,not_scored,,,,,,,missing_required_data,quarter_revenue_yoy_pct,regex_fallback,198.6,,,795,,6,6,6,6,16164,37211,Growth/earnings_8k_sec_parser/local_extractions_2024Q3/OFIX/OFIX_2024-08-06_000095017024091199.json,2024-08-07,17.450001,-5.8453,0.2292,-6.9341,-13.5244,1.4900
2024Q3,OGS,2024-08-05,0001587732-24-000049,$1B-$2B,1530268000,102621000,7770994000,-310388000,-149879000,469066000,,not_scored,,,,,,,missing_required_data,quarter_revenue_yoy_pct;guidance_revenue_millions,regex_fallback,1.6,,,,,6,6,6,6,3547,32082,Growth/earnings_8k_sec_parser/local_extractions_2024Q3/OGS/OGS_2024-08-05_000158773224000049.json,2024-08-06,66.839996,0.0299,3.1119,4.3387,7.7947,4.6828
2024Q3,OI,2024-07-30,0001104659-24-083994,$2B-$10B,3366000000,206000000,9425000000,-16000000,-98000000,-193000000,,not_scored,,,,,,,missing_required_data,quarter_revenue_yoy_pct;guidance_revenue_millions,regex_fallback,1700,,,,,6,6,6,6,3527,29271,Growth/earnings_8k_sec_parser/local_extractions_2024Q3/OI/OI_2024-07-30_000110465924083994.json,2024-07-31,11.410000,-0.2629,5.0833,11.2182,14.9869,9.0272
2024Q3,OII,2024-07-24,0000073756-24-000125,$500M-$1B,536987000,4060000,2239006000,-4936000,-15690000,-42919000,,not_scored,,,,,,,missing_required_data,quarter_revenue_yoy_pct;guidance_revenue_millions,regex_fallback,669,,,,,6,6,6,6,3519,29171,Growth/earnings_8k_sec_parser/local_extractions_2024Q3/OII/OII_2024-07-24_000007375624000125.json,2024-07-25,25.750000,-2.1359,2.7184,6.0583,2.3301,-9.7864
2024Q3,OKE,2024-08-05,0001039684-24-000135,$2B-$10B,4521000000,1049000000,24464000000,-808000000,47000000,1221000000,,not_scored,,,,,,,missing_required_data,quarter_revenue_millions;quarter_revenue_yoy_pct;guidance_revenue_millions,regex_fallback,,,,,,6,6,6,4,3689,31162,Growth/earnings_8k_sec_parser/local_extractions_2024Q3/OKE/OKE_2024-08-05_000103968424000135.json,2024-08-06,79.360001,10.2067,11.6431,15.6880,19.5060,20.5141
2024Q3,OKTA,2024-08-28,0001660134-24-000134,$500M-$1B,518000000,-119000000,8989000000,-326000000,59000000,129000000,,not_scored,,,,,,,missing_required_data,quarter_revenue_yoy_pct;guidance_revenue_millions,regex_fallback,646,,,,,6,6,6,6,4251,26919,Growth/earnings_8k_sec_parser/local_extractions_2024Q3/OKTA/OKTA_2024-08-28_000166013424000134.json,2024-08-29,83.010002,-14.1429,-10.9866,-10.4445,-11.7576,-7.9388
2024Q3,OLED,2024-08-01,0000950170-24-089268,$100M-$500M,130467000,39839000,1668961000,-23432000,40675000,47621000,,not_scored,,,,,,,missing_required_data,quarter_revenue_yoy_pct;guidance_revenue_millions,regex_fallback,158.5,,,,,6,4,6,6,3455,14800,Growth/earnings_8k_sec_parser/local_extractions_2024Q3/OLED/OLED_2024-08-01_000095017024089268.json,2024-08-02,188.259995,-8.8335,0.9243,-3.1021,8.0261,-4.2176
2024Q3,OLLI,2024-08-29,0001140361-24-039085,$100M-$500M,459154000,30980000,2091038000,-12198000,-99311000,35872000,,not_scored,,,,,,,missing_required_data,quarter_revenue_yoy_pct;guidance_revenue_millions,regex_fallback,514.5,,,,,6,6,6,5,3736,22267,Growth/earnings_8k_sec_parser/local_extractions_2024Q3/OLLI/OLLI_2024-08-29_000114036124039085.json,2024-08-30,87.750000,5.3903,11.4644,10.7692,2.6325,12.7635
2024Q3,OMC,2024-07-16,0000029989-24-000019,$2B-$10B,3443300000,227500000,28044600000,-479000000,-37600000,-522100000,,not_scored,,,,,,,missing_required_data,quarter_revenue_yoy_pct;guidance_revenue_millions,regex_fallback,3900,,,,,6,3,6,6,8381,60372,Growth/earnings_8k_sec_parser/local_extractions_2024Q3/OMC/OMC_2024-07-16_000002998924000019.json,2024-07-17,90.550003,5.4445,0.9056,6.6593,11.6400,14.8758
2024Q3,OMCL,2024-08-01,0000926326-24-000024,$100M-$500M,290629000,-15000000,2226878000,3862000,-13640000,12770000,,not_scored,,,,,,,missing_required_data,quarter_revenue_yoy_pct;guidance_revenue_millions,regex_fallback,277,,,,,6,6,6,6,3508,39868,Growth/earnings_8k_sec_parser/local_extractions_2024Q3/OMCL/OMCL_2024-08-01_000092632624000024.json,2024-08-02,39.599998,1.9950,7.3737,11.1111,7.0202,22.8283
2024Q3,ON,2024-07-29,0001193125-24-186735,$1B-$2B,1959700000,461700000,13215200000,-63400000,-562000000,408900000,,not_scored,,,,,,,missing_required_data,quarter_revenue_yoy_pct;guidance_revenue_millions,regex_fallback,1735.2,,,,,6,6,6,6,3766,32990,Growth/earnings_8k_sec_parser/local_extractions_2024Q3/ON/ON_2024-07-29_000119312524186735.json,2024-07-30,77.800003,-8.3548,-0.1028,-1.9280,-6.6710,-7.1465
2024Q3,ONB,2024-07-23,0001628280-24-032507,$100M-$500M,130804000,146600000,49089836000,971920000,-640086000,53689000,,not_scored,,,,,,,missing_required_data,quarter_revenue_yoy_pct;guidance_revenue_millions,regex_fallback,199,,,,,6,5,6,6,4101,49660,Growth/earnings_8k_sec_parser/local_extractions_2024Q3/ONB/ONB_2024-07-23_000162828024032507.json,2024-07-24,20.209999,-11.2815,-11.0836,-3.1173,-6.1356,-6.6304
2024Q3,ONC,2024-08-07,0001651308-24-000097,$100M-$500M,447801000,-348431000,5805275000,-19868000,241063000,-563777000,,not_scored,,,,,,,missing_required_data,quarter_revenue_yoy_pct;guidance_revenue_millions,regex_fallback,929,,,,,6,4,6,6,4766,22638,Growth/earnings_8k_sec_parser/local_extractions_2024Q3/ONC/ONC_2024-08-07_000165130824000097.json,2024-08-08,178.800003,7.6622,10.8277,8.1152,35.9172,13.3837
2024Q3,ONEW,2024-07-30,0001772921-24-000040,$500M-$1B,890990000,31704000,1770451000,220355000,-40379000,-169259000,,not_scored,,,,,,,missing_required_data,guidance_revenue_millions,regex_fallback,542,-9,,,,6,6,6,6,3522,22819,Growth/earnings_8k_sec_parser/local_extractions_2024Q3/ONEW/ONEW_2024-07-30_000177292124000040.json,2024-07-31,25.879999,-12.5966,-9.6213,-7.1484,-7.6121,-11.9011
2024Q3,ONTO,2024-08-08,0000950170-24-093934,$100M-$500M,199165000,29068000,1909712000,-9470000,-13238000,50067000,,not_scored,,,,,,,missing_required_data,quarter_revenue_yoy_pct,regex_fallback,242,,,255,,6,6,6,6,3470,18388,Growth/earnings_8k_sec_parser/local_extractions_2024Q3/ONTO/ONTO_2024-08-08_000095017024093934.json,2024-08-09,190.000000,12.6158,10.0316,-4.9316,9.9105,-7.2158
2024Q3,OPCH,2024-07-31,0001014739-24-000032,$1B-$2B,1015848000,39208000,3217035000,-80402000,-5760000,89752000,,not_scored,,,,,,,missing_required_data,quarter_revenue_yoy_pct;guidance_revenue_millions,regex_fallback,1227.2,,,,,6,4,6,5,3326,12835,Growth/earnings_8k_sec_parser/local_extractions_2024Q3/OPCH/OPCH_2024-07-31_000101473924000032.json,2024-08-01,29.969999,1.9019,3.5369,8.0080,4.4378,-21.4214
2024Q3,OPLN,2024-08-07,0001395942-24-000058,$100M-$500M,420600000,12700000,5147900000,88900000,263600000,431900000,,not_scored,,,,,,,missing_required_data,quarter_revenue_yoy_pct;guidance_revenue_millions,regex_fallback,432,,,,,6,6,6,6,4259,80824,Growth/earnings_8k_sec_parser/local_extractions_2024Q3/OPLN/OPLN_2024-08-07_000139594224000058.json,2024-08-08,16.219999,6.3502,5.9186,0.5549,-3.0210,7.7682
2024Q3,OPTU,2024-08-01,0001628280-24-033892,$2B-$10B,2293978000,25865000,31923616000,81405000,-583095000,416846000,,not_scored,,,,,,,missing_required_data,quarter_revenue_yoy_pct;guidance_revenue_millions,regex_fallback,2200,,,,,6,1,6,6,3260,30286,Growth/earnings_8k_sec_parser/local_extractions_2024Q3/OPTU/OPTU_2024-08-01_000162828024033892.json,2024-08-02,1.780000,-10.1124,3.9326,1.1236,35.9551,36.5169
2024Q3,ORGO,2024-08-08,0000950170-24-093893,$100M-$500M,107642000,-2969000,460025000,-1236000,-7562000,-5077000,,not_scored,,,,,,,missing_required_data,quarter_revenue_yoy_pct;guidance_revenue_millions,regex_fallback,130.2,,,,,6,6,6,6,3317,26008,Growth/earnings_8k_sec_parser/local_extractions_2024Q3/ORGO/ORGO_2024-08-08_000095017024093893.json,2024-08-09,2.800000,-4.6429,3.5714,-9.2857,6.7857,16.4286
2024Q3,ORLY,2024-07-24,0000898173-24-000032,$2B-$10B,3707864000,516885000,13872995000,-541669000,-221520000,713764000,,not_scored,,,,,,,missing_required_data,quarter_revenue_yoy_pct;guidance_revenue_millions,regex_fallback,203,,,,,6,4,6,6,3522,25216,Growth/earnings_8k_sec_parser/local_extractions_2024Q3/ORLY/ORLY_2024-07-24_000089817324000032.json,2024-07-25,70.047333,5.2165,7.4721,6.6212,6.5794,14.1371
2024Q3,ORN,2024-07-25,0001402829-24-000054,$100M-$500M,159174000,-12595000,416893000,3394000,-1300000,-3033000,,not_scored,,,,,,,missing_required_data,quarter_revenue_yoy_pct;guidance_revenue_millions,regex_fallback,192.2,,,,,6,6,6,6,4826,30617,Growth/earnings_8k_sec_parser/local_extractions_2024Q3/ORN/ORN_2024-07-25_000140282924000054.json,2024-07-26,8.010000,-15.3558,-9.8627,-0.3745,-30.3371,-30.4619
2024Q3,OSCR,2024-08-07,0001568651-24-000021,$1B-$2B,1469685000,-39772000,3601480000,506000,135509000,414715000,,not_scored,,,,,,,missing_required_data,quarter_revenue_yoy_pct;guidance_revenue_millions,regex_fallback,2200,,,,,6,6,6,6,3427,25411,Growth/earnings_8k_sec_parser/local_extractions_2024Q3/OSCR/OSCR_2024-08-07_000156865124000021.json,2024-08-08,17.010000,3.5861,1.5285,2.7043,8.6420,-8.5832
2024Q3,OSIS,2024-08-22,0001104659-24-091849,$500M-$1B,829660000,49397000,1555686000,-37050000,-30386000,72678000,,not_scored,,,,,,,missing_required_data,quarter_revenue_yoy_pct;guidance_revenue_millions,regex_fallback,481,,,,,6,6,6,6,3583,19720,Growth/earnings_8k_sec_parser/local_extractions_2024Q3/OSIS/OSIS_2024-08-22_000110465924091849.json,2024-08-23,157.149994,-9.8123,-9.6786,-7.1842,-10.5377,5.2052
2024Q3,OSUR,2024-08-06,0001116463-24-000034,$100M-$500M,154963000,27219000,482845000,-1331000,1016000,6002000,,not_scored,,,,,,,missing_required_data,quarter_revenue_yoy_pct;guidance_revenue_millions,regex_fallback,54.3,,,,,6,6,6,6,4290,28060,Growth/earnings_8k_sec_parser/local_extractions_2024Q3/OSUR/OSUR_2024-08-06_000111646324000034.json,2024-08-07,4.910000,-13.0346,-10.7943,-16.2933,-16.7006,-12.6273
2024Q3,OSW,2024-07-31,0000950170-24-088227,$100M-$500M,182455000,-15904000,706140000,-10306000,-1319000,2192000,,not_scored,,,,,,,missing_required_data,quarter_revenue_yoy_pct;guidance_revenue_millions,regex_fallback,224.9,,,,,6,6,6,6,3602,25709,Growth/earnings_8k_sec_parser/local_extractions_2024Q3/OSW/OSW_2024-07-31_000095017024088227.json,2024-08-01,16.270000,-7.3141,-6.2692,-5.6546,1.4751,10.1414
2024Q3,OTEX,2024-08-01,0001002638-24-000049,$2B-$10B,2994150000,199113000,17089200000,4662276000,-5625003000,663904000,,not_scored,,,,,,,missing_required_data,quarter_revenue_yoy_pct;guidance_revenue_millions,regex_fallback,5800,,,,,6,6,6,6,6183,77162,Growth/earnings_8k_sec_parser/local_extractions_2024Q3/OTEX/OTEX_2024-08-01_000100263824000049.json,2024-08-02,29.500000,0.9153,8.0000,7.7627,11.2542,1.6949
2024Q3,OTIS,2024-07-24,0001781335-24-000036,$2B-$10B,3346000000,331000000,10117000000,-341000000,-21000000,278000000,,not_scored,,,,,,,missing_required_data,quarter_revenue_yoy_pct;guidance_revenue_millions,regex_fallback,3600,,,,,6,5,6,6,3918,32341,Growth/earnings_8k_sec_parser/local_extractions_2024Q3/OTIS/OTIS_2024-07-24_000178133524000036.json,2024-07-25,91.500000,2.0984,0.6667,2.3497,5.1913,12.4153
2024Q3,OTTR,2024-08-06,0001466593-24-000125,$100M-$500M,340291000,62481000,3242568000,29910000,-100379000,55553000,,not_scored,,,,,,,missing_required_data,quarter_revenue_yoy_pct;guidance_revenue_millions,regex_fallback,0.9,,,,,6,6,6,6,3199,21819,Growth/earnings_8k_sec_parser/local_extractions_2024Q3/OTTR/OTTR_2024-08-06_000146659324000125.json,2024-08-07,91.220001,-3.1572,-4.8235,-14.9857,-16.7617,-10.6007
2024Q3,OUT,2024-08-06,0001579877-24-000083,$100M-$500M,395800000,-28900000,5582900000,20700000,-27700000,9400000,,not_scored,,,,,,,missing_required_data,quarter_revenue_yoy_pct;guidance_revenue_millions,regex_fallback,477.3,,,,,6,4,6,6,4346,38747,Growth/earnings_8k_sec_parser/local_extractions_2024Q3/OUT/OUT_2024-08-06_000157987724000083.json,2024-08-07,14.784836,14.9688,16.5627,10.9494,24.7401,25.2252
2024Q3,OXY,2024-07-10,0000797468-24-000121,$2B-$10B,7225000000,1263000000,74008000000,-1080000000,-1598000000,2870000000,,not_scored,,,,,,,missing_required_data,quarter_revenue_millions;quarter_revenue_yoy_pct;guidance_revenue_millions,regex_fallback,,,,,,0,2,3,2,3672,8490,Growth/earnings_8k_sec_parser/local_extractions_2024Q3/OXY/OXY_2024-07-10_000079746824000121.json,2024-07-11,61.169998,0.0654,-0.5722,-3.5802,-14.6967,-11.8849
2024Q3,PACS,2024-08-12,0002001184-24-000037,$500M-$1B,708442000,37597000,3512739000,14915000,-57554000,79290000,,not_scored,,,,,,,missing_required_data,quarter_revenue_yoy_pct,regex_fallback,1900,,,3850,,4,6,6,6,3257,34732,Growth/earnings_8k_sec_parser/local_extractions_2024Q3/PACS/PACS_2024-08-12_000200118424000037.json,2024-08-13,36.500000,13.2055,8.3014,9.5890,9.8904,-39.8356
2024Q3,PAHC,2024-08-28,0001558370-24-012519,$500M-$1B,722840000,21108000,971397000,33319000,-63736000,-6928000,,not_scored,,,,,,,missing_required_data,quarter_revenue_yoy_pct;guidance_revenue_millions,regex_fallback,273.2,,,,,6,6,6,6,3611,34174,Growth/earnings_8k_sec_parser/local_extractions_2024Q3/PAHC/PAHC_2024-08-28_000155837024012519.json,2024-08-29,19.639999,4.5316,12.7800,14.6640,20.1629,20.1120
2024Q3,PANL,2024-08-08,0001606909-24-000085,$100M-$500M,113699075,3474267,705179968,-19601075,8794492,11571650,,not_scored,,,,,,,missing_required_data,quarter_revenue_yoy_pct;guidance_revenue_millions,regex_fallback,131.5,,,,,6,1,6,6,3600,39345,Growth/earnings_8k_sec_parser/local_extractions_2024Q3/PANL/PANL_2024-08-08_000160690924000085.json,2024-08-09,6.610000,0.6051,2.8744,-6.3540,3.7821,0.4539
2024Q3,PANW,2024-08-19,0001327567-24-000023,$2B-$10B,4939400000,212000000,14501100000,-91500000,-2396400000,2363400000,,not_scored,,,,,,,missing_required_data,guidance_revenue_millions,regex_fallback,2200,12,,,,6,6,6,6,4570,22090,Growth/earnings_8k_sec_parser/local_extractions_2024Q3/PANW/PANW_2024-08-19_000132756724000023.json,2024-08-20,174.345001,4.0236,-1.3307,-4.3276,8.5233,10.9381
2024Q3,PAR,2024-08-08,0000708821-24-000076,$100M-$500M,100437000,-15905000,802606000,-2426000,-1767000,-16748000,,not_scored,,,,,,,missing_required_data,quarter_revenue_yoy_pct;guidance_revenue_millions,regex_fallback,192.2,,,,,6,1,6,6,3573,38786,Growth/earnings_8k_sec_parser/local_extractions_2024Q3/PAR/PAR_2024-08-08_000070882124000076.json,2024-08-09,49.400002,9.5547,9.1700,6.3968,14.7571,34.6761
2024Q3,PARR,2024-08-06,0000821483-24-000018,$1B-$2B,1685209000,237890000,3863950000,33754000,-2457000,139095000,,not_scored,,,,,,,missing_required_data,quarter_revenue_millions;quarter_revenue_yoy_pct;guidance_revenue_millions,regex_fallback,,,,,,6,1,6,6,3342,42765,Growth/earnings_8k_sec_parser/local_extractions_2024Q3/PARR/PARR_2024-08-06_000082148324000018.json,2024-08-07,25.400000,-9.4882,-14.8425,-21.8110,-26.3779,-40.5118
2024Q3,PATK,2024-08-01,0000076605-24-000136,$500M-$1B,900100000,30173000,2562448000,32463000,-23577000,-950000,,not_scored,,,,,,,missing_required_data,quarter_revenue_millions;quarter_revenue_yoy_pct;guidance_revenue_millions,regex_fallback,,,,,,6,2,6,6,4306,17591,Growth/earnings_8k_sec_parser/local_extractions_2024Q3/PATK/PATK_2024-08-01_000007660524000136.json,2024-08-02,79.580002,0.2346,6.7689,5.6798,20.9014,5.5374
2024Q3,PAYC,2024-07-31,0000950170-24-088567,$100M-$500M,451637000,119296000,4197539000,183003000,-40618000,146103000,,not_scored,,,,,,,missing_required_data,quarter_revenue_yoy_pct;guidance_revenue_millions,regex_fallback,438,,,,,6,3,6,1,3534,25237,Growth/earnings_8k_sec_parser/local_extractions_2024Q3/PAYC/PAYC_2024-07-31_000095017024088567.json,2024-08-01,174.020004,-11.6711,-7.5968,-7.3153,-4.2811,-1.0171
2024Q3,PAYO,2024-08-07,0001558370-24-011207,$100M-$500M,192014000,7938000,7283119000,-364490000,-57004000,3902000,,not_scored,,,,,,,missing_required_data,quarter_revenue_yoy_pct;guidance_revenue_millions,regex_fallback,7.5,,,,,6,4,6,6,3740,26036,Growth/earnings_8k_sec_parser/local_extractions_2024Q3/PAYO/PAYO_2024-08-07_000155837024011207.json,2024-08-08,6.490000,10.0154,9.3991,10.0154,18.3359,59.4761
2024Q3,PBF,2024-08-01,0001534504-24-000031,$2B-$10B,9295000000,382100000,14387800000,-646400000,-378700000,437600000,,not_scored,,,,,,,missing_required_data,quarter_revenue_millions;quarter_revenue_yoy_pct;guidance_revenue_millions,regex_fallback,,,,,,6,5,6,6,4098,44538,Growth/earnings_8k_sec_parser/local_extractions_2024Q3/PBF/PBF_2024-08-01_000153450424000031.json,2024-08-02,38.209999,-2.0937,-12.1958,-12.6407,-17.9272,-25.3599
2024Q3,PBH,2024-08-08,0001295947-24-000023,$1B-$2B,1086812000,205381000,3353729000,-7569000,-256511000,259922000,,not_scored,,,,,,,missing_required_data,quarter_revenue_yoy_pct;guidance_revenue_millions,regex_fallback,267.1,,,,,6,6,6,6,5308,32390,Growth/earnings_8k_sec_parser/local_extractions_2024Q3/PBH/PBH_2024-08-08_000129594724000023.json,2024-08-09,66.970001,3.4194,10.4972,8.4515,1.6873,19.5909
2024Q3,PBI,2024-08-08,0001140361-24-036439,$500M-$1B,834538000,-7737000,4272185000,-79442000,-41413000,-39714000,,not_scored,,,,,,,missing_required_data,quarter_revenue_yoy_pct;guidance_revenue_millions,regex_fallback,793,,,,,6,6,6,6,3272,25551,Growth/earnings_8k_sec_parser/local_extractions_2024Q3/PBI/PBI_2024-08-08_000114036124036439.json,2024-08-09,7.110000,5.3446,-0.9845,-8.8608,-3.7975,13.2208
2024Q3,PCAR,2024-07-23,0000950170-24-085443,$2B-$10B,8473300000,733900000,40823400000,-690800000,-292700000,684800000,,not_scored,,,,,,,missing_required_data,quarter_revenue_yoy_pct;guidance_revenue_millions,regex_fallback,8770,,,,,6,1,6,6,3362,16685,Growth/earnings_8k_sec_parser/local_extractions_2024Q3/PCAR/PCAR_2024-07-23_000095017024085443.json,2024-07-24,96.110001,-4.3492,-3.5688,0.3642,2.7885,9.0313
2024Q3,PCG,2024-07-25,0001004980-24-000104,$2B-$10B,6209000000,572000000,125698000000,1423000000,-2140000000,1185000000,,not_scored,,,,,,,missing_required_data,quarter_revenue_millions;quarter_revenue_yoy_pct;guidance_revenue_millions,regex_fallback,,,,,,6,6,6,6,9052,78087,Growth/earnings_8k_sec_parser/local_extractions_2024Q3/PCG/PCG_2024-07-25_000100498024000104.json,2024-07-26,18.129999,-1.7650,1.5444,5.0193,9.3216,14.0651
2024Q3,PCTY,2024-08-01,0001591698-24-000149,$500M-$1B,866145000,103568000,3695680000,-861958000,-298752000,206107000,,not_scored,,,,,,,missing_required_data,quarter_revenue_yoy_pct,regex_fallback,324.7,,,325.5,,6,6,6,2,4969,32383,Growth/earnings_8k_sec_parser/local_extractions_2024Q3/PCTY/PCTY_2024-08-01_000159169824000149.json,2024-08-02,148.600006,1.2180,3.0081,9.3540,9.6030,24.2059
2024Q3,PD,2024-09-03,0001568100-24-000107,$100M-$500M,103246000,-12218000,925306000,-4069000,8563000,22152000,,not_scored,,,,,,,missing_required_data,guidance_revenue_millions,regex_fallback,116,8,,,,6,6,6,6,3698,35572,Growth/earnings_8k_sec_parser/local_extractions_2024Q3/PD/PD_2024-09-03_000156810024000107.json,2024-09-04,17.170000,2.3879,4.5428,5.1252,7.2801,23.6459
2024Q3,PDM,2024-07-31,0001042776-24-000097,$100M-$500M,142367000,-1367000,4057082000,160180000,-45402000,40398000,,not_scored,,,,,,,missing_required_data,quarter_revenue_yoy_pct;guidance_revenue_millions,regex_fallback,2.4,,,,,6,6,6,6,3442,144744,Growth/earnings_8k_sec_parser/local_extractions_2024Q3/PDM/PDM_2024-07-31_000104277624000097.json,2024-08-01,8.580000,-0.8158,6.5268,11.3054,17.7156,17.5991
2024Q3,PEB,2024-07-24,0001474098-24-000102,$100M-$500M,305719000,-22928000,5824973000,-57125000,105176000,46229000,,not_scored,,,,,,,missing_required_data,quarter_revenue_millions;quarter_revenue_yoy_pct;guidance_revenue_millions,regex_fallback,,,,,,6,6,6,6,3725,45992,Growth/earnings_8k_sec_parser/local_extractions_2024Q3/PEB/PEB_2024-07-24_000147409824000102.json,2024-07-25,13.640000,-13.3431,-9.0909,-3.6657,2.3460,-11.7302
2024Q3,PECO,2024-07-25,0001476204-24-000097,$100M-$500M,151064000,16619000,4865666000,23270000,-91418000,62763000,,not_scored,,,,,,,missing_required_data,quarter_revenue_millions;quarter_revenue_yoy_pct;guidance_revenue_millions,regex_fallback,,,,,,6,6,6,6,4486,43546,Growth/earnings_8k_sec_parser/local_extractions_2024Q3/PECO/PECO_2024-07-25_000147620424000097.json,2024-07-26,34.509998,-1.7386,1.3330,6.6358,11.4460,7.2443
2024Q3,PEG,2024-07-30,0001193125-24-188316,$2B-$10B,3755000000,1287000000,50741000000,-380000000,-714000000,1837000000,,not_scored,,,,,,,missing_required_data,quarter_revenue_yoy_pct;guidance_revenue_millions,regex_fallback,900,,,,,6,6,6,6,5717,52781,Growth/earnings_8k_sec_parser/local_extractions_2024Q3/PEG/PEG_2024-07-30_000119312524188316.json,2024-07-31,80.500000,0.0124,-0.1863,0.3106,10.8199,9.5155
2024Q3,PEGA,2024-07-24,0001013857-24-000156,$100M-$500M,325472000,-20774000,1510736000,-29372000,-14413000,68107000,,not_scored,,,,,,,missing_required_data,quarter_revenue_millions;quarter_revenue_yoy_pct;guidance_revenue_millions,regex_fallback,,,,,,6,6,6,6,3454,24525,Growth/earnings_8k_sec_parser/local_extractions_2024Q3/PEGA/PEGA_2024-07-24_000101385724000156.json,2024-07-25,32.755001,-0.7327,3.5262,4.9458,6.8081,6.4418
2024Q3,PENG,2024-07-09,0001628280-24-031486,$500M-$1B,780174000,-22227000,1505958000,222348000,-236996000,26550000,,not_scored,,,,,,,missing_required_data,quarter_revenue_yoy_pct;guidance_revenue_millions,regex_fallback,300.6,,,,,6,2,6,6,3994,25309,Growth/earnings_8k_sec_parser/local_extractions_2024Q3/PENG/PENG_2024-07-09_000162828024031486.json,2024-07-10,25.709999,-5.6398,-13.1855,-25.4376,-29.1715,-19.1754
2024Q3,PENN,2024-08-08,0000921738-24-000026,$1B-$2B,1673300000,514500000,16064200000,-83000000,-378200000,147700000,,not_scored,,,,,,,missing_required_data,quarter_revenue_yoy_pct;guidance_revenue_millions,regex_fallback,1400,,,,,6,4,6,6,3297,34077,Growth/earnings_8k_sec_parser/local_extractions_2024Q3/PENN/PENN_2024-08-08_000092173824000026.json,2024-08-09,18.830000,6.3728,-1.4870,-6.1604,-1.8587,7.3818
2024Q3,PFG,2024-07-25,0001104659-24-082643,$2B-$10B,2819000000,-140100000,305046700000,201700000,-1104100000,695300000,,not_scored,,,,,,,missing_required_data,quarter_revenue_yoy_pct;guidance_revenue_millions,regex_fallback,61,,,,,6,1,6,6,2737,20369,Growth/earnings_8k_sec_parser/local_extractions_2024Q3/PFG/PFG_2024-07-25_000110465924082643.json,2024-07-26,80.709999,-9.6271,-4.6958,-1.3009,5.6746,11.0767
2024Q3,PGNY,2024-08-06,0001551306-24-000152,$500M-$1B,500621000,17678000,756620000,-1846000,16127000,20961000,,not_scored,,,,,,,missing_required_data,quarter_revenue_yoy_pct,regex_fallback,304.1,,,290,,6,6,6,2,3331,33274,Growth/earnings_8k_sec_parser/local_extractions_2024Q3/PGNY/PGNY_2024-08-06_000155130624000152.json,2024-08-07,21.000000,0.8571,2.8095,10.4286,-23.3810,-24.8095
2024Q3,PGY,2024-08-09,0001883085-24-000086,$100M-$500M,186638000,-60971000,1208376000,103024000,-99665000,-23673000,,not_scored,,,,,,,missing_required_data,quarter_revenue_yoy_pct;guidance_revenue_millions,regex_fallback,250,,,,,6,6,6,6,3474,70789,Growth/earnings_8k_sec_parser/local_extractions_2024Q3/PGY/PGY_2024-08-09_000188308524000086.json,2024-08-12,14.000000,-12.0714,-1.2857,-11.3571,-23.0000,20.6429
2024Q3,PHIN,2024-07-30,0001968915-24-000021,$500M-$1B,835000000,35000000,4041000000,-3000000,-38000000,-33000000,,not_scored,,,,,,,missing_required_data,quarter_revenue_yoy_pct;guidance_revenue_millions,regex_fallback,868,,,,,6,6,6,6,3608,22352,Growth/earnings_8k_sec_parser/local_extractions_2024Q3/PHIN/PHIN_2024-07-30_000196891524000021.json,2024-07-31,42.330002,1.6773,8.5282,13.3003,8.7408,7.4888
2024Q3,PHM,2024-07-23,0000822416-24-000026,$2B-$10B,3575641000,532259000,16087050000,-454853000,-24214000,711368000,,not_scored,,,,,,,missing_required_data,guidance_revenue_millions,regex_fallback,4400,10,,,,6,2,6,4,3597,19259,Growth/earnings_8k_sec_parser/local_extractions_2024Q3/PHM/PHM_2024-07-23_000082241624000026.json,2024-07-24,125.320000,-1.5640,-1.3884,7.8280,14.5388,6.7747
2024Q3,PII,2024-07-23,0001628280-24-032498,$2B-$10B,2179700000,113400000,5516300000,-41600000,-89100000,124200000,,not_scored,,,,,,,missing_required_data,quarter_revenue_yoy_pct;guidance_revenue_millions,regex_fallback,1961,,,,,6,6,6,6,3149,23248,Growth/earnings_8k_sec_parser/local_extractions_2024Q3/PII/PII_2024-07-23_000162828024032498.json,2024-07-24,77.010002,3.6229,5.9473,12.3361,7.3367,-6.2200
2024Q3,PJT,2024-07-30,0000950170-24-087498,$100M-$500M,199988000,17336000,1434978000,-99485000,42659000,-22989000,,not_scored,,,,,,,missing_required_data,quarter_revenue_yoy_pct;guidance_revenue_millions,regex_fallback,360,,,,,6,1,6,6,5268,23793,Growth/earnings_8k_sec_parser/local_extractions_2024Q3/PJT/PJT_2024-07-30_000095017024087498.json,2024-07-31,131.580002,-9.5759,-7.5087,-6.1408,1.3376,5.3884
2024Q3,PKG,2024-07-24,0000950170-24-085784,$1B-$2B,1976300000,190100000,8681100000,-117300000,-115400000,280400000,,not_scored,,,,,,,missing_required_data,quarter_revenue_yoy_pct;guidance_revenue_millions,regex_fallback,2100,,,,,6,4,6,6,3202,19662,Growth/earnings_8k_sec_parser/local_extractions_2024Q3/PKG/PKG_2024-07-24_000095017024085784.json,2024-07-25,194.619995,-1.5106,-0.1439,5.0252,10.2148,17.4854
2024Q3,PKOH,2024-08-07,0000076282-24-000110,$100M-$500M,423500000,5800000,1340700000,62000000,-30300000,-25900000,,not_scored,,,,,,,missing_required_data,quarter_revenue_yoy_pct;guidance_revenue_millions,regex_fallback,433,,,,,6,1,6,6,3208,25231,Growth/earnings_8k_sec_parser/local_extractions_2024Q3/PKOH/PKOH_2024-08-07_000007628224000110.json,2024-08-08,26.500000,12.1509,16.0755,3.6604,11.0566,26.0000
2024Q3,PLAB,2024-08-30,0001140361-24-039715,$100M-$500M,440397000,53915000,1526221000,-15242000,-62260000,109677000,,not_scored,,,,,,,missing_required_data,quarter_revenue_yoy_pct;guidance_revenue_millions,regex_fallback,211,,,,,6,3,6,3,3606,9416,Growth/earnings_8k_sec_parser/local_extractions_2024Q3/PLAB/PLAB_2024-08-30_000114036124039715.json,2024-09-03,25.070000,-5.6641,-5.8237,-3.2708,-8.1771,1.0770
2024Q3,PLCE,2024-09-11,0001104659-24-098778,$100M-$500M,321640000,-28834000,1014870000,7757000,-11037000,5134000,,not_scored,,,,,,,missing_required_data,quarter_revenue_yoy_pct;guidance_revenue_millions,regex_fallback,25.9,,,,,6,2,6,6,7511,24936,Growth/earnings_8k_sec_parser/local_extractions_2024Q3/PLCE/PLCE_2024-09-11_000110465924098778.json,2024-09-12,9.250000,90.0541,62.4865,52.0000,71.5676,57.1892
2024Q3,PLD,2024-07-17,0000950170-24-084067,$1B-$2B,1768587000,464623000,93020840000,172407000,-1049154000,1114297000,,not_scored,,,,,,,missing_required_data,quarter_revenue_yoy_pct;guidance_revenue_millions,regex_fallback,24,,,,,1,6,6,6,4411,27295,Growth/earnings_8k_sec_parser/local_extractions_2024Q3/PLD/PLD_2024-07-17_000095017024084067.json,2024-07-18,122.500000,1.1837,-1.9184,1.7959,5.5347,3.6490
2024Q3,PLPC,2024-07-31,0000950170-24-088629,$100M-$500M,181824000,21398000,603151000,-9307000,-22295000,25430000,,not_scored,,,,,,,missing_required_data,quarter_revenue_yoy_pct;guidance_revenue_millions,regex_fallback,138.7,,,,,6,1,6,6,3127,9127,Growth/earnings_8k_sec_parser/local_extractions_2024Q3/PLPC/PLPC_2024-07-31_000095017024088629.json,2024-08-01,136.500000,-16.9231,-13.1941,-15.3919,-6.1685,-9.5751
2024Q3,PLTK,2024-08-07,0001828016-24-000027,$500M-$1B,656200000,84100000,3175000000,-6100000,-15400000,20500000,,not_scored,,,,,,,missing_required_data,quarter_revenue_yoy_pct;guidance_revenue_millions,regex_fallback,627,,,,,6,5,6,6,3361,32876,Growth/earnings_8k_sec_parser/local_extractions_2024Q3/PLTK/PLTK_2024-08-07_000182801624000027.json,2024-08-08,6.880000,3.7791,10.3198,6.1047,10.7558,19.3314
2024Q3,PLTR,2024-08-05,0001321655-24-000133,$500M-$1B,525186000,16802000,4522425000,25983000,-1554591000,187376000,,not_scored,,,,,,,missing_required_data,guidance_revenue_millions,regex_fallback,678,27,,,,6,6,6,5,4560,23067,Growth/earnings_8k_sec_parser/local_extractions_2024Q3/PLTR/PLTR_2024-08-05_000132165524000133.json,2024-08-06,27.049999,18.5952,14.0481,11.4972,43.7708,53.0869
2024Q3,PLUS,2024-08-06,0001022408-24-000064,$1B-$2B,1821019000,105600000,1414826000,47176000,-1259000,-20571000,,not_scored,,,,,,,missing_required_data,quarter_revenue_millions;quarter_revenue_yoy_pct;guidance_revenue_millions,regex_fallback,,,,,,6,5,6,6,3524,24441,Growth/earnings_8k_sec_parser/local_extractions_2024Q3/PLUS/PLUS_2024-08-06_000102240824000064.json,2024-08-07,83.260002,10.7735,13.2356,5.9092,16.8148,7.8549
2024Q3,PLXS,2024-07-24,0000785786-24-000050,$2B-$10B,2217809000,83034000,3321172000,-18424000,-47615000,57156000,,not_scored,,,,,,,missing_required_data,quarter_revenue_yoy_pct;guidance_revenue_millions,regex_fallback,961,,,,,6,6,6,6,3434,62396,Growth/earnings_8k_sec_parser/local_extractions_2024Q3/PLXS/PLXS_2024-07-24_000078578624000050.json,2024-07-25,122.059998,-5.9397,-1.8434,4.0963,7.1358,11.0683
2024Q3,PM,2024-07-23,0001413329-24-000140,$2B-$10B,8019000000,1995000000,65304000000,864000000,-591000000,-955000000,,not_scored,,,,,,,missing_required_data,quarter_revenue_millions;quarter_revenue_yoy_pct;guidance_revenue_millions,regex_fallback,,,,,,6,6,6,6,47867,51090,Growth/earnings_8k_sec_parser/local_extractions_2024Q3/PM/PM_2024-07-23_000141332924000140.json,2024-07-24,109.930000,3.3021,7.2592,9.2968,10.1519,19.5397
2024Q3,PMTS,2024-08-05,0001558370-24-010854,$100M-$500M,120852000,10873000,293683000,-792000,-4095000,8001000,,not_scored,,,,,,,missing_required_data,guidance_revenue_millions,regex_fallback,119,3,,,,6,6,6,6,3938,67667,Growth/earnings_8k_sec_parser/local_extractions_2024Q3/PMTS/PMTS_2024-08-05_000155837024010854.json,2024-08-06,27.500000,0.5455,2.1818,-4.9091,-13.0545,-18.0364
2024Q3,PNR,2024-07-23,0000077360-24-000038,$1B-$2B,1028600000,129700000,6563300000,133300000,-16200000,-106600000,,not_scored,,,,,,,missing_required_data,quarter_revenue_yoy_pct;guidance_revenue_millions,regex_fallback,1100,,,,,6,6,6,6,6609,22242,Growth/earnings_8k_sec_parser/local_extractions_2024Q3/PNR/PNR_2024-07-23_000007736024000038.json,2024-07-24,87.529999,-7.2775,-3.1075,-0.8111,9.6196,12.3272
2024Q3,PNTG,2024-08-06,0001766400-24-000095,$100M-$500M,126464000,1850000,539691000,-5797000,-2326000,8996000,,not_scored,,,,,,,missing_required_data,quarter_revenue_yoy_pct;guidance_revenue_millions,regex_fallback,168.7,,,,,6,5,6,6,3576,33484,Growth/earnings_8k_sec_parser/local_extractions_2024Q3/PNTG/PNTG_2024-08-06_000176640024000095.json,2024-08-07,30.920000,2.6520,11.4812,2.9754,5.3364,2.8784
2024Q3,PNW,2024-08-01,0000764622-24-000064,$500M-$1B,944955000,1009000,24661153000,243753000,-453239000,211605000,,not_scored,,,,,,,missing_required_data,quarter_revenue_yoy_pct;guidance_revenue_millions,regex_fallback,4700,,,,,6,6,6,6,4714,37504,Growth/earnings_8k_sec_parser/local_extractions_2024Q3/PNW/PNW_2024-08-01_000076462224000064.json,2024-08-02,88.000000,-2.5682,-1.0114,0.3409,2.8523,-0.2159
2024Q3,PODD,2024-07-26,0001145197-24-000031,$100M-$500M,358100000,23800000,2588200000,-12100000,-42100000,500000,,not_scored,,,,,,,missing_required_data,quarter_revenue_yoy_pct;guidance_revenue_millions,regex_fallback,488,,,,,3,4,6,6,4010,9930,Growth/earnings_8k_sec_parser/local_extractions_2024Q3/PODD/PODD_2024-07-26_000114519724000031.json,2024-07-29,193.740005,3.1227,1.1252,5.5125,19.7636,20.4552
2024Q3,POR,2024-07-26,0000784977-24-000137,$500M-$1B,748000000,74000000,11208000000,162000000,-276000000,-39000000,,not_scored,,,,,,,missing_required_data,quarter_revenue_yoy_pct;guidance_revenue_millions,regex_fallback,44,,,,,6,6,6,6,175797,40001,Growth/earnings_8k_sec_parser/local_extractions_2024Q3/POR/POR_2024-07-26_000078497724000137.json,2024-07-29,47.590000,-2.1643,-1.9962,0.0420,1.0506,2.3324
2024Q3,POWI,2024-08-06,0000833640-24-000145,$100M-$500M,106297000,6875000,819868000,-9457000,-18311000,16585000,,not_scored,,,,,,,missing_required_data,quarter_revenue_yoy_pct,regex_fallback,106.2,,,115,53.5,6,6,6,4,2919,21193,Growth/earnings_8k_sec_parser/local_extractions_2024Q3/POWI/POWI_2024-08-06_000083364024000145.json,2024-08-07,63.029999,4.2678,3.3635,-7.6947,-0.5394,2.4592
2024Q3,POWL,2024-07-30,0000080420-24-000057,$100M-$500M,298302000,1162000,752242000,-6762000,346000,55514000,,not_scored,,,,,,,missing_required_data,quarter_revenue_yoy_pct;guidance_revenue_millions,regex_fallback,288,,,,,6,6,6,3,3934,11791,Growth/earnings_8k_sec_parser/local_extractions_2024Q3/POWL/POWL_2024-07-30_000008042024000057.json,2024-07-31,56.336666,-3.2897,2.6271,-0.9289,31.3473,54.6417
2024Q3,PPC,2024-08-01,0000802481-24-000063,$2B-$10B,4165628000,5187000,9810361000,26881000,-117471000,-161704000,,not_scored,,,,,,,missing_required_data,quarter_revenue_yoy_pct;guidance_revenue_millions,regex_fallback,440.8,,,,,6,1,6,6,3099,38847,Growth/earnings_8k_sec_parser/local_extractions_2024Q3/PPC/PPC_2024-08-01_000080248124000063.json,2024-08-02,42.290001,3.9489,3.9726,8.3235,13.7858,14.5424
2024Q3,PPG,2024-07-18,0000079879-24-000163,$2B-$10B,4380000000,264000000,21647000000,277000000,-64000000,85000000,,not_scored,,,,,,,missing_required_data,quarter_revenue_yoy_pct;guidance_revenue_millions,regex_fallback,4800,,,,,6,6,6,6,3795,24664,Growth/earnings_8k_sec_parser/local_extractions_2024Q3/PPG/PPG_2024-07-18_000007987924000163.json,2024-07-19,127.500000,0.1882,-6.4863,-3.3333,-0.0314,3.0275
2024Q3,PPL,2024-08-02,0000922224-24-000022,$2B-$10B,2415000000,285000000,39236000000,177000000,-503000000,430000000,,not_scored,,,,,,,missing_required_data,quarter_revenue_millions;quarter_revenue_yoy_pct;guidance_revenue_millions,regex_fallback,,,,,,6,6,6,6,4162,28669,Growth/earnings_8k_sec_parser/local_extractions_2024Q3/PPL/PPL_2024-08-02_000092222424000022.json,2024-08-05,30.969999,0.0323,3.0352,4.0039,5.1017,3.5195
2024Q3,PRGS,2024-09-09,0001552781-24-000522,$100M-$500M,164226000,23674000,1602783000,174798000,-371068000,46767000,,not_scored,,,,,,,missing_required_data,quarter_revenue_millions;quarter_revenue_yoy_pct;guidance_revenue_millions,regex_fallback,,,,,,0,1,6,2,8833,10499,Growth/earnings_8k_sec_parser/local_extractions_2024Q3/PRGS/PRGS_2024-09-09_000155278124000522.json,2024-09-10,56.540001,1.8571,19.1546,15.3520,20.7641,21.5246
2024Q3,PRSU,2024-08-06,0000950170-24-091904,$100M-$500M,260791000,-20869000,1137322000,-6492000,-11359000,10069000,,not_scored,,,,,,,missing_required_data,quarter_revenue_yoy_pct;guidance_revenue_millions,regex_fallback,378.5,,,,,6,6,6,6,3980,52957,Growth/earnings_8k_sec_parser/local_extractions_2024Q3/PRSU/PRSU_2024-08-06_000095017024091904.json,2024-08-07,30.950001,6.4620,13.1502,4.5557,15.7674,27.5606
2024Q3,PSA,2024-07-30,0001393311-24-000166,$1B-$2B,1094232000,517708000,19809216000,-563965000,-212311000,696893000,,not_scored,,,,,,,missing_required_data,quarter_revenue_yoy_pct;guidance_revenue_millions,regex_fallback,76,,,,,6,6,6,6,6580,36933,Growth/earnings_8k_sec_parser/local_extractions_2024Q3/PSA/PSA_2024-07-30_000139331124000166.json,2024-07-31,289.779999,8.4754,12.3438,18.6141,25.5677,14.3143
2024Q3,PTC,2024-07-31,0000950170-24-088530,$1B-$2B,1008091000,138539000,6288842000,506998000,-859742000,391869000,,not_scored,,,,,,,missing_required_data,quarter_revenue_millions;quarter_revenue_yoy_pct;guidance_revenue_millions,regex_fallback,,,,,,6,6,6,6,2814,26068,Growth/earnings_8k_sec_parser/local_extractions_2024Q3/PTC/PTC_2024-07-31_000095017024088530.json,2024-08-01,173.830002,-2.0940,2.1400,-0.1208,3.9291,7.4843
2024Q3,PTCT,2024-08-08,0001070081-24-000015,$100M-$500M,220382000,-138959000,1895698000,4094000,-28971000,-29491000,,not_scored,,,,,,,missing_required_data,quarter_revenue_yoy_pct;guidance_revenue_millions,regex_fallback,187,,,,,6,6,6,6,4247,19798,Growth/earnings_8k_sec_parser/local_extractions_2024Q3/PTCT/PTCT_2024-08-08_000107008124000015.json,2024-08-09,29.379999,17.2907,20.9326,6.9435,38.7679,46.2219
2024Q3,PTEN,2024-07-25,0001628280-24-032884,$500M-$1B,791802000,99678000,7420031000,-98339000,-116345000,234349000,,not_scored,,,,,,,missing_required_data,quarter_revenue_yoy_pct;guidance_revenue_millions,regex_fallback,1300,,,,,6,6,6,6,3918,33596,Growth/earnings_8k_sec_parser/local_extractions_2024Q3/PTEN/PTEN_2024-07-25_000162828024032884.json,2024-07-26,10.410000,-14.3132,-13.2565,-9.7022,-20.5572,-23.4390
2024Q3,PTLO,2024-08-06,0001871509-24-000102,$100M-$500M,156061000,-514000,1385541000,-16112000,-20190000,6486000,,not_scored,,,,,,,missing_required_data,quarter_revenue_yoy_pct;guidance_revenue_millions,regex_fallback,181.9,,,,,6,6,6,6,3734,59384,Growth/earnings_8k_sec_parser/local_extractions_2024Q3/PTLO/PTLO_2024-08-06_000187150924000102.json,2024-08-07,9.860000,22.5152,28.3976,18.9655,25.2536,36.8154
2024Q3,PTON,2024-08-22,0001639825-24-000120,$2B-$10B,2158100000,-1019900000,2769100000,70000000,-51400000,-332200000,,not_scored,,,,,,,missing_required_data,quarter_revenue_yoy_pct;guidance_revenue_millions,regex_fallback,644,,,,,6,6,6,6,4406,49639,Growth/earnings_8k_sec_parser/local_extractions_2024Q3/PTON/PTON_2024-08-22_000163982524000120.json,2024-08-23,4.430000,1.1287,-3.6117,6.9977,27.5395,104.5147
2024Q3,PUMP,2024-07-31,0001680247-24-000099,$100M-$500M,423570000,28733000,1480312000,-3379000,-113750000,73060000,,not_scored,,,,,,,missing_required_data,guidance_revenue_millions,regex_fallback,357,-12,,,,6,6,6,6,4021,71442,Growth/earnings_8k_sec_parser/local_extractions_2024Q3/PUMP/PUMP_2024-07-31_000168024724000099.json,2024-08-01,9.550000,-12.5654,-16.1257,-20.6283,-19.7906,-24.5026
2024Q3,PWP,2024-08-02,0001777835-24-000137,$100M-$500M,131426000,-5123000,761108000,-33230000,97724000,-131942000,,not_scored,,,,,,,missing_required_data,quarter_revenue_yoy_pct;guidance_revenue_millions,regex_fallback,272,,,,,6,3,6,6,5137,33254,Growth/earnings_8k_sec_parser/local_extractions_2024Q3/PWP/PWP_2024-08-02_000177783524000137.json,2024-08-05,16.430000,17.4680,24.5892,11.2599,23.9805,24.2848
2024Q3,PWR,2024-08-01,0001193125-24-190572,$2B-$10B,4428826000,95046000,16237225000,242687000,-488624000,38409000,,not_scored,,,,,,,missing_required_data,quarter_revenue_yoy_pct;guidance_revenue_millions,regex_fallback,5590,,,,,6,6,6,6,7395,60551,Growth/earnings_8k_sec_parser/local_extractions_2024Q3/PWR/PWR_2024-08-01_000119312524190572.json,2024-08-02,247.679993,4.9903,8.1234,4.0052,19.5292,21.7821
2024Q3,PYPL,2024-07-30,0001633917-24-000096,$2B-$10B,7040000000,795000000,82166000000,-2781000000,153000000,1170000000,,not_scored,,,,,,,missing_required_data,guidance_revenue_millions,regex_fallback,7900,8,,,,6,6,6,6,3596,35585,Growth/earnings_8k_sec_parser/local_extractions_2024Q3/PYPL/PYPL_2024-07-30_000163391724000096.json,2024-07-31,65.000000,-2.3692,10.6000,11.4308,20.0462,23.5077
2024Q3,PZZA,2024-08-08,0001628280-24-035858,$500M-$1B,527049000,22376000,875005000,-23212000,-18275000,40788000,,not_scored,,,,,,,missing_required_data,quarter_revenue_yoy_pct;guidance_revenue_millions,regex_fallback,1200,,,,,6,2,6,6,3087,28568,Growth/earnings_8k_sec_parser/local_extractions_2024Q3/PZZA/PZZA_2024-08-08_000162828024035858.json,2024-08-09,43.209999,7.5446,8.9794,9.7200,13.5154,28.5119
2024Q3,QDEL,2024-07-31,0001906324-24-000042,$500M-$1B,846100000,48800000,8563100000,-59600000,-68900000,188900000,,not_scored,,,,,,,missing_required_data,quarter_revenue_yoy_pct;guidance_revenue_millions,regex_fallback,637,,,,,6,1,6,6,3690,21094,Growth/earnings_8k_sec_parser/local_extractions_2024Q3/QDEL/QDEL_2024-07-31_000190632424000042.json,2024-08-01,41.840000,-1.4579,3.6329,-2.0315,8.9866,-6.8117
2024Q3,QLYS,2024-08-06,0001107843-24-000026,$100M-$500M,130683000,29105000,812618000,-66340000,19662000,66813000,,not_scored,,,,,,,missing_required_data,quarter_revenue_yoy_pct;guidance_revenue_millions,regex_fallback,148.7,,,,,6,6,6,6,3644,25963,Growth/earnings_8k_sec_parser/local_extractions_2024Q3/QLYS/QLYS_2024-08-06_000110784324000026.json,2024-08-07,129.410004,-4.4664,-2.8128,-5.5483,-6.4678,-0.9118
2024Q3,QNST,2024-08-08,0000950170-24-093984,$100M-$500M,450312000,-12975000,337155000,-16677000,-10654000,-6131000,,not_scored,,,,,,,missing_required_data,quarter_revenue_yoy_pct,regex_fallback,198,,,230,,6,6,6,6,3268,21384,Growth/earnings_8k_sec_parser/local_extractions_2024Q3/QNST/QNST_2024-08-08_000095017024093984.json,2024-08-09,19.000000,-8.4211,0.0000,5.2632,-2.4210,17.2632
2024Q3,QRVO,2024-07-30,0001604778-24-000056,$2B-$10B,4645714000,1033353000,6691903000,-875510000,-595956000,1049243000,,not_scored,,,,,,,missing_required_data,quarter_revenue_yoy_pct;guidance_revenue_millions,regex_fallback,37,,,,,6,4,6,6,2804,31223,Growth/earnings_8k_sec_parser/local_extractions_2024Q3/QRVO/QRVO_2024-07-30_000160477824000056.json,2024-07-31,121.500000,-11.7037,-8.4527,-4.6173,-14.9794,-17.3004
2024Q3,QTWO,2024-07-31,0001410384-24-000156,$100M-$500M,153008000,-516000,1201425000,-160319000,77992000,3894000,,not_scored,,,,,,,missing_required_data,quarter_revenue_yoy_pct;guidance_revenue_millions,regex_fallback,172.9,,,,,6,6,6,6,3196,29157,Growth/earnings_8k_sec_parser/local_extractions_2024Q3/QTWO/QTWO_2024-07-31_000141038424000156.json,2024-08-01,70.440002,-4.5997,3.8472,2.5696,13.2453,21.5786
2024Q3,QUAD,2024-07-30,0001481792-24-000027,$500M-$1B,766500000,-24600000,1509700000,60300000,-26400000,-50600000,,not_scored,,,,,,,missing_required_data,quarter_revenue_yoy_pct;guidance_revenue_millions,regex_fallback,634,,,,,6,4,6,6,2984,39504,Growth/earnings_8k_sec_parser/local_extractions_2024Q3/QUAD/QUAD_2024-07-30_000148179224000027.json,2024-07-31,5.500000,-20.5455,-21.2727,-14.7273,-17.4545,6.7273
2024Q3,QVCGA,2024-08-08,0001355096-24-000036,$2B-$10B,2644000000,20000000,11368000000,-122000000,112000000,16000000,,not_scored,,,,,,,missing_required_data,guidance_revenue_millions,regex_fallback,165,-5,,,,6,3,6,6,3798,29272,Growth/earnings_8k_sec_parser/local_extractions_2024Q3/QVCGA/QVCGA_2024-08-08_000135509624000036.json,2024-08-09,34.825001,-12.5485,-13.8406,-28.0976,-10.9691,-31.0696
2024Q3,QVCGP,2024-08-08,0001355096-24-000036,$2B-$10B,2644000000,20000000,11368000000,-122000000,112000000,16000000,,not_scored,,,,,,,missing_required_data,guidance_revenue_millions,regex_fallback,165,-5,,,,6,3,6,6,3798,29272,Growth/earnings_8k_sec_parser/local_extractions_2024Q3/QVCGP/QVCGP_2024-08-08_000135509624000036.json,2024-08-09,38.299999,6.5535,11.5666,-1.6971,10.2611,2.8982
2024Q3,RAMP,2024-08-07,0000733269-24-000025,$500M-$1B,528657000,-33833000,1172703000,-66981000,7578000,-33369000,,not_scored,,,,,,,missing_required_data,quarter_revenue_yoy_pct,regex_fallback,176,,,398,,6,6,6,6,3805,39989,Growth/earnings_8k_sec_parser/local_extractions_2024Q3/RAMP/RAMP_2024-08-07_000073326924000025.json,2024-08-08,24.610001,0.1625,1.1784,-1.3003,-3.6164,6.9484
2024Q3,RARE,2024-08-01,0000950170-24-089263,$100M-$500M,100496000,-163972000,1491013000,-722000,111304000,-156867000,,not_scored,,,,,,,missing_required_data,quarter_revenue_yoy_pct,regex_fallback,147,,,375,,3,6,6,6,3225,18483,Growth/earnings_8k_sec_parser/local_extractions_2024Q3/RARE/RARE_2024-08-01_000095017024089263.json,2024-08-02,47.200001,7.8390,19.4068,18.0297,19.7246,8.0297
2024Q3,RBBN,2024-07-24,0001104659-24-082334,$100M-$500M,186159000,-38305000,1144153000,-30119000,-2413000,11133000,,not_scored,,,,,,,missing_required_data,quarter_revenue_yoy_pct;guidance_revenue_millions,regex_fallback,193,,,,53,6,6,6,6,3498,31754,Growth/earnings_8k_sec_parser/local_extractions_2024Q3/RBBN/RBBN_2024-07-24_000110465924082334.json,2024-07-25,3.570000,-20.7283,-17.6471,-5.6022,-12.6050,-3.9216
2024Q3,RBCAA,2024-07-19,0001558370-24-009902,$100M-$500M,115323000,28092000,6074091000,-35991000,-99145000,70736000,,not_scored,,,,,,,missing_required_data,quarter_revenue_millions;quarter_revenue_yoy_pct;guidance_revenue_millions,regex_fallback,,,,,,6,4,6,6,3276,85171,Growth/earnings_8k_sec_parser/local_extractions_2024Q3/RBCAA/RBCAA_2024-07-19_000155837024009902.json,2024-07-22,61.759998,1.9592,-8.6788,-4.9709,5.7643,8.3873
2024Q3,RBLX,2024-08-01,0001315098-24-000163,$500M-$1B,655344000,-268313000,6168078000,24722000,-2347780000,173781000,,not_scored,,,,,,,missing_required_data,quarter_revenue_yoy_pct;guidance_revenue_millions,regex_fallback,894,,,,,6,6,6,6,4421,60994,Growth/earnings_8k_sec_parser/local_extractions_2024Q3/RBLX/RBLX_2024-08-01_000131509824000163.json,2024-08-02,38.145000,-2.1628,13.6715,12.5180,14.1172,35.5879
2024Q3,RCL,2024-07-25,0000884887-24-000128,$2B-$10B,2886000000,-48000000,35131000000,-1784000000,-234000000,1310000000,,not_scored,,,,,,,missing_required_data,quarter_revenue_yoy_pct;guidance_revenue_millions,regex_fallback,4100,,,,,6,6,6,6,3231,40845,Growth/earnings_8k_sec_parser/local_extractions_2024Q3/RCL/RCL_2024-07-25_000088488724000128.json,2024-07-26,154.649994,-9.6217,3.6275,4.7850,16.1526,31.2965
2024Q3,RDN,2024-08-01,0001193125-24-190714,$100M-$500M,309852000,157757000,7593933000,-92052000,-30542000,116778000,,not_scored,,,,,,,missing_required_data,quarter_revenue_millions;quarter_revenue_yoy_pct;guidance_revenue_millions,regex_fallback,,,,,,6,2,6,6,3273,55026,Growth/earnings_8k_sec_parser/local_extractions_2024Q3/RDN/RDN_2024-08-01_000119312524190714.json,2024-08-02,35.009998,-4.8557,0.2285,1.8852,-2.1994,-0.2856
2024Q3,RDNT,2024-08-09,0001683168-24-005428,$100M-$500M,390564000,-21005000,2690473000,-3821000,-65556000,32616000,,not_scored,,,,,,,missing_required_data,quarter_revenue_yoy_pct;guidance_revenue_millions,regex_fallback,3.2,,,,,6,6,6,6,3701,111457,Growth/earnings_8k_sec_parser/local_extractions_2024Q3/RDNT/RDNT_2024-08-09_000168316824005428.json,2024-08-12,62.730000,2.1521,-0.9405,-0.6855,9.3257,37.7013
2024Q3,RDNW,2024-08-07,0001596961-24-000077,$100M-$500M,334400000,-16900000,926300000,0,-5700000,9000000,,not_scored,,,,,,,missing_required_data,quarter_revenue_yoy_pct;guidance_revenue_millions,regex_fallback,336.8,,,,,6,1,6,6,3305,23319,Growth/earnings_8k_sec_parser/local_extractions_2024Q3/RDNW/RDNW_2024-08-07_000159696124000077.json,2024-08-08,3.600000,10.0000,26.2500,9.1667,34.7222,56.6667
2024Q3,REAL,2024-08-06,0001573221-24-000105,$100M-$500M,141904000,-82500000,446923000,-295000,-15920000,-30433000,,not_scored,,,,,,,missing_required_data,quarter_revenue_yoy_pct;guidance_revenue_millions,regex_fallback,145,,,,,6,6,6,6,4070,41785,Growth/earnings_8k_sec_parser/local_extractions_2024Q3/REAL/REAL_2024-08-06_000157322124000105.json,2024-08-07,3.000000,-11.0000,-10.6667,-24.0000,7.6667,22.0000
2024Q3,REG,2024-08-01,0000950170-24-089334,$100M-$500M,317977000,97281000,12426913000,-123682000,-39050000,162099000,,not_scored,,,,,,,missing_required_data,quarter_revenue_millions;quarter_revenue_yoy_pct;guidance_revenue_millions,regex_fallback,,,,,,6,6,6,6,5402,223806,Growth/earnings_8k_sec_parser/local_extractions_2024Q3/REG/REG_2024-08-01_000095017024089334.json,2024-08-02,70.000000,-0.3429,1.0571,3.5714,3.1000,2.0571
2024Q3,RELL,2024-07-24,0000950170-24-086120,$100M-$500M,203826000,18213000,198048000,860000,220000,-11413000,,not_scored,,,,,,,missing_required_data,quarter_revenue_yoy_pct;guidance_revenue_millions,regex_fallback,47.4,,,,,6,2,6,6,3242,20839,Growth/earnings_8k_sec_parser/local_extractions_2024Q3/RELL/RELL_2024-07-24_000095017024086120.json,2024-07-25,10.570000,6.2441,7.4740,13.1504,11.9205,30.5582
2024Q3,RELY,2024-07-31,0001782170-24-000186,$100M-$500M,203865000,-28314000,1036306000,-10908000,-43093000,-2296000,,not_scored,,,,,,,missing_required_data,quarter_revenue_yoy_pct;guidance_revenue_millions,regex_fallback,306.4,,,,,2,6,6,6,4121,36369,Growth/earnings_8k_sec_parser/local_extractions_2024Q3/RELY/RELY_2024-07-31_000178217024000186.json,2024-08-01,15.020000,-10.8522,-5.2597,-10.5193,-10.8522,1.5979
2024Q3,RES,2024-07-25,0001558370-24-010104,$100M-$500M,436334000,71524000,1187830000,-20028000,-61015000,132523000,,not_scored,,,,,,,missing_required_data,guidance_revenue_millions,regex_fallback,364.2,-4,,,,6,2,6,6,2873,24115,Growth/earnings_8k_sec_parser/local_extractions_2024Q3/RES/RES_2024-07-25_000155837024010104.json,2024-07-26,6.920000,-5.6358,-9.2486,-6.7919,-3.9017,-13.2948
2024Q3,REX,2024-08-27,0000930413-24-002468,$100M-$500M,212714000,6700000,664802000,-716000,21042000,-14006000,,not_scored,,,,,,,missing_required_data,quarter_revenue_yoy_pct;guidance_revenue_millions,regex_fallback,148.2,,,,,6,4,6,3,2822,14571,Growth/earnings_8k_sec_parser/local_extractions_2024Q3/REX/REX_2024-08-27_000093041324002468.json,2024-08-28,22.250000,-5.2584,2.1124,3.6404,2.8090,-3.4831
2024Q3,REXR,2024-07-17,0001571283-24-000031,$100M-$500M,186236000,60506000,10929829000,879443000,-765878000,119506000,,not_scored,,,,,,,missing_required_data,quarter_revenue_yoy_pct;guidance_revenue_millions,regex_fallback,37,,,,,6,6,6,6,5375,145931,Growth/earnings_8k_sec_parser/local_extractions_2024Q3/REXR/REXR_2024-07-17_000157128324000031.json,2024-07-18,50.820000,-2.9713,-3.9158,0.3345,0.8068,-2.7745
2024Q3,REYN,2024-08-07,0001628280-24-035366,$500M-$1B,874000000,17000000,4780000000,-54000000,-22000000,88000000,,not_scored,,,,,,,missing_required_data,quarter_revenue_yoy_pct;guidance_revenue_millions,regex_fallback,930,,,,,6,6,6,5,3729,25164,Growth/earnings_8k_sec_parser/local_extractions_2024Q3/REYN/REYN_2024-08-07_000162828024035366.json,2024-08-08,30.600000,-0.9477,1.5686,4.8366,-3.6928,-11.1765
2024Q3,REZI,2024-08-08,0001740332-24-000051,$1B-$2B,1549000000,57000000,6645000000,-9000000,-26000000,-4000000,,not_scored,,,,,,,missing_required_data,quarter_revenue_yoy_pct;guidance_revenue_millions,regex_fallback,1590,,,,,6,2,6,6,6761,25234,Growth/earnings_8k_sec_parser/local_extractions_2024Q3/REZI/REZI_2024-08-08_000174033224000051.json,2024-08-09,18.830000,0.9028,5.7355,-4.3548,5.5762,15.5072
2024Q3,RGP,2024-07-18,0001084765-24-000086,$500M-$1B,591194000,42591000,531999000,-64327000,1548000,63878000,,not_scored,,,,,,,missing_required_data,quarter_revenue_yoy_pct;guidance_revenue_millions,regex_fallback,148.2,,,,,6,5,6,6,3658,34599,Growth/earnings_8k_sec_parser/local_extractions_2024Q3/RGP/RGP_2024-07-18_000108476524000086.json,2024-07-19,11.080000,5.5957,-7.6715,-7.3105,-9.3863,-23.3755
2024Q3,RGR,2024-07-31,0001174947-24-000940,$100M-$500M,149453000,14350000,398817000,-97861000,35456000,5284000,,not_scored,,,,,,,missing_required_data,quarter_revenue_yoy_pct;guidance_revenue_millions,regex_fallback,130.8,,,,,6,0,6,3,3484,15355,Growth/earnings_8k_sec_parser/local_extractions_2024Q3/RGR/RGR_2024-07-31_000117494724000940.json,2024-08-01,41.259998,-0.2908,2.5933,0.6786,1.0179,-1.1634
2024Q3,RHP,2024-08-01,0001104659-24-084781,$100M-$500M,491719000,60994000,5188537000,-13872000,-48544000,31711000,,not_scored,,,,,,,missing_required_data,quarter_revenue_yoy_pct;guidance_revenue_millions,regex_fallback,613.3,,,,,6,6,6,6,3819,65770,Growth/earnings_8k_sec_parser/local_extractions_2024Q3/RHP/RHP_2024-08-01_000110465924084781.json,2024-08-02,101.129997,-2.9071,1.0185,0.2769,5.8143,5.8539
2024Q3,RICK,2024-07-11,0001628280-24-031665,$100M-$500M,141485000,17970000,610884000,3196000,-48076000,31684000,,not_scored,,,,,,,missing_required_data,quarter_revenue_yoy_pct;guidance_revenue_millions,regex_fallback,62.4,,,,,4,3,5,3,3172,5837,Growth/earnings_8k_sec_parser/local_extractions_2024Q3/RICK/RICK_2024-07-11_000162828024031665.json,2024-07-12,44.000000,8.1136,7.0455,1.7045,-5.8864,-5.0909
2024Q3,RIG,2024-07-31,0001451505-24-000110,$500M-$1B,649000000,-465000000,20254000000,101000000,-90000000,-47000000,,not_scored,,,,,,,missing_required_data,quarter_revenue_yoy_pct;guidance_revenue_millions,regex_fallback,98,,,,,4,0,6,6,3039,30825,Growth/earnings_8k_sec_parser/local_extractions_2024Q3/RIG/RIG_2024-07-31_000145150524000110.json,2024-08-01,5.760000,-9.5486,-14.4097,-25.0000,-26.2153,-30.9028
2024Q3,RILY,2024-08-12,0001213900-24-067363,$100M-$500M,432090000,17155000,6074378000,-55337000,-57164000,52617000,,not_scored,,,,,,,missing_required_data,quarter_revenue_millions;quarter_revenue_yoy_pct;guidance_revenue_millions,regex_fallback,,,,,,3,6,6,6,4893,13585,Growth/earnings_8k_sec_parser/local_extractions_2024Q3/RILY/RILY_2024-08-12_000121390024067363.json,2024-08-13,7.400000,-15.9459,-21.0811,-16.0811,-26.7568,-27.9730
2024Q3,RILYN,2024-08-12,0001213900-24-067363,$100M-$500M,432090000,17155000,6074378000,-55337000,-57164000,52617000,,not_scored,,,,,,,missing_required_data,quarter_revenue_millions;quarter_revenue_yoy_pct;guidance_revenue_millions,regex_fallback,,,,,,3,6,6,6,4893,13585,Growth/earnings_8k_sec_parser/local_extractions_2024Q3/RILYN/RILYN_2024-08-12_000121390024067363.json,2024-08-13,11.310000,30.9461,11.9363,28.9125,7.4270,10.1680
2024Q3,RILYZ,2024-08-12,0001213900-24-067363,$100M-$500M,432090000,17155000,6074378000,-55337000,-57164000,52617000,,not_scored,,,,,,,missing_required_data,quarter_revenue_millions;quarter_revenue_yoy_pct;guidance_revenue_millions,regex_fallback,,,,,,3,6,6,6,4893,13585,Growth/earnings_8k_sec_parser/local_extractions_2024Q3/RILYZ/RILYZ_2024-08-12_000121390024067363.json,2024-08-13,8.640000,14.0046,4.1667,13.6574,6.5972,18.2870
2024Q3,RIVN,2024-08-06,0001874178-24-000054,$500M-$1B,661000000,-1349000000,16778000000,1485000000,-283000000,-1521000000,,not_scored,,,,,,,missing_required_data,quarter_revenue_yoy_pct;guidance_revenue_millions,regex_fallback,1158,,,,,6,6,6,6,4283,74460,Growth/earnings_8k_sec_parser/local_extractions_2024Q3/RIVN/RIVN_2024-08-06_000187417824000054.json,2024-08-07,13.485000,0.3337,7.3786,-1.8910,-22.2099,-21.4683
2024Q3,RJF,2024-07-24,0000720005-24-000047,$2B-$10B,6184000000,936000000,78360000000,2522000000,-319000000,-3760000000,,not_scored,,,,,,,missing_required_data,quarter_revenue_yoy_pct;guidance_revenue_millions,regex_fallback,3230,,,,,6,1,6,6,4290,90392,Growth/earnings_8k_sec_parser/local_extractions_2024Q3/RJF/RJF_2024-07-24_000072000524000047.json,2024-07-25,113.000000,-5.8496,1.6903,4.8230,10.3363,21.5575
2024Q3,RL,2024-08-07,0001037038-24-000020,$2B-$10B,6218500000,600100000,6789500000,-665700000,-717900000,715900000,,not_scored,,,,,,,missing_required_data,guidance_revenue_millions,regex_fallback,1500,1,,,,6,6,6,6,3546,41302,Growth/earnings_8k_sec_parser/local_extractions_2024Q3/RL/RL_2024-08-07_000103703824000020.json,2024-08-08,161.960007,3.1180,4.6369,7.2425,20.7397,28.4515
2024Q3,RLGT,2024-09-12,0000950170-24-105909,$500M-$1B,853261000,17452000,433930000,-45040000,-9342000,79636000,,not_scored,,,,,,,missing_required_data,quarter_revenue_yoy_pct;guidance_revenue_millions,regex_fallback,206,,,,,6,3,6,6,4584,31480,Growth/earnings_8k_sec_parser/local_extractions_2024Q3/RLGT/RLGT_2024-09-12_000095017024105909.json,2024-09-13,6.660000,-1.0510,-9.0090,2.1021,8.2583,7.6577
2024Q3,RLJ,2024-08-01,0001511337-24-000022,$100M-$500M,314503000,10645000,4919295000,-40194000,-32634000,42018000,,not_scored,,,,,,,missing_required_data,quarter_revenue_yoy_pct;guidance_revenue_millions,regex_fallback,369.3,,,,,6,6,6,6,3481,28099,Growth/earnings_8k_sec_parser/local_extractions_2024Q3/RLJ/RLJ_2024-08-01_000151133724000022.json,2024-08-02,9.140000,-2.8446,1.7505,2.9540,1.2035,-3.1729
2024Q3,RM,2024-07-31,0000950170-24-088606,$100M-$500M,135378000,8689000,1794527000,-29962000,-20200000,52649000,,not_scored,,,,,,,missing_required_data,quarter_revenue_yoy_pct;guidance_revenue_millions,regex_fallback,143,,,,,6,6,6,6,4117,47244,Growth/earnings_8k_sec_parser/local_extractions_2024Q3/RM/RM_2024-07-31_000095017024088606.json,2024-08-01,33.869999,-10.5403,-7.1450,-3.8677,-3.4249,-14.4966
2024Q3,RMBS,2024-07-29,0000917273-24-000097,$100M-$500M,192071000,3281000,1258227000,-54210000,-10705000,38906000,,not_scored,,,,,,,missing_required_data,quarter_revenue_yoy_pct;guidance_revenue_millions,regex_fallback,132.1,,,,,6,6,6,6,3405,18015,Growth/earnings_8k_sec_parser/local_extractions_2024Q3/RMBS/RMBS_2024-07-29_000091727324000097.json,2024-07-30,52.720001,-18.7405,-10.9067,-16.7109,-19.9165,-15.0228
2024Q3,RMD,2024-08-01,0001193125-24-191487,$2B-$10B,3100936000,210478000,6751708000,611465000,-1113322000,455863000,,not_scored,,,,,,,missing_required_data,quarter_revenue_yoy_pct;guidance_revenue_millions,regex_fallback,1200,,,,,6,3,6,2,4038,24742,Growth/earnings_8k_sec_parser/local_extractions_2024Q3/RMD/RMD_2024-08-01_000119312524191487.json,2024-08-02,210.000000,2.2143,6.3857,16.6190,13.6905,15.4619
2024Q3,RMNI,2024-07-31,0001635282-24-000144,$100M-$500M,105512000,5639000,393796000,-1101000,-346000,8643000,,not_scored,,,,,,,missing_required_data,quarter_revenue_yoy_pct;guidance_revenue_millions,regex_fallback,103.1,,,,,6,6,6,6,4279,26740,Growth/earnings_8k_sec_parser/local_extractions_2024Q3/RMNI/RMNI_2024-07-31_000163528224000144.json,2024-08-01,2.270000,-24.2291,-20.7048,-23.7885,-18.5022,-29.9559
2024Q3,RMR,2024-08-01,0001644378-24-000033,$100M-$500M,459159000,24810000,582424000,-31346000,-1878000,42115000,,not_scored,,,,,,,missing_required_data,quarter_revenue_millions;quarter_revenue_yoy_pct;guidance_revenue_millions,regex_fallback,,,,,,0,0,3,0,3135,2036,Growth/earnings_8k_sec_parser/local_extractions_2024Q3/RMR/RMR_2024-08-01_000164437824000033.json,2024-08-02,24.530001,-3.9543,0.4077,2.5275,2.5275,-1.8753
2024Q3,RNGR,2024-07-29,0001699039-24-000085,$100M-$500M,157500000,6200000,378000000,-5600000,-1100000,17400000,,not_scored,,,,,,,missing_required_data,quarter_revenue_yoy_pct;guidance_revenue_millions,regex_fallback,138.1,,,,,6,6,6,6,3570,32559,Growth/earnings_8k_sec_parser/local_extractions_2024Q3/RNGR/RNGR_2024-07-29_000169903924000085.json,2024-07-30,11.640000,-1.7182,-0.2577,9.3643,2.3196,8.5052
2024Q3,ROAD,2024-08-09,0001718227-24-000059,$500M-$1B,666629000,1892000,1219665000,46611000,-97235000,45696000,,not_scored,,,,,,,missing_required_data,quarter_revenue_yoy_pct;guidance_revenue_millions,regex_fallback,517.8,,,,,6,6,6,5,3487,19436,Growth/earnings_8k_sec_parser/local_extractions_2024Q3/ROAD/ROAD_2024-08-09_000171822724000059.json,2024-08-12,60.020000,3.2156,1.0497,2.1493,22.5258,59.5635
2024Q3,ROCK,2024-07-31,0000912562-24-000043,$100M-$500M,293267000,21099000,1256451000,-46509000,-1636000,38045000,,not_scored,,,,,,,missing_required_data,quarter_revenue_yoy_pct;guidance_revenue_millions,regex_fallback,1380,,,,,6,6,6,6,3575,33163,Growth/earnings_8k_sec_parser/local_extractions_2024Q3/ROCK/ROCK_2024-07-31_000091256224000043.json,2024-08-01,74.440002,-15.6099,-10.3708,-10.2499,-6.0586,-8.6110
2024Q3,ROG,2024-07-25,0000084748-24-000050,$100M-$500M,243800000,-3500000,1517200000,-29400000,-15400000,1800000,,not_scored,,,,,,,missing_required_data,quarter_revenue_yoy_pct;guidance_revenue_millions,regex_fallback,214.2,,,,,6,4,6,6,3756,21723,Growth/earnings_8k_sec_parser/local_extractions_2024Q3/ROG/ROG_2024-07-25_000008474824000050.json,2024-07-26,127.330002,-15.8564,-15.9271,-14.6313,-17.7099,-21.8566
2024Q3,ROK,2024-08-07,0001024478-24-000086,$2B-$10B,4256400000,684300000,11304000000,-296500000,-19500000,253400000,,not_scored,,,,,,,missing_required_data,quarter_revenue_yoy_pct;guidance_revenue_millions,regex_fallback,2051,,,,,6,6,6,6,3079,38700,Growth/earnings_8k_sec_parser/local_extractions_2024Q3/ROK/ROK_2024-08-07_000102447824000086.json,2024-08-08,248.839996,6.5745,5.2604,4.1834,7.3863,18.1482
2024Q3,ROKU,2024-08-01,0001428439-24-000031,$500M-$1B,740990000,-193604000,4261792000,-79109000,-59243000,-153412000,,not_scored,,,,,,,missing_required_data,quarter_revenue_yoy_pct;guidance_revenue_millions,regex_fallback,968,,,,,6,2,6,6,3387,28932,Growth/earnings_8k_sec_parser/local_extractions_2024Q3/ROKU/ROKU_2024-08-01_000142843924000031.json,2024-08-02,56.900002,-5.9402,8.6292,14.6221,30.6503,12.6186
2024Q3,ROL,2024-07-24,0000084839-24-000090,$500M-$1B,658015000,88234000,2595460000,-71082000,-13590000,100773000,,not_scored,,,,,,,missing_required_data,quarter_revenue_yoy_pct;guidance_revenue_millions,regex_fallback,892,,,,,6,1,6,6,3415,25740,Growth/earnings_8k_sec_parser/local_extractions_2024Q3/ROL/ROL_2024-07-24_000008483924000090.json,2024-07-25,49.389999,-3.5635,-1.8020,0.6277,2.2474,0.7289
2024Q3,ROP,2024-07-24,0000882835-24-000031,$1B-$2B,1469700000,283100000,28167500000,-52500000,-26800000,463700000,,not_scored,,,,,,,missing_required_data,guidance_revenue_millions,regex_fallback,1720,12,,,,6,6,6,6,2843,17018,Growth/earnings_8k_sec_parser/local_extractions_2024Q3/ROP/ROP_2024-07-24_000088283524000031.json,2024-07-25,541.130005,-4.3612,-2.4264,1.0349,3.0713,0.3345
2024Q3,ROST,2024-08-22,0000745732-24-000041,$2B-$10B,4494686000,371191000,13618904000,-380635000,-167253000,413152000,,not_scored,,,,,,,missing_required_data,guidance_revenue_millions,regex_fallback,5300,7,,,,6,6,6,2,3316,14394,Growth/earnings_8k_sec_parser/local_extractions_2024Q3/ROST/ROST_2024-08-22_000074573224000041.json,2024-08-23,163.559998,-7.2634,-6.6520,-8.3028,-10.8890,-12.5948
2024Q3,RPD,2024-07-09,0001560327-24-000088,$100M-$500M,183174000,-25915000,1505348000,2838000,-10177000,5842000,,not_scored,,,,,,,missing_required_data,quarter_revenue_millions;quarter_revenue_yoy_pct;guidance_revenue_millions,regex_fallback,,,,,,0,1,6,4,3625,6890,Growth/earnings_8k_sec_parser/local_extractions_2024Q3/RPD/RPD_2024-07-09_000156032724000088.json,2024-07-10,40.520000,-1.3080,-2.4186,-10.7601,-14.3633,-4.8865
2024Q3,RPRX,2024-08-08,0001193125-24-196475,$500M-$1B,683971000,340755000,16381851000,-210373000,-558526000,1033837000,,not_scored,,,,,,,missing_required_data,quarter_revenue_yoy_pct;guidance_revenue_millions,regex_fallback,1000,,,,,6,6,6,3,3415,35196,Growth/earnings_8k_sec_parser/local_extractions_2024Q3/RPRX/RPRX_2024-08-08_000119312524196475.json,2024-08-09,26.320000,4.4453,10.6763,6.8009,3.9514,0.7599
2024Q3,RRGB,2024-08-22,0001171759-24-000032,$100M-$500M,417812000,-3256000,741934000,-1017000,-16084000,17342000,,not_scored,,,,,,,missing_required_data,quarter_revenue_yoy_pct;guidance_revenue_millions,regex_fallback,300.2,,,,,6,6,6,6,3587,24213,Growth/earnings_8k_sec_parser/local_extractions_2024Q3/RRGB/RRGB_2024-08-22_000117175924000032.json,2024-08-23,4.080000,-18.1373,-24.5098,7.3529,48.0392,20.5882
2024Q3,RRR,2024-07-23,0001193125-24-182864,$100M-$500M,433636000,44676000,3954512000,29867000,-179971000,140522000,,not_scored,,,,,,,missing_required_data,quarter_revenue_yoy_pct;guidance_revenue_millions,regex_fallback,486.4,,,,,6,3,6,3,2781,11197,Growth/earnings_8k_sec_parser/local_extractions_2024Q3/RRR/RRR_2024-07-23_000119312524182864.json,2024-07-24,57.000000,-12.8772,-5.4211,-1.3158,-6.5614,-9.6140
2024Q3,RSG,2024-07-24,0001060391-24-000272,$2B-$10B,4147200000,383852000,29081400000,-42000000,-653300000,687700000,,not_scored,,,,,,,missing_required_data,quarter_revenue_yoy_pct;guidance_revenue_millions,regex_fallback,16075,,,,,6,6,6,6,6836,38577,Growth/earnings_8k_sec_parser/local_extractions_2024Q3/RSG/RSG_2024-07-24_000106039124000272.json,2024-07-25,201.919998,-3.3528,0.2625,2.4317,0.4408,1.0202
2024Q3,RSI,2024-07-31,0001793659-24-000057,$100M-$500M,162361000,-7260000,318580000,-24000,-6467000,-24276000,,not_scored,,,,,,,missing_required_data,quarter_revenue_yoy_pct;guidance_revenue_millions,regex_fallback,220,,,,,6,6,6,6,3399,21967,Growth/earnings_8k_sec_parser/local_extractions_2024Q3/RSI/RSI_2024-07-31_000179365924000057.json,2024-08-01,11.500000,-21.8261,-17.7391,-21.5652,-5.6522,-6.4348
2024Q3,RSVR,2024-07-31,0001104659-24-084158,$100M-$500M,122286530,2539201,754082929,38462111,-72231146,31203724,,not_scored,,,,,,,missing_required_data,quarter_revenue_yoy_pct;guidance_revenue_millions,regex_fallback,34.3,,,,,6,5,6,6,3950,22299,Growth/earnings_8k_sec_parser/local_extractions_2024Q3/RSVR/RSVR_2024-07-31_000110465924084158.json,2024-08-01,7.660000,-6.9191,-2.8721,-3.9164,5.8747,13.0548
2024Q3,RUN,2024-08-06,0001469367-24-000144,$500M-$1B,589849000,-240388000,20450237000,839836000,-510310000,-439323000,,not_scored,,,,,,,missing_required_data,quarter_revenue_yoy_pct;guidance_revenue_millions,regex_fallback,1500,,,,,6,6,6,6,705769,40979,Growth/earnings_8k_sec_parser/local_extractions_2024Q3/RUN/RUN_2024-08-06_000146936724000144.json,2024-08-07,18.490000,9.5727,12.6014,-1.7307,-10.0054,-8.5452
2024Q3,RVLV,2024-08-06,0000950170-24-091833,$100M-$500M,279609000,14172000,608886000,161000,-1148000,48829000,,not_scored,,,,,,,missing_required_data,quarter_revenue_yoy_pct;guidance_revenue_millions,regex_fallback,282.5,,,,,6,5,6,6,3436,24223,Growth/earnings_8k_sec_parser/local_extractions_2024Q3/RVLV/RVLV_2024-08-06_000095017024091833.json,2024-08-07,20.990000,16.0553,11.0529,-0.5241,11.6722,23.9638
2024Q3,RVTY,2024-07-29,0000031791-24-000018,$500M-$1B,674865000,569475000,13564665000,-113185000,1864502000,63463000,,not_scored,,,,,,,missing_required_data,quarter_revenue_yoy_pct;guidance_revenue_millions,regex_fallback,692,,,,,6,6,6,6,3719,35651,Growth/earnings_8k_sec_parser/local_extractions_2024Q3/RVTY/RVTY_2024-07-29_000003179124000018.json,2024-07-30,126.019997,-5.7689,-4.5866,-3.0471,1.3728,-6.7688
2024Q3,RXO,2024-08-07,0001929561-24-000098,$1B-$2B,1010000000,0,1825000000,-8000000,-12000000,42000000,,not_scored,,,,,,,missing_required_data,quarter_revenue_yoy_pct;guidance_revenue_millions,regex_fallback,930,,,,,6,6,6,6,3853,43542,Growth/earnings_8k_sec_parser/local_extractions_2024Q3/RXO/RXO_2024-08-07_000192956124000098.json,2024-08-08,29.660000,-1.1463,-3.6750,-8.1929,-8.2940,7.5523
2024Q3,RYAM,2024-08-06,0001597672-24-000030,$100M-$500M,466761000,1607000,2182700000,-13589000,-21348000,51389000,,not_scored,,,,,,,missing_required_data,quarter_revenue_yoy_pct;guidance_revenue_millions,regex_fallback,419,,,,,6,6,6,6,3122,42660,Growth/earnings_8k_sec_parser/local_extractions_2024Q3/RYAM/RYAM_2024-08-06_000159767224000030.json,2024-08-07,6.830000,12.4451,8.4919,9.2240,28.2577,19.0337
2024Q3,RYZ,2024-07-30,0000950170-24-087962,$1B-$2B,1406100000,47300000,2569600000,-9900000,-66700000,80400000,,not_scored,,,,,,,missing_required_data,quarter_revenue_yoy_pct;guidance_revenue_millions,regex_fallback,1230,,,,,6,6,6,6,4502,45174,Growth/earnings_8k_sec_parser/local_extractions_2024Q3/RYZ/RYZ_2024-07-30_000095017024087962.json,2024-07-31,25.200001,-28.4127,-25.2778,-20.5556,-20.9921,-11.0317
2024Q3,SABR,2024-08-01,0001597033-24-000104,$500M-$1B,742695000,-98934000,4672194000,111939000,-18110000,455906000,,not_scored,,,,,,,missing_required_data,quarter_revenue_yoy_pct;guidance_revenue_millions,regex_fallback,61,,,,,6,6,6,6,3503,45490,Growth/earnings_8k_sec_parser/local_extractions_2024Q3/SABR/SABR_2024-08-01_000159703324000104.json,2024-08-02,3.100000,-9.3548,-6.4516,-5.1613,16.4516,3.2258
2024Q3,SAFT,2024-08-07,0001172052-24-000032,$100M-$500M,213759000,-12337000,2094004000,-3747000,6655000,-12892000,,not_scored,,,,,,,missing_required_data,quarter_revenue_millions;quarter_revenue_yoy_pct;guidance_revenue_millions,regex_fallback,,,,,,6,2,6,6,3051,20649,Growth/earnings_8k_sec_parser/local_extractions_2024Q3/SAFT/SAFT_2024-08-07_000117205224000032.json,2024-08-08,80.989998,2.1114,8.1985,2.2349,-1.8150,9.0258
2024Q3,SAH,2024-08-05,0001043509-24-000062,$2B-$10B,3491200000,47700000,5364600000,72500000,-107500000,-34000000,,not_scored,,,,,,,missing_required_data,quarter_revenue_yoy_pct;guidance_revenue_millions,regex_fallback,3500,,,,,6,4,6,6,3924,104105,Growth/earnings_8k_sec_parser/local_extractions_2024Q3/SAH/SAH_2024-08-05_000104350924000062.json,2024-08-06,59.750000,1.8075,5.5063,-2.0251,-6.6444,-4.1339
2024Q3,SAIA,2024-07-26,0000950170-24-086727,$500M-$1B,660535000,76097000,2583565000,-12180000,-128055000,119270000,,not_scored,,,,,,,missing_required_data,quarter_revenue_yoy_pct;guidance_revenue_millions,regex_fallback,823.2,,,,,4,0,6,6,3286,16548,Growth/earnings_8k_sec_parser/local_extractions_2024Q3/SAIA/SAIA_2024-07-26_000095017024086727.json,2024-07-29,397.329987,-3.1762,-1.9077,-6.5412,9.3851,20.6503
2024Q3,SAIC,2024-09-05,0001571123-24-000125,$2B-$10B,2028000000,98000000,5314000000,-105000000,336000000,82000000,,not_scored,,,,,,,missing_required_data,quarter_revenue_yoy_pct;guidance_revenue_millions,regex_fallback,1820,,,,,6,6,6,6,4079,35115,Growth/earnings_8k_sec_parser/local_extractions_2024Q3/SAIC/SAIC_2024-09-05_000157112324000125.json,2024-09-06,134.910004,2.0162,1.2675,6.7527,10.3699,-10.4737
2024Q3,SBAC,2024-07-29,0001193125-24-187567,$500M-$1B,675516000,101217000,10178441000,-160728000,-146761000,311168000,,not_scored,,,,,,,missing_required_data,quarter_revenue_yoy_pct;guidance_revenue_millions,regex_fallback,660.5,,,,,6,6,6,6,3165,44300,Growth/earnings_8k_sec_parser/local_extractions_2024Q3/SBAC/SBAC_2024-07-29_000119312524187567.json,2024-07-30,211.639999,0.6001,3.1516,7.0403,13.7309,13.3718
2024Q3,SBGI,2024-08-07,0001971213-24-000053,$500M-$1B,773000000,185000000,6085000000,-279000000,-44000000,62000000,,not_scored,,,,,,,missing_required_data,guidance_revenue_millions,regex_fallback,829,8,,,,6,6,6,6,4219,25365,Growth/earnings_8k_sec_parser/local_extractions_2024Q3/SBGI/SBGI_2024-08-07_000197121324000053.json,2024-08-08,14.370000,-7.8636,-2.5052,-8.7683,14.8921,21.1552
2024Q3,SBH,2024-08-08,0001193125-24-196450,$1B-$2B,1875767000,50337000,2725250000,-49237000,-42181000,79648000,,not_scored,,,,,,,missing_required_data,quarter_revenue_yoy_pct;guidance_revenue_millions,regex_fallback,942,,,,50.5,6,6,6,6,3436,32808,Growth/earnings_8k_sec_parser/local_extractions_2024Q3/SBH/SBH_2024-08-08_000119312524196450.json,2024-08-09,10.290000,25.8503,26.2391,13.6054,26.8222,27.1137
2024Q3,SBRA,2024-08-07,0001492298-24-000024,$100M-$500M,161324000,-9487000,5386150000,-196071000,113175000,68289000,,not_scored,,,,,,,missing_required_data,quarter_revenue_millions;quarter_revenue_yoy_pct;guidance_revenue_millions,regex_fallback,,,,,,6,6,6,6,4801,117651,Growth/earnings_8k_sec_parser/local_extractions_2024Q3/SBRA/SBRA_2024-08-07_000149229824000024.json,2024-08-08,16.820000,-5.1724,-0.1784,3.2699,7.3722,9.8692
2024Q3,SCCO,2024-07-19,0001558370-24-009916,$2B-$10B,2793900000,815900000,17323300000,-774700000,-170400000,1185200000,,not_scored,,,,,,,missing_required_data,quarter_revenue_yoy_pct;guidance_revenue_millions,regex_fallback,3118.3,,,,,6,4,6,6,2419,30213,Growth/earnings_8k_sec_parser/local_extractions_2024Q3/SCCO/SCCO_2024-07-19_000155837024009916.json,2024-07-22,100.450691,-2.7957,-4.1255,-0.3219,-0.9909,7.4096
2024Q3,SCHL,2024-07-18,0000866729-24-000014,$1B-$2B,1175700000,10600000,1877500000,-79300000,-65300000,28900000,,not_scored,,,,,,,missing_required_data,guidance_revenue_millions,regex_fallback,474.9,-10,,,,6,2,6,6,3192,28454,Growth/earnings_8k_sec_parser/local_extractions_2024Q3/SCHL/SCHL_2024-07-18_000086672924000014.json,2024-07-19,31.290001,-0.0959,-5.2733,0.1598,0.9907,-15.3084
2024Q3,SCHW,2024-07-16,0000316709-24-000056,$2B-$10B,5116000000,1603000000,493178000000,-10096000000,11029000000,9777000000,,not_scored,,,,,,,missing_required_data,quarter_revenue_millions;quarter_revenue_yoy_pct;guidance_revenue_millions,regex_fallback,,,,,,6,2,6,6,3499,39476,Growth/earnings_8k_sec_parser/local_extractions_2024Q3/SCHW/SCHW_2024-07-16_000031670924000056.json,2024-07-17,66.260002,-1.4488,-5.2219,-1.0715,-3.8787,8.6025
2024Q3,SCL,2024-07-31,0000950170-24-088232,$500M-$1B,651436000,16142000,2363354000,113536000,-90341000,-72058000,,not_scored,,,,,,,missing_required_data,quarter_revenue_yoy_pct;guidance_revenue_millions,regex_fallback,11.8,,,,,6,6,6,6,3397,32542,Growth/earnings_8k_sec_parser/local_extractions_2024Q3/SCL/SCL_2024-07-31_000095017024088232.json,2024-08-01,85.300003,-17.1864,-11.3834,-11.7702,-9.4373,-12.7198
2024Q3,SCSC,2024-08-27,0000918965-24-000026,$2B-$10B,2840573000,24042000,2068169000,25565000,-6549000,-20508000,,not_scored,,,,,,,missing_required_data,quarter_revenue_yoy_pct;guidance_revenue_millions,regex_fallback,3100,,,,,6,6,6,6,3882,58913,Growth/earnings_8k_sec_parser/local_extractions_2024Q3/SCSC/SCSC_2024-08-27_000091896524000026.json,2024-08-28,48.070000,-5.9081,-0.3120,-1.2066,-5.4504,7.9051
2024Q3,SCVL,2024-09-05,0000950170-24-103723,$100M-$500M,281184000,16526000,976629000,-5811000,-15026000,2052000,,not_scored,,,,,,,missing_required_data,quarter_revenue_yoy_pct;guidance_revenue_millions,regex_fallback,332.7,,,,,6,6,6,6,3471,24578,Growth/earnings_8k_sec_parser/local_extractions_2024Q3/SCVL/SCVL_2024-09-05_000095017024103723.json,2024-09-06,40.279999,3.4260,7.4975,-5.0894,-11.5194,-18.8431
2024Q3,SEAT,2024-08-06,0000950170-24-091202,$100M-$500M,136581000,12182000,1550099000,-10800000,-2607000,65111000,,not_scored,,,,,,,missing_required_data,quarter_revenue_yoy_pct;guidance_revenue_millions,regex_fallback,198,,,,,6,6,6,6,5065,20242,Growth/earnings_8k_sec_parser/local_extractions_2024Q3/SEAT/SEAT_2024-08-06_000095017024091202.json,2024-08-07,84.599998,5.4374,10.1655,9.2199,-16.3121,-5.2009
2024Q3,SEDG,2024-08-07,0001178913-24-002467,$500M-$1B,943889000,138378000,4587731000,-5222000,-67780000,7923000,,not_scored,,,,,,,missing_required_data,quarter_revenue_yoy_pct;guidance_revenue_millions,regex_fallback,265.4,,,,,6,3,6,6,3499,36490,Growth/earnings_8k_sec_parser/local_extractions_2024Q3/SEDG/SEDG_2024-08-07_000117891324002467.json,2024-08-08,19.850000,38.6902,29.4207,-9.6222,2.8715,-26.0705
2024Q3,SEIC,2024-07-24,0000350894-24-000099,$100M-$500M,469119000,107015000,2520003000,-118589000,-16988000,114364000,,not_scored,,,,,,,missing_required_data,quarter_revenue_yoy_pct;guidance_revenue_millions,regex_fallback,10.1,,,,,6,1,6,4,3767,22288,Growth/earnings_8k_sec_parser/local_extractions_2024Q3/SEIC/SEIC_2024-07-24_000035089424000099.json,2024-07-25,64.000000,-1.4063,2.4063,5.0625,7.5156,10.4687
2024Q3,SEM,2024-07-12,0001104659-24-079579,$1B-$2B,1664980000,70805000,7699736000,3419000,-69062000,51440000,,not_scored,,,,,,,missing_required_data,quarter_revenue_yoy_pct;guidance_revenue_millions,regex_fallback,477.9,,,,,1,4,6,3,3633,10446,Growth/earnings_8k_sec_parser/local_extractions_2024Q3/SEM/SEM_2024-07-12_000110465924079579.json,2024-07-15,19.973061,4.0464,-12.1662,-13.6768,-4.9636,-8.5514
2024Q3,SFIX,2024-09-24,0001576942-24-000087,$1B-$2B,1227782000,-143314000,614478000,-38885000,39093000,-15675000,,not_scored,,,,,,,missing_required_data,quarter_revenue_yoy_pct;guidance_revenue_millions,regex_fallback,319.6,,,,,6,6,6,6,3827,23486,Growth/earnings_8k_sec_parser/local_extractions_2024Q3/SFIX/SFIX_2024-09-24_000157694224000087.json,2024-09-25,2.690000,0.3717,4.8327,5.2045,68.4015,40.1487
2024Q3,SFM,2024-07-29,0001575515-24-000120,$1B-$2B,1733310000,76160000,3327428000,-118080000,-60086000,179820000,,not_scored,,,,,,,missing_required_data,quarter_revenue_yoy_pct;guidance_revenue_millions,regex_fallback,1900,,,,,6,6,6,6,5854,53087,Growth/earnings_8k_sec_parser/local_extractions_2024Q3/SFM/SFM_2024-07-29_000157551524000120.json,2024-07-30,102.089996,-5.6911,-3.1051,0.4408,8.1497,17.7197
2024Q3,SG,2024-08-08,0001628280-24-036126,$100M-$500M,125062000,-33657000,856557000,723000,-32379000,-3130000,,not_scored,,,,,,,missing_required_data,quarter_revenue_yoy_pct;guidance_revenue_millions,regex_fallback,184.6,,,,,2,5,6,6,3398,35667,Growth/earnings_8k_sec_parser/local_extractions_2024Q3/SG/SG_2024-08-08_000162828024036126.json,2024-08-09,33.930000,2.6230,-6.7787,-15.5320,12.5847,24.3737
2024Q3,SGRY,2024-08-06,0001638833-24-000132,$100M-$500M,417369000,-24900000,6876700000,-41200000,-70700000,74500000,,not_scored,,,,,,,missing_required_data,quarter_revenue_yoy_pct;guidance_revenue_millions,regex_fallback,508,,,,,6,6,6,6,3360,25212,Growth/earnings_8k_sec_parser/local_extractions_2024Q3/SGRY/SGRY_2024-08-06_000163883324000132.json,2024-08-07,29.150000,-1.8182,11.4580,3.5335,3.2933,1.9554
2024Q3,SHAK,2024-08-01,0001620533-24-000083,$100M-$500M,253278000,-1534000,1605857000,-3369000,46462000,19820000,,not_scored,,,,,,,missing_required_data,quarter_revenue_yoy_pct;guidance_revenue_millions,regex_fallback,316.5,,,,,6,6,6,6,4029,87482,Growth/earnings_8k_sec_parser/local_extractions_2024Q3/SHAK/SHAK_2024-08-01_000162053324000083.json,2024-08-02,98.699997,3.9818,8.2573,-0.9524,3.0699,23.2725
2024Q3,SHC,2024-08-05,0001822479-24-000038,$100M-$500M,220590000,2842000,3130420000,273916000,-44968000,33871000,,not_scored,,,,,,,missing_required_data,quarter_revenue_yoy_pct;guidance_revenue_millions,regex_fallback,277,,,,,6,5,6,6,3668,35003,Growth/earnings_8k_sec_parser/local_extractions_2024Q3/SHC/SHC_2024-08-05_000182247924000038.json,2024-08-06,14.260000,4.9790,9.5372,15.5680,8.4151,10.7994
2024Q3,SHLS,2024-08-06,0001831651-24-000097,$100M-$500M,105086000,14296000,843993000,-10216000,-2003000,9913000,,not_scored,,,,,,,missing_required_data,quarter_revenue_yoy_pct;guidance_revenue_millions,regex_fallback,99.2,,,,,6,6,6,6,3423,30622,Growth/earnings_8k_sec_parser/local_extractions_2024Q3/SHLS/SHLS_2024-08-06_000183165124000097.json,2024-08-07,6.040000,-10.2649,-11.7550,-6.4570,-15.5629,1.6556
2024Q3,SHO,2024-08-07,0001558370-24-011209,$100M-$500M,243443000,21087000,3149321000,-36479000,-22474000,47248000,,not_scored,,,,,,,missing_required_data,quarter_revenue_millions;quarter_revenue_yoy_pct;guidance_revenue_millions,regex_fallback,,,,,,6,6,6,6,4338,90841,Growth/earnings_8k_sec_parser/local_extractions_2024Q3/SHO/SHO_2024-08-07_000155837024011209.json,2024-08-08,9.480000,7.8059,7.8059,3.6920,7.5949,13.8186
2024Q3,SHOO,2024-07-31,0001493152-24-029685,$100M-$500M,463834000,36786000,1205121000,-49740000,-2426000,-13275000,,not_scored,,,,,,,missing_required_data,quarter_revenue_yoy_pct;guidance_revenue_millions,regex_fallback,44,,,,,6,6,6,5,4370,19728,Growth/earnings_8k_sec_parser/local_extractions_2024Q3/SHOO/SHOO_2024-07-31_000149315224029685.json,2024-08-01,44.650002,-5.1288,-0.1344,-0.2912,9.7200,0.9854
2024Q3,SHW,2024-07-23,0000089800-24-000103,$2B-$10B,5442400000,477400000,23129900000,98100000,-233400000,88200000,,not_scored,,,,,,,missing_required_data,quarter_revenue_millions;quarter_revenue_yoy_pct;guidance_revenue_millions,regex_fallback,,,,,,6,6,6,6,3405,25568,Growth/earnings_8k_sec_parser/local_extractions_2024Q3/SHW/SHW_2024-07-23_000008980024000103.json,2024-07-24,344.160004,-1.4732,1.4296,4.2335,10.9571,5.0035
2024Q3,SIG,2024-09-12,0000832988-24-000191,$1B-$2B,1668000000,97400000,6205400000,-100700000,-27100000,-381800000,,not_scored,,,,,,,missing_required_data,quarter_revenue_yoy_pct;guidance_revenue_millions,regex_fallback,1500,,,,,6,6,6,6,3537,44359,Growth/earnings_8k_sec_parser/local_extractions_2024Q3/SIG/SIG_2024-09-12_000083298824000191.json,2024-09-13,87.820000,11.5122,8.5288,11.1136,12.2637,-3.1200
2024Q3,SIGI,2024-07-18,0000230557-24-000018,$500M-$1B,999820000,92574000,11802546000,-27075000,-98238000,135769000,,not_scored,,,,,,,missing_required_data,quarter_revenue_millions;quarter_revenue_yoy_pct;guidance_revenue_millions,regex_fallback,,,,,,6,6,6,6,4826,82704,Growth/earnings_8k_sec_parser/local_extractions_2024Q3/SIGI/SIGI_2024-07-18_000023055724000018.json,2024-07-19,91.430000,-2.7125,-6.9561,-2.5265,0.8094,8.1592
2024Q3,SIRI,2024-08-01,0000908937-24-000019,$2B-$10B,2144000000,233000000,10374000000,-119000000,-235000000,350000000,,not_scored,,,,,,,missing_required_data,quarter_revenue_yoy_pct;guidance_revenue_millions,regex_fallback,2180,,,,,6,6,6,6,3816,32891,Growth/earnings_8k_sec_parser/local_extractions_2024Q3/SIRI/SIRI_2024-08-01_000090893724000019.json,2024-08-02,31.299999,-4.7923,0.3195,-0.3195,-27.6038,-14.8243
2024Q3,SITC,2024-07-30,0000950170-24-087497,$100M-$500M,138692000,15284000,4061351000,12904000,-50826000,42167000,,not_scored,,,,,,,missing_required_data,quarter_revenue_millions;quarter_revenue_yoy_pct;guidance_revenue_millions,regex_fallback,,,,,,6,6,6,6,3808,1050943,Growth/earnings_8k_sec_parser/local_extractions_2024Q3/SITC/SITC_2024-07-30_000095017024087497.json,2024-07-31,18.922314,-5.0314,-3.9623,-5.1101,-4.8742,-9.5777
2024Q3,SJM,2024-08-28,0000091419-24-000075,$2B-$10B,5575800000,631700000,16055000000,-944500000,-355500000,1136300000,,not_scored,,,,,,,missing_required_data,quarter_revenue_yoy_pct;guidance_revenue_millions,regex_fallback,2100,,,,,6,6,6,6,3445,31828,Growth/earnings_8k_sec_parser/local_extractions_2024Q3/SJM/SJM_2024-08-28_000009141924000075.json,2024-08-29,114.500000,4.9607,5.2227,5.7642,0.8384,3.0568
2024Q3,SKT,2024-08-01,0000899715-24-000115,$100M-$500M,108943000,23541000,2324119000,-33011000,-1873000,25574000,,not_scored,,,,,,,missing_required_data,quarter_revenue_millions;quarter_revenue_yoy_pct;guidance_revenue_millions,regex_fallback,,,,,,6,6,6,6,4386,129103,Growth/earnings_8k_sec_parser/local_extractions_2024Q3/SKT/SKT_2024-08-01_000089971524000115.json,2024-08-02,28.049999,-1.9964,2.6025,7.7362,17.4332,18.4670
2024Q3,SKWD,2024-08-05,0001519449-24-000031,$100M-$500M,189930000,15556000,2953435000,66455000,-193426000,107207000,,not_scored,,,,,,,missing_required_data,quarter_revenue_millions;quarter_revenue_yoy_pct;guidance_revenue_millions,regex_fallback,,,,,,6,3,6,6,3405,23439,Growth/earnings_8k_sec_parser/local_extractions_2024Q3/SKWD/SKWD_2024-08-05_000151944924000031.json,2024-08-06,40.959999,-5.8105,-3.0029,1.2940,3.7109,5.7373
2024Q3,SKY,2024-08-06,0000950170-24-091834,$2B-$10B,2207229000,248044000,1562724000,-19936000,-31967000,224479000,,not_scored,,,,,,,missing_required_data,quarter_revenue_yoy_pct;guidance_revenue_millions,regex_fallback,151.5,,,,,6,0,6,6,4317,20268,Growth/earnings_8k_sec_parser/local_extractions_2024Q3/SKY/SKY_2024-08-06_000095017024091834.json,2024-08-07,80.000000,11.8750,13.4125,10.6625,16.4375,14.3875
2024Q3,SKYW,2024-07-25,0001558370-24-010174,$2B-$10B,3122592000,111910000,7233761000,-181695000,3032000,150203000,,not_scored,,,,,,,missing_required_data,quarter_revenue_yoy_pct;guidance_revenue_millions,regex_fallback,867,,,,,5,3,6,2,3621,13999,Growth/earnings_8k_sec_parser/local_extractions_2024Q3/SKYW/SKYW_2024-07-25_000155837024010174.json,2024-07-26,85.059998,-19.9624,-12.5088,-11.0275,-1.7282,9.1112
2024Q3,SLAB,2024-07-24,0001628280-24-032692,$100M-$500M,246787000,2117399000,1443056000,-24539000,254281000,-13280000,,not_scored,,,,,,,missing_required_data,quarter_revenue_yoy_pct;guidance_revenue_millions,regex_fallback,145,,,,,6,3,6,6,9247,14637,Growth/earnings_8k_sec_parser/local_extractions_2024Q3/SLAB/SLAB_2024-07-24_000162828024032692.json,2024-07-25,115.239998,-12.2961,-15.0816,2.9677,-3.3669,-4.0437
2024Q3,SLB,2024-07-19,0001193125-24-181280,$2B-$10B,7736000000,934000000,47957000000,62000000,-547000000,330000000,,not_scored,,,,,,,missing_required_data,quarter_revenue_yoy_pct;guidance_revenue_millions,regex_fallback,9140,,,,,6,6,6,6,4055,59214,Growth/earnings_8k_sec_parser/local_extractions_2024Q3/SLB/SLB_2024-07-19_000119312524181280.json,2024-07-22,49.340000,-5.4317,-11.0255,-10.4175,-14.0454,-14.0049
2024Q3,SLG,2024-07-18,0001040971-24-000022,$100M-$500M,245764000,-35993000,9531181000,-2772000,-66369000,42349000,,not_scored,,,,,,,missing_required_data,quarter_revenue_yoy_pct;guidance_revenue_millions,regex_fallback,634.6,,,,,6,6,6,6,150093,35759,Growth/earnings_8k_sec_parser/local_extractions_2024Q3/SLG/SLG_2024-07-18_000104097124000022.json,2024-07-19,60.450001,8.4533,3.0769,5.6245,14.4913,24.3176
2024Q3,SLQT,2024-09-13,0001794783-24-000057,$500M-$1B,781070000,-10706000,1219251000,-29254000,-6860000,-12835000,,not_scored,,,,,,,missing_required_data,quarter_revenue_yoy_pct,regex_fallback,307.2,,,1400,,6,6,6,6,18088,33861,Growth/earnings_8k_sec_parser/local_extractions_2024Q3/SLQT/SLQT_2024-09-13_000179478324000057.json,2024-09-16,2.080000,-6.7308,0.4808,8.1731,17.7885,32.6923
2024Q3,SLVM,2024-08-09,0001856485-24-000021,$500M-$1B,941000000,97000000,2872000000,-8000000,-228000000,63000000,,not_scored,,,,,,,missing_required_data,quarter_revenue_yoy_pct;guidance_revenue_millions,regex_fallback,3700,,,,,6,4,6,6,3526,23573,Growth/earnings_8k_sec_parser/local_extractions_2024Q3/SLVM/SLVM_2024-08-09_000185648524000021.json,2024-08-12,73.400002,4.5913,3.4605,0.3815,14.0327,30.0272
2024Q3,SM,2024-08-07,0000893538-24-000103,$500M-$1B,573505000,198552000,6379985000,-58358000,-240405000,331634000,,not_scored,,,,,,,missing_required_data,quarter_revenue_millions;quarter_revenue_yoy_pct;guidance_revenue_millions,regex_fallback,,,,,,6,6,6,6,4383,44256,Growth/earnings_8k_sec_parser/local_extractions_2024Q3/SM/SM_2024-08-07_000089353824000103.json,2024-08-08,44.250000,2.6667,4.1130,-10.5989,3.5706,-0.4294
2024Q3,SMCI,2024-08-06,0001375365-24-000028,$2B-$10B,4938621000,446429000,3674729000,-547291000,-28618000,672919000,,not_scored,,,,,,,missing_required_data,quarter_revenue_yoy_pct;guidance_revenue_millions,regex_fallback,5310,,,,,6,4,6,5,4228,16823,Growth/earnings_8k_sec_parser/local_extractions_2024Q3/SMCI/SMCI_2024-08-06_000137536524000028.json,2024-08-07,53.245998,17.1205,2.8509,-27.4199,-10.3407,-47.9773
2024Q3,SMHI,2024-07-31,0000950170-24-088729,$100M-$500M,368868000,-9589000,780336000,-10982000,12141000,-552000,,not_scored,,,,,,,missing_required_data,quarter_revenue_yoy_pct;guidance_revenue_millions,regex_fallback,69.9,,,,,6,3,6,6,3493,28316,Growth/earnings_8k_sec_parser/local_extractions_2024Q3/SMHI/SMHI_2024-07-31_000095017024088729.json,2024-08-01,13.200000,-15.6061,-17.1970,-21.1364,-26.8939,-36.1364
2024Q3,SMP,2024-08-01,0001140361-24-035221,$100M-$500M,328028000,11918000,1293047000,27342000,-4350000,-20442000,,not_scored,,,,,,,missing_required_data,quarter_revenue_yoy_pct;guidance_revenue_millions,regex_fallback,389.8,,,,,6,2,6,6,3681,24125,Growth/earnings_8k_sec_parser/local_extractions_2024Q3/SMP/SMP_2024-08-01_000114036124035221.json,2024-08-02,31.950001,-8.1690,-2.7543,-0.7825,2.2535,0.7512
2024Q3,SNA,2024-07-18,0000091440-24-000048,$1B-$2B,1275600000,248700000,7544900000,-152100000,-72900000,301600000,,not_scored,,,,,,,missing_required_data,quarter_revenue_yoy_pct;guidance_revenue_millions,regex_fallback,1179.4,,,,,6,4,6,6,3017,25334,Growth/earnings_8k_sec_parser/local_extractions_2024Q3/SNA/SNA_2024-07-18_000009144024000048.json,2024-07-19,272.019989,3.0145,0.6139,1.9631,2.9630,20.5022
2024Q3,SNBR,2024-07-31,0000827187-24-000067,$500M-$1B,526527000,11465000,950880000,-3358000,-15556000,18581000,,not_scored,,,,,,,missing_required_data,quarter_revenue_yoy_pct;guidance_revenue_millions,regex_fallback,408,,,,,6,5,6,6,2838,23065,Growth/earnings_8k_sec_parser/local_extractions_2024Q3/SNBR/SNBR_2024-07-31_000082718724000067.json,2024-08-01,12.000000,-1.0833,14.6667,18.8333,52.6667,10.2500
2024Q3,SNCY,2024-08-01,0001743907-24-000013,$100M-$500M,294115000,38328000,1623627000,38811000,-95237000,47861000,,not_scored,,,,,,,missing_required_data,quarter_revenue_yoy_pct;guidance_revenue_millions,regex_fallback,254,,,,,6,6,6,6,3515,34700,Growth/earnings_8k_sec_parser/local_extractions_2024Q3/SNCY/SNCY_2024-08-01_000174390724000013.json,2024-08-02,12.660000,-25.5134,-26.6193,-13.2701,-17.1406,10.9795
2024Q3,SNDX,2024-08-01,0000950170-24-089235,$100M-$500M,139709000,-41126000,612880000,2474000,19915000,-39228000,,not_scored,,,,,,,missing_required_data,quarter_revenue_millions;quarter_revenue_yoy_pct;guidance_revenue_millions,regex_fallback,,,,,,0,6,6,4,3417,16809,Growth/earnings_8k_sec_parser/local_extractions_2024Q3/SNDX/SNDX_2024-08-01_000095017024089235.json,2024-08-02,20.879999,-5.9387,-2.6820,-1.6283,-4.7414,-9.6743
2024Q3,SNPS,2024-08-21,0001193125-24-204450,$2B-$10B,2496241000,544446000,10333131000,-591170000,-127712000,817691000,,not_scored,,,,,,,missing_required_data,quarter_revenue_yoy_pct;guidance_revenue_millions,regex_fallback,1526,,,,,6,6,6,6,3768,37585,Growth/earnings_8k_sec_parser/local_extractions_2024Q3/SNPS/SNPS_2024-08-21_000119312524204450.json,2024-08-22,577.260010,-16.6372,-16.5887,-12.3809,-12.4156,-6.1844
2024Q3,SO,2024-08-01,0000092122-24-000077,$2B-$10B,6480000000,799000000,139331000000,454000000,-2118000000,844000000,,not_scored,,,,,,,missing_required_data,quarter_revenue_yoy_pct;guidance_revenue_millions,regex_fallback,6500,,,,,6,1,6,6,8184,19211,Growth/earnings_8k_sec_parser/local_extractions_2024Q3/SO/SO_2024-08-01_000009212224000077.json,2024-08-02,88.379997,-1.3351,-2.2290,0.5997,2.8287,2.9984
2024Q3,SONO,2024-08-07,0001314727-24-000015,$500M-$1B,976752000,44537000,1002241000,-30669000,-23403000,69324000,,not_scored,,,,,,,missing_required_data,quarter_revenue_yoy_pct;guidance_revenue_millions,regex_fallback,397.1,,,,,6,5,6,6,3315,23981,Growth/earnings_8k_sec_parser/local_extractions_2024Q3/SONO/SONO_2024-08-07_000131472724000015.json,2024-08-08,10.610000,7.3516,12.6296,7.4458,12.0641,28.4637
2024Q3,SPB,2024-08-08,0000109177-24-000036,$1B-$2B,1442500000,-74600000,5258400000,-69600000,-33800000,177600000,,not_scored,,,,,,,missing_required_data,quarter_revenue_millions;quarter_revenue_yoy_pct;guidance_revenue_millions,regex_fallback,,,,,,6,6,6,6,12469,54383,Growth/earnings_8k_sec_parser/local_extractions_2024Q3/SPB/SPB_2024-08-08_000010917724000036.json,2024-08-09,89.760002,1.4929,3.8547,0.3008,0.8021,1.8271
2024Q3,SPG,2024-08-05,0001104659-24-085817,$1B-$2B,1350849000,519255000,34283495000,-135146000,-159740000,828681000,,not_scored,,,,,,,missing_required_data,quarter_revenue_yoy_pct;guidance_revenue_millions,regex_fallback,0,,,,,6,4,6,6,5002,144314,Growth/earnings_8k_sec_parser/local_extractions_2024Q3/SPG/SPG_2024-08-05_000110465924085817.json,2024-08-06,150.110001,4.3901,11.4916,9.3731,11.5848,14.6892
2024Q3,SPGI,2024-07-30,0000064040-24-000146,$2B-$10B,3160000000,795000000,60589000000,-230000000,-253000000,594000000,,not_scored,,,,,,,missing_required_data,quarter_revenue_yoy_pct;guidance_revenue_millions,regex_fallback,3549,,,,,6,6,6,6,3535,47005,Growth/earnings_8k_sec_parser/local_extractions_2024Q3/SPGI/SPGI_2024-07-30_000006404024000146.json,2024-07-31,491.549988,-1.4403,1.2837,4.4126,5.1002,-0.9765
2024Q3,SPHR,2024-08-14,0001795250-24-000028,$100M-$500M,444732000,-34020000,4973015000,200485000,-825484000,137824000,,not_scored,,,,,,,missing_required_data,quarter_revenue_yoy_pct;guidance_revenue_millions,regex_fallback,1026.9,,,,,6,1,6,6,3384,28042,Growth/earnings_8k_sec_parser/local_extractions_2024Q3/SPHR/SPHR_2024-08-14_000179525024000028.json,2024-08-15,45.810001,7.8367,-3.1216,-8.8190,0.3929,-8.9064
2024Q3,SPNT,2024-08-01,0001576018-24-000041,$500M-$1B,678100000,135900000,12871500000,-39400000,6100000,94200000,,not_scored,,,,,,,missing_required_data,quarter_revenue_millions;quarter_revenue_yoy_pct;guidance_revenue_millions,regex_fallback,,,,,,6,6,6,6,1591,126041,Growth/earnings_8k_sec_parser/local_extractions_2024Q3/SPNT/SPNT_2024-08-01_000157601824000041.json,2024-08-02,14.000000,2.6429,5.2143,4.4286,0.7143,-6.1429
2024Q3,SPXC,2024-08-01,0000088205-24-000048,$100M-$500M,399800000,42800000,2439700000,62900000,-3900000,-4400000,,not_scored,,,,,,,missing_required_data,quarter_revenue_yoy_pct;guidance_revenue_millions,regex_fallback,501.3,,,,,6,6,6,6,3323,32972,Growth/earnings_8k_sec_parser/local_extractions_2024Q3/SPXC/SPXC_2024-08-01_000008820524000048.json,2024-08-02,140.000000,5.5000,9.8357,6.2786,13.2357,2.4929
2024Q3,SR,2024-07-31,0001437749-24-023987,$1B-$2B,1937400000,270200000,10049000000,161500000,-340700000,179900000,,not_scored,,,,,,,missing_required_data,quarter_revenue_millions;quarter_revenue_yoy_pct;guidance_revenue_millions,regex_fallback,,,,,,0,0,1,0,21639,3491,Growth/earnings_8k_sec_parser/local_extractions_2024Q3/SR/SR_2024-07-31_000143774924023987.json,2024-08-01,66.580002,-4.6561,-2.3581,-0.6458,1.0664,-3.1541
2024Q3,SSNC,2024-07-25,0000950170-24-086510,$1B-$2B,1362700000,126000000,18102500000,-755300000,-49800000,254800000,,not_scored,,,,,,,missing_required_data,quarter_revenue_yoy_pct;guidance_revenue_millions,regex_fallback,1451.5,,,,,6,6,6,6,5071,53140,Growth/earnings_8k_sec_parser/local_extractions_2024Q3/SSNC/SSNC_2024-07-25_000095017024086510.json,2024-07-26,71.000000,-2.4507,1.9718,4.4789,5.3944,5.8451
2024Q3,SSP,2024-08-09,0000832428-24-000033,$500M-$1B,527778000,-18540000,5410120000,-8857000,-7921000,15227000,,not_scored,,,,,,,missing_required_data,quarter_revenue_yoy_pct;guidance_revenue_millions,regex_fallback,290,,,,,6,6,6,6,3027,25195,Growth/earnings_8k_sec_parser/local_extractions_2024Q3/SSP/SSP_2024-08-09_000083242824000033.json,2024-08-12,1.744361,-12.9310,-19.3966,-23.2759,18.9655,-1.7241
2024Q3,SSTK,2024-08-06,0001549346-24-000031,$100M-$500M,215280000,32843000,1036015000,-70667000,-15937000,66775000,,not_scored,,,,,,,missing_required_data,quarter_revenue_yoy_pct;guidance_revenue_millions,regex_fallback,220.1,,,,,6,5,6,6,3960,36531,Growth/earnings_8k_sec_parser/local_extractions_2024Q3/SSTK/SSTK_2024-08-06_000154934624000031.json,2024-08-07,37.369999,-4.1209,-8.4827,-9.3658,-17.5007,-12.3361
2024Q3,STC,2024-07-24,0001104659-24-082353,$500M-$1B,524305000,-8190000,2702861000,-17383000,-4812000,-51062000,,not_scored,,,,,,,missing_required_data,quarter_revenue_yoy_pct;guidance_revenue_millions,regex_fallback,602.2,,,,,6,1,6,6,3202,25280,Growth/earnings_8k_sec_parser/local_extractions_2024Q3/STC/STC_2024-07-24_000110465924082353.json,2024-07-25,69.379997,-1.2972,1.0233,6.4716,7.4229,-2.8971
2024Q3,STE,2024-08-06,0001757898-24-000014,$2B-$10B,4223403000,243888000,10821839000,115830000,-666559000,684811000,,not_scored,,,,,,,missing_required_data,guidance_revenue_millions,regex_fallback,901.2,10,,,,6,6,6,6,3990,30472,Growth/earnings_8k_sec_parser/local_extractions_2024Q3/STE/STE_2024-08-06_000175789824000014.json,2024-08-07,238.039993,-1.8778,-0.6764,0.7478,-5.0496,-4.4530
2024Q3,STEP,2024-08-08,0001796022-24-000061,$1B-$2B,1365525000,193885000,3497403000,-70439000,-210241000,214281000,,not_scored,,,,,,,missing_required_data,quarter_revenue_millions;quarter_revenue_yoy_pct;guidance_revenue_millions,regex_fallback,,,,,,6,0,6,6,3390,44673,Growth/earnings_8k_sec_parser/local_extractions_2024Q3/STEP/STEP_2024-08-08_000179602224000061.json,2024-08-09,46.070000,16.6052,17.2346,15.1509,30.0412,40.7641
2024Q3,STGW,2024-08-01,0000876883-24-000020,$500M-$1B,622444000,1389000,3767047000,12923000,-10815000,-85113000,,not_scored,,,,,,,missing_required_data,quarter_revenue_yoy_pct;guidance_revenue_millions,regex_fallback,671,,,,,6,6,6,6,4205,63344,Growth/earnings_8k_sec_parser/local_extractions_2024Q3/STGW/STGW_2024-08-01_000087688324000020.json,2024-08-02,6.030000,3.4826,14.7595,15.0912,17.9104,2.9851
2024Q3,STKL,2024-08-07,0001062993-24-014631,$100M-$500M,154969000,1377000,669424000,21821000,-25457000,3867000,,not_scored,,,,,,,missing_required_data,guidance_revenue_millions,regex_fallback,171,21,,,,6,6,6,6,3671,29463,Growth/earnings_8k_sec_parser/local_extractions_2024Q3/STKL/STKL_2024-08-07_000106299324014631.json,2024-08-08,5.700000,11.5790,5.7895,17.7193,1.5790,27.3684
2024Q3,STLD,2024-07-18,0001104659-24-080714,$2B-$10B,4893206000,637310000,14908420000,-447613000,-309646000,733783000,,not_scored,,,,,,,missing_required_data,quarter_revenue_yoy_pct;guidance_revenue_millions,regex_fallback,4600,,,,,6,3,6,6,3455,22687,Growth/earnings_8k_sec_parser/local_extractions_2024Q3/STLD/STLD_2024-07-18_000110465924080714.json,2024-07-19,129.169998,1.0451,-6.9366,-10.1494,-11.3649,4.5521
2024Q3,STRA,2024-07-31,0001013934-24-000016,$100M-$500M,256606000,-2028000,2125213000,-19719000,-23285000,35242000,,not_scored,,,,,,,missing_required_data,quarter_revenue_yoy_pct;guidance_revenue_millions,regex_fallback,16.8,,,,,6,0,6,6,3201,28367,Growth/earnings_8k_sec_parser/local_extractions_2024Q3/STRA/STRA_2024-07-31_000101393424000016.json,2024-08-01,104.610001,-11.5763,-8.0203,-7.5327,-11.5285,-15.7442
2024Q3,STRL,2024-08-05,0000874238-24-000118,$100M-$500M,403579000,19649000,1777184000,-35131000,6505000,49058000,,not_scored,,,,,,,missing_required_data,quarter_revenue_yoy_pct;guidance_revenue_millions,regex_fallback,582.8,,,,,6,6,6,5,4519,31813,Growth/earnings_8k_sec_parser/local_extractions_2024Q3/STRL/STRL_2024-08-05_000087423824000118.json,2024-08-06,111.180000,0.6746,6.6469,-1.7179,32.7037,36.3015
2024Q3,STT,2024-07-16,0000093751-24-000662,$2B-$10B,3101000000,549000000,297258000000,-11722000000,14312000000,-2862000000,,not_scored,,,,,,,missing_required_data,quarter_revenue_yoy_pct;guidance_revenue_millions,regex_fallback,72,,,,,6,6,6,6,1915,161205,Growth/earnings_8k_sec_parser/local_extractions_2024Q3/STT/STT_2024-07-16_000009375124000662.json,2024-07-17,84.910004,0.0118,-9.1626,-4.3929,0.6477,8.1380
2024Q3,STX,2024-07-23,0001137789-24-000061,$2B-$10B,5782000000,-437000000,7556000000,-321000000,-252000000,724000000,,not_scored,,,,,,,missing_required_data,quarter_revenue_yoy_pct;guidance_revenue_millions,regex_fallback,1890,,,,,6,6,6,6,5445,31035,Growth/earnings_8k_sec_parser/local_extractions_2024Q3/STX/STX_2024-07-23_000113778924000061.json,2024-07-24,109.000000,-15.1009,-9.9083,-4.2110,-2.8624,3.3394
2024Q3,STZ,2024-07-03,0000016918-24-000109,$2B-$10B,8820700000,-40400000,24662300000,-1929500000,-1035800000,2705400000,,not_scored,,,,,,,missing_required_data,quarter_revenue_millions;quarter_revenue_yoy_pct;guidance_revenue_millions,regex_fallback,,,,,,6,6,6,6,7183,412460,Growth/earnings_8k_sec_parser/local_extractions_2024Q3/STZ/STZ_2024-07-03_000001691824000109.json,2024-07-05,250.369995,-0.3355,-0.3954,-5.5718,-1.4339,-2.6840
2024Q3,SUPN,2024-07-23,0001356576-24-000039,$100M-$500M,153764000,16948000,1277673000,80174000,239780000,49126000,,not_scored,,,,,,,missing_required_data,quarter_revenue_millions;quarter_revenue_yoy_pct;guidance_revenue_millions,regex_fallback,,,,,,2,1,5,0,3207,2500,Growth/earnings_8k_sec_parser/local_extractions_2024Q3/SUPN/SUPN_2024-07-23_000135657624000039.json,2024-07-24,29.760000,-6.1828,13.0712,17.5067,5.5780,13.2728
2024Q3,SVV,2024-08-08,0001883313-24-000032,$100M-$500M,345684000,-10195000,1867405000,16630000,-20850000,-14834000,,not_scored,,,,,,,missing_required_data,quarter_revenue_yoy_pct;guidance_revenue_millions,regex_fallback,1530,,,,,6,6,6,6,3449,34573,Growth/earnings_8k_sec_parser/local_extractions_2024Q3/SVV/SVV_2024-08-08_000188331324000032.json,2024-08-09,8.390000,6.3170,11.7998,4.4100,25.0298,31.2276
2024Q3,SWBI,2024-09-05,0001193125-24-214184,$500M-$1B,864126000,194494000,541294000,-105987000,-24116000,137814000,,not_scored,,,,,,,missing_required_data,quarter_revenue_yoy_pct;guidance_revenue_millions,regex_fallback,88.3,,,,,6,1,6,6,3615,17091,Growth/earnings_8k_sec_parser/local_extractions_2024Q3/SWBI/SWBI_2024-09-05_000119312524214184.json,2024-09-06,13.400000,-1.1940,-3.2090,-3.0597,4.6269,1.7164
2024Q3,SWIM,2024-08-06,0001104659-24-086290,$100M-$500M,137719000,-14368000,835003000,47086000,-9942000,-14476000,,not_scored,,,,,,,missing_required_data,quarter_revenue_yoy_pct;guidance_revenue_millions,regex_fallback,5,,,,,6,6,6,6,3559,30024,Growth/earnings_8k_sec_parser/local_extractions_2024Q3/SWIM/SWIM_2024-08-06_000110465924086290.json,2024-08-07,3.980000,49.7487,54.5226,41.9598,63.0653,65.3266
2024Q3,SWK,2024-07-30,0000093556-24-000136,$2B-$10B,3931800000,-187800000,23663800000,324200000,-61200000,-286300000,,not_scored,,,,,,,missing_required_data,quarter_revenue_yoy_pct;guidance_revenue_millions,regex_fallback,4000,,,,,6,6,6,6,3267,40475,Growth/earnings_8k_sec_parser/local_extractions_2024Q3/SWK/SWK_2024-07-30_000009355624000136.json,2024-07-31,106.650002,-12.7989,-9.0858,-4.0225,3.2630,-11.9644
2024Q3,SWKS,2024-07-30,0000004127-24-000068,$2B-$10B,2482400000,309400000,8426700000,-589300000,-329200000,1185100000,,not_scored,,,,,,,missing_required_data,quarter_revenue_yoy_pct;guidance_revenue_millions,regex_fallback,906,,,,,6,6,6,6,3664,26634,Growth/earnings_8k_sec_parser/local_extractions_2024Q3/SWKS/SWKS_2024-07-30_000000412724000068.json,2024-07-31,111.949997,-8.4681,-5.1184,-2.1081,-11.7731,-12.4341
2024Q3,SWX,2024-08-06,0001692115-24-000097,$1B-$2B,1603304000,45911000,11869896000,-714823000,835665000,-185742000,,not_scored,,,,,,,missing_required_data,quarter_revenue_yoy_pct;guidance_revenue_millions,regex_fallback,59,,,,,6,6,6,6,3340,40727,Growth/earnings_8k_sec_parser/local_extractions_2024Q3/SWX/SWX_2024-08-06_000169211524000097.json,2024-08-07,70.860001,0.9455,2.2156,-3.3446,4.1490,3.9091
2024Q3,SXC,2024-07-31,0001514705-24-000015,$100M-$500M,487800000,16300000,1660400000,-14600000,-22300000,30200000,,not_scored,,,,,,,missing_required_data,quarter_revenue_yoy_pct;guidance_revenue_millions,regex_fallback,63.5,,,,,6,6,6,6,8845,38651,Growth/earnings_8k_sec_parser/local_extractions_2024Q3/SXC/SXC_2024-07-31_000151470524000015.json,2024-08-01,11.700000,-24.3590,-24.8718,-28.0342,-25.8120,-26.3248
2024Q3,SXT,2024-07-26,0001140361-24-034308,$100M-$500M,369006000,33651000,2014507000,24552000,-22879000,-3045000,,not_scored,,,,,,,missing_required_data,quarter_revenue_yoy_pct;guidance_revenue_millions,regex_fallback,209.2,,,,,6,6,6,6,4407,35850,Growth/earnings_8k_sec_parser/local_extractions_2024Q3/SXT/SXT_2024-07-26_000114036124034308.json,2024-07-29,77.300003,-7.4256,-4.5666,-1.4360,3.1048,2.4709
2024Q3,SYK,2024-07-30,0000310764-24-000095,$2B-$10B,4778000000,592000000,39912000000,-481000000,-132000000,445000000,,not_scored,,,,,,,missing_required_data,quarter_revenue_yoy_pct;guidance_revenue_millions,regex_fallback,5400,,,,,6,3,6,6,3955,28786,Growth/earnings_8k_sec_parser/local_extractions_2024Q3/SYK/SYK_2024-07-30_000031076424000095.json,2024-07-31,330.500000,-1.6036,3.7610,9.0530,9.3071,8.6263
2024Q3,SYM,2024-07-29,0001837240-24-000162,$100M-$500M,473166000,-13311000,1050710000,-10726000,-216147000,132364000,,not_scored,,,,,,,missing_required_data,quarter_revenue_yoy_pct;guidance_revenue_millions,regex_fallback,492,,,,,6,6,6,6,3501,23343,Growth/earnings_8k_sec_parser/local_extractions_2024Q3/SYM/SYM_2024-07-29_000183724024000162.json,2024-07-30,26.500000,-17.3585,-5.0189,-27.0189,-7.9623,7.2075
2024Q3,SYNA,2024-08-08,0000950170-24-093944,$1B-$2B,1127800000,64600000,2611400000,-134200000,-28100000,237000000,,not_scored,,,,,,,missing_required_data,quarter_revenue_yoy_pct;guidance_revenue_millions,regex_fallback,247.4,,,,,6,5,6,6,3553,24099,Growth/earnings_8k_sec_parser/local_extractions_2024Q3/SYNA/SYNA_2024-08-08_000095017024093944.json,2024-08-09,75.900002,2.0949,6.5481,-6.4559,-4.5850,-1.6601
2024Q3,TALO,2024-08-08,0001193125-24-196168,$100M-$500M,322582000,89860000,4816309000,117116000,-106976000,62857000,,not_scored,,,,,,,missing_required_data,quarter_revenue_yoy_pct;guidance_revenue_millions,regex_fallback,549.2,,,,,6,6,6,6,4650,51612,Growth/earnings_8k_sec_parser/local_extractions_2024Q3/TALO/TALO_2024-08-08_000119312524196168.json,2024-08-09,12.020000,-0.9983,-0.6656,-9.2346,-9.5674,-1.5807
2024Q3,TAP,2024-08-06,0000024545-24-000016,$2B-$10B,2774800000,72500000,26375100000,-102500000,-177400000,3400000,,not_scored,,,,,,,missing_required_data,quarter_revenue_millions;quarter_revenue_yoy_pct;guidance_revenue_millions,regex_fallback,,,,,,6,6,6,6,3891,58425,Growth/earnings_8k_sec_parser/local_extractions_2024Q3/TAP/TAP_2024-08-06_000002454524000016.json,2024-08-07,53.919998,0.2226,-0.6862,3.4310,2.0772,3.8205
2024Q3,TASK,2024-08-08,0001829864-24-000135,$100M-$500M,235306000,9509000,864202000,-7097000,-6244000,43683000,,not_scored,,,,,,,missing_required_data,quarter_revenue_yoy_pct;guidance_revenue_millions,regex_fallback,237.9,,,,,6,6,6,6,3481,27056,Growth/earnings_8k_sec_parser/local_extractions_2024Q3/TASK/TASK_2024-08-08_000182986424000135.json,2024-08-09,17.850000,-23.3613,-24.3697,-32.1008,-33.0532,-12.8852
2024Q3,TBI,2024-08-05,0000768899-24-000100,$500M-$1B,568244000,-4289000,899383000,-26825000,-8376000,9151000,,not_scored,,,,,,,missing_required_data,quarter_revenue_yoy_pct;guidance_revenue_millions,regex_fallback,396,,,,,6,6,6,6,13397,36005,Growth/earnings_8k_sec_parser/local_extractions_2024Q3/TBI/TBI_2024-08-05_000076889924000100.json,2024-08-06,8.620000,-10.5568,-3.3643,-10.0928,-14.9652,-11.1369
2024Q3,TBLA,2024-08-07,0001140361-24-035979,$100M-$500M,327686000,-31313000,1707802000,-206000,35310000,17524000,,not_scored,,,,,,,missing_required_data,quarter_revenue_millions;quarter_revenue_yoy_pct;guidance_revenue_millions,regex_fallback,,,,,,6,6,6,6,4245,27107,Growth/earnings_8k_sec_parser/local_extractions_2024Q3/TBLA/TBLA_2024-08-07_000114036124035979.json,2024-08-08,3.110000,6.4309,12.8617,2.8939,2.8939,7.3955
2024Q3,TDAY,2024-08-01,0001579684-24-000043,$500M-$1B,668917000,10344000,2181247000,-38640000,20704000,6718000,,not_scored,,,,,,,missing_required_data,quarter_revenue_yoy_pct,regex_fallback,278.4,,,45,,6,6,6,6,4297,34370,Growth/earnings_8k_sec_parser/local_extractions_2024Q3/TDAY/TDAY_2024-08-01_000157968424000043.json,2024-08-02,4.340000,-2.9954,10.8295,14.9769,26.7281,8.0645
2024Q3,TDG,2024-08-06,0001260221-24-000066,$2B-$10B,2989000000,228000000,19970000000,1068000000,-76000000,507000000,,not_scored,,,,,,,missing_required_data,quarter_revenue_yoy_pct;guidance_revenue_millions,regex_fallback,2046,,,,,6,6,6,4,4222,30773,Growth/earnings_8k_sec_parser/local_extractions_2024Q3/TDG/TDG_2024-08-06_000126022124000066.json,2024-08-07,1250.920044,4.5822,6.0204,3.4575,8.4442,6.9293
2024Q3,TDY,2024-07-24,0001094285-24-000088,$1B-$2B,1383300000,178700000,14527900000,-103400000,-76900000,203000000,,not_scored,,,,,,,missing_required_data,quarter_revenue_yoy_pct;guidance_revenue_millions,regex_fallback,1374.1,,,,,6,6,6,6,3322,33100,Growth/earnings_8k_sec_parser/local_extractions_2024Q3/TDY/TDY_2024-07-24_000109428524000088.json,2024-07-25,415.809998,-3.8671,-1.7508,1.5295,4.0716,13.0540
2024Q3,TEAD,2024-08-01,0001454938-24-000146,$100M-$500M,231774000,-5605000,664637000,-7411000,-4039000,-20478000,,not_scored,,,,,,,missing_required_data,quarter_revenue_millions;quarter_revenue_yoy_pct;guidance_revenue_millions,regex_fallback,,,,,,6,6,6,6,14438,66538,Growth/earnings_8k_sec_parser/local_extractions_2024Q3/TEAD/TEAD_2024-08-01_000145493824000146.json,2024-08-02,4.980000,-8.4337,2.8112,-1.8072,-3.6145,-13.8554
2024Q3,TECH,2024-08-07,0001558370-24-011193,$500M-$1B,835382000,209779000,2638692000,46838000,-260893000,171000000,,not_scored,,,,,,,missing_required_data,quarter_revenue_yoy_pct;guidance_revenue_millions,regex_fallback,306.1,,,,,6,2,6,6,3520,38299,Growth/earnings_8k_sec_parser/local_extractions_2024Q3/TECH/TECH_2024-08-07_000155837024011193.json,2024-08-08,71.900002,4.2976,-0.4173,0.2642,2.2531,5.4659
2024Q3,TEL,2024-07-24,0001558370-24-010004,$2B-$10B,8001000000,830000000,21712000000,-1006000000,-404000000,1215000000,,not_scored,,,,,,,missing_required_data,quarter_revenue_yoy_pct;guidance_revenue_millions,regex_fallback,4000,,,,,6,6,6,6,3501,68884,Growth/earnings_8k_sec_parser/local_extractions_2024Q3/TEL/TEL_2024-07-24_000155837024010004.json,2024-07-25,156.539993,-8.3685,-7.2889,-2.5553,-5.1424,-7.0717
2024Q3,TENB,2024-07-31,0001660280-24-000119,$100M-$500M,188839000,-25097000,1606871000,9790000,11140000,38746000,,not_scored,,,,,,,missing_required_data,quarter_revenue_yoy_pct;guidance_revenue_millions,regex_fallback,221.2,,,,,6,6,6,6,3818,29006,Growth/earnings_8k_sec_parser/local_extractions_2024Q3/TENB/TENB_2024-07-31_000166028024000119.json,2024-08-01,36.070000,12.3371,18.4918,11.0895,12.3371,14.3055
2024Q3,TER,2024-07-25,0000950170-24-086252,$500M-$1B,617529000,83531000,3383407000,-129501000,-94863000,19336000,,not_scored,,,,,,,missing_required_data,quarter_revenue_yoy_pct;guidance_revenue_millions,regex_fallback,730,,,,,6,6,6,6,2880,24120,Growth/earnings_8k_sec_parser/local_extractions_2024Q3/TER/TER_2024-07-25_000095017024086252.json,2024-07-26,125.160004,-7.0070,5.2493,6.2640,4.6820,-11.5372
2024Q3,TEX,2024-07-30,0000097216-24-000131,$1B-$2B,1235700000,112600000,3615500000,-31700000,-29700000,9100000,,not_scored,,,,,,,missing_required_data,quarter_revenue_yoy_pct;guidance_revenue_millions,regex_fallback,1400,,,,,6,6,6,6,3188,27882,Growth/earnings_8k_sec_parser/local_extractions_2024Q3/TEX/TEX_2024-07-30_000009721624000131.json,2024-07-31,62.650002,-15.0359,-14.2538,-9.3855,-15.5467,-13.3919
2024Q3,TG,2024-08-07,0000850429-24-000019,$100M-$500M,468372000,-1009000,446461000,13581000,-8763000,-9108000,,not_scored,,,,,,,missing_required_data,quarter_revenue_yoy_pct;guidance_revenue_millions,regex_fallback,0.5,,,,,6,6,6,6,3426,59010,Growth/earnings_8k_sec_parser/local_extractions_2024Q3/TG/TG_2024-08-07_000085042924000019.json,2024-08-08,5.380000,8.7361,11.8959,12.0818,32.7137,69.8885
2024Q3,TGLS,2024-08-08,0001493152-24-030661,$100M-$500M,202639000,48235000,962717000,-3287000,-15688000,43063000,,not_scored,,,,,,,missing_required_data,quarter_revenue_yoy_pct;guidance_revenue_millions,regex_fallback,219.7,,,,,6,6,6,6,3298,24392,Growth/earnings_8k_sec_parser/local_extractions_2024Q3/TGLS/TGLS_2024-08-08_000149315224030661.json,2024-08-09,54.250000,8.2396,14.6912,10.1567,32.7189,29.7696
2024Q3,TGNA,2024-08-07,0000950170-24-092301,$500M-$1B,740327000,104303000,7000057000,-34767000,-4122000,170387000,,not_scored,,,,,,,missing_required_data,guidance_revenue_millions,regex_fallback,710,-3,,,,6,6,6,6,3285,35149,Growth/earnings_8k_sec_parser/local_extractions_2024Q3/TGNA/TGNA_2024-08-07_000095017024092301.json,2024-08-08,14.280000,-2.1008,-2.1709,-1.6106,7.7731,25.5602
2024Q3,TH,2024-08-07,0001558370-24-011198,$100M-$500M,147819000,43825000,694353000,-125325000,-28445000,14529000,,not_scored,,,,,,,missing_required_data,quarter_revenue_yoy_pct;guidance_revenue_millions,regex_fallback,100.7,,,,,6,6,6,6,3980,31042,Growth/earnings_8k_sec_parser/local_extractions_2024Q3/TH/TH_2024-08-07_000155837024011198.json,2024-08-08,10.100000,-2.5743,-5.2475,-0.1980,-23.7624,-15.2475
2024Q3,THR,2024-08-07,0001489096-24-000149,$100M-$500M,355674000,20092000,649629000,-22658000,-4531000,28754000,,not_scored,,,,,,,missing_required_data,quarter_revenue_yoy_pct;guidance_revenue_millions,regex_fallback,115.1,,,,,6,6,6,6,4270,30951,Growth/earnings_8k_sec_parser/local_extractions_2024Q3/THR/THR_2024-08-07_000148909624000149.json,2024-08-08,29.379999,1.5997,2.9272,-5.9224,-2.8591,0.2042
2024Q3,THRM,2024-07-31,0000950170-24-088211,$100M-$500M,363625000,7963000,1234371000,-12965000,-2549000,25109000,,not_scored,,,,,,,missing_required_data,quarter_revenue_yoy_pct;guidance_revenue_millions,regex_fallback,376,,,,,6,6,6,6,3668,39483,Growth/earnings_8k_sec_parser/local_extractions_2024Q3/THRM/THRM_2024-07-31_000095017024088211.json,2024-08-01,54.630001,-10.4521,-6.8461,-10.8182,-14.7904,-22.7531
2024Q3,THRY,2024-08-01,0001556739-24-000037,$100M-$500M,245555000,9314000,783170000,-17055000,-5136000,32311000,,not_scored,,,,,,,missing_required_data,quarter_revenue_yoy_pct;guidance_revenue_millions,regex_fallback,77.8,,,,,6,5,6,6,3671,37365,Growth/earnings_8k_sec_parser/local_extractions_2024Q3/THRY/THRY_2024-08-01_000155673924000037.json,2024-08-02,18.000000,-7.1667,0.2222,0.5556,-5.1667,-20.1111
2024Q3,TILE,2024-08-02,0000715787-24-000025,$100M-$500M,295792000,-714000,1230095000,-21035000,-5712000,29584000,,not_scored,,,,,,,missing_required_data,quarter_revenue_yoy_pct;guidance_revenue_millions,regex_fallback,346.6,,,,,6,4,6,6,7132,46219,Growth/earnings_8k_sec_parser/local_extractions_2024Q3/TILE/TILE_2024-08-02_000071578724000025.json,2024-08-05,15.990000,7.7548,17.8862,14.0088,13.3834,46.9669
2024Q3,TIPT,2024-07-31,0001393726-24-000081,$100M-$500M,381625000,-1062000,5139313000,78302000,-247523000,43046000,,not_scored,,,,,,,missing_required_data,quarter_revenue_yoy_pct;guidance_revenue_millions,regex_fallback,1045,,,,,6,3,6,6,4283,55691,Growth/earnings_8k_sec_parser/local_extractions_2024Q3/TIPT/TIPT_2024-07-31_000139372624000081.json,2024-08-01,20.090000,-8.9597,-6.2718,-3.3848,-2.5884,-1.8417
2024Q3,TITN,2024-08-14,0001409171-24-000084,$500M-$1B,569631000,26965000,1992261000,98196000,-26300000,-77704000,,not_scored,,,,,,,missing_required_data,quarter_revenue_yoy_pct,regex_fallback,634,,,634,,4,4,6,6,3297,12225,Growth/earnings_8k_sec_parser/local_extractions_2024Q3/TITN/TITN_2024-08-14_000140917124000084.json,2024-08-15,12.400000,15.7258,10.4839,7.9839,14.6774,14.4355
2024Q3,TJX,2024-08-21,0000109198-24-000044,$2B-$10B,7784024000,891000000,28681000000,-837000000,-362000000,745000000,,not_scored,,,,,,,missing_required_data,quarter_revenue_yoy_pct;guidance_revenue_millions,regex_fallback,13500,,,,,6,6,6,6,3291,24676,Growth/earnings_8k_sec_parser/local_extractions_2024Q3/TJX/TJX_2024-08-21_000010919824000044.json,2024-08-22,119.019997,-1.2435,-0.9830,-1.5880,-2.8230,0.6049
2024Q3,TKO,2024-08-08,0001973266-24-000019,$100M-$500M,306730000,-103840000,12690739000,-109575000,-4581000,69699000,,not_scored,,,,,,,missing_required_data,quarter_revenue_yoy_pct;guidance_revenue_millions,regex_fallback,851.2,,,,,6,6,6,6,3828,41821,Growth/earnings_8k_sec_parser/local_extractions_2024Q3/TKO/TKO_2024-08-08_000197326624000019.json,2024-08-09,118.510002,-0.4472,-1.5104,-3.0040,7.1640,-0.5316
2024Q3,TMHC,2024-07-24,0001193125-24-183274,$1B-$2B,1661857000,191051000,8672087000,-165070000,-24580000,347449000,,not_scored,,,,,,,missing_required_data,quarter_revenue_yoy_pct;guidance_revenue_millions,regex_fallback,1900,,,,24,6,5,6,6,3453,27973,Growth/earnings_8k_sec_parser/local_extractions_2024Q3/TMHC/TMHC_2024-07-24_000119312524183274.json,2024-07-25,65.339996,-5.9229,-7.6523,3.8568,7.4227,2.8466
2024Q3,TNDM,2024-08-01,0001438133-24-000176,$100M-$500M,169383000,-123873000,952658000,-541000,-26329000,-18326000,,not_scored,,,,,,,missing_required_data,guidance_revenue_millions,regex_fallback,221.9,13,,,,6,4,6,6,3576,20336,Growth/earnings_8k_sec_parser/local_extractions_2024Q3/TNDM/TNDM_2024-08-01_000143813324000176.json,2024-08-02,41.250000,-4.5576,3.0061,1.2606,-0.4364,-23.9515
2024Q3,TNET,2024-07-26,0000937098-24-000145,$1B-$2B,1246000000,131000000,3693000000,200000000,-23000000,-77000000,,not_scored,,,,,,,missing_required_data,quarter_revenue_yoy_pct;guidance_revenue_millions,regex_fallback,1200,,,,,6,4,6,6,1333,26775,Growth/earnings_8k_sec_parser/local_extractions_2024Q3/TNET/TNET_2024-07-26_000093709824000145.json,2024-07-29,110.940002,-15.1613,-12.6645,-7.5717,-13.2775,-25.5003
2024Q3,TPB,2024-08-01,0001140361-24-035215,$100M-$500M,197256000,7597000,569356000,-14553000,-2432000,15384000,,not_scored,,,,,,,missing_required_data,quarter_revenue_yoy_pct;guidance_revenue_millions,regex_fallback,15.3,,,,,6,2,6,6,4139,23126,Growth/earnings_8k_sec_parser/local_extractions_2024Q3/TPB/TPB_2024-08-01_000114036124035215.json,2024-08-02,36.889999,1.3012,7.4275,8.7287,15.4784,28.0293
2024Q3,TPC,2024-08-01,0000077543-24-000199,$500M-$1B,776300000,-49196000,4429856000,14369000,-6887000,21328000,,not_scored,,,,,,,missing_required_data,quarter_revenue_yoy_pct;guidance_revenue_millions,regex_fallback,1100,,,,,6,6,6,6,3490,26558,Growth/earnings_8k_sec_parser/local_extractions_2024Q3/TPC/TPC_2024-08-01_000007754324000199.json,2024-08-02,18.889999,1.6411,13.1816,16.7814,40.4447,37.2155
2024Q3,TPG,2024-08-06,0001880661-24-000041,$500M-$1B,643145000,25055000,9369672000,-210331000,-896000,35800000,,not_scored,,,,,,,missing_required_data,quarter_revenue_yoy_pct;guidance_revenue_millions,regex_fallback,198000,,,,,6,6,6,6,3751,91455,Growth/earnings_8k_sec_parser/local_extractions_2024Q3/TPG/TPG_2024-08-06_000188066124000041.json,2024-08-07,44.540001,9.8563,13.5384,9.4297,35.0696,36.6861
2024Q3,TPGXL,2024-08-06,0001880661-24-000041,$500M-$1B,643145000,25055000,9369672000,-210331000,-896000,35800000,,not_scored,,,,,,,missing_required_data,quarter_revenue_yoy_pct;guidance_revenue_millions,regex_fallback,198000,,,,,6,6,6,6,3751,91455,Growth/earnings_8k_sec_parser/local_extractions_2024Q3/TPGXL/TPGXL_2024-08-06_000188066124000041.json,2024-08-07,25.709999,1.6336,2.0615,1.0891,1.5169,2.2559
2024Q3,TPH,2024-07-25,0001561680-24-000077,$500M-$1B,779661000,74742000,4914588000,-49553000,-9452000,135639000,,not_scored,,,,,,,missing_required_data,quarter_revenue_yoy_pct;guidance_revenue_millions,regex_fallback,1100,,,,,6,6,6,6,3966,27175,Growth/earnings_8k_sec_parser/local_extractions_2024Q3/TPH/TPH_2024-07-25_000156168024000077.json,2024-07-26,46.500000,-11.6129,-10.9032,-2.2366,-3.3118,-12.4086
2024Q3,TPL,2024-08-07,0001811074-24-000047,$100M-$500M,146362000,86568000,1156398000,-32837000,-1744000,114775000,,not_scored,,,,,,,missing_required_data,quarter_revenue_yoy_pct;guidance_revenue_millions,regex_fallback,415,,,,,6,3,6,6,4020,72490,Growth/earnings_8k_sec_parser/local_extractions_2024Q3/TPL/TPL_2024-08-07_000181107424000047.json,2024-08-08,261.163330,7.5062,11.4258,1.0249,25.7923,69.7048
2024Q3,TPR,2024-08-01,0001140361-24-035202,$2B-$10B,5041400000,195300000,7116800000,-768700000,40600000,574800000,,not_scored,,,,,,,missing_required_data,quarter_revenue_millions;quarter_revenue_yoy_pct;guidance_revenue_millions,regex_fallback,,,,,,0,2,6,1,4038,8548,Growth/earnings_8k_sec_parser/local_extractions_2024Q3/TPR/TPR_2024-08-01_000114036124035202.json,2024-08-02,38.540001,-2.7244,4.2294,7.8620,20.1609,23.1188
2024Q3,TR,2024-07-25,0001558370-24-010134,$100M-$500M,162092000,13401000,1019613000,-13900000,5495000,-7482000,,not_scored,,,,,,,missing_required_data,quarter_revenue_millions;quarter_revenue_yoy_pct;guidance_revenue_millions,regex_fallback,,,,,,6,0,6,6,3562,6721,Growth/earnings_8k_sec_parser/local_extractions_2024Q3/TR/TR_2024-07-25_000155837024010134.json,2024-07-26,28.947121,-4.5262,-8.2058,-2.9958,4.1355,-2.3119
2024Q3,TRGP,2024-08-01,0000950170-24-088922,$2B-$10B,4520500000,497000000,20671800000,-696200000,-480800000,1169800000,,not_scored,,,,,,,missing_required_data,quarter_revenue_yoy_pct;guidance_revenue_millions,regex_fallback,357.7,,,,,6,6,6,6,5619,41807,Growth/earnings_8k_sec_parser/local_extractions_2024Q3/TRGP/TRGP_2024-08-01_000095017024088922.json,2024-08-02,134.820007,2.0546,5.9561,11.1704,11.6897,23.8392
2024Q3,TRIP,2024-08-06,0000950170-24-091729,$100M-$500M,371000000,-73000000,2537000000,-11000000,-16000000,135000000,,not_scored,,,,,,,missing_required_data,quarter_revenue_yoy_pct;guidance_revenue_millions,regex_fallback,497,,,,,6,4,6,6,3342,41862,Growth/earnings_8k_sec_parser/local_extractions_2024Q3/TRIP/TRIP_2024-08-06_000095017024091729.json,2024-08-07,14.210000,2.3223,2.7445,-3.0964,1.0556,16.0450
2024Q3,TRMB,2024-08-06,0000864749-24-000195,$2B-$10B,3659400000,492700000,7269000000,-447700000,-203500000,750500000,,not_scored,,,,,,,missing_required_data,quarter_revenue_yoy_pct;guidance_revenue_millions,regex_fallback,870.8,,,,,6,6,6,6,9594,26435,Growth/earnings_8k_sec_parser/local_extractions_2024Q3/TRMB/TRMB_2024-08-06_000086474924000195.json,2024-08-07,52.060001,7.3569,8.7207,4.0146,18.1521,18.3634
2024Q3,TRN,2024-08-01,0000099780-24-000129,$500M-$1B,641700000,4400000,8906500000,72400000,-203100000,99400000,,not_scored,,,,,,,missing_required_data,quarter_revenue_yoy_pct;guidance_revenue_millions,regex_fallback,25,,,,,6,6,6,6,14829,70801,Growth/earnings_8k_sec_parser/local_extractions_2024Q3/TRN/TRN_2024-08-01_000009978024000129.json,2024-08-02,34.650002,-8.1097,-7.8211,-7.2439,-1.9048,-1.0678
2024Q3,TROW,2024-07-26,0001113169-24-000018,$1B-$2B,1537600000,421500000,12278800000,-144200000,-57500000,511700000,,not_scored,,,,,,,missing_required_data,quarter_revenue_yoy_pct;guidance_revenue_millions,regex_fallback,1700,,,,,6,4,6,6,3881,58181,Growth/earnings_8k_sec_parser/local_extractions_2024Q3/TROW/TROW_2024-07-26_000111316924000018.json,2024-07-29,111.779999,-6.2086,-2.1202,-3.8200,-2.0308,0.5547
2024Q3,TROX,2024-08-02,0001140361-24-035449,$500M-$1B,708000000,23000000,6134000000,120000000,-91000000,-79000000,,not_scored,,,,,,,missing_required_data,quarter_revenue_yoy_pct;guidance_revenue_millions,regex_fallback,820,,,,,6,6,6,6,3399,29057,Growth/earnings_8k_sec_parser/local_extractions_2024Q3/TROX/TROX_2024-08-02_000114036124035449.json,2024-08-05,12.370000,13.9855,16.0873,4.6079,14.7939,-2.5869
2024Q3,TRS,2024-07-30,0000842633-24-000071,$100M-$500M,215460000,4910000,1341660000,-17320000,-52570000,9690000,,not_scored,,,,,,,missing_required_data,quarter_revenue_yoy_pct;guidance_revenue_millions,regex_fallback,240.5,,,,,6,6,6,6,3464,29552,Growth/earnings_8k_sec_parser/local_extractions_2024Q3/TRS/TRS_2024-07-30_000084263324000071.json,2024-07-31,25.190001,-5.6769,-5.2799,1.2703,1.3497,8.1778
2024Q3,TRUP,2024-08-08,0001371285-24-000207,$100M-$500M,256329000,-6410000,782948000,33810000,33914000,-6862000,,not_scored,,,,,,,missing_required_data,quarter_revenue_yoy_pct;guidance_revenue_millions,regex_fallback,24,,,,,6,1,6,6,2875,30111,Growth/earnings_8k_sec_parser/local_extractions_2024Q3/TRUP/TRUP_2024-08-08_000137128524000207.json,2024-08-09,36.400002,19.0385,29.7527,17.7747,21.5659,34.3956
2024Q3,TRV,2024-07-19,0000086312-24-000050,$2B-$10B,9704000000,975000000,125978000000,-593000000,-455000000,1012000000,,not_scored,,,,,,,missing_required_data,quarter_revenue_yoy_pct;guidance_revenue_millions,regex_fallback,41000,,,,,6,6,6,6,71088,61865,Growth/earnings_8k_sec_parser/local_extractions_2024Q3/TRV/TRV_2024-07-19_000008631224000050.json,2024-07-22,203.210007,4.3502,3.2085,6.7467,17.3810,27.7988
2024Q3,TSCO,2024-07-25,0000916365-24-000083,$2B-$10B,3299225000,183088000,8848815000,125706000,-157684000,19554000,,not_scored,,,,,,,missing_required_data,quarter_revenue_yoy_pct;guidance_revenue_millions,regex_fallback,14800,,,,,6,6,6,6,3126,18342,Growth/earnings_8k_sec_parser/local_extractions_2024Q3/TSCO/TSCO_2024-07-25_000091636524000083.json,2024-07-26,51.891998,-1.2757,1.3644,5.1492,6.9799,5.7157
2024Q3,TSEOF,2024-08-06,0001558370-24-011104,$500M-$1B,996300000,-48900000,3029200000,-20500000,-21800000,45400000,,not_scored,,,,,,,missing_required_data,quarter_revenue_yoy_pct;guidance_revenue_millions,regex_fallback,920,,,,,6,6,6,6,3821,51942,Growth/earnings_8k_sec_parser/local_extractions_2024Q3/TSEOF/TSEOF_2024-08-06_000155837024011104.json,2024-08-07,2.540000,30.3150,73.6220,48.0315,152.3622,67.7165
2024Q3,TT,2024-07-31,0001466258-24-000232,$2B-$10B,3665800000,307100000,19391900000,-459200000,-91000000,8500000,,not_scored,,,,,,,missing_required_data,quarter_revenue_yoy_pct;guidance_revenue_millions,regex_fallback,5300,,,,,6,6,6,6,3860,32435,Growth/earnings_8k_sec_parser/local_extractions_2024Q3/TT/TT_2024-07-31_000146625824000232.json,2024-08-01,338.769989,-1.7357,3.8049,2.1873,14.7475,10.8481
2024Q3,TTEC,2024-08-09,0001104659-24-087830,$500M-$1B,633286000,18647000,2185598000,-43639000,-13643000,49058000,,not_scored,,,,,,,missing_required_data,quarter_revenue_yoy_pct;guidance_revenue_millions,regex_fallback,534.1,,,,,6,6,6,6,3582,25236,Growth/earnings_8k_sec_parser/local_extractions_2024Q3/TTEC/TTEC_2024-08-09_000110465924087830.json,2024-08-12,4.520000,-10.8407,10.1770,-7.7434,34.0708,6.4159
2024Q3,TTEK,2024-07-31,0001104659-24-084338,$2B-$10B,2052991000,159556000,3820477000,680491000,-755219000,113123000,,not_scored,,,,,,,missing_required_data,quarter_revenue_yoy_pct;guidance_revenue_millions,regex_fallback,1340,,,,,6,6,6,5,4179,20449,Growth/earnings_8k_sec_parser/local_extractions_2024Q3/TTEK/TTEK_2024-07-31_000110465924084338.json,2024-08-01,44.472000,1.3447,5.5900,4.8300,6.0443,12.4977
2024Q3,TTMI,2024-07-31,0001193125-24-189522,$500M-$1B,544437000,-5814000,3323663000,-50000000,9627000,55078000,,not_scored,,,,,,,missing_required_data,quarter_revenue_yoy_pct;guidance_revenue_millions,regex_fallback,605.1,,,,,6,6,6,6,4177,19084,Growth/earnings_8k_sec_parser/local_extractions_2024Q3/TTMI/TTMI_2024-07-31_000119312524189522.json,2024-08-01,19.850000,-9.2191,-0.5038,-8.7154,-8.0605,-0.6549
2024Q3,TTSH,2024-08-08,0001104659-24-087011,$100M-$500M,102019000,2512000,316672000,-20827000,-3367000,25822000,,not_scored,,,,,,,missing_required_data,quarter_revenue_yoy_pct;guidance_revenue_millions,regex_fallback,7.2,,,,,6,4,6,6,3629,18155,Growth/earnings_8k_sec_parser/local_extractions_2024Q3/TTSH/TTSH_2024-08-08_000110465924087011.json,2024-08-09,6.120000,0.4902,-0.3268,-3.1046,4.4118,13.8889
2024Q3,TTWO,2024-08-08,0001628280-24-036152,$2B-$10B,3504800000,418000000,15862100000,-256800000,139200000,258000000,,not_scored,,,,,,,missing_required_data,guidance_revenue_millions,regex_fallback,1340,4,,,,6,6,6,6,3895,27380,Growth/earnings_8k_sec_parser/local_extractions_2024Q3/TTWO/TTWO_2024-08-08_000162828024036152.json,2024-08-09,142.139999,5.8815,12.9168,9.9761,7.5981,26.0518
2024Q3,TW,2024-07-25,0001758730-24-000155,$100M-$500M,329249000,87856000,7059538000,-80456000,-16714000,70840000,,not_scored,,,,,,,missing_required_data,quarter_revenue_yoy_pct;guidance_revenue_millions,regex_fallback,217.5,,,,,6,6,6,5,3819,44405,Growth/earnings_8k_sec_parser/local_extractions_2024Q3/TW/TW_2024-07-25_000175873024000155.json,2024-07-26,105.480003,1.3557,8.8642,11.1016,15.5859,26.3083
2024Q3,TWI,2024-07-31,0000899751-24-000084,$500M-$1B,548644000,31838000,1289245000,-10445000,-11440000,24086000,,not_scored,,,,,,,missing_required_data,quarter_revenue_yoy_pct;guidance_revenue_millions,regex_fallback,450,,,,,6,1,6,6,2707,36870,Growth/earnings_8k_sec_parser/local_extractions_2024Q3/TWI/TWI_2024-07-31_000089975124000084.json,2024-08-01,8.370000,-11.8280,-6.2127,-3.7037,-2.8674,-12.0669
2024Q3,TXNM,2024-07-31,0001108426-24-000066,$500M-$1B,544077000,60273000,9353136000,119986000,-251433000,131501000,,not_scored,,,,,,,missing_required_data,quarter_revenue_yoy_pct;guidance_revenue_millions,regex_fallback,1900,,,,,6,6,6,6,7660,19423,Growth/earnings_8k_sec_parser/local_extractions_2024Q3/TXNM/TXNM_2024-07-31_000110842624000066.json,2024-08-01,41.860001,-4.4434,-2.5800,-1.1467,4.5628,2.6756
2024Q3,TXRH,2024-07-25,0001558370-24-010176,$1B-$2B,1174356000,88604000,2793376000,-103399000,-103300000,188981000,,not_scored,,,,,,,missing_required_data,quarter_revenue_millions;quarter_revenue_yoy_pct;guidance_revenue_millions,regex_fallback,,,,,,6,1,5,3,3535,19816,Growth/earnings_8k_sec_parser/local_extractions_2024Q3/TXRH/TXRH_2024-07-25_000155837024010176.json,2024-07-26,175.000000,-7.4343,-2.8571,-4.1200,0.3314,3.3714
2024Q3,TXT,2024-07-18,0000217346-24-000081,$2B-$10B,3024000000,191000000,16856000000,-376000000,-29000000,163000000,,not_scored,,,,,,,missing_required_data,quarter_revenue_yoy_pct;guidance_revenue_millions,regex_fallback,1500,,,,,6,6,6,6,3093,23699,Growth/earnings_8k_sec_parser/local_extractions_2024Q3/TXT/TXT_2024-07-18_000021734624000081.json,2024-07-19,93.230003,-1.8449,-9.0636,-4.9448,-4.8697,-3.1213
2024Q3,TYL,2024-07-24,0000860731-24-000039,$100M-$500M,471853000,30875000,4676663000,-117121000,-600000,74709000,,not_scored,,,,,,,missing_required_data,quarter_revenue_yoy_pct,regex_fallback,541,,,2120,,6,6,6,2,3004,21653,Growth/earnings_8k_sec_parser/local_extractions_2024Q3/TYL/TYL_2024-07-24_000086073124000039.json,2024-07-25,528.059998,7.7548,10.0595,8.2604,10.5443,10.2564
2024Q3,UBER,2024-08-06,0001543151-24-000024,$2B-$10B,8823000000,-157000000,38699000000,-107000000,-399000000,606000000,,not_scored,,,,,,,missing_required_data,guidance_revenue_millions,regex_fallback,10700,16,,,,6,6,6,6,3576,47013,Growth/earnings_8k_sec_parser/local_extractions_2024Q3/UBER/UBER_2024-08-06_000154315124000024.json,2024-08-07,65.559998,13.1483,10.6772,6.1318,13.7736,13.1025
2024Q3,UBSI,2024-07-25,0001193125-24-184314,$100M-$500M,263249000,98307000,29926482000,532453000,91434000,118154000,,not_scored,,,,,,,missing_required_data,quarter_revenue_millions;quarter_revenue_yoy_pct;guidance_revenue_millions,regex_fallback,,,,,,6,6,6,6,3052,70017,Growth/earnings_8k_sec_parser/local_extractions_2024Q3/UBSI/UBSI_2024-07-25_000119312524184314.json,2024-07-26,39.000000,-9.4872,-7.2051,-1.4615,-5.3846,-4.6410
2024Q3,UCB,2024-07-24,0001104659-24-082136,$100M-$500M,219896000,62300000,27297251000,-140560000,181295000,90093000,,not_scored,,,,,,,missing_required_data,quarter_revenue_millions;quarter_revenue_yoy_pct;guidance_revenue_millions,regex_fallback,,,,,,6,1,6,6,4722,100411,Growth/earnings_8k_sec_parser/local_extractions_2024Q3/UCB/UCB_2024-07-24_000110465924082136.json,2024-07-25,30.459999,-8.6343,-8.7328,-1.0506,-3.6769,-7.4196
2024Q3,UDR,2024-07-30,0000074208-24-000057,$100M-$500M,399549000,30964000,11373242000,-51659000,-117340000,168015000,,not_scored,,,,,,,missing_required_data,quarter_revenue_yoy_pct;guidance_revenue_millions,regex_fallback,10.8,,,,,6,6,6,6,3517,178629,Growth/earnings_8k_sec_parser/local_extractions_2024Q3/UDR/UDR_2024-07-30_000007420824000057.json,2024-07-31,40.720001,2.0629,3.3890,9.3075,11.3458,7.0972
2024Q3,UEIC,2024-08-08,0000101984-24-000127,$100M-$500M,108377000,-61363000,355872000,-3812000,-4831000,-2025000,,not_scored,,,,,,,missing_required_data,quarter_revenue_yoy_pct;guidance_revenue_millions,regex_fallback,90.5,,,,,6,5,6,6,3425,24136,Growth/earnings_8k_sec_parser/local_extractions_2024Q3/UEIC/UEIC_2024-08-08_000010198424000127.json,2024-08-09,11.000000,-20.2727,-16.1818,-23.1818,-23.4545,-23.4545
2024Q3,UFCS,2024-08-06,0000101199-24-000054,$100M-$500M,267104000,694000,3144190000,-4133000,-32501000,-6786000,,not_scored,,,,,,,missing_required_data,quarter_revenue_millions;quarter_revenue_yoy_pct;guidance_revenue_millions,regex_fallback,,,,,,6,2,6,6,3235,29958,Growth/earnings_8k_sec_parser/local_extractions_2024Q3/UFCS/UFCS_2024-08-06_000010119924000054.json,2024-08-07,19.400000,3.0412,4.7423,3.4536,-0.5670,2.7320
2024Q3,UFPI,2024-07-30,0000912767-24-000024,$2B-$10B,2975091000,126069000,3696789000,-59368000,-41858000,-37076000,,not_scored,,,,,,,missing_required_data,quarter_revenue_yoy_pct;guidance_revenue_millions,regex_fallback,1900,,,,,6,6,6,6,3188,27239,Growth/earnings_8k_sec_parser/local_extractions_2024Q3/UFPI/UFPI_2024-07-30_000091276724000024.json,2024-07-31,135.960007,-14.6734,-12.9450,-10.5105,-3.4937,-9.5028
2024Q3,UHS,2024-07-25,0000950170-24-086313,$2B-$10B,3467518000,163115000,13555959000,-105891000,-178311000,290753000,,not_scored,,,,,,,missing_required_data,quarter_revenue_yoy_pct;guidance_revenue_millions,regex_fallback,419.3,,,,,6,6,6,6,3013,46661,Growth/earnings_8k_sec_parser/local_extractions_2024Q3/UHS/UHS_2024-07-25_000095017024086313.json,2024-07-26,209.580002,0.6775,6.5321,11.1938,15.2400,7.1953
2024Q3,UIS,2024-08-05,0000746838-24-000021,$500M-$1B,516400000,-175400000,1965400000,-7600000,-11500000,12800000,,not_scored,,,,,,,missing_required_data,quarter_revenue_yoy_pct;guidance_revenue_millions,regex_fallback,375,,,,,6,6,6,6,3420,30500,Growth/earnings_8k_sec_parser/local_extractions_2024Q3/UIS/UIS_2024-08-05_000074683824000021.json,2024-08-06,4.130000,22.0339,38.4988,29.7821,41.6465,76.7554
2024Q3,ULCC,2024-08-08,0001670076-24-000122,$500M-$1B,848000000,-13000000,4993000000,44000000,10000000,-25000000,,not_scored,,,,,,,missing_required_data,quarter_revenue_yoy_pct;guidance_revenue_millions,regex_fallback,973,,,,,6,6,6,6,3826,48296,Growth/earnings_8k_sec_parser/local_extractions_2024Q3/ULCC/ULCC_2024-08-08_000167007624000122.json,2024-08-09,3.200000,9.3750,10.0000,24.6875,82.1875,100.9375
2024Q3,ULH,2024-07-25,0000950170-24-086527,$100M-$500M,437396000,24876000,1253523000,-3724000,-29748000,64481000,,not_scored,,,,,,,missing_required_data,quarter_revenue_yoy_pct;guidance_revenue_millions,regex_fallback,462.2,,,,,6,1,6,6,3134,18167,Growth/earnings_8k_sec_parser/local_extractions_2024Q3/ULH/ULH_2024-07-25_000095017024086527.json,2024-07-26,47.240002,-19.3903,-16.6173,-12.2142,-10.2879,-8.0864
2024Q3,ULTA,2024-08-29,0001558370-24-012541,$2B-$10B,2634263000,347051000,5375719000,-296249000,-110080000,304901000,,not_scored,,,,,,,missing_required_data,quarter_revenue_yoy_pct;guidance_revenue_millions,regex_fallback,2600,,,,,6,5,6,6,3197,20663,Growth/earnings_8k_sec_parser/local_extractions_2024Q3/ULTA/ULTA_2024-08-29_000155837024012541.json,2024-08-30,344.089996,10.8925,17.2048,13.0867,10.3897,12.3660
2024Q3,UPBD,2024-08-01,0000933036-24-000133,$1B-$2B,1016061000,47330000,2721430000,-69408000,-9570000,105417000,,not_scored,,,,,,,missing_required_data,quarter_revenue_yoy_pct;guidance_revenue_millions,regex_fallback,1077,,,,,6,6,6,6,4059,74905,Growth/earnings_8k_sec_parser/local_extractions_2024Q3/UPBD/UPBD_2024-08-01_000093303624000133.json,2024-08-02,34.599998,-9.7688,-9.1040,-4.4798,-13.9306,-15.4913
2024Q3,UPST,2024-08-06,0001647639-24-000032,$100M-$500M,102927000,-129254000,2017100000,20971000,-25852000,-75727000,,not_scored,,,,,,,missing_required_data,quarter_revenue_yoy_pct;guidance_revenue_millions,regex_fallback,128,,,,,6,4,6,6,3792,24990,Growth/earnings_8k_sec_parser/local_extractions_2024Q3/UPST/UPST_2024-08-06_000164763924000032.json,2024-08-07,30.000000,34.9000,47.0333,14.6667,36.7333,68.6667
2024Q3,UPWK,2024-08-07,0001627475-24-000032,$100M-$500M,160858000,17167000,1037541000,-152031000,152136000,-8701000,,not_scored,,,,,,,missing_required_data,guidance_revenue_millions,regex_fallback,193.1,15,,,,6,4,6,6,5207,28216,Growth/earnings_8k_sec_parser/local_extractions_2024Q3/UPWK/UPWK_2024-08-07_000162747524000032.json,2024-08-08,9.720000,-0.4115,-4.0123,-3.3951,7.7160,50.0000
2024Q3,URI,2024-07-24,0001067701-24-000030,$2B-$10B,3285000000,451000000,25589000000,-186000000,-760000000,939000000,,not_scored,,,,,,,missing_required_data,quarter_revenue_yoy_pct;guidance_revenue_millions,regex_fallback,3773,,,,,6,6,6,6,5755,43298,Growth/earnings_8k_sec_parser/local_extractions_2024Q3/URI/URI_2024-07-24_000106770124000030.json,2024-07-25,715.000000,-6.4881,-1.7916,3.9692,11.7413,16.6685
2024Q3,USB,2024-07-17,0000036104-24-000048,$2B-$10B,7175000000,1698000000,663491000000,6901000000,4943000000,842000000,,not_scored,,,,,,,missing_required_data,quarter_revenue_yoy_pct;guidance_revenue_millions,regex_fallback,6867,,,,,6,6,6,6,6948,155545,Growth/earnings_8k_sec_parser/local_extractions_2024Q3/USB/USB_2024-07-17_000003610424000048.json,2024-07-18,44.790001,1.2949,-7.5910,-2.5229,-0.2233,9.8683
2024Q3,USNA,2024-07-23,0000896264-24-000180,$100M-$500M,248360000,18383000,632757000,-3199000,-3378000,12833000,,not_scored,,,,,,,missing_required_data,quarter_revenue_yoy_pct;guidance_revenue_millions,regex_fallback,213,,,,,6,2,6,2,15415,13322,Growth/earnings_8k_sec_parser/local_extractions_2024Q3/USNA/USNA_2024-07-23_000089626424000180.json,2024-07-24,40.509998,-2.7401,-4.9124,1.0368,-5.9985,-14.8852
2024Q3,UTHR,2024-07-31,0001082554-24-000037,$500M-$1B,506900000,240900000,7167000000,48600000,-221100000,374800000,,not_scored,,,,,,,missing_required_data,guidance_revenue_millions,regex_fallback,714.9,20,,,,6,1,6,6,3147,15057,Growth/earnings_8k_sec_parser/local_extractions_2024Q3/UTHR/UTHR_2024-07-31_000108255424000037.json,2024-08-01,312.290009,6.8814,12.5909,12.8438,14.7491,15.7258
2024Q3,UTI,2024-08-06,0001261654-24-000053,$100M-$500M,283824000,2648000,740685000,85525000,-26614000,-4315000,,not_scored,,,,,,,missing_required_data,quarter_revenue_yoy_pct;guidance_revenue_millions,regex_fallback,800,,,,,6,6,6,6,45197,81238,Growth/earnings_8k_sec_parser/local_extractions_2024Q3/UTI/UTI_2024-08-06_000126165424000053.json,2024-08-07,17.700001,-5.7062,-2.7684,-10.5650,-14.1243,-3.2768
2024Q3,UTZ,2024-08-01,0001739566-24-000124,$100M-$500M,351433000,-9127000,2746736000,7452000,-14018000,-8443000,,not_scored,,,,,,,missing_required_data,quarter_revenue_yoy_pct;guidance_revenue_millions,regex_fallback,356.2,,,,,6,6,6,6,4297,66212,Growth/earnings_8k_sec_parser/local_extractions_2024Q3/UTZ/UTZ_2024-08-01_000173956624000124.json,2024-08-02,15.410000,7.1382,9.9286,13.7573,16.8722,11.7456
2024Q3,UVV,2024-08-07,0000102037-24-000030,$2B-$10B,2091150000,86577000,2586345000,-16760000,-142661000,44882000,,not_scored,,,,,,,missing_required_data,quarter_revenue_yoy_pct;guidance_revenue_millions,regex_fallback,597.1,,,,,6,4,6,6,7740,31585,Growth/earnings_8k_sec_parser/local_extractions_2024Q3/UVV/UVV_2024-08-07_000010203724000030.json,2024-08-08,49.799999,6.9679,9.3374,3.6145,4.3574,7.7309
2024Q3,VAC,2024-07-31,0001524358-24-000073,$1B-$2B,1169000000,87000000,9680000000,-194000000,-37000000,-50000000,,not_scored,,,,,,,missing_required_data,guidance_revenue_millions,regex_fallback,449,-1,,,,6,6,6,6,4713,37266,Growth/earnings_8k_sec_parser/local_extractions_2024Q3/VAC/VAC_2024-07-31_000152435824000073.json,2024-08-01,78.209999,-12.4025,-7.4287,-6.3547,-6.0478,2.6084
2024Q3,VAL,2024-07-31,0000314808-24-000121,$100M-$500M,430100000,46700000,4322200000,0,-56200000,151700000,,not_scored,,,,,,,missing_required_data,quarter_revenue_yoy_pct;guidance_revenue_millions,regex_fallback,610,,,,,6,6,6,6,3763,50623,Growth/earnings_8k_sec_parser/local_extractions_2024Q3/VAL/VAL_2024-07-31_000031480824000121.json,2024-08-01,81.889999,-20.1001,-26.1937,-29.8571,-31.9209,-40.4201
2024Q3,VC,2024-07-25,0001111335-24-000120,$500M-$1B,967000000,34000000,2727000000,-5000000,-20000000,-19000000,,not_scored,,,,,,,missing_required_data,quarter_revenue_yoy_pct;guidance_revenue_millions,regex_fallback,1014,,,,,6,6,6,6,3357,21620,Growth/earnings_8k_sec_parser/local_extractions_2024Q3/VC/VC_2024-07-25_000111133524000120.json,2024-07-26,114.070000,-10.5637,-14.7541,-11.3001,-15.1486,-18.9357
2024Q3,VCTR,2024-08-08,0000950170-24-094116,$100M-$500M,201320000,49273000,2542616000,-62469000,-1546000,64156000,,not_scored,,,,,,,missing_required_data,quarter_revenue_millions;quarter_revenue_yoy_pct;guidance_revenue_millions,regex_fallback,,,,,,6,2,6,6,3531,42862,Growth/earnings_8k_sec_parser/local_extractions_2024Q3/VCTR/VCTR_2024-08-08_000095017024094116.json,2024-08-09,48.000000,9.5833,11.1667,8.4792,18.7500,32.3125
2024Q3,VECO,2024-08-06,0001558370-24-011091,$100M-$500M,477038000,8741000,1229041000,-27441000,-762000,13918000,,not_scored,,,,,,,missing_required_data,quarter_revenue_yoy_pct,regex_fallback,175.9,,,170,,6,6,6,6,3823,40639,Growth/earnings_8k_sec_parser/local_extractions_2024Q3/VECO/VECO_2024-08-06_000155837024011091.json,2024-08-07,32.799999,14.9695,8.7195,-9.5427,-0.5183,-11.1585
2024Q3,VERX,2024-08-07,0001558370-24-011204,$100M-$500M,132751000,-18132000,759927000,-1531000,-14297000,3491000,,not_scored,,,,,,,missing_required_data,quarter_revenue_yoy_pct;guidance_revenue_millions,regex_fallback,161.1,,,,,6,6,6,6,3552,41820,Growth/earnings_8k_sec_parser/local_extractions_2024Q3/VERX/VERX_2024-08-07_000155837024011204.json,2024-08-08,35.049999,3.5663,7.3039,2.5107,16.9472,41.9686
2024Q3,VIAV,2024-08-08,0000912093-24-000051,$500M-$1B,842500000,25600000,1850500000,29300000,-105300000,90600000,,not_scored,,,,,,,missing_required_data,quarter_revenue_yoy_pct;guidance_revenue_millions,regex_fallback,252,,,,,6,6,6,6,3515,29760,Growth/earnings_8k_sec_parser/local_extractions_2024Q3/VIAV/VIAV_2024-08-08_000091209324000051.json,2024-08-09,7.750000,2.5806,10.5806,2.8387,16.7742,35.4839
2024Q3,VITL,2024-08-08,0000950170-24-093324,$100M-$500M,119172000,7150000,275178000,-998000,8519000,5403000,,not_scored,,,,,,,missing_required_data,quarter_revenue_yoy_pct;guidance_revenue_millions,regex_fallback,147.4,,,,,6,6,6,4,3365,24945,Growth/earnings_8k_sec_parser/local_extractions_2024Q3/VITL/VITL_2024-08-08_000095017024093324.json,2024-08-09,32.020000,-2.1861,-3.4978,-3.4978,19.9250,-1.9988
2024Q3,VLTO,2024-07-25,0001967680-24-000109,$1B-$2B,1225000000,225000000,5693000000,-147000000,-9000000,156000000,,not_scored,,,,,,,missing_required_data,quarter_revenue_yoy_pct;guidance_revenue_millions,regex_fallback,5000,,,,,6,6,6,6,3657,21825,Growth/earnings_8k_sec_parser/local_extractions_2024Q3/VLTO/VLTO_2024-07-25_000196768024000109.json,2024-07-26,104.000000,-1.9327,4.7788,6.7596,7.1154,1.7212
2024Q3,VMC,2024-08-06,0001140361-24-035798,$1B-$2B,1649000000,120700000,14076900000,-181100000,-61700000,221300000,,not_scored,,,,,,,missing_required_data,quarter_revenue_millions;quarter_revenue_yoy_pct;guidance_revenue_millions,regex_fallback,,,,,,5,4,6,6,2752,31294,Growth/earnings_8k_sec_parser/local_extractions_2024Q3/VMC/VMC_2024-08-06_000114036124035798.json,2024-08-07,248.490005,-1.6902,-3.2516,-6.6482,-4.2094,9.7308
2024Q3,VREX,2024-08-01,0001681622-24-000068,$100M-$500M,433800000,7200000,1249600000,-900000,-7500000,23600000,,not_scored,,,,,,,missing_required_data,quarter_revenue_yoy_pct,regex_fallback,209,,,190,,6,6,6,6,3586,19958,Growth/earnings_8k_sec_parser/local_extractions_2024Q3/VREX/VREX_2024-08-01_000168162224000068.json,2024-08-02,13.070000,-17.5210,-11.5532,-9.3343,-9.2578,0.4591
2024Q3,VRSN,2024-07-25,0001014473-24-000032,$100M-$500M,364400000,178700000,1749000000,-222500000,409800000,259000000,,not_scored,,,,,,,missing_required_data,quarter_revenue_yoy_pct;guidance_revenue_millions,regex_fallback,387,,,,,6,0,6,6,3973,11249,Growth/earnings_8k_sec_parser/local_extractions_2024Q3/VRSN/VRSN_2024-07-25_000101447324000032.json,2024-07-26,176.320007,1.3044,0.8224,2.9378,4.2877,4.9909
2024Q3,VRT,2024-07-24,0001628280-24-032675,$1B-$2B,1521100000,50300000,7998500000,-18800000,-17400000,42000000,,not_scored,,,,,,,missing_required_data,quarter_revenue_yoy_pct;guidance_revenue_millions,regex_fallback,1953,,,,,6,6,6,6,3555,38297,Growth/earnings_8k_sec_parser/local_extractions_2024Q3/VRT/VRT_2024-07-24_000162828024032675.json,2024-07-25,79.239998,-14.5255,1.1610,-1.4891,21.2393,36.7491
2024Q3,VRTS,2024-07-26,0000883237-24-000092,$100M-$500M,197874000,34643000,3678629000,-115078000,-13145000,-42959000,,not_scored,,,,,,,missing_required_data,quarter_revenue_yoy_pct;guidance_revenue_millions,regex_fallback,6100,,,,,6,1,6,6,3487,41757,Growth/earnings_8k_sec_parser/local_extractions_2024Q3/VRTS/VRTS_2024-07-26_000088323724000092.json,2024-07-29,232.240005,-14.7993,-9.2534,-12.0005,-10.5107,-2.9366
2024Q3,VRTX,2024-08-01,0000875320-24-000193,$2B-$10B,2374800000,699800000,22730200000,-294700000,-1833600000,899900000,,not_scored,,,,,,,missing_required_data,quarter_revenue_yoy_pct;guidance_revenue_millions,regex_fallback,2650,,,,,4,6,6,6,3444,39094,Growth/earnings_8k_sec_parser/local_extractions_2024Q3/VRTX/VRTX_2024-08-01_000087532024000193.json,2024-08-02,491.500000,-5.4914,-2.3622,-3.2146,-4.4232,-3.1577
2024Q3,VSAT,2024-08-07,0001193125-24-195897,$2B-$10B,2417179000,-15534000,7730337000,643630000,-1129843000,505641000,,not_scored,,,,,,,missing_required_data,quarter_revenue_yoy_pct;guidance_revenue_millions,regex_fallback,1100,,,,,6,6,6,6,3681,54136,Growth/earnings_8k_sec_parser/local_extractions_2024Q3/VSAT/VSAT_2024-08-07_000119312524195897.json,2024-08-08,20.520000,-12.5244,-22.6608,-22.1735,-45.2729,-49.9025
2024Q3,VSCO,2024-08-14,0001856437-24-000022,$1B-$2B,1407000000,1000000,4405000000,-132000000,-55000000,-108000000,,not_scored,,,,,,,missing_required_data,quarter_revenue_yoy_pct;guidance_revenue_millions,regex_fallback,62,,,,,6,6,6,6,58049,15572,Growth/earnings_8k_sec_parser/local_extractions_2024Q3/VSCO/VSCO_2024-08-14_000185643724000022.json,2024-08-15,23.010000,5.1717,-1.2169,2.4337,14.9066,56.1930
2024Q3,VSEC,2024-08-01,0000102752-24-000068,$100M-$500M,188587000,9117000,1350338000,63322000,-14594000,-48674000,,not_scored,,,,,,,missing_required_data,quarter_revenue_yoy_pct;guidance_revenue_millions,regex_fallback,266,,,,,6,6,6,6,3629,29190,Growth/earnings_8k_sec_parser/local_extractions_2024Q3/VSEC/VSEC_2024-08-01_000010275224000068.json,2024-08-02,80.790001,4.7902,11.3875,8.5035,3.1192,27.0207
2024Q3,VSH,2024-08-07,0000103730-24-000100,$500M-$1B,871046000,111781000,4239923000,27154000,75587000,129893000,,not_scored,,,,,,,missing_required_data,quarter_revenue_yoy_pct;guidance_revenue_millions,regex_fallback,741.2,,,,,6,4,6,5,2859,15329,Growth/earnings_8k_sec_parser/local_extractions_2024Q3/VSH/VSH_2024-08-07_000010373024000100.json,2024-08-08,19.900000,2.8141,-0.5528,-10.1508,-10.5025,-8.5930
2024Q3,VST,2024-08-08,0001193125-24-196470,$2B-$10B,4425000000,699000000,32966000000,-874000000,-513000000,1435000000,,not_scored,,,,,,,missing_required_data,quarter_revenue_millions;quarter_revenue_yoy_pct;guidance_revenue_millions,regex_fallback,,,,,,6,6,6,6,3184,32427,Growth/earnings_8k_sec_parser/local_extractions_2024Q3/VST/VST_2024-08-08_000119312524196470.json,2024-08-09,78.000000,3.5128,8.5513,-3.9103,64.0513,74.0128
2024Q3,VSTS,2024-08-07,0001967649-24-000039,$1B-$2B,1400002000,33468000,3157124000,-60793000,-21693000,68765000,,not_scored,,,,,,,missing_required_data,quarter_revenue_yoy_pct;guidance_revenue_millions,regex_fallback,698,,,,,6,6,6,6,438977,29775,Growth/earnings_8k_sec_parser/local_extractions_2024Q3/VSTS/VSTS_2024-08-07_000196764924000039.json,2024-08-08,12.270000,8.4760,11.3284,21.5974,19.2339,15.3219
2024Q3,VTOL,2024-08-06,0001525221-24-000058,$100M-$500M,302022000,-1522000,1937278000,34148000,-8104000,6615000,,not_scored,,,,,,,missing_required_data,quarter_revenue_yoy_pct;guidance_revenue_millions,regex_fallback,23.1,,,,,6,6,6,6,4217,55715,Growth/earnings_8k_sec_parser/local_extractions_2024Q3/VTOL/VTOL_2024-08-06_000152522124000058.json,2024-08-07,38.990002,-1.4619,-1.8466,-6.9249,-8.6176,-11.3106
2024Q3,VTR,2024-08-01,0000740260-24-000196,$1B-$2B,1077245000,18912000,24725433000,-162107000,-56280000,242817000,,not_scored,,,,,,,missing_required_data,quarter_revenue_millions;quarter_revenue_yoy_pct;guidance_revenue_millions,regex_fallback,,,,,,6,6,6,5,3524,49107,Growth/earnings_8k_sec_parser/local_extractions_2024Q3/VTR/VTR_2024-08-01_000074026024000196.json,2024-08-02,55.459999,6.3469,6.8157,12.5856,15.2001,18.0851
2024Q3,VTRS,2024-08-08,0001792044-24-000022,$2B-$10B,3729100000,-1269100000,47685500000,-974700000,-749500000,971200000,,not_scored,,,,,,,missing_required_data,quarter_revenue_yoy_pct;guidance_revenue_millions,regex_fallback,3800,,,,,6,6,6,6,3591,52279,Growth/earnings_8k_sec_parser/local_extractions_2024Q3/VTRS/VTRS_2024-08-08_000179204424000022.json,2024-08-09,12.070000,-1.9884,-1.4913,-7.7879,-6.2138,9.1964
2024Q3,VVX,2024-08-06,0001628280-24-034968,$500M-$1B,943460000,-17480000,3081900000,-7921000,-9076000,-38492000,,not_scored,,,,,,,missing_required_data,quarter_revenue_yoy_pct;guidance_revenue_millions,regex_fallback,1070,,,,,6,5,6,6,3172,23214,Growth/earnings_8k_sec_parser/local_extractions_2024Q3/VVX/VVX_2024-08-06_000162828024034968.json,2024-08-07,45.750000,4.4809,22.2295,3.8251,29.5956,37.0055
2024Q3,VYGR,2024-08-06,0001558370-24-011071,$100M-$500M,150480000,124044000,351281000,31306000,14491000,123565000,,not_scored,,,,,,,missing_required_data,quarter_revenue_yoy_pct;guidance_revenue_millions,regex_fallback,29.6,,,,,3,6,6,6,3729,19524,Growth/earnings_8k_sec_parser/local_extractions_2024Q3/VYGR/VYGR_2024-08-06_000155837024011071.json,2024-08-07,8.530000,-21.9226,-22.2743,-28.1360,-20.3986,-22.0399
2024Q3,VYX,2024-08-06,0000070866-24-000029,$500M-$1B,916000000,7000000,4990000000,-175000000,-86000000,311000000,,not_scored,,,,,,,missing_required_data,quarter_revenue_yoy_pct;guidance_revenue_millions,regex_fallback,876,,,,,6,6,6,6,3832,87242,Growth/earnings_8k_sec_parser/local_extractions_2024Q3/VYX/VYX_2024-08-06_000007086624000029.json,2024-08-07,11.950000,9.5398,11.9665,3.9331,12.3849,11.4644
2024Q3,WAB,2024-07-24,0001628280-24-032688,$2B-$10B,2194000000,169000000,18988000000,-72000000,-32000000,-25000000,,not_scored,,,,,,,missing_required_data,quarter_revenue_yoy_pct;guidance_revenue_millions,regex_fallback,2640,,,,,6,6,6,6,9127,60011,Growth/earnings_8k_sec_parser/local_extractions_2024Q3/WAB/WAB_2024-07-24_000162828024032688.json,2024-07-25,158.529999,-5.3744,-1.5454,4.2263,13.1142,18.1732
2024Q3,WAT,2024-07-31,0001193125-24-189455,$500M-$1B,684674000,140923000,4626854000,-159211000,-34406000,196751000,,not_scored,,,,,,,missing_required_data,quarter_revenue_yoy_pct;guidance_revenue_millions,regex_fallback,709,,,,,6,6,6,6,3442,28529,Growth/earnings_8k_sec_parser/local_extractions_2024Q3/WAT/WAT_2024-07-31_000119312524189455.json,2024-08-01,340.279999,-2.0160,-0.8640,-0.1558,5.7629,-4.0232
2024Q3,WD,2024-08-08,0001558370-24-011451,$100M-$500M,238746000,26665000,4493052000,513804000,9284000,-546672000,,not_scored,,,,,,,missing_required_data,quarter_revenue_yoy_pct;guidance_revenue_millions,regex_fallback,270.7,,,,,6,6,6,6,3640,68047,Growth/earnings_8k_sec_parser/local_extractions_2024Q3/WD/WD_2024-08-08_000155837024011451.json,2024-08-09,102.360001,1.4850,3.7612,1.0160,9.0856,8.4310
2024Q3,WDC,2024-07-31,0000106040-24-000026,$2B-$10B,9646000000,47000000,24546000000,856000000,-620000000,-340000000,,not_scored,,,,,,,missing_required_data,quarter_revenue_yoy_pct;guidance_revenue_millions,regex_fallback,3760,,,,,6,6,6,6,3668,32642,Growth/earnings_8k_sec_parser/local_extractions_2024Q3/WDC/WDC_2024-07-31_000010604024000026.json,2024-08-01,45.608467,0.0497,7.7726,4.5078,13.1753,11.0706
2024Q3,WEC,2024-07-31,0000107815-24-000198,$2B-$10B,2888100000,507600000,43939700000,417600000,-1267900000,796100000,,not_scored,,,,,,,missing_required_data,quarter_revenue_yoy_pct;guidance_revenue_millions,regex_fallback,4500,,,,,6,4,6,5,2720,14285,Growth/earnings_8k_sec_parser/local_extractions_2024Q3/WEC/WEC_2024-07-31_000010781524000198.json,2024-08-01,86.769997,2.8466,5.7393,7.9060,10.8448,10.6719
2024Q3,WELL,2024-07-29,0000766704-24-000030,$1B-$2B,1560729000,28635000,44012166000,470470000,-932837000,376058000,,not_scored,,,,,,,missing_required_data,quarter_revenue_millions;quarter_revenue_yoy_pct;guidance_revenue_millions,regex_fallback,,,,,,6,6,6,6,73211,42338,Growth/earnings_8k_sec_parser/local_extractions_2024Q3/WELL/WELL_2024-07-29_000076670424000030.json,2024-07-30,113.970001,3.0096,1.3776,5.7735,12.3366,14.5652
2024Q3,WEN,2024-08-01,0001193125-24-190581,$500M-$1B,528807000,39821000,5182826000,-132278000,-12061000,52975000,,not_scored,,,,,,,missing_required_data,quarter_revenue_yoy_pct;guidance_revenue_millions,regex_fallback,385,,,,,6,4,6,6,3544,35045,Growth/earnings_8k_sec_parser/local_extractions_2024Q3/WEN/WEN_2024-08-01_000119312524190581.json,2024-08-02,16.840000,-0.6532,-0.5938,-2.1378,4.8694,13.4798
2024Q3,WERN,2024-07-30,0000793074-24-000048,$500M-$1B,832714000,35224000,3157936000,-16234000,-129230000,166847000,,not_scored,,,,,,,missing_required_data,quarter_revenue_yoy_pct;guidance_revenue_millions,regex_fallback,760.8,,,,,6,1,6,6,4998,37376,Growth/earnings_8k_sec_parser/local_extractions_2024Q3/WERN/WERN_2024-07-30_000079307424000048.json,2024-07-31,40.200001,-9.7015,-7.6368,-8.0597,-4.0050,-4.7015
2024Q3,WEST,2024-08-08,0001558370-24-011598,$100M-$500M,205442000,-4341000,773301000,46379000,-22028000,-25131000,,not_scored,,,,,,,missing_required_data,quarter_revenue_yoy_pct;guidance_revenue_millions,regex_fallback,208.4,,,,,3,6,6,6,3771,23097,Growth/earnings_8k_sec_parser/local_extractions_2024Q3/WEST/WEST_2024-08-08_000155837024011598.json,2024-08-09,9.400000,-6.4894,-7.2340,-13.7234,-39.4149,-22.3404
2024Q3,WFRD,2024-07-23,0001603923-24-000107,$1B-$2B,1186000000,72000000,5068000000,-127000000,-64000000,84000000,,not_scored,,,,,,,missing_required_data,quarter_revenue_yoy_pct;guidance_revenue_millions,regex_fallback,1405,,,,,6,5,6,6,8722,32442,Growth/earnings_8k_sec_parser/local_extractions_2024Q3/WFRD/WFRD_2024-07-23_000160392324000107.json,2024-07-24,124.190002,-19.0676,-13.5196,-13.0284,-22.6669,-32.3859
2024Q3,WHD,2024-08-01,0001699136-24-000095,$100M-$500M,228405000,42894000,1522561000,303163000,-633152000,60462000,,not_scored,,,,,,,missing_required_data,quarter_revenue_yoy_pct;guidance_revenue_millions,regex_fallback,290.4,,,,,6,2,6,6,3865,26875,Growth/earnings_8k_sec_parser/local_extractions_2024Q3/WHD/WHD_2024-08-01_000169913624000095.json,2024-08-02,60.509998,-0.5619,-4.0159,-6.4617,1.4874,-2.0162
2024Q3,WING,2024-07-31,0001636222-24-000119,$100M-$500M,108721000,15669000,377825000,-10087000,-4319000,35698000,,not_scored,,,,,,,missing_required_data,quarter_revenue_yoy_pct;guidance_revenue_millions,regex_fallback,155.7,,,,,6,6,6,4,9276,22453,Growth/earnings_8k_sec_parser/local_extractions_2024Q3/WING/WING_2024-07-31_000163622224000119.json,2024-08-01,386.000000,-3.9637,-0.5233,-3.3964,7.7927,-24.8731
2024Q3,WK,2024-08-01,0001445305-24-000106,$100M-$500M,150189000,-46150000,1218860000,-349000,-50474000,5563000,,not_scored,,,,,,,missing_required_data,quarter_revenue_yoy_pct,regex_fallback,178,,,182,,6,6,6,6,3587,24990,Growth/earnings_8k_sec_parser/local_extractions_2024Q3/WK/WK_2024-08-01_000144530524000106.json,2024-08-02,69.570000,4.9447,11.3267,7.5320,10.5074,14.6471
2024Q3,WLDN,2024-08-01,0001558370-24-010603,$100M-$500M,102603000,932000,393367000,-15449000,-3475000,17292000,,not_scored,,,,,,,missing_required_data,quarter_revenue_yoy_pct;guidance_revenue_millions,regex_fallback,141,,,,,6,2,6,6,3248,23363,Growth/earnings_8k_sec_parser/local_extractions_2024Q3/WLDN/WLDN_2024-08-01_000155837024010603.json,2024-08-02,35.750000,-0.1958,1.5944,6.3776,14.7133,32.3357
2024Q3,WLKP,2024-08-06,0001604665-24-000024,$100M-$500M,307677000,14892000,1316842000,-105282000,228000,144860000,,not_scored,,,,,,,missing_required_data,quarter_revenue_millions;quarter_revenue_yoy_pct;guidance_revenue_millions,regex_fallback,,,,,,6,2,6,2,3598,16874,Growth/earnings_8k_sec_parser/local_extractions_2024Q3/WLKP/WLKP_2024-08-06_000160466524000024.json,2024-08-07,23.139999,-2.7658,-1.4693,-3.8029,-3.6301,-2.9818
2024Q3,WLY,2024-09-05,0000107140-24-000186,$2B-$10B,2082928000,148309000,3108810000,-131638000,-194024000,339100000,,not_scored,,,,,,,missing_required_data,quarter_revenue_yoy_pct;guidance_revenue_millions,regex_fallback,404,,,,,6,6,6,6,4159,58933,Growth/earnings_8k_sec_parser/local_extractions_2024Q3/WLY/WLY_2024-09-05_000010714024000186.json,2024-09-06,44.810001,4.0170,5.1774,11.8500,10.6226,3.4590
2024Q3,WM,2024-07-24,0001104659-24-082358,$2B-$10B,4892000000,533000000,32823000000,-319000000,-778000000,1044000000,,not_scored,,,,,,,missing_required_data,quarter_revenue_millions;quarter_revenue_yoy_pct;guidance_revenue_millions,regex_fallback,,,,,,6,6,6,6,3963,51238,Growth/earnings_8k_sec_parser/local_extractions_2024Q3/WM/WM_2024-07-24_000110465924082358.json,2024-07-25,202.880005,-0.6605,1.7104,2.9278,2.0800,4.3967
2024Q3,WMG,2024-08-07,0001319161-24-000025,$2B-$10B,2887000000,156000000,8545000000,-143000000,-51000000,203000000,,not_scored,,,,,,,missing_required_data,quarter_revenue_yoy_pct;guidance_revenue_millions,regex_fallback,7,,,,,6,2,6,6,3237,38099,Growth/earnings_8k_sec_parser/local_extractions_2024Q3/WMG/WMG_2024-08-07_000131916124000025.json,2024-08-08,29.000000,-0.2414,0.0690,-3.6207,6.0345,11.5862
2024Q3,WMK,2024-08-06,0000105418-24-000044,$1B-$2B,1144974000,25814000,2039632000,-9145000,-43221000,7944000,,not_scored,,,,,,,missing_required_data,quarter_revenue_yoy_pct;guidance_revenue_millions,regex_fallback,1180,,,,,6,0,6,4,2972,7571,Growth/earnings_8k_sec_parser/local_extractions_2024Q3/WMK/WMK_2024-08-06_000010541824000044.json,2024-08-07,69.389999,-4.6404,-4.1937,-2.2193,-6.4707,-4.2225
2024Q3,WNC,2024-07-24,0000879526-24-000030,$500M-$1B,620952000,51213000,1362814000,-28061000,-31423000,69484000,,not_scored,,,,,,,missing_required_data,quarter_revenue_yoy_pct;guidance_revenue_millions,regex_fallback,551,,,,,6,6,6,6,3127,30387,Growth/earnings_8k_sec_parser/local_extractions_2024Q3/WNC/WNC_2024-07-24_000087952624000030.json,2024-07-25,20.389999,-5.5910,-5.2477,-4.0706,-4.9534,-16.3315
2024Q3,WOOF,2024-09-10,0000950170-24-105135,$1B-$2B,1555908000,-1892000,5363152000,-37082000,-62775000,37651000,,not_scored,,,,,,,missing_required_data,quarter_revenue_yoy_pct;guidance_revenue_millions,regex_fallback,1520,,,,,6,6,6,6,3980,25217,Growth/earnings_8k_sec_parser/local_extractions_2024Q3/WOOF/WOOF_2024-09-10_000095017024105135.json,2024-09-11,2.980000,48.3221,50.0000,72.4832,51.6779,52.8523
2024Q3,WOR,2024-07-01,0000950170-24-079758,$1B-$2B,1049694000,126625000,3650918000,-109638000,-53733000,396130000,,not_scored,,,,,,,missing_required_data,quarter_revenue_yoy_pct;guidance_revenue_millions,regex_fallback,319,,,,,6,5,6,6,7253,113695,Growth/earnings_8k_sec_parser/local_extractions_2024Q3/WOR/WOR_2024-07-01_000095017024079758.json,2024-07-02,44.840000,6.7128,9.0767,6.4005,-2.7208,-7.5602
2024Q3,WRB,2024-07-22,0000011544-24-000021,$2B-$10B,2895004000,294126000,37111830000,-295726000,-359430000,445323000,,not_scored,,,,,,,missing_required_data,quarter_revenue_millions;quarter_revenue_yoy_pct;guidance_revenue_millions,regex_fallback,,,,,,6,2,6,6,4033,19781,Growth/earnings_8k_sec_parser/local_extractions_2024Q3/WRB/WRB_2024-07-22_000001154424000021.json,2024-07-23,53.500000,3.1402,6.8411,8.3738,7.3645,14.0748
2024Q3,WRBY,2024-08-08,0001504776-24-000016,$100M-$500M,171968000,-10812000,580312000,81000,-12385000,8643000,,not_scored,,,,,,,missing_required_data,quarter_revenue_yoy_pct;guidance_revenue_millions,regex_fallback,22.1,,,,,6,6,6,6,3422,25517,Growth/earnings_8k_sec_parser/local_extractions_2024Q3/WRBY/WRBY_2024-08-08_000150477624000016.json,2024-08-09,14.230000,0.3514,5.1300,-2.2488,14.7576,35.6992
2024Q3,WS,2024-09-30,0000950170-24-110401,$2B-$10B,2723700000,19800000,1764400000,-209900000,-13200000,235700000,,not_scored,,,,,,,missing_required_data,quarter_revenue_yoy_pct;guidance_revenue_millions,regex_fallback,834,,,,,6,6,6,6,8284,71250,Growth/earnings_8k_sec_parser/local_extractions_2024Q3/WS/WS_2024-09-30_000095017024110401.json,2024-10-01,33.880001,-0.3837,2.3613,12.8690,34.5336,-7.5561
2024Q3,WSC,2024-08-01,0001647088-24-000141,$500M-$1B,565468000,210884000,6137915000,-423087000,271949000,148765000,,not_scored,,,,,,,missing_required_data,quarter_revenue_yoy_pct;guidance_revenue_millions,regex_fallback,605,,,,,6,6,6,6,3387,50456,Growth/earnings_8k_sec_parser/local_extractions_2024Q3/WSC/WSC_2024-08-01_000164708824000141.json,2024-08-02,37.590000,-9.2312,-1.0641,-0.9045,-0.9311,-11.8383
2024Q3,WSFS,2024-07-25,0001628280-24-032983,$100M-$500M,469182000,62404000,20594672000,375226000,-139635000,30191000,,not_scored,,,,,,,missing_required_data,quarter_revenue_yoy_pct;guidance_revenue_millions,regex_fallback,86,,,,,6,3,6,6,32930,54182,Growth/earnings_8k_sec_parser/local_extractions_2024Q3/WSFS/WSFS_2024-07-25_000162828024032983.json,2024-07-26,58.130001,-14.0719,-13.0053,-6.6747,-13.4182,-12.7301
2024Q3,WSM,2024-08-22,0001628280-24-038109,$1B-$2B,1755451000,156531000,4471037000,-362427000,-49881000,342526000,,not_scored,,,,,,,missing_required_data,quarter_revenue_millions;quarter_revenue_yoy_pct;guidance_revenue_millions,regex_fallback,,,,,,6,6,6,3,3138,21168,Growth/earnings_8k_sec_parser/local_extractions_2024Q3/WSM/WSM_2024-08-22_000162828024038109.json,2024-08-23,132.119995,-0.7569,2.8308,16.1293,5.8886,30.5556
2024Q3,WST,2024-07-25,0000105770-24-000060,$500M-$1B,716600000,140000000,3829500000,-71000000,-82100000,138100000,,not_scored,,,,,,,missing_required_data,quarter_revenue_yoy_pct;guidance_revenue_millions,regex_fallback,702.1,,,,,6,6,6,6,17858,18682,Growth/earnings_8k_sec_parser/local_extractions_2024Q3/WST/WST_2024-07-25_000010577024000060.json,2024-07-26,279.630005,7.8568,4.6383,8.5327,10.7571,18.2455
2024Q3,WTFC,2024-07-17,0001015328-24-000184,$500M-$1B,565764000,180198000,52873511000,-227841000,114420000,68441000,,not_scored,,,,,,,missing_required_data,quarter_revenue_yoy_pct;guidance_revenue_millions,regex_fallback,1.5,,,,,6,6,6,6,4299,152955,Growth/earnings_8k_sec_parser/local_extractions_2024Q3/WTFC/WTFC_2024-07-17_000101532824000184.json,2024-07-18,111.849998,-3.2275,-13.5717,-8.3058,-4.7206,2.5391
2024Q3,WTI,2024-08-07,0001558370-24-011153,$100M-$500M,131725000,26005000,1114005000,-294089000,-13314000,23435000,,not_scored,,,,,,,missing_required_data,quarter_revenue_yoy_pct;guidance_revenue_millions,regex_fallback,142.8,,,,,6,6,6,6,3565,45231,Growth/earnings_8k_sec_parser/local_extractions_2024Q3/WTI/WTI_2024-08-07_000155837024011153.json,2024-08-08,2.230000,2.6906,1.7937,-8.9686,25.1121,8.5202
2024Q3,WTS,2024-08-07,0001558370-24-011386,$100M-$500M,471700000,64700000,2309400000,-29000000,-5100000,33400000,,not_scored,,,,,,,missing_required_data,quarter_revenue_yoy_pct;guidance_revenue_millions,regex_fallback,597,,,,,6,6,6,6,2396,28437,Growth/earnings_8k_sec_parser/local_extractions_2024Q3/WTS/WTS_2024-08-07_000155837024011386.json,2024-08-08,191.750000,-2.4720,0.9022,-0.4224,6.5554,10.6493
2024Q3,WTTR,2024-07-31,0001140361-24-034960,$100M-$500M,416592000,12347000,1218190000,47304000,-30579000,-18016000,,not_scored,,,,,,,missing_required_data,quarter_revenue_yoy_pct;guidance_revenue_millions,regex_fallback,365,,,,,6,6,6,6,3311,40428,Growth/earnings_8k_sec_parser/local_extractions_2024Q3/WTTR/WTTR_2024-07-31_000114036124034960.json,2024-08-01,12.200000,-10.4098,-10.6557,-8.7705,-8.7705,-12.6230
2024Q3,WWW,2024-08-07,0000110471-24-000148,$500M-$1B,599400000,19000000,2416700000,8700000,74500000,-97800000,,not_scored,,,,,,,missing_required_data,quarter_revenue_millions;quarter_revenue_yoy_pct;guidance_revenue_millions,regex_fallback,,,,,,6,6,6,6,3485,34782,Growth/earnings_8k_sec_parser/local_extractions_2024Q3/WWW/WWW_2024-08-07_000011047124000148.json,2024-08-08,13.380000,-2.9148,1.6442,5.3812,28.8490,19.9552
2024Q3,WY,2024-07-25,0000950170-24-086513,$1B-$2B,1881000000,151000000,16983000000,-841000000,-69000000,126000000,,not_scored,,,,,,,missing_required_data,quarter_revenue_yoy_pct;guidance_revenue_millions,regex_fallback,1900,,,,,6,6,6,6,3927,40082,Growth/earnings_8k_sec_parser/local_extractions_2024Q3/WY/WY_2024-07-25_000095017024086513.json,2024-07-26,30.920000,0.6792,-2.6843,0.5175,9.2497,3.9133
2024Q3,WYNN,2024-08-06,0001174922-24-000092,$2B-$10B,4345797000,12332000,13996223000,121003000,-131950000,169491000,,not_scored,,,,,,,missing_required_data,quarter_revenue_yoy_pct;guidance_revenue_millions,regex_fallback,1730,,,,,6,5,6,6,3633,30582,Growth/earnings_8k_sec_parser/local_extractions_2024Q3/WYNN/WYNN_2024-08-06_000117492224000092.json,2024-08-07,78.500000,-2.4204,-1.8599,-2.2675,35.5541,10.4713
2024Q3,XEL,2024-08-01,0000072903-24-000169,$2B-$10B,8657000000,418000000,64079000000,-250000000,-1284000000,1537000000,,not_scored,,,,,,,missing_required_data,quarter_revenue_yoy_pct,regex_fallback,60,,,60,,6,6,6,6,3866,50675,Growth/earnings_8k_sec_parser/local_extractions_2024Q3/XEL/XEL_2024-08-01_000007290324000169.json,2024-08-02,61.220001,-5.2271,-2.1235,2.1235,6.6972,9.1310
2024Q3,XHR,2024-08-01,0001616000-24-000071,$100M-$500M,268973000,6280000,2902227000,-44300000,-10563000,30313000,,not_scored,,,,,,,missing_required_data,quarter_revenue_millions;quarter_revenue_yoy_pct;guidance_revenue_millions,regex_fallback,,,,,,6,6,6,6,3372,63035,Growth/earnings_8k_sec_parser/local_extractions_2024Q3/XHR/XHR_2024-08-01_000161600024000071.json,2024-08-02,12.590000,0.5560,5.9571,11.1994,17.2359,12.5496
2024Q3,XMTR,2024-08-08,0000950170-24-093328,$100M-$500M,105326000,-18344000,707387000,483000,-10000000,-16455000,,not_scored,,,,,,,missing_required_data,guidance_revenue_millions,regex_fallback,133,19,,,,6,5,6,6,3405,31601,Growth/earnings_8k_sec_parser/local_extractions_2024Q3/XMTR/XMTR_2024-08-08_000095017024093328.json,2024-08-09,15.640000,20.9079,29.4757,14.1944,10.3581,95.6522
2024Q3,XPER,2024-08-05,0000950170-24-090769,$100M-$500M,126839000,-32000000,673635000,-2917000,-3929000,-43103000,,not_scored,,,,,,,missing_required_data,quarter_revenue_millions;quarter_revenue_yoy_pct;guidance_revenue_millions,regex_fallback,,,,,,5,1,6,6,3260,20425,Growth/earnings_8k_sec_parser/local_extractions_2024Q3/XPER/XPER_2024-08-05_000095017024090769.json,2024-08-06,7.300000,3.4247,20.6849,13.8356,19.8630,26.0274
2024Q3,XRAY,2024-07-31,0000818479-24-000070,$500M-$1B,978000000,-19000000,7370000000,17000000,-37000000,-21000000,,not_scored,,,,,,,missing_required_data,quarter_revenue_yoy_pct;guidance_revenue_millions,regex_fallback,984,,,,,6,6,6,6,10761,27329,Growth/earnings_8k_sec_parser/local_extractions_2024Q3/XRAY/XRAY_2024-07-31_000081847924000070.json,2024-08-01,27.260000,-12.1057,-9.7946,-8.2905,-0.7337,-14.1233
2024Q3,XRX,2024-07-25,0001770450-24-000035,$1B-$2B,1715000000,71000000,10008000000,-505000000,-17000000,78000000,,not_scored,,,,,,,missing_required_data,quarter_revenue_yoy_pct;guidance_revenue_millions,regex_fallback,1580,,,,,6,6,6,6,5546,46098,Growth/earnings_8k_sec_parser/local_extractions_2024Q3/XRX/XRX_2024-07-25_000177045024000035.json,2024-07-26,10.880000,-10.7537,-7.3529,1.0110,-5.8824,-7.6287
2024Q3,XYL,2024-07-30,0001524472-24-000031,$1B-$2B,1448000000,99000000,16112000000,-63000000,-37000000,-19000000,,not_scored,,,,,,,missing_required_data,quarter_revenue_yoy_pct;guidance_revenue_millions,regex_fallback,2200,,,,,6,6,6,6,2982,25678,Growth/earnings_8k_sec_parser/local_extractions_2024Q3/XYL/XYL_2024-07-30_000152447224000031.json,2024-07-31,134.880005,-5.4715,-0.5412,1.9647,0.1112,-3.6996
2024Q3,XYZ,2024-08-01,0001193125-24-191530,$2B-$10B,4990131000,98316000,34069893000,-9083000,623924000,294401000,,not_scored,,,,,,,missing_required_data,quarter_revenue_yoy_pct;guidance_revenue_millions,regex_fallback,6160,,,,,6,6,6,6,5458,78480,Growth/earnings_8k_sec_parser/local_extractions_2024Q3/XYZ/XYZ_2024-08-01_000119312524191530.json,2024-08-02,58.450001,4.5167,9.2216,9.7861,12.8144,23.7297
2024Q3,YELP,2024-08-08,0001345016-24-000049,$100M-$500M,312438000,-1178000,1014723000,-54706000,-37280000,74244000,,not_scored,,,,,,,missing_required_data,quarter_revenue_yoy_pct;guidance_revenue_millions,regex_fallback,357,,,,,6,6,6,6,3452,60456,Growth/earnings_8k_sec_parser/local_extractions_2024Q3/YELP/YELP_2024-08-08_000134501624000049.json,2024-08-09,34.630001,-1.0107,0.8085,-3.3497,-1.0107,5.0245
2024Q3,YOU,2024-08-06,0001856314-24-000106,$100M-$500M,132356000,-5224000,1045009000,-9100000,-50605000,60757000,,not_scored,,,,,,,missing_required_data,quarter_revenue_yoy_pct;guidance_revenue_millions,regex_fallback,186.7,,,,,6,1,6,6,4447,58661,Growth/earnings_8k_sec_parser/local_extractions_2024Q3/YOU/YOU_2024-08-06_000185631424000106.json,2024-08-07,24.500000,13.2653,20.3265,16.5306,26.0408,49.9184
2024Q3,YUM,2024-08-06,0001041061-24-000029,$1B-$2B,1645000000,300000000,6231000000,-334000000,-56000000,349000000,,not_scored,,,,,,,missing_required_data,quarter_revenue_yoy_pct;guidance_revenue_millions,regex_fallback,8000,,,,,6,2,6,6,2933,39746,Growth/earnings_8k_sec_parser/local_extractions_2024Q3/YUM/YUM_2024-08-06_000104106124000029.json,2024-08-07,136.580002,0.0805,-1.5229,-1.9842,-0.5125,-1.3618
2024Q3,Z,2024-08-07,0001617640-24-000095,$100M-$500M,469000000,-22000000,6652000000,-68000000,-97000000,93000000,,not_scored,,,,,,,missing_required_data,quarter_revenue_yoy_pct;guidance_revenue_millions,regex_fallback,572,,,,,6,6,6,6,15101,35919,Growth/earnings_8k_sec_parser/local_extractions_2024Q3/Z/Z_2024-08-07_000161764024000095.json,2024-08-08,48.330002,15.0424,16.6149,11.8974,25.7190,21.4153
2024Q3,ZBH,2024-08-07,0000950170-24-092253,$1B-$2B,1831000000,232500000,21496900000,-206700000,-149400000,307700000,,not_scored,,,,,,,missing_required_data,quarter_revenue_yoy_pct;guidance_revenue_millions,regex_fallback,1942,,,,,6,6,6,6,3927,38978,Growth/earnings_8k_sec_parser/local_extractions_2024Q3/ZBH/ZBH_2024-08-07_000095017024092253.json,2024-08-08,106.000000,5.4434,7.7264,-1.1038,-3.5094,3.9340
2024Q3,ZBRA,2024-07-30,0000877212-24-000149,$1B-$2B,1405000000,150000000,7306000000,70000000,-17000000,-76000000,,not_scored,,,,,,,missing_required_data,quarter_revenue_yoy_pct;guidance_revenue_millions,regex_fallback,1217,,,,,6,6,6,6,3353,27447,Growth/earnings_8k_sec_parser/local_extractions_2024Q3/ZBRA/ZBRA_2024-07-30_000087721224000149.json,2024-07-31,357.779999,-10.4645,-3.6140,-3.4658,3.5049,7.5186
2024Q3,ZD,2024-08-08,0001084048-24-000065,$100M-$500M,307142000,-7627000,3471022000,-9483000,-38791000,115307000,,not_scored,,,,,,,missing_required_data,quarter_revenue_millions;quarter_revenue_yoy_pct;guidance_revenue_millions,regex_fallback,,,,,,6,6,6,6,9461,63271,Growth/earnings_8k_sec_parser/local_extractions_2024Q3/ZD/ZD_2024-08-08_000108404824000065.json,2024-08-09,41.049999,9.5250,17.5396,15.6882,6.6261,19.3423
2024Q3,ZETA,2024-07-31,0000950170-24-088550,$100M-$500M,157602000,-56955000,550714000,-7472000,-25916000,20104000,,not_scored,,,,,,,missing_required_data,quarter_revenue_yoy_pct;guidance_revenue_millions,regex_fallback,228,,,,,6,6,6,6,3418,29891,Growth/earnings_8k_sec_parser/local_extractions_2024Q3/ZETA/ZETA_2024-07-31_000095017024088550.json,2024-08-01,23.330000,-1.3716,2.0146,9.6014,27.8611,25.2036
2024Q3,ZG,2024-08-07,0001617640-24-000095,$100M-$500M,469000000,-22000000,6652000000,-68000000,-97000000,93000000,,not_scored,,,,,,,missing_required_data,quarter_revenue_yoy_pct;guidance_revenue_millions,regex_fallback,572,,,,,6,6,6,6,15101,35919,Growth/earnings_8k_sec_parser/local_extractions_2024Q3/ZG/ZG_2024-08-07_000161764024000095.json,2024-08-08,46.590000,15.1320,17.0208,12.6207,26.4005,20.3692
2024Q3,ZION,2024-07-22,0000109380-24-000119,$100M-$500M,151000000,204000000,87203000000,-862000000,591000000,221000000,,not_scored,,,,,,,missing_required_data,quarter_revenue_yoy_pct;guidance_revenue_millions,regex_fallback,278,,,,,6,6,6,6,4776,91007,Growth/earnings_8k_sec_parser/local_extractions_2024Q3/ZION/ZION_2024-07-22_000010938024000119.json,2024-07-23,53.320000,-12.2656,-14.6849,-10.5776,-11.2903,-7.2768
2024Q3,ZIP,2024-08-07,0001617553-24-000044,$100M-$500M,183749000,5011000,659500000,-57243000,38019000,6370000,,not_scored,,,,,,,missing_required_data,quarter_revenue_yoy_pct;guidance_revenue_millions,regex_fallback,123.7,,,,,6,6,6,6,5480,48043,Growth/earnings_8k_sec_parser/local_extractions_2024Q3/ZIP/ZIP_2024-08-07_000161755324000044.json,2024-08-08,8.070000,13.1351,14.7460,11.7720,18.2156,23.0483
2024Q3,ZM,2024-08-21,0001585521-24-000178,$1B-$2B,1105364000,15444000,9929793000,7019000,-480786000,418487000,,not_scored,,,,,,,missing_required_data,quarter_revenue_yoy_pct,regex_fallback,1162.5,,,1160,,6,6,6,2,5445,26379,Growth/earnings_8k_sec_parser/local_extractions_2024Q3/ZM/ZM_2024-08-21_000158552124000178.json,2024-08-22,61.814999,11.3484,8.8733,11.2837,16.7516,27.5742
2024Q3,ZTS,2024-08-06,0001555280-24-000295,$2B-$10B,2000000000,552000000,14286000000,-1802000000,-216000000,549000000,,not_scored,,,,,,,missing_required_data,quarter_revenue_yoy_pct;guidance_revenue_millions,regex_fallback,2400,,,,,6,6,6,6,3930,39169,Growth/earnings_8k_sec_parser/local_extractions_2024Q3/ZTS/ZTS_2024-08-06_000155528024000295.json,2024-08-07,186.000000,-0.8172,-2.0968,1.7366,0.6882,-5.7688
2024Q3,ZWS,2024-07-10,0001439288-24-000103,$100M-$500M,372100000,22800000,2667000000,-50300000,-5200000,5000000,,not_scored,,,,,,,missing_required_data,quarter_revenue_millions;quarter_revenue_yoy_pct;guidance_revenue_millions,regex_fallback,,,,,,0,3,6,2,4994,4401,Growth/earnings_8k_sec_parser/local_extractions_2024Q3/ZWS/ZWS_2024-07-10_000143928824000103.json,2024-07-11,29.930000,4.7444,8.4531,0.2673,6.9161,21.2830
2024Q3,ABT,,0001628280-24-032182,$2B-$10B,9747000000,1318000000,73214000000,-1410000000,-462000000,1143000000,,not_scored,,,,,,,missing_required_data,quarter_revenue_yoy_pct;guidance_revenue_millions,regex_fallback,10400,,,,,6,6,6,6,4691,35424,Growth/earnings_8k_sec_parser/local_extractions_2024Q3/ABT/ABT__000162828024032182.json,,,,,,,
2024Q3,AIZ,,0001267238-24-000035,$2B-$10B,2642800000,113600000,33635200000,-43000000,-229400000,259600000,,not_scored,,,,,,,missing_required_data,quarter_revenue_millions;quarter_revenue_yoy_pct;guidance_revenue_millions,regex_fallback,,,,,,0,0,3,0,33193,3568,Growth/earnings_8k_sec_parser/local_extractions_2024Q3/AIZ/AIZ__000126723824000035.json,,,,,,,
2024Q3,AMP,,0000820027-24-000065,$2B-$10B,3845000000,417000000,175191000000,3162000000,-3146000000,1056000000,,not_scored,,,,,,,missing_required_data,guidance_revenue_millions,regex_fallback,2600,13,,,,6,3,6,6,2963,48696,Growth/earnings_8k_sec_parser/local_extractions_2024Q3/AMP/AMP__000082002724000065.json,,,,,,,
2024Q3,BF-B,,0000014693-24-000152,$2B-$10B,3933000000,838000000,7777000000,-1038000000,-127000000,936000000,,not_scored,,,,,,,missing_required_data,quarter_revenue_yoy_pct;guidance_revenue_millions,regex_fallback,1000,,,,,6,6,6,6,4098,38921,Growth/earnings_8k_sec_parser/local_extractions_2024Q3/BF-B/BF-B__000001469324000152.json,,,,,,,
2024Q3,CBRE,,0001138118-24-000021,$2B-$10B,7411000000,117000000,22548000000,761000000,-115000000,-745000000,,not_scored,,,,,,,missing_required_data,quarter_revenue_millions;quarter_revenue_yoy_pct;guidance_revenue_millions,regex_fallback,,,,,,6,4,6,6,3821,46316,Growth/earnings_8k_sec_parser/local_extractions_2024Q3/CBRE/CBRE__000113811824000021.json,,,,,,,
2024Q3,CEG,,0001868275-24-000051,$2B-$10B,7565000000,96000000,50758000000,523000000,219000000,-934000000,,not_scored,,,,,,,missing_required_data,quarter_revenue_millions;quarter_revenue_yoy_pct;guidance_revenue_millions,regex_fallback,,,,,,6,6,6,6,7099,64567,Growth/earnings_8k_sec_parser/local_extractions_2024Q3/CEG/CEG__000186827524000051.json,,,,,,,
2024Q3,CPRT,,0000900075-24-000019,$100M-$500M,461368000,889956000,6737879000,51020000,-328759000,1005633000,,not_scored,,,,,,,missing_required_data,quarter_revenue_yoy_pct;guidance_revenue_millions,regex_fallback,71.4,,,,,6,0,6,6,4248,10635,Growth/earnings_8k_sec_parser/local_extractions_2024Q3/CPRT/CPRT__000090007524000019.json,,,,,,,
2024Q3,DXCM,,0001093557-24-000143,$500M-$1B,741500000,48600000,6264500000,11200000,-186700000,155400000,,not_scored,,,,,,,missing_required_data,guidance_revenue_millions,regex_fallback,1004,15,,,,6,5,6,6,4607,25187,Growth/earnings_8k_sec_parser/local_extractions_2024Q3/DXCM/DXCM__000109355724000143.json,,,,,,,
2024Q3,EOG,,0000821189-24-000030,$2B-$10B,6044000000,2023000000,43857000000,-2642000000,-1567000000,3255000000,,not_scored,,,,,,,missing_required_data,quarter_revenue_millions;quarter_revenue_yoy_pct;guidance_revenue_millions,regex_fallback,,,,,,6,3,6,6,4114,29639,Growth/earnings_8k_sec_parser/local_extractions_2024Q3/EOG/EOG__000082118924000030.json,,,,,,,
2024Q3,EQT,,0000033213-24-000030,$2B-$10B,2661071000,1218548000,25285098000,-495824000,-498326000,1662768000,,not_scored,,,,,,,missing_required_data,quarter_revenue_millions;quarter_revenue_yoy_pct;guidance_revenue_millions,regex_fallback,,,,,,6,6,6,6,3503,35512,Growth/earnings_8k_sec_parser/local_extractions_2024Q3/EQT/EQT__000003321324000030.json,,,,,,,
2024Q3,FANG,,0001539838-24-000147,$1B-$2B,1925000000,712000000,29001000000,-257000000,-1279000000,1425000000,,not_scored,,,,,,,missing_required_data,quarter_revenue_yoy_pct;guidance_revenue_millions,regex_fallback,150,,,,,6,6,6,6,38871,15885,Growth/earnings_8k_sec_parser/local_extractions_2024Q3/FANG/FANG__000153983824000147.json,,,,,,,
2024Q3,FCX,,0000831259-24-000026,$2B-$10B,5389000000,1049000000,50909000000,-1172000000,-1164000000,1050000000,,not_scored,,,,,,,missing_required_data,quarter_revenue_millions;quarter_revenue_yoy_pct;guidance_revenue_millions,regex_fallback,,,,,,0,0,0,0,3597,4995,Growth/earnings_8k_sec_parser/local_extractions_2024Q3/FCX/FCX__000083125924000026.json,,,,,,,
2024Q3,GNRC,,0001437749-24-023974,$500M-$1B,887910000,12430000,5093312000,63673000,-41286000,-18559000,,not_scored,,,,,,,missing_required_data,quarter_revenue_millions;quarter_revenue_yoy_pct;guidance_revenue_millions,regex_fallback,,,,,,6,0,6,0,32127,6846,Growth/earnings_8k_sec_parser/local_extractions_2024Q3/GNRC/GNRC__000143774924023974.json,,,,,,,
2024Q3,HOOD,,0001783879-24-000222,$100M-$500M,441000000,-511000000,32332000000,-11000000,-481000000,828000000,,not_scored,,,,,,,missing_required_data,quarter_revenue_millions;quarter_revenue_yoy_pct;guidance_revenue_millions,regex_fallback,,,,,,0,1,6,0,101852,101914,Growth/earnings_8k_sec_parser/local_extractions_2024Q3/HOOD/HOOD__000178387924000222.json,,,,,,,
2024Q3,IBKR,,0001381197-24-000110,$100M-$500M,400000000,700000000,128423000000,-137000000,6000000,-923000000,,not_scored,,,,,,,missing_required_data,quarter_revenue_millions;quarter_revenue_yoy_pct;guidance_revenue_millions,regex_fallback,,,,,,0,0,0,0,20192,3355,Growth/earnings_8k_sec_parser/local_extractions_2024Q3/IBKR/IBKR__000138119724000110.json,,,,,,,
2024Q3,INCY,,0000879169-24-000146,$500M-$1B,808673000,21703000,6782107000,4009000,-28559000,-105603000,,not_scored,,,,,,,missing_required_data,quarter_revenue_yoy_pct;guidance_revenue_millions,regex_fallback,1044,,,,,6,6,6,6,2896,43639,Growth/earnings_8k_sec_parser/local_extractions_2024Q3/INCY/INCY__000087916924000146.json,,,,,,,
2024Q3,INVH,,0001687229-24-000044,$500M-$1B,589890000,120242000,19220967000,-173581000,-69841000,317791000,,not_scored,,,,,,,missing_required_data,quarter_revenue_yoy_pct;guidance_revenue_millions,regex_fallback,653,,,,,6,6,6,6,3569,94604,Growth/earnings_8k_sec_parser/local_extractions_2024Q3/INVH/INVH__000168722924000044.json,,,,,,,
2024Q3,JBHT,,0001437749-24-022814,$2B-$10B,6187646000,197768000,8538260000,-107113000,-379831000,487621000,,not_scored,,,,,,,missing_required_data,quarter_revenue_millions;quarter_revenue_yoy_pct;guidance_revenue_millions,regex_fallback,,,,,,0,0,0,0,20688,3286,Growth/earnings_8k_sec_parser/local_extractions_2024Q3/JBHT/JBHT__000143774924022814.json,,,,,,,
2024Q3,KMB,,0000055785-24-000081,$2B-$10B,5195000000,566000000,17344000000,-397000000,-115000000,613000000,,not_scored,,,,,,,missing_required_data,quarter_revenue_millions;quarter_revenue_yoy_pct;guidance_revenue_millions,regex_fallback,,,,,,0,0,0,0,29674,3585,Growth/earnings_8k_sec_parser/local_extractions_2024Q3/KMB/KMB__000005578524000081.json,,,,,,,
2024Q3,MMM,,0000066740-24-000077,$2B-$10B,8031000000,976000000,50580000000,-716000000,-386000000,1275000000,,not_scored,,,,,,,missing_required_data,quarter_revenue_yoy_pct;guidance_revenue_millions,regex_fallback,6300,,,,,6,6,6,6,3636,67803,Growth/earnings_8k_sec_parser/local_extractions_2024Q3/MMM/MMM__000006674024000077.json,,,,,,,
2024Q3,MPWR,,0001437749-24-024285,$100M-$500M,451065000,109802000,2434353000,-32252000,12314000,218807000,,not_scored,,,,,,,missing_required_data,quarter_revenue_yoy_pct;guidance_revenue_millions,regex_fallback,507.4,,,,,6,4,6,6,30119,30918,Growth/earnings_8k_sec_parser/local_extractions_2024Q3/MPWR/MPWR__000143774924024285.json,,,,,,,
2024Q3,NCLH,,0001171843-24-004274,$1B-$2B,1150781000,-159321000,19492990000,-513364000,-236356000,503333000,,not_scored,,,,,,,missing_required_data,quarter_revenue_millions;quarter_revenue_yoy_pct;guidance_revenue_millions,regex_fallback,,,,,,0,0,0,0,48016,3483,Growth/earnings_8k_sec_parser/local_extractions_2024Q3/NCLH/NCLH__000117184324004274.json,,,,,,,
2024Q3,NOW,,0001373715-24-000269,$2B-$10B,2096000000,150000000,17387000000,5000000,-524000000,902000000,,not_scored,,,,,,,missing_required_data,quarter_revenue_millions;quarter_revenue_yoy_pct;guidance_revenue_millions,regex_fallback,,,,,,0,0,6,1,35197,34491,Growth/earnings_8k_sec_parser/local_extractions_2024Q3/NOW/NOW__000137371524000269.json,,,,,,,
2024Q3,O,,0000726728-24-000114,$500M-$1B,944399000,225016000,57779357000,949824000,-1677719000,731234000,,not_scored,,,,,,,missing_required_data,quarter_revenue_yoy_pct;guidance_revenue_millions,regex_fallback,16.3,,,,,6,6,6,6,6587,123476,Growth/earnings_8k_sec_parser/local_extractions_2024Q3/O/O__000072672824000114.json,,,,,,,
2024Q3,PNC,,0000713676-24-000058,$2B-$10B,5603000000,1694000000,561580000000,2733000000,-5712000000,1876000000,,not_scored,,,,,,,missing_required_data,quarter_revenue_yoy_pct;guidance_revenue_millions,regex_fallback,5400,,,,,6,6,6,6,3293,109322,Growth/earnings_8k_sec_parser/local_extractions_2024Q3/PNC/PNC__000071367624000058.json,,,,,,,
2024Q3,POOL,,0000945841-24-000130,$1B-$2B,1206774000,101699000,3862829000,-105518000,-17560000,103203000,,not_scored,,,,,,,missing_required_data,quarter_revenue_yoy_pct;guidance_revenue_millions,regex_fallback,1800,,,,,6,4,6,6,3420,21740,Growth/earnings_8k_sec_parser/local_extractions_2024Q3/POOL/POOL__000094584124000130.json,,,,,,,
2024Q3,REGN,,0001804220-24-000026,$2B-$10B,3162100000,817800000,33080200000,-322500000,-235700000,1367600000,,not_scored,,,,,,,missing_required_data,quarter_revenue_millions;quarter_revenue_yoy_pct;guidance_revenue_millions,regex_fallback,,,,,,0,0,0,0,37050,3503,Growth/earnings_8k_sec_parser/local_extractions_2024Q3/REGN/REGN__000180422024000026.json,,,,,,,
2024Q3,SOLV,,0001964738-24-000017,$2B-$10B,2011000000,293000000,13943000000,-462000000,-65000000,509000000,,not_scored,,,,,,,missing_required_data,quarter_revenue_millions;quarter_revenue_yoy_pct;guidance_revenue_millions,regex_fallback,,,,,,0,1,0,0,31389,3083,Growth/earnings_8k_sec_parser/local_extractions_2024Q3/SOLV/SOLV__000196473824000017.json,,,,,,,
2024Q3,SRE,,0001032208-24-000024,$2B-$10B,6560000000,980000000,87181000000,151000000,-1895000000,1980000000,,not_scored,,,,,,,missing_required_data,quarter_revenue_millions;quarter_revenue_yoy_pct;guidance_revenue_millions,regex_fallback,,,,,,0,0,1,0,30553,8199,Growth/earnings_8k_sec_parser/local_extractions_2024Q3/SRE/SRE__000103220824000024.json,,,,,,,
2024Q3,TTD,,0001671933-24-000089,$100M-$500M,382803000,9326000,4888687000,-296764000,-28613000,187573000,,not_scored,,,,,,,missing_required_data,quarter_revenue_yoy_pct;guidance_revenue_millions,regex_fallback,585,,,,,6,2,6,6,3445,17894,Growth/earnings_8k_sec_parser/local_extractions_2024Q3/TTD/TTD__000167193324000089.json,,,,,,,
2024Q3,UNP,,0001437749-24-023420,$2B-$10B,6056000000,1630000000,67132000000,-927000000,-805000000,1840000000,,not_scored,,,,,,,missing_required_data,quarter_revenue_millions;quarter_revenue_yoy_pct;guidance_revenue_millions,regex_fallback,,,,,,0,0,0,0,22056,3038,Growth/earnings_8k_sec_parser/local_extractions_2024Q3/UNP/UNP__000143774924023420.json,,,,,,,
2024Q3,VRSK,,0001437749-24-023984,$500M-$1B,651600000,56300000,4366100000,-3405000000,2967100000,365300000,,not_scored,,,,,,,missing_required_data,quarter_revenue_millions;quarter_revenue_yoy_pct;guidance_revenue_millions,regex_fallback,,,,,,0,0,0,0,32184,2956,Growth/earnings_8k_sec_parser/local_extractions_2024Q3/VRSK/VRSK__000143774924023984.json,,,,,,,
2024Q3,WDAY,,0001327811-24-000163,$1B-$2B,1684000000,0,16452000000,-2000000,-713000000,277000000,,not_scored,,,,,,,missing_required_data,quarter_revenue_millions;quarter_revenue_yoy_pct;guidance_revenue_millions,regex_fallback,,,,,,0,0,1,1,29424,4741,Growth/earnings_8k_sec_parser/local_extractions_2024Q3/WDAY/WDAY__000132781124000163.json,,,,,,,
2024Q3,WMB,,0000107263-24-000075,$2B-$10B,3081000000,927000000,52627000000,450000000,-1639000000,1514000000,,not_scored,,,,,,,missing_required_data,quarter_revenue_millions;quarter_revenue_yoy_pct;guidance_revenue_millions,regex_fallback,,,,,,6,6,6,6,3817,51426,Growth/earnings_8k_sec_parser/local_extractions_2024Q3/WMB/WMB__000010726324000075.json,,,,,,,
2024Q3,WTW,,0001171843-24-004118,$2B-$10B,2244000000,203000000,29090000000,-453000000,-61000000,134000000,,not_scored,,,,,,,missing_required_data,quarter_revenue_millions;quarter_revenue_yoy_pct;guidance_revenue_millions,regex_fallback,,,,,,6,5,6,6,48345,52440,Growth/earnings_8k_sec_parser/local_extractions_2024Q3/WTW/WTW__000117184324004118.json,,,,,,,
2024Q3,ZS,,0001713683-24-000097,$1B-$2B,1161946000,-171661000,3608317000,14602000,-78922000,326407000,,not_scored,,,,,,,missing_required_data,quarter_revenue_millions;quarter_revenue_yoy_pct;guidance_revenue_millions,regex_fallback,,,,,,0,0,1,0,36167,3636,Growth/earnings_8k_sec_parser/local_extractions_2024Q3/ZS/ZS__000171368324000097.json,,,,,,,
