quarter,ticker,revenue_bucket,profitability_score,operating_cash_flow_score,fcf_proxy_score,financing_dependence_score,asset_efficiency_score,pre_llm_fundamental_score,pre_llm_fundamental_bucket,pre_llm_fundamental_missing_fields,tier_bucket,tier_1_bucket,tier_2_bucket,tier_3_bucket,tier_4_bucket,tradable_date,entry_open,return_10d_pct,return_20d_pct,return_30d_pct,return_60d_pct,return_90d_pct
2023Q2,A,$1B-$2B,2,2,2,1,0,7,strong,,,,,,,2023-05-24,115.199997,2.7344,3.7326,3.6632,10.8681,2.1181
2023Q2,AAP,>$10B,1,1,2,1,1,6,strong,,,,,,,2023-06-01,71.769997,-6.7995,-4.2497,-1.1425,3.6506,-5.1136
2023Q2,AAT,$100M-$500M,1,2,2,1,0,6,strong,,Tier 0 - Broad right-tail scouting universe,,,,,2023-04-26,17.530001,7.7011,4.5066,8.2145,7.1877,27.1535
2023Q2,ABG,$2B-$10B,1,1,-1,0,1,2,mixed,,,,,,,2023-04-26,186.119995,8.4677,6.1305,14.2274,23.0389,17.2953
2023Q2,ABM,$1B-$2B,1,-1,-1,0,0,-1,weak,,,,,,,2023-06-07,48.540001,-14.6889,-14.5035,-14.3387,-6.0569,-7.8080
2023Q2,ABNB,$1B-$2B,-1,2,2,-1,0,2,mixed,,,,,,,2023-05-10,109.849998,0.0728,-2.4215,7.2918,19.8999,27.0369
2023Q2,ABT,>$10B,2,2,2,1,0,7,strong,,,,,,,2023-04-20,112.250000,-1.0156,-1.3898,-3.5635,-4.9443,-4.4276
2023Q2,ACA,$1B-$2B,1,2,-1,0,1,3,good,,,,,,,2023-04-28,63.770000,6.3353,8.8600,4.2497,16.3243,17.1711
2023Q2,ACAD,$100M-$500M,-1,-1,2,0,0,0,mixed,,Tier 0 - Broad right-tail scouting universe,,,,,2023-05-09,21.590000,12.5984,10.1899,16.2112,14.7290,24.1315
2023Q2,ACCO,$1B-$2B,1,1,-1,-1,1,1,mixed,,Tier 0 - Broad right-tail scouting universe,Tier 1 - Balanced priority feed,Tier 2 - High-priority compact feed,,"Tier 4 - Ultra-distressed tag, not a production tier",2023-05-05,4.870000,9.8563,1.6427,3.9014,11.7043,25.2567
2023Q2,ACDC,$500M-$1B,1,1,1,1,1,5,good,,Tier 0 - Broad right-tail scouting universe,Tier 1 - Balanced priority feed,Tier 2 - High-priority compact feed,,,2023-05-11,9.845000,22.1940,13.9665,23.3113,25.1397,28.9995
2023Q2,ACGL,$2B-$10B,2,2,-1,0,0,3,good,,,,,,,2023-04-27,72.620003,4.8471,0.5784,-1.9554,-1.9278,13.0267
2023Q2,ACH,$2B-$10B,1,1,-1,-1,0,0,mixed,,Tier 0 - Broad right-tail scouting universe,,,,,2023-05-08,19.230000,4.6802,1.4041,12.8965,-7.6963,0.1040
2023Q2,ACIW,$100M-$500M,1,1,2,1,0,5,good,,Tier 0 - Broad right-tail scouting universe,,,,,2023-05-05,24.350000,2.6283,-5.4620,-5.7906,-5.4620,-2.2587
2023Q2,ACLS,$100M-$500M,2,2,2,1,1,8,strong,,,,,,,2023-05-04,122.099998,4.8239,15.5201,33.3579,48.8452,54.8075
2023Q2,ACT,$1B-$2B,2,2,-1,-1,0,2,mixed,,Tier 0 - Broad right-tail scouting universe,,,,,2023-05-04,23.799999,-0.2521,2.3529,4.8319,8.0672,18.4034
2023Q2,ACVA,$100M-$500M,-1,-1,-1,-1,0,-4,weak,,Tier 0 - Broad right-tail scouting universe,Tier 1 - Balanced priority feed,,Tier 3 - Revised dislocation feed,,2023-05-11,14.740000,20.7598,15.6038,21.7775,14.5183,12.9579
2023Q2,ADBE,$2B-$10B,2,2,2,1,0,7,strong,,,,,,,2023-06-16,518.229980,-7.4716,-7.1281,0.7275,0.0907,6.5473
2023Q2,ADEA,$100M-$500M,2,2,2,1,0,7,strong,,Tier 0 - Broad right-tail scouting universe,Tier 1 - Balanced priority feed,Tier 2 - High-priority compact feed,,,2023-05-09,7.400000,25.4054,32.0270,42.4324,51.3513,57.8378
2023Q2,ADI,$2B-$10B,2,2,2,1,0,7,strong,,,,,,,2023-05-25,166.509995,5.0868,15.2423,11.9092,15.5306,6.5882
2023Q2,ADNT,$2B-$10B,-1,1,2,1,1,4,good,,,,,,,2023-05-04,33.639999,5.0832,3.3591,2.7051,15.9929,29.0131
2023Q2,ADSK,$2B-$10B,2,2,2,1,0,7,strong,,,,,,,2023-05-26,200.770004,3.8153,10.2904,0.0050,4.9758,3.9000
2023Q2,ADTN,$500M-$1B,1,-1,1,1,1,3,good,,Tier 0 - Broad right-tail scouting universe,Tier 1 - Balanced priority feed,,,,2023-04-12,11.420000,-17.2504,-22.9422,-26.5324,-13.3975,-8.5814
2023Q2,ADUS,$500M-$1B,1,2,-1,-1,1,2,mixed,,,,,,,2023-05-02,88.309998,-2.7177,0.0113,2.6045,2.7064,3.6915
2023Q2,ADV,$500M-$1B,1,-1,-1,1,0,0,mixed,,,,,,,2023-05-11,36.500000,30.1370,30.1370,47.2603,61.6438,79.4521
2023Q2,AEE,$2B-$10B,2,2,-1,-1,0,2,mixed,,,,,,,2023-05-05,89.870003,-5.3522,-9.9255,-8.8239,-6.8210,-7.7334
2023Q2,AEIS,$100M-$500M,1,1,-1,1,0,2,mixed,,,,,,,2023-05-04,85.559998,1.9635,8.4736,13.2188,30.1660,43.9691
2023Q2,AEO,$2B-$10B,-1,1,1,0,1,2,mixed,,Tier 0 - Broad right-tail scouting universe,Tier 1 - Balanced priority feed,,,,2023-05-25,10.090000,9.0188,16.1546,15.6591,32.1110,56.8880
2023Q2,AEP,$2B-$10B,2,2,-1,-1,0,2,mixed,,,,,,,2023-05-05,90.919998,-0.9129,-9.2609,-7.6111,-5.6313,-9.8218
2023Q2,AES,$2B-$10B,1,2,-1,-1,0,1,mixed,,Tier 0 - Broad right-tail scouting universe,,,,,2023-05-05,22.590000,-2.6560,-11.6866,-11.1111,-5.0465,-8.5879
2023Q2,AFL,>$10B,2,2,2,1,0,7,strong,,,,,,,2023-04-28,69.430000,-2.5781,-3.6296,-6.0349,-1.3395,3.7880
2023Q2,AFRM,$500M-$1B,-1,-1,-1,-1,0,-4,weak,,Tier 0 - Broad right-tail scouting universe,Tier 1 - Balanced priority feed,,Tier 3 - Revised dislocation feed,,2023-05-10,12.110000,19.9835,21.7176,43.6003,22.0479,30.4707
2023Q2,AGX,$100M-$500M,1,2,2,1,1,7,strong,,,,,,,2023-04-18,39.580002,1.6422,1.5412,5.4573,1.1622,0.1516
2023Q2,AGYS,$100M-$500M,1,2,2,1,1,7,strong,,,,,,,2023-05-17,70.250000,3.8007,3.5730,1.1246,-3.5018,3.3737
2023Q2,AHCO,$500M-$1B,1,1,-1,1,0,2,mixed,,Tier 0 - Broad right-tail scouting universe,Tier 1 - Balanced priority feed,,,,2023-05-10,11.070000,2.6197,-5.8717,-6.9557,13.7308,32.6107
2023Q2,AHRT,$100M-$500M,1,2,2,1,0,6,strong,,Tier 0 - Broad right-tail scouting universe,Tier 1 - Balanced priority feed,,,,2023-05-10,11.690000,-1.1976,-4.7049,1.0265,3.7639,2.3952
2023Q2,AI,$100M-$500M,-1,-1,2,-1,0,-1,weak,,Tier 0 - Broad right-tail scouting universe,,,,,2023-05-16,23.500000,40.1702,50.2979,97.3191,64.8085,44.2553
2023Q2,AIOT,$100M-$500M,-1,1,1,1,0,2,mixed,,Tier 0 - Broad right-tail scouting universe,Tier 1 - Balanced priority feed,Tier 2 - High-priority compact feed,,"Tier 4 - Ultra-distressed tag, not a production tier",2023-05-10,3.000000,3.0000,5.0000,10.6667,-4.3333,-23.3333
2023Q2,AIZ,$2B-$10B,1,2,2,1,0,6,strong,,,,,,,2023-04-19,116.379997,5.7312,12.1928,10.8266,11.1961,8.6785
2023Q2,AJG,$2B-$10B,2,2,2,1,0,7,strong,,,,,,,2023-04-28,208.050003,3.4944,3.1002,-2.1774,1.9707,4.3739
2023Q2,AKAM,$500M-$1B,2,2,-1,1,0,4,good,,,,,,,2023-05-10,83.199997,5.7091,10.7091,11.1539,9.1707,14.1226
2023Q2,ALB,$1B-$2B,2,2,-1,0,0,3,good,,,,,,,2023-05-04,173.000000,17.7746,22.6763,19.1734,32.5202,17.2775
2023Q2,ALG,$100M-$500M,1,-1,-1,-1,0,-2,weak,,,,,,,2023-05-05,177.960007,-0.5844,-2.3882,-3.8885,2.8827,1.8993
2023Q2,ALGM,$500M-$1B,2,2,2,1,1,8,strong,,,,,,,2023-05-11,39.209999,0.3061,0.3061,2.0148,16.9090,3.8766
2023Q2,ALGN,$2B-$10B,2,2,2,1,0,7,strong,,,,,,,2023-04-27,321.950012,-4.9324,-9.5015,-11.4925,2.9539,5.5599
2023Q2,ALGT,$500M-$1B,-1,2,-1,-1,0,-1,weak,,,,,,,2023-05-04,109.000000,-8.5321,-9.8257,-5.5413,18.3486,15.3211
2023Q2,ALKS,$100M-$500M,-1,1,-1,1,0,0,mixed,,,,,,,2023-04-27,28.370001,8.9531,9.2704,2.8551,15.1216,5.9217
2023Q2,ALLE,$500M-$1B,2,1,1,1,0,5,good,,,,,,,2023-04-27,110.540001,-2.6416,-1.3479,-3.1301,5.9978,6.1154
2023Q2,ALRM,$100M-$500M,1,-1,-1,1,0,0,mixed,,,,,,,2023-05-11,49.959999,3.0825,0.5204,2.4019,5.2842,-1.5012
2023Q2,ALTG,$100M-$500M,-1,-1,-1,0,0,-3,weak,,Tier 0 - Broad right-tail scouting universe,,,,,2023-05-11,15.400000,-3.5714,-11.6234,4.5455,9.6104,5.1948
2023Q2,AMC,$500M-$1B,-1,-1,-1,1,0,-2,weak,,,,,,,2023-05-08,58.299999,-13.0360,-20.5832,-18.8679,-27.9588,-12.1784
2023Q2,AMCX,$500M-$1B,2,-1,-1,1,0,1,mixed,,Tier 0 - Broad right-tail scouting universe,,,,,2023-05-10,16.010000,-17.4266,-26.4210,-25.2342,-20.4247,-14.9282
2023Q2,AMD,$2B-$10B,2,2,1,0,1,6,strong,,,,,,,2023-05-03,83.540001,16.5909,29.4230,41.0821,38.6402,40.7709
2023Q2,AME,$1B-$2B,2,2,2,1,0,7,strong,,,,,,,2023-05-03,146.160004,0.1231,-0.1300,3.0925,10.0233,9.0928
2023Q2,AMGN,>$10B,2,2,2,1,0,7,strong,,,,,,,2023-04-28,236.820007,-0.9290,-5.3163,-7.7232,-6.0003,-0.3251
2023Q2,AMKR,$2B-$10B,1,2,1,1,1,6,strong,,Tier 0 - Broad right-tail scouting universe,,,,,2023-05-02,21.940001,-3.4184,5.6974,14.4485,34.6399,32.5889
2023Q2,AMN,$2B-$10B,1,2,-1,0,1,3,good,,,,,,,2023-05-05,91.910004,3.8081,4.5153,8.5301,17.9523,10.6300
2023Q2,AMP,>$10B,2,2,2,0,0,6,strong,,,,,,,2023-04-25,299.799988,-2.8752,-0.3102,1.9646,6.7111,18.4056
2023Q2,AMPH,$100M-$500M,2,2,2,0,0,6,strong,,,,,,,2023-05-10,37.669998,17.5206,17.7064,21.2371,51.1548,72.5511
2023Q2,AMR,$1B-$2B,2,2,2,1,0,7,strong,,,,,,,2023-05-09,160.000000,-9.7250,-14.5438,-7.2188,0.8813,11.7750
2023Q2,AMRX,$1B-$2B,1,2,1,0,1,5,good,,Tier 0 - Broad right-tail scouting universe,Tier 1 - Balanced priority feed,Tier 2 - High-priority compact feed,,"Tier 4 - Ultra-distressed tag, not a production tier",2023-04-18,1.660000,16.2651,21.6867,35.5422,77.7108,91.5663
2023Q2,AMT,$2B-$10B,2,2,2,1,0,7,strong,,,,,,,2023-04-27,200.339996,-3.5589,-2.7853,-9.1544,-6.0946,-5.1712
2023Q2,AMWD,$1B-$2B,1,-1,-1,1,1,1,mixed,,,,,,,2023-05-26,59.180000,7.4518,18.6212,19.2126,27.5431,22.3555
2023Q2,ANDE,$2B-$10B,1,-1,-1,0,2,1,mixed,,,,,,,2023-05-03,39.560001,-3.9434,4.3984,4.4742,21.0061,25.7583
2023Q2,ANET,$2B-$10B,2,2,2,1,0,7,strong,,,,,,,2023-05-02,36.327499,-4.5971,0.0413,14.7065,10.0406,6.7304
2023Q2,ANF,$2B-$10B,-1,2,2,0,2,5,good,,,,,,,2023-05-26,29.110001,8.5538,24.4933,27.7224,29.5088,73.3425
2023Q2,ANGI,$100M-$500M,1,-1,-1,1,0,0,mixed,,,,,,,2023-05-10,28.000000,14.2857,8.2143,13.9286,16.7857,38.2143
2023Q2,AON,$2B-$10B,2,2,2,-1,0,5,good,,,,,,,2023-05-01,323.239990,3.7062,0.7518,-4.6250,6.7937,-1.4664
2023Q2,AOS,$2B-$10B,2,2,2,1,1,8,strong,,,,,,,2023-04-28,69.459999,1.2237,-0.4607,-3.9879,4.0455,6.0754
2023Q2,AOSL,$100M-$500M,2,2,2,1,0,7,strong,,Tier 0 - Broad right-tail scouting universe,,,,,2023-05-05,22.629999,8.2192,20.7247,20.9457,40.8749,43.4821
2023Q2,APAM,$500M-$1B,2,2,2,1,1,8,strong,,,,,,,2023-05-03,33.849998,-3.3678,-1.5657,-2.0384,16.8390,21.8021
2023Q2,APD,$2B-$10B,2,2,-1,1,0,4,good,,,,,,,2023-05-10,281.079987,-2.1631,-2.4939,-0.8859,3.1806,0.8752
2023Q2,APEI,$100M-$500M,1,2,2,1,0,6,strong,,Tier 0 - Broad right-tail scouting universe,Tier 1 - Balanced priority feed,Tier 2 - High-priority compact feed,,,2023-04-13,6.160000,6.9805,-10.8766,-10.7143,-20.6169,-24.6753
2023Q2,APH,$2B-$10B,2,2,2,1,1,8,strong,,,,,,,2023-04-27,36.860001,2.2111,2.3738,4.1373,9.2783,20.1845
2023Q2,APLE,$100M-$500M,1,2,2,1,0,6,strong,,Tier 0 - Broad right-tail scouting universe,,,,,2023-05-03,15.070000,1.5926,-1.0617,1.9907,2.6543,1.5262
2023Q2,APO,$500M-$1B,-1,-1,-1,-1,0,-4,weak,,,,,,,2023-05-10,63.650002,3.6921,4.9175,14.6583,19.0888,29.5837
2023Q2,APP,$500M-$1B,-1,-1,-1,1,0,-2,weak,,Tier 0 - Broad right-tail scouting universe,,,,,2023-05-11,21.754999,15.3298,14.9621,2.8729,24.4771,35.1873
2023Q2,APPF,$100M-$500M,2,2,2,1,1,8,strong,,,,,,,2023-04-28,135.619995,1.6222,6.6141,3.5909,23.1677,29.6417
2023Q2,APPN,$100M-$500M,-1,-1,-1,-1,0,-4,weak,,,,,,,2023-05-10,37.439999,9.8558,10.7372,28.4989,34.5086,28.8729
2023Q2,APTV,$2B-$10B,1,-1,-1,-1,0,-2,weak,,,,,,,2023-05-05,94.570000,-1.7342,-5.1391,-2.4321,9.4110,15.8718
2023Q2,ARCB,$2B-$10B,1,1,2,1,2,7,strong,,,,,,,2023-05-01,90.660004,-4.3349,-4.0371,-7.5888,8.9786,28.3035
2023Q2,ARES,$1B-$2B,1,-1,-1,-1,0,-2,weak,,,,,,,2023-05-01,88.180000,-7.5868,-3.4588,-1.2361,9.2651,12.5198
2023Q2,ARLO,$100M-$500M,-1,-1,-1,1,1,-1,weak,,Tier 0 - Broad right-tail scouting universe,Tier 1 - Balanced priority feed,Tier 2 - High-priority compact feed,Tier 3 - Revised dislocation feed,,2023-05-12,7.410000,24.9663,29.5547,25.3711,48.3131,38.0567
2023Q2,ARLP,$1B-$2B,-1,2,2,1,1,5,good,,Tier 0 - Broad right-tail scouting universe,,,,,2023-05-03,21.200001,-9.4811,-9.5283,-15.9434,-11.0377,-5.1887
2023Q2,AROC,$100M-$500M,1,2,2,1,0,6,strong,,Tier 0 - Broad right-tail scouting universe,Tier 1 - Balanced priority feed,Tier 2 - High-priority compact feed,,,2023-05-04,9.460000,1.1628,-0.7400,2.3256,10.2537,36.7865
2023Q2,ARRY,$500M-$1B,1,-1,-1,1,1,1,mixed,,Tier 0 - Broad right-tail scouting universe,,,,,2023-05-10,18.129999,34.4181,25.4275,23.7728,11.4175,-1.3789
2023Q2,ARWR,$100M-$500M,-1,1,-1,0,0,-1,weak,,,,,,,2023-05-03,37.490002,6.4017,-3.2275,-3.8410,-6.1083,-10.1627
2023Q2,ASAN,$100M-$500M,-1,-1,-1,0,0,-3,weak,,Tier 0 - Broad right-tail scouting universe,,,,,2023-06-02,24.500000,-7.8776,-7.1837,-10.1633,-0.3673,-12.2857
2023Q2,ASB,$1B-$2B,2,2,-1,-1,0,2,mixed,,Tier 0 - Broad right-tail scouting universe,,,,,2023-04-21,18.650000,-7.5603,-20.6970,-16.0322,-9.9196,-1.2869
2023Q2,ASGN,$2B-$10B,1,2,2,1,1,7,strong,,,,,,,2023-04-28,71.059998,-7.3600,-4.7565,-5.7135,3.4196,10.6530
2023Q2,ASIX,$1B-$2B,1,1,-1,0,1,2,mixed,,,,,,,2023-05-08,37.270000,-6.8688,-9.2031,1.0464,-3.6490,-2.8709
2023Q2,ASO,$1B-$2B,2,1,2,1,0,6,strong,,,,,,,2023-06-07,49.419998,-0.8499,8.0130,12.0801,17.6245,6.2121
2023Q2,ASTH,$500M-$1B,1,1,2,1,1,6,strong,,,,,,,2023-05-09,33.660000,-0.9210,-8.1105,-0.8913,-4.7831,13.0719
2023Q2,ATKR,$1B-$2B,2,1,2,1,1,7,strong,,,,,,,2023-05-10,130.850006,-5.4643,-7.1685,5.5407,15.1700,18.8460
2023Q2,ATNI,$100M-$500M,-1,2,1,1,0,3,good,,,,,,,2023-04-28,37.299999,-2.7078,-0.7239,1.3673,-1.7694,-2.5201
2023Q2,ATO,$2B-$10B,1,2,-1,-1,0,1,mixed,,,,,,,2023-05-04,111.099998,5.8416,4.7795,3.1503,5.5806,9.3429
2023Q2,ATRO,$500M-$1B,-1,1,2,1,1,4,good,,Tier 0 - Broad right-tail scouting universe,,,,,2023-05-10,16.809999,2.9744,-4.2237,3.7478,12.3736,7.7335
2023Q2,AVA,$100M-$500M,2,2,2,-1,0,5,good,,,,,,,2023-05-04,43.700001,-0.1373,-3.8902,-5.8810,-10.5492,-11.4874
2023Q2,AVAV,$100M-$500M,-1,-1,-1,1,0,-2,weak,,,,,,,2023-06-28,95.610001,2.4684,-1.9140,-0.6066,-0.2196,15.9921
2023Q2,AVB,$2B-$10B,2,2,2,1,0,7,strong,,,,,,,2023-04-28,178.850006,0.8443,-1.6327,-3.4219,5.0657,4.2102
2023Q2,AVD,$100M-$500M,1,-1,-1,-1,0,-2,weak,,Tier 0 - Broad right-tail scouting universe,,,,,2023-05-11,15.810000,8.6654,7.9064,10.3732,9.2347,-9.1082
2023Q2,AVNS,$100M-$500M,1,1,-1,-1,0,0,mixed,,Tier 0 - Broad right-tail scouting universe,,,,,2023-05-04,23.530001,-1.4450,-3.4424,4.5474,8.2448,1.9124
2023Q2,AVNT,$500M-$1B,1,1,1,1,0,4,good,,,,,,,2023-05-04,36.689999,7.4135,4.9605,5.9417,12.0196,9.3759
2023Q2,AVNW,$100M-$500M,1,-1,-1,1,1,1,mixed,,Tier 0 - Broad right-tail scouting universe,,,,,2023-05-04,22.740000,32.9376,36.1917,36.3676,47.4494,34.4327
2023Q2,AVY,$2B-$10B,1,2,1,1,1,6,strong,,,,,,,2023-04-27,164.139999,4.6911,3.7224,-0.6580,3.0766,10.0402
2023Q2,AWK,$2B-$10B,1,1,2,1,0,5,good,,,,,,,2023-04-27,148.149994,-0.4590,-3.0645,-3.3412,-5.3459,-0.2497
2023Q2,AWR,$100M-$500M,2,2,1,0,0,5,good,,,,,,,2023-05-11,92.519997,-3.5344,-3.9991,-5.5231,-8.8954,-4.6476
2023Q2,AXON,$100M-$500M,2,2,2,1,0,7,strong,,,,,,,2023-05-10,222.729996,-9.4195,-13.2762,-12.5309,-12.2884,-21.1018
2023Q2,AXP,>$10B,2,2,2,1,0,7,strong,,,,,,,2023-04-21,163.020004,-2.2697,-9.2197,-4.6068,3.9198,8.6431
2023Q2,AZZ,$100M-$500M,1,1,1,1,0,4,good,,,,,,,2023-04-26,36.830002,-2.2536,-3.2582,-1.6291,10.3991,20.5267
2023Q2,BALL,$2B-$10B,1,-1,-1,-1,0,-2,weak,,,,,,,2023-05-05,59.470001,-4.8764,-10.3918,-8.9793,-4.7251,-0.6726
2023Q2,BANC,<$100M,2,2,-1,-1,0,2,mixed,,Tier 0 - Broad right-tail scouting universe,Tier 1 - Balanced priority feed,,,,2023-04-21,11.810000,-5.8425,-15.4107,-5.5885,2.4555,9.6528
2023Q2,BARK,$100M-$500M,-1,-1,-1,-1,1,-3,weak,,Tier 0 - Broad right-tail scouting universe,,,,,2023-06-02,21.600000,27.7778,29.6296,27.7778,35.1852,48.1481
2023Q2,BAX,$2B-$10B,1,1,-1,1,0,2,mixed,,,,,,,2023-04-28,46.939999,-2.8334,-8.3298,-14.0818,-3.2808,-3.1104
2023Q2,BBBY,$2B-$10B,1,1,2,0,2,6,strong,,Tier 0 - Broad right-tail scouting universe,,,,,2023-04-28,20.180000,-1.5362,-8.0773,-6.0456,19.2765,73.5382
2023Q2,BBSI,$100M-$500M,2,-1,-1,1,0,1,mixed,,Tier 0 - Broad right-tail scouting universe,,,,,2023-05-04,19.852501,1.7000,5.6290,9.0543,10.2128,14.5574
2023Q2,BBT,$100M-$500M,-1,2,2,-1,0,2,mixed,,Tier 0 - Broad right-tail scouting universe,,,,,2023-04-21,22.930000,-9.1147,-17.8369,-7.6755,-3.6197,-2.9655
2023Q2,BBY,>$10B,1,2,2,1,2,8,strong,,,,,,,2023-05-26,71.190002,2.3037,10.9425,14.3419,19.3285,2.7251
2023Q2,BCC,$2B-$10B,2,1,2,1,1,7,strong,,,,,,,2023-05-05,68.360001,8.5869,9.7718,8.8648,32.0070,60.8543
2023Q2,BCO,$1B-$2B,1,-1,-1,0,0,-1,weak,,,,,,,2023-05-11,65.680000,4.6285,1.2942,9.3940,0.4720,5.3593
2023Q2,BCPC,$100M-$500M,2,1,-1,1,0,3,good,,,,,,,2023-05-01,130.410004,-4.0718,-4.3172,-5.1990,3.3740,3.3203
2023Q2,BDC,$1B-$2B,-1,1,2,1,1,4,good,,,,,,,2023-05-04,79.410004,4.5964,6.9890,11.0188,21.2694,18.4360
2023Q2,BDN,$500M-$1B,2,2,2,1,0,7,strong,,Tier 0 - Broad right-tail scouting universe,Tier 1 - Balanced priority feed,Tier 2 - High-priority compact feed,,"Tier 4 - Ultra-distressed tag, not a production tier",2023-04-21,4.190000,-8.1146,-10.5012,-11.4558,5.4893,12.8878
2023Q2,BDX,$2B-$10B,2,2,2,1,0,7,strong,,,,,,,2023-05-05,199.976410,-1.2934,-4.9534,-0.1494,2.3313,5.6335
2023Q2,BE,$100M-$500M,-1,-1,-1,1,0,-2,weak,,Tier 0 - Broad right-tail scouting universe,,,,,2023-05-10,17.570000,-15.8793,-20.6033,-13.8304,-1.1383,-10.3016
2023Q2,BEN,$2B-$10B,2,1,-1,-1,0,1,mixed,,,,,,,2023-05-02,25.850000,-5.2611,-4.7969,-5.5319,4.0232,13.1141
2023Q2,BF-B,$2B-$10B,1,2,2,1,0,6,strong,,,,,,,2023-06-08,65.260002,-0.6589,0.5516,0.4137,8.1060,-2.5743
2023Q2,BFH,$2B-$10B,1,2,2,1,0,6,strong,,,,,,,2023-04-28,27.350000,-8.0804,11.5905,7.2761,10.7495,44.0585
2023Q2,BGS,$500M-$1B,1,1,2,1,0,5,good,,Tier 0 - Broad right-tail scouting universe,,,,,2023-05-05,15.480000,-14.3411,-16.4083,-15.1809,-10.2713,-14.2119
2023Q2,BHE,$2B-$10B,1,1,1,1,2,6,strong,,Tier 0 - Broad right-tail scouting universe,,,,,2023-05-04,21.440001,-0.3265,6.2034,10.8209,20.8955,22.7145
2023Q2,BHF,$2B-$10B,-1,2,-1,-1,0,-1,weak,,,,,,,2023-04-18,43.660000,1.2368,-0.5726,-3.8708,2.8859,12.2309
2023Q2,BHFAL,$2B-$10B,-1,2,-1,-1,0,-1,weak,,Tier 0 - Broad right-tail scouting universe,,,,,2023-04-18,23.590000,2.5435,-7.7575,-1.0174,-3.0098,-6.3586
2023Q2,BHFAM,$2B-$10B,-1,2,-1,-1,0,-1,weak,,Tier 0 - Broad right-tail scouting universe,,,,,2023-04-18,15.650000,-2.0447,-11.6933,-11.1821,-9.0735,-4.0895
2023Q2,BHFAN,$2B-$10B,-1,2,-1,-1,0,-1,weak,,Tier 0 - Broad right-tail scouting universe,,,,,2023-04-18,17.490000,-0.2287,-9.7770,-8.6907,-4.4025,-2.6872
2023Q2,BHFAO,$2B-$10B,-1,2,-1,-1,0,-1,weak,,Tier 0 - Broad right-tail scouting universe,,,,,2023-04-18,24.615999,1.5600,-7.6739,-5.0617,-6.1180,-4.2086
2023Q2,BHFAP,$2B-$10B,-1,2,-1,-1,0,-1,weak,,Tier 0 - Broad right-tail scouting universe,,,,,2023-04-18,23.920000,0.0836,-9.6990,-9.1973,-10.2425,-7.1906
2023Q2,BHR,$100M-$500M,-1,-1,-1,-1,0,-4,weak,,Tier 0 - Broad right-tail scouting universe,Tier 1 - Balanced priority feed,Tier 2 - High-priority compact feed,Tier 3 - Revised dislocation feed,"Tier 4 - Ultra-distressed tag, not a production tier",2023-05-03,3.780000,3.4392,7.1429,11.6402,7.9365,-3.9683
2023Q2,BIIB,$2B-$10B,2,1,-1,1,0,3,good,,,,,,,2023-04-26,278.589996,12.8432,10.4167,7.2041,1.0733,-2.9721
2023Q2,BKH,$1B-$2B,2,2,-1,-1,0,2,mixed,,,,,,,2023-05-04,64.550003,0.6662,-4.0744,-3.9040,-6.4446,-8.1177
2023Q2,BKNG,$2B-$10B,2,2,2,1,0,7,strong,,,,,,,2023-05-05,105.212799,0.5988,-1.2527,1.5375,1.6606,7.9682
2023Q2,BKR,$2B-$10B,1,1,-1,1,0,2,mixed,,,,,,,2023-04-20,30.190001,-4.3392,-7.6184,-6.0285,-1.2918,16.5949
2023Q2,BLBD,$100M-$500M,-1,-1,-1,0,1,-2,weak,,Tier 0 - Broad right-tail scouting universe,,,,,2023-05-12,24.580000,14.6054,2.5224,-11.9203,-9.5606,-18.5517
2023Q2,BLDR,$2B-$10B,2,1,1,0,1,5,good,,,,,,,2023-05-04,109.180000,8.2250,4.4514,10.2125,24.8672,36.1421
2023Q2,BLKB,$500M-$1B,1,2,2,1,0,6,strong,,,,,,,2023-05-04,68.690002,3.1446,4.8042,7.8177,3.7706,8.1380
2023Q2,BLMN,$2B-$10B,-1,1,1,1,1,3,good,,Tier 0 - Broad right-tail scouting universe,,,,,2023-05-01,24.620001,-7.9204,4.9147,-2.9651,9.2201,9.1389
2023Q2,BMBL,<$100M,-1,-1,-1,1,0,-2,weak,,Tier 0 - Broad right-tail scouting universe,,,,,2023-05-05,19.000000,-11.2632,-11.9474,-14.9474,-12.7368,-5.9474
2023Q2,BMI,$100M-$500M,2,2,2,1,1,8,strong,,,,,,,2023-04-21,133.929993,1.9563,2.7701,5.2117,11.5135,17.2553
2023Q2,BMRN,$1B-$2B,2,1,1,0,0,4,good,,,,,,,2023-04-27,92.070000,4.2033,0.2172,-5.2677,0.2389,-5.2134
2023Q2,BNED,$1B-$2B,-1,1,-1,0,2,1,mixed,,,,,,,2023-06-01,136.000000,-21.3235,-11.0294,19.1176,8.0882,-3.6765
2023Q2,BNL,$100M-$500M,2,2,2,1,0,7,strong,,Tier 0 - Broad right-tail scouting universe,,,,,2023-05-04,15.870000,1.8273,-2.0794,0.2520,-1.7643,3.8437
2023Q2,BOOT,$1B-$2B,1,2,2,1,1,7,strong,,,,,,,2023-05-18,65.320000,6.4758,12.5536,21.1268,42.1770,42.6669
2023Q2,BOX,$500M-$1B,-1,2,2,-1,1,3,good,,,,,,,2023-05-31,28.309999,3.3910,3.1084,3.7796,10.3850,8.7955
2023Q2,BPOP,$100M-$500M,2,2,-1,-1,0,2,mixed,,,,,,,2023-04-27,59.549999,-5.4408,-2.0655,-0.2351,0.4534,20.6549
2023Q2,BR,$2B-$10B,1,-1,-1,0,0,-1,weak,,,,,,,2023-05-03,155.059998,-0.3998,-2.5474,-1.1673,5.6946,8.4870
2023Q2,BRKR,$1B-$2B,1,2,2,1,1,7,strong,,,,,,,2023-05-05,82.050003,-11.7489,-13.6868,-11.0542,-10.6886,-17.7087
2023Q2,BRO,$2B-$10B,2,2,-1,-1,0,2,mixed,,,,,,,2023-04-26,63.000000,4.3651,4.3016,-0.2064,5.4127,15.0317
2023Q2,BRSP,<$100M,2,2,-1,-1,0,2,mixed,,Tier 0 - Broad right-tail scouting universe,Tier 1 - Balanced priority feed,Tier 2 - High-priority compact feed,,,2023-05-04,5.300000,2.0755,10.9434,16.9811,27.5472,26.6038
2023Q2,BSX,$2B-$10B,-1,2,2,0,0,3,good,,,,,,,2023-04-27,50.900002,4.3615,4.9312,-0.8055,5.1081,2.9470
2023Q2,BSY,$100M-$500M,2,2,-1,-1,0,2,mixed,,,,,,,2023-05-10,46.380001,1.1212,4.5494,9.1850,13.2600,9.2066
2023Q2,BTU,$2B-$10B,-1,-1,-1,0,1,-2,weak,,Tier 0 - Broad right-tail scouting universe,,,,,2023-04-28,23.820000,-3.1486,-12.7624,-22.3342,-11.5449,-9.0260
2023Q2,BVS,$100M-$500M,1,2,2,1,0,6,strong,,Tier 0 - Broad right-tail scouting universe,Tier 1 - Balanced priority feed,Tier 2 - High-priority compact feed,,"Tier 4 - Ultra-distressed tag, not a production tier",2023-05-12,1.220000,71.3115,142.6229,145.9016,198.3607,274.5902
2023Q2,BWIN,,,,,,,,not_scored,profitability_score;operating_cash_flow_score;fcf_proxy_score;financing_dependence_score;asset_efficiency_score,,,,,,2023-05-10,24.110001,-7.1755,-17.9179,-6.4703,-6.4703,1.5346
2023Q2,BWXT,$500M-$1B,2,-1,-1,-1,0,-1,weak,,,,,,,2023-05-09,65.570000,0.8846,-6.8781,-1.4031,8.6472,15.4491
2023Q2,BX,$2B-$10B,2,2,2,1,0,7,strong,,,,,,,2023-04-21,91.629997,-3.1431,-9.1127,-7.2247,-1.1023,17.3306
2023Q2,BXC,$1B-$2B,2,1,-1,1,1,4,good,,,,,,,2023-05-03,67.970001,17.6990,23.5398,29.7926,36.9575,41.9008
2023Q2,BXP,$2B-$10B,2,2,2,-1,0,5,good,,,,,,,2023-04-26,52.020000,-2.1146,-9.5348,-8.2276,8.7851,21.7224
2023Q2,BZH,$500M-$1B,1,-1,-1,1,0,0,mixed,,Tier 0 - Broad right-tail scouting universe,,,,,2023-04-28,17.950001,16.0446,21.1142,14.9861,37.2702,54.5404
2023Q2,CABO,$500M-$1B,2,2,-1,-1,0,2,mixed,,,,,,,2023-05-05,699.690002,-3.4129,-11.8181,-6.2985,-7.0517,3.7231
2023Q2,CACC,$100M-$500M,2,2,2,1,0,7,strong,,,,,,,2023-05-02,436.149994,-1.4330,1.7632,3.0013,17.2785,27.6166
2023Q2,CAG,$2B-$10B,1,1,1,1,0,4,good,,,,,,,2023-04-06,38.599998,-3.4456,-2.0207,-2.2280,-9.2746,-12.7720
2023Q2,CAKE,$2B-$10B,1,1,1,1,1,5,good,,,,,,,2023-05-11,33.950001,-2.1797,-7.7172,-1.4433,3.5935,6.8925
2023Q2,CAL,$500M-$1B,-1,2,2,1,0,4,good,,Tier 0 - Broad right-tail scouting universe,,,,,2023-06-02,18.070000,35.3071,37.5208,36.5246,49.0315,58.6608
2023Q2,CALX,$500M-$1B,1,1,-1,0,1,2,mixed,,,,,,,2023-04-20,53.500000,-14.3551,-19.5140,-13.5140,-5.8318,-8.4299
2023Q2,CALY,$1B-$2B,-1,2,2,0,0,3,good,,Tier 0 - Broad right-tail scouting universe,,,,,2023-05-10,20.500000,-19.7561,-15.7561,-4.1951,-2.1951,-10.9756
2023Q2,CAR,$2B-$10B,-1,2,2,1,0,4,good,,,,,,,2023-05-02,172.449997,-7.8631,-4.1751,-1.6526,32.2586,27.7414
2023Q2,CARG,$100M-$500M,1,2,2,1,0,6,strong,,Tier 0 - Broad right-tail scouting universe,,,,,2023-05-10,19.510000,-2.7166,-2.3578,7.4321,15.3767,-0.1025
2023Q2,CARR,>$10B,2,1,2,1,1,7,strong,,,,,,,2023-04-26,41.189999,3.4232,2.3307,-0.7283,18.0626,30.8813
2023Q2,CARS,$100M-$500M,1,2,-1,-1,0,1,mixed,,Tier 0 - Broad right-tail scouting universe,,,,,2023-05-05,17.309999,9.8209,3.2351,1.9642,12.6516,22.5881
2023Q2,CASH,$100M-$500M,2,2,2,-1,0,5,good,,,,,,,2023-04-27,43.930000,-1.3430,7.6941,4.5072,2.0259,29.4332
2023Q2,CBL,$100M-$500M,-1,2,2,1,0,4,good,,Tier 0 - Broad right-tail scouting universe,,,,,2023-05-11,22.490000,1.2005,2.5345,2.5345,-1.4229,-3.2904
2023Q2,CBOE,$500M-$1B,2,2,2,-1,0,5,good,,,,,,,2023-05-08,136.899994,0.2557,-3.3528,-2.8269,-0.7743,6.8590
2023Q2,CBRE,$2B-$10B,1,-1,-1,1,0,0,mixed,,,,,,,2023-04-28,75.949997,-3.6998,1.1323,-1.1850,2.6597,9.6116
2023Q2,CBRL,$2B-$10B,1,1,1,1,2,6,strong,,,,,,,2023-06-07,92.500000,1.0162,1.8703,0.3784,-2.2054,-17.0703
2023Q2,CBT,$500M-$1B,-1,-1,-1,-1,0,-4,weak,,,,,,,2023-05-09,68.879997,2.9472,2.0761,8.4204,-1.9164,0.6678
2023Q2,CBZ,$100M-$500M,2,-1,-1,-1,0,-1,weak,,,,,,,2023-05-01,52.480000,-5.2782,-3.5442,-3.9253,1.5244,0.7812
2023Q2,CC,$2B-$10B,1,2,2,1,1,7,strong,,,,,,,2023-04-28,27.629999,6.2613,8.5414,0.3257,26.3482,37.3507
2023Q2,CCC,$100M-$500M,1,2,1,0,0,4,good,,Tier 0 - Broad right-tail scouting universe,Tier 1 - Balanced priority feed,Tier 2 - High-priority compact feed,,,2023-05-03,8.740000,7.6659,14.4165,27.0023,27.0023,25.7437
2023Q2,CCI,$2B-$10B,2,2,2,1,0,7,strong,,,,,,,2023-04-20,131.429993,-7.1445,-9.4955,-12.4553,-14.4411,-13.6422
2023Q2,CCL,$1B-$2B,-1,-1,-1,-1,0,-4,weak,,Tier 0 - Broad right-tail scouting universe,Tier 1 - Balanced priority feed,,Tier 3 - Revised dislocation feed,,2023-06-27,14.750000,29.0848,20.0678,23.5254,6.5085,-5.7627
2023Q2,CCOI,$100M-$500M,1,2,2,1,0,6,strong,,,,,,,2023-05-05,69.709999,-9.5395,-12.2794,-11.5191,-4.7482,-16.4539
2023Q2,CCRN,$500M-$1B,-1,1,1,1,2,4,good,,Tier 0 - Broad right-tail scouting universe,,,,,2023-05-04,20.510000,20.9654,26.5236,27.8401,35.6899,29.2053
2023Q2,CCS,$2B-$10B,1,2,2,0,1,6,strong,,,,,,,2023-04-27,66.680000,-0.6149,2.5195,-3.9292,7.4385,10.7528
2023Q2,CDE,$100M-$500M,1,-1,-1,-1,0,-2,weak,,Tier 0 - Broad right-tail scouting universe,Tier 1 - Balanced priority feed,Tier 2 - High-priority compact feed,Tier 3 - Revised dislocation feed,"Tier 4 - Ultra-distressed tag, not a production tier",2023-05-11,3.440000,-5.2326,-12.7907,-6.1047,-18.0233,-24.1279
2023Q2,CDNS,$500M-$1B,2,2,2,1,0,7,strong,,,,,,,2023-04-25,200.600006,2.3131,0.8524,11.9093,11.1715,20.2742
2023Q2,CDP,$500M-$1B,2,2,-1,-1,0,2,mixed,,Tier 0 - Broad right-tail scouting universe,,,,,2023-04-28,22.799999,6.0088,1.4035,0.4825,4.9561,12.8947
2023Q2,CDRE,$100M-$500M,-1,1,-1,1,0,0,mixed,,Tier 0 - Broad right-tail scouting universe,,,,,2023-05-10,21.990000,2.0919,-5.6844,-8.7312,0.1819,6.1846
2023Q2,CDW,>$10B,1,1,2,0,2,6,strong,,,,,,,2023-04-19,163.690002,4.0503,2.4864,5.4371,8.3145,14.9979
2023Q2,CEG,$2B-$10B,1,2,2,1,0,6,strong,,,,,,,2023-05-05,79.120003,1.4535,4.5880,10.6041,16.4560,27.8311
2023Q2,CENX,$1B-$2B,-1,1,1,0,2,3,good,,Tier 0 - Broad right-tail scouting universe,Tier 1 - Balanced priority feed,Tier 2 - High-priority compact feed,,,2023-05-09,7.910000,0.7585,1.2642,8.4703,11.3780,15.6764
2023Q2,CF,$2B-$10B,2,2,2,1,0,7,strong,,,,,,,2023-05-02,72.269997,-7.9424,-7.2367,-16.6459,-2.5460,13.5741
2023Q2,CFG,$2B-$10B,2,1,-1,-1,0,1,mixed,,,,,,,2023-04-20,29.780001,-3.2236,-14.7079,-8.6971,-8.6635,3.9960
2023Q2,CFLT,$100M-$500M,-1,-1,-1,-1,0,-4,weak,,Tier 0 - Broad right-tail scouting universe,,,,,2023-05-04,21.709999,10.6863,32.9341,63.2427,57.7154,42.8835
2023Q2,CGNX,$100M-$500M,2,2,2,1,0,7,strong,,,,,,,2023-05-05,50.669998,1.0065,5.9996,9.6309,8.6442,0.6118
2023Q2,CHD,$1B-$2B,2,2,2,1,0,7,strong,,,,,,,2023-04-28,97.730003,-1.1460,-3.2641,-6.1496,1.0744,-1.8214
2023Q2,CHDN,$100M-$500M,2,2,2,1,0,7,strong,,,,,,,2023-04-27,131.854996,10.7542,8.0884,2.6658,-0.4740,-0.2086
2023Q2,CHEF,$1B-$2B,-1,1,-1,0,2,1,mixed,,,,,,,2023-05-04,34.259998,-2.5102,-5.5166,-6.8301,5.2831,-7.7350
2023Q2,CHRD,$500M-$1B,-1,2,2,1,0,4,good,,,,,,,2023-05-04,135.160004,4.6981,11.9858,8.2347,14.6049,14.0648
2023Q2,CHRW,>$10B,1,1,1,1,2,6,strong,,,,,,,2023-04-27,95.260002,8.0831,5.7212,2.4039,-2.8344,3.1703
2023Q2,CIEN,$500M-$1B,1,-1,-1,-1,0,-2,weak,,,,,,,2023-06-07,42.540001,1.1989,-1.8571,1.5280,-1.6455,12.6704
2023Q2,CINF,$2B-$10B,2,2,2,1,0,7,strong,,,,,,,2023-04-18,107.669998,-1.1424,-1.5510,-1.8018,-8.1174,-8.6468
2023Q2,CL,$2B-$10B,2,1,2,1,0,6,strong,,,,,,,2023-05-01,79.839996,2.2420,-1.7911,-6.8387,-3.5070,-4.4840
2023Q2,CLNE,<$100M,-1,1,2,1,0,3,good,,Tier 0 - Broad right-tail scouting universe,Tier 1 - Balanced priority feed,Tier 2 - High-priority compact feed,,"Tier 4 - Ultra-distressed tag, not a production tier",2023-05-10,4.250000,8.0000,-6.3529,2.8235,18.1176,6.5882
2023Q2,CLW,$100M-$500M,1,1,2,1,0,5,good,,,,,,,2023-05-03,35.020000,-9.5089,-6.0822,-10.4797,-10.3084,-8.9378
2023Q2,CLX,$2B-$10B,1,1,2,1,1,6,strong,,,,,,,2023-05-03,169.039993,-1.1772,-5.1999,-4.5374,-5.1467,-10.2461
2023Q2,CMCO,$500M-$1B,-1,1,-1,-1,0,-2,weak,,,,,,,2023-04-27,33.590000,2.5901,6.1923,10.4793,20.6609,22.0899
2023Q2,CME,$2B-$10B,2,2,2,-1,0,5,good,,,,,,,2023-04-27,184.750000,0.5088,-1.2125,-3.5453,-3.1719,7.5778
2023Q2,CMG,$2B-$10B,1,2,1,1,1,6,strong,,,,,,,2023-04-26,38.360401,5.9864,6.8925,7.9770,5.9587,9.0885
2023Q2,CMI,$2B-$10B,1,1,1,1,0,4,good,,,,,,,2023-05-03,229.940002,-4.8665,-6.0712,-5.2796,8.0282,15.2431
2023Q2,CMP,$500M-$1B,-1,2,2,1,0,4,good,,,,,,,2023-05-10,29.980000,14.4763,8.4056,18.4123,10.0067,29.1194
2023Q2,CMS,$2B-$10B,2,2,2,1,0,7,strong,,,,,,,2023-04-28,62.630001,-2.2992,-6.2111,-9.1490,-4.7741,-1.6446
2023Q2,CNDT,$500M-$1B,2,1,2,1,0,6,strong,,Tier 0 - Broad right-tail scouting universe,Tier 1 - Balanced priority feed,Tier 2 - High-priority compact feed,,"Tier 4 - Ultra-distressed tag, not a production tier",2023-05-04,2.930000,-0.6826,12.9693,4.4369,20.4778,26.2799
2023Q2,CNK,$100M-$500M,2,-1,-1,1,0,1,mixed,,Tier 0 - Broad right-tail scouting universe,,,,,2023-05-08,16.690001,1.8574,-3.6549,9.5267,-6.3511,8.2684
2023Q2,CNMD,$500M-$1B,1,1,2,1,0,5,good,,,,,,,2023-04-27,117.989998,4.0173,0.6865,0.4153,11.4247,3.9325
2023Q2,CNNE,<$100M,2,2,-1,1,0,4,good,,Tier 0 - Broad right-tail scouting universe,,,,,2023-05-10,17.940001,11.9844,10.8138,11.3712,13.6009,11.2040
2023Q2,CNO,$2B-$10B,1,2,1,0,0,4,good,,Tier 0 - Broad right-tail scouting universe,,,,,2023-05-02,21.610001,-2.8228,2.8228,0.3702,10.5507,19.0190
2023Q2,CNP,$2B-$10B,2,2,2,1,0,7,strong,,,,,,,2023-04-28,30.690001,-1.4337,-7.3314,-8.1786,-4.8224,-1.0753
2023Q2,CNR,$100M-$500M,-1,2,2,1,0,4,good,,,,,,,2023-05-03,63.820000,-4.9044,-8.1949,-10.0125,6.3773,14.2902
2023Q2,CNTY,$100M-$500M,1,2,2,1,0,6,strong,,Tier 0 - Broad right-tail scouting universe,Tier 1 - Balanced priority feed,Tier 2 - High-priority compact feed,,,2023-05-10,7.250000,-0.5517,-4.6897,0.5517,1.6552,3.7241
2023Q2,CNX,<$100M,2,-1,-1,1,0,1,mixed,,Tier 0 - Broad right-tail scouting universe,,,,,2023-04-28,15.570000,-1.6699,2.8902,-1.9268,10.7900,20.5523
2023Q2,CNXC,$1B-$2B,1,1,-1,-1,0,0,mixed,,,,,,,2023-06-29,79.489998,6.0259,5.2837,4.7176,-2.9186,-6.9443
2023Q2,CNXN,$2B-$10B,1,1,1,1,2,6,strong,,,,,,,2023-04-21,39.910000,0.9521,4.8860,12.0020,13.6808,15.7855
2023Q2,COCO,$100M-$500M,2,2,2,0,2,8,strong,,Tier 0 - Broad right-tail scouting universe,,,,,2023-05-04,24.000000,1.2917,-1.2500,10.8333,11.0417,4.4583
2023Q2,CODI,$500M-$1B,1,-1,-1,1,0,0,mixed,,Tier 0 - Broad right-tail scouting universe,,,,,2023-05-04,19.740000,-0.6079,1.5198,2.8369,9.1692,12.0567
2023Q2,COF,>$10B,1,2,2,-1,0,4,good,,,,,,,2023-04-28,93.000000,-4.2258,6.6989,12.5914,16.8817,22.6021
2023Q2,COHR,$2B-$10B,1,2,1,-1,0,3,good,,,,,,,2023-05-11,30.110001,6.3102,22.7499,36.3002,72.0359,56.7918
2023Q2,COIN,$1B-$2B,-1,-1,-1,1,0,-2,weak,,,,,,,2023-05-05,54.049999,12.4329,5.2174,8.6216,44.9584,67.9001
2023Q2,COKE,$1B-$2B,1,1,-1,1,0,2,mixed,,,,,,,2023-05-04,62.000000,2.1048,6.4629,7.3516,3.1419,0.6532
2023Q2,COLL,<$100M,-1,-1,-1,-1,0,-4,weak,,Tier 0 - Broad right-tail scouting universe,,,,,2023-05-05,22.490000,4.4909,-0.4891,-6.3584,-4.8021,-2.0898
2023Q2,COLM,$2B-$10B,1,2,2,1,1,7,strong,,,,,,,2023-04-28,85.260002,-3.8119,-9.8170,-12.4912,-10.5208,-9.5707
2023Q2,COMP,$2B-$10B,-1,-1,-1,0,2,-1,weak,,Tier 0 - Broad right-tail scouting universe,Tier 1 - Balanced priority feed,Tier 2 - High-priority compact feed,Tier 3 - Revised dislocation feed,"Tier 4 - Ultra-distressed tag, not a production tier",2023-05-10,3.540000,18.0791,-5.3672,-0.5650,-8.7571,8.7571
2023Q2,COO,$500M-$1B,2,2,-1,-1,0,2,mixed,,,,,,,2023-06-02,90.032501,-1.1524,3.5904,4.8010,8.2970,2.7379
2023Q2,COOK,$100M-$500M,-1,-1,-1,-1,0,-4,weak,,,,,,,2023-05-11,153.000000,18.3007,20.5882,38.8889,29.7386,84.3137
2023Q2,CORT,<$100M,2,2,-1,1,0,4,good,,Tier 0 - Broad right-tail scouting universe,,,,,2023-05-04,23.200001,3.7069,6.4224,0.1293,-4.6983,7.8017
2023Q2,CPAY,$2B-$10B,2,2,2,1,0,7,strong,,,,,,,2023-05-04,223.149994,3.1369,4.1721,4.2662,13.5873,9.7289
2023Q2,CPB,$2B-$10B,2,2,2,1,1,8,strong,,,,,,,2023-06-08,46.169998,-0.8230,-1.8410,-0.3899,-3.9636,-10.9812
2023Q2,CPK,$100M-$500M,2,2,2,1,0,7,strong,,,,,,,2023-05-04,120.760002,4.2978,4.7284,5.8463,-1.6313,-2.9314
2023Q2,CPRT,$100M-$500M,2,2,-1,0,0,3,good,,,,,,,2023-05-18,41.244999,7.4070,4.5218,6.4008,13.6380,6.0128
2023Q2,CRAI,$100M-$500M,1,-1,-1,-1,0,-2,weak,,,,,,,2023-05-05,94.660004,4.3418,0.6444,0.9191,6.5392,11.7050
2023Q2,CRC,$100M-$500M,-1,2,2,1,0,4,good,,,,,,,2023-05-03,39.520000,0.7844,0.1771,-0.4302,14.4990,29.5547
2023Q2,CRCT,$500M-$1B,2,2,2,1,1,8,strong,,Tier 0 - Broad right-tail scouting universe,Tier 1 - Balanced priority feed,Tier 2 - High-priority compact feed,,,2023-05-10,8.730000,6.1856,6.6438,62.5430,61.9702,15.5785
2023Q2,CRDO,<$100M,-1,-1,-1,-1,0,-4,weak,,Tier 0 - Broad right-tail scouting universe,Tier 1 - Balanced priority feed,,Tier 3 - Revised dislocation feed,,2023-06-01,14.380000,18.7065,24.0612,17.5939,18.0111,12.7955
2023Q2,CRI,$500M-$1B,1,-1,-1,1,0,0,mixed,,,,,,,2023-05-01,68.800003,-3.5756,-6.6715,-9.6366,5.5232,9.0262
2023Q2,CRK,$500M-$1B,-1,2,2,1,0,4,good,,Tier 0 - Broad right-tail scouting universe,Tier 1 - Balanced priority feed,,,,2023-05-03,10.350000,-2.1256,1.5459,-6.1836,11.0145,13.8164
2023Q2,CRL,$500M-$1B,2,2,1,1,0,6,strong,,,,,,,2023-05-12,196.919998,2.2446,-0.2945,4.3469,5.7841,10.5068
2023Q2,CRM,>$10B,2,2,1,0,0,5,good,,,,,,,2023-06-01,208.220001,2.6270,0.6580,1.6473,8.0636,3.2754
2023Q2,CRNC,$100M-$500M,2,1,1,1,0,5,good,,Tier 0 - Broad right-tail scouting universe,,,,,2023-05-10,23.559999,7.4703,22.7929,26.6978,22.3260,13.7097
2023Q2,CROX,$500M-$1B,2,-1,-1,-1,0,-1,weak,,,,,,,2023-04-28,123.010002,-5.0890,-6.2109,-7.0563,-12.9502,-16.8360
2023Q2,CRSP,<$100M,-1,-1,-1,-1,0,-4,weak,,,,,,,2023-05-09,56.470001,10.0230,14.4501,10.8376,2.1073,-14.3970
2023Q2,CRSR,$100M-$500M,-1,-1,-1,1,0,-2,weak,,Tier 0 - Broad right-tail scouting universe,,,,,2023-05-11,17.549999,13.5043,12.3647,6.7236,-0.9117,-6.7806
2023Q2,CRTO,$500M-$1B,1,2,2,1,0,6,strong,,,,,,,2023-05-04,32.009998,1.2184,1.0309,6.6854,5.9669,-0.9372
2023Q2,CRUS,$1B-$2B,2,-1,-1,1,1,2,mixed,,,,,,,2023-05-05,78.900002,1.4702,-4.5627,-2.8517,0.5450,1.2167
2023Q2,CRVL,$100M-$500M,1,2,2,1,2,8,strong,,,,,,,2023-05-26,66.873337,-0.5333,-4.4761,-4.1073,6.4151,6.3403
2023Q2,CSGP,$1B-$2B,2,2,1,-1,0,4,good,,,,,,,2023-04-26,68.269997,8.8326,11.1323,14.9700,28.6217,34.4661
2023Q2,CSGS,$500M-$1B,1,2,2,1,1,7,strong,,,,,,,2023-05-04,51.310001,-3.8199,-4.4826,-3.9758,2.5336,2.4946
2023Q2,CSX,$2B-$10B,2,2,2,1,0,7,strong,,,,,,,2023-04-21,31.900000,-1.8809,-0.3448,0.0000,3.1661,5.6740
2023Q2,CTEV,$500M-$1B,-1,2,2,1,0,4,good,,,,,,,2023-05-05,28.799999,52.7778,81.9445,130.5556,184.7222,170.8333
2023Q2,CTLP,<$100M,-1,-1,-1,1,0,-2,weak,,Tier 0 - Broad right-tail scouting universe,Tier 1 - Balanced priority feed,Tier 2 - High-priority compact feed,Tier 3 - Revised dislocation feed,,2023-05-05,5.800000,12.0690,7.2414,17.0690,30.6896,28.1034
2023Q2,CTOS,$100M-$500M,-1,-1,-1,-1,0,-4,weak,,Tier 0 - Broad right-tail scouting universe,Tier 1 - Balanced priority feed,Tier 2 - High-priority compact feed,Tier 3 - Revised dislocation feed,,2023-05-10,6.440000,7.1429,1.7081,8.6957,6.2112,2.7950
2023Q2,CTRA,$1B-$2B,2,2,2,1,0,7,strong,,,,,,,2023-05-05,25.600000,-0.1563,-3.0078,-7.3047,-1.6016,8.2031
2023Q2,CTRN,$500M-$1B,1,2,2,1,2,8,strong,,Tier 0 - Broad right-tail scouting universe,,,,,2023-05-24,17.280001,-13.4259,-3.4144,2.0255,6.4815,34.0278
2023Q2,CTS,$100M-$500M,2,2,-1,0,0,3,good,,,,,,,2023-04-28,40.009998,4.3489,10.5474,13.5966,1.3997,6.0485
2023Q2,CTSH,>$10B,1,2,2,1,1,7,strong,,,,,,,2023-05-04,62.200001,0.9003,0.6592,-1.4469,5.4019,5.0482
2023Q2,CTVA,>$10B,1,2,2,0,0,5,good,,,,,,,2023-05-04,60.349998,-4.0596,-8.4507,-6.8765,-3.8939,-7.3736
2023Q2,CVCO,$1B-$2B,1,2,-1,1,1,4,good,,,,,,,2023-05-19,287.200012,-8.9763,-1.7932,-5.7138,3.9763,-5.8496
2023Q2,CVGI,$100M-$500M,1,-1,-1,-1,1,-1,weak,,Tier 0 - Broad right-tail scouting universe,Tier 1 - Balanced priority feed,Tier 2 - High-priority compact feed,Tier 3 - Revised dislocation feed,,2023-05-03,7.820000,28.6445,34.7826,27.1100,42.9668,36.3171
2023Q2,CVGW,$500M-$1B,-1,1,1,1,2,4,good,,,,,,,2023-06-07,28.000000,12.1071,10.0357,5.0000,34.3571,15.8929
2023Q2,CVI,$2B-$10B,-1,1,-1,0,2,1,mixed,,,,,,,2023-05-02,26.889999,-11.3797,-5.4667,-11.9003,10.3012,36.6307
2023Q2,CVLG,$100M-$500M,2,2,2,1,0,7,strong,,Tier 0 - Broad right-tail scouting universe,,,,,2023-04-28,17.665001,11.0954,10.5293,9.6235,21.7379,51.6275
2023Q2,CVLT,$500M-$1B,1,2,2,1,1,7,strong,,,,,,,2023-05-03,61.869999,2.2628,8.1461,15.4679,17.0842,18.6359
2023Q2,CVNA,$2B-$10B,-1,-1,-1,-1,0,-4,weak,,Tier 0 - Broad right-tail scouting universe,Tier 1 - Balanced priority feed,,Tier 3 - Revised dislocation feed,,2023-05-05,10.030000,15.4536,9.0728,49.5513,157.7268,416.3510
2023Q2,CVSA,$1B-$2B,2,1,-1,1,0,3,good,,,,,,,2023-05-03,39.150002,3.4483,8.0460,10.9323,-11.8263,10.6258
2023Q2,CWH,$2B-$10B,1,2,2,1,2,8,strong,,Tier 0 - Broad right-tail scouting universe,,,,,2023-05-03,22.830000,13.0968,15.2869,18.0464,30.2234,36.9689
2023Q2,CWK,$2B-$10B,-1,-1,-1,0,1,-2,weak,,Tier 0 - Broad right-tail scouting universe,Tier 1 - Balanced priority feed,Tier 2 - High-priority compact feed,Tier 3 - Revised dislocation feed,,2023-05-05,8.900000,-13.4831,-13.0337,-6.7416,-6.4045,13.5955
2023Q2,CWST,$500M-$1B,2,2,-1,-1,1,3,good,,,,,,,2023-04-28,87.870003,3.8011,7.6477,5.3374,-1.4453,-6.2592
2023Q2,CXM,$100M-$500M,-1,-1,-1,0,0,-3,weak,,Tier 0 - Broad right-tail scouting universe,Tier 1 - Balanced priority feed,,Tier 3 - Revised dislocation feed,,2023-06-06,14.500000,0.5517,-6.5517,-7.9310,-4.8966,8.9655
2023Q2,CXW,$100M-$500M,1,2,2,1,0,6,strong,,Tier 0 - Broad right-tail scouting universe,Tier 1 - Balanced priority feed,Tier 2 - High-priority compact feed,,,2023-05-05,8.510000,4.1128,-0.2350,1.2926,8.5781,11.3983
2023Q2,CYH,>$10B,1,2,2,1,1,7,strong,,,,,,,2023-05-02,3.910000,-10.4859,-12.2762,-14.5780,15.0895,12.2762
2023Q2,CZR,$2B-$10B,-1,1,1,1,0,2,mixed,,,,,,,2023-05-03,45.509998,-2.3511,-7.1633,-1.4283,11.1844,26.9831
2023Q2,D,$2B-$10B,2,2,-1,-1,0,2,mixed,,,,,,,2023-05-08,56.529999,-6.8105,-12.0113,-6.1560,-7.5889,-13.0727
2023Q2,DAN,$2B-$10B,1,-1,-1,0,0,-1,weak,,Tier 0 - Broad right-tail scouting universe,Tier 1 - Balanced priority feed,,Tier 3 - Revised dislocation feed,,2023-05-01,14.840000,-7.3450,-6.8733,-13.2749,14.5553,27.8976
2023Q2,DASH,$2B-$10B,-1,1,1,-1,0,0,mixed,,,,,,,2023-05-05,65.000000,1.8461,2.3077,6.6923,21.6462,31.4769
2023Q2,DBD,$2B-$10B,-1,1,-1,0,2,1,mixed,,Tier 0 - Broad right-tail scouting universe,,,,,2023-08-14,24.000000,-16.0417,-27.5417,-25.1667,-21.7083,-9.4167
2023Q2,DBI,$500M-$1B,1,-1,-1,0,0,-1,weak,,Tier 0 - Broad right-tail scouting universe,Tier 1 - Balanced priority feed,Tier 2 - High-priority compact feed,Tier 3 - Revised dislocation feed,,2023-06-09,8.550000,5.6140,18.3626,23.8596,18.2456,48.0702
2023Q2,DBX,$1B-$2B,-1,2,2,1,1,5,good,,Tier 0 - Broad right-tail scouting universe,,,,,2023-04-28,19.990000,7.1536,12.9065,13.5068,30.7654,33.6168
2023Q2,DCGO,$100M-$500M,1,-1,-1,-1,2,0,mixed,,Tier 0 - Broad right-tail scouting universe,Tier 1 - Balanced priority feed,Tier 2 - High-priority compact feed,Tier 3 - Revised dislocation feed,,2023-05-09,7.700000,20.1299,15.5844,23.3766,19.4805,18.3117
2023Q2,DCH,$1B-$2B,1,1,1,1,0,4,good,,Tier 0 - Broad right-tail scouting universe,Tier 1 - Balanced priority feed,Tier 2 - High-priority compact feed,,,2023-05-08,7.390000,-4.7361,-3.9242,4.7361,16.1028,10.1489
2023Q2,DCO,$100M-$500M,1,-1,-1,1,0,0,mixed,,,,,,,2023-05-05,48.320000,0.2070,-15.1490,-12.2103,-10.1821,-8.3816
2023Q2,DD,>$10B,-1,2,2,-1,0,2,mixed,,,,,,,2023-05-03,27.167364,1.0627,3.7887,11.4585,10.2264,18.6509
2023Q2,DDD,$500M-$1B,-1,-1,-1,1,0,-2,weak,,Tier 0 - Broad right-tail scouting universe,Tier 1 - Balanced priority feed,Tier 2 - High-priority compact feed,Tier 3 - Revised dislocation feed,,2023-05-10,8.400000,0.1191,-2.5000,16.4286,24.6429,-3.8095
2023Q2,DDOG,$500M-$1B,-1,2,-1,-1,0,-1,weak,,,,,,,2023-05-05,75.809998,16.7392,21.8969,32.3704,29.6399,41.2742
2023Q2,DECK,$2B-$10B,1,1,2,1,2,7,strong,,,,,,,2023-05-26,72.501663,11.6664,17.7031,17.1100,27.6637,19.9467
2023Q2,DEI,$500M-$1B,1,2,2,1,0,6,strong,,Tier 0 - Broad right-tail scouting universe,Tier 1 - Balanced priority feed,,,,2023-05-03,12.230000,-12.0196,-3.5159,-2.5347,7.3590,18.1521
2023Q2,DFIN,$100M-$500M,2,-1,-1,0,0,0,mixed,,,,,,,2023-05-04,43.430000,1.8881,3.6841,3.1315,5.1347,13.3088
2023Q2,DG,$2B-$10B,1,1,1,1,0,4,good,,,,,,,2023-06-02,162.199997,-5.0616,6.1776,5.1603,3.8471,-14.6116
2023Q2,DGII,<$100M,1,1,-1,-1,0,0,mixed,,,,,,,2023-05-05,32.860001,-1.2782,5.7821,10.7730,17.9245,8.5514
2023Q2,DGX,$2B-$10B,2,2,2,1,1,8,strong,,,,,,,2023-04-28,139.910004,-3.7024,-6.4256,-4.3099,1.8941,-3.9668
2023Q2,DHR,$2B-$10B,2,2,2,1,0,7,strong,,,,,,,2023-04-26,202.757095,4.6041,-1.6265,1.5303,4.0094,11.8010
2023Q2,DIN,$100M-$500M,2,-1,-1,1,0,1,mixed,,,,,,,2023-05-04,64.010002,0.2968,1.2967,-4.5930,-8.1550,-8.1394
2023Q2,DIOD,$100M-$500M,2,2,1,1,0,6,strong,,,,,,,2023-05-10,82.599998,15.1453,11.1017,10.7990,7.6998,3.6441
2023Q2,DK,$2B-$10B,-1,-1,-1,0,2,-1,weak,,Tier 0 - Broad right-tail scouting universe,,,,,2023-04-06,23.610001,-2.6260,-9.2757,-9.2334,-4.8708,-3.7696
2023Q2,DLR,$2B-$10B,1,2,-1,-1,0,1,mixed,,,,,,,2023-04-28,100.830002,-3.4315,-6.5754,-0.2281,8.1226,14.2021
2023Q2,DLTR,$2B-$10B,1,1,1,1,0,4,good,,,,,,,2023-05-26,136.509995,-4.5931,1.4138,5.0546,11.2886,-9.2521
2023Q2,DLX,$1B-$2B,1,2,2,1,1,7,strong,,Tier 0 - Broad right-tail scouting universe,Tier 1 - Balanced priority feed,,,,2023-05-05,14.020000,4.9929,6.6334,14.7646,24.6077,41.7974
2023Q2,DNOW,$100M-$500M,1,-1,-1,1,0,0,mixed,,Tier 0 - Broad right-tail scouting universe,Tier 1 - Balanced priority feed,Tier 2 - High-priority compact feed,Tier 3 - Revised dislocation feed,,2023-05-05,9.670000,-3.9297,0.0000,-2.4819,9.2037,8.0662
2023Q2,DNUT,$100M-$500M,1,1,1,1,0,4,good,,Tier 0 - Broad right-tail scouting universe,,,,,2023-05-12,15.400000,0.3896,1.4935,-3.5714,0.0649,-19.2857
2023Q2,DOC,$1B-$2B,2,2,-1,-1,0,2,mixed,,Tier 0 - Broad right-tail scouting universe,,,,,2023-04-28,21.629999,-1.8955,-6.6112,-7.9057,-6.8423,0.8784
2023Q2,DOCN,$100M-$500M,-1,2,-1,1,0,1,mixed,,,,,,,2023-05-10,33.419998,4.6380,10.1137,31.2089,40.9934,7.9294
2023Q2,DOCU,$500M-$1B,-1,2,2,0,0,3,good,,,,,,,2023-06-09,64.309998,-19.1261,-20.3545,-20.5256,-20.5567,-18.9395
2023Q2,DOV,$2B-$10B,2,1,-1,1,0,3,good,,,,,,,2023-04-27,141.580002,1.7305,-1.2219,-3.2773,1.0736,3.6870
2023Q2,DPZ,$1B-$2B,1,1,2,1,1,6,strong,,,,,,,2023-04-28,318.329987,-2.9498,-2.1896,-8.4629,2.0733,26.4662
2023Q2,DRH,$100M-$500M,-1,-1,-1,-1,0,-4,weak,,Tier 0 - Broad right-tail scouting universe,Tier 1 - Balanced priority feed,Tier 2 - High-priority compact feed,Tier 3 - Revised dislocation feed,,2023-05-05,8.370000,-3.3453,-7.7658,-1.5532,-2.8674,-5.8542
2023Q2,DRI,$2B-$10B,1,,,1,1,,not_scored,operating_cash_flow_score;fcf_proxy_score,,,,,,2023-06-23,161.210007,3.8707,4.4972,5.5021,-3.2256,-9.7513
2023Q2,DRS,$2B-$10B,1,1,1,1,1,5,good,,Tier 0 - Broad right-tail scouting universe,Tier 1 - Balanced priority feed,,,,2023-05-04,14.710000,4.1468,-0.4759,8.0897,18.4908,18.2189
2023Q2,DRVN,$500M-$1B,-1,1,1,-1,0,0,mixed,,,,,,,2023-05-04,29.770000,-4.3668,-17.6688,-13.3692,-9.9765,-48.9419
2023Q2,DSGR,$500M-$1B,-1,1,-1,0,2,1,mixed,,Tier 0 - Broad right-tail scouting universe,,,,,2023-05-05,23.600000,-0.7415,-4.1102,3.2203,8.9195,14.8517
2023Q2,DTE,$2B-$10B,2,2,1,0,0,5,good,,,,,,,2023-04-28,113.400002,-0.3527,-3.9683,-6.1376,-2.4074,0.8289
2023Q2,DUK,$2B-$10B,2,2,-1,-1,0,2,mixed,,,,,,,2023-05-10,98.820000,-6.9318,-10.9391,-7.3872,-9.7146,-6.7699
2023Q2,DUOL,$100M-$500M,-1,2,2,-1,0,2,mixed,,,,,,,2023-05-10,144.000000,8.1875,4.2083,8.2083,-3.5347,-5.5556
2023Q2,DVA,$2B-$10B,1,2,2,1,0,6,strong,,,,,,,2023-05-09,97.160004,3.2627,-4.8786,3.0053,6.7209,15.9736
2023Q2,DVN,$2B-$10B,-1,2,2,1,0,4,good,,,,,,,2023-05-09,50.230000,-2.0506,-6.5101,-0.4181,-2.0705,1.1547
2023Q2,DXCM,$500M-$1B,2,2,-1,0,0,3,good,,,,,,,2023-04-28,119.260002,0.7714,-0.1929,-4.7795,3.5553,8.4689
2023Q2,DXLG,$100M-$500M,2,-1,-1,1,0,1,mixed,,Tier 0 - Broad right-tail scouting universe,Tier 1 - Balanced priority feed,Tier 2 - High-priority compact feed,,"Tier 4 - Ultra-distressed tag, not a production tier",2023-05-26,4.000000,12.2500,24.5000,27.5000,27.0000,6.5000
2023Q2,DXPE,$1B-$2B,-1,2,-1,0,2,2,mixed,,,,,,,2023-04-18,26.730000,-5.7239,-8.4923,19.6034,37.1867,41.3019
2023Q2,DY,$2B-$10B,1,2,2,1,2,8,strong,,,,,,,2023-05-25,98.379997,7.3287,6.3834,7.5219,10.1138,3.6898
2023Q2,EA,$2B-$10B,2,2,-1,1,0,4,good,,,,,,,2023-05-10,129.320007,-3.2478,-2.1961,-2.6137,0.9434,-5.1887
2023Q2,EBAY,$2B-$10B,2,2,2,1,0,7,strong,,,,,,,2023-04-27,45.139999,2.3704,-2.7913,-3.3673,-3.7218,8.1081
2023Q2,EBF,$100M-$500M,1,2,2,1,1,7,strong,,Tier 0 - Broad right-tail scouting universe,,,,,2023-04-26,19.700001,-2.2843,1.1167,1.7766,1.7259,7.3096
2023Q2,EBS,$1B-$2B,2,2,2,0,1,7,strong,,Tier 0 - Broad right-tail scouting universe,Tier 1 - Balanced priority feed,Tier 2 - High-priority compact feed,,,2023-05-10,8.920000,-3.9238,-7.8475,-7.5112,-19.6188,-19.2825
2023Q2,ECL,>$10B,-1,2,2,1,1,5,good,,,,,,,2023-04-06,165.100006,-0.6966,-1.5264,4.6820,5.0272,11.3022
2023Q2,ECPG,$100M-$500M,2,2,2,1,0,7,strong,,,,,,,2023-05-04,45.560001,0.1975,1.8876,0.6365,8.4284,12.7963
2023Q2,ECVT,$100M-$500M,-1,2,2,1,0,4,good,,Tier 0 - Broad right-tail scouting universe,Tier 1 - Balanced priority feed,,,,2023-05-05,10.570000,1.7029,0.8515,0.8515,7.1902,-2.3652
2023Q2,ED,$2B-$10B,2,2,-1,1,0,4,good,,,,,,,2023-05-05,98.800003,-0.3239,-5.6478,-5.9211,-6.0223,-8.5729
2023Q2,EE,$100M-$500M,1,2,2,1,0,6,strong,,Tier 0 - Broad right-tail scouting universe,,,,,2023-05-11,20.330000,-1.2789,-8.7063,-2.0167,1.3281,8.2145
2023Q2,EEFT,$2B-$10B,-1,2,2,0,1,4,good,,,,,,,2023-05-04,107.349998,4.6763,4.8905,3.7168,10.3214,-19.8882
2023Q2,EEX,$100M-$500M,-1,-1,-1,-1,0,-4,weak,,Tier 0 - Broad right-tail scouting universe,Tier 1 - Balanced priority feed,Tier 2 - High-priority compact feed,Tier 3 - Revised dislocation feed,"Tier 4 - Ultra-distressed tag, not a production tier",2023-05-04,3.500000,-0.8571,-4.2857,9.1429,16.0000,31.1429
2023Q2,EFX,$2B-$10B,2,2,2,-1,0,5,good,,,,,,,2023-04-20,198.460007,3.4919,2.4892,8.4904,14.7637,19.6664
2023Q2,EG,$2B-$10B,1,2,-1,0,0,2,mixed,,,,,,,2023-05-02,362.000000,6.5967,-0.1409,-6.2348,-5.5608,-0.4116
2023Q2,EHAB,$500M-$1B,1,2,1,1,0,5,good,,Tier 0 - Broad right-tail scouting universe,Tier 1 - Balanced priority feed,,,,2023-04-05,13.110000,-2.1358,-5.5683,0.9916,1.2967,-8.0091
2023Q2,EIG,$500M-$1B,2,1,2,1,0,6,strong,,,,,,,2023-04-28,40.250000,-4.3478,-6.7578,-9.8634,-7.8758,-3.5031
2023Q2,EIX,$2B-$10B,1,2,-1,0,0,2,mixed,,,,,,,2023-05-03,74.410004,-2.9163,-9.4611,-10.3884,-7.1496,-4.5290
2023Q2,EMBC,$500M-$1B,2,2,2,1,1,8,strong,,,,,,,2023-05-15,30.799999,-11.6234,-14.9026,-18.4416,-30.7143,-33.1169
2023Q2,EME,$2B-$10B,1,-1,-1,1,0,0,mixed,,,,,,,2023-05-01,170.850006,-3.4007,-3.4767,-3.5177,8.1533,25.8648
2023Q2,EMR,$2B-$10B,2,2,2,-1,0,5,good,,,,,,,2023-04-10,83.160004,3.2588,0.2285,-0.8177,1.2506,7.5397
2023Q2,ENOV,$100M-$500M,1,-1,-1,1,0,0,mixed,,,,,,,2023-05-05,58.150002,-1.5305,-9.3723,-4.7463,7.5150,1.3929
2023Q2,ENPH,$100M-$500M,2,2,2,1,0,7,strong,,,,,,,2023-04-26,178.630005,-8.5876,-9.8920,-7.5183,-10.8716,0.4702
2023Q2,ENR,$1B-$2B,1,-1,-1,0,0,-1,weak,,,,,,,2023-05-09,34.849998,-0.1435,-4.8494,-3.3859,-5.4519,3.6729
2023Q2,ENS,$100M-$500M,2,2,2,1,0,7,strong,,,,,,,2023-05-25,88.279999,15.3376,19.4495,16.1418,22.7005,17.1613
2023Q2,ENSG,$500M-$1B,1,1,-1,1,0,2,mixed,,,,,,,2023-04-27,98.260002,-5.7195,-7.0934,-10.3908,-6.4726,-6.6253
2023Q2,ENTG,$500M-$1B,2,1,-1,1,0,3,good,,,,,,,2023-05-12,94.500000,2.3492,16.2434,18.3492,13.1640,5.7354
2023Q2,ENVA,$1B-$2B,2,2,2,1,0,7,strong,,,,,,,2023-04-26,48.310001,-11.1778,-10.4740,-3.1463,5.8787,18.3813
2023Q2,EOG,$2B-$10B,1,2,-1,1,0,3,good,,,,,,,2023-05-05,115.300003,-3.4345,-4.2498,-3.1657,-0.8760,14.2151
2023Q2,EPAM,$1B-$2B,1,-1,-1,1,0,0,mixed,,,,,,,2023-05-08,241.449997,-1.3792,6.8337,-12.9758,-5.0735,2.2323
2023Q2,EPC,$1B-$2B,1,-1,-1,0,0,-1,weak,,,,,,,2023-05-10,46.130001,-7.0670,-13.4186,-9.7334,-15.0011,-15.1962
2023Q2,EPM,<$100M,2,2,2,1,0,7,strong,,Tier 0 - Broad right-tail scouting universe,Tier 1 - Balanced priority feed,Tier 2 - High-priority compact feed,,,2023-05-10,7.000000,15.7143,14.2857,17.4286,12.0000,39.5714
2023Q2,EQIX,$2B-$10B,1,2,-1,-1,0,1,mixed,,,,,,,2023-05-04,703.419983,5.2373,-4.0147,7.0598,11.3645,14.5304
2023Q2,EQR,$500M-$1B,2,2,2,1,0,7,strong,,,,,,,2023-04-26,60.259998,4.5138,1.4437,-1.0289,6.9698,11.5500
2023Q2,EQT,$2B-$10B,-1,2,-1,0,0,0,mixed,,,,,,,2023-04-14,33.000000,-0.7879,-5.9394,6.4848,18.0000,19.4242
2023Q2,ERIE,$500M-$1B,2,1,1,1,0,5,good,,,,,,,2023-04-28,215.970001,7.9039,5.7647,2.1716,-3.3245,-3.4403
2023Q2,ES,$2B-$10B,2,2,-1,-1,0,2,mixed,,,,,,,2023-05-04,76.550003,0.3788,-6.2051,-7.8903,-7.1848,-8.8178
2023Q2,ESE,$100M-$500M,1,1,-1,-1,0,0,mixed,,,,,,,2023-05-10,98.070000,-3.2120,-5.8530,-1.3868,-0.8871,4.5682
2023Q2,ESRT,$500M-$1B,-1,2,2,-1,0,2,mixed,,Tier 0 - Broad right-tail scouting universe,Tier 1 - Balanced priority feed,Tier 2 - High-priority compact feed,,,2023-04-27,5.810000,-0.6885,-1.7212,7.0568,23.5800,40.6196
2023Q2,ESS,$1B-$2B,2,2,2,1,0,7,strong,,,,,,,2023-04-28,213.440002,2.4316,-1.7850,0.5013,8.2412,8.5785
2023Q2,ETN,$2B-$10B,2,1,-1,-1,0,1,mixed,,,,,,,2023-05-03,174.949997,-2.8751,-2.0520,6.5905,14.6785,25.1786
2023Q2,ETR,>$10B,2,2,-1,-1,0,2,mixed,,,,,,,2023-04-27,52.540001,1.7415,-2.8169,-7.9463,-5.8337,-0.6566
2023Q2,EVCM,$100M-$500M,-1,2,-1,-1,0,-1,weak,,Tier 0 - Broad right-tail scouting universe,Tier 1 - Balanced priority feed,,Tier 3 - Revised dislocation feed,,2023-05-10,12.900000,-5.6589,-7.2868,-12.4031,-7.9070,-13.5659
2023Q2,EVER,$100M-$500M,-1,1,-1,0,2,1,mixed,,Tier 0 - Broad right-tail scouting universe,Tier 1 - Balanced priority feed,Tier 2 - High-priority compact feed,,,2023-05-09,8.160000,5.2696,15.1348,-2.4510,-11.3971,-19.4853
2023Q2,EVH,$100M-$500M,-1,-1,2,1,0,1,mixed,,,,,,,2023-05-04,32.000000,8.9062,-3.5000,-1.8125,-6.0000,-7.4063
2023Q2,EVRG,$1B-$2B,2,2,-1,-1,0,2,mixed,,,,,,,2023-05-08,62.299999,-4.9117,-8.4751,-4.1894,-5.7945,-7.4799
2023Q2,EVTC,$500M-$1B,2,2,2,1,0,7,strong,,,,,,,2023-04-27,32.279999,8.4882,11.2454,6.0409,9.9133,27.0136
2023Q2,EW,$2B-$10B,1,2,2,1,1,7,strong,,,,,,,2023-04-27,85.000000,4.7294,3.1294,-4.2235,5.2824,7.8000
2023Q2,EXAS,$100M-$500M,-1,-1,-1,0,0,-3,weak,,,,,,,2023-05-10,79.739998,4.8533,1.7557,10.1204,19.0243,5.9694
2023Q2,EXC,$2B-$10B,2,2,-1,-1,0,2,mixed,,,,,,,2023-05-04,42.419998,-3.9132,-5.3512,-5.7520,-3.2296,-2.1688
2023Q2,EXE,$500M-$1B,-1,2,-1,-1,0,-1,weak,,,,,,,2023-05-03,76.830002,6.7422,5.1412,3.6444,9.0590,9.9180
2023Q2,EXEL,$100M-$500M,2,2,2,0,0,6,strong,,Tier 0 - Broad right-tail scouting universe,,,,,2023-05-10,19.230000,2.8081,-1.1440,-0.1560,-0.8320,6.6043
2023Q2,EXLS,$100M-$500M,2,-1,-1,0,0,0,mixed,,,,,,,2023-04-28,34.141998,-11.9559,-9.4722,-10.8019,-12.2606,-14.9025
2023Q2,EXPD,$2B-$10B,1,1,2,1,2,7,strong,,,,,,,2023-05-03,114.379997,-1.4775,0.1486,-0.3672,6.3910,9.6958
2023Q2,EXPE,$2B-$10B,-1,-1,-1,-1,0,-4,weak,,,,,,,2023-05-05,94.349998,-2.2469,1.5262,13.3015,18.2194,4.5787
2023Q2,EXPI,$1B-$2B,1,2,2,1,2,8,strong,,Tier 0 - Broad right-tail scouting universe,Tier 1 - Balanced priority feed,,,,2023-05-03,11.880000,12.9630,30.6397,34.7643,70.1178,113.2155
2023Q2,EXR,$1B-$2B,2,2,-1,-1,0,2,mixed,,,,,,,2023-05-03,150.190002,1.3516,-1.3982,-2.7565,0.1531,-8.4094
2023Q2,EXTR,$500M-$1B,1,2,-1,1,1,4,good,,Tier 0 - Broad right-tail scouting universe,,,,,2023-04-27,16.520000,1.3317,7.5061,19.1889,38.8015,63.8014
2023Q2,EYE,$500M-$1B,1,1,1,1,0,4,good,,Tier 0 - Broad right-tail scouting universe,,,,,2023-05-12,24.000000,6.4583,7.0833,8.7083,-0.2083,-17.5417
2023Q2,EZPW,$100M-$500M,1,1,-1,1,0,2,mixed,,Tier 0 - Broad right-tail scouting universe,Tier 1 - Balanced priority feed,Tier 2 - High-priority compact feed,,,2023-05-04,8.820000,-0.7936,-3.8549,-5.2154,-5.2154,0.2268
2023Q2,FA,$100M-$500M,1,2,2,1,0,6,strong,,Tier 0 - Broad right-tail scouting universe,Tier 1 - Balanced priority feed,,,,2023-05-11,12.500000,7.6000,8.0800,11.9200,21.0400,24.5600
2023Q2,FANG,$2B-$10B,-1,2,1,1,0,3,good,,,,,,,2023-04-21,141.899994,0.0211,-10.0352,-6.6596,-10.5215,-1.3249
2023Q2,FAST,$2B-$10B,2,2,2,1,2,9,strong,,,,,,,2023-04-14,26.240000,4.6494,2.9345,3.3156,6.9550,8.0412
2023Q2,FBP,$500M-$1B,2,2,-1,-1,0,2,mixed,,Tier 0 - Broad right-tail scouting universe,Tier 1 - Balanced priority feed,,,,2023-04-26,11.220000,-2.3173,-2.8521,3.9216,5.7932,25.4011
2023Q2,FCFS,$1B-$2B,1,2,2,1,1,7,strong,,,,,,,2023-04-28,103.660004,0.0675,-0.4438,-5.0357,-10.1100,-5.7978
2023Q2,FCX,>$10B,1,2,2,1,0,6,strong,,,,,,,2023-04-24,39.189999,-10.1301,-7.8081,-15.2590,-2.0924,7.4254
2023Q2,FDP,$1B-$2B,1,-1,-1,0,0,-1,weak,,,,,,,2023-05-04,26.290001,1.5595,1.5976,-1.7497,-2.1301,5.3633
2023Q2,FDS,$500M-$1B,2,2,2,1,0,7,strong,,,,,,,2023-06-23,401.589996,-2.0045,3.0504,8.7527,7.0794,6.2676
2023Q2,FE,$2B-$10B,1,2,-1,1,0,3,good,,,,,,,2023-04-28,41.150002,-5.0061,-7.7035,-10.0851,-5.5650,-4.6416
2023Q2,FELE,$1B-$2B,1,2,2,1,1,7,strong,,,,,,,2023-05-03,96.459999,-4.1468,-3.6388,0.0415,7.0910,1.2026
2023Q2,FET,$500M-$1B,-1,-1,-1,1,1,-1,weak,,Tier 0 - Broad right-tail scouting universe,,,,,2023-05-05,21.000000,7.7143,16.7619,15.4762,17.6667,28.5714
2023Q2,FFIV,$500M-$1B,2,2,2,1,0,7,strong,,,,,,,2023-04-20,128.029999,4.8660,5.6471,13.0594,16.4883,17.7068
2023Q2,FG,$100M-$500M,-1,-1,-1,-1,0,-4,weak,,Tier 0 - Broad right-tail scouting universe,,,,,2023-05-04,17.350000,3.5735,16.9452,22.4784,39.9424,51.5850
2023Q2,FHB,$500M-$1B,2,2,-1,-1,0,2,mixed,,Tier 0 - Broad right-tail scouting universe,,,,,2023-05-01,19.020000,-17.8759,-8.6751,-13.3018,-5.3102,8.7802
2023Q2,FICO,$500M-$1B,2,2,2,1,0,7,strong,,,,,,,2023-04-28,719.219971,2.3901,6.4959,9.8982,7.8307,14.0569
2023Q2,FIGS,$100M-$500M,1,-1,-1,0,0,-1,weak,,Tier 0 - Broad right-tail scouting universe,Tier 1 - Balanced priority feed,Tier 2 - High-priority compact feed,Tier 3 - Revised dislocation feed,,2023-05-05,7.200000,17.3611,12.9167,17.6389,6.1111,-2.5000
2023Q2,FIS,>$10B,1,2,2,1,0,6,strong,,,,,,,2023-04-28,57.290001,-2.3215,0.9775,-5.7951,-8.5006,6.4235
2023Q2,FISV,>$10B,1,2,2,1,0,6,strong,,,,,,,2023-04-26,119.419998,0.0670,-0.6197,-4.7312,0.6197,8.9097
2023Q2,FIVE,$1B-$2B,1,2,1,1,1,6,strong,,,,,,,2023-06-02,183.169998,1.6924,7.2719,6.7151,13.0480,-6.1200
2023Q2,FIVN,$100M-$500M,-1,2,2,1,0,4,good,,,,,,,2023-05-05,63.200001,-13.9873,-11.0759,10.5538,29.0506,29.5570
2023Q2,FIX,$500M-$1B,1,1,2,0,0,4,good,,,,,,,2023-04-27,133.240005,11.0177,13.4869,13.5845,20.8346,24.4971
2023Q2,FLNC,$100M-$500M,-1,-1,-1,-1,0,-4,weak,,Tier 0 - Broad right-tail scouting universe,,,,,2023-05-11,22.150000,2.9797,11.9639,23.9278,15.5756,25.2370
2023Q2,FLR,$2B-$10B,1,-1,-1,1,0,0,mixed,,,,,,,2023-05-08,27.580000,3.0094,-0.7252,8.0493,6.7078,24.1479
2023Q2,FLXS,$100M-$500M,1,-1,-1,-1,2,0,mixed,,Tier 0 - Broad right-tail scouting universe,,,,,2023-05-02,17.350000,-1.2104,3.9193,5.2450,11.2968,12.7954
2023Q2,FN,$1B-$2B,1,1,1,1,1,5,good,,,,,,,2023-05-09,91.160004,4.6950,29.8596,22.9706,42.1676,39.1290
2023Q2,FNKO,$100M-$500M,1,-1,-1,1,0,0,mixed,,Tier 0 - Broad right-tail scouting universe,Tier 1 - Balanced priority feed,,Tier 3 - Revised dislocation feed,,2023-05-05,10.000000,15.9000,24.8000,22.1000,8.8000,-26.0000
2023Q2,FOR,$100M-$500M,1,1,1,1,0,4,good,,Tier 0 - Broad right-tail scouting universe,,,,,2023-04-21,16.900000,16.5089,19.5266,19.2308,22.1893,49.5858
2023Q2,FORM,$500M-$1B,2,2,2,1,1,8,strong,,,,,,,2023-05-04,27.040001,6.9527,9.2456,11.5015,24.3713,33.2101
2023Q2,FORR,$100M-$500M,1,2,2,1,1,7,strong,,,,,,,2023-05-05,28.150000,-8.4547,0.9236,4.0853,2.5222,13.9964
2023Q2,FOXF,$500M-$1B,2,1,-1,-1,1,2,mixed,,,,,,,2023-04-06,109.349998,3.3288,-0.3201,-12.6383,-16.8633,-1.8381
2023Q2,FRSH,$100M-$500M,-1,2,2,1,0,4,good,,Tier 0 - Broad right-tail scouting universe,Tier 1 - Balanced priority feed,,,,2023-05-03,14.470000,1.8659,5.2522,8.2239,21.7001,26.0539
2023Q2,FRT,$100M-$500M,2,2,2,1,0,7,strong,,,,,,,2023-05-05,94.760002,-2.9654,-9.3288,-4.4956,2.3428,8.3052
2023Q2,FSLR,$100M-$500M,-1,-1,-1,0,0,-3,weak,,,,,,,2023-04-28,184.679993,-3.9095,11.6959,9.5950,-1.0559,7.6457
2023Q2,FSTR,$100M-$500M,1,-1,2,1,0,3,good,,Tier 0 - Broad right-tail scouting universe,Tier 1 - Balanced priority feed,,,,2023-05-10,11.000000,15.4545,19.8182,27.1818,28.1818,37.2727
2023Q2,FTAI,$100M-$500M,-1,2,-1,-1,0,-1,weak,,,,,,,2023-04-27,27.969999,-1.8591,1.9664,0.5005,0.3218,19.8069
2023Q2,FTDR,$100M-$500M,1,2,2,1,0,6,strong,,,,,,,2023-05-05,30.459999,4.3336,3.1517,3.0532,4.5634,21.1425
2023Q2,FTNT,$2B-$10B,2,2,2,1,0,7,strong,,,,,,,2023-05-05,60.750000,12.8560,10.5679,17.3169,22.3210,24.7078
2023Q2,FTV,$1B-$2B,2,2,2,1,0,7,strong,,,,,,,2023-04-27,48.040691,1.6471,2.1333,5.4745,12.9882,20.3765
2023Q2,FUBO,$100M-$500M,-1,-1,-1,-1,0,-4,weak,,Tier 0 - Broad right-tail scouting universe,,,,,2023-05-08,19.080000,15.7233,5.0315,16.9811,36.4780,63.5220
2023Q2,FWONA,$2B-$10B,1,2,2,1,0,6,strong,,,,,,,2023-05-08,63.228359,-0.4391,-4.0733,-1.4688,1.2871,1.4735
2023Q2,FWONK,$2B-$10B,1,2,2,1,0,6,strong,,,,,,,2023-05-08,71.082649,-0.3264,-3.8765,-1.3058,0.8025,3.1335
2023Q2,FWRD,$1B-$2B,1,1,1,1,2,6,strong,,,,,,,2023-05-02,100.910004,-4.8855,-2.5666,-2.7351,5.1234,17.7683
2023Q2,FWRG,$100M-$500M,1,1,-1,1,0,2,mixed,,Tier 0 - Broad right-tail scouting universe,,,,,2023-05-03,17.600000,-2.8977,-0.2841,3.0114,-1.5909,13.5227
2023Q2,GATX,$1B-$2B,2,2,-1,-1,0,2,mixed,,,,,,,2023-04-26,115.800003,-2.4352,-2.9016,3.8601,6.2867,11.8307
2023Q2,GBTG,$100M-$500M,-1,-1,-1,1,0,-2,weak,,Tier 0 - Broad right-tail scouting universe,Tier 1 - Balanced priority feed,Tier 2 - High-priority compact feed,Tier 3 - Revised dislocation feed,,2023-05-10,6.180000,13.1068,12.7832,28.4790,15.0485,8.7379
2023Q2,GBX,$1B-$2B,1,-1,-1,-1,0,-2,weak,,,,,,,2023-04-11,34.020000,-14.3739,-21.8107,-21.3992,-11.1699,27.2487
2023Q2,GCO,$1B-$2B,-1,1,2,1,2,5,good,,Tier 0 - Broad right-tail scouting universe,,,,,2023-05-26,19.910000,-8.1366,19.3872,29.4324,27.2727,39.9297
2023Q2,GD,$2B-$10B,1,2,2,1,0,6,strong,,,,,,,2023-04-27,215.169998,-2.0728,-1.7893,-4.6150,-1.4314,3.5367
2023Q2,GDDY,$2B-$10B,-1,2,2,1,0,4,good,,,,,,,2023-05-05,67.434998,6.3394,6.2356,7.5851,11.8262,12.2859
2023Q2,GDEN,$100M-$500M,2,2,2,1,0,7,strong,,,,,,,2023-05-11,36.500000,15.7260,15.4521,23.4247,11.6986,12.8493
2023Q2,GDOT,$1B-$2B,1,2,-1,-1,0,1,mixed,,Tier 0 - Broad right-tail scouting universe,,,,,2023-05-05,17.959999,-3.3964,-2.3385,2.7283,1.9488,6.7372
2023Q2,GDRX,$500M-$1B,-1,2,2,-1,0,2,mixed,,Tier 0 - Broad right-tail scouting universe,Tier 1 - Balanced priority feed,Tier 2 - High-priority compact feed,,,2023-04-26,5.650000,-18.4071,-10.2655,-2.4779,-4.6018,17.1681
2023Q2,GEF,$1B-$2B,1,1,2,1,0,5,good,,,,,,,2023-06-14,71.199997,-5.8567,-4.0169,1.0815,1.5871,-3.8624
2023Q2,GEHC,$2B-$10B,1,2,2,1,0,6,strong,,,,,,,2023-04-26,79.730003,-0.3888,-2.4458,-1.6305,-2.4207,0.6020
2023Q2,GEN,$2B-$10B,2,2,2,1,0,7,strong,,Tier 0 - Broad right-tail scouting universe,,,,,2023-05-12,16.920000,0.8274,3.7234,8.2151,10.8156,22.6359
2023Q2,GEO,$2B-$10B,1,2,2,1,1,7,strong,,Tier 0 - Broad right-tail scouting universe,Tier 1 - Balanced priority feed,Tier 2 - High-priority compact feed,,,2023-05-02,7.490000,15.6208,9.0788,-1.2016,-2.8037,-0.2670
2023Q2,GETY,$100M-$500M,2,2,2,1,0,7,strong,,Tier 0 - Broad right-tail scouting universe,Tier 1 - Balanced priority feed,Tier 2 - High-priority compact feed,,,2023-05-12,6.450000,-1.0853,-28.2171,-13.6434,-24.0310,-26.5116
2023Q2,GFF,$500M-$1B,1,2,2,1,0,6,strong,,,,,,,2023-05-04,29.809999,4.6629,8.4200,13.8880,36.6656,40.8923
2023Q2,GH,<$100M,-1,-1,2,1,0,1,mixed,,,,,,,2023-05-10,25.990000,18.5071,10.2732,26.4332,47.2105,41.7468
2023Q2,GHC,$500M-$1B,2,1,2,1,0,6,strong,,,,,,,2023-05-04,566.280029,1.5434,2.4193,-0.9836,0.7629,3.1310
2023Q2,GHM,<$100M,1,-1,2,1,1,4,good,,Tier 0 - Broad right-tail scouting universe,Tier 1 - Balanced priority feed,,,,2023-06-09,13.000000,0.2308,2.4615,0.3077,24.1538,27.1539
2023Q2,GIC,$100M-$500M,1,-1,-1,0,1,0,mixed,,Tier 0 - Broad right-tail scouting universe,,,,,2023-05-03,24.860001,-4.6661,2.8560,6.3154,11.5446,16.5326
2023Q2,GIII,$500M-$1B,1,1,-1,1,0,2,mixed,,Tier 0 - Broad right-tail scouting universe,,,,,2023-06-07,21.150000,-4.9645,-6.6194,-11.3948,0.0946,-8.2742
2023Q2,GILD,>$10B,1,2,-1,0,0,2,mixed,,,,,,,2023-04-28,82.519997,-4.7625,-5.2230,-7.5012,-7.8890,-7.2831
2023Q2,GIS,$2B-$10B,2,2,2,1,0,7,strong,,,,,,,2023-06-29,76.739998,-2.5410,-1.9937,-2.6062,-10.6724,-16.5364
2023Q2,GL,$2B-$10B,2,2,2,1,0,7,strong,,,,,,,2023-05-04,106.349998,1.1566,-0.3667,-0.3573,3.6765,6.6573
2023Q2,GLPI,$100M-$500M,2,2,2,1,0,7,strong,,,,,,,2023-05-01,51.919998,-4.6418,-6.6834,-7.2804,-6.6641,-8.5901
2023Q2,GLW,>$10B,1,2,2,1,0,6,strong,,,,,,,2023-04-26,32.639999,-3.5846,-6.1581,-3.4007,4.5956,4.1667
2023Q2,GNE,$100M-$500M,1,2,2,1,2,8,strong,,Tier 0 - Broad right-tail scouting universe,Tier 1 - Balanced priority feed,,,,2023-05-09,14.110000,10.2055,0.4252,0.9922,-3.8979,3.3310
2023Q2,GNRC,$2B-$10B,2,2,2,1,1,8,strong,,,,,,,2023-05-04,115.120003,1.3551,0.8600,-2.1022,30.8200,0.7210
2023Q2,GNTX,$1B-$2B,2,2,2,1,1,8,strong,,,,,,,2023-05-01,27.530001,3.1239,0.3996,-4.6132,6.2841,21.9760
2023Q2,GNW,$2B-$10B,1,2,2,1,0,6,strong,,Tier 0 - Broad right-tail scouting universe,Tier 1 - Balanced priority feed,Tier 2 - High-priority compact feed,,,2023-05-04,5.260000,4.1825,4.1825,2.2814,-0.3802,14.4487
2023Q2,GO,$2B-$10B,1,1,1,0,2,5,good,,,,,,,2023-05-10,31.620001,-5.4712,-9.8039,-11.6382,2.4035,4.8071
2023Q2,GOLD,$2B-$10B,1,-1,-1,0,2,1,mixed,,,,,,,2023-05-11,37.779999,-1.2440,-10.3494,-1.7470,-1.4558,-1.1117
2023Q2,GOLF,$500M-$1B,2,-1,-1,0,0,0,mixed,,,,,,,2023-05-05,53.740002,-11.9464,-17.4358,-13.2490,-0.8746,8.1317
2023Q2,GPC,$2B-$10B,1,1,-1,-1,0,0,mixed,,,,,,,2023-04-21,170.009995,0.5353,0.9588,-4.0233,-6.1291,-8.7289
2023Q2,GPI,>$10B,1,1,2,1,2,7,strong,,,,,,,2023-04-27,221.009995,-0.1086,0.5113,4.3889,11.8909,15.8997
2023Q2,GPN,$2B-$10B,1,2,2,1,0,6,strong,,,,,,,2023-05-02,103.000000,-0.3884,0.6408,-4.0388,-0.8155,7.0388
2023Q2,GPOR,$500M-$1B,-1,2,-1,-1,0,-1,weak,,,,,,,2023-05-03,83.379997,16.2629,19.6930,18.2898,24.7781,24.4183
2023Q2,GRBK,$100M-$500M,2,-1,-1,0,0,0,mixed,,,,,,,2023-05-04,40.080002,25.6736,20.5838,28.9421,39.3962,38.4980
2023Q2,GRC,$100M-$500M,1,2,2,1,1,7,strong,,Tier 0 - Broad right-tail scouting universe,,,,,2023-04-28,24.860001,1.0861,2.9767,-2.8962,10.3781,12.3894
2023Q2,GRMN,$1B-$2B,2,2,1,1,0,6,strong,,,,,,,2023-05-04,100.239998,3.5714,2.4641,5.2773,3.5016,7.4721
2023Q2,GRPN,$100M-$500M,-1,-1,-1,1,0,-2,weak,,Tier 0 - Broad right-tail scouting universe,Tier 1 - Balanced priority feed,Tier 2 - High-priority compact feed,Tier 3 - Revised dislocation feed,"Tier 4 - Ultra-distressed tag, not a production tier",2023-05-11,3.740000,21.1230,44.3850,34.7594,79.6791,112.2995
2023Q2,GT,>$10B,-1,1,1,0,1,2,mixed,,,,,,,2023-05-05,10.530000,41.5954,34.1880,24.9763,27.3504,25.4511
2023Q2,GTLB,$100M-$500M,-1,-1,-1,0,0,-3,weak,,,,,,,2023-06-06,45.439999,12.7641,7.9666,9.4630,4.3134,9.4630
2023Q2,GTLS,$1B-$2B,2,2,2,1,0,7,strong,,,,,,,2023-04-12,117.510002,13.3946,3.9146,-2.7487,20.4408,37.1713
2023Q2,GTM,$100M-$500M,1,2,2,1,0,6,strong,,Tier 0 - Broad right-tail scouting universe,,,,,2023-05-02,23.129999,-10.8949,9.1656,12.0190,13.1863,10.5491
2023Q2,GTX,$2B-$10B,1,1,-1,-1,2,2,mixed,,Tier 0 - Broad right-tail scouting universe,Tier 1 - Balanced priority feed,Tier 2 - High-priority compact feed,,,2023-04-05,8.110000,-1.1097,0.6165,-1.7263,-0.2466,-7.3983
2023Q2,GWW,$2B-$10B,2,1,2,1,0,6,strong,,,,,,,2023-04-28,698.690002,-2.9298,-2.7766,-6.3877,10.2778,3.7184
2023Q2,HAE,$500M-$1B,-1,2,2,1,0,4,good,,,,,,,2023-05-12,87.029999,-4.0905,-0.5286,0.5975,-1.9533,4.5272
2023Q2,HAIN,$1B-$2B,1,1,-1,-1,1,1,mixed,,Tier 0 - Broad right-tail scouting universe,,,,,2023-05-10,15.610000,-12.8123,-18.8341,-24.1512,-18.0653,-28.2511
2023Q2,HAL,$2B-$10B,-1,2,2,1,0,4,good,,,,,,,2023-04-26,32.880001,-8.9112,-15.2068,-8.1509,-3.6801,16.8491
2023Q2,HALO,$100M-$500M,2,2,-1,0,0,3,good,,,,,,,2023-05-10,32.130001,8.9325,2.2409,5.6956,16.1531,34.7961
2023Q2,HAS,$2B-$10B,1,2,-1,0,1,3,good,,,,,,,2023-04-28,59.400002,0.1178,4.3771,1.7508,5.3872,5.8586
2023Q2,HBAN,$500M-$1B,2,2,-1,-1,0,2,mixed,,Tier 0 - Broad right-tail scouting universe,Tier 1 - Balanced priority feed,,,,2023-04-21,11.590000,-5.1769,-19.9310,-9.1458,-7.5065,2.3296
2023Q2,HBANL,$500M-$1B,2,2,-1,-1,0,2,mixed,,Tier 0 - Broad right-tail scouting universe,,,,,2023-04-21,24.510000,0.8160,-11.2199,-1.3872,1.4280,-1.2648
2023Q2,HBANP,$500M-$1B,2,2,-1,-1,0,2,mixed,,Tier 0 - Broad right-tail scouting universe,,,,,2023-04-21,19.420000,-7.2091,-26.7250,-14.6241,-5.6128,-7.9815
2023Q2,HBB,$100M-$500M,1,-1,-1,-1,0,-2,weak,,Tier 0 - Broad right-tail scouting universe,Tier 1 - Balanced priority feed,Tier 2 - High-priority compact feed,Tier 3 - Revised dislocation feed,,2023-05-04,9.500000,10.5263,0.2105,0.5263,4.3158,0.0000
2023Q2,HCC,$100M-$500M,2,2,2,1,0,7,strong,,,,,,,2023-05-04,36.000000,3.1111,-5.3611,-3.4444,10.0000,20.2778
2023Q2,HCI,<$100M,2,2,2,1,0,7,strong,,,,,,,2023-05-10,55.000000,2.1818,-3.2182,6.3455,6.4545,10.0727
2023Q2,HCSG,$1B-$2B,1,2,2,1,2,8,strong,,Tier 0 - Broad right-tail scouting universe,,,,,2023-04-27,15.050000,-0.2658,-2.1927,-6.2459,-5.7143,-16.5448
2023Q2,HE,$500M-$1B,1,2,-1,-1,0,1,mixed,,,,,,,2023-05-10,37.580002,-3.4327,-5.1091,0.7185,-3.0868,-5.3220
2023Q2,HELE,$1B-$2B,2,-1,1,1,1,4,good,,,,,,,2023-04-20,87.500000,12.6971,8.6057,14.1143,10.6743,49.7143
2023Q2,HGV,$500M-$1B,1,2,2,1,0,6,strong,,,,,,,2023-04-28,42.430000,-0.0943,6.7877,4.0537,5.9156,6.6934
2023Q2,HIG,>$10B,1,2,2,1,0,6,strong,,,,,,,2023-04-14,69.000000,1.2754,-1.1304,1.7536,3.8696,5.0580
2023Q2,HII,$2B-$10B,1,-1,-1,1,0,0,mixed,,,,,,,2023-05-05,192.649994,2.4760,2.8134,7.8225,18.1832,17.4461
2023Q2,HIMS,$100M-$500M,-1,-1,-1,1,0,-2,weak,,Tier 0 - Broad right-tail scouting universe,Tier 1 - Balanced priority feed,,Tier 3 - Revised dislocation feed,,2023-05-09,10.775000,-9.3271,-17.5870,-15.0812,-20.0928,-26.6821
2023Q2,HLF,$1B-$2B,1,1,2,1,0,5,good,,Tier 0 - Broad right-tail scouting universe,Tier 1 - Balanced priority feed,,,,2023-05-03,14.140000,3.2532,-8.0622,-12.3055,-1.2730,15.4880
2023Q2,HLIO,$500M-$1B,1,2,-1,-1,0,1,mixed,,,,,,,2023-05-09,59.500000,-10.9916,-15.8319,4.9244,9.1765,4.7563
2023Q2,HLIT,$100M-$500M,-1,2,1,1,1,4,good,,Tier 0 - Broad right-tail scouting universe,Tier 1 - Balanced priority feed,,,,2023-05-09,14.860000,12.3149,18.4388,21.5343,6.9314,-28.3984
2023Q2,HLMN,$100M-$500M,-1,-1,-1,0,0,-3,weak,,Tier 0 - Broad right-tail scouting universe,Tier 1 - Balanced priority feed,Tier 2 - High-priority compact feed,Tier 3 - Revised dislocation feed,,2023-05-10,8.330000,-2.1609,-1.8007,5.0420,4.5618,14.0456
2023Q2,HLNE,$100M-$500M,2,2,-1,-1,0,2,mixed,,,,,,,2023-05-26,67.400002,5.5638,16.8694,12.8635,30.5638,33.2641
2023Q2,HLT,$1B-$2B,2,2,2,1,0,7,strong,,,,,,,2023-04-27,142.210007,2.3486,1.3993,-4.3105,-2.7213,5.6606
2023Q2,HLX,$500M-$1B,1,2,2,1,0,6,strong,,Tier 0 - Broad right-tail scouting universe,Tier 1 - Balanced priority feed,Tier 2 - High-priority compact feed,,,2023-04-26,7.120000,-2.8090,-7.3034,-7.1629,-0.7022,19.8034
2023Q2,HMN,$1B-$2B,2,2,-1,-1,0,2,mixed,,,,,,,2023-04-21,33.230000,-4.9353,0.2408,-1.7454,-11.0442,-10.8035
2023Q2,HNI,$1B-$2B,1,2,2,1,2,8,strong,,,,,,,2023-05-09,27.160000,-2.3932,-3.4242,-0.9941,0.8837,5.0810
2023Q2,HON,$2B-$10B,2,1,1,1,0,5,good,,,,,,,2023-04-28,187.558914,-1.0302,-0.3769,-2.2362,2.1809,-1.3015
2023Q2,HOOD,$500M-$1B,1,2,2,-1,0,4,good,,Tier 0 - Broad right-tail scouting universe,Tier 1 - Balanced priority feed,Tier 2 - High-priority compact feed,,,2023-05-01,8.800000,9.6591,-0.4545,1.3636,13.4091,46.1364
2023Q2,HOV,$500M-$1B,1,-1,-1,0,0,-1,weak,,,,,,,2023-06-01,83.800003,15.8592,18.5322,13.6157,27.2315,38.2816
2023Q2,HP,$500M-$1B,-1,1,-1,1,0,0,mixed,,,,,,,2023-04-27,33.810001,-5.9746,-6.0929,-3.9338,1.5676,26.2348
2023Q2,HPP,$500M-$1B,1,2,-1,-1,0,1,mixed,,,,,,,2023-05-09,34.299999,-6.9388,-3.4694,6.9388,1.6327,33.6735
2023Q2,HQY,$500M-$1B,1,2,2,0,0,5,good,,,,,,,2023-06-06,63.470001,-1.5440,-5.9713,3.8128,7.2475,5.3096
2023Q2,HRI,$100M-$500M,2,2,-1,-1,0,2,mixed,,,,,,,2023-04-21,103.720001,-2.7381,-3.6541,2.8538,25.2025,37.2156
2023Q2,HRL,$2B-$10B,1,1,2,1,1,6,strong,,,,,,,2023-06-02,40.270000,1.5148,0.8443,0.8691,0.7946,-4.1718
2023Q2,HRMY,<$100M,2,2,-1,0,0,3,good,,,,,,,2023-05-03,35.049999,4.2511,2.6534,0.3994,-0.5991,-3.0242
2023Q2,HRTG,$500M-$1B,1,2,2,1,0,6,strong,,Tier 0 - Broad right-tail scouting universe,Tier 1 - Balanced priority feed,Tier 2 - High-priority compact feed,,"Tier 4 - Ultra-distressed tag, not a production tier",2023-05-05,3.820000,31.1518,28.7958,26.4398,6.2827,17.0157
2023Q2,HSIC,$2B-$10B,1,1,1,1,0,4,good,,,,,,,2023-05-10,75.260002,2.9232,-1.5147,-0.5315,6.3513,0.9035
2023Q2,HST,$1B-$2B,-1,-1,-1,-1,0,-4,weak,,Tier 0 - Broad right-tail scouting universe,,,,,2023-05-04,17.100000,-1.0526,-3.0994,1.8129,1.2865,6.1403
2023Q2,HSY,$2B-$10B,2,2,2,1,0,7,strong,,,,,,,2023-04-28,271.500000,1.2044,-1.7164,-5.5727,-4.2689,-13.9742
2023Q2,HTH,$100M-$500M,2,2,-1,-1,0,2,mixed,,,,,,,2023-04-21,30.450001,0.3284,0.4269,3.3497,1.9048,8.9655
2023Q2,HTLD,$500M-$1B,2,2,2,1,1,8,strong,,Tier 0 - Broad right-tail scouting universe,Tier 1 - Balanced priority feed,,,,2023-05-03,14.600000,4.0411,6.5068,10.2740,12.9452,7.3288
2023Q2,HTO,$100M-$500M,1,2,-1,0,0,2,mixed,,,,,,,2023-05-02,75.919998,-0.1844,-0.5400,-1.7782,-7.3103,-7.1918
2023Q2,HTZ,$1B-$2B,2,2,-1,-1,0,2,mixed,,Tier 0 - Broad right-tail scouting universe,,,,,2023-04-28,16.150000,0.9907,1.3003,-2.2291,11.9505,-1.8576
2023Q2,HUBB,$2B-$10B,1,2,2,1,1,7,strong,,,,,,,2023-04-26,259.795013,4.1436,3.9550,11.9767,22.9623,22.6044
2023Q2,HUBS,$100M-$500M,-1,2,2,0,0,3,good,,,,,,,2023-05-04,451.630005,4.3199,8.5225,17.0405,16.5268,22.4963
2023Q2,HURC,$100M-$500M,1,1,2,1,0,5,good,,Tier 0 - Broad right-tail scouting universe,,,,,2023-06-05,21.680000,3.5517,-1.3838,-2.3985,3.5517,0.3229
2023Q2,HVT,$500M-$1B,1,2,2,1,2,8,strong,,,,,,,2023-05-03,28.139999,-7.0718,-6.0057,-4.4776,6.8586,20.4691
2023Q2,HWKN,$500M-$1B,1,1,-1,0,2,3,good,,,,,,,2023-05-18,44.290001,3.7932,16.7532,10.6796,9.8216,29.8487
2023Q2,HWM,$1B-$2B,1,1,-1,1,0,2,mixed,,,,,,,2023-05-03,45.000000,-1.0444,-2.7333,0.2889,9.1778,8.8667
2023Q2,HY,$500M-$1B,-1,1,2,1,0,3,good,,,,,,,2023-05-03,56.369999,-10.6972,-6.2090,-8.6216,-1.0289,-14.9193
2023Q2,HZO,$1B-$2B,1,1,-1,0,1,2,mixed,,,,,,,2023-04-28,27.400000,4.8905,5.6569,4.7080,16.7883,48.5766
2023Q2,IAC,$1B-$2B,-1,1,-1,1,0,0,mixed,,,,,,,2023-05-10,49.983593,-1.2473,-9.4371,-2.8393,6.2695,10.0936
2023Q2,IART,$100M-$500M,1,2,2,1,0,6,strong,,,,,,,2023-04-27,54.000000,-6.7222,-8.0185,-29.0556,-25.2778,-15.6481
2023Q2,IBKR,$1B-$2B,2,2,2,1,0,7,strong,,Tier 0 - Broad right-tail scouting universe,,,,,2023-04-19,20.625000,-6.4485,-5.4667,-8.5818,-2.6545,4.5697
2023Q2,IBP,$500M-$1B,1,1,-1,1,0,2,mixed,,,,,,,2023-05-05,115.000000,-0.3130,-6.9130,-2.5652,19.1739,30.5913
2023Q2,ICE,$2B-$10B,2,2,2,-1,0,5,good,,,,,,,2023-05-05,107.230003,2.4527,-1.9771,1.0165,4.7375,4.5137
2023Q2,ICFI,$1B-$2B,1,2,-1,-1,1,2,mixed,,,,,,,2023-04-05,109.360001,1.5545,-0.5121,3.0358,7.9279,13.3687
2023Q2,ICHR,$500M-$1B,1,1,1,-1,1,3,good,,,,,,,2023-05-10,25.500000,21.6078,22.1176,34.4706,36.7843,40.7059
2023Q2,ICUI,$1B-$2B,1,2,2,1,1,7,strong,,,,,,,2023-05-09,192.740005,-1.3490,-11.2950,-0.4203,-8.4933,-11.0512
2023Q2,IDCC,$100M-$500M,2,-1,2,1,0,4,good,,,,,,,2023-05-05,73.949997,11.2914,12.5085,14.2529,28.8844,18.4855
2023Q2,IDXX,$500M-$1B,2,2,2,1,0,7,strong,,,,,,,2023-05-03,471.410004,3.9180,-2.1913,-0.1230,3.9817,12.9166
2023Q2,IEP,$2B-$10B,1,2,2,1,0,6,strong,,,,,,,2023-05-11,30.350000,-5.4036,-25.6343,-3.3278,14.2998,-21.7463
2023Q2,IESC,$500M-$1B,1,-1,-1,0,2,1,mixed,,,,,,,2023-05-11,49.099998,1.7923,-3.4216,10.1018,13.1568,41.5886
2023Q2,IEX,$500M-$1B,2,2,-1,1,0,4,good,,,,,,,2023-04-28,207.250000,1.6357,-0.9457,-2.1520,1.6888,5.5826
2023Q2,IFF,$2B-$10B,1,2,2,1,0,6,strong,,,,,,,2023-05-09,93.349998,-10.3589,-16.2185,-14.5688,-15.7793,-13.9368
2023Q2,IIIV,<$100M,-1,2,-1,-1,0,-1,weak,,Tier 0 - Broad right-tail scouting universe,,,,,2023-05-10,24.070000,-2.7420,-4.0299,-3.5729,-5.8995,-2.5758
2023Q2,ILMN,$2B-$10B,2,2,2,1,0,7,strong,,,,,,,2023-04-26,210.515564,-9.5698,-6.6956,-9.4820,-11.3350,-12.5040
2023Q2,INCY,$500M-$1B,1,2,2,0,0,5,good,,,,,,,2023-05-03,69.669998,-4.9806,-6.5882,-10.2340,-10.8942,-8.5833
2023Q2,INSW,$100M-$500M,-1,-1,-1,-1,0,-4,weak,,,,,,,2023-05-08,38.139999,-0.5244,-2.5433,-4.0378,0.3671,17.3833
2023Q2,INTA,$100M-$500M,-1,1,1,-1,0,0,mixed,,,,,,,2023-05-09,44.000000,-8.6591,-5.4318,-2.4773,-6.6591,-17.5000
2023Q2,INVH,$1B-$2B,2,2,2,1,0,7,strong,,,,,,,2023-05-02,33.610001,1.1901,0.0893,0.7141,3.7191,5.6233
2023Q2,IONS,$100M-$500M,-1,-1,-1,1,0,-2,weak,,,,,,,2023-05-04,35.020000,3.4837,17.8755,20.6739,17.3044,15.3912
2023Q2,IOSP,$1B-$2B,1,2,2,1,1,7,strong,,,,,,,2023-05-04,106.180000,-8.2219,-8.6834,-9.0036,-4.3605,1.4504
2023Q2,IP,>$10B,1,2,2,1,1,7,strong,,,,,,,2023-04-28,33.250000,-2.6165,-3.6692,-9.3534,-4.7519,6.4662
2023Q2,IPAR,$500M-$1B,1,2,2,1,1,7,strong,,,,,,,2023-04-21,158.490005,-4.3725,-14.2470,-16.0452,-13.5340,-17.4901
2023Q2,IPGP,$100M-$500M,2,1,2,1,0,6,strong,,,,,,,2023-05-03,120.349998,-6.6888,-5.0769,-6.4312,12.2393,-9.9626
2023Q2,IQV,>$10B,1,2,2,1,0,6,strong,,,,,,,2023-04-28,183.039993,3.7041,6.7799,8.5282,17.2749,22.6836
2023Q2,IR,$2B-$10B,-1,2,2,0,0,3,good,,,,,,,2023-05-04,58.000000,1.6034,-1.8793,4.6207,12.4828,12.9138
2023Q2,IRDM,$100M-$500M,1,2,2,1,0,6,strong,,,,,,,2023-04-21,65.190002,-2.6231,-4.1111,-5.2002,-5.3382,-6.7648
2023Q2,IRM,$1B-$2B,1,1,-1,-1,0,0,mixed,,,,,,,2023-05-05,56.040001,-0.6781,-4.1577,-0.9279,3.9079,6.7095
2023Q2,IRT,$100M-$500M,1,2,-1,-1,0,1,mixed,,Tier 0 - Broad right-tail scouting universe,,,,,2023-04-27,15.950000,6.9592,4.3887,7.0219,12.6019,8.6520
2023Q2,IRTC,<$100M,-1,-1,-1,-1,0,-4,weak,,,,,,,2023-05-05,130.000000,0.7308,-6.9692,-19.0692,-21.2154,-25.0000
2023Q2,IRWD,<$100M,2,2,2,1,0,7,strong,,Tier 0 - Broad right-tail scouting universe,Tier 1 - Balanced priority feed,,,,2023-05-05,10.670000,-1.3121,0.5623,3.3739,-2.1556,3.1865
2023Q2,ISRG,$2B-$10B,2,2,2,1,0,7,strong,,,,,,,2023-04-19,292.000000,3.7740,3.2705,7.4007,12.2705,21.5514
2023Q2,IT,$1B-$2B,2,2,2,1,0,7,strong,,,,,,,2023-05-03,305.730011,3.0681,6.3978,12.8479,13.5250,12.4914
2023Q2,ITW,>$10B,2,2,2,1,1,8,strong,,,,,,,2023-05-03,233.899994,-1.9795,-4.6345,-2.0180,7.2681,7.6742
2023Q2,IVZ,$2B-$10B,1,2,2,1,0,6,strong,,Tier 0 - Broad right-tail scouting universe,,,,,2023-04-26,16.639999,-2.1034,-9.9760,-10.5168,-3.0649,-0.1202
2023Q2,J,$2B-$10B,1,2,-1,0,0,2,mixed,,,,,,,2023-05-10,98.877556,-2.0746,-5.3539,-2.7689,2.2670,12.3975
2023Q2,JACK,$500M-$1B,1,2,-1,-1,0,1,mixed,,,,,,,2023-05-18,95.739998,-9.8287,-8.3037,-3.8542,0.9192,-13.7665
2023Q2,JAZZ,$500M-$1B,1,2,2,1,0,6,strong,,,,,,,2023-05-11,137.000000,-2.9708,-6.4526,-8.3139,-9.6277,-2.9197
2023Q2,JBGS,$100M-$500M,-1,2,2,1,0,4,good,,Tier 0 - Broad right-tail scouting universe,Tier 1 - Balanced priority feed,,,,2023-05-10,14.580000,5.2126,-2.7435,5.0754,6.7901,15.5007
2023Q2,JBHT,$2B-$10B,1,2,2,1,1,7,strong,,,,,,,2023-04-18,176.470001,-0.6687,1.0313,-3.2753,-1.4337,3.9157
2023Q2,JBI,$100M-$500M,1,2,2,1,0,6,strong,,Tier 0 - Broad right-tail scouting universe,Tier 1 - Balanced priority feed,Tier 2 - High-priority compact feed,,,2023-05-12,9.450000,-0.9524,-5.3968,1.6931,11.9577,21.7989
2023Q2,JBLU,$2B-$10B,-1,-1,-1,-1,0,-4,weak,,Tier 0 - Broad right-tail scouting universe,Tier 1 - Balanced priority feed,Tier 2 - High-priority compact feed,Tier 3 - Revised dislocation feed,,2023-04-26,6.820000,3.6657,-0.1466,0.1466,18.0352,15.5425
2023Q2,JBSS,$500M-$1B,1,-1,-1,1,2,2,mixed,,,,,,,2023-05-03,105.879997,4.7129,7.3196,11.9192,11.8153,2.6634
2023Q2,JBTM,$1B-$2B,1,2,2,1,1,7,strong,,,,,,,2023-04-26,101.000000,4.1386,1.2079,4.6238,15.6535,15.2871
2023Q2,JELD,$2B-$10B,1,1,2,0,2,6,strong,,Tier 0 - Broad right-tail scouting universe,Tier 1 - Balanced priority feed,,,,2023-05-09,13.440000,9.3750,0.8185,14.1369,24.9256,37.2024
2023Q2,JILL,$100M-$500M,1,1,1,1,0,4,good,,Tier 0 - Broad right-tail scouting universe,,,,,2023-06-08,22.709999,-11.4487,-10.7442,-14.7072,-1.2770,13.8705
2023Q2,JKHY,$500M-$1B,2,2,2,1,0,7,strong,,,,,,,2023-05-03,161.389999,-4.1143,-7.7452,-5.3597,4.2444,6.3449
2023Q2,JRVR,$500M-$1B,1,-1,-1,0,0,-1,weak,,Tier 0 - Broad right-tail scouting universe,,,,,2023-05-03,19.889999,7.8431,8.1951,0.5530,-7.7426,-7.3906
2023Q2,KAI,$500M-$1B,1,2,2,1,1,7,strong,,,,,,,2023-05-03,187.500000,5.0987,4.9600,7.9147,16.5440,18.7307
2023Q2,KALU,$1B-$2B,1,2,2,-1,0,4,good,,,,,,,2023-04-27,60.980000,3.5749,1.8367,2.8698,12.1351,36.3070
2023Q2,KBH,$1B-$2B,1,-1,-1,-1,0,-2,weak,,,,,,,2023-06-22,51.639999,0.0775,2.5562,2.6143,-5.9644,-6.9326
2023Q2,KDP,$2B-$10B,2,2,2,1,0,7,strong,,,,,,,2023-04-28,33.450001,-1.7937,-4.7235,-7.3244,-6.5770,0.9267
2023Q2,KE,$500M-$1B,1,-1,-1,0,1,0,mixed,,Tier 0 - Broad right-tail scouting universe,,,,,2023-05-05,20.000000,10.0000,22.6000,24.4000,36.4000,46.7500
2023Q2,KELYA,$1B-$2B,-1,-1,2,1,0,1,mixed,,Tier 0 - Broad right-tail scouting universe,,,,,2023-05-12,17.770000,7.4282,0.2814,1.9696,-1.7445,-1.7445
2023Q2,KEQU,$100M-$500M,-1,-1,-1,0,2,-1,weak,,Tier 0 - Broad right-tail scouting universe,,,,,2023-06-29,16.250000,-8.7385,-9.2308,-3.6308,-5.2308,4.8000
2023Q2,KEY,$2B-$10B,2,2,-1,-1,0,2,mixed,,Tier 0 - Broad right-tail scouting universe,Tier 1 - Balanced priority feed,,,,2023-04-21,11.900000,-9.9160,-23.6134,-13.6134,-17.2269,-0.1681
2023Q2,KEYS,$1B-$2B,2,2,2,1,0,7,strong,,,,,,,2023-05-17,159.975006,1.4346,0.9345,3.0536,6.5354,-4.4413
2023Q2,KFRC,$1B-$2B,1,1,2,1,2,7,strong,,,,,,,2023-05-09,53.709999,7.7639,8.1363,15.9933,12.4930,11.2456
2023Q2,KFY,$1B-$2B,2,2,1,1,1,7,strong,,,,,,,2023-06-28,48.360001,4.3631,11.7866,7.9611,7.5062,-3.6601
2023Q2,KIM,$1B-$2B,2,2,2,1,0,7,strong,,Tier 0 - Broad right-tail scouting universe,,,,,2023-04-28,18.980000,-2.5290,-3.1612,-4.3730,2.1075,6.2698
2023Q2,KKR,$2B-$10B,2,-1,-1,-1,0,-1,weak,,,,,,,2023-05-09,48.639999,2.8577,6.2294,12.4794,13.4252,27.0765
2023Q2,KLAC,$2B-$10B,2,2,2,1,0,7,strong,,,,,,,2023-04-27,383.750000,-0.0599,8.6202,19.5388,19.4919,19.3094
2023Q2,KLIC,$100M-$500M,2,2,2,1,0,7,strong,,,,,,,2023-05-04,46.750000,3.4439,5.6898,10.7594,25.4332,24.4492
2023Q2,KLXE,$100M-$500M,-1,-1,-1,0,2,-1,weak,,Tier 0 - Broad right-tail scouting universe,Tier 1 - Balanced priority feed,,Tier 3 - Revised dislocation feed,,2023-05-11,10.610000,-5.7493,-25.1649,-21.4892,-3.5815,11.9698
2023Q2,KMB,$2B-$10B,2,1,1,0,0,4,good,,,,,,,2023-04-26,143.389999,0.9415,0.8857,-4.9446,-4.8818,-7.3018
2023Q2,KMI,>$10B,1,2,2,1,0,6,strong,,,,,,,2023-04-20,17.590000,-2.7857,-4.5480,-6.0261,-5.2871,-1.7055
2023Q2,KMT,$500M-$1B,1,1,1,1,0,4,good,,,,,,,2023-05-02,27.690001,-7.2589,-4.2615,-8.0535,3.7559,10.0758
2023Q2,KN,$500M-$1B,1,2,2,1,0,6,strong,,Tier 0 - Broad right-tail scouting universe,,,,,2023-04-28,16.670000,-5.6989,-1.9796,8.5183,5.3389,6.4187
2023Q2,KNTK,$100M-$500M,2,2,2,1,0,7,strong,,,,,,,2023-05-05,27.930000,10.0609,10.5621,16.1117,25.7071,28.1776
2023Q2,KOP,$100M-$500M,1,-1,-1,0,0,-1,weak,,,,,,,2023-05-08,33.270000,-3.7571,-12.5338,0.2705,3.8173,17.1326
2023Q2,KOS,$500M-$1B,1,2,2,1,0,6,strong,,Tier 0 - Broad right-tail scouting universe,Tier 1 - Balanced priority feed,Tier 2 - High-priority compact feed,,,2023-05-10,6.350000,3.3071,-4.4094,5.6693,-0.1575,14.1732
2023Q2,KRG,$100M-$500M,-1,2,2,1,0,4,good,,Tier 0 - Broad right-tail scouting universe,,,,,2023-05-02,20.639999,-1.1628,-0.7752,-6.3953,9.9322,10.8527
2023Q2,KRO,$500M-$1B,2,-1,-1,1,0,1,mixed,,Tier 0 - Broad right-tail scouting universe,Tier 1 - Balanced priority feed,Tier 2 - High-priority compact feed,,,2023-05-04,8.910000,-10.3255,-4.8260,-2.4691,0.5612,3.7037
2023Q2,KSS,>$10B,-1,1,2,0,2,4,good,,,,,,,2023-05-25,20.549999,-0.9732,12.3601,6.4234,28.5645,31.5329
2023Q2,KTB,$500M-$1B,2,2,2,1,0,7,strong,,,,,,,2023-05-05,40.610001,-0.1724,-0.8126,-1.0342,2.6348,17.7542
2023Q2,KTOS,$100M-$500M,-1,,,1,0,,not_scored,operating_cash_flow_score;fcf_proxy_score,,,,,,2023-05-04,12.500000,8.5600,7.5200,8.8800,13.2000,17.5200
2023Q2,KW,$100M-$500M,2,-1,2,1,0,4,good,,Tier 0 - Broad right-tail scouting universe,,,,,2023-05-04,15.200000,-4.4737,1.5132,4.4079,9.0132,7.6974
2023Q2,KWR,$100M-$500M,1,-1,-1,0,0,-1,weak,,,,,,,2023-05-05,193.110001,4.4223,0.3314,2.8637,0.9218,-3.4799
2023Q2,L,$2B-$10B,1,2,2,1,0,6,strong,,,,,,,2023-05-02,59.799999,-2.1572,-1.8729,-5.7023,-0.1338,4.7659
2023Q2,LAUR,$100M-$500M,-1,2,2,1,0,4,good,,Tier 0 - Broad right-tail scouting universe,Tier 1 - Balanced priority feed,,,,2023-05-05,12.030000,-0.3325,2.9925,2.5769,1.4963,9.8919
2023Q2,LBRDA,$100M-$500M,2,2,2,1,0,7,strong,,,,,,,2023-05-03,74.254921,-2.1457,-3.6602,-6.0583,0.8456,13.4671
2023Q2,LBRDK,$100M-$500M,2,2,2,1,0,7,strong,,,,,,,2023-05-03,75.224716,-2.4894,-4.6179,-7.2318,0.0498,11.5758
2023Q2,LBTYA,>$10B,-1,2,-1,0,0,0,mixed,,,,,,,2023-04-28,9.866048,-0.8355,-9.5561,-14.6214,-10.0261,-3.1854
2023Q2,LBTYK,>$10B,-1,2,-1,0,0,0,mixed,,,,,,,2023-04-28,10.507853,-1.3453,-9.5167,-14.3996,-9.6662,-2.1923
2023Q2,LC,$500M-$1B,-1,2,2,1,0,4,good,,Tier 0 - Broad right-tail scouting universe,Tier 1 - Balanced priority feed,Tier 2 - High-priority compact feed,,,2023-04-27,7.220000,-4.8476,8.0332,13.8504,28.9474,40.3047
2023Q2,LCID,<$100M,-1,-1,-1,-1,0,-4,weak,,,,,,,2023-04-14,76.699997,-8.7353,-3.7810,-6.5189,-14.6023,-7.1708
2023Q2,LCII,$1B-$2B,2,1,1,1,1,6,strong,,,,,,,2023-05-10,112.419998,-1.5478,-2.3128,9.1799,10.0516,11.1012
2023Q2,LCUT,$100M-$500M,1,1,-1,1,0,2,mixed,,Tier 0 - Broad right-tail scouting universe,Tier 1 - Balanced priority feed,Tier 2 - High-priority compact feed,,,2023-05-11,5.010000,4.7904,-2.1956,0.0000,26.3473,45.3094
2023Q2,LDOS,$2B-$10B,1,1,1,1,0,4,good,,,,,,,2023-05-03,80.550003,-2.7685,0.6580,1.1670,9.7703,24.1217
2023Q2,LE,$100M-$500M,-1,-1,-1,-1,0,-4,weak,,Tier 0 - Broad right-tail scouting universe,Tier 1 - Balanced priority feed,Tier 2 - High-priority compact feed,Tier 3 - Revised dislocation feed,,2023-06-02,8.330000,1.8007,1.4406,-6.2425,12.3649,-7.5630
2023Q2,LECO,$500M-$1B,2,1,1,1,0,5,good,,,,,,,2023-04-28,164.610001,2.9707,3.5174,6.5184,17.9090,20.1385
2023Q2,LEG,$2B-$10B,1,2,2,1,1,7,strong,,,,,,,2023-05-02,32.389999,-0.6175,0.9571,-6.5761,-7.7802,-9.6635
2023Q2,LESL,$100M-$500M,-1,-1,-1,1,0,-2,weak,,,,,,,2023-05-04,212.800003,-1.3158,-8.4586,-3.9474,-10.0564,-39.0038
2023Q2,LFCR,$100M-$500M,-1,-1,2,1,0,1,mixed,,Tier 0 - Broad right-tail scouting universe,Tier 1 - Balanced priority feed,Tier 2 - High-priority compact feed,,,2023-06-02,8.660000,-0.2309,-0.4619,12.5866,20.2079,-7.6212
2023Q2,LFST,$100M-$500M,-1,1,-1,0,0,-1,weak,,Tier 0 - Broad right-tail scouting universe,Tier 1 - Balanced priority feed,Tier 2 - High-priority compact feed,Tier 3 - Revised dislocation feed,,2023-05-11,8.400000,-1.0714,-2.5000,-0.2381,5.4762,-4.0476
2023Q2,LFUS,$500M-$1B,2,2,2,1,0,7,strong,,,,,,,2023-05-03,248.250000,5.1440,6.7754,6.4048,15.7382,21.6556
2023Q2,LGIH,$500M-$1B,2,-1,-1,-1,0,-1,weak,,,,,,,2023-05-03,115.180000,3.2471,-0.1129,5.5478,14.8376,19.5694
2023Q2,LH,>$10B,2,2,2,1,1,8,strong,,,,,,,2023-04-26,188.539520,1.4171,-0.8521,-1.7589,7.6187,17.5881
2023Q2,LII,$500M-$1B,1,-1,-1,-1,0,-2,weak,,,,,,,2023-04-28,280.890015,0.3774,4.1262,0.0285,14.8848,26.9038
2023Q2,LILA,$500M-$1B,1,2,-1,1,0,3,good,,Tier 0 - Broad right-tail scouting universe,Tier 1 - Balanced priority feed,Tier 2 - High-priority compact feed,,,2023-05-09,8.350000,-3.3533,-12.6946,1.3174,2.5150,-1.4371
2023Q2,LILAK,$500M-$1B,1,2,-1,1,0,3,good,,Tier 0 - Broad right-tail scouting universe,Tier 1 - Balanced priority feed,Tier 2 - High-priority compact feed,,,2023-05-09,8.270000,-2.4184,-12.0919,1.4510,2.2975,-1.6929
2023Q2,LIN,$2B-$10B,2,2,2,0,0,6,strong,,,,,,,2023-04-28,365.630005,0.0109,0.7002,-2.9319,2.7678,5.1965
2023Q2,LITE,$500M-$1B,1,2,-1,1,0,3,good,,,,,,,2023-04-10,46.080002,0.0434,4.8177,-3.2986,10.8073,18.3811
2023Q2,LIVN,$500M-$1B,-1,-1,-1,-1,0,-4,weak,,,,,,,2023-04-17,42.910000,11.1862,9.8112,7.3409,15.9636,22.4889
2023Q2,LKQ,$2B-$10B,1,2,2,1,0,6,strong,,,,,,,2023-04-28,57.419998,-0.4180,-1.2887,-8.0286,-0.7314,-3.9533
2023Q2,LLY,$2B-$10B,2,2,2,1,0,7,strong,,,,,,,2023-04-28,398.000000,8.7236,10.0226,7.3467,16.7085,14.3191
2023Q2,LMB,$100M-$500M,-1,-1,-1,0,0,-3,weak,,Tier 0 - Broad right-tail scouting universe,,,,,2023-05-09,17.980000,19.0768,13.3482,30.0334,44.2714,47.2191
2023Q2,LNT,$1B-$2B,2,2,1,0,0,5,good,,,,,,,2023-05-08,54.939999,-4.1864,-7.1533,-2.8031,-4.2046,-6.5708
2023Q2,LNTH,$100M-$500M,2,1,1,1,0,5,good,,,,,,,2023-05-05,96.190002,3.1396,1.7257,-8.9302,-14.2842,-24.0462
2023Q2,LOCO,$100M-$500M,1,2,2,1,1,7,strong,,Tier 0 - Broad right-tail scouting universe,Tier 1 - Balanced priority feed,,,,2023-05-05,10.180000,-6.9745,-9.4303,-9.1356,-12.4754,-0.9823
2023Q2,LOGI,$2B-$10B,2,1,1,1,2,7,strong,,,,,,,2023-05-03,62.500000,2.1600,3.6320,1.8240,-6.0960,10.2880
2023Q2,LOPE,$100M-$500M,2,2,1,1,0,6,strong,,,,,,,2023-05-03,119.699997,-9.8329,-9.7076,-10.8020,-13.2749,-9.0142
2023Q2,LOVE,$100M-$500M,1,2,2,1,1,7,strong,,Tier 0 - Broad right-tail scouting universe,,,,,2023-06-08,23.350000,8.3512,10.8351,19.3576,18.5867,3.6831
2023Q2,LPG,$100M-$500M,2,2,2,1,0,7,strong,,Tier 0 - Broad right-tail scouting universe,,,,,2023-05-18,22.000000,6.2273,7.0455,10.5455,12.2727,12.0909
2023Q2,LPLA,$2B-$10B,1,2,2,1,1,7,strong,,,,,,,2023-04-28,192.710007,0.2283,2.0964,3.0149,10.3939,22.9101
2023Q2,LPSN,$100M-$500M,-1,1,-1,-1,0,-2,weak,,,,,,,2023-05-10,74.250000,-7.4748,-23.8384,-28.2828,-12.3232,-19.3939
2023Q2,LQDT,$100M-$500M,1,2,-1,1,0,3,good,,Tier 0 - Broad right-tail scouting universe,Tier 1 - Balanced priority feed,,,,2023-05-05,13.860000,10.1732,9.3795,12.0491,18.0375,31.9625
2023Q2,LSTR,$2B-$10B,1,1,1,1,2,6,strong,,,,,,,2023-04-27,172.380005,4.0260,3.2080,3.5213,9.4558,19.1438
2023Q2,LTH,$500M-$1B,-1,-1,-1,0,0,-3,weak,,Tier 0 - Broad right-tail scouting universe,,,,,2023-04-26,19.440001,4.4239,-0.7716,4.0123,-4.3724,-4.2695
2023Q2,LULU,$1B-$2B,2,-1,-1,1,0,1,mixed,,,,,,,2023-06-02,378.230011,-2.6571,-0.0714,0.3120,0.7879,0.8011
2023Q2,LUV,$2B-$10B,-1,-1,-1,-1,0,-4,weak,,,,,,,2023-04-28,29.879999,-0.9705,0.2677,-0.2677,17.9719,10.5087
2023Q2,LVS,$2B-$10B,-1,2,2,1,0,4,good,,,,,,,2023-04-20,62.139999,4.3772,0.6115,-4.2646,-5.5520,-3.9910
2023Q2,LXU,$100M-$500M,-1,-1,-1,0,0,-3,weak,,Tier 0 - Broad right-tail scouting universe,Tier 1 - Balanced priority feed,Tier 2 - High-priority compact feed,Tier 3 - Revised dislocation feed,,2023-05-03,8.680000,5.8756,9.6774,12.5576,14.9769,27.1889
2023Q2,LYFT,$2B-$10B,-1,-1,-1,-1,0,-4,weak,,Tier 0 - Broad right-tail scouting universe,Tier 1 - Balanced priority feed,Tier 2 - High-priority compact feed,Tier 3 - Revised dislocation feed,,2023-05-05,9.070000,-5.8434,-10.2536,7.1665,12.3484,26.9019
2023Q2,LYV,$1B-$2B,-1,2,2,1,0,4,good,,,,,,,2023-05-05,74.190002,8.3569,10.1092,11.2010,24.9764,16.2556
2023Q2,LZ,$100M-$500M,-1,1,2,1,0,3,good,,Tier 0 - Broad right-tail scouting universe,Tier 1 - Balanced priority feed,Tier 2 - High-priority compact feed,,,2023-05-10,9.750000,10.2564,11.4872,25.5385,27.1795,57.4359
2023Q2,LZB,$1B-$2B,1,2,2,1,1,7,strong,,,,,,,2023-06-21,25.549999,11.5460,16.1644,20.8219,19.2955,22.5049
2023Q2,MA,$2B-$10B,2,2,2,1,0,7,strong,,,,,,,2023-04-28,372.529999,3.4843,5.2318,-1.3502,2.4857,5.8975
2023Q2,MAA,$1B-$2B,2,2,2,1,0,7,strong,,,,,,,2023-04-27,149.339996,1.7477,-0.2210,-1.4865,0.2411,2.3972
2023Q2,MAC,$500M-$1B,-1,2,-1,-1,0,-1,weak,,Tier 0 - Broad right-tail scouting universe,Tier 1 - Balanced priority feed,,Tier 3 - Revised dislocation feed,,2023-05-05,10.180000,-6.2868,-8.9391,0.8841,11.4931,23.6739
2023Q2,MAGN,$100M-$500M,-1,-1,-1,0,0,-3,weak,,,,,,,2023-05-05,48.360001,-4.8387,-13.4409,-10.7527,-18.0108,-28.7634
2023Q2,MANH,$500M-$1B,2,2,2,1,2,9,strong,,,,,,,2023-04-26,166.000000,2.1084,2.9819,7.9879,12.1687,16.4578
2023Q2,MAR,$2B-$10B,1,1,2,1,0,5,good,,,,,,,2023-05-03,179.619995,-2.2937,-5.6118,-1.3362,2.5665,13.9851
2023Q2,MAS,$2B-$10B,2,-1,-1,1,0,1,mixed,,,,,,,2023-04-27,51.880001,3.8936,1.8697,-3.6430,6.9005,18.7548
2023Q2,MASI,$1B-$2B,2,2,2,1,1,8,strong,,,,,,,2023-05-10,175.789993,-7.3497,-11.1838,-11.0643,-9.1985,-31.7367
2023Q2,MAT,$2B-$10B,1,1,1,1,1,5,good,,Tier 0 - Broad right-tail scouting universe,,,,,2023-04-27,17.230000,4.1788,9.8665,3.5984,5.2815,23.7377
2023Q2,MATV,$100M-$500M,1,1,-1,1,0,2,mixed,,Tier 0 - Broad right-tail scouting universe,,,,,2023-05-11,17.299999,0.8671,-12.9480,-3.1214,-15.7225,0.6358
2023Q2,MATW,$1B-$2B,-1,1,1,1,1,3,good,,,,,,,2023-05-01,37.840000,-0.4757,3.8583,1.7442,12.6321,21.3002
2023Q2,MATX,$2B-$10B,1,2,2,1,1,7,strong,,,,,,,2023-05-05,66.690002,1.0496,6.4777,7.1825,14.7098,43.9796
2023Q2,MAX,$500M-$1B,-1,1,2,1,2,5,good,,Tier 0 - Broad right-tail scouting universe,Tier 1 - Balanced priority feed,Tier 2 - High-priority compact feed,,,2023-05-05,5.260000,6.6540,44.4867,67.3004,83.4601,78.8973
2023Q2,MBC,,,,,,,,not_scored,profitability_score;operating_cash_flow_score;fcf_proxy_score;financing_dependence_score;asset_efficiency_score,,,,,,2023-05-10,10.450000,4.4976,-0.3828,2.3923,9.1866,20.0000
2023Q2,MBLY,$500M-$1B,-1,2,-1,-1,0,-1,weak,,,,,,,2023-04-28,36.910000,5.7708,5.9604,25.5486,1.6798,2.9802
2023Q2,MBUU,$500M-$1B,2,2,2,1,2,9,strong,,,,,,,2023-05-04,56.540001,-2.7945,-6.5087,-4.9522,5.0761,5.8189
2023Q2,MCD,>$10B,2,2,2,1,0,7,strong,,,,,,,2023-04-26,289.980011,2.3139,1.4380,-1.3587,-0.3069,0.8207
2023Q2,MCHP,$2B-$10B,1,2,2,1,0,6,strong,,,,,,,2023-05-05,71.000000,6.1690,4.4225,6.0141,24.5493,26.0845
2023Q2,MCO,$2B-$10B,2,2,2,1,0,7,strong,,,,,,,2023-04-26,306.730011,-0.2576,0.2282,2.0441,9.1383,17.9213
2023Q2,MCS,$100M-$500M,-1,1,1,1,0,2,mixed,,Tier 0 - Broad right-tail scouting universe,,,,,2023-05-05,16.910000,-4.9083,-7.2738,-8.1609,-12.4778,-3.8439
2023Q2,MCY,$500M-$1B,-1,2,-1,1,0,1,mixed,,,,,,,2023-05-03,29.480000,2.2049,3.4600,2.6798,2.6119,7.3609
2023Q2,MDB,$500M-$1B,-1,-1,-1,0,0,-3,weak,,,,,,,2023-06-02,380.750000,0.2731,1.9987,8.0552,11.5089,0.1444
2023Q2,MDLZ,$2B-$10B,2,2,-1,1,0,4,good,,,,,,,2023-04-28,75.879997,2.9389,1.8318,-4.6257,-2.5698,-4.6389
2023Q2,MEC,$100M-$500M,-1,2,2,1,1,5,good,,Tier 0 - Broad right-tail scouting universe,Tier 1 - Balanced priority feed,,,,2023-05-03,11.470000,2.5283,13.8623,8.8928,11.5955,6.1029
2023Q2,MED,$100M-$500M,2,2,2,1,2,9,strong,,,,,,,2023-05-02,84.769997,4.8602,5.9101,-6.4763,11.6433,20.1958
2023Q2,MEG,$100M-$500M,-1,1,-1,-1,0,-2,weak,,,,,,,2023-05-10,32.880001,13.5036,8.6375,30.5353,37.5000,15.8455
2023Q2,MEI,$500M-$1B,1,1,1,1,1,5,good,,,,,,,2023-06-14,37.000000,-12.1351,-9.9189,-10.0811,-13.7838,-38.4595
2023Q2,MELI,$500M-$1B,-1,2,2,-1,0,2,mixed,,,,,,,2023-05-04,1326.050049,-2.2058,-3.1613,-2.7571,-9.9770,-12.1594
2023Q2,MERC,$500M-$1B,2,2,2,0,0,6,strong,,Tier 0 - Broad right-tail scouting universe,Tier 1 - Balanced priority feed,Tier 2 - High-priority compact feed,,,2023-05-05,9.100000,0.1099,-1.0989,-2.8571,-6.9231,-8.1319
2023Q2,MG,$100M-$500M,-1,2,2,1,0,4,good,,Tier 0 - Broad right-tail scouting universe,Tier 1 - Balanced priority feed,Tier 2 - High-priority compact feed,,,2023-05-04,8.050000,-14.4099,-10.4348,-11.8012,-2.3602,-3.8509
2023Q2,MGM,$2B-$10B,-1,2,2,1,0,4,good,,,,,,,2023-05-02,45.820000,-8.4024,-7.6168,-14.6224,-4.4086,10.8031
2023Q2,MGNI,$100M-$500M,-1,2,-1,1,0,1,mixed,,Tier 0 - Broad right-tail scouting universe,Tier 1 - Balanced priority feed,,,,2023-05-11,10.620000,17.7966,11.8644,25.3296,30.0377,16.1959
2023Q2,MGPI,$100M-$500M,2,2,2,1,0,7,strong,,,,,,,2023-05-05,100.599998,0.5467,-1.5010,-2.5249,5.5567,20.7654
2023Q2,MGRC,$100M-$500M,2,2,2,1,0,7,strong,,,,,,,2023-05-05,88.000000,3.4318,2.8068,5.0227,2.4318,9.0682
2023Q2,MGY,$500M-$1B,-1,2,2,1,0,4,good,,Tier 0 - Broad right-tail scouting universe,,,,,2023-05-04,20.160000,-2.1825,1.6865,-2.2817,3.2242,9.4246
2023Q2,MHO,$2B-$10B,1,1,1,0,1,4,good,,,,,,,2023-04-27,64.690002,4.0965,10.0788,10.3416,26.2483,48.4928
2023Q2,MIDD,$2B-$10B,1,2,2,1,0,6,strong,,,,,,,2023-05-11,144.149994,-1.7204,-8.4287,-1.3389,1.2140,2.1714
2023Q2,MIR,$100M-$500M,-1,1,1,1,0,2,mixed,,Tier 0 - Broad right-tail scouting universe,Tier 1 - Balanced priority feed,Tier 2 - High-priority compact feed,,,2023-05-04,8.420000,-10.6888,-11.1639,-6.2945,-1.1877,-5.7007
2023Q2,MKSI,$2B-$10B,2,2,2,1,1,8,strong,,,,,,,2023-05-04,83.550003,2.4057,4.9431,14.0993,30.4488,22.7768
2023Q2,MKTX,$500M-$1B,2,2,2,1,0,7,strong,,,,,,,2023-04-27,312.200012,-4.0711,-7.2197,-10.6598,-15.8360,-12.1140
2023Q2,MLM,$1B-$2B,1,2,1,1,0,5,good,,,,,,,2023-05-05,395.239990,2.3581,0.9918,5.5232,13.7031,14.7354
2023Q2,MLR,$100M-$500M,1,-1,-1,0,0,-1,weak,,,,,,,2023-05-04,34.330002,1.8643,0.0582,-3.1459,2.9712,9.3213
2023Q2,MMI,$100M-$500M,2,-1,-1,1,0,1,mixed,,,,,,,2023-05-08,31.150000,-5.2327,-5.9069,4.7191,4.1092,19.8395
2023Q2,MMM,$2B-$10B,2,2,2,1,0,7,strong,,,,,,,2023-04-26,86.956520,-1.5961,-5.7596,-6.7885,-3.4519,5.6058
2023Q2,MMS,$2B-$10B,1,1,1,1,1,5,good,,,,,,,2023-05-09,79.389999,2.9097,1.2722,6.3484,8.2000,3.5647
2023Q2,MMSI,$500M-$1B,-1,2,2,1,1,5,good,,,,,,,2023-04-27,80.000000,6.0500,4.9250,1.8000,2.8750,-9.3750
2023Q2,MNRO,$1B-$2B,1,2,1,1,1,6,strong,,,,,,,2023-05-19,45.619999,-6.6199,-7.1679,-12.5603,-12.9987,-26.3481
2023Q2,MNST,$2B-$10B,2,2,2,1,1,8,strong,,,,,,,2023-05-05,59.250000,0.7933,-3.2405,0.0169,-3.8481,-2.1435
2023Q2,MO,$2B-$10B,2,2,2,1,0,7,strong,,,,,,,2023-04-28,47.470001,-1.8117,-5.0558,-6.6358,-6.5936,-3.9393
2023Q2,MOD,$1B-$2B,1,1,-1,0,2,3,good,,Tier 0 - Broad right-tail scouting universe,,,,,2023-05-25,23.430000,26.6752,36.3636,33.1626,52.1127,97.5672
2023Q2,MORN,$1B-$2B,2,2,2,1,0,7,strong,,,,,,,2023-04-28,172.339996,8.6167,12.9047,20.0998,9.3768,33.6834
2023Q2,MOS,$2B-$10B,1,2,1,1,0,5,good,,,,,,,2023-05-04,42.080002,-13.0228,-16.4449,-21.0076,-15.0665,-3.2082
2023Q2,MOV,$100M-$500M,2,-1,-1,1,0,1,mixed,,,,,,,2023-05-26,25.660000,2.3383,1.7537,5.4170,8.6126,2.1824
2023Q2,MPAA,$100M-$500M,1,-1,-1,0,0,-1,weak,,Tier 0 - Broad right-tail scouting universe,Tier 1 - Balanced priority feed,Tier 2 - High-priority compact feed,Tier 3 - Revised dislocation feed,,2023-06-14,6.150000,13.1707,25.3659,29.5935,39.3496,23.7398
2023Q2,MPWR,$500M-$1B,2,2,2,1,1,8,strong,,,,,,,2023-05-05,405.049988,1.8541,20.5580,20.2691,29.1841,31.5097
2023Q2,MQ,$100M-$500M,-1,-1,-1,1,0,-2,weak,,Tier 0 - Broad right-tail scouting universe,Tier 1 - Balanced priority feed,Tier 2 - High-priority compact feed,Tier 3 - Revised dislocation feed,"Tier 4 - Ultra-distressed tag, not a production tier",2023-05-10,4.410000,7.4830,7.4830,7.2562,14.2857,12.4717
2023Q2,MRCY,$100M-$500M,-1,1,-1,-1,0,-2,weak,,,,,,,2023-05-03,35.880001,16.9175,13.3222,14.3534,-2.5362,5.7414
2023Q2,MRNA,$2B-$10B,2,2,-1,1,0,4,good,,,,,,,2023-05-05,134.649994,-3.2603,-6.0750,-4.2703,-8.2510,-18.3439
2023Q2,MRSH,$2B-$10B,2,-1,-1,-1,0,-1,weak,,,,,,,2023-04-21,180.000000,0.8389,0.2056,-0.1556,0.5833,5.1111
2023Q2,MRVL,$2B-$10B,-1,2,2,1,0,4,good,,,,,,,2023-05-26,58.669998,-1.0908,5.7269,-1.5681,8.9143,-2.3521
2023Q2,MSCI,$500M-$1B,2,2,2,1,0,7,strong,,,,,,,2023-04-26,463.299988,2.0678,-1.3641,2.7045,-0.0108,18.3251
2023Q2,MSGE,$100M-$500M,-1,2,2,1,0,4,good,,,,,,,2023-05-19,36.099998,-1.9668,1.7452,9.8061,-2.1607,-15.0970
2023Q2,MSI,$1B-$2B,2,1,-1,1,0,3,good,,,,,,,2023-05-05,285.119995,2.3709,-1.0943,-0.6559,2.6726,0.9084
2023Q2,MTB,$2B-$10B,2,2,-1,-1,0,2,mixed,,,,,,,2023-04-18,126.489998,-0.5455,-8.1113,-3.1149,-3.3916,3.8422
2023Q2,MTD,$2B-$10B,2,2,2,1,2,9,strong,,,,,,,2023-05-05,1475.000000,-6.0339,-10.7153,-9.4766,-11.5451,-13.9586
2023Q2,MTH,$2B-$10B,2,2,2,1,0,7,strong,,,,,,,2023-04-27,60.924999,4.2101,0.1149,-2.8560,10.9069,15.4534
2023Q2,MTRN,$100M-$500M,1,-1,-1,0,0,-1,weak,,,,,,,2023-05-04,117.000000,-12.0171,-12.6667,-10.2906,-1.6752,-7.7692
2023Q2,MTRX,$100M-$500M,-1,1,1,1,1,3,good,,Tier 0 - Broad right-tail scouting universe,Tier 1 - Balanced priority feed,Tier 2 - High-priority compact feed,,,2023-05-09,5.450000,8.6239,0.9174,8.2569,14.6789,18.1651
2023Q2,MTSI,$100M-$500M,2,2,1,1,0,6,strong,,,,,,,2023-05-05,55.599998,2.7698,4.9460,6.4029,13.5612,34.4424
2023Q2,MTUS,$100M-$500M,2,1,1,1,0,5,good,,Tier 0 - Broad right-tail scouting universe,,,,,2023-05-05,17.490000,-2.9731,0.4574,3.8879,20.6975,26.5294
2023Q2,MTW,$1B-$2B,-1,-1,-1,1,1,-1,weak,,Tier 0 - Broad right-tail scouting universe,,,,,2023-05-03,17.490000,-11.5495,-12.8645,-7.4900,7.8902,7.7759
2023Q2,MTX,$1B-$2B,1,2,2,1,0,6,strong,,,,,,,2023-04-28,57.490002,7.1665,6.7142,-1.4959,-2.5918,3.1136
2023Q2,MUR,$500M-$1B,-1,2,2,1,0,4,good,,,,,,,2023-05-04,34.070000,-0.7044,9.7446,7.7488,12.0634,22.7179
2023Q2,MWA,$100M-$500M,1,1,1,1,0,4,good,,Tier 0 - Broad right-tail scouting universe,Tier 1 - Balanced priority feed,,,,2023-05-09,14.290000,-3.1491,-2.7292,7.4878,14.6956,-4.0588
2023Q2,MXL,$100M-$500M,2,2,2,1,0,7,strong,,,,,,,2023-04-27,26.110001,-8.6557,1.0724,13.3665,8.9621,13.4048
2023Q2,MYE,$100M-$500M,1,1,1,1,0,4,good,,Tier 0 - Broad right-tail scouting universe,,,,,2023-05-05,18.780001,1.4909,3.1949,3.6209,2.6624,-0.0532
2023Q2,MYGN,$500M-$1B,-1,1,2,1,0,3,good,,Tier 0 - Broad right-tail scouting universe,,,,,2023-05-04,19.150000,-1.7232,19.7911,17.2846,21.2533,11.1749
2023Q2,MZTI,$1B-$2B,1,1,-1,1,2,4,good,,,,,,,2023-05-05,216.449997,-1.5154,-5.1190,-7.6507,-7.6507,-10.6537
2023Q2,NATR,$100M-$500M,-1,-1,-1,1,0,-2,weak,,Tier 0 - Broad right-tail scouting universe,Tier 1 - Balanced priority feed,,Tier 3 - Revised dislocation feed,,2023-05-10,10.970000,1.9143,1.5497,10.0273,21.3309,29.8997
2023Q2,NBIX,$100M-$500M,1,-1,-1,0,0,-1,weak,,,,,,,2023-05-04,98.849998,-0.7081,-6.3126,-5.0481,-4.4208,5.3515
2023Q2,NBR,$2B-$10B,-1,2,2,1,0,4,good,,,,,,,2023-04-26,107.970001,-11.1698,-20.7928,-16.2267,-12.6517,8.5765
2023Q2,NBTB,$100M-$500M,2,2,-1,-1,0,2,mixed,,,,,,,2023-04-25,33.270000,-4.6288,-0.0301,4.2681,-3.8473,8.6565
2023Q2,NCLH,$1B-$2B,-1,-1,-1,-1,0,-4,weak,,Tier 0 - Broad right-tail scouting universe,Tier 1 - Balanced priority feed,,Tier 3 - Revised dislocation feed,,2023-05-02,14.460000,-8.4371,-0.8990,7.2614,51.5214,52.6279
2023Q2,NCNO,<$100M,-1,1,-1,0,0,-1,weak,,Tier 0 - Broad right-tail scouting universe,,,,,2023-06-01,22.040001,12.3866,33.6661,36.3430,46.7786,46.7786
2023Q2,NDAQ,$2B-$10B,2,2,2,-1,0,5,good,,,,,,,2023-04-20,57.380001,-4.0607,-3.7992,-3.3461,-10.0383,-12.1122
2023Q2,NDLS,$100M-$500M,-1,1,-1,1,2,2,mixed,,,,,,,2023-05-11,36.480000,-26.9737,-26.5351,-25.0000,-30.9210,-27.4123
2023Q2,NDSN,$500M-$1B,2,2,-1,1,0,4,good,,,,,,,2023-05-23,216.960007,4.7290,7.4253,9.0155,12.8826,6.3284
2023Q2,NE,$100M-$500M,-1,-1,-1,1,0,-2,weak,,,,,,,2023-05-05,37.849998,-1.1625,4.2536,6.1823,14.8217,39.1810
2023Q2,NEM,$2B-$10B,2,2,2,1,0,7,strong,,,,,,,2023-04-28,47.990002,0.6251,-9.8354,-15.8158,-11.5232,-12.2526
2023Q2,NEO,$100M-$500M,1,1,-1,-1,0,0,mixed,,Tier 0 - Broad right-tail scouting universe,,,,,2023-05-09,17.889999,0.0000,-4.8630,-2.9625,-5.1984,-11.6825
2023Q2,NET,$100M-$500M,-1,-1,-1,1,0,-2,weak,,,,,,,2023-04-28,44.410000,4.2783,31.7721,48.9755,43.9541,45.8230
2023Q2,NEWT,$100M-$500M,2,2,,1,0,,not_scored,fcf_proxy_score,,,,,,2023-05-10,11.880000,1.0943,4.5455,23.0640,40.9091,61.1953
2023Q2,NEWTG,$100M-$500M,2,2,,1,0,,not_scored,fcf_proxy_score,,,,,,2024-05-31,24.799999,1.2097,1.2097,0.9274,1.3306,3.2258
2023Q2,NFE,$500M-$1B,2,2,-1,0,0,3,good,,,,,,,2023-05-05,31.120001,-6.2661,-15.8098,-5.8483,-13.2391,-9.8329
2023Q2,NFLX,>$10B,2,1,2,0,1,6,strong,,,,,,,2023-04-19,32.421001,-0.0278,2.4459,12.6924,34.0798,46.4483
2023Q2,NGVT,$1B-$2B,2,2,2,1,0,7,strong,,,,,,,2023-05-04,66.720001,-18.8100,-23.5012,-22.4670,-12.1403,-7.9736
2023Q2,NI,$1B-$2B,2,2,2,1,0,7,strong,,,,,,,2023-05-04,28.240000,-0.7082,-3.5057,-5.2054,-2.9037,-1.8768
2023Q2,NJR,$500M-$1B,2,2,1,1,0,6,strong,,,,,,,2023-05-05,51.259998,-3.0043,-4.6625,-4.3309,-8.1935,-13.5778
2023Q2,NMIH,$100M-$500M,2,2,-1,-1,0,2,mixed,,Tier 0 - Broad right-tail scouting universe,,,,,2023-05-03,23.100000,3.6364,8.1385,12.9870,13.3766,16.7532
2023Q2,NMRK,$1B-$2B,1,-1,-1,-1,0,-2,weak,,Tier 0 - Broad right-tail scouting universe,Tier 1 - Balanced priority feed,Tier 2 - High-priority compact feed,Tier 3 - Revised dislocation feed,,2023-05-08,5.820000,1.3746,1.3746,14.7766,7.2165,35.3952
2023Q2,NNBR,$100M-$500M,-1,1,2,1,1,4,good,,Tier 0 - Broad right-tail scouting universe,Tier 1 - Balanced priority feed,Tier 2 - High-priority compact feed,,"Tier 4 - Ultra-distressed tag, not a production tier",2023-05-05,1.050000,23.8095,60.9524,80.9524,133.3333,183.8095
2023Q2,NOC,$2B-$10B,2,-1,-1,1,0,1,mixed,,,,,,,2023-04-28,460.369995,-3.9381,-3.6427,-4.8244,-2.5914,-3.2713
2023Q2,NOG,$500M-$1B,-1,2,2,1,0,4,good,,,,,,,2023-04-20,33.160000,0.5127,-6.0012,-3.7998,0.1809,8.2328
2023Q2,NOVT,$100M-$500M,1,1,1,1,0,4,good,,,,,,,2023-05-10,160.960007,3.9699,3.5288,4.2619,11.5432,-4.9453
2023Q2,NPKI,$100M-$500M,-1,2,2,1,1,5,good,,Tier 0 - Broad right-tail scouting universe,Tier 1 - Balanced priority feed,Tier 2 - High-priority compact feed,,"Tier 4 - Ultra-distressed tag, not a production tier",2023-05-03,3.880000,-1.8041,3.3505,6.4433,34.5361,43.5567
2023Q2,NPO,$1B-$2B,1,1,1,1,0,4,good,,,,,,,2023-05-03,99.230003,-4.4644,1.2395,9.5939,35.1507,41.4492
2023Q2,NRDS,$100M-$500M,-1,1,-1,0,0,-1,weak,,Tier 0 - Broad right-tail scouting universe,Tier 1 - Balanced priority feed,,Tier 3 - Revised dislocation feed,,2023-05-03,11.110000,-19.4419,-12.1512,-9.0009,-14.4014,-4.4104
2023Q2,NRG,$2B-$10B,2,2,2,0,0,6,strong,,,,,,,2023-05-05,31.520000,7.1700,6.1548,5.0761,21.6688,19.4797
2023Q2,NSC,$2B-$10B,2,2,2,0,0,6,strong,,,,,,,2023-04-27,200.899994,3.0762,7.0085,5.1220,10.4281,17.9343
2023Q2,NSIT,$2B-$10B,1,-1,-1,-1,1,-1,weak,,,,,,,2023-05-03,120.150002,2.9297,9.5963,13.9742,21.8310,21.8310
2023Q2,NSP,$1B-$2B,1,1,1,1,1,5,good,,,,,,,2023-04-27,120.160004,-3.8782,-8.4720,-8.1308,-2.4134,1.5812
2023Q2,NSSC,$100M-$500M,1,1,2,0,1,5,good,,,,,,,2023-05-09,33.880001,4.4274,11.4227,12.4852,0.2952,8.3235
2023Q2,NTAP,$2B-$10B,2,2,2,1,0,7,strong,,,,,,,2023-06-01,70.300003,1.5932,3.3428,8.7482,10.9673,8.7198
2023Q2,NTCT,$500M-$1B,1,2,2,1,0,6,strong,,,,,,,2023-05-05,28.730000,3.2370,8.1796,5.3951,5.5691,-2.4365
2023Q2,NTGR,$1B-$2B,1,2,2,1,2,8,strong,,Tier 0 - Broad right-tail scouting universe,Tier 1 - Balanced priority feed,,,,2023-04-27,14.650000,-5.2560,-5.5973,-4.4369,-6.8942,-1.4334
2023Q2,NTNX,$500M-$1B,-1,1,2,0,0,2,mixed,,,,,,,2023-05-25,29.115000,1.7688,1.6315,-7.5391,3.0053,8.9816
2023Q2,NTRA,$100M-$500M,-1,-1,-1,-1,0,-4,weak,,,,,,,2023-05-10,54.389999,-2.4085,-13.4400,-11.0498,-11.1785,-3.0704
2023Q2,NTRS,$2B-$10B,2,2,-1,-1,0,2,mixed,,,,,,,2023-04-26,77.220001,-5.4390,-9.8032,-5.9570,-7.0448,1.4633
2023Q2,NUE,>$10B,1,2,1,0,2,6,strong,,,,,,,2023-04-21,154.619995,-4.2750,-11.0658,-9.4813,-3.2984,7.3729
2023Q2,NUS,$2B-$10B,1,2,2,1,2,8,strong,,,,,,,2023-05-04,38.910000,-3.8294,-10.4600,-13.2871,-13.8011,-29.4012
2023Q2,NVDA,>$10B,2,2,-1,-1,0,2,mixed,,,,,,,2023-05-25,38.522999,1.6821,11.6138,5.4747,15.8061,22.3062
2023Q2,NVR,$2B-$10B,2,2,2,0,2,8,strong,,,,,,,2023-04-26,5736.970215,2.0307,2.6235,-2.0814,7.1834,10.8796
2023Q2,NVRI,$100M-$500M,-1,-1,-1,-1,0,-4,weak,,Tier 0 - Broad right-tail scouting universe,Tier 1 - Balanced priority feed,Tier 2 - High-priority compact feed,Tier 3 - Revised dislocation feed,,2023-05-04,7.870000,17.6620,14.4854,6.2262,26.1754,8.0051
2023Q2,NWL,$2B-$10B,1,-1,2,1,0,3,good,,Tier 0 - Broad right-tail scouting universe,Tier 1 - Balanced priority feed,,,,2023-05-01,11.960000,-20.5686,-25.3344,-30.5184,-27.2575,-6.6890
2023Q2,NWN,$100M-$500M,2,2,2,1,0,7,strong,,,,,,,2023-05-05,46.360001,-2.9336,-5.5220,-7.9810,-7.4849,-8.3693
2023Q2,NWS,$2B-$10B,1,1,1,1,0,4,good,,Tier 0 - Broad right-tail scouting universe,,,,,2023-05-12,17.980000,3.6707,5.0056,6.8409,11.6796,15.1835
2023Q2,NWSA,$2B-$10B,1,1,1,1,0,4,good,,Tier 0 - Broad right-tail scouting universe,,,,,2023-05-12,18.240000,1.5899,2.4671,4.1667,9.2105,11.3487
2023Q2,NXPI,$2B-$10B,2,2,2,1,0,7,strong,,,,,,,2023-05-03,172.250000,-2.5080,1.6313,5.4282,20.2496,29.7417
2023Q2,NXST,$1B-$2B,2,2,2,1,0,7,strong,,,,,,,2023-05-10,164.360001,-2.2694,-7.1489,0.6997,4.9282,7.5262
2023Q2,NXT,$1B-$2B,1,-1,-1,1,2,2,mixed,,,,,,,2023-05-11,35.500000,12.6197,7.7465,16.3662,8.5634,15.2676
2023Q2,O,$1B-$2B,2,2,-1,-1,0,2,mixed,,,,,,,2023-05-04,61.160000,1.2753,-3.3846,-1.9130,-1.5697,-1.2917
2023Q2,ODFL,$500M-$1B,2,2,2,1,0,7,strong,,,,,,,2023-04-27,152.589996,2.1168,-0.4653,4.0632,9.6206,37.8695
2023Q2,OEC,$100M-$500M,1,-1,-1,-1,0,-2,weak,,,,,,,2023-05-05,25.450001,-4.8723,-2.5933,0.4715,-17.0138,-16.5422
2023Q2,OFIX,$100M-$500M,-1,-1,-1,1,0,-2,weak,,Tier 0 - Broad right-tail scouting universe,,,,,2023-05-10,18.459999,10.0217,1.1376,3.2503,-0.1625,-2.7086
2023Q2,OGS,$1B-$2B,2,2,-1,0,0,3,good,,,,,,,2023-05-02,78.610001,4.0071,2.6969,1.2975,-1.9845,0.6615
2023Q2,OI,$2B-$10B,1,2,2,1,0,6,strong,,Tier 0 - Broad right-tail scouting universe,,,,,2023-04-26,23.090000,-6.8428,-9.3980,-5.1537,-11.6501,1.1693
2023Q2,OII,$1B-$2B,-1,1,1,1,1,3,good,,Tier 0 - Broad right-tail scouting universe,,,,,2023-04-27,16.830000,0.6536,-2.5550,-6.0606,5.8229,40.4635
2023Q2,OKE,$2B-$10B,1,2,-1,-1,0,1,mixed,,,,,,,2023-05-03,62.099998,-6.6828,-5.7327,-5.4106,0.4831,7.2464
2023Q2,OKTA,$500M-$1B,-1,2,-1,-1,0,-1,weak,,,,,,,2023-06-01,74.139999,-1.4162,-5.1120,-6.5821,3.6687,-0.7688
2023Q2,OLED,$100M-$500M,2,2,2,1,0,7,strong,,,,,,,2023-05-04,131.500000,6.0913,10.9734,11.2852,9.4601,6.7072
2023Q2,OLLI,$100M-$500M,1,-1,-1,1,0,0,mixed,,,,,,,2023-06-08,61.810001,-5.3551,-5.8081,8.3158,17.2788,19.4305
2023Q2,OMC,>$10B,1,2,2,1,0,6,strong,,,,,,,2023-04-19,95.949997,-3.9291,-4.4607,-2.7618,-2.3971,2.0532
2023Q2,OMCL,$500M-$1B,1,2,-1,-1,0,1,mixed,,,,,,,2023-05-03,62.740002,11.6194,14.7912,17.9152,16.2894,-1.6576
2023Q2,ON,$1B-$2B,2,2,2,1,0,7,strong,,,,,,,2023-05-02,79.379997,2.4691,7.3822,10.7962,21.9829,35.7395
2023Q2,ONC,$100M-$500M,-1,-1,-1,-1,0,-4,weak,,,,,,,2023-04-26,245.009995,3.6366,-2.4938,-3.3101,-26.4969,-19.6972
2023Q2,ONEW,$100M-$500M,1,-1,-1,-1,0,-2,weak,,,,,,,2023-05-05,27.440001,2.3688,1.3848,8.7099,29.1910,-3.4621
2023Q2,ONTO,$100M-$500M,2,2,2,1,0,7,strong,,,,,,,2023-05-05,82.010002,13.9373,25.2530,30.5085,33.8983,45.6652
2023Q2,OPCH,$2B-$10B,-1,1,1,1,2,4,good,,Tier 0 - Broad right-tail scouting universe,,,,,2023-05-04,24.910000,7.7479,11.9229,21.8386,30.1485,35.0462
2023Q2,OPLN,$1B-$2B,1,2,2,0,0,5,good,,Tier 0 - Broad right-tail scouting universe,Tier 1 - Balanced priority feed,,,,2023-05-03,14.500000,3.7931,6.6207,6.2759,4.2759,9.3793
2023Q2,OPTU,$2B-$10B,1,2,2,1,0,6,strong,,Tier 0 - Broad right-tail scouting universe,Tier 1 - Balanced priority feed,Tier 2 - High-priority compact feed,,"Tier 4 - Ultra-distressed tag, not a production tier",2023-05-04,3.140000,-10.8280,-21.6561,-17.1975,1.5924,-1.2739
2023Q2,ORGO,<$100M,-1,1,-1,1,0,0,mixed,,Tier 0 - Broad right-tail scouting universe,Tier 1 - Balanced priority feed,Tier 2 - High-priority compact feed,Tier 3 - Revised dislocation feed,"Tier 4 - Ultra-distressed tag, not a production tier",2023-05-11,2.350000,45.1064,54.4681,74.8936,40.4255,44.2553
2023Q2,ORLY,>$10B,2,2,2,1,1,8,strong,,,,,,,2023-04-27,58.930668,7.0908,6.2752,4.9912,5.3950,9.2380
2023Q2,ORN,$500M-$1B,1,1,2,1,2,7,strong,,Tier 0 - Broad right-tail scouting universe,Tier 1 - Balanced priority feed,Tier 2 - High-priority compact feed,,"Tier 4 - Ultra-distressed tag, not a production tier",2023-05-11,2.590000,-2.3166,-6.5637,-0.3861,10.0386,43.2432
2023Q2,OSIS,$500M-$1B,1,1,-1,0,1,2,mixed,,,,,,,2023-04-28,111.120003,6.4345,5.5705,7.4694,6.6865,6.2005
2023Q2,OSUR,<$100M,-1,-1,-1,1,0,-2,weak,,Tier 0 - Broad right-tail scouting universe,Tier 1 - Balanced priority feed,Tier 2 - High-priority compact feed,Tier 3 - Revised dislocation feed,,2023-05-11,7.180000,-25.7660,-29.9443,-25.3482,-36.6295,-12.9526
2023Q2,OSW,$100M-$500M,-1,-1,-1,-1,0,-4,weak,,Tier 0 - Broad right-tail scouting universe,Tier 1 - Balanced priority feed,,Tier 3 - Revised dislocation feed,,2023-05-04,12.450000,-4.8996,-13.2530,-12.0482,-2.9719,-4.6586
2023Q2,OTEX,$2B-$10B,2,2,-1,-1,0,2,mixed,,,,,,,2023-05-05,38.880001,4.8097,4.9126,9.5422,4.7840,4.1152
2023Q2,OTIS,>$10B,1,2,2,1,2,8,strong,,,,,,,2023-04-27,82.830002,3.5374,1.1107,-1.9317,5.1793,9.5376
2023Q2,OTTR,$500M-$1B,2,2,-1,-1,0,2,mixed,,,,,,,2023-05-03,75.599998,2.4471,2.2222,-0.1587,4.3519,17.4339
2023Q2,OUT,$1B-$2B,-1,2,2,-1,0,2,mixed,,Tier 0 - Broad right-tail scouting universe,,,,,2023-05-04,15.983607,-7.5641,-10.1923,-6.7308,1.6026,-5.4487
2023Q2,OXY,$2B-$10B,2,2,2,1,0,7,strong,,,,,,,2023-05-10,58.270000,1.3214,0.5492,1.8020,0.7379,9.4045
2023Q2,PAHC,$500M-$1B,1,1,1,0,1,4,good,,Tier 0 - Broad right-tail scouting universe,Tier 1 - Balanced priority feed,,,,2023-05-04,14.990000,-3.8025,-12.8752,-11.5410,-8.2055,-0.8672
2023Q2,PANL,$100M-$500M,2,2,2,1,0,7,strong,,Tier 0 - Broad right-tail scouting universe,Tier 1 - Balanced priority feed,Tier 2 - High-priority compact feed,,,2023-05-11,6.150000,-1.2195,-6.6667,1.3008,12.3577,13.3333
2023Q2,PANW,$2B-$10B,-1,2,2,1,0,4,good,,,,,,,2023-05-24,98.114998,15.5736,19.0593,24.3133,24.0024,19.5332
2023Q2,PAR,<$100M,-1,-1,-1,1,0,-2,weak,,,,,,,2023-05-11,28.500000,26.7719,21.2982,32.8421,14.6316,26.2456
2023Q2,PARR,$2B-$10B,-1,-1,-1,0,2,-1,weak,,Tier 0 - Broad right-tail scouting universe,,,,,2023-05-05,21.430000,2.0065,-1.9132,2.5665,26.5049,49.4167
2023Q2,PATK,$2B-$10B,1,1,-1,0,1,2,mixed,,,,,,,2023-04-28,45.520000,-3.7639,1.6110,-2.7534,14.8653,24.1799
2023Q2,PAYC,$500M-$1B,2,2,2,1,0,7,strong,,,,,,,2023-05-03,291.149994,-6.6735,-2.4661,0.7453,9.7785,27.3502
2023Q2,PAYO,$100M-$500M,2,1,2,-1,0,4,good,,Tier 0 - Broad right-tail scouting universe,Tier 1 - Balanced priority feed,Tier 2 - High-priority compact feed,,,2023-05-10,5.080000,-9.4488,-18.5039,-11.4173,-4.9213,11.2205
2023Q2,PBF,$2B-$10B,-1,1,1,0,1,2,mixed,,,,,,,2023-05-08,32.980000,14.6452,16.8587,23.9236,25.7429,40.6004
2023Q2,PBH,$500M-$1B,2,2,-1,0,0,3,good,,,,,,,2023-05-05,62.090000,-5.5565,-6.0235,-9.3574,-5.7336,7.1348
2023Q2,PBI,$2B-$10B,-1,1,2,1,1,4,good,,Tier 0 - Broad right-tail scouting universe,Tier 1 - Balanced priority feed,Tier 2 - High-priority compact feed,,"Tier 4 - Ultra-distressed tag, not a production tier",2023-05-05,2.940000,3.7415,10.5442,13.6054,16.3265,16.3265
2023Q2,PCAR,>$10B,1,2,2,1,1,7,strong,,,,,,,2023-04-26,74.480003,-2.2825,-5.3169,-4.2025,6.3507,15.8835
2023Q2,PCG,$2B-$10B,1,2,-1,-1,0,1,mixed,,Tier 0 - Broad right-tail scouting universe,,,,,2023-05-05,17.200001,-0.7558,-4.4767,-2.1512,3.6046,0.6395
2023Q2,PCTY,$100M-$500M,2,1,-1,-1,0,1,mixed,,,,,,,2023-05-05,177.690002,-4.6486,-3.6074,5.0369,3.1234,19.7028
2023Q2,PD,$100M-$500M,-1,1,-1,-1,0,-2,weak,,Tier 0 - Broad right-tail scouting universe,,,,,2023-06-02,23.650000,-6.1311,-7.8224,-4.8203,6.8499,8.9218
2023Q2,PDM,$100M-$500M,2,2,2,1,0,7,strong,,Tier 0 - Broad right-tail scouting universe,Tier 1 - Balanced priority feed,Tier 2 - High-priority compact feed,,,2023-05-02,6.280000,1.2739,5.7325,-2.3885,21.0191,18.4713
2023Q2,PEB,$100M-$500M,-1,2,2,1,0,4,good,,Tier 0 - Broad right-tail scouting universe,Tier 1 - Balanced priority feed,,,,2023-04-27,14.160000,2.6836,-0.6356,-3.6017,-7.6271,0.5650
2023Q2,PECO,$100M-$500M,1,2,2,1,0,6,strong,,,,,,,2023-05-03,31.180000,-4.5863,-5.5484,-3.2072,9.6857,13.8550
2023Q2,PEG,$2B-$10B,-1,2,2,1,0,4,good,,,,,,,2023-05-03,63.439999,-1.4029,-3.3575,-3.7831,-0.8985,-0.3783
2023Q2,PEGA,$100M-$500M,-1,1,1,1,0,2,mixed,,Tier 0 - Broad right-tail scouting universe,,,,,2023-04-27,22.025000,-0.4086,-0.0908,8.5358,8.9898,25.1532
2023Q2,PENG,$500M-$1B,1,1,1,-1,1,3,good,,Tier 0 - Broad right-tail scouting universe,,,,,2023-04-05,16.090000,1.0566,-9.7576,2.5482,39.7141,68.1790
2023Q2,PENN,$1B-$2B,1,2,2,1,0,6,strong,,,,,,,2023-05-05,26.219999,-6.4455,-4.7674,-1.5637,-7.5896,-6.2548
2023Q2,PFG,>$10B,1,2,-1,-1,0,1,mixed,,,,,,,2023-04-28,70.809998,0.8332,-1.3416,-3.3611,5.1970,17.4975
2023Q2,PGNY,$100M-$500M,2,2,-1,1,1,5,good,,,,,,,2023-05-09,36.220001,2.5124,2.7885,13.0315,5.6046,13.1971
2023Q2,PHM,$2B-$10B,2,1,2,1,0,6,strong,,,,,,,2023-04-26,64.709999,4.7442,7.1859,1.7926,17.4934,28.9136
2023Q2,PII,$1B-$2B,1,-1,-1,1,0,0,mixed,,,,,,,2023-04-26,107.690002,-1.8758,-4.5780,0.4272,8.8495,23.3262
2023Q2,PJT,$1B-$2B,2,2,2,1,2,9,strong,,,,,,,2023-05-03,63.980000,0.0313,5.4548,7.0960,9.8468,26.0081
2023Q2,PKG,$2B-$10B,1,2,2,1,1,7,strong,,,,,,,2023-04-26,132.809998,2.4245,-4.3747,-4.2241,-1.4231,14.9386
2023Q2,PKOH,$1B-$2B,-1,-1,-1,0,1,-2,weak,,Tier 0 - Broad right-tail scouting universe,Tier 1 - Balanced priority feed,,Tier 3 - Revised dislocation feed,,2023-05-04,13.760000,16.9331,11.6279,20.1308,38.8808,42.9506
2023Q2,PLAB,$100M-$500M,2,2,2,1,0,7,strong,,Tier 0 - Broad right-tail scouting universe,,,,,2023-05-25,18.920000,13.9006,24.5772,21.8816,34.2495,22.2516
2023Q2,PLCE,$1B-$2B,-1,-1,-1,0,2,-1,weak,,Tier 0 - Broad right-tail scouting universe,,,,,2023-05-25,18.680000,-16.9700,2.2484,13.1156,57.8694,44.5396
2023Q2,PLD,$2B-$10B,2,2,-1,1,0,4,good,,,,,,,2023-04-19,123.900002,-1.2107,1.6303,-0.6780,-2.4697,0.0807
2023Q2,PLPC,$100M-$500M,1,1,2,1,1,6,strong,,,,,,,2023-05-04,131.380005,14.7968,17.0193,14.1726,21.5253,35.8654
2023Q2,PLTK,$500M-$1B,2,1,-1,1,0,3,good,,Tier 0 - Broad right-tail scouting universe,Tier 1 - Balanced priority feed,,,,2023-05-05,10.140000,3.0572,-0.6903,0.1972,14.4970,11.7357
2023Q2,PLTR,$1B-$2B,-1,-1,-1,-1,0,-4,weak,,Tier 0 - Broad right-tail scouting universe,Tier 1 - Balanced priority feed,Tier 2 - High-priority compact feed,Tier 3 - Revised dislocation feed,,2023-05-09,9.220000,27.0065,59.5445,64.7505,76.7896,95.1193
2023Q2,PLUS,$1B-$2B,1,1,2,1,2,7,strong,,,,,,,2023-06-01,49.389999,13.6667,13.2820,13.4845,14.0919,35.3918
2023Q2,PLXS,$1B-$2B,1,-1,-1,0,1,0,mixed,,,,,,,2023-04-27,88.129997,-2.0197,-1.3730,3.7104,5.6054,15.8856
2023Q2,PM,>$10B,2,2,2,1,1,8,strong,,,,,,,2023-04-21,97.940002,1.4397,-2.9610,-4.9724,-3.1856,0.2450
2023Q2,PMTS,$100M-$500M,1,-1,-1,0,0,-1,weak,,,,,,,2023-05-10,30.200001,-10.3642,-13.9735,-23.7417,-27.3510,-6.5894
2023Q2,PNC,>$10B,2,2,-1,-1,0,2,mixed,,,,,,,2023-04-17,120.180000,6.5236,-2.6544,-0.7738,6.8980,5.8080
2023Q2,PNR,$500M-$1B,2,-1,-1,-1,0,-1,weak,,,,,,,2023-04-28,57.910000,1.1224,2.6593,-1.2606,8.2715,18.8223
2023Q2,PNTG,$100M-$500M,1,-1,-1,0,0,-1,weak,,Tier 0 - Broad right-tail scouting universe,Tier 1 - Balanced priority feed,,Tier 3 - Revised dislocation feed,,2023-05-05,13.230000,-8.0121,-12.3205,-4.9887,-13.4543,-14.2857
2023Q2,PNW,$500M-$1B,1,2,-1,0,0,2,mixed,,,,,,,2023-05-05,78.949997,1.5200,-3.2426,-1.5073,4.7245,0.4433
2023Q2,PODD,$500M-$1B,1,1,2,-1,0,3,good,,,,,,,2023-05-05,325.959991,-1.5861,-15.0049,-12.8513,-13.4894,-18.6158
2023Q2,POOL,$2B-$10B,1,2,2,1,2,8,strong,,,,,,,2023-04-21,340.559998,1.8264,2.1964,0.6284,3.8026,6.0753
2023Q2,POR,$500M-$1B,1,2,2,1,0,6,strong,,,,,,,2023-05-01,50.689999,0.0000,-2.5252,-3.8666,-7.6149,-5.9578
2023Q2,POWI,$100M-$500M,2,2,2,1,0,7,strong,,,,,,,2023-05-05,77.949997,2.5914,9.8910,11.5330,17.7165,15.4715
2023Q2,POWL,$100M-$500M,-1,-1,-1,1,0,-2,weak,,Tier 0 - Broad right-tail scouting universe,,,,,2023-05-04,16.466667,16.0729,17.8138,23.3198,23.3198,73.1579
2023Q2,PPC,$2B-$10B,1,1,1,0,0,3,good,,Tier 0 - Broad right-tail scouting universe,,,,,2023-04-28,22.490000,0.8448,4.9800,0.2223,-9.3820,9.3820
2023Q2,PPG,>$10B,1,2,1,1,1,6,strong,,,,,,,2023-04-04,139.970001,-1.1074,2.1362,-3.1935,-1.4646,6.5014
2023Q2,PPL,$1B-$2B,2,2,1,-1,0,4,good,,,,,,,2023-05-05,28.620001,-1.6772,-9.1544,-6.9532,-6.6387,-6.9532
2023Q2,PRGS,$100M-$500M,2,2,2,1,0,7,strong,,,,,,,2023-06-30,56.000000,2.1250,3.7500,7.2500,10.3929,-4.7321
2023Q2,PRSU,$100M-$500M,-1,-1,-1,-1,0,-4,weak,,Tier 0 - Broad right-tail scouting universe,,,,,2023-05-05,20.620001,10.6692,16.8768,19.6411,27.5946,32.1532
2023Q2,PSA,$500M-$1B,2,2,2,1,0,7,strong,,,,,,,2023-05-04,283.489990,3.7038,-0.0353,-0.1199,3.3511,-1.6650
2023Q2,PTC,$100M-$500M,2,2,2,1,0,7,strong,,,,,,,2023-04-27,124.779999,3.8548,5.4816,6.3392,10.8351,15.5554
2023Q2,PTCT,$100M-$500M,-1,-1,-1,0,0,-3,weak,,,,,,,2023-04-28,55.380001,0.3070,4.9657,-25.6771,-25.7313,-30.0469
2023Q2,PTEN,$1B-$2B,-1,2,2,1,0,4,good,,Tier 0 - Broad right-tail scouting universe,Tier 1 - Balanced priority feed,,,,2023-04-28,11.330000,-6.7961,-3.1774,-9.8853,4.5013,37.1580
2023Q2,PTLO,$100M-$500M,1,1,-1,1,0,2,mixed,,Tier 0 - Broad right-tail scouting universe,,,,,2023-05-05,21.670000,-3.7840,-9.1371,-1.9382,2.9072,-9.9677
2023Q2,PTON,$2B-$10B,-1,-1,-1,-1,1,-3,weak,,Tier 0 - Broad right-tail scouting universe,Tier 1 - Balanced priority feed,Tier 2 - High-priority compact feed,Tier 3 - Revised dislocation feed,,2023-05-05,7.750000,-4.0000,-9.8065,5.5484,6.1935,16.7742
2023Q2,PUMP,$500M-$1B,-1,2,2,1,1,5,good,,Tier 0 - Broad right-tail scouting universe,Tier 1 - Balanced priority feed,Tier 2 - High-priority compact feed,,,2023-05-04,6.350000,5.8268,20.1575,15.9055,32.7559,48.9764
2023Q2,PWP,$100M-$500M,1,-1,-1,1,0,0,mixed,,Tier 0 - Broad right-tail scouting universe,Tier 1 - Balanced priority feed,Tier 2 - High-priority compact feed,Tier 3 - Revised dislocation feed,,2023-05-05,7.500000,7.3333,6.1333,6.5333,9.7333,39.3333
2023Q2,PWR,$2B-$10B,1,1,-1,0,0,1,mixed,,,,,,,2023-05-05,167.800003,4.1776,3.0095,6.8117,16.2992,21.1800
2023Q2,PYPL,>$10B,2,2,-1,-1,0,2,mixed,,,,,,,2023-05-09,69.529999,-12.3831,-10.7579,-7.6082,-0.3596,-7.3493
2023Q2,PZZA,$500M-$1B,1,1,1,1,1,5,good,,,,,,,2023-05-05,77.220001,-0.8159,-5.9441,-8.9355,-4.4548,6.5916
2023Q2,QDEL,$1B-$2B,2,2,2,1,1,8,strong,,,,,,,2023-04-14,96.000000,-3.5417,-9.2292,-9.2813,-10.6042,-8.8333
2023Q2,QLYS,$100M-$500M,2,2,2,1,0,7,strong,,,,,,,2023-05-05,110.000000,6.6364,12.6636,16.3727,15.6273,25.4909
2023Q2,QNST,$100M-$500M,-1,1,2,1,1,4,good,,Tier 0 - Broad right-tail scouting universe,Tier 1 - Balanced priority feed,Tier 2 - High-priority compact feed,,,2023-05-04,8.530000,-12.1923,8.3236,8.9097,3.3998,-1.1723
2023Q2,QRVO,$2B-$10B,2,2,1,1,0,6,strong,,,,,,,2023-05-04,102.269997,-9.0447,-8.3309,-6.2286,0.8311,3.7548
2023Q2,QTWO,$100M-$500M,-1,-1,-1,0,0,-3,weak,,Tier 0 - Broad right-tail scouting universe,,,,,2023-05-10,24.690001,13.9733,11.9887,13.0417,26.8125,34.2649
2023Q2,QUAD,$2B-$10B,1,1,2,1,2,7,strong,,Tier 0 - Broad right-tail scouting universe,Tier 1 - Balanced priority feed,Tier 2 - High-priority compact feed,,"Tier 4 - Ultra-distressed tag, not a production tier",2023-05-03,3.140000,8.9172,17.1975,14.6497,27.7070,87.8981
2023Q2,QVCGA,$2B-$10B,1,-1,-1,0,0,-1,weak,,,,,,,2023-05-08,46.994999,13.8419,-1.8832,11.7140,13.8419,-2.0215
2023Q2,QVCGP,$2B-$10B,1,-1,-1,0,0,-1,weak,,,,,,,2023-05-08,31.700001,5.1874,0.6940,5.1104,20.1893,13.6278
2023Q2,RAMP,$100M-$500M,-1,-1,-1,1,0,-2,weak,,,,,,,2023-05-25,27.410000,-7.3331,-6.2021,0.4378,-0.3283,15.6147
2023Q2,RARE,$100M-$500M,-1,-1,-1,-1,0,-4,weak,,,,,,,2023-05-05,43.980000,11.4598,13.5061,16.5302,5.5707,-6.0937
2023Q2,RBBN,$100M-$500M,2,2,-1,-1,0,2,mixed,,Tier 0 - Broad right-tail scouting universe,Tier 1 - Balanced priority feed,Tier 2 - High-priority compact feed,,"Tier 4 - Ultra-distressed tag, not a production tier",2023-04-27,2.390000,10.4603,16.3180,16.7364,10.0418,43.9331
2023Q2,RBCAA,$100M-$500M,2,2,-1,-1,0,2,mixed,,,,,,,2023-04-21,41.160000,-3.7901,-2.5510,-0.7532,7.4830,12.6093
2023Q2,RBLX,$500M-$1B,-1,2,2,-1,0,2,mixed,,,,,,,2023-04-18,40.509998,-12.1205,-10.4419,3.8509,3.1103,9.7507
2023Q2,RCL,$1B-$2B,-1,-1,-1,-1,0,-4,weak,,,,,,,2023-05-05,73.190002,4.0033,6.4353,19.6885,41.0575,43.0797
2023Q2,RDN,$1B-$2B,2,2,-1,-1,0,2,mixed,,Tier 0 - Broad right-tail scouting universe,,,,,2023-05-05,24.500000,2.2041,2.9796,4.9796,2.4082,12.1633
2023Q2,RDNT,$100M-$500M,1,1,-1,1,0,2,mixed,,,,,,,2023-05-12,27.049999,3.7708,10.0555,20.1848,17.1904,17.9667
2023Q2,RDNW,$100M-$500M,1,1,-1,-1,0,0,mixed,,Tier 0 - Broad right-tail scouting universe,Tier 1 - Balanced priority feed,Tier 2 - High-priority compact feed,Tier 3 - Revised dislocation feed,,2023-05-11,9.240000,19.4805,18.1818,27.0563,15.9091,-8.6580
2023Q2,REAL,$100M-$500M,-1,-1,-1,0,0,-3,weak,,Tier 0 - Broad right-tail scouting universe,Tier 1 - Balanced priority feed,Tier 2 - High-priority compact feed,Tier 3 - Revised dislocation feed,"Tier 4 - Ultra-distressed tag, not a production tier",2023-05-10,1.280000,15.6250,6.2500,30.8594,72.6563,69.5313
2023Q2,REG,$100M-$500M,2,2,2,1,0,7,strong,,,,,,,2023-05-08,60.759998,-4.1475,-8.1962,0.2304,0.9052,9.6774
2023Q2,REGN,$2B-$10B,2,2,2,1,0,7,strong,,,,,,,2023-04-11,822.940002,-2.6989,-1.9710,-9.4017,-8.3761,-14.5308
2023Q2,RELL,$100M-$500M,1,-1,-1,1,1,1,mixed,,Tier 0 - Broad right-tail scouting universe,,,,,2023-04-06,19.490000,-15.1873,-21.9600,-20.4720,-15.7004,-18.9841
2023Q2,RELY,$100M-$500M,-1,-1,-1,-1,0,-4,weak,,Tier 0 - Broad right-tail scouting universe,,,,,2023-05-04,16.580000,14.5959,7.2980,18.1544,13.0881,10.1930
2023Q2,RES,$100M-$500M,-1,2,2,1,1,5,good,,Tier 0 - Broad right-tail scouting universe,Tier 1 - Balanced priority feed,Tier 2 - High-priority compact feed,,,2023-04-27,7.200000,-3.4722,-0.9722,-5.0000,-4.5833,17.0833
2023Q2,REX,$100M-$500M,1,1,-1,1,1,3,good,,Tier 0 - Broad right-tail scouting universe,,,,,2023-05-26,17.434999,-2.6670,-0.5162,-4.9039,4.0149,3.6134
2023Q2,REXR,$100M-$500M,2,2,-1,-1,0,2,mixed,,,,,,,2023-04-20,56.990002,-2.6671,0.2983,-4.6675,-6.8082,-5.2641
2023Q2,REYN,$500M-$1B,1,1,-1,1,0,2,mixed,,,,,,,2023-05-11,29.030001,-4.5126,-5.4771,-4.6848,-3.7547,-0.5512
2023Q2,RGP,$100M-$500M,1,1,1,1,1,5,good,,Tier 0 - Broad right-tail scouting universe,,,,,2023-04-05,15.100000,5.0993,-4.2384,-3.3775,5.8278,5.3642
2023Q2,RGR,$100M-$500M,2,2,2,1,0,7,strong,,,,,,,2023-05-04,55.560001,-3.7437,-3.9237,-8.5133,-4.2117,-5.8855
2023Q2,RHP,$500M-$1B,-1,-1,-1,1,0,-2,weak,,,,,,,2023-04-10,89.660004,-0.0112,1.0149,7.6400,6.7366,7.9746
2023Q2,RICK,$100M-$500M,2,2,-1,-1,0,2,mixed,,,,,,,2023-05-11,78.059998,-2.1266,-7.4686,-0.7686,-0.8839,-12.5416
2023Q2,RIG,$2B-$10B,-1,2,1,1,0,3,good,,Tier 0 - Broad right-tail scouting universe,Tier 1 - Balanced priority feed,Tier 2 - High-priority compact feed,,,2023-05-02,5.850000,-0.1709,8.2051,4.7863,19.1453,50.4274
2023Q2,RILY,$500M-$1B,2,1,2,1,0,6,strong,,,,,,,2023-05-05,30.469999,9.3863,21.8576,22.6781,48.7037,72.8914
2023Q2,RILYN,$500M-$1B,2,1,2,1,0,6,strong,,Tier 0 - Broad right-tail scouting universe,,,,,2023-05-05,18.900000,-0.3175,0.2646,2.6455,12.6984,15.3810
2023Q2,RILYZ,$500M-$1B,2,1,2,1,0,6,strong,,Tier 0 - Broad right-tail scouting universe,,,,,2023-05-05,16.000000,-0.6875,0.2500,2.8500,12.1875,16.7500
2023Q2,RIVN,<$100M,-1,-1,-1,1,0,-2,weak,,Tier 0 - Broad right-tail scouting universe,,,,,2023-05-10,15.085000,-5.6679,-1.4253,-8.0544,69.1084,64.4017
2023Q2,RJF,$2B-$10B,2,-1,-1,-1,0,-1,weak,,,,,,,2023-04-27,90.690002,-5.0171,-3.7160,3.7159,7.9722,22.1193
2023Q2,RL,$2B-$10B,-1,1,2,0,1,3,good,,,,,,,2023-05-26,114.190002,-0.8845,6.3753,3.9583,12.2252,-1.4888
2023Q2,RLGT,$1B-$2B,1,-1,-1,0,2,1,mixed,,Tier 0 - Broad right-tail scouting universe,Tier 1 - Balanced priority feed,Tier 2 - High-priority compact feed,,,2023-05-11,6.370000,2.1978,-1.8838,3.7677,7.2214,17.2684
2023Q2,RLJ,$100M-$500M,-1,-1,-1,-1,0,-4,weak,,Tier 0 - Broad right-tail scouting universe,Tier 1 - Balanced priority feed,,Tier 3 - Revised dislocation feed,,2023-05-05,11.030000,-3.3545,-6.9810,-3.2638,-5.6210,-11.9674
2023Q2,RM,$100M-$500M,1,2,2,1,0,6,strong,,,,,,,2023-05-04,26.000000,-0.3846,-0.4615,5.2308,18.0000,23.5000
2023Q2,RMBS,$100M-$500M,-1,2,2,1,0,4,good,,,,,,,2023-05-02,44.779999,10.7637,31.0853,47.5435,42.7423,39.8169
2023Q2,RMD,$1B-$2B,2,1,1,1,0,5,good,,,,,,,2023-04-28,228.300003,1.9273,-1.7915,-8.0245,-6.2199,-2.9785
2023Q2,RMNI,<$100M,1,2,2,1,0,6,strong,,Tier 0 - Broad right-tail scouting universe,Tier 1 - Balanced priority feed,Tier 2 - High-priority compact feed,,"Tier 4 - Ultra-distressed tag, not a production tier",2023-05-04,3.610000,4.9862,16.0665,17.5900,34.0720,-26.8698
2023Q2,RMR,$100M-$500M,1,2,2,1,1,7,strong,,Tier 0 - Broad right-tail scouting universe,,,,,2023-05-04,23.190001,-7.4601,-6.6839,-3.5791,2.1561,0.3881
2023Q2,RNGR,$100M-$500M,1,-1,-1,-1,1,-1,weak,,Tier 0 - Broad right-tail scouting universe,Tier 1 - Balanced priority feed,,Tier 3 - Revised dislocation feed,,2023-05-03,11.260000,1.2433,9.2362,2.3979,-9.5027,-6.9272
2023Q2,ROAD,$100M-$500M,1,-1,-1,-1,0,-2,weak,,,,,,,2023-05-08,28.090000,2.2428,3.4176,14.5247,2.8480,21.0039
2023Q2,ROCK,$100M-$500M,1,-1,-1,0,0,-1,weak,,,,,,,2023-05-04,54.330002,1.8958,0.6994,3.2579,14.0070,34.0143
2023Q2,ROG,$500M-$1B,1,2,2,1,1,7,strong,,,,,,,2023-04-28,167.039993,-3.5979,-2.7718,-5.1784,-5.6813,-0.1137
2023Q2,ROK,$2B-$10B,1,1,-1,1,0,2,mixed,,,,,,,2023-04-28,285.000000,-1.3684,-1.3649,0.6281,13.2140,15.8982
2023Q2,ROKU,$1B-$2B,-1,1,1,-1,0,0,mixed,,,,,,,2023-04-27,54.820000,1.6235,-4.1226,5.3083,14.8121,30.3721
2023Q2,ROL,$2B-$10B,2,2,2,1,2,9,strong,,,,,,,2023-04-27,39.840000,4.5934,4.5683,-1.0542,4.5934,12.4498
2023Q2,ROP,$2B-$10B,2,2,-1,-1,0,2,mixed,,,,,,,2023-04-28,452.000000,1.3827,1.4403,-0.0597,4.1748,8.6704
2023Q2,ROST,>$10B,1,2,2,-1,1,5,good,,,,,,,2023-05-19,100.910004,2.3288,2.3090,6.3126,10.9008,12.0404
2023Q2,RPD,$100M-$500M,-1,1,-1,-1,0,-2,weak,,,,,,,2023-05-10,44.380001,-1.9153,6.3993,2.4786,-4.1911,-10.3425
2023Q2,RPRX,$500M-$1B,1,2,2,1,0,6,strong,,,,,,,2023-05-10,33.959999,-1.7079,-4.2697,-3.0919,-11.5135,-10.0412
2023Q2,RRGB,$100M-$500M,-1,1,1,0,0,1,mixed,,Tier 0 - Broad right-tail scouting universe,,,,,2023-05-25,16.420000,-24.7868,-24.9696,-19.4884,-13.4592,-36.3581
2023Q2,RRR,$1B-$2B,-1,2,2,1,0,4,good,,,,,,,2023-05-05,48.480000,-4.3317,-5.8581,-3.3622,-5.2599,-2.6815
2023Q2,RSG,>$10B,1,2,1,1,1,6,strong,,,,,,,2023-04-28,139.979996,4.1863,3.3791,1.4431,7.2939,8.3012
2023Q2,RSI,$100M-$500M,1,1,1,-1,1,3,good,,Tier 0 - Broad right-tail scouting universe,Tier 1 - Balanced priority feed,Tier 2 - High-priority compact feed,,"Tier 4 - Ultra-distressed tag, not a production tier",2023-05-04,3.410000,-10.2639,-9.6774,-6.1584,-6.4516,8.7977
2023Q2,RSVR,$100M-$500M,2,2,-1,-1,0,2,mixed,,Tier 0 - Broad right-tail scouting universe,Tier 1 - Balanced priority feed,Tier 2 - High-priority compact feed,,,2023-06-01,6.580000,-1.5198,-7.7508,-9.8784,-17.0213,-17.4772
2023Q2,RUN,$100M-$500M,-1,-1,-1,-1,0,-4,weak,,Tier 0 - Broad right-tail scouting universe,,,,,2023-05-04,18.740000,-11.3127,-11.8997,-1.3340,-4.5891,-4.8026
2023Q2,RVLV,$100M-$500M,1,2,2,0,0,5,good,,Tier 0 - Broad right-tail scouting universe,,,,,2023-05-04,17.020000,6.2280,-3.4078,-5.9930,-1.7039,8.0493
2023Q2,RVTY,$1B-$2B,2,2,2,1,0,7,strong,,,,,,,2023-05-12,117.470001,2.3580,-1.5323,-3.3796,1.3025,2.8944
2023Q2,RXO,$1B-$2B,1,1,2,1,1,6,strong,,Tier 0 - Broad right-tail scouting universe,,,,,2023-05-04,19.410000,-1.0819,4.1731,12.1587,17.7228,1.2365
2023Q2,RYAM,$1B-$2B,1,1,1,1,1,5,good,,Tier 0 - Broad right-tail scouting universe,Tier 1 - Balanced priority feed,Tier 2 - High-priority compact feed,,"Tier 4 - Ultra-distressed tag, not a production tier",2023-05-10,4.780000,-6.9038,-22.8033,-8.9958,-13.3891,-11.0879
2023Q2,RYZ,$1B-$2B,1,1,1,1,1,5,good,,,,,,,2023-05-02,37.830002,-10.2564,-5.4983,-10.4415,16.5213,12.3183
2023Q2,SABR,$500M-$1B,1,2,2,1,0,6,strong,,Tier 0 - Broad right-tail scouting universe,Tier 1 - Balanced priority feed,Tier 2 - High-priority compact feed,,"Tier 4 - Ultra-distressed tag, not a production tier",2023-05-05,3.840000,-9.3750,-7.8125,-11.7187,-16.1458,27.3437
2023Q2,SAFT,$500M-$1B,2,2,2,1,0,7,strong,,,,,,,2023-05-04,71.050003,-2.2379,0.8023,4.1520,0.8586,0.0000
2023Q2,SAH,$2B-$10B,1,1,1,1,1,5,good,,,,,,,2023-04-28,46.000000,-12.5652,-9.9348,-6.8696,4.6087,10.4565
2023Q2,SAIA,$500M-$1B,2,2,2,1,0,7,strong,,,,,,,2023-05-01,298.000000,-5.3725,-8.0269,-4.6443,14.9027,41.9933
2023Q2,SAIC,$2B-$10B,1,2,-1,0,2,4,good,,,,,,,2023-04-04,109.309998,-1.2625,-5.7634,-9.6972,-6.0928,2.7170
2023Q2,SBAC,$2B-$10B,1,2,2,1,0,6,strong,,,,,,,2023-05-02,256.410004,-7.6830,-7.7805,-13.9308,-8.7282,-14.6094
2023Q2,SBH,$1B-$2B,1,-1,-1,1,1,1,mixed,,Tier 0 - Broad right-tail scouting universe,Tier 1 - Balanced priority feed,,,,2023-05-05,12.120000,-5.9406,-4.7030,-5.3630,1.5677,-3.1353
2023Q2,SBRA,$100M-$500M,2,2,2,1,0,7,strong,,Tier 0 - Broad right-tail scouting universe,Tier 1 - Balanced priority feed,,,,2023-05-04,11.490000,-2.0888,-6.5274,-0.0870,3.0461,11.9234
2023Q2,SCCO,$2B-$10B,2,2,2,1,0,7,strong,,,,,,,2023-04-28,71.584015,5.3509,-7.8196,-10.5418,-2.0550,12.0496
2023Q2,SCHW,>$10B,2,2,-1,-1,0,2,mixed,,,,,,,2023-04-18,52.500000,-0.4952,-9.2762,-1.4286,2.7238,11.6952
2023Q2,SCL,$1B-$2B,1,2,2,1,2,8,strong,,,,,,,2023-04-26,89.620003,1.6626,-0.0112,4.4856,3.4367,7.5430
2023Q2,SCSC,$2B-$10B,1,-1,-1,0,2,1,mixed,,,,,,,2023-05-10,28.350000,3.3862,1.8342,7.6543,4.0212,4.4092
2023Q2,SCVL,$500M-$1B,1,1,2,1,2,7,strong,,Tier 0 - Broad right-tail scouting universe,,,,,2023-05-25,20.219999,-2.8684,11.0287,10.9298,21.5134,9.4461
2023Q2,SEAT,$100M-$500M,1,2,2,1,0,6,strong,,,,,,,2023-05-10,179.000000,-11.9553,-16.8715,-12.0670,-13.8548,-20.8939
2023Q2,SEDG,$1B-$2B,1,2,-1,-1,1,2,mixed,,,,,,,2023-05-04,299.899994,2.4742,-3.9013,-1.9340,-9.8299,-34.8083
2023Q2,SEIC,$1B-$2B,2,2,2,1,1,8,strong,,,,,,,2023-04-21,57.770000,1.7137,0.9694,0.1904,2.1464,10.9226
2023Q2,SEM,$1B-$2B,1,1,-1,0,0,1,mixed,,Tier 0 - Broad right-tail scouting universe,,,,,2023-05-05,16.594828,-8.2792,-11.8506,-7.3377,-1.0714,-1.1688
2023Q2,SFIX,$1B-$2B,-1,2,2,1,2,6,strong,,Tier 0 - Broad right-tail scouting universe,Tier 1 - Balanced priority feed,Tier 2 - High-priority compact feed,,"Tier 4 - Ultra-distressed tag, not a production tier",2023-06-07,4.250000,-12.2353,-14.5882,-6.5882,10.8235,0.2353
2023Q2,SFM,$1B-$2B,1,1,2,1,1,6,strong,,,,,,,2023-05-02,39.139999,-4.5733,-8.1758,-16.2494,-6.2596,0.2810
2023Q2,SG,$100M-$500M,-1,-1,-1,0,0,-3,weak,,Tier 0 - Broad right-tail scouting universe,Tier 1 - Balanced priority feed,Tier 2 - High-priority compact feed,Tier 3 - Revised dislocation feed,,2023-05-05,8.780000,7.7449,6.0365,17.5399,48.5194,65.2620
2023Q2,SGRY,$100M-$500M,-1,2,2,-1,0,2,mixed,,,,,,,2023-05-02,41.000000,-13.7561,-6.8293,-6.9268,6.4634,-5.7805
2023Q2,SHAK,$500M-$1B,-1,1,-1,-1,0,-2,weak,,,,,,,2023-05-05,63.000000,11.5873,4.6032,9.1270,22.6508,18.5238
2023Q2,SHC,$100M-$500M,2,2,2,1,0,7,strong,,Tier 0 - Broad right-tail scouting universe,,,,,2023-05-04,15.290000,-0.1308,-6.4748,-4.0549,19.4245,20.8633
2023Q2,SHLS,<$100M,1,-1,-1,-1,0,-2,weak,,Tier 0 - Broad right-tail scouting universe,,,,,2023-05-09,23.900000,-1.2134,-0.4184,2.3849,-0.7113,-7.5732
2023Q2,SHO,$100M-$500M,1,1,2,1,0,5,good,,Tier 0 - Broad right-tail scouting universe,Tier 1 - Balanced priority feed,,,,2023-05-08,10.190000,1.7664,-1.2758,5.8881,1.1776,-6.0844
2023Q2,SHOO,$1B-$2B,-1,1,1,1,1,3,good,,,,,,,2023-05-10,34.000000,-8.3824,-7.0588,-2.0000,-5.1765,4.1765
2023Q2,SHW,$2B-$10B,1,1,-1,0,0,1,mixed,,,,,,,2023-04-26,235.550003,-1.9614,-5.6591,-2.7213,6.8605,17.1556
2023Q2,SIG,$1B-$2B,-1,-1,-1,1,0,-2,weak,,,,,,,2023-06-09,61.270000,2.2360,6.0552,17.4474,33.9481,23.2414
2023Q2,SIGI,$2B-$10B,1,2,-1,0,0,2,mixed,,,,,,,2023-05-04,97.129997,6.0640,2.9033,-0.9884,-1.2766,7.5054
2023Q2,SIRI,$2B-$10B,2,2,2,1,0,7,strong,,,,,,,2023-04-28,37.099998,-2.9650,-2.1563,-2.9650,10.2426,29.6496
2023Q2,SITC,$100M-$500M,1,2,2,1,0,6,strong,,Tier 0 - Broad right-tail scouting universe,Tier 1 - Balanced priority feed,,,,2023-04-26,14.340496,-0.5809,-5.0622,-3.4855,4.3983,16.5975
2023Q2,SJM,$2B-$10B,1,2,2,1,0,6,strong,,,,,,,2023-06-07,145.009995,4.3652,3.9790,1.8619,2.8412,-1.3792
2023Q2,SKT,$100M-$500M,-1,2,2,1,0,4,good,,Tier 0 - Broad right-tail scouting universe,,,,,2023-04-28,18.590000,2.5820,5.7020,8.8757,15.5998,24.9059
2023Q2,SKWD,$500M-$1B,1,2,-1,0,0,2,mixed,,Tier 0 - Broad right-tail scouting universe,,,,,2023-05-10,22.170000,8.3897,7.9387,9.1114,11.5471,9.9684
2023Q2,SKY,$1B-$2B,1,2,2,1,2,8,strong,,,,,,,2023-05-31,57.000000,10.1579,9.4561,14.8246,22.2105,23.2982
2023Q2,SKYW,$2B-$10B,-1,2,-1,0,0,0,mixed,,Tier 0 - Broad right-tail scouting universe,,,,,2023-04-28,24.650000,10.9939,16.0243,23.0426,58.9047,60.8519
2023Q2,SLAB,$100M-$500M,1,2,-1,1,0,3,good,,,,,,,2023-04-27,140.000000,-2.2143,-0.5500,3.6857,5.5357,3.1429
2023Q2,SLB,>$10B,-1,2,1,1,1,4,good,,,,,,,2023-04-24,49.509998,-8.9679,-9.9172,-6.6249,-5.8978,15.1687
2023Q2,SLG,$1B-$2B,2,2,2,1,0,7,strong,,,,,,,2023-04-21,25.080000,-6.1005,-13.9952,-6.8581,3.3493,34.0112
2023Q2,SLQT,$500M-$1B,-1,-1,-1,-1,0,-4,weak,,Tier 0 - Broad right-tail scouting universe,Tier 1 - Balanced priority feed,Tier 2 - High-priority compact feed,Tier 3 - Revised dislocation feed,"Tier 4 - Ultra-distressed tag, not a production tier",2023-05-11,1.680000,13.0952,-4.7619,4.7619,7.1429,-3.5714
2023Q2,SLVM,$500M-$1B,1,2,2,1,0,6,strong,,,,,,,2023-05-10,43.154999,-4.6229,-5.8047,0.8921,1.8654,12.1075
2023Q2,SM,$1B-$2B,-1,2,2,1,0,4,good,,,,,,,2023-04-28,26.870001,-1.7120,0.0372,-1.0048,13.3978,29.0286
2023Q2,SMCI,$2B-$10B,1,-1,-1,-1,1,-1,weak,,Tier 0 - Broad right-tail scouting universe,Tier 1 - Balanced priority feed,Tier 2 - High-priority compact feed,Tier 3 - Revised dislocation feed,,2023-04-25,9.799000,40.0449,40.6674,111.1032,120.9409,215.7159
2023Q2,SMHI,$100M-$500M,-1,-1,-1,1,0,-2,weak,,Tier 0 - Broad right-tail scouting universe,Tier 1 - Balanced priority feed,Tier 2 - High-priority compact feed,Tier 3 - Revised dislocation feed,,2023-04-24,8.180000,1.5892,-5.5012,-3.4230,37.0416,47.9218
2023Q2,SMP,$100M-$500M,1,-1,-1,-1,0,-2,weak,,,,,,,2023-05-04,35.580002,0.8151,3.1759,1.0399,6.7173,3.4289
2023Q2,SNA,$1B-$2B,2,2,2,1,0,7,strong,,,,,,,2023-04-21,260.000000,0.9423,-1.5269,0.5000,5.0077,4.9000
2023Q2,SNBR,$1B-$2B,1,2,2,1,2,8,strong,,,,,,,2023-04-27,27.000000,-12.5926,-26.2222,-29.4815,-10.6296,43.3333
2023Q2,SNCY,$100M-$500M,-1,1,-1,-1,0,-2,weak,,Tier 0 - Broad right-tail scouting universe,,,,,2023-04-28,19.730000,-8.4643,-8.0081,-5.7273,6.2848,5.8287
2023Q2,SNDX,<$100M,-1,-1,-1,-1,0,-4,weak,,Tier 0 - Broad right-tail scouting universe,,,,,2023-05-09,21.690001,0.0000,-8.2065,-1.7059,-6.5007,-14.7995
2023Q2,SNPS,$1B-$2B,2,2,2,1,0,7,strong,,,,,,,2023-05-18,387.500000,19.9561,12.3406,12.3871,19.0142,10.5058
2023Q2,SO,$2B-$10B,2,2,1,1,0,6,strong,,,,,,,2023-04-28,73.540001,1.4006,-3.3859,-5.0449,-3.2907,-0.9247
2023Q2,SONO,$500M-$1B,2,2,2,1,1,8,strong,,Tier 0 - Broad right-tail scouting universe,,,,,2023-05-11,17.000000,-11.9412,-14.5294,-5.7647,-2.0000,-8.0000
2023Q2,SPB,$1B-$2B,1,-1,-1,-1,0,-2,weak,,,,,,,2023-05-15,70.570000,4.8604,5.0872,5.4556,10.2026,11.4638
2023Q2,SPG,$2B-$10B,2,2,-1,-1,0,2,mixed,,,,,,,2023-05-03,113.000000,-5.3717,-7.8496,-5.7434,3.5752,11.0089
2023Q2,SPGI,$2B-$10B,2,1,2,1,0,6,strong,,,,,,,2023-04-28,355.029999,0.0422,2.4702,2.6195,10.1344,11.4497
2023Q2,SPHR,$500M-$1B,-1,2,-1,1,0,1,mixed,,,,,,,2023-05-11,25.100000,-1.1155,-4.9004,7.6096,39.0438,60.4781
2023Q2,SPNT,$100M-$500M,-1,1,-1,1,0,0,mixed,,Tier 0 - Broad right-tail scouting universe,Tier 1 - Balanced priority feed,Tier 2 - High-priority compact feed,Tier 3 - Revised dislocation feed,,2023-05-04,8.990000,0.5562,4.6719,0.8899,0.8899,5.3393
2023Q2,SPXC,$1B-$2B,1,2,1,0,0,4,good,,,,,,,2023-05-05,69.919998,4.6625,9.7254,15.5177,13.2294,26.7162
2023Q2,SR,$1B-$2B,2,2,-1,0,0,3,good,,,,,,,2023-05-04,67.510002,0.7703,-2.1775,-4.2512,-5.9399,-9.1394
2023Q2,SRE,$2B-$10B,2,2,2,-1,0,5,good,,,,,,,2023-05-05,76.500000,-1.6144,-6.1569,-5.2222,-4.4314,-6.3333
2023Q2,SSNC,$2B-$10B,2,2,2,1,0,7,strong,,,,,,,2023-04-28,57.040001,-2.1914,-2.1213,-3.6816,5.4523,7.7314
2023Q2,SSP,$500M-$1B,1,1,1,1,0,4,good,,Tier 0 - Broad right-tail scouting universe,Tier 1 - Balanced priority feed,Tier 2 - High-priority compact feed,,,2023-05-08,6.090226,0.0000,2.5926,8.5185,15.4321,28.0247
2023Q2,SSTK,$100M-$500M,2,2,2,1,0,7,strong,,,,,,,2023-04-26,70.330002,-24.2713,-27.0724,-29.3616,-33.4566,-26.0344
2023Q2,STC,$2B-$10B,1,2,1,0,1,5,good,,,,,,,2023-04-27,39.790001,6.1825,9.7009,15.9085,5.3782,17.8437
2023Q2,STE,$2B-$10B,1,2,-1,-1,0,1,mixed,,,,,,,2023-05-11,199.490005,3.7245,0.2406,4.2107,11.8101,13.7751
2023Q2,STEP,$1B-$2B,2,2,-1,1,0,4,good,,Tier 0 - Broad right-tail scouting universe,,,,,2023-05-25,21.450001,9.1375,12.8205,9.5571,29.6037,38.1352
2023Q2,STGW,$500M-$1B,1,-1,-1,0,0,-1,weak,,Tier 0 - Broad right-tail scouting universe,Tier 1 - Balanced priority feed,Tier 2 - High-priority compact feed,Tier 3 - Revised dislocation feed,,2023-05-10,5.610000,11.0517,10.8734,40.1070,32.0856,14.9733
2023Q2,STKL,$100M-$500M,1,1,-1,0,0,1,mixed,,Tier 0 - Broad right-tail scouting universe,Tier 1 - Balanced priority feed,Tier 2 - High-priority compact feed,,,2023-05-11,8.130000,-8.8561,-17.2202,-15.9902,-21.8942,-27.6753
2023Q2,STLD,$2B-$10B,1,2,-1,1,1,4,good,,,,,,,2023-04-24,109.720001,-12.1673,-10.6635,-15.0109,-6.4163,-7.0543
2023Q2,STRA,$1B-$2B,1,2,-1,-1,0,1,mixed,,,,,,,2023-04-28,89.610001,-7.2537,-12.6214,-12.7441,-22.0734,-18.0002
2023Q2,STRL,$100M-$500M,2,2,2,1,0,7,strong,,,,,,,2023-05-02,37.450001,13.8852,17.9973,24.0053,55.4072,60.1869
2023Q2,STT,>$10B,2,2,-1,-1,0,2,mixed,,,,,,,2023-04-18,72.709999,-0.6189,-5.0062,-5.0199,0.6189,-8.5270
2023Q2,STX,$2B-$10B,2,2,2,1,1,8,strong,,,,,,,2023-04-20,58.650002,-0.1535,-2.3529,7.3316,6.7008,2.0631
2023Q2,STZ,$2B-$10B,-1,2,2,1,0,4,good,,,,,,,2023-04-10,225.949997,0.4426,1.8942,0.1062,6.9307,11.4052
2023Q2,SUPN,$500M-$1B,2,2,2,0,0,6,strong,,,,,,,2023-04-27,36.849998,-0.1628,-4.5047,-9.7422,-17.5305,-18.0733
2023Q2,SWBI,$1B-$2B,2,2,2,1,2,9,strong,,Tier 0 - Broad right-tail scouting universe,Tier 1 - Balanced priority feed,,,,2023-06-23,12.000000,9.6667,11.0833,7.9167,5.1667,3.2500
2023Q2,SWIM,$100M-$500M,-1,-1,-1,-1,0,-4,weak,,Tier 0 - Broad right-tail scouting universe,Tier 1 - Balanced priority feed,Tier 2 - High-priority compact feed,Tier 3 - Revised dislocation feed,"Tier 4 - Ultra-distressed tag, not a production tier",2023-05-10,3.300000,6.6667,17.5758,3.6364,9.6970,34.8485
2023Q2,SWK,$2B-$10B,1,-1,-1,-1,0,-2,weak,,,,,,,2023-05-05,87.360001,-9.4666,-11.2180,-9.2262,3.5943,13.4844
2023Q2,SWKS,$1B-$2B,2,2,2,1,0,7,strong,,,,,,,2023-05-09,92.080002,10.4040,13.9987,14.3136,21.8831,19.6460
2023Q2,SWX,$2B-$10B,1,1,-1,-1,0,0,mixed,,,,,,,2023-05-10,56.500000,2.5310,4.4071,10.1770,12.9735,13.0442
2023Q2,SXC,$100M-$500M,1,1,1,0,0,3,good,,Tier 0 - Broad right-tail scouting universe,Tier 1 - Balanced priority feed,Tier 2 - High-priority compact feed,,,2023-05-05,7.550000,0.7947,-3.9735,-3.7086,4.5033,20.6622
2023Q2,SXT,$1B-$2B,1,2,2,1,1,7,strong,,,,,,,2023-05-01,74.459999,0.0940,-0.2417,-3.2635,-4.4722,-13.9941
2023Q2,SYK,>$10B,2,2,-1,1,0,4,good,,,,,,,2023-05-02,286.679993,-0.4221,-0.1779,-2.8289,3.9487,-1.1406
2023Q2,SYM,<$100M,-1,2,2,-1,0,2,mixed,,,,,,,2023-05-02,26.770000,-8.7038,16.2869,33.9559,62.7942,137.3552
2023Q2,SYNA,$500M-$1B,1,2,2,1,0,6,strong,,,,,,,2023-05-04,69.699997,9.6844,13.2712,13.6442,24.6342,26.5136
2023Q2,TALO,$100M-$500M,-1,2,2,1,0,4,good,,Tier 0 - Broad right-tail scouting universe,Tier 1 - Balanced priority feed,,,,2023-05-10,11.170000,13.5184,12.8917,23.8138,25.3357,47.7171
2023Q2,TAP,$2B-$10B,1,-1,-1,0,0,-1,weak,,,,,,,2023-05-03,65.730003,-3.0884,-6.2529,-2.8298,1.3388,1.2019
2023Q2,TASK,$100M-$500M,1,2,2,0,1,6,strong,,Tier 0 - Broad right-tail scouting universe,Tier 1 - Balanced priority feed,,,,2023-05-09,11.320000,-0.0883,-5.9187,6.1838,7.2438,7.7739
2023Q2,TBI,$500M-$1B,1,1,1,1,1,5,good,,Tier 0 - Broad right-tail scouting universe,,,,,2023-04-25,16.850000,-9.9110,-8.1306,1.7211,4.6884,8.5460
2023Q2,TBLA,$100M-$500M,1,1,-1,0,0,1,mixed,,Tier 0 - Broad right-tail scouting universe,Tier 1 - Balanced priority feed,Tier 2 - High-priority compact feed,,"Tier 4 - Ultra-distressed tag, not a production tier",2023-05-11,2.690000,9.6654,1.4870,11.1524,21.1896,40.8922
2023Q2,TDAY,$500M-$1B,-1,1,1,1,0,2,mixed,,Tier 0 - Broad right-tail scouting universe,Tier 1 - Balanced priority feed,Tier 2 - High-priority compact feed,,"Tier 4 - Ultra-distressed tag, not a production tier",2023-05-05,1.690000,21.8935,30.1775,18.3432,28.4024,84.0237
2023Q2,TDG,$2B-$10B,1,2,2,1,0,6,strong,,,,,,,2023-05-10,815.000000,-0.8712,-4.2380,-1.8393,8.1583,9.0626
2023Q2,TDY,$2B-$10B,2,2,2,1,1,8,strong,,,,,,,2023-04-27,404.859985,2.1217,2.0032,-2.0600,-0.7039,-4.1965
2023Q2,TEAD,$100M-$500M,-1,-1,-1,1,0,-2,weak,,Tier 0 - Broad right-tail scouting universe,Tier 1 - Balanced priority feed,Tier 2 - High-priority compact feed,Tier 3 - Revised dislocation feed,"Tier 4 - Ultra-distressed tag, not a production tier",2023-05-10,3.670000,20.7084,22.3433,28.3379,39.2371,49.5913
2023Q2,TECH,$500M-$1B,2,2,2,1,0,7,strong,,,,,,,2023-05-04,85.830002,-5.5342,-4.7769,-3.6817,-5.4643,-4.4390
2023Q2,TEL,$2B-$10B,2,2,2,1,0,7,strong,,,,,,,2023-04-27,119.959999,2.2341,1.7256,2.6342,11.6539,20.3985
2023Q2,TENB,$100M-$500M,-1,2,2,0,0,3,good,,,,,,,2023-04-25,35.150002,2.5889,7.9659,7.0555,16.4154,23.3001
2023Q2,TER,$2B-$10B,2,2,2,1,1,8,strong,,,,,,,2023-04-28,90.519997,0.9943,8.8931,13.4777,21.8405,22.2050
2023Q2,TEX,$2B-$10B,-1,1,2,1,2,5,good,,,,,,,2023-05-02,48.299999,-2.9814,0.5590,-1.2629,26.3147,21.3872
2023Q2,TGLS,$100M-$500M,1,2,2,1,1,7,strong,,,,,,,2023-05-05,43.860001,10.2599,-7.7747,-6.8171,14.5691,4.8792
2023Q2,TGNA,$500M-$1B,2,2,2,1,0,7,strong,,Tier 0 - Broad right-tail scouting universe,,,,,2023-05-11,15.740000,-0.0635,-1.5883,4.4473,2.9225,8.7039
2023Q2,TH,<$100M,1,-1,-1,-1,0,-2,weak,,Tier 0 - Broad right-tail scouting universe,Tier 1 - Balanced priority feed,,Tier 3 - Revised dislocation feed,,2023-05-10,14.400000,9.6181,0.0000,12.5694,-5.9028,-12.2917
2023Q2,THR,$100M-$500M,1,2,2,1,0,6,strong,,Tier 0 - Broad right-tail scouting universe,,,,,2023-05-26,22.690001,3.5699,12.0317,14.1472,24.9890,12.4725
2023Q2,THRM,$100M-$500M,1,-1,-1,1,0,0,mixed,,,,,,,2023-04-28,56.700001,4.4444,2.6984,-1.5344,0.3527,-0.1764
2023Q2,THRY,$100M-$500M,2,1,1,0,0,4,good,,Tier 0 - Broad right-tail scouting universe,,,,,2023-05-05,20.000000,7.6000,12.9000,19.4000,23.5500,20.8500
2023Q2,TILE,$1B-$2B,-1,2,2,1,1,5,good,,Tier 0 - Broad right-tail scouting universe,Tier 1 - Balanced priority feed,Tier 2 - High-priority compact feed,,,2023-05-08,7.400000,-2.2973,-5.1351,9.5946,19.1892,38.5135
2023Q2,TIPT,$100M-$500M,-1,2,2,1,0,4,good,,Tier 0 - Broad right-tail scouting universe,Tier 1 - Balanced priority feed,,,,2023-05-04,14.000000,-6.2143,-5.5000,-3.5714,7.7143,5.7857
2023Q2,TITN,$1B-$2B,1,2,2,1,2,8,strong,,,,,,,2023-05-26,28.309999,-5.4398,0.6358,1.9075,13.3169,0.8831
2023Q2,TJX,$2B-$10B,1,2,2,-1,0,4,good,,,,,,,2023-05-18,78.709999,-2.4774,-0.7623,2.1344,8.1184,13.4672
2023Q2,TMHC,$1B-$2B,2,1,1,1,0,5,good,,,,,,,2023-04-27,40.119999,7.9013,10.9422,8.1256,16.2263,18.9432
2023Q2,TNDM,$100M-$500M,-1,1,2,0,0,2,mixed,,,,,,,2023-05-04,35.180000,-8.6697,-19.8977,-31.0688,-29.9034,-7.6180
2023Q2,TNET,$1B-$2B,2,2,1,1,0,6,strong,,,,,,,2023-04-27,80.879997,12.1291,13.6869,9.2235,16.5554,18.2740
2023Q2,TPB,$100M-$500M,2,2,-1,1,0,4,good,,Tier 0 - Broad right-tail scouting universe,,,,,2023-05-04,22.299999,-4.8430,-0.6726,-2.9596,6.8161,12.4664
2023Q2,TPC,$500M-$1B,-1,2,2,0,0,3,good,,Tier 0 - Broad right-tail scouting universe,Tier 1 - Balanced priority feed,Tier 2 - High-priority compact feed,,,2023-05-05,5.080000,3.5433,16.7323,24.2126,37.0079,64.5669
2023Q2,TPG,$1B-$2B,1,2,2,1,0,6,strong,,,,,,,2023-05-16,27.520000,-6.7224,-0.9448,9.0116,10.5741,-0.8721
2023Q2,TPGXL,$1B-$2B,1,2,2,1,0,6,strong,,,,,,,2024-03-05,25.350000,2.8797,3.4714,2.5049,2.5247,4.1420
2023Q2,TPH,$500M-$1B,2,-1,-1,1,0,1,mixed,,,,,,,2023-04-28,27.320000,8.0527,11.9693,7.5403,18.9239,9.5534
2023Q2,TPL,$100M-$500M,2,2,2,1,0,7,strong,,,,,,,2023-05-04,156.111115,-2.4498,-4.2000,-4.2527,-3.9623,4.2918
2023Q2,TPR,$2B-$10B,1,2,2,1,1,7,strong,,,,,,,2023-05-12,40.430000,4.3285,-1.7314,6.8513,9.7947,-14.2469
2023Q2,TR,$100M-$500M,2,2,2,1,0,7,strong,,,,,,,2023-04-27,38.353588,-6.8003,-10.3078,-7.8502,-10.9043,-17.8478
2023Q2,TRGP,$2B-$10B,1,2,2,1,0,6,strong,,,,,,,2023-05-05,71.629997,-1.1867,-3.0993,-1.0191,6.7290,14.2119
2023Q2,TRIP,$100M-$500M,-1,2,2,1,0,4,good,,Tier 0 - Broad right-tail scouting universe,Tier 1 - Balanced priority feed,,,,2023-05-04,14.720000,8.4918,4.1440,10.6658,14.4701,19.7011
2023Q2,TRMB,$500M-$1B,2,2,2,1,0,7,strong,,,,,,,2023-05-04,47.279999,1.1210,-1.5440,2.6227,10.3638,13.7056
2023Q2,TRN,$100M-$500M,-1,1,1,0,0,1,mixed,,Tier 0 - Broad right-tail scouting universe,,,,,2023-05-03,21.680000,-3.9207,-0.5535,5.0738,19.0037,17.9889
2023Q2,TROW,$1B-$2B,2,2,2,1,0,7,strong,,,,,,,2023-05-03,106.000000,0.2736,0.0189,4.6415,6.8491,14.2358
2023Q2,TROX,$500M-$1B,1,2,2,1,0,6,strong,,Tier 0 - Broad right-tail scouting universe,Tier 1 - Balanced priority feed,,,,2023-04-28,12.490000,1.5212,-3.9231,-10.7286,-1.4411,13.0504
2023Q2,TRS,$100M-$500M,1,1,-1,1,0,2,mixed,,,,,,,2023-04-28,25.280001,0.7911,1.2263,1.8592,5.2215,7.7927
2023Q2,TRUP,$500M-$1B,-1,1,-1,-1,1,-1,weak,,Tier 0 - Broad right-tail scouting universe,,,,,2023-05-05,24.000000,-15.1250,-14.0000,-8.9583,-8.3333,21.8333
2023Q2,TRV,$2B-$10B,2,2,2,1,0,7,strong,,,,,,,2023-04-20,183.289993,-0.8347,-0.0709,-1.1948,-4.2174,-6.9453
2023Q2,TSCO,$2B-$10B,1,1,-1,1,0,2,mixed,,,,,,,2023-04-28,47.820000,0.6692,-3.5717,-9.9331,-6.6792,-6.4868
2023Q2,TSEOF,$2B-$10B,1,1,2,1,1,6,strong,,Tier 0 - Broad right-tail scouting universe,,,,,2023-05-05,15.970000,-9.7683,-12.2104,-11.3338,-19.0357,1.8785
2023Q2,TT,$2B-$10B,1,-1,-1,1,0,0,mixed,,,,,,,2023-05-04,177.169998,0.5531,-6.1861,-2.6867,7.9189,15.7419
2023Q2,TTD,$100M-$500M,-1,2,2,0,0,3,good,,,,,,,2023-05-11,67.730003,1.1664,3.4697,11.4425,12.0774,19.4891
2023Q2,TTEC,$1B-$2B,1,2,2,1,2,8,strong,,,,,,,2023-05-05,34.930000,-5.1532,-9.0753,-5.1532,-4.9528,-6.0407
2023Q2,TTEK,$500M-$1B,1,1,2,1,0,5,good,,,,,,,2023-05-11,30.695999,-6.6914,-10.4313,2.1045,9.3172,8.8285
2023Q2,TTMI,$2B-$10B,1,2,2,1,1,7,strong,,Tier 0 - Broad right-tail scouting universe,Tier 1 - Balanced priority feed,,,,2023-05-04,11.720000,8.0205,12.3720,12.1160,18.3447,25.0853
2023Q2,TTSH,$100M-$500M,1,1,1,1,0,4,good,,Tier 0 - Broad right-tail scouting universe,Tier 1 - Balanced priority feed,Tier 2 - High-priority compact feed,,"Tier 4 - Ultra-distressed tag, not a production tier",2023-05-05,4.440000,2.7027,14.8649,22.5225,23.6486,29.7297
2023Q2,TTWO,$2B-$10B,2,1,-1,1,0,3,good,,,,,,,2023-05-18,138.380005,-0.0723,-4.4298,0.4697,10.3555,1.3658
2023Q2,TW,$100M-$500M,2,2,2,1,0,7,strong,,,,,,,2023-04-28,69.180000,4.6979,1.7202,-0.5493,-0.5927,16.3053
2023Q2,TWI,$500M-$1B,1,-1,-1,0,0,-1,weak,,Tier 0 - Broad right-tail scouting universe,Tier 1 - Balanced priority feed,Tier 2 - High-priority compact feed,Tier 3 - Revised dislocation feed,,2023-05-04,9.870000,8.5106,7.8014,2.6342,17.7305,28.6727
2023Q2,TXNM,$100M-$500M,1,2,-1,-1,0,1,mixed,,,,,,,2023-05-08,48.080002,-4.5549,-5.2829,-2.9534,-5.6156,-7.3419
2023Q2,TXRH,$2B-$10B,1,1,1,0,1,4,good,,,,,,,2023-05-05,109.760002,-1.5215,1.6855,1.2026,0.4191,1.0660
2023Q2,TXT,$2B-$10B,1,1,2,1,0,5,good,,,,,,,2023-04-28,65.599998,0.1677,-0.4878,-3.8415,1.2805,16.6463
2023Q2,TYL,$100M-$500M,1,2,-1,1,0,3,good,,,,,,,2023-04-27,367.619995,5.3479,7.4833,8.0600,9.3656,11.0984
2023Q2,UBER,>$10B,-1,-1,-1,-1,0,-4,weak,,,,,,,2023-05-03,36.750000,3.7823,5.1973,8.1088,17.2517,26.9388
2023Q2,UBSI,$100M-$500M,2,2,2,-1,0,5,good,,,,,,,2023-04-27,31.360001,-5.6122,-4.2411,-3.9860,-5.2934,5.8355
2023Q2,UCB,$500M-$1B,2,2,-1,-1,0,2,mixed,,,,,,,2023-04-19,26.400000,-6.8939,-18.3712,-15.1136,-0.7576,8.1439
2023Q2,UDR,$1B-$2B,1,2,2,1,0,6,strong,,,,,,,2023-04-27,40.000000,3.1750,1.3500,-2.0000,3.7250,6.2750
2023Q2,UEIC,$500M-$1B,1,2,2,1,2,8,strong,,Tier 0 - Broad right-tail scouting universe,Tier 1 - Balanced priority feed,,,,2023-05-05,10.190000,-17.0756,-14.8184,-19.0383,2.0608,9.3229
2023Q2,UFCS,$1B-$2B,-1,1,-1,0,0,-1,weak,,,,,,,2023-05-09,26.030001,-10.0269,-15.1748,-11.1026,-12.8698,-19.1702
2023Q2,UFPI,$2B-$10B,1,2,2,0,2,7,strong,,,,,,,2023-05-03,81.440002,1.7927,0.5403,3.1434,18.4921,26.9032
2023Q2,UHS,>$10B,1,2,2,1,1,7,strong,,,,,,,2023-04-27,143.429993,-0.1673,-6.2958,-8.4152,6.0308,-1.3944
2023Q2,UIS,$100M-$500M,-1,-1,-1,1,0,-2,weak,,Tier 0 - Broad right-tail scouting universe,Tier 1 - Balanced priority feed,Tier 2 - High-priority compact feed,Tier 3 - Revised dislocation feed,"Tier 4 - Ultra-distressed tag, not a production tier",2023-05-03,3.700000,13.5135,23.2432,10.8108,9.1892,44.3243
2023Q2,ULCC,$500M-$1B,-1,-1,-1,1,0,-2,weak,,Tier 0 - Broad right-tail scouting universe,Tier 1 - Balanced priority feed,Tier 2 - High-priority compact feed,Tier 3 - Revised dislocation feed,,2023-05-04,8.840000,-9.1629,-10.8597,2.0362,11.1991,-4.9774
2023Q2,ULH,$1B-$2B,1,1,1,1,2,6,strong,,,,,,,2023-04-28,25.660000,-0.9353,6.5861,6.7810,13.7568,23.1099
2023Q2,ULTA,$2B-$10B,2,2,2,1,0,7,strong,,,,,,,2023-05-26,436.109985,-3.4624,3.4464,6.2966,3.5610,-3.0657
2023Q2,UNP,$2B-$10B,2,2,2,1,0,7,strong,,,,,,,2023-04-21,202.990005,-2.1479,-2.4188,-2.3154,-0.7931,6.7934
2023Q2,UPBD,$1B-$2B,-1,2,2,1,0,4,good,,,,,,,2023-05-05,30.330000,5.8358,0.9232,6.0007,1.4507,6.7590
2023Q2,UPST,$100M-$500M,1,1,2,-1,0,3,good,,Tier 0 - Broad right-tail scouting universe,,,,,2023-05-10,19.639999,40.7841,48.1161,63.3910,109.9796,163.4929
2023Q2,UPWK,$100M-$500M,-1,-1,-1,-1,0,-4,weak,,Tier 0 - Broad right-tail scouting universe,Tier 1 - Balanced priority feed,Tier 2 - High-priority compact feed,Tier 3 - Revised dislocation feed,,2023-05-04,6.580000,22.3404,23.1003,28.4195,38.7538,51.5198
2023Q2,URI,$2B-$10B,2,2,2,1,0,7,strong,,,,,,,2023-04-27,356.000000,-4.2444,-4.4326,-2.6629,15.9494,25.0000
2023Q2,USB,>$10B,2,2,-1,-1,0,2,mixed,,,,,,,2023-04-20,35.450001,-7.0804,-16.9252,-12.8068,-5.2750,9.7602
2023Q2,USNA,$1B-$2B,2,2,2,1,2,9,strong,,,,,,,2023-04-26,65.199997,1.8252,-2.1626,-3.7270,-6.1810,-2.7761
2023Q2,UTHR,$100M-$500M,2,2,-1,1,0,4,good,,,,,,,2023-05-04,219.630005,-2.3813,-2.5224,-0.3415,1.8759,9.6617
2023Q2,UTI,$100M-$500M,1,1,-1,1,0,2,mixed,,Tier 0 - Broad right-tail scouting universe,Tier 1 - Balanced priority feed,Tier 2 - High-priority compact feed,,,2023-05-10,6.200000,5.6452,4.8387,9.8387,10.0000,29.3549
2023Q2,UTZ,$100M-$500M,-1,-1,-1,0,0,-3,weak,,Tier 0 - Broad right-tail scouting universe,,,,,2023-05-12,16.930000,-1.4176,-4.3119,-6.8517,-4.9616,-3.4849
2023Q2,UVV,$1B-$2B,1,-1,-1,0,1,0,mixed,,,,,,,2023-05-25,53.410000,-2.8834,-5.5982,-5.4297,-9.3428,-10.2603
2023Q2,VAC,$2B-$10B,-1,2,2,0,0,3,good,,,,,,,2023-05-04,136.690002,-9.2984,-9.0497,-6.6940,-9.4228,-8.6619
2023Q2,VAL,$100M-$500M,-1,1,-1,-1,0,-2,weak,,,,,,,2023-05-03,55.330002,8.2595,10.6091,12.4345,14.0611,37.2131
2023Q2,VC,<$100M,2,-1,-1,1,0,1,mixed,,,,,,,2023-04-28,142.199997,-3.8467,-1.7581,-3.3122,0.2391,6.8917
2023Q2,VCTR,$500M-$1B,2,2,2,1,0,7,strong,,,,,,,2023-05-05,29.000000,7.2069,5.4483,10.6552,8.8621,12.2759
2023Q2,VECO,$100M-$500M,1,1,1,1,0,4,good,,Tier 0 - Broad right-tail scouting universe,,,,,2023-05-09,19.510000,16.9657,24.4490,29.2670,25.4741,44.4900
2023Q2,VERX,$100M-$500M,-1,1,-1,-1,0,-2,weak,,Tier 0 - Broad right-tail scouting universe,,,,,2023-05-11,21.309999,3.1206,3.1441,6.8982,-12.2478,-8.0713
2023Q2,VIAV,$500M-$1B,-1,2,2,1,0,4,good,,Tier 0 - Broad right-tail scouting universe,Tier 1 - Balanced priority feed,Tier 2 - High-priority compact feed,,,2023-04-18,9.330000,-3.9657,-2.4652,3.2154,13.1833,18.6495
2023Q2,VITL,<$100M,-1,-1,-1,0,0,-3,weak,,Tier 0 - Broad right-tail scouting universe,,,,,2023-05-05,15.430000,-6.4809,-4.9903,-5.7680,-23.2016,-13.9987
2023Q2,VMC,$2B-$10B,2,2,2,0,0,6,strong,,,,,,,2023-05-05,192.979996,1.6530,1.0986,4.7984,14.3279,17.2090
2023Q2,VREX,$100M-$500M,1,1,-1,1,0,2,mixed,,Tier 0 - Broad right-tail scouting universe,,,,,2023-05-03,18.629999,19.8068,16.4251,19.6457,27.9657,23.5105
2023Q2,VRSN,$100M-$500M,2,2,2,1,0,7,strong,,,,,,,2023-04-28,212.190002,3.6194,6.4706,5.9664,4.3593,-1.2913
2023Q2,VRT,$2B-$10B,-1,1,1,0,1,2,mixed,,Tier 0 - Broad right-tail scouting universe,Tier 1 - Balanced priority feed,,,,2023-04-27,14.000000,7.7143,11.6429,43.8571,67.5000,81.0000
2023Q2,VRTS,$500M-$1B,2,-1,-1,-1,0,-1,weak,,,,,,,2023-05-01,182.750000,-6.2763,1.4501,4.3940,8.0547,12.5746
2023Q2,VRTX,$2B-$10B,2,2,2,1,0,7,strong,,,,,,,2023-05-02,345.000000,0.6986,-1.4580,-6.1971,0.7449,2.1275
2023Q2,VSAT,<$100M,2,2,-1,-1,0,2,mixed,,,,,,,2023-05-18,38.250000,19.7386,18.4837,3.3726,-22.0131,-22.3791
2023Q2,VSCO,$2B-$10B,-1,2,2,1,2,6,strong,,Tier 0 - Broad right-tail scouting universe,,,,,2023-06-01,18.181000,4.1197,0.6545,-1.3256,12.7001,-1.3256
2023Q2,VSEC,$500M-$1B,-1,1,2,1,1,4,good,,,,,,,2023-05-03,54.000000,-12.4444,-7.4074,-5.4815,-0.8519,1.4630
2023Q2,VSH,$500M-$1B,2,1,2,1,0,6,strong,,Tier 0 - Broad right-tail scouting universe,,,,,2023-05-11,24.570000,3.7037,4.9247,12.2507,16.8091,9.8901
2023Q2,VST,$2B-$10B,-1,2,1,1,0,3,good,,,,,,,2023-05-10,25.000000,-1.9600,-4.2000,-0.7200,5.8400,15.2800
2023Q2,VTOL,$500M-$1B,-1,2,2,1,0,4,good,,Tier 0 - Broad right-tail scouting universe,,,,,2023-05-04,21.940001,2.7803,9.0702,13.6281,34.6855,39.7448
2023Q2,VTR,$2B-$10B,2,2,2,1,0,7,strong,,,,,,,2023-05-09,47.700001,-6.1426,-9.5388,-6.2054,0.5660,-4.4235
2023Q2,VTRS,$2B-$10B,-1,2,2,1,0,4,good,,Tier 0 - Broad right-tail scouting universe,Tier 1 - Balanced priority feed,Tier 2 - High-priority compact feed,,,2023-05-09,9.740000,-4.2094,-5.7495,-2.2587,1.9507,12.9363
2023Q2,VVX,$100M-$500M,1,-1,-1,0,0,-1,weak,,,,,,,2023-05-10,45.990002,-7.5234,-9.8282,0.6088,5.8273,15.9600
2023Q2,VYGR,<$100M,-1,2,2,0,0,3,good,,Tier 0 - Broad right-tail scouting universe,Tier 1 - Balanced priority feed,,,,2023-05-10,10.770000,28.5980,8.8208,20.4271,-5.4782,-17.4559
2023Q2,VYX,$2B-$10B,-1,2,2,1,1,5,good,,Tier 0 - Broad right-tail scouting universe,Tier 1 - Balanced priority feed,,,,2023-05-05,13.693252,7.0340,7.2581,9.5878,10.9319,28.8978
2023Q2,WAB,$1B-$2B,1,1,2,1,0,5,good,,,,,,,2023-04-27,96.680000,2.7617,0.8275,-2.3066,7.1163,16.9218
2023Q2,WAT,$500M-$1B,2,2,2,1,0,7,strong,,,,,,,2023-05-10,276.839996,-3.2618,-7.6831,-9.9552,-4.3997,7.1847
2023Q2,WD,$100M-$500M,2,2,2,1,0,7,strong,,,,,,,2023-05-05,66.389999,5.6033,8.0584,9.1731,17.9545,31.3300
2023Q2,WDAY,$1B-$2B,-1,2,-1,-1,0,-1,weak,,,,,,,2023-05-26,214.779999,-0.6053,4.4371,2.4025,5.8758,4.6978
2023Q2,WDC,$2B-$10B,1,2,2,1,0,6,strong,,,,,,,2023-05-09,25.102041,15.3869,20.2951,20.7468,14.0319,30.9846
2023Q2,WEC,$2B-$10B,2,2,-1,0,0,3,good,,,,,,,2023-05-02,96.050003,-2.2488,-6.4237,-10.2655,-7.0068,-6.4446
2023Q2,WELL,$2B-$10B,2,2,2,1,0,7,strong,,,,,,,2023-05-03,78.139999,2.5467,-2.5211,-3.0458,4.2616,8.2672
2023Q2,WEN,$100M-$500M,1,1,1,-1,0,2,mixed,,Tier 0 - Broad right-tail scouting universe,,,,,2023-05-11,23.200001,-2.2414,-5.1293,-4.7414,-8.0603,-8.2328
2023Q2,WERN,$2B-$10B,1,2,2,1,1,7,strong,,,,,,,2023-05-04,45.509998,-0.8130,-2.7906,-5.4933,-2.3511,1.7798
2023Q2,WEST,$100M-$500M,-1,-1,-1,-1,0,-4,weak,,Tier 0 - Broad right-tail scouting universe,Tier 1 - Balanced priority feed,,Tier 3 - Revised dislocation feed,,2023-05-12,11.250000,-0.7111,0.7111,0.5333,-6.9333,-8.0889
2023Q2,WFRD,$2B-$10B,-1,1,1,0,1,2,mixed,,,,,,,2023-04-26,61.180000,-1.7653,-7.4207,-3.4488,6.6035,27.2148
2023Q2,WHD,$100M-$500M,1,2,2,1,0,6,strong,,,,,,,2023-05-10,37.860001,-5.8373,-13.8141,5.9694,16.1120,38.1141
2023Q2,WING,<$100M,2,2,2,-1,0,5,good,,,,,,,2023-05-04,219.110001,-5.8509,-6.0198,-7.0376,-10.7070,-23.4722
2023Q2,WK,$100M-$500M,-1,-1,1,1,0,0,mixed,,,,,,,2023-05-03,87.040001,4.0211,8.8695,13.1664,11.9485,21.8520
2023Q2,WLKP,$100M-$500M,1,2,2,1,0,6,strong,,Tier 0 - Broad right-tail scouting universe,,,,,2023-05-05,21.309999,-0.5162,0.4223,3.3787,6.0535,8.2121
2023Q2,WLY,$1B-$2B,1,2,1,0,0,4,good,,,,,,,2023-06-16,33.020000,-4.9667,0.5451,5.4210,8.7220,10.1454
2023Q2,WM,$2B-$10B,2,2,2,1,0,7,strong,,,,,,,2023-04-28,162.850006,3.7949,1.3202,-0.4237,3.6414,0.6877
2023Q2,WMB,$2B-$10B,2,2,2,1,0,7,strong,,,,,,,2023-05-04,29.260000,-0.5468,0.0342,3.0075,11.8250,15.1059
2023Q2,WMG,$2B-$10B,1,1,-1,-1,0,0,mixed,,,,,,,2023-05-10,26.000000,0.9615,-6.6538,-4.4615,7.3846,25.8462
2023Q2,WMK,$2B-$10B,1,1,1,1,2,6,strong,,,,,,,2023-05-09,77.050003,-15.5613,-22.3491,-14.4711,-15.6132,-16.3011
2023Q2,WNC,$500M-$1B,1,-1,-1,0,0,-1,weak,,Tier 0 - Broad right-tail scouting universe,,,,,2023-04-27,24.600000,-1.3415,-1.0976,-1.8699,5.0813,-4.2276
2023Q2,WOOF,$2B-$10B,-1,1,1,1,1,3,good,,Tier 0 - Broad right-tail scouting universe,Tier 1 - Balanced priority feed,Tier 2 - High-priority compact feed,,,2023-05-25,8.220000,-2.6764,4.2579,5.2311,0.0000,-20.4380
2023Q2,WOR,$2B-$10B,1,-1,-1,1,2,2,mixed,,,,,,,2023-06-29,40.690506,3.9091,7.9545,13.0606,12.2576,7.6970
2023Q2,WRB,$2B-$10B,1,2,2,1,0,6,strong,,,,,,,2023-04-21,39.473331,0.8782,-0.5573,-1.4187,-1.2836,4.1040
2023Q2,WRBY,$100M-$500M,-1,-1,-1,0,0,-3,weak,,Tier 0 - Broad right-tail scouting universe,Tier 1 - Balanced priority feed,,Tier 3 - Revised dislocation feed,,2023-05-10,12.380000,-3.8772,-6.7851,-7.0275,2.7464,16.2359
2023Q2,WSC,$1B-$2B,1,2,2,1,0,6,strong,,,,,,,2023-04-27,44.830002,-1.2492,0.7138,1.2938,4.3051,5.4428
2023Q2,WSM,$2B-$10B,2,2,2,1,2,9,strong,,,,,,,2023-05-24,55.419998,6.1079,16.7900,8.4085,17.5929,12.9105
2023Q2,WST,$500M-$1B,2,2,2,1,0,7,strong,,,,,,,2023-04-28,356.790009,2.8840,-1.6957,-5.7289,3.5175,-0.5297
2023Q2,WTFC,$100M-$500M,2,-1,-1,-1,0,-1,weak,,,,,,,2023-04-20,71.000000,-5.1690,-12.5211,-5.2254,-1.9577,17.1690
2023Q2,WTI,$100M-$500M,2,2,2,1,0,7,strong,,Tier 0 - Broad right-tail scouting universe,Tier 1 - Balanced priority feed,Tier 2 - High-priority compact feed,,"Tier 4 - Ultra-distressed tag, not a production tier",2023-05-10,4.030000,8.6849,-2.7295,3.9702,-3.2258,2.2332
2023Q2,WTS,$1B-$2B,1,2,2,1,1,7,strong,,,,,,,2023-05-04,161.600006,2.0297,-0.1547,2.5743,14.1708,16.1015
2023Q2,WTTR,$100M-$500M,1,-1,-1,1,0,0,mixed,,Tier 0 - Broad right-tail scouting universe,Tier 1 - Balanced priority feed,Tier 2 - High-priority compact feed,Tier 3 - Revised dislocation feed,,2023-05-04,7.250000,3.0345,7.4483,4.9655,12.4138,14.2069
2023Q2,WTW,$2B-$10B,1,1,1,1,0,4,good,,,,,,,2023-04-28,224.000000,2.3214,1.5625,-1.2098,4.0580,-5.2455
2023Q2,WWW,$1B-$2B,-1,2,2,1,1,5,good,,Tier 0 - Broad right-tail scouting universe,,,,,2023-05-11,16.860001,-13.4638,-20.6406,-14.7094,-20.1068,-30.0119
2023Q2,WY,$2B-$10B,2,2,2,1,0,7,strong,,,,,,,2023-04-28,29.790001,-0.1343,-0.9063,-4.0618,6.8815,14.5015
2023Q2,WYNN,$2B-$10B,-1,-1,-1,0,0,-3,weak,,,,,,,2023-05-10,113.489998,-4.4762,-12.3183,-9.9392,-5.6393,-9.1814
2023Q2,XEL,$2B-$10B,1,2,1,1,0,5,good,,,,,,,2023-04-28,70.419998,-1.5621,-6.4612,-8.9037,-11.3320,-10.7214
2023Q2,XHR,$100M-$500M,-1,-1,2,-1,0,-1,weak,,Tier 0 - Broad right-tail scouting universe,Tier 1 - Balanced priority feed,,Tier 3 - Revised dislocation feed,,2023-05-03,12.280000,2.4430,-0.8958,1.8730,4.4788,2.3616
2023Q2,XMTR,<$100M,-1,-1,-1,-1,0,-4,weak,,Tier 0 - Broad right-tail scouting universe,,,,,2023-05-11,18.950001,-8.1794,-3.4301,31.9261,7.3879,-11.7678
2023Q2,XPER,$100M-$500M,-1,-1,1,0,0,-1,weak,,Tier 0 - Broad right-tail scouting universe,Tier 1 - Balanced priority feed,,Tier 3 - Revised dislocation feed,,2023-05-10,10.400000,1.9231,13.7500,9.9039,25.1923,22.0192
2023Q2,XRAY,$500M-$1B,1,1,2,1,0,5,good,,,,,,,2023-05-04,40.480000,1.1364,-8.2757,-3.8538,-2.1739,0.4694
2023Q2,XRX,$2B-$10B,1,1,1,1,1,5,good,,Tier 0 - Broad right-tail scouting universe,,,,,2023-04-26,15.560000,-5.3342,-9.3830,-7.1337,-8.2905,5.1414
2023Q2,XYL,$1B-$2B,1,-1,-1,1,0,0,mixed,,,,,,,2023-05-05,108.000000,-3.1111,-8.4352,-1.7037,2.0556,0.3704
2023Q2,XYZ,$2B-$10B,-1,1,2,1,0,3,good,,,,,,,2023-05-05,60.639999,-6.2170,-2.2098,4.7823,13.7368,21.2896
2023Q2,YELP,$500M-$1B,-1,2,2,1,1,5,good,,,,,,,2023-05-05,27.629999,10.6406,21.6431,23.8871,31.9942,56.0985
2023Q2,YOU,<$100M,-1,2,2,1,0,4,good,,Tier 0 - Broad right-tail scouting universe,,,,,2023-05-10,24.219999,5.4913,1.7754,-3.0966,-5.4088,-3.0966
2023Q2,YUM,$2B-$10B,2,2,2,1,1,8,strong,,,,,,,2023-05-04,136.830002,0.6943,-4.3558,-1.9440,0.3216,-1.3374
2023Q2,Z,$500M-$1B,1,2,2,1,0,6,strong,,,,,,,2023-05-04,43.009998,6.0684,5.1151,6.2544,19.8093,26.0870
2023Q2,ZBH,$1B-$2B,1,2,2,1,0,6,strong,,,,,,,2023-05-03,143.990005,-4.9795,-9.4937,-9.8479,-1.0279,-8.1395
2023Q2,ZBRA,$1B-$2B,2,1,1,1,0,5,good,,,,,,,2023-05-03,255.449997,5.9699,6.1734,8.8315,15.9796,-0.2662
2023Q2,ZD,$100M-$500M,1,2,2,1,0,6,strong,,,,,,,2023-05-11,65.209999,-0.8894,-9.4617,1.6869,11.5013,2.9903
2023Q2,ZETA,$100M-$500M,-1,1,1,0,1,2,mixed,,Tier 0 - Broad right-tail scouting universe,Tier 1 - Balanced priority feed,Tier 2 - High-priority compact feed,,,2023-05-05,9.090000,-9.6810,-5.2805,-2.8603,-10.6711,4.5104
2023Q2,ZG,$500M-$1B,1,2,2,1,0,6,strong,,,,,,,2023-05-04,42.400002,5.5896,4.8349,5.7311,18.6085,25.0707
2023Q2,ZION,$500M-$1B,2,2,-1,-1,0,2,mixed,,,,,,,2023-04-20,31.129999,-13.8452,-23.7070,-9.7655,-10.5365,10.6971
2023Q2,ZIP,$100M-$500M,1,1,1,-1,0,2,mixed,,Tier 0 - Broad right-tail scouting universe,,,,,2023-05-10,15.840000,1.3889,-1.7045,0.8207,14.4571,9.7853
2023Q2,ZM,$2B-$10B,2,2,-1,-1,0,2,mixed,,,,,,,2023-05-23,69.000000,-2.7681,0.2609,-2.2464,0.7391,-2.5073
2023Q2,ZS,$100M-$500M,-1,2,2,0,0,3,good,,,,,,,2023-05-09,108.790001,15.1484,23.8349,36.7957,41.8053,33.5968
2023Q2,ZTS,$1B-$2B,2,2,2,1,0,7,strong,,,,,,,2023-05-05,180.000000,2.1389,-8.2000,-4.9333,-5.9167,0.4889
2023Q2,ZWS,$100M-$500M,2,-1,-1,1,0,1,mixed,,Tier 0 - Broad right-tail scouting universe,,,,,2023-04-26,21.299999,0.8451,0.2347,5.9155,19.1080,36.8075
