quarter,ticker,cik,metadata_status,item_202_8k_count,item_202_event_dates,item_202_accessions,primary_8k_docs,earnings_exhibit_docs,earnings_exhibit_doc_count,latest_periodic_form,latest_periodic_filing_date,latest_periodic_accession,latest_periodic_doc,primary_8k_cached_count,earnings_exhibit_cached_count,periodic_cached,ready_for_earnings_extraction,ready_for_periodic_extraction,quality_fail_reasons,audit_reasons,elapsed_seconds
2026Q1,A,1090872,ok,1,2026-02-25,0001090872-26-000015,a-20260225.htm,exhibit991-q126pressrelease.htm,1,10-Q,2026-03-03,0001090872-26-000023,a-20260131.htm,1,1,True,True,True,,ready,2.78
2026Q1,AAP,1158449,ok,1,2026-02-13,0001193125-26-049776,aap-20260213.htm,aap-ex99_1.htm,1,10-K,2026-02-13,0001193125-26-051305,aap-20260103.htm,1,1,True,True,True,,ready,2.82
2026Q1,AAT,1500217,ok,1,2026-02-03,0001500217-26-000004,aat-20260203.htm,a4q25earningsrelease.htm,1,10-K,2026-02-06,0001500217-26-000008,aat-20251231.htm,1,1,True,True,True,,ready,8.77
2026Q1,ABG,1144980,ok,1,2026-02-05,0001144980-26-000007,abg-20260205.htm,a2025q4ex991.htm,1,10-K,2026-02-20,0001144980-26-000051,abg-20251231.htm,1,1,True,True,True,,ready,3.11
2026Q1,ABM,771497,ok,1,2026-03-10,0001193125-26-099334,abm-20260310.htm,abm-ex99_1.htm,1,10-Q,2026-03-10,0000771497-26-000001,abm-20260131.htm,1,1,True,True,True,,ready,2.98
2026Q1,ABNB,1559720,ok,1,2026-02-12,0001193125-26-048670,d58192d8k.htm,d58192dex991.htm,1,10-K,2026-02-12,0001559720-26-000004,abnb-20251231.htm,1,1,True,True,True,,ready,2.35
2026Q1,ACA,1739445,ok,2,2026-02-25;2026-02-26,0001739445-26-000007;0001739445-26-000027,aca-20260224.htm;aca-20260223.htm,exh991pressrelease-bargesa.htm;exh991earningsrelease12312.htm,2,10-K,2026-02-27,0001739445-26-000029,aca-20251231.htm,2,2,True,True,True,,ready,3.11
2026Q1,ACAD,1070494,ok,2,2026-01-13;2026-02-25,0001193125-26-011706;0001193125-26-071674,acad-20260113.htm;acad-20260225.htm,acad-ex99_1.htm,1,10-K,2026-02-26,0001193125-26-072519,acad-20251231.htm,2,1,True,True,True,,ready,3.17
2026Q1,ACCO,712034,ok,1,2026-03-09,0001193125-26-097823,acco-20260309.htm,acco-ex99_1.htm,1,10-K,2026-03-09,0001193125-26-098616,acco-20251231.htm,1,1,True,True,True,,ready,3.17
2026Q1,ACDC,0001881487,ok,1,2026-03-12,0001104659-26-026624,tm268606d1_8k.htm,tm268606d1_ex99-1.htm,1,10-K,2026-03-13,0001193125-26-106120,acdc-20251231.htm,1,1,True,True,True,,ready,2.59
2026Q1,ACGL,947484,ok,1,2026-02-09,0000947484-26-000010,acgl-20260209.htm,ex-991release123125.htm;ex-992supplement123125.htm,2,10-K,2026-02-26,0000947484-26-000017,acgl-20251231.htm,1,2,True,True,True,,ready,4.75
2026Q1,ACH,75252,ok,1,2026-02-19,0001104659-26-017541,omi-20260219x8k.htm,omi-20260219xex99d1.htm;omi-20260219xex99d2.htm,2,10-K,2026-02-20,0001104659-26-018169,omi-20251231x10k.htm,1,2,True,True,True,,ready,3.37
2026Q1,ACIW,935036,ok,1,2026-02-26,0000935036-26-000009,aciw-20260223.htm,aciw-20260226_ex991.htm;aciw-20260226_ex992.htm,2,10-K,2026-02-26,0000935036-26-000011,aciw-20251231.htm,1,2,True,True,True,,ready,3.50
2026Q1,ACLS,1113232,ok,1,2026-02-17,0001104659-26-016391,tm265450d5_8k.htm,tm265450d5_ex99-1.htm,1,10-K,2026-02-26,0001104659-26-020461,acls-20251231x10k.htm,1,1,True,True,True,,ready,2.67
2026Q1,ACT,1823529,ok,1,2026-02-03,0001823529-26-000003,act-20260203.htm,a4q25earningsrelease.htm,1,10-K,2026-02-27,0001823529-26-000060,act-20251231.htm,1,1,True,True,True,,ready,2.34
2026Q1,ACVA,1637873,ok,1,2026-02-23,0001637873-26-000010,acva-20260223.htm,q4-25earningspressrelease.htm,1,10-K,2026-02-23,0001637873-26-000011,acva-20251231.htm,1,1,True,True,True,,ready,2.19
2026Q1,ADBE,796343,ok,1,2026-03-12,0000796343-26-000048,adbe-20260309.htm,adbeex991q126.htm;adbeex992q126.htm;adbeex993q126.htm,3,10-Q,2026-03-25,0000796343-26-000056,adbe-20260227.htm,1,2,True,True,True,earnings_exhibit:exhibit_not_earnings_like,ready,3.11
2026Q1,ADEA,1803696,ok,1,2026-02-23,0001193125-26-063996,adea-20260223.htm,adea-ex99_1.htm,1,10-K,2026-02-26,0001193125-26-076549,adea-20251231.htm,1,1,True,True,True,,ready,2.17
2026Q1,ADI,6281,ok,1,2026-02-18,0000006281-26-000015,adi-20260217.htm,adi1q26ex992dividendpressr.htm;adi1q26exhibit991earnings.htm,2,10-Q,2026-02-18,0000006281-26-000016,adi-20260131.htm,1,2,True,True,True,,ready,3.07
2026Q1,ADNT,1670541,ok,1,2026-02-04,0001670541-26-000022,adnt-20260204.htm,a02042026adientform8-kex991.htm,1,10-Q,2026-02-04,0001670541-26-000024,adnt-20251231.htm,1,1,True,True,True,,ready,2.25
2026Q1,ADSK,769397,ok,1,2026-02-26,0000769397-26-000010,adsk-20260226.htm,q426pressrelease.htm,1,10-K,2026-03-03,0000769397-26-000015,adsk-20260131.htm,1,1,True,True,True,,ready,2.86
2026Q1,ADTN,926282,ok,2,2026-01-22;2026-02-26,0001193125-26-018367;0001193125-26-073361,adtn-20260121.htm;adtn-20260225.htm,adtn-ex99_1.htm;adtn-ex99_2.htm;adtn-ex99_1.htm;adtn-ex99_2.htm,4,10-K,2026-02-26,0001193125-26-073878,adtn-20251231.htm,2,4,True,True,True,,ready,5.66
2026Q1,ADUS,1468328,ok,1,2026-02-23,0001437749-26-005106,adus20260220_8k.htm,ex_923710.htm,1,10-K,2026-02-24,0001437749-26-005352,adus20251231_10k.htm,1,1,True,True,True,,ready,2.21
2026Q1,ADV,1776661,ok,1,2026-03-03,0001193125-26-086633,adv-20260303.htm,adv-ex99_1.htm;adv-ex99_2.htm,2,10-K,2026-03-03,0001193125-26-088543,adv-20251231.htm,1,2,True,True,True,,ready,3.68
2026Q1,AEE,1002910,ok,1,2026-02-11,0001002910-26-000005,aee-20260211.htm,q42025ex991earningsrelease.htm;q42025ex992earningsrelease.htm,2,10-K,2026-02-18,0001002910-26-000009,aee-20251231.htm,1,2,True,True,True,,ready,4.01
2026Q1,AEIS,927003,ok,1,2026-02-10,0000927003-26-000005,aeis-20260210x8k.htm,aeis-20260210xex99d1.htm,1,10-K,2026-02-13,0001104659-26-014731,aeis-20251231x10k.htm,1,1,True,True,True,,ready,2.96
2026Q1,AEO,919012,ok,1,2026-03-04,0001193125-26-091582,aeo-20260304.htm,aeo-ex99_1.htm,1,10-K,2026-03-30,0001193125-26-132097,aeo-20260131.htm,1,1,True,True,True,,ready,3.17
2026Q1,AEP,4904,ok,1,2026-02-12,0000004904-26-000011,aep-20260212.htm,a4q20258kpressreleaseex991.htm,1,10-K,2026-02-12,0000004904-26-000013,aep-20251231.htm,1,1,True,True,True,,ready,6.45
2026Q1,AES,874761,ok,0,,,,,0,10-K,2026-03-02,0000874761-26-000063,aes-20251231.htm,0,0,True,False,True,,missing_8k_item_202;earnings_docs_not_ready,1.97
2026Q1,AESI,0001984060,ok,1,2026-02-23,0001193125-26-064170,aesi-20260223.htm,aesi-ex99_1.htm,1,10-K,2026-02-24,0001193125-26-067145,aesi-20251231.htm,1,1,True,True,True,,ready,3.70
2026Q1,AFL,4977,ok,1,2026-02-04,0001628280-26-005458,afl-20260204.htm,aflex991-q42025.htm;aflex993teleconferencespee.htm;maxteleconferencepresent.htm,3,10-K,2026-02-25,0001628280-26-011402,afl-20251231.htm,1,3,True,True,True,,ready,4.49
2026Q1,AFRM,1820953,ok,1,2026-02-05,0001628280-26-005772,afrm-20260205.htm,affirmfq226shareholderle.htm,1,10-Q,2026-02-05,0001628280-26-005855,afrm-20251231.htm,1,1,True,True,True,,ready,2.06
2026Q1,AGX,100591,ok,1,2026-03-26,0001104659-26-035201,agx-20260326x8k.htm,agx-20260326xex99d1.htm,1,10-K,2026-03-26,0001104659-26-035216,agx-20260131x10k.htm,1,1,True,True,True,,ready,2.44
2026Q1,AGYS,78749,ok,1,2026-01-26,0001193125-26-022562,agys-20260126.htm,agys-ex99_1.htm,1,10-Q,2026-01-26,0001193125-26-022793,agys-20251231.htm,1,1,True,True,True,,ready,8.00
2026Q1,AHCO,1725255,ok,1,2026-02-24,0001628280-26-010872,ahco-20260224.htm,ahco-20260224x8k_ex991.htm,1,10-K,2026-02-24,0001628280-26-011213,ahco-20251231.htm,1,1,True,True,True,,ready,2.30
2026Q1,AHR,1632970,ok,1,2026-02-26,0001193125-26-076786,d77761d8k.htm,d77761dex991.htm;d77761dex992.htm,2,10-K,2026-02-27,0001193125-26-082692,ahr-20251231.htm,1,2,True,True,True,,ready,4.06
2026Q1,AHRT,1569187,ok,1,2026-02-17,0001569187-26-000008,ahh-20260217.htm,ahh2025q4ex991earningsrele.htm,1,10-K,2026-02-26,0001569187-26-000019,ahh-20251231.htm,1,1,True,True,True,,ready,2.86
2026Q1,AI,1577526,ok,1,2026-02-25,0001577526-26-000013,ai-20260224.htm,ex991-fy26xq3earnings.htm,1,10-Q,2026-03-11,0001577526-26-000024,ai-20260131.htm,1,1,True,True,True,,ready,2.00
2026Q1,AIOT,1774170,ok,1,2026-02-09,0001493152-26-005700,form8-k.htm,ex99-1.htm;ex99-2.htm,2,10-Q,2026-02-09,0001628280-26-006487,aiot-20251231.htm,1,1,True,True,True,earnings_exhibit:earnings_exhibit_too_short;earnings_exhibit:exhibit_not_earnings_like,ready,2.80
2026Q1,AJG,354190,ok,1,2026-01-29,0001193125-26-029407,d38405d8k.htm,d38405dex991.htm,1,10-K,2026-02-17,0001628280-26-008662,ajg-20251231.htm,1,1,True,True,True,,ready,3.66
2026Q1,AKAM,1086222,ok,1,2026-02-19,0001086222-26-000017,akam-20260219.htm,exhibit991-q42025.htm,1,10-K,2026-02-20,0001086222-26-000022,akam-20251231.htm,1,1,True,True,True,,ready,3.12
2026Q1,ALB,915913,ok,1,2026-02-11,0000915913-26-000016,alb-20260211.htm,a4q25earningsreleaseex991.htm,1,10-K,2026-02-11,0000915913-26-000018,alb-20251231.htm,1,1,True,True,True,,ready,2.88
2026Q1,ALG,897077,ok,1,2026-03-02,0000897077-26-000015,alg-20260302.htm,ex991q42025.htm,1,10-K,2026-03-02,0000897077-26-000016,alg-20251231.htm,1,1,True,True,True,,ready,2.51
2026Q1,ALGM,866291,ok,1,2026-01-29,0001193125-26-028160,algm-20260129.htm,algm-ex99_1.htm,1,10-Q,2026-01-30,0001193125-26-030636,algm-20251226.htm,1,1,True,True,True,,ready,2.57
2026Q1,ALGN,1097149,ok,1,2026-02-04,0001097149-26-000006,algn-20260204.htm,algn-q425earningspressrele.htm,1,10-K,2026-02-27,0001097149-26-000014,algn-20251231.htm,1,1,True,True,True,,ready,3.42
2026Q1,ALGT,1362468,ok,1,2026-02-04,0001362468-26-000004,algt-20260204.htm,a2025q48-kex991.htm;a4q25-ecpresentationvfin.htm,2,10-K,2026-02-26,0001362468-26-000008,algt-20251231.htm,1,2,True,True,True,,ready,3.16
2026Q1,ALKS,1520262,ok,2,2026-01-12;2026-02-25,0001193125-26-009813;0001193125-26-068512,alks-20260112.htm;alks-20260225.htm,alks-ex99_1.htm;alks-ex99_1.htm;alks-ex99_2.htm,3,10-K,2026-02-25,0001193125-26-068925,alks-20251231.htm,2,2,True,True,True,earnings_exhibit:exhibit_not_earnings_like,ready,4.67
2026Q1,ALLE,1579241,ok,1,2026-02-17,0001579241-26-000006,alle-20260217.htm,exhibit991-pressreleasedat.htm,1,10-K,2026-02-17,0001579241-26-000007,alle-20251231.htm,1,1,True,True,True,,ready,2.16
2026Q1,ALRM,1459200,ok,1,2026-02-19,0001459200-26-000004,alrm-20260219.htm,ex991earningsreleasedecemb.htm,1,10-K,2026-02-19,0001459200-26-000005,alrm-20251231.htm,1,1,True,True,True,,ready,2.19
2026Q1,ALTG,1759824,ok,1,2026-02-26,0001193125-26-076903,altg-20260226.htm,altg-ex99_1.htm,1,10-K,2026-02-26,0001193125-26-076932,altg-20251231.htm,1,1,True,True,True,,ready,3.52
2026Q1,AMC,1411579,ok,2,2026-01-29;2026-02-23,0001104659-26-007682;0001411579-26-000018,tm264399d1_8k.htm;amc-20260223x8k.htm,tm264399d1_ex99-1.htm;amc-20260223xex99d1.htm,2,10-K,2026-02-23,0001411579-26-000016,amc-20251231x10k.htm,2,2,True,True,True,,ready,4.76
2026Q1,AMCX,1514991,ok,1,2026-02-11,0001514991-26-000008,amcx-20260211.htm,amcx-21126xex991.htm,1,10-K,2026-02-11,0001514991-26-000011,amcx-20251231.htm,1,1,True,True,True,,ready,2.52
2026Q1,AMD,2488,ok,1,2026-02-03,0000002488-26-000014,amd-20260203.htm,amdq425earningsslidesfin.htm,1,10-K,2026-02-04,0000002488-26-000018,amd-20251227.htm,1,1,True,True,True,,ready,2.30
2026Q1,AME,1037868,ok,1,2026-02-03,0001037868-26-000006,ame-20260203.htm,ametek8kex99202-03x2026.htm;ametek8kexhibit99102032026.htm,2,10-K,2026-02-17,0001037868-26-000016,ame-20251231.htm,1,2,True,True,True,,ready,2.74
2026Q1,AMGN,318154,ok,1,2026-02-03,0000318154-26-000003,amgn-20260203.htm,amgn-20251231earningsrelea.htm,1,10-K,2026-02-13,0000318154-26-000010,amgn-20251231.htm,1,1,True,True,True,,ready,3.38
2026Q1,AMKR,1047127,ok,1,2026-02-09,0001047127-26-000007,amkr-20260209.htm,,0,10-K,2026-02-20,0001047127-26-000014,amkr-20251231.htm,1,0,True,False,True,,missing_earnings_exhibit_doc;earnings_docs_not_ready,2.31
2026Q1,AMN,1142750,ok,0,,,,,0,10-K,2026-02-20,0001628280-26-009918,amn-20251231.htm,0,0,True,False,True,,missing_8k_item_202;earnings_docs_not_ready,0.96
2026Q1,AMPH,1297184,ok,1,2026-02-26,0001297184-26-000007,amph-20260226x8k.htm,amph-20260226xex99d1.htm,1,10-K,2026-02-26,0001297184-26-000009,amph-20251231x10k.htm,1,1,True,True,True,,ready,2.62
2026Q1,AMR,1704715,ok,2,2026-01-30;2026-02-27,0001704715-26-000003;0001704715-26-000009,amr-20260130.htm;amr-20260227.htm,prelimpressrelease12312025.htm;pressrelease12312025.htm,2,10-K,2026-02-27,0001704715-26-000010,amr-20251231.htm,2,2,True,True,True,,ready,3.78
2026Q1,AMRX,1723128,ok,2,2026-01-13;2026-02-27,0001723128-26-000003;0001723128-26-000008,amrx-20260113.htm;amrx-20260227.htm,amrx-q42025ex991.htm,1,10-K,2026-02-27,0001723128-26-000011,amrx-20251231.htm,2,1,True,True,True,,ready,3.22
2026Q1,AMT,1053507,ok,1,2026-02-24,0001053507-26-000032,amt-20260224.htm,pressreleaseq42025.htm,1,10-K,2026-02-24,0001053507-26-000035,amt-20251231.htm,1,1,True,True,True,,ready,2.66
2026Q1,AMWD,794619,ok,1,2026-02-26,0000794619-26-000003,amwd-20260226.htm,ex991202601318k.htm,1,10-Q,2026-02-26,0000794619-26-000005,amwd-20260131.htm,1,1,True,True,True,,ready,2.39
2026Q1,ANDE,821026,ok,1,2026-02-17,0000821026-26-000007,ande-20260217.htm,q42025ex-99pressrelease.htm,1,10-K,2026-02-18,0000821026-26-000010,ande-20251231.htm,1,1,True,True,True,,ready,2.61
2026Q1,ANET,1596532,ok,1,2026-02-12,0001596532-26-000010,anet-20260212.htm,ex991q425-earningsrelease.htm,1,10-K,2026-02-17,0001596532-26-000013,anet-20251231.htm,1,1,True,True,True,,ready,2.05
2026Q1,ANF,1018840,ok,1,2026-03-04,0001018840-26-000006,anf-20260304.htm,q42025pressrelease.htm,1,10-K,2026-03-26,0001018840-26-000012,anf-20260131.htm,1,1,True,True,True,,ready,2.91
2026Q1,ANGI,1705110,ok,1,2026-02-10,0001705110-26-000008,angi-20260210.htm,q42025earningsrelease.htm,1,10-K,2026-02-20,0001705110-26-000011,angi-20251231.htm,1,1,True,True,True,,ready,3.00
2026Q1,ANGO,1275187,ok,1,2026-01-06,0001140361-26-000341,ef20062354_8k.htm,ef20062354_ex99-1.htm;ef20062354_ex99-2.htm,2,10-Q,2026-01-06,0001275187-26-000003,ango-20251130.htm,1,2,True,True,True,,ready,3.04
2026Q1,AON,315293,ok,1,2026-01-30,0001628280-26-004273,aon-20260130.htm,ex991prq42025.htm,1,10-K,2026-02-13,0001628280-26-008116,aon-20251231.htm,1,1,True,True,True,,ready,2.82
2026Q1,AOS,91142,ok,1,2026-01-29,0000091142-26-000005,aos-20260129.htm,a12312025exhibit991.htm,1,10-K,2026-02-10,0000091142-26-000008,aos-20251231.htm,1,1,True,True,True,,ready,2.74
2026Q1,AOSL,1387467,ok,1,2026-02-05,0001387467-26-000012,aosl-20260205.htm,exhibit991earningreleasede.htm;exhibit992earningreleasede.htm,2,10-Q,2026-02-05,0001387467-26-000013,aosl-20251231.htm,1,2,True,True,True,,ready,2.77
2026Q1,APAM,1517302,ok,1,2026-02-03,0001517302-26-000025,apam-20260129.htm,artisan4q25pressrelease.htm;artisanye2025earningsrelea.htm,2,10-K,2026-02-20,0001517302-26-000047,apam-20251231.htm,1,2,True,True,True,,ready,3.43
2026Q1,APD,2969,ok,1,2026-01-30,0000002969-26-000006,apd-20260130.htm,exhibit99131dec25.htm,1,10-Q,2026-01-30,0000002969-26-000008,apd-20251231.htm,1,1,True,True,True,,ready,2.43
2026Q1,APEI,1201792,ok,1,2026-03-12,0001104659-26-027043,tm268372d1_8k.htm,tm268372d1_ex99-1.htm,1,10-K,2026-03-12,0001201792-26-000004,apei-20251231.htm,1,1,True,True,True,,ready,2.79
2026Q1,APH,820313,ok,1,2026-01-28,0001104659-26-007259,aph-20260128x8k.htm,aph-20260128xex99d1.htm,1,10-K,2026-02-11,0001104659-26-013549,aph-20251231x10k.htm,1,1,True,True,True,,ready,3.41
2026Q1,APLE,1418121,ok,1,2026-02-23,0001193125-26-064006,aple-20260223.htm,aple-ex99_1.htm,1,10-K,2026-02-23,0001193125-26-064008,aple-20251231.htm,1,1,True,True,True,,ready,4.46
2026Q1,APO,0001858681,ok,2,2026-01-02;2026-02-09,0001858681-26-000004;0001858681-26-000007,apo-20260102.htm;apo-20260209.htm,agmearningsrelease4q2025.htm;erex9914q2025.htm,2,10-K,2026-02-25,0001858681-26-000013,apo-20251231.htm,2,2,True,True,True,,ready,11.38
2026Q1,APP,1751008,ok,1,2026-02-11,0001751008-26-000005,app-20260211.htm,exhibit991-4q25earningspre.htm,1,10-K,2026-02-19,0001751008-26-000010,app-20251231.htm,1,1,True,True,True,,ready,2.15
2026Q1,APPF,1433195,ok,1,2026-01-29,0001433195-26-000006,appf-20260129.htm,appfq42025exhibit991.htm,1,10-K,2026-02-05,0001433195-26-000011,appf-20251231.htm,1,1,True,True,True,,ready,2.32
2026Q1,APPN,1441683,ok,1,2026-02-19,0001441683-26-000008,appn-20260219.htm,appnex991earningsrelease-1.htm,1,10-K,2026-02-19,0001441683-26-000013,appn-20251231.htm,1,1,True,True,True,,ready,3.44
2026Q1,APTV,1521332,ok,1,2026-02-02,0001521332-26-000004,aptv-20260202.htm,aptv2025ex991.htm,1,10-K,2026-02-06,0001521332-26-000009,aptv-20251231.htm,1,1,True,True,True,,ready,3.17
2026Q1,ARCB,894405,ok,1,2026-01-30,0001104659-26-008222,arcb-20260130x8k.htm,arcb-20260130xex99d1.htm;arcb-20260130xex99d2.htm;arcb-20260130xex99d3.htm,3,10-K,2026-02-25,0001104659-26-019699,arcb-20251231x10k.htm,1,3,True,True,True,,ready,4.61
2026Q1,ARES,1176948,ok,1,2026-02-05,0001628280-26-005596,ares-20260205.htm,a2025q4-ex991.htm;a2025q4-ex992earningspre.htm,2,10-K,2026-02-25,0001628280-26-011413,ares-20251231.htm,1,2,True,True,True,,ready,6.59
2026Q1,ARLO,1736946,ok,1,2026-02-26,0001736946-26-000029,arlo-20260226.htm,arlo25q4earningsrelease-20.htm,1,10-K,2026-02-27,0001736946-26-000031,arlo-20251231.htm,1,1,True,True,True,,ready,2.76
2026Q1,ARLP,1086600,ok,1,2026-02-02,0001104659-26-008972,arlp-20260202x8k.htm,arlp-20260202xex99d1.htm,1,10-K,2026-02-26,0001104659-26-020468,arlp-20251231x10k.htm,1,1,True,True,True,,ready,3.73
2026Q1,AROC,1389050,ok,1,2026-02-25,0001389050-26-000006,aroc-20260224x8k.htm,aroc-20260224xex99d1.htm,1,10-K,2026-02-26,0001389050-26-000009,aroc-20251231x10k.htm,1,1,True,True,True,,ready,2.36
2026Q1,ARRY,1820721,ok,1,2026-02-25,0001820721-26-000005,arry-20260225.htm,exhibit9912025q4pressrelea.htm;exhibit9922025q4earnings.htm,2,10-K,2026-02-25,0001820721-26-000008,arry-20251231.htm,1,2,True,True,True,,ready,3.00
2026Q1,ARWR,879407,ok,1,2026-02-05,0000879407-26-000033,arwr-20260205.htm,arwr-202602058kex991.htm,1,10-Q,2026-02-05,0000879407-26-000034,arwr-20251231.htm,1,1,True,True,True,,ready,1.90
2026Q1,ASAN,1477720,ok,1,2026-03-02,0001477720-26-000012,asan-20260226.htm,asana8-kex991q4fy26.htm,1,10-K,2026-03-13,0001477720-26-000021,asan-20260131.htm,1,1,True,True,True,,ready,2.05
2026Q1,ASB,7789,ok,1,2026-01-22,0000007789-26-000013,asb-20260122.htm,asb12312025ex991.htm;asb4q2025earningspresent.htm,2,10-K,2026-02-12,0000007789-26-000071,asb-20251231.htm,1,2,True,True,True,,ready,4.64
2026Q1,ASGN,890564,ok,2,2026-01-20;2026-02-04,0000890564-26-000004;0000890564-26-000008,asgn-20260120.htm;asgn-20260204.htm,ex991pressreleasequinnox.htm;earningsrelease-q425.htm,2,10-K,2026-02-25,0000890564-26-000013,asgn-20251231.htm,2,2,True,True,True,,ready,3.76
2026Q1,ASIX,1673985,ok,1,2026-02-20,0001673985-26-000004,asix-20260220.htm,exhibit99q42025prearningsf.htm,1,10-K,2026-02-20,0001673985-26-000008,asix-20251231.htm,1,1,True,True,True,,ready,2.31
2026Q1,ASO,1817358,ok,1,2026-03-17,0001817358-26-000026,aso-20260317.htm,exhibit991pressreleaseye25.htm;q425earningspresentation.htm,2,10-K,2026-03-17,0001817358-26-000031,aso-20260131.htm,1,2,True,True,True,,ready,9.92
2026Q1,ASTH,1083446,ok,1,2026-03-02,0001104659-26-021893,tm267656d1_8k.htm,tm267656d1_ex99-1.htm;tm267656d1_ex99-2.htm,2,10-K,2026-03-12,0001193125-26-103128,asth-20251231.htm,1,2,True,True,True,,ready,3.36
2026Q1,ATKR,1666138,ok,1,2026-02-03,0001628280-26-004737,atkr-20260203.htm,q12026earningsdeck-final.htm,1,10-Q,2026-02-03,0001628280-26-004734,atkr-20251226.htm,1,1,True,True,True,,ready,7.53
2026Q1,ATMU,0001921963,ok,1,2026-02-13,0001921963-26-000012,atmu-20260213.htm,atmu2025q4annual8-kex991.htm,1,10-K,2026-02-13,0001921963-26-000015,atmu-20251231.htm,1,1,True,True,True,,ready,2.16
2026Q1,ATNI,879585,ok,1,2026-03-05,0001104659-26-023669,tm268056d1_8k.htm,tm268056d1_ex99-1.htm,1,10-K,2026-03-16,0001104659-26-028515,atni-20251231x10k.htm,1,1,True,True,True,,ready,3.13
2026Q1,ATO,731802,ok,1,2026-02-03,0000731802-26-000011,ato-20260203.htm,ato20260203exhibit991.htm,1,10-Q,2026-02-03,0000731802-26-000013,ato-20251231.htm,1,1,True,True,True,,ready,2.65
2026Q1,ATRO,8063,ok,4,2026-01-08;2026-01-14;2026-02-05;2026-02-24,0000008063-26-000005;0000008063-26-000010;0000008063-26-000014;0000008063-26-000018,atro-20260108.htm;atro-20260114.htm;atro-20260205.htm;atro-20260224.htm,a010826exhibit991.htm;a01142026exhibit991.htm;a020526exhibit991.htm;ex99120251231pr.htm,4,10-K,2026-02-26,0000008063-26-000021,atro-20251231.htm,4,4,True,True,True,,ready,12.21
2026Q1,AVA,104918,ok,1,2026-02-25,0001193125-26-067873,ava-20260225.htm,ava-ex99_1.htm;ava-ex99_2.htm,2,10-K,2026-02-25,0001193125-26-067872,ava-20251231.htm,1,2,True,True,True,,ready,6.73
2026Q1,AVAV,1368622,ok,1,2026-03-10,0001104659-26-025841,avav-20260310x8k.htm,avav-20260310xex99d1.htm;avav-20260310xex99d2.htm,2,10-Q,2026-03-11,0001104659-26-025979,avav-20260131x10q.htm,1,2,True,True,True,,ready,6.01
2026Q1,AVB,915912,ok,1,2026-02-05,0000915912-26-000002,avb-20260204.htm,q42025ex-991.htm;q42025ex-992.htm,2,10-K,2026-02-27,0000915912-26-000004,avb-20251231.htm,1,2,True,True,True,,ready,10.16
2026Q1,AVD,5981,ok,1,2026-03-18,0001193125-26-114235,d878596d8k.htm,d878596dex991.htm;d878596dex992.htm,2,10-K,2026-03-16,0001193125-26-108593,avd-20251231.htm,1,2,True,True,True,,ready,3.29
2026Q1,AVNS,1606498,ok,1,2026-02-24,0001606498-26-000002,avns-20260224.htm,avns4q2025form8-kex991.htm,1,10-K,2026-02-24,0001606498-26-000004,avns-20251231.htm,1,1,True,True,True,,ready,2.07
2026Q1,AVNT,1122976,ok,1,2026-02-12,0001122976-26-000035,avnt-20260212.htm,newsrelease-avntx20251231x.htm,1,10-K,2026-02-17,0001122976-26-000039,avnt-20251231.htm,1,1,True,True,True,,ready,2.06
2026Q1,AVNW,1377789,ok,1,2026-02-03,0001628280-26-004989,avnw-20260203.htm,fy26q2pressrelease.htm,1,10-Q,2026-02-03,0001628280-26-005015,avnw-20251226.htm,1,1,True,True,True,,ready,2.13
2026Q1,AVY,8818,ok,1,2026-02-04,0000008818-26-000004,avy-20260204.htm,ex9918k2-4x26.htm;ex9928k2-4x26.htm,2,10-K,2026-02-25,0000008818-26-000015,avy-20251231.htm,1,2,True,True,True,,ready,3.29
2026Q1,AWK,1410636,ok,1,2026-02-18,0001410636-26-000035,awk-20260218.htm,ex991-12312025q4pressrelea.htm,1,10-K,2026-02-18,0001410636-26-000034,awk-20251231.htm,1,1,True,True,True,,ready,2.75
2026Q1,AWR,1056903,ok,1,2026-02-18,0001628280-26-009130,awr-20260218.htm,exhibit991pressrelease2025.htm,1,10-K,2026-02-18,0001628280-26-009114,awr-20251231.htm,1,1,True,True,True,,ready,3.06
2026Q1,AXON,1069183,ok,1,2026-02-24,0001628280-26-011106,axon-20260224.htm,axon-20260224xex991.htm,1,10-K,2026-02-25,0001628280-26-011360,axon-20251231.htm,1,1,True,True,True,,ready,3.12
2026Q1,AXP,4962,ok,1,2026-01-30,0000004962-26-000037,axp-20260130.htm,q425exhibit991.htm;q425exhibit992.htm,2,10-K,2026-02-06,0000004962-26-000080,axp-20251231.htm,1,2,True,True,True,,ready,3.82
2026Q1,AZZ,8947,ok,1,2026-01-07,0000008947-26-000012,azz-20260107.htm,exhibit991q3fy26earningsre.htm,1,10-Q,2026-01-07,0000008947-26-000010,azz-20251130.htm,1,1,True,True,True,,ready,2.44
2026Q1,BALL,9389,ok,1,2026-02-03,0000009389-26-000039,ball-20260203x8k.htm,ball-20260203xex99.htm,1,10-K,2026-02-19,0001104659-26-017410,ball-20251231x10k.htm,1,1,True,True,True,,ready,3.27
2026Q1,BANC,1169770,ok,1,2026-01-21,0001628280-26-002899,banc-20260121.htm,banc4q25invprefc012126.htm;ex991_123125er.htm,2,10-K,2026-02-27,0001628280-26-012946,banc-20251231.htm,1,2,True,True,True,,ready,4.71
2026Q1,BARK,1819574,ok,1,2026-02-05,0001628280-26-005773,bark-20260205.htm,exhibit991-q32026pressrele.htm,1,10-Q,2026-02-05,0001628280-26-005799,bark-20251231.htm,1,1,True,True,True,,ready,2.35
2026Q1,BAX,10456,ok,1,2026-02-12,0001628280-26-007474,bax-20260210.htm,bax-20260212xex991.htm,1,10-K,2026-02-12,0001628280-26-007733,bax-20251231.htm,1,1,True,True,True,,ready,2.71
2026Q1,BBBY,1130713,ok,1,2026-02-23,0001130713-26-000014,byon-20260223.htm,ex991q425pressrelease.htm,1,10-K,2026-02-24,0001130713-26-000018,bbby-20251231.htm,1,1,True,True,True,,ready,3.13
2026Q1,BBSI,902791,ok,1,2026-02-25,0001193125-26-071531,bbsi-20260225.htm,bbsi-ex99_1.htm,1,10-K,2026-02-26,0001193125-26-072255,bbsi-20251231.htm,1,1,True,True,True,,ready,6.32
2026Q1,BBT,1108134,ok,1,2026-01-28,0001171843-26-000481,f8k_012826.htm,exh_991.htm;exh_992.htm,2,10-K,2026-03-02,0001628280-26-013247,brkl-20251231.htm,1,2,True,True,True,,ready,3.79
2026Q1,BBY,764478,ok,1,2026-03-03,0000764478-26-000005,bby-20260303.htm,bby-fy26q4xexx99.htm,1,10-K,2026-03-18,0000764478-26-000009,bby-20260131.htm,1,1,True,True,True,,ready,2.43
2026Q1,BCC,1328581,ok,1,2026-02-23,0001328581-26-000004,bcc-20260223.htm,bccexhibit99112312025.htm;bccexhibit99212312025.htm,2,10-K,2026-02-24,0001328581-26-000006,bcc-20251231.htm,1,2,True,True,True,,ready,3.65
2026Q1,BCO,78890,ok,1,2026-02-26,0000078890-26-000008,bco-20260226.htm,ex991q42025.htm;exhibit992.htm,2,10-K,2026-02-26,0000078890-26-000010,bco-20251231.htm,1,2,True,True,True,,ready,4.48
2026Q1,BCPC,9326,ok,1,2026-02-20,0000009326-26-000004,bcpc-20260220.htm,exhibit991q42025.htm,1,10-K,2026-02-20,0000009326-26-000007,bcpc-20251231.htm,1,1,True,True,True,,ready,2.31
2026Q1,BDC,913142,ok,1,2026-02-12,0000913142-26-000005,bdc-20260212.htm,companynewsreleasedatedfeb.htm,1,10-K,2026-02-17,0000913142-26-000009,bdc-20251231.htm,1,1,True,True,True,,ready,17.96
2026Q1,BDN,790816,ok,1,2026-02-04,0000790816-26-000005,bdn-20260204.htm,bdnearningsrelease-ex991q4.htm,1,10-K,2026-02-23,0000790816-26-000008,bdn-20251231.htm,1,1,True,True,True,,ready,13.60
2026Q1,BDX,10795,ok,1,2026-02-09,0001628280-26-006182,bdx-20260209.htm,ex99112312025.htm,1,10-Q,2026-02-09,0000010795-26-000005,bdx-20251231.htm,1,1,True,True,True,,ready,2.97
2026Q1,BE,1664703,ok,1,2026-02-05,0001628280-26-005798,be-20260205.htm,ex991_q42025financialresul.htm,1,10-K,2026-02-09,0001628280-26-006516,be-20251231.htm,1,1,True,True,True,,ready,2.33
2026Q1,BEN,38777,ok,1,2026-01-30,0000038777-26-000032,ben-20260130.htm,exhibit991q1fy26.htm,1,10-Q,2026-01-30,0000038777-26-000033,ben-20251231.htm,1,1,True,True,True,,ready,3.82
2026Q1,BFH,1101215,ok,1,2026-01-29,0001101215-26-000007,bfh-20260129.htm,exhibit991epr01-29x26.htm;exhibit992financialsuppl.htm;exhibit993slides01-29x26.htm,3,10-K,2026-02-13,0001101215-26-000016,bfh-20251231.htm,1,3,True,True,True,,ready,4.23
2026Q1,BGS,1278027,ok,1,2026-03-03,0001104659-26-022831,bgs-20260303x8k.htm,bgs-20260303xex99d1.htm,1,10-K,2026-03-03,0001104659-26-022961,bgs-20260103x10k.htm,1,1,True,True,True,,ready,2.91
2026Q1,BHE,863436,ok,1,2026-02-03,0001193125-26-035656,bhe-20260203.htm,bhe-ex99_1.htm;bhe-ex99_2.htm,2,10-K,2026-02-24,0001193125-26-064849,bhe-20251231.htm,1,2,True,True,True,,ready,3.40
2026Q1,BHF,1685040,ok,1,2026-02-23,0001685040-26-000009,bhf-20260223.htm,q42025bhfearningspressrele.htm,1,10-K,2026-02-24,0001685040-26-000011,bhf-20251231.htm,1,1,True,True,True,,ready,3.46
2026Q1,BHFAL,1685040,ok,1,2026-02-23,0001685040-26-000009,bhf-20260223.htm,q42025bhfearningspressrele.htm,1,10-K,2026-02-24,0001685040-26-000011,bhf-20251231.htm,1,1,True,True,True,,ready,2.82
2026Q1,BHFAM,1685040,ok,1,2026-02-23,0001685040-26-000009,bhf-20260223.htm,q42025bhfearningspressrele.htm,1,10-K,2026-02-24,0001685040-26-000011,bhf-20251231.htm,1,1,True,True,True,,ready,2.53
2026Q1,BHFAN,1685040,ok,1,2026-02-23,0001685040-26-000009,bhf-20260223.htm,q42025bhfearningspressrele.htm,1,10-K,2026-02-24,0001685040-26-000011,bhf-20251231.htm,1,1,True,True,True,,ready,2.66
2026Q1,BHFAO,1685040,ok,1,2026-02-23,0001685040-26-000009,bhf-20260223.htm,q42025bhfearningspressrele.htm,1,10-K,2026-02-24,0001685040-26-000011,bhf-20251231.htm,1,1,True,True,True,,ready,2.60
2026Q1,BHFAP,1685040,ok,1,2026-02-23,0001685040-26-000009,bhf-20260223.htm,q42025bhfearningspressrele.htm,1,10-K,2026-02-24,0001685040-26-000011,bhf-20251231.htm,1,1,True,True,True,,ready,2.68
2026Q1,BHR,1574085,ok,1,2026-02-26,0001574085-26-000022,bhr-20260226.htm,bhr2025q4earningsrelease.htm,1,10-K,2026-03-12,0001574085-26-000038,bhr-20251231.htm,1,1,True,True,True,,ready,4.94
2026Q1,BIIB,875045,ok,2,2026-01-14;2026-02-06,0000875045-26-000003;0000875045-26-000011,biib-20260113.htm;biib-20260206.htm,R2.htm;exhibit991-q42025pressrele.htm,2,10-K,2026-02-06,0000875045-26-000013,biib-20251231.htm,2,1,True,True,True,earnings_exhibit:exhibit_not_earnings_like,ready,3.77
2026Q1,BKH,1130464,ok,1,2026-02-04,0001193125-26-037663,bkh-20260204.htm,bkh-ex99_1.htm;bkh-ex99_2.htm,2,10-K,2026-02-11,0001193125-26-046028,bkh-20251231.htm,1,2,True,True,True,,ready,4.25
2026Q1,BKNG,1075531,ok,1,2026-02-18,0001075531-26-000008,bkng-20260218.htm,q4-25bkngearningsrelease.htm,1,10-K,2026-02-18,0001075531-26-000009,bkng-20251231.htm,1,1,True,True,True,,ready,2.87
2026Q1,BKR,1701605,ok,1,2026-01-26,0001701605-26-000003,bkr-20260125.htm,earningsreleaseex991123120.htm,1,10-K,2026-02-05,0001701605-26-000007,bkr-20251231.htm,1,1,True,True,True,,ready,2.27
2026Q1,BLBD,1589526,ok,1,2026-02-04,0001589526-26-000005,blbd-20260204.htm,a2026q1resultsreleaseex991.htm,1,10-Q,2026-02-04,0001589526-26-000007,blbd-20251227.htm,1,1,True,True,True,,ready,1.52
2026Q1,BLDR,1316835,ok,1,2026-02-17,0001193125-26-053039,bldr-20260217.htm,bldr-ex99_1.htm,1,10-K,2026-02-17,0001193125-26-054643,bldr-20251231.htm,1,1,True,True,True,,ready,3.13
2026Q1,BLKB,1280058,ok,1,2026-02-10,0001280058-26-000002,blkb-20260210.htm,blkbq42025exhibit991.htm,1,10-K,2026-02-18,0001280058-26-000006,blkb-20251231.htm,1,1,True,True,True,,ready,3.34
2026Q1,BLMN,1546417,ok,1,2026-02-25,0001546417-26-000006,blmn-20260225.htm,ex991-earningsq425pressrel.htm,1,10-K,2026-02-25,0001546417-26-000009,blmn-20251228.htm,1,1,True,True,True,,ready,2.55
2026Q1,BMBL,1830043,ok,1,2026-03-11,0001830043-26-000018,bmbl-20260311.htm,bmbl-ex991prxq42025.htm,1,10-K,2026-03-16,0001830043-26-000027,bmbl-20251231.htm,1,1,True,True,True,,ready,2.12
2026Q1,BMEA,1840439,ok,1,2026-03-24,0001193125-26-121811,bmea-20260324.htm,bmea-ex99_1.htm,1,10-K,2026-03-24,0001193125-26-121825,bmea-20251231.htm,1,0,True,False,True,earnings_exhibit:exhibit_not_earnings_like,earnings_docs_not_ready;quality_check_failed,2.53
2026Q1,BMI,9092,ok,1,2026-01-28,0001193125-26-026143,bmi-20260128.htm,bmi-ex99_pressrelease.htm,1,10-K,2026-02-17,0001193125-26-054739,bmi-20251231.htm,1,1,True,True,True,,ready,2.56
2026Q1,BMRN,1048477,ok,3,2026-01-12;2026-01-26;2026-02-23,0001193125-26-010508;0001193125-26-021718;0001048477-26-000002,d93149d8k.htm;d100834d8k.htm;bmrn-20260223.htm,d93149dex991.htm;d100834dex991.htm;d100834dex992.htm;d100834dex993.htm;earningsrelease-23feb26ex9.htm,5,10-K,2026-02-26,0001048477-26-000004,bmrn-20251231.htm,3,4,True,True,True,earnings_exhibit:exhibit_not_earnings_like,ready,5.66
2026Q1,BNED,1634117,ok,2,2026-01-20;2026-03-10,0001634117-26-000005;0001634117-26-000017,bned-20260120.htm;bned-20260310.htm,exhibit991q226earnings.htm;exhibit99220251101q226earn.htm;exhibit991q326earnings.htm;exhibit99220260131q326earn.htm,4,10-Q,2026-03-10,0001634117-26-000018,bned-20260131.htm,2,4,True,True,True,,ready,3.86
2026Q1,BNL,1424182,ok,1,2026-02-18,0001424182-26-000005,bnl-20260218.htm,bnl-20251231xexx991.htm;bnl-20251231xexx992.htm,2,10-K,2026-02-19,0001424182-26-000012,bnl-20251231.htm,1,2,True,True,True,,ready,3.73
2026Q1,BOOT,1610250,ok,2,2026-01-09;2026-02-04,0001104659-26-002514;0001104659-26-010309,boot-20260109x8k.htm;boot-20260204x8k.htm,boot-20260109xex99d1.htm;boot-20260109xex99d2.htm;boot-20260204xex99d1.htm;boot-20260204xex99d2.htm,4,10-Q,2026-02-05,0001104659-26-010386,boot-20251227x10q.htm,2,4,True,True,True,,ready,3.49
2026Q1,BOX,1372612,ok,1,2026-03-03,0001193125-26-088171,box-20260303.htm,box-ex99_1.htm,1,10-K,2026-03-09,0001193125-26-098466,box-20260131.htm,1,1,True,True,True,,ready,2.77
2026Q1,BPOP,763901,ok,1,2026-01-27,0001193125-26-023312,d51010d8k.htm,d51010dex991.htm;d51010dex992.htm,2,10-K,2026-03-02,0001193125-26-085756,d17859d10k.htm,1,2,True,True,True,,ready,6.50
2026Q1,BR,1383312,ok,1,2026-02-03,0001383312-26-000005,br-20260203.htm,ex991earningsrelease2q2026.htm;ex9922q26presentationfin.htm,2,10-Q,2026-02-03,0001628280-26-004859,br-20251231.htm,1,2,True,True,True,,ready,2.68
2026Q1,BRKR,1109354,ok,2,2026-01-12;2026-02-12,0001193125-26-010106;0001193125-26-047618,brkr-20260112.htm;brkr-20260212.htm,brkr-ex99_1.htm,1,10-K,2026-02-27,0001193125-26-082523,brkr-20251231.htm,2,1,True,True,True,,ready,4.37
2026Q1,BRO,79282,ok,1,2026-01-26,0001193125-26-022760,bro-20260126.htm,bro-ex99_1.htm,1,10-K,2026-02-12,0001193125-26-046984,bro-20251231.htm,1,1,True,True,True,,ready,3.44
2026Q1,BRSP,1717547,ok,1,2026-02-17,0001717547-26-000005,brsp-20260217.htm,brspq425earningsrelease-.htm;q425earningssupplement02.htm,2,10-K,2026-02-18,0001717547-26-000008,brsp-20251231.htm,1,2,True,True,True,,ready,3.51
2026Q1,BSX,885725,ok,1,2026-02-04,0000885725-26-000006,bsx-20260204.htm,q42025earningsrelease.htm,1,10-K,2026-02-17,0000885725-26-000010,bsx-20251231.htm,1,1,True,True,True,,ready,3.12
2026Q1,BSY,1031308,ok,1,2026-02-26,0001031308-26-000005,bsy-20260226.htm,a25q4exhibit991.htm;a25q4exhibit992.htm,2,10-K,2026-02-26,0001031308-26-000007,bsy-20251231.htm,1,2,True,True,True,,ready,2.57
2026Q1,BTSG,0001865782,ok,1,2026-02-27,0001193125-26-078998,btsg-20260227.htm,btsg-ex99_1.htm,1,10-K,2026-02-27,0001193125-26-079454,btsg-20251231.htm,1,1,True,True,True,,ready,3.05
2026Q1,BTSGU,0001865782,ok,1,2026-02-27,0001193125-26-078998,btsg-20260227.htm,btsg-ex99_1.htm,1,10-K,2026-02-27,0001193125-26-079454,btsg-20251231.htm,1,1,True,True,True,,ready,2.69
2026Q1,BTU,1064728,ok,1,2026-02-05,0001064728-26-000002,btu-20260205.htm,btu8k20260206ex991.htm;btu8k20260206ex992.htm,2,10-K,2026-02-19,0001064728-26-000006,btu-20251231.htm,1,2,True,True,True,,ready,3.67
2026Q1,BV,1734713,ok,1,2026-02-03,0001193125-26-035565,bv-20260203.htm,bv-ex99_1.htm,1,10-Q,2026-02-03,0001193125-26-035550,bv-20251231.htm,1,1,True,True,True,,ready,2.43
2026Q1,BVS,1665988,ok,1,2026-03-05,0001665988-26-000010,bvs-20260305.htm,bioventusex-991q42025.htm,1,10-K,2026-03-05,0001665988-26-000011,bvs-20251231.htm,1,1,True,True,True,,ready,3.02
2026Q1,BWIN,1781755,ok,1,2026-02-26,0001781755-26-000015,bwin-20260226.htm,ex991bwinfy2025q4earningsr.htm,1,10-K,2026-02-26,0001781755-26-000018,bwin-20251231.htm,1,1,True,True,True,,ready,2.22
2026Q1,BWXT,1486957,ok,1,2026-02-23,0001486957-26-000005,bwxt-20260223.htm,bwxt_123125xerexhibit991.htm,1,10-K,2026-02-23,0001486957-26-000007,bwxt-20251231.htm,1,1,True,True,True,,ready,2.83
2026Q1,BX,1393818,ok,1,2026-01-29,0001193125-26-028145,d92648d8k.htm,d92648dex991.htm,1,10-K,2026-02-27,0001193125-26-082531,d48618d10k.htm,1,1,True,True,True,,ready,4.46
2026Q1,BXC,1301787,ok,1,2026-02-24,0001628280-26-011132,bxc-20260224.htm,exhibit992.htm;q42025earnings991.htm,2,10-K,2026-02-24,0001628280-26-011136,bxc-20260103.htm,1,2,True,True,True,,ready,3.14
2026Q1,BXP,1037540,ok,1,2026-01-28,0001037540-26-000003,bxp-20260127.htm,q42025pressrelease.htm,1,10-K,2026-02-27,0001037540-26-000006,bxp-20251231.htm,1,1,True,True,True,,ready,4.21
2026Q1,BZH,915840,ok,1,2026-01-29,0000915840-26-000007,bzh-20260129.htm,exhibit991-123125.htm,1,10-Q,2026-01-29,0000915840-26-000009,bzh-20251231.htm,1,1,True,True,True,,ready,6.67
2026Q1,CABO,1632127,ok,1,2026-02-26,0001632127-26-000004,cabo-20260226.htm,a2025q4-pressrelease.htm,1,10-K,2026-02-26,0001632127-26-000005,cabo-20251231.htm,1,1,True,True,True,,ready,2.41
2026Q1,CACC,885550,ok,1,2026-01-29,0000885550-26-000009,cacc-20260129.htm,caccq42025earningsrelease.htm,1,10-K,2026-02-13,0000885550-26-000047,cacc-20251231.htm,1,1,True,True,True,,ready,3.30
2026Q1,CAG,23217,ok,0,,,,,0,10-Q,2025-12-19,0001104659-25-123200,tmb-20251123x10q.htm,0,0,True,False,True,,missing_8k_item_202;earnings_docs_not_ready,0.68
2026Q1,CAKE,887596,ok,1,2026-02-18,0001104659-26-017090,tm266472d1_8k.htm,tm266472d1_ex99-1.htm;tm266472d1_ex99-2.htm,2,10-K,2026-02-23,0001104659-26-018643,cake-20251230x10k.htm,1,2,True,True,True,,ready,3.19
2026Q1,CAL,14707,ok,1,2026-03-19,0000014707-26-000039,cal-20260319x8k.htm,cal-20260319xex99d1.htm,1,10-Q,2025-12-11,0000014707-25-000086,cal-20251101x10q.htm,1,1,True,True,True,,ready,1.98
2026Q1,CALM,16160,ok,1,2026-01-07,0001562762-26-000002,8k20260107.htm,exhibit991.htm,1,10-Q,2026-01-07,0001562762-26-000004,calm-20251129.htm,1,1,True,True,True,,ready,2.25
2026Q1,CALX,1406666,ok,1,2026-01-28,0001406666-26-000004,calx-20260128.htm,ex991pressrelease25q4.htm;ex992stockholderletter25q4.htm,2,10-K,2026-02-20,0001406666-26-000005,calx-20251231.htm,1,2,True,True,True,,ready,3.16
2026Q1,CALY,837465,ok,1,2026-02-12,0000837465-26-000007,modg-20260212.htm,earningsreleaseq42025.htm,1,10-K,2026-02-27,0000837465-26-000010,modg-20251231.htm,1,1,True,True,True,,ready,2.37
2026Q1,CAR,723612,ok,1,2026-02-18,0000723612-26-000010,car-20260218.htm,a03-prxpressreleasexq4f25.htm,1,10-K,2026-02-19,0000723612-26-000012,car-20251231.htm,1,1,True,True,True,,ready,4.72
2026Q1,CARG,1494259,ok,1,2026-02-19,0001193125-26-059370,carg-20260219.htm,carg-ex99_1.htm,1,10-K,2026-02-19,0001193125-26-059435,carg-20251231.htm,1,1,True,True,True,,ready,3.83
2026Q1,CARR,1783180,ok,1,2026-02-05,0001783180-26-000005,carr-20260205.htm,a8-kerexhibit99xq42025.htm,1,10-K,2026-02-05,0001783180-26-000008,carr-20251231.htm,1,1,True,True,True,,ready,2.45
2026Q1,CARS,1683606,ok,1,2026-02-26,0001193125-26-073457,cars-20260226.htm,cars-ex99_1.htm,1,10-K,2026-02-26,0001193125-26-076546,cars-20251231.htm,1,1,True,True,True,,ready,2.39
2026Q1,CASH,907471,ok,1,2026-01-22,0000907471-26-000009,cash-20260122.htm,cash12312025earningsreleas.htm,1,10-Q,2026-02-05,0000907471-26-000011,cash-20251231.htm,1,1,True,True,True,,ready,2.72
2026Q1,CBL,910612,ok,1,2026-02-13,0001193125-26-050190,cbl-20260213.htm,cbl-ex99_1.htm,1,10-K,2026-03-03,0001193125-26-087049,cbl-20251231.htm,1,1,True,True,True,,ready,5.26
2026Q1,CBOE,1374310,ok,1,2026-02-06,0001628280-26-005944,cboe-20260206.htm,cboe-20260206xex991.htm,1,10-K,2026-02-20,0001628280-26-010013,cboe-20251231.htm,1,1,True,True,True,,ready,2.25
2026Q1,CBRL,1067294,ok,1,2026-03-04,0001104659-26-023472,tm267799d1_8k.htm,tm267799d1_ex99-1.htm,1,10-Q,2026-03-04,0001104659-26-023455,cbrl-20260130x10q.htm,1,1,True,True,True,,ready,2.46
2026Q1,CBT,16040,ok,1,2026-02-03,0001193125-26-035729,cbt-20260203.htm,cbt-ex99_1.htm,1,10-Q,2026-02-04,0001193125-26-037240,cbt-20251231.htm,1,1,True,True,True,,ready,3.20
2026Q1,CBZ,944148,ok,1,2026-02-25,0000944148-26-000035,cbz-20260225.htm,q42025earningrelease.htm,1,10-K,2026-02-26,0000944148-26-000038,cbz-20251231.htm,1,1,True,True,True,,ready,2.67
2026Q1,CC,1627223,ok,1,2026-02-19,0001193125-26-059564,cc-20260219.htm,cc-ex99_1.htm,1,10-K,2026-02-24,0001193125-26-065201,cc-20251231.htm,1,1,True,True,True,,ready,3.94
2026Q1,CCC,1818201,ok,1,2026-02-24,0001193125-26-066949,ccc-20260224.htm,ccc-ex99_1.htm,1,10-K,2026-02-24,0001193125-26-067448,ccc-20251231.htm,1,1,True,True,True,,ready,3.08
2026Q1,CCI,1051470,ok,2,2026-01-12;2026-02-04,0001051470-26-000003;0001051470-26-000008,cci-20260112.htm;cci-20260204.htm,exhibit991-pressreleasedat.htm;q42025earningsrelease.htm,2,10-K,2026-02-23,0001051470-26-000016,cci-20251231.htm,2,1,True,True,True,earnings_exhibit:exhibit_not_earnings_like,ready,4.95
2026Q1,CCL,815097,ok,1,2026-03-27,0000815097-26-000034,ccl-20260327.htm,a20261qearningsrelease8-k.htm,1,10-Q,2026-03-27,0000815097-26-000037,ccl-20260228.htm,1,1,True,True,True,,ready,2.35
2026Q1,CCOI,1158324,ok,1,2026-02-20,0001104659-26-017862,tm266769d1_8k.htm,tm266769d1_ex99-1.htm,1,10-K,2026-02-20,0001104659-26-017968,ccoi-20251231x10k.htm,1,1,True,True,True,,ready,3.61
2026Q1,CCRN,1141103,ok,1,2026-03-04,0001628280-26-014650,ccrn-20260304.htm,ccrn20251231-q4prexhibit991.htm,1,10-K,2026-03-09,0001628280-26-015791,ccrn-20251231.htm,1,1,True,True,True,,ready,2.98
2026Q1,CCS,1576940,ok,1,2026-01-28,0001576940-26-000003,ccs-20260128x8k.htm,ccs-20260128xex99_1.htm,1,10-K,2026-01-29,0001576940-26-000005,ccs-20251231x10k.htm,1,1,True,True,True,,ready,2.96
2026Q1,CDE,215466,ok,2,2026-02-18;2026-02-20,0001140361-26-006019;0000215466-26-000007,ef20065606_8k.htm;cde-20260218.htm,ef20065606_ex99-1.htm;ef20065606_ex99-2.htm;a4q25earningsreleaseex-991a.htm,3,10-K,2026-02-18,0000215466-26-000004,cde-20251231.htm,2,3,True,True,True,,ready,7.29
2026Q1,CDNS,813672,ok,1,2026-02-17,0000813672-26-000013,cdns-20260217.htm,cdns02172026ex9901.htm;cfocommentary02172026ex9902.htm,2,10-K,2026-02-19,0000813672-26-000016,cdns-20251231.htm,1,2,True,True,True,,ready,3.35
2026Q1,CDP,860546,ok,1,2026-02-05,0000860546-26-000007,cdp-20260205.htm,cdp12312025ex991.htm,1,10-K,2026-02-20,0000860546-26-000011,cdp-20251231.htm,1,1,True,True,True,,ready,3.63
2026Q1,CDRE,1860543,ok,1,2026-03-10,0001104659-26-025848,cdre-20260310x8k.htm,cdre-20260310xex99d1.htm;cdre-20260310xex99d2.htm,2,10-K,2026-03-10,0001104659-26-025862,cdre-20251231x10k.htm,1,2,True,True,True,,ready,3.27
2026Q1,CDW,1402057,ok,1,2026-02-04,0001402057-26-000001,cdw-20260204.htm,cdw-20251231dividendrelease.htm;cdw-20251231earningsrelease.htm,2,10-K,2026-02-20,0001402057-26-000011,cdw-20251231.htm,1,2,True,True,True,,ready,2.62
2026Q1,CECO,3197,ok,1,2026-02-24,0001193125-26-065166,ceco-20260224.htm,ceco-ex99_1.htm,1,10-K,2026-03-02,0001193125-26-085815,ceco-20251231.htm,1,1,True,True,True,,ready,3.69
2026Q1,CELH,1341766,ok,1,2026-02-26,0001341766-26-000017,celh-20260226.htm,ex9914q20251.htm,1,10-K,2026-03-02,0001341766-26-000024,celh-20251231.htm,1,1,True,True,True,,ready,12.35
2026Q1,CENX,949157,ok,1,2026-02-19,0001628280-26-009831,cenx-20260219.htm,exhibit99120251231q4earnin.htm,1,10-K,2026-03-03,0001628280-26-013788,cenx-20251231.htm,1,1,True,True,True,,ready,2.75
2026Q1,CF,1324404,ok,2,2026-02-18;2026-02-18,0001104659-26-017110;0001324404-26-000003,tm266764d1_8k.htm;cf-20260218.htm,tm266764d1_ex99-1.htm;cf-02182026_ex991xearnings.htm,2,10-K,2026-02-25,0001324404-26-000007,cf-20251231.htm,2,2,True,True,True,,ready,4.25
2026Q1,CFG,759944,ok,1,2026-01-21,0000759944-26-000017,cfg-20260121.htm,a4q25earningspresentatio.htm;a4q25earningsrelease.htm,2,10-K,2026-02-12,0000759944-26-000028,cfg-20251231.htm,1,2,True,True,True,,ready,4.57
2026Q1,CFLT,1699838,ok,1,2026-02-11,0001699838-26-000004,cflt-20260204.htm,cflt-20251231xexx991.htm,1,10-K,2026-02-11,0001699838-26-000006,cflt-20251231.htm,1,1,True,True,True,,ready,3.05
2026Q1,CGNX,851205,ok,1,2026-02-11,0000851205-26-000009,cgnx-20260211.htm,cgnx-20251231xxex991xearni.htm,1,10-K,2026-02-12,0000851205-26-000012,cgnx-20251231.htm,1,1,True,True,True,,ready,2.30
2026Q1,CHD,313927,ok,1,2026-01-30,0001193125-26-030474,chd-20260130.htm,chd-ex99_1.htm,1,10-K,2026-02-12,0001193125-26-048139,chd-20251231.htm,1,1,True,True,True,,ready,3.83
2026Q1,CHDN,20212,ok,1,2026-02-25,0000020212-26-000023,chdn-20260225.htm,ex991pressrelease02-25x26.htm,1,10-K,2026-02-25,0000020212-26-000025,chdn-20251231.htm,1,1,True,True,True,,ready,2.50
2026Q1,CHEF,1517175,ok,1,2026-02-11,0000947871-26-000110,ss5935324_8k.htm,ss5935324_ex9901.htm,1,10-K,2026-02-24,0001517175-26-000005,chef-20251226.htm,1,1,True,True,True,,ready,2.07
2026Q1,CHRD,1486159,ok,1,2026-02-25,0001486159-26-000004,oas-20260225.htm,chrd-q42025earningsrelease.htm,1,10-K,2026-02-26,0001486159-26-000005,chrd-20251231.htm,1,1,True,True,True,,ready,2.87
2026Q1,CHRW,1043277,ok,1,2026-01-28,0001043277-26-000005,chrw-20260128.htm,ex991earningsreleaseq41231.htm;q42025earningsdeck.htm,2,10-K,2026-02-13,0001043277-26-000009,chrw-20251231.htm,1,2,True,True,True,,ready,3.34
2026Q1,CIEN,936395,ok,1,2026-03-05,0001628280-26-015006,cien-20260305.htm,ex9912026q1earningspressre.htm;ex9922026q1earningsprese.htm,2,10-Q,2026-03-05,0001628280-26-015152,cien-20260131.htm,1,2,True,True,True,,ready,2.57
2026Q1,CINF,20286,ok,1,2026-02-09,0000020286-26-000005,cinf-20260209.htm,exhibit991q425.htm;exhibit992q425.htm,2,10-K,2026-02-23,0000020286-26-000008,cinf-20251231.htm,1,2,True,True,True,,ready,4.92
2026Q1,CL,21665,ok,1,2026-01-30,0000021665-26-000003,cl-20260130.htm,a4q2025pressreleasetables.htm,1,10-K,2026-02-23,0000021665-26-000006,cl-20251231.htm,1,1,True,True,True,,ready,3.19
2026Q1,CLB,0001958086,ok,2,2026-02-04;2026-03-17,0001193125-26-037789;0001193125-26-109251,clb-20260204.htm;clb-20260204.htm,clb-ex99_1.htm,1,10-K,2026-03-23,0001193125-26-118177,clb-20251231.htm,2,1,True,True,True,,ready,4.03
2026Q1,CLNE,1368265,ok,1,2026-02-24,0001104659-26-019128,clne-20260224x8k.htm,clne-20260224xex99d1.htm,1,10-K,2026-02-24,0001104659-26-019215,clne-20251231x10k.htm,1,1,True,True,True,,ready,2.72
2026Q1,CLW,1441236,ok,1,2026-02-18,0001441236-26-000006,clw-20260218.htm,clw-2025x12318kpressrelease.htm,1,10-K,2026-02-18,0001441236-26-000007,clw-20251231.htm,1,1,True,True,True,,ready,2.25
2026Q1,CLX,21076,ok,1,2026-02-03,0000021076-26-000008,clx-20260203.htm,ex991-pressreleasedatedfeb.htm;ex992-supplementalinformat.htm,2,10-Q,2026-02-03,0000021076-26-000010,clx-20251231.htm,1,2,True,True,True,,ready,3.46
2026Q1,CMCO,1005229,ok,2,2026-01-14;2026-02-09,0001193125-26-012327;0001005229-26-000009,d74471d8k.htm;cmco-20260209.htm,d74471dex991.htm;d74471dex992.htm;d74471dex993.htm;exhibit99102092026.htm,4,10-Q,2026-02-09,0001005229-26-000011,cmco-20251231.htm,2,4,True,True,True,,ready,4.56
2026Q1,CME,1156375,ok,1,2026-02-04,0001156375-26-000006,cme-20260204.htm,exhibit991123125.htm,1,10-K,2026-02-26,0001156375-26-000009,cme-20251231.htm,1,1,True,True,True,,ready,2.23
2026Q1,CMG,1058090,ok,1,2026-02-03,0001058090-26-000007,cmg-20260203.htm,cmg-20260203xex991.htm,1,10-K,2026-02-04,0001058090-26-000009,cmg-20251231.htm,1,1,True,True,True,,ready,2.41
2026Q1,CMI,26172,ok,1,2026-02-05,0000026172-26-000004,cmi-20260205.htm,cmi2025q48-kex99.htm,1,10-K,2026-02-10,0000026172-26-000009,cmi-20251231.htm,1,1,True,True,True,,ready,2.91
2026Q1,CMP,1227654,ok,1,2026-02-04,0001227654-26-000008,cmp-20260204.htm,cmp-q12026earningsreleasee.htm,1,10-Q,2026-02-06,0001227654-26-000012,cmp-20251231.htm,1,1,True,True,True,,ready,2.28
2026Q1,CMS,811156,ok,1,2026-02-05,0001104659-26-010603,tm265106d1_8k.htm,tm265106d1_ex99-1.htm;tm265106d1_ex99-2.htm,2,10-K,2026-02-10,0000811156-26-000004,cms-20251231.htm,1,1,True,True,True,earnings_exhibit:earnings_exhibit_too_short;earnings_exhibit:exhibit_not_earnings_like,ready,3.68
2026Q1,CNDT,1677703,ok,1,2026-02-12,0001677703-26-000018,cndt-20260212.htm,cndtq42025ex991-pressrelea.htm;cndtq42025ex992-slidepre.htm,2,10-K,2026-02-19,0001677703-26-000024,cndt-20251231.htm,1,2,True,True,True,,ready,3.07
2026Q1,CNK,1385280,ok,2,2026-01-07;2026-02-18,0001193125-26-004875;0001193125-26-056010,cnk-20260106.htm;cnk-20260218.htm,cnk-ex99_1.htm;cnk-ex99_1.htm,2,10-K,2026-02-18,0001193125-26-056015,cnk-20251231.htm,2,1,True,True,True,earnings_exhibit:exhibit_not_earnings_like,ready,4.88
2026Q1,CNMD,816956,ok,1,2026-01-28,0000816956-26-000006,cnmd-20260128.htm,cnmdearningsrelease12312025.htm,1,10-K,2026-02-17,0000816956-26-000009,cnmd-20251231.htm,1,1,True,True,True,,ready,2.90
2026Q1,CNNE,1704720,ok,1,2026-02-23,0001704720-26-000025,cnne-20260223.htm,exhibit991-pressreleaseann.htm;exhibit992-20254qcannaesha.htm,2,10-K,2026-03-02,0001704720-26-000045,cnne-20251231.htm,1,2,True,True,True,,ready,2.54
2026Q1,CNO,1224608,ok,1,2026-02-05,0001224608-26-000008,cno-20260205.htm,exhibit991-12312025earnings.htm;exhibit992-12312025investo.htm;inv_presx4qx2025xfinal.htm,3,10-K,2026-02-24,0001224608-26-000017,cno-20251231.htm,1,3,True,True,True,,ready,4.93
2026Q1,CNP,1130310,ok,1,2026-02-19,0001130310-26-000010,cnp-20260219.htm,q42025earningspresentati.htm;q4earningspressrelease_v.htm,2,10-K,2026-02-19,0001130310-26-000008,cnp-20251231.htm,1,2,True,True,True,,ready,3.57
2026Q1,CNR,1710366,ok,1,2026-02-12,0001710366-26-000005,cnr-20260212.htm,cnrq42025er-exhibit991.htm;cnrq42025er-exhibit992.htm,2,10-K,2026-02-17,0001710366-26-000007,cnr-20251231.htm,1,2,True,True,True,,ready,3.30
2026Q1,CNTY,911147,ok,1,2026-03-13,0000911147-26-000006,cnty-20260312x8k.htm,cnty-20260312xex99_1.htm,1,10-K,2026-03-18,0000911147-26-000009,cnty-20251231x10k.htm,1,1,True,True,True,,ready,3.15
2026Q1,CNX,1070412,ok,1,2026-01-29,0001070412-26-000022,cnx-20260129.htm,ex991supplementalq425.htm,1,10-K,2026-02-10,0001070412-26-000038,cnx-20251231.htm,1,1,True,True,True,,ready,3.13
2026Q1,CNXC,1803599,ok,2,2026-01-13;2026-03-24,0001803599-26-000003;0001803599-26-000084,cnxc-20260113.htm;cnxc-20260324.htm,exhibit991q42025.htm;exhibit991q12026.htm,2,10-K,2026-01-28,0001803599-26-000027,cnxc-20251130.htm,2,2,True,True,True,,ready,4.43
2026Q1,CNXN,1050377,ok,1,2026-02-04,0001104659-26-010302,cnxn-20260204x8k.htm,cnxn-20260204xex99d1.htm,1,10-K,2026-02-24,0001104659-26-019108,cnxn-20251231x10k.htm,1,1,True,True,True,,ready,3.28
2026Q1,COCO,1482981,ok,1,2026-02-18,0001482981-26-000019,coco-20260218.htm,coco-20251231xexx991pressr.htm,1,10-K,2026-02-18,0001482981-26-000022,coco-20251231.htm,1,1,True,True,True,,ready,2.21
2026Q1,CODI,1345126,ok,2,2026-01-14;2026-02-26,0001345126-26-000012;0001345126-26-000021,codi-20260114.htm;codi-20260226.htm,exhibit991earningsreleaseq.htm;exhibit991earningsreleaseq.htm,2,10-K,2026-02-27,0001345126-26-000026,codi-20251231.htm,2,2,True,True,True,,ready,5.39
2026Q1,COF,927628,ok,1,2026-01-22,0001193125-26-019444,d45426d8k.htm,d45426dex991.htm;d45426dex992.htm,2,10-K,2026-02-19,0000927628-26-000024,cof-20251231.htm,1,2,True,True,True,,ready,5.29
2026Q1,COHR,820318,ok,1,2026-02-04,0001193125-26-037556,d101115d8k.htm,d101115dex991.htm;d101115dex992.htm,2,10-Q,2026-02-04,0000820318-26-000006,iivi-20251231.htm,1,2,True,True,True,,ready,2.65
2026Q1,COIN,1679788,ok,1,2026-02-12,0001679788-26-000011,coin-20260212.htm,q425shareholderletter.htm,1,10-K,2026-02-12,0001679788-26-000015,coin-20251231.htm,1,1,True,True,True,,ready,2.86
2026Q1,COKE,317540,ok,1,2026-02-18,0001628280-26-009048,coke-20260218.htm,cokeq42025ex-991.htm,1,10-K,2026-02-18,0001628280-26-009057,coke-20251231.htm,1,1,True,True,True,,ready,2.13
2026Q1,COLL,1267565,ok,1,2026-02-26,0001628280-26-011990,coll-20260226.htm,coll-2025x12x31xex99x1.htm;coll-2025x12x31xex99x2.htm,2,10-K,2026-02-26,0001628280-26-011992,coll-20251231.htm,1,2,True,True,True,,ready,2.45
2026Q1,COLM,1050797,ok,1,2026-02-03,0001050797-26-000005,colm-20260203.htm,colmfy25q4exhibit991.htm;ex992cfocommentaryq42025.htm,2,10-K,2026-02-25,0001050797-26-000028,colm-20251231.htm,1,2,True,True,True,,ready,3.26
2026Q1,COMP,1563190,ok,2,2026-01-07;2026-02-26,0001563190-26-000005;0001563190-26-000044,comp-20260107.htm;comp-20260226.htm,exhibit991.htm;updatedproformas.htm;anywhererealestatepressrel.htm;exhibit9918-k4q25pr.htm,4,10-K,2026-02-27,0001563190-26-000057,comp-20251231.htm,2,4,True,True,True,,ready,4.14
2026Q1,COO,711404,ok,1,2026-03-05,0001628280-26-015231,coo-20260305.htm,cooperq12026pressrelease.htm,1,10-Q,2026-03-06,0001628280-26-015620,coo-20260131.htm,1,1,True,True,True,,ready,1.92
2026Q1,COOK,1857853,ok,1,2026-03-05,0001628280-26-015161,tra-20250515.htm,q4-25earningspressrelease.htm,1,10-K,2026-03-06,0001628280-26-015450,tra-20251231.htm,1,1,True,True,True,,ready,2.15
2026Q1,CORT,1088856,ok,1,2026-02-24,0001628280-26-011080,cort-20260224.htm,cort022426ex991pressrelease.htm,1,10-K,2026-02-24,0001628280-26-011091,cort-20251231.htm,1,1,True,True,True,,ready,1.99
2026Q1,CORZ,1839341,ok,1,2026-03-02,0001628280-26-013214,core-20260302.htm,q4fy25earningsdeckvfinal.htm,1,10-K,2026-03-02,0001628280-26-013305,core-20251231.htm,1,1,True,True,True,,ready,2.45
2026Q1,CPAY,1175454,ok,1,2026-02-04,0001175454-26-000008,flt-20260204.htm,ex991q4_2025.htm;ex992pressreleasepaybyphone.htm,2,10-K,2026-02-27,0001175454-26-000018,flt-20251231.htm,1,2,True,True,True,,ready,3.32
2026Q1,CPB,16732,ok,1,2026-03-11,0000016732-26-000004,cpb-20260311.htm,exhibit991-q22026.htm,1,10-Q,2026-03-11,0000016732-26-000006,cpb-20260201.htm,1,1,True,True,True,,ready,2.23
2026Q1,CPK,19745,ok,1,2026-02-25,0001628280-26-011742,cpk-20260225.htm,cpkq42025pres.htm;exhibit99-prq42025.htm,2,10-K,2026-02-25,0001628280-26-011753,cpk-20251231.htm,1,2,True,True,True,,ready,3.19
2026Q1,CRAI,1053706,ok,1,2026-02-26,0001053706-26-000005,crai-20260225.htm,craiq4-20258xkexx991xpress.htm;craiq4-20258xkexx992xcfore.htm,2,10-K,2026-02-26,0001053706-26-000006,crai-20260103.htm,1,2,True,True,True,,ready,2.66
2026Q1,CRC,1609253,ok,1,2026-03-11,0001609253-26-000073,crc-20260311.htm,ex991-20260311.htm;ex992-20260311.htm,2,10-K,2026-03-02,0001609253-26-000051,crc-20251231.htm,1,1,True,True,True,earnings_exhibit:exhibit_not_earnings_like,ready,3.69
2026Q1,CRCT,1828962,ok,1,2026-03-03,0001828962-26-000008,crct-20260303.htm,cricutq42025earningsrelease.htm,1,10-K,2026-03-04,0001828962-26-000010,crct-20251231.htm,1,1,True,True,True,,ready,2.38
2026Q1,CRDO,0001807794,ok,2,2026-02-09;2026-03-02,0001628280-26-006370;0001628280-26-013205,crdo-20260209.htm;crdo-20260302.htm,feb20268-kex991.htm;credoq32026ex-9911.htm,2,10-Q,2026-03-03,0001628280-26-014017,crdo-20260131.htm,2,2,True,True,True,,ready,3.16
2026Q1,CRH,849395,ok,1,2026-02-18,0001628280-26-009032,crh-20260218.htm,fullyearresultsannouncemen.htm,1,10-K,2026-02-18,0001628280-26-009043,crh-20251231.htm,1,1,True,True,True,,ready,2.88
2026Q1,CRI,1060822,ok,2,2026-01-09;2026-02-27,0001060822-26-000002;0001060822-26-000015,cri-20260109.htm;cri-20260227.htm,cri-ex991202619.htm;ex991cri-q42025.htm,2,10-K,2026-02-27,0001060822-26-000016,cri-20260103.htm,2,2,True,True,True,,ready,3.28
2026Q1,CRK,23194,ok,1,2026-02-11,0001193125-26-046631,crk-20260211.htm,crk-ex99_1.htm,1,10-K,2026-02-19,0001193125-26-059001,crk-20251231.htm,1,1,True,True,True,,ready,3.56
2026Q1,CRL,1100682,ok,2,2026-01-13;2026-02-18,0001628280-26-001905;0001100682-26-000020,crl-20260113.htm;crl-20260218.htm,crl4q25earningsrelease.htm,1,10-K,2026-02-18,0001100682-26-000022,crl-20251227.htm,2,1,True,True,True,,ready,3.10
2026Q1,CRM,1108524,ok,1,2026-02-25,0001108524-26-000056,crm-20260225.htm,crm-q4fy26xexhibit991.htm,1,10-K,2026-03-02,0001108524-26-000060,crm-20260131.htm,1,1,True,True,True,,ready,3.06
2026Q1,CRNC,1768267,ok,1,2026-02-04,0001628280-26-005491,crnc-20260204.htm,q1fy26cerenceaiearningsd.htm;q1fy26cerenceaipressrele.htm,2,10-Q,2026-02-05,0001628280-26-005569,crnc-20251231.htm,1,2,True,True,True,,ready,2.35
2026Q1,CROX,1334036,ok,1,2026-02-12,0001334036-26-000004,crox-20260212.htm,croxq42025-pressrelease.htm,1,10-K,2026-02-12,0001334036-26-000006,crox-20251231.htm,1,1,True,True,True,,ready,2.28
2026Q1,CRSP,1674416,ok,1,2026-02-12,0001193125-26-048873,crsp-20260212.htm,crsp-ex99_1.htm,1,10-K,2026-02-12,0001193125-26-048957,crsp-20251231.htm,1,1,True,True,True,,ready,2.73
2026Q1,CRSR,1743759,ok,1,2026-02-12,0001193125-26-048668,crsr-20260212.htm,crsr-ex99_1.htm;crsr-ex99_2.htm,2,10-K,2026-02-25,0001193125-26-067833,crsr-20251231.htm,1,1,True,True,True,earnings_exhibit:earnings_exhibit_too_short;earnings_exhibit:exhibit_not_earnings_like,ready,3.34
2026Q1,CRTO,1576427,ok,1,2026-02-11,0001576427-26-000004,crto-20260211.htm,exhibit991q42025.htm,1,10-K,2026-02-26,0001576427-26-000014,crto-20251231.htm,1,1,True,True,True,,ready,2.72
2026Q1,CRUS,772406,ok,1,2026-02-03,0000772406-26-000004,crus-20260203.htm,pressrelease.htm;shareholderletter.htm,2,10-Q,2026-02-03,0000772406-26-000006,crus-20251227.htm,1,2,True,True,True,,ready,2.52
2026Q1,CRVL,874866,ok,1,2026-02-03,0001193125-26-034033,crvl-20260203.htm,crvl-ex99_1.htm,1,10-Q,2026-02-05,0001193125-26-039480,crvl-20251231.htm,1,1,True,True,True,,ready,2.51
2026Q1,CSGP,1057352,ok,1,2026-02-24,0001057352-26-000012,csgp-20260224.htm,q42025earningspressrelea.htm,1,10-K,2026-02-26,0001057352-26-000020,csgp-20251231.htm,1,1,True,True,True,,ready,2.01
2026Q1,CSGS,1005757,ok,2,2026-02-04;2026-02-05,0001193125-26-037658;0001193125-26-039174,csgs-20260204.htm;csgs-20260204.htm,csgs-ex99_1.htm;csgs-ex99_1.htm,2,10-K,2026-02-19,0001193125-26-059632,csgs-20251231.htm,2,2,True,True,True,,ready,4.10
2026Q1,CSX,277948,ok,1,2026-01-22,0000277948-26-000003,csx-20260122.htm,pressrelease_q42025.htm,1,10-K,2026-02-12,0000277948-26-000006,csx-20251231.htm,1,1,True,True,True,,ready,2.38
2026Q1,CTAS,723254,ok,1,2026-03-25,0000723254-26-000006,ctas-20260325.htm,ex992026-2x28.htm,1,10-Q,2026-01-07,0000723254-26-000002,ctas-20251130.htm,1,1,True,True,True,,ready,2.32
2026Q1,CTEV,1793229,ok,1,2026-02-23,0001793229-26-000012,ctev-20260223.htm,claritevpressrelease-decem.htm,1,10-K,2026-02-26,0001793229-26-000017,ctev-20251231.htm,1,1,True,True,True,,ready,2.12
2026Q1,CTLP,896429,ok,0,,,,,0,10-Q,2026-02-06,0000896429-26-000004,a20251231-exx311.htm,0,0,True,False,True,,missing_8k_item_202;earnings_docs_not_ready,0.64
2026Q1,CTOS,1709682,ok,1,2026-03-10,0001709682-26-000006,ctos-20260310.htm,ex991q4-2025pressrelease.htm,1,10-K,2026-03-10,0001709682-26-000008,ctos-20251231.htm,1,1,True,True,True,,ready,2.16
2026Q1,CTRA,858470,ok,2,2026-01-21;2026-02-26,0000858470-26-000004;0000858470-26-000053,ctra-20260121.htm;cog-20260226.htm,ctra-12312025xxexx991earni.htm,1,10-K,2026-02-27,0000858470-26-000073,cog-20251231.htm,2,1,True,True,True,,ready,3.28
2026Q1,CTRI,0001981599,ok,1,2026-02-25,0001981599-26-000017,ctri-20260225.htm,centuriholdingsincex-991xq.htm,1,10-K,2026-02-26,0001981599-26-000020,ctri-20251228.htm,1,1,True,True,True,,ready,2.36
2026Q1,CTRN,1318484,ok,1,2026-03-17,0001104659-26-028942,tm268989d1_8k.htm,tm268989d1_ex99-1.htm,1,10-Q,2025-12-10,0001104659-25-119960,ctrn-20251101x10q.htm,1,1,True,True,True,,ready,1.60
2026Q1,CTS,26058,ok,1,2026-02-10,0001193125-26-043739,cts-20260210.htm,cts-ex99_1.htm;cts-ex99_2.htm,2,10-K,2026-02-24,0001193125-26-067039,cts-20251231.htm,1,2,True,True,True,,ready,4.39
2026Q1,CTSH,1058290,ok,1,2026-02-04,0001058290-26-000003,ctsh-20260204.htm,exhibit99112312025.htm;exhibit99212312025.htm;exhibit99312312025.htm,3,10-K,2026-02-12,0001058290-26-000008,ctsh-20251231.htm,1,3,True,True,True,,ready,3.53
2026Q1,CTVA,1755672,ok,1,2026-02-03,0001755672-26-000002,ctva-20260203.htm,a4q_2025xearningsxnewsxr.htm,1,10-K,2026-02-12,0001755672-26-000004,ctva-20251231.htm,1,1,True,True,True,,ready,2.81
2026Q1,CVCO,278166,ok,1,2026-01-29,0001628280-26-004168,cvco-20260129.htm,cvco-20251227xex991.htm,1,10-Q,2026-02-02,0001628280-26-004426,cvco-20251227.htm,1,1,True,True,True,,ready,2.71
2026Q1,CVGI,1290900,ok,1,2026-03-10,0001628280-26-016513,cvgi-20260310.htm,cvgq42025earningsrelease.htm,1,10-K,2026-03-10,0001628280-26-016520,cvgi-20251231.htm,1,1,True,True,True,,ready,2.08
2026Q1,CVGW,1133470,ok,2,2026-01-20;2026-03-12,0001104659-26-004908;0001104659-26-027161,cvgw-20260114x8k.htm;cvgw-20260312x8k.htm,cvgw-20260114xex99d1.htm;cvgw-20260312xex99d1.htm,2,10-Q,2026-03-12,0001104659-26-027142,cvgw-20260131x10q.htm,2,2,True,True,True,,ready,3.28
2026Q1,CVI,1376139,ok,2,2026-01-26;2026-02-18,0001376139-26-000005;0001376139-26-000013,cvi-20260126.htm;cvi-20260218.htm,exhibit991-cviq42025prexre.htm;exhibit991-cviq42025earnin.htm,2,10-K,2026-02-18,0001376139-26-000014,cvi-20251231.htm,2,2,True,True,True,,ready,4.42
2026Q1,CVLG,928658,ok,1,2026-01-29,0001008886-26-000017,form8k.htm,exhibit991.htm,1,10-K,2026-02-27,0001437749-26-006086,cvti20251231_10k.htm,1,1,True,True,True,,ready,3.39
2026Q1,CVLT,1169561,ok,1,2026-01-27,0001169561-26-000003,cvlt-20260127.htm,q3fy26pressrelease.htm,1,10-Q,2026-01-28,0001169561-26-000006,cvlt-20251231.htm,1,1,True,True,True,,ready,2.17
2026Q1,CVNA,1690820,ok,1,2026-02-18,0001690820-26-000008,cvna-20260218.htm,a9918-k123125.htm;a9928-k123125.htm,2,10-K,2026-02-18,0001690820-26-000009,cvna-20251231.htm,1,2,True,True,True,,ready,2.84
2026Q1,CVSA,730464,ok,1,2026-01-28,0000730464-26-000003,atge-20260128x8k.htm,atge-20260128xex99d1.htm,1,10-Q,2026-01-28,0001104659-26-007415,atge-20251231x10q.htm,1,1,True,True,True,,ready,2.66
2026Q1,CWH,1669779,ok,1,2026-02-24,0001104659-26-019118,cwh-20260224x8k.htm,cwh-20260224xex99d1.htm,1,10-K,2026-02-27,0001104659-26-021548,cwh-20251231x10k.htm,1,1,True,True,True,,ready,2.87
2026Q1,CWK,1628369,ok,1,2026-02-19,0001628369-26-000005,cwk-20260219.htm,cwk-ex991q42025.htm,1,10-K,2026-02-19,0001628369-26-000008,cwk-20251231.htm,1,1,True,True,True,,ready,2.42
2026Q1,CWST,911177,ok,1,2026-02-19,0000911177-26-000006,cwst-20260219.htm,cwst-ex991123125.htm,1,10-K,2026-02-20,0000911177-26-000008,cwst-20251231.htm,1,1,True,True,True,,ready,2.89
2026Q1,CWT,1035201,ok,1,2026-02-25,0001104659-26-019681,tm267278d1_8k.htm,tm267278d1_ex99-1.htm;tm267278d1_ex99-2.htm;tm267278d1_ex99-3.htm,3,10-K,2026-02-27,0001628280-26-012444,cwt-20251231.htm,1,3,True,True,True,,ready,6.36
2026Q1,CXM,1569345,ok,1,2026-03-11,0001569345-26-000011,cxm-20260308.htm,live10kearningsrelease.htm,1,10-K,2026-03-19,0001569345-26-000015,cxm-20260131.htm,1,1,True,True,True,,ready,2.44
2026Q1,CXW,1070985,ok,1,2026-02-11,0001193125-26-046527,d41544d8k.htm,d41544dex991.htm,1,10-K,2026-02-20,0001193125-26-060669,cxw-20251231.htm,1,1,True,True,True,,ready,3.20
2026Q1,CYH,1108109,ok,1,2026-02-18,0001193125-26-057162,cyh-20260218.htm,cyh-ex99_1.htm,1,10-K,2026-02-19,0001193125-26-059509,cyh-20251231.htm,1,1,True,True,True,,ready,4.05
2026Q1,CZR,1590895,ok,1,2026-02-17,0001590895-26-000010,czr-20260217.htm,ex991-2025q4ceiearningsrel.htm,1,10-K,2026-02-17,0001590895-26-000011,czr-20251231.htm,1,1,True,True,True,,ready,2.52
2026Q1,D,715957,ok,1,2026-02-23,0001193125-26-062432,d-20260223.htm,d-ex99.htm,1,10-K,2026-02-23,0001193125-26-063120,d-20251231.htm,1,1,True,True,True,,ready,5.34
2026Q1,DAN,26780,ok,1,2026-02-18,0001193125-26-056030,d106316d8k.htm,d106316dex991.htm,1,10-K,2026-02-27,0001437749-26-006076,dan20251231_10k.htm,1,1,True,True,True,,ready,2.96
2026Q1,DASH,1792789,ok,1,2026-02-18,0001792789-26-000012,dash-20260218.htm,proddashq4ex992-shareholde.htm;prodq4dashex991-pressrelea.htm,2,10-K,2026-02-18,0001792789-26-000013,dash-20251231.htm,1,1,True,True,True,earnings_exhibit:exhibit_not_earnings_like,ready,2.80
2026Q1,DBD,28823,ticker_error:IncompleteRead,0,,,,,0,,,,,0,0,False,False,False,ticker_error:IncompleteRead,ticker_error:IncompleteRead,3.29
2026Q1,DBI,1319947,ok,1,2026-03-26,0001319947-26-000017,dbi-20260326.htm,q420258xkex991pressrelease.htm,1,10-K,2026-03-30,0001319947-26-000022,dsw-20260131.htm,1,1,True,True,True,,ready,2.62
2026Q1,DBX,1467623,ok,1,2026-02-19,0001467623-26-000003,dbx-20260219.htm,q42025er-exhibit991q2xq4.htm,1,10-K,2026-02-20,0001467623-26-000008,dbx-20251231.htm,1,1,True,True,True,,ready,3.02
2026Q1,DCGO,1822359,ok,1,2026-03-16,0001822359-26-000009,dcgo-20260316.htm,ex-991xfy2025xer.htm;ex-992xfy2025xnonxgaap.htm,2,10-K,2026-03-16,0001628280-26-018214,dcgo-20251231.htm,1,1,True,True,True,earnings_exhibit:exhibit_not_earnings_like,ready,2.79
2026Q1,DCH,1062231,ok,1,2026-02-13,0001062231-26-000017,dch-20260213.htm,dch-q4_2025xex991xir.htm,1,10-K,2026-02-13,0001062231-26-000020,dch-20251231.htm,1,1,True,True,True,,ready,3.32
2026Q1,DCO,30305,ok,1,2026-02-26,0001628280-26-011949,dco-20260226.htm,dcoex99_1q42025earningsrel.htm,1,10-K,2026-02-26,0001628280-26-011952,dco-20251231.htm,1,1,True,True,True,,ready,3.05
2026Q1,DD,1666700,ok,1,2026-02-10,0001666700-26-000007,dd-20260210.htm,exhibit991enrschedules-4q25.htm,1,10-K,2026-02-17,0001666700-26-000013,dd-20251231.htm,1,1,True,True,True,,ready,3.25
2026Q1,DDD,910638,ok,1,2026-03-09,0001628280-26-015798,ddd-20260309.htm,a3d2025-12x31earningsrelea.htm,1,10-K,2026-03-09,0001628280-26-015997,ddd-20251231.htm,1,1,True,True,True,,ready,3.43
2026Q1,DDOG,1561550,ok,1,2026-02-10,0001628280-26-006645,ddog-20260210.htm,ex-991x20251231x8k.htm,1,10-K,2026-02-18,0001628280-26-008819,ddog-20251231.htm,1,1,True,True,True,,ready,2.61
2026Q1,DECK,910521,ok,1,2026-01-29,0000910521-26-000002,deck-20260129.htm,deckex991pressrelease-1231.htm,1,10-Q,2026-02-03,0000910521-26-000005,deck-20251231.htm,1,1,True,True,True,,ready,2.62
2026Q1,DEI,1364250,ok,1,2026-02-10,0001364250-26-000005,nysedei-20260210.htm,a2025q4epexhibit991.htm,1,10-K,2026-02-20,0001364250-26-000011,nysedei-20251231.htm,1,1,True,True,True,,ready,3.97
2026Q1,DFIN,1669811,ok,1,2026-02-17,0001193125-26-052959,dfin-20260217.htm,dfin-ex99_1.htm,1,10-K,2026-02-17,0001193125-26-054586,dfin-20251231.htm,1,1,True,True,True,,ready,3.72
2026Q1,DG,29534,ok,1,2026-03-12,0001104659-26-026697,tm268519d1_8k.htm,tm268519d1_ex99.htm,1,10-K,2026-03-20,0001104659-26-032325,dg-20260130x10k.htm,1,1,True,True,True,,ready,3.27
2026Q1,DGII,854775,ok,1,2026-02-04,0000854775-26-000004,dgii-20260204.htm,dgii-ex991_20260204.htm,1,10-Q,2026-02-04,0000854775-26-000005,dgii-20251231.htm,1,1,True,True,True,,ready,3.08
2026Q1,DGX,1022079,ok,2,2026-01-12;2026-02-10,0000947871-26-000025;0001022079-26-000005,ss5807430_8k.htm;dgx-20260210.htm,ss5807430_ex9901.htm;dgx123120258-kexhibit991.htm;dgx123120258-kexhibit992.htm,3,10-K,2026-02-26,0001022079-26-000015,dgx-20251231.htm,2,2,True,True,True,earnings_exhibit:exhibit_not_earnings_like,ready,5.56
2026Q1,DHR,313616,ok,2,2026-01-12;2026-01-28,0000313616-26-000002;0000313616-26-000004,dhr-20260112.htm;dhr-20260128.htm,dhr-20260112xex991.htm;selecteddanaherpresentat.htm;dhr-20260128xex991.htm,3,10-K,2026-02-24,0000313616-26-000062,dhr-20251231.htm,2,3,True,True,True,,ready,6.24
2026Q1,DIN,49754,ok,1,2026-02-25,0001193125-26-068524,d108405d8k.htm,d108405dex991.htm,1,10-K,2026-02-25,0001628280-26-011393,din-20251228.htm,1,1,True,True,True,,ready,3.63
2026Q1,DIOD,29002,ok,2,2026-02-10;2026-02-12,0001193125-26-044898;0001193125-26-048964,diod-20260210.htm;diod-20260210.htm,diod-ex99_1.htm;diod-ex99_2.htm;diod-ex99_3.htm;diod-ex99_1.htm,4,10-K,2026-02-10,0001193125-26-044918,diod-20251231.htm,2,4,True,True,True,,ready,16.18
2026Q1,DK,1694426,ok,1,2026-02-27,0001628280-26-012561,dk-20260227.htm,dk-ex991earningsreleasex12.htm;dk4q25earningsslides.htm,2,10-K,2026-02-27,0001628280-26-012664,dk-20251231.htm,1,2,True,True,True,,ready,4.29
2026Q1,DLR,1297996,ok,1,2026-02-05,0001104659-26-010887,dlr-20260205x8k.htm,dlr-20260205xex99d1.htm;dlr-20260205xex99d2.htm,2,10-K,2026-02-13,0001104659-26-015365,dlr-20251231x10k.htm,1,2,True,True,True,,ready,5.70
2026Q1,DLTR,935703,ok,1,2026-03-16,0000935703-26-000024,dltr-20260316.htm,ex991q4-25earningspressrel.htm,1,10-K,2026-03-16,0000935703-26-000025,dltr-20260131.htm,1,1,True,True,True,,ready,3.26
2026Q1,DLX,27996,ok,2,2026-01-28;2026-02-05,0000027996-26-000007;0000027996-26-000011,dlx-20260128.htm;dlx-20260128.htm,exhibit991012820268-k.htm;exhibit991020420268-ka.htm,2,10-K,2026-02-13,0000027996-26-000037,dlx-20251231.htm,2,2,True,True,True,,ready,4.81
2026Q1,DNOW,1599617,ok,1,2026-02-20,0001193125-26-060320,d115352d8k.htm,d115352dex991.htm,1,10-K,2026-02-26,0001193125-26-072828,dnow-20251231.htm,1,1,True,True,True,,ready,3.25
2026Q1,DNUT,1857154,ok,1,2026-02-26,0001857154-26-000012,dnut-20260226.htm,exh991q4pressrelease2025.htm,1,10-K,2026-03-06,0001857154-26-000015,dnut-20251228.htm,1,1,True,True,True,,ready,3.63
2026Q1,DOC,765880,ok,1,2026-02-02,0001628280-26-004623,peak-20260202.htm,ex99112312025.htm;ex99212312025.htm;ex99312312025.htm,3,10-K,2026-02-03,0001628280-26-005044,peak-20251231.htm,1,2,True,True,True,earnings_exhibit:earnings_exhibit_too_short;earnings_exhibit:exhibit_not_earnings_like,ready,5.75
2026Q1,DOCN,1582961,ok,1,2026-02-24,0001582961-26-000015,docn-20260224.htm,a2025-q4dopressrelease.htm,1,10-K,2026-02-24,0001582961-26-000019,docn-20251231.htm,1,1,True,True,True,,ready,2.83
2026Q1,DOCU,1261333,ok,1,2026-03-17,0001261333-26-000017,docu-20260317.htm,q426ex-991er.htm,1,10-K,2026-03-18,0001261333-26-000021,docu-20260131.htm,1,1,True,True,True,,ready,2.55
2026Q1,DOV,29905,ok,1,2026-01-29,0000029905-26-000004,dov-20260129.htm,a202601298-kexhibit991pr.htm,1,10-K,2026-02-13,0000029905-26-000009,dov-20251231.htm,1,1,True,True,True,,ready,3.50
2026Q1,DPZ,1286681,ok,1,2026-02-23,0001193125-26-062313,dpz-20260223.htm,dpz-ex99_1.htm,1,10-K,2026-02-23,0001193125-26-062321,dpz-20251228.htm,1,1,True,True,True,,ready,3.44
2026Q1,DRH,1298946,ok,1,2026-02-26,0001298946-26-000010,drh-20260226.htm,exhibit9914q2025.htm,1,10-K,2026-02-27,0001298946-26-000013,drh-20251231.htm,1,1,True,True,True,,ready,2.82
2026Q1,DRI,940944,ok,1,2026-03-19,0000940944-26-000005,dri-20260319.htm,exhibit991-q3fy26.htm,1,10-Q,2026-03-27,0000940944-26-000009,dri-20260222.htm,1,1,True,True,True,,ready,3.59
2026Q1,DRS,1833756,ok,1,2026-02-24,0001833756-26-000009,drs-20260224.htm,q42025earningspressrelease.htm,1,10-K,2026-02-27,0001833756-26-000013,drs-20251231.htm,1,1,True,True,True,,ready,4.58
2026Q1,DRVN,1804745,ok,0,,,,,0,10-Q,2025-11-05,0001804745-25-000091,drvn-20250927.htm,0,0,True,False,True,,missing_8k_item_202;earnings_docs_not_ready,0.43
2026Q1,DSGR,703604,ok,1,2026-03-05,0000703604-26-000007,laws-20260305.htm,a2025q4pressrelease.htm,1,10-K,2026-03-05,0000703604-26-000008,dsgr-20251231.htm,1,1,True,True,True,,ready,3.36
2026Q1,DTE,936340,ok,2,2026-02-17;2026-02-27,0000936340-26-000051;0000936340-26-000058,dte-20260217.htm;dte-20260227.htm,ex992q425presentationfin.htm;exhibit991-123125.htm;dtegasexhibit991123125.htm,3,10-K,2026-02-17,0000936340-26-000054,dte-20251231.htm,2,3,True,True,True,,ready,6.53
2026Q1,DUK,1326160,ok,1,2026-02-10,0001326160-26-000007,duk-20260210.htm,er-20251231xearningsreleas.htm,1,10-K,2026-02-26,0001326160-26-000014,duk-20251231.htm,1,1,True,True,True,,ready,7.10
2026Q1,DUOL,1562088,ok,3,2026-01-12;2026-02-26;2026-02-27,0001628280-26-001730;0001628280-26-012246;0001628280-26-012513,duol-20260108.htm;duol-20260226.htm;duol-20260226.htm,cfoappointmentpressrelease.htm;q4fy25duolingo12-31x25pres.htm;q4fy25duolingo12-31x25shar.htm,3,10-K,2026-02-27,0001628280-26-012494,duol-20251231.htm,3,3,True,True,True,,ready,4.64
2026Q1,DVA,927066,ok,1,2026-02-02,0000927066-26-000004,dva-20260202.htm,dva-123125ex991.htm,1,10-K,2026-02-11,0000927066-26-000012,dva-20251231.htm,1,1,True,True,True,,ready,3.18
2026Q1,DVN,1090012,ok,1,2026-02-17,0001193125-26-054657,d111666d8k.htm,d111666dex991.htm;d111666dex992.htm,2,10-K,2026-02-18,0001193125-26-056485,dvn-20251231.htm,1,2,True,True,True,,ready,4.68
2026Q1,DXLG,813298,ok,2,2026-01-12;2026-03-19,0001193125-26-010389;0001193125-26-115168,dxlg-20260112.htm;dxlg-20260319.htm,dxlg-ex99_1.htm;dxlg-ex99_1.htm,2,10-K,2026-03-19,0001193125-26-115660,dxlg-20260131.htm,2,2,True,True,True,,ready,5.34
2026Q1,DXPE,1020710,ok,1,2026-02-26,0001628280-26-012138,dxpe-20260226.htm,earningsrelease12312025.htm,1,10-K,2026-02-26,0001628280-26-012382,dxpe-20251231.htm,1,1,True,True,True,,ready,3.63
2026Q1,DY,67215,ok,1,2026-03-04,0000067215-26-000004,dy-20260304.htm,dyfy2026q4earningsreleasee.htm;q42026presentationmateri.htm,2,10-K,2026-03-09,0000067215-26-000008,dy-20260131.htm,1,2,True,True,True,,ready,11.00
2026Q1,EA,712515,ok,1,2026-02-03,0000712515-26-000012,ea-20260129.htm,earningspressrelease2026_0.htm,1,10-Q,2026-02-03,0001628280-26-005101,ea-20251231.htm,1,1,True,True,True,,ready,2.71
2026Q1,EAT,703351,ok,1,2026-01-28,0000703351-26-000004,eat-20260128.htm,fy26q2ex991-earningsrelease.htm,1,10-Q,2026-01-28,0000703351-26-000006,eat-20251224.htm,1,1,True,True,True,,ready,2.46
2026Q1,EBAY,1065088,ok,1,2026-02-18,0001065088-26-000017,ebay-20260218.htm,exhibit991erebayq42025.htm,1,10-K,2026-02-19,0001065088-26-000027,ebay-20251231.htm,1,1,True,True,True,,ready,19.30
2026Q1,EBF,33002,ok,0,,,,,0,10-Q,2026-01-07,0001193125-26-005532,ebf-20251130.htm,0,0,True,False,True,,missing_8k_item_202;earnings_docs_not_ready,1.11
2026Q1,EBS,1367644,ok,1,2026-02-26,0001367644-26-000012,ebs-20260226.htm,ebs2025-12x31exhibit99er.htm,1,10-K,2026-02-27,0001367644-26-000015,ebs-20251231.htm,1,1,True,True,True,,ready,2.41
2026Q1,ECL,31462,ok,3,2026-02-10;2026-03-20;2026-03-27,0001104659-26-012358;0001104659-26-032446;0001104659-26-035705,ecl-20260210x8k.htm;tm269446d1_8k.htm;ecl-20260327x8k.htm,ecl-20260210xex99d1.htm;ecl-20260210xex99d2.htm;tm269446d1_ex99-1.htm;ecl-20260327xex99d1.htm;ecl-20260327xex99d2.htm,5,10-K,2026-02-23,0001104659-26-018357,ecl-20251231x10k.htm,3,4,True,True,True,earnings_exhibit:exhibit_not_earnings_like,ready,7.33
2026Q1,ECPG,1084961,ok,1,2026-02-25,0001084961-26-000007,ecpg-20260225.htm,ex991ecpgq42025earningspre.htm,1,10-K,2026-02-25,0001084961-26-000009,ecpg-20251231.htm,1,1,True,True,True,,ready,2.42
2026Q1,ECVT,1708035,ok,1,2026-02-26,0001708035-26-000047,ecvt-20260226.htm,ex991-ecvt4q25earningsrele.htm,1,10-K,2026-02-27,0001708035-26-000053,ecvt-20251231.htm,1,1,True,True,True,,ready,2.68
2026Q1,ED,1047862,ok,1,2026-02-19,0001047862-26-000028,ed-20260219.htm,a4q2025earningsreleasepr.htm,1,10-K,2026-02-19,0001047862-26-000031,ed-20251231.htm,1,1,True,True,True,,ready,3.90
2026Q1,EE,0001888447,ok,1,2026-02-25,0001193125-26-071670,ee-20260225.htm,ee-ex99_1.htm,1,10-K,2026-02-27,0001193125-26-078407,ee-20251231.htm,1,1,True,True,True,,ready,2.42
2026Q1,EEFT,1029199,ok,1,2026-02-12,0001554855-26-000072,eeft-20260212.htm,ex991_1.htm,1,10-K,2026-02-26,0001554855-26-000131,eeft-20251231.htm,1,1,True,True,True,,ready,3.39
2026Q1,EEX,1579214,ok,1,2026-03-13,0001193125-26-105002,eex-20260313.htm,eex-ex99_1.htm;eex-ex99_2.htm,2,10-K,2026-03-13,0001193125-26-105001,eex-20251231.htm,1,2,True,True,True,,ready,3.52
2026Q1,EFX,33185,ok,1,2026-02-04,0000033185-26-000004,efx-20260204.htm,a2025q48-kexhibit991.htm,1,10-K,2026-02-19,0000033185-26-000010,efx-20251231.htm,1,1,True,True,True,,ready,3.42
2026Q1,EG,1095073,ok,1,2026-02-04,0001095073-26-000003,everestre-20260204.htm,everest4q25earningsrelease.htm,1,10-K,2026-02-26,0001095073-26-000006,eg-20251231.htm,1,1,True,True,True,,ready,3.12
2026Q1,EHAB,0001803737,ok,1,2026-03-05,0001803737-26-000015,ehab-20260304.htm,enhabit_earningsxslidesx.htm;q42025enhabitearningsrelea.htm,2,10-K,2026-03-05,0001803737-26-000018,ehab-20251231.htm,1,2,True,True,True,,ready,3.17
2026Q1,EIG,1379041,ok,1,2026-02-19,0001379041-26-000007,eig-20260219.htm,ex991_pressxreleasex202512.htm;ex992_finsupplementx202512.htm,2,10-K,2026-02-26,0001379041-26-000011,eig-20251231.htm,1,2,True,True,True,,ready,2.84
2026Q1,EIX,827052,ok,1,2026-02-18,0000827052-26-000010,eix-20260218.htm,eixq42025earningstelecon.htm,1,10-K,2026-02-18,0000827052-26-000012,eix-20251231.htm,1,1,True,True,True,,ready,2.82
2026Q1,EMBC,0001872789,ok,1,2026-02-05,0001872789-26-000005,embc-20260205.htm,q12026ex-991.htm,1,10-Q,2026-02-05,0001872789-26-000009,embc-20251231.htm,1,1,True,True,True,,ready,1.68
2026Q1,EME,105634,ok,1,2026-02-26,0000105634-26-000027,eme-20260226.htm,eme-ex991_20251231xq4.htm,1,10-K,2026-02-26,0000105634-26-000025,eme-20251231.htm,1,1,True,True,True,,ready,2.03
2026Q1,EMR,32604,ok,1,2026-02-03,0000032604-26-000006,emr-20260203.htm,a2026q1release_ex991.htm,1,10-Q,2026-02-03,0000032604-26-000007,emr-20251231.htm,1,1,True,True,True,,ready,2.25
2026Q1,ENOV,1420800,ok,1,2026-02-26,0001420800-26-000008,cfx-20260226.htm,q42025earningspressrelease.htm,1,10-K,2026-02-26,0001420800-26-000012,cfx-20251231.htm,1,1,True,True,True,,ready,2.68
2026Q1,ENPH,1463101,ok,1,2026-02-03,0001463101-26-000008,enph-20260203.htm,a2025q4exx991pressrelease.htm,1,10-K,2026-02-17,0001463101-26-000013,enph-20251231.htm,1,1,True,True,True,,ready,2.54
2026Q1,ENR,1632790,ok,1,2026-02-05,0001632790-26-000034,enr-20260205.htm,exhibit992q126earningssl.htm,1,10-Q,2026-02-05,0001632790-26-000038,enr-20251231.htm,1,1,True,True,True,,ready,1.82
2026Q1,ENS,1289308,ok,1,2026-02-04,0001628280-26-005449,ens-20260204.htm,ex991_earningsx3qfy26.htm;ex992_dividendx3qfy26.htm,2,10-Q,2026-02-04,0001289308-26-000004,ens-20251228.htm,1,2,True,True,True,,ready,3.44
2026Q1,ENSG,1125376,ok,1,2026-02-04,0001125376-26-000008,ensg-20260204.htm,q42025pressrelease.htm,1,10-K,2026-02-04,0001125376-26-000007,ensg-20251231.htm,1,1,True,True,True,,ready,2.95
2026Q1,ENTG,1101302,ok,1,2026-02-10,0001101302-26-000009,entg-20260210.htm,entgq42025ex991.htm;entgq42025ex992.htm,2,10-K,2026-02-11,0001101302-26-000012,entg-20251231.htm,1,2,True,True,True,,ready,2.69
2026Q1,ENVA,1529864,ok,1,2026-01-27,0001193125-26-024499,enva-20260127.htm,enva-ex99_1.htm,1,10-K,2026-02-20,0001193125-26-060461,enva-20251231.htm,1,1,True,True,True,,ready,3.30
2026Q1,EPAM,1352010,ok,1,2026-02-19,0001352010-26-000010,epam-20260219.htm,exhibit99_q4x2025.htm,1,10-K,2026-02-26,0001352010-26-000015,epam-20251231.htm,1,1,True,True,True,,ready,2.96
2026Q1,EPC,1096752,ok,1,2026-02-09,0001628280-26-006183,epc-20260205.htm,epcexhibit99112312025.htm;ex992q126supplementalsli.htm,2,10-Q,2026-02-09,0001628280-26-006288,epc-20251231.htm,1,2,True,True,True,,ready,2.73
2026Q1,EPM,1006655,ok,1,2026-02-10,0001104659-26-012681,epm-20260209x8k.htm,epm-20260209xex99d1.htm,1,10-Q,2026-02-11,0001104659-26-013382,epm-20251231x10q.htm,1,1,True,True,True,,ready,2.53
2026Q1,EQIX,1101239,ok,1,2026-02-11,0001101239-26-000030,eqix-20260211.htm,february112026pressrelease-.htm,1,10-K,2026-02-11,0001101239-26-000032,eqix-20251231.htm,1,1,True,True,True,,ready,3.30
2026Q1,EQR,906107,ok,1,2026-02-05,0001193125-26-039455,eqr-20260205.htm,eqr-ex99_1.htm,1,10-K,2026-02-13,0001193125-26-051433,eqr-20251231.htm,1,1,True,True,True,,ready,5.73
2026Q1,ERIE,922621,ok,1,2026-02-23,0001628280-26-010640,erie-20260219.htm,ex-99112312025.htm;ex-99212312025.htm,2,10-K,2026-02-23,0001628280-26-010666,erie-20251231.htm,1,1,True,True,True,earnings_exhibit:exhibit_not_earnings_like,ready,3.34
2026Q1,ES,72741,ok,1,2026-02-12,0001104659-26-014302,tm266120d1_8k.htm,tm266120d1_ex99-1.htm;tm266120d1_ex99-2.htm;tm266120d1_ex99-3.htm,3,10-K,2026-02-17,0001628280-26-008461,es-20251231.htm,1,2,True,True,True,earnings_exhibit:exhibit_not_earnings_like,ready,4.39
2026Q1,ESE,866706,ok,1,2026-02-05,0001104659-26-010899,tm264950d1_8k.htm,tm264950d1_ex99-1.htm,1,10-Q,2026-02-09,0001104659-26-011932,ese-20251231x10q.htm,1,1,True,True,True,,ready,2.52
2026Q1,ESRT,1541401,ok,1,2026-02-17,0001541401-26-000005,esrt-20260217.htm,a4q25supplement.htm;esrt12-31x25er.htm,2,10-K,2026-03-02,0001541401-26-000008,esrt-20251231.htm,1,2,True,True,True,,ready,3.65
2026Q1,ESS,920522,ok,1,2026-02-04,0001140361-26-003709,ef20064474_8k.htm,ef20064474_ex99-1.htm,1,10-K,2026-02-20,0000920522-26-000003,ess-20251231.htm,1,1,True,True,True,,ready,3.90
2026Q1,ETN,1551182,ok,1,2026-02-03,0001551182-26-000002,etn-20260203.htm,etn12312025exhibit99.htm,1,10-K,2026-02-26,0001551182-26-000007,etn-20251231.htm,1,1,True,True,True,,ready,2.78
2026Q1,ETR,65984,ok,1,2026-02-12,0000065984-26-000164,etr-20260212.htm,earningsrelease4q25_ex991.htm,1,10-K,2026-02-19,0000065984-26-000174,etr-20251231.htm,1,1,True,True,True,,ready,5.84
2026Q1,EVCM,1853145,ok,1,2026-03-12,0001853145-26-000008,evcm-20260312.htm,evcm4q25earningsrelease.htm,1,10-K,2026-03-12,0001853145-26-000010,evcm-20251231.htm,1,1,True,True,True,,ready,2.43
2026Q1,EVER,1640428,ok,1,2026-02-23,0001193125-26-063953,ever-20260223.htm,ever-ex99_1.htm;ever-ex99_2.htm,2,10-K,2026-02-24,0001193125-26-066957,ever-20251231.htm,1,2,True,True,True,,ready,3.18
2026Q1,EVH,1628908,ok,1,2026-02-24,0001628908-26-000014,evh-20260224.htm,a2025q4exhibit991.htm,1,10-K,2026-02-25,0001628908-26-000015,evh-20251231.htm,1,1,True,True,True,,ready,2.20
2026Q1,EVRG,1711269,ok,1,2026-02-19,0001193125-26-058075,d29762d8k.htm,d29762dex991.htm,1,10-K,2026-02-19,0001711269-26-000017,evrg-20251231.htm,1,1,True,True,True,,ready,3.73
2026Q1,EVTC,1559865,ok,1,2026-02-26,0001559865-26-000008,evtc-20260225.htm,ex991123125.htm,1,10-K,2026-03-02,0001559865-26-000012,evtc-20251231.htm,1,1,True,True,True,,ready,2.49
2026Q1,EW,1099800,ok,1,2026-02-10,0001099800-26-000006,ew-20260210.htm,ex-991q42025.htm,1,10-K,2026-02-25,0001099800-26-000009,ew-20251231.htm,1,1,True,True,True,,ready,3.62
2026Q1,EXAS,1124140,ok,1,2026-02-13,0001124140-26-000010,exas-20260213.htm,exas-20260213xex991.htm,1,10-K,2026-02-13,0001124140-26-000011,exas-20251231.htm,1,1,True,True,True,,ready,3.83
2026Q1,EXC,1109357,ok,1,2026-02-12,0001109357-26-000014,exc-20260212.htm,exc-20260212ex991.htm;exc-20260212ex992.htm,2,10-K,2026-02-12,0001109357-26-000018,exc-20251231.htm,1,2,True,True,True,,ready,7.07
2026Q1,EXE,895126,ok,1,2026-02-17,0000895126-26-000008,exe-20260217.htm,exe-ex_991x20251231x8kxpr.htm,1,10-K,2026-02-18,0000895126-26-000011,exe-20251231.htm,1,1,True,True,True,,ready,2.85
2026Q1,EXEL,939767,ok,2,2026-01-12;2026-02-10,0000939767-26-000003;0000939767-26-000019,exel-20260111.htm;exel-20260210.htm,exel20260111exhibit991.htm;exel2025q42025exhibit991.htm,2,10-K,2026-02-10,0000939767-26-000021,exel-20260102.htm,2,2,True,True,True,,ready,3.66
2026Q1,EXLS,1297989,ok,1,2026-02-24,0001297989-26-000006,exls-20260224.htm,exlq42025pressrelease.htm,1,10-K,2026-02-24,0001297989-26-000008,exls-20251231.htm,1,1,True,True,True,,ready,3.37
2026Q1,EXPD,746515,ok,1,2026-02-24,0001193125-26-066101,expd-20250224.htm,expd-ex99_1.htm,1,10-K,2026-02-25,0001193125-26-071569,expd-20251231.htm,1,1,True,True,True,,ready,3.26
2026Q1,EXPE,1324424,ok,1,2026-02-12,0001324424-26-000005,expe-20260212.htm,earningsrelease-q42025.htm,1,10-K,2026-02-13,0001324424-26-000008,expe-20251231.htm,1,1,True,True,True,,ready,3.19
2026Q1,EXPI,1495932,ok,1,2026-02-24,0001104659-26-019101,expi-20260224x8k.htm,expi-20260224xex99d1.htm,1,10-K,2026-02-24,0001104659-26-019145,expi-20251231x10k.htm,1,1,True,True,True,,ready,2.70
2026Q1,EXR,1289490,ok,1,2026-02-19,0001289490-26-000007,exr-20260219.htm,q42025ex991earningsrelease.htm,1,10-K,2026-02-20,0001289490-26-000011,exr-20251231.htm,1,1,True,True,True,,ready,3.13
2026Q1,EXTR,1078271,ok,1,2026-01-28,0001193125-26-025650,extr-20260128.htm,extr-ex99_1.htm,1,10-Q,2026-01-29,0001193125-26-029334,extr-20251231.htm,1,1,True,True,True,,ready,3.16
2026Q1,EYE,1710155,ok,1,2026-03-04,0001628280-26-014376,eye-20260304.htm,nvhi2025q4earningsrelease.htm,1,10-K,2026-03-04,0001628280-26-014379,eye-20260103.htm,1,1,True,True,True,,ready,2.72
2026Q1,EZPW,876523,ok,1,2026-02-04,0000876523-26-000011,ezpw-20260204.htm,a2026-q1pressreleaseex991.htm,1,10-Q,2026-02-04,0000876523-26-000010,ezpw-20251231.htm,1,1,True,True,True,,ready,2.40
2026Q1,FA,1210677,ok,1,2026-02-26,0001193125-26-073071,fa-20260226.htm,fa-ex99_1.htm,1,10-K,2026-02-26,0001193125-26-076740,fa-20251231.htm,1,1,True,True,True,,ready,3.39
2026Q1,FAST,815556,ok,1,2026-01-20,0000815556-26-000003,fast-20260120.htm,ex_99112312025earningsrele.htm,1,10-K,2026-02-05,0000815556-26-000009,fast-20251231.htm,1,1,True,True,True,,ready,3.09
2026Q1,FBP,1057706,ok,1,2026-01-27,0001057706-26-000005,fbpPRQ42025.htm,exhibit991.htm;exhibit992.htm,2,10-K,2026-02-27,0001057706-26-000007,fbp-20251231.htm,1,2,True,True,True,,ready,6.06
2026Q1,FCFS,840489,ok,1,2026-02-05,0000840489-26-000024,fcfs-20260205.htm,fcfs02052026exhibit991.htm,1,10-K,2026-02-09,0000840489-26-000032,fcfs-20251231.htm,1,1,True,True,True,,ready,3.81
2026Q1,FDP,1047340,ok,1,2026-02-18,0001047340-26-000012,fdp-20260218.htm,earningspressreleasedatedf.htm,1,10-K,2026-02-19,0001047340-26-000015,fdp-20251226.htm,1,1,True,True,True,,ready,3.11
2026Q1,FDS,1013237,ok,1,2026-03-31,0001628280-26-022203,fds-20260331.htm,fdsq22026earningsrelease.htm,1,10-Q,2026-01-05,0001628280-26-000223,fds-20251130.htm,1,1,True,True,True,,ready,3.46
2026Q1,FE,1031296,ok,1,2026-02-17,0001031296-26-000041,fe-20260217.htm,ex991-q42025newsrelease.htm;ex9924q25strategicfinanc.htm;ex9934q25investorfactboo.htm,3,10-K,2026-02-18,0001031296-26-000046,fe-20251231.htm,1,3,True,True,True,,ready,4.93
2026Q1,FELE,38725,ok,1,2026-02-17,0000038725-26-000002,fele-20260217.htm,a20260217ex991earningsrele.htm,1,10-K,2026-02-20,0000038725-26-000009,fele-20251231.htm,1,1,True,True,True,,ready,3.69
2026Q1,FET,1401257,ok,1,2026-02-20,0001401257-26-000010,fet8-kearningsreleaseq42025.htm,exhibit991-fetq42025earnin.htm,1,10-K,2026-02-27,0001401257-26-000015,fet-20251231.htm,1,1,True,True,True,,ready,3.45
2026Q1,FFIV,1048695,ok,1,2026-01-27,0001048695-26-000018,ffiv-20260127.htm,ex991-q126earningsreleasef.htm,1,10-Q,2026-02-05,0001048695-26-000023,ffiv-20251231.htm,1,1,True,True,True,,ready,3.54
2026Q1,FG,0001934850,ok,1,2026-02-19,0001934850-26-000021,fg-20260219.htm,a4q25fgearningsrelease_f.htm;fgwinter2025investorpres.htm,2,10-K,2026-02-26,0001934850-26-000026,fg-20251231.htm,1,2,True,True,True,,ready,4.48
2026Q1,FHB,36377,ok,1,2026-01-30,0001104659-26-008314,fhb-20260130x8k.htm,fhb-20260130xex99d1.htm,1,10-K,2026-02-27,0001104659-26-021544,fhb-20251231x10k.htm,1,1,True,True,True,,ready,5.03
2026Q1,FICO,814547,ok,1,2026-01-28,0000814547-26-000010,fico-20260128.htm,exhibit991erq12026.htm,1,10-Q,2026-01-28,0000814547-26-000011,fico-20251231.htm,1,1,True,True,True,,ready,2.64
2026Q1,FIGS,1846576,ok,1,2026-02-26,0001628280-26-012291,figs-20260226.htm,figs-q42025xearningsreleas.htm,1,10-K,2026-02-26,0001628280-26-012333,figs-20251231.htm,1,1,True,True,True,,ready,3.17
2026Q1,FIS,1136893,ok,2,2026-02-24;2026-02-24,0001193125-26-065257;0001136893-26-000009,d78935d8k.htm;fis-20260224.htm,d78935dex991.htm;q42025ex991.htm,2,10-K,2026-02-24,0001136893-26-000013,fis-20251231.htm,2,2,True,True,True,,ready,4.95
2026Q1,FISV,798354,ok,1,2026-02-10,0000798354-26-000006,fi-20260210.htm,fisv4q25earningsrelease.htm,1,10-K,2026-02-19,0000798354-26-000009,fi-20251231.htm,1,1,True,True,True,,ready,3.02
2026Q1,FIVE,1177609,ok,1,2026-03-18,0001177609-26-000006,five-20260318.htm,q42025fivebelowexhibit991.htm,1,10-K,2026-03-19,0001177609-26-000010,five-20260131.htm,1,1,True,True,True,,ready,2.59
2026Q1,FIVN,1288847,ok,1,2026-02-19,0001288847-26-000021,fivn-20260219.htm,a123125ex991earningsrelease.htm,1,10-K,2026-02-20,0001288847-26-000023,fivn-20251231.htm,1,1,True,True,True,,ready,2.60
2026Q1,FIX,1035983,ok,1,2026-02-19,0001104659-26-017529,fix-20260219x8k.htm,fix-20260219xex99d1.htm;fix-20260219xex99d2.htm,2,10-K,2026-02-19,0001104659-26-017530,fix-20251231x10k.htm,1,1,True,True,True,earnings_exhibit:earnings_exhibit_too_short;earnings_exhibit:exhibit_not_earnings_like,ready,3.29
2026Q1,FLNC,0001868941,ok,1,2026-02-04,0001868941-26-000004,flnc-20260204.htm,flncq1fy26earningspressrel.htm,1,10-Q,2026-02-04,0001868941-26-000005,flnc-20251231.htm,1,1,True,True,True,,ready,2.44
2026Q1,FLR,1124198,ok,1,2026-02-17,0001124198-26-000006,flr-20260217.htm,ex991q42025.htm,1,10-K,2026-02-17,0001124198-26-000007,flr-20251231.htm,1,1,True,True,True,,ready,3.09
2026Q1,FLXS,37472,ok,1,2026-02-02,0001193125-26-033770,flxs-20260202.htm,flxs-ex99_1.htm,1,10-Q,2026-02-04,0001193125-26-037679,flxs-20251231.htm,1,1,True,True,True,,ready,2.58
2026Q1,FN,1408710,ok,1,2026-02-02,0001408710-26-000006,fn-20260202.htm,fn-2026202xex991q226.htm,1,10-Q,2026-02-03,0001408710-26-000008,fn-20251226.htm,1,1,True,True,True,,ready,2.33
2026Q1,FNKO,1704711,ok,1,2026-03-12,0001704711-26-000018,fnko-20260312.htm,ex-99131226.htm;q42025earningspresentati.htm,2,10-K,2026-03-12,0001704711-26-000020,fnko-20251231.htm,1,2,True,True,True,,ready,2.60
2026Q1,FOR,1406587,ok,1,2026-01-20,0001628280-26-002572,for-20260120.htm,a12312025exhibit991.htm,1,10-Q,2026-01-22,0001628280-26-003039,for-20251231.htm,1,1,True,True,True,,ready,3.84
2026Q1,FORM,1039399,ok,1,2026-02-04,0001039399-26-000004,form-20260204.htm,ex9901-earningsreleasexq425.htm,1,10-K,2026-02-20,0001039399-26-000009,form-20251227.htm,1,1,True,True,True,,ready,7.64
2026Q1,FORR,1023313,ok,1,2026-02-12,0001193125-26-048685,forr-20260212.htm,forr-ex99_1.htm,1,10-K,2026-03-13,0001193125-26-105114,forr-20251231.htm,1,1,True,True,True,,ready,14.15
2026Q1,FOXF,1424929,ok,1,2026-02-26,0001424929-26-000008,foxf-20260226.htm,exhibit9912025q4pressrelea.htm,1,10-K,2026-02-27,0001424929-26-000012,foxf-20260102.htm,1,1,True,True,True,,ready,2.23
2026Q1,FRSH,1544522,ok,1,2026-02-10,0001544522-26-000028,frsh-20260210.htm,q425quarterlyearningsrelea.htm,1,10-K,2026-02-26,0001544522-26-000036,frsh-20251231.htm,1,1,True,True,True,,ready,2.18
2026Q1,FRT,34903,ok,1,2026-02-12,0000034903-26-000016,frt-20260212.htm,frt-12312025xex991.htm,1,10-K,2026-02-12,0000034903-26-000017,frt-20251231.htm,1,1,True,True,True,,ready,3.18
2026Q1,FSLR,1274494,ok,1,2026-02-24,0001274494-26-000020,fslr-20260224.htm,ex991pressreleaseq4-2025fi.htm,1,10-K,2026-02-24,0001274494-26-000021,fslr-20251231.htm,1,1,True,True,True,,ready,2.30
2026Q1,FSTR,352825,ok,1,2026-03-03,0000352825-26-000011,fstr-20260303.htm,ex-991q42025.htm,1,10-K,2026-03-05,0000352825-26-000016,fstr-20251231.htm,1,1,True,True,True,,ready,2.34
2026Q1,FTAI,1590364,ok,1,2026-02-25,0001628280-26-011685,ftai-20260225.htm,ftai123125earningsrelease.htm,1,10-K,2026-02-27,0001628280-26-012940,ftai-20251231.htm,1,1,True,True,True,,ready,2.05
2026Q1,FTDR,1727263,ok,1,2026-02-26,0001193125-26-073378,ftdr-20260226.htm,ftdr-ex99_1.htm,1,10-K,2026-02-26,0001193125-26-076548,ftdr-20251231.htm,1,1,True,True,True,,ready,2.72
2026Q1,FTNT,1262039,ok,1,2026-02-05,0001262039-26-000003,ftnt-20260205.htm,ftntq4-2025ex991.htm,1,10-K,2026-02-25,0001262039-26-000007,ftnt-20251231.htm,1,1,True,True,True,,ready,2.46
2026Q1,FTRE,0001965040,ok,1,2026-02-26,0001628280-26-011942,ftre-20260226.htm,exhibit991-pressreleasedat.htm,1,10-K,2026-02-26,0001628280-26-012244,ftre-20251231.htm,1,1,True,True,True,,ready,2.11
2026Q1,FTV,1659166,ok,1,2026-02-04,0001659166-26-000003,ftv-20260204.htm,q42025-ex991.htm,1,10-K,2026-02-25,0001659166-26-000007,ftv-20251231.htm,1,1,True,True,True,,ready,2.61
2026Q1,FUBO,1484769,ok,1,2026-02-03,0001493152-26-004826,form8-k.htm,ex99-1.htm;ex99-2.htm,2,10-Q,2026-02-05,0001628280-26-005782,fubo-20251231.htm,1,2,True,True,True,,ready,2.40
2026Q1,FWONA,1560385,ok,1,2026-02-26,0001560385-26-000006,lmca-20260226x8k.htm,lmca-20260226xex99d1.htm,1,10-K,2026-02-26,0001104659-26-020653,lmca-20251231x10k.htm,1,1,True,True,True,,ready,2.84
2026Q1,FWONK,1560385,ok,1,2026-02-26,0001560385-26-000006,lmca-20260226x8k.htm,lmca-20260226xex99d1.htm,1,10-K,2026-02-26,0001104659-26-020653,lmca-20251231x10k.htm,1,1,True,True,True,,ready,2.17
2026Q1,FWRD,912728,ok,1,2026-02-23,0001628280-26-010569,fwrd-20260223.htm,exhibit991q42025pressrelea.htm;fwrd4q25earningspresenta.htm,2,10-K,2026-03-11,0001628280-26-016793,fwrd-20251231.htm,1,2,True,True,True,,ready,3.12
2026Q1,FWRG,1789940,ok,3,2026-01-12;2026-02-24;2026-02-24,0001789940-26-000003;0001789940-26-000017;0001789940-26-000013,fwrg-20260112.htm;fwrg-20260220.htm;fwrg-20260220.htm,exh991fwrgyearend2025opera.htm;exhibit991q42025corrected.htm;exh992pressrelease-cforeti.htm;exhibit991q42025.htm,4,10-K,2026-02-24,0001789940-26-000014,fwrg-20251228.htm,3,4,True,True,True,,ready,4.80
2026Q1,GATX,40211,ok,1,2026-02-19,0000040211-26-000014,gatx-20260219.htm,a4q25earningsreleaseex991.htm,1,10-K,2026-02-19,0000040211-26-000018,gmt-20251231.htm,1,1,True,True,True,,ready,2.80
2026Q1,GBTG,1820872,ok,3,2026-02-17;2026-02-17;2026-03-09,0001104659-26-016161;0001104659-26-015928;0001628280-26-015802,tm266580d1_8ka.htm;tm266227d1_8k.htm;gbtg-20260309.htm,tm266580d1_ex99-1.htm;tm266227d1_ex99-1.htm;q4fy2025earningsrelease.htm,3,10-K,2026-03-09,0001628280-26-015817,gbtg-20251231.htm,3,3,True,True,True,,ready,4.37
2026Q1,GBX,923120,ok,1,2026-01-08,0001193125-26-007731,gbx-20260108.htm,gbx-ex99_1.htm,1,10-Q,2026-01-08,0001193125-26-007768,gbx-20251130.htm,1,1,True,True,True,,ready,2.50
2026Q1,GCO,18498,ok,1,2026-03-06,0001193125-26-094963,gco-20260306.htm,gco-ex99_1.htm;gco-ex99_2.htm,2,10-K,2026-03-25,0001193125-26-123492,gco-20260131.htm,1,2,True,True,True,,ready,3.35
2026Q1,GCT,0001857816,ok,1,2026-02-26,0001857816-26-000017,gct-20260226.htm,a2026-02x26x8xkex991earnin.htm,1,10-K,2026-02-26,0001857816-26-000018,gct-20251231.htm,1,1,True,True,True,,ready,2.95
2026Q1,GD,40533,ok,1,2026-01-28,0000040533-26-000003,gd-20260128.htm,gd-20251231exhibit991.htm,1,10-K,2026-01-30,0000040533-26-000006,gd-20251231.htm,1,1,True,True,True,,ready,2.70
2026Q1,GDDY,1609711,ok,1,2026-02-24,0001609711-26-000008,gddy-20260224.htm,gddyex991x20251231xq4earni.htm,1,10-K,2026-02-25,0001609711-26-000010,gddy-20251231.htm,1,1,True,True,True,,ready,2.20
2026Q1,GDEN,1071255,ok,1,2026-02-27,0001071255-26-000012,gden-20260227.htm,a123125eprex991.htm,1,10-K,2026-02-27,0001071255-26-000015,gden-20251231.htm,1,1,True,True,True,,ready,2.13
2026Q1,GDOT,1386278,ok,1,2026-03-16,0001386278-26-000011,gdot-20260316.htm,a12312025-exb9901earningsr.htm;gdot4q25earningssuppleme.htm,2,10-K,2026-03-16,0001386278-26-000015,gdot-20251231.htm,1,2,True,True,True,,ready,3.31
2026Q1,GDRX,1809519,ok,1,2026-02-25,0001809519-26-000028,gdrx-20260225.htm,gdrxq425-exx991pressrelease.htm,1,10-K,2026-02-26,0001809519-26-000031,gdrx-20251231.htm,1,1,True,True,True,,ready,3.23
2026Q1,GEF,43920,ok,1,2026-02-02,0001628280-26-004695,gef-20260202.htm,gef2026q18-kerex991.htm;gef2026q18-kerex992.htm,2,10-Q,2026-01-30,0001628280-26-004414,gef-20251231.htm,1,2,True,True,True,,ready,3.04
2026Q1,GEHC,0001932393,ok,1,2026-02-04,0001932393-26-000006,gehc-20260204.htm,release4q25earnings.htm,1,10-K,2026-02-04,0001932393-26-000007,gehc-20251231.htm,1,1,True,True,True,,ready,2.44
2026Q1,GEN,849399,ok,1,2026-02-05,0000849399-26-000002,gen-20260205.htm,ex9901q3fy26.htm,1,10-Q,2026-02-06,0000849399-26-000004,gen-20260102.htm,1,1,True,True,True,,ready,2.47
2026Q1,GEO,923796,ok,1,2026-02-12,0001193125-26-047556,d88889d8k.htm,d88889dex991.htm,1,10-K,2026-02-25,0001193125-26-071747,geo-20251231.htm,1,1,True,True,True,,ready,3.65
2026Q1,GETY,0001898496,ok,1,2026-03-16,0001628280-26-018164,gety-20260316.htm,gety-2025x12x31ex991.htm,1,10-K,2026-03-16,0001628280-26-018160,gety-20251231.htm,1,1,True,True,True,,ready,2.18
2026Q1,GEV,0001996810,ok,1,2026-01-28,0001996810-26-000012,gev-20260128.htm,gevpressrelease4q25.htm,1,10-K,2026-01-29,0001996810-26-000015,gev-20251231.htm,1,1,True,True,True,,ready,4.21
2026Q1,GFF,50725,ok,1,2026-02-05,0001628280-26-005611,gff-20260205.htm,gffq12026exhibit991.htm,1,10-Q,2026-02-06,0001628280-26-005892,gff-20251231.htm,1,1,True,True,True,,ready,8.31
2026Q1,GH,1576280,ok,2,2026-01-12;2026-02-19,0001576280-26-000004;0001576280-26-000012,gh-20260111.htm;gh-20260219.htm,gh-01122026xexhibit991.htm;gh-12312025xexhibit991.htm,2,10-K,2026-02-19,0001576280-26-000013,gh-20251231.htm,2,2,True,True,True,,ready,3.35
2026Q1,GHC,104889,ok,1,2026-02-25,0001628280-26-011410,ghc-20260225.htm,a2025q48-kexhibit991.htm,1,10-K,2026-02-25,0001628280-26-011405,ghc-20251231.htm,1,1,True,True,True,,ready,3.33
2026Q1,GHM,716314,ok,1,2026-02-06,0001193125-26-040276,d10345d8k.htm,d10345dex991.htm;d10345dex992.htm,2,10-Q,2026-02-06,0001193125-26-040310,ghm-20251231.htm,1,1,True,True,True,earnings_exhibit:exhibit_not_earnings_like,ready,2.88
2026Q1,GIC,945114,ok,1,2026-02-24,0001628280-26-011155,gic-20260224.htm,gicform99112312025.htm,1,10-K,2026-02-27,0001628280-26-012945,gic-20251231.htm,1,1,True,True,True,,ready,2.44
2026Q1,GIII,821002,ok,1,2026-03-12,0001104659-26-026716,giii-20260312x8k.htm,giii-20260312xex99d1.htm,1,10-K,2026-03-24,0001104659-26-033891,giii-20260131x10k.htm,1,1,True,True,True,,ready,11.43
2026Q1,GILD,882095,ok,1,2026-02-10,0000882095-26-000003,gild-20260210.htm,exhibit991earningspressrel.htm,1,10-K,2026-02-24,0000882095-26-000006,gild-20251231.htm,1,1,True,True,True,,ready,3.51
2026Q1,GIS,40704,ok,1,2026-03-18,0001628280-26-019020,gis-20260318.htm,a20260318ex99.htm,1,10-Q,2026-03-18,0001628280-26-019398,gis-20260222.htm,1,1,True,True,True,,ready,2.58
2026Q1,GL,320335,ok,1,2026-02-04,0000320335-26-000029,gl-20260204.htm,q4fy2025earningsrelease.htm,1,10-K,2026-02-25,0000320335-26-000090,gl-20251231.htm,1,1,True,True,True,,ready,4.00
2026Q1,GLPI,1575965,ok,1,2026-02-20,0001575965-26-000035,glpi-20260220.htm,glpi-20251231ex991.htm,1,10-K,2026-02-19,0001575965-26-000032,glpi-20251231.htm,1,1,True,True,True,,ready,1.91
2026Q1,GLW,24741,ok,1,2026-01-28,0000024741-26-000034,glw-20260128.htm,glw-20251231xex99xq42025.htm,1,10-K,2026-02-12,0000024741-26-000124,glw-20251231.htm,1,1,True,True,True,,ready,2.80
2026Q1,GNE,1528356,ok,1,2026-03-19,0001437749-26-009088,gne20260319_8k.htm,ex_935212.htm,1,10-Q,2025-11-06,0001437749-25-033534,gne20250930_10q.htm,1,1,True,True,True,,ready,1.43
2026Q1,GNTX,355811,ok,1,2026-01-30,0000355811-26-000005,gntx-20260130.htm,exhibit99112312025.htm,1,10-K,2026-02-24,0000355811-26-000010,gntx-20251231.htm,1,1,True,True,True,,ready,2.77
2026Q1,GNW,1276520,ok,2,2026-02-03;2026-02-23,0001628280-26-005054;0001628280-26-010610,gnw-20260203.htm;gnw-20260223.htm,quarterlyearningsrelease.htm,1,10-K,2026-02-27,0001628280-26-012828,gnw-20251231.htm,2,1,True,True,True,,ready,4.78
2026Q1,GO,1771515,ok,1,2026-03-04,0001771515-26-000014,go-20260302.htm,a2025q4exhibit991.htm,1,10-K,2026-03-04,0001771515-26-000015,go-20260103.htm,1,1,True,True,True,,ready,1.89
2026Q1,GOLD,1591588,ok,1,2026-02-06,0001193125-26-039858,gold-20260205.htm,gold-ex99_1.htm,1,10-Q,2026-02-06,0001193125-26-041321,gold-20251231.htm,1,1,True,True,True,,ready,4.69
2026Q1,GOLF,1672013,ok,1,2026-02-26,0001672013-26-000053,golf-20260226.htm,ex991-q42025document.htm,1,10-K,2026-02-27,0001672013-26-000057,golf-20251231.htm,1,1,True,True,True,,ready,8.68
2026Q1,GPC,40987,ok,1,2026-02-17,0001193125-26-053013,d44894d8k.htm,d44894dex991.htm;d44894dex992.htm,2,10-K,2026-02-20,0000040987-26-000003,gpc-20251231.htm,1,2,True,True,True,,ready,3.02
2026Q1,GPI,1031203,ok,1,2026-01-29,0001031203-26-000041,gpi-20260129.htm,a2025q4exhibit991.htm,1,10-K,2026-02-13,0001031203-26-000064,gpi-20251231.htm,1,1,True,True,True,,ready,4.48
2026Q1,GPN,1123360,ok,1,2026-02-18,0001123360-26-000004,gpn-20260218.htm,exhibit99120251231.htm;exhibit99220251231.htm,2,10-K,2026-02-20,0001123360-26-000008,gpn-20251231.htm,1,1,True,True,True,earnings_exhibit:exhibit_not_earnings_like,ready,3.03
2026Q1,GPOR,874499,ok,1,2026-02-24,0001213900-26-019884,ea0278112-8k_gulfport.htm,ea027811201ex99-1_gulfport.htm;ea027811201ex99-2_gulfport.htm,2,10-K,2026-02-25,0001628280-26-011487,gpor-20251231.htm,1,2,True,True,True,,ready,3.01
2026Q1,GRBK,1373670,ok,1,2026-02-25,0001628280-26-011706,grbk-20260225.htm,a2q42025ex99earningsrelease.htm,1,10-K,2026-02-25,0001628280-26-011798,grbk-20251231.htm,1,1,True,True,True,,ready,1.67
2026Q1,GRC,42682,ok,1,2026-02-06,0001193125-26-040888,grc-20260206.htm,grc-ex99.htm,1,10-K,2026-03-02,0001193125-26-084820,grc-20251231.htm,1,1,True,True,True,,ready,2.31
2026Q1,GRMN,1121788,ok,1,2026-02-18,0001193125-26-056025,grmn-20260218.htm,grmn-ex99_1.htm,1,10-K,2026-02-18,0001193125-26-056028,grmn-20251227.htm,1,1,True,True,True,,ready,3.65
2026Q1,GRPN,1490281,ok,1,2026-03-10,0001628280-26-016436,grpn-20260310.htm,a2025q48-kxexhibit991.htm,1,10-K,2026-03-10,0001628280-26-016429,grpn-20251231.htm,1,1,True,True,True,,ready,2.50
2026Q1,GT,42582,ok,1,2026-02-09,0001193125-26-042892,d32741d8k.htm,d32741dex991.htm,1,10-K,2026-02-10,0001628280-26-006708,gt-20251231.htm,1,1,True,True,True,,ready,2.85
2026Q1,GTLB,1653482,ok,1,2026-03-03,0001628280-26-013795,gtlb-20260302.htm,gitlab-ex99120260131fy26.htm,1,10-K,2026-03-17,0001628280-26-018731,gtlb-20260131.htm,1,1,True,True,True,,ready,2.67
2026Q1,GTLS,892553,ok,1,2026-02-27,0000892553-26-000025,gtls-20260227.htm,exhibit991gtls-20251231pre.htm,1,10-K,2026-02-27,0000892553-26-000027,gtls-20251231.htm,1,1,True,True,True,,ready,2.85
2026Q1,GTM,1794515,ok,1,2026-02-09,0001794515-26-000004,zi-20260205.htm,zi-8kex991x20260209.htm,1,10-K,2026-02-12,0001794515-26-000012,zi-20251231.htm,1,1,True,True,True,,ready,2.19
2026Q1,GTX,1735707,ok,1,2026-02-19,0001735707-26-000008,gtx-20260219.htm,exhibit99_1-2025q4.htm,1,10-K,2026-02-19,0001735707-26-000009,gtx-20251231.htm,1,1,True,True,True,,ready,2.41
2026Q1,GWW,277135,ok,1,2026-02-03,0000277135-26-000004,gww-20260203.htm,gww8kex991q42025.htm,1,10-K,2026-02-19,0000277135-26-000011,gww-20251231.htm,1,1,True,True,True,,ready,2.10
2026Q1,HAE,313143,ok,1,2026-02-05,0000313143-26-000009,hae-20260205.htm,ex991-fy26q3decearningsrel.htm,1,10-Q,2026-02-05,0000313143-26-000010,hae-20251227.htm,1,1,True,True,True,,ready,2.06
2026Q1,HAIN,910406,ok,1,2026-02-09,0001193125-26-041905,hain-20260209.htm,hain-ex99_1.htm,1,10-Q,2026-02-09,0001193125-26-041911,hain-20251231.htm,1,1,True,True,True,,ready,2.91
2026Q1,HAL,45012,ok,1,2026-01-21,0000045012-26-000008,hal-20260121.htm,livemastererdocument.htm,1,10-K,2026-02-06,0000045012-26-000015,hal-20251231.htm,1,1,True,True,True,,ready,3.22
2026Q1,HALO,1159036,ok,2,2026-01-28;2026-02-17,0001159036-26-000011;0001159036-26-000023,halo-20260128.htm;halo-20260217.htm,ex991guidance2026pressrele.htm;ex991q420258-k.htm,2,10-K,2026-02-17,0001159036-26-000024,halo-20251231.htm,2,2,True,True,True,,ready,3.25
2026Q1,HAS,46080,ok,1,2026-02-10,0000046080-26-000006,has-20260210.htm,exhibit991q42025.htm,1,10-K,2026-02-25,0000046080-26-000011,has-20251228.htm,1,1,True,True,True,,ready,2.29
2026Q1,HBAN,49196,ok,1,2026-01-22,0000049196-26-000006,hban-20260122.htm,hban20251231_8kex991.htm;hban20251231_8kex992.htm,2,10-K,2026-02-13,0000049196-26-000015,hban-20251231.htm,1,2,True,True,True,,ready,11.65
2026Q1,HBANL,49196,ok,1,2026-01-22,0000049196-26-000006,hban-20260122.htm,hban20251231_8kex991.htm;hban20251231_8kex992.htm,2,10-K,2026-02-13,0000049196-26-000015,hban-20251231.htm,1,2,True,True,True,,ready,3.54
2026Q1,HBANP,49196,ok,1,2026-01-22,0000049196-26-000006,hban-20260122.htm,hban20251231_8kex991.htm;hban20251231_8kex992.htm,2,10-K,2026-02-13,0000049196-26-000015,hban-20251231.htm,1,2,True,True,True,,ready,3.78
2026Q1,HBB,1709164,ok,1,2026-02-25,0001709164-26-000033,hbb-20260225.htm,hbbhc123125earningsrelease.htm,1,10-K,2026-02-25,0001709164-26-000037,hbb-20251231.htm,1,1,True,True,True,,ready,2.36
2026Q1,HCC,1691303,ok,1,2026-02-12,0001193125-26-048678,hcc-20260212.htm,hcc-ex99_1.htm,1,10-K,2026-02-12,0001193125-26-048914,hcc-20251231.htm,1,1,True,True,True,,ready,2.19
2026Q1,HCI,1400810,ok,1,2026-02-25,0001193125-26-071719,hci-20260225.htm,hci-ex99_1.htm,1,10-K,2026-02-26,0001193125-26-076743,hci-20251231.htm,1,1,True,True,True,,ready,3.72
2026Q1,HCSG,731012,ok,1,2026-02-11,0000731012-26-000004,hcsg-20260211.htm,ex99-2025xq4xpressrelease.htm,1,10-K,2026-02-13,0000731012-26-000009,hcsg-20251231.htm,1,1,True,True,True,,ready,2.72
2026Q1,HE,354707,ok,1,2026-02-27,0000354707-26-000007,he-20260227.htm,heiexhibit99-8xk02x27x26.htm,1,10-K,2026-02-27,0000354707-26-000008,he-20251231.htm,1,1,True,True,True,,ready,2.83
2026Q1,HELE,916789,ok,1,2026-01-08,0000916789-26-000007,hele-20260108.htm,fy26_q3xex-991.htm,1,10-Q,2026-01-08,0000916789-26-000009,hele-20251130.htm,1,1,True,True,True,,ready,3.27
2026Q1,HG,0001593275,ok,1,2026-02-19,0001593275-26-000007,hg-20260219.htm,hg991pressreleaseq425.htm;hg993investorpresentatio.htm,2,10-K,2026-02-25,0001593275-26-000021,hg-20251231.htm,1,1,True,True,True,earnings_exhibit:exhibit_not_earnings_like,ready,2.49
2026Q1,HGV,1674168,ok,1,2026-02-26,0001674168-26-000014,hgv-20260226.htm,hgvq42025earningsreleaseex.htm,1,10-K,2026-02-26,0001674168-26-000017,hgv-20251231.htm,1,1,True,True,True,,ready,2.34
2026Q1,HIG,874766,ok,1,2026-01-29,0000874766-26-000006,hig-20260129.htm,ex991earningsnewsrelease12.htm;ex992ifs12312025.htm,2,10-K,2026-02-20,0000874766-26-000012,hig-20251231.htm,1,2,True,True,True,,ready,6.23
2026Q1,HII,1501585,ok,1,2026-02-05,0001501585-26-000004,hii-20260205.htm,hiiq42025earningspresent.htm;hiiq42025earningsrelease.htm,2,10-K,2026-02-05,0001501585-26-000006,hii-20251231.htm,1,2,True,True,True,,ready,5.94
2026Q1,HIMS,1773751,ok,1,2026-02-23,0001773751-26-000019,hims-20260223.htm,finalq42025shareholderle.htm;hims-20251231x8xkearningsr.htm,2,10-K,2026-02-23,0001773751-26-000022,hims-20251231.htm,1,2,True,True,True,,ready,2.93
2026Q1,HLF,1180262,ok,1,2026-02-18,0001213900-26-017966,ea0277396-8k_herbalife.htm,ea027739601ex99-1_herbalife.htm,1,10-K,2026-02-18,0001193125-26-057113,hlf-20251231.htm,1,1,True,True,True,,ready,3.33
2026Q1,HLIO,1024795,ok,1,2026-03-02,0001193125-26-085812,hlio-20260302.htm,hlio-ex99_1.htm,1,10-K,2026-03-03,0001193125-26-087747,hlio-20260103.htm,1,1,True,True,True,,ready,3.30
2026Q1,HLIT,851310,ok,1,2026-02-19,0001193125-26-059434,hlit-20260219.htm,hlit-ex99_1.htm,1,10-K,2026-02-24,0001193125-26-067506,hlit-20251231.htm,1,1,True,True,True,,ready,2.74
2026Q1,HLMN,1822492,ok,1,2026-02-17,0001822492-26-000017,hlmn-20260217.htm,ex991hillmanq42025earnings.htm;hillmanq42025earningscal.htm,2,10-K,2026-02-17,0001822492-26-000019,hlmn-20251227.htm,1,2,True,True,True,,ready,2.84
2026Q1,HLNE,1433642,ok,1,2026-02-03,0001433642-26-000004,hlne-20260203.htm,combinedexhibit991.htm,1,10-Q,2026-02-03,0001433642-26-000007,hlne-20251231.htm,1,1,True,True,True,,ready,2.35
2026Q1,HLT,1585689,ok,1,2026-02-11,0001585689-26-000005,hlt-20260211.htm,q42025earningsrelease.htm,1,10-K,2026-02-11,0001585689-26-000007,hlt-20251231.htm,1,1,True,True,True,,ready,2.70
2026Q1,HLX,866829,ok,1,2026-02-24,0000866829-26-000004,hlx-20260223x8k.htm,hlx-20260223xex99d1.htm;hlx-20260223xex99d2.htm,2,10-K,2026-02-26,0000866829-26-000008,hlx-20251231x10k.htm,1,2,True,True,True,,ready,3.41
2026Q1,HMN,850141,ok,1,2026-02-03,0000850141-26-000003,hmn-20260203.htm,q42025ex991-glossaryofterms.htm;q42025ex992-earningsreleas.htm,2,10-K,2026-02-27,0000850141-26-000007,hmn-20251231.htm,1,2,True,True,True,,ready,3.79
2026Q1,HNI,48287,ok,1,2026-02-25,0000048287-26-000059,hni-20260225.htm,hni-ex991q42025.htm,1,10-K,2026-03-03,0000048287-26-000084,hni-20260103.htm,1,1,True,True,True,,ready,3.38
2026Q1,HON,773840,ok,1,2026-01-29,0000773840-26-000006,hon-20260129.htm,exhibit991-q42025earningsr.htm;exhibit992-q42025summer.htm,2,10-K,2026-02-17,0000773840-26-000013,hon-20251231.htm,1,1,True,True,True,earnings_exhibit:exhibit_not_earnings_like,ready,4.36
2026Q1,HOV,357294,ok,1,2026-02-25,0001753926-26-000356,hov-20260225.htm,ex991_1.htm,1,10-Q,2026-03-02,0001753926-26-000412,hov-20260131.htm,1,1,True,True,True,,ready,3.09
2026Q1,HP,46765,ok,1,2026-02-04,0000046765-26-000010,hp-20260204.htm,q1fy26earningsrelease.htm,1,10-Q,2026-02-05,0000046765-26-000012,hp-20251231.htm,1,1,True,True,True,,ready,3.12
2026Q1,HPP,1482512,ok,1,2026-02-26,0001482512-26-000033,hpp-20260226.htm,q42025ex991.htm;q42025ex992.htm,2,10-K,2026-02-27,0001482512-26-000038,hpp-20251231.htm,1,2,True,True,True,,ready,4.45
2026Q1,HQY,1428336,ok,2,2026-02-17;2026-03-17,0001428336-26-000005;0001428336-26-000009,hqy-20260217.htm;hqy-20260317.htm,pressrelease-fy26salesmetr.htm;hqyq4fy26earningsrelease.htm,2,10-K,2026-03-17,0001428336-26-000010,hqy-20260131.htm,2,2,True,True,True,,ready,3.88
2026Q1,HRI,1364479,ok,1,2026-02-17,0001364479-26-000049,hri-20260217.htm,herc2025q4-earningsprese.htm;herc2025q4-pressrelease.htm,2,10-K,2026-02-17,0001364479-26-000050,hri-20251231.htm,1,2,True,True,True,,ready,3.25
2026Q1,HRL,48465,ok,2,2026-02-18;2026-02-26,0000048465-26-000013;0000048465-26-000018,hrl-20260217.htm;hrl-20260226.htm,exhibit991-2172026.htm;hormelearningsreleaseq12026.htm,2,10-Q,2026-02-26,0000048465-26-000020,hrl-20260125.htm,2,2,True,True,True,,ready,4.18
2026Q1,HRMY,1802665,ok,2,2026-01-12;2026-02-24,0001104659-26-002731;0001104659-26-018858,hrmy-20260112x8k.htm;hrmy-20260224x8k.htm,hrmy-20260112xex99d1.htm;hrmy-20260112xex99d2.htm;hrmy-20260224xex99d1.htm;hrmy-20260224xex99d2.htm,4,10-K,2026-02-24,0001104659-26-018859,hrmy-20251231x10k.htm,2,4,True,True,True,,ready,5.20
2026Q1,HRTG,1598665,ok,2,2026-02-23;2026-03-09,0001193125-26-064300;0001193125-26-097583,d52696d8k.htm;d89191d8k.htm,d52696dex991.htm;d89191dex991.htm,2,10-K,2026-03-12,0001193125-26-103715,hrtg-20251231.htm,2,2,True,True,True,,ready,4.36
2026Q1,HSIC,1000228,ok,1,2026-02-24,0001000228-26-000010,hsic-20260224.htm,exhibit991.htm,1,10-K,2026-02-24,0001000228-26-000013,hsic-20251227.htm,1,1,True,True,True,,ready,4.07
2026Q1,HST,1070750,ok,1,2026-02-18,0001070750-26-000038,hst-20260218.htm,hst-ex991.htm,1,10-K,2026-02-25,0001070750-26-000054,hst-20251231.htm,1,1,True,True,True,,ready,3.23
2026Q1,HSY,47111,ok,2,2026-02-05;2026-03-31,0001628280-26-005604;0001628280-26-022272,hsy-20260205.htm;hsy-20260331.htm,exhibit991-q42025.htm;exhibit991-pressreleasedat.htm;exhibit992-2026investorday.htm,3,10-K,2026-02-17,0001628280-26-008586,hsy-20251231.htm,2,2,True,True,True,earnings_exhibit:earnings_exhibit_too_short;earnings_exhibit:exhibit_not_earnings_like,ready,6.25
2026Q1,HTH,1265131,ok,1,2026-01-29,0001104659-26-008003,hth-20260129x8k.htm,hth-20260129xex99d1.htm,1,10-K,2026-02-13,0001104659-26-015264,hth-20251231x10k.htm,1,1,True,True,True,,ready,4.77
2026Q1,HTLD,799233,ok,1,2026-02-09,0000799233-26-000004,htld-20260203.htm,a2025q4earningsrelease.htm,1,10-K,2026-03-03,0000799233-26-000006,htld-20251231.htm,1,1,True,True,True,,ready,3.12
2026Q1,HTO,766829,ok,1,2026-02-25,0001628280-26-011683,sjw-20260225.htm,exhibit991-4q2025.htm,1,10-K,2026-02-26,0001628280-26-012438,hto-20251231.htm,1,1,True,True,True,,ready,8.94
2026Q1,HTZ,1657853,ok,1,2026-02-26,0001657853-26-000010,htz-20260226.htm,q42025earningsrelease.htm,1,10-K,2026-02-26,0001657853-26-000008,htz-20251231.htm,1,1,True,True,True,,ready,3.19
2026Q1,HUBB,48898,ok,1,2026-02-03,0001628280-26-004800,hubb-20260203.htm,exhibit991_02032026.htm,1,10-K,2026-02-12,0001628280-26-007500,hubb-20251231.htm,1,1,True,True,True,,ready,3.08
2026Q1,HUBS,1404655,ok,1,2026-02-11,0001193125-26-046563,hubs-20260211.htm,hubs-ex99_1.htm,1,10-K,2026-02-11,0001193125-26-046646,hubs-20251231.htm,1,1,True,True,True,,ready,2.84
2026Q1,HURC,315374,ok,2,2026-01-09;2026-03-06,0001104659-26-002361;0001104659-26-024429,hurc-20260109x8k.htm;hurc-20260306x8k.htm,hurc-20260109xex99d1.htm;hurc-20260306xex99d1.htm,2,10-Q,2026-03-06,0001104659-26-024614,hurc-20260131x10q.htm,2,2,True,True,True,,ready,3.88
2026Q1,HVT,216085,ok,1,2026-02-24,0001628280-26-010875,hvt-20260224.htm,ex991-hvtq42025earningsrel.htm,1,10-K,2026-02-26,0001628280-26-012199,hvt-20251231.htm,1,1,True,True,True,,ready,3.29
2026Q1,HWKN,46250,ok,1,2026-01-28,0000046250-26-000004,hwkn-20260128.htm,hwknex9912026-q3.htm,1,10-Q,2026-01-28,0000046250-26-000005,hwkn-20251228.htm,1,1,True,True,True,,ready,2.78
2026Q1,HWM,4281,ok,1,2026-02-12,0001104659-26-013832,tm266060d1_8k.htm,tm266060d1_ex99-1.htm,1,10-K,2026-02-12,0000004281-26-000012,hwm-20251231.htm,1,1,True,True,True,,ready,9.41
2026Q1,HY,1173514,ok,3,2026-03-03;2026-03-03;2026-03-04,0001173514-26-000053;0001173514-26-000052;0001173514-26-000067,hy-20260303.htm;hy-20260303.htm;hy-20260304.htm,hydataschedule123125ex99.htm;hyq42025earningsreleaseex99.htm;q42025investorpresentati.htm,3,10-K,2026-03-03,0001173514-26-000049,hy-20251231.htm,3,3,True,True,True,,ready,6.35
2026Q1,HZO,1057060,ok,1,2026-01-29,0001193125-26-028226,hzo-20260129.htm,hzo-ex99_1.htm,1,10-Q,2026-01-29,0001193125-26-029291,hzo-20251231.htm,1,1,True,True,True,,ready,3.23
2026Q1,IAC,1800227,ok,1,2026-02-03,0001628280-26-004988,iaci-20260203.htm,ex_991q42025iac-pressrelea.htm;iacq42025earningscallpre.htm,2,10-K,2026-02-20,0001628280-26-009997,iaci-20251231.htm,1,2,True,True,True,,ready,3.77
2026Q1,IART,917520,ok,1,2026-02-26,0000917520-26-000008,iart-20260226.htm,ex991q42025earnings.htm,1,10-K,2026-02-26,0000917520-26-000011,iart-20251231.htm,1,1,True,True,True,,ready,14.13
2026Q1,IBP,1580905,ok,1,2026-02-26,0001628280-26-011994,ibp-20260226.htm,ibp-q42025earningsrelease.htm,1,10-K,2026-02-26,0001580905-26-000004,ibp-20251231.htm,1,1,True,True,True,,ready,2.12
2026Q1,ICE,1571949,ok,1,2026-02-05,0001104659-26-010646,tm264989d1_8k.htm,tm264989d1_ex99-1.htm,1,10-K,2026-02-05,0001571949-26-000004,ice-20251231.htm,1,1,True,True,True,,ready,2.92
2026Q1,ICFI,1362004,ok,3,2026-01-15;2026-02-26;2026-03-26,0001437749-26-001353;0001193125-26-076573;0001437749-26-009949,icfi20260115_8k.htm;icfi-20260226.htm;icfi20260326_8k.htm,ex_908092.htm;icfi-ex99_1.htm;ex_937697.htm,3,10-K,2026-02-27,0001193125-26-082536,icfi-20251231.htm,3,3,True,True,True,,ready,14.31
2026Q1,ICHR,1652535,ok,2,2026-01-13;2026-02-09,0001652535-26-000004;0001652535-26-000008,ichr-20260113.htm;ichr-20260209.htm,ex-991_25q4xearningsprerel.htm;ex-991_25q4xearnings.htm,2,10-K,2026-02-20,0001652535-26-000012,ichr-20251226.htm,2,2,True,True,True,,ready,2.99
2026Q1,ICUI,883984,ok,1,2026-02-19,0000883984-26-000007,icui-20260219.htm,exhibit991q42025er.htm,1,10-K,2026-02-19,0000883984-26-000008,icui-20251231.htm,1,1,True,True,True,,ready,9.97
2026Q1,IDCC,1405495,ok,1,2026-02-05,0001405495-26-000010,idcc-20260205.htm,ex9912025q4pressrelease.htm,1,10-K,2026-02-05,0001405495-26-000011,idcc-20251231.htm,1,1,True,True,True,,ready,2.06
2026Q1,IDXX,874716,ok,1,2026-02-02,0001104659-26-008904,tm264623d1_8k.htm,tm264623d1_ex99-1.htm,1,10-K,2026-02-20,0000874716-26-000038,idxx-20251231.htm,1,1,True,True,True,,ready,2.40
2026Q1,IEP,813762,ok,1,2026-02-25,0001104659-26-019412,tm267264d1_8k.htm,tm267264d1_ex99-1.htm,1,10-K,2026-02-26,0001104659-26-019821,tmb-20251231x10k.htm,1,1,True,True,True,,ready,2.94
2026Q1,IESC,1048268,ok,1,2026-01-30,0001048268-26-000038,iesc-20260130.htm,q12026pressrelease-dec.htm,1,10-Q,2026-01-30,0001048268-26-000037,iesc-20251231.htm,1,1,True,True,True,,ready,2.41
2026Q1,IEX,832101,ok,1,2026-02-04,0001628280-26-005268,iex-20260204.htm,iex-20251231xex991.htm,1,10-K,2026-02-19,0000832101-26-000003,iex-20251231.htm,1,1,True,True,True,,ready,3.01
2026Q1,IFF,51253,ok,1,2026-02-11,0000051253-26-000003,iff-20260211.htm,q42025991pressreleaseofiff.htm,1,10-K,2026-02-27,0000051253-26-000006,iff-20251231.htm,1,1,True,True,True,,ready,3.30
2026Q1,IIIV,1728688,ok,1,2026-02-05,0001728688-26-000017,iiiv-20260205.htm,i3verticalsq1fy2026earning.htm;supplementalpresentation.htm,2,10-Q,2026-02-06,0001728688-26-000020,iiiv-20251231.htm,1,2,True,True,True,,ready,9.33
2026Q1,ILMN,1110803,ok,2,2026-01-13;2026-02-05,0001110803-26-000009;0001110803-26-000018,ilmn-20260113.htm;ilmn-20260205.htm,ex991pressrelease1132026.htm;q4fy25earningsrelease.htm,2,10-K,2026-02-12,0001110803-26-000024,ilmn-20251228.htm,2,2,True,True,True,,ready,3.64
2026Q1,INSW,1679049,ok,1,2026-02-26,0001104659-26-020057,tm267346d1_8k.htm,tm267346d1_ex99-1.htm,1,10-K,2026-02-26,0001104659-26-020113,insw-20251231x10k.htm,1,1,True,True,True,,ready,2.84
2026Q1,INTA,1565687,ok,1,2026-02-03,0001565687-26-000012,inta-20260203.htm,inta-20251231xex991.htm,1,10-Q,2026-02-03,0001565687-26-000014,inta-20251231.htm,1,1,True,True,True,,ready,2.15
2026Q1,IONS,874015,ok,2,2026-01-12;2026-02-25,0001140361-26-000893;0001140361-26-006718,ef20062670_8k.htm;ef20066495_8k.htm,ef20062670_ex99-1.htm;ef20066495_ex99-1.htm,2,10-K,2026-02-26,0000874015-26-000115,form10k.htm,2,2,True,True,True,,ready,3.84
2026Q1,IOSP,1054905,ok,1,2026-02-18,0001193125-26-055921,d88769d8k.htm,d88769dex991.htm,1,10-K,2026-02-18,0001193125-26-056502,iosp-20251231.htm,1,1,True,True,True,,ready,2.98
2026Q1,IP,51434,ok,1,2026-01-29,0000051434-26-000016,ip-20260129.htm,nextgenip-20251231ex991.htm,1,10-K,2026-02-27,0000051434-26-000055,ip-20251231.htm,1,1,True,True,True,,ready,2.95
2026Q1,IPAR,822663,ok,2,2026-01-21;2026-02-24,0001753926-26-000158;0001753926-26-000347,ipar-20260121.htm;ipar-20260224.htm,ex991_1.htm;ex991_1.htm,2,10-K,2026-03-10,0001753926-26-000464,ipar-20251231.htm,2,2,True,True,True,,ready,4.02
2026Q1,IPGP,1111928,ok,1,2026-02-12,0001111928-26-000015,ipgp-20260212.htm,ipgp12312025exhibit991.htm,1,10-K,2026-02-23,0001111928-26-000040,ipgp-20251231.htm,1,1,True,True,True,,ready,2.33
2026Q1,IQV,1478242,ok,1,2026-02-05,0001628280-26-005605,iqv-20260205.htm,iqv-q4x2025earningspressre.htm,1,10-K,2026-02-17,0001628280-26-008322,iqv-20251231.htm,1,1,True,True,True,,ready,2.38
2026Q1,IR,1699150,ok,1,2026-02-12,0001628280-26-007710,iri-20260212.htm,ir2025q4ex991.htm,1,10-K,2026-02-17,0001628280-26-008617,iri-20251231.htm,1,1,True,True,True,,ready,3.05
2026Q1,IRDM,1418819,ok,1,2026-02-12,0001418819-26-000008,irdm-20260212.htm,pressreleaseq42025.htm,1,10-K,2026-02-12,0001418819-26-000009,irdm-20251231.htm,1,1,True,True,True,,ready,2.03
2026Q1,IRM,1020569,ok,1,2026-02-12,0001020569-26-000009,irm-20260212.htm,ironmountainq42025earnin.htm;q42025earningspressrelea.htm,2,10-K,2026-02-12,0001020569-26-000013,irm-20251231.htm,1,2,True,True,True,,ready,2.61
2026Q1,IRT,1466085,ok,1,2026-02-11,0001437749-26-003792,irt20251204c_8k.htm,ex_895775.htm;ex_895776.htm;ex_919174.htm,3,10-K,2026-02-17,0001437749-26-004376,irt20251231_10k.htm,1,3,True,True,True,,ready,4.23
2026Q1,IRTC,1388658,ok,1,2026-02-19,0001388658-26-000009,irtc-20260219.htm,irtcq42025ex991pressrelease.htm,1,10-K,2026-02-19,0001388658-26-000011,irtc-20251231.htm,1,1,True,True,True,,ready,2.03
2026Q1,IRWD,1446847,ok,2,2026-01-02;2026-02-25,0001104659-26-000057;0001104659-26-019405,tm2534554d1_8k.htm;tm267094d1_8k.htm,tm2534554d1_ex99-1.htm;tm267094d1_ex99-1.htm,2,10-K,2026-02-26,0001104659-26-020489,irwd-20251231x10k.htm,2,2,True,True,True,,ready,3.29
2026Q1,ISRG,1035267,ok,2,2026-01-14;2026-01-22,0001035267-26-000003;0001035267-26-000006,isrg-20260114.htm;isrg-20260122.htm,q425ex-991q4prexreleaseq4o.htm;q425ex-992q4prereleaseq4on.htm;q425ex-991earningsrelease.htm,3,10-K,2026-02-03,0001035267-26-000010,isrg-20251231.htm,2,3,True,True,True,,ready,3.89
2026Q1,IT,749251,ok,1,2026-02-03,0000749251-26-000028,it-20260129.htm,it-12312025xex991.htm,1,10-K,2026-02-12,0000749251-26-000112,it-20251231.htm,1,1,True,True,True,,ready,2.80
2026Q1,ITW,49826,ok,1,2026-02-03,0000049826-26-000003,itw-20260203.htm,a20251231-4q25ex991pressre.htm,1,10-K,2026-02-13,0000049826-26-000008,itw-20251231.htm,1,1,True,True,True,,ready,2.09
2026Q1,IVZ,914208,ok,1,2026-01-27,0000914208-26-000017,ivz-20260127.htm,ivzpressrelease4q2025.htm,1,10-K,2026-02-24,0000914208-26-000079,ivz-20251231.htm,1,1,True,True,True,,ready,3.49
2026Q1,J,52988,ok,1,2026-02-03,0001628280-26-005001,j-20260203.htm,jfy2026q1earningsrelease.htm,1,10-Q,2026-02-03,0001628280-26-005006,jec-20251226.htm,1,1,True,True,True,,ready,3.09
2026Q1,JACK,807882,ok,1,2026-02-18,0000807882-26-000039,jack-20260218.htm,ex991-q126earningsrelease.htm,1,10-Q,2026-02-18,0000807882-26-000042,jack-20260118.htm,1,1,True,True,True,,ready,2.43
2026Q1,JAZZ,1232524,ok,2,2026-01-12;2026-02-24,0001193125-26-009899;0001232524-26-000012,d61589d8k.htm;jazz-20260224.htm,d61589dex991.htm;a4q25financialpr.htm,2,10-K,2026-02-24,0001232524-26-000013,jazz-20251231.htm,2,2,True,True,True,,ready,3.28
2026Q1,JBGS,1689796,ok,1,2026-02-17,0001104659-26-016432,jbgs-20260217x8k.htm,jbgs-20260217xex99d1.htm,1,10-K,2026-02-17,0001104659-26-016450,jbgs-20251231x10k.htm,1,1,True,True,True,,ready,3.11
2026Q1,JBI,1839839,ok,1,2026-03-04,0001839839-26-000005,jbi-20260304.htm,earningspresentationq420.htm;janusearningsrelease2025q4.htm,2,10-K,2026-03-04,0001839839-26-000006,jbi-20260103.htm,1,2,True,True,True,,ready,3.66
2026Q1,JBLU,1158463,ok,1,2026-01-27,0001158463-26-000004,jblu-20260127.htm,a4q25earningspresentatio.htm;ex991-earningsreleaseq42025.htm;ex992-investorupdateq42025.htm,3,10-K,2026-02-12,0001158463-26-000007,jblu-20251231.htm,1,3,True,True,True,,ready,3.16
2026Q1,JBSS,880117,ok,1,2026-01-29,0001193125-26-029383,jbss-20260129.htm,jbss-ex99_1.htm,1,10-Q,2026-01-29,0001193125-26-029438,jbss-20251225.htm,1,1,True,True,True,,ready,2.25
2026Q1,JBTM,1433660,ok,1,2026-02-23,0001433660-26-000017,jbt-20260223.htm,a2025q4earningsexhibit9918k.htm,1,10-K,2026-03-02,0001433660-26-000053,jbt-20251231.htm,1,1,True,True,True,,ready,2.21
2026Q1,JELD,1674335,ok,1,2026-02-17,0001674335-26-000034,jeld-20260217.htm,q42025jeld-wenex991.htm,1,10-K,2026-02-23,0001674335-26-000043,jeld-20251231.htm,1,1,True,True,True,,ready,2.39
2026Q1,JILL,1687932,ok,1,2026-03-31,0001193125-26-133222,jill-20260331.htm,jill-ex99_1.htm,1,10-K,2026-03-31,0001193125-26-134566,jill-20260131.htm,1,1,True,True,True,,ready,2.12
2026Q1,JKHY,779152,ok,2,2026-01-27;2026-02-03,0000779152-26-000004;0000779152-26-000007,jkhy-20260127.htm;jkhy-20260203.htm,jkhy-prdatedjanuary272026x.htm;jkhy-20251231xex99pressrel.htm,2,10-Q,2026-02-06,0000779152-26-000009,jkhy-20251231.htm,2,2,True,True,True,,ready,2.96
2026Q1,JRVR,1620459,ok,1,2026-03-02,0001620459-26-000007,jrvr-20260302.htm,a4q25jrvrpressrelease.htm,1,10-K,2026-03-03,0001620459-26-000009,jrvr-20251231.htm,1,1,True,True,True,,ready,2.75
2026Q1,KAI,886346,ok,2,2026-02-18;2026-02-23,0000886346-26-000011;0000886346-26-000015,kai-20260218.htm;kai-20260223.htm,kaiform8kex991q425.htm;kaiform8kex992q425.htm;kaiform8kex9902232026.htm,3,10-K,2026-03-03,0000886346-26-000018,kai-20260103.htm,2,3,True,True,True,,ready,6.66
2026Q1,KALU,811596,ok,1,2026-02-18,0001193125-26-057221,kalu-20260218.htm,kalu-ex99_1.htm,1,10-K,2026-02-19,0001193125-26-059575,kalu-20251231.htm,1,1,True,True,True,,ready,2.61
2026Q1,KBH,795266,ok,1,2026-03-24,0000795266-26-000037,kbh-20260324.htm,exh991kbh-earningsrelease0.htm,1,10-K,2026-01-23,0000795266-26-000017,kbh-20251130.htm,1,1,True,True,True,,ready,2.88
2026Q1,KDP,1418135,ok,1,2026-02-24,0001418135-26-000011,kdp-20260224.htm,ex991-keurigdrpepperreport.htm,1,10-K,2026-02-24,0001418135-26-000016,kdp-20251231.htm,1,1,True,True,True,,ready,2.34
2026Q1,KE,1606757,ok,1,2026-02-04,0001606757-26-000006,ke-20260204.htm,exhibit9918k12312025q210q.htm,1,10-Q,2026-02-05,0001606757-26-000008,ke-20251231.htm,1,1,True,True,True,,ready,2.30
2026Q1,KELYA,55135,ok,1,2026-02-12,0000055135-26-000051,kelya-20260212.htm,a20254qearningsreleaseform.htm;q4-fy2025earningsrelease.htm,2,10-K,2026-02-12,0000055135-26-000053,kelya-20251228.htm,1,2,True,True,True,,ready,2.98
2026Q1,KEQU,55529,ok,1,2026-03-11,0000055529-26-000006,kequ-20260311.htm,prfy26q3earningsrelease.htm,1,10-Q,2026-03-13,0000055529-26-000009,kequ-20260131.htm,1,1,True,True,True,,ready,2.01
2026Q1,KEY,91576,ok,1,2026-01-20,0000091576-26-000006,key-20260115.htm,a4q25earningsrelease.htm;a4q25erex993.htm;a4q25erex994.htm,3,10-K,2026-02-23,0001628280-26-010546,key-20251231.htm,1,1,True,True,True,earnings_exhibit:exhibit_not_earnings_like,ready,4.34
2026Q1,KEYS,1601046,ok,1,2026-02-23,0001601046-26-000003,keys-20260223.htm,exhibit991-q126pressrelease.htm,1,10-Q,2026-03-05,0001601046-26-000008,keys-20260131.htm,1,1,True,True,True,,ready,1.75
2026Q1,KFRC,930420,ok,1,2026-02-02,0000930420-26-000003,kfrc-20260202.htm,exhibit991q42025.htm,1,10-K,2026-02-20,0000930420-26-000007,kfrc-20251231.htm,1,1,True,True,True,,ready,1.87
2026Q1,KFY,56679,ok,1,2026-03-09,0000056679-26-000006,kfy-20260309.htm,kfy-20260131xex991q3fy26.htm,1,10-Q,2026-03-11,0000056679-26-000009,kfy-20260131.htm,1,1,True,True,True,,ready,1.90
2026Q1,KGS,0001767042,ok,2,2026-02-25;2026-03-11,0001767042-26-000009;0001193125-26-101175,kgs-20260225.htm;d84764d8k.htm,kgsq42025earningsrelease.htm;d84764dex991.htm;d84764dex992.htm;d84764dex993.htm,4,10-K,2026-02-26,0001767042-26-000012,kgs-20251231.htm,2,3,True,True,True,earnings_exhibit:exhibit_not_earnings_like,ready,3.60
2026Q1,KIM,879101,ok,1,2026-02-12,0001193125-26-047615,kim-20260212.htm,kim-ex99_1.htm,1,10-K,2026-02-20,0001193125-26-060760,kim-20251231.htm,1,1,True,True,True,,ready,4.68
2026Q1,KKR,1404912,ok,1,2026-02-05,0001404912-26-000002,kkr-20260205.htm,q425earningsrelease_vf.htm,1,10-K,2026-02-27,0001404912-26-000007,kkr-20251231.htm,1,1,True,True,True,,ready,4.52
2026Q1,KLAC,319201,ok,1,2026-01-29,0000319201-26-000006,klac-20260129.htm,exhibit991earningsrelease1.htm,1,10-Q,2026-01-30,0000319201-26-000008,klac-20251231.htm,1,1,True,True,True,,ready,2.08
2026Q1,KLIC,56978,ok,1,2026-02-04,0000056978-26-000010,klic-20260204.htm,ex991liveq12026.htm,1,10-Q,2026-02-05,0000056978-26-000012,klic-20260103.htm,1,1,True,True,True,,ready,1.94
2026Q1,KLXE,1738827,ok,1,2026-03-11,0001738827-26-000010,klxe-20260311.htm,klxeq42025earningsreleasee.htm,1,10-K,2026-03-12,0001738827-26-000013,klxe-20251231.htm,1,1,True,True,True,,ready,2.53
2026Q1,KMI,1506307,ok,1,2026-01-21,0001506307-26-000002,kmi-20260121.htm,kmi2025q48-kex991.htm,1,10-K,2026-02-13,0001506307-26-000011,kmi-20251231.htm,1,1,True,True,True,,ready,3.16
2026Q1,KMT,55242,ok,1,2026-02-04,0001628280-26-005264,kmt-20260204.htm,kmt12312025exhibit991.htm,1,10-Q,2026-02-04,0001628280-26-005371,kmt-20251231.htm,1,1,True,True,True,,ready,1.88
2026Q1,KN,1587523,ok,1,2026-02-05,0001587523-26-000002,kn-20260205.htm,exhibit991q42025.htm;exhibit992q42025.htm,2,10-K,2026-02-09,0001587523-26-000005,kn-20251231.htm,1,2,True,True,True,,ready,2.51
2026Q1,KNF,0001955520,ok,1,2026-02-17,0001628280-26-008306,knf-20260217.htm,a2025q4ex99.htm,1,10-K,2026-02-20,0001955520-26-000003,knf-20251231.htm,1,1,True,True,True,,ready,2.03
2026Q1,KNTK,1692787,ok,1,2026-02-26,0001692787-26-000047,apa-20260225.htm,kntkex991pressreleaseq42025.htm,1,10-K,2026-02-26,0001692787-26-000048,apa-20251231.htm,1,1,True,True,True,,ready,2.41
2026Q1,KOP,1315257,ok,1,2026-02-26,0001315257-26-000010,kop-20260226.htm,a2025q48-kearningsrelease.htm,1,10-K,2026-02-26,0001315257-26-000012,kop-20251231.htm,1,1,True,True,True,,ready,2.34
2026Q1,KOS,1509991,ok,0,,,,,0,10-K,2026-03-02,0001509991-26-000017,kos-20251231.htm,0,0,True,False,True,,missing_8k_item_202;earnings_docs_not_ready,1.22
2026Q1,KRG,1286043,ok,1,2026-02-17,0001286043-26-000005,krg-20260217.htm,exhibit99_1xq42025.htm;exhibit99_2xq42025.htm,2,10-K,2026-02-17,0001286043-26-000009,krg-20251231.htm,1,2,True,True,True,,ready,3.45
2026Q1,KRO,1257640,ok,1,2026-03-09,0001257640-26-000008,kro-20260309x8k.htm,kro-20260309xex99d1.htm,1,10-K,2026-03-09,0001104659-26-025219,kro-20251231x10k.htm,1,1,True,True,True,,ready,2.28
2026Q1,KSS,885639,ok,1,2026-03-10,0001193125-26-099319,d65722d8k.htm,d65722dex991.htm;d65722dex992.htm,2,10-K,2026-03-19,0001193125-26-115982,kss-20260131.htm,1,2,True,True,True,,ready,2.25
2026Q1,KTB,1760965,ok,1,2026-03-03,0001760965-26-000010,ktb-20260303.htm,a2025q4ktberexhibit991.htm,1,10-K,2026-03-04,0001760965-26-000014,ktb-20260103.htm,1,1,True,True,True,,ready,2.07
2026Q1,KTOS,1069258,ok,1,2026-02-23,0001069258-26-000012,ktos-20260223.htm,ktos202512288kexhibit991.htm,1,10-K,2026-02-23,0001069258-26-000013,ktos-20251228.htm,1,1,True,True,True,,ready,2.16
2026Q1,KVUE,0001944048,ok,1,2026-02-17,0001944048-26-000016,kvue-20260217.htm,q425earningspressrelease.htm,1,10-K,2026-02-20,0001944048-26-000030,kvue-20251228.htm,1,1,True,True,True,,ready,2.19
2026Q1,KW,1408100,ok,1,2026-02-25,0001408100-26-000068,kw-20260225.htm,kw20251231ex991supplementa.htm,1,10-K,2026-02-27,0001408100-26-000072,kw-20251231.htm,1,1,True,True,True,,ready,3.07
2026Q1,KWR,81362,ok,1,2026-02-23,0001628280-26-010689,kwr-20260223.htm,kwr20251231ex-9922.htm,1,10-K,2026-02-23,0001628280-26-010694,kwr-20251231.htm,1,1,True,True,True,,ready,2.09
2026Q1,L,60086,ok,1,2026-02-09,0000060086-26-000005,l-20260209.htm,exhibit991-q42025.htm;exhibit992-q42025.htm,2,10-K,2026-02-10,0000060086-26-000008,l-20251231.htm,1,2,True,True,True,,ready,3.14
2026Q1,LAUR,912766,ok,1,2026-02-19,0001628280-26-009478,laur-20260219.htm,laureateq42025earningspr.htm,1,10-K,2026-02-19,0001628280-26-009479,laur-20251231.htm,1,1,True,True,True,,ready,2.05
2026Q1,LBRDA,1611983,ok,0,,,,,0,10-K,2026-02-05,0001104659-26-010397,lbrda-20251231x10k.htm,0,0,True,False,True,,missing_8k_item_202;earnings_docs_not_ready,1.40
2026Q1,LBRDK,1611983,ok,0,,,,,0,10-K,2026-02-05,0001104659-26-010397,lbrda-20251231x10k.htm,0,0,True,False,True,,missing_8k_item_202;earnings_docs_not_ready,0.85
2026Q1,LBTYA,1570585,ok,1,2026-02-18,0001570585-26-000015,lbtya-20260218.htm,ex991lgq42025pressrelease.htm;ex992liberty-globalxtoxacq.htm;ex99302-18xinfraviaxlibert.htm,3,10-K,2026-02-18,0001570585-26-000014,lbtya-20251231.htm,1,3,True,True,True,,ready,3.70
2026Q1,LBTYK,1570585,ok,1,2026-02-18,0001570585-26-000015,lbtya-20260218.htm,ex991lgq42025pressrelease.htm;ex992liberty-globalxtoxacq.htm;ex99302-18xinfraviaxlibert.htm,3,10-K,2026-02-18,0001570585-26-000014,lbtya-20251231.htm,1,3,True,True,True,,ready,3.13
2026Q1,LC,1409970,ok,1,2026-01-28,0001409970-26-000014,lc-20260128.htm,q425exhibit991er.htm,1,10-K,2026-02-12,0001409970-26-000018,lc-20251231.htm,1,1,True,True,True,,ready,4.20
2026Q1,LCID,1811210,ok,2,2026-01-05;2026-02-24,0001628280-26-000236;0001628280-26-011118,lcid-20260105.htm;lcid-20260220.htm,fy25ex991-productionanddel.htm;q4fy25ex51resaleprosuppopi.htm;q4fy25ex991earnings.htm;q4fy25ex992resaleprosuppsm.htm,4,10-K,2026-02-24,0001628280-26-011053,lcid-20251231.htm,2,2,True,True,True,earnings_exhibit:exhibit_not_earnings_like,ready,3.92
2026Q1,LCII,763744,ok,1,2026-02-18,0000763744-26-000007,lcii-20260218.htm,lcii-earningsrelease4q25qu.htm,1,10-K,2026-02-26,0000763744-26-000011,lcii-20251231.htm,1,1,True,True,True,,ready,2.03
2026Q1,LCUT,874396,ok,1,2026-03-12,0000874396-26-000006,lcut-20260312.htm,lcutex99103122026.htm,1,10-K,2026-03-12,0000874396-26-000008,lcut-20251231.htm,1,1,True,True,True,,ready,1.80
2026Q1,LDOS,1336920,ok,1,2026-02-17,0001336920-26-000028,ldos-20260217.htm,ldos1022026ex991.htm;ldos1022026ex992supplement.htm,2,10-K,2026-02-17,0001336920-26-000030,ldos-20260102.htm,1,2,True,True,True,,ready,2.57
2026Q1,LE,799288,ok,1,2026-03-19,0001193125-26-115102,le-20260319.htm,le-ex99_1.htm,1,10-K,2026-03-26,0001193125-26-126210,le-20260130.htm,1,1,True,True,True,,ready,2.54
2026Q1,LECO,59527,ok,1,2026-02-12,0000059527-26-000003,leco-20260212x8k.htm,leco-20260212xex99d1.htm,1,10-K,2026-02-25,0000059527-26-000006,leco-20251231x10k.htm,1,1,True,True,True,,ready,2.60
2026Q1,LEG,58492,ok,1,2026-02-11,0001193125-26-046691,d106187d8k.htm,d106187dex991.htm,1,10-K,2026-02-26,0000058492-26-000107,leg-20251231.htm,1,1,True,True,True,,ready,3.34
2026Q1,LESL,1821806,ok,1,2026-02-17,0001193125-26-054814,lesl-20260217.htm,lesl-ex99_1.htm,1,10-Q,2026-02-18,0001193125-26-056080,lesl-20260103.htm,1,1,True,True,True,,ready,1.98
2026Q1,LFCR,1005286,ok,1,2026-03-16,0001005286-26-000007,lndc-20260316.htm,ex992_lfcrpresentation.htm;lfcr-ty25q4xex991earningsr.htm,2,10-Q,2025-11-06,0001005286-25-000148,lfcr-20250930.htm,1,2,True,True,True,,ready,1.68
2026Q1,LFST,1845257,ok,1,2026-02-25,0001193125-26-067858,lfst-20260225.htm,lfst-ex99_1.htm;lfst-ex99_2.htm,2,10-K,2026-02-25,0001193125-26-071462,lfst-20251231.htm,1,2,True,True,True,,ready,2.48
2026Q1,LFUS,889331,ok,1,2026-01-28,0001628280-26-003710,lfus-20260128.htm,q42025earningsslide.htm;q42025ex991.htm,2,10-K,2026-02-19,0001628280-26-009585,lfus-20251227.htm,1,2,True,True,True,,ready,2.87
2026Q1,LGIH,1580670,ok,1,2026-02-17,0001580670-26-000007,lgih-20260217.htm,ex991earningsrelease.htm,1,10-K,2026-02-20,0001580670-26-000019,lgih-20251231.htm,1,1,True,True,True,,ready,1.97
2026Q1,LH,920148,ok,1,2026-02-17,0000920148-26-000098,lh-20260217.htm,form8-kerex991for4q25.htm,1,10-K,2026-02-24,0000920148-26-000111,lh-20251231.htm,1,1,True,True,True,,ready,2.26
2026Q1,LHX,202058,ok,1,2026-01-29,0000202058-26-000008,hrs-20260129.htm,exhibit991q4cy25earnings.htm,1,10-K,2026-02-12,0000202058-26-000015,hrs-20260102.htm,1,1,True,True,True,,ready,2.36
2026Q1,LII,1069202,ok,1,2026-01-28,0001069202-26-000005,lii-20260128.htm,lii-20251231xexx991pressre.htm,1,10-K,2026-02-17,0001069202-26-000028,lii-20251231.htm,1,1,True,True,True,,ready,2.44
2026Q1,LILA,1712184,ok,1,2026-02-18,0001712184-26-000025,lila-20260218.htm,ex991toform_llaq42025earni.htm,1,10-K,2026-02-18,0001712184-26-000023,lila-20251231.htm,1,1,True,True,True,,ready,2.98
2026Q1,LILAK,1712184,ok,1,2026-02-18,0001712184-26-000025,lila-20260218.htm,ex991toform_llaq42025earni.htm,1,10-K,2026-02-18,0001712184-26-000023,lila-20251231.htm,1,1,True,True,True,,ready,2.20
2026Q1,LIN,1707925,ok,1,2026-02-05,0001654954-26-000913,lin_8k.htm,lin_ex991.htm,1,10-K,2026-02-25,0001628280-26-011430,lin-20251231.htm,1,1,True,True,True,,ready,1.76
2026Q1,LITE,1633978,ok,1,2026-02-03,0001628280-26-005005,lite-20260203.htm,lite_ex991xq2fy26.htm,1,10-Q,2026-02-04,0001628280-26-005129,lite-20251227.htm,1,1,True,True,True,,ready,2.14
2026Q1,LIVN,1639691,ok,1,2026-02-25,0001639691-26-000006,livn-20260225.htm,a4q25earningspressrelease.htm,1,10-K,2026-02-25,0001639691-26-000010,livn-20251231.htm,1,1,True,True,True,,ready,2.26
2026Q1,LKQ,1065696,ok,1,2026-02-19,0001065696-26-000005,lkq-20260219.htm,exhibit991.htm,1,10-K,2026-02-19,0001065696-26-000012,lkq-20251231.htm,1,1,True,True,True,,ready,2.15
2026Q1,LLY,59478,ok,1,2026-02-04,0000059478-26-000008,lly-20260204.htm,q425lillysalesandearningsp.htm,1,10-K,2026-02-12,0000059478-26-000013,lly-20251231.htm,1,1,True,True,True,,ready,2.19
2026Q1,LMB,1606163,ok,1,2026-03-03,0001628280-26-013459,lmb-20260302.htm,a20251231ex991pr.htm;limbachinvestorpresentat.htm,2,10-K,2026-03-02,0001628280-26-013285,lmb-20251231.htm,1,1,True,True,True,earnings_exhibit:earnings_exhibit_too_short;earnings_exhibit:exhibit_not_earnings_like,ready,2.78
2026Q1,LNT,352541,ok,1,2026-02-20,0000352541-26-000005,lnt-20260219.htm,lnt021920268-kex991.htm,1,10-K,2026-02-20,0000352541-26-000007,lnt-20251231.htm,1,1,True,True,True,,ready,3.27
2026Q1,LNTH,1521036,ok,1,2026-02-26,0001193125-26-073439,lnth-20260226.htm,lnth-ex99_1.htm,1,10-K,2026-02-26,0001193125-26-073498,lnth-20251231.htm,1,1,True,True,True,,ready,2.56
2026Q1,LOCO,1606366,ok,1,2026-03-12,0001606366-26-000012,loco-20260312x8k.htm,loco-20260312xex99d1.htm,1,10-K,2026-03-13,0001606366-26-000017,loco-20251231x10k.htm,1,1,True,True,True,,ready,2.12
2026Q1,LOGI,1032975,ok,1,2026-01-27,0001032975-26-000006,logi-20260127.htm,exhibit991q3fy26.htm,1,10-Q,2026-01-28,0001032975-26-000011,logi-20251231.htm,1,1,True,True,True,,ready,8.28
2026Q1,LOPE,1434588,ok,1,2026-02-18,0001104659-26-017038,lope-20260218x8k.htm,lope-20260218xex99d1.htm,1,10-K,2026-02-18,0001104659-26-017047,lope-20251231x10k.htm,1,1,True,True,True,,ready,2.56
2026Q1,LOVE,1701758,ok,1,2026-03-26,0001628280-26-021185,love-20260326.htm,,0,10-Q,2025-12-11,0001628280-25-056423,love-20251102.htm,1,0,True,False,True,,missing_earnings_exhibit_doc;earnings_docs_not_ready,10.82
2026Q1,LPG,1596993,ok,2,2026-01-30;2026-02-05,0001596993-26-000004;0001596993-26-000010,lpg-20260130x8k.htm;lpg-20260205x8k.htm,lpg-20260130xex99d1.htm;lpg-20260205xex99d1.htm,2,10-Q,2026-02-05,0001596993-26-000007,lpg-20251231x10q.htm,2,2,True,True,True,,ready,2.98
2026Q1,LPLA,1397911,ok,1,2026-01-29,0001628280-26-004112,lpla-20260129.htm,a2025q4earningsrelease.htm,1,10-K,2026-02-23,0001628280-26-010705,lpla-20251231.htm,1,1,True,True,True,,ready,2.23
2026Q1,LPSN,1102993,ok,1,2026-03-12,0001102993-26-000007,lpsn-20260312.htm,ex-991xpressreleaseye2025.htm,1,10-K,2026-03-16,0001102993-26-000014,lpsn-20251231.htm,1,1,True,True,True,,ready,2.30
2026Q1,LQDT,1235468,ok,1,2026-02-05,0001193125-26-038469,lqdt-20260205.htm,lqdt-ex99_1.htm,1,10-Q,2026-02-05,0001193125-26-038892,lqdt-20251231.htm,1,1,True,True,True,,ready,1.94
2026Q1,LSTR,853816,ok,2,2026-01-21;2026-01-28,0001193125-26-018078;0001193125-26-027265,d91663d8k.htm;d85231d8k.htm,d85231dex991.htm;d85231dex992.htm,2,10-K,2026-02-24,0001193125-26-064756,d66072d10k.htm,2,2,True,True,True,,ready,3.31
2026Q1,LTH,1869198,ok,2,2026-01-22;2026-02-24,0001869198-26-000003;0001869198-26-000009,lth-20260122.htm;lth-20260224.htm,lth-20251231xex991prexrele.htm;lth-20251231xex991.htm,2,10-K,2026-02-24,0001869198-26-000010,lth-20251231.htm,2,2,True,True,True,,ready,2.75
2026Q1,LULU,1397187,ok,1,2026-03-17,0001397187-26-000019,lulu-20260317.htm,lulu-20260201xex991.htm,1,10-K,2026-03-17,0001397187-26-000020,lulu-20260201.htm,1,1,True,True,True,,ready,1.99
2026Q1,LUV,92380,ok,1,2026-01-28,0000092380-26-000002,luv-20260128.htm,,0,10-K,2026-02-05,0000092380-26-000004,luv-20251231.htm,1,0,True,False,True,,missing_earnings_exhibit_doc;earnings_docs_not_ready,1.61
2026Q1,LVS,1300514,ok,1,2026-01-28,0001300514-26-000004,lvs-20260128.htm,lvs_ex991x12312025.htm,1,10-K,2026-02-06,0001300514-26-000013,lvs-20251231.htm,1,1,True,True,True,,ready,2.52
2026Q1,LXFR,1096056,ok,0,,,,,0,10-K,2026-02-24,0001096056-26-000015,lxfr-20251231.htm,0,0,True,False,True,,missing_8k_item_202;earnings_docs_not_ready,1.09
2026Q1,LXU,60714,ok,1,2026-02-25,0001193125-26-071665,lxu-20260225.htm,lxu-ex99_1.htm,1,10-K,2026-02-26,0001193125-26-076810,lxu-20251231.htm,1,1,True,True,True,,ready,2.59
2026Q1,LYFT,1759509,ok,1,2026-02-10,0001628280-26-006817,lyft-20260210.htm,lyft-2025x12x31pressreleas.htm,1,10-K,2026-02-11,0001628280-26-006960,lyft-20251231.htm,1,1,True,True,True,,ready,2.13
2026Q1,LYV,1335258,ok,1,2026-02-19,0001335258-26-000007,lyv-20260219.htm,lyv-2025q4xex991er.htm,1,10-K,2026-02-19,0001335258-26-000009,lyv-20251231.htm,1,1,True,True,True,,ready,2.08
2026Q1,LZ,1286139,ok,1,2026-02-19,0001286139-26-000007,lz-20260219.htm,lz-q42025earningsxexx991.htm,1,10-K,2026-02-23,0001286139-26-000012,lz-20251231.htm,1,1,True,True,True,,ready,2.10
2026Q1,LZB,57131,ok,1,2026-02-17,0000057131-26-000006,lzb-20260217.htm,fy26q3pressrelease.htm,1,10-Q,2026-02-17,0000057131-26-000007,lzb-20260124.htm,1,1,True,True,True,,ready,1.90
2026Q1,MA,1141391,ok,1,2026-01-29,0001141391-26-000003,ma-20260129.htm,ma12312025-exx991xearnings.htm,1,10-K,2026-02-11,0001141391-26-000013,ma-20251231.htm,1,1,True,True,True,,ready,2.33
2026Q1,MAA,912595,ok,1,2026-02-04,0001193125-26-037610,maa-20260204.htm,maa-ex99_1.htm;maa-ex99_2.htm,2,10-K,2026-02-06,0001193125-26-041208,maa-20251231.htm,1,2,True,True,True,,ready,5.00
2026Q1,MAC,912242,ok,1,2026-02-18,0000912242-26-000009,mac-20260218.htm,a2025q4-exhibit9911.htm,1,10-K,2026-02-20,0000912242-26-000016,mac-20251231.htm,1,1,True,True,True,,ready,2.95
2026Q1,MAGN,41719,ok,1,2026-02-05,0001140361-26-003803,ef20064605_8k.htm,ef20064605_ex99-1.htm,1,10-Q,2026-02-05,0000041719-26-000014,form10q.htm,1,1,True,True,True,,ready,4.98
2026Q1,MANH,1056696,ok,1,2026-01-27,0001193125-26-024382,manh-20260127.htm,manh-ex99_1.htm,1,10-K,2026-02-04,0001193125-26-037138,manh-20251231.htm,1,1,True,True,True,,ready,2.58
2026Q1,MAR,1048286,ok,1,2026-02-10,0001048286-26-000005,mar-20260210.htm,mar-2025q4xex99earningsrel.htm,1,10-K,2026-02-10,0001048286-26-000007,mar-20251231.htm,1,1,True,True,True,,ready,2.19
2026Q1,MAS,62996,ok,1,2026-02-10,0000062996-26-000004,mas-20260210.htm,a1231258-kex99.htm,1,10-K,2026-02-10,0000062996-26-000005,mas-20251231.htm,1,1,True,True,True,,ready,2.64
2026Q1,MASI,937556,ok,1,2026-01-12,0000937556-26-000005,masi-20260112.htm,masi-20260112x8kxearnspr.htm;masi-20260112x8kxex991.htm,2,10-K,2026-02-27,0000937556-26-000017,masi-20260103.htm,1,2,True,True,True,,ready,2.95
2026Q1,MAT,63276,ok,1,2026-02-10,0001628280-26-006840,mat-20260210.htm,matq42025earningsrelease.htm,1,10-K,2026-02-23,0001628280-26-010716,mat-20251231.htm,1,1,True,True,True,,ready,2.36
2026Q1,MATV,1000623,ok,1,2026-02-18,0001000623-26-000012,matv-20260218.htm,ex991earningsrelease2025q4.htm,1,10-K,2026-02-26,0001000623-26-000016,matv-20251231.htm,1,1,True,True,True,,ready,2.38
2026Q1,MATW,63296,ok,1,2026-02-04,0000063296-26-000011,matw-20260203.htm,ex991_1q2026earningspr.htm;ex99212026earningstelec.htm,2,10-Q,2026-02-04,0000063296-26-000013,matw-20251231.htm,1,2,True,True,True,,ready,2.65
2026Q1,MATX,3453,ok,2,2026-01-15;2026-02-24,0001104659-26-003829;0001104659-26-019116,matx-20260114x8k.htm;matx-20260224x8k.htm,matx-20260114xex99d1.htm;matx-20260114xex99d2.htm;matx-20260224xex99d1.htm;matx-20260224xex99d2.htm,4,10-K,2026-02-27,0001104659-26-020944,matx-20251231x10k.htm,2,4,True,True,True,,ready,4.46
2026Q1,MAX,1818383,ok,1,2026-02-23,0001818383-26-000047,max-20260218.htm,maxq42025-earningsreleasee.htm,1,10-K,2026-02-23,0001818383-26-000049,max-20251231.htm,1,1,True,True,True,,ready,2.09
2026Q1,MBC,0001941365,ok,1,2026-02-10,0001941365-26-000003,mbc-20260210.htm,q42025earningspressrelease.htm;q42025investorpresentati.htm,2,10-K,2026-02-13,0001941365-26-000006,mbc-20251228.htm,1,2,True,True,True,,ready,2.52
2026Q1,MBLY,0001910139,ok,2,2026-01-07;2026-01-22,0001104659-26-001757;0001104659-26-005578,tm262350d1_8k.htm;tm263599d1_8k.htm,tm263599d1_ex99-1.htm,1,10-K,2026-02-12,0001104659-26-014300,mbly-20251227x10k.htm,2,1,True,True,True,,ready,2.64
2026Q1,MBUU,1590976,ok,1,2026-02-05,0001590976-26-000005,mbuu-20260205.htm,exhibit991-q22026earningre.htm,1,10-Q,2026-02-05,0001590976-26-000007,mbuu-20251231.htm,1,1,True,True,True,,ready,1.99
2026Q1,MCD,63908,ok,1,2026-02-11,0000063908-26-000032,mcd-20260211.htm,exhibit991-12312025.htm;exhibit992-12312025.htm,2,10-K,2026-02-24,0000063908-26-000035,mcd-20251231.htm,1,2,True,True,True,,ready,2.39
2026Q1,MCFT,1638290,ok,1,2026-02-05,0001193125-26-038499,mcft-20260205.htm,mcft-ex99_1.htm;mcft-ex99_2.htm;mcft-ex99_3.htm,3,10-Q,2026-02-05,0001193125-26-038844,mcft-20251228.htm,1,3,True,True,True,,ready,2.70
2026Q1,MCHP,827054,ok,2,2026-01-05;2026-02-05,0000827054-26-000002;0000827054-26-000008,mchp-20260105.htm;mchp-20260205.htm,ex991.htm;exhibit991q3fy26.htm,2,10-Q,2026-02-05,0000827054-26-000009,mchp-20251231.htm,2,2,True,True,True,,ready,3.18
2026Q1,MCO,1059556,ok,1,2026-02-18,0001628280-26-008788,mco-20260218.htm,a4q25earningsrelease.htm,1,10-K,2026-02-18,0001628280-26-009136,mco-20251231.htm,1,1,True,True,True,,ready,2.74
2026Q1,MCS,62234,ok,1,2026-02-26,0000062234-26-000005,mcs-20260226.htm,mcs-20260226xex991.htm,1,10-K,2026-02-27,0000062234-26-000011,mcs-20251231.htm,1,1,True,True,True,,ready,2.24
2026Q1,MCW,1853513,ok,1,2026-02-18,0001193125-26-056047,d113732d8k.htm,d113732dex991.htm;d113732dex992.htm,2,10-K,2026-02-27,0001193125-26-078965,mcw-20251231.htm,1,2,True,True,True,,ready,2.58
2026Q1,MCY,64996,ok,1,2026-02-17,0001193125-26-054598,d47895d8k.htm,d47895dex991.htm,1,10-K,2026-02-17,0000064996-26-000005,mcy-20251231.htm,1,1,True,True,True,,ready,2.21
2026Q1,MDB,1441816,ok,1,2026-03-02,0001628280-26-013199,mdb-20260302.htm,mdb-13126xex991xrelease.htm,1,10-K,2026-03-11,0001628280-26-016799,mdb-20260131.htm,1,1,True,True,True,,ready,18.79
2026Q1,MDLZ,1103982,ok,1,2026-02-03,0001628280-26-005016,mdlz-20260203.htm,mdlzearningsreleasecontent.htm,1,10-K,2026-02-04,0001628280-26-005345,mdlz-20251231.htm,1,1,True,True,True,,ready,2.73
2026Q1,MEC,1766368,ok,1,2026-03-03,0001104659-26-022896,tmb-20260303x8k.htm,tmb-20260303xex99.htm,1,10-K,2026-03-04,0001104659-26-023496,tmb-20251231x10k.htm,1,1,True,True,True,,ready,2.15
2026Q1,MED,910329,ok,1,2026-02-17,0001628280-26-008641,med-20260217.htm,medq42025earningsrelease.htm,1,10-K,2026-02-17,0001628280-26-008656,med-20251231.htm,1,1,True,True,True,,ready,2.19
2026Q1,MEG,1643615,ok,1,2026-02-25,0001193125-26-071772,meg-20260225.htm,meg-ex99_1.htm,1,10-K,2026-02-26,0001193125-26-076511,meg-20251231.htm,1,1,True,True,True,,ready,2.50
2026Q1,MEI,65270,ok,1,2026-03-05,0000065270-26-000005,mei-20260305.htm,mei-ex99_1.htm,1,10-Q,2026-03-05,0000065270-26-000007,mei-20260131.htm,1,1,True,True,True,,ready,2.62
2026Q1,MELI,1099590,ok,1,2026-02-24,0001099590-26-000003,meli-20260224.htm,meli-20260224xex991.htm,1,10-K,2026-02-25,0001099590-26-000006,meli-20251231.htm,1,1,True,True,True,,ready,2.10
2026Q1,MERC,1333274,ok,1,2026-02-12,0001193125-26-048856,merc-20260212.htm,merc-ex99_1.htm,1,10-K,2026-02-12,0001193125-26-048855,merc-20251231.htm,1,1,True,True,True,,ready,3.63
2026Q1,MG,1436126,ok,1,2026-03-04,0001628280-26-014662,mg-20260304.htm,a123120258kexhibit991.htm,1,10-K,2026-03-11,0001628280-26-016765,mg-20251231.htm,1,1,True,True,True,,ready,2.80
2026Q1,MGM,789570,ok,2,2026-02-04;2026-02-05,0001193125-26-037093;0000789570-26-000013,d87621d8k.htm;mgm-20260205.htm,d87621dex991.htm;mgmexhibit991q42025er.htm,2,10-K,2026-02-11,0000789570-26-000018,mgm-20251231.htm,2,2,True,True,True,,ready,4.00
2026Q1,MGNI,1595974,ok,1,2026-02-25,0001595974-26-000010,mgni-20260225.htm,a991-earningsq42025.htm,1,10-K,2026-02-25,0001595974-26-000007,mgni-20251231.htm,1,1,True,True,True,,ready,2.43
2026Q1,MGPI,835011,ok,1,2026-02-25,0000835011-26-000029,mgpi-20260225.htm,mgpiq42025ex-991.htm,1,10-K,2026-02-25,0000835011-26-000031,mgpi-20251231.htm,1,1,True,True,True,,ready,2.37
2026Q1,MGRC,752714,ok,1,2026-02-25,0001193125-26-071461,mgrc-20260225.htm,mgrc-ex99_1.htm,1,10-K,2026-02-25,0001193125-26-071463,mgrc-20251231.htm,1,1,True,True,True,,ready,3.17
2026Q1,MGY,1698990,ok,1,2026-02-05,0001698990-26-000002,mgy-20260205.htm,mgy_4q25xearningspresent.htm;ye2025pressrelease.htm,2,10-K,2026-02-12,0001698990-26-000005,mgy-20251231.htm,1,2,True,True,True,,ready,2.30
2026Q1,MHO,799292,ok,1,2026-01-28,0000799292-26-000004,mho-20260128.htm,exhibit9914thqtr2025earnin.htm,1,10-K,2026-02-13,0000799292-26-000006,mho-20251231.htm,1,1,True,True,True,,ready,2.22
2026Q1,MIDD,769520,ok,1,2026-02-26,0000769520-26-000006,midd-20260226.htm,middex991er-q42025.htm,1,10-K,2026-03-04,0000769520-26-000011,midd-20260103.htm,1,1,True,True,True,,ready,2.24
2026Q1,MIR,1809987,ok,1,2026-02-10,0001628280-26-006844,mir-20260210.htm,a2026-02x10exhibit991.htm,1,10-K,2026-02-19,0001628280-26-009869,mir-20251231.htm,1,1,True,True,True,,ready,2.24
2026Q1,MKSI,1049502,ok,2,2026-01-21;2026-02-17,0001193125-26-017468;0001193125-26-054841,d61981d8k.htm;mksi-20260217.htm,d61981dex991.htm;mksi-ex99_1.htm,2,10-K,2026-02-24,0001193125-26-066820,mksi-20251231.htm,2,2,True,True,True,,ready,3.54
2026Q1,MKTX,1278021,ok,1,2026-02-06,0001193125-26-040253,mktx-20260204.htm,mktx-ex99_1.htm,1,10-K,2026-02-24,0001193125-26-067009,mktx-20251231.htm,1,1,True,True,True,,ready,3.09
2026Q1,MLKN,66382,ok,1,2026-03-25,0000066382-26-000036,mlkn-20260325.htm,mlkn8k_02282026ex991.htm,1,10-Q,2026-03-30,0000066382-26-000050,mlkn-20260228.htm,1,1,True,True,True,,ready,2.25
2026Q1,MLM,916076,ok,1,2026-02-11,0001193125-26-045530,mlm-20260211.htm,mlm-ex99_1.htm,1,10-K,2026-02-19,0001193125-26-059193,mlm-20251231.htm,1,1,True,True,True,,ready,3.55
2026Q1,MLR,924822,ok,1,2026-03-04,0001104659-26-023483,mlr-20260304x8k.htm,mlr-20260304xex99d1.htm;mlr-20260304xex99d2.htm,2,10-K,2026-03-04,0001104659-26-023486,mlr-20251231x10k.htm,1,2,True,True,True,,ready,2.64
2026Q1,MMI,1578732,ok,1,2026-02-13,0001628280-26-007874,mmi-20260213.htm,er-q425earningsrelease.htm,1,10-K,2026-02-26,0001628280-26-012419,mmi-20251231.htm,1,1,True,True,True,,ready,2.14
2026Q1,MMS,1032220,ok,1,2026-02-05,0001032220-26-000012,mms-20260205.htm,mms-2025x12x31x8kxex991.htm,1,10-Q,2026-02-05,0001032220-26-000014,mms-20251231.htm,1,1,True,True,True,,ready,2.34
2026Q1,MMSI,856982,ok,2,2026-01-08;2026-02-24,0000856982-26-000002;0000856982-26-000007,mmsi-20260104x8k.htm;mmsi-20260224x8k.htm,mmsi-20260104xex99d1.htm;mmsi-20260224xex99d1.htm;mmsi-20260224xex99d2.htm,3,10-K,2026-02-24,0000856982-26-000008,mmsi-20251231x10k.htm,2,3,True,True,True,,ready,4.82
2026Q1,MNRO,876427,ok,1,2026-01-28,0001193125-26-025738,d38086d8k.htm,d38086dex991.htm,1,10-Q,2026-01-28,0000876427-26-000004,mnro-20251227x10q.htm,1,1,True,True,True,,ready,2.53
2026Q1,MNST,865752,ok,1,2026-02-26,0001104659-26-020525,tm267393d1_8k.htm,tm267393d1_ex99-1.htm;tm267393d1_ex99-2.htm,2,10-K,2026-02-27,0001104659-26-020831,mnst-20251231x10k.htm,1,1,True,True,True,earnings_exhibit:exhibit_not_earnings_like,ready,2.74
2026Q1,MO,764180,ok,1,2026-01-29,0000764180-26-000007,mo-20260128.htm,exhibit991erq42025.htm,1,10-K,2026-02-25,0000764180-26-000017,mo-20251231.htm,1,1,True,True,True,,ready,2.67
2026Q1,MOD,67347,ok,1,2026-02-04,0001104659-26-010338,mod-20260204x8k.htm,mod-20260204xex99d1.htm;mod-20260204xex99d2.htm,2,10-Q,2026-02-05,0001104659-26-010790,mod-20251231x10q.htm,1,2,True,True,True,,ready,2.69
2026Q1,MORN,1289419,ok,1,2026-02-12,0001289419-26-000009,morn-20260212.htm,ceoletterdraftq425final.htm;exhibit991-pressrelease_12.htm,2,10-K,2026-02-13,0001289419-26-000013,morn-20251231.htm,1,2,True,True,True,,ready,3.19
2026Q1,MOS,1285785,ok,1,2026-02-24,0001285785-26-000013,mos-20260224.htm,performancedataq42025-ex992.htm;pressreleaseq42025-ex991.htm,2,10-K,2026-02-27,0001285785-26-000017,mos-20251231.htm,1,2,True,True,True,,ready,3.77
2026Q1,MOV,72573,ok,1,2026-03-19,0000950142-26-000775,eh260753383_8k.htm,eh260753383_ex9901.htm,1,10-K,2026-03-19,0001193125-26-115298,mov-20260131.htm,1,1,True,True,True,,ready,2.68
2026Q1,MPAA,918251,ok,1,2026-02-09,0001140361-26-004300,ef20064768_8k.htm,ef20064768_ex99-1.htm,1,10-Q,2026-02-09,0001140361-26-004387,ef20060635_10q.htm,1,1,True,True,True,,ready,2.56
2026Q1,MQ,1522540,ok,1,2026-02-24,0001522540-26-000015,mq-20260224.htm,mqearningsrelease-q42025.htm,1,10-K,2026-02-24,0001522540-26-000017,mq-20251231.htm,1,1,True,True,True,,ready,2.44
2026Q1,MRCY,1049521,ok,1,2026-02-03,0001049521-26-000004,mrcy-20260203.htm,a2026q2earningsreleaseex.htm;q2fy26earningspresentati.htm,2,10-Q,2026-02-03,0001049521-26-000006,mrcy-20251226.htm,1,2,True,True,True,,ready,2.79
2026Q1,MRNA,1682852,ok,2,2026-01-12;2026-02-13,0001682852-26-000007;0001682852-26-000015,mrna-20260112.htm;mrna-20260213.htm,exhibit991-01122026.htm;exhibit9912025q4pressrelea.htm,2,10-K,2026-02-20,0001682852-26-000033,mrna-20251231.htm,2,2,True,True,True,,ready,3.87
2026Q1,MRSH,62709,ok,1,2026-01-29,0000062709-26-000014,mmc-20260129.htm,mmc4q2025ex991newsrelease.htm,1,10-K,2026-02-09,0000062709-26-000022,mrsh-20251231.htm,1,1,True,True,True,,ready,3.50
2026Q1,MRVL,1835632,ok,1,2026-03-05,0001835632-26-000006,mrvl-20260305.htm,q426_8kx1312026ex-991.htm,1,10-K,2026-03-11,0001835632-26-000011,mrvl-20260131.htm,1,1,True,True,True,,ready,1.91
2026Q1,MSCI,1408198,ok,1,2026-01-28,0001408198-26-000005,msci-20260128.htm,exhibit991earningsrelease-.htm,1,10-K,2026-02-06,0001408198-26-000011,msci-20251231.htm,1,1,True,True,True,,ready,2.40
2026Q1,MSGE,0001952073,ok,1,2026-02-03,0001628280-26-004796,msge-20260203.htm,msgeex991123125.htm,1,10-Q,2026-02-06,0001628280-26-005948,msge-20251231.htm,1,1,True,True,True,,ready,1.93
2026Q1,MSI,68505,ok,1,2026-02-11,0000068505-26-000006,msi-20260211.htm,msiq42025pressrelease.htm,1,10-K,2026-02-12,0000068505-26-000010,msi-20251231.htm,1,1,True,True,True,,ready,2.94
2026Q1,MSTR,1050446,ok,1,2026-02-05,0001050446-26-000012,mstr-20260205.htm,mstr-20251030x8kxex991.htm,1,10-K,2026-02-19,0001050446-26-000020,mstr-20251231.htm,1,1,True,True,True,,ready,2.03
2026Q1,MTB,36270,ok,1,2026-01-16,0000036270-26-000004,mbt-20260116.htm,earningspresentation_4q2.htm;ex991release4q25.htm,2,10-K,2026-02-18,0000036270-26-000010,mtb-20251231.htm,1,2,True,True,True,,ready,4.61
2026Q1,MTCH,891103,ok,1,2026-02-03,0000891103-26-000020,mtch-20260203.htm,mtch8-k20260203ex991.htm;mtch8-k20260203ex992.htm,2,10-K,2026-02-26,0000891103-26-000025,mtch-20251231.htm,1,2,True,True,True,,ready,3.91
2026Q1,MTD,1037646,ok,1,2026-02-05,0001037646-26-000008,mtd-20260205.htm,ex-991mtd8xkq42025.htm,1,10-K,2026-02-06,0001037646-26-000011,mtd-20251231.htm,1,1,True,True,True,,ready,2.89
2026Q1,MTH,833079,ok,1,2026-01-28,0000833079-26-000006,mth-20260128.htm,mth20251231ex991q4earnings.htm,1,10-K,2026-02-13,0000833079-26-000010,mth-20251231.htm,1,1,True,True,True,,ready,2.24
2026Q1,MTRN,1104657,ok,2,2026-01-23;2026-02-12,0001104657-26-000002;0001104657-26-000006,mtrn-20260123.htm;mtrn-20260212.htm,q42025pressrelease.htm,1,10-K,2026-02-12,0001104657-26-000011,mtrn-20251231.htm,2,1,True,True,True,,ready,3.47
2026Q1,MTRX,866273,ok,1,2026-02-04,0000866273-26-000012,mtrx-20260204.htm,a123125ex99earningsrelease.htm,1,10-Q,2026-02-05,0000866273-26-000016,mtrx-20251231.htm,1,1,True,True,True,,ready,2.60
2026Q1,MTSI,1493594,ok,1,2026-02-05,0001493594-26-000016,mtsi-20260205.htm,ex99_1earningsreleaseq1fy26.htm,1,10-Q,2026-02-05,0001493594-26-000019,mtsi-20260102.htm,1,1,True,True,True,,ready,2.65
2026Q1,MTUS,1598428,ok,1,2026-02-19,0001193125-26-059505,mtus-20260219.htm,mtus-ex99_1.htm,1,10-K,2026-02-20,0001193125-26-061042,mtus-20251231.htm,1,1,True,True,True,,ready,2.93
2026Q1,MTW,61986,ok,1,2026-02-09,0001193125-26-042769,mtw-20260209.htm,mtw-ex99_1.htm,1,10-K,2026-02-18,0001193125-26-057356,mtw-20251231.htm,1,1,True,True,True,,ready,3.82
2026Q1,MTX,891014,ok,0,,,,,0,10-K,2026-02-20,0000891014-26-000067,form10k.htm,0,0,True,False,True,,missing_8k_item_202;earnings_docs_not_ready,1.95
2026Q1,MUR,717423,ok,2,2026-01-06;2026-01-28,0000950103-26-000187;0001628280-26-003863,dp239642_8k.htm;mur-20260128.htm,dp239642_ex9901.htm;dp239642_ex9902.htm;mur-2025q4xex991.htm;mur-2025q4xex992.htm;mur-2025q4xex993.htm,5,10-K,2026-02-25,0001628280-26-011709,mur-20251231.htm,2,5,True,True,True,,ready,5.25
2026Q1,MWA,1350593,ok,1,2026-02-04,0001350593-26-000007,mwa-20260204.htm,exhibit991pressreleasefy26.htm,1,10-Q,2026-02-05,0001350593-26-000010,mwa-20251231.htm,1,1,True,True,True,,ready,2.50
2026Q1,MXL,1288469,ok,1,2026-01-29,0001288469-26-000009,mxl-20260129.htm,a12312025exhibit991.htm,1,10-K,2026-01-29,0001288469-26-000011,mxl-20251231.htm,1,1,True,True,True,,ready,2.73
2026Q1,MYE,69488,ok,1,2026-03-05,0001193125-26-092509,mye-20260305.htm,mye-ex99_1.htm,1,10-K,2026-03-05,0001193125-26-092521,mye-20251231.htm,1,1,True,True,True,,ready,3.38
2026Q1,MYGN,899923,ok,2,2026-01-12;2026-02-23,0000899923-26-000003;0000899923-26-000012,mygn-20260112.htm;mygn-20260223.htm,ex991mygn-xprelimq4x25resu.htm;ex991mygn-xearningsrelease.htm,2,10-K,2026-02-24,0000899923-26-000018,mygn-20251231.htm,2,2,True,True,True,,ready,3.32
2026Q1,MZTI,57515,ok,1,2026-02-03,0000057515-26-000004,mzti-20260202.htm,a2qfy26earn12-31x25.htm;pressrelease-20260203.htm,2,10-Q,2026-02-03,0000057515-26-000005,mzti-20251231.htm,1,2,True,True,True,,ready,2.63
2026Q1,NATL,0001974138,ok,1,2026-02-26,0001628280-26-012284,natl-20260226.htm,ex-991ncratleosq42025earni.htm,1,10-K,2026-02-27,0001628280-26-012576,ncr-20251231.htm,1,1,True,True,True,,ready,2.39
2026Q1,NATR,275053,ok,1,2026-03-10,0001628280-26-016535,natr-20260310.htm,natrq42025earningsrelease.htm,1,10-K,2026-03-10,0001628280-26-016540,natr-20251231.htm,1,1,True,True,True,,ready,2.15
2026Q1,NBIX,914475,ok,1,2026-02-11,0000914475-26-000006,nbix-20260211.htm,q4-2025xearningsrelease.htm,1,10-K,2026-02-11,0000914475-26-000007,nbix-20251231.htm,1,1,True,True,True,,ready,2.06
2026Q1,NBR,1163739,ok,2,2026-01-15;2026-02-11,0001104659-26-004104;0001104659-26-013392,tm263221d1_8k.htm;tm265643d1_8k.htm,tm263221d1_ex99-1.htm;tm265643d1_ex99-1.htm;tm265643d1_ex99-2.htm,3,10-K,2026-02-13,0001104659-26-014997,nbr-20251231x10k.htm,2,2,True,True,True,earnings_exhibit:exhibit_not_earnings_like,ready,22.50
2026Q1,NBTB,790359,ok,1,2026-01-26,0001140361-26-002399,ef20063876_8k.htm,ef20063876_ex99-1.htm,1,10-K,2026-02-27,0001140361-26-007179,ef20060005_10k.htm,1,1,True,True,True,,ready,4.01
2026Q1,NCNO,0001902733,ok,1,2026-03-31,0001902733-26-000019,ncno-20260330.htm,fourthquarterearningspress.htm,1,10-K,2026-03-31,0001902733-26-000022,ncno-20260131.htm,1,1,True,True,True,,ready,2.05
2026Q1,NDAQ,1120193,ok,1,2026-01-29,0001193125-26-028185,d103698d8k.htm,d103698dex991.htm;d103698dex992.htm,2,10-K,2026-02-12,0001628280-26-007703,ndaq-20251231.htm,1,1,True,True,True,earnings_exhibit:exhibit_not_earnings_like,ready,15.23
2026Q1,NDLS,1275158,ok,2,2026-01-12;2026-03-25,0001275158-26-000003;0001275158-26-000019,ndls-20260112.htm;ndls-20260325.htm,ex991ndlsq42025prerelease.htm;a2025q4ex991earningsrelease.htm,2,10-K,2026-03-26,0001275158-26-000021,ndls-20251230.htm,2,2,True,True,True,,ready,3.00
2026Q1,NDSN,72331,ok,1,2026-02-18,0000072331-26-000011,ndsn-20260218.htm,ndsn-q120268kxex991.htm,1,10-Q,2026-02-19,0000072331-26-000014,ndsn-20260131.htm,1,1,True,True,True,,ready,2.23
2026Q1,NE,0001895262,ok,1,2026-02-11,0001895262-26-000073,ne-20260211.htm,exhibit991-q42025pressrele.htm,1,10-K,2026-02-12,0001895262-26-000076,ne-20251231.htm,1,1,True,True,True,,ready,2.36
2026Q1,NEM,1164727,ok,1,2026-02-19,0001164727-26-000009,nem-20260219.htm,newmontq42025earningsand20.htm,1,10-K,2026-02-19,0001164727-26-000010,nem-20251231.htm,1,1,True,True,True,,ready,4.06
2026Q1,NEO,1077183,ok,2,2026-01-12;2026-02-17,0001628280-26-001746;0001077183-26-000004,neo-20260109.htm;neo-20260217.htm,neo_q4pre-announceandcfotr.htm;a99112312025earningsrelease.htm,2,10-K,2026-02-17,0001077183-26-000010,neo-20251231.htm,2,2,True,True,True,,ready,12.96
2026Q1,NEOG,711377,ok,1,2026-01-08,0001193125-26-006990,neog-20260108.htm,neog-ex99_1.htm,1,10-Q,2026-01-08,0001193125-26-007682,neog-20251130.htm,1,1,True,True,True,,ready,3.04
2026Q1,NET,1477333,ok,1,2026-02-10,0001477333-26-000008,cloud-20260210.htm,q425exhibit991.htm,1,10-K,2026-02-26,0001477333-26-000016,cloud-20251231.htm,1,1,True,True,True,,ready,9.54
2026Q1,NEWT,1587987,ok,4,2026-01-08;2026-01-21;2026-01-29;2026-03-13,0001628280-26-001282;0001628280-26-002929;0001628280-26-004111;0001628280-26-017574,newt-20260108.htm;newt-20260121.htm;newt-20260129.htm;newt-20260313.htm,investorday2026pr.htm;jan2026securitizationpr.htm;earningsreleaseq42025.htm;exhibit991cc.htm,4,10-K,2026-03-10,0001628280-26-016503,newt-20251231.htm,4,3,True,True,True,earnings_exhibit:exhibit_not_earnings_like,ready,5.78
2026Q1,NEWTG,1587987,ok,4,2026-01-08;2026-01-21;2026-01-29;2026-03-13,0001628280-26-001282;0001628280-26-002929;0001628280-26-004111;0001628280-26-017574,newt-20260108.htm;newt-20260121.htm;newt-20260129.htm;newt-20260313.htm,investorday2026pr.htm;jan2026securitizationpr.htm;earningsreleaseq42025.htm;exhibit991cc.htm,4,10-K,2026-03-10,0001628280-26-016503,newt-20251231.htm,4,3,True,True,True,earnings_exhibit:exhibit_not_earnings_like,ready,3.63
2026Q1,NFE,1749723,ok,0,,,,,0,10-Q,2025-11-21,0001749723-25-000149,nfe-20250930.htm,0,0,True,False,True,,missing_8k_item_202;earnings_docs_not_ready,0.36
2026Q1,NFLX,1065280,ok,1,2026-01-20,0001065280-26-000033,nflx-20260120.htm,ex991_q425.htm,1,10-K,2026-01-23,0001065280-26-000034,nflx-20251231.htm,1,1,True,True,True,,ready,2.31
2026Q1,NGVT,1653477,ok,1,2026-02-25,0001653477-26-000010,ngvt-20260225.htm,ex99112312025.htm;ex992recastedresults.htm,2,10-K,2026-02-26,0001653477-26-000014,ngvt-20251231.htm,1,1,True,True,True,earnings_exhibit:exhibit_not_earnings_like,ready,2.90
2026Q1,NI,1111711,ok,1,2026-02-11,0001111711-26-000026,nix-20260211.htm,ni-ex991_20251231.htm,1,10-K,2026-02-11,0001111711-26-000027,nix-20251231.htm,1,1,True,True,True,,ready,2.62
2026Q1,NJR,356309,ok,1,2026-02-02,0001140361-26-003240,ef20063047_8k.htm,ef20063047_ex99-1.htm;ef20063047_ex99-2.htm,2,10-Q,2026-02-03,0000356309-26-000021,njr-20251231.htm,1,2,True,True,True,,ready,2.67
2026Q1,NMIH,1547903,ok,1,2026-02-10,0001547903-26-000004,nmih-20260210.htm,exhibit991q42025earnings.htm,1,10-K,2026-02-12,0001547903-26-000011,nmih-20251231.htm,1,1,True,True,True,,ready,2.83
2026Q1,NMRK,1690680,ok,1,2026-02-25,0001628280-26-011408,nmrk-20260225.htm,nmrkex991022526-secversion.htm,1,10-K,2026-03-02,0001628280-26-013160,nmrk-20251231.htm,1,1,True,True,True,,ready,2.06
2026Q1,NNBR,918541,ok,1,2026-03-04,0000918541-26-000007,nnbr-20260304.htm,nnbrq425earningspresenta.htm;pressrelease2025-q4.htm,2,10-K,2026-03-04,0000918541-26-000006,nnbr-20251231.htm,1,2,True,True,True,,ready,2.88
2026Q1,NOC,1133421,ok,1,2026-01-27,0001133421-26-000002,noc-20260127.htm,noc-12312025xearningsrelea.htm,1,10-K,2026-01-27,0001133421-26-000003,noc-20251231.htm,1,1,True,True,True,,ready,2.39
2026Q1,NOG,1104485,ok,2,2026-02-10;2026-02-25,0001104485-26-000002;0001104485-26-000005,nog-20260210.htm;nog-20260225.htm,pre-oppressreleasexfebruar.htm;exhibit991-earningsrelease.htm,2,10-K,2026-02-26,0001104485-26-000008,nog-20251231.htm,2,2,True,True,True,,ready,3.48
2026Q1,NOVT,1076930,ok,1,2026-02-23,0001193125-26-064191,novt-20260223.htm,novt-ex99_1.htm,1,10-K,2026-02-23,0001193125-26-064230,novt-20251231.htm,1,1,True,True,True,,ready,2.82
2026Q1,NPKI,71829,ok,1,2026-02-25,0000071829-26-000004,nr-20260225.htm,a2025q48kerexhibit991.htm,1,10-K,2026-02-27,0000071829-26-000009,nr-20251231.htm,1,1,True,True,True,,ready,1.93
2026Q1,NPO,1164863,ok,1,2026-02-18,0001628280-26-008793,npo-20260218.htm,q42025npoearningsrelease.htm,1,10-K,2026-02-19,0001628280-26-009798,npo-20251231.htm,1,1,True,True,True,,ready,2.77
2026Q1,NRDS,0001625278,ok,1,2026-02-25,0001625278-26-000012,nrds-20260225.htm,earningsreleaseq4fy25.htm,1,10-K,2026-02-25,0001625278-26-000014,nrds-20251231.htm,1,1,True,True,True,,ready,2.31
2026Q1,NRG,1013871,ok,1,2026-02-24,0001013871-26-000002,nrg-20260224.htm,ex991-q42025.htm,1,10-K,2026-02-24,0001013871-26-000004,nrg-20251231.htm,1,1,True,True,True,,ready,3.72
2026Q1,NSC,702165,ok,1,2026-01-29,0001193125-26-028244,nsc-20260129.htm,nsc-ex99_1.htm;nsc-ex99_2.htm,2,10-K,2026-02-09,0001628280-26-006268,nsc-20251231.htm,1,2,True,True,True,,ready,3.17
2026Q1,NSIT,932696,ok,1,2026-02-05,0000932696-26-000003,nsit-20260205.htm,nsit-20260205xerx8kex991.htm;q42025insightearningspre.htm,2,10-K,2026-02-12,0000932696-26-000007,nsit-20251231.htm,1,2,True,True,True,,ready,3.10
2026Q1,NSP,1000753,ok,1,2026-02-10,0001000753-26-000009,nsp-20260210.htm,a12312025-ex991earningsrel.htm,1,10-K,2026-02-11,0001000753-26-000011,nsp-20251231.htm,1,1,True,True,True,,ready,2.08
2026Q1,NSSC,69633,ok,1,2026-02-02,0001104659-26-009129,nssc-20260129x8k.htm,nssc-20260129xex99d1.htm,1,10-Q,2026-02-02,0001104659-26-009130,nssc-20251231x10q.htm,1,1,True,True,True,,ready,2.05
2026Q1,NTAP,1002047,ok,1,2026-02-26,0001193125-26-076545,ntap-20260226.htm,ntap-ex99_1.htm,1,10-Q,2026-02-26,0001193125-26-076622,ntap-20260123.htm,1,1,True,True,True,,ready,2.78
2026Q1,NTCT,1078075,ok,1,2026-02-05,0001078075-26-000009,ntct-20260205.htm,q3fy26pressreleasedoc.htm,1,10-Q,2026-02-05,0001078075-26-000012,ntct-20251231.htm,1,1,True,True,True,,ready,2.03
2026Q1,NTGR,1122904,ok,1,2026-02-04,0001193125-26-037642,ntgr-20260204.htm,ntgr-ex99_1.htm,1,10-K,2026-02-13,0001193125-26-051346,ntgr-20251231.htm,1,1,True,True,True,,ready,3.00
2026Q1,NTNX,1618732,ok,1,2026-02-25,0001171843-26-001101,f8k_022526.htm,exh_991.htm;exh_992.htm,2,10-Q,2026-03-02,0001193125-26-085397,ntnx-20260131.htm,1,2,True,True,True,,ready,2.90
2026Q1,NTRA,1604821,ok,2,2026-01-12;2026-02-26,0001104659-26-002861;0001104659-26-020482,tm262952d1_8k.htm;tm266979d1_8k.htm,tm262952d1_ex99-1.htm;tm266979d1_ex99-1.htm;tm266979d1_ex99-2.htm,3,10-K,2026-02-27,0001104659-26-020881,ntra-20251231x10k.htm,2,3,True,True,True,,ready,4.22
2026Q1,NTRS,73124,ok,1,2026-01-22,0000073124-26-000005,ntrs-20260122.htm,q42025earningsreleaseex991.htm;q42025presentationmateri.htm,2,10-K,2026-02-24,0000073124-26-000016,ntrs-20251231.htm,1,2,True,True,True,,ready,4.07
2026Q1,NUE,73309,ok,1,2026-01-26,0001193125-26-022733,d20933d8k.htm,d20933dex991.htm;d20933dex992.htm,2,10-K,2026-02-25,0001193125-26-071575,nue-20251231.htm,1,2,True,True,True,,ready,2.84
2026Q1,NUS,1021561,ok,1,2026-02-12,0001140361-26-005018,ef20065530_8k.htm,ef20065530_ex99-1.htm,1,10-K,2026-02-13,0001140361-26-005130,ef20060638_10k.htm,1,1,True,True,True,,ready,2.86
2026Q1,NVCR,1645113,ok,2,2026-01-12;2026-02-26,0001645113-26-000003;0001645113-26-000018,nvcr-20260112.htm;nvcr-20260226.htm,pressreleaseprelim2025resu.htm,1,10-K,2026-02-26,0001645113-26-000017,nvcr-20251231.htm,2,1,True,True,True,,ready,2.67
2026Q1,NVDA,1045810,ok,1,2026-02-25,0001045810-26-000019,nvda-20260225.htm,q4fy26cfocommentary.htm;q4fy26pr.htm,2,10-K,2026-02-25,0001045810-26-000021,nvda-20260125.htm,1,2,True,True,True,,ready,2.53
2026Q1,NVR,906163,ok,1,2026-01-28,0000906163-26-000004,nvr-20260128.htm,q42025ex991_earningsrelease.htm,1,10-K,2026-02-11,0000906163-26-000018,nvr-20251231.htm,1,1,True,True,True,,ready,2.27
2026Q1,NVRI,45876,ok,1,2026-02-24,0000045876-26-000006,nvri-20260224.htm,pressreleasefinancialstate.htm,1,10-K,2026-02-24,0000045876-26-000010,nvri-20251231.htm,1,1,True,True,True,,ready,2.70
2026Q1,NWE,0001993004,ok,1,2026-02-12,0001993004-26-000008,nwe-20260211.htm,ex991pressreleaseq42025.htm;exh992q425earningspres.htm,2,10-K,2026-02-12,0001993004-26-000006,nweg-20251231.htm,1,2,True,True,True,,ready,2.87
2026Q1,NWL,814453,ok,1,2026-02-06,0000814453-26-000004,nwl-20260206.htm,exhibit991_q4xdecemberx2025.htm,1,10-K,2026-02-13,0000814453-26-000008,nwl-20251231.htm,1,1,True,True,True,,ready,2.71
2026Q1,NWN,1733998,ok,1,2026-02-27,0001733998-26-000006,nwn-20260227.htm,a991pressreleaseq42025.htm,1,10-K,2026-02-27,0001733998-26-000012,nwn-20251231.htm,1,1,True,True,True,,ready,2.61
2026Q1,NWS,1564708,ok,1,2026-02-05,0001564708-26-000027,nws-20260205.htm,release-q2fy2026.htm,1,10-Q,2026-02-06,0001564708-26-000029,nws-20251231.htm,1,1,True,True,True,,ready,2.50
2026Q1,NWSA,1564708,ok,1,2026-02-05,0001564708-26-000027,nws-20260205.htm,release-q2fy2026.htm,1,10-Q,2026-02-06,0001564708-26-000029,nws-20251231.htm,1,1,True,True,True,,ready,1.77
2026Q1,NXPI,1413447,ok,1,2026-02-03,0001413447-26-000003,nxpi-20260202.htm,nxp4q25exhibit991.htm,1,10-K,2026-02-19,0001413447-26-000008,nxpi-20251231.htm,1,1,True,True,True,,ready,2.23
2026Q1,NXST,1142417,ok,1,2026-02-26,0001193125-26-073384,nxst-20260226.htm,nxst-ex99_1.htm,1,10-K,2026-02-27,0001193125-26-078361,nxst-20251231.htm,1,1,True,True,True,,ready,3.54
2026Q1,NXT,0001852131,ok,1,2026-01-27,0001852131-26-000003,nxt-20260127.htm,ex991_q326.htm,1,10-Q,2026-01-30,0001852131-26-000006,nxt-20251231.htm,1,1,True,True,True,,ready,2.26
2026Q1,ODFL,878927,ok,1,2026-02-04,0001193125-26-036791,odfl-20260204.htm,odfl-ex99_1.htm,1,10-K,2026-02-24,0001193125-26-067161,odfl-20251231.htm,1,1,True,True,True,,ready,2.28
2026Q1,OEC,1609804,ok,1,2026-02-17,0001628280-26-008579,oec-20260217.htm,a2025q4earningsreleasev2.htm,1,10-K,2026-02-17,0001628280-26-008601,oec-20251231.htm,1,1,True,True,True,,ready,2.67
2026Q1,OFIX,884624,ok,1,2026-02-24,0001193125-26-065184,ofix-20260224.htm,ofix-ex99_1.htm;ofix-ex99_2.htm,2,10-K,2026-02-24,0001193125-26-065189,ofix-20251231.htm,1,2,True,True,True,,ready,3.11
2026Q1,OGS,1587732,ok,1,2026-02-18,0001587732-26-000006,ogs-20260218.htm,ogs12312025earningsrelease.htm,1,10-K,2026-02-19,0001587732-26-000009,ogs-20251231.htm,1,1,True,True,True,,ready,2.06
2026Q1,OI,812074,ok,1,2026-02-10,0001104659-26-012670,tm265815d1_8k.htm,tm265815d1_ex99-1.htm,1,10-K,2026-02-12,0001104659-26-014319,oi-20251231x10k.htm,1,1,True,True,True,,ready,2.83
2026Q1,OII,73756,ok,1,2026-02-18,0000073756-26-000011,oii-20260218.htm,exhibit_991x8kx4qx2025.htm,1,10-K,2026-02-20,0000073756-26-000016,oii-20251231.htm,1,1,True,True,True,,ready,2.11
2026Q1,OKE,1039684,ok,1,2026-02-23,0001039684-26-000004,oke-20260223.htm,okeq42025earningsrelease.htm,1,10-K,2026-02-24,0001039684-26-000006,oke-20251231.htm,1,1,True,True,True,,ready,2.56
2026Q1,OKTA,1660134,ok,1,2026-03-04,0001660134-26-000016,okta-20260304.htm,okta-1312026_ex991.htm,1,10-K,2026-03-05,0001660134-26-000020,okta-20260131.htm,1,1,True,True,True,,ready,2.20
2026Q1,OLED,1005284,ok,1,2026-02-19,0001193125-26-059359,oled-20260219.htm,oled-ex99_1.htm,1,10-K,2026-02-19,0001193125-26-059371,oled-20251231.htm,1,1,True,True,True,,ready,2.45
2026Q1,OLLI,1639300,ok,1,2026-03-12,0001140361-26-009133,ef20067696_8k.htm,ef20067696_ex99-1.htm,1,10-K,2026-03-19,0001140361-26-010409,ef20060524_10k.htm,1,1,True,True,True,,ready,2.23
2026Q1,OMC,29989,ok,1,2026-02-18,0000029989-26-000002,omc-20260218.htm,a2025q48-kexhibit993.htm;a2025q4earningsrelease.htm;a2025q4investorpresentat.htm,3,10-K,2026-02-20,0000029989-26-000006,omc-20251231.htm,1,3,True,True,True,,ready,3.23
2026Q1,OMCL,926326,ok,1,2026-02-05,0000926326-26-000003,omcl-20260205.htm,exhibit991q4-25.htm,1,10-K,2026-02-26,0000926326-26-000006,omcl-20251231.htm,1,1,True,True,True,,ready,3.41
2026Q1,ON,1097864,ok,1,2026-02-09,0001140361-26-004405,ef20065070_8k.htm,ef20065070_ex99-1.htm,1,10-K,2026-02-09,0001097864-26-000006,on-20251231.htm,1,1,True,True,True,,ready,2.49
2026Q1,ONB,707179,ok,1,2026-01-21,0001628280-26-002789,onb-20260121.htm,onb_exhibit991er4q25.htm,1,10-K,2026-02-19,0000707179-26-000010,onb-20251231.htm,1,1,True,True,True,,ready,3.18
2026Q1,ONC,1651308,ok,1,2026-02-26,0001628280-26-011941,bgne-20260226.htm,exhibit991-q42025earningsr.htm,1,10-K,2026-02-26,0001628280-26-011946,bgne-20251231.htm,1,1,True,True,True,,ready,2.40
2026Q1,ONEW,1772921,ok,1,2026-01-29,0001772921-26-000015,onew-20260129.htm,onew-q126earningsreleasexe.htm,1,10-Q,2026-02-09,0001772921-26-000022,onew-20251231.htm,1,1,True,True,True,,ready,1.98
2026Q1,ONTO,704532,ok,1,2026-02-19,0001193125-26-059380,onto-20260219.htm,onto-ex99_1.htm,1,10-K,2026-02-24,0001193125-26-066937,onto-20260103.htm,1,1,True,True,True,,ready,2.83
2026Q1,OPCH,1014739,ok,2,2026-01-12;2026-02-24,0001104659-26-002887;0001014739-26-000005,tm262606d1_8k.htm;bios-20260224.htm,tm262606d1_ex99-1.htm;tm262606d1_ex99-2.htm;exhibit991-12312025.htm,3,10-K,2026-02-24,0001014739-26-000008,bios-20251231.htm,2,3,True,True,True,,ready,3.50
2026Q1,OPLN,1395942,ok,1,2026-02-18,0001395942-26-000005,kar-20260218.htm,exhibit991-q42025earningsr.htm;exhibit992-q42025ersupplem.htm;q42025openlaneearningssl.htm,3,10-K,2026-02-18,0001395942-26-000006,opln-20251231.htm,1,3,True,True,True,,ready,3.19
2026Q1,OPTU,1702780,ok,1,2026-02-12,0001702780-26-000007,optu-20260212.htm,a2025q4exhibit991.htm,1,10-K,2026-02-13,0001702780-26-000013,optu-20251231.htm,1,1,True,True,True,,ready,2.89
2026Q1,ORGO,1661181,ok,1,2026-02-26,0001193125-26-076595,orgo-20260226.htm,orgo-ex99_1.htm,1,10-K,2026-02-26,0001193125-26-076730,orgo-20251231.htm,1,1,True,True,True,,ready,3.50
2026Q1,ORLY,898173,ok,1,2026-02-04,0000898173-26-000006,orly-20260204x8k.htm,orly-20260204xex99d1.htm,1,10-K,2026-02-27,0000898173-26-000009,orly-20251231x10k.htm,1,1,True,True,True,,ready,2.37
2026Q1,ORN,1402829,ok,1,2026-03-04,0001402829-26-000006,orn-20260303x8k.htm,orn-20260303xex99d1.htm,1,10-K,2026-03-04,0001402829-26-000011,orn-20251231x10k.htm,1,1,True,True,True,,ready,2.82
2026Q1,OSCR,1568651,ok,1,2026-02-10,0001568651-26-000008,oscr-20260206.htm,oscar-revolvingcreditagr.htm;oscarhealthfourthquarteran.htm,2,10-K,2026-02-13,0001568651-26-000011,oscr-20251231.htm,1,2,True,True,True,,ready,2.97
2026Q1,OSIS,1039065,ok,1,2026-01-29,0001104659-26-007970,tm264404d1_8k.htm,tm264404d1_ex99-1.htm,1,10-Q,2026-01-29,0001104659-26-008109,osis-20251231x10q.htm,1,1,True,True,True,,ready,3.08
2026Q1,OSUR,1116463,ok,1,2026-02-25,0001116463-26-000009,osur-20260225.htm,exhibit992_q4-25investor.htm;osur-pressreleaseq42025.htm,2,10-K,2026-03-09,0001116463-26-000016,osur-20251231.htm,1,2,True,True,True,,ready,2.62
2026Q1,OSW,1758488,ok,1,2026-02-18,0001193125-26-056024,osw-20260218.htm,osw-ex99_1.htm,1,10-K,2026-02-23,0001193125-26-062456,osw-20251231.htm,1,1,True,True,True,,ready,2.33
2026Q1,OTEX,1002638,ok,1,2026-02-05,0001002638-26-000020,otex-20260205.htm,q2-26pressreleaseexhibit991.htm,1,10-Q,2026-02-05,0001002638-26-000021,otex-20251231.htm,1,1,True,True,True,,ready,2.43
2026Q1,OTIS,1781335,ok,1,2026-01-28,0001781335-26-000004,otis-20260128.htm,a2025-12x318xkerexhibit99.htm,1,10-K,2026-02-05,0001781335-26-000011,otis-20251231.htm,1,1,True,True,True,,ready,2.20
2026Q1,OTTR,1466593,ok,1,2026-02-17,0001466593-26-000002,ottr-20260216.htm,q42025earningsreleaseex991.htm,1,10-K,2026-02-18,0001466593-26-000008,ottr-20251231.htm,1,1,True,True,True,,ready,2.33
2026Q1,OUT,1579877,ok,1,2026-02-25,0001579877-26-000004,out-20260225.htm,ex991123125earningsrelease.htm;ex992dividendprq425.htm,2,10-K,2026-02-26,0001579877-26-000008,out-20251231.htm,1,1,True,True,True,earnings_exhibit:earnings_exhibit_too_short;earnings_exhibit:exhibit_not_earnings_like,ready,2.43
2026Q1,OXY,797468,ok,2,2026-01-20;2026-02-18,0001628280-26-002483;0001628280-26-009054,oxy-20260120.htm;oxy-20260218.htm,oxyex991123125preearningsr.htm;oxyex99112-31x25earningsre.htm,2,10-K,2026-02-18,0001628280-26-009059,oxy-20251231.htm,2,2,True,True,True,,ready,4.12
2026Q1,PACS,0002001184,ok,1,2026-02-26,0002001184-26-000002,pacs-20260226.htm,pacsgroupincearningsreleas.htm,1,10-K,2026-02-27,0002001184-26-000005,pacs-20251231.htm,1,1,True,True,True,,ready,1.95
2026Q1,PAHC,1069899,ok,1,2026-02-04,0001104659-26-010345,pahc-20260204x8k.htm,pahc-20260204xex99d1.htm,1,10-Q,2026-02-04,0001104659-26-010317,pahc-20251231x10q.htm,1,1,True,True,True,,ready,2.25
2026Q1,PANL,1606909,ok,1,2026-03-11,0001628280-26-016596,panl-20260310.htm,a12312025earningspresent.htm;q42025earningspressrelease.htm,2,10-K,2026-03-16,0001606909-26-000010,panl-20251231.htm,1,2,True,True,True,,ready,2.54
2026Q1,PANW,1327567,ok,1,2026-02-17,0001327567-26-000003,panw-20260217.htm,ex991q226earningsrelease.htm,1,10-Q,2026-02-18,0001327567-26-000005,panw-20260131.htm,1,1,True,True,True,,ready,2.14
2026Q1,PAR,708821,ok,1,2026-02-26,0000708821-26-000024,par-20260226.htm,aex991earningsreleasexq420.htm;earningspresentation-q42.htm,2,10-K,2026-02-26,0000708821-26-000027,par-20251231.htm,1,2,True,True,True,,ready,2.55
2026Q1,PARR,821483,ok,1,2026-02-24,0001628280-26-011234,parr-20260224.htm,a20251231991earningsreleas.htm,1,10-K,2026-02-25,0000821483-26-000005,parr-20251231.htm,1,1,True,True,True,,ready,2.65
2026Q1,PATK,76605,ok,1,2026-02-05,0000076605-26-000007,patk-20260205.htm,patk2025-q4991.htm,1,10-K,2026-02-19,0000076605-26-000013,patk-20251231.htm,1,1,True,True,True,,ready,1.89
2026Q1,PAYC,1590955,ok,1,2026-02-11,0001193125-26-046562,payc-20260211.htm,payc-ex99_1.htm,1,10-K,2026-02-19,0001193125-26-059372,payc-20251231.htm,1,1,True,True,True,,ready,2.33
2026Q1,PAYO,1845815,ok,1,2026-02-26,0001104659-26-020081,payo-20260226x8k.htm,payo-20260226xex99d1.htm,1,10-K,2026-02-26,0001104659-26-020487,payo-20251231x10k.htm,1,1,True,True,True,,ready,2.72
2026Q1,PBF,1534504,ok,1,2026-02-12,0001534504-26-000008,pbf-20260212.htm,a991pressrelease123125.htm,1,10-K,2026-02-12,0001534504-26-000010,pbf-20251231.htm,1,1,True,True,True,,ready,2.77
2026Q1,PBH,1295947,ok,1,2026-02-05,0001295947-26-000006,pbh-20260205.htm,exhibit991fy26-q3earningsr.htm;pbh_fy26xq3exhibit992.htm,2,10-Q,2026-02-05,0001295947-26-000008,pbh-20251231.htm,1,2,True,True,True,,ready,2.34
2026Q1,PBI,78814,ok,1,2026-02-17,0001628280-26-008604,pbi-20260217.htm,a2025pbannualletter.htm;q42025earningspressrelea.htm,2,10-K,2026-02-19,0001628280-26-009650,pbi-20251231.htm,1,2,True,True,True,,ready,2.81
2026Q1,PCAR,75362,ok,1,2026-01-27,0001193125-26-023374,pcar-20260127.htm,pcar-ex99_1.htm,1,10-K,2026-02-18,0001193125-26-057025,pcar-20251231.htm,1,1,True,True,True,,ready,3.65
2026Q1,PCG,1004980,ok,1,2026-02-12,0001004980-26-000008,pcg-20260212.htm,pge-q42025pressrelease.htm;q425earningspresentation.htm,2,10-K,2026-02-12,0001004980-26-000009,pcg-20251231.htm,1,2,True,True,True,,ready,3.68
2026Q1,PCTY,1591698,ok,1,2026-02-05,0001591698-26-000005,pcty-20260205.htm,pcty-20260205xex991.htm,1,10-Q,2026-02-06,0001591698-26-000007,pcty-20251231.htm,1,1,True,True,True,,ready,2.31
2026Q1,PD,1568100,ok,1,2026-03-12,0001568100-26-000011,pd-20260312.htm,ex991-pagerdutyq4fy26earni.htm,1,10-K,2026-03-12,0001568100-26-000012,pd-20260131.htm,1,1,True,True,True,,ready,2.09
2026Q1,PDM,1042776,ok,1,2026-02-11,0001042776-26-000009,pdm-20260211.htm,pdm123125ex991q42025ersupp.htm,1,10-K,2026-02-17,0001042776-26-000012,pdm-20251231.htm,1,1,True,True,True,,ready,9.50
2026Q1,PEB,1474098,ok,1,2026-02-25,0001474098-26-000016,peb-20260225.htm,a8kq4-2025erex991.htm,1,10-K,2026-02-25,0001474098-26-000015,peb-20251231.htm,1,1,True,True,True,,ready,2.84
2026Q1,PECO,1476204,ok,1,2026-02-05,0001476204-26-000003,cik0001476204-20260205.htm,pecopressreleaseex991q42025.htm,1,10-K,2026-02-10,0001476204-26-000005,cik0001476204-20251231.htm,1,1,True,True,True,,ready,2.40
2026Q1,PEG,788784,ok,1,2026-02-26,0001193125-26-073678,d57788d8k.htm,d57788dex99.htm;d57788dex991.htm,2,10-K,2026-02-26,0001193125-26-077446,peg-20251231.htm,1,2,True,True,True,,ready,5.21
2026Q1,PEGA,1013857,ok,1,2026-02-10,0001013857-26-000015,pega-20260210.htm,q42025_ex-991.htm,1,10-K,2026-02-10,0001013857-26-000017,pega-20251231.htm,1,1,True,True,True,,ready,2.86
2026Q1,PENG,1616533,ok,1,2026-01-06,0001616533-26-000008,peng-20260106.htm,pengq1-26form8xkxex991.htm,1,10-Q,2026-01-06,0001616533-26-000010,sgh-20251128.htm,1,1,True,True,True,,ready,1.57
2026Q1,PENN,921738,ok,1,2026-02-26,0000921738-26-000006,penn-20260226.htm,pennex991-q42025.htm,1,10-K,2026-02-26,0000921738-26-000008,penn-20251231.htm,1,1,True,True,True,,ready,2.45
2026Q1,PFG,1126328,ok,1,2026-02-09,0001104659-26-012083,tm265638d1_8k.htm,tm265638d1_ex99.htm,1,10-K,2026-02-18,0001104659-26-017031,pfg-20251231x10k.htm,1,1,True,True,True,,ready,5.63
2026Q1,PGNY,1551306,ok,2,2026-01-12;2026-02-26,0001551306-26-000009;0001551306-26-000012,pgny-20260112.htm;pgny-20260226.htm,a1122026-jpmorganpressrele.htm;exhibit991-annualfy25.htm;q4earningssupplimentalsl.htm,3,10-K,2026-02-27,0001551306-26-000020,pgny-20251231.htm,2,3,True,True,True,,ready,3.37
2026Q1,PGY,0001883085,ok,1,2026-02-09,0001883085-26-000010,pgy-20260209.htm,pagayaq42025pressrelease.htm;pagayaq42025shareholderl.htm,2,10-K,2026-03-02,0001883085-26-000018,pgy-20251231.htm,1,2,True,True,True,,ready,2.46
2026Q1,PHIN,0001968915,ok,1,2026-02-12,0001968915-26-000021,phin-20260212.htm,q420258kex991pressrelease.htm,1,10-K,2026-02-12,0001968915-26-000023,phin-20251231.htm,1,1,True,True,True,,ready,2.49
2026Q1,PHM,822416,ok,1,2026-01-29,0000822416-26-000003,phm-20260129.htm,ex-991xearningsrelease4q20.htm,1,10-K,2026-02-04,0000822416-26-000007,phm-20251231.htm,1,1,True,True,True,,ready,2.07
2026Q1,PII,931015,ok,1,2026-01-27,0001628280-26-003502,pii-20260127.htm,pii-q42025earningsrelease.htm,1,10-K,2026-02-13,0001628280-26-008033,pii-20251231.htm,1,1,True,True,True,,ready,2.12
2026Q1,PJT,1626115,ok,1,2026-02-03,0001193125-26-034409,pjt-20260203.htm,pjt-ex99_1.htm,1,10-K,2026-02-26,0001193125-26-076969,pjt-20251231.htm,1,1,True,True,True,,ready,2.60
2026Q1,PKG,75677,ok,1,2026-01-28,0001193125-26-025053,pkg-20260127.htm,pkg-ex99_1.htm,1,10-K,2026-02-26,0001193125-26-074129,pkg-20251231.htm,1,1,True,True,True,,ready,3.45
2026Q1,PKOH,76282,ok,1,2026-03-04,0000076282-26-000004,pkoh-20260304.htm,pkoh20251231-ex991earnings.htm,1,10-K,2026-03-05,0000076282-26-000007,pkoh-20251231.htm,1,1,True,True,True,,ready,2.31
2026Q1,PLAB,810136,ok,1,2026-02-25,0001140361-26-006717,ef20066395_8k.htm,ef20066395_ex99-1.htm;ef20066395_ex99-2.htm,2,10-Q,2026-03-11,0001140361-26-009004,plab-20260201.htm,1,2,True,True,True,,ready,2.08
2026Q1,PLCE,1041859,ok,0,,,,,0,10-Q,2025-12-16,0001041859-25-000015,plce-20251101.htm,0,0,True,False,True,,missing_8k_item_202;earnings_docs_not_ready,0.53
2026Q1,PLD,1045609,ok,1,2026-01-21,0001193125-26-017256,pld-20260121.htm,pld-ex99_1.htm;pld-ex99_2.htm,2,10-K,2026-02-13,0001193125-26-051453,pld-20251231.htm,1,2,True,True,True,,ready,3.69
2026Q1,PLPC,80035,ok,1,2026-03-04,0000080035-26-000004,plpc-20260304.htm,plpc-10qxexx991x2025q4.htm,1,10-K,2026-03-05,0000080035-26-000007,plpc-20251231.htm,1,1,True,True,True,,ready,2.02
2026Q1,PLTK,1828016,ok,1,2026-02-26,0001828016-26-000009,pltk-20260226.htm,a2025q4ex991-earningsrelea.htm;pltkq42025earningspresen.htm,2,10-K,2026-02-26,0001828016-26-000010,playtika-20251231.htm,1,2,True,True,True,,ready,2.17
2026Q1,PLTR,1321655,ok,1,2026-02-02,0001321655-26-000004,pltr-20260202.htm,a2025q4ex991earningsrelease.htm,1,10-K,2026-02-17,0001321655-26-000011,pltr-20251231.htm,1,1,True,True,True,,ready,1.73
2026Q1,PLUS,1022408,ok,1,2026-02-04,0001022408-26-000017,8k.htm,ex99-1.htm,1,10-Q,2026-02-04,0001140361-26-003725,ef20060829_10q.htm,1,1,True,True,True,,ready,2.73
2026Q1,PLXS,785786,ok,1,2026-01-28,0000785786-26-000005,plxs-20260128.htm,plxsf26q1earningsrelease-e.htm,1,10-Q,2026-02-05,0000785786-26-000016,plxs-20260103.htm,1,1,True,True,True,,ready,2.18
2026Q1,PM,1413329,ok,1,2026-02-06,0001628280-26-005932,pm-20260206.htm,earningsreleasepm-ex991xq4.htm,1,10-K,2026-02-06,0001628280-26-005939,pm-20251231.htm,1,1,True,True,True,,ready,3.31
2026Q1,PMTS,1641614,ok,1,2026-03-05,0001104659-26-023809,pmts-20260305x8k.htm,pmts-20260305xex99d1.htm;pmts-20260305xex99d2.htm;pmts-20260305xex99d3.htm,3,10-K,2026-03-05,0001104659-26-023812,pmts-20251231x10k.htm,1,2,True,True,True,earnings_exhibit:exhibit_not_earnings_like,ready,3.03
2026Q1,PNR,77360,ok,1,2026-02-03,0000077360-26-000003,pnr-20260203.htm,a2025q4pressrelease.htm,1,10-K,2026-02-24,0000077360-26-000007,pnr-20251231.htm,1,1,True,True,True,,ready,2.40
2026Q1,PNTG,1766400,ok,1,2026-02-25,0001766400-26-000011,pntg-20260225.htm,q42025earningspressrelease.htm,1,10-K,2026-02-26,0001766400-26-000014,pntg-20251231.htm,1,1,True,True,True,,ready,2.14
2026Q1,PNW,764622,ok,1,2026-02-25,0000764622-26-000010,pnw-20260225.htm,pnw202512318kexhibit991.htm;q4_2025xearningsxfinal.htm,2,10-K,2026-02-25,0000764622-26-000011,pnw-20251231.htm,1,2,True,True,True,,ready,3.15
2026Q1,PODD,1145197,ok,1,2026-02-18,0001145197-26-000026,podd-20260218.htm,podd202512-31ex991.htm,1,10-K,2026-02-18,0001145197-26-000028,podd-20251231.htm,1,1,True,True,True,,ready,1.86
2026Q1,POR,784977,ok,1,2026-02-17,0001193125-26-052759,por-20260217.htm,por-ex99_1.htm;por-ex99_2.htm,2,10-K,2026-02-17,0001193125-26-052750,por-20251231.htm,1,2,True,True,True,,ready,3.35
2026Q1,POWI,833640,ok,1,2026-02-05,0000833640-26-000028,powi-20260201x8k.htm,powi-20260201xex99d1.htm,1,10-K,2026-02-06,0000833640-26-000037,powi-20251231x10k.htm,1,1,True,True,True,,ready,2.35
2026Q1,POWL,80420,ok,1,2026-02-03,0000080420-26-000013,powl-20260203.htm,ex991-powlq1xfy2026earning.htm;ex992-powlq1xfy2026dividen.htm,2,10-Q,2026-02-04,0000080420-26-000015,powl-20251231.htm,1,1,True,True,True,earnings_exhibit:exhibit_not_earnings_like,ready,1.90
2026Q1,PPC,802481,ok,1,2026-02-12,0000802481-26-000007,ppc-20260211.htm,a2025_q4xppcearningsrelease.htm,1,10-K,2026-02-12,0000802481-26-000011,ppc-20251228.htm,1,1,True,True,True,,ready,2.53
2026Q1,PPG,79879,ok,1,2026-01-27,0000079879-26-000025,ppg-20260127.htm,exhibit99-4q2025earningsre.htm,1,10-K,2026-02-19,0000079879-26-000046,ppg-20251231.htm,1,1,True,True,True,,ready,2.76
2026Q1,PPL,922224,ok,1,2026-02-20,0000922224-26-000006,ppl-20260220.htm,ppl-12312025exhibit991.htm,1,10-K,2026-02-20,0000922224-26-000008,ppl-20251231.htm,1,1,True,True,True,,ready,3.62
2026Q1,PRGS,876167,ok,2,2026-01-20;2026-03-30,0000876167-26-000007;0000876167-26-000050,prgs-20260120.htm;prgs-20260330.htm,exhibit991-q42025earningsr.htm;exhibit991-q12026earningsr.htm,2,10-Q,2026-03-31,0000876167-26-000051,prgs-20260228.htm,2,2,True,True,True,,ready,2.90
2026Q1,PRSU,884219,ok,1,2026-02-25,0001193125-26-071572,prsu-20260225.htm,prsu-ex99_1.htm,1,10-K,2026-02-25,0001193125-26-071582,prsu-20251231.htm,1,1,True,True,True,,ready,2.85
2026Q1,PSA,1393311,ok,1,2026-02-12,0001628280-26-007684,psa-20260212.htm,psa-021226xex99_1.htm,1,10-K,2026-02-12,0001628280-26-007696,psa-20251231.htm,1,1,True,True,True,,ready,2.88
2026Q1,PTC,857005,ok,1,2026-02-04,0001193125-26-037588,ptc-20260204.htm,ptc-ex99_1.htm,1,10-Q,2026-02-05,0001193125-26-039347,ptc-20251231.htm,1,1,True,True,True,,ready,2.55
2026Q1,PTCT,1070081,ok,2,2026-01-12;2026-02-19,0001104659-26-002799;0001104659-26-017546,tmb-20260112x8k.htm;tmb-20260219x8k.htm,tmb-20260112xex99d1.htm;tmb-20260112xex99d2.htm;tmb-20260219xex99d1.htm,3,10-K,2026-02-19,0001104659-26-017575,tmb-20251231x10k.htm,2,3,True,True,True,,ready,3.34
2026Q1,PTEN,889900,ok,2,2026-01-05;2026-02-05,0000889900-26-000002;0000889900-26-000010,pten-20260105.htm;pten-20260204.htm,january2026_ptenxinvesto.htm;a2025q4earningsreleaseex991.htm,2,10-K,2026-02-10,0000889900-26-000013,pten-20251231.htm,2,2,True,True,True,,ready,3.56
2026Q1,PTLO,1871509,ok,1,2026-02-24,0001871509-26-000011,ptlo-20260224.htm,exhibit991earningsrelease1.htm;exhibit992ptloq42025earn.htm,2,10-K,2026-02-24,0001871509-26-000012,ptlo-20251228.htm,1,2,True,True,True,,ready,2.55
2026Q1,PTON,1639825,ok,1,2026-02-05,0001639825-26-000005,pton-20260205.htm,pelotonleadershipupdatepre.htm;q2fy2026earningspressrelea.htm,2,10-Q,2026-02-05,0001639825-26-000008,pton-20251231.htm,1,1,True,True,True,earnings_exhibit:exhibit_not_earnings_like,ready,2.64
2026Q1,PUMP,1680247,ok,2,2026-01-26;2026-02-18,0001104659-26-006612;0001680247-26-000024,tm2533343d6_8k.htm;pump-20260218.htm,tm2533343d6_ex99-1.htm;ex991bearningsreleasefou.htm;ex9924q25pumpinvestorpre.htm;ex9934q25earningscallscr.htm,4,10-K,2026-02-19,0001680247-26-000028,pump-20251231.htm,2,4,True,True,True,,ready,3.53
2026Q1,PWP,1777835,ok,1,2026-02-06,0001777835-26-000005,pwp-20260206.htm,q42025ex991-earningsrelease.htm,1,10-K,2026-02-27,0001777835-26-000022,pwp-20251231.htm,1,1,True,True,True,,ready,1.58
2026Q1,PWR,1050915,ok,1,2026-02-19,0001193125-26-058069,d101511d8k.htm,d101511dex991.htm,1,10-K,2026-02-19,0001050915-26-000006,pwr-20251231.htm,1,1,True,True,True,,ready,2.19
2026Q1,PYPL,1633917,ok,1,2026-02-03,0001633917-26-000021,pypl-20260203.htm,pypl4q-25earningsrelease.htm,1,10-K,2026-02-03,0001633917-26-000024,pypl-20251231.htm,1,1,True,True,True,,ready,2.59
2026Q1,PZZA,901491,ok,1,2026-02-26,0001628280-26-011964,pzza-20260226.htm,pzza-122825xpressrelease.htm,1,10-K,2026-02-26,0001628280-26-011965,pzza-20251228.htm,1,1,True,True,True,,ready,2.48
2026Q1,QDEL,0001906324,ok,1,2026-02-11,0001906324-26-000003,qdel-20260211.htm,qdel12282025ex991earningsr.htm,1,10-K,2026-02-19,0001906324-26-000008,qdel-20251228.htm,1,1,True,True,True,,ready,2.75
2026Q1,QLYS,1107843,ok,1,2026-02-05,0001107843-26-000004,qlys-20260205.htm,qlys-2026205xex991.htm,1,10-K,2026-02-20,0001107843-26-000008,qlys-20251231.htm,1,1,True,True,True,,ready,1.94
2026Q1,QNST,1117297,ok,1,2026-02-05,0001193125-26-039381,qnst-20260205.htm,qnst-ex99_1.htm,1,10-Q,2026-02-06,0001193125-26-040809,qnst-20251231.htm,1,1,True,True,True,,ready,2.46
2026Q1,QRVO,1604778,ok,1,2026-01-27,0001628280-26-003615,rfmd-20260127.htm,earningsrelease20251227.htm,1,10-Q,2026-01-28,0001628280-26-003838,rfmd-20251227.htm,1,1,True,True,True,,ready,2.41
2026Q1,QTWO,1410384,ok,1,2026-02-11,0001410384-26-000005,qtwo-20260211.htm,a251231ex9918k.htm,1,10-K,2026-02-11,0001410384-26-000006,qtwo-20251231.htm,1,1,True,True,True,,ready,2.20
2026Q1,QUAD,1481792,ok,1,2026-02-17,0001481792-26-000039,quad-20260217.htm,pressreleaseex991q42025.htm,1,10-K,2026-02-18,0001481792-26-000042,quad-20251231.htm,1,1,True,True,True,,ready,2.61
2026Q1,QVCGA,1355096,ok,0,,,,,0,10-Q,2025-11-05,0001628280-25-049504,qvcga-20250930.htm,0,0,True,False,True,,missing_8k_item_202;earnings_docs_not_ready,0.48
2026Q1,QVCGP,1355096,ok,0,,,,,0,10-Q,2025-11-05,0001628280-25-049504,qvcga-20250930.htm,0,0,True,False,True,,missing_8k_item_202;earnings_docs_not_ready,0.49
2026Q1,RAMP,733269,ok,1,2026-02-05,0000733269-26-000011,ramp-20260205.htm,a2026q3pressreleaseforedgar.htm,1,10-Q,2026-02-05,0000733269-26-000012,ramp-20251231.htm,1,1,True,True,True,,ready,1.97
2026Q1,RARE,1515673,ok,2,2026-01-12;2026-02-12,0001193125-26-009791;0001193125-26-048738,rare-20260112.htm;rare-20260212.htm,rare-ex99_1.htm;rare-ex99_1.htm,2,10-K,2026-02-18,0001193125-26-057329,rare-20251231.htm,2,2,True,True,True,,ready,10.82
2026Q1,RBBN,1708055,ok,1,2026-02-05,0001104659-26-010898,tm265336d1_8k.htm,tm265336d1_ex99-1.htm,1,10-K,2026-02-26,0001708055-26-000012,rbbn-20251231x10k.htm,1,1,True,True,True,,ready,2.41
2026Q1,RBCAA,921557,ok,1,2026-01-30,0001104659-26-008308,rbcaa-20260130x8k.htm,rbcaa-20260130xex99d1.htm;rbcaa-20260130xex99d2.htm,2,10-K,2026-03-06,0001104659-26-024523,rbcaa-20251231x10k.htm,1,2,True,True,True,,ready,12.52
2026Q1,RBLX,1315098,ok,1,2026-02-05,0001315098-26-000009,rblx-20260205.htm,ex991-q42025shareholder.htm,1,10-K,2026-02-11,0001315098-26-000024,rblx-20251231.htm,1,1,True,True,True,,ready,2.06
2026Q1,RCL,884887,ok,1,2026-01-29,0000884887-26-000003,rcl-20260129.htm,a10k2025earningsrelease8-k.htm,1,10-K,2026-02-11,0000884887-26-000007,rcl-20251231.htm,1,1,True,True,True,,ready,2.26
2026Q1,RDN,890926,ok,1,2026-02-19,0001193125-26-058134,rdn-20260218.htm,rdn-ex99_1.htm,1,10-K,2026-02-20,0001193125-26-061383,rdn-20251231.htm,1,1,True,True,True,,ready,4.43
2026Q1,RDNT,790526,ok,1,2026-03-02,0001683168-26-001385,radnet_8k.htm,radnet_ex9901.htm,1,10-K,2026-03-02,0001628280-26-013337,rdnt-20251231.htm,1,1,True,True,True,,ready,2.18
2026Q1,RDNW,1596961,ok,1,2026-03-09,0001596961-26-000009,rmbl-20260309.htm,a2025q4er-ex991.htm,1,10-K,2026-03-13,0001596961-26-000015,rdnw-20251231.htm,1,1,True,True,True,,ready,2.15
2026Q1,REAL,1573221,ok,1,2026-02-26,0001573221-26-000009,real-20260226.htm,real-20260226xex991pressre.htm,1,10-K,2026-02-26,0001573221-26-000010,real-20251231.htm,1,1,True,True,True,,ready,2.19
2026Q1,REG,910606,ok,1,2026-02-05,0001193125-26-039477,reg-20260205.htm,reg-ex99_1.htm;reg-ex99_2.htm;reg-ex99_3.htm,3,10-K,2026-02-13,0001193125-26-051668,reg-20251231.htm,1,3,True,True,True,,ready,7.83
2026Q1,RELL,355948,ok,1,2026-01-07,0001193125-26-006497,rell-20260107.htm,rell-ex99_1.htm,1,10-Q,2026-01-08,0001193125-26-007399,rell-20251129.htm,1,1,True,True,True,,ready,3.93
2026Q1,RELY,1782170,ok,1,2026-02-18,0001628280-26-009031,rely-20260218.htm,final4q25earningsdeck.htm;rely4q25-earningspr.htm,2,10-K,2026-02-18,0001628280-26-009038,rely-20251231.htm,1,2,True,True,True,,ready,2.17
2026Q1,RES,742278,ok,1,2026-02-03,0001104659-26-009496,res-20260203x8k.htm,res-20260203xex99d1.htm,1,10-K,2026-02-27,0001104659-26-021480,res-20251231x10k.htm,1,1,True,True,True,,ready,2.95
2026Q1,REX,744187,ok,1,2026-03-26,0000930413-26-000877,c115973_8k-ixbrl.htm,c115973_ex99.htm,1,10-K,2026-03-30,0000930413-26-000937,c115944_10k-ixbrl.htm,1,1,True,True,True,,ready,1.84
2026Q1,REXR,1571283,ok,1,2026-02-04,0001571283-26-000003,rexr-20260204.htm,rexrex991q4-2025.htm;rexrex992q4-2025.htm,2,10-K,2026-02-11,0001571283-26-000006,rexr-20251231.htm,1,2,True,True,True,,ready,4.36
2026Q1,REYN,1786431,ok,1,2026-02-04,0001628280-26-005267,reyn-20260204.htm,reyn-20260205xex991.htm,1,10-K,2026-02-04,0001628280-26-005284,reyn-20251231.htm,1,1,True,True,True,,ready,1.97
2026Q1,REZI,1740332,ok,1,2026-02-24,0001740332-26-000003,rezi-20260224.htm,rezi-20251231prexhibit99.htm,1,10-K,2026-02-24,0001740332-26-000005,rezi-20251231.htm,1,1,True,True,True,,ready,2.07
2026Q1,RGP,1084765,ok,1,2026-01-07,0001084765-26-000004,rgp-20260107.htm,rgpq2fy26pr.htm,1,10-Q,2026-01-08,0001084765-26-000008,rgp-20251129.htm,1,1,True,True,True,,ready,2.60
2026Q1,RGR,95029,ok,1,2026-03-02,0001174947-26-000244,form8k-35376_rgr.htm,ex99-1.htm,1,10-K,2026-03-02,0001174947-26-000243,rgr-20251231.htm,1,1,True,True,True,,ready,2.08
2026Q1,RHP,1040829,ok,1,2026-02-24,0001104659-26-018817,tmb-20260223x8k.htm,tmb-20260223xex99d1.htm,1,10-K,2026-02-24,0001104659-26-019035,rhp-20251231x10k.htm,1,1,True,True,True,,ready,3.16
2026Q1,RICK,935419,ok,2,2026-01-13;2026-03-19,0001628280-26-001922;0001628280-26-019809,rick-20260113.htm;rick-20260316.htm,rick-x1q26salesnewsrelease.htm;ex991_pressreleasefor09302.htm,2,10-K,2026-03-19,0001628280-26-019804,rick-20250930.htm,2,2,True,True,True,,ready,3.29
2026Q1,RIG,1451505,ok,1,2026-02-20,0001451505-26-000012,rig-20260219x8k.htm,rig-20260219xex99d1.htm;rig-20260219xex99d2.htm,2,10-K,2026-02-23,0001451505-26-000018,rig-20251231x10k.htm,1,2,True,True,True,,ready,3.35
2026Q1,RILY,1464790,ok,3,2026-01-14;2026-01-29;2026-03-31,0001213900-26-004356;0001213900-26-009163;0001464790-26-000022,ea0272850-8k_brcgroup.htm;ea0274475-8k_brcgroup.htm;rily-20260331.htm,ea027285001ex99-1_brcgroup.htm;ea027447501ex99-1_brcgroup.htm;rily-20251231xex991.htm,3,10-K,2026-03-31,0001464790-26-000024,rily-20251231.htm,3,3,True,True,True,,ready,5.51
2026Q1,RILYN,1464790,ok,3,2026-01-14;2026-01-29;2026-03-31,0001213900-26-004356;0001213900-26-009163;0001464790-26-000022,ea0272850-8k_brcgroup.htm;ea0274475-8k_brcgroup.htm;rily-20260331.htm,ea027285001ex99-1_brcgroup.htm;ea027447501ex99-1_brcgroup.htm;rily-20251231xex991.htm,3,10-K,2026-03-31,0001464790-26-000024,rily-20251231.htm,3,3,True,True,True,,ready,3.66
2026Q1,RILYZ,1464790,ok,3,2026-01-14;2026-01-29;2026-03-31,0001213900-26-004356;0001213900-26-009163;0001464790-26-000022,ea0272850-8k_brcgroup.htm;ea0274475-8k_brcgroup.htm;rily-20260331.htm,ea027285001ex99-1_brcgroup.htm;ea027447501ex99-1_brcgroup.htm;rily-20251231xex991.htm,3,10-K,2026-03-31,0001464790-26-000024,rily-20251231.htm,3,3,True,True,True,,ready,3.59
2026Q1,RIVN,1874178,ok,1,2026-02-12,0001874178-26-000007,rivn-20260212.htm,ex-991pressrelease4q25earn.htm;ex-9924q25shareholderletter.htm,2,10-K,2026-02-12,0001874178-26-000008,rivn-20251231.htm,1,2,True,True,True,,ready,2.30
2026Q1,RJF,720005,ok,1,2026-01-28,0000720005-26-000030,rjf-20260128.htm,rjf1231q126presentation.htm;rjf20251231q126earnings.htm,2,10-Q,2026-02-06,0000720005-26-000035,rjf-20251231.htm,1,2,True,True,True,,ready,3.71
2026Q1,RL,1037038,ok,1,2026-02-05,0001628280-26-005615,rl-20260205.htm,rl-20251227ex991xpressrele.htm,1,10-Q,2026-02-05,0001628280-26-005784,rl-20251227.htm,1,1,True,True,True,,ready,2.02
2026Q1,RLGT,1171155,ok,1,2026-02-09,0001193125-26-042775,rlgt-20260209.htm,rlgt-ex99_1.htm,1,10-Q,2026-02-09,0001193125-26-042887,rlgt-20251231.htm,1,1,True,True,True,,ready,2.91
2026Q1,RLJ,1511337,ok,1,2026-02-26,0001511337-26-000005,rlj-20260226.htm,rlj-exhibit991q42025.htm,1,10-K,2026-02-27,0001511337-26-000007,rlj-20251231.htm,1,1,True,True,True,,ready,2.58
2026Q1,RM,1519401,ok,1,2026-02-04,0001193125-26-037735,rm-20260204.htm,rm-ex99_1.htm;rm-ex99_2.htm,2,10-K,2026-02-20,0001193125-26-061549,rm-20251231.htm,1,2,True,True,True,,ready,3.58
2026Q1,RMBS,917273,ok,1,2026-02-02,0001193125-26-033624,rmbs-20260202.htm,rmbs-ex99_1.htm,1,10-K,2026-02-18,0001193125-26-057101,rmbs-20251231.htm,1,1,True,True,True,,ready,2.94
2026Q1,RMD,943819,ok,1,2026-01-29,0001193125-26-029326,d80310d8k.htm,d80310dex991.htm,1,10-Q,2026-01-30,0000943819-26-000007,rmd-20251231.htm,1,1,True,True,True,,ready,1.82
2026Q1,RMNI,1635282,ok,1,2026-02-19,0001635282-26-000015,rmni-20260219.htm,rmniq42025earningreleaseex.htm,1,10-K,2026-02-19,0001635282-26-000014,rmni-20251231.htm,1,1,True,True,True,,ready,2.28
2026Q1,RMR,1644378,ok,1,2026-02-04,0001644378-26-000006,rmr-20260204.htm,,0,10-Q,2026-02-04,0001644378-26-000007,rmr-20251231.htm,1,0,True,False,True,,missing_earnings_exhibit_doc;earnings_docs_not_ready,1.34
2026Q1,RNGR,1699039,ok,1,2026-03-05,0001628280-26-014991,rng-20260305.htm,,0,10-K,2026-03-05,0001628280-26-015248,rngr-20251231.htm,1,0,True,False,True,,missing_earnings_exhibit_doc;earnings_docs_not_ready,1.41
2026Q1,ROAD,1718227,ok,1,2026-02-05,0001628280-26-005624,road-20260205.htm,exhibit991_earnings12312025.htm,1,10-Q,2026-02-09,0001628280-26-006228,road-20251231.htm,1,1,True,True,True,,ready,1.68
2026Q1,ROCK,912562,ok,2,2026-01-21;2026-02-26,0000912562-26-000013;0000912562-26-000022,rock-20260121.htm;rock-20260226.htm,exhibit991-newsrelease01x2.htm;exhibit991q42025earningsre.htm,2,10-K,2026-02-26,0000912562-26-000025,rock-20251231.htm,2,2,True,True,True,,ready,3.47
2026Q1,ROG,84748,ok,1,2026-02-17,0000084748-26-000004,rog-20260217.htm,q42025resultsannouncement.htm,1,10-K,2026-02-19,0000084748-26-000007,rog-20251231.htm,1,1,True,True,True,,ready,2.03
2026Q1,ROK,1024478,ok,1,2026-02-05,0001024478-26-000003,rok-20260205.htm,q1fy26ex99.htm,1,10-Q,2026-02-05,0001024478-26-000005,rok-20251231.htm,1,1,True,True,True,,ready,1.84
2026Q1,ROKU,1428439,ok,1,2026-02-12,0001628280-26-007670,wk-20260212.htm,a04exhibit991-q425form8xker.htm,1,10-K,2026-02-13,0001628280-26-008114,roku-20251231.htm,1,1,True,True,True,,ready,2.01
2026Q1,ROL,84839,ok,1,2026-02-11,0000084839-26-000003,rol-20260211.htm,rol-20260211xex991.htm,1,10-K,2026-02-12,0000084839-26-000008,rol-20251231.htm,1,1,True,True,True,,ready,2.68
2026Q1,ROP,882835,ok,1,2026-01-27,0000882835-26-000003,rop-20260127.htm,a2025q4earningsrelease.htm,1,10-K,2026-02-24,0000882835-26-000009,rop-20251231.htm,1,1,True,True,True,,ready,2.11
2026Q1,ROST,745732,ok,1,2026-03-03,0000745732-26-000003,rost-20260303.htm,q4fy25exhibit991.htm,1,10-K,2026-03-31,0000745732-26-000006,rost-20260131.htm,1,1,True,True,True,,ready,2.32
2026Q1,RPD,1560327,ok,1,2026-02-10,0001560327-26-000004,rp-20260210.htm,q42025rapid78-kex991.htm,1,10-K,2026-02-19,0001560327-26-000008,rp-20251231.htm,1,1,True,True,True,,ready,2.35
2026Q1,RPRX,1802768,ok,1,2026-02-11,0001802768-26-000002,rprx-20260211.htm,rprx-20251231rpplcpressxre.htm,1,10-K,2026-02-11,0001802768-26-000003,rprx-20251231.htm,1,1,True,True,True,,ready,2.26
2026Q1,RRGB,1171759,ok,1,2026-02-25,0001628280-26-011637,rrgb-20260225.htm,exhibit991q4-2025.htm,1,10-K,2026-02-25,0001628280-26-011733,rrgb-20251228.htm,1,1,True,True,True,,ready,1.99
2026Q1,RRR,1653653,ok,1,2026-02-10,0001193125-26-044612,d72367d8k.htm,d72367dex991.htm,1,10-K,2026-02-20,0001653653-26-000004,rrr-20251231.htm,1,1,True,True,True,,ready,1.90
2026Q1,RSG,1060391,ok,1,2026-02-17,0001060391-26-000093,rsg-20260217.htm,exhibit991q42025.htm,1,10-K,2026-02-18,0001060391-26-000094,rsg-20251231.htm,1,1,True,True,True,,ready,2.52
2026Q1,RSI,1793659,ok,1,2026-02-17,0001793659-26-000003,rsi-20260217.htm,rsi-2025exhibit991.htm,1,10-K,2026-02-18,0001793659-26-000009,rsi-20251231.htm,1,1,True,True,True,,ready,2.21
2026Q1,RSVR,1824403,ok,1,2026-02-04,0001104659-26-010047,tm264971d1_8k.htm,tm264971d1_ex99-1.htm,1,10-Q,2026-02-04,0001104659-26-010303,rsvr-20251231x10q.htm,1,1,True,True,True,,ready,1.93
2026Q1,RUN,1469367,ok,1,2026-02-26,0001628280-26-012266,run-20260226.htm,q4258-kexhibit991.htm,1,10-K,2026-02-26,0001628280-26-012289,run-20251231.htm,1,1,True,True,True,,ready,2.11
2026Q1,RVLV,1746618,ok,1,2026-02-24,0001193125-26-067027,rvlv-20260224.htm,rvlv-ex99_1.htm,1,10-K,2026-02-25,0001193125-26-071307,rvlv-20251231.htm,1,1,True,True,True,,ready,2.18
2026Q1,RVTY,31791,ok,2,2026-01-13;2026-02-02,0000031791-26-000003;0000031791-26-000007,pki-20260112.htm;pki-20260202.htm,q42025pre-earningspressrel.htm;q42025pressrelease.htm,2,10-K,2026-02-24,0000031791-26-000012,revv-20251228.htm,2,2,True,True,True,,ready,2.95
2026Q1,RXO,0001929561,ok,1,2026-02-06,0001929561-26-000006,rxo-20260205.htm,earningspresentation-q42.htm;rxoq42025pressrelease.htm,2,10-K,2026-02-09,0001929561-26-000013,rxo-20251231.htm,1,2,True,True,True,,ready,2.24
2026Q1,RYAM,1597672,ok,1,2026-03-03,0001597672-26-000008,ryam-20260303.htm,exhibit991ryamq42025.htm,1,10-K,2026-03-05,0001597672-26-000010,ryam-20251231.htm,1,1,True,True,True,,ready,2.23
2026Q1,RYZ,1481582,ok,2,2026-02-06;2026-02-19,0001193125-26-040024;0001193125-26-059448,d72538d8k.htm;ryi-20260219.htm,ryi-ex99_1.htm;ryi-ex99_2.htm,2,10-K,2026-02-23,0001193125-26-062397,ryi-20251231.htm,2,2,True,True,True,,ready,3.78
2026Q1,SABR,1597033,ok,1,2026-02-18,0001628280-26-008796,sabr-20260218.htm,a2025q4earningsrelease.htm,1,10-K,2026-02-18,0001628280-26-008800,sabr-20251231.htm,1,1,True,True,True,,ready,2.46
2026Q1,SAFT,1172052,ok,1,2026-02-25,0001172052-26-000002,saft-20260225x8k.htm,saft-20260225xex99d1.htm,1,10-K,2026-02-27,0001172052-26-000005,saft-20251231x10k.htm,1,1,True,True,True,,ready,3.18
2026Q1,SAH,1043509,ok,1,2026-02-18,0001628280-26-008808,sah-20260218.htm,exhibit992.htm;q420258kexhibit991.htm,2,10-K,2026-02-23,0001628280-26-010570,sah-20251231.htm,1,2,True,True,True,,ready,3.49
2026Q1,SAIA,1177702,ok,1,2026-02-10,0001193125-26-043714,saia-20260210.htm,saia-ex99_1.htm,1,10-K,2026-02-24,0001193125-26-067030,saia-20251231.htm,1,1,True,True,True,,ready,2.47
2026Q1,SAIC,1571123,ok,2,2026-02-11;2026-03-16,0001571123-26-000008;0001571123-26-000025,saic-20260211.htm;saic-20260316.htm,saic8k02112026-exhibit991.htm;saic8k02112026exhibit992.htm;saic031620268kexhibit991.htm,3,10-K,2026-03-16,0001571123-26-000029,saic-20260130.htm,2,3,True,True,True,,ready,4.05
2026Q1,SBAC,1034054,ok,1,2026-02-26,0001193125-26-076767,d106126d8k.htm,d106126dex991.htm,1,10-K,2026-02-27,0001034054-26-000002,sbac-20251231x10k.htm,1,1,True,True,True,,ready,3.56
2026Q1,SBGI,0001971213,ok,1,2026-02-25,0001971213-26-000009,sbgi-20260225.htm,exhibit991-4q25pressreleas.htm,1,10-K,2026-02-27,0001971213-26-000012,sbgi-20251231.htm,1,1,True,True,True,,ready,2.21
2026Q1,SBH,1368458,ok,1,2026-02-09,0001193125-26-041889,d104904d8k.htm,d104904dex991.htm,1,10-Q,2026-02-09,0001193125-26-042785,sbh-20251231.htm,1,1,True,True,True,,ready,2.12
2026Q1,SBRA,1492298,ok,1,2026-02-12,0001492298-26-000007,sbra-20260212.htm,sbraex9912025q4.htm;sbraex9922025q4-final.htm;sbraex9932025q4.htm,3,10-K,2026-02-12,0001492298-26-000008,sbra-20251231.htm,1,3,True,True,True,,ready,3.36
2026Q1,SCCO,1001838,ok,1,2026-01-28,0001104659-26-007496,scco-20260127x8k.htm,scco-20260127xex99d1.htm,1,10-K,2026-02-27,0001104659-26-021492,scco-20251231x10k.htm,1,1,True,True,True,,ready,3.85
2026Q1,SCHL,866729,ok,1,2026-03-19,0000866729-26-000007,schl-20260319.htm,fy26q3pressrelease.htm,1,10-Q,2026-03-20,0000866729-26-000011,schl-20260228.htm,1,1,True,True,True,,ready,1.75
2026Q1,SCHW,316709,ok,1,2026-01-21,0000316709-26-000004,schw-20260121.htm,a4q25exhibit991.htm,1,10-K,2026-02-25,0000316709-26-000009,schw-20251231.htm,1,1,True,True,True,,ready,3.38
2026Q1,SCL,94049,ok,1,2026-02-23,0001193125-26-062391,scl-20260223.htm,scl-ex99_1.htm;scl-ex99_2.htm,2,10-K,2026-02-26,0001193125-26-074976,scl-20251231.htm,1,2,True,True,True,,ready,3.39
2026Q1,SCSC,918965,ok,1,2026-02-05,0000918965-26-000012,scsc-20260205.htm,scscexhibit99112312025.htm,1,10-Q,2026-02-05,0000918965-26-000013,scsc-20251231.htm,1,1,True,True,True,,ready,2.56
2026Q1,SCVL,895447,ok,2,2026-02-25;2026-03-26,0001193125-26-068399;0001193125-26-125001,scvl-20260224.htm;scvl-20260326.htm,scvl-ex99_1.htm;scvl-ex99_1.htm,2,10-K,2026-03-26,0001193125-26-126279,scvl-20260131.htm,2,2,True,True,True,,ready,3.58
2026Q1,SEAT,1856031,ok,1,2026-03-12,0001193125-26-103009,seat-20260312.htm,seat-ex99_1.htm,1,10-K,2026-03-12,0001193125-26-103023,seat-20251231.htm,1,1,True,True,True,,ready,2.63
2026Q1,SEDG,1419612,ok,1,2026-02-18,0001178913-26-000558,zk2634401.htm,exhibit_99-1.htm,1,10-K,2026-02-25,0001178913-26-000632,zk2634374.htm,1,1,True,True,True,,ready,3.06
2026Q1,SEIC,350894,ok,1,2026-01-28,0000350894-26-000003,seic-20260128.htm,q42025seicearningspresen.htm;seic-earningsreleaseex9910.htm,2,10-K,2026-02-23,0000350894-26-000013,seic-20251231.htm,1,2,True,True,True,,ready,3.22
2026Q1,SEM,1320414,ok,1,2026-02-19,0001104659-26-017585,tm266741d1_8k.htm,tm266741d1_ex99-1.htm,1,10-K,2026-02-19,0001320414-26-000007,sem-20251231.htm,1,1,True,True,True,,ready,2.37
2026Q1,SFIX,1576942,ok,1,2026-03-11,0001628280-26-016819,sfix-20260311.htm,exhibit991-q226.htm,1,10-Q,2026-03-12,0001628280-26-017247,sfix-20260131.htm,1,1,True,True,True,,ready,2.11
2026Q1,SFM,1575515,ok,1,2026-02-19,0001575515-26-000006,sfm-20260219.htm,sfm-20251228xex991.htm;sfm-ex992.htm;sfm-ex993.htm,3,10-K,2026-02-19,0001575515-26-000008,sfm-20251228.htm,1,3,True,True,True,,ready,2.83
2026Q1,SG,0001477815,ok,1,2026-02-26,0001628280-26-012331,sg-20260226.htm,q425sweetgreenearningsrele.htm,1,10-K,2026-02-27,0001628280-26-012520,sg-20251228.htm,1,1,True,True,True,,ready,2.50
2026Q1,SGRY,1638833,ok,1,2026-03-02,0001638833-26-000006,sgry-20260302.htm,exhibit991q42025earningsre.htm;q42025investorcallpresen.htm,2,10-K,2026-03-02,0001638833-26-000008,sgry-20251231.htm,1,2,True,True,True,,ready,2.41
2026Q1,SHAK,1620533,ok,2,2026-01-12;2026-02-26,0001620533-26-000008;0001620533-26-000013,shak-20260112.htm;shak-20260226.htm,q42025businessupdate_ex991.htm;a4q25shareholderletter.htm;shak-20260226_exhibit991.htm,3,10-K,2026-02-26,0001620533-26-000018,shak-20251231.htm,2,3,True,True,True,,ready,3.54
2026Q1,SHC,1822479,ok,2,2026-01-12;2026-02-24,0001822479-26-000004;0001822479-26-000012,shc-20260112.htm;shc-20260218.htm,january122026-ex991.htm;february242026-ex991.htm,2,10-K,2026-02-24,0001822479-26-000015,shc-20251231.htm,2,2,True,True,True,,ready,3.23
2026Q1,SHLS,1831651,ok,1,2026-02-24,0001831651-26-000024,shls-20260224.htm,exhibit991earningsrelease2.htm,1,10-K,2026-02-24,0001831651-26-000021,shls-20251231.htm,1,1,True,True,True,,ready,2.33
2026Q1,SHO,1295810,ok,1,2026-02-27,0001104659-26-020996,sho-20260227x8k.htm,sho-20260227xex99d1.htm;sho-20260227xex99d2.htm,2,10-K,2026-02-27,0001104659-26-021440,sho-20251231x10k.htm,1,2,True,True,True,,ready,3.50
2026Q1,SHOO,913241,ok,1,2026-02-25,0001493152-26-007955,form8-k.htm,ex99-1.htm,1,10-K,2026-03-02,0001628280-26-012995,shoo-20251231.htm,1,1,True,True,True,,ready,2.65
2026Q1,SHW,89800,ok,1,2026-01-29,0000089800-26-000003,shw-20260129.htm,shw2025yeearningsrelease.htm,1,10-K,2026-02-19,0000089800-26-000008,shw-20251231.htm,1,1,True,True,True,,ready,2.24
2026Q1,SIG,832988,ok,2,2026-03-09;2026-03-19,0000832988-26-000050;0000832988-26-000054,sig-20260309.htm;sig-20260319.htm,fy27ex991mar09preliminarye.htm;fy27ex9913x19x26pressrelea.htm,2,10-K,2026-03-19,0000832988-26-000055,sig-20260131.htm,2,2,True,True,True,,ready,3.60
2026Q1,SIGI,230557,ok,1,2026-01-29,0000230557-26-000003,sigi-20260129.htm,q42025pressreleaseexh991.htm;q42025pressreleasesuppleme.htm,2,10-K,2026-02-09,0000230557-26-000006,sigi-20251231.htm,1,2,True,True,True,,ready,4.41
2026Q1,SIRI,908937,ok,1,2026-02-05,0000908937-26-000003,siri-20260205.htm,siriq42025earningsrelease.htm,1,10-K,2026-02-05,0000908937-26-000006,siri-20251231.htm,1,1,True,True,True,,ready,2.57
2026Q1,SITC,894315,ok,1,2026-02-26,0001193125-26-076738,sitc-20260226.htm,sitc-ex99_1.htm,1,10-K,2026-02-26,0001193125-26-076905,sitc-20251231.htm,1,1,True,True,True,,ready,3.09
2026Q1,SJM,91419,ok,1,2026-02-26,0000091419-26-000013,sjm-20260226.htm,sjm20260226exhibit991.htm,1,10-Q,2026-02-26,0000091419-26-000016,sjm-20260131.htm,1,1,True,True,True,,ready,2.13
2026Q1,SKT,899715,ok,1,2026-02-24,0001628280-26-011057,skt-20260224.htm,skt8kex991december312025.htm,1,10-K,2026-02-26,0001628280-26-012252,skt-20251231.htm,1,1,True,True,True,,ready,3.11
2026Q1,SKWD,0001519449,ok,1,2026-02-23,0001519449-26-000005,skwd-20260223.htm,earningsrelease-ex9914q2025.htm,1,10-K,2026-03-02,0001519449-26-000015,skwd-20251231.htm,1,1,True,True,True,,ready,2.19
2026Q1,SKY,90896,ok,1,2026-02-03,0001193125-26-035570,sky-20260203.htm,sky-ex99_1.htm,1,10-Q,2026-02-04,0001193125-26-037613,sky-20251227.htm,1,1,True,True,True,,ready,2.65
2026Q1,SKYW,793733,ok,1,2026-01-29,0001104659-26-007962,skyw-20260129x8k.htm,skyw-20260129xex99d1.htm,1,10-K,2026-02-17,0001104659-26-016358,skyw-20251231x10k.htm,1,1,True,True,True,,ready,2.86
2026Q1,SLAB,1038074,ok,1,2026-02-04,0001038074-26-000002,slab-20260204.htm,slab-20260204q4earningsrel.htm,1,10-K,2026-02-10,0001038074-26-000005,slab-20260103.htm,1,1,True,True,True,,ready,2.30
2026Q1,SLB,87347,ok,1,2026-01-23,0001193125-26-020133,d59412d8k.htm,d59412dex99.htm,1,10-K,2026-01-23,0001193125-26-021017,slb-20251231.htm,1,1,True,True,True,,ready,3.52
2026Q1,SLG,1040971,ok,1,2026-01-29,0001628280-26-004077,slg-20260128.htm,a25q4earningsrelease.htm,1,10-K,2026-02-17,0001628280-26-008669,slg-20251231.htm,1,1,True,True,True,,ready,2.67
2026Q1,SLQT,1794783,ok,1,2026-02-05,0001794783-26-000010,slqt-20260205.htm,selectquoteincdecember31.htm;selectquoteincdecember3120.htm,2,10-Q,2026-02-05,0001794783-26-000012,slqt-20251231.htm,1,2,True,True,True,,ready,2.15
2026Q1,SLVM,1856485,ok,1,2026-02-12,0001856485-26-000004,syl-20260212.htm,sylvamoex9912025fourthquar.htm,1,10-K,2026-02-20,0001856485-26-000008,syl-20251231.htm,1,1,True,True,True,,ready,2.06
2026Q1,SM,893538,ok,1,2026-02-25,0000893538-26-000029,sm-20260225.htm,exhibit99102252026er.htm;exhibit99202252026outlookr.htm,2,10-K,2026-02-26,0000893538-26-000032,sm-20251231.htm,1,2,True,True,True,,ready,3.31
2026Q1,SMCI,1375365,ok,1,2026-02-03,0001375365-26-000006,smci-20260203.htm,exhibit991_20251231.htm,1,10-Q,2026-02-06,0001375365-26-000007,smci-20251231.htm,1,1,True,True,True,,ready,2.28
2026Q1,SMHI,1690334,ok,1,2026-02-25,0001193125-26-072103,smhi-20260225.htm,smhi-ex99_1.htm;smhi-ex99_2.htm,2,10-K,2026-02-25,0001193125-26-072102,smhi-20251231.htm,1,2,True,True,True,,ready,3.85
2026Q1,SMP,93389,ok,1,2026-02-26,0000093389-26-000015,smp-20260226.htm,a991pressrelease-123125.htm,1,10-K,2026-02-26,0000093389-26-000012,smp-20251231.htm,1,1,True,True,True,,ready,2.37
2026Q1,SNA,91440,ok,1,2026-02-05,0000091440-26-000008,sna-20260205.htm,q42025pressreleaseforpress.htm,1,10-K,2026-02-12,0000091440-26-000045,sna-20260103.htm,1,1,True,True,True,,ready,3.33
2026Q1,SNBR,827187,ok,1,2026-03-12,0000827187-26-000012,snbr-20260312.htm,a2025-q4ex991earnings.htm,1,10-K,2026-03-12,0000827187-26-000014,snbr-20260103.htm,1,1,True,True,True,,ready,2.13
2026Q1,SNCY,1743907,ok,1,2026-02-05,0001743907-26-000028,sncy-20260205.htm,q42025-ex991.htm,1,10-K,2026-02-12,0001743907-26-000032,sncy-20251231.htm,1,1,True,True,True,,ready,2.44
2026Q1,SNDX,1395937,ok,2,2026-01-12;2026-02-26,0001193125-26-010486;0001193125-26-076522,sndx-20260112.htm;sndx-20260226.htm,sndx-ex99_1.htm;sndx-ex99_1.htm;sndx-ex99_2.htm,3,10-K,2026-02-26,0001193125-26-076536,sndx-20251231.htm,2,3,True,True,True,,ready,4.54
2026Q1,SNPS,883241,ok,1,2026-02-25,0001193125-26-071601,d921168d8k.htm,d921168dex991.htm,1,10-Q,2026-02-25,0000883241-26-000014,snps-20260131.htm,1,1,True,True,True,,ready,2.86
2026Q1,SO,92122,ok,1,2026-02-19,0000092122-26-000008,so-20260219.htm,ex99-pressreleaseq42025.htm,1,10-K,2026-02-19,0000092122-26-000006,so-20251231.htm,1,1,True,True,True,,ready,5.26
2026Q1,SONO,1314727,ok,1,2026-02-03,0001314727-26-000030,sono-20260203.htm,final1q26earningspressrele.htm,1,10-Q,2026-02-04,0001314727-26-000032,sono-20251227.htm,1,1,True,True,True,,ready,1.95
2026Q1,SPB,109177,ok,1,2026-02-05,0000109177-26-000007,spb-20260205.htm,earningsreleaseexhibit991.htm,1,10-Q,2026-02-05,0000109177-26-000010,spb-20251228.htm,1,1,True,True,True,,ready,1.99
2026Q1,SPG,1063761,ok,1,2026-02-02,0001104659-26-009209,tm263695d1_8k.htm,tm263695d2_ex99-1.htm,1,10-K,2026-02-25,0001104659-26-019419,spg-20251231x10k.htm,1,1,True,True,True,,ready,5.66
2026Q1,SPGI,64040,ok,1,2026-02-10,0000064040-26-000007,spgi-20260210.htm,a4q2025earningsrelease.htm,1,10-K,2026-02-11,0000064040-26-000013,spgi-20251231.htm,1,1,True,True,True,,ready,2.82
2026Q1,SPHR,1795250,ok,1,2026-02-12,0001628280-26-007482,sphr-20260212.htm,exhibit991sphereentertainm.htm,1,10-K,2026-02-12,0001628280-26-007760,sphr-20251231.htm,1,1,True,True,True,,ready,2.96
2026Q1,SPNT,1576018,ok,1,2026-02-18,0001576018-26-000019,tpre-20260218.htm,exhibit991-earningspressre.htm;exhibit992-financialsupple.htm;q42025spntinvestorpresen.htm,3,10-K,2026-02-24,0001576018-26-000032,spnt-20251231.htm,1,3,True,True,True,,ready,5.41
2026Q1,SPXC,88205,ok,1,2026-02-24,0000088205-26-000007,spxc-20260224.htm,q42025pressrelease.htm,1,10-K,2026-02-25,0000088205-26-000008,spxc-20251231.htm,1,1,True,True,True,,ready,2.69
2026Q1,SR,1126956,ok,1,2026-02-03,0001193125-26-034418,sr-20260203.htm,sr-ex99_1.htm,1,10-Q,2026-02-03,0001193125-26-034779,sr-20251231.htm,1,1,True,True,True,,ready,3.60
2026Q1,SSNC,1402436,ok,1,2026-02-05,0001193125-26-039384,ssnc-20260205.htm,ssnc-ex99_1.htm;ssnc-ex99_2.htm,2,10-K,2026-02-26,0001193125-26-076745,ssnc-20251231.htm,1,2,True,True,True,,ready,3.49
2026Q1,SSP,832428,ok,1,2026-02-26,0000832428-26-000006,ssp-20260224.htm,ssp-2025225ex991.htm;ssp-2025xex992.htm,2,10-K,2026-02-27,0000832428-26-000010,ssp-20251231.htm,1,1,True,True,True,earnings_exhibit:exhibit_not_earnings_like,ready,3.37
2026Q1,SSTK,1549346,ok,1,2026-02-17,0001549346-26-000007,sstk-20260217.htm,a2025-q4_exx991xpressrelea.htm,1,10-K,2026-02-17,0001549346-26-000008,sstk-20251231.htm,1,1,True,True,True,,ready,2.27
2026Q1,STC,94344,ok,1,2026-02-04,0001104659-26-010325,tm265160d1_8k.htm,tm265160d1_ex99-1.htm,1,10-K,2026-02-27,0000094344-26-000007,stc-20251231.htm,1,1,True,True,True,,ready,2.70
2026Q1,STE,1757898,ok,1,2026-02-04,0001628280-26-005473,ste-20260204.htm,ste12312025ex991.htm,1,10-Q,2026-02-06,0001628280-26-006055,ste-20251231.htm,1,1,True,True,True,,ready,2.69
2026Q1,STEP,1796022,ok,1,2026-02-05,0001628280-26-005761,step-20260205.htm,stepfy2026q3earningspressr.htm,1,10-Q,2026-02-05,0001628280-26-005769,step-20251231.htm,1,1,True,True,True,,ready,3.19
2026Q1,STGW,876883,ok,1,2026-03-10,0000876883-26-000004,stgw-20260310.htm,a4q25earningspresentatio.htm;stgw20251231pr.htm,2,10-K,2026-03-13,0000876883-26-000010,stgw-20251231.htm,1,2,True,True,True,,ready,3.34
2026Q1,STKL,351834,ok,1,2026-01-12,0001062993-26-000156,form8k.htm,exhibit99-1.htm,1,10-K,2026-03-04,0001062993-26-001270,form10k.htm,1,1,True,True,True,,ready,2.34
2026Q1,STLD,1022671,ok,1,2026-01-27,0001104659-26-006889,tm264071d1_8k.htm,tm264071d1_ex99-1.htm,1,10-K,2026-02-27,0001104659-26-021395,stld-20251231x10k.htm,1,1,True,True,True,,ready,2.72
2026Q1,STRA,1013934,ok,1,2026-02-26,0001013934-26-000002,stra-20260226.htm,stra-20260226xexhibit991.htm,1,10-K,2026-02-27,0001013934-26-000006,stra-20251231.htm,1,1,True,True,True,,ready,2.99
2026Q1,STRL,874238,ok,1,2026-02-25,0000874238-26-000018,strl-20260225.htm,a20260225ex991earningsrele.htm;a20260225ex992presentati.htm,2,10-K,2026-02-26,0000874238-26-000024,strl-20251231.htm,1,2,True,True,True,,ready,20.53
2026Q1,STT,93751,ok,1,2026-01-16,0000093751-26-000008,stt-20260116.htm,a4q25earningspressrelease.htm;exhibit992-4q25earningsrel.htm;stt4q25earningspresentat.htm,3,10-K,2026-02-19,0000093751-26-000124,stt-20251231.htm,1,3,True,True,True,,ready,6.02
2026Q1,STX,1137789,ok,1,2026-01-27,0001137789-26-000016,stx-20260127.htm,stxq22026pressreleasefinan.htm,1,10-Q,2026-01-30,0001137789-26-000026,stx-20260102.htm,1,1,True,True,True,,ready,2.48
2026Q1,STZ,16918,ok,1,2026-01-07,0000016918-26-000002,stz-20260107.htm,stzex991_113020258kearnings.htm,1,10-Q,2026-01-08,0000016918-26-000005,stz-20251130.htm,1,1,True,True,True,,ready,2.52
2026Q1,SUPN,1356576,ok,2,2026-02-12;2026-02-24,0001356576-26-000002;0001356576-26-000004,supn-20260212.htm;supn-20260224.htm,ex-99102x10x2026xearningsc.htm;ex991earningsrelease.htm,2,10-K,2026-03-02,0001356576-26-000011,supn-20251231.htm,2,2,True,True,True,,ready,3.73
2026Q1,SVV,0001883313,ok,2,2026-01-12;2026-02-19,0001883313-26-000006;0001883313-26-000011,svv-20260112.htm;svv-20260219.htm,exhibit991pressreleasejanu.htm;pressreleaseex991_q4fy25xf.htm,2,10-K,2026-02-20,0001883313-26-000014,svv-20260103.htm,2,2,True,True,True,,ready,2.91
2026Q1,SWBI,1092796,ok,1,2026-03-05,0001193125-26-093923,d120095d8k.htm,d120095dex991.htm,1,10-Q,2026-03-05,0001193125-26-093991,swbi-20260131.htm,1,1,True,True,True,,ready,2.02
2026Q1,SWIM,1833197,ok,2,2026-03-03;2026-03-04,0001104659-26-022841;0001104659-26-023572,tm267795d1_8k.htm;tm268040d1_8ka.htm,tm267795d1_ex99.htm;tm268040d1_ex99.htm,2,10-K,2026-03-04,0001833197-26-000017,swim-20251231.htm,2,2,True,True,True,,ready,2.95
2026Q1,SWK,93556,ok,1,2026-02-04,0000093556-26-000004,swk-20260204.htm,ex991q42025.htm;exhibit992financialsq42025.htm,2,10-K,2026-02-24,0000093556-26-000009,swk-20260103.htm,1,2,True,True,True,,ready,2.56
2026Q1,SWKS,4127,ok,1,2026-02-03,0000004127-26-000005,swks-20260203.htm,q1268-kex991earningsrelease.htm,1,10-Q,2026-02-05,0000004127-26-000008,swks-20260102.htm,1,1,True,True,True,,ready,2.24
2026Q1,SWX,1692115,ok,2,2026-01-09;2026-02-25,0001692115-26-000004;0001692115-26-000060,swx-20260109.htm;swx-20260225.htm,swx123125-earningsrelease.htm,1,10-K,2026-02-25,0001692115-26-000062,swx-20251231.htm,2,1,True,True,True,,ready,3.36
2026Q1,SXC,1514705,ok,1,2026-02-17,0001514705-26-000007,sxc-20260217.htm,q4_2025sxcearningsdeckxv.htm;sxcearningsrelease10k2025.htm,2,10-K,2026-02-20,0001514705-26-000010,sxc-20251231.htm,1,2,True,True,True,,ready,3.24
2026Q1,SXT,310142,ok,1,2026-02-13,0001140361-26-005177,ef20065512_8k.htm,ef20065512_ex99-1.htm;ef20065512_ex99-2.htm,2,10-K,2026-02-13,0001140361-26-005311,ef20060630_10k.htm,1,2,True,True,True,,ready,3.10
2026Q1,SYK,310764,ok,1,2026-01-29,0000310764-26-000006,syk-20260129.htm,sykex991earningsq42025.htm,1,10-K,2026-02-11,0000310764-26-000010,syk-20251231.htm,1,1,True,True,True,,ready,3.55
2026Q1,SYM,1837240,ok,1,2026-02-04,0001837240-26-000008,sym-20260204.htm,q1268-k_ex991.htm;symboticinvestorpresenta.htm,2,10-Q,2026-02-04,0001837240-26-000009,sym-20251227.htm,1,2,True,True,True,,ready,2.49
2026Q1,SYNA,817720,ok,1,2026-02-05,0000817720-26-000015,syna-20260205.htm,syna-q2268kexx991.htm,1,10-Q,2026-02-05,0000817720-26-000017,syna-20251227.htm,1,1,True,True,True,,ready,1.94
2026Q1,TALO,1724965,ok,1,2026-02-25,0001193125-26-067747,talo-20260224.htm,talo-ex99_1.htm,1,10-K,2026-02-25,0001193125-26-067807,talo-20251231.htm,1,1,True,True,True,,ready,3.04
2026Q1,TAP,24545,ok,1,2026-02-18,0001104659-26-017055,tm266541d1_8k.htm,tm266541d1_ex99-1.htm;tm266541d1_ex99-2.htm,2,10-K,2026-02-18,0000024545-26-000006,tap-20251231.htm,1,2,True,True,True,,ready,3.04
2026Q1,TASK,1829864,ok,1,2026-02-25,0001829864-26-000005,task-20260220.htm,cfotransition.htm;earningsreleaseex991q42025.htm,2,10-K,2026-03-05,0001829864-26-000012,task-20251231.htm,1,2,True,True,True,,ready,2.32
2026Q1,TBI,768899,ok,1,2026-02-18,0000768899-26-000007,tbi-20260218.htm,a4q2025earningspresentat.htm;a4q2025pressrelease.htm,2,10-K,2026-02-18,0000768899-26-000009,tbi-20251228.htm,1,2,True,True,True,,ready,2.88
2026Q1,TBLA,0001840502,ok,1,2026-02-25,0001140361-26-006649,ef20064253_8k.htm,ef20064253_ex99-1.htm,1,10-K,2026-02-25,0001840502-26-000004,tbla-20251231.htm,1,1,True,True,True,,ready,2.23
2026Q1,TDAY,1579684,ok,1,2026-02-26,0001579684-26-000008,tday-20260226.htm,tdayq42025ex991earningsrel.htm,1,10-K,2026-02-26,0001579684-26-000010,tday-20251231.htm,1,1,True,True,True,,ready,2.45
2026Q1,TDG,1260221,ok,1,2026-02-03,0001260221-26-000015,tdg-20260203.htm,exhibit991tdg2026q1earning.htm,1,10-Q,2026-02-03,0001260221-26-000017,tdg-20251227.htm,1,1,True,True,True,,ready,2.49
2026Q1,TDY,1094285,ok,1,2026-01-21,0001094285-26-000008,tdy-20260121.htm,q4-2025earningsrelease.htm,1,10-K,2026-02-20,0001094285-26-000017,tdy-20251228.htm,1,1,True,True,True,,ready,2.33
2026Q1,TEAD,1454938,ok,1,2026-03-05,0001454938-26-000007,outbrain-20260305.htm,q42025er-exhibit991.htm,1,10-K,2026-03-16,0001454938-26-000015,tead-20251231.htm,1,1,True,True,True,,ready,2.02
2026Q1,TECH,842023,ok,1,2026-02-04,0001104659-26-009994,tech-20260204x8k.htm,tech-20260204xex99d1.htm;tech-20260204xex99d2.htm,2,10-Q,2026-02-04,0001104659-26-010335,tech-20251231x10q.htm,1,2,True,True,True,,ready,2.54
2026Q1,TEL,1385157,ok,1,2026-01-21,0001104659-26-005219,tel-20260121x8k.htm,tel-20260121xex99d1.htm;tel-20260121xex99d2.htm,2,10-Q,2026-01-23,0001104659-26-006062,tel-20251226x10q.htm,1,2,True,True,True,,ready,3.09
2026Q1,TENB,1660280,ok,1,2026-02-04,0001660280-26-000004,tenb-20260204.htm,q42025financialresults-ear.htm,1,10-K,2026-02-27,0001660280-26-000005,tenb-20251231.htm,1,1,True,True,True,,ready,1.67
2026Q1,TER,97210,ok,1,2026-02-03,0001193125-26-034348,ter-20260202.htm,ter-ex99_1.htm,1,10-K,2026-02-19,0001193125-26-059002,ter-20251231.htm,1,1,True,True,True,,ready,3.17
2026Q1,TEX,97216,ok,2,2026-02-11;2026-02-12,0000097216-26-000028;0000097216-26-000030,tex-20260211.htm;tex-20260211.htm,terexearningsreleaseexq4-25.htm;exh99_102112026ercallscrip.htm,2,10-K,2026-02-13,0000097216-26-000035,tex-20251231.htm,2,2,True,True,True,,ready,3.60
2026Q1,TG,850429,ok,1,2026-03-11,0001628280-26-016666,tg-20260311.htm,tg-20251231xearningsrelease.htm,1,10-K,2026-03-11,0001628280-26-016665,tg-20251231.htm,1,1,True,True,True,,ready,2.15
2026Q1,TGLS,1534675,ok,1,2026-02-26,0001493152-26-008119,form8-k.htm,ex99-1.htm,1,10-K,2026-03-02,0001493152-26-008465,form10-k.htm,1,1,True,True,True,,ready,2.33
2026Q1,TGNA,39899,ok,1,2026-03-02,0001193125-26-084259,tgna-20260302.htm,tgna-ex99_1.htm,1,10-K,2026-03-02,0001193125-26-084392,tgna-20251231.htm,1,1,True,True,True,,ready,3.26
2026Q1,TH,1712189,ok,1,2026-03-11,0001104659-26-026114,th-20260311x8k.htm,th-20260311xex99d1.htm,1,10-K,2026-03-11,0001104659-26-026351,th-20251231x10k.htm,1,1,True,True,True,,ready,2.98
2026Q1,THR,1489096,ok,1,2026-02-05,0001489096-26-000020,thr-20260205.htm,pressreleaseq3fy26.htm,1,10-Q,2026-02-05,0001489096-26-000023,thr-20251231.htm,1,1,True,True,True,,ready,2.19
2026Q1,THRM,903129,ok,1,2026-02-19,0001193125-26-058037,thrm-20260219.htm,thrm-ex99_1.htm,1,10-K,2026-02-19,0001193125-26-059602,thrm-20251231.htm,1,1,True,True,True,,ready,3.07
2026Q1,THRY,1556739,ok,1,2026-02-26,0001556739-26-000012,thryv-20260226.htm,exhibit991-pressreleaseq42.htm,1,10-K,2026-02-26,0001556739-26-000013,thry-20251231.htm,1,1,True,True,True,,ready,2.31
2026Q1,TILE,715787,ok,1,2026-02-24,0000715787-26-000002,tile-20260224.htm,a991pressreleaseq42025.htm;investorpresentationq4fy.htm,2,10-K,2026-02-25,0000715787-26-000006,tile-20251228.htm,1,2,True,True,True,,ready,2.90
2026Q1,TIPT,1393726,ok,1,2026-03-06,0001393726-26-000005,tipt-20260306.htm,tipt-ex99_1.htm;tipt-ex99_2.htm,2,10-K,2026-03-09,0001393726-26-000009,tipt-20251231.htm,1,1,True,True,True,earnings_exhibit:exhibit_not_earnings_like,ready,2.69
2026Q1,TITN,1409171,ok,1,2026-03-19,0001628280-26-019629,titn-20260319.htm,titn8-kfy26q4releaseex991.htm,1,10-K,2026-03-31,0001628280-26-022376,titn-20260131.htm,1,1,True,True,True,,ready,2.14
2026Q1,TJX,109198,ok,1,2026-02-25,0000109198-26-000004,tjx-20260225.htm,tjxq4fy26earningspressrele.htm,1,10-K,2026-03-31,0000109198-26-000008,tjx-20260131.htm,1,1,True,True,True,,ready,2.31
2026Q1,TKO,0001973266,ok,1,2026-02-25,0001193125-26-071552,tko-20260225.htm,tko-ex99_1.htm;tko-ex99_2.htm,2,10-K,2026-02-25,0001193125-26-071651,tko-20251231.htm,1,2,True,True,True,,ready,3.68
2026Q1,TMHC,1562476,ok,1,2026-02-11,0001193125-26-045475,d61468d8k.htm,d61468dex991.htm,1,10-K,2026-02-18,0001628280-26-009030,tmhc-20251231.htm,1,1,True,True,True,,ready,2.21
2026Q1,TNDM,1438133,ok,1,2026-02-19,0001438133-26-000009,tndm-20260219.htm,ex991-q4earningsrelease2025.htm,1,10-K,2026-02-19,0001438133-26-000010,tndm-20251231.htm,1,1,True,True,True,,ready,2.07
2026Q1,TNET,937098,ok,1,2026-02-12,0000937098-26-000006,tnet-20260212.htm,tnet-123125xexhibit991.htm,1,10-K,2026-02-12,0000937098-26-000010,tnet-20251231.htm,1,1,True,True,True,,ready,2.33
2026Q1,TPB,1290677,ok,1,2026-03-02,0001437749-26-006236,tpb20260205_8k.htm,ex_917587.htm,1,10-K,2026-03-02,0001437749-26-006405,tpb20251231_10k.htm,1,1,True,True,True,,ready,2.58
2026Q1,TPC,77543,ok,1,2026-02-26,0000077543-26-000026,tpc-20260226.htm,tpc20260226ex991.htm,1,10-K,2026-02-26,0000077543-26-000028,tpc-20251231.htm,1,1,True,True,True,,ready,10.66
2026Q1,TPG,0001880661,ok,1,2026-02-05,0001880661-26-000003,tpg-20260205.htm,tpg4q25earningsrelease.htm;tpg4q25pressrelease.htm,2,10-K,2026-02-17,0001880661-26-000011,tpg-20251231.htm,1,2,True,True,True,,ready,3.82
2026Q1,TPGXL,0001880661,ok,1,2026-02-05,0001880661-26-000003,tpg-20260205.htm,tpg4q25earningsrelease.htm;tpg4q25pressrelease.htm,2,10-K,2026-02-17,0001880661-26-000011,tpg-20251231.htm,1,2,True,True,True,,ready,1.74
2026Q1,TPH,1561680,ok,1,2026-02-25,0001561680-26-000004,tph-20260225.htm,tphex991q42025.htm,1,10-K,2026-02-26,0001561680-26-000008,tph-20251231.htm,1,1,True,True,True,,ready,3.12
2026Q1,TPL,1811074,ok,1,2026-02-18,0001811074-26-000016,tpl-20260218.htm,a992-4q2025tplinvestorpr.htm;exhibit991q42025earningsre.htm,2,10-K,2026-02-18,0001811074-26-000018,tpl-20251231.htm,1,2,True,True,True,,ready,3.34
2026Q1,TPR,1116132,ok,1,2026-02-05,0001140361-26-003783,ef20064297_8k.htm,ef20064297_ex99-1.htm,1,10-Q,2026-02-05,0001116132-26-000005,tpr-20251227.htm,1,1,True,True,True,,ready,12.54
2026Q1,TR,98677,ok,1,2026-02-12,0001104659-26-014044,tr-20260211x8k.htm,tr-20260211xex99d1.htm,1,10-K,2026-02-27,0001104659-26-021621,tr-20251231x10k.htm,1,1,True,True,True,,ready,2.26
2026Q1,TRGP,1389170,ok,1,2026-02-19,0001193125-26-058040,trgp-20260219.htm,trgp-ex99_1.htm,1,10-K,2026-02-19,0001193125-26-059296,trgp-20251231.htm,1,1,True,True,True,,ready,3.91
2026Q1,TRIP,1526520,ok,1,2026-02-12,0001193125-26-047622,trip-20260212.htm,trip-ex99_1.htm;trip-ex99_2.htm,2,10-K,2026-02-13,0001193125-26-051281,trip-20251231.htm,1,2,True,True,True,,ready,4.09
2026Q1,TRMB,864749,ok,1,2026-02-10,0000864749-26-000006,trmb-20260210.htm,a2025q4-8kex991.htm,1,10-K,2026-02-25,0000864749-26-000015,trmb-20260102.htm,1,1,True,True,True,,ready,2.48
2026Q1,TRN,99780,ok,1,2026-02-12,0000099780-26-000009,trn-20260212.htm,exh991pressrelease12312025.htm;q42025investorpresentati.htm,2,10-K,2026-02-19,0000099780-26-000014,trn-20251231.htm,1,2,True,True,True,,ready,2.74
2026Q1,TROW,1113169,ok,1,2026-02-04,0001628280-26-005273,trow-20260204.htm,earningsreleaseq42025.htm,1,10-K,2026-02-13,0001628280-26-008002,trow-20251231.htm,1,1,True,True,True,,ready,2.96
2026Q1,TROX,1530804,ok,2,2026-01-26;2026-02-19,0001140361-26-002398;0001140361-26-006120,ef20063912_8k.htm;ef20066098_8k.htm,ef20063912_ex99-1.htm;ef20066098_ex99-1.htm,2,10-K,2026-02-20,0001530804-26-000006,trox-20251231.htm,2,2,True,True,True,,ready,3.70
2026Q1,TRS,842633,ok,1,2026-02-26,0000842633-26-000004,trs-20260226.htm,trs_123125xexhibit991.htm;trs_123125xexhibit992.htm,2,10-K,2026-03-02,0000842633-26-000012,trs-20251231.htm,1,2,True,True,True,,ready,2.86
2026Q1,TRUP,1371285,ok,1,2026-02-12,0001371285-26-000008,trup-20260212.htm,ex991q42025.htm,1,10-K,2026-02-13,0001371285-26-000018,trup-20251231.htm,1,1,True,True,True,,ready,3.10
2026Q1,TRV,86312,ok,1,2026-01-21,0000086312-26-000008,trv-20260121.htm,a991pressrelease123125.htm,1,10-K,2026-02-12,0000086312-26-000065,trv-20251231.htm,1,1,True,True,True,,ready,3.76
2026Q1,TSCO,916365,ok,1,2026-01-29,0000916365-26-000005,tsco-20260129.htm,ex991-q42025earningsrelease.htm,1,10-K,2026-02-19,0000916365-26-000014,tsco-20251227.htm,1,1,True,True,True,,ready,2.27
2026Q1,TSEOF,1519061,ok,1,2026-03-13,0001104659-26-027521,tse-20260313x8k.htm,tse-20260313xex99d1.htm;tse-20260313xex99d2.htm,2,10-K,2026-03-13,0001104659-26-027518,tse-20251231x10k.htm,1,2,True,True,True,,ready,3.18
2026Q1,TT,1466258,ok,1,2026-01-29,0001628280-26-003953,tt-20260129.htm,exhibit991-q42025earningsr.htm,1,10-K,2026-02-05,0001628280-26-005731,tt-20251231.htm,1,1,True,True,True,,ready,2.61
2026Q1,TTEC,1013880,ok,1,2026-02-26,0001104659-26-020555,tm267338d1_8k.htm,tm267338d1_ex99-1.htm,1,10-K,2026-02-26,0001104659-26-020532,ttec-20251231x10k.htm,1,1,True,True,True,,ready,3.30
2026Q1,TTEK,831641,ok,1,2026-01-28,0001104659-26-007481,tm264341d1_8k.htm,tm264341d1_ex99-1.htm,1,10-Q,2026-01-30,0000831641-26-000005,ttek-20251228.htm,1,1,True,True,True,,ready,1.99
2026Q1,TTMI,1116942,ok,1,2026-02-04,0001193125-26-037560,d19660d8k.htm,d19660dex991.htm,1,10-K,2026-02-17,0001193125-26-051976,ttmi-20251229.htm,1,1,True,True,True,,ready,2.47
2026Q1,TTSH,1552800,ok,0,,,,,0,10-K,2026-02-26,0001552800-26-000006,c800-20251231x10k.htm,0,0,True,False,True,,missing_8k_item_202;earnings_docs_not_ready,1.44
2026Q1,TTWO,946581,ok,1,2026-02-03,0001628280-26-005010,ttwo-20260203.htm,ttwo3q26earningsrelease.htm,1,10-Q,2026-02-04,0001628280-26-005119,ttwo-20251231.htm,1,1,True,True,True,,ready,2.10
2026Q1,TW,1758730,ok,1,2026-02-05,0001758730-26-000014,tw-20260205.htm,tw-2025xq4xex991.htm,1,10-K,2026-02-05,0001758730-26-000015,tw-20251231.htm,1,1,True,True,True,,ready,2.27
2026Q1,TWI,899751,ok,1,2026-02-26,0000899751-26-000009,twi-20260226.htm,q425earningsreleaseex99.htm,1,10-K,2026-02-26,0000899751-26-000007,twi-20251231.htm,1,1,True,True,True,,ready,2.83
2026Q1,TXNM,1108426,ok,1,2026-02-27,0001108426-26-000004,pnm-20260227.htm,exhibit99102272026earnings.htm,1,10-K,2026-02-27,0001108426-26-000006,pnm-20251231.htm,1,1,True,True,True,,ready,3.42
2026Q1,TXRH,1289460,ok,1,2026-02-19,0001104659-26-017538,txrh-20260218x8k.htm,txrh-20260218xex99d1.htm,1,10-K,2026-02-27,0001104659-26-021292,txrh-20251230x10k.htm,1,1,True,True,True,,ready,2.30
2026Q1,TXT,217346,ok,1,2026-01-28,0000217346-26-000002,txt-20260128.htm,q4258-kex991.htm,1,10-K,2026-02-11,0000217346-26-000006,txt-20260103.htm,1,1,True,True,True,,ready,2.46
2026Q1,TYL,860731,ok,1,2026-02-11,0000860731-26-000013,tyl-20260211.htm,a991earningsrelease12312025.htm,1,10-K,2026-02-18,0000860731-26-000016,tyl-20251231.htm,1,1,True,True,True,,ready,1.88
2026Q1,UBER,1543151,ok,1,2026-02-04,0001543151-26-000011,uber-20260130.htm,uberq425earningspressrelea.htm,1,10-K,2026-02-13,0001543151-26-000015,uber-20251231.htm,1,1,True,True,True,,ready,2.09
2026Q1,UBSI,729986,ok,1,2026-01-22,0001193125-26-018696,d74461d8k.htm,d74461dex991.htm;d74461dex992.htm,2,10-K,2026-02-27,0001193125-26-081470,d90970d10k.htm,1,2,True,True,True,,ready,3.94
2026Q1,UCB,857855,ok,1,2026-01-14,0001104659-26-003548,tm263094d1_8k.htm,tm263094d1_ex99-1.htm;tm263094d1_ex99-2.htm,2,10-K,2026-02-17,0000857855-26-000008,ucbi-20251231.htm,1,2,True,True,True,,ready,4.12
2026Q1,UDR,74208,ok,1,2026-02-09,0000074208-26-000009,udr-20260209x8k.htm,udr-20260209xex99d1.htm;udr-20260209xex99d2.htm,2,10-K,2026-02-17,0000074208-26-000013,udr-20251231x10k.htm,1,2,True,True,True,,ready,4.42
2026Q1,UEIC,101984,ok,1,2026-03-12,0000101984-26-000037,ueic-20260311.htm,exhibit991-8ker20260312.htm,1,10-K,2026-03-12,0000101984-26-000039,ueic-20251231.htm,1,1,True,True,True,,ready,2.17
2026Q1,UFCS,101199,ok,1,2026-02-11,0000101199-26-000006,ufcs-20260209.htm,q42025-pressrelease.htm,1,10-K,2026-02-26,0000101199-26-000015,ufcs-20251231.htm,1,1,True,True,True,,ready,2.38
2026Q1,UFPI,912767,ok,1,2026-02-23,0000912767-26-000008,ufpi-20260223x8k.htm,ufpi-20260223xex99da.htm,1,10-K,2026-02-25,0001104659-26-019567,ufpi-20251227x10k.htm,1,1,True,True,True,,ready,3.09
2026Q1,UHS,352915,ok,1,2026-02-26,0001193125-26-073545,uhs-20260225.htm,uhs-ex99_1.htm,1,10-K,2026-02-25,0001193125-26-071676,uhs-20251231.htm,1,1,True,True,True,,ready,3.60
2026Q1,UIS,746838,ok,1,2026-02-24,0000746838-26-000003,uis-20260224.htm,q42025earningsrelease.htm,1,10-K,2026-02-25,0000746838-26-000006,uis-20251231.htm,1,1,True,True,True,,ready,2.78
2026Q1,ULCC,1670076,ok,2,2026-01-08;2026-02-11,0001193125-26-007030;0001670076-26-000008,d88606d8k.htm;fron-20260211.htm,d88606dex991.htm;frontier_earningsreleasexq.htm,2,10-K,2026-02-18,0001670076-26-000020,fron-20251231.htm,2,2,True,True,True,,ready,2.72
2026Q1,ULH,1308208,ok,1,2026-03-13,0001193125-26-106206,ulh-20260313.htm,ulh-ex99_1.htm,1,10-K,2026-03-16,0001193125-26-108365,ulh-20251231.htm,1,1,True,True,True,,ready,2.58
2026Q1,ULTA,1403568,ok,1,2026-03-12,0001104659-26-027061,ulta-20260312x8k.htm,ulta-20260312xex99d1.htm,1,10-K,2026-03-26,0001104659-26-035243,ulta-20260131x10k.htm,1,1,True,True,True,,ready,2.86
2026Q1,UPBD,933036,ok,1,2026-02-19,0000933036-26-000005,upbd-20260219.htm,ex-991upboundgroupincrep.htm;ex-992upbdq42025earnings.htm;ex-993upbd2025q4investor.htm,3,10-K,2026-02-23,0000933036-26-000008,upbd-20251231.htm,1,3,True,True,True,,ready,2.56
2026Q1,UPST,1647639,ok,1,2026-02-10,0001647639-26-000025,upst-20260210.htm,upst991prq42025.htm,1,10-K,2026-02-10,0001647639-26-000027,upst-20251231.htm,1,1,True,True,True,,ready,1.90
2026Q1,UPWK,1627475,ok,1,2026-02-09,0001627475-26-000005,upwork-20260203.htm,exhibit991-upwork4q25andfu.htm,1,10-K,2026-02-13,0001627475-26-000012,upwk-20251231.htm,1,1,True,True,True,,ready,1.57
2026Q1,URI,1067701,ok,1,2026-01-28,0001067701-26-000009,uri-20260128.htm,uri-12312025xex991.htm,1,10-K,2026-01-28,0001067701-26-000007,uri-20251231.htm,1,1,True,True,True,,ready,2.24
2026Q1,USB,36104,ok,1,2026-01-20,0000036104-26-000005,usb-20260120.htm,a4q25earningscallpresent.htm;a4q25earningsrelease.htm;a4q25earningssupplement.htm,3,10-K,2026-02-23,0000036104-26-000011,usb-20251231.htm,1,3,True,True,True,,ready,3.40
2026Q1,USNA,896264,ok,2,2026-01-12;2026-02-18,0000896264-26-000005;0000896264-26-000014,usna-20260112.htm;usna-20260217.htm,usanapreliminaryq42025pres.htm;q42025earningsreleaseex991.htm,2,10-K,2026-03-16,0000896264-26-000021,usna-20260103.htm,2,2,True,True,True,,ready,3.64
2026Q1,UTHR,1082554,ok,1,2026-02-25,0001082554-26-000007,uthr-20260225.htm,,0,10-K,2026-02-25,0001082554-26-000006,uthr-20251231.htm,1,0,True,False,True,,missing_earnings_exhibit_doc;earnings_docs_not_ready,1.92
2026Q1,UTI,1261654,ok,1,2026-02-04,0001261654-26-000003,uti-20260204.htm,exhibit991-q12026earningsp.htm;utiq126investorpresentat.htm,2,10-Q,2026-02-05,0001261654-26-000006,uti-20251231.htm,1,2,True,True,True,,ready,2.47
2026Q1,UTZ,1739566,ok,3,2026-01-12;2026-02-03;2026-02-12,0001628280-26-001735;0001628280-26-004786;0001628280-26-007457,utz-20260112.htm;utz-20260203.htm;utz-20260210.htm,utzicrpre-announcement1112.htm;adjustedincomestatement.htm;draftutz4q25earningspres.htm;pressrelease-2025q4earning.htm,4,10-K,2026-02-12,0001628280-26-007757,utz-20251228.htm,3,4,True,True,True,,ready,4.61
2026Q1,UVV,102037,ok,1,2026-02-09,0001628280-26-006200,xbrl-20260203.htm,uvv-ex991x20251231xpressre.htm;uvv-ex992x20260209xpressre.htm,2,10-Q,2026-02-09,0001628280-26-006203,uvv-20251231.htm,1,1,True,True,True,earnings_exhibit:exhibit_not_earnings_like,ready,2.89
2026Q1,VAC,1524358,ok,1,2026-02-25,0001524358-26-000006,vac-20260225.htm,a2025q4earningsreleasesche.htm,1,10-K,2026-03-02,0001524358-26-000010,vac-20251231.htm,1,1,True,True,True,,ready,2.69
2026Q1,VAL,314808,ok,1,2026-02-19,0000314808-26-000025,val-20260219.htm,a12312025ex991pressrelease.htm,1,10-K,2026-02-20,0000314808-26-000029,val-20251231.htm,1,1,True,True,True,,ready,2.90
2026Q1,VC,1111335,ok,1,2026-02-19,0001111335-26-000005,vc-20260219.htm,visteonq42025pr.htm,1,10-K,2026-02-19,0001111335-26-000006,vc-20251231.htm,1,1,True,True,True,,ready,2.68
2026Q1,VCTR,1570827,ok,1,2026-02-04,0001193125-26-037708,vctr-20260204.htm,vctr-ex99_1.htm,1,10-K,2026-02-26,0001193125-26-077057,vctr-20251231.htm,1,1,True,True,True,,ready,3.24
2026Q1,VECO,103145,ok,1,2026-02-25,0001104659-26-019672,veco-20260225x8k.htm,veco-20260225xex99d1.htm;veco-20260225xex99d2.htm,2,10-K,2026-02-25,0001104659-26-019711,veco-20251231x10k.htm,1,2,True,True,True,,ready,3.58
2026Q1,VERX,1806837,ok,1,2026-02-11,0001104659-26-013015,verx-20260211x8k.htm,verx-20260211xex99d1.htm,1,10-K,2026-02-24,0001104659-26-019165,verx-20251231x10k.htm,1,1,True,True,True,,ready,3.01
2026Q1,VIAV,912093,ok,1,2026-01-28,0001628280-26-003845,viav-20260128.htm,viavq2fy268-kex991.htm,1,10-Q,2026-01-29,0001628280-26-004138,viav-20251227.htm,1,1,True,True,True,,ready,2.21
2026Q1,VITL,1579733,ok,1,2026-02-26,0001193125-26-073373,vitl-20260220.htm,vitl-ex99_1.htm;vitl-ex99_2.htm,2,10-K,2026-02-26,0001193125-26-073423,vitl-20251228.htm,1,2,True,True,True,,ready,2.93
2026Q1,VLTO,0001967680,ok,1,2026-02-03,0001967680-26-000003,vlto-20260203.htm,vlto-202625xex991.htm,1,10-K,2026-02-20,0001967680-26-000011,vlto-20251231.htm,1,1,True,True,True,,ready,2.37
2026Q1,VMC,1396009,ok,1,2026-02-17,0001140361-26-005605,ef20065685_8k.htm,ef20065685_ex99-1.htm,1,10-K,2026-02-19,0001628280-26-009546,vmc-20251231.htm,1,1,True,True,True,,ready,2.58
2026Q1,VREX,1681622,ok,1,2026-02-10,0001681622-26-000015,vrex-20260210.htm,exhibit991-q126earningsrel.htm,1,10-Q,2026-02-10,0001681622-26-000016,var-20260102.htm,1,1,True,True,True,,ready,1.96
2026Q1,VRSN,1014473,ok,1,2026-02-05,0001014473-26-000005,vrsn-20260205.htm,q42025earningsrelease.htm,1,10-K,2026-02-05,0001014473-26-000006,vrsn-20251231.htm,1,1,True,True,True,,ready,2.21
2026Q1,VRT,1674101,ok,1,2026-02-11,0001674101-26-000006,vrt-20260211.htm,exhibit991vrt02112026.htm,1,10-K,2026-02-13,0001674101-26-000008,vrt-20251231.htm,1,1,True,True,True,,ready,2.13
2026Q1,VRTS,883237,ok,1,2026-02-06,0000883237-26-000004,vrts-20260206.htm,docq42025earningsrelease.htm,1,10-K,2026-02-27,0000883237-26-000009,vrts-20251231.htm,1,1,True,True,True,,ready,2.39
2026Q1,VRTX,875320,ok,1,2026-02-12,0000875320-26-000034,vrtx-20260212.htm,ex-991_q42025.htm,1,10-K,2026-02-13,0000875320-26-000056,vrtx-20251231.htm,1,1,True,True,True,,ready,2.67
2026Q1,VSAT,797721,ok,1,2026-02-05,0001193125-26-039528,d39970d8k.htm,d39970dex991.htm;d39970dex992.htm,2,10-Q,2026-02-06,0001193125-26-041421,vsat-20251231.htm,1,2,True,True,True,,ready,2.91
2026Q1,VSCO,1856437,ok,1,2026-03-05,0001856437-26-000002,vsco-20260305.htm,ex991vscoq42025earningsrel.htm,1,10-K,2026-03-20,0001856437-26-000004,vsco-20260131.htm,1,1,True,True,True,,ready,1.83
2026Q1,VSEC,102752,ok,2,2026-01-29;2026-02-26,0001193125-26-028344;0000102752-26-000005,d802184d8k.htm;vsec-20260225.htm,d802184dex991.htm;vsec-prxy2025earningsrelea.htm,2,10-K,2026-02-27,0000102752-26-000015,vsec-20251231.htm,2,2,True,True,True,,ready,4.19
2026Q1,VSH,103730,ok,1,2026-02-04,0000103730-26-000008,form8-k.htm,exhibit99-1.htm,1,10-K,2026-02-13,0000103730-26-000019,form10k.htm,1,1,True,True,True,,ready,2.83
2026Q1,VST,1692819,ok,1,2026-02-26,0001193125-26-073364,d21122d8k.htm,d21122dex991.htm,1,10-K,2026-02-27,0001692819-26-000006,vistra-20251231.htm,1,1,True,True,True,,ready,2.90
2026Q1,VSTS,0001967649,ok,1,2026-02-10,0001628280-26-006644,vsts-20260210.htm,ex992vstsq1fy26earningsd.htm;vstsq1fy26earningsrelease-.htm,2,10-Q,2026-02-10,0001628280-26-006647,vsts-20260102.htm,1,2,True,True,True,,ready,2.03
2026Q1,VTOL,1525221,ok,1,2026-02-25,0001525221-26-000011,vtol-20260225.htm,ex992q42025.htm;q42025exhibit991.htm,2,10-K,2026-02-26,0001525221-26-000013,vtol-20251231.htm,1,2,True,True,True,,ready,3.32
2026Q1,VTR,740260,ok,1,2026-02-05,0000740260-26-000003,vtr-20260205.htm,fullyear2025earningsrelease.htm,1,10-K,2026-02-06,0000740260-26-000006,vtr-20251231.htm,1,1,True,True,True,,ready,3.83
2026Q1,VTRS,1792044,ok,1,2026-02-26,0001792044-26-000010,vtrs-20260223.htm,exhibit991-4q25earningsrel.htm,1,10-K,2026-02-26,0001792044-26-000013,vtrs-20251231.htm,1,1,True,True,True,,ready,2.27
2026Q1,VVX,1601548,ok,1,2026-02-23,0001601548-26-000016,vec-20260223.htm,v2xq42025pressreleasevf.htm,1,10-K,2026-02-23,0001601548-26-000015,vec-20251231.htm,1,1,True,True,True,,ready,1.71
2026Q1,VYGR,1640266,ok,1,2026-03-09,0001104659-26-025201,vygr-20260309x8k.htm,vygr-20260309xex99d1.htm,1,10-K,2026-03-09,0001104659-26-025197,vygr-20251231x10k.htm,1,1,True,True,True,,ready,2.16
2026Q1,VYX,70866,ok,1,2026-02-26,0000070866-26-000005,ncr-20260226.htm,exhibit991-q42025earningsr.htm;exhibit992-q42025callsli.htm,2,10-K,2026-02-26,0000070866-26-000006,ncr-20251231.htm,1,2,True,True,True,,ready,2.89
2026Q1,WAB,943452,ok,1,2026-02-11,0001628280-26-007113,wab-20260211.htm,a4q2025pressrelease.htm;wab4q25earningspresentat.htm,2,10-K,2026-02-13,0001628280-26-008067,wab-20251231.htm,1,2,True,True,True,,ready,3.04
2026Q1,WAT,1000697,ok,1,2026-02-09,0001193125-26-041897,d37473d8k.htm,d37473dex991.htm,1,10-K,2026-02-23,0001193125-26-062604,d778470d10k.htm,1,1,True,True,True,,ready,2.77
2026Q1,WD,1497770,ok,1,2026-02-26,0001104659-26-019956,wd-20260226x8k.htm,wd-20260226xex99d1.htm,1,10-K,2026-02-26,0001104659-26-020249,wd-20251231x10k.htm,1,1,True,True,True,,ready,3.28
2026Q1,WDC,106040,ok,1,2026-01-29,0001628280-26-004131,wdc-20260129.htm,a4ex991-pressreleaseq226.htm,1,10-Q,2026-01-30,0001628280-26-004207,wdc-20260102.htm,1,1,True,True,True,,ready,2.18
2026Q1,WEC,783325,ok,3,2026-01-05;2026-02-03;2026-02-05,0000783325-26-000003;0000783325-26-000006;0000783325-26-000011,wec-20260105.htm;wec-20260203.htm;wec-20260205.htm,a012026januaryfinal.htm;a2025q4wecearningsreleasee.htm,2,10-K,2026-02-20,0000783325-26-000018,wec-20251231.htm,3,2,True,True,True,,ready,5.34
2026Q1,WELL,766704,ok,1,2026-02-10,0000766704-26-000005,well-20260210.htm,a4q25earningsrelease991.htm,1,10-K,2026-02-12,0000766704-26-000010,well-20251231.htm,1,1,True,True,True,,ready,2.68
2026Q1,WEN,30697,ok,1,2026-02-13,0001193125-26-049816,d81721d8k.htm,d81721dex991.htm,1,10-K,2026-02-23,0000030697-26-000009,wen-20251228.htm,1,1,True,True,True,,ready,2.97
2026Q1,WERN,793074,ok,1,2026-02-05,0000793074-26-000009,wern-20260205.htm,wern-2025x1231xex991.htm,1,10-K,2026-02-26,0000793074-26-000071,wern-20251231.htm,1,1,True,True,True,,ready,2.15
2026Q1,WEST,0001806347,ok,1,2026-03-10,0001104659-26-025834,west-20260305x8k.htm,west-20260305xex99d1.htm,1,10-K,2026-03-10,0001104659-26-025932,west-20251231x10k.htm,1,1,True,True,True,,ready,2.84
2026Q1,WFRD,1603923,ok,1,2026-02-03,0001603923-26-000011,wfrd-20260203.htm,a2025-q4ex991earningsrelea.htm,1,10-K,2026-02-04,0001603923-26-000014,wfrd-20251231.htm,1,1,True,True,True,,ready,2.72
2026Q1,WHD,1699136,ok,1,2026-02-26,0001628280-26-011856,whd-20260225.htm,whd-20251231xexhibit991.htm,1,10-K,2026-02-26,0001628280-26-012377,whd-20251231.htm,1,1,True,True,True,,ready,2.23
2026Q1,WING,1636222,ok,1,2026-02-18,0001636222-26-000006,wing-20260217.htm,a991wingearningsrelease.htm,1,10-K,2026-02-18,0001636222-26-000008,wing-20251227.htm,1,1,True,True,True,,ready,2.07
2026Q1,WK,1445305,ok,1,2026-02-19,0001445305-26-000015,wk-20260219.htm,q42025exhibit991.htm,1,10-K,2026-02-19,0001445305-26-000016,wk-20251231.htm,1,1,True,True,True,,ready,2.02
2026Q1,WLDN,1370450,ok,1,2026-02-26,0001104659-26-020502,wldn-20260226x8k.htm,wldn-20260226xex99d1.htm,1,10-K,2026-02-27,0001104659-26-020767,wldn-20260102x10k.htm,1,1,True,True,True,,ready,3.94
2026Q1,WLKP,1604665,ok,1,2026-02-24,0001604665-26-000003,wlkp-20260224.htm,ex991_20251231earningsrele.htm,1,10-K,2026-03-04,0001604665-26-000010,wlkp-20251231.htm,1,1,True,True,True,,ready,2.05
2026Q1,WLY,107140,ok,1,2026-03-05,0000107140-26-000009,jwa-20260305.htm,ex991.htm;exhibit992-q326earningsp.htm,2,10-Q,2026-03-06,0000107140-26-000012,jwa-20260131.htm,1,2,True,True,True,,ready,2.96
2026Q1,WM,823768,ok,1,2026-01-28,0001104659-26-007476,tm264211d1_8k.htm,tm264211d1_ex99-1.htm,1,10-K,2026-02-09,0001104659-26-012049,wm-20251231x10k.htm,1,1,True,True,True,,ready,2.90
2026Q1,WMG,1319161,ok,1,2026-02-05,0001319161-26-000007,wmg-20260205.htm,q12026ex991.htm,1,10-Q,2026-02-09,0001319161-26-000010,wmg-20251231.htm,1,1,True,True,True,,ready,1.98
2026Q1,WMK,105418,ok,1,2026-03-13,0000105418-26-000028,wmk-20260312x8k.htm,wmk-20260312xex99d1.htm,1,10-K,2026-03-12,0000105418-26-000024,wmk-20251227x10k.htm,1,1,True,True,True,,ready,2.13
2026Q1,WNC,879526,ok,1,2026-02-04,0000879526-26-000007,wnc-20260204.htm,wnc-20251231xex991.htm,1,10-K,2026-02-18,0000879526-26-000036,wnc-20251231.htm,1,1,True,True,True,,ready,2.42
2026Q1,WOOF,1826470,ok,1,2026-03-11,0001193125-26-102144,woof-20260311.htm,woof-ex99_1.htm,1,10-K,2026-03-13,0001193125-26-106114,woof-20260131.htm,1,1,True,True,True,,ready,2.80
2026Q1,WOR,108516,ok,2,2026-03-24;2026-03-27,0001193125-26-121855;0001193125-26-128951,wor-20260324.htm;wor-20260325.htm,wor-ex99_1.htm;wor-ex99_2.htm;wor-ex99_1.htm,3,10-Q,2026-01-09,0001193125-26-008430,wor-20251130.htm,2,3,True,True,True,,ready,4.68
2026Q1,WRB,11544,ok,1,2026-01-26,0000011544-26-000003,wrb-20260126.htm,wrb123120258-kex991.htm,1,10-K,2026-02-27,0000011544-26-000005,wrb-20251231.htm,1,1,True,True,True,,ready,2.67
2026Q1,WRBY,1504776,ok,1,2026-02-26,0001504776-26-000003,wrby-20260226.htm,warbyparkerincearningsrele.htm,1,10-K,2026-02-26,0001504776-26-000006,wrby-20251231.htm,1,1,True,True,True,,ready,2.08
2026Q1,WS,0001968487,ok,1,2026-03-26,0001968487-26-000003,ws-20260325.htm,ws-ex99_1.htm;ws-ex99_2.htm;ws-ex99_3.htm,3,10-Q,2026-01-08,0001193125-26-007694,ws-20251130.htm,1,3,True,True,True,,ready,3.87
2026Q1,WSC,1647088,ok,1,2026-02-19,0001647088-26-000009,wsc-20260219.htm,ex991-pressreleasexq42025.htm,1,10-K,2026-02-19,0001647088-26-000011,wsc-20251231.htm,1,1,True,True,True,,ready,1.96
2026Q1,WSFS,828944,ok,1,2026-01-26,0000828944-26-000003,wsfs-20260126.htm,exhibit991earningsrelease1.htm,1,10-K,2026-03-02,0000828944-26-000006,wsfs-20251231.htm,1,1,True,True,True,,ready,3.52
2026Q1,WSM,719955,ok,1,2026-03-18,0000719955-26-000030,wsm-20260318.htm,exhibit991fy2025q4earnings.htm;exhibit992q126dividendincr.htm,2,10-K,2026-03-26,0000719955-26-000059,wsm-20260201.htm,1,2,True,True,True,,ready,2.59
2026Q1,WST,105770,ok,1,2026-02-12,0000105770-26-000005,wst-20260212.htm,a4q25earningsdeck-final.htm;exh991q42025earningsrelease.htm,2,10-K,2026-02-17,0000105770-26-000010,wst-20251231.htm,1,2,True,True,True,,ready,2.87
2026Q1,WTFC,1015328,ok,1,2026-01-20,0001015328-26-000004,wtfc-20260120.htm,q4-2025earningsreleasepr.htm;q4-2025exhibit991.htm,2,10-K,2026-02-26,0001015328-26-000007,wtfc-20251231.htm,1,2,True,True,True,,ready,3.84
2026Q1,WTI,1288403,ok,2,2026-03-09;2026-03-16,0001104659-26-024935;0001104659-26-028510,tm268322d1_8k.htm;wti-20260316x8k.htm,tm268322d1_ex99-1.htm;wti-20260316xex99d1.htm,2,10-K,2026-03-16,0001104659-26-028315,wti-20251231x10k.htm,2,2,True,True,True,,ready,4.83
2026Q1,WTS,795403,ok,1,2026-02-11,0001104659-26-013437,wts-20260211x8k.htm,wts-20260211xex99d1.htm,1,10-K,2026-02-23,0001104659-26-018541,wts-20251231x10k.htm,1,1,True,True,True,,ready,3.02
2026Q1,WTTR,1693256,ok,1,2026-02-17,0001140361-26-005834,ef20065909_8k.htm,ef20065909_ex99-1.htm,1,10-K,2026-02-18,0001104659-26-017085,wttr-20251231x10k.htm,1,1,True,True,True,,ready,2.48
2026Q1,WWW,110471,ok,1,2026-02-26,0001628280-26-011956,www-20260226.htm,earningsrelease2025-q4.htm,1,10-K,2026-02-27,0001628280-26-012614,www-20260103.htm,1,1,True,True,True,,ready,3.22
2026Q1,WY,106535,ok,1,2026-01-29,0001193125-26-029351,wy-20260129.htm,wy-ex99_1.htm;wy-ex99_2.htm,2,10-K,2026-02-13,0001193125-26-051422,wy-20251231.htm,1,2,True,True,True,,ready,4.34
2026Q1,WYNN,1174922,ok,1,2026-02-12,0001174922-26-000007,wynn-20260212.htm,ex991wrlye2025pressrelease.htm,1,10-K,2026-03-02,0001174922-26-000013,wynn-20251231.htm,1,1,True,True,True,,ready,2.88
2026Q1,XEL,72903,ok,1,2026-02-05,0000072903-26-000006,xel-20260205.htm,xcelearningsreleaseq42025.htm,1,10-K,2026-02-25,0000072903-26-000009,xel-20251231.htm,1,1,True,True,True,,ready,3.11
2026Q1,XHR,1616000,ok,1,2026-02-24,0001628280-26-010860,xhr-20260224.htm,ex991q42025xhrearningsrele.htm;ex992q42025supplementalfin.htm,2,10-K,2026-02-24,0001628280-26-011060,xhr-20251231.htm,1,2,True,True,True,,ready,3.04
2026Q1,XMTR,1657573,ok,1,2026-02-24,0001193125-26-065195,xmtr-20260224.htm,xmtr-ex99_1.htm,1,10-K,2026-02-24,0001193125-26-066959,xmtr-20251231.htm,1,1,True,True,True,,ready,3.04
2026Q1,XPER,0001788999,ok,1,2026-02-25,0001193125-26-071698,xper-20260225.htm,xper-ex99_1.htm,1,10-K,2026-02-26,0001193125-26-076849,xper-20251231.htm,1,1,True,True,True,,ready,2.89
2026Q1,XRAY,818479,ok,1,2026-02-26,0000818479-26-000072,xray-20260226.htm,dentsplysirona8kq42025ex991.htm,1,10-K,2026-02-26,0000818479-26-000075,xray-20251231.htm,1,1,True,True,True,,ready,2.77
2026Q1,XRX,1770450,ok,1,2026-01-29,0001770450-26-000003,xrx-20260129.htm,ex991xrx1231258-ker.htm,1,10-K,2026-03-17,0001770450-26-000009,xrx-20251231.htm,1,1,True,True,True,,ready,2.97
2026Q1,XYL,1524472,ok,1,2026-02-10,0001524472-26-000008,xyl-20260210.htm,xyl02102026ex991.htm,1,10-K,2026-02-25,0001524472-26-000012,xyl-20251231.htm,1,1,True,True,True,,ready,3.01
2026Q1,XYZ,1512673,ok,1,2026-02-26,0001193125-26-076557,d108590d8k.htm,d108590dex991.htm,1,10-K,2026-02-26,0001628280-26-012254,xyz-20251231.htm,1,1,True,True,True,,ready,2.64
2026Q1,YELP,1345016,ok,1,2026-02-12,0001345016-26-000011,yelp-20260212.htm,yelpq4-25ex991pressrelease.htm;yelpq42025ex992lettertos.htm,2,10-K,2026-02-27,0001345016-26-000019,yelp-20251231.htm,1,2,True,True,True,,ready,2.53
2026Q1,YOU,1856314,ok,1,2026-02-25,0001856314-26-000004,you-20260225.htm,clearq42025pressreleaseear.htm,1,10-K,2026-02-25,0001856314-26-000006,you-20251231.htm,1,1,True,True,True,,ready,2.22
2026Q1,YUM,1041061,ok,1,2026-02-04,0001041061-26-000003,yum-20260204.htm,a8kex991242026.htm,1,10-K,2026-02-20,0001041061-26-000084,yum-20251231.htm,1,1,True,True,True,,ready,2.94
2026Q1,Z,1617640,ok,1,2026-02-10,0001617640-26-000012,z-20260210.htm,exhibit993.htm,1,10-K,2026-02-11,0001617640-26-000015,z-20251231.htm,1,1,True,True,True,,ready,2.07
2026Q1,ZBH,1136869,ok,1,2026-02-10,0001193125-26-043620,zbh-20260210.htm,zbh-ex99_1.htm,1,10-K,2026-02-20,0001193125-26-059853,zbh-20251231.htm,1,1,True,True,True,,ready,3.32
2026Q1,ZBRA,877212,ok,1,2026-02-12,0000877212-26-000003,zbra-20260212.htm,zbraex991123125.htm,1,10-K,2026-02-12,0001628280-26-007668,zbra-20251231.htm,1,1,True,True,True,,ready,2.04
2026Q1,ZD,1084048,ok,1,2026-02-24,0001084048-26-000003,zd-20260223.htm,zd20251231pressrelease.htm;zdq42025earningspresenta.htm,2,10-K,2026-02-24,0001084048-26-000005,zd-20251231.htm,1,2,True,True,True,,ready,2.51
2026Q1,ZETA,1851003,ok,1,2026-02-24,0001193125-26-066951,zeta-20260224.htm,zeta-ex99_1.htm,1,10-K,2026-02-25,0001193125-26-068598,zeta-20251231.htm,1,1,True,True,True,,ready,2.43
2026Q1,ZG,1617640,ok,1,2026-02-10,0001617640-26-000012,z-20260210.htm,exhibit993.htm,1,10-K,2026-02-11,0001617640-26-000015,z-20251231.htm,1,1,True,True,True,,ready,1.81
2026Q1,ZION,109380,ok,1,2026-01-20,0000109380-26-000009,zion-20260120.htm,earningspresentation-202.htm;exh991earningsrelease20251.htm,2,10-K,2026-02-24,0000109380-26-000046,zions-20251231.htm,1,2,True,True,True,,ready,3.88
2026Q1,ZIP,1617553,ok,1,2026-02-25,0001617553-26-000015,zip-20260223.htm,ex991-q42025earningsrelease.htm;ex992-q42025shareholderl.htm,2,10-K,2026-02-25,0001617553-26-000016,zip-20251231.htm,1,2,True,True,True,,ready,2.58
2026Q1,ZM,1585521,ok,1,2026-02-25,0001585521-26-000026,zm-20260225.htm,zm-20260225ex991.htm,1,10-K,2026-02-27,0001585521-26-000030,zm-20260131.htm,1,1,True,True,True,,ready,2.10
2026Q1,ZTS,1555280,ok,1,2026-02-12,0001555280-26-000008,zts-20260212.htm,exhibit9912-31x25q4.htm,1,10-K,2026-02-12,0001555280-26-000011,zts-20251231.htm,1,1,True,True,True,,ready,2.19
2026Q1,ZWS,1439288,ok,1,2026-02-03,0001628280-26-005012,zws-20260203.htm,ex991earningsrelease123125.htm,1,10-K,2026-02-09,0001628280-26-006372,zws-20251231.htm,1,1,True,True,True,,ready,2.46
2026Q1,ABT,1800,ok,1,2026-01-22,0001628280-26-002982,abt-20260122.htm,abt-2025q4xexhibitx991.htm,1,10-K,2026-02-20,0001628280-26-010185,abt-20251231.htm,1,1,True,True,True,,ready,2.73
2026Q1,AIZ,1267238,ok,1,2026-02-10,0001267238-26-000006,aiz-20260210.htm,aiz-20251231exx991pressrel.htm,1,10-K,2026-02-19,0001267238-26-000010,aiz-20251231.htm,1,1,True,True,True,,ready,2.83
2026Q1,AMP,820027,ok,1,2026-01-29,0000820027-26-000004,amp-20260129.htm,q42025er.htm,1,10-K,2026-02-19,0000820027-26-000011,amp-20251231.htm,1,1,True,True,True,,ready,3.72
2026Q1,BF-B,14693,ok,1,2026-03-04,0000014693-26-000005,bfb-20260304.htm,fy26_q3xerevergreen.htm,1,10-Q,2026-03-04,0000014693-26-000010,bfb-20260131.htm,1,1,True,True,True,,ready,2.19
2026Q1,CBRE,1138118,ok,1,2026-02-12,0001138118-26-000002,cbre-20260212.htm,cbre-20260212x8kexx991.htm,1,10-K,2026-02-12,0001138118-26-000005,cbre-20251231.htm,1,1,True,True,True,,ready,2.21
2026Q1,CEG,0001868275,ok,1,2026-02-24,0001868275-26-000029,ceg-20260224.htm,ceg-20260224991.htm,1,10-K,2026-02-24,0001868275-26-000032,ceg-20251231.htm,1,1,True,True,True,,ready,2.70
2026Q1,CPRT,900075,ok,1,2026-02-19,0001193125-26-059440,cprt-20260219.htm,cprt-ex99_1.htm,1,10-Q,2026-03-03,0001193125-26-088593,cprt-20260131.htm,1,1,True,True,True,,ready,1.93
2026Q1,DXCM,1093557,ok,2,2026-01-12;2026-02-12,0001093557-26-000003;0001093557-26-000025,dxcm-20260107.htm;dxcm-20260212.htm,dxcm20260107-exhibit992.htm;dxcm20260112-exhibit991.htm;dxcm12312025-exhibit991.htm,3,10-K,2026-02-12,0001093557-26-000027,dxcm-20251231.htm,2,2,True,True,True,earnings_exhibit:exhibit_not_earnings_like,ready,3.10
2026Q1,EOG,821189,ok,2,2026-01-12;2026-02-24,0000821189-26-000012;0000821189-26-000052,eog-20260112.htm;eog-20260224.htm,exh99-1022426.htm,1,10-K,2026-02-24,0000821189-26-000054,eog-20251231.htm,2,1,True,True,True,,ready,4.34
2026Q1,EQT,33213,ok,2,2026-01-29;2026-02-17,0000033213-26-000005;0000033213-26-000012,eqt-20260129.htm;eqt-20260217.htm,ex99112312025earningsrelea.htm,1,10-K,2026-02-18,0000033213-26-000018,eqt-20251231.htm,2,1,True,True,True,,ready,3.68
2026Q1,FANG,1539838,ok,2,2026-01-12;2026-02-23,0001539838-26-000003;0001539838-26-000006,fang-20260112.htm;fang-20260223.htm,diamondbackex991-2x23x26.htm;diamondbackex992-2x23x26.htm,2,10-K,2026-02-25,0001539838-26-000010,fang-20251231.htm,2,2,True,True,True,,ready,3.17
2026Q1,FCX,831259,ok,1,2026-01-22,0000831259-26-000006,fcx-20260122.htm,a4q2025exhibit991.htm,1,10-K,2026-02-13,0000831259-26-000012,fcx-20251231.htm,1,1,True,True,True,,ready,3.61
2026Q1,GNRC,1474735,ok,1,2026-02-11,0001437749-26-003700,gnrc20260211_8k.htm,ex_919348.htm,1,10-K,2026-02-18,0001437749-26-004568,gnrc20251231_10k.htm,1,1,True,True,True,,ready,2.25
2026Q1,HOOD,1783879,ok,2,2026-01-30;2026-02-10,0001783879-26-000007;0001783879-26-000013,hood-20260130.htm;hood-20260206.htm,a165998_606xnmsx2025xq4x.htm;a287900_606xnmsx2025xq4x.htm;q42025robinhoodexhibit991.htm,3,10-K,2026-02-18,0001783879-26-000023,hood-20251231.htm,2,1,True,True,True,earnings_exhibit:exhibit_not_earnings_like,ready,3.74
2026Q1,IBKR,1381197,ok,1,2026-01-20,0001193125-26-016540,ibkr-20260120.htm,ibkr-ex99_1.htm,1,10-K,2026-02-27,0001381197-26-000062,ibkr-20251231.htm,1,1,True,True,True,,ready,3.33
2026Q1,INCY,879169,ok,1,2026-02-10,0000879169-26-000006,incy-20260210.htm,incy-q42025xexx991.htm,1,10-K,2026-02-10,0000879169-26-000010,incy-20251231.htm,1,1,True,True,True,,ready,2.14
2026Q1,INVH,1687229,ok,1,2026-02-18,0001687229-26-000013,invh-20260218.htm,q42025supplemental.htm,1,10-K,2026-02-19,0001687229-26-000016,invh-20251231.htm,1,1,True,True,True,,ready,2.48
2026Q1,JBHT,728535,ok,1,2026-01-15,0001437749-26-001357,jbht20260114_8k.htm,ex_907715.htm,1,10-K,2026-02-24,0001437749-26-005294,jbht20251231_10k.htm,1,1,True,True,True,,ready,2.18
2026Q1,KMB,55785,ok,1,2026-01-27,0001628280-26-003514,pre-20260127.htm,kmb2025q48kex-991.htm,1,10-K,2026-02-12,0001628280-26-007567,kmb-20251231.htm,1,1,True,True,True,,ready,2.36
2026Q1,MMM,66740,ok,1,2026-01-20,0000066740-26-000003,mmm-20260120.htm,q42025-8kerexx991.htm,1,10-K,2026-02-03,0000066740-26-000014,mmm-20251231.htm,1,1,True,True,True,,ready,3.83
2026Q1,MPWR,1280452,ok,1,2026-02-05,0001437749-26-003191,mpwr20251110_8k.htm,ex_886151.htm;ex_886152.htm;ex_917134.htm,3,10-K,2026-02-27,0001437749-26-006113,mpwr20251231_10k.htm,1,2,True,True,True,earnings_exhibit:exhibit_not_earnings_like,ready,2.78
2026Q1,NCLH,1513761,ok,2,2026-02-12;2026-03-02,0001171843-26-000788;0001171843-26-001220,f8k_021226.htm;f8k_030226.htm,exh_991.htm;exh_991.htm,2,10-K,2026-03-02,0001104659-26-022067,nclh-20251231x10k.htm,2,2,True,True,True,,ready,3.39
2026Q1,NOW,1373715,ok,1,2026-01-28,0001373715-26-000005,now-20260128.htm,erq4fy25.htm,1,10-K,2026-01-29,0001373715-26-000007,now-20251231.htm,1,1,True,True,True,,ready,2.24
2026Q1,O,726728,ok,1,2026-02-24,0000726728-26-000009,o-20260224.htm,o-991q42025.htm;realtyincomeq42025supple.htm,2,10-K,2026-02-25,0000726728-26-000011,o-20251231.htm,1,2,True,True,True,,ready,2.82
2026Q1,PNC,713676,ok,1,2026-01-16,0000713676-26-000006,pnc-20260116.htm,q42025financialhighlightsa.htm;q42025financialsupplement.htm,2,10-K,2026-02-20,0000713676-26-000020,pnc-20251231.htm,1,2,True,True,True,,ready,5.54
2026Q1,POOL,945841,ok,1,2026-02-19,0001193125-26-058288,pool-20260219.htm,pool-ex99_1.htm,1,10-K,2026-02-26,0001193125-26-074833,pool-20251231.htm,1,1,True,True,True,,ready,2.40
2026Q1,REGN,872589,ok,2,2026-01-12;2026-01-30,0001104659-26-002691;0000872589-26-000004,tm262861d1_8k.htm;regn-20260130.htm,tm262861d1_ex99-1.htm;exhibit991q42025.htm,2,10-K,2026-02-04,0000872589-26-000008,regn-20251231.htm,2,2,True,True,True,,ready,3.31
2026Q1,SOLV,0001964738,ok,1,2026-02-26,0001964738-26-000005,solv-20260226.htm,q42025-8kerexx991.htm,1,10-K,2026-02-27,0001964738-26-000007,solv-20251231.htm,1,1,True,True,True,,ready,2.71
2026Q1,SRE,1032208,ok,1,2026-02-26,0001032208-26-000008,sempra-20260226.htm,ex99_1x20251231xearningsta.htm;ex99_2x20251231xearningsta.htm,2,10-K,2026-02-26,0001032208-26-000010,sre-20251231.htm,1,2,True,True,True,,ready,4.38
2026Q1,TTD,1671933,ok,2,2026-01-26;2026-02-25,0001193125-26-021804;0001671933-26-000009,d20637d8k.htm;ttd-20260225.htm,d20637dex991.htm;ttd-20260225x8kexx991.htm,2,10-K,2026-02-27,0001671933-26-000014,ttd-20251231.htm,2,2,True,True,True,,ready,3.01
2026Q1,UNP,100885,ok,1,2026-01-27,0000100885-26-000032,unp-20260127.htm,a2026-01x278xkex991earning.htm,1,10-K,2026-02-06,0000100885-26-000037,unp-20251231.htm,1,1,True,True,True,,ready,2.02
2026Q1,VRSK,1442145,ok,1,2026-02-18,0001437749-26-004451,vrsk20251203_8k.htm,ex_895228.htm,1,10-K,2026-02-18,0001437749-26-004452,vrsk20251231_10k.htm,1,1,True,True,True,,ready,2.50
2026Q1,WDAY,1327811,ok,2,2026-02-04;2026-02-24,0001327811-26-000004;0001327811-26-000010,wday-20260130.htm;wday-20260224.htm,wday-01312026x991.htm,1,10-K,2026-03-06,0001327811-26-000014,wday-20260131.htm,2,1,True,True,True,,ready,3.31
2026Q1,WMB,107263,ok,1,2026-02-10,0000107263-26-000003,wmb-20260210.htm,wmb_20251231xer.htm,1,10-K,2026-02-24,0000107263-26-000006,wmb-20251231.htm,1,1,True,True,True,,ready,3.42
2026Q1,WTW,1140536,ok,1,2026-02-03,0001171843-26-000577,f8k_020326.htm,exh_991.htm;exh_992.htm,2,10-K,2026-02-25,0001193125-26-069307,wtw-20251231.htm,1,2,True,True,True,,ready,4.10
2026Q1,ZS,1713683,ok,1,2026-02-26,0001713683-26-000047,zs-20260226.htm,zs-01312026_991.htm,1,10-Q,2026-02-26,0001713683-26-000048,zs-20260131.htm,1,1,True,True,True,,ready,2.26
