quarter,asof_date,ticker,cik,entity_name,revenue_bucket,revenue_filter_keep_under_10b,revenue_value,revenue_fact_name,revenue_unit,revenue_filed,revenue_form,revenue_period_end,net_income_value,net_income_fact_name,net_income_unit,net_income_filed,net_income_form,net_income_period_end,assets_value,assets_fact_name,assets_unit,assets_filed,assets_form,assets_period_end,financing_cash_flow_value,financing_cash_flow_fact_name,financing_cash_flow_unit,financing_cash_flow_filed,financing_cash_flow_form,financing_cash_flow_period_end,investing_cash_flow_value,investing_cash_flow_fact_name,investing_cash_flow_unit,investing_cash_flow_filed,investing_cash_flow_form,investing_cash_flow_period_end,operating_cash_flow_value,operating_cash_flow_fact_name,operating_cash_flow_unit,operating_cash_flow_filed,operating_cash_flow_form,operating_cash_flow_period_end,universal_feature_set,universal_feature_complete,universal_feature_complete_through_eps,missing_universal_features,net_income_margin,operating_cash_flow_to_revenue,assets_to_revenue,financing_cash_flow_to_revenue,investing_cash_flow_to_revenue
2023Q2,2023-05-23,A,1090872,"AGILENT TECHNOLOGIES, INC.",$1B-$2B,,1674000000,RevenueFromContractWithCustomerExcludingAssessedTax,USD,2023-03-03,10-Q,2022-01-31,283000000,NetIncomeLoss,USD,2023-03-03,10-Q,2022-01-31,10532000000,Assets,USD,2023-03-03,10-Q,2022-10-31,-546000000,NetCashProvidedByUsedInFinancingActivities,USD,2023-03-03,10-Q,2022-01-31,-79000000,NetCashProvidedByUsedInInvestingActivities,USD,2023-03-03,10-Q,2022-01-31,255000000,NetCashProvidedByUsedInOperatingActivities,USD,2023-03-03,10-Q,2022-01-31,through_ocf,True,,,0.169056,0.15233,6.291517,-0.326165,-0.047192
2023Q2,2023-05-31,AAP,1158449,"Advance Auto Parts, Inc.",>$10B,,10106321000,RevenueFromContractWithCustomerExcludingAssessedTax,USD,2023-02-28,10-K,2021-01-02,493021000,NetIncomeLoss,USD,2023-02-28,10-K,2021-01-02,12194209000,Assets,USD,2023-02-28,10-K,2022-01-01,-285997000,NetCashProvidedByUsedInFinancingActivities,USD,2023-02-28,10-K,2021-01-02,-266897000,NetCashProvidedByUsedInInvestingActivities,USD,2023-02-28,10-K,2021-01-02,969688000,NetCashProvidedByUsedInOperatingActivities,USD,2023-02-28,10-K,2021-01-02,through_ocf,True,,,0.048783,0.095949,1.206592,-0.028299,-0.026409
2023Q2,2023-04-25,AAT,1500217,"AMERICAN ASSETS TRUST, INC.",$100M-$500M,,344573000,Revenues,USD,2023-02-10,10-K,2020-12-31,1257000,NetIncomeLoss,USD,2023-02-10,10-K,2021-03-31,3017927000,Assets,USD,2023-02-10,10-K,2021-12-31,-28310000,NetCashProvidedByUsedInFinancingActivities,USD,2023-02-10,10-K,2020-12-31,-69077000,NetCashProvidedByUsedInInvestingActivities,USD,2023-02-10,10-K,2020-12-31,126985000,NetCashProvidedByUsedInOperatingActivities,USD,2023-02-10,10-K,2020-12-31,through_ocf,True,,,0.003648,0.368529,8.758455,-0.08216,-0.200471
2023Q2,2023-04-25,ABG,1144980,"ASBURY AUTOMOTIVE GROUP, INC",$2B-$10B,,7131800000,Revenues,USD,2023-03-01,10-K,2020-12-31,254400000,NetIncomeLoss,USD,2023-03-01,10-K,2020-12-31,8002600000,Assets,USD,2023-03-01,10-K,2021-12-31,166200000,NetCashProvidedByUsedInFinancingActivities,USD,2023-03-01,10-K,2020-12-31,-820800000,NetCashProvidedByUsedInInvestingActivities,USD,2023-03-01,10-K,2020-12-31,652500000,NetCashProvidedByUsedInOperatingActivities,USD,2023-03-01,10-K,2020-12-31,through_ocf,True,,,0.035671,0.091492,1.122101,0.023304,-0.11509
2023Q2,2023-06-06,ABM,771497,ABM INDUSTRIES INCORPORATED,$1B-$2B,,1936200000,RevenueFromContractWithCustomerExcludingAssessedTax,USD,2023-03-08,10-Q,2022-01-31,76000000,NetIncomeLoss,USD,2023-03-08,10-Q,2022-01-31,4868900000,Assets,USD,2023-03-08,10-Q,2022-10-31,90300000,NetCashProvidedByUsedInFinancingActivities,USD,2023-03-08,10-Q,2022-01-31,-12400000,NetCashProvidedByUsedInInvestingActivities,USD,2023-03-08,10-Q,2022-01-31,-93600000,NetCashProvidedByUsedInOperatingActivities,USD,2023-03-08,10-Q,2022-01-31,through_ocf,True,,,0.039252,-0.048342,2.514668,0.046638,-0.006404
2023Q2,2023-05-09,ABNB,1559720,"Airbnb, Inc.",$1B-$2B,,1509000000,RevenueFromContractWithCustomerExcludingAssessedTax,USD,2023-05-09,10-Q,2022-03-31,-19000000,NetIncomeLoss,USD,2023-05-09,10-Q,2022-03-31,16038000000,Assets,USD,2023-05-09,10-Q,2022-12-31,2204000000,NetCashProvidedByUsedInFinancingActivities,USD,2023-05-09,10-Q,2022-03-31,-197000000,NetCashProvidedByUsedInInvestingActivities,USD,2023-05-09,10-Q,2022-03-31,1202000000,NetCashProvidedByUsedInOperatingActivities,USD,2023-05-09,10-Q,2022-03-31,through_ocf,True,,,-0.012591,0.796554,10.628231,1.46057,-0.13055
2023Q2,2023-04-27,ACA,1739445,"Arcosa, Inc.",$1B-$2B,,1935600000,Revenues,USD,2023-02-24,10-K,2020-12-31,106600000,NetIncomeLoss,USD,2023-02-24,10-K,2020-12-31,2646700000,Assets,USD,2023-02-24,10-K,2020-12-31,123700000,NetCashProvidedByUsedInFinancingActivities,USD,2023-02-24,10-K,2020-12-31,-528200000,NetCashProvidedByUsedInInvestingActivities,USD,2023-02-24,10-K,2020-12-31,259900000,NetCashProvidedByUsedInOperatingActivities,USD,2023-02-24,10-K,2020-12-31,through_ocf,True,,,0.055073,0.134274,1.36738,0.063908,-0.272887
2023Q2,2023-05-08,ACAD,1070494,Acadia Pharmaceuticals Inc.,$100M-$500M,,115468000,RevenueFromContractWithCustomerExcludingAssessedTax,USD,2023-05-08,10-Q,2022-03-31,-113056000,NetIncomeLoss,USD,2023-05-08,10-Q,2022-03-31,587812000,Assets,USD,2023-05-08,10-Q,2022-12-31,2467000,NetCashProvidedByUsedInFinancingActivities,USD,2023-05-08,10-Q,2022-03-31,131345000,NetCashProvidedByUsedInInvestingActivities,USD,2023-05-08,10-Q,2022-03-31,-76329000,NetCashProvidedByUsedInOperatingActivities,USD,2023-05-08,10-Q,2022-03-31,through_ocf,True,,,-0.979111,-0.66104,5.090692,0.021365,1.137501
2023Q2,2023-05-04,ACCO,712034,ACCO Brands Corporation,$1B-$2B,,1655200000,Revenues,USD,2023-02-24,10-K,2020-12-31,62000000,NetIncomeLoss,USD,2023-02-24,10-K,2020-12-31,3091300000,Assets,USD,2023-02-24,10-K,2021-12-31,244700000,NetCashProvidedByUsedInFinancingActivities,USD,2023-02-24,10-K,2020-12-31,-354700000,NetCashProvidedByUsedInInvestingActivities,USD,2023-02-24,10-K,2020-12-31,119200000,NetCashProvidedByUsedInOperatingActivities,USD,2023-02-24,10-K,2020-12-31,through_ocf,True,,,0.037458,0.072015,1.867629,0.147837,-0.214294
2023Q2,2023-05-10,ACDC,0001881487,ProFrac Holding Corp.,$500M-$1B,,547700000,RevenueFromContractWithCustomerExcludingAssessedTax,USD,2023-03-30,10-K,2020-12-31,6600000,NetIncomeLoss,USD,2023-03-30,10-K,2022-06-30,664600000,Assets,USD,2023-03-30,10-K,2021-12-31,-15300000,NetCashProvidedByUsedInFinancingActivities,USD,2023-03-30,10-K,2020-12-31,-44600000,NetCashProvidedByUsedInInvestingActivities,USD,2023-03-30,10-K,2020-12-31,45100000,NetCashProvidedByUsedInOperatingActivities,USD,2023-03-30,10-K,2020-12-31,through_ocf,True,,,0.01205,0.082344,1.213438,-0.027935,-0.081431
2023Q2,2023-04-26,ACGL,947484,Arch Capital Group Ltd.,$2B-$10B,,8508509000,Revenues,USD,2023-02-24,10-K,2020-12-31,1405521000,NetIncomeLoss,USD,2023-02-24,10-K,2020-12-31,43282297000,Assets,USD,2023-02-24,10-K,2020-12-31,521278000,NetCashProvidedByUsedInFinancingActivities,USD,2023-02-24,10-K,2020-12-31,-3043226000,NetCashProvidedByUsedInInvestingActivities,USD,2023-02-24,10-K,2020-12-31,2886505000,NetCashProvidedByUsedInOperatingActivities,USD,2023-02-24,10-K,2020-12-31,through_ocf,True,,,0.16519,0.339249,5.086943,0.061265,-0.357669
2023Q2,2023-05-05,ACH,75252,"Accendra Health, Inc.",$2B-$10B,,2406952000,RevenueFromContractWithCustomerExcludingAssessedTax,USD,2023-05-05,10-Q,2022-03-31,39279000,NetIncomeLoss,USD,2023-05-05,10-Q,2022-03-31,5386283000,Assets,USD,2023-05-05,10-Q,2022-12-31,1664194000,NetCashProvidedByUsedInFinancingActivities,USD,2023-05-05,10-Q,2022-03-31,-1587236000,NetCashProvidedByUsedInInvestingActivities,USD,2023-05-05,10-Q,2022-03-31,79699000,NetCashProvidedByUsedInOperatingActivities,USD,2023-05-05,10-Q,2022-03-31,through_ocf,True,,,0.016319,0.033112,2.237802,0.691411,-0.659438
2023Q2,2023-05-04,ACIW,935036,"ACI WORLDWIDE, INC.",$100M-$500M,,323080000,RevenueFromContractWithCustomerExcludingAssessedTax,USD,2023-05-04,10-Q,2022-03-31,15490000,NetIncomeLoss,USD,2023-05-04,10-Q,2022-03-31,3209895000,Assets,USD,2023-05-04,10-Q,2022-12-31,-25998000,NetCashProvidedByUsedInFinancingActivities,USD,2023-05-04,10-Q,2022-03-31,-8487000,NetCashProvidedByUsedInInvestingActivities,USD,2023-05-04,10-Q,2022-03-31,28874000,NetCashProvidedByUsedInOperatingActivities,USD,2023-05-04,10-Q,2022-03-31,through_ocf,True,,,0.047945,0.089371,9.935295,-0.080469,-0.026269
2023Q2,2023-05-03,ACLS,1113232,AXCELIS TECHNOLOGIES INC,$100M-$500M,,474560000,Revenues,USD,2023-02-24,10-K,2020-12-31,49982000,ProfitLoss,USD,2023-02-24,10-K,2020-12-31,753240000,Assets,USD,2023-02-24,10-K,2021-12-31,-2387000,NetCashProvidedByUsedInFinancingActivities,USD,2023-02-24,10-K,2020-12-31,-7266000,NetCashProvidedByUsedInInvestingActivities,USD,2023-02-24,10-K,2020-12-31,69703000,NetCashProvidedByUsedInOperatingActivities,USD,2023-02-24,10-K,2020-12-31,through_ocf,True,,,0.105323,0.146879,1.587239,-0.00503,-0.015311
2023Q2,2023-05-03,ACT,1823529,"Enact Holdings, Inc.",$1B-$2B,,1106459000,Revenues,USD,2023-02-28,10-K,2020-12-31,255943000,NetIncomeLoss,USD,2022-08-04,10-Q,2021-06-30,5865773000,Assets,USD,2023-02-28,10-K,2021-12-31,300298000,NetCashProvidedByUsedInFinancingActivities,USD,2023-02-28,10-K,2020-12-31,-1136912000,NetCashProvidedByUsedInInvestingActivities,USD,2023-02-28,10-K,2020-12-31,704350000,NetCashProvidedByUsedInOperatingActivities,USD,2023-02-28,10-K,2020-12-31,through_ocf,True,,,0.231317,0.63658,5.301392,0.271405,-1.027523
2023Q2,2023-05-10,ACVA,1637873,ACV Auctions Inc.,$100M-$500M,,103065000,Revenues,USD,2023-05-10,10-Q,2022-03-31,-29495000,NetIncomeLoss,USD,2023-05-10,10-Q,2022-03-31,914922000,Assets,USD,2023-05-10,10-Q,2022-12-31,59137000,NetCashProvidedByUsedInFinancingActivities,USD,2023-05-10,10-Q,2022-03-31,-50434000,NetCashProvidedByUsedInInvestingActivities,USD,2023-05-10,10-Q,2022-03-31,-31456000,NetCashProvidedByUsedInOperatingActivities,USD,2023-05-10,10-Q,2022-03-31,through_ocf,True,,,-0.286179,-0.305205,8.877136,0.573784,-0.489342
2023Q2,2023-06-15,ADBE,796343,ADOBE INC.,$2B-$10B,,4262000000,Revenues,USD,2023-03-29,10-Q,2022-03-04,1266000000,NetIncomeLoss,USD,2023-03-29,10-Q,2022-03-04,27165000000,Assets,USD,2023-03-29,10-Q,2022-12-02,-2604000000,NetCashProvidedByUsedInFinancingActivities,USD,2023-03-29,10-Q,2022-03-04,-260000000,NetCashProvidedByUsedInInvestingActivities,USD,2023-03-29,10-Q,2022-03-04,1769000000,NetCashProvidedByUsedInOperatingActivities,USD,2023-03-29,10-Q,2022-03-04,through_ocf,True,,,0.297044,0.415063,6.373768,-0.610981,-0.061004
2023Q2,2023-05-08,ADEA,1803696,ADEIA INC.,$100M-$500M,,138532000,Revenues,USD,2023-05-08,10-Q,2022-03-31,24943000,NetIncomeLoss,USD,2023-05-08,10-Q,2022-03-31,1210526000,Assets,USD,2023-05-08,10-Q,2022-12-31,-35671000,NetCashProvidedByUsedInFinancingActivities,USD,2023-05-08,10-Q,2022-03-31,3064000,NetCashProvidedByUsedInInvestingActivities,USD,2023-05-08,10-Q,2022-03-31,46273000,NetCashProvidedByUsedInOperatingActivities,USD,2023-05-08,10-Q,2022-03-31,through_ocf,True,,,0.180052,0.334024,8.738241,-0.257493,0.022118
2023Q2,2023-05-24,ADI,6281,"Analog Devices, Inc.",$2B-$10B,,5656357000,RevenueFromContractWithCustomerExcludingAssessedTax,USD,2023-05-24,10-Q,2022-04-30,1063350000,NetIncomeLoss,USD,2023-05-24,10-Q,2022-04-30,50302350000,Assets,USD,2023-05-24,10-Q,2022-10-29,-2085454000,NetCashProvidedByUsedInFinancingActivities,USD,2023-05-24,10-Q,2022-04-30,-216902000,NetCashProvidedByUsedInInvestingActivities,USD,2023-05-24,10-Q,2022-04-30,2078220000,NetCashProvidedByUsedInOperatingActivities,USD,2023-05-24,10-Q,2022-04-30,through_ocf,True,,,0.187992,0.367413,8.893065,-0.368692,-0.038347
2023Q2,2023-05-03,ADNT,1670541,ADIENT PLC,$2B-$10B,,6986000000,RevenueFromContractWithCustomerExcludingAssessedTax,USD,2023-05-03,10-Q,2022-03-31,-135000000,NetIncomeLoss,USD,2023-05-03,10-Q,2022-03-31,9158000000,Assets,USD,2023-05-03,10-Q,2022-09-30,-1017000000,NetCashProvidedByUsedInFinancingActivities,USD,2023-05-03,10-Q,2022-03-31,599000000,NetCashProvidedByUsedInInvestingActivities,USD,2023-05-03,10-Q,2022-03-31,15000000,NetCashProvidedByUsedInOperatingActivities,USD,2023-05-03,10-Q,2022-03-31,through_ocf,True,,,-0.019324,0.002147,1.310908,-0.145577,0.085743
2023Q2,2023-05-25,ADSK,769397,"AUTODESK, INC.",$2B-$10B,,3790000000,RevenueFromContractWithCustomerExcludingAssessedTax,USD,2023-03-14,10-K,2021-01-31,1208000000,NetIncomeLoss,USD,2023-03-14,10-K,2021-01-31,8607000000,Assets,USD,2023-03-14,10-K,2022-01-31,-1047000000,NetCashProvidedByUsedInFinancingActivities,USD,2023-03-14,10-K,2021-01-31,-404000000,NetCashProvidedByUsedInInvestingActivities,USD,2023-03-14,10-K,2021-01-31,1437000000,NetCashProvidedByUsedInOperatingActivities,USD,2023-03-14,10-K,2021-01-31,through_ocf,True,,,0.318734,0.379156,2.270976,-0.276253,-0.106596
2023Q2,2023-04-11,ADTN,926282,"ADTRAN Holdings, Inc.",$500M-$1B,,506510000,RevenueFromContractWithCustomerExcludingAssessedTax,USD,2023-03-01,10-K,2020-12-31,2378000,NetIncomeLoss,USD,2023-03-01,10-K,2020-12-31,569017000,Assets,USD,2023-03-01,10-K,2021-12-31,-42977000,NetCashProvidedByUsedInFinancingActivities,USD,2023-03-01,10-K,2020-12-31,41399000,NetCashProvidedByUsedInInvestingActivities,USD,2023-03-01,10-K,2020-12-31,-16518000,NetCashProvidedByUsedInOperatingActivities,USD,2023-03-01,10-K,2020-12-31,through_ocf,True,,,0.004695,-0.032611,1.123407,-0.084849,0.081734
2023Q2,2023-05-01,ADUS,1468328,Addus HomeCare Corp,$500M-$1B,,764775000,RevenueFromContractWithCustomerExcludingAssessedTax,USD,2023-02-28,10-K,2020-12-31,33133000,NetIncomeLoss,USD,2023-02-28,10-K,2020-12-31,947585000,Assets,USD,2023-02-28,10-K,2021-12-31,138189000,NetCashProvidedByUsedInFinancingActivities,USD,2023-02-28,10-K,2020-12-31,-214236000,NetCashProvidedByUsedInInvestingActivities,USD,2023-02-28,10-K,2020-12-31,109411000,NetCashProvidedByUsedInOperatingActivities,USD,2023-02-28,10-K,2020-12-31,through_ocf,True,,,0.043324,0.143063,1.239038,0.180692,-0.280129
2023Q2,2023-05-10,ADV,1776661,Advantage Solutions Inc.,$500M-$1B,,914808000,Revenues,USD,2023-05-10,10-Q,2022-03-31,18965000,NetIncomeLoss,USD,2023-05-10,10-Q,2022-03-31,4262371000,Assets,USD,2023-05-10,10-Q,2022-12-31,-2017000,NetCashProvidedByUsedInFinancingActivities,USD,2023-05-10,10-Q,2022-03-31,-12239000,NetCashProvidedByUsedInInvestingActivities,USD,2023-05-10,10-Q,2022-03-31,-23955000,NetCashProvidedByUsedInOperatingActivities,USD,2023-05-10,10-Q,2022-03-31,through_ocf,True,,,0.020731,-0.026186,4.659307,-0.002205,-0.013379
2023Q2,2023-05-04,AEE,1002910,AMEREN CORPORATION,$2B-$10B,,5794000000,Revenues,USD,2023-02-22,10-K,2020-12-31,877000000,ProfitLoss,USD,2023-02-22,10-K,2020-12-31,35735000000,Assets,USD,2023-02-22,10-K,2021-12-31,1727000000,NetCashProvidedByUsedInFinancingActivities,USD,2023-02-22,10-K,2020-12-31,-3329000000,NetCashProvidedByUsedInInvestingActivities,USD,2023-02-22,10-K,2020-12-31,1727000000,NetCashProvidedByUsedInOperatingActivities,USD,2023-02-22,10-K,2020-12-31,through_ocf,True,,,0.151363,0.298067,6.167587,0.298067,-0.57456
2023Q2,2023-05-03,AEIS,927003,ADVANCED ENERGY INDUSTRIES INC,$100M-$500M,,397459000,RevenueFromContractWithCustomerExcludingAssessedTax,USD,2023-05-03,10-Q,2022-03-31,36778000,NetIncomeLoss,USD,2023-05-03,10-Q,2022-03-31,1992168000,Assets,USD,2023-05-03,10-Q,2022-12-31,-17813000,NetCashProvidedByUsedInFinancingActivities,USD,2023-05-03,10-Q,2022-03-31,-13675000,NetCashProvidedByUsedInInvestingActivities,USD,2023-05-03,10-Q,2022-03-31,9821000,NetCashProvidedByUsedInOperatingActivities,USD,2023-05-03,10-Q,2022-03-31,through_ocf,True,,,0.092533,0.024709,5.01226,-0.044817,-0.034406
2023Q2,2023-05-24,AEO,919012,AMERICAN EAGLE OUTFITTERS INC,$2B-$10B,,3759113000,RevenueFromContractWithCustomerExcludingAssessedTax,USD,2023-03-13,10-K,2021-01-30,-209274000,NetIncomeLoss,USD,2023-03-13,10-K,2021-01-30,3786643000,Assets,USD,2023-03-13,10-K,2022-01-29,359907000,NetCashProvidedByUsedInFinancingActivities,USD,2023-03-13,10-K,2021-01-30,-73945000,NetCashProvidedByUsedInInvestingActivities,USD,2023-03-13,10-K,2021-01-30,202498000,NetCashProvidedByUsedInOperatingActivities,USD,2023-03-13,10-K,2021-01-30,through_ocf,True,,,-0.055671,0.053869,1.007324,0.095743,-0.019671
2023Q2,2023-05-04,AEP,4904,"AMERICAN ELECTRIC POWER COMPANY, INC.",$2B-$10B,,4592600000,Revenues,USD,2023-05-04,10-Q,2022-03-31,718100000,ProfitLoss,USD,2023-05-04,10-Q,2022-03-31,93403300000,Assets,USD,2023-05-04,10-Q,2022-12-31,1545100000,NetCashProvidedByUsedInFinancingActivities,USD,2023-05-04,10-Q,2022-03-31,-2893200000,NetCashProvidedByUsedInInvestingActivities,USD,2023-05-04,10-Q,2022-03-31,1622200000,NetCashProvidedByUsedInOperatingActivities,USD,2023-05-04,10-Q,2022-03-31,through_ocf,True,,,0.15636,0.35322,20.337783,0.336433,-0.62997
2023Q2,2023-05-04,AES,874761,AES CORP,$2B-$10B,,2852000000,Revenues,USD,2023-05-04,10-Q,2022-03-31,115000000,NetIncomeLoss,USD,2023-05-04,10-Q,2022-03-31,38363000000,Assets,USD,2023-05-04,10-Q,2022-12-31,818000000,NetCashProvidedByUsedInFinancingActivities,USD,2023-05-04,10-Q,2022-03-31,-1153000000,NetCashProvidedByUsedInInvestingActivities,USD,2023-05-04,10-Q,2022-03-31,457000000,NetCashProvidedByUsedInOperatingActivities,USD,2023-05-04,10-Q,2022-03-31,through_ocf,True,,,0.040323,0.160238,13.451262,0.286816,-0.404278
2023Q2,2023-04-27,AFL,4977,AFLAC INC,>$10B,,22147000000,Revenues,USD,2023-02-24,10-K,2020-12-31,4778000000,NetIncomeLoss,USD,2023-02-24,10-K,2020-12-31,157542000000,Assets,USD,2023-02-24,10-K,2021-12-31,-1115000000,NetCashProvidedByUsedInFinancingActivities,USD,2023-02-24,10-K,2020-12-31,-4619000000,NetCashProvidedByUsedInInvestingActivities,USD,2023-02-24,10-K,2020-12-31,5958000000,NetCashProvidedByUsedInOperatingActivities,USD,2023-02-24,10-K,2020-12-31,through_ocf,True,,,0.21574,0.269021,7.113469,-0.050345,-0.208561
2023Q2,2023-05-09,AFRM,1820953,"Affirm Holdings, Inc.",$500M-$1B,,985158000,Revenues,USD,2023-05-09,10-Q,2022-03-31,-306615000,NetIncomeLoss,USD,2023-05-09,10-Q,2021-09-30,6973792000,Assets,USD,2023-05-09,10-Q,2022-06-30,2066000000,NetCashProvidedByUsedInFinancingActivities,USD,2023-05-09,10-Q,2022-03-31,-985621000,NetCashProvidedByUsedInInvestingActivities,USD,2023-05-09,10-Q,2022-03-31,-103085000,NetCashProvidedByUsedInOperatingActivities,USD,2023-05-09,10-Q,2022-03-31,through_ocf,True,,,-0.311234,-0.104638,7.078856,2.097126,-1.00047
2023Q2,2023-04-17,AGX,100591,ARGAN INC,$100M-$500M,,392206000,RevenueFromContractWithCustomerExcludingAssessedTax,USD,2023-04-17,10-K,2021-01-31,23851000,NetIncomeLoss,USD,2023-04-17,10-K,2021-01-31,602630000,Assets,USD,2023-04-17,10-K,2021-01-31,-45406000,NetCashProvidedByUsedInFinancingActivities,USD,2023-04-17,10-K,2021-01-31,66970000,NetCashProvidedByUsedInInvestingActivities,USD,2023-04-17,10-K,2021-01-31,176013000,NetCashProvidedByUsedInOperatingActivities,USD,2023-04-17,10-K,2021-01-31,through_ocf,True,,,0.060812,0.448777,1.536514,-0.115771,0.170752
2023Q2,2023-05-16,AGYS,78749,"AGILYSYS, INC.",$100M-$500M,,116078000,RevenueFromContractWithCustomerExcludingAssessedTax,USD,2023-01-26,10-Q,2021-12-31,4496000,NetIncomeLoss,USD,2023-01-26,10-Q,2021-12-31,214162000,Assets,USD,2023-01-26,10-Q,2022-03-31,-4754000,NetCashProvidedByUsedInFinancingActivities,USD,2023-01-26,10-Q,2021-12-31,-1081000,NetCashProvidedByUsedInInvestingActivities,USD,2023-01-26,10-Q,2021-12-31,21815000,NetCashProvidedByUsedInOperatingActivities,USD,2023-01-26,10-Q,2021-12-31,through_ocf,True,,,0.038733,0.187934,1.844984,-0.040955,-0.009313
2023Q2,2023-05-09,AHCO,1725255,AdaptHealth Corp.,$500M-$1B,,706203000,RevenueFromContractWithCustomerExcludingAssessedTax,USD,2023-05-09,10-Q,2022-03-31,41750000,NetIncomeLoss,USD,2023-05-09,10-Q,2022-03-31,5219587000,Assets,USD,2023-05-09,10-Q,2022-12-31,-16552000,NetCashProvidedByUsedInFinancingActivities,USD,2023-05-09,10-Q,2022-03-31,-80098000,NetCashProvidedByUsedInInvestingActivities,USD,2023-05-09,10-Q,2022-03-31,66451000,NetCashProvidedByUsedInOperatingActivities,USD,2023-05-09,10-Q,2022-03-31,through_ocf,True,,,0.059119,0.094096,7.391058,-0.023438,-0.113421
2023Q2,2023-05-09,AHRT,1569187,"AH REALTY TRUST, INC.",$100M-$500M,,383634000,Revenues,USD,2023-02-23,10-K,2020-12-31,29152000,NetIncomeLoss,USD,2023-02-23,10-K,2020-12-31,1938063000,Assets,USD,2023-02-23,10-K,2021-12-31,-58101000,NetCashProvidedByUsedInFinancingActivities,USD,2023-02-23,10-K,2020-12-31,-26227000,NetCashProvidedByUsedInInvestingActivities,USD,2023-02-23,10-K,2020-12-31,91179000,NetCashProvidedByUsedInOperatingActivities,USD,2023-02-23,10-K,2020-12-31,through_ocf,True,,,0.075989,0.237672,5.051854,-0.151449,-0.068365
2023Q2,2023-05-15,AI,1577526,"C3.AI, INC.",$100M-$500M,,180442000,RevenueFromContractWithCustomerExcludingAssessedTax,USD,2023-03-03,10-Q,2022-01-31,-133645000,NetIncomeLoss,USD,2023-03-03,10-Q,2022-01-31,1170882000,Assets,USD,2023-03-03,10-Q,2022-04-30,19229000,NetCashProvidedByUsedInFinancingActivities,USD,2023-03-03,10-Q,2022-01-31,155339000,NetCashProvidedByUsedInInvestingActivities,USD,2023-03-03,10-Q,2022-01-31,-73300000,NetCashProvidedByUsedInOperatingActivities,USD,2023-03-03,10-Q,2022-01-31,through_ocf,True,,,-0.740654,-0.406225,6.488966,0.106566,0.860881
2023Q2,2023-05-09,AIOT,1774170,"POWERFLEET, INC.",$100M-$500M,,113593000,RevenueFromContractWithCustomerExcludingAssessedTax,USD,2023-03-31,10-K,2020-12-31,-9007000,NetIncomeLoss,USD,2023-03-31,10-K,2020-12-31,229867000,Assets,USD,2023-03-31,10-K,2021-12-31,-3946000,NetCashProvidedByUsedInFinancingActivities,USD,2023-03-31,10-K,2020-12-31,-3298000,NetCashProvidedByUsedInInvestingActivities,USD,2023-03-31,10-K,2020-12-31,8848000,NetCashProvidedByUsedInOperatingActivities,USD,2023-03-31,10-K,2020-12-31,through_ocf,True,,,-0.079292,0.077892,2.023602,-0.034738,-0.029033
2023Q2,2023-04-27,AJG,354190,ARTHUR J. GALLAGHER & CO.,$2B-$10B,,7003600000,RevenueFromContractWithCustomerExcludingAssessedTax,USD,2023-02-10,10-K,2020-12-31,818800000,NetIncomeLoss,USD,2023-02-10,10-K,2020-12-31,22331400000,Assets,USD,2023-02-10,10-K,2020-12-31,-505100000,NetCashProvidedByUsedInFinancingActivities,USD,2023-02-10,10-K,2020-12-31,-471400000,NetCashProvidedByUsedInInvestingActivities,USD,2023-02-10,10-K,2020-12-31,1807100000,NetCashProvidedByUsedInOperatingActivities,USD,2023-02-10,10-K,2020-12-31,through_ocf,True,,,0.116911,0.258024,3.18856,-0.07212,-0.067308
2023Q2,2023-05-09,AKAM,1086222,"Akamai Technologies, Inc.",$500M-$1B,,600293000,Revenues,USD,2018-05-09,10-Q,2017-03-31,133376000,NetIncomeLoss,USD,2023-05-09,10-Q,2022-03-31,8303400000,Assets,USD,2023-05-09,10-Q,2022-12-31,-60835000,NetCashProvidedByUsedInFinancingActivities,USD,2023-05-09,10-Q,2022-03-31,-316898000,NetCashProvidedByUsedInInvestingActivities,USD,2023-05-09,10-Q,2022-03-31,222451000,NetCashProvidedByUsedInOperatingActivities,USD,2023-05-09,10-Q,2022-03-31,through_ocf,True,,,0.222185,0.370571,13.832245,-0.101342,-0.527906
2023Q2,2023-05-03,ALB,915913,ALBEMARLE CORPORATION,$1B-$2B,,1127728000,Revenues,USD,2023-05-03,10-Q,2022-03-31,253383000,NetIncomeLoss,USD,2023-05-03,10-Q,2022-03-31,15456522000,Assets,USD,2023-05-03,10-Q,2022-12-31,57619000,NetCashProvidedByUsedInFinancingActivities,USD,2023-05-03,10-Q,2022-03-31,-228093000,NetCashProvidedByUsedInInvestingActivities,USD,2023-05-03,10-Q,2022-03-31,206176000,NetCashProvidedByUsedInOperatingActivities,USD,2023-05-03,10-Q,2022-03-31,through_ocf,True,,,0.224684,0.182824,13.705895,0.051093,-0.202259
2023Q2,2023-05-04,ALG,897077,ALAMO GROUP INC.,$100M-$500M,,362005000,RevenueFromContractWithCustomerExcludingAssessedTax,USD,2023-05-04,10-Q,2022-03-31,18470000,NetIncomeLoss,USD,2023-05-04,10-Q,2022-03-31,1308508000,Assets,USD,2023-05-04,10-Q,2022-12-31,101188000,NetCashProvidedByUsedInFinancingActivities,USD,2023-05-04,10-Q,2022-03-31,-4325000,NetCashProvidedByUsedInInvestingActivities,USD,2023-05-04,10-Q,2022-03-31,-54985000,NetCashProvidedByUsedInOperatingActivities,USD,2023-05-04,10-Q,2022-03-31,through_ocf,True,,,0.051021,-0.15189,3.614613,0.279521,-0.011947
2023Q2,2023-05-10,ALGM,866291,"ALLEGRO MICROSYSTEMS, INC.",$500M-$1B,,568381000,RevenueFromContractWithCustomerExcludingAssessedTax,USD,2023-02-01,10-Q,2021-12-24,93791000,NetIncomeLoss,USD,2023-02-01,10-Q,2021-12-24,892620000,Assets,USD,2023-02-01,10-Q,2022-03-25,-6209000,NetCashProvidedByUsedInFinancingActivities,USD,2023-02-01,10-Q,2021-12-24,-50123000,NetCashProvidedByUsedInInvestingActivities,USD,2023-02-01,10-Q,2021-12-24,118558000,NetCashProvidedByUsedInOperatingActivities,USD,2023-02-01,10-Q,2021-12-24,through_ocf,True,,,0.165014,0.208589,1.570461,-0.010924,-0.088186
2023Q2,2023-04-26,ALGN,1097149,"ALIGN TECHNOLOGY, INC.",$2B-$10B,,2471941000,RevenueFromContractWithCustomerExcludingAssessedTax,USD,2023-02-27,10-K,2020-12-31,1775888000,NetIncomeLoss,USD,2023-02-27,10-K,2020-12-31,5942110000,Assets,USD,2023-02-27,10-K,2021-12-31,-30808000,NetCashProvidedByUsedInFinancingActivities,USD,2023-02-27,10-K,2020-12-31,-231506000,NetCashProvidedByUsedInInvestingActivities,USD,2023-02-27,10-K,2020-12-31,662174000,NetCashProvidedByUsedInOperatingActivities,USD,2023-02-27,10-K,2020-12-31,through_ocf,True,,,0.718418,0.267876,2.403824,-0.012463,-0.093654
2023Q2,2023-05-03,ALGT,1362468,Allegiant Travel Co,$500M-$1B,,990073000,Revenues,USD,2023-02-27,10-K,2020-12-31,-184093000,NetIncomeLoss,USD,2023-02-27,10-K,2020-12-31,3991073000,Assets,USD,2023-02-27,10-K,2021-12-31,164603000,NetCashProvidedByUsedInFinancingActivities,USD,2023-02-27,10-K,2020-12-31,-365691000,NetCashProvidedByUsedInInvestingActivities,USD,2023-02-27,10-K,2020-12-31,234622000,NetCashProvidedByUsedInOperatingActivities,USD,2023-02-27,10-K,2020-12-31,through_ocf,True,,,-0.185939,0.236974,4.03109,0.166253,-0.369358
2023Q2,2023-04-26,ALKS,1520262,Alkermes plc.,$100M-$500M,,278545000,RevenueFromContractWithCustomerExcludingAssessedTax,USD,2023-04-26,10-Q,2022-03-31,-35903000,NetIncomeLoss,USD,2023-04-26,10-Q,2022-03-31,1963978000,Assets,USD,2023-04-26,10-Q,2022-12-31,-16024000,NetCashProvidedByUsedInFinancingActivities,USD,2023-04-26,10-Q,2022-03-31,-60641000,NetCashProvidedByUsedInInvestingActivities,USD,2023-04-26,10-Q,2022-03-31,21678000,NetCashProvidedByUsedInOperatingActivities,USD,2023-04-26,10-Q,2022-03-31,through_ocf,True,,,-0.128895,0.077826,7.050846,-0.057528,-0.217706
2023Q2,2023-04-26,ALLE,1579241,Allegion plc,$500M-$1B,,723600000,Revenues,USD,2023-04-26,10-Q,2022-03-31,93000000,NetIncomeLoss,USD,2023-04-26,10-Q,2022-03-31,3991200000,Assets,USD,2023-04-26,10-Q,2022-12-31,-104900000,NetCashProvidedByUsedInFinancingActivities,USD,2023-04-26,10-Q,2022-03-31,-6300000,NetCashProvidedByUsedInInvestingActivities,USD,2023-04-26,10-Q,2022-03-31,20500000,NetCashProvidedByUsedInOperatingActivities,USD,2023-04-26,10-Q,2022-03-31,through_ocf,True,,,0.128524,0.028331,5.515755,-0.14497,-0.008706
2023Q2,2023-05-10,ALRM,1459200,"ALARM.COM HOLDINGS, INC.",$100M-$500M,,205437000,RevenueFromContractWithCustomerExcludingAssessedTax,USD,2023-05-10,10-Q,2022-03-31,8903000,ProfitLoss,USD,2023-05-10,10-Q,2022-03-31,1329375000,Assets,USD,2023-05-10,10-Q,2022-12-31,-22251000,NetCashProvidedByUsedInFinancingActivities,USD,2023-05-10,10-Q,2022-03-31,-2155000,NetCashProvidedByUsedInInvestingActivities,USD,2023-05-10,10-Q,2022-03-31,-13961000,NetCashProvidedByUsedInOperatingActivities,USD,2023-05-10,10-Q,2022-03-31,through_ocf,True,,,0.043337,-0.067958,6.470962,-0.108311,-0.01049
2023Q2,2023-05-10,ALTG,1759824,ALTA EQUIPMENT GROUP INC.,$100M-$500M,,331700000,RevenueFromContractWithCustomerExcludingAssessedTax,USD,2023-05-10,10-Q,2022-03-31,-1200000,NetIncomeLoss,USD,2023-05-10,10-Q,2022-03-31,1290600000,Assets,USD,2023-05-10,10-Q,2022-12-31,24600000,NetCashProvidedByUsedInFinancingActivities,USD,2023-05-10,10-Q,2022-03-31,-18600000,NetCashProvidedByUsedInInvestingActivities,USD,2023-05-10,10-Q,2022-03-31,-6700000,NetCashProvidedByUsedInOperatingActivities,USD,2023-05-10,10-Q,2022-03-31,through_ocf,True,,,-0.003618,-0.020199,3.890865,0.074163,-0.056075
2023Q2,2023-05-05,AMC,1411579,"AMC ENTERTAINMENT HOLDINGS, INC.",$500M-$1B,,785700000,Revenues,USD,2023-05-05,10-Q,2022-03-31,-337400000,NetIncomeLoss,USD,2023-05-05,10-Q,2022-03-31,9135600000,Assets,USD,2023-05-05,10-Q,2022-12-31,-76300000,NetCashProvidedByUsedInFinancingActivities,USD,2023-05-05,10-Q,2022-03-31,-54900000,NetCashProvidedByUsedInInvestingActivities,USD,2023-05-05,10-Q,2022-03-31,-295000000,NetCashProvidedByUsedInOperatingActivities,USD,2023-05-05,10-Q,2022-03-31,through_ocf,True,,,-0.429426,-0.375461,11.627339,-0.097111,-0.069874
2023Q2,2023-05-09,AMCX,1514991,AMC Networks Inc.,$500M-$1B,,712157000,RevenueFromContractWithCustomerExcludingAssessedTax,USD,2023-05-09,10-Q,2022-03-31,104188000,NetIncomeLoss,USD,2023-05-09,10-Q,2022-03-31,5633836000,Assets,USD,2023-05-09,10-Q,2022-12-31,-31011000,NetCashProvidedByUsedInFinancingActivities,USD,2023-05-09,10-Q,2022-03-31,-9757000,NetCashProvidedByUsedInInvestingActivities,USD,2023-05-09,10-Q,2022-03-31,-23555000,NetCashProvidedByUsedInOperatingActivities,USD,2023-05-09,10-Q,2022-03-31,through_ocf,True,,,0.146299,-0.033076,7.910947,-0.043545,-0.013701
2023Q2,2023-05-02,AMD,2488,"ADVANCED MICRO DEVICES, INC.",$2B-$10B,,9763000000,RevenueFromContractWithCustomerExcludingAssessedTax,USD,2023-02-27,10-K,2020-12-26,2490000000,NetIncomeLoss,USD,2023-02-27,10-K,2020-12-26,12419000000,Assets,USD,2023-02-27,10-K,2021-12-25,6000000,NetCashProvidedByUsedInFinancingActivities,USD,2023-02-27,10-K,2020-12-26,-952000000,NetCashProvidedByUsedInInvestingActivities,USD,2023-02-27,10-K,2020-12-26,1071000000,NetCashProvidedByUsedInOperatingActivities,USD,2023-02-27,10-K,2020-12-26,through_ocf,True,,,0.255045,0.1097,1.272048,0.000615,-0.097511
2023Q2,2023-05-02,AME,1037868,"AMETEK, Inc.",$1B-$2B,,1458525000,RevenueFromContractWithCustomerExcludingAssessedTax,USD,2023-05-02,10-Q,2022-03-31,272447000,NetIncomeLoss,USD,2023-05-02,10-Q,2022-03-31,12431120000,Assets,USD,2023-05-02,10-Q,2022-12-31,-187443000,NetCashProvidedByUsedInFinancingActivities,USD,2023-05-02,10-Q,2022-03-31,-14881000,NetCashProvidedByUsedInInvestingActivities,USD,2023-05-02,10-Q,2022-03-31,201341000,NetCashProvidedByUsedInOperatingActivities,USD,2023-05-02,10-Q,2022-03-31,through_ocf,True,,,0.186796,0.138044,8.523076,-0.128515,-0.010203
2023Q2,2023-04-27,AMGN,318154,AMGEN INC.,>$10B,,25424000000,RevenueFromContractWithCustomerExcludingAssessedTax,USD,2023-02-09,10-K,2020-12-31,7264000000,NetIncomeLoss,USD,2023-02-09,10-K,2020-12-31,61165000000,Assets,USD,2023-02-09,10-K,2021-12-31,-4867000000,NetCashProvidedByUsedInFinancingActivities,USD,2023-02-09,10-K,2020-12-31,-5401000000,NetCashProvidedByUsedInInvestingActivities,USD,2023-02-09,10-K,2020-12-31,10497000000,NetCashProvidedByUsedInOperatingActivities,USD,2023-02-09,10-K,2020-12-31,through_ocf,True,,,0.285714,0.412878,2.405798,-0.191433,-0.212437
2023Q2,2023-05-01,AMKR,1047127,"Amkor Technology, Inc.",$2B-$10B,,5050589000,RevenueFromContractWithCustomerExcludingAssessedTax,USD,2023-02-22,10-K,2020-12-31,338138000,NetIncomeLoss,USD,2023-02-22,10-K,2020-12-31,6038554000,Assets,USD,2023-02-22,10-K,2021-12-31,-333719000,NetCashProvidedByUsedInFinancingActivities,USD,2023-02-22,10-K,2020-12-31,-638705000,NetCashProvidedByUsedInInvestingActivities,USD,2023-02-22,10-K,2020-12-31,770033000,NetCashProvidedByUsedInOperatingActivities,USD,2023-02-22,10-K,2020-12-31,through_ocf,True,,,0.06695,0.152464,1.195614,-0.066075,-0.126461
2023Q2,2023-05-04,AMN,1142750,"AMN HEALTHCARE SERVICES, INC.",$2B-$10B,,2393714000,RevenueFromContractWithCustomerExcludingAssessedTax,USD,2023-02-22,10-K,2020-12-31,70665000,NetIncomeLoss,USD,2023-02-22,10-K,2020-12-31,3131906000,Assets,USD,2023-02-22,10-K,2021-12-31,211486000,NetCashProvidedByUsedInFinancingActivities,USD,2023-02-22,10-K,2020-12-31,-538172000,NetCashProvidedByUsedInInvestingActivities,USD,2023-02-22,10-K,2020-12-31,256826000,NetCashProvidedByUsedInOperatingActivities,USD,2023-02-22,10-K,2020-12-31,through_ocf,True,,,0.029521,0.107292,1.308388,0.088351,-0.224827
2023Q2,2023-05-09,AMPH,1297184,"Amphastar Pharmaceuticals, Inc.",$100M-$500M,,120368000,Revenues,USD,2023-05-09,10-Q,2022-03-31,24253000,NetIncomeLoss,USD,2023-05-09,10-Q,2022-03-31,741987000,Assets,USD,2023-05-09,10-Q,2022-12-31,4648000,NetCashProvidedByUsedInFinancingActivities,USD,2023-05-09,10-Q,2022-03-31,-9110000,NetCashProvidedByUsedInInvestingActivities,USD,2023-05-09,10-Q,2022-03-31,50765000,NetCashProvidedByUsedInOperatingActivities,USD,2023-05-09,10-Q,2022-03-31,through_ocf,True,,,0.20149,0.421748,6.164321,0.038615,-0.075685
2023Q2,2023-05-08,AMR,1704715,"ALPHA METALLURGICAL RESOURCES, INC.",$1B-$2B,,1071964000,Revenues,USD,2023-05-08,10-Q,2022-03-31,400891000,NetIncomeLoss,USD,2023-05-08,10-Q,2022-03-31,2312479000,Assets,USD,2023-05-08,10-Q,2022-12-31,-219700000,NetCashProvidedByUsedInFinancingActivities,USD,2023-05-08,10-Q,2022-03-31,-3552000,NetCashProvidedByUsedInInvestingActivities,USD,2023-05-08,10-Q,2022-03-31,336125000,NetCashProvidedByUsedInOperatingActivities,USD,2023-05-08,10-Q,2022-03-31,through_ocf,True,,,0.373978,0.31356,2.157236,-0.204951,-0.003314
2023Q2,2023-04-17,AMRX,1723128,"Amneal Pharmaceuticals, Inc.",$1B-$2B,,1992523000,RevenueFromContractWithCustomerExcludingAssessedTax,USD,2023-03-03,10-K,2020-12-31,67791000,NetIncomeLoss,USD,2023-03-03,10-K,2020-12-31,3939664000,Assets,USD,2023-03-03,10-K,2021-12-31,131807000,NetCashProvidedByUsedInFinancingActivities,USD,2023-03-03,10-K,2020-12-31,-317546000,NetCashProvidedByUsedInInvestingActivities,USD,2023-03-03,10-K,2020-12-31,379001000,NetCashProvidedByUsedInOperatingActivities,USD,2023-03-03,10-K,2020-12-31,through_ocf,True,,,0.034023,0.190212,1.977224,0.066151,-0.159369
2023Q2,2023-04-26,AMT,1053507,AMERICAN TOWER CORP /MA/,$2B-$10B,,2660300000,Revenues,USD,2023-04-26,10-Q,2022-03-31,702700000,ProfitLoss,USD,2023-04-26,10-Q,2022-03-31,69763500000,Assets,USD,2023-04-26,10-Q,2022-03-31,-250900000,NetCashProvidedByUsedInFinancingActivities,USD,2023-04-26,10-Q,2022-03-31,-513100000,NetCashProvidedByUsedInInvestingActivities,USD,2023-04-26,10-Q,2022-03-31,663600000,NetCashProvidedByUsedInOperatingActivities,USD,2023-04-26,10-Q,2022-03-31,through_ocf,True,,,0.264143,0.249446,26.223922,-0.094313,-0.192873
2023Q2,2023-05-25,AMWD,794619,American Woodmark Corp,$1B-$2B,,1355480000,RevenueFromContractWithCustomerExcludingAssessedTax,USD,2023-02-28,10-Q,2022-01-31,2981000,NetIncomeLoss,USD,2023-02-28,10-Q,2021-07-31,1632496000,Assets,USD,2023-02-28,10-Q,2022-04-30,-41383000,NetCashProvidedByUsedInFinancingActivities,USD,2023-02-28,10-Q,2022-01-31,-35766000,NetCashProvidedByUsedInInvestingActivities,USD,2023-02-28,10-Q,2022-01-31,-13051000,NetCashProvidedByUsedInOperatingActivities,USD,2023-02-28,10-Q,2022-01-31,through_ocf,True,,,0.002199,-0.009628,1.204367,-0.03053,-0.026386
2023Q2,2023-05-02,ANDE,821026,"Andersons, Inc.",$2B-$10B,,8064620000,Revenues,USD,2023-02-23,10-K,2020-12-31,7710000,NetIncomeLoss,USD,2023-02-23,10-K,2020-12-31,4569219000,Assets,USD,2023-02-23,10-K,2021-12-31,136296000,NetCashProvidedByUsedInFinancingActivities,USD,2023-02-23,10-K,2020-12-31,-86756000,NetCashProvidedByUsedInInvestingActivities,USD,2023-02-23,10-K,2020-12-31,-74432000,NetCashProvidedByUsedInOperatingActivities,USD,2023-02-23,10-K,2020-12-31,through_ocf,True,,,0.000956,-0.009229,0.566576,0.0169,-0.010758
2023Q2,2023-05-01,ANET,1596532,"ARISTA NETWORKS, INC.",$2B-$10B,,2317512000,RevenueFromContractWithCustomerExcludingAssessedTax,USD,2023-02-14,10-K,2020-12-31,634557000,NetIncomeLoss,USD,2023-02-14,10-K,2020-12-31,5734429000,Assets,USD,2023-02-14,10-K,2021-12-31,-346339000,NetCashProvidedByUsedInFinancingActivities,USD,2023-02-14,10-K,2020-12-31,-608802000,NetCashProvidedByUsedInInvestingActivities,USD,2023-02-14,10-K,2020-12-31,735114000,NetCashProvidedByUsedInOperatingActivities,USD,2023-02-14,10-K,2020-12-31,through_ocf,True,,,0.27381,0.3172,2.47439,-0.149444,-0.262696
2023Q2,2023-05-25,ANF,1018840,Abercrombie & Fitch Co.,$2B-$10B,,3125384000,Revenues,USD,2023-03-27,10-K,2021-01-30,-108954000,ProfitLoss,USD,2023-03-27,10-K,2021-01-30,2939491000,Assets,USD,2023-03-27,10-K,2022-01-29,69717000,NetCashProvidedByUsedInFinancingActivities,USD,2023-03-27,10-K,2021-01-30,-51910000,NetCashProvidedByUsedInInvestingActivities,USD,2023-03-27,10-K,2021-01-30,404918000,NetCashProvidedByUsedInOperatingActivities,USD,2023-03-27,10-K,2021-01-30,through_ocf,True,,,-0.034861,0.129558,0.940522,0.022307,-0.016609
2023Q2,2023-05-09,ANGI,1705110,Angi Inc.,$100M-$500M,,436159000,RevenueFromContractWithCustomerExcludingAssessedTax,USD,2023-05-09,10-Q,2022-03-31,9851000,ProfitLoss,USD,2021-02-16,10-K,2019-03-31,1907778000,Assets,USD,2023-05-09,10-Q,2022-12-31,-9466000,NetCashProvidedByUsedInFinancingActivities,USD,2023-05-09,10-Q,2022-03-31,-26816000,NetCashProvidedByUsedInInvestingActivities,USD,2023-05-09,10-Q,2022-03-31,-735000,NetCashProvidedByUsedInOperatingActivities,USD,2023-05-09,10-Q,2022-03-31,through_ocf,True,,,0.022586,-0.001685,4.374042,-0.021703,-0.061482
2023Q2,2023-04-28,AON,315293,Aon plc,$2B-$10B,,3670000000,RevenueFromContractWithCustomerExcludingAssessedTax,USD,2023-04-28,10-Q,2022-03-31,1023000000,NetIncomeLoss,USD,2023-04-28,10-Q,2022-03-31,32704000000,Assets,USD,2023-04-28,10-Q,2022-12-31,500000000,NetCashProvidedByUsedInFinancingActivities,USD,2023-04-28,10-Q,2022-03-31,-263000000,NetCashProvidedByUsedInInvestingActivities,USD,2023-04-28,10-Q,2022-03-31,463000000,NetCashProvidedByUsedInOperatingActivities,USD,2023-04-28,10-Q,2022-03-31,through_ocf,True,,,0.278747,0.126158,8.911172,0.13624,-0.071662
2023Q2,2023-04-27,AOS,91142,A. O. Smith Corporation,$2B-$10B,,2895300000,RevenueFromContractWithCustomerExcludingAssessedTax,USD,2023-02-14,10-K,2020-12-31,344900000,NetIncomeLoss,USD,2023-02-14,10-K,2020-12-31,3160700000,Assets,USD,2023-02-14,10-K,2020-12-31,-374800000,NetCashProvidedByUsedInFinancingActivities,USD,2023-02-14,10-K,2020-12-31,11800000,NetCashProvidedByUsedInInvestingActivities,USD,2023-02-14,10-K,2020-12-31,562100000,NetCashProvidedByUsedInOperatingActivities,USD,2023-02-14,10-K,2020-12-31,through_ocf,True,,,0.119124,0.194142,1.091666,-0.129451,0.004076
2023Q2,2023-05-04,AOSL,1387467,Alpha and Omega Semiconductor Limited,$100M-$500M,,380354000,RevenueFromContractWithCustomerExcludingAssessedTax,USD,2023-02-08,10-Q,2021-12-31,406422000,NetIncomeLoss,USD,2023-02-08,10-Q,2021-12-31,1298629000,Assets,USD,2023-02-08,10-Q,2022-06-30,-19165000,NetCashProvidedByUsedInFinancingActivities,USD,2023-02-08,10-Q,2021-12-31,-47709000,NetCashProvidedByUsedInInvestingActivities,USD,2023-02-08,10-Q,2021-12-31,131374000,NetCashProvidedByUsedInOperatingActivities,USD,2023-02-08,10-Q,2021-12-31,through_ocf,True,,,1.068536,0.345399,3.414264,-0.050387,-0.125433
2023Q2,2023-05-02,APAM,1517302,Artisan Partners Asset Management Inc.,$500M-$1B,,899567000,Revenues,USD,2023-02-27,10-K,2020-12-31,212617000,NetIncomeLoss,USD,2023-02-27,10-K,2020-12-31,1208047000,Assets,USD,2023-02-27,10-K,2021-12-31,-282234000,NetCashProvidedByUsedInFinancingActivities,USD,2023-02-27,10-K,2020-12-31,18752000,NetCashProvidedByUsedInInvestingActivities,USD,2023-02-27,10-K,2020-12-31,318677000,NetCashProvidedByUsedInOperatingActivities,USD,2023-02-27,10-K,2020-12-31,through_ocf,True,,,0.236355,0.354256,1.342921,-0.313744,0.020846
2023Q2,2023-05-09,APD,2969,"AIR PRODUCTS AND CHEMICALS, INC.",$2B-$10B,,5939300000,Revenues,USD,2023-05-09,10-Q,2022-03-31,1090900000,NetIncomeLoss,USD,2023-05-09,10-Q,2022-03-31,27192600000,Assets,USD,2023-05-09,10-Q,2022-09-30,-785600000,NetCashProvidedByUsedInFinancingActivities,USD,2023-05-09,10-Q,2022-03-31,-2635800000,NetCashProvidedByUsedInInvestingActivities,USD,2023-05-09,10-Q,2022-03-31,1305000000,NetCashProvidedByUsedInOperatingActivities,USD,2023-05-09,10-Q,2022-03-31,through_ocf,True,,,0.183675,0.219723,4.578418,-0.132271,-0.44379
2023Q2,2023-04-12,APEI,1201792,"AMERICAN PUBLIC EDUCATION, INC.",$100M-$500M,,321785000,RevenueFromContractWithCustomerExcludingAssessedTax,USD,2023-03-14,10-K,2020-12-31,18822000,NetIncomeLoss,USD,2023-03-14,10-K,2020-12-31,725608000,Assets,USD,2023-03-14,10-K,2021-12-31,-15705000,NetCashProvidedByUsedInFinancingActivities,USD,2023-03-14,10-K,2020-12-31,-4159000,NetCashProvidedByUsedInInvestingActivities,USD,2023-03-14,10-K,2020-12-31,44810000,NetCashProvidedByUsedInOperatingActivities,USD,2023-03-14,10-K,2020-12-31,through_ocf,True,,,0.058492,0.139254,2.254947,-0.048806,-0.012925
2023Q2,2023-04-26,APH,820313,AMPHENOL CORPORATION,$2B-$10B,,8598900000,RevenueFromContractWithCustomerExcludingAssessedTax,USD,2023-02-08,10-K,2020-12-31,1203400000,NetIncomeLoss,USD,2023-02-08,10-K,2020-12-31,14678400000,Assets,USD,2023-02-08,10-K,2021-12-31,-516600000,NetCashProvidedByUsedInFinancingActivities,USD,2023-02-08,10-K,2020-12-31,-333500000,NetCashProvidedByUsedInInvestingActivities,USD,2023-02-08,10-K,2020-12-31,1592000000,NetCashProvidedByUsedInOperatingActivities,USD,2023-02-08,10-K,2020-12-31,through_ocf,True,,,0.139948,0.18514,1.707009,-0.060077,-0.038784
2023Q2,2023-05-02,APLE,1418121,"APPLE HOSPITALITY REIT, INC.",$100M-$500M,,260478000,RevenueFromContractWithCustomerExcludingAssessedTax,USD,2023-05-02,10-Q,2022-03-31,18002000,NetIncomeLoss,USD,2023-05-02,10-Q,2022-03-31,4772714000,Assets,USD,2023-05-02,10-Q,2022-12-31,-24222000,NetCashProvidedByUsedInFinancingActivities,USD,2023-05-02,10-Q,2022-03-31,-13586000,NetCashProvidedByUsedInInvestingActivities,USD,2023-05-02,10-Q,2022-03-31,39063000,NetCashProvidedByUsedInOperatingActivities,USD,2023-05-02,10-Q,2022-03-31,through_ocf,True,,,0.069111,0.149967,18.322906,-0.092991,-0.052158
2023Q2,2023-05-09,APO,0001858681,"APOLLO GLOBAL MANAGEMENT, INC.",$500M-$1B,,862000000,Revenues,USD,2023-05-09,10-Q,2022-03-31,-1059000000,ProfitLoss,USD,2023-05-09,10-Q,2022-03-31,257217000000,Assets,USD,2023-05-09,10-Q,2022-12-31,11240000000,NetCashProvidedByUsedInFinancingActivities,USD,2023-05-09,10-Q,2022-03-31,3103000000,NetCashProvidedByUsedInInvestingActivities,USD,2023-05-09,10-Q,2022-03-31,-3993000000,NetCashProvidedByUsedInOperatingActivities,USD,2023-05-09,10-Q,2022-03-31,through_ocf,True,,,-1.228538,-4.632251,298.395592,13.039443,3.599768
2023Q2,2023-05-10,APP,1751008,AppLovin Corporation,$500M-$1B,,625421000,RevenueFromContractWithCustomerExcludingAssessedTax,USD,2023-05-10,10-Q,2022-03-31,-115257000,NetIncomeLoss,USD,2023-05-10,10-Q,2022-03-31,5847846000,Assets,USD,2023-05-10,10-Q,2022-12-31,-65424000,NetCashProvidedByUsedInFinancingActivities,USD,2023-05-10,10-Q,2022-03-31,-1059743000,NetCashProvidedByUsedInInvestingActivities,USD,2023-05-10,10-Q,2022-03-31,-31719000,NetCashProvidedByUsedInOperatingActivities,USD,2023-05-10,10-Q,2022-03-31,through_ocf,True,,,-0.184287,-0.050716,9.350255,-0.104608,-1.694447
2023Q2,2023-04-27,APPF,1433195,"AppFolio, Inc.",$100M-$500M,,310056000,RevenueFromContractWithCustomerExcludingAssessedTax,USD,2023-02-09,10-K,2020-12-31,158403000,NetIncomeLoss,USD,2023-02-09,10-K,2020-12-31,408017000,Assets,USD,2023-02-09,10-K,2021-12-31,-70358000,NetCashProvidedByUsedInFinancingActivities,USD,2023-02-09,10-K,2020-12-31,146511000,NetCashProvidedByUsedInInvestingActivities,USD,2023-02-09,10-K,2020-12-31,48299000,NetCashProvidedByUsedInOperatingActivities,USD,2023-02-09,10-K,2020-12-31,through_ocf,True,,,0.510885,0.155775,1.315946,-0.22692,0.472531
2023Q2,2023-05-09,APPN,1441683,APPIAN CORPORATION,$100M-$500M,,114266000,RevenueFromContractWithCustomerExcludingAssessedTax,USD,2023-05-09,10-Q,2022-03-31,-23154000,NetIncomeLoss,USD,2023-05-09,10-Q,2022-03-31,594214000,Assets,USD,2023-05-09,10-Q,2022-12-31,24404000,NetCashProvidedByUsedInFinancingActivities,USD,2023-05-09,10-Q,2022-03-31,2099000,NetCashProvidedByUsedInInvestingActivities,USD,2023-05-09,10-Q,2022-03-31,-20604000,NetCashProvidedByUsedInOperatingActivities,USD,2023-05-09,10-Q,2022-03-31,through_ocf,True,,,-0.202632,-0.180316,5.20027,0.213572,0.018369
2023Q2,2023-05-04,APTV,1521332,Aptiv PLC,$2B-$10B,,4178000000,Revenues,USD,2023-05-04,10-Q,2022-03-31,89000000,NetIncomeLoss,USD,2023-05-04,10-Q,2022-03-31,21884000000,Assets,USD,2023-05-04,10-Q,2022-12-31,2411000000,NetCashProvidedByUsedInFinancingActivities,USD,2023-05-04,10-Q,2022-03-31,-465000000,NetCashProvidedByUsedInInvestingActivities,USD,2023-05-04,10-Q,2022-03-31,-202000000,NetCashProvidedByUsedInOperatingActivities,USD,2023-05-04,10-Q,2022-03-31,through_ocf,True,,,0.021302,-0.048348,5.237913,0.57707,-0.111297
2023Q2,2023-04-28,ARCB,894405,ARCBEST CORPORATION,$2B-$10B,,2940163000,RevenueFromContractWithCustomerExcludingAssessedTax,USD,2023-02-24,10-K,2020-12-31,71100000,NetIncomeLoss,USD,2023-02-24,10-K,2020-12-31,2112676000,Assets,USD,2023-02-24,10-K,2021-12-31,-111405000,NetCashProvidedByUsedInFinancingActivities,USD,2023-02-24,10-K,2020-12-31,7461000,NetCashProvidedByUsedInInvestingActivities,USD,2023-02-24,10-K,2020-12-31,205989000,NetCashProvidedByUsedInOperatingActivities,USD,2023-02-24,10-K,2020-12-31,through_ocf,True,,,0.024182,0.07006,0.718557,-0.037891,0.002538
2023Q2,2023-04-28,ARES,1176948,ARES MANAGEMENT CORPORATION,$1B-$2B,,1753729000,Revenues,USD,2023-02-24,10-K,2020-12-31,152142000,NetIncomeLoss,USD,2023-02-24,10-K,2020-12-31,21605164000,Assets,USD,2023-02-24,10-K,2021-12-31,943895000,NetCashProvidedByUsedInFinancingActivities,USD,2023-02-24,10-K,2020-12-31,-136764000,NetCashProvidedByUsedInInvestingActivities,USD,2023-02-24,10-K,2020-12-31,-425659000,NetCashProvidedByUsedInOperatingActivities,USD,2023-02-24,10-K,2020-12-31,through_ocf,True,,,0.086753,-0.242717,12.319557,0.538222,-0.077985
2023Q2,2023-05-11,ARLO,1736946,"ARLO TECHNOLOGIES, INC.",$100M-$500M,,140997000,Revenues,USD,2018-08-27,10-Q,2017-07-02,-8479000,NetIncomeLoss,USD,2023-05-11,10-Q,2022-04-03,272201000,Assets,USD,2023-05-11,10-Q,2022-12-31,-5272000,NetCashProvidedByUsedInFinancingActivities,USD,2023-05-11,10-Q,2022-04-03,-44938000,NetCashProvidedByUsedInInvestingActivities,USD,2023-05-11,10-Q,2022-04-03,-24557000,NetCashProvidedByUsedInOperatingActivities,USD,2023-05-11,10-Q,2022-04-03,through_ocf,True,,,-0.060136,-0.174167,1.930545,-0.037391,-0.318716
2023Q2,2023-05-02,ARLP,1086600,ALLIANCE RESOURCE PARTNERS LP,$1B-$2B,,1328129000,RevenueFromContractWithCustomerExcludingAssessedTax,USD,2023-02-24,10-K,2020-12-31,-129220000,NetIncomeLoss,USD,2023-02-24,10-K,2020-12-31,2166016000,Assets,USD,2023-02-24,10-K,2020-12-31,-256429000,NetCashProvidedByUsedInFinancingActivities,USD,2023-02-24,10-K,2020-12-31,-125124000,NetCashProvidedByUsedInInvestingActivities,USD,2023-02-24,10-K,2020-12-31,400645000,NetCashProvidedByUsedInOperatingActivities,USD,2023-02-24,10-K,2020-12-31,through_ocf,True,,,-0.097295,0.301661,1.630878,-0.193075,-0.094211
2023Q2,2023-05-03,AROC,1389050,"Archrock, Inc",$100M-$500M,,197201000,RevenueFromContractWithCustomerExcludingAssessedTax,USD,2023-05-03,10-Q,2022-03-31,1721000,NetIncomeLoss,USD,2023-05-03,10-Q,2022-03-31,2598750000,Assets,USD,2023-05-03,10-Q,2022-12-31,-40221000,NetCashProvidedByUsedInFinancingActivities,USD,2023-05-03,10-Q,2022-03-31,-36658000,NetCashProvidedByUsedInInvestingActivities,USD,2023-05-03,10-Q,2022-03-31,76572000,NetCashProvidedByUsedInOperatingActivities,USD,2023-05-03,10-Q,2022-03-31,through_ocf,True,,,0.008727,0.388294,13.178179,-0.203959,-0.185892
2023Q2,2023-05-09,ARRY,1820721,"ARRAY TECHNOLOGIES, INC.",$500M-$1B,,872662000,RevenueFromContractWithCustomerExcludingAssessedTax,USD,2023-03-22,10-K,2020-12-31,59073000,NetIncomeLoss,USD,2023-03-22,10-K,2020-12-31,1142979000,Assets,USD,2023-03-22,10-K,2021-12-31,-129273000,NetCashProvidedByUsedInFinancingActivities,USD,2023-03-22,10-K,2020-12-31,-1338000,NetCashProvidedByUsedInInvestingActivities,USD,2023-03-22,10-K,2020-12-31,-122205000,NetCashProvidedByUsedInOperatingActivities,USD,2023-03-22,10-K,2020-12-31,through_ocf,True,,,0.067693,-0.140037,1.309761,-0.148136,-0.001533
2023Q2,2023-05-02,ARWR,879407,"ARROWHEAD PHARMACEUTICALS, INC.",$100M-$500M,,179244000,RevenueFromContractWithCustomerExcludingAssessedTax,USD,2023-05-02,10-Q,2022-03-31,-62872000,NetIncomeLoss,USD,2023-05-02,10-Q,2021-12-31,691939000,Assets,USD,2023-05-02,10-Q,2022-09-30,3731000,NetCashProvidedByUsedInFinancingActivities,USD,2023-05-02,10-Q,2022-03-31,-103140000,NetCashProvidedByUsedInInvestingActivities,USD,2023-05-02,10-Q,2022-03-31,1421000,NetCashProvidedByUsedInOperatingActivities,USD,2023-05-02,10-Q,2022-03-31,through_ocf,True,,,-0.350762,0.007928,3.860319,0.020815,-0.575417
2023Q2,2023-06-01,ASAN,1477720,"Asana, Inc.",$100M-$500M,,120646000,RevenueFromContractWithCustomerExcludingAssessedTax,USD,2023-06-01,10-Q,2022-04-30,-98868000,NetIncomeLoss,USD,2023-06-01,10-Q,2022-04-30,954963000,Assets,USD,2023-06-01,10-Q,2023-01-31,10717000,NetCashProvidedByUsedInFinancingActivities,USD,2023-06-01,10-Q,2022-04-30,-12091000,NetCashProvidedByUsedInInvestingActivities,USD,2023-06-01,10-Q,2022-04-30,-41133000,NetCashProvidedByUsedInOperatingActivities,USD,2023-06-01,10-Q,2022-04-30,through_ocf,True,,,-0.819488,-0.34094,7.915414,0.08883,-0.100219
2023Q2,2023-04-20,ASB,7789,ASSOCIATED BANC-CORP,$1B-$2B,,1277012000,Revenues,USD,2023-02-13,10-K,2020-12-31,306771000,NetIncomeLoss,USD,2023-02-13,10-K,2020-12-31,35104253000,Assets,USD,2023-02-13,10-K,2021-12-31,371020000,NetCashProvidedByUsedInFinancingActivities,USD,2023-02-13,10-K,2020-12-31,-793737000,NetCashProvidedByUsedInInvestingActivities,USD,2023-02-13,10-K,2020-12-31,550020000,NetCashProvidedByUsedInOperatingActivities,USD,2023-02-13,10-K,2020-12-31,through_ocf,True,,,0.240226,0.430709,27.489368,0.290538,-0.621558
2023Q2,2023-04-27,ASGN,890564,ASGN Inc,$2B-$10B,,3502100000,Revenues,USD,2023-02-27,10-K,2020-12-31,200300000,NetIncomeLoss,USD,2023-02-27,10-K,2020-12-31,3502800000,Assets,USD,2023-02-27,10-K,2021-12-31,-29000000,NetCashProvidedByUsedInFinancingActivities,USD,2023-02-27,10-K,2020-12-31,-219000000,NetCashProvidedByUsedInInvestingActivities,USD,2023-02-27,10-K,2020-12-31,424800000,NetCashProvidedByUsedInOperatingActivities,USD,2023-02-27,10-K,2020-12-31,through_ocf,True,,,0.057194,0.121299,1.0002,-0.008281,-0.062534
2023Q2,2023-05-05,ASIX,1673985,AdvanSix Inc.,$1B-$2B,,1297393000,RevenueFromContractWithCustomerExcludingAssessedTax,USD,2022-02-18,10-K,2019-12-31,63073000,NetIncomeLoss,USD,2023-05-05,10-Q,2022-03-31,1495331000,Assets,USD,2023-05-05,10-Q,2022-12-31,74948000,NetCashProvidedByUsedInFinancingActivities,USD,2023-05-05,10-Q,2022-03-31,-119904000,NetCashProvidedByUsedInInvestingActivities,USD,2023-05-05,10-Q,2022-03-31,49162000,NetCashProvidedByUsedInOperatingActivities,USD,2023-05-05,10-Q,2022-03-31,through_ocf,True,,,0.048615,0.037893,1.152566,0.057768,-0.092419
2023Q2,2023-06-06,ASO,1817358,"Academy Sports and Outdoors, Inc.",$1B-$2B,,1467730000,RevenueFromContractWithCustomerExcludingAssessedTax,USD,2023-06-06,10-Q,2022-04-30,149806000,NetIncomeLoss,USD,2023-06-06,10-Q,2022-04-30,4719156000,Assets,USD,2023-06-06,10-Q,2022-04-30,-93388000,NetCashProvidedByUsedInFinancingActivities,USD,2023-06-06,10-Q,2022-04-30,-17312000,NetCashProvidedByUsedInInvestingActivities,USD,2023-06-06,10-Q,2022-04-30,97097000,NetCashProvidedByUsedInOperatingActivities,USD,2023-06-06,10-Q,2022-04-30,through_ocf,True,,,0.102066,0.066155,3.215275,-0.063628,-0.011795
2023Q2,2023-05-08,ASTH,1083446,"ASTRANA HEALTH, INC.",$500M-$1B,,687180000,RevenueFromContractWithCustomerExcludingAssessedTax,USD,2023-03-01,10-K,2020-12-31,37866000,NetIncomeLoss,USD,2023-03-01,10-K,2020-12-31,852363000,Assets,USD,2023-03-01,10-K,2021-12-31,-51696000,NetCashProvidedByUsedInFinancingActivities,USD,2023-03-01,10-K,2020-12-31,95493000,NetCashProvidedByUsedInInvestingActivities,USD,2023-03-01,10-K,2020-12-31,46163000,NetCashProvidedByUsedInOperatingActivities,USD,2023-03-01,10-K,2020-12-31,through_ocf,True,,,0.055103,0.067177,1.240378,-0.075229,0.138964
2023Q2,2023-05-09,ATKR,1666138,Atkore Inc.,$1B-$2B,,1823374000,RevenueFromContractWithCustomerExcludingAssessedTax,USD,2023-05-09,10-Q,2022-03-25,204843000,NetIncomeLoss,USD,2023-05-09,10-Q,2021-12-24,2598996000,Assets,USD,2023-05-09,10-Q,2022-09-30,-285572000,NetCashProvidedByUsedInFinancingActivities,USD,2023-05-09,10-Q,2022-03-25,-60799000,NetCashProvidedByUsedInInvestingActivities,USD,2023-05-09,10-Q,2022-03-25,161159000,NetCashProvidedByUsedInOperatingActivities,USD,2023-05-09,10-Q,2022-03-25,through_ocf,True,,,0.112343,0.088385,1.425377,-0.156617,-0.033344
2023Q2,2023-04-27,ATNI,879585,"ATN INTERNATIONAL, INC.",$100M-$500M,,455444000,Revenues,USD,2023-03-15,10-K,2020-12-31,-708000,ProfitLoss,USD,2023-03-15,10-K,2020-12-31,1608604000,Assets,USD,2023-03-15,10-K,2021-12-31,-73367000,NetCashProvidedByUsedInFinancingActivities,USD,2023-03-15,10-K,2020-12-31,-70198000,NetCashProvidedByUsedInInvestingActivities,USD,2023-03-15,10-K,2020-12-31,86284000,NetCashProvidedByUsedInOperatingActivities,USD,2023-03-15,10-K,2020-12-31,through_ocf,True,,,-0.001555,0.18945,3.531947,-0.161089,-0.154131
2023Q2,2023-05-03,ATO,731802,ATMOS ENERGY CORP,$2B-$10B,,2662605000,Revenues,USD,2023-05-03,10-Q,2022-03-31,249209000,NetIncomeLoss,USD,2023-05-03,10-Q,2021-12-31,22192989000,Assets,USD,2023-05-03,10-Q,2022-09-30,1007257000,NetCashProvidedByUsedInFinancingActivities,USD,2023-05-03,10-Q,2022-03-31,-1181969000,NetCashProvidedByUsedInInvestingActivities,USD,2023-05-03,10-Q,2022-03-31,640484000,NetCashProvidedByUsedInOperatingActivities,USD,2023-05-03,10-Q,2022-03-31,through_ocf,True,,,0.093596,0.240548,8.335066,0.378298,-0.443915
2023Q2,2023-05-09,ATRO,8063,Astronics Corporation,$500M-$1B,,502587000,RevenueFromContractWithCustomerExcludingAssessedTax,USD,2023-03-10,10-K,2020-12-31,-115781000,NetIncomeLoss,USD,2023-03-10,10-K,2020-12-31,609138000,Assets,USD,2023-03-10,10-K,2021-12-31,-24576000,NetCashProvidedByUsedInFinancingActivities,USD,2023-03-10,10-K,2020-12-31,-5797000,NetCashProvidedByUsedInInvestingActivities,USD,2023-03-10,10-K,2020-12-31,37335000,NetCashProvidedByUsedInOperatingActivities,USD,2023-03-10,10-K,2020-12-31,through_ocf,True,,,-0.23037,0.074286,1.212005,-0.048899,-0.011534
2023Q2,2023-05-03,AVA,104918,AVISTA CORP,$100M-$500M,,462046000,Revenues,USD,2023-05-03,10-Q,2022-03-31,71565000,NetIncomeLoss,USD,2023-05-03,10-Q,2022-03-31,7417350000,Assets,USD,2023-05-03,10-Q,2022-12-31,115261000,NetCashProvidedByUsedInFinancingActivities,USD,2023-05-03,10-Q,2022-03-31,-95681000,NetCashProvidedByUsedInInvestingActivities,USD,2023-05-03,10-Q,2022-03-31,161850000,NetCashProvidedByUsedInOperatingActivities,USD,2023-05-03,10-Q,2022-03-31,through_ocf,True,,,0.154887,0.35029,16.053272,0.249458,-0.207081
2023Q2,2023-06-27,AVAV,1368622,"AEROVIRONMENT, INC.",$100M-$500M,,232073000,Revenues,USD,2021-03-10,10-Q,2020-01-25,-11397000,ProfitLoss,USD,2023-03-06,10-Q,2022-01-29,914200000,Assets,USD,2023-03-06,10-Q,2022-04-30,-11914000,NetCashProvidedByUsedInFinancingActivities,USD,2023-03-06,10-Q,2022-01-29,-37009000,NetCashProvidedByUsedInInvestingActivities,USD,2023-03-06,10-Q,2022-01-29,-23176000,NetCashProvidedByUsedInOperatingActivities,USD,2023-03-06,10-Q,2022-01-29,through_ocf,True,,,-0.04911,-0.099865,3.939278,-0.051337,-0.159471
2023Q2,2023-04-27,AVB,915912,"AVALONBAY COMMUNITIES, INC.",$2B-$10B,,2301261000,Revenues,USD,2023-02-24,10-K,2020-12-31,827706000,ProfitLoss,USD,2023-02-24,10-K,2020-12-31,19902016000,Assets,USD,2023-02-24,10-K,2021-12-31,-854264000,NetCashProvidedByUsedInFinancingActivities,USD,2023-02-24,10-K,2020-12-31,-179433000,NetCashProvidedByUsedInInvestingActivities,USD,2023-02-24,10-K,2020-12-31,1219615000,NetCashProvidedByUsedInOperatingActivities,USD,2023-02-24,10-K,2020-12-31,through_ocf,True,,,0.359675,0.529977,8.648309,-0.371216,-0.077972
2023Q2,2023-05-10,AVD,5981,AMERICAN VANGUARD CORPORATION,$100M-$500M,,149593000,RevenueFromContractWithCustomerExcludingAssessedTax,USD,2023-05-10,10-Q,2022-03-31,9935000,NetIncomeLoss,USD,2023-05-10,10-Q,2022-03-31,726313000,Assets,USD,2023-05-10,10-Q,2022-12-31,37449000,NetCashProvidedByUsedInFinancingActivities,USD,2023-05-10,10-Q,2022-03-31,-4250000,NetCashProvidedByUsedInInvestingActivities,USD,2023-05-10,10-Q,2022-03-31,-32315000,NetCashProvidedByUsedInOperatingActivities,USD,2023-05-10,10-Q,2022-03-31,through_ocf,True,,,0.066414,-0.216019,4.855261,0.250339,-0.02841
2023Q2,2023-05-03,AVNS,1606498,"AVANOS MEDICAL, INC.",$100M-$500M,,197400000,RevenueFromContractWithCustomerExcludingAssessedTax,USD,2023-05-03,10-Q,2022-03-31,5400000,NetIncomeLoss,USD,2023-05-03,10-Q,2022-03-31,1786900000,Assets,USD,2023-05-03,10-Q,2022-12-31,105700000,NetCashProvidedByUsedInFinancingActivities,USD,2023-05-03,10-Q,2022-03-31,-121700000,NetCashProvidedByUsedInInvestingActivities,USD,2023-05-03,10-Q,2022-03-31,1800000,NetCashProvidedByUsedInOperatingActivities,USD,2023-05-03,10-Q,2022-03-31,through_ocf,True,,,0.027356,0.009119,9.052178,0.535461,-0.616515
2023Q2,2023-05-03,AVNT,1122976,Avient Corporation,$500M-$1B,,892200000,RevenueFromContractWithCustomerExcludingAssessedTax,USD,2023-05-03,10-Q,2022-03-31,84200000,NetIncomeLoss,USD,2023-05-03,10-Q,2022-03-31,6085000000,Assets,USD,2023-05-03,10-Q,2022-12-31,-43800000,NetCashProvidedByUsedInFinancingActivities,USD,2023-05-03,10-Q,2022-03-31,-13300000,NetCashProvidedByUsedInInvestingActivities,USD,2023-05-03,10-Q,2022-03-31,18900000,NetCashProvidedByUsedInOperatingActivities,USD,2023-05-03,10-Q,2022-03-31,through_ocf,True,,,0.094373,0.021184,6.82022,-0.049092,-0.014907
2023Q2,2023-05-03,AVNW,1377789,"AVIAT NETWORKS, INC.",$100M-$500M,,243858000,RevenueFromContractWithCustomerExcludingAssessedTax,USD,2021-08-25,10-K,2019-06-28,16627000,NetIncomeLoss,USD,2023-05-03,10-Q,2022-04-01,323904000,Assets,USD,2023-05-03,10-Q,2022-07-01,-4038000,NetCashProvidedByUsedInFinancingActivities,USD,2023-05-03,10-Q,2022-04-01,-1236000,NetCashProvidedByUsedInInvestingActivities,USD,2023-05-03,10-Q,2022-04-01,-10788000,NetCashProvidedByUsedInOperatingActivities,USD,2023-05-03,10-Q,2022-04-01,through_ocf,True,,,0.068183,-0.044239,1.328248,-0.016559,-0.005069
2023Q2,2023-04-26,AVY,8818,AVERY DENNISON CORPORATION,$2B-$10B,,6971500000,RevenueFromContractWithCustomerExcludingAssessedTax,USD,2023-02-22,10-K,2021-01-02,555900000,NetIncomeLoss,USD,2023-02-22,10-K,2021-01-02,7971600000,Assets,USD,2023-02-22,10-K,2022-01-01,-207700000,NetCashProvidedByUsedInFinancingActivities,USD,2023-02-22,10-K,2021-01-02,-554200000,NetCashProvidedByUsedInInvestingActivities,USD,2023-02-22,10-K,2021-01-02,751300000,NetCashProvidedByUsedInOperatingActivities,USD,2023-02-22,10-K,2021-01-02,through_ocf,True,,,0.079739,0.107767,1.143455,-0.029793,-0.079495
2023Q2,2023-04-26,AWK,1410636,"American Water Works Company, Inc.",$2B-$10B,,3743000000,RevenueFromContractWithCustomerExcludingAssessedTax,USD,2023-02-15,10-K,2020-12-31,158000000,NetIncomeLoss,USD,2023-04-26,10-Q,2022-03-31,25694000000,Assets,USD,2023-04-26,10-Q,2022-03-31,-353000000,NetCashProvidedByUsedInFinancingActivities,USD,2023-04-26,10-Q,2022-03-31,159000000,NetCashProvidedByUsedInInvestingActivities,USD,2023-04-26,10-Q,2022-03-31,154000000,NetCashProvidedByUsedInOperatingActivities,USD,2023-04-26,10-Q,2022-03-31,through_ocf,True,,,0.042212,0.041143,6.864547,-0.094309,0.042479
2023Q2,2023-05-10,AWR,1056903,AMERICAN STATES WATER COMPANY,$100M-$500M,,108570000,Revenues,USD,2023-05-10,10-Q,2022-03-31,14162000,NetIncomeLoss,USD,2023-05-10,10-Q,2022-03-31,1913932000,Assets,USD,2023-05-10,10-Q,2022-03-31,2186000,NetCashProvidedByUsedInFinancingActivities,USD,2023-05-10,10-Q,2022-03-31,-35049000,NetCashProvidedByUsedInInvestingActivities,USD,2023-05-10,10-Q,2022-03-31,38026000,NetCashProvidedByUsedInOperatingActivities,USD,2023-05-10,10-Q,2022-03-31,through_ocf,True,,,0.130441,0.350244,17.628553,0.020134,-0.322824
2023Q2,2023-05-09,AXON,1069183,"Axon Enterprise, Inc.",$100M-$500M,,256426000,RevenueFromContractWithCustomerExcludingAssessedTax,USD,2023-05-09,10-Q,2022-03-31,54871000,NetIncomeLoss,USD,2023-05-09,10-Q,2022-03-31,2851894000,Assets,USD,2023-05-09,10-Q,2022-12-31,-1459000,NetCashProvidedByUsedInFinancingActivities,USD,2023-05-09,10-Q,2022-03-31,-10348000,NetCashProvidedByUsedInInvestingActivities,USD,2023-05-09,10-Q,2022-03-31,43964000,NetCashProvidedByUsedInOperatingActivities,USD,2023-05-09,10-Q,2022-03-31,through_ocf,True,,,0.213984,0.171449,11.121704,-0.00569,-0.040355
2023Q2,2023-04-20,AXP,4962,AMERICAN EXPRESS CO,>$10B,,21974000000,RevenueFromContractWithCustomerExcludingAssessedTax,USD,2023-02-10,10-K,2020-12-31,3135000000,NetIncomeLoss,USD,2023-02-10,10-K,2020-12-31,191000000000,Assets,USD,2023-02-10,10-K,2020-12-31,-9068000000,NetCashProvidedByUsedInFinancingActivities,USD,2023-02-10,10-K,2020-12-31,11632000000,NetCashProvidedByUsedInInvestingActivities,USD,2023-02-10,10-K,2020-12-31,5591000000,NetCashProvidedByUsedInOperatingActivities,USD,2023-02-10,10-K,2020-12-31,through_ocf,True,,,0.142669,0.254437,8.692091,-0.41267,0.529353
2023Q2,2023-04-25,AZZ,8947,AZZ Inc.,$100M-$500M,,480574000,RevenueFromContractWithCustomerExcludingAssessedTax,USD,2023-04-25,10-K,2021-02-28,39614000,NetIncomeLoss,USD,2023-04-25,10-K,2021-02-28,1133027000,Assets,USD,2023-04-25,10-K,2022-02-28,-5610000,NetCashProvidedByUsedInFinancingActivities,USD,2022-07-11,10-Q,2021-05-31,-7466000,NetCashProvidedByUsedInInvestingActivities,USD,2022-07-11,10-Q,2021-05-31,11060000,NetCashProvidedByUsedInOperatingActivities,USD,2022-07-11,10-Q,2021-05-31,through_ocf,True,,,0.082431,0.023014,2.357654,-0.011674,-0.015536
2023Q2,2023-05-04,BALL,9389,Ball Corporation,$2B-$10B,,5328000000,RevenueFromContractWithCustomerExcludingAssessedTax,USD,2018-08-03,10-Q,2017-06-30,447000000,ProfitLoss,USD,2023-05-04,10-Q,2022-03-31,19909000000,Assets,USD,2023-05-04,10-Q,2022-12-31,715000000,NetCashProvidedByUsedInFinancingActivities,USD,2023-05-04,10-Q,2022-03-31,-46000000,NetCashProvidedByUsedInInvestingActivities,USD,2023-05-04,10-Q,2022-03-31,-804000000,NetCashProvidedByUsedInOperatingActivities,USD,2023-05-04,10-Q,2022-03-31,through_ocf,True,,,0.083896,-0.150901,3.736674,0.134197,-0.008634
2023Q2,2023-04-20,BANC,1169770,"BANC OF CALIFORNIA, INC.",<$100M,,3972000,RevenueFromContractWithCustomerExcludingAssessedTax,USD,2022-03-01,10-K,2019-12-31,12574000,NetIncomeLoss,USD,2023-02-27,10-K,2020-12-31,9393743000,Assets,USD,2023-02-27,10-K,2021-12-31,39400000,NetCashProvidedByUsedInFinancingActivities,USD,2023-02-27,10-K,2020-12-31,-266915000,NetCashProvidedByUsedInInvestingActivities,USD,2023-02-27,10-K,2020-12-31,74862000,NetCashProvidedByUsedInOperatingActivities,USD,2023-02-27,10-K,2020-12-31,through_ocf,True,,,3.16566,18.847432,2364.990685,9.919436,-67.199144
2023Q2,2023-06-01,BARK,1819574,"BARK, Inc.",$100M-$500M,,378604000,RevenueFromContractWithCustomerExcludingAssessedTax,USD,2023-06-01,10-K,2021-03-31,-31391000,NetIncomeLoss,USD,2023-06-01,10-K,2021-03-31,434061000,Assets,USD,2023-06-01,10-K,2022-03-31,54498000,NetCashProvidedByUsedInFinancingActivities,USD,2023-06-01,10-K,2021-03-31,-4825000,NetCashProvidedByUsedInInvestingActivities,USD,2023-06-01,10-K,2021-03-31,-19618000,NetCashProvidedByUsedInOperatingActivities,USD,2023-06-01,10-K,2021-03-31,through_ocf,True,,,-0.082912,-0.051817,1.146478,0.143945,-0.012744
2023Q2,2023-04-27,BAX,10456,BAXTER INTERNATIONAL INC,$2B-$10B,,3707000000,RevenueFromContractWithCustomerExcludingAssessedTax,USD,2023-04-27,10-Q,2022-03-31,71000000,NetIncomeLoss,USD,2023-04-27,10-Q,2022-03-31,28287000000,Assets,USD,2023-04-27,10-Q,2022-12-31,-548000000,NetCashProvidedByUsedInFinancingActivities,USD,2023-04-27,10-Q,2022-03-31,-304000000,NetCashProvidedByUsedInInvestingActivities,USD,2023-04-27,10-Q,2022-03-31,208000000,NetCashProvidedByUsedInOperatingActivities,USD,2023-04-27,10-Q,2022-03-31,through_ocf,True,,,0.019153,0.05611,7.630699,-0.147828,-0.082007
2023Q2,2023-04-27,BBBY,1130713,"Bed Bath & Beyond, Inc.",$2B-$10B,,2493915000,RevenueFromContractWithCustomerExcludingAssessedTax,USD,2023-02-24,10-K,2020-12-31,56001000,NetIncomeLoss,USD,2023-02-24,10-K,2020-12-31,1065966000,Assets,USD,2023-02-24,10-K,2021-12-31,231364000,NetCashProvidedByUsedInFinancingActivities,USD,2023-02-24,10-K,2020-12-31,-23555000,NetCashProvidedByUsedInInvestingActivities,USD,2023-02-24,10-K,2020-12-31,196474000,NetCashProvidedByUsedInOperatingActivities,USD,2023-02-24,10-K,2020-12-31,through_ocf,True,,,0.022455,0.078781,0.427427,0.092771,-0.009445
2023Q2,2023-05-03,BBSI,902791,"BARRETT BUSINESS SERVICES, INC.",$100M-$500M,,209997000,Revenues,USD,2018-05-08,10-Q,2017-03-31,33765000,NetIncomeLoss,USD,2023-03-06,10-K,2020-12-31,746952000,Assets,USD,2023-03-06,10-K,2021-12-31,-15730000,NetCashProvidedByUsedInFinancingActivities,USD,2023-03-06,10-K,2020-12-31,4141000,NetCashProvidedByUsedInInvestingActivities,USD,2023-03-06,10-K,2020-12-31,-27915000,NetCashProvidedByUsedInOperatingActivities,USD,2023-03-06,10-K,2020-12-31,through_ocf,True,,,0.160788,-0.13293,3.556965,-0.074906,0.019719
2023Q2,2023-04-20,BBT,1108134,BEACON FINANCIAL CORPORATION,$100M-$500M,,383089000,Revenues,USD,2023-03-01,10-K,2020-12-31,-533017000,NetIncomeLoss,USD,2023-03-01,10-K,2020-12-31,11554913000,Assets,USD,2023-03-01,10-K,2021-12-31,109302000,NetCashProvidedByUsedInFinancingActivities,USD,2023-03-01,10-K,2020-12-31,641103000,NetCashProvidedByUsedInInvestingActivities,USD,2023-03-01,10-K,2020-12-31,227641000,NetCashProvidedByUsedInOperatingActivities,USD,2023-03-01,10-K,2020-12-31,through_ocf,True,,,-1.391366,0.594225,30.162477,0.285318,1.673509
2023Q2,2023-05-25,BBY,764478,"BEST BUY CO., INC.",>$10B,,47262000000,Revenues,USD,2023-03-17,10-K,2021-01-30,1798000000,NetIncomeLoss,USD,2023-03-17,10-K,2021-01-30,19067000000,Assets,USD,2023-03-17,10-K,2021-01-30,-876000000,NetCashProvidedByUsedInFinancingActivities,USD,2023-03-17,10-K,2021-01-30,-788000000,NetCashProvidedByUsedInInvestingActivities,USD,2023-03-17,10-K,2021-01-30,4927000000,NetCashProvidedByUsedInOperatingActivities,USD,2023-03-17,10-K,2021-01-30,through_ocf,True,,,0.038043,0.104249,0.403432,-0.018535,-0.016673
2023Q2,2023-05-04,BCC,1328581,Boise Cascade Company,$2B-$10B,,2326282000,RevenueFromContractWithCustomerExcludingAssessedTax,USD,2023-05-04,10-Q,2022-03-31,302600000,ProfitLoss,USD,2023-05-04,10-Q,2022-03-31,3240514000,Assets,USD,2023-05-04,10-Q,2022-12-31,-10264000,NetCashProvidedByUsedInFinancingActivities,USD,2023-05-04,10-Q,2022-03-31,-14867000,NetCashProvidedByUsedInInvestingActivities,USD,2023-05-04,10-Q,2022-03-31,198945000,NetCashProvidedByUsedInOperatingActivities,USD,2023-05-04,10-Q,2022-03-31,through_ocf,True,,,0.130079,0.085521,1.393001,-0.004412,-0.006391
2023Q2,2023-05-10,BCO,78890,THE BRINK’S COMPANY,$1B-$2B,,1074000000,RevenueFromContractWithCustomerExcludingAssessedTax,USD,2023-05-10,10-Q,2022-03-31,71300000,NetIncomeLoss,USD,2023-05-10,10-Q,2022-03-31,6366000000,Assets,USD,2023-05-10,10-Q,2022-12-31,98800000,NetCashProvidedByUsedInFinancingActivities,USD,2023-05-10,10-Q,2022-03-31,-52000000,NetCashProvidedByUsedInInvestingActivities,USD,2023-05-10,10-Q,2022-03-31,-76300000,NetCashProvidedByUsedInOperatingActivities,USD,2023-05-10,10-Q,2022-03-31,through_ocf,True,,,0.066387,-0.071043,5.927374,0.091993,-0.048417
2023Q2,2023-04-28,BCPC,9326,Balchem Corporation,$100M-$500M,,228867000,RevenueFromContractWithCustomerExcludingAssessedTax,USD,2023-04-28,10-Q,2022-03-31,28930000,NetIncomeLoss,USD,2023-04-28,10-Q,2022-03-31,1624512000,Assets,USD,2023-04-28,10-Q,2022-12-31,-34845000,NetCashProvidedByUsedInFinancingActivities,USD,2023-04-28,10-Q,2022-03-31,-10072000,NetCashProvidedByUsedInInvestingActivities,USD,2023-04-28,10-Q,2022-03-31,7021000,NetCashProvidedByUsedInOperatingActivities,USD,2023-04-28,10-Q,2022-03-31,through_ocf,True,,,0.126405,0.030677,7.098061,-0.15225,-0.044008
2023Q2,2023-05-03,BDC,913142,BELDEN INC.,$1B-$2B,,1752192000,Revenues,USD,2023-02-24,10-K,2020-12-31,-55162000,NetIncomeLoss,USD,2023-02-24,10-K,2020-12-31,3139734000,Assets,USD,2023-02-24,10-K,2020-12-31,-74911000,NetCashProvidedByUsedInFinancingActivities,USD,2023-02-24,10-K,2020-12-31,-31643000,NetCashProvidedByUsedInInvestingActivities,USD,2023-02-24,10-K,2020-12-31,173364000,NetCashProvidedByUsedInOperatingActivities,USD,2023-02-24,10-K,2020-12-31,through_ocf,True,,,-0.031482,0.098941,1.791889,-0.042753,-0.018059
2023Q2,2023-04-20,BDN,790816,Brandywine Realty Trust,$500M-$1B,,534852000,Revenues,USD,2023-02-21,10-K,2020-12-31,305527000,NetIncomeLoss,USD,2023-02-21,10-K,2020-12-31,3846196000,Assets,USD,2023-02-21,10-K,2021-12-31,-288189000,NetCashProvidedByUsedInFinancingActivities,USD,2023-02-21,10-K,2020-12-31,18290000,NetCashProvidedByUsedInInvestingActivities,USD,2023-02-21,10-K,2020-12-31,225806000,NetCashProvidedByUsedInOperatingActivities,USD,2023-02-21,10-K,2020-12-31,through_ocf,True,,,0.571237,0.422184,7.191141,-0.53882,0.034196
2023Q2,2023-05-04,BDX,10795,"BECTON, DICKINSON AND COMPANY",$2B-$10B,,9468000000,Revenues,USD,2023-05-04,10-Q,2022-03-31,1131000000,NetIncomeLoss,USD,2023-05-04,10-Q,2022-03-31,52934000000,Assets,USD,2023-05-04,10-Q,2022-09-30,-327000000,NetCashProvidedByUsedInFinancingActivities,USD,2023-02-02,10-Q,2021-12-31,-863000000,NetCashProvidedByUsedInInvestingActivities,USD,2022-05-05,10-Q,2021-03-31,2721000000,NetCashProvidedByUsedInOperatingActivities,USD,2022-05-05,10-Q,2021-03-31,through_ocf,True,,,0.119455,0.287389,5.590832,-0.034537,-0.091149
2023Q2,2023-05-09,BE,1664703,BLOOM ENERGY CORPORATION,$100M-$500M,,201039000,Revenues,USD,2023-05-09,10-Q,2022-03-31,-82747000,ProfitLoss,USD,2023-05-09,10-Q,2022-03-31,1946627000,Assets,USD,2023-05-09,10-Q,2022-12-31,-10112000,NetCashProvidedByUsedInFinancingActivities,USD,2023-05-09,10-Q,2022-03-31,-18510000,NetCashProvidedByUsedInInvestingActivities,USD,2023-05-09,10-Q,2022-03-31,-92443000,NetCashProvidedByUsedInOperatingActivities,USD,2023-05-09,10-Q,2022-03-31,through_ocf,True,,,-0.411597,-0.459826,9.682833,-0.050299,-0.092072
2023Q2,2023-05-01,BEN,38777,"FRANKLIN RESOURCES, INC.",$2B-$10B,,4305000000,RevenueFromContractWithCustomerExcludingAssessedTax,USD,2023-05-01,10-Q,2022-03-31,802800000,NetIncomeLoss,USD,2023-05-01,10-Q,2022-03-31,28060600000,Assets,USD,2023-05-01,10-Q,2022-09-30,1275900000,NetCashProvidedByUsedInFinancingActivities,USD,2023-05-01,10-Q,2022-03-31,-1151300000,NetCashProvidedByUsedInInvestingActivities,USD,2023-05-01,10-Q,2022-03-31,270500000,NetCashProvidedByUsedInOperatingActivities,USD,2023-05-01,10-Q,2022-03-31,through_ocf,True,,,0.186481,0.062834,6.518142,0.296376,-0.267433
2023Q2,2023-04-27,BFH,1101215,"Bread Financial Holdings, Inc.",$2B-$10B,,3411500000,Revenues,USD,2021-11-03,10-Q,2020-09-30,214000000,NetIncomeLoss,USD,2023-02-28,10-K,2020-12-31,21746000000,Assets,USD,2023-02-28,10-K,2021-12-31,-4167000000,NetCashProvidedByUsedInFinancingActivities,USD,2023-02-28,10-K,2020-12-31,1774000000,NetCashProvidedByUsedInInvestingActivities,USD,2023-02-28,10-K,2020-12-31,1883000000,NetCashProvidedByUsedInOperatingActivities,USD,2023-02-28,10-K,2020-12-31,through_ocf,True,,,0.062729,0.551957,6.374322,-1.221457,0.520006
2023Q2,2023-05-04,BGS,1278027,"B&G FOODS, INC.",$500M-$1B,,532407000,RevenueFromContractWithCustomerExcludingAssessedTax,USD,2023-05-04,10-Q,2022-04-02,23656000,NetIncomeLoss,USD,2023-05-04,10-Q,2022-04-02,3841609000,Assets,USD,2023-05-04,10-Q,2022-12-31,-20755000,NetCashProvidedByUsedInFinancingActivities,USD,2023-05-04,10-Q,2022-04-02,3181000,NetCashProvidedByUsedInInvestingActivities,USD,2023-05-04,10-Q,2022-04-02,25231000,NetCashProvidedByUsedInOperatingActivities,USD,2023-05-04,10-Q,2022-04-02,through_ocf,True,,,0.044432,0.04739,7.215549,-0.038983,0.005975
2023Q2,2023-05-03,BHE,863436,"BENCHMARK ELECTRONICS, INC.",$2B-$10B,,2053131000,Revenues,USD,2023-02-24,10-K,2020-12-31,14055000,NetIncomeLoss,USD,2023-02-24,10-K,2020-12-31,1744235000,Assets,USD,2023-02-24,10-K,2020-12-31,-57526000,NetCashProvidedByUsedInFinancingActivities,USD,2023-02-24,10-K,2020-12-31,-34383000,NetCashProvidedByUsedInInvestingActivities,USD,2023-02-24,10-K,2020-12-31,120438000,NetCashProvidedByUsedInOperatingActivities,USD,2023-02-24,10-K,2020-12-31,through_ocf,True,,,0.006846,0.058661,0.849549,-0.028019,-0.016747
2023Q2,2023-04-17,BHF,1685040,"Brighthouse Financial, Inc.",$2B-$10B,,8503000000,Revenues,USD,2023-02-23,10-K,2020-12-31,-1061000000,NetIncomeLoss,USD,2023-02-23,10-K,2020-12-31,259840000000,Assets,USD,2023-02-23,10-K,2021-12-31,6186000000,NetCashProvidedByUsedInFinancingActivities,USD,2023-02-23,10-K,2020-12-31,-5843000000,NetCashProvidedByUsedInInvestingActivities,USD,2023-02-23,10-K,2020-12-31,888000000,NetCashProvidedByUsedInOperatingActivities,USD,2023-02-23,10-K,2020-12-31,through_ocf,True,,,-0.124779,0.104434,30.558626,0.727508,-0.687169
2023Q2,2023-04-17,BHFAL,1685040,"Brighthouse Financial, Inc.",$2B-$10B,,8503000000,Revenues,USD,2023-02-23,10-K,2020-12-31,-1061000000,NetIncomeLoss,USD,2023-02-23,10-K,2020-12-31,259840000000,Assets,USD,2023-02-23,10-K,2021-12-31,6186000000,NetCashProvidedByUsedInFinancingActivities,USD,2023-02-23,10-K,2020-12-31,-5843000000,NetCashProvidedByUsedInInvestingActivities,USD,2023-02-23,10-K,2020-12-31,888000000,NetCashProvidedByUsedInOperatingActivities,USD,2023-02-23,10-K,2020-12-31,through_ocf,True,,,-0.124779,0.104434,30.558626,0.727508,-0.687169
2023Q2,2023-04-17,BHFAM,1685040,"Brighthouse Financial, Inc.",$2B-$10B,,8503000000,Revenues,USD,2023-02-23,10-K,2020-12-31,-1061000000,NetIncomeLoss,USD,2023-02-23,10-K,2020-12-31,259840000000,Assets,USD,2023-02-23,10-K,2021-12-31,6186000000,NetCashProvidedByUsedInFinancingActivities,USD,2023-02-23,10-K,2020-12-31,-5843000000,NetCashProvidedByUsedInInvestingActivities,USD,2023-02-23,10-K,2020-12-31,888000000,NetCashProvidedByUsedInOperatingActivities,USD,2023-02-23,10-K,2020-12-31,through_ocf,True,,,-0.124779,0.104434,30.558626,0.727508,-0.687169
2023Q2,2023-04-17,BHFAN,1685040,"Brighthouse Financial, Inc.",$2B-$10B,,8503000000,Revenues,USD,2023-02-23,10-K,2020-12-31,-1061000000,NetIncomeLoss,USD,2023-02-23,10-K,2020-12-31,259840000000,Assets,USD,2023-02-23,10-K,2021-12-31,6186000000,NetCashProvidedByUsedInFinancingActivities,USD,2023-02-23,10-K,2020-12-31,-5843000000,NetCashProvidedByUsedInInvestingActivities,USD,2023-02-23,10-K,2020-12-31,888000000,NetCashProvidedByUsedInOperatingActivities,USD,2023-02-23,10-K,2020-12-31,through_ocf,True,,,-0.124779,0.104434,30.558626,0.727508,-0.687169
2023Q2,2023-04-17,BHFAO,1685040,"Brighthouse Financial, Inc.",$2B-$10B,,8503000000,Revenues,USD,2023-02-23,10-K,2020-12-31,-1061000000,NetIncomeLoss,USD,2023-02-23,10-K,2020-12-31,259840000000,Assets,USD,2023-02-23,10-K,2021-12-31,6186000000,NetCashProvidedByUsedInFinancingActivities,USD,2023-02-23,10-K,2020-12-31,-5843000000,NetCashProvidedByUsedInInvestingActivities,USD,2023-02-23,10-K,2020-12-31,888000000,NetCashProvidedByUsedInOperatingActivities,USD,2023-02-23,10-K,2020-12-31,through_ocf,True,,,-0.124779,0.104434,30.558626,0.727508,-0.687169
2023Q2,2023-04-17,BHFAP,1685040,"Brighthouse Financial, Inc.",$2B-$10B,,8503000000,Revenues,USD,2023-02-23,10-K,2020-12-31,-1061000000,NetIncomeLoss,USD,2023-02-23,10-K,2020-12-31,259840000000,Assets,USD,2023-02-23,10-K,2021-12-31,6186000000,NetCashProvidedByUsedInFinancingActivities,USD,2023-02-23,10-K,2020-12-31,-5843000000,NetCashProvidedByUsedInInvestingActivities,USD,2023-02-23,10-K,2020-12-31,888000000,NetCashProvidedByUsedInOperatingActivities,USD,2023-02-23,10-K,2020-12-31,through_ocf,True,,,-0.124779,0.104434,30.558626,0.727508,-0.687169
2023Q2,2023-05-02,BHR,1574085,BRAEMAR HOTELS & RESORTS INC.,$100M-$500M,,226974000,RevenueFromContractWithCustomerExcludingAssessedTax,USD,2023-03-10,10-K,2020-12-31,-105262000,NetIncomeLoss,USD,2023-03-10,10-K,2020-12-31,1879522000,Assets,USD,2023-03-10,10-K,2021-12-31,49595000,NetCashProvidedByUsedInFinancingActivities,USD,2023-03-10,10-K,2020-12-31,-16541000,NetCashProvidedByUsedInInvestingActivities,USD,2023-03-10,10-K,2020-12-31,-50287000,NetCashProvidedByUsedInOperatingActivities,USD,2023-03-10,10-K,2020-12-31,through_ocf,True,,,-0.463762,-0.221554,8.280781,0.218505,-0.072876
2023Q2,2023-04-25,BIIB,875045,Biogen Inc.,$2B-$10B,,2531800000,Revenues,USD,2023-04-25,10-Q,2022-03-31,303800000,NetIncomeLoss,USD,2023-04-25,10-Q,2022-03-31,24554100000,Assets,USD,2023-04-25,10-Q,2022-12-31,-16500000,NetCashProvidedByUsedInFinancingActivities,USD,2023-04-25,10-Q,2022-03-31,-648000000,NetCashProvidedByUsedInInvestingActivities,USD,2023-04-25,10-Q,2022-03-31,161800000,NetCashProvidedByUsedInOperatingActivities,USD,2023-04-25,10-Q,2022-03-31,through_ocf,True,,,0.119994,0.063907,9.698278,-0.006517,-0.255944
2023Q2,2023-05-03,BKH,1130464,Black Hills Corporation,$1B-$2B,,1696941000,Revenues,USD,2023-02-14,10-K,2020-12-31,227608000,NetIncomeLoss,USD,2023-02-14,10-K,2020-12-31,9131896000,Assets,USD,2023-02-14,10-K,2021-12-31,216882000,NetCashProvidedByUsedInFinancingActivities,USD,2023-02-14,10-K,2020-12-31,-761664000,NetCashProvidedByUsedInInvestingActivities,USD,2023-02-14,10-K,2020-12-31,541863000,NetCashProvidedByUsedInOperatingActivities,USD,2023-02-14,10-K,2020-12-31,through_ocf,True,,,0.134128,0.319318,5.381387,0.127808,-0.448845
2023Q2,2023-05-04,BKNG,1075531,Booking Holdings Inc.,$2B-$10B,,2695000000,Revenues,USD,2023-05-04,10-Q,2022-03-31,1892798000,ProfitLoss,USD,2016-02-17,10-K,2013-12-31,25361000000,Assets,USD,2023-05-04,10-Q,2022-12-31,-2139000000,NetCashProvidedByUsedInFinancingActivities,USD,2023-05-04,10-Q,2022-03-31,-121000000,NetCashProvidedByUsedInInvestingActivities,USD,2023-05-04,10-Q,2022-03-31,1695000000,NetCashProvidedByUsedInOperatingActivities,USD,2023-05-04,10-Q,2022-03-31,through_ocf,True,,,0.702337,0.628942,9.41039,-0.793692,-0.044898
2023Q2,2023-04-19,BKR,1701605,Baker Hughes Co,$2B-$10B,,4835000000,RevenueFromContractWithCustomerExcludingAssessedTax,USD,2023-04-19,10-Q,2022-03-31,72000000,NetIncomeLoss,USD,2023-04-19,10-Q,2022-03-31,34181000000,Assets,USD,2023-04-19,10-Q,2022-12-31,-469000000,NetCashProvidedByUsedInFinancingActivities,USD,2023-04-19,10-Q,2022-03-31,-266000000,NetCashProvidedByUsedInInvestingActivities,USD,2023-04-19,10-Q,2022-03-31,72000000,NetCashProvidedByUsedInOperatingActivities,USD,2023-04-19,10-Q,2022-03-31,through_ocf,True,,,0.014891,0.014891,7.069493,-0.097001,-0.055016
2023Q2,2023-05-11,BLBD,1589526,BLUE BIRD CORPORATION,$100M-$500M,,336882000,RevenueFromContractWithCustomerExcludingAssessedTax,USD,2023-05-11,10-Q,2022-04-02,-16229000,NetIncomeLoss,USD,2023-05-11,10-Q,2022-04-02,366126000,Assets,USD,2023-05-11,10-Q,2022-10-01,18046000,NetCashProvidedByUsedInFinancingActivities,USD,2023-05-11,10-Q,2022-04-02,-3478000,NetCashProvidedByUsedInInvestingActivities,USD,2023-05-11,10-Q,2022-04-02,-11410000,NetCashProvidedByUsedInOperatingActivities,USD,2023-05-11,10-Q,2022-04-02,through_ocf,True,,,-0.048174,-0.033869,1.086808,0.053568,-0.010324
2023Q2,2023-05-03,BLDR,1316835,"BUILDERS FIRSTSOURCE, INC.",$2B-$10B,,5681131000,RevenueFromContractWithCustomerExcludingAssessedTax,USD,2023-05-03,10-Q,2022-03-31,639640000,NetIncomeLoss,USD,2023-05-03,10-Q,2022-03-31,10595160000,Assets,USD,2023-05-03,10-Q,2022-12-31,107712000,NetCashProvidedByUsedInFinancingActivities,USD,2023-05-03,10-Q,2022-03-31,-48335000,NetCashProvidedByUsedInInvestingActivities,USD,2023-05-03,10-Q,2022-03-31,179822000,NetCashProvidedByUsedInOperatingActivities,USD,2023-05-03,10-Q,2022-03-31,through_ocf,True,,,0.11259,0.031653,1.864974,0.01896,-0.008508
2023Q2,2023-05-03,BLKB,1280058,"Blackbaud, Inc.",$500M-$1B,,913219000,RevenueFromContractWithCustomerExcludingAssessedTax,USD,2023-02-24,10-K,2020-12-31,7717000,NetIncomeLoss,USD,2023-02-24,10-K,2020-12-31,2971617000,Assets,USD,2023-02-24,10-K,2021-12-31,-10679000,NetCashProvidedByUsedInFinancingActivities,USD,2023-02-24,10-K,2020-12-31,-71847000,NetCashProvidedByUsedInInvestingActivities,USD,2023-02-24,10-K,2020-12-31,147955000,NetCashProvidedByUsedInOperatingActivities,USD,2023-02-24,10-K,2020-12-31,through_ocf,True,,,0.00845,0.162015,3.254003,-0.011694,-0.078674
2023Q2,2023-04-28,BLMN,1546417,"BLOOMIN’ BRANDS, INC.",$2B-$10B,,3170561000,RevenueFromContractWithCustomerExcludingAssessedTax,USD,2023-02-22,10-K,2020-12-27,-158715000,NetIncomeLoss,USD,2023-02-22,10-K,2020-12-27,3294271000,Assets,USD,2023-02-22,10-K,2021-12-26,-16773000,NetCashProvidedByUsedInFinancingActivities,USD,2023-02-22,10-K,2020-12-27,-76639000,NetCashProvidedByUsedInInvestingActivities,USD,2023-02-22,10-K,2020-12-27,138849000,NetCashProvidedByUsedInOperatingActivities,USD,2023-02-22,10-K,2020-12-27,through_ocf,True,,,-0.050059,0.043793,1.039018,-0.00529,-0.024172
2023Q2,2023-05-04,BMBL,1830043,Bumble Inc.,<$100M,,39990000,RevenueFromContractWithCustomerExcludingAssessedTax,USD,2023-02-28,10-K,2020-01-28,-34473000,NetIncomeLoss,USD,2023-02-28,10-K,2020-01-28,3776996000,Assets,USD,2023-02-28,10-K,2021-12-31,0,NetCashProvidedByUsedInFinancingActivities,USD,2023-02-28,10-K,2020-01-28,-1029000,NetCashProvidedByUsedInInvestingActivities,USD,2023-02-28,10-K,2020-01-28,-3306000,NetCashProvidedByUsedInOperatingActivities,USD,2023-02-28,10-K,2020-01-28,through_ocf,True,,,-0.862041,-0.082671,94.448512,0.0,-0.025731
2023Q2,2023-04-20,BMI,9092,"BADGER METER, INC.",$100M-$500M,,425544000,RevenueFromContractWithCustomerExcludingAssessedTax,USD,2023-02-22,10-K,2020-12-31,49343000,NetIncomeLoss,USD,2023-02-22,10-K,2020-12-31,530818000,Assets,USD,2023-02-22,10-K,2021-12-31,-27819000,NetCashProvidedByUsedInFinancingActivities,USD,2023-02-22,10-K,2020-12-31,-38193000,NetCashProvidedByUsedInInvestingActivities,USD,2023-02-22,10-K,2020-12-31,89578000,NetCashProvidedByUsedInOperatingActivities,USD,2023-02-22,10-K,2020-12-31,through_ocf,True,,,0.115953,0.210502,1.247387,-0.065373,-0.089751
2023Q2,2023-04-26,BMRN,1048477,BioMarin Pharmaceutical Inc,$1B-$2B,,1860455000,RevenueFromContractWithCustomerExcludingAssessedTax,USD,2023-02-27,10-K,2020-12-31,854029000,NetIncomeLoss,USD,2023-02-27,10-K,2020-12-31,6004772000,Assets,USD,2023-02-27,10-K,2021-12-31,181118000,NetCashProvidedByUsedInFinancingActivities,USD,2023-02-27,10-K,2020-12-31,-53621000,NetCashProvidedByUsedInInvestingActivities,USD,2023-02-27,10-K,2020-12-31,85365000,NetCashProvidedByUsedInOperatingActivities,USD,2023-02-27,10-K,2020-12-31,through_ocf,True,,,0.459043,0.045884,3.227582,0.097351,-0.028821
2023Q2,2023-05-31,BNED,1634117,"BARNES & NOBLE EDUCATION, INC.",$1B-$2B,,1270569000,Revenues,USD,2023-03-09,10-Q,2022-01-29,-43628000,NetIncomeLoss,USD,2023-03-09,10-Q,2021-07-31,1266730000,Assets,USD,2023-03-09,10-Q,2022-01-29,20686000,NetCashProvidedByUsedInFinancingActivities,USD,2023-03-09,10-Q,2022-01-29,-32659000,NetCashProvidedByUsedInInvestingActivities,USD,2023-03-09,10-Q,2022-01-29,7901000,NetCashProvidedByUsedInOperatingActivities,USD,2023-03-09,10-Q,2022-01-29,through_ocf,True,,,-0.034337,0.006218,0.996979,0.016281,-0.025704
2023Q2,2023-05-03,BNL,1424182,"BROADSTONE NET LEASE, INC.",$100M-$500M,,321637000,Revenues,USD,2023-02-23,10-K,2020-12-31,51181000,NetIncomeLoss,USD,2023-02-23,10-K,2020-12-31,4618648000,Assets,USD,2023-02-23,10-K,2021-12-31,-28375000,NetCashProvidedByUsedInFinancingActivities,USD,2023-02-23,10-K,2020-12-31,-60236000,NetCashProvidedByUsedInInvestingActivities,USD,2023-02-23,10-K,2020-12-31,179028000,NetCashProvidedByUsedInOperatingActivities,USD,2023-02-23,10-K,2020-12-31,through_ocf,True,,,0.159127,0.556615,14.359816,-0.088221,-0.187279
2023Q2,2023-05-17,BOOT,1610250,"Boot Barn Holdings, Inc.",$1B-$2B,,1104948000,RevenueFromContractWithCustomerExcludingAssessedTax,USD,2023-01-25,10-Q,2021-12-25,40645000,NetIncomeLoss,USD,2023-01-25,10-Q,2021-06-26,1199855000,Assets,USD,2023-01-25,10-Q,2022-03-26,-109241000,NetCashProvidedByUsedInFinancingActivities,USD,2023-01-25,10-Q,2021-12-25,-39749000,NetCashProvidedByUsedInInvestingActivities,USD,2023-01-25,10-Q,2021-12-25,190556000,NetCashProvidedByUsedInOperatingActivities,USD,2023-01-25,10-Q,2021-12-25,through_ocf,True,,,0.036785,0.172457,1.085893,-0.098865,-0.035974
2023Q2,2023-05-30,BOX,1372612,"Box, Inc.",$500M-$1B,,770770000,RevenueFromContractWithCustomerExcludingAssessedTax,USD,2023-03-13,10-K,2021-01-31,-43433000,NetIncomeLoss,USD,2023-03-13,10-K,2021-01-31,1392009000,Assets,USD,2023-03-13,10-K,2022-01-31,218677000,NetCashProvidedByUsedInFinancingActivities,USD,2023-03-13,10-K,2021-01-31,-16383000,NetCashProvidedByUsedInInvestingActivities,USD,2023-03-13,10-K,2021-01-31,196834000,NetCashProvidedByUsedInOperatingActivities,USD,2023-03-13,10-K,2021-01-31,through_ocf,True,,,-0.05635,0.255373,1.805998,0.283712,-0.021255
2023Q2,2023-04-26,BPOP,763901,"POPULAR, INC.",$100M-$500M,,448734000,Revenues,USD,2013-02-28,10-K,2010-12-31,506622000,NetIncomeLoss,USD,2023-03-01,10-K,2020-12-31,65926000000,Assets,USD,2023-03-01,10-K,2020-12-31,12492145000,NetCashProvidedByUsedInFinancingActivities,USD,2023-03-01,10-K,2020-12-31,-13068146000,NetCashProvidedByUsedInInvestingActivities,USD,2023-03-01,10-K,2020-12-31,678772000,NetCashProvidedByUsedInOperatingActivities,USD,2023-03-01,10-K,2020-12-31,through_ocf,True,,,1.129003,1.512638,146.915545,27.838642,-29.122255
2023Q2,2023-05-02,BR,1383312,"BROADRIDGE FINANCIAL SOLUTIONS, INC.",$2B-$10B,,3986200000,RevenueFromContractWithCustomerExcludingAssessedTax,USD,2023-05-02,10-Q,2022-03-31,291000000,NetIncomeLoss,USD,2023-05-02,10-Q,2022-03-31,8168800000,Assets,USD,2023-05-02,10-Q,2022-06-30,103600000,NetCashProvidedByUsedInFinancingActivities,USD,2023-05-02,10-Q,2022-03-31,-81000000,NetCashProvidedByUsedInInvestingActivities,USD,2023-05-02,10-Q,2022-03-31,-13900000,NetCashProvidedByUsedInOperatingActivities,USD,2023-05-02,10-Q,2022-03-31,through_ocf,True,,,0.073002,-0.003487,2.04927,0.02599,-0.02032
2023Q2,2023-05-04,BRKR,1109354,Bruker Corporation,$1B-$2B,,1987500000,RevenueFromContractWithCustomerExcludingAssessedTax,USD,2023-03-01,10-K,2020-12-31,157800000,NetIncomeLoss,USD,2023-03-01,10-K,2020-12-31,3650000000,Assets,USD,2023-03-01,10-K,2021-12-31,-161600000,NetCashProvidedByUsedInFinancingActivities,USD,2023-03-01,10-K,2020-12-31,-192700000,NetCashProvidedByUsedInInvestingActivities,USD,2023-03-01,10-K,2020-12-31,332200000,NetCashProvidedByUsedInOperatingActivities,USD,2023-03-01,10-K,2020-12-31,through_ocf,True,,,0.079396,0.167145,1.836478,-0.081308,-0.096956
2023Q2,2023-04-25,BRO,79282,"BROWN & BROWN, INC.",$2B-$10B,,2613400000,Revenues,USD,2023-02-27,10-K,2020-12-31,480500000,NetIncomeLoss,USD,2023-02-27,10-K,2020-12-31,8966500000,Assets,USD,2023-02-27,10-K,2020-12-31,355000000,NetCashProvidedByUsedInFinancingActivities,USD,2023-02-27,10-K,2020-12-31,-759100000,NetCashProvidedByUsedInInvestingActivities,USD,2023-02-27,10-K,2020-12-31,713000000,NetCashProvidedByUsedInOperatingActivities,USD,2023-02-27,10-K,2020-12-31,through_ocf,True,,,0.18386,0.272825,3.430971,0.135838,-0.290465
2023Q2,2023-05-03,BRSP,1717547,"BrightSpire Capital, Inc.",<$100M,,78414000,Revenues,USD,2023-05-03,10-Q,2022-03-31,27724000,NetIncomeLoss,USD,2023-05-03,10-Q,2022-03-31,4750389000,Assets,USD,2023-05-03,10-Q,2022-12-31,169948000,NetCashProvidedByUsedInFinancingActivities,USD,2023-05-03,10-Q,2022-03-31,-218802000,NetCashProvidedByUsedInInvestingActivities,USD,2023-05-03,10-Q,2022-03-31,32357000,NetCashProvidedByUsedInOperatingActivities,USD,2023-05-03,10-Q,2022-03-31,through_ocf,True,,,0.353559,0.412643,60.580878,2.167317,-2.790344
2023Q2,2023-04-26,BSX,885725,BOSTON SCIENTIFIC CORPORATION,$2B-$10B,,9913000000,RevenueFromContractWithCustomerExcludingAssessedTax,USD,2023-02-23,10-K,2020-12-31,-82000000,ProfitLoss,USD,2023-02-23,10-K,2020-12-31,32229000000,Assets,USD,2023-02-23,10-K,2021-12-31,293000000,NetCashProvidedByUsedInFinancingActivities,USD,2023-02-23,10-K,2020-12-31,-411000000,NetCashProvidedByUsedInInvestingActivities,USD,2023-02-23,10-K,2020-12-31,1508000000,NetCashProvidedByUsedInOperatingActivities,USD,2023-02-23,10-K,2020-12-31,through_ocf,True,,,-0.008272,0.152123,3.251185,0.029557,-0.041461
2023Q2,2023-05-09,BSY,1031308,"BENTLEY SYSTEMS, INCORPORATED",$100M-$500M,,275517000,RevenueFromContractWithCustomerExcludingAssessedTax,USD,2023-05-09,10-Q,2022-03-31,56388000,NetIncomeLoss,USD,2023-05-09,10-Q,2022-03-31,3165005000,Assets,USD,2023-05-09,10-Q,2022-12-31,399931000,NetCashProvidedByUsedInFinancingActivities,USD,2023-05-09,10-Q,2022-03-31,-700575000,NetCashProvidedByUsedInInvestingActivities,USD,2023-05-09,10-Q,2022-03-31,101731000,NetCashProvidedByUsedInOperatingActivities,USD,2023-05-09,10-Q,2022-03-31,through_ocf,True,,,0.204663,0.369237,11.487513,1.451566,-2.542765
2023Q2,2023-04-27,BTU,1064728,PEABODY ENERGY CORPORATION,$2B-$10B,,2881100000,Revenues,USD,2023-02-24,10-K,2020-12-31,-1873800000,ProfitLoss,USD,2023-02-24,10-K,2020-12-31,4667100000,Assets,USD,2023-02-24,10-K,2020-12-31,193400000,NetCashProvidedByUsedInFinancingActivities,USD,2023-02-24,10-K,2020-12-31,-206700000,NetCashProvidedByUsedInInvestingActivities,USD,2023-02-24,10-K,2020-12-31,-9700000,NetCashProvidedByUsedInOperatingActivities,USD,2023-02-24,10-K,2020-12-31,through_ocf,True,,,-0.650377,-0.003367,1.619902,0.067127,-0.071743
2023Q2,2023-05-11,BVS,1665988,BIOVENTUS INC.,$100M-$500M,,321161000,RevenueFromContractWithCustomerExcludingAssessedTax,USD,2023-03-31,10-K,2020-12-31,16411000,NetIncomeLoss,USD,2023-03-31,10-K,2020-12-31,1225862000,Assets,USD,2023-03-31,10-K,2021-12-31,-29569000,NetCashProvidedByUsedInFinancingActivities,USD,2023-03-31,10-K,2020-12-31,-20500000,NetCashProvidedByUsedInInvestingActivities,USD,2023-03-31,10-K,2020-12-31,71799000,NetCashProvidedByUsedInOperatingActivities,USD,2023-03-31,10-K,2020-12-31,through_ocf,True,,,0.051099,0.223561,3.81697,-0.092069,-0.063831
2023Q2,2023-05-09,BWIN,1781755,"The Baldwin Insurance Group, Inc.",,,,,,,,,22869000,NetIncomeLoss,USD,2023-05-09,10-Q,2022-03-31,3462182000,Assets,USD,2023-05-09,10-Q,2022-12-31,22736000,NetCashProvidedByUsedInFinancingActivities,USD,2023-05-09,10-Q,2022-03-31,-3132000,NetCashProvidedByUsedInInvestingActivities,USD,2023-05-09,10-Q,2022-03-31,-3433000,NetCashProvidedByUsedInOperatingActivities,USD,2023-05-09,10-Q,2022-03-31,through_ocf,False,,revenue,,,,,
2023Q2,2023-05-08,BWXT,1486957,"BWX TECHNOLOGIES, INC.",$500M-$1B,,530738000,RevenueFromContractWithCustomerExcludingAssessedTax,USD,2023-05-08,10-Q,2022-03-31,59010000,NetIncomeLoss,USD,2023-05-08,10-Q,2022-03-31,2618939000,Assets,USD,2023-05-08,10-Q,2022-12-31,60574000,NetCashProvidedByUsedInFinancingActivities,USD,2023-05-08,10-Q,2022-03-31,-65927000,NetCashProvidedByUsedInInvestingActivities,USD,2023-05-08,10-Q,2022-03-31,-5384000,NetCashProvidedByUsedInOperatingActivities,USD,2023-05-08,10-Q,2022-03-31,through_ocf,True,,,0.111185,-0.010144,4.934523,0.114132,-0.124218
2023Q2,2023-04-20,BX,1393818,Blackstone Inc.,$2B-$10B,,6101927000,Revenues,USD,2023-02-24,10-K,2020-12-31,1045363000,NetIncomeLoss,USD,2023-02-24,10-K,2020-12-31,41196408000,Assets,USD,2023-02-24,10-K,2021-12-31,-2244036000,NetCashProvidedByUsedInFinancingActivities,USD,2023-02-24,10-K,2020-12-31,-166820000,NetCashProvidedByUsedInInvestingActivities,USD,2023-02-24,10-K,2020-12-31,1935945000,NetCashProvidedByUsedInOperatingActivities,USD,2023-02-24,10-K,2020-12-31,through_ocf,True,,,0.171317,0.317268,6.751377,-0.367759,-0.027339
2023Q2,2023-05-02,BXC,1301787,BlueLinx Holdings Inc.,$1B-$2B,,1302305000,RevenueFromContractWithCustomerExcludingAssessedTax,USD,2023-05-02,10-Q,2022-04-02,133409000,NetIncomeLoss,USD,2023-05-02,10-Q,2022-04-02,1490042000,Assets,USD,2023-05-02,10-Q,2022-12-31,-10542000,NetCashProvidedByUsedInFinancingActivities,USD,2023-05-02,10-Q,2022-04-02,-2460000,NetCashProvidedByUsedInInvestingActivities,USD,2023-05-02,10-Q,2022-04-02,2237000,NetCashProvidedByUsedInOperatingActivities,USD,2023-05-02,10-Q,2022-04-02,through_ocf,True,,,0.102441,0.001718,1.144157,-0.008095,-0.001889
2023Q2,2023-04-25,BXP,1037540,"BXP, INC.",$2B-$10B,,2765686000,Revenues,USD,2023-02-27,10-K,2020-12-31,872727000,NetIncomeLoss,USD,2023-02-27,10-K,2020-12-31,22365258000,Assets,USD,2023-02-27,10-K,2021-12-31,484322000,NetCashProvidedByUsedInFinancingActivities,USD,2023-02-27,10-K,2020-12-31,-613719000,NetCashProvidedByUsedInInvestingActivities,USD,2023-02-27,10-K,2020-12-31,1156840000,NetCashProvidedByUsedInOperatingActivities,USD,2023-02-27,10-K,2020-12-31,through_ocf,True,,,0.315555,0.418283,8.086695,0.175118,-0.221905
2023Q2,2023-04-27,BZH,915840,"BEAZER HOMES USA, INC.",$500M-$1B,,962655000,RevenueFromContractWithCustomerExcludingAssessedTax,USD,2023-04-27,10-Q,2022-03-31,79557000,NetIncomeLoss,USD,2023-04-27,10-Q,2022-03-31,2251963000,Assets,USD,2023-04-27,10-Q,2022-09-30,-12729000,NetCashProvidedByUsedInFinancingActivities,USD,2023-04-27,10-Q,2022-03-31,-6036000,NetCashProvidedByUsedInInvestingActivities,USD,2023-04-27,10-Q,2022-03-31,-58130000,NetCashProvidedByUsedInOperatingActivities,USD,2023-04-27,10-Q,2022-03-31,through_ocf,True,,,0.082643,-0.060385,2.339325,-0.013223,-0.00627
2023Q2,2023-05-04,CABO,1632127,"Cable One, Inc.",$500M-$1B,,807266000,SalesRevenueNet,USD,2018-03-01,10-K,2015-12-31,304391000,NetIncomeLoss,USD,2023-02-24,10-K,2020-12-31,6953994000,Assets,USD,2023-02-24,10-K,2021-12-31,830180000,NetCashProvidedByUsedInFinancingActivities,USD,2023-02-24,10-K,2020-12-31,-954913000,NetCashProvidedByUsedInInvestingActivities,USD,2023-02-24,10-K,2020-12-31,574371000,NetCashProvidedByUsedInOperatingActivities,USD,2023-02-24,10-K,2020-12-31,through_ocf,True,,,0.377064,0.711502,8.614254,1.028385,-1.182898
2023Q2,2023-05-01,CACC,885550,CREDIT ACCEPTANCE CORP,$100M-$500M,,455700000,Revenues,USD,2023-05-01,10-Q,2022-03-31,214300000,NetIncomeLoss,USD,2023-05-01,10-Q,2022-03-31,6904700000,Assets,USD,2023-05-01,10-Q,2022-12-31,-293100000,NetCashProvidedByUsedInFinancingActivities,USD,2023-05-01,10-Q,2022-03-31,-18500000,NetCashProvidedByUsedInInvestingActivities,USD,2023-05-01,10-Q,2022-03-31,376100000,NetCashProvidedByUsedInOperatingActivities,USD,2023-05-01,10-Q,2022-03-31,through_ocf,True,,,0.470266,0.825324,15.151854,-0.643186,-0.040597
2023Q2,2023-04-05,CAG,23217,"CONAGRA BRANDS, INC.",$2B-$10B,,8625900000,RevenueFromContractWithCustomerExcludingAssessedTax,USD,2023-04-05,10-Q,2022-02-27,235400000,NetIncomeLoss,USD,2023-04-05,10-Q,2021-08-29,22435100000,Assets,USD,2023-04-05,10-Q,2022-05-29,-407000000,NetCashProvidedByUsedInFinancingActivities,USD,2023-04-05,10-Q,2022-02-27,-342900000,NetCashProvidedByUsedInInvestingActivities,USD,2023-04-05,10-Q,2022-02-27,752600000,NetCashProvidedByUsedInOperatingActivities,USD,2023-04-05,10-Q,2022-02-27,through_ocf,True,,,0.02729,0.087249,2.6009,-0.047183,-0.039752
2023Q2,2023-05-10,CAKE,887596,THE CHEESECAKE FACTORY INCORPORATED,$2B-$10B,,2100609000,SalesRevenueNet,USD,2018-02-28,10-K,2015-12-29,23163000,NetIncomeLoss,USD,2023-05-10,10-Q,2022-03-29,2775220000,Assets,USD,2023-05-10,10-Q,2023-01-03,-11042000,NetCashProvidedByUsedInFinancingActivities,USD,2023-05-10,10-Q,2022-03-29,-28632000,NetCashProvidedByUsedInInvestingActivities,USD,2023-05-10,10-Q,2022-03-29,33512000,NetCashProvidedByUsedInOperatingActivities,USD,2023-05-10,10-Q,2022-03-29,through_ocf,True,,,0.011027,0.015953,1.32115,-0.005257,-0.01363
2023Q2,2023-06-01,CAL,14707,"CALERES, INC.",$500M-$1B,,632142000,Revenues,USD,2019-06-13,10-Q,2018-05-05,-439114000,NetIncomeLoss,USD,2023-03-28,10-K,2021-01-30,1867050000,Assets,USD,2023-03-28,10-K,2021-01-30,-61306000,NetCashProvidedByUsedInFinancingActivities,USD,2023-03-28,10-K,2021-01-30,-22060000,NetCashProvidedByUsedInInvestingActivities,USD,2023-03-28,10-K,2021-01-30,126353000,NetCashProvidedByUsedInOperatingActivities,USD,2023-03-28,10-K,2021-01-30,through_ocf,True,,,-0.694645,0.199881,2.953529,-0.096981,-0.034897
2023Q2,2023-04-19,CALX,1406666,"Calix, Inc.",$500M-$1B,,541239000,RevenueFromContractWithCustomerExcludingAssessedTax,USD,2023-02-21,10-K,2020-12-31,33484000,NetIncomeLoss,USD,2023-02-21,10-K,2020-12-31,742032000,Assets,USD,2023-02-21,10-K,2021-12-31,42147000,NetCashProvidedByUsedInFinancingActivities,USD,2023-02-21,10-K,2020-12-31,-60801000,NetCashProvidedByUsedInInvestingActivities,USD,2023-02-21,10-K,2020-12-31,51409000,NetCashProvidedByUsedInOperatingActivities,USD,2023-02-21,10-K,2020-12-31,through_ocf,True,,,0.061865,0.094984,1.370988,0.077871,-0.112337
2023Q2,2023-05-09,CALY,837465,Callaway Golf Company,$1B-$2B,,1589500000,RevenueFromContractWithCustomerExcludingAssessedTax,USD,2023-03-01,10-K,2020-12-31,-126900000,NetIncomeLoss,USD,2023-03-01,10-K,2020-12-31,7747800000,Assets,USD,2023-03-01,10-K,2021-12-31,96100000,NetCashProvidedByUsedInFinancingActivities,USD,2023-03-01,10-K,2020-12-31,-59200000,NetCashProvidedByUsedInInvestingActivities,USD,2023-03-01,10-K,2020-12-31,228200000,NetCashProvidedByUsedInOperatingActivities,USD,2023-03-01,10-K,2020-12-31,through_ocf,True,,,-0.079836,0.143567,4.874363,0.060459,-0.037244
2023Q2,2023-05-01,CAR,723612,"Avis Budget Group, Inc.",$2B-$10B,,5402000000,Revenues,USD,2023-02-16,10-K,2020-12-31,-684000000,NetIncomeLoss,USD,2023-02-16,10-K,2020-12-31,22600000000,Assets,USD,2023-02-16,10-K,2021-12-31,-4045000000,NetCashProvidedByUsedInFinancingActivities,USD,2023-02-16,10-K,2020-12-31,3177000000,NetCashProvidedByUsedInInvestingActivities,USD,2023-02-16,10-K,2020-12-31,691000000,NetCashProvidedByUsedInOperatingActivities,USD,2023-02-16,10-K,2020-12-31,through_ocf,True,,,-0.12662,0.127916,4.183636,-0.748797,0.588116
2023Q2,2023-05-09,CARG,1494259,"CARGURUS, INC.",$100M-$500M,,430608000,RevenueFromContractWithCustomerExcludingAssessedTax,USD,2023-05-09,10-Q,2022-03-31,19910000,NetIncomeLoss,USD,2023-05-09,10-Q,2022-03-31,927102000,Assets,USD,2023-05-09,10-Q,2022-12-31,-36894000,NetCashProvidedByUsedInFinancingActivities,USD,2023-05-09,10-Q,2022-03-31,26264000,NetCashProvidedByUsedInInvestingActivities,USD,2023-05-09,10-Q,2022-03-31,93060000,NetCashProvidedByUsedInOperatingActivities,USD,2023-05-09,10-Q,2022-03-31,through_ocf,True,,,0.046237,0.216113,2.153007,-0.085679,0.060993
2023Q2,2023-04-25,CARR,1783180,CARRIER GLOBAL CORPORATION,>$10B,,17456000000,RevenueFromContractWithCustomerExcludingAssessedTax,USD,2023-02-07,10-K,2020-12-31,2006000000,ProfitLoss,USD,2023-02-07,10-K,2020-12-31,26172000000,Assets,USD,2023-02-07,10-K,2021-12-31,-681000000,NetCashProvidedByUsedInFinancingActivities,USD,2023-02-07,10-K,2020-12-31,1106000000,NetCashProvidedByUsedInInvestingActivities,USD,2023-02-07,10-K,2020-12-31,1692000000,NetCashProvidedByUsedInOperatingActivities,USD,2023-02-07,10-K,2020-12-31,through_ocf,True,,,0.114918,0.096929,1.499313,-0.039012,0.063359
2023Q2,2023-05-04,CARS,1683606,Cars.com Inc.,$100M-$500M,,158207000,RevenueFromContractWithCustomerExcludingAssessedTax,USD,2023-05-04,10-Q,2022-03-31,4340000,NetIncomeLoss,USD,2023-05-04,10-Q,2022-03-31,1024870000,Assets,USD,2023-05-04,10-Q,2022-12-31,29804000,NetCashProvidedByUsedInFinancingActivities,USD,2023-05-04,10-Q,2022-03-31,-68778000,NetCashProvidedByUsedInInvestingActivities,USD,2023-05-04,10-Q,2022-03-31,30358000,NetCashProvidedByUsedInOperatingActivities,USD,2023-05-04,10-Q,2022-03-31,through_ocf,True,,,0.027432,0.191888,6.478032,0.188386,-0.434734
2023Q2,2023-04-26,CASH,907471,"PATHWARD FINANCIAL, INC",$100M-$500M,,158204000,Revenues,USD,2023-02-07,10-Q,2021-12-31,61324000,NetIncomeLoss,USD,2023-02-07,10-Q,2021-12-31,7609658000,Assets,USD,2023-02-07,10-Q,2021-12-31,906405000,NetCashProvidedByUsedInFinancingActivities,USD,2023-02-07,10-Q,2021-12-31,-147517000,NetCashProvidedByUsedInInvestingActivities,USD,2023-02-07,10-Q,2021-12-31,157127000,NetCashProvidedByUsedInOperatingActivities,USD,2023-02-07,10-Q,2021-12-31,through_ocf,True,,,0.387626,0.993192,48.100288,5.729343,-0.932448
2023Q2,2023-05-10,CBL,910612,"CBL & ASSOCIATES PROPERTIES, INC.",$100M-$500M,,140102000,Revenues,USD,2023-05-10,10-Q,2022-03-31,-40722000,NetIncomeLoss,USD,2023-05-10,10-Q,2022-03-31,2678243000,Assets,USD,2023-05-10,10-Q,2022-12-31,-31025000,NetCashProvidedByUsedInFinancingActivities,USD,2023-05-10,10-Q,2022-03-31,-2442000,NetCashProvidedByUsedInInvestingActivities,USD,2023-05-10,10-Q,2022-03-31,42429000,NetCashProvidedByUsedInOperatingActivities,USD,2023-05-10,10-Q,2022-03-31,through_ocf,True,,,-0.29066,0.302844,19.116379,-0.221446,-0.01743
2023Q2,2023-05-05,CBOE,1374310,"Cboe Global Markets, Inc.",$500M-$1B,,663800000,Revenues,USD,2018-02-22,10-K,2015-12-31,109600000,ProfitLoss,USD,2023-05-05,10-Q,2022-03-31,6998900000,Assets,USD,2023-05-05,10-Q,2022-12-31,146500000,NetCashProvidedByUsedInFinancingActivities,USD,2023-05-05,10-Q,2022-03-31,-24900000,NetCashProvidedByUsedInInvestingActivities,USD,2023-05-05,10-Q,2022-03-31,1259800000,NetCashProvidedByUsedInOperatingActivities,USD,2023-05-05,10-Q,2022-03-31,through_ocf,True,,,0.16511,1.897861,10.543688,0.220699,-0.037511
2023Q2,2023-06-06,CBRL,1067294,"CRACKER BARREL OLD COUNTRY STORE, INC.",$2B-$10B,,2437386000,RevenueFromContractWithCustomerExcludingAssessedTax,USD,2023-06-06,10-Q,2022-04-29,33376000,NetIncomeLoss,USD,2023-06-06,10-Q,2021-10-29,2294911000,Assets,USD,2023-06-06,10-Q,2022-07-29,-165913000,NetCashProvidedByUsedInFinancingActivities,USD,2023-06-06,10-Q,2022-04-29,-60263000,NetCashProvidedByUsedInInvestingActivities,USD,2023-06-06,10-Q,2022-04-29,106356000,NetCashProvidedByUsedInOperatingActivities,USD,2023-06-06,10-Q,2022-04-29,through_ocf,True,,,0.013693,0.043635,0.941546,-0.06807,-0.024724
2023Q2,2023-05-08,CBT,16040,CABOT CORPORATION,$500M-$1B,,968000000,Revenues,USD,2023-02-09,10-Q,2021-12-31,-89000000,NetIncomeLoss,USD,2023-02-09,10-Q,2021-12-31,3525000000,Assets,USD,2023-02-09,10-Q,2022-09-30,103000000,NetCashProvidedByUsedInFinancingActivities,USD,2023-02-09,10-Q,2021-12-31,-29000000,NetCashProvidedByUsedInInvestingActivities,USD,2023-02-09,10-Q,2021-12-31,-49000000,NetCashProvidedByUsedInOperatingActivities,USD,2023-02-09,10-Q,2021-12-31,through_ocf,True,,,-0.091942,-0.05062,3.641529,0.106405,-0.029959
2023Q2,2023-04-28,CBZ,944148,"CBIZ, INC.",$100M-$500M,,391722000,RevenueFromContractWithCustomerExcludingAssessedTax,USD,2023-04-28,10-Q,2022-03-31,58127000,NetIncomeLoss,USD,2023-04-28,10-Q,2022-03-31,1879124000,Assets,USD,2023-04-28,10-Q,2022-12-31,170446000,NetCashProvidedByUsedInFinancingActivities,USD,2023-04-28,10-Q,2022-03-31,-81531000,NetCashProvidedByUsedInInvestingActivities,USD,2023-04-28,10-Q,2022-03-31,-50890000,NetCashProvidedByUsedInOperatingActivities,USD,2023-04-28,10-Q,2022-03-31,through_ocf,True,,,0.148388,-0.129914,4.797086,0.43512,-0.208135
2023Q2,2023-04-27,CC,1627223,The Chemours Company,$2B-$10B,,4969000000,RevenueFromContractWithCustomerExcludingAssessedTax,USD,2023-02-10,10-K,2020-12-31,219000000,NetIncomeLoss,USD,2023-02-10,10-K,2020-12-31,7082000000,Assets,USD,2023-02-10,10-K,2020-12-31,-449000000,NetCashProvidedByUsedInFinancingActivities,USD,2023-02-10,10-K,2020-12-31,-234000000,NetCashProvidedByUsedInInvestingActivities,USD,2023-02-10,10-K,2020-12-31,807000000,NetCashProvidedByUsedInOperatingActivities,USD,2023-02-10,10-K,2020-12-31,through_ocf,True,,,0.044073,0.162407,1.425236,-0.09036,-0.047092
2023Q2,2023-05-02,CCC,1818201,CCC Intelligent Solutions Holdings Inc.,$100M-$500M,,186823000,Revenues,USD,2023-05-02,10-Q,2022-03-31,11975000,NetIncomeLoss,USD,2023-05-02,10-Q,2022-03-31,3350921000,Assets,USD,2023-05-02,10-Q,2022-12-31,8691000,NetCashProvidedByUsedInFinancingActivities,USD,2023-05-02,10-Q,2022-03-31,-42615000,NetCashProvidedByUsedInInvestingActivities,USD,2023-05-02,10-Q,2022-03-31,46865000,NetCashProvidedByUsedInOperatingActivities,USD,2023-05-02,10-Q,2022-03-31,through_ocf,True,,,0.064098,0.250852,17.936341,0.04652,-0.228104
2023Q2,2023-04-19,CCI,1051470,Crown Castle Inc.,$2B-$10B,,5840000000,Revenues,USD,2023-02-24,10-K,2020-12-31,1056000000,ProfitLoss,USD,2023-02-24,10-K,2020-12-31,38768000000,Assets,USD,2023-02-24,10-K,2020-12-31,-1271000000,NetCashProvidedByUsedInFinancingActivities,USD,2023-02-24,10-K,2020-12-31,-1741000000,NetCashProvidedByUsedInInvestingActivities,USD,2023-02-24,10-K,2020-12-31,3055000000,NetCashProvidedByUsedInOperatingActivities,USD,2023-02-24,10-K,2020-12-31,through_ocf,True,,,0.180822,0.523116,6.638356,-0.217637,-0.298116
2023Q2,2023-06-26,CCL,815097,Carnival Corporation,$1B-$2B,,1623000000,RevenueFromContractWithCustomerExcludingAssessedTax,USD,2023-03-29,10-Q,2022-02-28,-1891000000,NetIncomeLoss,USD,2023-03-29,10-Q,2022-02-28,51703000000,Assets,USD,2023-03-29,10-Q,2022-11-30,1728000000,NetCashProvidedByUsedInFinancingActivities,USD,2023-03-29,10-Q,2022-02-28,-3032000000,NetCashProvidedByUsedInInvestingActivities,USD,2023-03-29,10-Q,2022-02-28,-1212000000,NetCashProvidedByUsedInOperatingActivities,USD,2023-03-29,10-Q,2022-02-28,through_ocf,True,,,-1.165126,-0.746765,31.856439,1.064695,-1.868145
2023Q2,2023-05-04,CCOI,1158324,"COGENT COMMUNICATIONS HOLDINGS, INC.",$100M-$500M,,359949000,SalesRevenueNet,USD,2018-11-01,10-Q,2017-09-30,6216000,ProfitLoss,USD,2023-02-24,10-K,2020-12-31,984557000,Assets,USD,2023-02-24,10-K,2021-12-31,-116002000,NetCashProvidedByUsedInFinancingActivities,USD,2023-02-24,10-K,2020-12-31,-55952000,NetCashProvidedByUsedInInvestingActivities,USD,2023-02-24,10-K,2020-12-31,140320000,NetCashProvidedByUsedInOperatingActivities,USD,2023-02-24,10-K,2020-12-31,through_ocf,True,,,0.017269,0.389833,2.735268,-0.322273,-0.155444
2023Q2,2023-05-03,CCRN,1141103,"Cross Country Healthcare, Inc",$500M-$1B,,836417000,RevenueFromContractWithCustomerExcludingAssessedTax,USD,2023-02-23,10-K,2020-12-31,-12962000,NetIncomeLoss,USD,2023-02-23,10-K,2020-12-31,732809000,Assets,USD,2023-02-23,10-K,2021-12-31,-22010000,NetCashProvidedByUsedInFinancingActivities,USD,2023-02-23,10-K,2020-12-31,-4615000,NetCashProvidedByUsedInInvestingActivities,USD,2023-02-23,10-K,2020-12-31,27204000,NetCashProvidedByUsedInOperatingActivities,USD,2023-02-23,10-K,2020-12-31,through_ocf,True,,,-0.015497,0.032524,0.876129,-0.026315,-0.005518
2023Q2,2023-04-26,CCS,1576940,"Century Communities, Inc.",$2B-$10B,,3161192000,Revenues,USD,2023-02-02,10-K,2020-12-31,206157000,NetIncomeLoss,USD,2023-02-02,10-K,2020-12-31,3496876000,Assets,USD,2023-02-02,10-K,2021-12-31,7387000,NetCashProvidedByUsedInFinancingActivities,USD,2023-02-02,10-K,2020-12-31,-8405000,NetCashProvidedByUsedInInvestingActivities,USD,2023-02-02,10-K,2020-12-31,340578000,NetCashProvidedByUsedInOperatingActivities,USD,2023-02-02,10-K,2020-12-31,through_ocf,True,,,0.065215,0.107737,1.106189,0.002337,-0.002659
2023Q2,2023-05-10,CDE,215466,"Coeur Mining, Inc.",$100M-$500M,,188404000,RevenueFromContractWithCustomerExcludingAssessedTax,USD,2023-05-10,10-Q,2022-03-31,7682000,NetIncomeLoss,USD,2023-05-10,10-Q,2022-03-31,1846143000,Assets,USD,2023-05-10,10-Q,2022-12-31,76727000,NetCashProvidedByUsedInFinancingActivities,USD,2023-05-10,10-Q,2022-03-31,-54142000,NetCashProvidedByUsedInInvestingActivities,USD,2023-05-10,10-Q,2022-03-31,-6427000,NetCashProvidedByUsedInOperatingActivities,USD,2023-05-10,10-Q,2022-03-31,through_ocf,True,,,0.040774,-0.034113,9.798852,0.407247,-0.287372
2023Q2,2023-04-24,CDNS,813672,"CADENCE DESIGN SYSTEMS, INC.",$500M-$1B,,901766000,RevenueFromContractWithCustomerExcludingAssessedTax,USD,2023-04-24,10-Q,2022-04-02,235335000,NetIncomeLoss,USD,2023-04-24,10-Q,2022-04-02,5137071000,Assets,USD,2023-04-24,10-Q,2022-12-31,-260686000,NetCashProvidedByUsedInFinancingActivities,USD,2023-04-24,10-Q,2022-04-02,-19880000,NetCashProvidedByUsedInInvestingActivities,USD,2023-04-24,10-Q,2022-04-02,336608000,NetCashProvidedByUsedInOperatingActivities,USD,2023-04-24,10-Q,2022-04-02,through_ocf,True,,,0.260971,0.373276,5.696679,-0.289084,-0.022046
2023Q2,2023-04-27,CDP,860546,COPT DEFENSE PROPERTIES,$500M-$1B,,582354000,Revenues,USD,2023-02-24,10-K,2020-12-31,102878000,ProfitLoss,USD,2023-02-24,10-K,2020-12-31,4262452000,Assets,USD,2023-02-24,10-K,2021-12-31,91271000,NetCashProvidedByUsedInFinancingActivities,USD,2023-02-24,10-K,2020-12-31,-325792000,NetCashProvidedByUsedInInvestingActivities,USD,2023-02-24,10-K,2020-12-31,238424000,NetCashProvidedByUsedInOperatingActivities,USD,2023-02-24,10-K,2020-12-31,through_ocf,True,,,0.176659,0.409414,7.319349,0.156728,-0.55944
2023Q2,2023-05-09,CDRE,1860543,"CADRE HOLDINGS, INC.",$100M-$500M,,104406000,RevenueFromContractWithCustomerExcludingAssessedTax,USD,2023-05-09,10-Q,2022-03-31,-10165000,NetIncomeLoss,USD,2023-05-09,10-Q,2022-03-31,391952000,Assets,USD,2023-05-09,10-Q,2022-12-31,-12957000,NetCashProvidedByUsedInFinancingActivities,USD,2023-05-09,10-Q,2022-03-31,-20737000,NetCashProvidedByUsedInInvestingActivities,USD,2023-05-09,10-Q,2022-03-31,8916000,NetCashProvidedByUsedInOperatingActivities,USD,2023-05-09,10-Q,2022-03-31,through_ocf,True,,,-0.09736,0.085397,3.754114,-0.124102,-0.198619
2023Q2,2023-04-18,CDW,1402057,CDW CORP,>$10B,,18467500000,RevenueFromContractWithCustomerExcludingAssessedTax,USD,2023-02-24,10-K,2020-12-31,788500000,NetIncomeLoss,USD,2023-02-24,10-K,2020-12-31,13199400000,Assets,USD,2023-02-24,10-K,2021-12-31,138800000,NetCashProvidedByUsedInFinancingActivities,USD,2023-02-24,10-K,2020-12-31,-201000000,NetCashProvidedByUsedInInvestingActivities,USD,2023-02-24,10-K,2020-12-31,1314300000,NetCashProvidedByUsedInOperatingActivities,USD,2023-02-24,10-K,2020-12-31,through_ocf,True,,,0.042697,0.071168,0.714737,0.007516,-0.010884
2023Q2,2023-05-08,CENX,949157,CENTURY ALUMINUM COMPANY,$1B-$2B,,1605100000,RevenueFromContractWithCustomerExcludingAssessedTax,USD,2023-02-27,10-K,2020-12-31,-123300000,NetIncomeLoss,USD,2023-02-27,10-K,2020-12-31,1399600000,Assets,USD,2023-02-27,10-K,2020-12-31,13500000,NetCashProvidedByUsedInFinancingActivities,USD,2023-02-27,10-K,2020-12-31,-11800000,NetCashProvidedByUsedInInvestingActivities,USD,2023-02-27,10-K,2020-12-31,42900000,NetCashProvidedByUsedInOperatingActivities,USD,2023-02-27,10-K,2020-12-31,through_ocf,True,,,-0.076818,0.026727,0.871971,0.008411,-0.007352
2023Q2,2023-05-01,CF,1324404,"CF Industries Holdings, Inc.",$2B-$10B,,4124000000,Revenues,USD,2023-02-23,10-K,2020-12-31,432000000,ProfitLoss,USD,2023-02-23,10-K,2020-12-31,12375000000,Assets,USD,2023-02-23,10-K,2021-12-31,-542000000,NetCashProvidedByUsedInFinancingActivities,USD,2023-02-23,10-K,2020-12-31,-299000000,NetCashProvidedByUsedInInvestingActivities,USD,2023-02-23,10-K,2020-12-31,1231000000,NetCashProvidedByUsedInOperatingActivities,USD,2023-02-23,10-K,2020-12-31,through_ocf,True,,,0.104753,0.298497,3.000727,-0.131426,-0.072502
2023Q2,2023-04-19,CFG,759944,CITIZENS FINANCIAL GROUP INC/RI,$2B-$10B,,6905000000,Revenues,USD,2023-02-17,10-K,2020-12-31,1057000000,NetIncomeLoss,USD,2023-02-17,10-K,2020-12-31,188409000000,Assets,USD,2023-02-17,10-K,2021-12-31,15372000000,NetCashProvidedByUsedInFinancingActivities,USD,2023-02-17,10-K,2020-12-31,-6136000000,NetCashProvidedByUsedInInvestingActivities,USD,2023-02-17,10-K,2020-12-31,111000000,NetCashProvidedByUsedInOperatingActivities,USD,2023-02-17,10-K,2020-12-31,through_ocf,True,,,0.153077,0.016075,27.28588,2.226213,-0.888631
2023Q2,2023-05-03,CFLT,1699838,"CONFLUENT, INC.",$100M-$500M,,126139000,RevenueFromContractWithCustomerExcludingAssessedTax,USD,2023-05-03,10-Q,2022-03-31,-112987000,NetIncomeLoss,USD,2023-05-03,10-Q,2022-03-31,2344849000,Assets,USD,2023-05-03,10-Q,2022-12-31,38468000,NetCashProvidedByUsedInFinancingActivities,USD,2023-05-03,10-Q,2022-03-31,-311734000,NetCashProvidedByUsedInInvestingActivities,USD,2023-05-03,10-Q,2022-03-31,-55031000,NetCashProvidedByUsedInOperatingActivities,USD,2023-05-03,10-Q,2022-03-31,through_ocf,True,,,-0.895734,-0.436273,18.589405,0.304965,-2.471353
2023Q2,2023-05-04,CGNX,851205,Cognex Corporation,$100M-$500M,,282407000,RevenueFromContractWithCustomerExcludingAssessedTax,USD,2023-05-04,10-Q,2022-04-03,67333000,NetIncomeLoss,USD,2023-05-04,10-Q,2022-04-03,1958140000,Assets,USD,2023-05-04,10-Q,2022-12-31,-138114000,NetCashProvidedByUsedInFinancingActivities,USD,2023-05-04,10-Q,2022-04-03,69236000,NetCashProvidedByUsedInInvestingActivities,USD,2023-05-04,10-Q,2022-04-03,49517000,NetCashProvidedByUsedInOperatingActivities,USD,2023-05-04,10-Q,2022-04-03,through_ocf,True,,,0.238425,0.175339,6.933752,-0.48906,0.245164
2023Q2,2023-04-27,CHD,313927,"CHURCH & DWIGHT CO., INC.",$1B-$2B,,1297200000,RevenueFromContractWithCustomerExcludingAssessedTax,USD,2023-04-27,10-Q,2022-03-31,204400000,NetIncomeLoss,USD,2023-04-27,10-Q,2022-03-31,8345600000,Assets,USD,2023-04-27,10-Q,2022-12-31,-202600000,NetCashProvidedByUsedInFinancingActivities,USD,2023-04-27,10-Q,2022-03-31,-15700000,NetCashProvidedByUsedInInvestingActivities,USD,2023-04-27,10-Q,2022-03-31,152800000,NetCashProvidedByUsedInOperatingActivities,USD,2023-04-27,10-Q,2022-03-31,through_ocf,True,,,0.15757,0.117792,6.433549,-0.156183,-0.012103
2023Q2,2023-04-26,CHDN,20212,Churchill Downs Inc,$100M-$500M,,364100000,Revenues,USD,2023-04-26,10-Q,2022-03-31,42100000,NetIncomeLoss,USD,2023-04-26,10-Q,2022-03-31,6206800000,Assets,USD,2023-04-26,10-Q,2022-12-31,-68000000,NetCashProvidedByUsedInFinancingActivities,USD,2023-04-26,10-Q,2022-03-31,-62800000,NetCashProvidedByUsedInInvestingActivities,USD,2023-04-26,10-Q,2022-03-31,135200000,NetCashProvidedByUsedInOperatingActivities,USD,2023-04-26,10-Q,2022-03-31,through_ocf,True,,,0.115628,0.371327,17.046965,-0.186762,-0.17248
2023Q2,2023-05-03,CHEF,1517175,"THE CHEFS’ WAREHOUSE, INC.",$1B-$2B,,1111631000,RevenueFromContractWithCustomerExcludingAssessedTax,USD,2023-02-28,10-K,2020-12-25,-82903000,NetIncomeLoss,USD,2023-02-28,10-K,2020-12-25,1073795000,Assets,USD,2023-02-28,10-K,2021-12-24,78056000,NetCashProvidedByUsedInFinancingActivities,USD,2023-02-28,10-K,2020-12-25,-67968000,NetCashProvidedByUsedInInvestingActivities,USD,2023-02-28,10-K,2020-12-25,42881000,NetCashProvidedByUsedInOperatingActivities,USD,2023-02-28,10-K,2020-12-25,through_ocf,True,,,-0.074578,0.038575,0.965964,0.070218,-0.061143
2023Q2,2023-05-03,CHRD,1486159,Chord Energy Corporation,$500M-$1B,,845457000,RevenueFromContractWithCustomerExcludingAssessedTax,USD,2023-02-28,10-K,2020-11-19,-3640328000,NetIncomeLoss,USD,2023-02-28,10-K,2020-11-19,2237991000,Assets,USD,2023-02-28,10-K,2020-11-19,-109998000,NetCashProvidedByUsedInFinancingActivities,USD,2023-02-28,10-K,2020-11-19,-92403000,NetCashProvidedByUsedInInvestingActivities,USD,2023-02-28,10-K,2020-11-19,202936000,NetCashProvidedByUsedInOperatingActivities,USD,2023-02-28,10-K,2020-11-19,through_ocf,True,,,-4.305752,0.240031,2.647078,-0.130105,-0.109294
2023Q2,2023-04-26,CHRW,1043277,"C.H. ROBINSON WORLDWIDE, INC.",>$10B,,16207106000,RevenueFromContractWithCustomerExcludingAssessedTax,USD,2023-02-17,10-K,2020-12-31,506421000,NetIncomeLoss,USD,2023-02-17,10-K,2020-12-31,5144258000,Assets,USD,2023-02-17,10-K,2020-12-31,-440667000,NetCashProvidedByUsedInFinancingActivities,USD,2023-02-17,10-K,2020-12-31,-271714000,NetCashProvidedByUsedInInvestingActivities,USD,2023-02-17,10-K,2020-12-31,499191000,NetCashProvidedByUsedInOperatingActivities,USD,2023-02-17,10-K,2020-12-31,through_ocf,True,,,0.031247,0.030801,0.317408,-0.02719,-0.016765
2023Q2,2023-06-06,CIEN,936395,Ciena Corp,$500M-$1B,,844443000,Revenues,USD,2023-03-08,10-Q,2022-01-29,45823000,NetIncomeLoss,USD,2023-03-08,10-Q,2022-01-29,5069632000,Assets,USD,2023-03-08,10-Q,2022-10-29,134719000,NetCashProvidedByUsedInFinancingActivities,USD,2023-03-08,10-Q,2022-01-29,-380959000,NetCashProvidedByUsedInInvestingActivities,USD,2023-03-08,10-Q,2022-01-29,-54411000,NetCashProvidedByUsedInOperatingActivities,USD,2023-03-08,10-Q,2022-01-29,through_ocf,True,,,0.054264,-0.064434,6.003522,0.159536,-0.451136
2023Q2,2023-04-17,CINF,20286,Cincinnati Financial Corporation,$2B-$10B,,7536000000,Revenues,USD,2023-02-23,10-K,2020-12-31,1216000000,NetIncomeLoss,USD,2023-02-23,10-K,2020-12-31,31387000000,Assets,USD,2023-02-23,10-K,2021-12-31,-798000000,NetCashProvidedByUsedInFinancingActivities,USD,2023-02-23,10-K,2020-12-31,-560000000,NetCashProvidedByUsedInInvestingActivities,USD,2023-02-23,10-K,2020-12-31,1491000000,NetCashProvidedByUsedInOperatingActivities,USD,2023-02-23,10-K,2020-12-31,through_ocf,True,,,0.161359,0.19785,4.164942,-0.105892,-0.07431
2023Q2,2023-04-28,CL,21665,COLGATE-PALMOLIVE COMPANY,$2B-$10B,,4399000000,RevenueFromContractWithCustomerExcludingAssessedTax,USD,2023-04-28,10-Q,2022-03-31,559000000,NetIncomeLoss,USD,2023-04-28,10-Q,2022-03-31,15731000000,Assets,USD,2023-04-28,10-Q,2022-12-31,-204000000,NetCashProvidedByUsedInFinancingActivities,USD,2023-04-28,10-Q,2022-03-31,-141000000,NetCashProvidedByUsedInInvestingActivities,USD,2023-04-28,10-Q,2022-03-31,386000000,NetCashProvidedByUsedInOperatingActivities,USD,2023-04-28,10-Q,2022-03-31,through_ocf,True,,,0.127074,0.087747,3.57604,-0.046374,-0.032053
2023Q2,2023-05-09,CLNE,1368265,CLEAN ENERGY FUELS CORP.,<$100M,,83497000,RevenueFromContractWithCustomerExcludingAssessedTax,USD,2023-05-09,10-Q,2022-03-31,-24191000,NetIncomeLoss,USD,2023-05-09,10-Q,2022-03-31,1082357000,Assets,USD,2023-05-09,10-Q,2022-12-31,-4807000,NetCashProvidedByUsedInFinancingActivities,USD,2023-05-09,10-Q,2022-03-31,1362000,NetCashProvidedByUsedInInvestingActivities,USD,2023-05-09,10-Q,2022-03-31,4839000,NetCashProvidedByUsedInOperatingActivities,USD,2023-05-09,10-Q,2022-03-31,through_ocf,True,,,-0.289723,0.057954,12.962825,-0.057571,0.016312
2023Q2,2023-05-02,CLW,1441236,CLEARWATER PAPER CORPORATION,$100M-$500M,,488200000,Revenues,USD,2023-05-02,10-Q,2022-03-31,16600000,NetIncomeLoss,USD,2023-05-02,10-Q,2022-03-31,1703500000,Assets,USD,2023-05-02,10-Q,2022-12-31,-21900000,NetCashProvidedByUsedInFinancingActivities,USD,2023-05-02,10-Q,2022-03-31,-7900000,NetCashProvidedByUsedInInvestingActivities,USD,2023-05-02,10-Q,2022-03-31,41100000,NetCashProvidedByUsedInOperatingActivities,USD,2023-05-02,10-Q,2022-03-31,through_ocf,True,,,0.034002,0.084187,3.489349,-0.044859,-0.016182
2023Q2,2023-05-02,CLX,21076,THE CLOROX COMPANY,$2B-$10B,,5306000000,RevenueFromContractWithCustomerExcludingAssessedTax,USD,2023-05-02,10-Q,2022-03-31,361000000,NetIncomeLoss,USD,2023-05-02,10-Q,2022-03-31,6158000000,Assets,USD,2023-05-02,10-Q,2022-06-30,-363000000,NetCashProvidedByUsedInFinancingActivities,USD,2023-05-02,10-Q,2022-03-31,-167000000,NetCashProvidedByUsedInInvestingActivities,USD,2023-05-02,10-Q,2022-03-31,451000000,NetCashProvidedByUsedInOperatingActivities,USD,2023-05-02,10-Q,2022-03-31,through_ocf,True,,,0.068036,0.084998,1.160573,-0.068413,-0.031474
2023Q2,2023-04-26,CMCO,1005229,COLUMBUS MCKINNON CORPORATION,$500M-$1B,,653187000,RevenueFromContractWithCustomerExcludingAssessedTax,USD,2023-02-01,10-Q,2021-12-31,-7263000,ProfitLoss,USD,2023-02-01,10-Q,2021-06-30,1685707000,Assets,USD,2023-02-01,10-Q,2022-03-31,433252000,NetCashProvidedByUsedInFinancingActivities,USD,2023-02-01,10-Q,2021-12-31,-550933000,NetCashProvidedByUsedInInvestingActivities,USD,2023-02-01,10-Q,2021-12-31,23727000,NetCashProvidedByUsedInOperatingActivities,USD,2023-02-01,10-Q,2021-12-31,through_ocf,True,,,-0.011119,0.036325,2.580742,0.663289,-0.843454
2023Q2,2023-04-26,CME,1156375,CME GROUP INC.,$2B-$10B,,4883600000,Revenues,USD,2023-02-27,10-K,2020-12-31,2105200000,NetIncomeLoss,USD,2023-02-27,10-K,2020-12-31,196780300000,Assets,USD,2023-02-27,10-K,2021-12-31,47246600000,NetCashProvidedByUsedInFinancingActivities,USD,2023-02-27,10-K,2020-12-31,-175500000,NetCashProvidedByUsedInInvestingActivities,USD,2023-02-27,10-K,2020-12-31,2715600000,NetCashProvidedByUsedInOperatingActivities,USD,2023-02-27,10-K,2020-12-31,through_ocf,True,,,0.431075,0.556065,40.294107,9.674543,-0.035937
2023Q2,2023-04-25,CMG,1058090,"CHIPOTLE MEXICAN GRILL, INC.",$2B-$10B,,5984634000,Revenues,USD,2023-02-09,10-K,2020-12-31,355766000,NetIncomeLoss,USD,2023-02-09,10-K,2020-12-31,6652958000,Assets,USD,2023-02-09,10-K,2021-12-31,-104851000,NetCashProvidedByUsedInFinancingActivities,USD,2023-02-09,10-K,2020-12-31,-432717000,NetCashProvidedByUsedInInvestingActivities,USD,2023-02-09,10-K,2020-12-31,663847000,NetCashProvidedByUsedInOperatingActivities,USD,2023-02-09,10-K,2020-12-31,through_ocf,True,,,0.059447,0.110925,1.111673,-0.01752,-0.072305
2023Q2,2023-05-02,CMI,26172,CUMMINS INC.,$2B-$10B,,6385000000,Revenues,USD,2023-05-02,10-Q,2022-03-31,423000000,ProfitLoss,USD,2023-05-02,10-Q,2022-03-31,30299000000,Assets,USD,2023-05-02,10-Q,2022-12-31,-497000000,NetCashProvidedByUsedInFinancingActivities,USD,2023-05-02,10-Q,2022-03-31,-10000000,NetCashProvidedByUsedInInvestingActivities,USD,2023-05-02,10-Q,2022-03-31,164000000,NetCashProvidedByUsedInOperatingActivities,USD,2023-05-02,10-Q,2022-03-31,through_ocf,True,,,0.066249,0.025685,4.745341,-0.077839,-0.001566
2023Q2,2023-05-09,CMP,1227654,"Compass Minerals International, Inc.",$500M-$1B,,780000000,RevenueFromContractWithCustomerExcludingAssessedTax,USD,2023-05-09,10-Q,2022-03-31,-9700000,NetIncomeLoss,USD,2023-05-09,10-Q,2022-03-31,1643500000,Assets,USD,2023-05-09,10-Q,2022-09-30,-25900000,NetCashProvidedByUsedInFinancingActivities,USD,2023-05-09,10-Q,2022-03-31,-88400000,NetCashProvidedByUsedInInvestingActivities,USD,2023-05-09,10-Q,2022-03-31,145900000,NetCashProvidedByUsedInOperatingActivities,USD,2023-05-09,10-Q,2022-03-31,through_ocf,True,,,-0.012436,0.187051,2.107051,-0.033205,-0.113333
2023Q2,2023-04-27,CMS,811156,CMS ENERGY CORPORATION,$2B-$10B,,2374000000,Revenues,USD,2023-04-27,10-Q,2022-03-31,353000000,NetIncomeLoss,USD,2023-04-27,10-Q,2022-03-31,31353000000,Assets,USD,2023-04-27,10-Q,2022-12-31,-170000000,NetCashProvidedByUsedInFinancingActivities,USD,2023-04-27,10-Q,2022-03-31,-539000000,NetCashProvidedByUsedInInvestingActivities,USD,2023-04-27,10-Q,2022-03-31,707000000,NetCashProvidedByUsedInOperatingActivities,USD,2023-04-27,10-Q,2022-03-31,through_ocf,True,,,0.148694,0.29781,13.206824,-0.071609,-0.227043
2023Q2,2023-05-03,CNDT,1677703,CONDUENT INC,$500M-$1B,,967000000,Revenues,USD,2023-05-03,10-Q,2022-03-31,136000000,NetIncomeLoss,USD,2023-05-03,10-Q,2022-03-31,3571000000,Assets,USD,2023-05-03,10-Q,2022-12-31,-110000000,NetCashProvidedByUsedInFinancingActivities,USD,2023-05-03,10-Q,2022-03-31,273000000,NetCashProvidedByUsedInInvestingActivities,USD,2023-05-03,10-Q,2022-03-31,11000000,NetCashProvidedByUsedInOperatingActivities,USD,2023-05-03,10-Q,2022-03-31,through_ocf,True,,,0.140641,0.011375,3.692865,-0.113754,0.282316
2023Q2,2023-05-05,CNK,1385280,"Cinemark Holdings, Inc.",$100M-$500M,,460500000,RevenueFromContractWithCustomerExcludingAssessedTax,USD,2023-05-05,10-Q,2022-03-31,74000000,NetIncomeLoss,USD,2023-05-05,10-Q,2022-03-31,5230600000,Assets,USD,2022-11-04,10-Q,2021-12-31,-12900000,NetCashProvidedByUsedInFinancingActivities,USD,2022-11-04,10-Q,2021-09-30,-55000000,NetCashProvidedByUsedInInvestingActivities,USD,2022-11-04,10-Q,2021-09-30,-42200000,NetCashProvidedByUsedInOperatingActivities,USD,2022-11-04,10-Q,2021-09-30,through_ocf,True,,,0.160695,-0.09164,11.358523,-0.028013,-0.119435
2023Q2,2023-04-26,CNMD,816956,CONMED CORPORATION,$500M-$1B,,862459000,Revenues,USD,2023-02-21,10-K,2020-12-31,9517000,NetIncomeLoss,USD,2023-02-21,10-K,2020-12-31,1766017000,Assets,USD,2023-02-21,10-K,2021-12-31,-52059000,NetCashProvidedByUsedInFinancingActivities,USD,2023-02-21,10-K,2020-12-31,-13638000,NetCashProvidedByUsedInInvestingActivities,USD,2023-02-21,10-K,2020-12-31,64531000,NetCashProvidedByUsedInOperatingActivities,USD,2023-02-21,10-K,2020-12-31,through_ocf,True,,,0.011035,0.074822,2.047653,-0.060361,-0.015813
2023Q2,2023-05-09,CNNE,1704720,"CANNAE HOLDINGS, INC.",<$100M,,-97800000,Revenues,USD,2023-05-09,10-Q,2022-03-31,-247600000,NetIncomeLoss,USD,2023-05-09,10-Q,2022-03-31,3492700000,Assets,USD,2023-05-09,10-Q,2022-03-31,-62400000,NetCashProvidedByUsedInFinancingActivities,USD,2023-05-09,10-Q,2022-03-31,65800000,NetCashProvidedByUsedInInvestingActivities,USD,2023-05-09,10-Q,2022-03-31,-38500000,NetCashProvidedByUsedInOperatingActivities,USD,2023-05-09,10-Q,2022-03-31,through_ocf,True,,,2.531697,0.393661,-35.712679,0.638037,-0.672802
2023Q2,2023-05-01,CNO,1224608,"CNO Financial Group, Inc.",$2B-$10B,,3821100000,Revenues,USD,2023-02-24,10-K,2020-12-31,301800000,NetIncomeLoss,USD,2023-02-24,10-K,2020-12-31,33613100000,Assets,USD,2023-02-24,10-K,2020-01-01,210100000,NetCashProvidedByUsedInFinancingActivities,USD,2023-02-24,10-K,2020-12-31,-608400000,NetCashProvidedByUsedInInvestingActivities,USD,2023-02-24,10-K,2020-12-31,735500000,NetCashProvidedByUsedInOperatingActivities,USD,2023-02-24,10-K,2020-12-31,through_ocf,True,,,0.078982,0.192484,8.796708,0.054984,-0.159221
2023Q2,2023-04-27,CNP,1130310,"CenterPoint Energy, Inc.",$2B-$10B,,2763000000,Revenues,USD,2023-04-27,10-Q,2022-03-31,531000000,NetIncomeLoss,USD,2023-04-27,10-Q,2022-03-31,38546000000,Assets,USD,2023-04-27,10-Q,2022-12-31,-2621000000,NetCashProvidedByUsedInFinancingActivities,USD,2023-04-27,10-Q,2022-03-31,1934000000,NetCashProvidedByUsedInInvestingActivities,USD,2023-04-27,10-Q,2022-03-31,580000000,NetCashProvidedByUsedInOperatingActivities,USD,2023-04-27,10-Q,2022-03-31,through_ocf,True,,,0.192182,0.209917,13.950778,-0.948607,0.699964
2023Q2,2023-05-02,CNR,1710366,"Core Natural Resources, Inc.",$100M-$500M,,358529000,Revenues,USD,2023-05-02,10-Q,2022-03-31,-4450000,NetIncomeLoss,USD,2023-05-02,10-Q,2022-03-31,2714960000,Assets,USD,2023-05-02,10-Q,2022-03-31,-45911000,NetCashProvidedByUsedInFinancingActivities,USD,2023-05-02,10-Q,2022-03-31,-31494000,NetCashProvidedByUsedInInvestingActivities,USD,2023-05-02,10-Q,2022-03-31,148207000,NetCashProvidedByUsedInOperatingActivities,USD,2023-05-02,10-Q,2022-03-31,through_ocf,True,,,-0.012412,0.413375,7.572498,-0.128054,-0.087842
2023Q2,2023-05-09,CNTY,911147,"CENTURY CASINOS, INC.",$100M-$500M,,103103000,Revenues,USD,2023-05-09,10-Q,2022-03-31,218000,NetIncomeLoss,USD,2023-05-09,10-Q,2022-03-31,884967000,Assets,USD,2023-05-09,10-Q,2022-12-31,-3412000,NetCashProvidedByUsedInFinancingActivities,USD,2023-05-09,10-Q,2022-03-31,1082000,NetCashProvidedByUsedInInvestingActivities,USD,2023-05-09,10-Q,2022-03-31,11545000,NetCashProvidedByUsedInOperatingActivities,USD,2023-05-09,10-Q,2022-03-31,through_ocf,True,,,0.002114,0.111975,8.583329,-0.033093,0.010494
2023Q2,2023-04-27,CNX,1070412,CNX Resources Corporation,<$100M,,-913098000,Revenues,USD,2023-04-27,10-Q,2022-03-31,-922941000,NetIncomeLoss,USD,2023-04-27,10-Q,2022-03-31,8223524000,Assets,USD,2023-04-27,10-Q,2022-03-31,-228497000,NetCashProvidedByUsedInFinancingActivities,USD,2023-04-27,10-Q,2022-03-31,-102893000,NetCashProvidedByUsedInInvestingActivities,USD,2023-04-27,10-Q,2022-03-31,336395000,NetCashProvidedByUsedInOperatingActivities,USD,2023-04-27,10-Q,2022-03-31,through_ocf,True,,,1.01078,-0.368411,-9.006179,0.250244,0.112686
2023Q2,2023-06-28,CNXC,1803599,CONCENTRIX CORPORATION,$1B-$2B,,1536052000,RevenueFromContractWithCustomerExcludingAssessedTax,USD,2023-04-07,10-Q,2022-02-28,110273000,NetIncomeLoss,USD,2023-04-07,10-Q,2022-02-28,6669768000,Assets,USD,2023-04-07,10-Q,2022-11-30,1527353000,NetCashProvidedByUsedInFinancingActivities,USD,2023-04-07,10-Q,2022-02-28,-1610823000,NetCashProvidedByUsedInInvestingActivities,USD,2023-04-07,10-Q,2022-02-28,45015000,NetCashProvidedByUsedInOperatingActivities,USD,2023-04-07,10-Q,2022-02-28,through_ocf,True,,,0.07179,0.029306,4.34215,0.994337,-1.048677
2023Q2,2023-04-20,CNXN,1050377,"PC CONNECTION, INC.",$2B-$10B,,2590290000,RevenueFromContractWithCustomerExcludingAssessedTax,USD,2023-03-06,10-K,2020-12-31,55765000,NetIncomeLoss,USD,2023-03-06,10-K,2020-12-31,1083383000,Assets,USD,2023-03-06,10-K,2021-12-31,-19470000,NetCashProvidedByUsedInFinancingActivities,USD,2023-03-06,10-K,2020-12-31,-11033000,NetCashProvidedByUsedInInvestingActivities,USD,2023-03-06,10-K,2020-12-31,36098000,NetCashProvidedByUsedInOperatingActivities,USD,2023-03-06,10-K,2020-12-31,through_ocf,True,,,0.021528,0.013936,0.418248,-0.007517,-0.004259
2023Q2,2023-05-03,COCO,1482981,"The Vita Coco Company, Inc.",$100M-$500M,,241127000,Revenues,USD,2021-11-17,10-Q,2020-09-30,32660000,NetIncomeLoss,USD,2023-03-14,10-K,2020-12-31,197484000,Assets,USD,2023-03-14,10-K,2021-12-31,2050000,NetCashProvidedByUsedInFinancingActivities,USD,2023-03-14,10-K,2020-12-31,-375000,NetCashProvidedByUsedInInvestingActivities,USD,2023-03-14,10-K,2020-12-31,33323000,NetCashProvidedByUsedInOperatingActivities,USD,2023-03-14,10-K,2020-12-31,through_ocf,True,,,0.135447,0.138197,0.819004,0.008502,-0.001555
2023Q2,2023-05-03,CODI,1345126,COMPASS DIVERSIFIED HOLDINGS,$500M-$1B,,510513000,RevenueFromContractWithCustomerExcludingAssessedTax,USD,2023-05-03,10-Q,2022-03-31,23762000,NetIncomeLoss,USD,2023-05-03,10-Q,2022-03-31,3849631000,Assets,USD,2023-05-03,10-Q,2022-12-31,-14452000,NetCashProvidedByUsedInFinancingActivities,USD,2023-05-03,10-Q,2022-03-31,-8292000,NetCashProvidedByUsedInInvestingActivities,USD,2023-05-03,10-Q,2022-03-31,-33529000,NetCashProvidedByUsedInOperatingActivities,USD,2023-05-03,10-Q,2022-03-31,through_ocf,True,,,0.046545,-0.065677,7.540711,-0.028309,-0.016242
2023Q2,2023-04-27,COF,927628,CAPITAL ONE FINANCIAL CORP,>$10B,,28523000000,Revenues,USD,2023-02-24,10-K,2020-12-31,2714000000,NetIncomeLoss,USD,2023-02-24,10-K,2020-12-31,432381000000,Assets,USD,2023-02-24,10-K,2021-12-31,25164000000,NetCashProvidedByUsedInFinancingActivities,USD,2023-02-24,10-K,2020-12-31,-14841000000,NetCashProvidedByUsedInInvestingActivities,USD,2023-02-24,10-K,2020-12-31,16699000000,NetCashProvidedByUsedInOperatingActivities,USD,2023-02-24,10-K,2020-12-31,through_ocf,True,,,0.095151,0.585457,15.15903,0.882235,-0.520317
2023Q2,2023-05-10,COHR,820318,Coherent Corp.,$2B-$10B,,2429654000,RevenueFromContractWithCustomerExcludingAssessedTax,USD,2023-05-10,10-Q,2022-03-31,74464000,NetIncomeLoss,USD,2023-05-10,10-Q,2021-09-30,7844846000,Assets,USD,2023-05-10,10-Q,2022-06-30,891283000,NetCashProvidedByUsedInFinancingActivities,USD,2023-05-10,10-Q,2022-03-31,-201741000,NetCashProvidedByUsedInInvestingActivities,USD,2023-05-10,10-Q,2022-03-31,276007000,NetCashProvidedByUsedInOperatingActivities,USD,2023-05-10,10-Q,2022-03-31,through_ocf,True,,,0.030648,0.113599,3.228791,0.366835,-0.083033
2023Q2,2023-05-04,COIN,1679788,"Coinbase Global, Inc.",$1B-$2B,,1166436000,Revenues,USD,2023-05-04,10-Q,2022-03-31,-429659000,NetIncomeLoss,USD,2023-05-04,10-Q,2022-03-31,89724873000,Assets,USD,2023-05-04,10-Q,2022-12-31,-725324000,NetCashProvidedByUsedInFinancingActivities,USD,2023-05-04,10-Q,2022-03-31,-691591000,NetCashProvidedByUsedInInvestingActivities,USD,2023-05-04,10-Q,2022-03-31,-91356000,NetCashProvidedByUsedInOperatingActivities,USD,2023-05-04,10-Q,2022-03-31,through_ocf,True,,,-0.368352,-0.078321,76.922243,-0.621829,-0.59291
2023Q2,2023-05-03,COKE,317540,"COCA-COLA CONSOLIDATED, INC.",$1B-$2B,,1404358000,RevenueFromContractWithCustomerExcludingAssessedTax,USD,2023-05-03,10-Q,2022-04-01,93390000,NetIncomeLoss,USD,2023-05-03,10-Q,2022-04-01,3709545000,Assets,USD,2023-05-03,10-Q,2022-12-31,-13589000,NetCashProvidedByUsedInFinancingActivities,USD,2023-05-03,10-Q,2022-04-01,-132521000,NetCashProvidedByUsedInInvestingActivities,USD,2023-05-03,10-Q,2022-04-01,130881000,NetCashProvidedByUsedInOperatingActivities,USD,2023-05-03,10-Q,2022-04-01,through_ocf,True,,,0.0665,0.093196,2.641453,-0.009676,-0.094364
2023Q2,2023-05-04,COLL,1267565,"Collegium Pharmaceutical, Inc.",<$100M,,83751000,RevenueFromContractWithCustomerExcludingAssessedTax,USD,2023-05-04,10-Q,2022-03-31,-13069000,NetIncomeLoss,USD,2023-05-04,10-Q,2022-03-31,1174131000,Assets,USD,2023-05-04,10-Q,2022-12-31,517764000,NetCashProvidedByUsedInFinancingActivities,USD,2023-05-04,10-Q,2022-03-31,-572177000,NetCashProvidedByUsedInInvestingActivities,USD,2023-05-04,10-Q,2022-03-31,-25315000,NetCashProvidedByUsedInOperatingActivities,USD,2023-05-04,10-Q,2022-03-31,through_ocf,True,,,-0.156046,-0.302265,14.019307,6.182183,-6.831883
2023Q2,2023-04-27,COLM,1050797,COLUMBIA SPORTSWEAR COMPANY,$2B-$10B,,2501554000,RevenueFromContractWithCustomerExcludingAssessedTax,USD,2023-02-23,10-K,2020-12-31,108013000,ProfitLoss,USD,2023-02-23,10-K,2020-12-31,3067128000,Assets,USD,2023-02-23,10-K,2021-12-31,-151700000,NetCashProvidedByUsedInFinancingActivities,USD,2023-02-23,10-K,2020-12-31,-27171000,NetCashProvidedByUsedInInvestingActivities,USD,2023-02-23,10-K,2020-12-31,276077000,NetCashProvidedByUsedInOperatingActivities,USD,2023-02-23,10-K,2020-12-31,through_ocf,True,,,0.043178,0.110362,1.226089,-0.060642,-0.010862
2023Q2,2023-05-09,COMP,1563190,"COMPASS, INC.",$2B-$10B,,3720800000,Revenues,USD,2023-03-01,10-K,2020-12-31,-270200000,NetIncomeLoss,USD,2023-03-01,10-K,2020-12-31,1800600000,Assets,USD,2023-03-01,10-K,2021-12-31,19900000,NetCashProvidedByUsedInFinancingActivities,USD,2023-03-01,10-K,2020-12-31,-13400000,NetCashProvidedByUsedInInvestingActivities,USD,2023-03-01,10-K,2020-12-31,-58100000,NetCashProvidedByUsedInOperatingActivities,USD,2023-03-01,10-K,2020-12-31,through_ocf,True,,,-0.072619,-0.015615,0.483928,0.005348,-0.003601
2023Q2,2023-06-01,COO,711404,"The Cooper Companies, Inc.",$500M-$1B,,787200000,RevenueFromContractWithCustomerExcludingAssessedTax,USD,2023-03-03,10-Q,2022-01-31,95300000,NetIncomeLoss,USD,2023-03-03,10-Q,2022-01-31,11492300000,Assets,USD,2023-03-03,10-Q,2022-10-31,1693600000,NetCashProvidedByUsedInFinancingActivities,USD,2023-03-03,10-Q,2022-01-31,-1669300000,NetCashProvidedByUsedInInvestingActivities,USD,2023-03-03,10-Q,2022-01-31,166000000,NetCashProvidedByUsedInOperatingActivities,USD,2023-03-03,10-Q,2022-01-31,through_ocf,True,,,0.121062,0.210874,14.598958,2.151423,-2.120554
2023Q2,2023-05-10,COOK,1857853,"TRAEGER, INC.",$100M-$500M,,223710000,RevenueFromContractWithCustomerExcludingAssessedTax,USD,2023-05-10,10-Q,2022-03-31,-8960000,NetIncomeLoss,USD,2023-05-10,10-Q,2022-03-31,946715000,Assets,USD,2023-05-10,10-Q,2022-12-31,45917000,NetCashProvidedByUsedInFinancingActivities,USD,2023-05-10,10-Q,2022-03-31,-4648000,NetCashProvidedByUsedInInvestingActivities,USD,2023-05-10,10-Q,2022-03-31,-46911000,NetCashProvidedByUsedInOperatingActivities,USD,2023-05-10,10-Q,2022-03-31,through_ocf,True,,,-0.040052,-0.209696,4.231885,0.205252,-0.020777
2023Q2,2023-05-03,CORT,1088856,CORCEPT THERAPEUTICS INC,<$100M,,93688000,RevenueFromContractWithCustomerExcludingAssessedTax,USD,2023-05-03,10-Q,2022-03-31,22797000,NetIncomeLoss,USD,2023-05-03,10-Q,2022-03-31,583430000,Assets,USD,2023-05-03,10-Q,2022-12-31,-506000,NetCashProvidedByUsedInFinancingActivities,USD,2023-05-03,10-Q,2022-03-31,-50496000,NetCashProvidedByUsedInInvestingActivities,USD,2023-05-03,10-Q,2022-03-31,35247000,NetCashProvidedByUsedInOperatingActivities,USD,2023-05-03,10-Q,2022-03-31,through_ocf,True,,,0.243329,0.376217,6.227372,-0.005401,-0.53898
2023Q2,2023-05-03,CPAY,1175454,"Corpay, Inc.",$2B-$10B,,2388855000,Revenues,USD,2023-02-28,10-K,2020-12-31,704216000,NetIncomeLoss,USD,2023-02-28,10-K,2020-12-31,13404653000,Assets,USD,2023-02-28,10-K,2021-12-31,-1416801000,NetCashProvidedByUsedInFinancingActivities,USD,2023-02-28,10-K,2020-12-31,-106249000,NetCashProvidedByUsedInInvestingActivities,USD,2023-02-28,10-K,2020-12-31,1472589000,NetCashProvidedByUsedInOperatingActivities,USD,2023-02-28,10-K,2020-12-31,through_ocf,True,,,0.294792,0.616441,5.61133,-0.593088,-0.044477
2023Q2,2023-06-07,CPB,16732,THE CAMPBELL'S COMPANY,$2B-$10B,,6575000000,Revenues,USD,2023-06-07,10-Q,2022-05-01,661000000,NetIncomeLoss,USD,2023-06-07,10-Q,2022-05-01,11892000000,Assets,USD,2023-06-07,10-Q,2022-07-31,-805000000,NetCashProvidedByUsedInFinancingActivities,USD,2023-06-07,10-Q,2022-05-01,-168000000,NetCashProvidedByUsedInInvestingActivities,USD,2023-06-07,10-Q,2022-05-01,1101000000,NetCashProvidedByUsedInOperatingActivities,USD,2023-06-07,10-Q,2022-05-01,through_ocf,True,,,0.100532,0.167452,1.808669,-0.122433,-0.025551
2023Q2,2023-05-03,CPK,19745,CHESAPEAKE UTILITIES CORPORATION,$100M-$500M,,222880000,Revenues,USD,2023-05-03,10-Q,2022-03-31,36933000,NetIncomeLoss,USD,2023-05-03,10-Q,2022-03-31,2215037000,Assets,USD,2023-05-03,10-Q,2022-12-31,-38953000,NetCashProvidedByUsedInFinancingActivities,USD,2023-05-03,10-Q,2022-03-31,-29935000,NetCashProvidedByUsedInInvestingActivities,USD,2023-05-03,10-Q,2022-03-31,69120000,NetCashProvidedByUsedInOperatingActivities,USD,2023-05-03,10-Q,2022-03-31,through_ocf,True,,,0.165708,0.310122,9.938249,-0.174771,-0.13431
2023Q2,2023-05-04,CRAI,1053706,"CRA International, Inc.",$100M-$500M,,148382000,RevenueFromContractWithCustomerExcludingAssessedTax,USD,2023-05-04,10-Q,2022-04-02,11426000,NetIncomeLoss,USD,2023-05-04,10-Q,2022-04-02,550917000,Assets,USD,2023-05-04,10-Q,2022-12-31,52111000,NetCashProvidedByUsedInFinancingActivities,USD,2023-05-04,10-Q,2022-04-02,-11985000,NetCashProvidedByUsedInInvestingActivities,USD,2023-05-04,10-Q,2022-04-02,-61838000,NetCashProvidedByUsedInOperatingActivities,USD,2023-05-04,10-Q,2022-04-02,through_ocf,True,,,0.077004,-0.416749,3.712829,0.351195,-0.080771
2023Q2,2023-05-02,CRC,1609253,California Resources Corp,$100M-$500M,,153000000,Revenues,USD,2023-05-02,10-Q,2022-03-31,-175000000,NetIncomeLoss,USD,2023-05-02,10-Q,2022-03-31,3967000000,Assets,USD,2023-05-02,10-Q,2022-12-31,-84000000,NetCashProvidedByUsedInFinancingActivities,USD,2023-05-02,10-Q,2022-03-31,-53000000,NetCashProvidedByUsedInInvestingActivities,USD,2023-05-02,10-Q,2022-03-31,160000000,NetCashProvidedByUsedInOperatingActivities,USD,2023-05-02,10-Q,2022-03-31,through_ocf,True,,,-1.143791,1.045752,25.928105,-0.54902,-0.346405
2023Q2,2023-05-09,CRCT,1828962,"Cricut, Inc.",$500M-$1B,,959030000,RevenueFromContractWithCustomerExcludingAssessedTax,USD,2023-03-13,10-K,2020-12-31,154578000,NetIncomeLoss,USD,2023-03-13,10-K,2020-12-31,1006250000,Assets,USD,2023-03-13,10-K,2021-12-31,-110915000,NetCashProvidedByUsedInFinancingActivities,USD,2023-03-13,10-K,2020-12-31,-21842000,NetCashProvidedByUsedInInvestingActivities,USD,2023-03-13,10-K,2020-12-31,248227000,NetCashProvidedByUsedInOperatingActivities,USD,2023-03-13,10-K,2020-12-31,through_ocf,True,,,0.161182,0.258831,1.049237,-0.115653,-0.022775
2023Q2,2023-05-31,CRDO,0001807794,Credo Technology Group Holding Ltd,<$100M,,68951000,RevenueFromContractWithCustomerExcludingAssessedTax,USD,2023-03-02,10-Q,2022-01-31,-16821000,NetIncomeLoss,USD,2023-03-02,10-Q,2022-01-31,375689000,Assets,USD,2023-03-02,10-Q,2022-04-30,178014000,NetCashProvidedByUsedInFinancingActivities,USD,2023-03-02,10-Q,2022-01-31,-7932000,NetCashProvidedByUsedInInvestingActivities,USD,2023-03-02,10-Q,2022-01-31,-33192000,NetCashProvidedByUsedInOperatingActivities,USD,2023-03-02,10-Q,2022-01-31,through_ocf,True,,,-0.243956,-0.481385,5.448637,2.581746,-0.115038
2023Q2,2023-04-28,CRI,1060822,"CARTER’S, INC",$500M-$1B,,781284000,RevenueFromContractWithCustomerExcludingAssessedTax,USD,2023-04-28,10-Q,2022-04-02,67933000,NetIncomeLoss,USD,2023-04-28,10-Q,2022-04-02,2948078000,Assets,USD,2023-04-28,10-Q,2022-04-02,-111473000,NetCashProvidedByUsedInFinancingActivities,USD,2023-04-28,10-Q,2022-04-02,-7652000,NetCashProvidedByUsedInInvestingActivities,USD,2023-04-28,10-Q,2022-04-02,-163807000,NetCashProvidedByUsedInOperatingActivities,USD,2023-04-28,10-Q,2022-04-02,through_ocf,True,,,0.08695,-0.209664,3.773376,-0.142679,-0.009794
2023Q2,2023-05-02,CRK,23194,"COMSTOCK RESOURCES, INC.",$500M-$1B,,858195000,RevenueFromContractWithCustomerExcludingAssessedTax,USD,2023-02-17,10-K,2020-12-31,-52417000,NetIncomeLoss,USD,2023-02-17,10-K,2020-12-31,4668229000,Assets,USD,2023-02-17,10-K,2021-12-31,-52763000,NetCashProvidedByUsedInFinancingActivities,USD,2023-02-17,10-K,2020-12-31,-511198000,NetCashProvidedByUsedInInvestingActivities,USD,2023-02-17,10-K,2020-12-31,575701000,NetCashProvidedByUsedInOperatingActivities,USD,2023-02-17,10-K,2020-12-31,through_ocf,True,,,-0.061078,0.670828,5.43959,-0.061481,-0.595666
2023Q2,2023-05-11,CRL,1100682,"CHARLES RIVER LABORATORIES INTERNATIONAL, INC.",$500M-$1B,,913929000,RevenueFromContractWithCustomerExcludingAssessedTax,USD,2023-05-11,10-Q,2022-03-26,93022000,NetIncomeLoss,USD,2023-05-11,10-Q,2022-03-26,7602770000,Assets,USD,2023-05-11,10-Q,2022-12-31,-13283000,NetCashProvidedByUsedInFinancingActivities,USD,2023-05-11,10-Q,2022-03-26,-98005000,NetCashProvidedByUsedInInvestingActivities,USD,2023-05-11,10-Q,2022-03-26,102630000,NetCashProvidedByUsedInOperatingActivities,USD,2023-05-11,10-Q,2022-03-26,through_ocf,True,,,0.101783,0.112295,8.318775,-0.014534,-0.107235
2023Q2,2023-05-31,CRM,1108524,"Salesforce, Inc.",>$10B,,21252000000,RevenueFromContractWithCustomerExcludingAssessedTax,USD,2023-03-08,10-K,2021-01-31,4072000000,NetIncomeLoss,USD,2023-03-08,10-K,2021-01-31,95209000000,Assets,USD,2023-03-08,10-K,2022-01-31,1194000000,NetCashProvidedByUsedInFinancingActivities,USD,2023-03-08,10-K,2021-01-31,-3971000000,NetCashProvidedByUsedInInvestingActivities,USD,2023-03-08,10-K,2021-01-31,4801000000,NetCashProvidedByUsedInOperatingActivities,USD,2023-03-08,10-K,2021-01-31,through_ocf,True,,,0.191605,0.225908,4.480002,0.056183,-0.186853
2023Q2,2023-05-09,CRNC,1768267,CERENCE INC.,$100M-$500M,,180706000,RevenueFromContractWithCustomerExcludingAssessedTax,USD,2023-05-09,10-Q,2022-03-31,18568000,NetIncomeLoss,USD,2023-05-09,10-Q,2022-03-31,1318493000,Assets,USD,2023-05-09,10-Q,2022-09-30,-16336000,NetCashProvidedByUsedInFinancingActivities,USD,2023-05-09,10-Q,2022-03-31,-5965000,NetCashProvidedByUsedInInvestingActivities,USD,2023-05-09,10-Q,2022-03-31,6743000,NetCashProvidedByUsedInOperatingActivities,USD,2023-05-09,10-Q,2022-03-31,through_ocf,True,,,0.102753,0.037315,7.296343,-0.090401,-0.033009
2023Q2,2023-04-27,CROX,1334036,"CROCS, INC.",$500M-$1B,,660148000,RevenueFromContractWithCustomerExcludingAssessedTax,USD,2023-04-27,10-Q,2022-03-31,72760000,NetIncomeLoss,USD,2023-04-27,10-Q,2022-03-31,4501797000,Assets,USD,2023-04-27,10-Q,2022-12-31,2099484000,NetCashProvidedByUsedInFinancingActivities,USD,2023-04-27,10-Q,2022-03-31,-2071466000,NetCashProvidedByUsedInInvestingActivities,USD,2023-04-27,10-Q,2022-03-31,-68765000,NetCashProvidedByUsedInOperatingActivities,USD,2023-04-27,10-Q,2022-03-31,through_ocf,True,,,0.110218,-0.104166,6.819375,3.180323,-3.137881
2023Q2,2023-05-08,CRSP,1674416,CRISPR THERAPEUTICS AG,<$100M,,940000,RevenueFromContractWithCustomerExcludingAssessedTax,USD,2023-05-08,10-Q,2022-03-31,-179217000,NetIncomeLoss,USD,2023-05-08,10-Q,2022-03-31,2243057000,Assets,USD,2023-05-08,10-Q,2022-12-31,10649000,NetCashProvidedByUsedInFinancingActivities,USD,2023-05-08,10-Q,2022-09-30,-114515000,NetCashProvidedByUsedInInvestingActivities,USD,2023-05-08,10-Q,2022-09-30,-135239000,NetCashProvidedByUsedInOperatingActivities,USD,2023-05-08,10-Q,2022-09-30,through_ocf,True,,,-190.656383,-143.871277,2386.230851,11.328723,-121.824468
2023Q2,2023-05-10,CRSR,1743759,"Corsair Gaming, Inc.",$100M-$500M,,380691000,RevenueFromContractWithCustomerExcludingAssessedTax,USD,2023-05-10,10-Q,2022-03-31,-2873000,NetIncomeLoss,USD,2023-05-10,10-Q,2022-03-31,1297245000,Assets,USD,2023-05-10,10-Q,2022-12-31,-1906000,NetCashProvidedByUsedInFinancingActivities,USD,2023-05-10,10-Q,2022-03-31,-23899000,NetCashProvidedByUsedInInvestingActivities,USD,2023-05-10,10-Q,2022-03-31,-6106000,NetCashProvidedByUsedInOperatingActivities,USD,2023-05-10,10-Q,2022-03-31,through_ocf,True,,,-0.007547,-0.016039,3.407606,-0.005007,-0.062778
2023Q2,2023-05-03,CRTO,1576427,CRITEO S.A.,$500M-$1B,,510567000,RevenueFromContractWithCustomerExcludingAssessedTax,USD,2023-05-03,10-Q,2022-03-31,20587000,NetIncomeLoss,USD,2023-05-03,10-Q,2022-03-31,2348894000,Assets,USD,2023-05-03,10-Q,2022-12-31,-1367000,NetCashProvidedByUsedInFinancingActivities,USD,2023-05-03,10-Q,2022-03-31,16925000,NetCashProvidedByUsedInInvestingActivities,USD,2023-05-03,10-Q,2022-03-31,74930000,NetCashProvidedByUsedInOperatingActivities,USD,2023-05-03,10-Q,2022-03-31,through_ocf,True,,,0.040322,0.146758,4.60056,-0.002677,0.033149
2023Q2,2023-05-04,CRUS,772406,"CIRRUS LOGIC, INC.",$1B-$2B,,1291488000,RevenueFromContractWithCustomerExcludingAssessedTax,USD,2023-02-02,10-Q,2021-12-25,229941000,NetIncomeLoss,USD,2023-02-02,10-Q,2021-12-25,2123400000,Assets,USD,2023-02-02,10-Q,2022-03-26,-103993000,NetCashProvidedByUsedInFinancingActivities,USD,2023-02-02,10-Q,2021-12-25,-9572000,NetCashProvidedByUsedInInvestingActivities,USD,2023-02-02,10-Q,2021-12-25,-133478000,NetCashProvidedByUsedInOperatingActivities,USD,2023-02-02,10-Q,2021-12-25,through_ocf,True,,,0.178043,-0.103352,1.64415,-0.080522,-0.007412
2023Q2,2023-05-25,CRVL,874866,CORVEL CORPORATION,$100M-$500M,,474871000,RevenueFromContractWithCustomerExcludingAssessedTax,USD,2023-02-02,10-Q,2021-12-31,46773000,NetIncomeLoss,USD,2023-02-02,10-Q,2021-12-31,415246000,Assets,USD,2023-02-02,10-Q,2022-03-31,-56132000,NetCashProvidedByUsedInFinancingActivities,USD,2023-02-02,10-Q,2021-12-31,-18441000,NetCashProvidedByUsedInInvestingActivities,USD,2023-02-02,10-Q,2021-12-31,50395000,NetCashProvidedByUsedInOperatingActivities,USD,2023-02-02,10-Q,2021-12-31,through_ocf,True,,,0.098496,0.106124,0.87444,-0.118205,-0.038834
2023Q2,2023-04-25,CSGP,1057352,"CoStar Group, Inc.",$1B-$2B,,1659019000,RevenueFromContractWithCustomerExcludingAssessedTax,USD,2023-02-22,10-K,2020-12-31,227128000,NetIncomeLoss,USD,2023-02-22,10-K,2020-12-31,7256871000,Assets,USD,2023-02-22,10-K,2021-12-31,2662297000,NetCashProvidedByUsedInFinancingActivities,USD,2023-02-22,10-K,2020-12-31,-464163000,NetCashProvidedByUsedInInvestingActivities,USD,2023-02-22,10-K,2020-12-31,486106000,NetCashProvidedByUsedInOperatingActivities,USD,2023-02-22,10-K,2020-12-31,through_ocf,True,,,0.136905,0.293008,4.374194,1.604742,-0.279782
2023Q2,2023-05-03,CSGS,1005757,"CSG SYSTEMS INTERNATIONAL, INC.",$500M-$1B,,990533000,RevenueFromContractWithCustomerExcludingAssessedTax,USD,2023-02-17,10-K,2020-12-31,58711000,NetIncomeLoss,USD,2023-02-17,10-K,2020-12-31,1387149000,Assets,USD,2023-02-17,10-K,2021-12-31,-92113000,NetCashProvidedByUsedInFinancingActivities,USD,2023-02-17,10-K,2020-12-31,-66258000,NetCashProvidedByUsedInInvestingActivities,USD,2023-02-17,10-K,2020-12-31,172993000,NetCashProvidedByUsedInOperatingActivities,USD,2023-02-17,10-K,2020-12-31,through_ocf,True,,,0.059272,0.174646,1.400407,-0.092993,-0.066891
2023Q2,2023-04-20,CSX,277948,CSX CORPORATION,$2B-$10B,,3413000000,RevenueFromContractWithCustomerExcludingAssessedTax,USD,2023-04-20,10-Q,2022-03-31,859000000,NetIncomeLoss,USD,2023-04-20,10-Q,2022-03-31,41912000000,Assets,USD,2023-04-20,10-Q,2022-12-31,-1234000000,NetCashProvidedByUsedInFinancingActivities,USD,2023-04-20,10-Q,2022-03-31,-368000000,NetCashProvidedByUsedInInvestingActivities,USD,2023-04-20,10-Q,2022-03-31,1299000000,NetCashProvidedByUsedInOperatingActivities,USD,2023-04-20,10-Q,2022-03-31,through_ocf,True,,,0.251685,0.380604,12.280105,-0.361559,-0.107823
2023Q2,2023-05-04,CTEV,1793229,CLARITEV CORPORATION,$500M-$1B,,937763000,RevenueFromContractWithCustomerExcludingAssessedTax,USD,2023-03-01,10-K,2020-12-31,-520564000,NetIncomeLoss,USD,2023-03-01,10-K,2020-12-31,8220407000,Assets,USD,2023-03-01,10-K,2021-12-31,-61599000,NetCashProvidedByUsedInFinancingActivities,USD,2023-03-01,10-K,2020-12-31,-210845000,NetCashProvidedByUsedInInvestingActivities,USD,2023-03-01,10-K,2020-12-31,377374000,NetCashProvidedByUsedInOperatingActivities,USD,2023-03-01,10-K,2020-12-31,through_ocf,True,,,-0.555113,0.402419,8.765975,-0.065687,-0.224838
2023Q2,2023-05-04,CTLP,896429,"Cantaloupe, Inc.",<$100M,,96871000,RevenueFromContractWithCustomerExcludingAssessedTax,USD,2023-02-09,10-Q,2021-12-31,-1291000,NetIncomeLoss,USD,2023-02-09,10-Q,2021-09-30,255632000,Assets,USD,2023-02-09,10-Q,2022-06-30,-321000,NetCashProvidedByUsedInFinancingActivities,USD,2023-02-09,10-Q,2021-12-31,-7259000,NetCashProvidedByUsedInInvestingActivities,USD,2023-02-09,10-Q,2021-12-31,-4247000,NetCashProvidedByUsedInOperatingActivities,USD,2023-02-09,10-Q,2021-12-31,through_ocf,True,,,-0.013327,-0.043842,2.638891,-0.003314,-0.074935
2023Q2,2023-05-09,CTOS,1709682,"CUSTOM TRUCK ONE SOURCE, INC.",$100M-$500M,,366476000,Revenues,USD,2023-05-09,10-Q,2022-03-31,-3273000,NetIncomeLoss,USD,2023-05-09,10-Q,2022-03-31,2938212000,Assets,USD,2023-05-09,10-Q,2022-12-31,66138000,NetCashProvidedByUsedInFinancingActivities,USD,2023-05-09,10-Q,2022-03-31,-48458000,NetCashProvidedByUsedInInvestingActivities,USD,2023-05-09,10-Q,2022-03-31,-29771000,NetCashProvidedByUsedInOperatingActivities,USD,2023-05-09,10-Q,2022-03-31,through_ocf,True,,,-0.008931,-0.081236,8.017475,0.18047,-0.132227
2023Q2,2023-05-04,CTRA,858470,COTERRA ENERGY INC.,$1B-$2B,,1466000000,Revenues,USD,2023-02-27,10-K,2020-12-31,201000000,NetIncomeLoss,USD,2023-02-27,10-K,2020-12-31,19900000000,Assets,USD,2023-02-27,10-K,2021-12-31,-256000000,NetCashProvidedByUsedInFinancingActivities,USD,2023-02-27,10-K,2020-12-31,-584000000,NetCashProvidedByUsedInInvestingActivities,USD,2023-02-27,10-K,2020-12-31,778000000,NetCashProvidedByUsedInOperatingActivities,USD,2023-02-27,10-K,2020-12-31,through_ocf,True,,,0.137108,0.530696,13.574352,-0.174625,-0.398363
2023Q2,2023-05-23,CTRN,1318484,"Citi Trends, Inc.",$500M-$1B,,783294000,Revenues,USD,2023-04-13,10-K,2021-01-30,23978000,ProfitLoss,USD,2023-04-13,10-K,2021-01-30,474025000,Assets,USD,2023-04-13,10-K,2022-01-29,-34301000,NetCashProvidedByUsedInFinancingActivities,USD,2023-04-13,10-K,2021-01-30,26697000,NetCashProvidedByUsedInInvestingActivities,USD,2023-04-13,10-K,2021-01-30,110858000,NetCashProvidedByUsedInOperatingActivities,USD,2023-04-13,10-K,2021-01-30,through_ocf,True,,,0.030612,0.141528,0.605169,-0.043791,0.034083
2023Q2,2023-04-27,CTS,26058,CTS CORPORATION,$100M-$500M,,147695000,Revenues,USD,2023-04-27,10-Q,2022-03-31,20239000,NetIncomeLoss,USD,2023-04-27,10-Q,2022-03-31,748487000,Assets,USD,2023-04-27,10-Q,2022-12-31,6772000,NetCashProvidedByUsedInFinancingActivities,USD,2023-04-27,10-Q,2022-03-31,-27884000,NetCashProvidedByUsedInInvestingActivities,USD,2023-04-27,10-Q,2022-03-31,19286000,NetCashProvidedByUsedInOperatingActivities,USD,2023-04-27,10-Q,2022-03-31,through_ocf,True,,,0.137032,0.13058,5.067788,0.045851,-0.188794
2023Q2,2023-05-03,CTSH,1058290,Cognizant Technology Solutions Corporation,>$10B,,16652000000,Revenues,USD,2023-02-15,10-K,2020-12-31,1392000000,NetIncomeLoss,USD,2023-02-15,10-K,2020-12-31,17852000000,Assets,USD,2023-02-15,10-K,2021-12-31,-2009000000,NetCashProvidedByUsedInFinancingActivities,USD,2023-02-15,10-K,2020-12-31,-1238000000,NetCashProvidedByUsedInInvestingActivities,USD,2023-02-15,10-K,2020-12-31,3299000000,NetCashProvidedByUsedInOperatingActivities,USD,2023-02-15,10-K,2020-12-31,through_ocf,True,,,0.083594,0.198114,1.072063,-0.120646,-0.074345
2023Q2,2023-05-03,CTVA,1755672,"Corteva, Inc.",>$10B,,14217000000,Revenues,USD,2023-02-09,10-K,2020-12-31,681000000,NetIncomeLoss,USD,2023-02-09,10-K,2020-12-31,42344000000,Assets,USD,2023-02-09,10-K,2021-12-31,303000000,NetCashProvidedByUsedInFinancingActivities,USD,2023-02-09,10-K,2020-12-31,-674000000,NetCashProvidedByUsedInInvestingActivities,USD,2023-02-09,10-K,2020-12-31,2064000000,NetCashProvidedByUsedInOperatingActivities,USD,2023-02-09,10-K,2020-12-31,through_ocf,True,,,0.0479,0.145178,2.978406,0.021313,-0.047408
2023Q2,2023-05-18,CVCO,278166,"CAVCO INDUSTRIES, INC.",$1B-$2B,,1121679000,Revenues,USD,2023-02-03,10-Q,2022-01-01,27046000,NetIncomeLoss,USD,2023-02-03,10-Q,2021-07-03,1154972000,Assets,USD,2023-02-03,10-Q,2022-04-02,-34290000,NetCashProvidedByUsedInFinancingActivities,USD,2023-02-03,10-Q,2022-01-01,-147842000,NetCashProvidedByUsedInInvestingActivities,USD,2023-02-03,10-Q,2022-01-01,125967000,NetCashProvidedByUsedInOperatingActivities,USD,2023-02-03,10-Q,2022-01-01,through_ocf,True,,,0.024112,0.112302,1.029681,-0.03057,-0.131804
2023Q2,2023-05-02,CVGI,1290900,"Commercial Vehicle Group, Inc.",$100M-$500M,,244374000,RevenueFromContractWithCustomerExcludingAssessedTax,USD,2023-05-02,10-Q,2022-03-31,3982000,NetIncomeLoss,USD,2023-05-02,10-Q,2022-03-31,470268000,Assets,USD,2023-05-02,10-Q,2022-12-31,28406000,NetCashProvidedByUsedInFinancingActivities,USD,2023-05-02,10-Q,2022-03-31,-3590000,NetCashProvidedByUsedInInvestingActivities,USD,2023-05-02,10-Q,2022-03-31,-21398000,NetCashProvidedByUsedInOperatingActivities,USD,2023-05-02,10-Q,2022-03-31,through_ocf,True,,,0.016295,-0.087563,1.924378,0.11624,-0.014691
2023Q2,2023-06-06,CVGW,1133470,"CALAVO GROWERS, INC",$500M-$1B,,605510000,RevenueFromContractWithCustomerExcludingAssessedTax,USD,2023-06-06,10-Q,2022-04-30,-4043000,NetIncomeLoss,USD,2023-06-06,10-Q,2022-01-31,385746000,Assets,USD,2023-06-06,10-Q,2022-10-31,-17134000,NetCashProvidedByUsedInFinancingActivities,USD,2023-06-06,10-Q,2022-04-30,-3787000,NetCashProvidedByUsedInInvestingActivities,USD,2023-06-06,10-Q,2022-04-30,21332000,NetCashProvidedByUsedInOperatingActivities,USD,2023-06-06,10-Q,2022-04-30,through_ocf,True,,,-0.006677,0.03523,0.63706,-0.028297,-0.006254
2023Q2,2023-05-01,CVI,1376139,"CVR ENERGY, INC.",$2B-$10B,,3930000000,Revenues,USD,2023-02-22,10-K,2020-12-31,-256000000,NetIncomeLoss,USD,2023-02-22,10-K,2020-12-31,3906000000,Assets,USD,2023-02-22,10-K,2021-12-31,355000000,NetCashProvidedByUsedInFinancingActivities,USD,2023-02-22,10-K,2020-12-31,-423000000,NetCashProvidedByUsedInInvestingActivities,USD,2023-02-22,10-K,2020-12-31,90000000,NetCashProvidedByUsedInOperatingActivities,USD,2023-02-22,10-K,2020-12-31,through_ocf,True,,,-0.06514,0.022901,0.993893,0.090331,-0.107634
2023Q2,2023-04-27,CVLG,928658,"COVENANT LOGISTICS GROUP, INC.",$100M-$500M,,158744000,Revenues,USD,2019-03-13,10-K,2017-03-31,60731000,NetIncomeLoss,USD,2023-02-28,10-K,2021-12-31,651662000,Assets,USD,2023-02-28,10-K,2021-12-31,-83557000,NetCashProvidedByUsedInFinancingActivities,USD,2023-02-28,10-K,2021-12-31,10344000,NetCashProvidedByUsedInInvestingActivities,USD,2023-02-28,10-K,2021-12-31,73218000,NetCashProvidedByUsedInOperatingActivities,USD,2023-02-28,10-K,2021-12-31,through_ocf,True,,,0.382572,0.461233,4.105113,-0.526363,0.065162
2023Q2,2023-05-02,CVLT,1169561,"Commvault Systems, Inc",$500M-$1B,,563642000,RevenueFromContractWithCustomerExcludingAssessedTax,USD,2023-01-31,10-Q,2021-12-31,25636000,NetIncomeLoss,USD,2023-01-31,10-Q,2021-12-31,816080000,Assets,USD,2023-01-31,10-Q,2022-03-31,-242335000,NetCashProvidedByUsedInFinancingActivities,USD,2023-01-31,10-Q,2021-12-31,-6355000,NetCashProvidedByUsedInInvestingActivities,USD,2023-01-31,10-Q,2021-12-31,90064000,NetCashProvidedByUsedInOperatingActivities,USD,2023-01-31,10-Q,2021-12-31,through_ocf,True,,,0.045483,0.159789,1.447869,-0.429945,-0.011275
2023Q2,2023-05-04,CVNA,1690820,CARVANA CO.,$2B-$10B,,3497000000,RevenueFromContractWithCustomerExcludingAssessedTax,USD,2023-05-04,10-Q,2022-03-31,-260000000,NetIncomeLoss,USD,2023-05-04,10-Q,2022-03-31,8698000000,Assets,USD,2023-05-04,10-Q,2022-12-31,707000000,NetCashProvidedByUsedInFinancingActivities,USD,2023-05-04,10-Q,2022-03-31,-208000000,NetCashProvidedByUsedInInvestingActivities,USD,2023-05-04,10-Q,2022-03-31,-593000000,NetCashProvidedByUsedInOperatingActivities,USD,2023-05-04,10-Q,2022-03-31,through_ocf,True,,,-0.074349,-0.169574,2.487275,0.202173,-0.05948
2023Q2,2023-05-02,CVSA,730464,Covista Inc.,$1B-$2B,,1021195000,Revenues,USD,2023-05-02,10-Q,2022-03-31,304245000,NetIncomeLoss,USD,2023-05-02,10-Q,2022-03-31,3519923000,Assets,USD,2023-05-02,10-Q,2022-03-31,-32904000,NetCashProvidedByUsedInFinancingActivities,USD,2023-05-02,10-Q,2022-03-31,-541312000,NetCashProvidedByUsedInInvestingActivities,USD,2023-05-02,10-Q,2022-03-31,51856000,NetCashProvidedByUsedInOperatingActivities,USD,2023-05-02,10-Q,2022-03-31,through_ocf,True,,,0.29793,0.05078,3.446867,-0.032221,-0.530077
2023Q2,2023-05-02,CWH,1669779,"CAMPING WORLD HOLDINGS, INC.",$2B-$10B,,5446591000,RevenueFromContractWithCustomerExcludingAssessedTax,USD,2023-02-23,10-K,2020-12-31,122345000,NetIncomeLoss,USD,2023-02-23,10-K,2020-12-31,4372929000,Assets,USD,2023-02-23,10-K,2021-12-31,-603183000,NetCashProvidedByUsedInFinancingActivities,USD,2023-02-23,10-K,2020-12-31,-125935000,NetCashProvidedByUsedInInvestingActivities,USD,2023-02-23,10-K,2020-12-31,747669000,NetCashProvidedByUsedInOperatingActivities,USD,2023-02-23,10-K,2020-12-31,through_ocf,True,,,0.022463,0.137273,0.802874,-0.110745,-0.023122
2023Q2,2023-05-04,CWK,1628369,Cushman & Wakefield Ltd.,$2B-$10B,,7843700000,RevenueFromContractWithCustomerExcludingAssessedTax,USD,2023-02-24,10-K,2020-12-31,-220500000,NetIncomeLoss,USD,2023-02-24,10-K,2020-12-31,7890400000,Assets,USD,2023-02-24,10-K,2021-12-31,571900000,NetCashProvidedByUsedInFinancingActivities,USD,2023-02-24,10-K,2020-12-31,-257800000,NetCashProvidedByUsedInInvestingActivities,USD,2023-02-24,10-K,2020-12-31,-38200000,NetCashProvidedByUsedInOperatingActivities,USD,2023-02-24,10-K,2020-12-31,through_ocf,True,,,-0.028112,-0.00487,1.005954,0.072912,-0.032867
2023Q2,2023-04-27,CWST,911177,"CASELLA WASTE SYSTEMS, INC.",$500M-$1B,,774584000,Revenues,USD,2023-02-17,10-K,2020-12-31,91106000,NetIncomeLoss,USD,2023-02-17,10-K,2020-12-31,1193898000,Assets,USD,2023-02-17,10-K,2020-12-31,150981000,NetCashProvidedByUsedInFinancingActivities,USD,2023-02-17,10-K,2020-12-31,-140032000,NetCashProvidedByUsedInInvestingActivities,USD,2023-02-17,10-K,2020-12-31,139922000,NetCashProvidedByUsedInOperatingActivities,USD,2023-02-17,10-K,2020-12-31,through_ocf,True,,,0.117619,0.180641,1.541341,0.194919,-0.180783
2023Q2,2023-06-05,CXM,1569345,"Sprinklr, Inc.",$100M-$500M,,144978000,RevenueFromContractWithCustomerExcludingAssessedTax,USD,2023-06-05,10-Q,2022-04-30,-25288000,NetIncomeLoss,USD,2023-06-05,10-Q,2022-04-30,1024991000,Assets,USD,2023-06-05,10-Q,2023-01-31,6518000,NetCashProvidedByUsedInFinancingActivities,USD,2023-06-05,10-Q,2022-04-30,-192119000,NetCashProvidedByUsedInInvestingActivities,USD,2023-06-05,10-Q,2022-04-30,-2910000,NetCashProvidedByUsedInOperatingActivities,USD,2023-06-05,10-Q,2022-04-30,through_ocf,True,,,-0.174426,-0.020072,7.069976,0.044959,-1.32516
2023Q2,2023-05-04,CXW,1070985,"CORECIVIC, INC.",$100M-$500M,,452988000,Revenues,USD,2023-05-04,10-Q,2022-03-31,19003000,ProfitLoss,USD,2023-05-04,10-Q,2022-03-31,3244769000,Assets,USD,2023-05-04,10-Q,2022-12-31,-14068000,NetCashProvidedByUsedInFinancingActivities,USD,2023-05-04,10-Q,2022-03-31,-3812000,NetCashProvidedByUsedInInvestingActivities,USD,2023-05-04,10-Q,2022-03-31,97707000,NetCashProvidedByUsedInOperatingActivities,USD,2023-05-04,10-Q,2022-03-31,through_ocf,True,,,0.04195,0.215694,7.163035,-0.031056,-0.008415
2023Q2,2023-05-01,CYH,1108109,"COMMUNITY HEALTH SYSTEMS, INC.",>$10B,,11789000000,Revenues,USD,2023-02-17,10-K,2020-12-31,511000000,NetIncomeLoss,USD,2023-02-17,10-K,2020-12-31,15217000000,Assets,USD,2023-02-17,10-K,2021-12-31,-895000000,NetCashProvidedByUsedInFinancingActivities,USD,2023-02-17,10-K,2020-12-31,177000000,NetCashProvidedByUsedInInvestingActivities,USD,2023-02-17,10-K,2020-12-31,2178000000,NetCashProvidedByUsedInOperatingActivities,USD,2023-02-17,10-K,2020-12-31,through_ocf,True,,,0.043345,0.184748,1.29078,-0.075918,0.015014
2023Q2,2023-05-02,CZR,1590895,"CAESARS ENTERTAINMENT, INC.",$2B-$10B,,3628000000,RevenueFromContractWithCustomerExcludingAssessedTax,USD,2023-02-22,10-K,2020-12-31,-1757000000,NetIncomeLoss,USD,2023-02-22,10-K,2020-12-31,38031000000,Assets,USD,2023-02-22,10-K,2021-12-31,-30000000,NetCashProvidedByUsedInFinancingActivities,USD,2022-05-04,10-Q,2021-03-31,-13000000,NetCashProvidedByUsedInInvestingActivities,USD,2021-05-05,10-Q,2020-03-31,127858000,NetCashProvidedByUsedInOperatingActivities,USD,2020-08-06,10-Q,2019-06-30,through_ocf,True,,,-0.484289,0.035242,10.482635,-0.008269,-0.003583
2023Q2,2023-05-05,D,715957,"DOMINION ENERGY, INC.",$2B-$10B,,4279000000,Revenues,USD,2023-05-05,10-Q,2022-03-31,711000000,NetIncomeLoss,USD,2023-05-05,10-Q,2022-03-31,104243000000,Assets,USD,2023-05-05,10-Q,2022-12-31,635000000,NetCashProvidedByUsedInFinancingActivities,USD,2023-05-05,10-Q,2022-03-31,-1574000000,NetCashProvidedByUsedInInvestingActivities,USD,2023-05-05,10-Q,2022-03-31,1125000000,NetCashProvidedByUsedInOperatingActivities,USD,2023-05-05,10-Q,2022-03-31,through_ocf,True,,,0.16616,0.262912,24.361533,0.148399,-0.367843
2023Q2,2023-04-28,DAN,26780,DANA Inc,$2B-$10B,,2480000000,RevenueFromContractWithCustomerExcludingAssessedTax,USD,2023-04-28,10-Q,2022-03-31,17000000,NetIncomeLoss,USD,2023-04-28,10-Q,2022-03-31,7449000000,Assets,USD,2023-04-28,10-Q,2022-12-31,229000000,NetCashProvidedByUsedInFinancingActivities,USD,2023-04-28,10-Q,2022-03-31,-117000000,NetCashProvidedByUsedInInvestingActivities,USD,2023-04-28,10-Q,2022-03-31,-121000000,NetCashProvidedByUsedInOperatingActivities,USD,2023-04-28,10-Q,2022-03-31,through_ocf,True,,,0.006855,-0.04879,3.003629,0.092339,-0.047177
2023Q2,2023-05-04,DASH,1792789,"DOORDASH, INC.",$2B-$10B,,2886000000,RevenueFromContractWithCustomerExcludingAssessedTax,USD,2023-02-27,10-K,2020-12-31,-461000000,NetIncomeLoss,USD,2023-02-27,10-K,2020-12-31,6809000000,Assets,USD,2023-02-27,10-K,2021-12-31,3996000000,NetCashProvidedByUsedInFinancingActivities,USD,2023-02-27,10-K,2020-12-31,-192000000,NetCashProvidedByUsedInInvestingActivities,USD,2023-02-27,10-K,2020-12-31,252000000,NetCashProvidedByUsedInOperatingActivities,USD,2023-02-27,10-K,2020-12-31,through_ocf,True,,,-0.159737,0.087318,2.359321,1.384615,-0.066528
2023Q2,2023-05-03,DBD,28823,"Diebold Nixdorf, Incorporated",$2B-$10B,,3902300000,Revenues,USD,2023-03-16,10-K,2020-12-31,-269100000,NetIncomeLoss,USD,2023-03-16,10-K,2020-12-31,3507200000,Assets,USD,2023-03-16,10-K,2021-12-31,16900000,NetCashProvidedByUsedInFinancingActivities,USD,2023-03-16,10-K,2020-12-31,-82600000,NetCashProvidedByUsedInInvestingActivities,USD,2023-03-16,10-K,2020-12-31,18000000,NetCashProvidedByUsedInOperatingActivities,USD,2023-03-16,10-K,2020-12-31,through_ocf,True,,,-0.068959,0.004613,0.898752,0.004331,-0.021167
2023Q2,2023-06-08,DBI,1319947,Designer Brands Inc.,$500M-$1B,,830543000,Revenues,USD,2023-06-08,10-Q,2022-04-30,26182000,NetIncomeLoss,USD,2023-06-08,10-Q,2022-04-30,2087744000,Assets,USD,2023-06-08,10-Q,2022-04-30,39768000,NetCashProvidedByUsedInFinancingActivities,USD,2023-06-08,10-Q,2022-04-30,-17101000,NetCashProvidedByUsedInInvestingActivities,USD,2023-06-08,10-Q,2022-04-30,-40672000,NetCashProvidedByUsedInOperatingActivities,USD,2023-06-08,10-Q,2022-04-30,through_ocf,True,,,0.031524,-0.04897,2.51371,0.047882,-0.02059
2023Q2,2023-04-27,DBX,1467623,"Dropbox, Inc.",$1B-$2B,,1913900000,RevenueFromContractWithCustomerExcludingAssessedTax,USD,2023-02-23,10-K,2020-12-31,-256300000,NetIncomeLoss,USD,2023-02-23,10-K,2020-12-31,3091300000,Assets,USD,2023-02-23,10-K,2021-12-31,-577700000,NetCashProvidedByUsedInFinancingActivities,USD,2023-02-23,10-K,2020-12-31,-233600000,NetCashProvidedByUsedInInvestingActivities,USD,2023-02-23,10-K,2020-12-31,570800000,NetCashProvidedByUsedInOperatingActivities,USD,2023-02-23,10-K,2020-12-31,through_ocf,True,,,-0.133915,0.298239,1.615184,-0.301844,-0.122054
2023Q2,2023-05-08,DCGO,1822359,DOCGO INC.,$100M-$500M,,318718580,Revenues,USD,2023-03-14,10-K,2021-12-31,23743758,NetIncomeLoss,USD,2023-03-14,10-K,2021-12-31,309602652,Assets,USD,2023-03-14,10-K,2021-12-31,155206476,NetCashProvidedByUsedInFinancingActivities,USD,2023-03-14,10-K,2021-12-31,-8589185,NetCashProvidedByUsedInInvestingActivities,USD,2023-03-14,10-K,2021-12-31,-1947420,NetCashProvidedByUsedInOperatingActivities,USD,2023-03-14,10-K,2021-12-31,through_ocf,True,,,0.074498,-0.00611,0.971398,0.48697,-0.026949
2023Q2,2023-05-05,DCH,1062231,DAUCH CORPORATION,$1B-$2B,,1436200000,RevenueFromContractWithCustomerExcludingAssessedTax,USD,2023-05-05,10-Q,2022-03-31,1000000,NetIncomeLoss,USD,2023-05-05,10-Q,2022-03-31,5469400000,Assets,USD,2023-05-05,10-Q,2022-12-31,-38700000,NetCashProvidedByUsedInFinancingActivities,USD,2023-05-05,10-Q,2022-03-31,-31300000,NetCashProvidedByUsedInInvestingActivities,USD,2023-05-05,10-Q,2022-03-31,68500000,NetCashProvidedByUsedInOperatingActivities,USD,2023-05-05,10-Q,2022-03-31,through_ocf,True,,,0.000696,0.047695,3.808244,-0.026946,-0.021794
2023Q2,2023-05-04,DCO,30305,DUCOMMUN INCORPORATED,$100M-$500M,,163481000,RevenueFromContractWithCustomerExcludingAssessedTax,USD,2023-05-04,10-Q,2022-04-02,8099000,NetIncomeLoss,USD,2023-05-04,10-Q,2022-04-02,1021506000,Assets,USD,2023-05-04,10-Q,2022-12-31,-33431000,NetCashProvidedByUsedInFinancingActivities,USD,2023-05-04,10-Q,2022-04-02,-4774000,NetCashProvidedByUsedInInvestingActivities,USD,2023-05-04,10-Q,2022-04-02,-18851000,NetCashProvidedByUsedInOperatingActivities,USD,2023-05-04,10-Q,2022-04-02,through_ocf,True,,,0.049541,-0.11531,6.248469,-0.204495,-0.029202
2023Q2,2023-05-02,DD,1666700,"DUPONT DE NEMOURS, INC.",>$10B,,11128000000,RevenueFromContractWithCustomerExcludingAssessedTax,USD,2023-02-15,10-K,2020-12-31,-2951000000,NetIncomeLoss,USD,2023-02-15,10-K,2020-12-31,70903000000,Assets,USD,2023-02-15,10-K,2020-12-31,3238000000,NetCashProvidedByUsedInFinancingActivities,USD,2023-02-15,10-K,2020-12-31,-202000000,NetCashProvidedByUsedInInvestingActivities,USD,2023-02-15,10-K,2020-12-31,4095000000,NetCashProvidedByUsedInOperatingActivities,USD,2023-02-15,10-K,2020-12-31,through_ocf,True,,,-0.265187,0.367991,6.371585,0.290978,-0.018152
2023Q2,2023-05-09,DDD,910638,3D SYSTEMS CORPORATION,$500M-$1B,,557240000,RevenueFromContractWithCustomerExcludingAssessedTax,USD,2023-03-16,10-K,2020-12-31,-149594000,NetIncomeLoss,USD,2023-03-16,10-K,2020-12-31,1549099000,Assets,USD,2023-03-16,10-K,2021-12-31,-19480000,NetCashProvidedByUsedInFinancingActivities,USD,2023-03-16,10-K,2020-12-31,-11733000,NetCashProvidedByUsedInInvestingActivities,USD,2023-03-16,10-K,2020-12-31,-20121000,NetCashProvidedByUsedInOperatingActivities,USD,2023-03-16,10-K,2020-12-31,through_ocf,True,,,-0.268455,-0.036108,2.779949,-0.034958,-0.021056
2023Q2,2023-05-04,DDOG,1561550,"Datadog, Inc.",$500M-$1B,,603466000,RevenueFromContractWithCustomerExcludingAssessedTax,USD,2023-02-24,10-K,2020-12-31,-24547000,NetIncomeLoss,USD,2023-02-24,10-K,2020-12-31,2380794000,Assets,USD,2023-02-24,10-K,2021-12-31,670276000,NetCashProvidedByUsedInFinancingActivities,USD,2023-02-24,10-K,2020-12-31,-1152624000,NetCashProvidedByUsedInInvestingActivities,USD,2023-02-24,10-K,2020-12-31,109091000,NetCashProvidedByUsedInOperatingActivities,USD,2023-02-24,10-K,2020-12-31,through_ocf,True,,,-0.040677,0.180774,3.9452,1.11071,-1.910007
2023Q2,2023-05-25,DECK,910521,DECKERS OUTDOOR CORP,$2B-$10B,,2414332000,RevenueFromContractWithCustomerExcludingAssessedTax,USD,2023-02-06,10-Q,2021-12-31,48124000,NetIncomeLoss,USD,2023-02-06,10-Q,2021-06-30,2332250000,Assets,USD,2023-02-06,10-Q,2022-03-31,-278342000,NetCashProvidedByUsedInFinancingActivities,USD,2023-02-06,10-Q,2021-12-31,-41315000,NetCashProvidedByUsedInInvestingActivities,USD,2023-02-06,10-Q,2021-12-31,227370000,NetCashProvidedByUsedInOperatingActivities,USD,2023-02-06,10-Q,2021-12-31,through_ocf,True,,,0.019933,0.094175,0.966002,-0.115287,-0.017112
2023Q2,2023-05-02,DEI,1364250,"Douglas Emmett, Inc.",$500M-$1B,,891523000,Revenues,USD,2023-02-17,10-K,2020-12-31,50421000,NetIncomeLoss,USD,2023-02-17,10-K,2020-12-31,9354032000,Assets,USD,2023-02-17,10-K,2021-12-31,-136330000,NetCashProvidedByUsedInFinancingActivities,USD,2023-02-17,10-K,2020-12-31,-265175000,NetCashProvidedByUsedInInvestingActivities,USD,2023-02-17,10-K,2020-12-31,420218000,NetCashProvidedByUsedInOperatingActivities,USD,2023-02-17,10-K,2020-12-31,through_ocf,True,,,0.056556,0.471348,10.492194,-0.152918,-0.29744
2023Q2,2023-05-03,DFIN,1669811,"Donnelley Financial Solutions, Inc.",$100M-$500M,,211000000,RevenueFromContractWithCustomerExcludingAssessedTax,USD,2023-05-03,10-Q,2022-03-31,26400000,NetIncomeLoss,USD,2023-05-03,10-Q,2022-03-31,871600000,Assets,USD,2023-05-03,10-Q,2022-03-31,17300000,NetCashProvidedByUsedInFinancingActivities,USD,2023-05-03,10-Q,2022-03-31,-9900000,NetCashProvidedByUsedInInvestingActivities,USD,2023-05-03,10-Q,2022-03-31,-52200000,NetCashProvidedByUsedInOperatingActivities,USD,2023-05-03,10-Q,2022-03-31,through_ocf,True,,,0.125118,-0.247393,4.130806,0.081991,-0.046919
2023Q2,2023-06-01,DG,29534,DOLLAR GENERAL CORPORATION,$2B-$10B,,8751352000,RevenueFromContractWithCustomerExcludingAssessedTax,USD,2023-06-01,10-Q,2022-04-29,552657000,NetIncomeLoss,USD,2023-06-01,10-Q,2022-04-29,29083367000,Assets,USD,2023-06-01,10-Q,2023-02-03,-177888000,NetCashProvidedByUsedInFinancingActivities,USD,2023-06-01,10-Q,2022-04-29,-280844000,NetCashProvidedByUsedInInvestingActivities,USD,2023-06-01,10-Q,2022-04-29,449516000,NetCashProvidedByUsedInOperatingActivities,USD,2023-06-01,10-Q,2022-04-29,through_ocf,True,,,0.063151,0.051365,3.3233,-0.020327,-0.032091
2023Q2,2023-05-04,DGII,854775,Digi International Inc,<$100M,,84257000,Revenues,USD,2023-02-03,10-Q,2021-12-31,1187000,NetIncomeLoss,USD,2023-02-03,10-Q,2021-12-31,853895000,Assets,USD,2023-02-03,10-Q,2022-09-30,236962000,NetCashProvidedByUsedInFinancingActivities,USD,2023-02-03,10-Q,2021-12-31,-348047000,NetCashProvidedByUsedInInvestingActivities,USD,2023-02-03,10-Q,2021-12-31,5877000,NetCashProvidedByUsedInOperatingActivities,USD,2023-02-03,10-Q,2021-12-31,through_ocf,True,,,0.014088,0.069751,10.13441,2.812372,-4.130778
2023Q2,2023-04-27,DGX,1022079,Quest Diagnostics Inc,$2B-$10B,,9437000000,RevenueFromContractWithCustomerExcludingAssessedTax,USD,2023-02-21,10-K,2020-12-31,1431000000,NetIncomeLoss,USD,2023-02-21,10-K,2020-12-31,13611000000,Assets,USD,2023-02-21,10-K,2021-12-31,-1267000000,NetCashProvidedByUsedInFinancingActivities,USD,2023-02-21,10-K,2020-12-31,-772000000,NetCashProvidedByUsedInInvestingActivities,USD,2023-02-21,10-K,2020-12-31,2005000000,NetCashProvidedByUsedInOperatingActivities,USD,2023-02-21,10-K,2020-12-31,through_ocf,True,,,0.151637,0.212462,1.442302,-0.134259,-0.081806
2023Q2,2023-04-25,DHR,313616,DANAHER CORPORATION,$2B-$10B,,7688000000,RevenueFromContractWithCustomerExcludingAssessedTax,USD,2023-04-25,10-Q,2022-04-01,1725000000,NetIncomeLoss,USD,2023-04-25,10-Q,2022-04-01,84350000000,Assets,USD,2023-04-25,10-Q,2022-12-31,-274000000,NetCashProvidedByUsedInFinancingActivities,USD,2023-04-25,10-Q,2022-04-01,-503000000,NetCashProvidedByUsedInInvestingActivities,USD,2023-04-25,10-Q,2022-04-01,1968000000,NetCashProvidedByUsedInOperatingActivities,USD,2023-04-25,10-Q,2022-04-01,through_ocf,True,,,0.224376,0.255983,10.971644,-0.03564,-0.065427
2023Q2,2023-05-03,DIN,49754,"Dine Brands Global, Inc.",$100M-$500M,,230423000,Revenues,USD,2023-05-03,10-Q,2022-03-31,24850000,NetIncomeLoss,USD,2023-05-03,10-Q,2022-03-31,1881491000,Assets,USD,2023-05-03,10-Q,2022-12-31,-60970000,NetCashProvidedByUsedInFinancingActivities,USD,2023-05-03,10-Q,2022-03-31,1713000,NetCashProvidedByUsedInInvestingActivities,USD,2023-05-03,10-Q,2022-03-31,-7790000,NetCashProvidedByUsedInOperatingActivities,USD,2023-05-03,10-Q,2022-03-31,through_ocf,True,,,0.107845,-0.033807,8.165378,-0.2646,0.007434
2023Q2,2023-05-09,DIOD,29002,DIODES INCORPORATED,$100M-$500M,,482123000,RevenueFromContractWithCustomerExcludingAssessedTax,USD,2023-05-09,10-Q,2022-03-31,72691000,NetIncomeLoss,USD,2023-05-09,10-Q,2022-03-31,2165462000,Assets,USD,2023-05-09,10-Q,2022-03-31,-75859000,NetCashProvidedByUsedInFinancingActivities,USD,2023-05-09,10-Q,2022-03-31,-54886000,NetCashProvidedByUsedInInvestingActivities,USD,2023-05-09,10-Q,2022-03-31,72317000,NetCashProvidedByUsedInOperatingActivities,USD,2023-05-09,10-Q,2022-03-31,through_ocf,True,,,0.150773,0.149997,4.491514,-0.157344,-0.113842
2023Q2,2023-04-05,DK,1694426,"DELEK US HOLDINGS, INC.",$2B-$10B,,7301800000,RevenueFromContractWithCustomerExcludingAssessedTax,USD,2023-03-01,10-K,2020-12-31,-611400000,NetIncomeLoss,USD,2023-03-01,10-K,2020-12-31,6812600000,Assets,USD,2023-03-01,10-K,2021-12-31,306400000,NetCashProvidedByUsedInFinancingActivities,USD,2023-03-01,10-K,2020-12-31,-191300000,NetCashProvidedByUsedInInvestingActivities,USD,2023-03-01,10-K,2020-12-31,-282900000,NetCashProvidedByUsedInOperatingActivities,USD,2023-03-01,10-K,2020-12-31,through_ocf,True,,,-0.083733,-0.038744,0.933003,0.041962,-0.026199
2023Q2,2023-04-27,DLR,1297996,"DIGITAL REALTY TRUST, INC.",$2B-$10B,,3903609000,Revenues,USD,2023-02-27,10-K,2020-12-31,356398000,NetIncomeLoss,USD,2023-02-27,10-K,2020-12-31,36369560000,Assets,USD,2023-02-27,10-K,2021-12-31,935689000,NetCashProvidedByUsedInFinancingActivities,USD,2023-02-27,10-K,2020-12-31,-2599347000,NetCashProvidedByUsedInInvestingActivities,USD,2023-02-27,10-K,2020-12-31,1706541000,NetCashProvidedByUsedInOperatingActivities,USD,2023-02-27,10-K,2020-12-31,through_ocf,True,,,0.0913,0.43717,9.316906,0.239698,-0.665883
2023Q2,2023-05-25,DLTR,935703,"DOLLAR TREE, INC.",$2B-$10B,,6902600000,Revenues,USD,2023-05-25,10-Q,2022-04-30,536400000,NetIncomeLoss,USD,2023-05-25,10-Q,2022-04-30,22372300000,Assets,USD,2023-05-25,10-Q,2022-04-30,-49100000,NetCashProvidedByUsedInFinancingActivities,USD,2023-05-25,10-Q,2022-04-30,-256300000,NetCashProvidedByUsedInInvestingActivities,USD,2023-05-25,10-Q,2022-04-30,538500000,NetCashProvidedByUsedInOperatingActivities,USD,2023-05-25,10-Q,2022-04-30,through_ocf,True,,,0.07771,0.078014,3.241141,-0.007113,-0.037131
2023Q2,2023-05-04,DLX,27996,DELUXE CORPORATION,$1B-$2B,,1790781000,Revenues,USD,2023-02-24,10-K,2020-12-31,5244000,NetIncomeLoss,USD,2023-02-24,10-K,2020-12-31,3074384000,Assets,USD,2023-02-24,10-K,2021-12-31,-110555000,NetCashProvidedByUsedInFinancingActivities,USD,2023-02-24,10-K,2020-12-31,-56093000,NetCashProvidedByUsedInInvestingActivities,USD,2023-02-24,10-K,2020-12-31,217553000,NetCashProvidedByUsedInOperatingActivities,USD,2023-02-24,10-K,2020-12-31,through_ocf,True,,,0.002928,0.121485,1.716784,-0.061736,-0.031323
2023Q2,2023-05-04,DNOW,1599617,DNOW INC.,$100M-$500M,,473000000,RevenueFromContractWithCustomerExcludingAssessedTax,USD,2023-05-04,10-Q,2022-03-31,30000000,NetIncomeLoss,USD,2023-05-04,10-Q,2022-03-31,1320000000,Assets,USD,2023-05-04,10-Q,2022-12-31,-1000000,NetCashProvidedByUsedInFinancingActivities,USD,2023-05-04,10-Q,2022-03-31,2000000,NetCashProvidedByUsedInInvestingActivities,USD,2023-05-04,10-Q,2022-03-31,-22000000,NetCashProvidedByUsedInOperatingActivities,USD,2023-05-04,10-Q,2022-03-31,through_ocf,True,,,0.063425,-0.046512,2.790698,-0.002114,0.004228
2023Q2,2023-05-11,DNUT,1857154,"Krispy Kreme, Inc.",$100M-$500M,,372532000,RevenueFromContractWithCustomerExcludingAssessedTax,USD,2023-05-11,10-Q,2022-04-03,4002000,NetIncomeLoss,USD,2023-05-11,10-Q,2022-04-03,3148537000,Assets,USD,2023-05-11,10-Q,2023-01-01,-6627000,NetCashProvidedByUsedInFinancingActivities,USD,2023-05-11,10-Q,2022-04-03,-26437000,NetCashProvidedByUsedInInvestingActivities,USD,2023-05-11,10-Q,2022-04-03,28391000,NetCashProvidedByUsedInOperatingActivities,USD,2023-05-11,10-Q,2022-04-03,through_ocf,True,,,0.010743,0.076211,8.451722,-0.017789,-0.070966
2023Q2,2023-04-27,DOC,765880,"Healthpeak Properties, Inc.",$1B-$2B,,1644875000,Revenues,USD,2023-02-08,10-K,2020-12-31,413563000,NetIncomeLoss,USD,2023-02-08,10-K,2020-12-31,15257519000,Assets,USD,2023-02-08,10-K,2021-12-31,246450000,NetCashProvidedByUsedInFinancingActivities,USD,2023-02-08,10-K,2020-12-31,-1007700000,NetCashProvidedByUsedInInvestingActivities,USD,2023-02-08,10-K,2020-12-31,758431000,NetCashProvidedByUsedInOperatingActivities,USD,2023-02-08,10-K,2020-12-31,through_ocf,True,,,0.251425,0.461087,9.275792,0.149829,-0.61263
2023Q2,2023-05-09,DOCN,1582961,"DigitalOcean Holdings, Inc.",$100M-$500M,,127327000,RevenueFromContractWithCustomerExcludingAssessedTax,USD,2023-05-09,10-Q,2022-03-31,-18568000,NetIncomeLoss,USD,2023-05-09,10-Q,2022-03-31,1815908000,Assets,USD,2023-05-09,10-Q,2022-12-31,-157879000,NetCashProvidedByUsedInFinancingActivities,USD,2023-05-09,10-Q,2022-03-31,-1121024000,NetCashProvidedByUsedInInvestingActivities,USD,2023-05-09,10-Q,2022-03-31,30401000,NetCashProvidedByUsedInOperatingActivities,USD,2023-05-09,10-Q,2022-03-31,through_ocf,True,,,-0.145829,0.238763,14.261767,-1.239949,-8.804291
2023Q2,2023-06-08,DOCU,1261333,"DOCUSIGN, INC.",$500M-$1B,,588692000,RevenueFromContractWithCustomerExcludingAssessedTax,USD,2023-06-08,10-Q,2022-04-30,-27373000,NetIncomeLoss,USD,2023-06-08,10-Q,2022-04-30,3012720000,Assets,USD,2023-06-08,10-Q,2023-01-31,1350000,NetCashProvidedByUsedInFinancingActivities,USD,2023-06-08,10-Q,2022-04-30,-62514000,NetCashProvidedByUsedInInvestingActivities,USD,2023-06-08,10-Q,2022-04-30,196286000,NetCashProvidedByUsedInOperatingActivities,USD,2023-06-08,10-Q,2022-04-30,through_ocf,True,,,-0.046498,0.333427,5.117651,0.002293,-0.106191
2023Q2,2023-04-26,DOV,29905,DOVER Corp,$2B-$10B,,2051901000,RevenueFromContractWithCustomerExcludingAssessedTax,USD,2023-04-26,10-Q,2022-03-31,226153000,NetIncomeLoss,USD,2023-04-26,10-Q,2022-03-31,10896519000,Assets,USD,2023-04-26,10-Q,2022-12-31,-75204000,NetCashProvidedByUsedInFinancingActivities,USD,2023-04-26,10-Q,2022-03-31,-46963000,NetCashProvidedByUsedInInvestingActivities,USD,2023-04-26,10-Q,2022-03-31,23683000,NetCashProvidedByUsedInOperatingActivities,USD,2023-04-26,10-Q,2022-03-31,through_ocf,True,,,0.110216,0.011542,5.310451,-0.036651,-0.022888
2023Q2,2023-04-27,DPZ,1286681,"Domino’s Pizza, Inc.",$1B-$2B,,1011149000,Revenues,USD,2023-04-27,10-Q,2022-03-27,90964000,NetIncomeLoss,USD,2023-04-27,10-Q,2022-03-27,1602221000,Assets,USD,2023-04-27,10-Q,2023-01-01,-62096000,NetCashProvidedByUsedInFinancingActivities,USD,2023-04-27,10-Q,2022-03-27,-20636000,NetCashProvidedByUsedInInvestingActivities,USD,2023-04-27,10-Q,2022-03-27,78789000,NetCashProvidedByUsedInOperatingActivities,USD,2023-04-27,10-Q,2022-03-27,through_ocf,True,,,0.089961,0.07792,1.584555,-0.061411,-0.020408
2023Q2,2023-05-04,DRH,1298946,DiamondRock Hospitality Co,$100M-$500M,,299488000,RevenueFromContractWithCustomerExcludingAssessedTax,USD,2023-02-24,10-K,2020-12-31,-394375000,NetIncomeLoss,USD,2023-02-24,10-K,2020-12-31,2965306000,Assets,USD,2023-02-24,10-K,2021-12-31,117713000,NetCashProvidedByUsedInFinancingActivities,USD,2023-02-24,10-K,2020-12-31,-78973000,NetCashProvidedByUsedInInvestingActivities,USD,2023-02-24,10-K,2020-12-31,-83686000,NetCashProvidedByUsedInOperatingActivities,USD,2023-02-24,10-K,2020-12-31,through_ocf,True,,,-1.316831,-0.27943,9.901251,0.393047,-0.263693
2023Q2,2023-06-22,DRI,940944,"DARDEN RESTAURANTS, INC.",$2B-$10B,,7027100000,RevenueFromContractWithCustomerExcludingAssessedTax,USD,2023-04-04,10-Q,2022-02-27,671100000,NetIncomeLoss,USD,2023-04-04,10-Q,2022-02-27,10135800000,Assets,USD,2023-04-04,10-Q,2022-05-29,-1235400000,NetCashProvidedByUsedInFinancingActivities,USD,2023-04-04,10-Q,2022-02-27,-280900000,NetCashProvidedByUsedInInvestingActivities,USD,2023-04-04,10-Q,2022-02-27,,,,,,,through_ocf,False,,operating_cash_flow,0.095502,,1.442387,-0.175805,-0.039974
2023Q2,2023-05-03,DRS,1833756,"Leonardo DRS, Inc.",$2B-$10B,,2778000000,RevenueFromContractWithCustomerExcludingAssessedTax,USD,2023-03-28,10-K,2020-12-31,85000000,NetIncomeLoss,USD,2023-03-28,10-K,2020-12-31,3069000000,Assets,USD,2023-03-28,10-K,2021-12-31,-80000000,NetCashProvidedByUsedInFinancingActivities,USD,2023-03-28,10-K,2020-12-31,-70000000,NetCashProvidedByUsedInInvestingActivities,USD,2023-03-28,10-K,2020-12-31,125000000,NetCashProvidedByUsedInOperatingActivities,USD,2023-03-28,10-K,2020-12-31,through_ocf,True,,,0.030598,0.044996,1.104752,-0.028798,-0.025198
2023Q2,2023-05-03,DRVN,1804745,Driven Brands Holdings Inc.,$500M-$1B,,904200000,Revenues,USD,2023-03-01,10-K,2020-12-26,-4199000,NetIncomeLoss,USD,2023-03-01,10-K,2020-12-26,5857369000,Assets,USD,2023-03-01,10-K,2021-12-25,118643000,NetCashProvidedByUsedInFinancingActivities,USD,2023-03-01,10-K,2020-12-26,-57316000,NetCashProvidedByUsedInInvestingActivities,USD,2023-03-01,10-K,2020-12-26,83986000,NetCashProvidedByUsedInOperatingActivities,USD,2023-03-01,10-K,2020-12-26,through_ocf,True,,,-0.004644,0.092884,6.477957,0.131213,-0.063389
2023Q2,2023-05-04,DSGR,703604,"DISTRIBUTION SOLUTIONS GROUP, INC.",$500M-$1B,,520290000,RevenueFromContractWithCustomerExcludingAssessedTax,USD,2023-03-14,10-K,2021-12-31,-5052000,NetIncomeLoss,USD,2023-03-14,10-K,2021-12-31,491360000,Assets,USD,2023-03-14,10-K,2021-12-31,34668000,NetCashProvidedByUsedInFinancingActivities,USD,2023-03-14,10-K,2021-12-31,-41376000,NetCashProvidedByUsedInInvestingActivities,USD,2023-03-14,10-K,2021-12-31,10320000,NetCashProvidedByUsedInOperatingActivities,USD,2023-03-14,10-K,2021-12-31,through_ocf,True,,,-0.00971,0.019835,0.944396,0.066632,-0.079525
2023Q2,2023-04-27,DTE,936340,DTE Energy Co,$2B-$10B,,3236000000,Revenues,USD,2018-04-25,10-Q,2017-03-31,394000000,NetIncomeLoss,USD,2023-04-27,10-Q,2022-03-31,42683000000,Assets,USD,2023-04-27,10-Q,2022-12-31,95000000,NetCashProvidedByUsedInFinancingActivities,USD,2023-04-27,10-Q,2022-03-31,-782000000,NetCashProvidedByUsedInInvestingActivities,USD,2023-04-27,10-Q,2022-03-31,808000000,NetCashProvidedByUsedInOperatingActivities,USD,2023-04-27,10-Q,2022-03-31,through_ocf,True,,,0.121755,0.249691,13.190049,0.029357,-0.241656
2023Q2,2023-05-09,DUK,1326160,DUKE ENERGY CORPORATION,$2B-$10B,,5928000000,RevenueFromContractWithCustomerExcludingAssessedTax,USD,2018-05-10,10-Q,2018-03-31,857000000,NetIncomeLoss,USD,2023-05-09,10-Q,2022-03-31,178086000000,Assets,USD,2023-05-09,10-Q,2022-12-31,1404000000,NetCashProvidedByUsedInFinancingActivities,USD,2023-05-09,10-Q,2022-03-31,-2699000000,NetCashProvidedByUsedInInvestingActivities,USD,2023-05-09,10-Q,2022-03-31,1795000000,NetCashProvidedByUsedInOperatingActivities,USD,2023-05-09,10-Q,2022-03-31,through_ocf,True,,,0.144568,0.3028,30.041498,0.236842,-0.455297
2023Q2,2023-05-09,DUOL,1562088,"Duolingo, Inc.",$100M-$500M,,161696000,RevenueFromContractWithCustomerExcludingAssessedTax,USD,2023-03-01,10-K,2020-12-31,-15776000,NetIncomeLoss,USD,2023-03-01,10-K,2020-12-31,661311000,Assets,USD,2023-03-01,10-K,2021-12-31,46953000,NetCashProvidedByUsedInFinancingActivities,USD,2023-03-01,10-K,2020-12-31,-4014000,NetCashProvidedByUsedInInvestingActivities,USD,2023-03-01,10-K,2020-12-31,17708000,NetCashProvidedByUsedInOperatingActivities,USD,2023-03-01,10-K,2020-12-31,through_ocf,True,,,-0.097566,0.109514,4.089841,0.290378,-0.024824
2023Q2,2023-05-08,DVA,927066,DAVITA INC.,$2B-$10B,,2817555000,Revenues,USD,2023-05-08,10-Q,2022-03-31,162122000,NetIncomeLoss,USD,2023-05-08,10-Q,2022-03-31,16928252000,Assets,USD,2023-05-08,10-Q,2022-12-31,-341571000,NetCashProvidedByUsedInFinancingActivities,USD,2023-05-08,10-Q,2022-03-31,-118366000,NetCashProvidedByUsedInInvestingActivities,USD,2023-05-08,10-Q,2022-03-31,322195000,NetCashProvidedByUsedInOperatingActivities,USD,2023-05-08,10-Q,2022-03-31,through_ocf,True,,,0.05754,0.114353,6.008135,-0.12123,-0.04201
2023Q2,2023-05-08,DVN,1090012,DEVON ENERGY CORP/DE,$2B-$10B,,4828000000,Revenues,USD,2023-02-15,10-K,2020-12-31,-2680000000,NetIncomeLoss,USD,2023-02-15,10-K,2020-12-31,21025000000,Assets,USD,2023-02-15,10-K,2021-12-31,-2143000000,NetCashProvidedByUsedInFinancingActivities,USD,2022-11-02,10-Q,2021-09-30,-1056000000,NetCashProvidedByUsedInInvestingActivities,USD,2022-11-02,10-Q,2021-09-30,3283000000,NetCashProvidedByUsedInOperatingActivities,USD,2022-11-02,10-Q,2021-09-30,through_ocf,True,,,-0.555095,0.679992,4.354805,-0.443869,-0.218724
2023Q2,2023-05-25,DXLG,813298,"DESTINATION XL GROUP, INC.",$100M-$500M,,127655000,RevenueFromContractWithCustomerExcludingAssessedTax,USD,2023-05-25,10-Q,2022-04-30,13388000,NetIncomeLoss,USD,2023-05-25,10-Q,2022-04-30,350598000,Assets,USD,2023-05-25,10-Q,2023-01-28,-5239000,NetCashProvidedByUsedInFinancingActivities,USD,2023-05-25,10-Q,2022-04-30,-1184000,NetCashProvidedByUsedInInvestingActivities,USD,2023-05-25,10-Q,2022-04-30,-1543000,NetCashProvidedByUsedInOperatingActivities,USD,2023-05-25,10-Q,2022-04-30,through_ocf,True,,,0.104876,-0.012087,2.746449,-0.04104,-0.009275
2023Q2,2023-04-17,DXPE,1020710,"DXP Enterprises, Inc.",$1B-$2B,,1005266000,RevenueFromContractWithCustomerExcludingAssessedTax,USD,2023-04-17,10-K,2020-12-31,-29269000,NetIncomeLoss,USD,2023-04-17,10-K,2020-12-31,894227000,Assets,USD,2023-04-17,10-K,2021-12-31,77406000,NetCashProvidedByUsedInFinancingActivities,USD,2023-04-17,10-K,2020-12-31,-121796000,NetCashProvidedByUsedInInvestingActivities,USD,2023-04-17,10-K,2020-12-31,109650000,NetCashProvidedByUsedInOperatingActivities,USD,2023-04-17,10-K,2020-12-31,through_ocf,True,,,-0.029116,0.109076,0.889543,0.077001,-0.121158
2023Q2,2023-05-24,DY,67215,"DYCOM INDUSTRIES, INC.",$2B-$10B,,3199165000,RevenueFromContractWithCustomerExcludingAssessedTax,USD,2023-03-03,10-K,2021-01-30,34337000,NetIncomeLoss,USD,2023-03-03,10-K,2021-01-30,2118224000,Assets,USD,2023-03-03,10-K,2022-01-29,-383444000,NetCashProvidedByUsedInFinancingActivities,USD,2023-03-03,10-K,2021-01-30,-44628000,NetCashProvidedByUsedInInvestingActivities,USD,2023-03-03,10-K,2021-01-30,381777000,NetCashProvidedByUsedInOperatingActivities,USD,2023-03-03,10-K,2021-01-30,through_ocf,True,,,0.010733,0.119336,0.662118,-0.119858,-0.01395
2023Q2,2023-05-09,EA,712515,ELECTRONIC ARTS INC.,$2B-$10B,,5166000000,Revenues,USD,2023-02-07,10-Q,2021-12-31,564000000,NetIncomeLoss,USD,2023-02-07,10-Q,2021-12-31,13800000000,Assets,USD,2023-02-07,10-Q,2022-03-31,-1269000000,NetCashProvidedByUsedInFinancingActivities,USD,2023-02-07,10-Q,2021-12-31,-2771000000,NetCashProvidedByUsedInInvestingActivities,USD,2023-02-07,10-Q,2021-12-31,1455000000,NetCashProvidedByUsedInOperatingActivities,USD,2023-02-07,10-Q,2021-12-31,through_ocf,True,,,0.109175,0.281649,2.671312,-0.245645,-0.536392
2023Q2,2023-04-26,EBAY,1065088,eBay Inc.,$2B-$10B,,8894000000,RevenueFromContractWithCustomerExcludingAssessedTax,USD,2023-02-23,10-K,2020-12-31,5667000000,NetIncomeLoss,USD,2023-02-23,10-K,2020-12-31,26626000000,Assets,USD,2023-02-23,10-K,2021-12-31,-5692000000,NetCashProvidedByUsedInFinancingActivities,USD,2023-02-23,10-K,2020-12-31,3794000000,NetCashProvidedByUsedInInvestingActivities,USD,2023-02-23,10-K,2020-12-31,2419000000,NetCashProvidedByUsedInOperatingActivities,USD,2023-02-23,10-K,2020-12-31,through_ocf,True,,,0.637171,0.271981,2.993704,-0.639982,0.42658
2023Q2,2023-04-25,EBF,33002,"ENNIS, INC.",$100M-$500M,,300349000,RevenueFromContractWithCustomerExcludingAssessedTax,USD,2023-01-11,10-Q,2021-11-30,22327000,NetIncomeLoss,USD,2023-01-11,10-Q,2021-11-30,368844000,Assets,USD,2023-01-11,10-Q,2022-02-28,-20858000,NetCashProvidedByUsedInFinancingActivities,USD,2023-01-11,10-Q,2021-11-30,-7658000,NetCashProvidedByUsedInInvestingActivities,USD,2023-01-11,10-Q,2021-11-30,34295000,NetCashProvidedByUsedInOperatingActivities,USD,2023-01-11,10-Q,2021-11-30,through_ocf,True,,,0.074337,0.114184,1.228051,-0.069446,-0.025497
2023Q2,2023-05-09,EBS,1367644,EMERGENT BIOSOLUTIONS INC.,$1B-$2B,,1555400000,Revenues,USD,2023-03-01,10-K,2020-12-31,305100000,NetIncomeLoss,USD,2023-03-01,10-K,2020-12-31,2959000000,Assets,USD,2023-03-01,10-K,2021-12-31,69500000,NetCashProvidedByUsedInFinancingActivities,USD,2023-03-01,10-K,2020-12-31,-151000000,NetCashProvidedByUsedInInvestingActivities,USD,2023-03-01,10-K,2020-12-31,536000000,NetCashProvidedByUsedInOperatingActivities,USD,2023-03-01,10-K,2020-12-31,through_ocf,True,,,0.196155,0.344606,1.902405,0.044683,-0.097081
2023Q2,2023-04-05,ECL,31462,ECOLAB INC.,>$10B,,11790200000,RevenueFromContractWithCustomerExcludingAssessedTax,USD,2023-02-24,10-K,2020-12-31,-1185500000,ProfitLoss,USD,2023-02-24,10-K,2020-12-31,21206400000,Assets,USD,2023-02-24,10-K,2021-12-31,-341800000,NetCashProvidedByUsedInFinancingActivities,USD,2023-02-24,10-K,2020-12-31,-414500000,NetCashProvidedByUsedInInvestingActivities,USD,2023-02-24,10-K,2020-12-31,1860200000,NetCashProvidedByUsedInOperatingActivities,USD,2023-02-24,10-K,2020-12-31,through_ocf,True,,,-0.10055,0.157775,1.798646,-0.02899,-0.035156
2023Q2,2023-05-03,ECPG,1084961,"ENCORE CAPITAL GROUP, INC.",$100M-$500M,,499682000,Revenues,USD,2023-05-03,10-Q,2022-03-31,175749000,NetIncomeLoss,USD,2023-05-03,10-Q,2022-03-31,4508360000,Assets,USD,2023-05-03,10-Q,2022-12-31,-118016000,NetCashProvidedByUsedInFinancingActivities,USD,2023-05-03,10-Q,2022-03-31,37228000,NetCashProvidedByUsedInInvestingActivities,USD,2023-05-03,10-Q,2022-03-31,54530000,NetCashProvidedByUsedInOperatingActivities,USD,2023-05-03,10-Q,2022-03-31,through_ocf,True,,,0.351722,0.109129,9.022458,-0.236182,0.074503
2023Q2,2023-05-04,ECVT,1708035,Ecovyst Inc.,$100M-$500M,,495920000,RevenueFromContractWithCustomerExcludingAssessedTax,USD,2023-02-28,10-K,2020-12-31,-278771000,NetIncomeLoss,USD,2023-02-28,10-K,2020-12-31,1931219000,Assets,USD,2023-02-28,10-K,2021-12-31,-722820000,NetCashProvidedByUsedInFinancingActivities,USD,2023-02-28,10-K,2020-12-31,551472000,NetCashProvidedByUsedInInvestingActivities,USD,2023-02-28,10-K,2020-12-31,223598000,NetCashProvidedByUsedInOperatingActivities,USD,2023-02-28,10-K,2020-12-31,through_ocf,True,,,-0.562129,0.450875,3.894215,-1.457533,1.112018
2023Q2,2023-05-04,ED,1047862,"Consolidated Edison, Inc.",$2B-$10B,,4060000000,Revenues,USD,2023-05-04,10-Q,2022-03-31,602000000,NetIncomeLoss,USD,2023-05-04,10-Q,2022-03-31,69065000000,Assets,USD,2023-05-04,10-Q,2022-12-31,-470000000,NetCashProvidedByUsedInFinancingActivities,USD,2023-05-04,10-Q,2022-03-31,-952000000,NetCashProvidedByUsedInInvestingActivities,USD,2023-05-04,10-Q,2022-03-31,473000000,NetCashProvidedByUsedInOperatingActivities,USD,2023-05-04,10-Q,2022-03-31,through_ocf,True,,,0.148276,0.116502,17.011084,-0.115764,-0.234483
2023Q2,2023-05-10,EE,0001888447,"Excelerate Energy, Inc.",$100M-$500M,,430843000,Revenues,USD,2023-03-29,10-K,2020-12-31,38023000,ProfitLoss,USD,2022-11-14,10-Q,2021-03-31,2500736000,Assets,USD,2023-03-29,10-K,2021-12-31,-31438000,NetCashProvidedByUsedInFinancingActivities,USD,2023-03-29,10-K,2020-12-31,-41258000,NetCashProvidedByUsedInInvestingActivities,USD,2023-03-29,10-K,2020-12-31,108964000,NetCashProvidedByUsedInOperatingActivities,USD,2023-03-29,10-K,2020-12-31,through_ocf,True,,,0.088253,0.252909,5.804286,-0.072969,-0.095761
2023Q2,2023-05-03,EEFT,1029199,"Euronet Worldwide, Inc.",$2B-$10B,,2482700000,Revenues,USD,2023-02-22,10-K,2020-12-31,-3399000,NetIncomeLoss,USD,2023-02-22,10-K,2020-12-31,4926711000,Assets,USD,2023-02-22,10-K,2020-12-31,35398000,NetCashProvidedByUsedInFinancingActivities,USD,2023-02-22,10-K,2020-12-31,-105531000,NetCashProvidedByUsedInInvestingActivities,USD,2023-02-22,10-K,2020-12-31,253505000,NetCashProvidedByUsedInOperatingActivities,USD,2023-02-22,10-K,2020-12-31,through_ocf,True,,,-0.001369,0.102109,1.984417,0.014258,-0.042507
2023Q2,2023-05-03,EEX,1579214,"Emerald Holding, Inc.",$100M-$500M,,127400000,RevenueFromContractWithCustomerExcludingAssessedTax,USD,2023-03-15,10-K,2020-12-31,-633600000,ProfitLoss,USD,2023-03-15,10-K,2020-12-31,1062400000,Assets,USD,2023-03-15,10-K,2021-12-31,360100000,NetCashProvidedByUsedInFinancingActivities,USD,2023-03-15,10-K,2020-12-31,-37300000,NetCashProvidedByUsedInInvestingActivities,USD,2023-03-15,10-K,2020-12-31,-37100000,NetCashProvidedByUsedInOperatingActivities,USD,2023-03-15,10-K,2020-12-31,through_ocf,True,,,-4.973312,-0.291209,8.339089,2.826531,-0.292779
2023Q2,2023-04-19,EFX,33185,EQUIFAX INC.,$2B-$10B,,4127500000,RevenueFromContractWithCustomerExcludingAssessedTax,USD,2023-02-23,10-K,2020-12-31,520100000,NetIncomeLoss,USD,2023-02-23,10-K,2020-12-31,11040900000,Assets,USD,2023-02-23,10-K,2021-12-31,810800000,NetCashProvidedByUsedInFinancingActivities,USD,2023-02-23,10-K,2020-12-31,-492700000,NetCashProvidedByUsedInInvestingActivities,USD,2023-02-23,10-K,2020-12-31,946200000,NetCashProvidedByUsedInOperatingActivities,USD,2023-02-23,10-K,2020-12-31,through_ocf,True,,,0.126008,0.229243,2.674961,0.196439,-0.11937
2023Q2,2023-05-01,EG,1095073,"Everest Group, Ltd.",$2B-$10B,,9598000000,Revenues,USD,2023-02-24,10-K,2020-12-31,514000000,ProfitLoss,USD,2023-02-24,10-K,2020-12-31,38185000000,Assets,USD,2023-02-24,10-K,2021-12-31,800000000,NetCashProvidedByUsedInFinancingActivities,USD,2023-02-24,10-K,2020-12-31,-3683000000,NetCashProvidedByUsedInInvestingActivities,USD,2023-02-24,10-K,2020-12-31,2874000000,NetCashProvidedByUsedInOperatingActivities,USD,2023-02-24,10-K,2020-12-31,through_ocf,True,,,0.053553,0.299437,3.978433,0.083351,-0.383726
2023Q2,2023-04-04,EHAB,0001803737,"Enhabit, Inc.",$500M-$1B,,830500000,RevenueFromContractWithCustomerExcludingAssessedTax,USD,2022-11-14,10-Q,2021-09-30,81800000,NetIncomeLoss,USD,2022-11-14,10-Q,2021-09-30,1720000000,Assets,USD,2022-11-14,10-Q,2021-12-31,-9100000,NetCashProvidedByUsedInFinancingActivities,USD,2022-11-14,10-Q,2021-09-30,-99700000,NetCashProvidedByUsedInInvestingActivities,USD,2022-11-14,10-Q,2021-09-30,100200000,NetCashProvidedByUsedInOperatingActivities,USD,2022-11-14,10-Q,2021-09-30,through_ocf,True,,,0.098495,0.12065,2.071042,-0.010957,-0.120048
2023Q2,2023-04-27,EIG,1379041,"EMPLOYERS HOLDINGS, INC.",$500M-$1B,,711400000,Revenues,USD,2023-02-24,10-K,2020-12-31,119800000,NetIncomeLoss,USD,2023-02-24,10-K,2020-12-31,3783200000,Assets,USD,2023-02-24,10-K,2021-12-31,-111900000,NetCashProvidedByUsedInFinancingActivities,USD,2023-02-24,10-K,2020-12-31,84300000,NetCashProvidedByUsedInInvestingActivities,USD,2023-02-24,10-K,2020-12-31,33000000,NetCashProvidedByUsedInOperatingActivities,USD,2023-02-24,10-K,2020-12-31,through_ocf,True,,,0.1684,0.046387,5.317965,-0.157295,0.118499
2023Q2,2023-05-02,EIX,827052,EDISON INTERNATIONAL,$2B-$10B,,3968000000,Revenues,USD,2023-05-02,10-Q,2022-03-31,136000000,NetIncomeLoss,USD,2023-05-02,10-Q,2022-03-31,78041000000,Assets,USD,2023-05-02,10-Q,2022-12-31,205000000,NetCashProvidedByUsedInFinancingActivities,USD,2023-05-02,10-Q,2022-03-31,-1157000000,NetCashProvidedByUsedInInvestingActivities,USD,2023-05-02,10-Q,2022-03-31,792000000,NetCashProvidedByUsedInOperatingActivities,USD,2023-05-02,10-Q,2022-03-31,through_ocf,True,,,0.034274,0.199597,19.667591,0.051663,-0.291583
2023Q2,2023-05-12,EMBC,0001872789,EMBECTA CORP.,$500M-$1B,,563800000,RevenueFromContractWithCustomerExcludingAssessedTax,USD,2023-05-12,10-Q,2022-03-31,178400000,NetIncomeLoss,USD,2023-05-12,10-Q,2022-03-31,1086400000,Assets,USD,2023-05-12,10-Q,2022-09-30,-44200000,NetCashProvidedByUsedInFinancingActivities,USD,2023-05-12,10-Q,2022-03-31,-10100000,NetCashProvidedByUsedInInvestingActivities,USD,2023-05-12,10-Q,2022-03-31,321400000,NetCashProvidedByUsedInOperatingActivities,USD,2023-05-12,10-Q,2022-03-31,through_ocf,True,,,0.316424,0.57006,1.926924,-0.078397,-0.017914
2023Q2,2023-04-28,EME,105634,"EMCOR Group, Inc.",$2B-$10B,,2592549000,Revenues,USD,2023-04-27,10-Q,2022-03-31,73386000,NetIncomeLoss,USD,2023-04-27,10-Q,2022-03-31,5524607000,Assets,USD,2023-04-27,10-Q,2022-12-31,-193513000,NetCashProvidedByUsedInFinancingActivities,USD,2023-04-27,10-Q,2022-03-31,-13953000,NetCashProvidedByUsedInInvestingActivities,USD,2023-04-27,10-Q,2022-03-31,-95814000,NetCashProvidedByUsedInOperatingActivities,USD,2023-04-27,10-Q,2022-03-31,through_ocf,True,,,0.028307,-0.036957,2.130956,-0.074642,-0.005382
2023Q2,2023-04-06,EMR,32604,Emerson Electric Co.,$2B-$10B,,3156000000,RevenueFromContractWithCustomerExcludingAssessedTax,USD,2023-02-08,10-Q,2021-12-31,896000000,NetIncomeLoss,USD,2023-02-08,10-Q,2021-12-31,35672000000,Assets,USD,2023-02-08,10-Q,2022-09-30,1601000000,NetCashProvidedByUsedInFinancingActivities,USD,2023-02-08,10-Q,2021-12-31,285000000,NetCashProvidedByUsedInInvestingActivities,USD,2023-02-08,10-Q,2021-12-31,523000000,NetCashProvidedByUsedInOperatingActivities,USD,2023-02-08,10-Q,2021-12-31,through_ocf,True,,,0.283904,0.165716,11.302915,0.507288,0.090304
2023Q2,2023-05-04,ENOV,1420800,ENOVIS CORPORATION,$100M-$500M,,375457000,RevenueFromContractWithCustomerExcludingAssessedTax,USD,2023-05-04,10-Q,2022-04-01,15068000,NetIncomeLoss,USD,2023-05-04,10-Q,2022-04-01,4273248000,Assets,USD,2023-05-04,10-Q,2022-12-31,-10819000,NetCashProvidedByUsedInFinancingActivities,USD,2023-05-04,10-Q,2022-04-01,-35166000,NetCashProvidedByUsedInInvestingActivities,USD,2023-05-04,10-Q,2022-04-01,-14423000,NetCashProvidedByUsedInOperatingActivities,USD,2023-05-04,10-Q,2022-04-01,through_ocf,True,,,0.040132,-0.038415,11.381458,-0.028816,-0.093662
2023Q2,2023-04-25,ENPH,1463101,"Enphase Energy, Inc.",$100M-$500M,,441292000,RevenueFromContractWithCustomerExcludingAssessedTax,USD,2023-04-25,10-Q,2022-03-31,51821000,NetIncomeLoss,USD,2023-04-25,10-Q,2022-03-31,3084280000,Assets,USD,2023-04-25,10-Q,2022-12-31,-8940000,NetCashProvidedByUsedInFinancingActivities,USD,2023-04-25,10-Q,2022-03-31,39735000,NetCashProvidedByUsedInInvestingActivities,USD,2023-04-25,10-Q,2022-03-31,102443000,NetCashProvidedByUsedInOperatingActivities,USD,2023-04-25,10-Q,2022-03-31,through_ocf,True,,,0.11743,0.232143,6.989204,-0.020259,0.090042
2023Q2,2023-05-08,ENR,1632790,"ENERGIZER HOLDINGS, INC.",$1B-$2B,,1531700000,RevenueFromContractWithCustomerExcludingAssessedTax,USD,2023-05-08,10-Q,2022-03-31,79000000,NetIncomeLoss,USD,2023-05-08,10-Q,2022-03-31,4572100000,Assets,USD,2023-05-08,10-Q,2022-09-30,130200000,NetCashProvidedByUsedInFinancingActivities,USD,2023-05-08,10-Q,2022-03-31,-45400000,NetCashProvidedByUsedInInvestingActivities,USD,2023-05-08,10-Q,2022-03-31,-108700000,NetCashProvidedByUsedInOperatingActivities,USD,2023-05-08,10-Q,2022-03-31,through_ocf,True,,,0.051577,-0.070967,2.984984,0.085004,-0.02964
2023Q2,2023-05-24,ENS,1289308,EnerSys,$100M-$500M,,186052000,Revenues,USD,2020-06-01,10-K,2018-03-31,143374000,NetIncomeLoss,USD,2023-05-24,10-K,2021-03-31,3736646000,Assets,USD,2023-05-24,10-K,2022-03-31,-188724000,NetCashProvidedByUsedInFinancingActivities,USD,2023-05-24,10-K,2021-03-31,-65044000,NetCashProvidedByUsedInInvestingActivities,USD,2023-05-24,10-K,2021-03-31,358375000,NetCashProvidedByUsedInOperatingActivities,USD,2023-05-24,10-K,2021-03-31,through_ocf,True,,,0.770613,1.926209,20.08388,-1.014362,-0.349601
2023Q2,2023-04-26,ENSG,1125376,"Ensign Group, Inc",$500M-$1B,,713445000,RevenueFromContractWithCustomerExcludingAssessedTax,USD,2023-04-26,10-Q,2022-03-31,50340000,NetIncomeLoss,USD,2023-04-26,10-Q,2022-03-31,3452022000,Assets,USD,2023-04-26,10-Q,2022-12-31,-11289000,NetCashProvidedByUsedInFinancingActivities,USD,2023-04-26,10-Q,2022-03-31,-48240000,NetCashProvidedByUsedInInvestingActivities,USD,2023-04-26,10-Q,2022-03-31,45874000,NetCashProvidedByUsedInOperatingActivities,USD,2023-04-26,10-Q,2022-03-31,through_ocf,True,,,0.070559,0.064299,4.838526,-0.015823,-0.067616
2023Q2,2023-05-11,ENTG,1101302,"Entegris, Inc.",$500M-$1B,,649646000,RevenueFromContractWithCustomerExcludingAssessedTax,USD,2023-05-11,10-Q,2022-04-02,125705000,NetIncomeLoss,USD,2023-05-11,10-Q,2022-04-02,10138857000,Assets,USD,2023-05-11,10-Q,2022-12-31,-27595000,NetCashProvidedByUsedInFinancingActivities,USD,2023-05-11,10-Q,2022-04-02,-83282000,NetCashProvidedByUsedInInvestingActivities,USD,2023-05-11,10-Q,2022-04-02,63788000,NetCashProvidedByUsedInOperatingActivities,USD,2023-05-11,10-Q,2022-04-02,through_ocf,True,,,0.193498,0.098189,15.606741,-0.042477,-0.128196
2023Q2,2023-04-25,ENVA,1529864,"Enova International, Inc.",$1B-$2B,,1083710000,Revenues,USD,2023-02-24,10-K,2020-12-31,377844000,NetIncomeLoss,USD,2023-02-24,10-K,2020-12-31,2761483000,Assets,USD,2023-02-24,10-K,2021-12-31,-535974000,NetCashProvidedByUsedInFinancingActivities,USD,2023-02-24,10-K,2020-12-31,83583000,NetCashProvidedByUsedInInvestingActivities,USD,2023-02-24,10-K,2020-12-31,740871000,NetCashProvidedByUsedInOperatingActivities,USD,2023-02-24,10-K,2020-12-31,through_ocf,True,,,0.348658,0.683643,2.548175,-0.494573,0.077127
2023Q2,2023-05-05,EPAM,1352010,"EPAM SYSTEMS, INC.",$1B-$2B,,1171614000,RevenueFromContractWithCustomerExcludingAssessedTax,USD,2023-05-05,10-Q,2022-03-31,89719000,NetIncomeLoss,USD,2023-05-05,10-Q,2022-03-31,4009151000,Assets,USD,2023-05-05,10-Q,2022-12-31,-9604000,NetCashProvidedByUsedInFinancingActivities,USD,2023-05-05,10-Q,2022-03-31,-34563000,NetCashProvidedByUsedInInvestingActivities,USD,2023-05-05,10-Q,2022-03-31,-51848000,NetCashProvidedByUsedInOperatingActivities,USD,2023-05-05,10-Q,2022-03-31,through_ocf,True,,,0.076577,-0.044253,3.421904,-0.008197,-0.0295
2023Q2,2023-05-09,EPC,1096752,EDGEWELL PERSONAL CARE COMPANY,$1B-$2B,,1011000000,Revenues,USD,2023-05-09,10-Q,2022-03-31,11200000,NetIncomeLoss,USD,2023-05-09,10-Q,2021-12-31,3713100000,Assets,USD,2023-05-09,10-Q,2022-09-30,78300000,NetCashProvidedByUsedInFinancingActivities,USD,2023-05-09,10-Q,2022-03-31,-325700000,NetCashProvidedByUsedInInvestingActivities,USD,2023-05-09,10-Q,2022-03-31,-39900000,NetCashProvidedByUsedInOperatingActivities,USD,2023-05-09,10-Q,2022-03-31,through_ocf,True,,,0.011078,-0.039466,3.6727,0.077448,-0.322156
2023Q2,2023-05-09,EPM,1006655,Evolution Petroleum Corp,<$100M,,41218000,RevenueFromContractWithCustomerExcludingAssessedTax,USD,2023-02-08,10-Q,2021-12-31,12051000,NetIncomeLoss,USD,2023-02-08,10-Q,2021-12-31,148047000,Assets,USD,2023-02-08,10-Q,2022-06-30,-5047000,NetCashProvidedByUsedInFinancingActivities,USD,2023-02-08,10-Q,2021-12-31,-526000,NetCashProvidedByUsedInInvestingActivities,USD,2023-02-08,10-Q,2021-12-31,13893000,NetCashProvidedByUsedInOperatingActivities,USD,2023-02-08,10-Q,2021-12-31,through_ocf,True,,,0.292372,0.337061,3.591805,-0.122447,-0.012761
2023Q2,2023-05-03,EQIX,1101239,"EQUINIX, INC.",$2B-$10B,,5998545000,RevenueFromContractWithCustomerExcludingAssessedTax,USD,2023-02-17,10-K,2020-12-31,369777000,NetIncomeLoss,USD,2023-02-17,10-K,2020-12-31,27918698000,Assets,USD,2023-02-17,10-K,2021-12-31,815526000,NetCashProvidedByUsedInFinancingActivities,USD,2023-02-17,10-K,2020-12-31,-3426972000,NetCashProvidedByUsedInInvestingActivities,USD,2023-02-17,10-K,2020-12-31,2309826000,NetCashProvidedByUsedInOperatingActivities,USD,2023-02-17,10-K,2020-12-31,through_ocf,True,,,0.061644,0.385064,4.654245,0.135954,-0.571301
2023Q2,2023-04-25,EQR,906107,EQUITY RESIDENTIAL,$500M-$1B,,662494000,Revenues,USD,2020-05-07,10-Q,2019-03-31,913636000,NetIncomeLoss,USD,2023-02-16,10-K,2020-12-31,21169241000,Assets,USD,2023-02-16,10-K,2021-12-31,-1946393000,NetCashProvidedByUsedInFinancingActivities,USD,2023-02-16,10-K,2020-12-31,663586000,NetCashProvidedByUsedInInvestingActivities,USD,2023-02-16,10-K,2020-12-31,1265536000,NetCashProvidedByUsedInOperatingActivities,USD,2023-02-16,10-K,2020-12-31,through_ocf,True,,,1.379086,1.91026,31.953861,-2.937978,1.001648
2023Q2,2023-04-27,ERIE,922621,ERIE INDEMNITY COMPANY,$500M-$1B,,672110000,RevenueFromContractWithCustomerExcludingAssessedTax,USD,2023-04-27,10-Q,2022-03-31,68619000,NetIncomeLoss,USD,2023-04-27,10-Q,2022-03-31,2239456000,Assets,USD,2023-04-27,10-Q,2022-12-31,-52218000,NetCashProvidedByUsedInFinancingActivities,USD,2023-04-27,10-Q,2022-03-31,-13732000,NetCashProvidedByUsedInInvestingActivities,USD,2023-04-27,10-Q,2022-03-31,23553000,NetCashProvidedByUsedInOperatingActivities,USD,2023-04-27,10-Q,2022-03-31,through_ocf,True,,,0.102095,0.035043,3.331978,-0.077693,-0.020431
2023Q2,2023-05-03,ES,72741,EVERSOURCE                                    ENERGY,$2B-$10B,,8904430000,Revenues,USD,2023-02-15,10-K,2020-12-31,1212686000,NetIncomeLoss,USD,2023-02-15,10-K,2020-12-31,48492144000,Assets,USD,2023-02-15,10-K,2021-12-31,2594590000,NetCashProvidedByUsedInFinancingActivities,USD,2023-02-15,10-K,2020-12-31,-4129275000,NetCashProvidedByUsedInInvestingActivities,USD,2023-02-15,10-K,2020-12-31,1682572000,NetCashProvidedByUsedInOperatingActivities,USD,2023-02-15,10-K,2020-12-31,through_ocf,True,,,0.136189,0.188959,5.445845,0.291382,-0.463733
2023Q2,2023-05-09,ESE,866706,ESCO TECHNOLOGIES INC.,$100M-$500M,,177010000,RevenueFromContractWithCustomerExcludingAssessedTax,USD,2023-02-09,10-Q,2021-12-31,11524000,NetIncomeLoss,USD,2023-02-09,10-Q,2021-12-31,1654456000,Assets,USD,2023-02-09,10-Q,2022-09-30,29187000,NetCashProvidedByUsedInFinancingActivities,USD,2023-02-09,10-Q,2021-12-31,-31683000,NetCashProvidedByUsedInInvestingActivities,USD,2023-02-09,10-Q,2021-12-31,1946000,NetCashProvidedByUsedInOperatingActivities,USD,2023-02-09,10-Q,2021-12-31,through_ocf,True,,,0.065104,0.010994,9.346681,0.164889,-0.17899
2023Q2,2023-04-26,ESRT,1541401,"EMPIRE STATE REALTY TRUST, INC.",$500M-$1B,,609228000,Revenues,USD,2023-02-28,10-K,2020-12-31,-22889000,ProfitLoss,USD,2023-02-28,10-K,2020-12-31,4150695000,Assets,USD,2023-02-28,10-K,2020-12-31,257167000,NetCashProvidedByUsedInFinancingActivities,USD,2023-02-28,10-K,2020-12-31,-143118000,NetCashProvidedByUsedInInvestingActivities,USD,2023-02-28,10-K,2020-12-31,182293000,NetCashProvidedByUsedInOperatingActivities,USD,2023-02-28,10-K,2020-12-31,through_ocf,True,,,-0.03757,0.29922,6.81304,0.422119,-0.234917
2023Q2,2023-04-27,ESS,920522,"ESSEX PROPERTY TRUST, INC.",$1B-$2B,,1495748000,Revenues,USD,2023-02-23,10-K,2020-12-31,599332000,ProfitLoss,USD,2023-02-23,10-K,2020-12-31,12997873000,Assets,USD,2023-02-23,10-K,2021-12-31,-383261000,NetCashProvidedByUsedInFinancingActivities,USD,2023-02-23,10-K,2020-12-31,-416900000,NetCashProvidedByUsedInInvestingActivities,USD,2023-02-23,10-K,2020-12-31,803108000,NetCashProvidedByUsedInOperatingActivities,USD,2023-02-23,10-K,2020-12-31,through_ocf,True,,,0.40069,0.536927,8.689882,-0.256234,-0.278723
2023Q2,2023-05-02,ETN,1551182,EATON CORPORATION plc,$2B-$10B,,4843000000,RevenueFromContractWithCustomerExcludingAssessedTax,USD,2023-05-02,10-Q,2022-03-31,532000000,NetIncomeLoss,USD,2023-05-02,10-Q,2022-03-31,35014000000,Assets,USD,2023-05-02,10-Q,2022-12-31,652000000,NetCashProvidedByUsedInFinancingActivities,USD,2023-05-02,10-Q,2022-03-31,-762000000,NetCashProvidedByUsedInInvestingActivities,USD,2023-05-02,10-Q,2022-03-31,42000000,NetCashProvidedByUsedInOperatingActivities,USD,2023-05-02,10-Q,2022-03-31,through_ocf,True,,,0.109849,0.008672,7.229816,0.134627,-0.15734
2023Q2,2023-04-26,ETR,65984,Entergy Corporation,>$10B,,10113636000,RevenueFromContractWithCustomerExcludingAssessedTax,USD,2023-02-24,10-K,2020-12-31,1388334000,NetIncomeLoss,USD,2023-02-24,10-K,2020-12-31,59454242000,Assets,USD,2023-02-24,10-K,2021-12-31,3415817000,NetCashProvidedByUsedInFinancingActivities,USD,2023-02-24,10-K,2020-12-31,-4772306000,NetCashProvidedByUsedInInvestingActivities,USD,2023-02-24,10-K,2020-12-31,2689866000,NetCashProvidedByUsedInOperatingActivities,USD,2023-02-24,10-K,2020-12-31,through_ocf,True,,,0.137273,0.265964,5.878622,0.337744,-0.471868
2023Q2,2023-05-09,EVCM,1853145,EverCommerce Inc.,$100M-$500M,,337525000,RevenueFromContractWithCustomerExcludingAssessedTax,USD,2023-03-16,10-K,2020-12-31,-59954000,NetIncomeLoss,USD,2023-03-16,10-K,2020-12-31,1663373000,Assets,USD,2023-03-16,10-K,2021-12-31,401850000,NetCashProvidedByUsedInFinancingActivities,USD,2023-03-16,10-K,2020-12-31,-418308000,NetCashProvidedByUsedInInvestingActivities,USD,2023-03-16,10-K,2020-12-31,57539000,NetCashProvidedByUsedInOperatingActivities,USD,2023-03-16,10-K,2020-12-31,through_ocf,True,,,-0.177628,0.170473,4.928148,1.190578,-1.239339
2023Q2,2023-05-08,EVER,1640428,"EverQuote, Inc.",$100M-$500M,,346935000,RevenueFromContractWithCustomerExcludingAssessedTax,USD,2023-02-27,10-K,2020-12-31,-11202000,NetIncomeLoss,USD,2023-02-27,10-K,2020-12-31,143607000,Assets,USD,2023-02-27,10-K,2021-12-31,4907000,NetCashProvidedByUsedInFinancingActivities,USD,2023-02-27,10-K,2020-12-31,-18752000,NetCashProvidedByUsedInInvestingActivities,USD,2023-02-27,10-K,2020-12-31,10668000,NetCashProvidedByUsedInOperatingActivities,USD,2023-02-27,10-K,2020-12-31,through_ocf,True,,,-0.032288,0.030749,0.413931,0.014144,-0.05405
2023Q2,2023-05-03,EVH,1628908,"Evolent Health, Inc.",$100M-$500M,,215071000,Revenues,USD,2023-02-24,10-K,2021-03-31,-334246000,NetIncomeLoss,USD,2023-02-24,10-K,2020-12-31,1419458000,Assets,USD,2023-02-24,10-K,2021-12-31,-11862000,NetCashProvidedByUsedInFinancingActivities,USD,2023-02-24,10-K,2020-12-31,261072000,NetCashProvidedByUsedInInvestingActivities,USD,2023-02-24,10-K,2020-12-31,-16225000,NetCashProvidedByUsedInOperatingActivities,USD,2023-02-24,10-K,2020-12-31,through_ocf,True,,,-1.554119,-0.07544,6.599951,-0.055154,1.213888
2023Q2,2023-05-05,EVRG,1711269,"EVERGY, INC.",$1B-$2B,,1223900000,Revenues,USD,2023-05-05,10-Q,2022-03-31,122500000,NetIncomeLoss,USD,2023-05-05,10-Q,2022-03-31,29489900000,Assets,USD,2023-05-05,10-Q,2022-12-31,262200000,NetCashProvidedByUsedInFinancingActivities,USD,2023-05-05,10-Q,2022-03-31,-531300000,NetCashProvidedByUsedInInvestingActivities,USD,2023-05-05,10-Q,2022-03-31,265100000,NetCashProvidedByUsedInOperatingActivities,USD,2023-05-05,10-Q,2022-03-31,through_ocf,True,,,0.10009,0.216603,24.095024,0.214233,-0.434104
2023Q2,2023-04-26,EVTC,1559865,"EVERTEC, Inc.",$500M-$1B,,510588000,RevenueFromContractWithCustomerExcludingAssessedTax,USD,2023-02-24,10-K,2020-12-31,104436000,NetIncomeLoss,USD,2023-02-24,10-K,2020-12-31,1144756000,Assets,USD,2023-02-24,10-K,2021-12-31,-62617000,NetCashProvidedByUsedInFinancingActivities,USD,2023-02-24,10-K,2020-12-31,-48634000,NetCashProvidedByUsedInInvestingActivities,USD,2023-02-24,10-K,2020-12-31,199089000,NetCashProvidedByUsedInOperatingActivities,USD,2023-02-24,10-K,2020-12-31,through_ocf,True,,,0.204541,0.389921,2.242035,-0.122637,-0.095251
2023Q2,2023-04-26,EW,1099800,EDWARDS LIFESCIENCES CORPORATION,$2B-$10B,,4386300000,RevenueFromContractWithCustomerExcludingAssessedTax,USD,2023-02-13,10-K,2020-12-31,105200000,ProfitLoss,USD,2011-08-08,10-Q,2010-06-30,8502600000,Assets,USD,2023-02-13,10-K,2021-12-31,-486900000,NetCashProvidedByUsedInFinancingActivities,USD,2023-02-13,10-K,2020-12-31,-531100000,NetCashProvidedByUsedInInvestingActivities,USD,2023-02-13,10-K,2020-12-31,1054300000,NetCashProvidedByUsedInOperatingActivities,USD,2023-02-13,10-K,2020-12-31,through_ocf,True,,,0.023984,0.240362,1.938445,-0.111005,-0.121082
2023Q2,2023-05-09,EXAS,1124140,EXACT SCIENCES CORP,$100M-$500M,,486571000,RevenueFromContractWithCustomerExcludingAssessedTax,USD,2023-05-09,10-Q,2022-03-31,-180937000,NetIncomeLoss,USD,2023-05-09,10-Q,2022-03-31,6226873000,Assets,USD,2023-05-09,10-Q,2022-12-31,2735000,NetCashProvidedByUsedInFinancingActivities,USD,2023-05-09,10-Q,2022-03-31,45561000,NetCashProvidedByUsedInInvestingActivities,USD,2023-05-09,10-Q,2022-03-31,-173754000,NetCashProvidedByUsedInOperatingActivities,USD,2023-05-09,10-Q,2022-03-31,through_ocf,True,,,-0.371861,-0.357099,12.79746,0.005621,0.093637
2023Q2,2023-05-03,EXC,1109357,EXELON CORPORATION,$2B-$10B,,5327000000,Revenues,USD,2023-05-03,10-Q,2022-03-31,598000000,ProfitLoss,USD,2023-05-03,10-Q,2022-03-31,95349000000,Assets,USD,2023-05-03,10-Q,2022-12-31,1416000000,NetCashProvidedByUsedInFinancingActivities,USD,2023-05-03,10-Q,2022-03-31,-1819000000,NetCashProvidedByUsedInInvestingActivities,USD,2023-05-03,10-Q,2022-03-31,1782000000,NetCashProvidedByUsedInOperatingActivities,USD,2023-05-03,10-Q,2022-03-31,through_ocf,True,,,0.112258,0.334522,17.899193,0.265816,-0.341468
2023Q2,2023-05-02,EXE,895126,EXPAND ENERGY CORPORATION,$500M-$1B,,935000000,Revenues,USD,2023-05-02,10-Q,2022-03-31,-764000000,NetIncomeLoss,USD,2023-05-02,10-Q,2022-03-31,15468000000,Assets,USD,2023-05-02,10-Q,2022-12-31,208000000,NetCashProvidedByUsedInFinancingActivities,USD,2023-05-02,10-Q,2022-03-31,-1947000000,NetCashProvidedByUsedInInvestingActivities,USD,2023-05-02,10-Q,2022-03-31,853000000,NetCashProvidedByUsedInOperatingActivities,USD,2023-05-02,10-Q,2022-03-31,through_ocf,True,,,-0.817112,0.912299,16.543316,0.22246,-2.082353
2023Q2,2023-05-09,EXEL,939767,"EXELIXIS, INC.",$100M-$500M,,355980000,RevenueFromContractWithCustomerExcludingAssessedTax,USD,2023-05-09,10-Q,2022-04-01,68573000,NetIncomeLoss,USD,2023-05-09,10-Q,2022-04-01,3071489000,Assets,USD,2023-05-09,10-Q,2022-12-30,205000,NetCashProvidedByUsedInFinancingActivities,USD,2023-05-09,10-Q,2022-04-01,-74539000,NetCashProvidedByUsedInInvestingActivities,USD,2023-05-09,10-Q,2022-04-01,147719000,NetCashProvidedByUsedInOperatingActivities,USD,2023-05-09,10-Q,2022-04-01,through_ocf,True,,,0.192632,0.414964,8.628263,0.000576,-0.209391
2023Q2,2023-04-27,EXLS,1297989,"EXLSERVICE HOLDINGS, INC.",$100M-$500M,,329208000,RevenueFromContractWithCustomerExcludingAssessedTax,USD,2023-04-27,10-Q,2022-03-31,36178000,NetIncomeLoss,USD,2023-04-27,10-Q,2022-03-31,1346119000,Assets,USD,2023-04-27,10-Q,2022-12-31,3576000,NetCashProvidedByUsedInFinancingActivities,USD,2023-04-27,10-Q,2022-03-31,-4694000,NetCashProvidedByUsedInInvestingActivities,USD,2023-04-27,10-Q,2022-03-31,-26870000,NetCashProvidedByUsedInOperatingActivities,USD,2023-04-27,10-Q,2022-03-31,through_ocf,True,,,0.109894,-0.08162,4.088962,0.010862,-0.014258
2023Q2,2023-05-02,EXPD,746515,"EXPEDITORS INTERNATIONAL OF WASHINGTON, INC.",$2B-$10B,,9584393000,RevenueFromContractWithCustomerExcludingAssessedTax,USD,2023-03-01,10-K,2020-12-31,696140000,NetIncomeLoss,USD,2023-03-01,10-K,2020-12-31,4927503000,Assets,USD,2023-03-01,10-K,2020-12-31,-331494000,NetCashProvidedByUsedInFinancingActivities,USD,2023-03-01,10-K,2020-12-31,-46027000,NetCashProvidedByUsedInInvestingActivities,USD,2023-03-01,10-K,2020-12-31,654969000,NetCashProvidedByUsedInOperatingActivities,USD,2023-03-01,10-K,2020-12-31,through_ocf,True,,,0.072633,0.068337,0.514117,-0.034587,-0.004802
2023Q2,2023-05-04,EXPE,1324424,"EXPEDIA GROUP, INC.",$2B-$10B,,5199000000,RevenueFromContractWithCustomerExcludingAssessedTax,USD,2023-02-10,10-K,2020-12-31,-2612000000,NetIncomeLoss,USD,2023-02-10,10-K,2020-12-31,21548000000,Assets,USD,2023-02-10,10-K,2021-12-31,4077000000,NetCashProvidedByUsedInFinancingActivities,USD,2023-02-10,10-K,2020-12-31,-263000000,NetCashProvidedByUsedInInvestingActivities,USD,2023-02-10,10-K,2020-12-31,-3834000000,NetCashProvidedByUsedInOperatingActivities,USD,2023-02-10,10-K,2020-12-31,through_ocf,True,,,-0.502404,-0.73745,4.144643,0.784189,-0.050587
2023Q2,2023-05-02,EXPI,1495932,"eXp World Holdings, Inc.",$1B-$2B,,1010731000,RevenueFromContractWithCustomerExcludingAssessedTax,USD,2023-05-02,10-Q,2022-03-31,8882000,NetIncomeLoss,USD,2023-05-02,10-Q,2022-03-31,381682000,Assets,USD,2023-05-02,10-Q,2022-12-31,-35743000,NetCashProvidedByUsedInFinancingActivities,USD,2023-05-02,10-Q,2022-03-31,-4684000,NetCashProvidedByUsedInInvestingActivities,USD,2023-05-02,10-Q,2022-03-31,111507000,NetCashProvidedByUsedInOperatingActivities,USD,2023-05-02,10-Q,2022-03-31,through_ocf,True,,,0.008788,0.110323,0.37763,-0.035364,-0.004634
2023Q2,2023-05-02,EXR,1289490,EXTRA SPACE STORAGE INC.,$1B-$2B,,1356212000,Revenues,USD,2023-02-28,10-K,2020-12-31,481779000,NetIncomeLoss,USD,2023-02-28,10-K,2020-12-31,10474477000,Assets,USD,2023-02-28,10-K,2021-12-31,241471000,NetCashProvidedByUsedInFinancingActivities,USD,2023-02-28,10-K,2020-12-31,-955427000,NetCashProvidedByUsedInInvestingActivities,USD,2023-02-28,10-K,2020-12-31,771232000,NetCashProvidedByUsedInOperatingActivities,USD,2023-02-28,10-K,2020-12-31,through_ocf,True,,,0.355239,0.568666,7.723333,0.178048,-0.704482
2023Q2,2023-04-26,EXTR,1078271,"EXTREME NETWORKS, INC.",$500M-$1B,,548617000,RevenueFromContractWithCustomerExcludingAssessedTax,USD,2023-01-27,10-Q,2021-12-31,26037000,NetIncomeLoss,USD,2023-01-27,10-Q,2021-12-31,1068510000,Assets,USD,2023-01-27,10-Q,2022-06-30,-59394000,NetCashProvidedByUsedInFinancingActivities,USD,2023-01-27,10-Q,2021-12-31,-76170000,NetCashProvidedByUsedInInvestingActivities,USD,2023-01-27,10-Q,2021-12-31,62482000,NetCashProvidedByUsedInOperatingActivities,USD,2023-01-27,10-Q,2021-12-31,through_ocf,True,,,0.047459,0.11389,1.947643,-0.108261,-0.13884
2023Q2,2023-05-11,EYE,1710155,"National Vision Holdings, Inc.",$500M-$1B,,527711000,RevenueFromContractWithCustomerExcludingAssessedTax,USD,2023-05-11,10-Q,2022-04-02,30147000,NetIncomeLoss,USD,2023-05-11,10-Q,2022-04-02,2291246000,Assets,USD,2023-05-11,10-Q,2022-12-31,-9941000,NetCashProvidedByUsedInFinancingActivities,USD,2023-05-11,10-Q,2022-04-02,-28077000,NetCashProvidedByUsedInInvestingActivities,USD,2023-05-11,10-Q,2022-04-02,47117000,NetCashProvidedByUsedInOperatingActivities,USD,2023-05-11,10-Q,2022-04-02,through_ocf,True,,,0.057128,0.089286,4.341858,-0.018838,-0.053205
2023Q2,2023-05-03,EZPW,876523,"EZCORP, Inc.",$100M-$500M,,436976000,RevenueFromContractWithCustomerExcludingAssessedTax,USD,2023-05-03,10-Q,2022-03-31,30608000,NetIncomeLoss,USD,2023-05-03,10-Q,2022-03-31,1299996000,Assets,USD,2023-05-03,10-Q,2022-03-31,-792000,NetCashProvidedByUsedInFinancingActivities,USD,2023-05-03,10-Q,2022-03-31,-31887000,NetCashProvidedByUsedInInvestingActivities,USD,2023-05-03,10-Q,2022-03-31,30575000,NetCashProvidedByUsedInOperatingActivities,USD,2023-05-03,10-Q,2022-03-31,through_ocf,True,,,0.070045,0.06997,2.974983,-0.001812,-0.072972
2023Q2,2023-05-10,FA,1210677,First Advantage Corporation,$100M-$500M,,189881000,Revenues,USD,2023-05-10,10-Q,2022-03-31,13013000,NetIncomeLoss,USD,2023-05-10,10-Q,2022-03-31,1885825000,Assets,USD,2023-05-10,10-Q,2022-12-31,-40000,NetCashProvidedByUsedInFinancingActivities,USD,2023-05-10,10-Q,2022-03-31,-26472000,NetCashProvidedByUsedInInvestingActivities,USD,2023-05-10,10-Q,2022-03-31,41583000,NetCashProvidedByUsedInOperatingActivities,USD,2023-05-10,10-Q,2022-03-31,through_ocf,True,,,0.068532,0.218995,9.931615,-0.000211,-0.139414
2023Q2,2023-04-13,FAST,815556,FASTENAL CO,$2B-$10B,,5647300000,RevenueFromContractWithCustomerExcludingAssessedTax,USD,2023-02-07,10-K,2020-12-31,859100000,NetIncomeLoss,USD,2023-02-07,10-K,2020-12-31,4299000000,Assets,USD,2023-02-07,10-K,2021-12-31,-754400000,NetCashProvidedByUsedInFinancingActivities,USD,2023-02-07,10-K,2020-12-31,-281700000,NetCashProvidedByUsedInInvestingActivities,USD,2023-02-07,10-K,2020-12-31,1101800000,NetCashProvidedByUsedInOperatingActivities,USD,2023-02-07,10-K,2020-12-31,through_ocf,True,,,0.152126,0.195102,0.761249,-0.133586,-0.049882
2023Q2,2023-04-25,FBP,1057706,FIRST BANCORP.,$500M-$1B,,804208000,Revenues,USD,2023-02-28,10-K,2020-12-31,102273000,NetIncomeLoss,USD,2023-02-28,10-K,2020-12-31,20785275000,Assets,USD,2023-02-28,10-K,2021-12-31,1790861000,NetCashProvidedByUsedInFinancingActivities,USD,2023-02-28,10-K,2020-12-31,-1238865000,NetCashProvidedByUsedInInvestingActivities,USD,2023-02-28,10-K,2020-12-31,297738000,NetCashProvidedByUsedInOperatingActivities,USD,2023-02-28,10-K,2020-12-31,through_ocf,True,,,0.127172,0.370225,25.845646,2.226863,-1.540478
2023Q2,2023-04-27,FCFS,840489,"FIRSTCASH HOLDINGS, INC.",$1B-$2B,,1631284000,Revenues,USD,2023-02-06,10-K,2020-12-31,106579000,NetIncomeLoss,USD,2023-02-06,10-K,2020-12-31,2372197000,Assets,USD,2023-02-06,10-K,2020-12-31,-186502000,NetCashProvidedByUsedInFinancingActivities,USD,2023-02-06,10-K,2020-12-31,-20352000,NetCashProvidedByUsedInInvestingActivities,USD,2023-02-06,10-K,2020-12-31,222264000,NetCashProvidedByUsedInOperatingActivities,USD,2023-02-06,10-K,2020-12-31,through_ocf,True,,,0.065334,0.136251,1.45419,-0.114328,-0.012476
2023Q2,2023-05-03,FDP,1047340,FRESH DEL MONTE PRODUCE INC.,$1B-$2B,,1136900000,Revenues,USD,2023-05-03,10-Q,2022-04-01,25800000,NetIncomeLoss,USD,2023-05-03,10-Q,2022-04-01,3458900000,Assets,USD,2023-05-03,10-Q,2022-12-30,26700000,NetCashProvidedByUsedInFinancingActivities,USD,2023-05-03,10-Q,2022-04-01,-16600000,NetCashProvidedByUsedInInvestingActivities,USD,2023-05-03,10-Q,2022-04-01,-300000,NetCashProvidedByUsedInOperatingActivities,USD,2023-05-03,10-Q,2022-04-01,through_ocf,True,,,0.022693,-0.000264,3.042396,0.023485,-0.014601
2023Q2,2023-06-22,FDS,1013237,FACTSET RESEARCH SYSTEMS INC.,$500M-$1B,,855844000,RevenueFromContractWithCustomerExcludingAssessedTax,USD,2023-04-03,10-Q,2022-02-28,217585000,NetIncomeLoss,USD,2023-04-03,10-Q,2022-02-28,4014305000,Assets,USD,2023-04-03,10-Q,2022-08-31,-26417000,NetCashProvidedByUsedInFinancingActivities,USD,2023-04-03,10-Q,2022-02-28,-70814000,NetCashProvidedByUsedInInvestingActivities,USD,2023-04-03,10-Q,2022-02-28,194952000,NetCashProvidedByUsedInOperatingActivities,USD,2023-04-03,10-Q,2022-02-28,through_ocf,True,,,0.254234,0.227789,4.690463,-0.030867,-0.082742
2023Q2,2023-04-27,FE,1031296,FIRSTENERGY CORP.,$2B-$10B,,2989000000,Revenues,USD,2023-04-27,10-Q,2022-03-31,288000000,NetIncomeLoss,USD,2023-04-27,10-Q,2022-03-31,46108000000,Assets,USD,2023-04-27,10-Q,2022-12-31,-964000000,NetCashProvidedByUsedInFinancingActivities,USD,2023-04-27,10-Q,2022-03-31,-592000000,NetCashProvidedByUsedInInvestingActivities,USD,2023-04-27,10-Q,2022-03-31,355000000,NetCashProvidedByUsedInOperatingActivities,USD,2023-04-27,10-Q,2022-03-31,through_ocf,True,,,0.096353,0.118769,15.425895,-0.322516,-0.19806
2023Q2,2023-05-02,FELE,38725,"FRANKLIN ELECTRIC CO., INC.",$1B-$2B,,1247331000,RevenueFromContractWithCustomerExcludingAssessedTax,USD,2023-02-22,10-K,2020-12-31,100460000,NetIncomeLoss,USD,2023-02-22,10-K,2020-12-31,1272300000,Assets,USD,2023-02-22,10-K,2020-12-31,-66580000,NetCashProvidedByUsedInFinancingActivities,USD,2023-02-22,10-K,2020-12-31,-78811000,NetCashProvidedByUsedInInvestingActivities,USD,2023-02-22,10-K,2020-12-31,211854000,NetCashProvidedByUsedInOperatingActivities,USD,2023-02-22,10-K,2020-12-31,through_ocf,True,,,0.08054,0.169846,1.020018,-0.053378,-0.063184
2023Q2,2023-05-04,FET,1401257,"FORUM ENERGY TECHNOLOGIES, INC.",$500M-$1B,,541068000,RevenueFromContractWithCustomerExcludingAssessedTax,USD,2023-02-28,10-K,2021-12-31,-82651000,NetIncomeLoss,USD,2023-02-28,10-K,2021-12-31,791336000,Assets,USD,2023-02-28,10-K,2021-12-31,-76243000,NetCashProvidedByUsedInFinancingActivities,USD,2023-02-28,10-K,2021-12-31,10698000,NetCashProvidedByUsedInInvestingActivities,USD,2023-02-28,10-K,2021-12-31,-15775000,NetCashProvidedByUsedInOperatingActivities,USD,2023-02-28,10-K,2021-12-31,through_ocf,True,,,-0.152755,-0.029155,1.462544,-0.140912,0.019772
2023Q2,2023-04-19,FFIV,1048695,"F5, INC.",$500M-$1B,,687100000,RevenueFromContractWithCustomerExcludingAssessedTax,USD,2023-02-03,10-Q,2021-12-31,93559000,NetIncomeLoss,USD,2023-02-03,10-Q,2021-12-31,5276194000,Assets,USD,2023-02-03,10-Q,2022-09-30,-116025000,NetCashProvidedByUsedInFinancingActivities,USD,2023-02-03,10-Q,2021-12-31,-41993000,NetCashProvidedByUsedInInvestingActivities,USD,2023-02-03,10-Q,2021-12-31,90366000,NetCashProvidedByUsedInOperatingActivities,USD,2023-02-03,10-Q,2021-12-31,through_ocf,True,,,0.136165,0.131518,7.678932,-0.168862,-0.061116
2023Q2,2023-05-03,FG,0001934850,"F&G Annuities & Life, Inc.",$100M-$500M,,155000000,Revenues,USD,2023-02-27,10-K,2020-05-31,-314000000,NetIncomeLoss,USD,2023-02-27,10-K,2020-05-31,48730000000,Assets,USD,2023-02-27,10-K,2021-12-31,877000000,NetCashProvidedByUsedInFinancingActivities,USD,2023-02-27,10-K,2020-05-31,-724000000,NetCashProvidedByUsedInInvestingActivities,USD,2023-02-27,10-K,2020-05-31,-224000000,NetCashProvidedByUsedInOperatingActivities,USD,2023-02-27,10-K,2020-05-31,through_ocf,True,,,-2.025806,-1.445161,314.387097,5.658065,-4.670968
2023Q2,2023-04-28,FHB,36377,"FIRST HAWAIIAN, INC.",$500M-$1B,,733114000,Revenues,USD,2023-02-24,10-K,2020-12-31,185754000,NetIncomeLoss,USD,2023-02-24,10-K,2020-12-31,22662831000,Assets,USD,2023-02-24,10-K,2020-12-31,2241184000,NetCashProvidedByUsedInFinancingActivities,USD,2023-02-24,10-K,2020-12-31,-2103763000,NetCashProvidedByUsedInInvestingActivities,USD,2023-02-24,10-K,2020-12-31,209506000,NetCashProvidedByUsedInOperatingActivities,USD,2023-02-24,10-K,2020-12-31,through_ocf,True,,,0.253377,0.285775,30.913106,3.057074,-2.869626
2023Q2,2023-04-27,FICO,814547,FAIR ISAAC CORP,$500M-$1B,,679556000,RevenueFromContractWithCustomerExcludingAssessedTax,USD,2023-04-27,10-Q,2022-03-31,189342000,NetIncomeLoss,USD,2023-04-27,10-Q,2022-03-31,1442034000,Assets,USD,2023-04-27,10-Q,2022-09-30,-263162000,NetCashProvidedByUsedInFinancingActivities,USD,2023-04-27,10-Q,2022-03-31,-3664000,NetCashProvidedByUsedInInvestingActivities,USD,2023-04-27,10-Q,2022-03-31,247484000,NetCashProvidedByUsedInOperatingActivities,USD,2023-04-27,10-Q,2022-03-31,through_ocf,True,,,0.278626,0.364185,2.122024,-0.387256,-0.005392
2023Q2,2023-05-04,FIGS,1846576,"FIGS, Inc.",$100M-$500M,,110100000,RevenueFromContractWithCustomerExcludingAssessedTax,USD,2023-05-04,10-Q,2022-03-31,8899000,NetIncomeLoss,USD,2023-05-04,10-Q,2022-03-31,395064000,Assets,USD,2023-05-04,10-Q,2022-12-31,352000,NetCashProvidedByUsedInFinancingActivities,USD,2023-05-04,10-Q,2022-03-31,-364000,NetCashProvidedByUsedInInvestingActivities,USD,2023-05-04,10-Q,2022-03-31,-8017000,NetCashProvidedByUsedInOperatingActivities,USD,2023-05-04,10-Q,2022-03-31,through_ocf,True,,,0.080827,-0.072816,3.588229,0.003197,-0.003306
2023Q2,2023-04-27,FIS,1136893,"Fidelity National Information Services, Inc.",>$10B,,12552000000,RevenueFromContractWithCustomerExcludingAssessedTax,USD,2023-02-27,10-K,2020-12-31,158000000,NetIncomeLoss,USD,2023-02-27,10-K,2020-12-31,82931000000,Assets,USD,2023-02-27,10-K,2021-12-31,-2751000000,NetCashProvidedByUsedInFinancingActivities,USD,2023-02-27,10-K,2020-12-31,-914000000,NetCashProvidedByUsedInInvestingActivities,USD,2023-02-27,10-K,2020-12-31,4442000000,NetCashProvidedByUsedInOperatingActivities,USD,2023-02-27,10-K,2020-12-31,through_ocf,True,,,0.012588,0.353888,6.606995,-0.219168,-0.072817
2023Q2,2023-04-25,FISV,798354,FISERV INC,>$10B,,14852000000,Revenues,USD,2023-02-23,10-K,2020-12-31,958000000,NetIncomeLoss,USD,2023-02-23,10-K,2020-12-31,76249000000,Assets,USD,2023-02-23,10-K,2021-12-31,-3431000000,NetCashProvidedByUsedInFinancingActivities,USD,2023-02-23,10-K,2020-12-31,-341000000,NetCashProvidedByUsedInInvestingActivities,USD,2023-02-23,10-K,2020-12-31,4147000000,NetCashProvidedByUsedInOperatingActivities,USD,2023-02-23,10-K,2020-12-31,through_ocf,True,,,0.064503,0.279222,5.133921,-0.231013,-0.02296
2023Q2,2023-06-01,FIVE,1177609,"FIVE BELOW, INC",$1B-$2B,,1962137000,RevenueFromContractWithCustomerExcludingAssessedTax,USD,2023-03-16,10-K,2021-01-30,123361000,NetIncomeLoss,USD,2023-03-16,10-K,2021-01-30,2880460000,Assets,USD,2023-03-16,10-K,2022-01-29,-12784000,NetCashProvidedByUsedInFinancingActivities,USD,2023-03-16,10-K,2021-01-30,-286889000,NetCashProvidedByUsedInInvestingActivities,USD,2023-03-16,10-K,2021-01-30,365966000,NetCashProvidedByUsedInOperatingActivities,USD,2023-03-16,10-K,2021-01-30,through_ocf,True,,,0.062871,0.186514,1.468022,-0.006515,-0.146213
2023Q2,2023-05-04,FIVN,1288847,"FIVE9, INC.",$100M-$500M,,182777000,RevenueFromContractWithCustomerExcludingAssessedTax,USD,2023-05-04,10-Q,2022-03-31,-34120000,NetIncomeLoss,USD,2023-05-04,10-Q,2022-03-31,1244485000,Assets,USD,2023-05-04,10-Q,2022-12-31,-30628000,NetCashProvidedByUsedInFinancingActivities,USD,2023-05-04,10-Q,2022-03-31,11177000,NetCashProvidedByUsedInInvestingActivities,USD,2023-05-04,10-Q,2022-03-31,28724000,NetCashProvidedByUsedInOperatingActivities,USD,2023-05-04,10-Q,2022-03-31,through_ocf,True,,,-0.186676,0.157153,6.808761,-0.16757,0.061151
2023Q2,2023-04-26,FIX,1035983,"Comfort Systems USA, Inc.",$500M-$1B,,885216000,Revenues,USD,2023-04-26,10-Q,2022-03-31,86762000,NetIncomeLoss,USD,2023-04-26,10-Q,2022-03-31,2597478000,Assets,USD,2023-04-26,10-Q,2022-12-31,2479000,NetCashProvidedByUsedInFinancingActivities,USD,2023-04-26,10-Q,2022-03-31,-9369000,NetCashProvidedByUsedInInvestingActivities,USD,2023-04-26,10-Q,2022-03-31,63729000,NetCashProvidedByUsedInOperatingActivities,USD,2023-04-26,10-Q,2022-03-31,through_ocf,True,,,0.098012,0.071993,2.934287,0.0028,-0.010584
2023Q2,2023-05-10,FLNC,0001868941,"Fluence Energy, Inc.",$100M-$500M,,174887000,RevenueFromContractWithCustomerExcludingAssessedTax,USD,2023-02-10,10-Q,2021-12-31,-28805000,NetIncomeLoss,USD,2023-02-10,10-Q,2021-12-31,1745654000,Assets,USD,2023-02-10,10-Q,2022-09-30,833487000,NetCashProvidedByUsedInFinancingActivities,USD,2023-02-10,10-Q,2021-12-31,-870000,NetCashProvidedByUsedInInvestingActivities,USD,2023-02-10,10-Q,2021-12-31,-191551000,NetCashProvidedByUsedInOperatingActivities,USD,2023-02-10,10-Q,2021-12-31,through_ocf,True,,,-0.164706,-1.095284,9.981611,4.76586,-0.004975
2023Q2,2023-05-05,FLR,1124198,FLUOR CORPORATION,$2B-$10B,,3122000000,Revenues,USD,2023-05-05,10-Q,2022-03-31,48000000,NetIncomeLoss,USD,2023-05-05,10-Q,2022-03-31,6827000000,Assets,USD,2023-05-05,10-Q,2022-12-31,-16000000,NetCashProvidedByUsedInFinancingActivities,USD,2023-05-05,10-Q,2022-03-31,-105000000,NetCashProvidedByUsedInInvestingActivities,USD,2023-05-05,10-Q,2022-03-31,-188000000,NetCashProvidedByUsedInOperatingActivities,USD,2023-05-05,10-Q,2022-03-31,through_ocf,True,,,0.015375,-0.060218,2.186739,-0.005125,-0.033632
2023Q2,2023-05-01,FLXS,37472,"FLEXSTEEL INDUSTRIES, INC.",$100M-$500M,,279356000,RevenueFromContractWithCustomerExcludingAssessedTax,USD,2023-02-08,10-Q,2021-12-31,4353000,NetIncomeLoss,USD,2023-02-08,10-Q,2021-09-30,268741000,Assets,USD,2023-02-08,10-Q,2022-06-30,43341000,NetCashProvidedByUsedInFinancingActivities,USD,2023-02-08,10-Q,2021-12-31,402000,NetCashProvidedByUsedInInvestingActivities,USD,2023-02-08,10-Q,2021-12-31,-40998000,NetCashProvidedByUsedInOperatingActivities,USD,2023-02-08,10-Q,2021-12-31,through_ocf,True,,,0.015582,-0.146759,0.962002,0.155146,0.001439
2023Q2,2023-05-08,FN,1408710,FABRINET,$1B-$2B,,1109955000,Revenues,USD,2023-02-07,10-Q,2021-12-24,93530000,NetIncomeLoss,USD,2023-02-07,10-Q,2021-12-24,1835641000,Assets,USD,2023-02-07,10-Q,2022-06-24,-29773000,NetCashProvidedByUsedInFinancingActivities,USD,2023-02-07,10-Q,2021-12-24,-53777000,NetCashProvidedByUsedInInvestingActivities,USD,2023-02-07,10-Q,2021-12-24,57568000,NetCashProvidedByUsedInOperatingActivities,USD,2023-02-07,10-Q,2021-12-24,through_ocf,True,,,0.084265,0.051865,1.653798,-0.026824,-0.04845
2023Q2,2023-05-04,FNKO,1704711,"FUNKO, INC.",$100M-$500M,,308343000,RevenueFromContractWithCustomerExcludingAssessedTax,USD,2023-05-04,10-Q,2022-03-31,9882000,NetIncomeLoss,USD,2023-05-04,10-Q,2022-03-31,1091145000,Assets,USD,2023-05-04,10-Q,2022-12-31,-7830000,NetCashProvidedByUsedInFinancingActivities,USD,2023-05-04,10-Q,2022-03-31,-19474000,NetCashProvidedByUsedInInvestingActivities,USD,2023-05-04,10-Q,2022-03-31,-22955000,NetCashProvidedByUsedInOperatingActivities,USD,2023-05-04,10-Q,2022-03-31,through_ocf,True,,,0.032049,-0.074446,3.538738,-0.025394,-0.063157
2023Q2,2023-04-20,FOR,1406587,FORESTAR GROUP INC.,$100M-$500M,,407600000,Revenues,USD,2023-01-25,10-Q,2021-12-31,40500000,NetIncomeLoss,USD,2023-01-25,10-Q,2021-12-31,2343000000,Assets,USD,2023-01-25,10-Q,2022-09-30,-100000,NetCashProvidedByUsedInFinancingActivities,USD,2023-01-25,10-Q,2021-12-31,3200000,NetCashProvidedByUsedInInvestingActivities,USD,2023-01-25,10-Q,2021-12-31,5800000,NetCashProvidedByUsedInOperatingActivities,USD,2023-01-25,10-Q,2021-12-31,through_ocf,True,,,0.099362,0.01423,5.748283,-0.000245,0.007851
2023Q2,2023-05-03,FORM,1039399,"FormFactor, Inc.",$500M-$1B,,693616000,RevenueFromContractWithCustomerExcludingAssessedTax,USD,2023-02-24,10-K,2020-12-26,78523000,NetIncomeLoss,USD,2023-02-24,10-K,2020-12-26,1020520000,Assets,USD,2023-02-24,10-K,2021-12-25,-30935000,NetCashProvidedByUsedInFinancingActivities,USD,2023-02-24,10-K,2020-12-26,-98922000,NetCashProvidedByUsedInInvestingActivities,USD,2023-02-24,10-K,2020-12-26,169256000,NetCashProvidedByUsedInOperatingActivities,USD,2023-02-24,10-K,2020-12-26,through_ocf,True,,,0.113208,0.24402,1.471304,-0.0446,-0.142618
2023Q2,2023-05-04,FORR,1023313,"FORRESTER RESEARCH, INC.",$100M-$500M,,448984000,RevenueFromContractWithCustomerExcludingAssessedTax,USD,2023-03-10,10-K,2020-12-31,9990000,NetIncomeLoss,USD,2023-03-10,10-K,2020-12-31,680129000,Assets,USD,2023-03-10,10-K,2021-12-31,-23687000,NetCashProvidedByUsedInFinancingActivities,USD,2023-03-10,10-K,2020-12-31,-4570000,NetCashProvidedByUsedInInvestingActivities,USD,2023-03-10,10-K,2020-12-31,47754000,NetCashProvidedByUsedInOperatingActivities,USD,2023-03-10,10-K,2020-12-31,through_ocf,True,,,0.02225,0.10636,1.514818,-0.052757,-0.010179
2023Q2,2023-04-05,FOXF,1424929,Fox Factory Holding Corp.,$500M-$1B,,890554000,RevenueFromContractWithCustomerExcludingAssessedTax,USD,2023-02-23,10-K,2021-01-01,90674000,NetIncomeLoss,USD,2023-02-23,10-K,2021-01-01,1515729000,Assets,USD,2023-02-23,10-K,2021-12-31,506722000,NetCashProvidedByUsedInFinancingActivities,USD,2023-02-23,10-K,2021-01-01,-388525000,NetCashProvidedByUsedInInvestingActivities,USD,2023-02-23,10-K,2021-01-01,82499000,NetCashProvidedByUsedInOperatingActivities,USD,2023-02-23,10-K,2021-01-01,through_ocf,True,,,0.101818,0.092638,1.702007,0.568996,-0.436273
2023Q2,2023-05-02,FRSH,1544522,FRESHWORKS INC.,$100M-$500M,,249659000,RevenueFromContractWithCustomerExcludingAssessedTax,USD,2023-02-23,10-K,2020-12-31,-57294000,NetIncomeLoss,USD,2023-02-23,10-K,2020-12-31,1482812000,Assets,USD,2023-02-23,10-K,2021-12-31,-1909000,NetCashProvidedByUsedInFinancingActivities,USD,2023-02-23,10-K,2020-12-31,-11425000,NetCashProvidedByUsedInInvestingActivities,USD,2023-02-23,10-K,2020-12-31,32530000,NetCashProvidedByUsedInOperatingActivities,USD,2023-02-23,10-K,2020-12-31,through_ocf,True,,,-0.229489,0.130298,5.939349,-0.007646,-0.045762
2023Q2,2023-05-04,FRT,34903,FEDERAL REALTY INVESTMENT TRUST,$100M-$500M,,256771000,Revenues,USD,2023-05-04,10-Q,2022-03-31,51984000,NetIncomeLoss,USD,2023-05-04,10-Q,2022-03-31,8233991000,Assets,USD,2023-05-04,10-Q,2022-12-31,-11849000,NetCashProvidedByUsedInFinancingActivities,USD,2023-05-04,10-Q,2022-03-31,-88194000,NetCashProvidedByUsedInInvestingActivities,USD,2023-05-04,10-Q,2022-03-31,103069000,NetCashProvidedByUsedInOperatingActivities,USD,2023-05-04,10-Q,2022-03-31,through_ocf,True,,,0.202453,0.401404,32.067449,-0.046146,-0.343473
2023Q2,2023-04-27,FSLR,1274494,"First Solar, Inc.",$100M-$500M,,367040000,Revenues,USD,2023-04-27,10-Q,2022-03-31,-43255000,NetIncomeLoss,USD,2023-04-27,10-Q,2022-03-31,8251228000,Assets,USD,2023-04-27,10-Q,2022-12-31,5764000,NetCashProvidedByUsedInFinancingActivities,USD,2023-04-27,10-Q,2022-03-31,-2944000,NetCashProvidedByUsedInInvestingActivities,USD,2023-04-27,10-Q,2022-03-31,-138839000,NetCashProvidedByUsedInOperatingActivities,USD,2023-04-27,10-Q,2022-03-31,through_ocf,True,,,-0.117848,-0.378267,22.48046,0.015704,-0.008021
2023Q2,2023-05-09,FSTR,352825,L.B. FOSTER COMPANY,$100M-$500M,,118702000,SalesRevenueGoodsNet,USD,2019-03-18,10-K,2017-03-31,3626000,NetIncomeLoss,USD,2023-03-10,10-K,2021-12-31,342595000,Assets,USD,2023-03-10,10-K,2021-12-31,-13904000,NetCashProvidedByUsedInFinancingActivities,USD,2023-03-10,10-K,2021-12-31,17822000,NetCashProvidedByUsedInInvestingActivities,USD,2023-03-10,10-K,2021-12-31,-9429000,NetCashProvidedByUsedInOperatingActivities,USD,2020-08-05,10-Q,2019-06-30,through_ocf,True,,,0.030547,-0.079434,2.886177,-0.117134,0.150141
2023Q2,2023-04-26,FTAI,1590364,FTAI Aviation Ltd.,$100M-$500M,,297934000,RevenueFromContractWithCustomerExcludingAssessedTax,USD,2023-02-27,10-K,2020-12-31,-103692000,ProfitLoss,USD,2023-02-27,10-K,2020-12-31,4863854000,Assets,USD,2023-02-27,10-K,2021-12-31,364918000,NetCashProvidedByUsedInFinancingActivities,USD,2023-02-27,10-K,2020-12-31,-509123000,NetCashProvidedByUsedInInvestingActivities,USD,2023-02-27,10-K,2020-12-31,63106000,NetCashProvidedByUsedInOperatingActivities,USD,2023-02-27,10-K,2020-12-31,through_ocf,True,,,-0.348037,0.211812,16.325273,1.224828,-1.708845
2023Q2,2023-05-04,FTDR,1727263,"Frontdoor, Inc.",$100M-$500M,,351000000,Revenues,USD,2023-05-04,10-Q,2022-03-31,2000000,NetIncomeLoss,USD,2023-05-04,10-Q,2022-03-31,1082000000,Assets,USD,2023-05-04,10-Q,2022-12-31,-47000000,NetCashProvidedByUsedInFinancingActivities,USD,2023-05-04,10-Q,2022-03-31,-8000000,NetCashProvidedByUsedInInvestingActivities,USD,2023-05-04,10-Q,2022-03-31,47000000,NetCashProvidedByUsedInOperatingActivities,USD,2023-05-04,10-Q,2022-03-31,through_ocf,True,,,0.005698,0.133903,3.082621,-0.133903,-0.022792
2023Q2,2023-05-04,FTNT,1262039,"FORTINET, INC.",$2B-$10B,,2594400000,RevenueFromContractWithCustomerExcludingAssessedTax,USD,2023-02-24,10-K,2020-12-31,488500000,NetIncomeLoss,USD,2023-02-24,10-K,2020-12-31,5919100000,Assets,USD,2023-02-24,10-K,2021-12-31,-1171600000,NetCashProvidedByUsedInFinancingActivities,USD,2023-02-24,10-K,2020-12-31,-72800000,NetCashProvidedByUsedInInvestingActivities,USD,2023-02-24,10-K,2020-12-31,1083700000,NetCashProvidedByUsedInOperatingActivities,USD,2023-02-24,10-K,2020-12-31,through_ocf,True,,,0.18829,0.417707,2.281491,-0.451588,-0.02806
2023Q2,2023-04-26,FTV,1659166,FORTIVE CORPORATION,$1B-$2B,,1376500000,RevenueFromContractWithCustomerExcludingAssessedTax,USD,2023-04-26,10-Q,2022-04-01,165100000,ProfitLoss,USD,2023-04-26,10-Q,2022-04-01,15890600000,Assets,USD,2023-04-26,10-Q,2022-12-31,-332600000,NetCashProvidedByUsedInFinancingActivities,USD,2023-04-26,10-Q,2022-04-01,-17900000,NetCashProvidedByUsedInInvestingActivities,USD,2023-04-26,10-Q,2022-04-01,214800000,NetCashProvidedByUsedInOperatingActivities,USD,2023-04-26,10-Q,2022-04-01,through_ocf,True,,,0.119942,0.156048,11.544206,-0.241627,-0.013004
2023Q2,2023-05-05,FUBO,1484769,FUBOTV INC.,$100M-$500M,,217746000,RevenueFromContractWithCustomerExcludingAssessedTax,USD,2023-02-27,10-K,2020-12-31,-570333000,NetIncomeLoss,USD,2023-02-27,10-K,2020-12-31,1369778000,Assets,USD,2023-02-27,10-K,2021-12-31,279072000,NetCashProvidedByUsedInFinancingActivities,USD,2023-02-27,10-K,2020-12-31,-1457000,NetCashProvidedByUsedInInvestingActivities,USD,2023-02-27,10-K,2020-12-31,-149018000,NetCashProvidedByUsedInOperatingActivities,USD,2023-02-27,10-K,2020-12-31,through_ocf,True,,,-2.619258,-0.684366,6.290715,1.28164,-0.006691
2023Q2,2023-05-05,FWONA,1560385,LIBERTY MEDIA CORPORATION,$2B-$10B,,2569000000,RevenueFromContractWithCustomerExcludingAssessedTax,USD,2023-05-05,10-Q,2022-03-31,240000000,NetIncomeLoss,USD,2023-05-05,10-Q,2022-03-31,42464000000,Assets,USD,2023-05-05,10-Q,2022-12-31,-164000000,NetCashProvidedByUsedInFinancingActivities,USD,2023-05-05,10-Q,2022-03-31,11000000,NetCashProvidedByUsedInInvestingActivities,USD,2023-05-05,10-Q,2022-03-31,551000000,NetCashProvidedByUsedInOperatingActivities,USD,2023-05-05,10-Q,2022-03-31,through_ocf,True,,,0.093422,0.21448,16.529389,-0.063838,0.004282
2023Q2,2023-05-05,FWONK,1560385,LIBERTY MEDIA CORPORATION,$2B-$10B,,2569000000,RevenueFromContractWithCustomerExcludingAssessedTax,USD,2023-05-05,10-Q,2022-03-31,240000000,NetIncomeLoss,USD,2023-05-05,10-Q,2022-03-31,42464000000,Assets,USD,2023-05-05,10-Q,2022-12-31,-164000000,NetCashProvidedByUsedInFinancingActivities,USD,2023-05-05,10-Q,2022-03-31,11000000,NetCashProvidedByUsedInInvestingActivities,USD,2023-05-05,10-Q,2022-03-31,551000000,NetCashProvidedByUsedInOperatingActivities,USD,2023-05-05,10-Q,2022-03-31,through_ocf,True,,,0.093422,0.21448,16.529389,-0.063838,0.004282
2023Q2,2023-05-01,FWRD,912728,FORWARD AIR CORP,$1B-$2B,,1269573000,RevenueFromContractWithCustomerExcludingAssessedTax,USD,2023-03-01,10-K,2020-12-31,23733000,NetIncomeLoss,USD,2023-03-01,10-K,2020-12-31,1117823000,Assets,USD,2023-03-01,10-K,2021-12-31,-21329000,NetCashProvidedByUsedInFinancingActivities,USD,2020-05-01,10-Q,2019-03-31,-3689000,NetCashProvidedByUsedInInvestingActivities,USD,2020-05-01,10-Q,2019-03-31,41526000,NetCashProvidedByUsedInOperatingActivities,USD,2020-05-01,10-Q,2019-03-31,through_ocf,True,,,0.018694,0.032709,0.880472,-0.0168,-0.002906
2023Q2,2023-05-02,FWRG,1789940,"First Watch Restaurant Group, Inc.",$100M-$500M,,173112000,RevenueFromContractWithCustomerExcludingAssessedTax,USD,2023-05-02,10-Q,2022-03-27,4640000,NetIncomeLoss,USD,2023-05-02,10-Q,2022-03-27,1104446000,Assets,USD,2023-05-02,10-Q,2022-12-25,-1874000,NetCashProvidedByUsedInFinancingActivities,USD,2023-05-02,10-Q,2022-03-27,-11458000,NetCashProvidedByUsedInInvestingActivities,USD,2023-05-02,10-Q,2022-03-27,7989000,NetCashProvidedByUsedInOperatingActivities,USD,2023-05-02,10-Q,2022-03-27,through_ocf,True,,,0.026803,0.046149,6.379951,-0.010825,-0.066188
2023Q2,2023-04-25,GATX,40211,GATX Corporation,$1B-$2B,,1209200000,Revenues,USD,2023-02-16,10-K,2020-12-31,151300000,NetIncomeLoss,USD,2023-02-16,10-K,2020-12-31,8937600000,Assets,USD,2023-02-16,10-K,2020-12-31,623800000,NetCashProvidedByUsedInFinancingActivities,USD,2022-10-28,10-Q,2021-09-30,-689900000,NetCashProvidedByUsedInInvestingActivities,USD,2022-10-28,10-Q,2021-09-30,340000000,NetCashProvidedByUsedInOperatingActivities,USD,2022-10-28,10-Q,2021-09-30,through_ocf,True,,,0.125124,0.281178,7.391333,0.515878,-0.570543
2023Q2,2023-05-09,GBTG,1820872,"Global Business Travel Group, Inc.",$100M-$500M,,350000000,RevenueFromContractWithCustomerExcludingAssessedTax,USD,2023-05-09,10-Q,2022-03-31,-91000000,ProfitLoss,USD,2023-05-09,10-Q,2022-03-31,3728000000,Assets,USD,2023-05-09,10-Q,2022-12-31,-7000000,NetCashProvidedByUsedInFinancingActivities,USD,2023-05-09,10-Q,2022-03-31,-21000000,NetCashProvidedByUsedInInvestingActivities,USD,2023-05-09,10-Q,2022-03-31,-154000000,NetCashProvidedByUsedInOperatingActivities,USD,2023-05-09,10-Q,2022-03-31,through_ocf,True,,,-0.26,-0.44,10.651429,-0.02,-0.06
2023Q2,2023-04-10,GBX,923120,GREENBRIER COMPANIES INC,$1B-$2B,,1233500000,Revenues,USD,2023-04-10,10-Q,2022-02-28,23600000,NetIncomeLoss,USD,2023-04-10,10-Q,2022-02-28,3851500000,Assets,USD,2023-04-10,10-Q,2022-08-31,204800000,NetCashProvidedByUsedInFinancingActivities,USD,2023-04-10,10-Q,2022-02-28,-52400000,NetCashProvidedByUsedInInvestingActivities,USD,2023-04-10,10-Q,2022-02-28,-220300000,NetCashProvidedByUsedInOperatingActivities,USD,2023-04-10,10-Q,2022-02-28,through_ocf,True,,,0.019133,-0.178597,3.122416,0.166032,-0.042481
2023Q2,2023-05-25,GCO,18498,Genesco Inc.,$1B-$2B,,1786530000,RevenueFromContractWithCustomerExcludingAssessedTax,USD,2023-03-22,10-K,2021-01-30,-56429000,NetIncomeLoss,USD,2023-03-22,10-K,2021-01-30,1587368000,Assets,USD,2023-03-22,10-K,2021-01-30,-3164000,NetCashProvidedByUsedInFinancingActivities,USD,2023-03-22,10-K,2021-01-30,-24020000,NetCashProvidedByUsedInInvestingActivities,USD,2023-03-22,10-K,2021-01-30,157741000,NetCashProvidedByUsedInOperatingActivities,USD,2023-03-22,10-K,2021-01-30,through_ocf,True,,,-0.031586,0.088295,0.88852,-0.001771,-0.013445
2023Q2,2023-04-26,GD,40533,GENERAL DYNAMICS CORPORATION,$2B-$10B,,9392000000,RevenueFromContractWithCustomerExcludingAssessedTax,USD,2023-04-26,10-Q,2022-04-03,730000000,NetIncomeLoss,USD,2023-04-26,10-Q,2022-04-03,51585000000,Assets,USD,2023-04-26,10-Q,2022-12-31,-517000000,NetCashProvidedByUsedInFinancingActivities,USD,2023-04-26,10-Q,2022-04-03,-147000000,NetCashProvidedByUsedInInvestingActivities,USD,2023-04-26,10-Q,2022-04-03,1968000000,NetCashProvidedByUsedInOperatingActivities,USD,2023-04-26,10-Q,2022-04-03,through_ocf,True,,,0.077726,0.20954,5.49244,-0.055047,-0.015652
2023Q2,2023-05-04,GDDY,1609711,GoDaddy Inc.,$2B-$10B,,3316700000,RevenueFromContractWithCustomerExcludingAssessedTax,USD,2023-02-16,10-K,2020-12-31,-495100000,NetIncomeLoss,USD,2023-02-16,10-K,2020-12-31,7417100000,Assets,USD,2023-02-16,10-K,2021-12-31,-581700000,NetCashProvidedByUsedInFinancingActivities,USD,2023-02-16,10-K,2020-12-31,-482300000,NetCashProvidedByUsedInInvestingActivities,USD,2023-02-16,10-K,2020-12-31,764600000,NetCashProvidedByUsedInOperatingActivities,USD,2023-02-16,10-K,2020-12-31,through_ocf,True,,,-0.149275,0.23053,2.236289,-0.175385,-0.145416
2023Q2,2023-05-10,GDEN,1071255,"GOLDEN ENTERTAINMENT, INC.",$100M-$500M,,273644000,RevenueFromContractWithCustomerExcludingAssessedTax,USD,2023-05-10,10-Q,2022-03-31,36066000,NetIncomeLoss,USD,2023-05-10,10-Q,2022-03-31,1508670000,Assets,USD,2023-05-10,10-Q,2022-12-31,-51052000,NetCashProvidedByUsedInFinancingActivities,USD,2023-05-10,10-Q,2022-03-31,-10723000,NetCashProvidedByUsedInInvestingActivities,USD,2023-05-10,10-Q,2022-03-31,43518000,NetCashProvidedByUsedInOperatingActivities,USD,2023-05-10,10-Q,2022-03-31,through_ocf,True,,,0.131799,0.159031,5.513258,-0.186564,-0.039186
2023Q2,2023-05-04,GDOT,1386278,GREEN DOT CORP,$1B-$2B,,1253760000,Revenues,USD,2023-03-01,10-K,2020-12-31,23131000,NetIncomeLoss,USD,2023-03-01,10-K,2020-12-31,4725477000,Assets,USD,2023-03-01,10-K,2021-12-31,1007201000,NetCashProvidedByUsedInFinancingActivities,USD,2023-03-01,10-K,2020-12-31,-785832000,NetCashProvidedByUsedInInvestingActivities,USD,2023-03-01,10-K,2020-12-31,209178000,NetCashProvidedByUsedInOperatingActivities,USD,2023-03-01,10-K,2020-12-31,through_ocf,True,,,0.018449,0.166841,3.769044,0.803344,-0.62678
2023Q2,2023-04-25,GDRX,1809519,"GoodRx Holdings, Inc.",$500M-$1B,,550700000,RevenueFromContractWithCustomerExcludingAssessedTax,USD,2023-03-01,10-K,2020-12-31,-293623000,NetIncomeLoss,USD,2023-03-01,10-K,2020-12-31,1607625000,Assets,USD,2023-03-01,10-K,2021-12-31,905817000,NetCashProvidedByUsedInFinancingActivities,USD,2023-03-01,10-K,2020-12-31,-91617000,NetCashProvidedByUsedInInvestingActivities,USD,2023-03-01,10-K,2020-12-31,131341000,NetCashProvidedByUsedInOperatingActivities,USD,2023-03-01,10-K,2020-12-31,through_ocf,True,,,-0.533181,0.238498,2.919239,1.644847,-0.166365
2023Q2,2023-06-13,GEF,43920,"GREIF, INC.",$1B-$2B,,1708300000,SalesRevenueNet,USD,2018-06-08,10-Q,2017-04-30,135400000,NetIncomeLoss,USD,2023-06-08,10-Q,2022-04-30,5469900000,Assets,USD,2023-06-08,10-Q,2022-10-31,-197100000,NetCashProvidedByUsedInFinancingActivities,USD,2023-06-08,10-Q,2022-04-30,62700000,NetCashProvidedByUsedInInvestingActivities,USD,2023-06-08,10-Q,2022-04-30,161600000,NetCashProvidedByUsedInOperatingActivities,USD,2023-06-08,10-Q,2022-04-30,through_ocf,True,,,0.07926,0.094597,3.201955,-0.115378,0.036703
2023Q2,2023-04-25,GEHC,0001932393,GE HEALTHCARE TECHNOLOGIES INC.,$2B-$10B,,4343000000,RevenueFromContractWithCustomerExcludingAssessedTax,USD,2023-04-25,10-Q,2022-03-31,389000000,NetIncomeLoss,USD,2023-04-25,10-Q,2022-03-31,27539000000,Assets,USD,2023-04-25,10-Q,2022-12-31,-420000000,NetCashProvidedByUsedInFinancingActivities,USD,2023-04-25,10-Q,2022-03-31,-100000000,NetCashProvidedByUsedInInvestingActivities,USD,2023-04-25,10-Q,2022-03-31,468000000,NetCashProvidedByUsedInOperatingActivities,USD,2023-04-25,10-Q,2022-03-31,through_ocf,True,,,0.089569,0.10776,6.341009,-0.096707,-0.023026
2023Q2,2023-05-11,GEN,849399,Gen Digital Inc.,$2B-$10B,,2080000000,RevenueFromContractWithCustomerExcludingAssessedTax,USD,2023-02-06,10-Q,2021-12-31,716000000,NetIncomeLoss,USD,2023-02-06,10-Q,2021-12-31,6943000000,Assets,USD,2023-02-06,10-Q,2022-04-01,-116000000,NetCashProvidedByUsedInFinancingActivities,USD,2023-02-06,10-Q,2021-12-31,316000000,NetCashProvidedByUsedInInvestingActivities,USD,2023-02-06,10-Q,2021-12-31,648000000,NetCashProvidedByUsedInOperatingActivities,USD,2023-02-06,10-Q,2021-12-31,through_ocf,True,,,0.344231,0.311538,3.337981,-0.055769,0.151923
2023Q2,2023-05-01,GEO,923796,GEO GROUP INC,$2B-$10B,,2350098000,RevenueFromContractWithCustomerExcludingAssessedTax,USD,2023-02-27,10-K,2020-12-31,113032000,NetIncomeLoss,USD,2023-02-27,10-K,2020-12-31,4537408000,Assets,USD,2023-02-27,10-K,2021-12-31,-96744000,NetCashProvidedByUsedInFinancingActivities,USD,2023-02-27,10-K,2020-12-31,-104174000,NetCashProvidedByUsedInInvestingActivities,USD,2023-02-27,10-K,2020-12-31,441733000,NetCashProvidedByUsedInOperatingActivities,USD,2023-02-27,10-K,2020-12-31,through_ocf,True,,,0.048097,0.187964,1.930731,-0.041166,-0.044328
2023Q2,2023-05-11,GETY,0001898496,"Getty Images Holdings, Inc.",$100M-$500M,,230978000,RevenueFromContractWithCustomerExcludingAssessedTax,USD,2023-05-11,10-Q,2022-03-31,25107000,NetIncomeLoss,USD,2023-05-11,10-Q,2022-03-31,2468183000,Assets,USD,2023-05-11,10-Q,2022-12-31,-5652000,NetCashProvidedByUsedInFinancingActivities,USD,2023-05-11,10-Q,2022-03-31,-16235000,NetCashProvidedByUsedInInvestingActivities,USD,2023-05-11,10-Q,2022-03-31,49365000,NetCashProvidedByUsedInOperatingActivities,USD,2023-05-11,10-Q,2022-03-31,through_ocf,True,,,0.108699,0.213722,10.685793,-0.02447,-0.070288
2023Q2,2023-05-03,GFF,50725,GRIFFON CORPORATION,$500M-$1B,,591749000,RevenueFromContractWithCustomerExcludingAssessedTax,USD,2023-01-31,10-Q,2021-12-31,19298000,NetIncomeLoss,USD,2023-01-31,10-Q,2021-12-31,2816474000,Assets,USD,2023-01-31,10-Q,2022-09-30,-8612000,NetCashProvidedByUsedInFinancingActivities,USD,2023-01-31,10-Q,2021-12-31,-27621000,NetCashProvidedByUsedInInvestingActivities,USD,2011-08-03,10-Q,2010-06-30,83125000,NetCashProvidedByUsedInOperatingActivities,USD,2012-11-16,10-K,2010-09-30,through_ocf,True,,,0.032612,0.140473,4.759575,-0.014553,-0.046677
2023Q2,2023-05-09,GH,1576280,"GUARDANT HEALTH, INC.",<$100M,,96099000,Revenues,USD,2023-05-09,10-Q,2022-03-31,-123228000,NetIncomeLoss,USD,2023-05-09,10-Q,2022-03-31,1609985000,Assets,USD,2023-05-09,10-Q,2022-12-31,-12000,NetCashProvidedByUsedInFinancingActivities,USD,2023-05-09,10-Q,2022-03-31,110808000,NetCashProvidedByUsedInInvestingActivities,USD,2023-05-09,10-Q,2022-03-31,-28619000,NetCashProvidedByUsedInOperatingActivities,USD,2023-05-09,10-Q,2022-03-31,through_ocf,True,,,-1.282303,-0.297807,16.7534,-0.000125,1.153061
2023Q2,2023-05-03,GHC,104889,GRAHAM HOLDINGS CO,$500M-$1B,,914721000,RevenueFromContractWithCustomerExcludingAssessedTax,USD,2023-05-03,10-Q,2022-03-31,95624000,NetIncomeLoss,USD,2023-05-03,10-Q,2022-03-31,6582215000,Assets,USD,2023-05-03,10-Q,2022-12-31,-64362000,NetCashProvidedByUsedInFinancingActivities,USD,2023-05-03,10-Q,2022-03-31,19523000,NetCashProvidedByUsedInInvestingActivities,USD,2023-05-03,10-Q,2022-03-31,44892000,NetCashProvidedByUsedInOperatingActivities,USD,2023-05-03,10-Q,2022-03-31,through_ocf,True,,,0.104539,0.049077,7.195872,-0.070362,0.021343
2023Q2,2023-06-08,GHM,716314,GRAHAM CORP,<$100M,,97489000,RevenueFromContractWithCustomerExcludingAssessedTax,USD,2023-06-08,10-K,2021-03-31,2374000,NetIncomeLoss,USD,2023-06-08,10-K,2021-03-31,183691000,Assets,USD,2023-06-08,10-K,2022-03-31,-4454000,NetCashProvidedByUsedInFinancingActivities,USD,2023-06-08,10-K,2021-03-31,32397000,NetCashProvidedByUsedInInvestingActivities,USD,2023-06-08,10-K,2021-03-31,-1722000,NetCashProvidedByUsedInOperatingActivities,USD,2023-06-08,10-K,2021-03-31,through_ocf,True,,,0.024351,-0.017664,1.884223,-0.045687,0.332314
2023Q2,2023-05-02,GIC,945114,Global Industrial Company,$100M-$500M,,288600000,RevenueFromContractWithCustomerExcludingAssessedTax,USD,2023-05-02,10-Q,2022-03-31,22000000,NetIncomeLoss,USD,2023-05-02,10-Q,2022-03-31,455200000,Assets,USD,2023-05-02,10-Q,2022-12-31,14400000,NetCashProvidedByUsedInFinancingActivities,USD,2023-05-02,10-Q,2022-03-31,-1100000,NetCashProvidedByUsedInInvestingActivities,USD,2023-05-02,10-Q,2022-03-31,-14100000,NetCashProvidedByUsedInOperatingActivities,USD,2023-05-02,10-Q,2022-03-31,through_ocf,True,,,0.07623,-0.048857,1.57727,0.049896,-0.003812
2023Q2,2023-06-06,GIII,821002,G III APPAREL GROUP LTD /DE/,$500M-$1B,,529042000,SalesRevenueGoodsNet,USD,2018-06-11,10-Q,2017-04-30,30634000,NetIncomeLoss,USD,2023-06-06,10-Q,2022-04-30,2718272000,Assets,USD,2023-06-06,10-Q,2022-04-30,-8744000,NetCashProvidedByUsedInFinancingActivities,USD,2023-06-06,10-Q,2022-04-30,-29334000,NetCashProvidedByUsedInInvestingActivities,USD,2023-06-06,10-Q,2022-04-30,11171000,NetCashProvidedByUsedInOperatingActivities,USD,2023-06-06,10-Q,2022-04-30,through_ocf,True,,,0.057905,0.021116,5.138102,-0.016528,-0.055447
2023Q2,2023-04-27,GILD,882095,"GILEAD SCIENCES, INC.",>$10B,,24689000000,RevenueFromContractWithCustomerExcludingAssessedTax,USD,2023-02-22,10-K,2020-12-31,123000000,NetIncomeLoss,USD,2023-02-22,10-K,2020-12-31,67952000000,Assets,USD,2023-02-22,10-K,2021-12-31,770000000,NetCashProvidedByUsedInFinancingActivities,USD,2023-02-22,10-K,2020-12-31,-14615000000,NetCashProvidedByUsedInInvestingActivities,USD,2023-02-22,10-K,2020-12-31,8168000000,NetCashProvidedByUsedInOperatingActivities,USD,2023-02-22,10-K,2020-12-31,through_ocf,True,,,0.004982,0.330836,2.752319,0.031188,-0.591964
2023Q2,2023-06-28,GIS,40704,GENERAL MILLS INC,$2B-$10B,,2189200000,Revenues,USD,2023-06-28,10-K,2021-05-30,2339800000,NetIncomeLoss,USD,2023-06-28,10-K,2021-05-30,31090100000,Assets,USD,2023-06-28,10-K,2022-05-29,-2715500000,NetCashProvidedByUsedInFinancingActivities,USD,2023-06-28,10-K,2021-05-30,-512800000,NetCashProvidedByUsedInInvestingActivities,USD,2023-06-28,10-K,2021-05-30,2983200000,NetCashProvidedByUsedInOperatingActivities,USD,2023-06-28,10-K,2021-05-30,through_ocf,True,,,1.068792,1.36269,14.20158,-1.240407,-0.234241
2023Q2,2023-05-03,GL,320335,GLOBE LIFE INC.,$2B-$10B,,4737921000,Revenues,USD,2023-02-23,10-K,2020-12-31,731773000,NetIncomeLoss,USD,2023-02-23,10-K,2020-12-31,29768048000,Assets,USD,2023-02-23,10-K,2021-12-31,-274057000,NetCashProvidedByUsedInFinancingActivities,USD,2023-02-23,10-K,2020-12-31,-1181730000,NetCashProvidedByUsedInInvestingActivities,USD,2023-02-23,10-K,2020-12-31,1476434000,NetCashProvidedByUsedInOperatingActivities,USD,2023-02-23,10-K,2020-12-31,through_ocf,True,,,0.15445,0.311621,6.282935,-0.057843,-0.24942
2023Q2,2023-04-28,GLPI,1575965,"Gaming & Leisure Properties, Inc.",$100M-$500M,,314966000,Revenues,USD,2023-04-27,10-Q,2022-03-31,119268000,NetIncomeLoss,USD,2023-04-27,10-Q,2022-03-31,10930386000,Assets,USD,2023-04-27,10-Q,2022-12-31,-670340000,NetCashProvidedByUsedInFinancingActivities,USD,2023-04-27,10-Q,2022-03-31,-131417000,NetCashProvidedByUsedInInvestingActivities,USD,2023-04-27,10-Q,2022-03-31,233182000,NetCashProvidedByUsedInOperatingActivities,USD,2023-04-27,10-Q,2022-03-31,through_ocf,True,,,0.378669,0.74034,34.703384,-2.128293,-0.417242
2023Q2,2023-04-25,GLW,24741,CORNING INC /NY,>$10B,,11303000000,Revenues,USD,2023-02-13,10-K,2020-12-31,512000000,NetIncomeLoss,USD,2023-02-13,10-K,2020-12-31,30775000000,Assets,USD,2023-02-13,10-K,2020-12-31,-729000000,NetCashProvidedByUsedInFinancingActivities,USD,2023-02-13,10-K,2020-12-31,-1310000000,NetCashProvidedByUsedInInvestingActivities,USD,2023-02-13,10-K,2020-12-31,2180000000,NetCashProvidedByUsedInOperatingActivities,USD,2023-02-13,10-K,2020-12-31,through_ocf,True,,,0.045298,0.192869,2.722728,-0.064496,-0.115898
2023Q2,2023-05-08,GNE,1528356,GENIE ENERGY LTD.,$100M-$500M,,323269000,Revenues,USD,2023-03-15,10-K,2021-12-31,29214000,NetIncomeLoss,USD,2023-03-15,10-K,2021-12-31,229465000,Assets,USD,2023-03-15,10-K,2021-12-31,-5675000,NetCashProvidedByUsedInFinancingActivities,USD,2023-03-15,10-K,2021-12-31,2687000,NetCashProvidedByUsedInInvestingActivities,USD,2023-03-15,10-K,2021-12-31,68382000,NetCashProvidedByUsedInOperatingActivities,USD,2023-03-15,10-K,2021-12-31,through_ocf,True,,,0.090371,0.211533,0.709827,-0.017555,0.008312
2023Q2,2023-04-28,GNTX,355811,GENTEX CORPORATION,$1B-$2B,,1688189405,RevenueFromContractWithCustomerExcludingAssessedTax,USD,2023-02-22,10-K,2020-12-31,347563621,NetIncomeLoss,USD,2023-02-22,10-K,2020-12-31,2197941170,Assets,USD,2023-02-22,10-K,2020-12-31,-363858794,NetCashProvidedByUsedInFinancingActivities,USD,2023-02-22,10-K,2020-12-31,26416437,NetCashProvidedByUsedInInvestingActivities,USD,2023-02-22,10-K,2020-12-31,464491771,NetCashProvidedByUsedInOperatingActivities,USD,2023-02-22,10-K,2020-12-31,through_ocf,True,,,0.20588,0.275142,1.301952,-0.215532,0.015648
2023Q2,2023-05-03,GNW,1276520,"Genworth Financial, Inc.",$2B-$10B,,8284000000,Revenues,USD,2023-02-28,10-K,2020-12-31,178000000,NetIncomeLoss,USD,2023-02-28,10-K,2020-12-31,99171000000,Assets,USD,2023-02-28,10-K,2021-12-31,-1507000000,NetCashProvidedByUsedInFinancingActivities,USD,2023-02-28,10-K,2020-12-31,-1153000000,NetCashProvidedByUsedInInvestingActivities,USD,2023-02-28,10-K,2020-12-31,1960000000,NetCashProvidedByUsedInOperatingActivities,USD,2023-02-28,10-K,2020-12-31,through_ocf,True,,,0.021487,0.236601,11.971391,-0.181917,-0.139184
2023Q2,2023-05-09,GO,1771515,Grocery Outlet Holding Corp.,$2B-$10B,,3134640000,RevenueFromContractWithCustomerExcludingAssessedTax,USD,2023-03-01,10-K,2021-01-02,106713000,NetIncomeLoss,USD,2023-03-01,10-K,2021-01-02,2669808000,Assets,USD,2023-03-01,10-K,2022-01-01,29774000,NetCashProvidedByUsedInFinancingActivities,USD,2023-03-01,10-K,2021-01-02,-133786000,NetCashProvidedByUsedInInvestingActivities,USD,2023-03-01,10-K,2021-01-02,181237000,NetCashProvidedByUsedInOperatingActivities,USD,2023-03-01,10-K,2021-01-02,through_ocf,True,,,0.034043,0.057817,0.851711,0.009498,-0.04268
2023Q2,2023-05-10,GOLD,1591588,"GOLD.COM, INC.",$2B-$10B,,6069450000,Revenues,USD,2023-05-10,10-Q,2022-03-31,95200000,NetIncomeLoss,USD,2023-05-10,10-Q,2022-03-31,1442659000,Assets,USD,2023-05-10,10-Q,2022-06-30,43567000,NetCashProvidedByUsedInFinancingActivities,USD,2023-05-10,10-Q,2022-03-31,-40721000,NetCashProvidedByUsedInInvestingActivities,USD,2023-05-10,10-Q,2022-03-31,-75702000,NetCashProvidedByUsedInOperatingActivities,USD,2023-05-10,10-Q,2022-03-31,through_ocf,True,,,0.015685,-0.012473,0.237692,0.007178,-0.006709
2023Q2,2023-05-04,GOLF,1672013,Acushnet Holdings Corp.,$500M-$1B,,606087000,RevenueFromContractWithCustomerExcludingAssessedTax,USD,2023-05-04,10-Q,2022-03-31,81045000,NetIncomeLoss,USD,2023-05-04,10-Q,2022-03-31,2193807000,Assets,USD,2023-05-04,10-Q,2022-12-31,9471000,NetCashProvidedByUsedInFinancingActivities,USD,2023-05-04,10-Q,2022-03-31,-11686000,NetCashProvidedByUsedInInvestingActivities,USD,2023-05-04,10-Q,2022-03-31,-164048000,NetCashProvidedByUsedInOperatingActivities,USD,2023-05-04,10-Q,2022-03-31,through_ocf,True,,,0.133718,-0.270667,3.619624,0.015626,-0.019281
2023Q2,2023-04-20,GPC,40987,GENUINE PARTS CO,$2B-$10B,,5294635000,RevenueFromContractWithCustomerExcludingAssessedTax,USD,2023-04-20,10-Q,2022-03-31,245838000,NetIncomeLoss,USD,2023-04-20,10-Q,2022-03-31,16495379000,Assets,USD,2023-04-20,10-Q,2022-12-31,913964000,NetCashProvidedByUsedInFinancingActivities,USD,2023-04-20,10-Q,2022-03-31,-1420945000,NetCashProvidedByUsedInInvestingActivities,USD,2023-04-20,10-Q,2022-03-31,398808000,NetCashProvidedByUsedInOperatingActivities,USD,2023-04-20,10-Q,2022-03-31,through_ocf,True,,,0.046432,0.075323,3.115489,0.172621,-0.268374
2023Q2,2023-04-26,GPI,1031203,"Group 1 Automotive, Inc",>$10B,,10600200000,RevenueFromContractWithCustomerExcludingAssessedTax,USD,2023-02-16,10-K,2020-12-31,286500000,NetIncomeLoss,USD,2023-02-16,10-K,2020-12-31,5749400000,Assets,USD,2023-02-16,10-K,2021-12-31,-668100000,NetCashProvidedByUsedInFinancingActivities,USD,2023-02-16,10-K,2020-12-31,-74700000,NetCashProvidedByUsedInInvestingActivities,USD,2023-02-16,10-K,2020-12-31,805400000,NetCashProvidedByUsedInOperatingActivities,USD,2023-02-16,10-K,2020-12-31,through_ocf,True,,,0.027028,0.07598,0.542386,-0.063027,-0.007047
2023Q2,2023-05-01,GPN,1123360,Global Payments Inc.,$2B-$10B,,7423558000,RevenueFromContractWithCustomerExcludingAssessedTax,USD,2023-02-17,10-K,2020-12-31,584520000,NetIncomeLoss,USD,2023-02-17,10-K,2020-12-31,45279713000,Assets,USD,2023-02-17,10-K,2021-12-31,-1546142000,NetCashProvidedByUsedInFinancingActivities,USD,2023-02-17,10-K,2020-12-31,-438342000,NetCashProvidedByUsedInInvestingActivities,USD,2023-02-17,10-K,2020-12-31,2314150000,NetCashProvidedByUsedInOperatingActivities,USD,2023-02-17,10-K,2020-12-31,through_ocf,True,,,0.078739,0.311731,6.099462,-0.208275,-0.059047
2023Q2,2023-05-02,GPOR,874499,Gulfport Energy Corporation,$500M-$1B,,866542000,Revenues,USD,2023-03-01,10-K,2020-12-31,-1625133000,NetIncomeLoss,USD,2023-03-01,10-K,2020-12-31,2252990000,Assets,USD,2023-03-01,10-K,2021-05-17,303084000,NetCashProvidedByUsedInFinancingActivities,USD,2023-03-01,10-K,2020-12-31,-314587000,NetCashProvidedByUsedInInvestingActivities,USD,2023-03-01,10-K,2020-12-31,95304000,NetCashProvidedByUsedInOperatingActivities,USD,2023-03-01,10-K,2020-12-31,through_ocf,True,,,-1.875423,0.109982,2.599978,0.349763,-0.363037
2023Q2,2023-05-03,GRBK,1373670,"Green Brick Partners, Inc.",$100M-$500M,,393616000,Revenues,USD,2023-05-03,10-Q,2022-03-31,61577000,NetIncomeLoss,USD,2023-05-03,10-Q,2022-03-31,1655675000,Assets,USD,2023-05-03,10-Q,2022-12-31,1123000,NetCashProvidedByUsedInFinancingActivities,USD,2023-05-03,10-Q,2022-03-31,-448000,NetCashProvidedByUsedInInvestingActivities,USD,2023-05-03,10-Q,2022-03-31,-13994000,NetCashProvidedByUsedInOperatingActivities,USD,2023-05-03,10-Q,2022-03-31,through_ocf,True,,,0.156439,-0.035552,4.20632,0.002853,-0.001138
2023Q2,2023-04-27,GRC,42682,THE GORMAN-RUPP COMPANY,$100M-$500M,,406150000,SalesRevenueNet,USD,2018-02-23,10-K,2015-12-31,25188000,NetIncomeLoss,USD,2023-03-08,10-K,2020-12-31,420754000,Assets,USD,2023-03-08,10-K,2021-12-31,-16136000,NetCashProvidedByUsedInFinancingActivities,USD,2023-03-08,10-K,2020-12-31,-7704000,NetCashProvidedByUsedInInvestingActivities,USD,2023-03-08,10-K,2020-12-31,51162000,NetCashProvidedByUsedInOperatingActivities,USD,2023-03-08,10-K,2020-12-31,through_ocf,True,,,0.062016,0.125968,1.035957,-0.039729,-0.018968
2023Q2,2023-05-03,GRMN,1121788,GARMIN LTD,$1B-$2B,,1172662000,RevenueFromContractWithCustomerExcludingAssessedTax,USD,2023-05-03,10-Q,2022-03-26,211592000,NetIncomeLoss,USD,2023-05-03,10-Q,2022-03-26,7731170000,Assets,USD,2023-05-03,10-Q,2022-12-31,-123320000,NetCashProvidedByUsedInFinancingActivities,USD,2023-05-03,10-Q,2022-03-26,-135881000,NetCashProvidedByUsedInInvestingActivities,USD,2023-05-03,10-Q,2022-03-26,185634000,NetCashProvidedByUsedInOperatingActivities,USD,2023-05-03,10-Q,2022-03-26,through_ocf,True,,,0.180437,0.158301,6.592837,-0.105162,-0.115874
2023Q2,2023-05-10,GRPN,1490281,"Groupon, Inc.",$100M-$500M,,153320000,RevenueFromContractWithCustomerExcludingAssessedTax,USD,2023-05-10,10-Q,2022-03-31,-34852000,NetIncomeLoss,USD,2023-05-10,10-Q,2022-03-31,793117000,Assets,USD,2023-05-10,10-Q,2022-12-31,-2964000,NetCashProvidedByUsedInFinancingActivities,USD,2023-05-10,10-Q,2022-03-31,-13916000,NetCashProvidedByUsedInInvestingActivities,USD,2023-05-10,10-Q,2022-03-31,-124000000,NetCashProvidedByUsedInOperatingActivities,USD,2023-05-10,10-Q,2021-12-31,through_ocf,True,,,-0.227315,-0.808766,5.172952,-0.019332,-0.090764
2023Q2,2023-05-04,GT,42582,The Goodyear Tire & Rubber Company,>$10B,,12321000000,RevenueFromContractWithCustomerExcludingAssessedTax,USD,2023-02-13,10-K,2020-12-31,-1254000000,NetIncomeLoss,USD,2023-02-13,10-K,2020-12-31,21402000000,Assets,USD,2023-02-13,10-K,2021-12-31,203000000,NetCashProvidedByUsedInFinancingActivities,USD,2023-02-13,10-K,2020-12-31,-667000000,NetCashProvidedByUsedInInvestingActivities,USD,2023-02-13,10-K,2020-12-31,1115000000,NetCashProvidedByUsedInOperatingActivities,USD,2023-02-13,10-K,2020-12-31,through_ocf,True,,,-0.101777,0.090496,1.737034,0.016476,-0.054135
2023Q2,2023-06-05,GTLB,1653482,GITLAB INC.,$100M-$500M,,152176000,RevenueFromContractWithCustomerExcludingAssessedTax,USD,2023-03-30,10-K,2021-01-31,-192194000,NetIncomeLoss,USD,2023-03-30,10-K,2021-01-31,1091438000,Assets,USD,2023-03-30,10-K,2022-01-31,12945000,NetCashProvidedByUsedInFinancingActivities,USD,2023-03-30,10-K,2021-01-31,-842000,NetCashProvidedByUsedInInvestingActivities,USD,2023-03-30,10-K,2021-01-31,-73580000,NetCashProvidedByUsedInOperatingActivities,USD,2023-03-30,10-K,2021-01-31,through_ocf,True,,,-1.262972,-0.483519,7.172208,0.085066,-0.005533
2023Q2,2023-04-11,GTLS,892553,"CHART INDUSTRIES, INC",$1B-$2B,,1177100000,RevenueFromContractWithCustomerExcludingAssessedTax,USD,2023-02-24,10-K,2020-12-31,308100000,NetIncomeLoss,USD,2023-02-24,10-K,2020-12-31,3043800000,Assets,USD,2023-02-24,10-K,2021-12-31,-363400000,NetCashProvidedByUsedInFinancingActivities,USD,2023-02-24,10-K,2020-12-31,185000000,NetCashProvidedByUsedInInvestingActivities,USD,2023-02-24,10-K,2020-12-31,172700000,NetCashProvidedByUsedInOperatingActivities,USD,2023-02-24,10-K,2020-12-31,through_ocf,True,,,0.261745,0.146717,2.585847,-0.308725,0.157166
2023Q2,2023-05-01,GTM,1794515,ZoomInfo Technologies Inc.,$100M-$500M,,241700000,RevenueFromContractWithCustomerExcludingAssessedTax,USD,2023-05-01,10-Q,2022-03-31,6200000,NetIncomeLoss,USD,2023-05-01,10-Q,2022-03-31,7136400000,Assets,USD,2023-05-01,10-Q,2022-12-31,-10300000,NetCashProvidedByUsedInFinancingActivities,USD,2023-05-01,10-Q,2022-03-31,-8600000,NetCashProvidedByUsedInInvestingActivities,USD,2023-05-01,10-Q,2022-03-31,105000000,NetCashProvidedByUsedInOperatingActivities,USD,2023-05-01,10-Q,2022-03-31,through_ocf,True,,,0.025652,0.434423,29.525859,-0.042615,-0.035581
2023Q2,2023-04-04,GTX,1735707,Garrett Motion Inc.,$2B-$10B,,3034000000,Revenues,USD,2023-02-14,10-K,2020-12-31,80000000,NetIncomeLoss,USD,2023-02-14,10-K,2020-12-31,2706000000,Assets,USD,2023-02-14,10-K,2021-12-31,530000000,NetCashProvidedByUsedInFinancingActivities,USD,2023-02-14,10-K,2020-12-31,-80000000,NetCashProvidedByUsedInInvestingActivities,USD,2023-02-14,10-K,2020-12-31,25000000,NetCashProvidedByUsedInOperatingActivities,USD,2023-02-14,10-K,2020-12-31,through_ocf,True,,,0.026368,0.00824,0.891892,0.174687,-0.026368
2023Q2,2023-04-27,GWW,277135,"W.W. Grainger, Inc.",$2B-$10B,,3647000000,RevenueFromContractWithCustomerExcludingAssessedTax,USD,2023-04-27,10-Q,2022-03-31,366000000,NetIncomeLoss,USD,2023-04-27,10-Q,2022-03-31,7588000000,Assets,USD,2023-04-27,10-Q,2022-12-31,-159000000,NetCashProvidedByUsedInFinancingActivities,USD,2023-04-27,10-Q,2022-03-31,-57000000,NetCashProvidedByUsedInInvestingActivities,USD,2023-04-27,10-Q,2022-03-31,343000000,NetCashProvidedByUsedInOperatingActivities,USD,2023-04-27,10-Q,2022-03-31,through_ocf,True,,,0.100356,0.09405,2.080614,-0.043597,-0.015629
2023Q2,2023-05-11,HAE,313143,HAEMONETICS CORPORATION,$500M-$1B,,728194000,RevenueFromContractWithCustomerExcludingAssessedTax,USD,2023-02-07,10-Q,2022-01-01,-4454000,NetIncomeLoss,USD,2023-02-07,10-Q,2021-07-03,1859734000,Assets,USD,2023-02-07,10-Q,2022-04-02,-6984000,NetCashProvidedByUsedInFinancingActivities,USD,2023-02-07,10-Q,2022-01-01,-51833000,NetCashProvidedByUsedInInvestingActivities,USD,2023-02-07,10-Q,2022-01-01,104213000,NetCashProvidedByUsedInOperatingActivities,USD,2023-02-07,10-Q,2022-01-01,through_ocf,True,,,-0.006117,0.143112,2.553899,-0.009591,-0.07118
2023Q2,2023-05-09,HAIN,910406,"The Hain Celestial Group, Inc.",$1B-$2B,,1434783000,RevenueFromContractWithCustomerExcludingAssessedTax,USD,2023-05-09,10-Q,2022-03-31,19411000,NetIncomeLoss,USD,2023-05-09,10-Q,2021-09-30,2458384000,Assets,USD,2023-05-09,10-Q,2022-06-30,172858000,NetCashProvidedByUsedInFinancingActivities,USD,2023-05-09,10-Q,2022-03-31,-284271000,NetCashProvidedByUsedInInvestingActivities,USD,2023-05-09,10-Q,2022-03-31,99186000,NetCashProvidedByUsedInOperatingActivities,USD,2023-05-09,10-Q,2022-03-31,through_ocf,True,,,0.013529,0.06913,1.713419,0.120477,-0.198128
2023Q2,2023-04-25,HAL,45012,HALLIBURTON COMPANY,$2B-$10B,,9236000000,SalesRevenueNet,USD,2018-07-27,10-Q,2017-06-30,-2945000000,NetIncomeLoss,USD,2023-02-07,10-K,2020-12-31,22321000000,Assets,USD,2023-02-07,10-K,2021-12-31,-1007000000,NetCashProvidedByUsedInFinancingActivities,USD,2023-02-07,10-K,2020-12-31,-486000000,NetCashProvidedByUsedInInvestingActivities,USD,2023-02-07,10-K,2020-12-31,1881000000,NetCashProvidedByUsedInOperatingActivities,USD,2023-02-07,10-K,2020-12-31,through_ocf,True,,,-0.318861,0.20366,2.416739,-0.10903,-0.05262
2023Q2,2023-05-09,HALO,1159036,"HALOZYME THERAPEUTICS, INC.",$100M-$500M,,117279000,RevenueFromContractWithCustomerExcludingAssessedTax,USD,2023-05-09,10-Q,2022-03-31,60108000,NetIncomeLoss,USD,2023-05-09,10-Q,2022-03-31,1841511000,Assets,USD,2023-05-09,10-Q,2022-12-31,624000,NetCashProvidedByUsedInFinancingActivities,USD,2023-05-09,10-Q,2022-03-31,-49305000,NetCashProvidedByUsedInInvestingActivities,USD,2023-05-09,10-Q,2022-03-31,47797000,NetCashProvidedByUsedInOperatingActivities,USD,2023-05-09,10-Q,2022-03-31,through_ocf,True,,,0.512521,0.40755,15.701967,0.005321,-0.420408
2023Q2,2023-04-27,HAS,46080,"HASBRO, INC.",$2B-$10B,,5465400000,Revenues,USD,2023-02-22,10-K,2020-12-27,222500000,NetIncomeLoss,USD,2023-02-22,10-K,2020-12-27,10818400000,Assets,USD,2023-02-22,10-K,2020-12-27,405900000,NetCashProvidedByUsedInFinancingActivities,USD,2023-02-22,10-K,2020-12-27,-4500200000,NetCashProvidedByUsedInInvestingActivities,USD,2023-02-22,10-K,2020-12-27,976300000,NetCashProvidedByUsedInOperatingActivities,USD,2023-02-22,10-K,2020-12-27,through_ocf,True,,,0.040711,0.178633,1.979434,0.074267,-0.823398
2023Q2,2023-04-20,HBAN,49196,Huntington Bancshares Incorporated,$500M-$1B,,884000000,RevenueFromContractWithCustomerExcludingAssessedTax,USD,2023-02-17,10-K,2020-12-31,817000000,NetIncomeLoss,USD,2023-02-17,10-K,2020-12-31,174064000000,Assets,USD,2023-02-17,10-K,2021-12-31,12741000000,NetCashProvidedByUsedInFinancingActivities,USD,2023-02-17,10-K,2020-12-31,-8639000000,NetCashProvidedByUsedInInvestingActivities,USD,2023-02-17,10-K,2020-12-31,1323000000,NetCashProvidedByUsedInOperatingActivities,USD,2023-02-17,10-K,2020-12-31,through_ocf,True,,,0.924208,1.496606,196.904977,14.412896,-9.772624
2023Q2,2023-04-20,HBANL,49196,Huntington Bancshares Incorporated,$500M-$1B,,884000000,RevenueFromContractWithCustomerExcludingAssessedTax,USD,2023-02-17,10-K,2020-12-31,817000000,NetIncomeLoss,USD,2023-02-17,10-K,2020-12-31,174064000000,Assets,USD,2023-02-17,10-K,2021-12-31,12741000000,NetCashProvidedByUsedInFinancingActivities,USD,2023-02-17,10-K,2020-12-31,-8639000000,NetCashProvidedByUsedInInvestingActivities,USD,2023-02-17,10-K,2020-12-31,1323000000,NetCashProvidedByUsedInOperatingActivities,USD,2023-02-17,10-K,2020-12-31,through_ocf,True,,,0.924208,1.496606,196.904977,14.412896,-9.772624
2023Q2,2023-04-20,HBANP,49196,Huntington Bancshares Incorporated,$500M-$1B,,884000000,RevenueFromContractWithCustomerExcludingAssessedTax,USD,2023-02-17,10-K,2020-12-31,817000000,NetIncomeLoss,USD,2023-02-17,10-K,2020-12-31,174064000000,Assets,USD,2023-02-17,10-K,2021-12-31,12741000000,NetCashProvidedByUsedInFinancingActivities,USD,2023-02-17,10-K,2020-12-31,-8639000000,NetCashProvidedByUsedInInvestingActivities,USD,2023-02-17,10-K,2020-12-31,1323000000,NetCashProvidedByUsedInOperatingActivities,USD,2023-02-17,10-K,2020-12-31,through_ocf,True,,,0.924208,1.496606,196.904977,14.412896,-9.772624
2023Q2,2023-05-03,HBB,1709164,HAMILTON BEACH BRANDS HOLDING COMPANY,$100M-$500M,,146351000,RevenueFromContractWithCustomerExcludingAssessedTax,USD,2023-05-03,10-Q,2022-03-31,7173000,NetIncomeLoss,USD,2023-05-03,10-Q,2022-03-31,436665000,Assets,USD,2023-05-03,10-Q,2022-03-31,21014000,NetCashProvidedByUsedInFinancingActivities,USD,2023-05-03,10-Q,2022-03-31,-406000,NetCashProvidedByUsedInInvestingActivities,USD,2023-05-03,10-Q,2022-03-31,-20755000,NetCashProvidedByUsedInOperatingActivities,USD,2023-05-03,10-Q,2022-03-31,through_ocf,True,,,0.049012,-0.141817,2.983683,0.143586,-0.002774
2023Q2,2023-05-03,HCC,1691303,"Warrior Met Coal, Inc.",$100M-$500M,,253964000,SalesRevenueNet,USD,2018-05-02,10-Q,2017-03-31,146249000,NetIncomeLoss,USD,2023-05-03,10-Q,2022-03-31,2028095000,Assets,USD,2023-05-03,10-Q,2022-12-31,-14045000,NetCashProvidedByUsedInFinancingActivities,USD,2023-05-03,10-Q,2022-03-31,-17888000,NetCashProvidedByUsedInInvestingActivities,USD,2023-05-03,10-Q,2022-03-31,70141000,NetCashProvidedByUsedInOperatingActivities,USD,2023-05-03,10-Q,2022-03-31,through_ocf,True,,,0.575865,0.276185,7.985758,-0.055303,-0.070435
2023Q2,2023-05-09,HCI,1400810,"HCI Group, Inc.",<$100M,,55380000,Revenues,USD,2023-03-10,10-K,2020-03-31,27580000,NetIncomeLoss,USD,2023-03-10,10-K,2020-12-31,1176857000,Assets,USD,2023-03-10,10-K,2021-12-31,-16705000,NetCashProvidedByUsedInFinancingActivities,USD,2023-03-10,10-K,2020-12-31,143215000,NetCashProvidedByUsedInInvestingActivities,USD,2023-03-10,10-K,2020-12-31,77311000,NetCashProvidedByUsedInOperatingActivities,USD,2023-03-10,10-K,2020-12-31,through_ocf,True,,,0.498014,1.396009,21.250578,-0.301643,2.586042
2023Q2,2023-04-26,HCSG,731012,"HEALTHCARE SERVICES GROUP, INC.",$1B-$2B,,1760303000,RevenueFromContractWithCustomerExcludingAssessedTax,USD,2023-02-17,10-K,2020-12-31,98682000,NetIncomeLoss,USD,2023-02-17,10-K,2020-12-31,785031000,Assets,USD,2023-02-17,10-K,2020-12-31,-68367000,NetCashProvidedByUsedInFinancingActivities,USD,2023-02-17,10-K,2020-12-31,-36845000,NetCashProvidedByUsedInInvestingActivities,USD,2023-02-17,10-K,2020-12-31,217213000,NetCashProvidedByUsedInOperatingActivities,USD,2023-02-17,10-K,2020-12-31,through_ocf,True,,,0.05606,0.123395,0.445964,-0.038838,-0.020931
2023Q2,2023-05-09,HE,354707,"Hawaiian Electric Industries, Inc.",$500M-$1B,,785068000,Revenues,USD,2023-05-09,10-Q,2022-03-31,69640000,NetIncomeLoss,USD,2023-05-09,10-Q,2022-03-31,16284244000,Assets,USD,2023-05-09,10-Q,2022-12-31,131283000,NetCashProvidedByUsedInFinancingActivities,USD,2023-05-09,10-Q,2022-03-31,-227714000,NetCashProvidedByUsedInInvestingActivities,USD,2023-05-09,10-Q,2022-03-31,92585000,NetCashProvidedByUsedInOperatingActivities,USD,2023-05-09,10-Q,2022-03-31,through_ocf,True,,,0.088706,0.117932,20.742463,0.167225,-0.290056
2023Q2,2023-04-19,HELE,916789,HELEN OF TROY LIMITED,$1B-$2B,,1641335000,RevenueFromContractWithCustomerExcludingAssessedTax,USD,2023-01-06,10-Q,2021-11-30,183970000,NetIncomeLoss,USD,2023-01-06,10-Q,2021-11-30,2823451000,Assets,USD,2023-01-06,10-Q,2022-02-28,-4198000,NetCashProvidedByUsedInFinancingActivities,USD,2023-01-06,10-Q,2021-11-30,8476000,NetCashProvidedByUsedInInvestingActivities,USD,2023-01-06,10-Q,2021-11-30,-5054000,NetCashProvidedByUsedInOperatingActivities,USD,2023-01-06,10-Q,2021-11-30,through_ocf,True,,,0.112086,-0.003079,1.720216,-0.002558,0.005164
2023Q2,2023-04-27,HGV,1674168,Hilton Grand Vacations Inc.,$500M-$1B,,779000000,Revenues,USD,2023-04-27,10-Q,2022-03-31,51000000,NetIncomeLoss,USD,2023-04-27,10-Q,2022-03-31,8004000000,Assets,USD,2023-04-27,10-Q,2022-12-31,-133000000,NetCashProvidedByUsedInFinancingActivities,USD,2023-04-27,10-Q,2022-03-31,-14000000,NetCashProvidedByUsedInInvestingActivities,USD,2023-04-27,10-Q,2022-03-31,270000000,NetCashProvidedByUsedInOperatingActivities,USD,2023-04-27,10-Q,2022-03-31,through_ocf,True,,,0.065469,0.346598,10.274711,-0.170732,-0.017972
2023Q2,2023-04-13,HIG,874766,"The Hartford Insurance Group, Inc.",>$10B,,20523000000,Revenues,USD,2023-02-24,10-K,2020-12-31,1737000000,NetIncomeLoss,USD,2023-02-24,10-K,2020-12-31,76578000000,Assets,USD,2023-02-24,10-K,2021-12-31,-1778000000,NetCashProvidedByUsedInFinancingActivities,USD,2023-02-24,10-K,2020-12-31,-2066000000,NetCashProvidedByUsedInInvestingActivities,USD,2023-02-24,10-K,2020-12-31,3871000000,NetCashProvidedByUsedInOperatingActivities,USD,2023-02-24,10-K,2020-12-31,through_ocf,True,,,0.084637,0.188618,3.731326,-0.086635,-0.100668
2023Q2,2023-05-04,HII,1501585,"HUNTINGTON INGALLS INDUSTRIES, INC.",$2B-$10B,,2576000000,Revenues,USD,2023-05-04,10-Q,2022-03-31,140000000,NetIncomeLoss,USD,2023-05-04,10-Q,2022-03-31,10857000000,Assets,USD,2023-05-04,10-Q,2022-12-31,-171000000,NetCashProvidedByUsedInFinancingActivities,USD,2023-05-04,10-Q,2022-03-31,-43000000,NetCashProvidedByUsedInInvestingActivities,USD,2023-05-04,10-Q,2022-03-31,-83000000,NetCashProvidedByUsedInOperatingActivities,USD,2023-05-04,10-Q,2022-03-31,through_ocf,True,,,0.054348,-0.03222,4.214674,-0.066382,-0.016693
2023Q2,2023-05-08,HIMS,1773751,"HIMS & HERS HEALTH, INC.",$100M-$500M,,101314000,RevenueFromContractWithCustomerExcludingAssessedTax,USD,2023-05-08,10-Q,2022-03-31,-16252000,NetIncomeLoss,USD,2023-05-08,10-Q,2022-03-31,366341000,Assets,USD,2023-05-08,10-Q,2022-12-31,-22527000,NetCashProvidedByUsedInFinancingActivities,USD,2023-05-08,10-Q,2022-03-31,18453000,NetCashProvidedByUsedInInvestingActivities,USD,2023-05-08,10-Q,2022-03-31,-19403000,NetCashProvidedByUsedInOperatingActivities,USD,2023-05-08,10-Q,2022-03-31,through_ocf,True,,,-0.160412,-0.191514,3.615897,-0.222348,0.182137
2023Q2,2023-05-02,HLF,1180262,Herbalife Ltd.,$1B-$2B,,1335800000,RevenueFromContractWithCustomerExcludingAssessedTax,USD,2023-05-02,10-Q,2022-03-31,98200000,NetIncomeLoss,USD,2023-05-02,10-Q,2022-03-31,2732000000,Assets,USD,2023-05-02,10-Q,2022-12-31,-122400000,NetCashProvidedByUsedInFinancingActivities,USD,2023-05-02,10-Q,2022-03-31,-41200000,NetCashProvidedByUsedInInvestingActivities,USD,2023-05-02,10-Q,2022-03-31,130500000,NetCashProvidedByUsedInOperatingActivities,USD,2023-05-02,10-Q,2022-03-31,through_ocf,True,,,0.073514,0.097694,2.045216,-0.09163,-0.030843
2023Q2,2023-05-08,HLIO,1024795,"HELIOS TECHNOLOGIES, INC.",$500M-$1B,,523000000,RevenueFromContractWithCustomerExcludingAssessedTax,USD,2023-02-28,10-K,2021-01-02,14200000,NetIncomeLoss,USD,2023-02-28,10-K,2021-01-02,1297000000,Assets,USD,2023-02-28,10-K,2021-01-02,137700000,NetCashProvidedByUsedInFinancingActivities,USD,2023-02-28,10-K,2021-01-02,-235900000,NetCashProvidedByUsedInInvestingActivities,USD,2023-02-28,10-K,2021-01-02,108600000,NetCashProvidedByUsedInOperatingActivities,USD,2023-02-28,10-K,2021-01-02,through_ocf,True,,,0.027151,0.207648,2.479924,0.263289,-0.451052
2023Q2,2023-05-08,HLIT,851310,HARMONIC INC.,$100M-$500M,,378831000,RevenueFromContractWithCustomerExcludingAssessedTax,USD,2023-02-28,10-K,2020-12-31,-29271000,NetIncomeLoss,USD,2023-02-28,10-K,2020-12-31,693686000,Assets,USD,2023-02-28,10-K,2021-12-31,-2109000,NetCashProvidedByUsedInFinancingActivities,USD,2023-02-28,10-K,2020-12-31,-32205000,NetCashProvidedByUsedInInvestingActivities,USD,2023-02-28,10-K,2020-12-31,39163000,NetCashProvidedByUsedInOperatingActivities,USD,2023-02-28,10-K,2020-12-31,through_ocf,True,,,-0.077267,0.103379,1.831123,-0.005567,-0.085012
2023Q2,2023-05-09,HLMN,1822492,Hillman Solutions Corp.,$100M-$500M,,363013000,RevenueFromContractWithCustomerExcludingAssessedTax,USD,2023-05-09,10-Q,2022-03-26,-1887000,NetIncomeLoss,USD,2023-05-09,10-Q,2022-03-26,2470690000,Assets,USD,2023-05-09,10-Q,2022-12-31,24436000,NetCashProvidedByUsedInFinancingActivities,USD,2023-05-09,10-Q,2022-03-26,-15041000,NetCashProvidedByUsedInInvestingActivities,USD,2023-05-09,10-Q,2022-03-26,-3542000,NetCashProvidedByUsedInOperatingActivities,USD,2023-05-09,10-Q,2022-03-26,through_ocf,True,,,-0.005198,-0.009757,6.806065,0.067314,-0.041434
2023Q2,2023-05-25,HLNE,1433642,Hamilton Lane Inc,$100M-$500M,,341635000,RevenueFromContractWithCustomerExcludingAssessedTax,USD,2023-05-25,10-K,2021-03-31,98022000,NetIncomeLoss,USD,2023-05-25,10-K,2021-03-31,1294946000,Assets,USD,2023-05-25,10-K,2022-03-31,270660000,NetCashProvidedByUsedInFinancingActivities,USD,2023-05-25,10-K,2021-03-31,-421781000,NetCashProvidedByUsedInInvestingActivities,USD,2023-05-25,10-K,2021-03-31,188158000,NetCashProvidedByUsedInOperatingActivities,USD,2023-05-25,10-K,2021-03-31,through_ocf,True,,,0.28692,0.550757,3.790437,0.792249,-1.234595
2023Q2,2023-04-26,HLT,1585689,Hilton Worldwide Holdings Inc.,$1B-$2B,,1721000000,RevenueFromContractWithCustomerExcludingAssessedTax,USD,2023-04-26,10-Q,2022-03-31,212000000,NetIncomeLoss,USD,2023-04-26,10-Q,2022-03-31,15512000000,Assets,USD,2023-04-26,10-Q,2022-12-31,-167000000,NetCashProvidedByUsedInFinancingActivities,USD,2023-04-26,10-Q,2022-03-31,-26000000,NetCashProvidedByUsedInInvestingActivities,USD,2023-04-26,10-Q,2022-03-31,195000000,NetCashProvidedByUsedInOperatingActivities,USD,2023-04-26,10-Q,2022-03-31,through_ocf,True,,,0.123184,0.113306,9.013364,-0.097037,-0.015107
2023Q2,2023-04-25,HLX,866829,"HELIX ENERGY SOLUTIONS GROUP, INC.",$500M-$1B,,733555000,RevenueFromContractWithCustomerExcludingAssessedTax,USD,2023-02-24,10-K,2020-12-31,22174000,NetIncomeLoss,USD,2023-02-24,10-K,2020-12-31,2326028000,Assets,USD,2023-02-24,10-K,2021-12-31,-52578000,NetCashProvidedByUsedInFinancingActivities,USD,2023-02-24,10-K,2020-12-31,-19281000,NetCashProvidedByUsedInInvestingActivities,USD,2023-02-24,10-K,2020-12-31,98800000,NetCashProvidedByUsedInOperatingActivities,USD,2023-02-24,10-K,2020-12-31,through_ocf,True,,,0.030228,0.134687,3.170898,-0.071676,-0.026284
2023Q2,2023-04-20,HMN,850141,Horace Mann Educators Corporation,$1B-$2B,,1310400000,Revenues,USD,2023-02-28,10-K,2020-12-31,133300000,NetIncomeLoss,USD,2023-02-28,10-K,2020-12-31,13471800000,Assets,USD,2023-02-28,10-K,2020-12-31,143800000,NetCashProvidedByUsedInFinancingActivities,USD,2023-02-28,10-K,2020-12-31,-406800000,NetCashProvidedByUsedInInvestingActivities,USD,2023-02-28,10-K,2020-12-31,259800000,NetCashProvidedByUsedInOperatingActivities,USD,2023-02-28,10-K,2020-12-31,through_ocf,True,,,0.101725,0.19826,10.280678,0.109737,-0.31044
2023Q2,2023-05-08,HNI,48287,HNI Corporation,$1B-$2B,,1955400000,RevenueFromContractWithCustomerExcludingAssessedTax,USD,2023-02-28,10-K,2021-01-02,41900000,NetIncomeLoss,USD,2023-02-28,10-K,2021-01-02,1418000000,Assets,USD,2023-02-28,10-K,2021-01-02,-50100000,NetCashProvidedByUsedInFinancingActivities,USD,2023-02-28,10-K,2021-01-02,-100400000,NetCashProvidedByUsedInInvestingActivities,USD,2023-02-28,10-K,2021-01-02,214500000,NetCashProvidedByUsedInOperatingActivities,USD,2023-02-28,10-K,2021-01-02,through_ocf,True,,,0.021428,0.109696,0.725171,-0.025621,-0.051345
2023Q2,2023-04-27,HON,773840,HONEYWELL INTERNATIONAL INC,$2B-$10B,,8376000000,RevenueFromContractWithCustomerExcludingAssessedTax,USD,2023-04-27,10-Q,2022-03-31,1134000000,NetIncomeLoss,USD,2023-04-27,10-Q,2022-03-31,62275000000,Assets,USD,2023-04-27,10-Q,2022-12-31,-1719000000,NetCashProvidedByUsedInFinancingActivities,USD,2023-04-27,10-Q,2022-03-31,-10000000,NetCashProvidedByUsedInInvestingActivities,USD,2023-04-27,10-Q,2022-03-31,36000000,NetCashProvidedByUsedInOperatingActivities,USD,2023-04-27,10-Q,2022-03-31,through_ocf,True,,,0.135387,0.004298,7.434933,-0.205229,-0.001194
2023Q2,2023-05-31,HOV,357294,HOVNANIAN ENTERPRISES INC,$500M-$1B,,565313000,Revenues,USD,2023-03-06,10-Q,2022-01-31,24808000,ProfitLoss,USD,2023-03-06,10-Q,2022-01-31,2562030000,Assets,USD,2023-03-06,10-Q,2022-10-31,17118000,NetCashProvidedByUsedInFinancingActivities,USD,2023-03-06,10-Q,2022-01-31,-2927000,NetCashProvidedByUsedInInvestingActivities,USD,2023-03-06,10-Q,2022-01-31,-115729000,NetCashProvidedByUsedInOperatingActivities,USD,2023-03-06,10-Q,2022-01-31,through_ocf,True,,,0.043884,-0.204717,4.532056,0.030281,-0.005178
2023Q2,2023-04-26,HP,46765,"HELMERICH & PAYNE, INC.",$500M-$1B,,877379000,Revenues,USD,2023-04-26,10-Q,2022-03-31,-51362000,NetIncomeLoss,USD,2023-04-26,10-Q,2021-12-31,4355531000,Assets,USD,2023-04-26,10-Q,2022-09-30,-680915000,NetCashProvidedByUsedInFinancingActivities,USD,2023-04-26,10-Q,2022-03-31,-45321000,NetCashProvidedByUsedInInvestingActivities,USD,2023-04-26,10-Q,2022-03-31,18896000,NetCashProvidedByUsedInOperatingActivities,USD,2023-04-26,10-Q,2022-03-31,through_ocf,True,,,-0.05854,0.021537,4.964253,-0.776079,-0.051655
2023Q2,2023-05-08,HPP,1482512,"Hudson Pacific Properties, Inc.",$500M-$1B,,804965000,Revenues,USD,2023-02-10,10-K,2020-12-31,16430000,ProfitLoss,USD,2023-02-10,10-K,2020-12-31,8990189000,Assets,USD,2023-02-10,10-K,2021-12-31,796094000,NetCashProvidedByUsedInFinancingActivities,USD,2023-02-10,10-K,2020-12-31,-1006844000,NetCashProvidedByUsedInInvestingActivities,USD,2023-02-10,10-K,2020-12-31,302032000,NetCashProvidedByUsedInOperatingActivities,USD,2023-02-10,10-K,2020-12-31,through_ocf,True,,,0.020411,0.375211,11.168422,0.98898,-1.250792
2023Q2,2023-06-05,HQY,1428336,"HEALTHEQUITY, INC.",$500M-$1B,,733570000,RevenueFromContractWithCustomerExcludingAssessedTax,USD,2023-03-30,10-K,2021-01-31,8834000,NetIncomeLoss,USD,2023-03-30,10-K,2021-01-31,3107102000,Assets,USD,2023-03-30,10-K,2022-01-31,52422000,NetCashProvidedByUsedInFinancingActivities,USD,2023-03-30,10-K,2021-01-31,-96964000,NetCashProvidedByUsedInInvestingActivities,USD,2023-03-30,10-K,2021-01-31,181619000,NetCashProvidedByUsedInOperatingActivities,USD,2023-03-30,10-K,2021-01-31,through_ocf,True,,,0.012042,0.247582,4.23559,0.071461,-0.132181
2023Q2,2023-04-20,HRI,1364479,HERC HOLDINGS INC.,$100M-$500M,,389400000,SalesRevenueNet,USD,2018-05-09,10-Q,2017-03-31,58000000,NetIncomeLoss,USD,2023-04-20,10-Q,2022-03-31,5957000000,Assets,USD,2023-04-20,10-Q,2022-12-31,192000000,NetCashProvidedByUsedInFinancingActivities,USD,2023-04-20,10-Q,2022-03-31,-347000000,NetCashProvidedByUsedInInvestingActivities,USD,2023-04-20,10-Q,2022-03-31,143000000,NetCashProvidedByUsedInOperatingActivities,USD,2023-04-20,10-Q,2022-03-31,through_ocf,True,,,0.148947,0.367232,15.297894,0.493066,-0.891115
2023Q2,2023-06-01,HRL,48465,HORMEL FOODS CORPORATION,$2B-$10B,,6674911000,SalesRevenueNet,USD,2018-09-07,10-Q,2017-07-30,501188000,NetIncomeLoss,USD,2023-06-01,10-Q,2022-05-01,13306919000,Assets,USD,2023-06-01,10-Q,2022-10-30,-204001000,NetCashProvidedByUsedInFinancingActivities,USD,2023-06-01,10-Q,2022-05-01,-125811000,NetCashProvidedByUsedInInvestingActivities,USD,2023-06-01,10-Q,2022-05-01,577111000,NetCashProvidedByUsedInOperatingActivities,USD,2023-06-01,10-Q,2022-05-01,through_ocf,True,,,0.075085,0.08646,1.993572,-0.030562,-0.018848
2023Q2,2023-05-02,HRMY,1802665,"HARMONY BIOSCIENCES HOLDINGS, INC.",<$100M,,85313000,RevenueFromContractWithCustomerExcludingAssessedTax,USD,2023-05-02,10-Q,2022-03-31,21485000,NetIncomeLoss,USD,2023-05-02,10-Q,2022-03-31,673870000,Assets,USD,2023-05-02,10-Q,2022-12-31,1383000,NetCashProvidedByUsedInFinancingActivities,USD,2023-05-02,10-Q,2022-03-31,-40045000,NetCashProvidedByUsedInInvestingActivities,USD,2023-05-02,10-Q,2022-03-31,28852000,NetCashProvidedByUsedInOperatingActivities,USD,2023-05-02,10-Q,2022-03-31,through_ocf,True,,,0.251837,0.33819,7.898796,0.016211,-0.469389
2023Q2,2023-05-04,HRTG,1598665,"HERITAGE INSURANCE HOLDINGS, INC.",$500M-$1B,,593385000,Revenues,USD,2023-03-13,10-K,2020-12-31,9326000,NetIncomeLoss,USD,2023-03-13,10-K,2020-12-31,1980762000,Assets,USD,2023-03-13,10-K,2021-12-31,-28898000,NetCashProvidedByUsedInFinancingActivities,USD,2023-03-13,10-K,2020-12-31,22062000,NetCashProvidedByUsedInInvestingActivities,USD,2023-03-13,10-K,2020-12-31,170211000,NetCashProvidedByUsedInOperatingActivities,USD,2023-03-13,10-K,2020-12-31,through_ocf,True,,,0.015717,0.286847,3.338072,-0.0487,0.03718
2023Q2,2023-05-09,HSIC,1000228,"HENRY SCHEIN, INC.",$2B-$10B,,3179000000,RevenueFromContractWithCustomerExcludingAssessedTax,USD,2023-05-09,10-Q,2022-03-26,181000000,NetIncomeLoss,USD,2023-05-09,10-Q,2022-03-26,8607000000,Assets,USD,2023-05-09,10-Q,2022-12-31,-62000000,NetCashProvidedByUsedInFinancingActivities,USD,2023-05-09,10-Q,2022-03-26,-27000000,NetCashProvidedByUsedInInvestingActivities,USD,2023-05-09,10-Q,2022-03-26,93000000,NetCashProvidedByUsedInOperatingActivities,USD,2023-05-09,10-Q,2022-03-26,through_ocf,True,,,0.056936,0.029254,2.707455,-0.019503,-0.008493
2023Q2,2023-05-03,HST,1070750,"HOST HOTELS & RESORTS, INC.",$1B-$2B,,1620000000,RevenueFromContractWithCustomerExcludingAssessedTax,USD,2023-02-22,10-K,2020-12-31,-732000000,NetIncomeLoss,USD,2023-02-22,10-K,2020-12-31,12352000000,Assets,USD,2023-02-22,10-K,2021-12-31,1231000000,NetCashProvidedByUsedInFinancingActivities,USD,2023-02-22,10-K,2020-12-31,-195000000,NetCashProvidedByUsedInInvestingActivities,USD,2023-02-22,10-K,2020-12-31,-307000000,NetCashProvidedByUsedInOperatingActivities,USD,2023-02-22,10-K,2020-12-31,through_ocf,True,,,-0.451852,-0.189506,7.624691,0.759877,-0.12037
2023Q2,2023-04-27,HSY,47111,HERSHEY CO,$2B-$10B,,2666221000,RevenueFromContractWithCustomerExcludingAssessedTax,USD,2023-04-27,10-Q,2022-04-03,533478000,NetIncomeLoss,USD,2023-04-27,10-Q,2022-04-03,10948820000,Assets,USD,2023-04-27,10-Q,2022-12-31,-463454000,NetCashProvidedByUsedInFinancingActivities,USD,2023-04-27,10-Q,2022-04-03,-163966000,NetCashProvidedByUsedInInvestingActivities,USD,2023-04-27,10-Q,2022-04-03,656467000,NetCashProvidedByUsedInOperatingActivities,USD,2023-04-27,10-Q,2022-04-03,through_ocf,True,,,0.200088,0.246216,4.106494,-0.173824,-0.061498
2023Q2,2023-04-20,HTH,1265131,Hilltop Holdings Inc.,$100M-$500M,,111812000,Revenues,USD,2012-11-02,10-Q,2011-09-30,447836000,NetIncomeLoss,USD,2023-02-17,10-K,2020-12-31,18689080000,Assets,USD,2023-02-17,10-K,2021-12-31,1257744000,NetCashProvidedByUsedInFinancingActivities,USD,2023-02-17,10-K,2020-12-31,-827666000,NetCashProvidedByUsedInInvestingActivities,USD,2023-02-17,10-K,2020-12-31,280436000,NetCashProvidedByUsedInOperatingActivities,USD,2023-02-17,10-K,2020-12-31,through_ocf,True,,,4.005259,2.508103,167.147354,11.248739,-7.4023
2023Q2,2023-05-02,HTLD,799233,"HEARTLAND EXPRESS, INC.",$500M-$1B,,645262000,Revenues,USD,2023-03-01,10-K,2020-12-31,70806000,NetIncomeLoss,USD,2023-03-01,10-K,2020-12-31,928542000,Assets,USD,2023-03-01,10-K,2021-12-31,-32738000,NetCashProvidedByUsedInFinancingActivities,USD,2023-03-01,10-K,2020-12-31,-111048000,NetCashProvidedByUsedInInvestingActivities,USD,2023-03-01,10-K,2020-12-31,178850000,NetCashProvidedByUsedInOperatingActivities,USD,2023-03-01,10-K,2020-12-31,through_ocf,True,,,0.109732,0.277174,1.439015,-0.050736,-0.172098
2023Q2,2023-05-01,HTO,766829,H2O America,$100M-$500M,,124302000,Revenues,USD,2023-05-01,10-Q,2022-03-31,3737000,NetIncomeLoss,USD,2023-05-01,10-Q,2022-03-31,3511876000,Assets,USD,2023-05-01,10-Q,2022-03-31,10118000,NetCashProvidedByUsedInFinancingActivities,USD,2023-05-01,10-Q,2022-03-31,-49442000,NetCashProvidedByUsedInInvestingActivities,USD,2023-05-01,10-Q,2022-03-31,45294000,NetCashProvidedByUsedInOperatingActivities,USD,2023-05-01,10-Q,2022-03-31,through_ocf,True,,,0.030064,0.364387,28.252771,0.081399,-0.397757
2023Q2,2023-04-27,HTZ,1657853,"HERTZ GLOBAL HOLDINGS, INC",$1B-$2B,,1810000000,Revenues,USD,2023-04-27,10-Q,2022-03-31,426000000,NetIncomeLoss,USD,2023-04-27,10-Q,2022-03-31,22497000000,Assets,USD,2023-04-27,10-Q,2022-12-31,392000000,NetCashProvidedByUsedInFinancingActivities,USD,2023-04-27,10-Q,2022-03-31,-1541000000,NetCashProvidedByUsedInInvestingActivities,USD,2023-04-27,10-Q,2022-03-31,621000000,NetCashProvidedByUsedInOperatingActivities,USD,2023-04-27,10-Q,2022-03-31,through_ocf,True,,,0.235359,0.343094,12.429282,0.216575,-0.851381
2023Q2,2023-04-25,HUBB,48898,HUBBELL INC,$2B-$10B,,3682500000,RevenueFromContractWithCustomerExcludingAssessedTax,USD,2023-02-09,10-K,2020-12-31,351200000,NetIncomeLoss,USD,2023-02-09,10-K,2020-12-31,5085100000,Assets,USD,2023-02-09,10-K,2020-12-31,-244200000,NetCashProvidedByUsedInFinancingActivities,USD,2023-02-09,10-K,2020-12-31,-46400000,NetCashProvidedByUsedInInvestingActivities,USD,2021-10-27,10-Q,2020-09-30,455600000,NetCashProvidedByUsedInOperatingActivities,USD,2021-10-27,10-Q,2020-09-30,through_ocf,True,,,0.09537,0.12372,1.380883,-0.066314,-0.0126
2023Q2,2023-05-03,HUBS,1404655,"HubSpot, Inc.",$100M-$500M,,395599000,RevenueFromContractWithCustomerExcludingAssessedTax,USD,2023-05-03,10-Q,2022-03-31,-9341000,NetIncomeLoss,USD,2023-05-03,10-Q,2022-03-31,2544738000,Assets,USD,2023-05-03,10-Q,2022-12-31,5879000,NetCashProvidedByUsedInFinancingActivities,USD,2023-05-03,10-Q,2022-03-31,-55036000,NetCashProvidedByUsedInInvestingActivities,USD,2023-05-03,10-Q,2022-03-31,82226000,NetCashProvidedByUsedInOperatingActivities,USD,2023-05-03,10-Q,2022-03-31,through_ocf,True,,,-0.023612,0.207852,6.43262,0.014861,-0.139121
2023Q2,2023-06-02,HURC,315374,"HURCO COMPANIES, INC.",$100M-$500M,,129712000,Revenues,USD,2023-06-02,10-Q,2022-04-30,5564000,NetIncomeLoss,USD,2023-06-02,10-Q,2022-04-30,306237000,Assets,USD,2023-06-02,10-Q,2022-10-31,-4904000,NetCashProvidedByUsedInFinancingActivities,USD,2023-06-02,10-Q,2022-04-30,-1005000,NetCashProvidedByUsedInInvestingActivities,USD,2023-06-02,10-Q,2022-04-30,8312000,NetCashProvidedByUsedInOperatingActivities,USD,2023-06-02,10-Q,2022-04-30,through_ocf,True,,,0.042895,0.06408,2.3609,-0.037807,-0.007748
2023Q2,2023-05-02,HVT,216085,"HAVERTY FURNITURE COMPANIES, INC",$500M-$1B,,748252000,RevenueFromContractWithCustomerExcludingAssessedTax,USD,2023-03-08,10-K,2020-12-31,59148000,NetIncomeLoss,USD,2023-03-08,10-K,2020-12-31,686290000,Assets,USD,2023-03-08,10-K,2021-12-31,-71180000,NetCashProvidedByUsedInFinancingActivities,USD,2023-03-08,10-K,2020-12-31,65358000,NetCashProvidedByUsedInInvestingActivities,USD,2023-03-08,10-K,2020-12-31,130191000,NetCashProvidedByUsedInOperatingActivities,USD,2023-03-08,10-K,2020-12-31,through_ocf,True,,,0.079048,0.173994,0.917191,-0.095128,0.087348
2023Q2,2023-05-17,HWKN,46250,"HAWKINS, INC.",$500M-$1B,,596871000,Revenues,USD,2023-05-17,10-K,2021-03-28,40980000,NetIncomeLoss,USD,2023-05-17,10-K,2021-03-28,567328000,Assets,USD,2023-05-17,10-K,2022-04-03,26360000,NetCashProvidedByUsedInFinancingActivities,USD,2023-05-17,10-K,2021-03-28,-71432000,NetCashProvidedByUsedInInvestingActivities,USD,2023-05-17,10-K,2021-03-28,43793000,NetCashProvidedByUsedInOperatingActivities,USD,2023-05-17,10-K,2021-03-28,through_ocf,True,,,0.068658,0.073371,0.950504,0.044164,-0.119677
2023Q2,2023-05-02,HWM,4281,HOWMET AEROSPACE INC.,$1B-$2B,,1324000000,RevenueFromContractWithCustomerExcludingAssessedTax,USD,2023-05-02,10-Q,2022-03-31,131000000,NetIncomeLoss,USD,2023-05-02,10-Q,2022-03-31,10255000000,Assets,USD,2023-05-02,10-Q,2022-12-31,-194000000,NetCashProvidedByUsedInFinancingActivities,USD,2023-05-02,10-Q,2022-03-31,-61000000,NetCashProvidedByUsedInInvestingActivities,USD,2023-05-02,10-Q,2022-03-31,55000000,NetCashProvidedByUsedInOperatingActivities,USD,2023-05-02,10-Q,2022-03-31,through_ocf,True,,,0.098943,0.041541,7.745468,-0.146526,-0.046073
2023Q2,2023-05-02,HY,1173514,"HYSTER-YALE, INC.",$500M-$1B,,827600000,Revenues,USD,2023-05-02,10-Q,2022-03-31,-25000000,NetIncomeLoss,USD,2023-05-02,10-Q,2022-03-31,2026200000,Assets,USD,2023-05-02,10-Q,2022-12-31,-50900000,NetCashProvidedByUsedInFinancingActivities,USD,2023-05-02,10-Q,2022-03-31,-9300000,NetCashProvidedByUsedInInvestingActivities,USD,2023-05-02,10-Q,2022-03-31,59100000,NetCashProvidedByUsedInOperatingActivities,USD,2023-05-02,10-Q,2022-03-31,through_ocf,True,,,-0.030208,0.071411,2.448284,-0.061503,-0.011237
2023Q2,2023-04-27,HZO,1057060,"MarineMax, Inc.",$1B-$2B,,1082797000,RevenueFromContractWithCustomerExcludingAssessedTax,USD,2023-04-27,10-Q,2022-03-31,89450000,NetIncomeLoss,USD,2023-04-27,10-Q,2022-03-31,1352771000,Assets,USD,2023-04-27,10-Q,2022-09-30,7111000,NetCashProvidedByUsedInFinancingActivities,USD,2023-04-27,10-Q,2022-03-31,-98342000,NetCashProvidedByUsedInInvestingActivities,USD,2023-04-27,10-Q,2022-03-31,89096000,NetCashProvidedByUsedInOperatingActivities,USD,2023-04-27,10-Q,2022-03-31,through_ocf,True,,,0.08261,0.082283,1.24933,0.006567,-0.090822
2023Q2,2023-05-09,IAC,1800227,IAC Inc.,$1B-$2B,,1325345000,Revenues,USD,2023-05-09,10-Q,2022-03-31,-235798000,NetIncomeLoss,USD,2023-05-09,10-Q,2022-03-31,10393635000,Assets,USD,2023-05-09,10-Q,2022-12-31,-27482000,NetCashProvidedByUsedInFinancingActivities,USD,2023-05-09,10-Q,2022-03-31,-231589000,NetCashProvidedByUsedInInvestingActivities,USD,2023-05-09,10-Q,2022-03-31,12902000,NetCashProvidedByUsedInOperatingActivities,USD,2023-05-09,10-Q,2022-03-31,through_ocf,True,,,-0.177914,0.009735,7.842211,-0.020736,-0.174739
2023Q2,2023-04-26,IART,917520,INTEGRA LIFESCIENCES HOLDINGS CORPORATION,$100M-$500M,,376638000,RevenueFromContractWithCustomerExcludingAssessedTax,USD,2023-04-26,10-Q,2022-03-31,32901000,NetIncomeLoss,USD,2023-04-26,10-Q,2022-03-31,3889758000,Assets,USD,2023-04-26,10-Q,2022-12-31,-133465000,NetCashProvidedByUsedInFinancingActivities,USD,2023-04-26,10-Q,2022-03-31,-14067000,NetCashProvidedByUsedInInvestingActivities,USD,2023-04-26,10-Q,2022-03-31,44344000,NetCashProvidedByUsedInOperatingActivities,USD,2023-04-26,10-Q,2022-03-31,through_ocf,True,,,0.087354,0.117736,10.327577,-0.354359,-0.037349
2023Q2,2023-05-04,IBP,1580905,"Installed Building Products, Inc.",$500M-$1B,,587492000,RevenueFromContractWithCustomerExcludingAssessedTax,USD,2023-05-04,10-Q,2022-03-31,33822000,NetIncomeLoss,USD,2023-05-04,10-Q,2022-03-31,1778932000,Assets,USD,2023-05-04,10-Q,2022-12-31,-95558000,NetCashProvidedByUsedInFinancingActivities,USD,2023-05-04,10-Q,2022-03-31,-68718000,NetCashProvidedByUsedInInvestingActivities,USD,2023-05-04,10-Q,2022-03-31,48225000,NetCashProvidedByUsedInOperatingActivities,USD,2023-05-04,10-Q,2022-03-31,through_ocf,True,,,0.05757,0.082086,3.028011,-0.162654,-0.116968
2023Q2,2023-05-04,ICE,1571949,"INTERCONTINENTAL EXCHANGE, INC.",$2B-$10B,,2459000000,RevenueFromContractWithCustomerExcludingAssessedTax,USD,2023-05-04,10-Q,2022-03-31,657000000,NetIncomeLoss,USD,2023-05-04,10-Q,2022-03-31,194338000000,Assets,USD,2023-05-04,10-Q,2022-12-31,13678000000,NetCashProvidedByUsedInFinancingActivities,USD,2023-05-04,10-Q,2022-03-31,882000000,NetCashProvidedByUsedInInvestingActivities,USD,2023-05-04,10-Q,2022-03-31,756000000,NetCashProvidedByUsedInOperatingActivities,USD,2023-05-04,10-Q,2022-03-31,through_ocf,True,,,0.267182,0.307442,79.031314,5.562424,0.358682
2023Q2,2023-04-04,ICFI,1362004,"ICF International, Inc.",$1B-$2B,,1506875000,RevenueFromContractWithCustomerExcludingAssessedTax,USD,2023-03-01,10-K,2020-12-31,54959000,NetIncomeLoss,USD,2023-03-01,10-K,2020-12-31,1849534000,Assets,USD,2023-03-01,10-K,2021-12-31,169955000,NetCashProvidedByUsedInFinancingActivities,USD,2023-03-01,10-K,2020-12-31,-270948000,NetCashProvidedByUsedInInvestingActivities,USD,2023-03-01,10-K,2020-12-31,173145000,NetCashProvidedByUsedInOperatingActivities,USD,2023-03-01,10-K,2020-12-31,through_ocf,True,,,0.036472,0.114903,1.227397,0.112786,-0.179808
2023Q2,2023-05-09,ICHR,1652535,"ICHOR HOLDINGS, LTD.",$500M-$1B,,914236000,RevenueFromContractWithCustomerExcludingAssessedTax,USD,2023-02-24,10-K,2020-12-25,33279000,NetIncomeLoss,USD,2023-02-24,10-K,2020-12-25,1020876000,Assets,USD,2023-02-24,10-K,2021-12-31,168625000,NetCashProvidedByUsedInFinancingActivities,USD,2023-02-24,10-K,2020-12-25,-14597000,NetCashProvidedByUsedInInvestingActivities,USD,2023-02-24,10-K,2020-12-25,38259000,NetCashProvidedByUsedInOperatingActivities,USD,2023-02-24,10-K,2020-12-25,through_ocf,True,,,0.036401,0.041848,1.116644,0.184444,-0.015966
2023Q2,2023-05-08,ICUI,883984,ICU MEDICAL INC/DE,$1B-$2B,,1271004000,Revenues,USD,2023-02-27,10-K,2020-12-31,86870000,NetIncomeLoss,USD,2023-02-27,10-K,2020-12-31,1880738000,Assets,USD,2023-02-27,10-K,2021-12-31,-40000,NetCashProvidedByUsedInFinancingActivities,USD,2023-02-27,10-K,2020-12-31,-98139000,NetCashProvidedByUsedInInvestingActivities,USD,2023-02-27,10-K,2020-12-31,222752000,NetCashProvidedByUsedInOperatingActivities,USD,2023-02-27,10-K,2020-12-31,through_ocf,True,,,0.068348,0.175257,1.479726,-3.1e-05,-0.077214
2023Q2,2023-05-04,IDCC,1405495,"INTERDIGITAL, INC.",$100M-$500M,,101318000,RevenueFromContractWithCustomerExcludingAssessedTax,USD,2023-05-04,10-Q,2022-03-31,17994000,NetIncomeLoss,USD,2023-05-04,10-Q,2022-03-31,1900105000,Assets,USD,2023-05-04,10-Q,2022-12-31,-13041000,NetCashProvidedByUsedInFinancingActivities,USD,2023-05-04,10-Q,2022-03-31,107602000,NetCashProvidedByUsedInInvestingActivities,USD,2023-05-04,10-Q,2022-03-31,-17972000,NetCashProvidedByUsedInOperatingActivities,USD,2023-05-04,10-Q,2022-03-31,through_ocf,True,,,0.177599,-0.177382,18.753874,-0.128714,1.062023
2023Q2,2023-05-02,IDXX,874716,IDEXX LABORATORIES INC /DE,$500M-$1B,,836549000,RevenueFromContractWithCustomerExcludingAssessedTax,USD,2023-05-02,10-Q,2022-03-31,193965000,NetIncomeLoss,USD,2023-05-02,10-Q,2022-03-31,2746765000,Assets,USD,2023-05-02,10-Q,2022-12-31,-13480000,NetCashProvidedByUsedInFinancingActivities,USD,2023-05-02,10-Q,2022-03-31,-41838000,NetCashProvidedByUsedInInvestingActivities,USD,2023-05-02,10-Q,2022-03-31,114706000,NetCashProvidedByUsedInOperatingActivities,USD,2023-05-02,10-Q,2022-03-31,through_ocf,True,,,0.231863,0.137118,3.283448,-0.016114,-0.050013
2023Q2,2023-05-10,IEP,813762,ICAHN ENTERPRISES L.P.,$2B-$10B,,4093000000,Revenues,USD,2023-05-10,10-Q,2022-03-31,323000000,NetIncomeLoss,USD,2023-05-10,10-Q,2022-03-31,27914000000,Assets,USD,2023-05-10,10-Q,2022-12-31,-435000000,NetCashProvidedByUsedInFinancingActivities,USD,2023-05-10,10-Q,2022-03-31,38000000,NetCashProvidedByUsedInInvestingActivities,USD,2023-05-10,10-Q,2022-03-31,1920000000,NetCashProvidedByUsedInOperatingActivities,USD,2023-05-10,10-Q,2022-03-31,through_ocf,True,,,0.078915,0.469094,6.819936,-0.106279,0.009284
2023Q2,2023-05-10,IESC,1048268,"IES Holdings, Inc.",$500M-$1B,,982102000,Revenues,USD,2023-05-10,10-Q,2022-03-31,9052000,NetIncomeLoss,USD,2023-05-10,10-Q,2022-03-31,831239000,Assets,USD,2023-05-10,10-Q,2022-03-31,21010000,NetCashProvidedByUsedInFinancingActivities,USD,2023-05-10,10-Q,2022-03-31,-21928000,NetCashProvidedByUsedInInvestingActivities,USD,2023-05-10,10-Q,2022-03-31,-2908000,NetCashProvidedByUsedInOperatingActivities,USD,2023-05-10,10-Q,2022-03-31,through_ocf,True,,,0.009217,-0.002961,0.846388,0.021393,-0.022328
2023Q2,2023-04-27,IEX,832101,IDEX CORP,$500M-$1B,,751100000,Revenues,USD,2023-04-27,10-Q,2022-03-31,140000000,NetIncomeLoss,USD,2023-04-27,10-Q,2022-03-31,5511900000,Assets,USD,2023-04-27,10-Q,2022-12-31,-71300000,NetCashProvidedByUsedInFinancingActivities,USD,2023-04-27,10-Q,2022-03-31,-124400000,NetCashProvidedByUsedInInvestingActivities,USD,2023-04-27,10-Q,2022-03-31,79700000,NetCashProvidedByUsedInOperatingActivities,USD,2023-04-27,10-Q,2022-03-31,through_ocf,True,,,0.186393,0.106111,7.338437,-0.094927,-0.165624
2023Q2,2023-05-08,IFF,51253,INTERNATIONAL FLAVORS & FRAGRANCES INC,$2B-$10B,,5084000000,RevenueFromContractWithCustomerExcludingAssessedTax,USD,2023-02-27,10-K,2020-12-31,367000000,ProfitLoss,USD,2023-02-27,10-K,2020-12-31,39658000000,Assets,USD,2023-02-27,10-K,2021-12-31,-512000000,NetCashProvidedByUsedInFinancingActivities,USD,2023-02-27,10-K,2020-12-31,-187000000,NetCashProvidedByUsedInInvestingActivities,USD,2023-02-27,10-K,2020-12-31,714000000,NetCashProvidedByUsedInOperatingActivities,USD,2023-02-27,10-K,2020-12-31,through_ocf,True,,,0.072187,0.140441,7.800551,-0.100708,-0.036782
2023Q2,2023-05-09,IIIV,1728688,"i3 Verticals, Inc.",<$100M,,73939000,RevenueFromContractWithCustomerExcludingAssessedTax,USD,2023-02-09,10-Q,2021-12-31,-2528000,NetIncomeLoss,USD,2023-02-09,10-Q,2021-12-31,776436000,Assets,USD,2023-02-09,10-Q,2021-12-31,49223000,NetCashProvidedByUsedInFinancingActivities,USD,2023-02-09,10-Q,2021-12-31,-62353000,NetCashProvidedByUsedInInvestingActivities,USD,2023-02-09,10-Q,2021-12-31,21910000,NetCashProvidedByUsedInOperatingActivities,USD,2023-02-09,10-Q,2021-12-31,through_ocf,True,,,-0.03419,0.296325,10.501035,0.665724,-0.843303
2023Q2,2023-04-25,ILMN,1110803,"Illumina, Inc.",$2B-$10B,,3239000000,RevenueFromContractWithCustomerExcludingAssessedTax,USD,2023-02-17,10-K,2021-01-03,656000000,ProfitLoss,USD,2023-02-17,10-K,2021-01-03,7585000000,Assets,USD,2023-02-17,10-K,2021-01-03,-766000000,NetCashProvidedByUsedInFinancingActivities,USD,2023-02-17,10-K,2021-01-03,-554000000,NetCashProvidedByUsedInInvestingActivities,USD,2023-02-17,10-K,2021-01-03,1080000000,NetCashProvidedByUsedInOperatingActivities,USD,2023-02-17,10-K,2021-01-03,through_ocf,True,,,0.202532,0.333436,2.341772,-0.236493,-0.17104
2023Q2,2023-05-05,INSW,1679049,"INTERNATIONAL SEAWAYS, INC.",$100M-$500M,,101482000,Revenues,USD,2023-05-05,10-Q,2022-03-31,-13001000,NetIncomeLoss,USD,2023-05-05,10-Q,2022-03-31,2366593000,Assets,USD,2023-05-05,10-Q,2022-03-31,11101000,NetCashProvidedByUsedInFinancingActivities,USD,2023-05-05,10-Q,2022-03-31,-14649000,NetCashProvidedByUsedInInvestingActivities,USD,2023-05-05,10-Q,2022-03-31,-19781000,NetCashProvidedByUsedInOperatingActivities,USD,2023-05-05,10-Q,2022-03-31,through_ocf,True,,,-0.128111,-0.194921,23.320323,0.109389,-0.144351
2023Q2,2023-05-08,INTA,1565687,"Intapp, Inc.",$100M-$500M,,126887000,RevenueFromContractWithCustomerExcludingAssessedTax,USD,2023-02-08,10-Q,2021-12-31,-49355000,NetIncomeLoss,USD,2023-02-08,10-Q,2021-12-31,494413000,Assets,USD,2023-02-08,10-Q,2022-06-30,13514000,NetCashProvidedByUsedInFinancingActivities,USD,2023-02-08,10-Q,2021-12-31,-2054000,NetCashProvidedByUsedInInvestingActivities,USD,2023-02-08,10-Q,2021-12-31,6525000,NetCashProvidedByUsedInOperatingActivities,USD,2023-02-08,10-Q,2021-12-31,through_ocf,True,,,-0.388968,0.051424,3.896483,0.106504,-0.016188
2023Q2,2023-05-03,IONS,874015,"IONIS PHARMACEUTICALS, INC.",$100M-$500M,,141919000,RevenueFromContractWithCustomerExcludingAssessedTax,USD,2023-05-03,10-Q,2022-03-31,-65165000,NetIncomeLoss,USD,2023-05-03,10-Q,2022-03-31,2533876000,Assets,USD,2023-05-03,10-Q,2022-12-31,-7325000,NetCashProvidedByUsedInFinancingActivities,USD,2023-05-03,10-Q,2022-03-31,-287549000,NetCashProvidedByUsedInInvestingActivities,USD,2023-05-03,10-Q,2022-03-31,-31650000,NetCashProvidedByUsedInOperatingActivities,USD,2023-05-03,10-Q,2022-03-31,through_ocf,True,,,-0.45917,-0.223015,17.854382,-0.051614,-2.026149
2023Q2,2023-05-03,IOSP,1054905,INNOSPEC INC.,$1B-$2B,,1193100000,RevenueFromContractWithCustomerExcludingAssessedTax,USD,2023-02-22,10-K,2020-12-31,28700000,ProfitLoss,USD,2023-02-22,10-K,2020-12-31,1397400000,Assets,USD,2023-02-22,10-K,2020-12-31,-86800000,NetCashProvidedByUsedInFinancingActivities,USD,2023-02-22,10-K,2020-12-31,-29700000,NetCashProvidedByUsedInInvestingActivities,USD,2023-02-22,10-K,2020-12-31,145900000,NetCashProvidedByUsedInOperatingActivities,USD,2023-02-22,10-K,2020-12-31,through_ocf,True,,,0.024055,0.122286,1.171235,-0.072752,-0.024893
2023Q2,2023-04-27,IP,51434,INTERNATIONAL PAPER COMPANY,>$10B,,17565000000,RevenueFromContractWithCustomerExcludingAssessedTax,USD,2023-02-17,10-K,2020-12-31,482000000,NetIncomeLoss,USD,2023-02-17,10-K,2020-12-31,25243000000,Assets,USD,2023-02-17,10-K,2021-12-31,-2700000000,NetCashProvidedByUsedInFinancingActivities,USD,2023-02-17,10-K,2020-12-31,-269000000,NetCashProvidedByUsedInInvestingActivities,USD,2023-02-17,10-K,2020-12-31,3063000000,NetCashProvidedByUsedInOperatingActivities,USD,2023-02-17,10-K,2020-12-31,through_ocf,True,,,0.027441,0.174381,1.437119,-0.153715,-0.015315
2023Q2,2023-04-20,IPAR,822663,"Interparfums, Inc.",$500M-$1B,,539000000,Revenues,USD,2023-02-28,10-K,2020-12-31,38219000,NetIncomeLoss,USD,2023-02-28,10-K,2020-12-31,890145000,Assets,USD,2023-02-28,10-K,2020-12-31,-18645000,NetCashProvidedByUsedInFinancingActivities,USD,2023-02-28,10-K,2020-12-31,-22329000,NetCashProvidedByUsedInInvestingActivities,USD,2023-02-28,10-K,2020-12-31,64993000,NetCashProvidedByUsedInOperatingActivities,USD,2023-02-28,10-K,2020-12-31,through_ocf,True,,,0.070907,0.120581,1.651475,-0.034592,-0.041427
2023Q2,2023-05-02,IPGP,1111928,IPG PHOTONICS CORP,$100M-$500M,,369979000,RevenueFromContractWithCustomerExcludingAssessedTax,USD,2023-05-02,10-Q,2022-03-31,69572000,NetIncomeLoss,USD,2023-05-02,10-Q,2022-03-31,2743280000,Assets,USD,2023-05-02,10-Q,2022-12-31,-80445000,NetCashProvidedByUsedInFinancingActivities,USD,2023-05-02,10-Q,2022-03-31,2470000,NetCashProvidedByUsedInInvestingActivities,USD,2023-05-02,10-Q,2022-03-31,16423000,NetCashProvidedByUsedInOperatingActivities,USD,2023-05-02,10-Q,2022-03-31,through_ocf,True,,,0.188043,0.044389,7.414691,-0.217431,0.006676
2023Q2,2023-04-27,IQV,1478242,IQVIA HOLDINGS INC.,>$10B,,11359000000,RevenueFromContractWithCustomerExcludingAssessedTax,USD,2023-02-15,10-K,2020-12-31,279000000,NetIncomeLoss,USD,2023-02-15,10-K,2020-12-31,24689000000,Assets,USD,2023-02-15,10-K,2021-12-31,-217000000,NetCashProvidedByUsedInFinancingActivities,USD,2023-02-15,10-K,2020-12-31,-796000000,NetCashProvidedByUsedInInvestingActivities,USD,2023-02-15,10-K,2020-12-31,1959000000,NetCashProvidedByUsedInOperatingActivities,USD,2023-02-15,10-K,2020-12-31,through_ocf,True,,,0.024562,0.172462,2.173519,-0.019104,-0.070077
2023Q2,2023-05-03,IR,1699150,Ingersoll Rand Inc.,$2B-$10B,,3973200000,RevenueFromContractWithCustomerExcludingAssessedTax,USD,2023-02-21,10-K,2020-12-31,-33300000,NetIncomeLoss,USD,2023-02-21,10-K,2020-12-31,15154500000,Assets,USD,2023-02-21,10-K,2021-12-31,328700000,NetCashProvidedByUsedInFinancingActivities,USD,2023-02-21,10-K,2020-12-31,-235000000,NetCashProvidedByUsedInInvestingActivities,USD,2021-02-26,10-K,2018-12-31,444500000,NetCashProvidedByUsedInOperatingActivities,USD,2021-02-26,10-K,2018-12-31,through_ocf,True,,,-0.008381,0.111875,3.81418,0.082729,-0.059146
2023Q2,2023-04-20,IRDM,1418819,Iridium Communications Inc.,$100M-$500M,,168219000,RevenueFromContractWithCustomerExcludingAssessedTax,USD,2023-04-20,10-Q,2022-03-31,2824000,NetIncomeLoss,USD,2023-04-20,10-Q,2022-03-31,2954011000,Assets,USD,2023-04-20,10-Q,2022-12-31,-141326000,NetCashProvidedByUsedInFinancingActivities,USD,2023-04-20,10-Q,2022-03-31,-13568000,NetCashProvidedByUsedInInvestingActivities,USD,2023-04-20,10-Q,2022-03-31,65770000,NetCashProvidedByUsedInOperatingActivities,USD,2023-04-20,10-Q,2022-03-31,through_ocf,True,,,0.016788,0.390978,17.560507,-0.840131,-0.080657
2023Q2,2023-05-04,IRM,1020569,IRON MOUNTAIN INC,$1B-$2B,,1248046000,RevenueFromContractWithCustomerExcludingAssessedTax,USD,2023-05-04,10-Q,2022-03-31,41707000,ProfitLoss,USD,2023-05-04,10-Q,2022-03-31,16140514000,Assets,USD,2023-05-04,10-Q,2022-12-31,771553000,NetCashProvidedByUsedInFinancingActivities,USD,2023-05-04,10-Q,2022-03-31,-889754000,NetCashProvidedByUsedInInvestingActivities,USD,2023-05-04,10-Q,2022-03-31,54506000,NetCashProvidedByUsedInOperatingActivities,USD,2023-05-04,10-Q,2022-03-31,through_ocf,True,,,0.033418,0.043673,12.932627,0.618209,-0.712918
2023Q2,2023-04-26,IRT,1466085,"Independence Realty Trust, Inc.",$100M-$500M,,211906000,Revenues,USD,2023-02-23,10-K,2020-12-31,14768000,NetIncomeLoss,USD,2023-02-23,10-K,2020-12-31,6506696000,Assets,USD,2023-02-23,10-K,2021-12-31,48763000,NetCashProvidedByUsedInFinancingActivities,USD,2023-02-23,10-K,2020-12-31,-124540000,NetCashProvidedByUsedInInvestingActivities,USD,2023-02-23,10-K,2020-12-31,74959000,NetCashProvidedByUsedInOperatingActivities,USD,2023-02-23,10-K,2020-12-31,through_ocf,True,,,0.069691,0.353737,30.705577,0.230116,-0.587713
2023Q2,2023-05-04,IRTC,1388658,"iRhythm Holdings, Inc.",<$100M,,92378000,RevenueFromContractWithCustomerExcludingAssessedTax,USD,2023-05-04,10-Q,2022-03-31,-50609000,NetIncomeLoss,USD,2023-05-04,10-Q,2022-03-31,448222000,Assets,USD,2023-05-04,10-Q,2022-12-31,14636000,NetCashProvidedByUsedInFinancingActivities,USD,2023-05-04,10-Q,2022-03-31,-8527000,NetCashProvidedByUsedInInvestingActivities,USD,2023-05-04,10-Q,2022-03-31,-38885000,NetCashProvidedByUsedInOperatingActivities,USD,2023-05-04,10-Q,2022-03-31,through_ocf,True,,,-0.547847,-0.420934,4.852043,0.158436,-0.092306
2023Q2,2023-05-04,IRWD,1446847,"IRONWOOD PHARMACEUTICALS, INC.",<$100M,,97529000,RevenueFromContractWithCustomerExcludingAssessedTax,USD,2023-05-04,10-Q,2022-03-31,38801000,NetIncomeLoss,USD,2023-05-04,10-Q,2022-03-31,1100519000,Assets,USD,2023-05-04,10-Q,2022-12-31,-90873000,NetCashProvidedByUsedInFinancingActivities,USD,2023-05-04,10-Q,2022-03-31,-9000,NetCashProvidedByUsedInInvestingActivities,USD,2023-05-04,10-Q,2022-03-31,64124000,NetCashProvidedByUsedInOperatingActivities,USD,2023-05-04,10-Q,2022-03-31,through_ocf,True,,,0.397841,0.657486,11.284018,-0.931754,-9.2e-05
2023Q2,2023-04-18,ISRG,1035267,"INTUITIVE SURGICAL, INC.",$2B-$10B,,4358400000,RevenueFromContractWithCustomerExcludingAssessedTax,USD,2023-02-10,10-K,2020-12-31,1060600000,NetIncomeLoss,USD,2023-02-10,10-K,2020-12-31,13555000000,Assets,USD,2023-02-10,10-K,2021-12-31,-85700000,NetCashProvidedByUsedInFinancingActivities,USD,2023-02-10,10-K,2020-12-31,-940600000,NetCashProvidedByUsedInInvestingActivities,USD,2023-02-10,10-K,2020-12-31,1484800000,NetCashProvidedByUsedInOperatingActivities,USD,2023-02-10,10-K,2020-12-31,through_ocf,True,,,0.243346,0.340675,3.110086,-0.019663,-0.215813
2023Q2,2023-05-02,IT,749251,"GARTNER, INC.",$1B-$2B,,1262740000,RevenueFromContractWithCustomerExcludingAssessedTax,USD,2023-05-02,10-Q,2022-03-31,172515000,NetIncomeLoss,USD,2023-05-02,10-Q,2022-03-31,7299736000,Assets,USD,2023-05-02,10-Q,2022-12-31,-445452000,NetCashProvidedByUsedInFinancingActivities,USD,2023-05-02,10-Q,2022-03-31,-17293000,NetCashProvidedByUsedInInvestingActivities,USD,2023-05-02,10-Q,2022-03-31,167785000,NetCashProvidedByUsedInOperatingActivities,USD,2023-05-02,10-Q,2022-03-31,through_ocf,True,,,0.13662,0.132874,5.78087,-0.352766,-0.013695
2023Q2,2023-05-02,ITW,49826,ILLINOIS TOOL WORKS INC,>$10B,,12574000000,RevenueFromContractWithCustomerExcludingAssessedTax,USD,2023-02-10,10-K,2020-12-31,2109000000,ProfitLoss,USD,2023-02-10,10-K,2020-12-31,15612000000,Assets,USD,2023-02-10,10-K,2020-12-31,-2049000000,NetCashProvidedByUsedInFinancingActivities,USD,2023-02-10,10-K,2020-12-31,-214000000,NetCashProvidedByUsedInInvestingActivities,USD,2023-02-10,10-K,2020-12-31,2807000000,NetCashProvidedByUsedInOperatingActivities,USD,2023-02-10,10-K,2020-12-31,through_ocf,True,,,0.167727,0.223238,1.24161,-0.162955,-0.017019
2023Q2,2023-04-25,IVZ,914208,Invesco Ltd.,$2B-$10B,,6145600000,RevenueFromContractWithCustomerExcludingAssessedTax,USD,2023-02-23,10-K,2020-12-31,524800000,NetIncomeLoss,USD,2023-02-23,10-K,2020-12-31,32685600000,Assets,USD,2023-02-23,10-K,2021-12-31,-285900000,NetCashProvidedByUsedInFinancingActivities,USD,2023-02-23,10-K,2020-12-31,-859600000,NetCashProvidedByUsedInInvestingActivities,USD,2023-02-23,10-K,2020-12-31,1230300000,NetCashProvidedByUsedInOperatingActivities,USD,2023-02-23,10-K,2020-12-31,through_ocf,True,,,0.085394,0.200192,5.318537,-0.046521,-0.139872
2023Q2,2023-05-09,J,52988,Jacobs Solutions Inc.,$2B-$10B,,2847934000,Revenues,USD,2018-11-21,10-K,2016-01-01,222849000,NetIncomeLoss,USD,2023-05-09,10-Q,2022-04-01,14660419000,Assets,USD,2023-05-09,10-Q,2022-09-30,235144000,NetCashProvidedByUsedInFinancingActivities,USD,2023-05-09,10-Q,2022-04-01,-458825000,NetCashProvidedByUsedInInvestingActivities,USD,2023-05-09,10-Q,2022-04-01,446256000,NetCashProvidedByUsedInOperatingActivities,USD,2023-05-09,10-Q,2022-04-01,through_ocf,True,,,0.078249,0.156695,5.147738,0.082567,-0.161108
2023Q2,2023-05-17,JACK,807882,JACK IN THE BOX INC.,$500M-$1B,,667005000,Revenues,USD,2023-05-17,10-Q,2022-04-17,39270000,NetIncomeLoss,USD,2023-05-17,10-Q,2022-01-23,2922506000,Assets,USD,2023-05-17,10-Q,2022-10-02,541419000,NetCashProvidedByUsedInFinancingActivities,USD,2023-05-17,10-Q,2022-04-17,-598182000,NetCashProvidedByUsedInInvestingActivities,USD,2023-05-17,10-Q,2022-04-17,67828000,NetCashProvidedByUsedInOperatingActivities,USD,2023-05-17,10-Q,2022-04-17,through_ocf,True,,,0.058875,0.10169,4.381535,0.811717,-0.896818
2023Q2,2023-05-10,JAZZ,1232524,Jazz Pharmaceuticals plc,$500M-$1B,,813721000,RevenueFromContractWithCustomerExcludingAssessedTax,USD,2023-05-10,10-Q,2022-03-31,1647000,NetIncomeLoss,USD,2023-05-10,10-Q,2022-03-31,10835255000,Assets,USD,2023-05-10,10-Q,2022-12-31,-270811000,NetCashProvidedByUsedInFinancingActivities,USD,2023-05-10,10-Q,2022-03-31,-37292000,NetCashProvidedByUsedInInvestingActivities,USD,2023-05-10,10-Q,2022-03-31,208979000,NetCashProvidedByUsedInOperatingActivities,USD,2023-05-10,10-Q,2022-03-31,through_ocf,True,,,0.002024,0.256819,13.315688,-0.332806,-0.045829
2023Q2,2023-05-09,JBGS,1689796,JBG SMITH PROPERTIES,$100M-$500M,,161965000,Revenues,USD,2023-05-09,10-Q,2022-03-31,-32000,NetIncomeLoss,USD,2023-05-09,10-Q,2022-03-31,5903438000,Assets,USD,2023-05-09,10-Q,2022-12-31,-119529000,NetCashProvidedByUsedInFinancingActivities,USD,2023-05-09,10-Q,2022-03-31,-32951000,NetCashProvidedByUsedInInvestingActivities,USD,2023-05-09,10-Q,2022-03-31,69598000,NetCashProvidedByUsedInOperatingActivities,USD,2023-05-09,10-Q,2022-03-31,through_ocf,True,,,-0.000198,0.42971,36.44885,-0.737993,-0.203445
2023Q2,2023-05-11,JBI,1839839,"Janus International Group, Inc.",$100M-$500M,,229520000,RevenueFromContractWithCustomerExcludingAssessedTax,USD,2023-05-11,10-Q,2022-04-02,19704000,NetIncomeLoss,USD,2023-05-11,10-Q,2022-04-02,1270618000,Assets,USD,2023-05-11,10-Q,2022-12-31,-8405000,NetCashProvidedByUsedInFinancingActivities,USD,2023-05-11,10-Q,2022-04-02,-2880000,NetCashProvidedByUsedInInvestingActivities,USD,2023-05-11,10-Q,2022-04-02,24777000,NetCashProvidedByUsedInOperatingActivities,USD,2023-05-11,10-Q,2022-04-02,through_ocf,True,,,0.085849,0.107951,5.535979,-0.03662,-0.012548
2023Q2,2023-04-25,JBLU,1158463,JETBLUE AIRWAYS CORP,$2B-$10B,,2957000000,RevenueFromContractWithCustomerExcludingAssessedTax,USD,2023-02-27,10-K,2020-12-31,-1354000000,NetIncomeLoss,USD,2023-02-27,10-K,2020-12-31,13642000000,Assets,USD,2023-02-27,10-K,2021-12-31,2983000000,NetCashProvidedByUsedInFinancingActivities,USD,2023-02-27,10-K,2020-12-31,-1349000000,NetCashProvidedByUsedInInvestingActivities,USD,2023-02-27,10-K,2020-12-31,-683000000,NetCashProvidedByUsedInOperatingActivities,USD,2023-02-27,10-K,2020-12-31,through_ocf,True,,,-0.457897,-0.230977,4.61346,1.008793,-0.456206
2023Q2,2023-05-02,JBSS,880117,SANFILIPPO JOHN B & SON INC,$500M-$1B,,698120000,Revenues,USD,2023-05-02,10-Q,2022-03-24,19249000,NetIncomeLoss,USD,2023-05-02,10-Q,2021-09-23,453579000,Assets,USD,2023-05-02,10-Q,2022-03-24,-19038000,NetCashProvidedByUsedInFinancingActivities,USD,2023-05-02,10-Q,2022-03-24,-6488000,NetCashProvidedByUsedInInvestingActivities,USD,2023-05-02,10-Q,2022-03-24,-12555000,NetCashProvidedByUsedInOperatingActivities,USD,2023-05-02,10-Q,2022-03-24,through_ocf,True,,,0.027573,-0.017984,0.649715,-0.02727,-0.009294
2023Q2,2023-04-25,JBTM,1433660,JBT Marel Corporation,$1B-$2B,,1727800000,Revenues,USD,2023-02-23,10-K,2020-12-31,108800000,NetIncomeLoss,USD,2023-02-23,10-K,2020-12-31,1805900000,Assets,USD,2023-02-23,10-K,2020-12-31,-207400000,NetCashProvidedByUsedInFinancingActivities,USD,2023-02-23,10-K,2020-12-31,-37300000,NetCashProvidedByUsedInInvestingActivities,USD,2023-02-23,10-K,2020-12-31,252000000,NetCashProvidedByUsedInOperatingActivities,USD,2023-02-23,10-K,2020-12-31,through_ocf,True,,,0.06297,0.14585,1.045202,-0.120037,-0.021588
2023Q2,2023-05-08,JELD,1674335,"JELD-WEN Holding, Inc.",$2B-$10B,,4235677000,RevenueFromContractWithCustomerExcludingAssessedTax,USD,2023-02-21,10-K,2020-12-31,91586000,NetIncomeLoss,USD,2023-02-21,10-K,2020-12-31,3964685000,Assets,USD,2023-02-21,10-K,2020-12-31,207909000,NetCashProvidedByUsedInFinancingActivities,USD,2023-02-21,10-K,2020-12-31,-82003000,NetCashProvidedByUsedInInvestingActivities,USD,2023-02-21,10-K,2020-12-31,355655000,NetCashProvidedByUsedInOperatingActivities,USD,2023-02-21,10-K,2020-12-31,through_ocf,True,,,0.021623,0.083967,0.936022,0.049085,-0.01936
2023Q2,2023-06-07,JILL,1687932,"J.JILL, INC.",$100M-$500M,,157069000,RevenueFromContractWithCustomerExcludingAssessedTax,USD,2023-06-07,10-Q,2022-04-30,14415000,NetIncomeLoss,USD,2023-06-07,10-Q,2022-04-30,466417000,Assets,USD,2023-06-07,10-Q,2023-01-28,-1536000,NetCashProvidedByUsedInFinancingActivities,USD,2023-06-07,10-Q,2022-04-30,-750000,NetCashProvidedByUsedInInvestingActivities,USD,2023-06-07,10-Q,2022-04-30,7168000,NetCashProvidedByUsedInOperatingActivities,USD,2023-06-07,10-Q,2022-04-30,through_ocf,True,,,0.091775,0.045636,2.969504,-0.009779,-0.004775
2023Q2,2023-05-02,JKHY,779152,"JACK HENRY & ASSOCIATES, INC.",$500M-$1B,,981952000,RevenueFromContractWithCustomerExcludingAssessedTax,USD,2023-02-09,10-Q,2021-12-31,197783000,NetIncomeLoss,USD,2023-02-09,10-Q,2021-12-31,2455564000,Assets,USD,2023-02-09,10-Q,2022-06-30,-118171000,NetCashProvidedByUsedInFinancingActivities,USD,2023-02-09,10-Q,2021-12-31,-101052000,NetCashProvidedByUsedInInvestingActivities,USD,2023-02-09,10-Q,2021-12-31,197351000,NetCashProvidedByUsedInOperatingActivities,USD,2023-02-09,10-Q,2021-12-31,through_ocf,True,,,0.201418,0.200978,2.500697,-0.120343,-0.102909
2023Q2,2023-05-02,JRVR,1620459,"JAMES RIVER GROUP HOLDINGS, INC.",$500M-$1B,,668689000,Revenues,USD,2023-02-28,10-K,2020-12-31,4824000,NetIncomeLoss,USD,2023-02-28,10-K,2020-12-31,5063072000,Assets,USD,2023-02-28,10-K,2020-12-31,65925000,NetCashProvidedByUsedInFinancingActivities,USD,2023-02-28,10-K,2020-12-31,-175991000,NetCashProvidedByUsedInInvestingActivities,USD,2023-02-28,10-K,2020-12-31,-273830000,NetCashProvidedByUsedInOperatingActivities,USD,2023-02-28,10-K,2020-12-31,through_ocf,True,,,0.007214,-0.409503,7.571639,0.098588,-0.263188
2023Q2,2023-05-02,KAI,886346,KADANT INC.,$500M-$1B,,635028000,RevenueFromContractWithCustomerExcludingAssessedTax,USD,2023-02-28,10-K,2021-01-02,55196000,NetIncomeLoss,USD,2023-02-28,10-K,2021-01-02,927571000,Assets,USD,2023-02-28,10-K,2021-01-02,-84556000,NetCashProvidedByUsedInFinancingActivities,USD,2023-02-28,10-K,2021-01-02,-14545000,NetCashProvidedByUsedInInvestingActivities,USD,2023-02-28,10-K,2021-01-02,92884000,NetCashProvidedByUsedInOperatingActivities,USD,2023-02-28,10-K,2021-01-02,through_ocf,True,,,0.086919,0.146268,1.460677,-0.133153,-0.022905
2023Q2,2023-04-26,KALU,811596,KAISER ALUMINUM CORPORATION,$1B-$2B,,1172700000,RevenueFromContractWithCustomerExcludingAssessedTax,USD,2023-02-24,10-K,2020-12-31,28800000,NetIncomeLoss,USD,2023-02-24,10-K,2020-12-31,2422400000,Assets,USD,2023-02-24,10-K,2021-12-31,281900000,NetCashProvidedByUsedInFinancingActivities,USD,2023-02-24,10-K,2020-12-31,26900000,NetCashProvidedByUsedInInvestingActivities,USD,2023-02-24,10-K,2020-12-31,206900000,NetCashProvidedByUsedInOperatingActivities,USD,2023-02-24,10-K,2020-12-31,through_ocf,True,,,0.024559,0.17643,2.06566,0.240385,0.022939
2023Q2,2023-06-21,KBH,795266,KB HOME,$1B-$2B,,1398789000,RevenueFromContractWithCustomerExcludingAssessedTax,USD,2023-04-07,10-Q,2022-02-28,134257000,NetIncomeLoss,USD,2023-04-07,10-Q,2022-02-28,6651930000,Assets,USD,2023-04-07,10-Q,2022-11-30,219512000,NetCashProvidedByUsedInFinancingActivities,USD,2023-04-07,10-Q,2022-02-28,-17876000,NetCashProvidedByUsedInInvestingActivities,USD,2023-04-07,10-Q,2022-02-28,-251035000,NetCashProvidedByUsedInOperatingActivities,USD,2023-04-07,10-Q,2022-02-28,through_ocf,True,,,0.095981,-0.179466,4.755492,0.15693,-0.01278
2023Q2,2023-04-27,KDP,1418135,Keurig Dr Pepper Inc.,$2B-$10B,,3078000000,RevenueFromContractWithCustomerExcludingAssessedTax,USD,2023-04-27,10-Q,2022-03-31,585000000,NetIncomeLoss,USD,2023-04-27,10-Q,2022-03-31,51837000000,Assets,USD,2023-04-27,10-Q,2022-12-31,-644000000,NetCashProvidedByUsedInFinancingActivities,USD,2023-04-27,10-Q,2022-03-31,3000000,NetCashProvidedByUsedInInvestingActivities,USD,2023-04-27,10-Q,2022-03-31,663000000,NetCashProvidedByUsedInOperatingActivities,USD,2023-04-27,10-Q,2022-03-31,through_ocf,True,,,0.190058,0.2154,16.841131,-0.209227,0.000975
2023Q2,2023-05-04,KE,1606757,"KIMBALL ELECTRONICS, INC.",$500M-$1B,,607981000,RevenueFromContractWithCustomerExcludingAssessedTax,USD,2023-02-07,10-Q,2021-12-31,7677000,NetIncomeLoss,USD,2023-02-07,10-Q,2021-12-31,1035767000,Assets,USD,2023-02-07,10-Q,2022-06-30,35465000,NetCashProvidedByUsedInFinancingActivities,USD,2023-02-07,10-Q,2021-12-31,-27805000,NetCashProvidedByUsedInInvestingActivities,USD,2023-02-07,10-Q,2021-12-31,-56463000,NetCashProvidedByUsedInOperatingActivities,USD,2023-02-07,10-Q,2021-12-31,through_ocf,True,,,0.012627,-0.09287,1.703617,0.058332,-0.045733
2023Q2,2023-05-11,KELYA,55135,"KELLY SERVICES, INC.",$1B-$2B,,1296400000,RevenueFromContractWithCustomerExcludingAssessedTax,USD,2023-05-11,10-Q,2022-04-03,-47600000,NetIncomeLoss,USD,2023-05-11,10-Q,2022-04-03,2663800000,Assets,USD,2023-05-11,10-Q,2023-01-01,-30700000,NetCashProvidedByUsedInFinancingActivities,USD,2023-05-11,10-Q,2022-04-03,257100000,NetCashProvidedByUsedInInvestingActivities,USD,2023-05-11,10-Q,2022-04-03,-106100000,NetCashProvidedByUsedInOperatingActivities,USD,2023-05-11,10-Q,2022-04-03,through_ocf,True,,,-0.036717,-0.081842,2.054767,-0.023681,0.198318
2023Q2,2023-06-28,KEQU,55529,KEWAUNEE SCIENTIFIC CORP /DE/,$100M-$500M,,119157000,RevenueFromContractWithCustomerExcludingAssessedTax,USD,2023-03-10,10-Q,2022-01-31,-1345000,NetIncomeLoss,USD,2023-03-10,10-Q,2021-07-31,118773000,Assets,USD,2023-03-10,10-Q,2022-04-30,2119000,NetCashProvidedByUsedInFinancingActivities,USD,2023-03-10,10-Q,2022-01-31,-1222000,NetCashProvidedByUsedInInvestingActivities,USD,2023-03-10,10-Q,2022-01-31,-1087000,NetCashProvidedByUsedInOperatingActivities,USD,2023-03-10,10-Q,2022-01-31,through_ocf,True,,,-0.011288,-0.009122,0.996777,0.017783,-0.010255
2023Q2,2023-04-20,KEY,91576,KeyCorp,$2B-$10B,,6715000000,Revenues,USD,2023-02-22,10-K,2020-12-31,1343000000,NetIncomeLoss,USD,2023-02-22,10-K,2020-12-31,186346000000,Assets,USD,2023-02-22,10-K,2021-12-31,23407000000,NetCashProvidedByUsedInFinancingActivities,USD,2023-02-22,10-K,2020-12-31,-24721000000,NetCashProvidedByUsedInInvestingActivities,USD,2023-02-22,10-K,2020-12-31,1673000000,NetCashProvidedByUsedInOperatingActivities,USD,2023-02-22,10-K,2020-12-31,through_ocf,True,,,0.2,0.249144,27.750707,3.485778,-3.681459
2023Q2,2023-05-16,KEYS,1601046,"KEYSIGHT TECHNOLOGIES, INC.",$1B-$2B,,1250000000,Revenues,USD,2023-03-03,10-Q,2022-01-31,229000000,ProfitLoss,USD,2023-03-03,10-Q,2022-01-31,8098000000,Assets,USD,2023-03-03,10-Q,2022-10-31,-247000000,NetCashProvidedByUsedInFinancingActivities,USD,2023-03-03,10-Q,2022-01-31,-49000000,NetCashProvidedByUsedInInvestingActivities,USD,2023-03-03,10-Q,2022-01-31,224000000,NetCashProvidedByUsedInOperatingActivities,USD,2023-03-03,10-Q,2022-01-31,through_ocf,True,,,0.1832,0.1792,6.4784,-0.1976,-0.0392
2023Q2,2023-05-08,KFRC,930420,Kforce Inc.,$1B-$2B,,1397700000,RevenueFromContractWithCustomerExcludingAssessedTax,USD,2023-02-24,10-K,2020-12-31,56039000,NetIncomeLoss,USD,2023-02-24,10-K,2020-12-31,503401000,Assets,USD,2023-02-24,10-K,2021-12-31,-18577000,NetCashProvidedByUsedInFinancingActivities,USD,2023-02-24,10-K,2020-12-31,-6927000,NetCashProvidedByUsedInInvestingActivities,USD,2023-02-24,10-K,2020-12-31,109159000,NetCashProvidedByUsedInOperatingActivities,USD,2023-02-24,10-K,2020-12-31,through_ocf,True,,,0.040094,0.078099,0.360164,-0.013291,-0.004956
2023Q2,2023-06-27,KFY,56679,KORN FERRY,$1B-$2B,,1916452000,RevenueFromContractWithCustomerExcludingAssessedTax,USD,2023-03-10,10-Q,2022-01-31,234696000,NetIncomeLoss,USD,2023-03-10,10-Q,2022-01-31,3464546000,Assets,USD,2023-03-10,10-Q,2022-04-30,-62833000,NetCashProvidedByUsedInFinancingActivities,USD,2023-03-10,10-Q,2022-01-31,-136553000,NetCashProvidedByUsedInInvestingActivities,USD,2023-03-10,10-Q,2022-01-31,221477000,NetCashProvidedByUsedInOperatingActivities,USD,2023-03-10,10-Q,2022-01-31,through_ocf,True,,,0.122464,0.115566,1.807792,-0.032786,-0.071253
2023Q2,2023-04-27,KIM,879101,KIMCO     REALTY CORP,$1B-$2B,,1057893000,Revenues,USD,2023-02-24,10-K,2020-12-31,1000833000,NetIncomeLoss,USD,2023-02-24,10-K,2020-12-31,18459199000,Assets,USD,2023-02-24,10-K,2021-12-31,-387399000,NetCashProvidedByUsedInFinancingActivities,USD,2023-02-24,10-K,2020-12-31,-33273000,NetCashProvidedByUsedInInvestingActivities,USD,2023-02-24,10-K,2020-12-31,589913000,NetCashProvidedByUsedInOperatingActivities,USD,2023-02-24,10-K,2020-12-31,through_ocf,True,,,0.946063,0.55763,17.449023,-0.366199,-0.031452
2023Q2,2023-05-08,KKR,1404912,KKR & CO. INC.,$2B-$10B,,4230891000,Revenues,USD,2023-02-27,10-K,2020-12-31,2002509000,NetIncomeLoss,USD,2023-02-27,10-K,2020-12-31,229234863000,Assets,USD,2022-08-05,10-Q,2021-06-30,9803704000,NetCashProvidedByUsedInFinancingActivities,USD,2023-02-27,10-K,2020-12-31,-153386000,NetCashProvidedByUsedInInvestingActivities,USD,2023-02-27,10-K,2020-12-31,-5953693000,NetCashProvidedByUsedInOperatingActivities,USD,2023-02-27,10-K,2020-12-31,through_ocf,True,,,0.473307,-1.407196,54.181226,2.317172,-0.036254
2023Q2,2023-04-26,KLAC,319201,KLA CORP,$2B-$10B,,4436468000,RevenueFromContractWithCustomerExcludingAssessedTax,USD,2023-01-27,10-Q,2021-12-31,1068417000,NetIncomeLoss,USD,2023-01-27,10-Q,2021-09-30,12597088000,Assets,USD,2023-01-27,10-Q,2022-06-30,-1166876000,NetCashProvidedByUsedInFinancingActivities,USD,2023-01-27,10-Q,2021-12-31,-281570000,NetCashProvidedByUsedInInvestingActivities,USD,2023-01-27,10-Q,2021-12-31,1674595000,NetCashProvidedByUsedInOperatingActivities,USD,2023-01-27,10-Q,2021-12-31,through_ocf,True,,,0.240826,0.377461,2.839441,-0.263019,-0.063467
2023Q2,2023-05-03,KLIC,56978,KULICKE & SOFFA INDUSTRIES INC,$100M-$500M,,460888000,Revenues,USD,2023-02-02,10-Q,2022-01-01,133606000,NetIncomeLoss,USD,2023-02-02,10-Q,2022-01-01,1588599000,Assets,USD,2023-02-02,10-Q,2022-10-01,-24077000,NetCashProvidedByUsedInFinancingActivities,USD,2023-02-02,10-Q,2022-01-01,7289000,NetCashProvidedByUsedInInvestingActivities,USD,2023-02-02,10-Q,2022-01-01,95874000,NetCashProvidedByUsedInOperatingActivities,USD,2023-02-02,10-Q,2022-01-01,through_ocf,True,,,0.289888,0.20802,3.446822,-0.05224,0.015815
2023Q2,2023-05-10,KLXE,1738827,"KLX Energy Services Holdings, Inc.",$100M-$500M,,436100000,RevenueFromContractWithCustomerExcludingAssessedTax,USD,2023-03-09,10-K,2021-12-31,-93800000,NetIncomeLoss,USD,2023-03-09,10-K,2021-12-31,387700000,Assets,USD,2023-03-09,10-K,2021-12-31,32000000,NetCashProvidedByUsedInFinancingActivities,USD,2023-03-09,10-K,2021-12-31,4500000,NetCashProvidedByUsedInInvestingActivities,USD,2023-03-09,10-K,2021-12-31,-55600000,NetCashProvidedByUsedInOperatingActivities,USD,2023-03-09,10-K,2021-12-31,through_ocf,True,,,-0.215088,-0.127494,0.889016,0.073378,0.010319
2023Q2,2023-04-19,KMI,1506307,"KINDER MORGAN, INC.",>$10B,,11700000000,Revenues,USD,2023-02-08,10-K,2020-12-31,119000000,NetIncomeLoss,USD,2023-02-08,10-K,2020-12-31,70416000000,Assets,USD,2023-02-08,10-K,2021-12-31,-2638000000,NetCashProvidedByUsedInFinancingActivities,USD,2023-02-08,10-K,2020-12-31,-911000000,NetCashProvidedByUsedInInvestingActivities,USD,2023-02-08,10-K,2020-12-31,4550000000,NetCashProvidedByUsedInOperatingActivities,USD,2023-02-08,10-K,2020-12-31,through_ocf,True,,,0.010171,0.388889,6.018462,-0.22547,-0.077863
2023Q2,2023-05-01,KMT,55242,KENNAMETAL INC.,$500M-$1B,,970182000,Revenues,USD,2023-02-08,10-Q,2021-12-31,67619000,NetIncomeLoss,USD,2023-02-08,10-Q,2021-12-31,2573524000,Assets,USD,2023-02-08,10-Q,2022-06-30,-72549000,NetCashProvidedByUsedInFinancingActivities,USD,2023-02-08,10-Q,2021-12-31,-36074000,NetCashProvidedByUsedInInvestingActivities,USD,2023-02-08,10-Q,2021-12-31,57804000,NetCashProvidedByUsedInOperatingActivities,USD,2023-02-08,10-Q,2021-12-31,through_ocf,True,,,0.069697,0.059581,2.65262,-0.074779,-0.037183
2023Q2,2023-04-27,KN,1587523,Knowles Corporation,$500M-$1B,,764300000,Revenues,USD,2023-02-09,10-K,2020-12-31,6600000,NetIncomeLoss,USD,2023-02-09,10-K,2020-12-31,1731600000,Assets,USD,2023-02-09,10-K,2021-12-31,-23900000,NetCashProvidedByUsedInFinancingActivities,USD,2023-02-09,10-K,2020-12-31,-35100000,NetCashProvidedByUsedInInvestingActivities,USD,2023-02-09,10-K,2020-12-31,116600000,NetCashProvidedByUsedInOperatingActivities,USD,2022-10-27,10-Q,2021-09-30,through_ocf,True,,,0.008635,0.152558,2.265603,-0.03127,-0.045924
2023Q2,2023-05-04,KNTK,1692787,KINETIK HOLDINGS INC.,$100M-$500M,,257249000,RevenueFromContractWithCustomerExcludingAssessedTax,USD,2023-05-04,10-Q,2022-03-31,140791000,NetIncomeLoss,USD,2023-05-04,10-Q,2022-03-31,5919711000,Assets,USD,2023-05-04,10-Q,2022-12-31,-80084000,NetCashProvidedByUsedInFinancingActivities,USD,2023-05-04,10-Q,2022-03-31,-19392000,NetCashProvidedByUsedInInvestingActivities,USD,2023-05-04,10-Q,2022-03-31,98393000,NetCashProvidedByUsedInOperatingActivities,USD,2023-05-04,10-Q,2022-03-31,through_ocf,True,,,0.547295,0.382482,23.0116,-0.311309,-0.075382
2023Q2,2023-05-05,KOP,1315257,KOPPERS HOLDINGS INC.,$100M-$500M,,459300000,RevenueFromContractWithCustomerExcludingAssessedTax,USD,2023-05-05,10-Q,2022-03-31,18800000,NetIncomeLoss,USD,2023-05-05,10-Q,2022-03-31,1711400000,Assets,USD,2023-05-05,10-Q,2022-12-31,33400000,NetCashProvidedByUsedInFinancingActivities,USD,2023-05-05,10-Q,2022-03-31,-22000000,NetCashProvidedByUsedInInvestingActivities,USD,2023-05-05,10-Q,2022-03-31,-8000000,NetCashProvidedByUsedInOperatingActivities,USD,2023-05-05,10-Q,2022-03-31,through_ocf,True,,,0.040932,-0.017418,3.726105,0.072719,-0.047899
2023Q2,2023-05-09,KOS,1509991,Kosmos Energy Ltd.,$500M-$1B,,659015000,Revenues,USD,2023-05-09,10-Q,2022-03-31,1400000,NetIncomeLoss,USD,2023-05-09,10-Q,2022-03-31,5021361000,Assets,USD,2023-05-09,10-Q,2022-03-31,-116633000,NetCashProvidedByUsedInFinancingActivities,USD,2023-05-09,10-Q,2022-03-31,9388000,NetCashProvidedByUsedInInvestingActivities,USD,2023-05-09,10-Q,2022-03-31,329628000,NetCashProvidedByUsedInOperatingActivities,USD,2023-05-09,10-Q,2022-03-31,through_ocf,True,,,0.002124,0.500183,7.619494,-0.176981,0.014246
2023Q2,2023-05-01,KRG,1286043,KITE REALTY GROUP TRUST,$100M-$500M,,266645000,Revenues,USD,2023-02-21,10-K,2020-12-31,-16223000,NetIncomeLoss,USD,2023-02-21,10-K,2020-12-31,7639575000,Assets,USD,2023-02-21,10-K,2021-12-31,-20902000,NetCashProvidedByUsedInFinancingActivities,USD,2023-02-21,10-K,2020-12-31,-80840000,NetCashProvidedByUsedInInvestingActivities,USD,2023-02-21,10-K,2020-12-31,95515000,NetCashProvidedByUsedInOperatingActivities,USD,2023-02-21,10-K,2020-12-31,through_ocf,True,,,-0.060841,0.35821,28.650734,-0.078389,-0.303175
2023Q2,2023-05-03,KRO,1257640,"KRONOS WORLDWIDE, INC.",$500M-$1B,,562900000,RevenueFromContractWithCustomerExcludingAssessedTax,USD,2023-05-03,10-Q,2022-03-31,57500000,NetIncomeLoss,USD,2023-05-03,10-Q,2022-03-31,1934400000,Assets,USD,2023-05-03,10-Q,2022-12-31,-23200000,NetCashProvidedByUsedInFinancingActivities,USD,2023-05-03,10-Q,2022-03-31,-61300000,NetCashProvidedByUsedInInvestingActivities,USD,2023-03-08,10-K,2020-12-31,-18600000,NetCashProvidedByUsedInOperatingActivities,USD,2023-05-03,10-Q,2022-03-31,through_ocf,True,,,0.10215,-0.033043,3.43649,-0.041215,-0.1089
2023Q2,2023-05-24,KSS,885639,KOHLS Corp,>$10B,,15955000000,RevenueFromContractWithCustomerExcludingAssessedTax,USD,2023-03-16,10-K,2021-01-30,-163000000,NetIncomeLoss,USD,2023-03-16,10-K,2021-01-30,15054000000,Assets,USD,2023-03-16,10-K,2022-01-29,347000000,NetCashProvidedByUsedInFinancingActivities,USD,2023-03-16,10-K,2021-01-30,-137000000,NetCashProvidedByUsedInInvestingActivities,USD,2023-03-16,10-K,2021-01-30,1338000000,NetCashProvidedByUsedInOperatingActivities,USD,2023-03-16,10-K,2021-01-30,through_ocf,True,,,-0.010216,0.083861,0.943529,0.021749,-0.008587
2023Q2,2023-05-04,KTB,1760965,"KONTOOR BRANDS, INC.",$500M-$1B,,679743000,RevenueFromContractWithCustomerExcludingAssessedTax,USD,2023-05-04,10-Q,2022-04-02,80810000,NetIncomeLoss,USD,2023-05-04,10-Q,2022-04-02,1589054000,Assets,USD,2023-05-04,10-Q,2022-04-02,-59946000,NetCashProvidedByUsedInFinancingActivities,USD,2023-05-04,10-Q,2022-04-02,-5028000,NetCashProvidedByUsedInInvestingActivities,USD,2023-05-04,10-Q,2022-04-02,74833000,NetCashProvidedByUsedInOperatingActivities,USD,2023-05-04,10-Q,2022-04-02,through_ocf,True,,,0.118883,0.11009,2.337728,-0.088189,-0.007397
2023Q2,2023-05-03,KTOS,1069258,"KRATOS DEFENSE & SECURITY SOLUTIONS, INC.",$100M-$500M,,196200000,RevenueFromContractWithCustomerExcludingAssessedTax,USD,2023-05-03,10-Q,2022-03-27,-15900000,NetIncomeLoss,USD,2023-05-03,10-Q,2022-03-27,1551500000,Assets,USD,2023-05-03,10-Q,2022-12-25,-17200000,NetCashProvidedByUsedInFinancingActivities,USD,2023-05-03,10-Q,2022-03-27,-69300000,NetCashProvidedByUsedInInvestingActivities,USD,2023-05-03,10-Q,2022-03-27,,,,,,,through_ocf,False,,operating_cash_flow,-0.08104,,7.907747,-0.087666,-0.353211
2023Q2,2023-05-03,KW,1408100,"KENNEDY-WILSON HOLDINGS, INC.",$100M-$500M,,454000000,RevenueFromContractWithCustomerExcludingAssessedTax,USD,2023-02-22,10-K,2020-12-31,107800000,ProfitLoss,USD,2023-02-22,10-K,2020-12-31,7876500000,Assets,USD,2023-02-22,10-K,2021-12-31,-206600000,NetCashProvidedByUsedInFinancingActivities,USD,2023-02-22,10-K,2020-12-31,590800000,NetCashProvidedByUsedInInvestingActivities,USD,2023-02-22,10-K,2020-12-31,-12600000,NetCashProvidedByUsedInOperatingActivities,USD,2023-02-22,10-K,2020-12-31,through_ocf,True,,,0.237445,-0.027753,17.349119,-0.455066,1.301322
2023Q2,2023-05-04,KWR,81362,QUAKER CHEMICAL CORPORATION,$100M-$500M,,474171000,RevenueFromContractWithCustomerExcludingAssessedTax,USD,2023-05-04,10-Q,2022-03-31,19816000,NetIncomeLoss,USD,2023-05-04,10-Q,2022-03-31,2821622000,Assets,USD,2023-05-04,10-Q,2022-12-31,20557000,NetCashProvidedByUsedInFinancingActivities,USD,2023-05-04,10-Q,2022-03-31,-18230000,NetCashProvidedByUsedInInvestingActivities,USD,2023-05-04,10-Q,2022-03-31,-6299000,NetCashProvidedByUsedInOperatingActivities,USD,2023-05-04,10-Q,2022-03-31,through_ocf,True,,,0.041791,-0.013284,5.950642,0.043354,-0.038446
2023Q2,2023-05-01,L,60086,LOEWS CORPORATION,$2B-$10B,,3402000000,Revenues,USD,2023-05-01,10-Q,2022-03-31,322000000,NetIncomeLoss,USD,2023-05-01,10-Q,2022-03-31,75567000000,Assets,USD,2023-05-01,10-Q,2022-12-31,-56000000,NetCashProvidedByUsedInFinancingActivities,USD,2023-05-01,10-Q,2022-03-31,-187000000,NetCashProvidedByUsedInInvestingActivities,USD,2023-05-01,10-Q,2022-03-31,423000000,NetCashProvidedByUsedInOperatingActivities,USD,2023-05-01,10-Q,2022-03-31,through_ocf,True,,,0.09465,0.124339,22.212522,-0.016461,-0.054968
2023Q2,2023-05-04,LAUR,912766,"Laureate Education, Inc.",$100M-$500M,,209563000,RevenueFromContractWithCustomerExcludingAssessedTax,USD,2023-05-04,10-Q,2022-03-31,-44211000,NetIncomeLoss,USD,2023-05-04,10-Q,2022-03-31,1972237000,Assets,USD,2023-05-04,10-Q,2022-12-31,-104138000,NetCashProvidedByUsedInFinancingActivities,USD,2023-05-04,10-Q,2022-03-31,7938000,NetCashProvidedByUsedInInvestingActivities,USD,2023-05-04,10-Q,2022-03-31,53877000,NetCashProvidedByUsedInOperatingActivities,USD,2023-05-04,10-Q,2022-03-31,through_ocf,True,,,-0.210968,0.257092,9.411189,-0.496929,0.037879
2023Q2,2023-05-02,LBRDA,1611983,LIBERTY BROADBAND CORPORATION,$100M-$500M,,238000000,RevenueFromContractWithCustomerExcludingAssessedTax,USD,2023-05-02,10-Q,2022-03-31,299000000,NetIncomeLoss,USD,2023-05-02,10-Q,2022-03-31,15142000000,Assets,USD,2023-05-02,10-Q,2022-12-31,-548000000,NetCashProvidedByUsedInFinancingActivities,USD,2023-05-02,10-Q,2022-03-31,574000000,NetCashProvidedByUsedInInvestingActivities,USD,2023-05-02,10-Q,2022-03-31,90000000,NetCashProvidedByUsedInOperatingActivities,USD,2023-05-02,10-Q,2022-03-31,through_ocf,True,,,1.256303,0.378151,63.621849,-2.302521,2.411765
2023Q2,2023-05-02,LBRDK,1611983,LIBERTY BROADBAND CORPORATION,$100M-$500M,,238000000,RevenueFromContractWithCustomerExcludingAssessedTax,USD,2023-05-02,10-Q,2022-03-31,299000000,NetIncomeLoss,USD,2023-05-02,10-Q,2022-03-31,15142000000,Assets,USD,2023-05-02,10-Q,2022-12-31,-548000000,NetCashProvidedByUsedInFinancingActivities,USD,2023-05-02,10-Q,2022-03-31,574000000,NetCashProvidedByUsedInInvestingActivities,USD,2023-05-02,10-Q,2022-03-31,90000000,NetCashProvidedByUsedInOperatingActivities,USD,2023-05-02,10-Q,2022-03-31,through_ocf,True,,,1.256303,0.378151,63.621849,-2.302521,2.411765
2023Q2,2023-04-27,LBTYA,1570585,Liberty Global Ltd.,>$10B,,11545400000,RevenueFromContractWithCustomerExcludingAssessedTax,USD,2023-02-22,10-K,2020-12-31,-1628000000,NetIncomeLoss,USD,2023-02-22,10-K,2020-12-31,46917000000,Assets,USD,2023-02-22,10-K,2021-12-31,1083600000,NetCashProvidedByUsedInFinancingActivities,USD,2023-02-22,10-K,2020-12-31,-8874000000,NetCashProvidedByUsedInInvestingActivities,USD,2023-02-22,10-K,2020-12-31,4185800000,NetCashProvidedByUsedInOperatingActivities,USD,2023-02-22,10-K,2020-12-31,through_ocf,True,,,-0.141009,0.362551,4.063696,0.093856,-0.768618
2023Q2,2023-04-27,LBTYK,1570585,Liberty Global Ltd.,>$10B,,11545400000,RevenueFromContractWithCustomerExcludingAssessedTax,USD,2023-02-22,10-K,2020-12-31,-1628000000,NetIncomeLoss,USD,2023-02-22,10-K,2020-12-31,46917000000,Assets,USD,2023-02-22,10-K,2021-12-31,1083600000,NetCashProvidedByUsedInFinancingActivities,USD,2023-02-22,10-K,2020-12-31,-8874000000,NetCashProvidedByUsedInInvestingActivities,USD,2023-02-22,10-K,2020-12-31,4185800000,NetCashProvidedByUsedInOperatingActivities,USD,2023-02-22,10-K,2020-12-31,through_ocf,True,,,-0.141009,0.362551,4.063696,0.093856,-0.768618
2023Q2,2023-04-26,LC,1409970,LendingClub Corporation,$500M-$1B,,694812000,Revenues,USD,2021-03-11,10-K,2018-12-31,-187538000,NetIncomeLoss,USD,2023-02-09,10-K,2020-12-31,4900319000,Assets,USD,2023-02-09,10-K,2021-12-31,-842439000,NetCashProvidedByUsedInFinancingActivities,USD,2023-02-09,10-K,2020-12-31,565771000,NetCashProvidedByUsedInInvestingActivities,USD,2023-02-09,10-K,2020-12-31,418031000,NetCashProvidedByUsedInOperatingActivities,USD,2023-02-09,10-K,2020-12-31,through_ocf,True,,,-0.269912,0.601646,7.052726,-1.21247,0.814279
2023Q2,2023-04-13,LCID,1811210,"Lucid Group, Inc.",<$100M,,3976000,Revenues,USD,2023-02-28,10-K,2020-12-31,-719380000,NetIncomeLoss,USD,2023-02-28,10-K,2020-12-31,7881713000,Assets,USD,2023-02-28,10-K,2021-12-31,1290545000,NetCashProvidedByUsedInFinancingActivities,USD,2023-02-28,10-K,2020-12-31,-459582000,NetCashProvidedByUsedInInvestingActivities,USD,2023-02-28,10-K,2020-12-31,-570196000,NetCashProvidedByUsedInOperatingActivities,USD,2023-02-28,10-K,2020-12-31,through_ocf,True,,,-180.930584,-143.409457,1982.322183,324.583753,-115.589034
2023Q2,2023-05-09,LCII,763744,LCI INDUSTRIES,$1B-$2B,,1644568000,Revenues,USD,2023-05-09,10-Q,2022-03-31,196181000,NetIncomeLoss,USD,2023-05-09,10-Q,2022-03-31,3246912000,Assets,USD,2023-05-09,10-Q,2022-12-31,-49316000,NetCashProvidedByUsedInFinancingActivities,USD,2023-05-09,10-Q,2022-03-31,-92345000,NetCashProvidedByUsedInInvestingActivities,USD,2023-05-09,10-Q,2022-03-31,134926000,NetCashProvidedByUsedInOperatingActivities,USD,2023-05-09,10-Q,2022-03-31,through_ocf,True,,,0.11929,0.082043,1.974325,-0.029987,-0.056152
2023Q2,2023-05-10,LCUT,874396,"LIFETIME BRANDS, INC.",$100M-$500M,,182717000,RevenueFromContractWithCustomerExcludingAssessedTax,USD,2023-05-10,10-Q,2022-03-31,380000,NetIncomeLoss,USD,2023-05-10,10-Q,2022-03-31,725888000,Assets,USD,2023-05-10,10-Q,2022-12-31,-8155000,NetCashProvidedByUsedInFinancingActivities,USD,2023-05-10,10-Q,2022-03-31,-18359000,NetCashProvidedByUsedInInvestingActivities,USD,2023-05-10,10-Q,2022-03-31,13404000,NetCashProvidedByUsedInOperatingActivities,USD,2023-05-10,10-Q,2022-03-31,through_ocf,True,,,0.00208,0.073359,3.972745,-0.044632,-0.100478
2023Q2,2023-05-02,LDOS,1336920,"LEIDOS HOLDINGS, INC.",$2B-$10B,,3494000000,Revenues,USD,2023-05-02,10-Q,2022-04-01,175000000,NetIncomeLoss,USD,2023-05-02,10-Q,2022-04-01,13071000000,Assets,USD,2023-05-02,10-Q,2022-12-30,-519000000,NetCashProvidedByUsedInFinancingActivities,USD,2023-05-02,10-Q,2022-04-01,-21000000,NetCashProvidedByUsedInInvestingActivities,USD,2023-05-02,10-Q,2022-04-01,93000000,NetCashProvidedByUsedInOperatingActivities,USD,2023-05-02,10-Q,2022-04-01,through_ocf,True,,,0.050086,0.026617,3.740985,-0.14854,-0.00601
2023Q2,2023-06-01,LE,799288,"LANDS’ END, INC.",$100M-$500M,,303665000,RevenueFromContractWithCustomerExcludingAssessedTax,USD,2023-06-01,10-Q,2022-04-29,-2371000,NetIncomeLoss,USD,2023-06-01,10-Q,2022-04-29,1081564000,Assets,USD,2023-06-01,10-Q,2022-04-29,117252000,NetCashProvidedByUsedInFinancingActivities,USD,2023-06-01,10-Q,2022-04-29,-6965000,NetCashProvidedByUsedInInvestingActivities,USD,2023-06-01,10-Q,2022-04-29,-122410000,NetCashProvidedByUsedInOperatingActivities,USD,2023-06-01,10-Q,2022-04-29,through_ocf,True,,,-0.007808,-0.403109,3.561701,0.386123,-0.022936
2023Q2,2023-04-27,LECO,59527,LINCOLN ELECTRIC HOLDINGS INC,$500M-$1B,,925448000,Revenues,USD,2023-04-27,10-Q,2022-03-31,126030000,NetIncomeLoss,USD,2023-04-27,10-Q,2022-03-31,3180546000,Assets,USD,2023-04-27,10-Q,2022-12-31,-40597000,NetCashProvidedByUsedInFinancingActivities,USD,2023-04-27,10-Q,2022-03-31,-40116000,NetCashProvidedByUsedInInvestingActivities,USD,2023-04-27,10-Q,2022-03-31,43090000,NetCashProvidedByUsedInOperatingActivities,USD,2023-04-27,10-Q,2022-03-31,through_ocf,True,,,0.136183,0.046561,3.436764,-0.043867,-0.043348
2023Q2,2023-05-01,LEG,58492,"Leggett & Platt, Incorporated",$2B-$10B,,4329000000,Revenues,USD,2023-02-24,10-K,2020-12-31,253000000,NetIncomeLoss,USD,2023-02-24,10-K,2020-12-31,4800000000,Assets,USD,2023-02-24,10-K,2020-12-31,-461700000,NetCashProvidedByUsedInFinancingActivities,USD,2023-02-24,10-K,2020-12-31,-49000000,NetCashProvidedByUsedInInvestingActivities,USD,2023-02-24,10-K,2020-12-31,602600000,NetCashProvidedByUsedInOperatingActivities,USD,2023-02-24,10-K,2020-12-31,through_ocf,True,,,0.058443,0.139201,1.108801,-0.106653,-0.011319
2023Q2,2023-05-03,LESL,1821806,"LESLIE’S, INC.",$100M-$500M,,184824000,RevenueFromContractWithCustomerExcludingAssessedTax,USD,2023-02-03,10-Q,2022-01-01,-14451000,NetIncomeLoss,USD,2023-02-03,10-Q,2022-01-01,811265000,Assets,USD,2023-02-03,10-Q,2022-01-01,-154071000,NetCashProvidedByUsedInFinancingActivities,USD,2023-02-03,10-Q,2022-01-01,-10527000,NetCashProvidedByUsedInInvestingActivities,USD,2023-02-03,10-Q,2022-01-01,-125559000,NetCashProvidedByUsedInOperatingActivities,USD,2023-02-03,10-Q,2022-01-01,through_ocf,True,,,-0.078188,-0.679344,4.389392,-0.833609,-0.056957
2023Q2,2023-06-01,LFCR,1005286,"LIFECORE BIOMEDICAL, INC.",$100M-$500M,,115781000,Revenues,USD,2019-08-01,10-K,2017-08-27,-9477000,NetIncomeLoss,USD,2023-03-16,10-Q,2021-08-29,277806000,Assets,USD,2023-03-16,10-Q,2022-05-29,-29070000,NetCashProvidedByUsedInFinancingActivities,USD,2023-03-16,10-Q,2021-11-28,33172000,NetCashProvidedByUsedInInvestingActivities,USD,2023-03-16,10-Q,2021-11-28,-4306000,NetCashProvidedByUsedInOperatingActivities,USD,2023-03-16,10-Q,2021-11-28,through_ocf,True,,,-0.081853,-0.037191,2.399409,-0.251077,0.286506
2023Q2,2023-05-10,LFST,1845257,"LifeStance Health Group, Inc.",$100M-$500M,,203095000,Revenues,USD,2023-05-10,10-Q,2022-03-31,-62328000,NetIncomeLoss,USD,2023-05-10,10-Q,2022-03-31,2173871000,Assets,USD,2023-05-10,10-Q,2022-12-31,13508000,NetCashProvidedByUsedInFinancingActivities,USD,2023-05-10,10-Q,2022-03-31,-50855000,NetCashProvidedByUsedInInvestingActivities,USD,2023-05-10,10-Q,2022-03-31,3308000,NetCashProvidedByUsedInOperatingActivities,USD,2023-05-10,10-Q,2022-03-31,through_ocf,True,,,-0.306891,0.016288,10.703715,0.066511,-0.2504
2023Q2,2023-05-02,LFUS,889331,LITTELFUSE INC /DE,$500M-$1B,,867864000,SalesRevenueNet,USD,2018-02-23,10-K,2016-01-02,129986000,NetIncomeLoss,USD,2023-02-16,10-K,2020-12-26,3151704000,Assets,USD,2023-02-16,10-K,2022-01-01,-67808000,NetCashProvidedByUsedInFinancingActivities,USD,2023-02-16,10-K,2020-12-26,-51433000,NetCashProvidedByUsedInInvestingActivities,USD,2023-02-16,10-K,2020-12-26,258031000,NetCashProvidedByUsedInOperatingActivities,USD,2023-02-16,10-K,2020-12-26,through_ocf,True,,,0.149777,0.297317,3.631564,-0.078132,-0.059264
2023Q2,2023-05-02,LGIH,1580670,"LGI HOMES, INC.",$500M-$1B,,546050000,Revenues,USD,2023-05-02,10-Q,2022-03-31,78686000,NetIncomeLoss,USD,2023-05-02,10-Q,2022-03-31,3124828000,Assets,USD,2023-05-02,10-Q,2022-12-31,141971000,NetCashProvidedByUsedInFinancingActivities,USD,2023-05-02,10-Q,2022-03-31,-1373000,NetCashProvidedByUsedInInvestingActivities,USD,2023-05-02,10-Q,2022-03-31,-137787000,NetCashProvidedByUsedInOperatingActivities,USD,2023-05-02,10-Q,2022-03-31,through_ocf,True,,,0.1441,-0.252334,5.722604,0.259996,-0.002514
2023Q2,2023-04-25,LH,920148,Labcorp Holdings Inc.,>$10B,,13978500000,Revenues,USD,2023-02-28,10-K,2020-12-31,1556100000,NetIncomeLoss,USD,2023-02-28,10-K,2020-12-31,20385400000,Assets,USD,2023-02-28,10-K,2021-12-31,-517400000,NetCashProvidedByUsedInFinancingActivities,USD,2023-02-28,10-K,2020-12-31,-643200000,NetCashProvidedByUsedInInvestingActivities,USD,2023-02-28,10-K,2020-12-31,2135300000,NetCashProvidedByUsedInOperatingActivities,USD,2023-02-28,10-K,2020-12-31,through_ocf,True,,,0.111321,0.152756,1.45834,-0.037014,-0.046014
2023Q2,2023-04-27,LII,1069202,LENNOX INTERNATIONAL INC.,$500M-$1B,,930500000,Revenues,USD,2023-04-27,10-Q,2021-03-31,83600000,NetIncomeLoss,USD,2023-04-27,10-Q,2022-03-31,2567600000,Assets,USD,2023-04-27,10-Q,2022-12-31,129100000,NetCashProvidedByUsedInFinancingActivities,USD,2023-04-27,10-Q,2022-03-31,-25700000,NetCashProvidedByUsedInInvestingActivities,USD,2023-04-27,10-Q,2022-03-31,-97900000,NetCashProvidedByUsedInOperatingActivities,USD,2023-04-27,10-Q,2022-03-31,through_ocf,True,,,0.089844,-0.105212,2.759377,0.138743,-0.02762
2023Q2,2023-05-08,LILA,1712184,LIBERTY LATIN AMERICA LTD.,$500M-$1B,,910900000,SalesRevenueServicesNet,USD,2018-05-08,10-Q,2017-03-31,80600000,NetIncomeLoss,USD,2023-05-08,10-Q,2022-03-31,13575200000,Assets,USD,2023-05-08,10-Q,2022-12-31,-78200000,NetCashProvidedByUsedInFinancingActivities,USD,2023-05-08,10-Q,2022-03-31,-189000000,NetCashProvidedByUsedInInvestingActivities,USD,2023-05-08,10-Q,2022-03-31,122300000,NetCashProvidedByUsedInOperatingActivities,USD,2023-05-08,10-Q,2022-03-31,through_ocf,True,,,0.088484,0.134263,14.903063,-0.085849,-0.207487
2023Q2,2023-05-08,LILAK,1712184,LIBERTY LATIN AMERICA LTD.,$500M-$1B,,910900000,SalesRevenueServicesNet,USD,2018-05-08,10-Q,2017-03-31,80600000,NetIncomeLoss,USD,2023-05-08,10-Q,2022-03-31,13575200000,Assets,USD,2023-05-08,10-Q,2022-12-31,-78200000,NetCashProvidedByUsedInFinancingActivities,USD,2023-05-08,10-Q,2022-03-31,-189000000,NetCashProvidedByUsedInInvestingActivities,USD,2023-05-08,10-Q,2022-03-31,122300000,NetCashProvidedByUsedInOperatingActivities,USD,2023-05-08,10-Q,2022-03-31,through_ocf,True,,,0.088484,0.134263,14.903063,-0.085849,-0.207487
2023Q2,2023-04-27,LIN,1707925,LINDE PLC,$2B-$10B,,8211000000,RevenueFromContractWithCustomerExcludingAssessedTax,USD,2023-04-27,10-Q,2022-03-31,1174000000,NetIncomeLoss,USD,2023-04-27,10-Q,2022-03-31,79658000000,Assets,USD,2023-04-27,10-Q,2022-12-31,244000000,NetCashProvidedByUsedInFinancingActivities,USD,2023-04-27,10-Q,2022-03-31,-665000000,NetCashProvidedByUsedInInvestingActivities,USD,2023-04-27,10-Q,2022-03-31,2000000000,NetCashProvidedByUsedInOperatingActivities,USD,2023-04-27,10-Q,2022-03-31,through_ocf,True,,,0.142979,0.243576,9.701376,0.029716,-0.080989
2023Q2,2023-04-06,LITE,1633978,Lumentum Holdings Inc.,$500M-$1B,,895100000,RevenueFromContractWithCustomerExcludingAssessedTax,USD,2023-02-09,10-Q,2022-01-01,81500000,NetIncomeLoss,USD,2023-02-09,10-Q,2021-10-02,4162200000,Assets,USD,2023-02-09,10-Q,2022-07-02,-144900000,NetCashProvidedByUsedInFinancingActivities,USD,2023-02-09,10-Q,2022-01-01,-345800000,NetCashProvidedByUsedInInvestingActivities,USD,2023-02-09,10-Q,2022-01-01,268400000,NetCashProvidedByUsedInOperatingActivities,USD,2023-02-09,10-Q,2022-01-01,through_ocf,True,,,0.091051,0.299855,4.649983,-0.161881,-0.386326
2023Q2,2023-04-14,LIVN,1639691,LivaNova PLC,$500M-$1B,,934241000,RevenueFromContractWithCustomerExcludingAssessedTax,USD,2023-02-27,10-K,2020-12-31,-348819000,NetIncomeLoss,USD,2023-02-27,10-K,2020-12-31,2200951000,Assets,USD,2023-02-27,10-K,2021-12-31,310756000,NetCashProvidedByUsedInFinancingActivities,USD,2023-02-27,10-K,2020-12-31,-41844000,NetCashProvidedByUsedInInvestingActivities,USD,2023-02-27,10-K,2020-12-31,-79422000,NetCashProvidedByUsedInOperatingActivities,USD,2023-02-27,10-K,2020-12-31,through_ocf,True,,,-0.373372,-0.085012,2.355871,0.332629,-0.044789
2023Q2,2023-04-27,LKQ,1065696,LKQ CORPORATION,$2B-$10B,,3348000000,Revenues,USD,2023-04-27,10-Q,2022-03-31,273000000,NetIncomeLoss,USD,2023-04-27,10-Q,2022-03-31,12038000000,Assets,USD,2023-04-27,10-Q,2022-12-31,-278000000,NetCashProvidedByUsedInFinancingActivities,USD,2023-04-27,10-Q,2022-03-31,-63000000,NetCashProvidedByUsedInInvestingActivities,USD,2023-04-27,10-Q,2022-03-31,409000000,NetCashProvidedByUsedInOperatingActivities,USD,2023-04-27,10-Q,2022-03-31,through_ocf,True,,,0.081541,0.122162,3.595579,-0.083035,-0.018817
2023Q2,2023-04-27,LLY,59478,ELI LILLY AND COMPANY,$2B-$10B,,7810000000,Revenues,USD,2023-04-27,10-Q,2022-03-31,1902900000,NetIncomeLoss,USD,2023-04-27,10-Q,2022-03-31,49489800000,Assets,USD,2023-04-27,10-Q,2022-12-31,-2878300000,NetCashProvidedByUsedInFinancingActivities,USD,2023-04-27,10-Q,2022-03-31,-1037600000,NetCashProvidedByUsedInInvestingActivities,USD,2023-04-27,10-Q,2022-03-31,2523000000,NetCashProvidedByUsedInOperatingActivities,USD,2023-04-27,10-Q,2022-03-31,through_ocf,True,,,0.243649,0.323047,6.336722,-0.36854,-0.132855
2023Q2,2023-05-08,LMB,1606163,"LIMBACH HOLDINGS, INC.",$100M-$500M,,114822000,Revenues,USD,2023-05-08,10-Q,2022-03-31,-1516000,NetIncomeLoss,USD,2023-05-08,10-Q,2022-03-31,294556000,Assets,USD,2023-05-08,10-Q,2022-12-31,6685000,NetCashProvidedByUsedInFinancingActivities,USD,2023-05-08,10-Q,2022-03-31,-130000,NetCashProvidedByUsedInInvestingActivities,USD,2023-05-08,10-Q,2022-03-31,-2965000,NetCashProvidedByUsedInOperatingActivities,USD,2023-05-08,10-Q,2022-03-31,through_ocf,True,,,-0.013203,-0.025823,2.565327,0.058221,-0.001132
2023Q2,2023-05-05,LNT,352541,ALLIANT ENERGY CORP,$1B-$2B,,1068000000,RevenueFromContractWithCustomerExcludingAssessedTax,USD,2023-05-05,10-Q,2022-03-31,192000000,NetIncomeLoss,USD,2023-05-05,10-Q,2022-03-31,20163000000,Assets,USD,2023-05-05,10-Q,2022-12-31,3000000,NetCashProvidedByUsedInFinancingActivities,USD,2023-05-05,10-Q,2022-03-31,-223000000,NetCashProvidedByUsedInInvestingActivities,USD,2023-05-05,10-Q,2022-03-31,251000000,NetCashProvidedByUsedInOperatingActivities,USD,2023-05-05,10-Q,2022-03-31,through_ocf,True,,,0.179775,0.235019,18.879213,0.002809,-0.208801
2023Q2,2023-05-04,LNTH,1521036,"LANTHEUS HOLDINGS, INC.",$100M-$500M,,208880000,RevenueFromContractWithCustomerExcludingAssessedTax,USD,2023-05-04,10-Q,2022-03-31,42962000,NetIncomeLoss,USD,2023-05-04,10-Q,2022-03-31,1321258000,Assets,USD,2023-05-04,10-Q,2022-12-31,-2179000,NetCashProvidedByUsedInFinancingActivities,USD,2023-05-04,10-Q,2022-03-31,-1390000,NetCashProvidedByUsedInInvestingActivities,USD,2023-05-04,10-Q,2022-03-31,10264000,NetCashProvidedByUsedInOperatingActivities,USD,2023-05-04,10-Q,2022-03-31,through_ocf,True,,,0.205678,0.049138,6.32544,-0.010432,-0.006655
2023Q2,2023-05-04,LOCO,1606366,"El Pollo Loco Holdings, Inc.",$100M-$500M,,401701000,RevenueFromContractWithCustomerExcludingAssessedTax,USD,2020-03-06,10-K,2017-12-27,24474000,NetIncomeLoss,USD,2023-03-10,10-K,2020-12-30,613786000,Assets,USD,2023-03-10,10-K,2021-12-29,-28708000,NetCashProvidedByUsedInFinancingActivities,USD,2023-03-10,10-K,2020-12-30,-6690000,NetCashProvidedByUsedInInvestingActivities,USD,2023-03-10,10-K,2020-12-30,40547000,NetCashProvidedByUsedInOperatingActivities,USD,2023-03-10,10-K,2020-12-30,through_ocf,True,,,0.060926,0.100938,1.527967,-0.071466,-0.016654
2023Q2,2023-05-02,LOGI,1032975,LOGITECH INTERNATIONAL S.A.,$2B-$10B,,4251107000,RevenueFromContractWithCustomerExcludingAssessedTax,USD,2023-01-26,10-Q,2021-12-31,536308000,NetIncomeLoss,USD,2023-01-26,10-Q,2021-12-31,4035405000,Assets,USD,2023-01-26,10-Q,2022-03-31,-492799000,NetCashProvidedByUsedInFinancingActivities,USD,2023-01-26,10-Q,2021-12-31,-89006000,NetCashProvidedByUsedInInvestingActivities,USD,2023-01-26,10-Q,2021-12-31,198728000,NetCashProvidedByUsedInOperatingActivities,USD,2023-01-26,10-Q,2021-12-31,through_ocf,True,,,0.126157,0.046747,0.94926,-0.115923,-0.020937
2023Q2,2023-05-02,LOPE,1434588,"GRAND CANYON EDUCATION, INC.",$100M-$500M,,244133000,RevenueFromContractWithCustomerExcludingAssessedTax,USD,2023-05-02,10-Q,2022-03-31,58078000,NetIncomeLoss,USD,2023-05-02,10-Q,2022-03-31,832749000,Assets,USD,2023-05-02,10-Q,2022-12-31,-399555000,NetCashProvidedByUsedInFinancingActivities,USD,2023-05-02,10-Q,2022-03-31,-69713000,NetCashProvidedByUsedInInvestingActivities,USD,2023-05-02,10-Q,2022-03-31,70260000,NetCashProvidedByUsedInOperatingActivities,USD,2023-05-02,10-Q,2022-03-31,through_ocf,True,,,0.237895,0.287794,3.411046,-1.636628,-0.285553
2023Q2,2023-06-07,LOVE,1701758,THE LOVESAC COMPANY,$100M-$500M,,320738000,Revenues,USD,2023-03-29,10-K,2021-01-31,14727000,NetIncomeLoss,USD,2023-03-29,10-K,2021-01-31,371579000,Assets,USD,2023-03-29,10-K,2022-01-30,-1667000,NetCashProvidedByUsedInFinancingActivities,USD,2023-03-29,10-K,2021-01-31,-9052000,NetCashProvidedByUsedInInvestingActivities,USD,2023-03-29,10-K,2021-01-31,40521000,NetCashProvidedByUsedInOperatingActivities,USD,2023-03-29,10-K,2021-01-31,through_ocf,True,,,0.045916,0.126337,1.158513,-0.005197,-0.028222
2023Q2,2023-05-17,LPG,1596993,DORIAN LPG LTD.,$100M-$500M,,194637378,Revenues,USD,2023-02-01,10-Q,2021-12-31,36551788,ProfitLoss,USD,2023-02-01,10-Q,2021-12-31,1607362093,Assets,USD,2023-02-01,10-Q,2022-03-31,-80040983,NetCashProvidedByUsedInFinancingActivities,USD,2023-02-01,10-Q,2021-12-31,22548887,NetCashProvidedByUsedInInvestingActivities,USD,2023-02-01,10-Q,2021-12-31,88771565,NetCashProvidedByUsedInOperatingActivities,USD,2023-02-01,10-Q,2021-12-31,through_ocf,True,,,0.187794,0.456087,8.25824,-0.411231,0.115851
2023Q2,2023-04-27,LPLA,1397911,LPL Financial Holdings Inc.,$2B-$10B,,5871640000,Revenues,USD,2023-02-23,10-K,2020-12-31,472640000,NetIncomeLoss,USD,2023-02-23,10-K,2020-12-31,7991600000,Assets,USD,2023-02-23,10-K,2021-12-31,-275186000,NetCashProvidedByUsedInFinancingActivities,USD,2023-02-23,10-K,2020-12-31,-187499000,NetCashProvidedByUsedInInvestingActivities,USD,2023-02-23,10-K,2020-12-31,789941000,NetCashProvidedByUsedInOperatingActivities,USD,2023-02-23,10-K,2020-12-31,through_ocf,True,,,0.080495,0.134535,1.361051,-0.046867,-0.031933
2023Q2,2023-05-09,LPSN,1102993,"LivePerson, Inc.",$100M-$500M,,366620000,RevenueFromContractWithCustomerExcludingAssessedTax,USD,2023-03-16,10-K,2020-12-31,-107594000,NetIncomeLoss,USD,2023-03-16,10-K,2020-12-31,1186656000,Assets,USD,2023-03-16,10-K,2021-12-31,483843000,NetCashProvidedByUsedInFinancingActivities,USD,2023-03-16,10-K,2020-12-31,-43476000,NetCashProvidedByUsedInInvestingActivities,USD,2023-03-16,10-K,2020-12-31,33605000,NetCashProvidedByUsedInOperatingActivities,USD,2023-03-16,10-K,2020-12-31,through_ocf,True,,,-0.293476,0.091662,3.236746,1.31974,-0.118586
2023Q2,2023-05-04,LQDT,1235468,"Liquidity Services, Inc.",$100M-$500M,,134983000,RevenueFromContractWithCustomerExcludingAssessedTax,USD,2023-05-04,10-Q,2022-03-31,3602000,NetIncomeLoss,USD,2023-05-04,10-Q,2021-12-31,288104000,Assets,USD,2023-05-04,10-Q,2022-09-30,-21949000,NetCashProvidedByUsedInFinancingActivities,USD,2023-05-04,10-Q,2022-03-31,-14727000,NetCashProvidedByUsedInInvestingActivities,USD,2023-05-04,10-Q,2022-03-31,14627000,NetCashProvidedByUsedInOperatingActivities,USD,2023-05-04,10-Q,2022-03-31,through_ocf,True,,,0.026685,0.108362,2.134372,-0.162606,-0.109103
2023Q2,2023-04-26,LSTR,853816,"Landstar System, Inc.",$2B-$10B,,4132981000,Revenues,USD,2023-02-24,10-K,2020-12-26,192106000,NetIncomeLoss,USD,2023-02-24,10-K,2020-12-26,1653799000,Assets,USD,2023-02-24,10-K,2020-12-26,-252032000,NetCashProvidedByUsedInFinancingActivities,USD,2023-02-24,10-K,2020-12-26,-28419000,NetCashProvidedByUsedInInvestingActivities,USD,2023-02-24,10-K,2020-12-26,210717000,NetCashProvidedByUsedInOperatingActivities,USD,2023-02-24,10-K,2020-12-26,through_ocf,True,,,0.046481,0.050984,0.400147,-0.060981,-0.006876
2023Q2,2023-04-25,LTH,1869198,"Life Time Group Holdings, Inc.",$500M-$1B,,948379000,RevenueFromContractWithCustomerExcludingAssessedTax,USD,2023-03-08,10-K,2020-12-31,-360192000,NetIncomeLoss,USD,2023-03-08,10-K,2020-12-31,6256675000,Assets,USD,2023-03-08,10-K,2021-12-31,87395000,NetCashProvidedByUsedInFinancingActivities,USD,2023-03-08,10-K,2020-12-31,-6115000,NetCashProvidedByUsedInInvestingActivities,USD,2023-03-08,10-K,2020-12-31,-95981000,NetCashProvidedByUsedInOperatingActivities,USD,2023-03-08,10-K,2020-12-31,through_ocf,True,,,-0.379798,-0.101205,6.597231,0.092152,-0.006448
2023Q2,2023-06-01,LULU,1397187,lululemon athletica inc.,$1B-$2B,,1613463000,RevenueFromContractWithCustomerExcludingAssessedTax,USD,2023-06-01,10-Q,2022-05-01,189998000,NetIncomeLoss,USD,2023-06-01,10-Q,2022-05-01,5607038000,Assets,USD,2023-06-01,10-Q,2023-01-29,-259560000,NetCashProvidedByUsedInFinancingActivities,USD,2023-06-01,10-Q,2022-05-01,-101328000,NetCashProvidedByUsedInInvestingActivities,USD,2023-06-01,10-Q,2022-05-01,-243256000,NetCashProvidedByUsedInOperatingActivities,USD,2023-06-01,10-Q,2022-05-01,through_ocf,True,,,0.117758,-0.150766,3.475157,-0.160871,-0.062802
2023Q2,2023-04-27,LUV,92380,SOUTHWEST AIRLINES CO.,$2B-$10B,,9048000000,RevenueFromContractWithCustomerExcludingAssessedTax,USD,2023-02-07,10-K,2020-12-31,-3074000000,NetIncomeLoss,USD,2023-02-07,10-K,2020-12-31,36320000000,Assets,USD,2023-02-07,10-K,2021-12-31,9658000000,NetCashProvidedByUsedInFinancingActivities,USD,2023-02-07,10-K,2020-12-31,-16000000,NetCashProvidedByUsedInInvestingActivities,USD,2023-02-07,10-K,2020-12-31,-1127000000,NetCashProvidedByUsedInOperatingActivities,USD,2023-02-07,10-K,2020-12-31,through_ocf,True,,,-0.339744,-0.124558,4.014147,1.067418,-0.001768
2023Q2,2023-04-19,LVS,1300514,LAS VEGAS SANDS CORP.,$2B-$10B,,2940000000,Revenues,USD,2023-02-03,10-K,2020-12-31,-1685000000,NetIncomeLoss,USD,2023-02-03,10-K,2020-12-31,20059000000,Assets,USD,2023-02-03,10-K,2021-12-31,-1522000000,NetCashProvidedByUsedInFinancingActivities,USD,2021-02-05,10-K,2018-12-31,-930000000,NetCashProvidedByUsedInInvestingActivities,USD,2021-02-05,10-K,2018-12-31,4701000000,NetCashProvidedByUsedInOperatingActivities,USD,2021-02-05,10-K,2018-12-31,through_ocf,True,,,-0.573129,1.59898,6.822789,-0.517687,-0.316327
2023Q2,2023-05-02,LXU,60714,"LSB INDUSTRIES, INC.",$100M-$500M,,351316000,RevenueFromContractWithCustomerExcludingAssessedTax,USD,2023-02-23,10-K,2020-12-31,-61911000,NetIncomeLoss,USD,2023-02-23,10-K,2020-12-31,1132840000,Assets,USD,2023-02-23,10-K,2021-12-31,24412000,NetCashProvidedByUsedInFinancingActivities,USD,2023-02-23,10-K,2020-12-31,-28426000,NetCashProvidedByUsedInInvestingActivities,USD,2023-02-23,10-K,2020-12-31,-2513000,NetCashProvidedByUsedInOperatingActivities,USD,2023-02-23,10-K,2020-12-31,through_ocf,True,,,-0.176226,-0.007153,3.224561,0.069487,-0.080913
2023Q2,2023-05-04,LYFT,1759509,"Lyft, Inc.",$2B-$10B,,2364681000,Revenues,USD,2023-02-27,10-K,2020-12-31,-1752857000,NetIncomeLoss,USD,2023-02-27,10-K,2020-12-31,4773884000,Assets,USD,2023-02-27,10-K,2021-12-31,512566000,NetCashProvidedByUsedInFinancingActivities,USD,2023-02-27,10-K,2020-12-31,740427000,NetCashProvidedByUsedInInvestingActivities,USD,2023-02-27,10-K,2020-12-31,-1378899000,NetCashProvidedByUsedInOperatingActivities,USD,2023-02-27,10-K,2020-12-31,through_ocf,True,,,-0.741266,-0.583123,2.018828,0.216759,0.313119
2023Q2,2023-05-04,LYV,1335258,"LIVE NATION ENTERTAINMENT, INC.",$1B-$2B,,1802808000,Revenues,USD,2023-05-04,10-Q,2022-03-31,-50182000,NetIncomeLoss,USD,2023-05-04,10-Q,2022-03-31,16460841000,Assets,USD,2023-05-04,10-Q,2022-12-31,-75041000,NetCashProvidedByUsedInFinancingActivities,USD,2023-05-04,10-Q,2022-03-31,-114953000,NetCashProvidedByUsedInInvestingActivities,USD,2023-05-04,10-Q,2022-03-31,1198300000,NetCashProvidedByUsedInOperatingActivities,USD,2023-05-04,10-Q,2022-03-31,through_ocf,True,,,-0.027835,0.664685,9.130668,-0.041625,-0.063763
2023Q2,2023-05-09,LZ,1286139,"LegalZoom.com, Inc.",$100M-$500M,,155427000,RevenueFromContractWithCustomerExcludingAssessedTax,USD,2023-05-09,10-Q,2022-03-31,-25753000,NetIncomeLoss,USD,2023-05-09,10-Q,2022-03-31,455304000,Assets,USD,2023-05-09,10-Q,2022-03-31,-872000,NetCashProvidedByUsedInFinancingActivities,USD,2023-05-09,10-Q,2022-03-31,-4607000,NetCashProvidedByUsedInInvestingActivities,USD,2023-05-09,10-Q,2022-03-31,13737000,NetCashProvidedByUsedInOperatingActivities,USD,2023-05-09,10-Q,2022-03-31,through_ocf,True,,,-0.165692,0.088382,2.929375,-0.00561,-0.029641
2023Q2,2023-06-20,LZB,57131,LA-Z-BOY INCORPORATED,$1B-$2B,,1734244000,Revenues,USD,2023-06-20,10-K,2021-04-24,106461000,NetIncomeLoss,USD,2023-06-20,10-K,2021-04-24,1932089000,Assets,USD,2023-06-20,10-K,2022-04-30,-141054000,NetCashProvidedByUsedInFinancingActivities,USD,2023-06-20,10-K,2021-04-24,-40703000,NetCashProvidedByUsedInInvestingActivities,USD,2023-06-20,10-K,2021-04-24,309917000,NetCashProvidedByUsedInOperatingActivities,USD,2023-06-20,10-K,2021-04-24,through_ocf,True,,,0.061388,0.178704,1.114081,-0.081335,-0.02347
2023Q2,2023-04-27,MA,1141391,Mastercard Incorporated,$2B-$10B,,5167000000,Revenues,USD,2023-04-27,10-Q,2022-03-31,2631000000,ProfitLoss,USD,2023-04-27,10-Q,2022-03-31,38724000000,Assets,USD,2023-04-27,10-Q,2022-12-31,-2154000000,NetCashProvidedByUsedInFinancingActivities,USD,2023-04-27,10-Q,2022-03-31,-287000000,NetCashProvidedByUsedInInvestingActivities,USD,2023-04-27,10-Q,2022-03-31,1782000000,NetCashProvidedByUsedInOperatingActivities,USD,2023-04-27,10-Q,2022-03-31,through_ocf,True,,,0.509193,0.344881,7.494484,-0.416876,-0.055545
2023Q2,2023-04-26,MAA,912595,"MID-AMERICA APARTMENT COMMUNITIES, INC.",$1B-$2B,,1677984000,Revenues,USD,2023-02-14,10-K,2020-12-31,254962000,NetIncomeLoss,USD,2023-02-14,10-K,2020-12-31,11285182000,Assets,USD,2023-02-14,10-K,2021-12-31,-374144000,NetCashProvidedByUsedInFinancingActivities,USD,2023-02-14,10-K,2020-12-31,-484731000,NetCashProvidedByUsedInInvestingActivities,USD,2023-02-14,10-K,2020-12-31,823949000,NetCashProvidedByUsedInOperatingActivities,USD,2023-02-14,10-K,2020-12-31,through_ocf,True,,,0.151945,0.491035,6.725441,-0.222972,-0.288877
2023Q2,2023-05-04,MAC,912242,MACERICH CO,$500M-$1B,,786026000,Revenues,USD,2023-02-24,10-K,2020-12-31,-230203000,NetIncomeLoss,USD,2023-02-24,10-K,2020-12-31,8345655000,Assets,USD,2023-02-24,10-K,2021-12-31,446454000,NetCashProvidedByUsedInFinancingActivities,USD,2023-02-24,10-K,2020-12-31,-202848000,NetCashProvidedByUsedInInvestingActivities,USD,2023-02-24,10-K,2020-12-31,124837000,NetCashProvidedByUsedInOperatingActivities,USD,2023-02-24,10-K,2020-12-31,through_ocf,True,,,-0.292869,0.15882,10.61753,0.567989,-0.258068
2023Q2,2023-05-04,MAGN,41719,Magnera Corporation,$100M-$500M,,390713000,RevenueFromContractWithCustomerExcludingAssessedTax,USD,2018-05-01,10-Q,2017-03-31,-108327000,NetIncomeLoss,USD,2023-05-04,10-Q,2022-03-31,1647353000,Assets,USD,2023-05-04,10-Q,2022-12-31,16281000,NetCashProvidedByUsedInFinancingActivities,USD,2023-05-04,10-Q,2022-03-31,-7801000,NetCashProvidedByUsedInInvestingActivities,USD,2023-05-04,10-Q,2022-03-31,-66240000,NetCashProvidedByUsedInOperatingActivities,USD,2023-05-04,10-Q,2022-03-31,through_ocf,True,,,-0.277255,-0.169536,4.216274,0.04167,-0.019966
2023Q2,2023-04-25,MANH,1056696,"MANHATTAN ASSOCIATES, INC.",$500M-$1B,,586372000,RevenueFromContractWithCustomerExcludingAssessedTax,USD,2023-02-06,10-K,2020-12-31,87240000,NetIncomeLoss,USD,2023-02-06,10-K,2020-12-31,539708000,Assets,USD,2023-02-06,10-K,2021-12-31,-43561000,NetCashProvidedByUsedInFinancingActivities,USD,2023-02-06,10-K,2020-12-31,-2730000,NetCashProvidedByUsedInInvestingActivities,USD,2023-02-06,10-K,2020-12-31,140885000,NetCashProvidedByUsedInOperatingActivities,USD,2023-02-06,10-K,2020-12-31,through_ocf,True,,,0.148779,0.240266,0.920419,-0.074289,-0.004656
2023Q2,2023-05-02,MAR,1048286,MARRIOTT INTERNATIONAL INC /MD/,$2B-$10B,,4199000000,Revenues,USD,2023-05-02,10-Q,2022-03-31,377000000,NetIncomeLoss,USD,2023-05-02,10-Q,2022-03-31,24815000000,Assets,USD,2023-05-02,10-Q,2022-12-31,-729000000,NetCashProvidedByUsedInFinancingActivities,USD,2023-05-02,10-Q,2022-03-31,-23000000,NetCashProvidedByUsedInInvestingActivities,USD,2023-05-02,10-Q,2022-03-31,398000000,NetCashProvidedByUsedInOperatingActivities,USD,2023-05-02,10-Q,2022-03-31,through_ocf,True,,,0.089783,0.094784,5.90974,-0.173613,-0.005477
2023Q2,2023-04-26,MAS,62996,Masco Corporation,$2B-$10B,,2201000000,RevenueFromContractWithCustomerExcludingAssessedTax,USD,2023-04-26,10-Q,2022-03-31,233000000,NetIncomeLoss,USD,2023-04-26,10-Q,2022-03-31,5187000000,Assets,USD,2023-04-26,10-Q,2022-12-31,-187000000,NetCashProvidedByUsedInFinancingActivities,USD,2023-04-26,10-Q,2022-03-31,-26000000,NetCashProvidedByUsedInInvestingActivities,USD,2023-04-26,10-Q,2022-03-31,-227000000,NetCashProvidedByUsedInOperatingActivities,USD,2023-04-26,10-Q,2022-03-31,through_ocf,True,,,0.105861,-0.103135,2.356656,-0.084961,-0.011813
2023Q2,2023-05-09,MASI,937556,MASIMO CORP,$1B-$2B,,1143700000,RevenueFromContractWithCustomerExcludingAssessedTax,USD,2023-03-01,10-K,2021-01-02,240300000,ProfitLoss,USD,2023-03-01,10-K,2021-01-02,1887000000,Assets,USD,2023-03-01,10-K,2022-01-01,-54300000,NetCashProvidedByUsedInFinancingActivities,USD,2023-03-01,10-K,2021-01-02,-82800000,NetCashProvidedByUsedInInvestingActivities,USD,2023-03-01,10-K,2021-01-02,211100000,NetCashProvidedByUsedInOperatingActivities,USD,2023-03-01,10-K,2021-01-02,through_ocf,True,,,0.210108,0.184576,1.649908,-0.047477,-0.072397
2023Q2,2023-04-26,MAT,63276,MATTEL INC /DE/,$2B-$10B,,4588433000,RevenueFromContractWithCustomerExcludingAssessedTax,USD,2023-02-22,10-K,2020-12-31,123579000,NetIncomeLoss,USD,2023-02-22,10-K,2020-12-31,6393894000,Assets,USD,2023-02-22,10-K,2021-12-31,-5842000,NetCashProvidedByUsedInFinancingActivities,USD,2023-02-22,10-K,2020-12-31,-132104000,NetCashProvidedByUsedInInvestingActivities,USD,2023-02-22,10-K,2020-12-31,285696000,NetCashProvidedByUsedInOperatingActivities,USD,2023-02-22,10-K,2020-12-31,through_ocf,True,,,0.026933,0.062264,1.393481,-0.001273,-0.028791
2023Q2,2023-05-10,MATV,1000623,"MATIV HOLDINGS, INC.",$100M-$500M,,406800000,RevenueFromContractWithCustomerExcludingAssessedTax,USD,2023-05-10,10-Q,2022-03-31,1600000,NetIncomeLoss,USD,2023-05-10,10-Q,2022-03-31,3669200000,Assets,USD,2023-05-10,10-Q,2022-12-31,-13600000,NetCashProvidedByUsedInFinancingActivities,USD,2023-05-10,10-Q,2022-03-31,-9600000,NetCashProvidedByUsedInInvestingActivities,USD,2023-05-10,10-Q,2022-03-31,5000000,NetCashProvidedByUsedInOperatingActivities,USD,2023-05-10,10-Q,2022-03-31,through_ocf,True,,,0.003933,0.012291,9.019666,-0.033432,-0.023599
2023Q2,2023-04-28,MATW,63296,MATTHEWS INTERNATIONAL CORP,$1B-$2B,,1498306000,RevenueFromContractWithCustomerExcludingAssessedTax,USD,2022-11-18,10-K,2020-09-30,-21708000,NetIncomeLoss,USD,2023-04-28,10-Q,2022-03-31,1882771000,Assets,USD,2023-04-28,10-Q,2022-09-30,-38675000,NetCashProvidedByUsedInFinancingActivities,USD,2023-04-28,10-Q,2022-03-31,-24739000,NetCashProvidedByUsedInInvestingActivities,USD,2023-04-28,10-Q,2022-03-31,72723000,NetCashProvidedByUsedInOperatingActivities,USD,2023-04-28,10-Q,2022-03-31,through_ocf,True,,,-0.014488,0.048537,1.2566,-0.025812,-0.016511
2023Q2,2023-05-04,MATX,3453,"Matson, Inc.",$2B-$10B,,2383300000,RevenueFromContractWithCustomerExcludingAssessedTax,USD,2023-02-24,10-K,2020-12-31,193100000,NetIncomeLoss,USD,2023-02-24,10-K,2020-12-31,3693100000,Assets,USD,2023-02-24,10-K,2021-12-31,-261500000,NetCashProvidedByUsedInFinancingActivities,USD,2023-02-24,10-K,2020-12-31,-177000000,NetCashProvidedByUsedInInvestingActivities,USD,2023-02-24,10-K,2020-12-31,429800000,NetCashProvidedByUsedInOperatingActivities,USD,2023-02-24,10-K,2020-12-31,through_ocf,True,,,0.081022,0.180338,1.549574,-0.109722,-0.074267
2023Q2,2023-05-04,MAX,1818383,"MediaAlpha, Inc.",$500M-$1B,,584814000,RevenueFromContractWithCustomerExcludingAssessedTax,USD,2023-02-27,10-K,2020-12-31,-4366000,NetIncomeLoss,USD,2023-02-27,10-K,2020-12-31,289804000,Assets,USD,2023-02-27,10-K,2021-12-31,-27588000,NetCashProvidedByUsedInFinancingActivities,USD,2023-02-27,10-K,2020-12-31,-10296000,NetCashProvidedByUsedInInvestingActivities,USD,2023-02-27,10-K,2020-12-31,51410000,NetCashProvidedByUsedInOperatingActivities,USD,2023-02-27,10-K,2020-12-31,through_ocf,True,,,-0.007466,0.087908,0.495549,-0.047174,-0.017606
2023Q2,2023-05-09,MBC,0001941365,"MasterBrand, Inc.",,,,,,,,,,,,,,,,,,,,,,,,,,,,,,,,,,,,,,,through_ocf,False,,revenue;net_income;assets;financing_cash_flow;investing_cash_flow;operating_cash_flow,,,,,
2023Q2,2023-04-27,MBLY,0001910139,Mobileye Global Inc.,$500M-$1B,,967000000,RevenueFromContractWithCustomerExcludingAssessedTax,USD,2023-03-09,10-K,2020-12-26,-196000000,NetIncomeLoss,USD,2023-03-09,10-K,2020-12-26,16655000000,Assets,USD,2023-03-09,10-K,2021-12-25,732000000,NetCashProvidedByUsedInFinancingActivities,USD,2023-03-09,10-K,2020-12-26,-965000000,NetCashProvidedByUsedInInvestingActivities,USD,2023-03-09,10-K,2020-12-26,271000000,NetCashProvidedByUsedInOperatingActivities,USD,2023-03-09,10-K,2020-12-26,through_ocf,True,,,-0.202689,0.280248,17.223371,0.75698,-0.997932
2023Q2,2023-05-03,MBUU,1590976,"MALIBU BOATS, INC.",$500M-$1B,,861671000,RevenueFromContractWithCustomerExcludingAssessedTax,USD,2023-05-03,10-Q,2022-03-31,109713000,NetIncomeLoss,USD,2023-05-03,10-Q,2022-03-31,851326000,Assets,USD,2023-05-03,10-Q,2022-06-30,-56932000,NetCashProvidedByUsedInFinancingActivities,USD,2023-05-03,10-Q,2022-03-31,-46636000,NetCashProvidedByUsedInInvestingActivities,USD,2023-05-03,10-Q,2022-03-31,119042000,NetCashProvidedByUsedInOperatingActivities,USD,2023-05-03,10-Q,2022-03-31,through_ocf,True,,,0.127326,0.138152,0.987994,-0.066072,-0.054123
2023Q2,2023-04-25,MCD,63908,McDonald’s Corporation,>$10B,,19207800000,Revenues,USD,2023-02-24,10-K,2020-12-31,4730500000,NetIncomeLoss,USD,2023-02-24,10-K,2020-12-31,52626800000,Assets,USD,2023-02-24,10-K,2020-12-31,-2249000000,NetCashProvidedByUsedInFinancingActivities,USD,2023-02-24,10-K,2020-12-31,-1545800000,NetCashProvidedByUsedInInvestingActivities,USD,2023-02-24,10-K,2020-12-31,6265200000,NetCashProvidedByUsedInOperatingActivities,USD,2023-02-24,10-K,2020-12-31,through_ocf,True,,,0.24628,0.32618,2.739866,-0.117088,-0.080478
2023Q2,2023-05-04,MCHP,827054,MICROCHIP TECHNOLOGY INCORPORATED,$2B-$10B,,4976700000,RevenueFromContractWithCustomerExcludingAssessedTax,USD,2023-02-02,10-Q,2021-12-31,252800000,NetIncomeLoss,USD,2023-02-02,10-Q,2021-06-30,16199500000,Assets,USD,2023-02-02,10-Q,2022-03-31,-1726500000,NetCashProvidedByUsedInFinancingActivities,USD,2023-02-02,10-Q,2021-12-31,-335000000,NetCashProvidedByUsedInInvestingActivities,USD,2023-02-02,10-Q,2021-12-31,2095000000,NetCashProvidedByUsedInOperatingActivities,USD,2023-02-02,10-Q,2021-12-31,through_ocf,True,,,0.050797,0.420962,3.255069,-0.346917,-0.067314
2023Q2,2023-04-25,MCO,1059556,Moody’s Corporation,$2B-$10B,,5371000000,RevenueFromContractWithCustomerExcludingAssessedTax,USD,2023-02-15,10-K,2020-12-31,1778000000,NetIncomeLoss,USD,2023-02-15,10-K,2020-12-31,14680000000,Assets,USD,2023-02-15,10-K,2021-12-31,-351000000,NetCashProvidedByUsedInFinancingActivities,USD,2023-02-15,10-K,2020-12-31,-1077000000,NetCashProvidedByUsedInInvestingActivities,USD,2023-02-15,10-K,2020-12-31,2146000000,NetCashProvidedByUsedInOperatingActivities,USD,2023-02-15,10-K,2020-12-31,through_ocf,True,,,0.331037,0.399553,2.733197,-0.065351,-0.200521
2023Q2,2023-05-04,MCS,62234,MARCUS CORP,$100M-$500M,,132242000,Revenues,USD,2023-05-04,10-Q,2022-03-31,-14902000,NetIncomeLoss,USD,2023-05-04,10-Q,2022-03-31,1064598000,Assets,USD,2023-05-04,10-Q,2022-12-29,-3169000,NetCashProvidedByUsedInFinancingActivities,USD,2023-05-04,10-Q,2022-03-31,-3103000,NetCashProvidedByUsedInInvestingActivities,USD,2023-05-04,10-Q,2022-03-31,6471000,NetCashProvidedByUsedInOperatingActivities,USD,2023-05-04,10-Q,2022-03-31,through_ocf,True,,,-0.112687,0.048933,8.050377,-0.023964,-0.023465
2023Q2,2023-05-02,MCY,64996,MERCURY GENERAL CORPORATION,$500M-$1B,,805461000,Revenues,USD,2023-05-02,10-Q,2022-03-31,-196917000,NetIncomeLoss,USD,2023-05-02,10-Q,2022-03-31,6514188000,Assets,USD,2023-05-02,10-Q,2022-12-31,-35950000,NetCashProvidedByUsedInFinancingActivities,USD,2023-05-02,10-Q,2022-03-31,-110421000,NetCashProvidedByUsedInInvestingActivities,USD,2023-05-02,10-Q,2022-03-31,106578000,NetCashProvidedByUsedInOperatingActivities,USD,2023-05-02,10-Q,2022-03-31,through_ocf,True,,,-0.244477,0.132319,8.087528,-0.044633,-0.13709
2023Q2,2023-06-01,MDB,1441816,"MONGODB, INC.",$500M-$1B,,590380000,RevenueFromContractWithCustomerExcludingAssessedTax,USD,2023-03-17,10-K,2021-01-31,-266944000,NetIncomeLoss,USD,2023-03-17,10-K,2021-01-31,2449588000,Assets,USD,2023-03-17,10-K,2022-01-31,27581000,NetCashProvidedByUsedInFinancingActivities,USD,2023-03-17,10-K,2021-01-31,-262656000,NetCashProvidedByUsedInInvestingActivities,USD,2023-03-17,10-K,2021-01-31,-42673000,NetCashProvidedByUsedInOperatingActivities,USD,2023-03-17,10-K,2021-01-31,through_ocf,True,,,-0.452156,-0.072281,4.149172,0.046717,-0.444893
2023Q2,2023-04-27,MDLZ,1103982,"MONDELEZ INTERNATIONAL, INC.",$2B-$10B,,7764000000,Revenues,USD,2023-04-27,10-Q,2022-03-31,855000000,NetIncomeLoss,USD,2023-04-27,10-Q,2022-03-31,71161000000,Assets,USD,2023-04-27,10-Q,2022-12-31,-1280000000,NetCashProvidedByUsedInFinancingActivities,USD,2023-04-27,10-Q,2022-03-31,-1441000000,NetCashProvidedByUsedInInvestingActivities,USD,2023-04-27,10-Q,2022-03-31,1131000000,NetCashProvidedByUsedInOperatingActivities,USD,2023-04-27,10-Q,2022-03-31,through_ocf,True,,,0.110124,0.145672,9.165507,-0.164863,-0.1856
2023Q2,2023-05-02,MEC,1766368,"Mayville Engineering Company, Inc.",$100M-$500M,,357606000,RevenueFromContractWithCustomerExcludingAssessedTax,USD,2023-03-01,10-K,2020-12-31,-7092000,NetIncomeLoss,USD,2023-03-01,10-K,2020-12-31,379473000,Assets,USD,2023-03-01,10-K,2021-12-31,-30629000,NetCashProvidedByUsedInFinancingActivities,USD,2023-03-01,10-K,2020-12-31,-5774000,NetCashProvidedByUsedInInvestingActivities,USD,2023-03-01,10-K,2020-12-31,36523000,NetCashProvidedByUsedInOperatingActivities,USD,2023-03-01,10-K,2020-12-31,through_ocf,True,,,-0.019832,0.102132,1.061148,-0.08565,-0.016146
2023Q2,2023-05-01,MED,910329,"Medifast, Inc.",$100M-$500M,,417600000,RevenueFromContractWithCustomerExcludingAssessedTax,USD,2023-05-01,10-Q,2022-03-31,41781000,NetIncomeLoss,USD,2023-05-01,10-Q,2022-03-31,316213000,Assets,USD,2023-05-01,10-Q,2022-12-31,-28119000,NetCashProvidedByUsedInFinancingActivities,USD,2023-05-01,10-Q,2022-03-31,-1764000,NetCashProvidedByUsedInInvestingActivities,USD,2023-05-01,10-Q,2022-03-31,43673000,NetCashProvidedByUsedInOperatingActivities,USD,2023-05-01,10-Q,2022-03-31,through_ocf,True,,,0.10005,0.104581,0.757215,-0.067335,-0.004224
2023Q2,2023-05-09,MEG,1643615,"Montrose Environmental Group, Inc.",$100M-$500M,,328243000,RevenueFromContractWithCustomerExcludingAssessedTax,USD,2023-03-01,10-K,2020-12-31,-57949000,NetIncomeLoss,USD,2023-03-01,10-K,2020-12-31,833094000,Assets,USD,2023-03-01,10-K,2021-12-31,205902000,NetCashProvidedByUsedInFinancingActivities,USD,2023-03-01,10-K,2020-12-31,-179740000,NetCashProvidedByUsedInInvestingActivities,USD,2023-03-01,10-K,2020-12-31,1850000,NetCashProvidedByUsedInOperatingActivities,USD,2023-03-01,10-K,2020-12-31,through_ocf,True,,,-0.176543,0.005636,2.53804,0.627285,-0.547582
2023Q2,2023-06-13,MEI,65270,"METHODE ELECTRONICS, INC.",$500M-$1B,,874900000,RevenueFromContractWithCustomerExcludingAssessedTax,USD,2023-03-09,10-Q,2022-01-29,86000000,NetIncomeLoss,USD,2023-03-09,10-Q,2022-01-29,1389100000,Assets,USD,2023-03-09,10-Q,2022-04-30,-103800000,NetCashProvidedByUsedInFinancingActivities,USD,2023-03-09,10-Q,2022-01-29,-29000000,NetCashProvidedByUsedInInvestingActivities,USD,2023-03-09,10-Q,2022-01-29,56800000,NetCashProvidedByUsedInOperatingActivities,USD,2023-03-09,10-Q,2022-01-29,through_ocf,True,,,0.098297,0.064922,1.587724,-0.118642,-0.033147
2023Q2,2023-05-03,MELI,1099590,"MercadoLibre, Inc.",$500M-$1B,,652000000,RevenueFromContractWithCustomerExcludingAssessedTax,USD,2023-02-24,10-K,2020-03-31,-21000000,NetIncomeLoss,USD,2023-02-24,10-K,2020-03-31,10101000000,Assets,USD,2023-02-24,10-K,2021-12-31,242000000,NetCashProvidedByUsedInFinancingActivities,USD,2023-02-24,10-K,2020-12-31,-252000000,NetCashProvidedByUsedInInvestingActivities,USD,2023-02-24,10-K,2020-12-31,1182000000,NetCashProvidedByUsedInOperatingActivities,USD,2023-02-24,10-K,2020-12-31,through_ocf,True,,,-0.032209,1.812883,15.492331,0.371166,-0.386503
2023Q2,2023-05-04,MERC,1333274,MERCER INTERNATIONAL INC.,$500M-$1B,,592741000,RevenueFromContractWithCustomerExcludingAssessedTax,USD,2023-05-04,10-Q,2022-03-31,88897000,NetIncomeLoss,USD,2023-05-04,10-Q,2022-03-31,2725037000,Assets,USD,2023-05-04,10-Q,2022-12-31,24609000,NetCashProvidedByUsedInFinancingActivities,USD,2023-05-04,10-Q,2022-03-31,-26790000,NetCashProvidedByUsedInInvestingActivities,USD,2023-05-04,10-Q,2022-03-31,68810000,NetCashProvidedByUsedInOperatingActivities,USD,2023-05-04,10-Q,2022-03-31,through_ocf,True,,,0.149976,0.116088,4.597349,0.041517,-0.045197
2023Q2,2023-05-03,MG,1436126,"Mistras Group, Inc.",$100M-$500M,,159465000,RevenueFromContractWithCustomerExcludingAssessedTax,USD,2023-03-15,10-K,2020-03-31,-98509000,NetIncomeLoss,USD,2023-03-15,10-K,2020-03-31,562195000,Assets,USD,2023-03-15,10-K,2021-12-31,-44169000,NetCashProvidedByUsedInFinancingActivities,USD,2023-03-15,10-K,2020-12-31,-14969000,NetCashProvidedByUsedInInvestingActivities,USD,2023-03-15,10-K,2020-12-31,67802000,NetCashProvidedByUsedInOperatingActivities,USD,2023-03-15,10-K,2020-12-31,through_ocf,True,,,-0.617747,0.425184,3.525507,-0.276982,-0.09387
2023Q2,2023-05-01,MGM,789570,MGM Resorts International,$2B-$10B,,2854309000,RevenueFromContractWithCustomerExcludingAssessedTax,USD,2023-05-01,10-Q,2022-03-31,-18016000,NetIncomeLoss,USD,2023-05-01,10-Q,2022-03-31,45692206000,Assets,USD,2023-05-01,10-Q,2022-12-31,-2165587000,NetCashProvidedByUsedInFinancingActivities,USD,2023-05-01,10-Q,2022-03-31,-237383000,NetCashProvidedByUsedInInvestingActivities,USD,2023-05-01,10-Q,2022-03-31,420482000,NetCashProvidedByUsedInOperatingActivities,USD,2023-05-01,10-Q,2022-03-31,through_ocf,True,,,-0.006312,0.147315,16.00815,-0.758708,-0.083167
2023Q2,2023-05-10,MGNI,1595974,"MAGNITE, INC.",$100M-$500M,,118075000,RevenueFromContractWithCustomerExcludingAssessedTax,USD,2023-05-10,10-Q,2022-03-31,-44593000,NetIncomeLoss,USD,2023-05-10,10-Q,2022-03-31,2712213000,Assets,USD,2023-05-10,10-Q,2022-12-31,-16388000,NetCashProvidedByUsedInFinancingActivities,USD,2023-05-10,10-Q,2022-03-31,-31321000,NetCashProvidedByUsedInInvestingActivities,USD,2023-05-10,10-Q,2022-03-31,21632000,NetCashProvidedByUsedInOperatingActivities,USD,2023-05-10,10-Q,2022-03-31,through_ocf,True,,,-0.377667,0.183206,22.970256,-0.138793,-0.265264
2023Q2,2023-05-04,MGPI,835011,"MGP Ingredients, Inc.",$100M-$500M,,195235000,RevenueFromContractWithCustomerExcludingAssessedTax,USD,2023-05-04,10-Q,2022-03-31,37437000,NetIncomeLoss,USD,2023-05-04,10-Q,2022-03-31,1158211000,Assets,USD,2023-05-04,10-Q,2022-12-31,-4182000,NetCashProvidedByUsedInFinancingActivities,USD,2023-05-04,10-Q,2022-03-31,-12033000,NetCashProvidedByUsedInInvestingActivities,USD,2023-05-04,10-Q,2022-03-31,22230000,NetCashProvidedByUsedInOperatingActivities,USD,2023-05-04,10-Q,2022-03-31,through_ocf,True,,,0.191754,0.113863,5.932394,-0.02142,-0.061633
2023Q2,2023-05-04,MGRC,752714,McGRATH RENTCORP,$100M-$500M,,125053000,Revenues,USD,2023-05-04,10-Q,2022-03-31,18793000,NetIncomeLoss,USD,2023-05-04,10-Q,2022-03-31,1707844000,Assets,USD,2023-05-04,10-Q,2022-12-31,-17093000,NetCashProvidedByUsedInFinancingActivities,USD,2023-05-04,10-Q,2022-03-31,-34539000,NetCashProvidedByUsedInInvestingActivities,USD,2023-05-04,10-Q,2022-03-31,51743000,NetCashProvidedByUsedInOperatingActivities,USD,2023-05-04,10-Q,2022-03-31,through_ocf,True,,,0.15028,0.413769,13.656961,-0.136686,-0.276195
2023Q2,2023-05-03,MGY,1698990,Magnolia Oil & Gas Corp,$500M-$1B,,541303000,Revenues,USD,2023-02-16,10-K,2020-12-31,-1208390000,NetIncomeLoss,USD,2023-02-16,10-K,2020-12-31,1746742000,Assets,USD,2023-02-16,10-K,2021-12-31,-30205000,NetCashProvidedByUsedInFinancingActivities,USD,2023-02-16,10-K,2020-12-31,-269988000,NetCashProvidedByUsedInInvestingActivities,USD,2023-02-16,10-K,2020-12-31,310121000,NetCashProvidedByUsedInOperatingActivities,USD,2023-02-16,10-K,2020-12-31,through_ocf,True,,,-2.232373,0.572916,3.226921,-0.055801,-0.498774
2023Q2,2023-04-26,MHO,799292,"M/I HOMES, INC.",$2B-$10B,,3046145000,Revenues,USD,2023-02-17,10-K,2020-12-31,239874000,NetIncomeLoss,USD,2023-02-17,10-K,2020-12-31,3239853000,Assets,USD,2023-02-17,10-K,2021-12-31,120263000,NetCashProvidedByUsedInFinancingActivities,USD,2023-02-17,10-K,2020-12-31,-33870000,NetCashProvidedByUsedInInvestingActivities,USD,2023-02-17,10-K,2020-12-31,168334000,NetCashProvidedByUsedInOperatingActivities,USD,2023-02-17,10-K,2020-12-31,through_ocf,True,,,0.078747,0.055261,1.063591,0.03948,-0.011119
2023Q2,2023-05-10,MIDD,769520,MIDDLEBY Corp,$2B-$10B,,2513257000,RevenueFromContractWithCustomerExcludingAssessedTax,USD,2023-03-01,10-K,2021-01-02,207294000,NetIncomeLoss,USD,2023-03-01,10-K,2021-01-02,5202474000,Assets,USD,2023-03-01,10-K,2021-01-02,-252468000,NetCashProvidedByUsedInFinancingActivities,USD,2023-03-01,10-K,2021-01-02,-106757000,NetCashProvidedByUsedInInvestingActivities,USD,2023-03-01,10-K,2021-01-02,524785000,NetCashProvidedByUsedInOperatingActivities,USD,2023-03-01,10-K,2021-01-02,through_ocf,True,,,0.08248,0.208807,2.070013,-0.100455,-0.042478
2023Q2,2023-05-03,MIR,1809987,"Mirion Technologies, Inc.",$100M-$500M,,163200000,RevenueFromContractWithCustomerExcludingAssessedTax,USD,2023-05-03,10-Q,2022-03-31,-17700000,NetIncomeLoss,USD,2023-05-03,10-Q,2022-03-31,2738700000,Assets,USD,2023-05-03,10-Q,2022-12-31,-600000,NetCashProvidedByUsedInFinancingActivities,USD,2023-05-03,10-Q,2022-03-31,-7900000,NetCashProvidedByUsedInInvestingActivities,USD,2023-05-03,10-Q,2022-03-31,11400000,NetCashProvidedByUsedInOperatingActivities,USD,2023-05-03,10-Q,2022-03-31,through_ocf,True,,,-0.108456,0.069853,16.78125,-0.003676,-0.048407
2023Q2,2023-05-03,MKSI,1049502,MKS INC.,$2B-$10B,,2330000000,RevenueFromContractWithCustomerExcludingAssessedTax,USD,2023-03-14,10-K,2020-12-31,350000000,NetIncomeLoss,USD,2023-03-14,10-K,2020-12-31,4540000000,Assets,USD,2023-03-14,10-K,2021-12-31,-122000000,NetCashProvidedByUsedInFinancingActivities,USD,2023-03-14,10-K,2020-12-31,-202000000,NetCashProvidedByUsedInInvestingActivities,USD,2023-03-14,10-K,2020-12-31,513000000,NetCashProvidedByUsedInOperatingActivities,USD,2023-03-14,10-K,2020-12-31,through_ocf,True,,,0.150215,0.220172,1.948498,-0.052361,-0.086695
2023Q2,2023-04-26,MKTX,1278021,MARKETAXESS HOLDINGS INC.,$500M-$1B,,689125000,RevenueFromContractWithCustomerExcludingAssessedTax,USD,2023-02-22,10-K,2020-12-31,299377000,NetIncomeLoss,USD,2023-02-22,10-K,2020-12-31,1530452000,Assets,USD,2023-02-22,10-K,2021-12-31,-145112000,NetCashProvidedByUsedInFinancingActivities,USD,2023-02-22,10-K,2020-12-31,68867000,NetCashProvidedByUsedInInvestingActivities,USD,2023-02-22,10-K,2020-12-31,404489000,NetCashProvidedByUsedInOperatingActivities,USD,2023-02-22,10-K,2020-12-31,through_ocf,True,,,0.434431,0.58696,2.220863,-0.210574,0.099934
2023Q2,2023-05-04,MLM,916076,"Martin Marietta Materials, Inc.",$1B-$2B,,1230800000,RevenueFromContractWithCustomerExcludingAssessedTax,USD,2023-05-04,10-Q,2022-03-31,21400000,NetIncomeLoss,USD,2023-05-04,10-Q,2022-03-31,14993600000,Assets,USD,2023-05-04,10-Q,2022-12-31,-116200000,NetCashProvidedByUsedInFinancingActivities,USD,2023-05-04,10-Q,2022-03-31,-123000000,NetCashProvidedByUsedInInvestingActivities,USD,2023-05-04,10-Q,2022-03-31,169900000,NetCashProvidedByUsedInOperatingActivities,USD,2023-05-04,10-Q,2022-03-31,through_ocf,True,,,0.017387,0.13804,12.181995,-0.09441,-0.099935
2023Q2,2023-05-03,MLR,924822,"MILLER INDUSTRIES, INC.",$100M-$500M,,148933000,SalesRevenueNet,USD,2018-05-09,10-Q,2017-03-31,2065000,NetIncomeLoss,USD,2023-05-03,10-Q,2022-03-31,501429000,Assets,USD,2023-05-03,10-Q,2022-12-31,7939000,NetCashProvidedByUsedInFinancingActivities,USD,2023-05-03,10-Q,2022-03-31,-4083000,NetCashProvidedByUsedInInvestingActivities,USD,2023-05-03,10-Q,2022-03-31,-28936000,NetCashProvidedByUsedInOperatingActivities,USD,2023-05-03,10-Q,2022-03-31,through_ocf,True,,,0.013865,-0.194289,3.366809,0.053306,-0.027415
2023Q2,2023-05-05,MMI,1578732,"MARCUS & MILLICHAP, INC.",$100M-$500M,,319464000,RevenueFromContractWithCustomerExcludingAssessedTax,USD,2023-05-05,10-Q,2022-03-31,32783000,NetIncomeLoss,USD,2023-05-05,10-Q,2022-03-31,1003708000,Assets,USD,2023-05-05,10-Q,2022-12-31,-5943000,NetCashProvidedByUsedInFinancingActivities,USD,2023-05-05,10-Q,2022-03-31,6983000,NetCashProvidedByUsedInInvestingActivities,USD,2023-05-05,10-Q,2022-03-31,-67535000,NetCashProvidedByUsedInOperatingActivities,USD,2023-05-05,10-Q,2022-03-31,through_ocf,True,,,0.102619,-0.211401,3.14185,-0.018603,0.021858
2023Q2,2023-05-08,MMS,1032220,"Maximus, Inc.",$2B-$10B,,2328202000,RevenueFromContractWithCustomerExcludingAssessedTax,USD,2023-05-04,10-Q,2022-03-31,53330000,NetIncomeLoss,USD,2023-05-04,10-Q,2021-12-31,3992714000,Assets,USD,2023-05-04,10-Q,2022-09-30,-133883000,NetCashProvidedByUsedInFinancingActivities,USD,2023-05-04,10-Q,2022-03-31,-22902000,NetCashProvidedByUsedInInvestingActivities,USD,2023-05-04,10-Q,2022-03-31,111859000,NetCashProvidedByUsedInOperatingActivities,USD,2023-05-04,10-Q,2022-03-31,through_ocf,True,,,0.022906,0.048045,1.714935,-0.057505,-0.009837
2023Q2,2023-04-26,MMSI,856982,MERIT MEDICAL SYSTEMS INC,$500M-$1B,,963875000,RevenueFromContractWithCustomerExcludingAssessedTax,USD,2023-02-24,10-K,2020-12-31,-9843000,NetIncomeLoss,USD,2023-02-24,10-K,2020-12-31,1664396000,Assets,USD,2023-02-24,10-K,2020-12-31,-95706000,NetCashProvidedByUsedInFinancingActivities,USD,2023-02-24,10-K,2020-12-31,-58652000,NetCashProvidedByUsedInInvestingActivities,USD,2023-02-24,10-K,2020-12-31,165270000,NetCashProvidedByUsedInOperatingActivities,USD,2023-02-24,10-K,2020-12-31,through_ocf,True,,,-0.010212,0.171464,1.726776,-0.099293,-0.06085
2023Q2,2023-05-18,MNRO,876427,"MONRO, INC.",$1B-$2B,,1031298000,RevenueFromContractWithCustomerExcludingAssessedTax,USD,2023-01-30,10-Q,2021-12-25,52953000,NetIncomeLoss,USD,2023-01-30,10-Q,2021-12-25,1871412000,Assets,USD,2023-01-30,10-Q,2022-03-26,-48223000,NetCashProvidedByUsedInFinancingActivities,USD,2023-01-30,10-Q,2021-12-25,-99460000,NetCashProvidedByUsedInInvestingActivities,USD,2023-01-30,10-Q,2021-12-25,127237000,NetCashProvidedByUsedInOperatingActivities,USD,2023-01-30,10-Q,2021-12-25,through_ocf,True,,,0.051346,0.123376,1.814618,-0.04676,-0.096442
2023Q2,2023-05-04,MNST,865752,Monster Beverage Corp,$2B-$10B,,4598638000,RevenueFromContractWithCustomerExcludingAssessedTax,USD,2023-03-01,10-K,2020-12-31,1409594000,ProfitLoss,USD,2023-03-01,10-K,2020-12-31,7804784000,Assets,USD,2023-03-01,10-K,2021-12-31,-526068000,NetCashProvidedByUsedInFinancingActivities,USD,2023-03-01,10-K,2020-12-31,-472487000,NetCashProvidedByUsedInInvestingActivities,USD,2023-03-01,10-K,2020-12-31,1364163000,NetCashProvidedByUsedInOperatingActivities,USD,2023-03-01,10-K,2020-12-31,through_ocf,True,,,0.306524,0.296645,1.697195,-0.114396,-0.102745
2023Q2,2023-04-27,MO,764180,"ALTRIA GROUP, INC.",$2B-$10B,,5892000000,RevenueFromContractWithCustomerExcludingAssessedTax,USD,2023-04-27,10-Q,2022-03-31,1959000000,NetIncomeLoss,USD,2023-04-27,10-Q,2022-03-31,36954000000,Assets,USD,2023-04-27,10-Q,2022-12-31,-2232000000,NetCashProvidedByUsedInFinancingActivities,USD,2023-04-27,10-Q,2022-03-31,-34000000,NetCashProvidedByUsedInInvestingActivities,USD,2023-04-27,10-Q,2022-03-31,3075000000,NetCashProvidedByUsedInOperatingActivities,USD,2023-04-27,10-Q,2022-03-31,through_ocf,True,,,0.332485,0.521894,6.271894,-0.378819,-0.005771
2023Q2,2023-05-24,MOD,67347,Modine Manufacturing Company,$1B-$2B,,1475700000,RevenueFromContractWithCustomerExcludingAssessedTax,USD,2023-02-02,10-Q,2021-12-31,76800000,NetIncomeLoss,USD,2023-02-02,10-Q,2021-12-31,1427000000,Assets,USD,2023-02-02,10-Q,2022-03-31,50200000,NetCashProvidedByUsedInFinancingActivities,USD,2023-02-02,10-Q,2021-12-31,-41700000,NetCashProvidedByUsedInInvestingActivities,USD,2023-02-02,10-Q,2021-12-31,7400000,NetCashProvidedByUsedInOperatingActivities,USD,2023-02-02,10-Q,2021-12-31,through_ocf,True,,,0.052043,0.005015,0.966999,0.034018,-0.028258
2023Q2,2023-04-27,MORN,1289419,"MORNINGSTAR, INC.",$1B-$2B,,1389500000,Revenues,USD,2023-02-24,10-K,2020-12-31,223600000,ProfitLoss,USD,2023-02-24,10-K,2020-12-31,2862700000,Assets,USD,2023-02-24,10-K,2021-12-31,-182200000,NetCashProvidedByUsedInFinancingActivities,USD,2023-02-24,10-K,2020-12-31,-123800000,NetCashProvidedByUsedInInvestingActivities,USD,2023-02-24,10-K,2020-12-31,384300000,NetCashProvidedByUsedInOperatingActivities,USD,2023-02-24,10-K,2020-12-31,through_ocf,True,,,0.160921,0.276574,2.060237,-0.131126,-0.089097
2023Q2,2023-05-03,MOS,1285785,The Mosaic Company,$2B-$10B,,8681700000,Revenues,USD,2023-02-23,10-K,2020-12-31,666100000,NetIncomeLoss,USD,2023-02-23,10-K,2020-12-31,19789800000,Assets,USD,2023-02-23,10-K,2020-12-31,-283800000,NetCashProvidedByUsedInFinancingActivities,USD,2023-02-23,10-K,2020-12-31,-1189500000,NetCashProvidedByUsedInInvestingActivities,USD,2023-02-23,10-K,2020-12-31,1582600000,NetCashProvidedByUsedInOperatingActivities,USD,2023-02-23,10-K,2020-12-31,through_ocf,True,,,0.076725,0.182291,2.279484,-0.032689,-0.137012
2023Q2,2023-05-25,MOV,72573,"MOVADO GROUP, INC.",$100M-$500M,,163424000,RevenueFromContractWithCustomerExcludingAssessedTax,USD,2023-05-25,10-Q,2022-04-30,18513000,NetIncomeLoss,USD,2023-05-25,10-Q,2022-04-30,739984000,Assets,USD,2023-05-25,10-Q,2022-04-30,-22869000,NetCashProvidedByUsedInFinancingActivities,USD,2023-05-25,10-Q,2022-04-30,-3253000,NetCashProvidedByUsedInInvestingActivities,USD,2023-05-25,10-Q,2022-04-30,-20752000,NetCashProvidedByUsedInOperatingActivities,USD,2023-05-25,10-Q,2022-04-30,through_ocf,True,,,0.113282,-0.126983,4.528001,-0.139937,-0.019905
2023Q2,2023-06-13,MPAA,918251,"MOTORCAR PARTS OF AMERICA, INC.",$100M-$500M,,486392000,RevenueFromContractWithCustomerExcludingAssessedTax,USD,2023-02-09,10-Q,2021-12-31,861000,NetIncomeLoss,USD,2023-02-09,10-Q,2021-06-30,1015698000,Assets,USD,2023-02-09,10-Q,2022-03-31,19770000,NetCashProvidedByUsedInFinancingActivities,USD,2023-02-09,10-Q,2021-12-31,-5426000,NetCashProvidedByUsedInInvestingActivities,USD,2023-02-09,10-Q,2021-12-31,-22174000,NetCashProvidedByUsedInOperatingActivities,USD,2023-02-09,10-Q,2021-12-31,through_ocf,True,,,0.00177,-0.045589,2.088229,0.040646,-0.011156
2023Q2,2023-05-09,MQ,1522540,"Marqeta, Inc.",$100M-$500M,,166102000,RevenueFromContractWithCustomerExcludingAssessedTax,USD,2023-05-09,10-Q,2022-03-31,-60598000,NetIncomeLoss,USD,2023-05-09,10-Q,2022-03-31,1770346000,Assets,USD,2023-05-09,10-Q,2022-12-31,-2731000,NetCashProvidedByUsedInFinancingActivities,USD,2023-05-09,10-Q,2022-03-31,-834000,NetCashProvidedByUsedInInvestingActivities,USD,2023-05-09,10-Q,2022-03-31,-46759000,NetCashProvidedByUsedInOperatingActivities,USD,2023-05-09,10-Q,2022-03-31,through_ocf,True,,,-0.364824,-0.281508,10.658186,-0.016442,-0.005021
2023Q2,2023-05-02,MRCY,1049521,"MERCURY SYSTEMS, INC.",$100M-$500M,,445393000,Revenues,USD,2023-02-07,10-Q,2021-12-31,-9779000,NetIncomeLoss,USD,2023-02-07,10-Q,2021-12-31,2304415000,Assets,USD,2023-02-07,10-Q,2022-07-01,246517000,NetCashProvidedByUsedInFinancingActivities,USD,2023-02-07,10-Q,2021-12-31,-259890000,NetCashProvidedByUsedInInvestingActivities,USD,2023-02-07,10-Q,2021-12-31,4818000,NetCashProvidedByUsedInOperatingActivities,USD,2023-02-07,10-Q,2021-12-31,through_ocf,True,,,-0.021956,0.010817,5.173891,0.553482,-0.583507
2023Q2,2023-05-04,MRNA,1682852,"MODERNA, INC.",$2B-$10B,,6066000000,Revenues,USD,2023-05-04,10-Q,2022-03-31,3657000000,NetIncomeLoss,USD,2023-05-04,10-Q,2022-03-31,25858000000,Assets,USD,2023-05-04,10-Q,2022-12-31,-642000000,NetCashProvidedByUsedInFinancingActivities,USD,2023-05-04,10-Q,2022-03-31,-3921000000,NetCashProvidedByUsedInInvestingActivities,USD,2023-05-04,10-Q,2022-03-31,2763000000,NetCashProvidedByUsedInOperatingActivities,USD,2023-05-04,10-Q,2022-03-31,through_ocf,True,,,0.602868,0.45549,4.262776,-0.105836,-0.64639
2023Q2,2023-04-20,MRSH,62709,"Marsh & McLennan Companies, Inc.",$2B-$10B,,3503000000,SalesRevenueServicesNet,USD,2018-04-27,10-Q,2017-03-31,1071000000,NetIncomeLoss,USD,2023-04-20,10-Q,2022-03-31,33454000000,Assets,USD,2023-04-20,10-Q,2022-12-31,855000000,NetCashProvidedByUsedInFinancingActivities,USD,2023-04-20,10-Q,2022-03-31,-159000000,NetCashProvidedByUsedInInvestingActivities,USD,2023-04-20,10-Q,2022-03-31,-702000000,NetCashProvidedByUsedInOperatingActivities,USD,2023-04-20,10-Q,2022-03-31,through_ocf,True,,,0.305738,-0.2004,9.5501,0.244077,-0.04539
2023Q2,2023-05-25,MRVL,1835632,"Marvell Technology, Inc.",$2B-$10B,,2968900000,RevenueFromContractWithCustomerExcludingAssessedTax,USD,2023-03-09,10-K,2021-01-30,-277300000,NetIncomeLoss,USD,2023-03-09,10-K,2021-01-30,22108600000,Assets,USD,2023-03-09,10-K,2022-01-29,-596800000,NetCashProvidedByUsedInFinancingActivities,USD,2023-03-09,10-K,2021-01-30,-119600000,NetCashProvidedByUsedInInvestingActivities,USD,2023-03-09,10-K,2021-01-30,817300000,NetCashProvidedByUsedInOperatingActivities,USD,2023-03-09,10-K,2021-01-30,through_ocf,True,,,-0.093402,0.275287,7.446731,-0.201017,-0.040284
2023Q2,2023-04-25,MSCI,1408198,MSCI INC.,$500M-$1B,,559945000,RevenueFromContractWithCustomerExcludingAssessedTax,USD,2023-04-25,10-Q,2022-03-31,228423000,NetIncomeLoss,USD,2023-04-25,10-Q,2022-03-31,4997535000,Assets,USD,2023-04-25,10-Q,2022-12-31,-966117000,NetCashProvidedByUsedInFinancingActivities,USD,2023-04-25,10-Q,2022-03-31,-15310000,NetCashProvidedByUsedInInvestingActivities,USD,2023-04-25,10-Q,2022-03-31,244184000,NetCashProvidedByUsedInOperatingActivities,USD,2023-04-25,10-Q,2022-03-31,through_ocf,True,,,0.407938,0.436086,8.925046,-1.725378,-0.027342
2023Q2,2023-05-18,MSGE,0001952073,MADISON SQUARE GARDEN ENTERTAINMENT CORP.,$100M-$500M,,475150000,Revenues,USD,2023-05-18,10-Q,2022-03-31,-61932000,NetIncomeLoss,USD,2023-05-18,10-Q,2022-03-31,1526701000,Assets,USD,2023-05-18,10-Q,2022-06-30,-150035000,NetCashProvidedByUsedInFinancingActivities,USD,2023-05-18,10-Q,2022-03-31,-13060000,NetCashProvidedByUsedInInvestingActivities,USD,2023-05-18,10-Q,2022-03-31,60338000,NetCashProvidedByUsedInOperatingActivities,USD,2023-05-18,10-Q,2022-03-31,through_ocf,True,,,-0.130342,0.126987,3.213093,-0.315763,-0.027486
2023Q2,2023-05-04,MSI,68505,"Motorola Solutions, Inc.",$1B-$2B,,1892000000,RevenueFromContractWithCustomerExcludingAssessedTax,USD,2023-05-04,10-Q,2022-04-02,267000000,NetIncomeLoss,USD,2023-05-04,10-Q,2022-04-02,12814000000,Assets,USD,2023-05-04,10-Q,2022-12-31,-577000000,NetCashProvidedByUsedInFinancingActivities,USD,2023-05-04,10-Q,2022-04-02,-557000000,NetCashProvidedByUsedInInvestingActivities,USD,2023-05-04,10-Q,2022-04-02,152000000,NetCashProvidedByUsedInOperatingActivities,USD,2023-05-04,10-Q,2022-04-02,through_ocf,True,,,0.141121,0.080338,6.772727,-0.304968,-0.294397
2023Q2,2023-04-17,MTB,36270,M&T Bank Corporation,$2B-$10B,,5954761000,Revenues,USD,2023-02-22,10-K,2020-12-31,1353152000,NetIncomeLoss,USD,2023-02-22,10-K,2020-12-31,155107160000,Assets,USD,2023-02-22,10-K,2021-12-31,21347732000,NetCashProvidedByUsedInFinancingActivities,USD,2023-02-22,10-K,2020-12-31,-22020481000,NetCashProvidedByUsedInInvestingActivities,USD,2023-02-22,10-K,2020-12-31,789187000,NetCashProvidedByUsedInOperatingActivities,USD,2023-02-22,10-K,2020-12-31,through_ocf,True,,,0.227239,0.13253,26.047588,3.584986,-3.697962
2023Q2,2023-05-04,MTD,1037646,Mettler-Toledo International Inc.,$2B-$10B,,3085177000,Revenues,USD,2023-02-10,10-K,2020-12-31,602739000,NetIncomeLoss,USD,2023-02-10,10-K,2020-12-31,2814549000,Assets,USD,2023-02-10,10-K,2020-12-31,-743908000,NetCashProvidedByUsedInFinancingActivities,USD,2023-02-10,10-K,2020-12-31,-100360000,NetCashProvidedByUsedInInvestingActivities,USD,2023-02-10,10-K,2020-12-31,724699000,NetCashProvidedByUsedInOperatingActivities,USD,2023-02-10,10-K,2020-12-31,through_ocf,True,,,0.195366,0.234897,0.912281,-0.241123,-0.03253
2023Q2,2023-04-26,MTH,833079,MERITAGE HOMES CORPORATION,$2B-$10B,,2361380000,RevenueFromContractWithCustomerExcludingAssessedTax,USD,2022-07-29,10-Q,2021-06-30,423475000,NetIncomeLoss,USD,2023-02-15,10-K,2020-12-31,4807533000,Assets,USD,2023-02-15,10-K,2021-12-31,-85971000,NetCashProvidedByUsedInFinancingActivities,USD,2023-02-15,10-K,2020-12-31,-18234000,NetCashProvidedByUsedInInvestingActivities,USD,2023-02-15,10-K,2020-12-31,530360000,NetCashProvidedByUsedInOperatingActivities,USD,2023-02-15,10-K,2020-12-31,through_ocf,True,,,0.179334,0.224597,2.0359,-0.036407,-0.007722
2023Q2,2023-05-03,MTRN,1104657,MATERION CORPORATION,$100M-$500M,,449045000,RevenueFromContractWithCustomerExcludingAssessedTax,USD,2023-05-03,10-Q,2022-04-01,14019000,NetIncomeLoss,USD,2023-05-03,10-Q,2022-04-01,1691979000,Assets,USD,2023-05-03,10-Q,2022-12-31,39305000,NetCashProvidedByUsedInFinancingActivities,USD,2023-05-03,10-Q,2022-04-01,-18966000,NetCashProvidedByUsedInInvestingActivities,USD,2023-05-03,10-Q,2022-04-01,-14304000,NetCashProvidedByUsedInOperatingActivities,USD,2023-05-03,10-Q,2022-04-01,through_ocf,True,,,0.03122,-0.031854,3.76795,0.08753,-0.042236
2023Q2,2023-05-08,MTRX,866273,MATRIX SERVICE CO,$100M-$500M,,330058000,Revenues,USD,2023-02-09,10-Q,2021-12-31,-42457000,ProfitLoss,USD,2023-02-09,10-Q,2021-12-31,440793000,Assets,USD,2023-02-09,10-Q,2022-06-30,-1757000,NetCashProvidedByUsedInFinancingActivities,USD,2023-02-09,10-Q,2021-12-31,-461000,NetCashProvidedByUsedInInvestingActivities,USD,2023-02-09,10-Q,2021-12-31,11385000,NetCashProvidedByUsedInOperatingActivities,USD,2023-02-09,10-Q,2021-12-31,through_ocf,True,,,-0.128635,0.034494,1.335502,-0.005323,-0.001397
2023Q2,2023-05-04,MTSI,1493594,"MACOM Technology Solutions Holdings, Inc.",$100M-$500M,,324767000,Revenues,USD,2023-05-04,10-Q,2022-04-01,168385000,NetIncomeLoss,USD,2023-05-04,10-Q,2022-04-01,1571817000,Assets,USD,2023-05-04,10-Q,2022-09-30,-30123000,NetCashProvidedByUsedInFinancingActivities,USD,2023-05-04,10-Q,2022-04-01,-75212000,NetCashProvidedByUsedInInvestingActivities,USD,2023-05-04,10-Q,2022-04-01,76597000,NetCashProvidedByUsedInOperatingActivities,USD,2023-05-04,10-Q,2022-04-01,through_ocf,True,,,0.518479,0.235852,4.83983,-0.092753,-0.231588
2023Q2,2023-05-04,MTUS,1598428,METALLUS INC.,$100M-$500M,,352000000,RevenueFromContractWithCustomerExcludingAssessedTax,USD,2023-05-04,10-Q,2022-03-31,37100000,NetIncomeLoss,USD,2023-05-04,10-Q,2022-03-31,1082000000,Assets,USD,2023-05-04,10-Q,2022-12-31,-25500000,NetCashProvidedByUsedInFinancingActivities,USD,2023-05-04,10-Q,2022-03-31,-6500000,NetCashProvidedByUsedInInvestingActivities,USD,2023-05-04,10-Q,2022-03-31,13300000,NetCashProvidedByUsedInOperatingActivities,USD,2023-05-04,10-Q,2022-03-31,through_ocf,True,,,0.105398,0.037784,3.073864,-0.072443,-0.018466
2023Q2,2023-05-02,MTW,61986,"The Manitowoc Company, Inc.",$1B-$2B,,1443400000,RevenueFromContractWithCustomerExcludingAssessedTax,USD,2023-02-24,10-K,2020-12-31,-19100000,NetIncomeLoss,USD,2023-02-24,10-K,2020-12-31,1775200000,Assets,USD,2023-02-24,10-K,2021-12-31,-14800000,NetCashProvidedByUsedInFinancingActivities,USD,2023-02-24,10-K,2020-12-31,-25800000,NetCashProvidedByUsedInInvestingActivities,USD,2023-02-24,10-K,2020-12-31,-35100000,NetCashProvidedByUsedInOperatingActivities,USD,2023-02-24,10-K,2020-12-31,through_ocf,True,,,-0.013233,-0.024318,1.229874,-0.010254,-0.017874
2023Q2,2023-04-27,MTX,891014,MINERALS TECHNOLOGIES INC.,$1B-$2B,,1594800000,RevenueFromContractWithCustomerExcludingAssessedTax,USD,2023-02-17,10-K,2020-12-31,112400000,NetIncomeLoss,USD,2023-02-17,10-K,2020-12-31,3209400000,Assets,USD,2023-02-17,10-K,2020-12-31,-43000000,NetCashProvidedByUsedInFinancingActivities,USD,2023-02-17,10-K,2020-12-31,-78700000,NetCashProvidedByUsedInInvestingActivities,USD,2023-02-17,10-K,2020-12-31,240600000,NetCashProvidedByUsedInOperatingActivities,USD,2023-02-17,10-K,2020-12-31,through_ocf,True,,,0.070479,0.150865,2.012415,-0.026963,-0.049348
2023Q2,2023-05-03,MUR,717423,MURPHY OIL CORPORATION,$500M-$1B,,552961000,Revenues,USD,2023-05-03,10-Q,2022-03-31,-113336000,NetIncomeLoss,USD,2023-05-03,10-Q,2022-03-31,10308952000,Assets,USD,2023-05-03,10-Q,2022-12-31,-133932000,NetCashProvidedByUsedInFinancingActivities,USD,2023-05-03,10-Q,2022-03-31,-244908000,NetCashProvidedByUsedInInvestingActivities,USD,2023-05-03,10-Q,2022-03-31,686282000,NetCashProvidedByUsedInOperatingActivities,USD,2022-08-04,10-Q,2021-06-30,through_ocf,True,,,-0.204962,1.241104,18.643181,-0.242209,-0.442903
2023Q2,2023-05-08,MWA,1350593,"MUELLER WATER PRODUCTS, INC.",$100M-$500M,,272300000,Revenues,USD,2023-02-03,10-Q,2021-12-31,19400000,NetIncomeLoss,USD,2023-02-03,10-Q,2021-12-31,1498100000,Assets,USD,2023-02-03,10-Q,2022-09-30,-30500000,NetCashProvidedByUsedInFinancingActivities,USD,2023-02-03,10-Q,2021-12-31,-10800000,NetCashProvidedByUsedInInvestingActivities,USD,2023-02-03,10-Q,2021-12-31,19800000,NetCashProvidedByUsedInOperatingActivities,USD,2023-02-03,10-Q,2021-12-31,through_ocf,True,,,0.071245,0.072714,5.501653,-0.112009,-0.039662
2023Q2,2023-04-26,MXL,1288469,"MaxLinear, Inc.",$100M-$500M,,263927000,RevenueFromContractWithCustomerExcludingAssessedTax,USD,2023-04-26,10-Q,2022-03-31,33586000,NetIncomeLoss,USD,2023-04-26,10-Q,2022-03-31,1180025000,Assets,USD,2023-04-26,10-Q,2022-12-31,-70659000,NetCashProvidedByUsedInFinancingActivities,USD,2023-04-26,10-Q,2022-03-31,-42762000,NetCashProvidedByUsedInInvestingActivities,USD,2023-04-26,10-Q,2022-03-31,134166000,NetCashProvidedByUsedInOperatingActivities,USD,2023-04-26,10-Q,2022-03-31,through_ocf,True,,,0.127255,0.508345,4.471028,-0.267722,-0.162022
2023Q2,2023-05-04,MYE,69488,"MYERS INDUSTRIES, INC.",$100M-$500M,,225486000,RevenueFromContractWithCustomerExcludingAssessedTax,USD,2023-05-04,10-Q,2022-03-31,17337000,NetIncomeLoss,USD,2023-05-04,10-Q,2022-03-31,542634000,Assets,USD,2023-05-04,10-Q,2022-12-31,-3436000,NetCashProvidedByUsedInFinancingActivities,USD,2023-05-04,10-Q,2022-03-31,-3984000,NetCashProvidedByUsedInInvestingActivities,USD,2023-05-04,10-Q,2022-03-31,7292000,NetCashProvidedByUsedInOperatingActivities,USD,2023-05-04,10-Q,2022-03-31,through_ocf,True,,,0.076887,0.032339,2.406509,-0.015238,-0.017669
2023Q2,2023-05-03,MYGN,899923,"MYRIAD GENETICS, INC.",$500M-$1B,,638600000,RevenueFromContractWithCustomerExcludingAssessedTax,USD,2023-03-01,10-K,2020-06-30,-199500000,NetIncomeLoss,USD,2023-03-01,10-K,2020-06-30,1320700000,Assets,USD,2023-03-01,10-K,2021-12-31,-10000000,NetCashProvidedByUsedInFinancingActivities,USD,2023-03-01,10-K,2020-06-30,19300000,NetCashProvidedByUsedInInvestingActivities,USD,2023-03-01,10-K,2020-06-30,60700000,NetCashProvidedByUsedInOperatingActivities,USD,2023-03-01,10-K,2020-06-30,through_ocf,True,,,-0.312402,0.095052,2.068118,-0.015659,0.030222
2023Q2,2023-05-04,MZTI,57515,MARZETTI CO,$1B-$2B,,1223977000,RevenueFromContractWithCustomerExcludingAssessedTax,USD,2023-05-04,10-Q,2022-03-31,30655000,NetIncomeLoss,USD,2023-05-04,10-Q,2021-09-30,1090374000,Assets,USD,2023-05-04,10-Q,2022-06-30,-74556000,NetCashProvidedByUsedInFinancingActivities,USD,2023-05-04,10-Q,2022-03-31,-105065000,NetCashProvidedByUsedInInvestingActivities,USD,2023-05-04,10-Q,2022-03-31,58651000,NetCashProvidedByUsedInOperatingActivities,USD,2023-05-04,10-Q,2022-03-31,through_ocf,True,,,0.025045,0.047918,0.890845,-0.060913,-0.085839
2023Q2,2023-05-09,NATR,275053,"NATURE’S SUNSHINE PRODUCTS, INC.",$100M-$500M,,110494000,RevenueFromContractWithCustomerExcludingAssessedTax,USD,2023-05-09,10-Q,2022-03-31,-2950000,NetIncomeLoss,USD,2023-05-09,10-Q,2022-03-31,229778000,Assets,USD,2023-05-09,10-Q,2022-12-31,-9374000,NetCashProvidedByUsedInFinancingActivities,USD,2023-05-09,10-Q,2022-03-31,-1518000,NetCashProvidedByUsedInInvestingActivities,USD,2023-05-09,10-Q,2022-03-31,-7924000,NetCashProvidedByUsedInOperatingActivities,USD,2023-05-09,10-Q,2022-03-31,through_ocf,True,,,-0.026698,-0.071714,2.079552,-0.084837,-0.013738
2023Q2,2023-05-03,NBIX,914475,"NEUROCRINE BIOSCIENCES, INC.",$100M-$500M,,310600000,RevenueFromContractWithCustomerExcludingAssessedTax,USD,2023-05-03,10-Q,2022-03-31,13900000,NetIncomeLoss,USD,2023-05-03,10-Q,2022-03-31,2368700000,Assets,USD,2023-05-03,10-Q,2022-12-31,6100000,NetCashProvidedByUsedInFinancingActivities,USD,2023-05-03,10-Q,2022-03-31,-31600000,NetCashProvidedByUsedInInvestingActivities,USD,2023-05-03,10-Q,2022-03-31,-40500000,NetCashProvidedByUsedInOperatingActivities,USD,2023-05-03,10-Q,2022-03-31,through_ocf,True,,,0.044752,-0.130393,7.626207,0.019639,-0.101739
2023Q2,2023-04-25,NBR,1163739,NABORS INDUSTRIES LTD.,$2B-$10B,,2134043000,RevenueFromContractWithCustomerExcludingAssessedTax,USD,2023-02-09,10-K,2020-12-31,-805641000,NetIncomeLoss,USD,2023-02-09,10-K,2020-12-31,5525364000,Assets,USD,2023-02-09,10-K,2021-12-31,-148001000,NetCashProvidedByUsedInFinancingActivities,USD,2023-02-09,10-K,2020-12-31,-165457000,NetCashProvidedByUsedInInvestingActivities,USD,2023-02-09,10-K,2020-12-31,349761000,NetCashProvidedByUsedInOperatingActivities,USD,2023-02-09,10-K,2020-12-31,through_ocf,True,,,-0.377519,0.163896,2.589153,-0.069352,-0.077532
2023Q2,2023-04-24,NBTB,790359,NBT Bancorp Inc.,$100M-$500M,,140921000,RevenueFromContractWithCustomerExcludingAssessedTax,USD,2023-03-01,10-K,2020-12-31,104388000,NetIncomeLoss,USD,2023-03-01,10-K,2020-12-31,12012111000,Assets,USD,2023-03-01,10-K,2021-12-31,1023151000,NetCashProvidedByUsedInFinancingActivities,USD,2023-03-01,10-K,2020-12-31,-712586000,NetCashProvidedByUsedInInvestingActivities,USD,2023-03-01,10-K,2020-12-31,145273000,NetCashProvidedByUsedInOperatingActivities,USD,2023-03-01,10-K,2020-12-31,through_ocf,True,,,0.740755,1.030883,85.240035,7.260458,-5.056635
2023Q2,2023-05-31,NCNO,0001902733,"nCino, Inc.",<$100M,,94211000,RevenueFromContractWithCustomerExcludingAssessedTax,USD,2023-05-31,10-Q,2022-04-30,-30688000,NetIncomeLoss,USD,2023-05-31,10-Q,2022-04-30,1327269000,Assets,USD,2023-05-31,10-Q,2023-01-31,258000,NetCashProvidedByUsedInFinancingActivities,USD,2023-05-31,10-Q,2022-04-30,-4694000,NetCashProvidedByUsedInInvestingActivities,USD,2023-05-31,10-Q,2022-04-30,1248000,NetCashProvidedByUsedInOperatingActivities,USD,2023-05-31,10-Q,2022-04-30,through_ocf,True,,,-0.325737,0.013247,14.088259,0.002739,-0.049824
2023Q2,2023-04-19,NDAQ,1120193,"Nasdaq, Inc.",$2B-$10B,,5625000000,RevenueFromContractWithCustomerExcludingAssessedTax,USD,2023-02-23,10-K,2020-12-31,933000000,NetIncomeLoss,USD,2023-02-23,10-K,2020-12-31,20115000000,Assets,USD,2023-02-23,10-K,2021-12-31,1910000000,NetCashProvidedByUsedInFinancingActivities,USD,2023-02-23,10-K,2020-12-31,-122000000,NetCashProvidedByUsedInInvestingActivities,USD,2023-02-23,10-K,2020-12-31,1252000000,NetCashProvidedByUsedInOperatingActivities,USD,2023-02-23,10-K,2020-12-31,through_ocf,True,,,0.165867,0.222578,3.576,0.339556,-0.021689
2023Q2,2023-05-10,NDLS,1275158,NOODLES & COMPANY,$100M-$500M,,393655000,RevenueFromContractWithCustomerExcludingAssessedTax,USD,2023-03-09,10-K,2020-12-29,-23259000,NetIncomeLoss,USD,2023-03-09,10-K,2020-12-29,341459000,Assets,USD,2023-03-09,10-K,2021-12-28,-798000,NetCashProvidedByUsedInFinancingActivities,USD,2023-03-09,10-K,2020-12-29,-10945000,NetCashProvidedByUsedInInvestingActivities,USD,2023-03-09,10-K,2020-12-29,9124000,NetCashProvidedByUsedInOperatingActivities,USD,2023-03-09,10-K,2020-12-29,through_ocf,True,,,-0.059085,0.023178,0.867407,-0.002027,-0.027804
2023Q2,2023-05-22,NDSN,72331,NORDSON CORPORATION,$500M-$1B,,609166000,RevenueFromContractWithCustomerExcludingAssessedTax,USD,2023-02-23,10-Q,2022-01-31,120409000,NetIncomeLoss,USD,2023-02-23,10-Q,2022-01-31,3820375000,Assets,USD,2023-02-23,10-Q,2022-10-31,-61902000,NetCashProvidedByUsedInFinancingActivities,USD,2023-02-23,10-Q,2022-01-31,-184097000,NetCashProvidedByUsedInInvestingActivities,USD,2023-02-23,10-Q,2022-01-31,118087000,NetCashProvidedByUsedInOperatingActivities,USD,2023-02-23,10-Q,2022-01-31,through_ocf,True,,,0.197662,0.19385,6.271484,-0.101618,-0.302212
2023Q2,2023-05-04,NE,0001895262,Noble Corporation plc,$100M-$500M,,210230000,RevenueFromContractWithCustomerExcludingAssessedTax,USD,2023-05-04,10-Q,2022-03-31,-36656000,NetIncomeLoss,USD,2023-05-04,10-Q,2022-03-31,5234864000,Assets,USD,2023-05-04,10-Q,2022-12-31,-4808000,NetCashProvidedByUsedInFinancingActivities,USD,2023-05-04,10-Q,2022-03-31,-32798000,NetCashProvidedByUsedInInvestingActivities,USD,2023-05-04,10-Q,2022-03-31,-51813000,NetCashProvidedByUsedInOperatingActivities,USD,2023-05-04,10-Q,2022-03-31,through_ocf,True,,,-0.174361,-0.246459,24.900652,-0.02287,-0.15601
2023Q2,2023-04-27,NEM,1164727,NEWMONT CORPORATION,$2B-$10B,,3023000000,RevenueFromContractWithCustomerExcludingAssessedTax,USD,2023-04-27,10-Q,2022-03-31,448000000,NetIncomeLoss,USD,2023-04-27,10-Q,2022-03-31,38482000000,Assets,USD,2023-04-27,10-Q,2022-12-31,-895000000,NetCashProvidedByUsedInFinancingActivities,USD,2023-04-27,10-Q,2022-03-31,-519000000,NetCashProvidedByUsedInInvestingActivities,USD,2023-04-27,10-Q,2022-03-31,694000000,NetCashProvidedByUsedInOperatingActivities,USD,2023-04-27,10-Q,2022-03-31,through_ocf,True,,,0.148197,0.229573,12.729739,-0.296064,-0.171684
2023Q2,2023-05-08,NEO,1077183,"NEOGENOMICS, INC.",$100M-$500M,,119693000,Revenues,USD,2018-08-06,10-Q,2017-06-30,4172000,NetIncomeLoss,USD,2023-02-24,10-K,2020-12-31,1869778000,Assets,USD,2023-02-24,10-K,2021-12-31,235597000,NetCashProvidedByUsedInFinancingActivities,USD,2023-02-24,10-K,2020-12-31,-159441000,NetCashProvidedByUsedInInvestingActivities,USD,2023-02-24,10-K,2020-12-31,1460000,NetCashProvidedByUsedInOperatingActivities,USD,2023-02-24,10-K,2020-12-31,through_ocf,True,,,0.034856,0.012198,15.621448,1.968344,-1.332083
2023Q2,2023-04-27,NET,1477333,"Cloudflare, Inc.",$100M-$500M,,212167000,RevenueFromContractWithCustomerExcludingAssessedTax,USD,2023-04-27,10-Q,2022-03-31,-41381000,NetIncomeLoss,USD,2023-04-27,10-Q,2022-03-31,2587908000,Assets,USD,2023-04-27,10-Q,2022-12-31,-14254000,NetCashProvidedByUsedInFinancingActivities,USD,2023-04-27,10-Q,2022-03-31,-110805000,NetCashProvidedByUsedInInvestingActivities,USD,2023-04-27,10-Q,2022-03-31,-35467000,NetCashProvidedByUsedInOperatingActivities,USD,2023-04-27,10-Q,2022-03-31,through_ocf,True,,,-0.19504,-0.167165,12.197505,-0.067183,-0.522254
2023Q2,2023-05-09,NEWT,1587987,"NEWTEKONE, INC.",$100M-$500M,,105929000,Revenues,USD,2014-11-14,10-Q,2013-09-30,64112000,NetIncomeLoss,USD,2022-11-08,10-Q,2021-09-30,1056561000,Assets,USD,2022-11-08,10-Q,2021-12-31,-19000,NetCashProvidedByUsedInFinancingActivities,USD,2022-11-08,10-Q,2021-09-30,,,,,,,151700000,NetCashProvidedByUsedInOperatingActivities,USD,2022-11-08,10-Q,2021-09-30,through_ocf,False,,investing_cash_flow,0.605236,1.432091,9.974237,-0.000179,
2023Q2,2023-05-09,NEWTG,1587987,"NEWTEKONE, INC.",$100M-$500M,,105929000,Revenues,USD,2014-11-14,10-Q,2013-09-30,64112000,NetIncomeLoss,USD,2022-11-08,10-Q,2021-09-30,1056561000,Assets,USD,2022-11-08,10-Q,2021-12-31,-19000,NetCashProvidedByUsedInFinancingActivities,USD,2022-11-08,10-Q,2021-09-30,,,,,,,151700000,NetCashProvidedByUsedInOperatingActivities,USD,2022-11-08,10-Q,2021-09-30,through_ocf,False,,investing_cash_flow,0.605236,1.432091,9.974237,-0.000179,
2023Q2,2023-05-04,NFE,1749723,New Fortress Energy Inc.,$500M-$1B,,505118000,Revenues,USD,2023-05-04,10-Q,2022-03-31,238269000,NetIncomeLoss,USD,2023-05-04,10-Q,2022-03-31,7365808000,Assets,USD,2023-05-04,10-Q,2022-03-31,36836000,NetCashProvidedByUsedInFinancingActivities,USD,2023-05-04,10-Q,2022-03-31,-189221000,NetCashProvidedByUsedInInvestingActivities,USD,2023-05-04,10-Q,2022-03-31,114382000,NetCashProvidedByUsedInOperatingActivities,USD,2023-05-04,10-Q,2022-03-31,through_ocf,True,,,0.47171,0.226446,14.582351,0.072926,-0.374608
2023Q2,2023-04-18,NFLX,1065280,"Netflix, Inc.",>$10B,,24996056000,Revenues,USD,2023-01-26,10-K,2020-12-31,2761395000,NetIncomeLoss,USD,2023-01-26,10-K,2020-12-31,44584663000,Assets,USD,2023-01-26,10-K,2021-12-31,1237311000,NetCashProvidedByUsedInFinancingActivities,USD,2023-01-26,10-K,2020-12-31,-505354000,NetCashProvidedByUsedInInvestingActivities,USD,2023-01-26,10-K,2020-12-31,2427077000,NetCashProvidedByUsedInOperatingActivities,USD,2023-01-26,10-K,2020-12-31,through_ocf,True,,,0.110473,0.097098,1.783668,0.0495,-0.020217
2023Q2,2023-05-03,NGVT,1653477,INGEVITY CORPORATION,$1B-$2B,,1216100000,RevenueFromContractWithCustomerExcludingAssessedTax,USD,2023-02-28,10-K,2020-12-31,181400000,NetIncomeLoss,USD,2023-02-28,10-K,2020-12-31,2469000000,Assets,USD,2023-02-28,10-K,2021-12-31,-50200000,NetCashProvidedByUsedInFinancingActivities,USD,2023-02-28,10-K,2020-12-31,-110600000,NetCashProvidedByUsedInInvestingActivities,USD,2023-02-28,10-K,2020-12-31,352400000,NetCashProvidedByUsedInOperatingActivities,USD,2023-02-28,10-K,2020-12-31,through_ocf,True,,,0.149165,0.289779,2.030261,-0.04128,-0.090946
2023Q2,2023-05-03,NI,1111711,NiSource Inc.,$1B-$2B,,1873300000,Revenues,USD,2023-05-03,10-Q,2022-03-31,426800000,NetIncomeLoss,USD,2023-05-03,10-Q,2022-03-31,26736600000,Assets,USD,2023-05-03,10-Q,2022-12-31,-173900000,NetCashProvidedByUsedInFinancingActivities,USD,2023-05-03,10-Q,2022-03-31,-370400000,NetCashProvidedByUsedInInvestingActivities,USD,2023-05-03,10-Q,2022-03-31,579800000,NetCashProvidedByUsedInOperatingActivities,USD,2023-05-03,10-Q,2022-03-31,through_ocf,True,,,0.227833,0.309507,14.27246,-0.092831,-0.197726
2023Q2,2023-05-04,NJR,356309,NEW JERSEY RESOURCES CORPORATION,$500M-$1B,,716733000,RevenueFromContractWithCustomerExcludingAssessedTax,USD,2023-05-04,10-Q,2022-03-31,111312000,NetIncomeLoss,USD,2023-05-04,10-Q,2021-12-31,6261416000,Assets,USD,2023-05-04,10-Q,2022-09-30,-24463000,NetCashProvidedByUsedInFinancingActivities,USD,2023-05-04,10-Q,2022-03-31,-296832000,NetCashProvidedByUsedInInvestingActivities,USD,2023-05-04,10-Q,2022-03-31,330452000,NetCashProvidedByUsedInOperatingActivities,USD,2023-05-04,10-Q,2022-03-31,through_ocf,True,,,0.155305,0.461053,8.736051,-0.034131,-0.414146
2023Q2,2023-05-02,NMIH,1547903,"NMI Holdings, Inc.",$100M-$500M,,433283000,Revenues,USD,2023-02-15,10-K,2020-12-31,171566000,NetIncomeLoss,USD,2023-02-15,10-K,2020-12-31,2450581000,Assets,USD,2023-02-15,10-K,2021-12-31,462804000,NetCashProvidedByUsedInFinancingActivities,USD,2023-02-15,10-K,2020-12-31,-629554000,NetCashProvidedByUsedInInvestingActivities,USD,2023-02-15,10-K,2020-12-31,252598000,NetCashProvidedByUsedInOperatingActivities,USD,2023-02-15,10-K,2020-12-31,through_ocf,True,,,0.395968,0.582986,5.655844,1.068133,-1.452986
2023Q2,2023-05-05,NMRK,1690680,"NEWMARK GROUP, INC.",$1B-$2B,,1904998000,Revenues,USD,2023-03-16,10-K,2020-12-31,80060000,NetIncomeLoss,USD,2023-03-16,10-K,2020-12-31,5216201000,Assets,USD,2023-03-16,10-K,2021-12-31,817823000,NetCashProvidedByUsedInFinancingActivities,USD,2023-03-16,10-K,2020-12-31,-3602000,NetCashProvidedByUsedInInvestingActivities,USD,2023-03-16,10-K,2020-12-31,-777694000,NetCashProvidedByUsedInOperatingActivities,USD,2023-03-16,10-K,2020-12-31,through_ocf,True,,,0.042026,-0.408239,2.738166,0.429304,-0.001891
2023Q2,2023-05-04,NNBR,918541,"NN, Inc.",$100M-$500M,,427534000,RevenueFromContractWithCustomerExcludingAssessedTax,USD,2023-03-10,10-K,2020-12-31,-100592000,ProfitLoss,USD,2023-03-10,10-K,2020-12-31,579101000,Assets,USD,2023-03-10,10-K,2021-12-31,-714854000,NetCashProvidedByUsedInFinancingActivities,USD,2023-03-10,10-K,2020-12-31,719284000,NetCashProvidedByUsedInInvestingActivities,USD,2023-03-10,10-K,2020-12-31,15549000,NetCashProvidedByUsedInOperatingActivities,USD,2023-03-10,10-K,2020-12-31,through_ocf,True,,,-0.235284,0.036369,1.354514,-1.67204,1.682402
2023Q2,2023-04-27,NOC,1133421,NORTHROP GRUMMAN CORP /DE/,$2B-$10B,,8797000000,Revenues,USD,2023-04-27,10-Q,2022-03-31,955000000,NetIncomeLoss,USD,2023-04-27,10-Q,2022-03-31,43755000000,Assets,USD,2023-04-27,10-Q,2022-12-31,-619000000,NetCashProvidedByUsedInFinancingActivities,USD,2023-04-27,10-Q,2022-03-31,-249000000,NetCashProvidedByUsedInInvestingActivities,USD,2023-04-27,10-Q,2022-03-31,-488000000,NetCashProvidedByUsedInOperatingActivities,USD,2023-04-27,10-Q,2022-03-31,through_ocf,True,,,0.10856,-0.055473,4.973855,-0.070365,-0.028305
2023Q2,2023-04-19,NOG,1104485,"NORTHERN OIL AND GAS, INC.",$500M-$1B,,552210000,Revenues,USD,2023-02-24,10-K,2020-12-31,-906041000,NetIncomeLoss,USD,2023-02-24,10-K,2020-12-31,1522866000,Assets,USD,2023-02-24,10-K,2021-12-31,-62399000,NetCashProvidedByUsedInFinancingActivities,USD,2023-02-24,10-K,2020-12-31,-283926000,NetCashProvidedByUsedInInvestingActivities,USD,2023-02-24,10-K,2020-12-31,331685000,NetCashProvidedByUsedInOperatingActivities,USD,2023-02-24,10-K,2020-12-31,through_ocf,True,,,-1.640754,0.60065,2.757766,-0.112999,-0.514163
2023Q2,2023-05-09,NOVT,1076930,NOVANTA INC.,$100M-$500M,,204216000,RevenueFromContractWithCustomerExcludingAssessedTax,USD,2023-05-09,10-Q,2022-04-01,18820000,NetIncomeLoss,USD,2023-05-09,10-Q,2022-04-01,1241212000,Assets,USD,2023-05-09,10-Q,2022-12-31,-22029000,NetCashProvidedByUsedInFinancingActivities,USD,2023-05-09,10-Q,2022-04-01,-6821000,NetCashProvidedByUsedInInvestingActivities,USD,2023-05-09,10-Q,2022-04-01,11347000,NetCashProvidedByUsedInOperatingActivities,USD,2023-05-09,10-Q,2022-04-01,through_ocf,True,,,0.092157,0.055564,6.077937,-0.107871,-0.033401
2023Q2,2023-05-02,NPKI,71829,NPK International Inc.,$100M-$500M,,492625000,RevenueFromContractWithCustomerExcludingAssessedTax,USD,2023-02-24,10-K,2020-12-31,-80696000,NetIncomeLoss,USD,2023-02-24,10-K,2020-12-31,709192000,Assets,USD,2023-02-24,10-K,2020-12-31,-77941000,NetCashProvidedByUsedInFinancingActivities,USD,2023-02-24,10-K,2020-12-31,-3395000,NetCashProvidedByUsedInInvestingActivities,USD,2023-02-24,10-K,2020-12-31,55791000,NetCashProvidedByUsedInOperatingActivities,USD,2023-02-24,10-K,2020-12-31,through_ocf,True,,,-0.163808,0.113252,1.439618,-0.158216,-0.006892
2023Q2,2023-05-02,NPO,1164863,ENPRO INC.,$1B-$2B,,1150600000,Revenues,USD,2019-11-05,10-Q,2018-09-30,16800000,NetIncomeLoss,USD,2023-05-02,10-Q,2022-03-31,2647800000,Assets,USD,2023-05-02,10-Q,2022-12-31,-60400000,NetCashProvidedByUsedInFinancingActivities,USD,2023-05-02,10-Q,2022-03-31,-12000000,NetCashProvidedByUsedInInvestingActivities,USD,2022-08-02,10-Q,2021-06-30,58500000,NetCashProvidedByUsedInOperatingActivities,USD,2022-08-02,10-Q,2021-06-30,through_ocf,True,,,0.014601,0.050843,2.301234,-0.052494,-0.010429
2023Q2,2023-05-02,NRDS,0001625278,"NerdWallet, Inc.",$100M-$500M,,129100000,RevenueFromContractWithCustomerExcludingAssessedTax,USD,2023-05-02,10-Q,2022-03-31,-10500000,NetIncomeLoss,USD,2023-05-02,10-Q,2022-03-31,425700000,Assets,USD,2023-05-02,10-Q,2022-12-31,700000,NetCashProvidedByUsedInFinancingActivities,USD,2023-05-02,10-Q,2022-03-31,-8500000,NetCashProvidedByUsedInInvestingActivities,USD,2023-05-02,10-Q,2022-03-31,1600000,NetCashProvidedByUsedInOperatingActivities,USD,2023-05-02,10-Q,2022-03-31,through_ocf,True,,,-0.081332,0.012393,3.297444,0.005422,-0.06584
2023Q2,2023-05-04,NRG,1013871,"NRG ENERGY, INC.",$2B-$10B,,7896000000,Revenues,USD,2023-05-04,10-Q,2022-03-31,1736000000,NetIncomeLoss,USD,2023-05-04,10-Q,2022-03-31,29146000000,Assets,USD,2023-05-04,10-Q,2022-12-31,287000000,NetCashProvidedByUsedInFinancingActivities,USD,2023-05-04,10-Q,2022-03-31,-80000000,NetCashProvidedByUsedInInvestingActivities,USD,2023-05-04,10-Q,2022-03-31,1676000000,NetCashProvidedByUsedInOperatingActivities,USD,2023-05-04,10-Q,2022-03-31,through_ocf,True,,,0.219858,0.212259,3.691236,0.036348,-0.010132
2023Q2,2023-04-26,NSC,702165,NORFOLK SOUTHERN CORPORATION,$2B-$10B,,2915000000,RevenueFromContractWithCustomerExcludingAssessedTax,USD,2023-04-26,10-Q,2022-03-31,703000000,NetIncomeLoss,USD,2023-04-26,10-Q,2022-03-31,38885000000,Assets,USD,2023-04-26,10-Q,2022-12-31,73000000,NetCashProvidedByUsedInFinancingActivities,USD,2023-04-26,10-Q,2022-03-31,-335000000,NetCashProvidedByUsedInInvestingActivities,USD,2023-04-26,10-Q,2022-03-31,994000000,NetCashProvidedByUsedInOperatingActivities,USD,2023-04-26,10-Q,2022-03-31,through_ocf,True,,,0.241166,0.340995,13.339623,0.025043,-0.114923
2023Q2,2023-05-02,NSIT,932696,"INSIGHT ENTERPRISES, INC.",$2B-$10B,,2650850000,RevenueFromContractWithCustomerExcludingAssessedTax,USD,2023-05-02,10-Q,2022-03-31,56631000,NetIncomeLoss,USD,2023-05-02,10-Q,2022-03-31,5112581000,Assets,USD,2023-05-02,10-Q,2022-12-31,319954000,NetCashProvidedByUsedInFinancingActivities,USD,2023-05-02,10-Q,2022-03-31,-25745000,NetCashProvidedByUsedInInvestingActivities,USD,2023-05-02,10-Q,2022-03-31,-284239000,NetCashProvidedByUsedInOperatingActivities,USD,2023-05-02,10-Q,2022-03-31,through_ocf,True,,,0.021363,-0.107226,1.928657,0.120699,-0.009712
2023Q2,2023-04-26,NSP,1000753,"Insperity, Inc.",$1B-$2B,,1577837000,RevenueFromContractWithCustomerExcludingAssessedTax,USD,2023-04-26,10-Q,2022-03-31,69884000,NetIncomeLoss,USD,2023-04-26,10-Q,2022-03-31,2039261000,Assets,USD,2023-04-26,10-Q,2022-12-31,-43886000,NetCashProvidedByUsedInFinancingActivities,USD,2023-04-26,10-Q,2022-03-31,-5890000,NetCashProvidedByUsedInInvestingActivities,USD,2023-04-26,10-Q,2022-03-31,58847000,NetCashProvidedByUsedInOperatingActivities,USD,2023-04-26,10-Q,2022-03-31,through_ocf,True,,,0.044291,0.037296,1.292441,-0.027814,-0.003733
2023Q2,2023-05-08,NSSC,69633,"NAPCO SECURITY TECHNOLOGIES, INC",$100M-$500M,,100364000,Revenues,USD,2023-05-08,10-Q,2022-03-31,7752000,NetIncomeLoss,USD,2023-05-08,10-Q,2021-09-30,148576000,Assets,USD,2023-05-08,10-Q,2022-06-30,155000,NetCashProvidedByUsedInFinancingActivities,USD,2023-05-08,10-Q,2022-03-31,-1247000,NetCashProvidedByUsedInInvestingActivities,USD,2023-05-08,10-Q,2022-03-31,8413000,NetCashProvidedByUsedInOperatingActivities,USD,2023-05-08,10-Q,2022-03-31,through_ocf,True,,,0.077239,0.083825,1.480371,0.001544,-0.012425
2023Q2,2023-05-31,NTAP,1002047,"NetApp, Inc.",$2B-$10B,,4638000000,RevenueFromContractWithCustomerExcludingAssessedTax,USD,2023-03-01,10-Q,2022-01-28,678000000,NetIncomeLoss,USD,2023-03-01,10-Q,2022-01-28,10026000000,Assets,USD,2023-03-01,10-Q,2022-04-29,-651000000,NetCashProvidedByUsedInFinancingActivities,USD,2023-03-01,10-Q,2022-01-28,-481000000,NetCashProvidedByUsedInInvestingActivities,USD,2023-03-01,10-Q,2022-01-28,800000000,NetCashProvidedByUsedInOperatingActivities,USD,2023-03-01,10-Q,2022-01-28,through_ocf,True,,,0.146184,0.172488,2.161708,-0.140362,-0.103708
2023Q2,2023-05-04,NTCT,1078075,"NETSCOUT SYSTEMS, INC.",$500M-$1B,,664384000,RevenueFromContractWithCustomerExcludingAssessedTax,USD,2023-02-02,10-Q,2021-12-31,44280000,NetIncomeLoss,USD,2023-02-02,10-Q,2021-12-31,3194709000,Assets,USD,2023-02-02,10-Q,2022-03-31,-53719000,NetCashProvidedByUsedInFinancingActivities,USD,2023-02-02,10-Q,2021-12-31,-3055000,NetCashProvidedByUsedInInvestingActivities,USD,2023-02-02,10-Q,2021-12-31,140387000,NetCashProvidedByUsedInOperatingActivities,USD,2023-02-02,10-Q,2021-12-31,through_ocf,True,,,0.066648,0.211304,4.808528,-0.080855,-0.004598
2023Q2,2023-04-26,NTGR,1122904,"NETGEAR, Inc.",$1B-$2B,,1255202000,RevenueFromContractWithCustomerExcludingAssessedTax,USD,2023-02-17,10-K,2020-12-31,58293000,NetIncomeLoss,USD,2023-02-17,10-K,2020-12-31,1078531000,Assets,USD,2023-02-17,10-K,2021-12-31,-8062000,NetCashProvidedByUsedInFinancingActivities,USD,2023-02-17,10-K,2020-12-31,-16836000,NetCashProvidedByUsedInInvestingActivities,USD,2023-02-17,10-K,2020-12-31,181150000,NetCashProvidedByUsedInOperatingActivities,USD,2023-02-17,10-K,2020-12-31,through_ocf,True,,,0.046441,0.144319,0.859249,-0.006423,-0.013413
2023Q2,2023-05-24,NTNX,1618732,"NUTANIX, INC.",$500M-$1B,,791598000,RevenueFromContractWithCustomerExcludingAssessedTax,USD,2023-05-24,10-Q,2022-01-31,-420206000,NetIncomeLoss,USD,2023-05-24,10-Q,2021-10-31,2365749000,Assets,USD,2023-05-24,10-Q,2022-07-31,69069000,NetCashProvidedByUsedInFinancingActivities,USD,2023-05-24,10-Q,2022-01-31,13158000,NetCashProvidedByUsedInInvestingActivities,USD,2023-05-24,10-Q,2022-01-31,32706000,NetCashProvidedByUsedInOperatingActivities,USD,2023-05-24,10-Q,2022-01-31,through_ocf,True,,,-0.530833,0.041316,2.988574,0.087253,0.016622
2023Q2,2023-05-09,NTRA,1604821,"NATERA, INC.",$100M-$500M,,391005000,RevenueFromContractWithCustomerExcludingAssessedTax,USD,2023-03-01,10-K,2020-12-31,-229743000,NetIncomeLoss,USD,2023-03-01,10-K,2020-12-31,1236487000,Assets,USD,2023-03-01,10-K,2021-12-31,500847000,NetCashProvidedByUsedInFinancingActivities,USD,2023-03-01,10-K,2020-12-31,-331461000,NetCashProvidedByUsedInInvestingActivities,USD,2023-03-01,10-K,2020-12-31,-182512000,NetCashProvidedByUsedInOperatingActivities,USD,2023-03-01,10-K,2020-12-31,through_ocf,True,,,-0.58757,-0.466777,3.16233,1.280922,-0.847716
2023Q2,2023-04-25,NTRS,73124,NORTHERN TRUST CORPORATION,$2B-$10B,,6100800000,Revenues,USD,2023-02-28,10-K,2020-12-31,1209300000,NetIncomeLoss,USD,2023-02-28,10-K,2020-12-31,170003900000,Assets,USD,2023-02-28,10-K,2020-12-31,27871900000,NetCashProvidedByUsedInFinancingActivities,USD,2023-02-28,10-K,2020-12-31,-29923000000,NetCashProvidedByUsedInInvestingActivities,USD,2023-02-28,10-K,2020-12-31,1896800000,NetCashProvidedByUsedInOperatingActivities,USD,2023-02-28,10-K,2020-12-31,through_ocf,True,,,0.19822,0.31091,27.865837,4.568565,-4.904767
2023Q2,2023-04-20,NUE,73309,NUCOR CORP,>$10B,,20139658000,RevenueFromContractWithCustomerExcludingAssessedTax,USD,2023-03-01,10-K,2020-12-31,721470000,NetIncomeLoss,USD,2023-03-01,10-K,2020-12-31,20125394000,Assets,USD,2023-03-01,10-K,2020-12-31,285854000,NetCashProvidedByUsedInFinancingActivities,USD,2023-03-01,10-K,2020-12-31,-1764294000,NetCashProvidedByUsedInInvestingActivities,USD,2023-03-01,10-K,2020-12-31,2696877000,NetCashProvidedByUsedInOperatingActivities,USD,2023-03-01,10-K,2020-12-31,through_ocf,True,,,0.035823,0.133909,0.999292,0.014194,-0.087603
2023Q2,2023-05-03,NUS,1021561,"NU SKIN ENTERPRISES, INC.",$2B-$10B,,2581934000,RevenueFromContractWithCustomerExcludingAssessedTax,USD,2023-02-16,10-K,2020-12-31,191355000,NetIncomeLoss,USD,2023-02-16,10-K,2020-12-31,1906480000,Assets,USD,2023-02-16,10-K,2021-12-31,-245166000,NetCashProvidedByUsedInFinancingActivities,USD,2023-02-16,10-K,2020-12-31,-79428000,NetCashProvidedByUsedInInvestingActivities,USD,2023-02-16,10-K,2020-12-31,379141000,NetCashProvidedByUsedInOperatingActivities,USD,2023-02-16,10-K,2020-12-31,through_ocf,True,,,0.074113,0.146844,0.738392,-0.094954,-0.030763
2023Q2,2023-05-24,NVDA,1045810,NVIDIA CORP,>$10B,,16675000000,Revenues,USD,2023-02-24,10-K,2021-01-31,4332000000,NetIncomeLoss,USD,2023-02-24,10-K,2021-01-31,44187000000,Assets,USD,2023-02-24,10-K,2022-01-30,3804000000,NetCashProvidedByUsedInFinancingActivities,USD,2023-02-24,10-K,2021-01-31,-19675000000,NetCashProvidedByUsedInInvestingActivities,USD,2023-02-24,10-K,2021-01-31,5822000000,NetCashProvidedByUsedInOperatingActivities,USD,2023-02-24,10-K,2021-01-31,through_ocf,True,,,0.25979,0.349145,2.649895,0.228126,-1.17991
2023Q2,2023-04-25,NVR,906163,"NVR, Inc.",$2B-$10B,,7536923000,Revenues,USD,2023-02-15,10-K,2020-12-31,901248000,NetIncomeLoss,USD,2023-02-15,10-K,2020-12-31,5834475000,Assets,USD,2023-02-15,10-K,2021-12-31,727642000,NetCashProvidedByUsedInFinancingActivities,USD,2023-02-15,10-K,2020-12-31,-3933000,NetCashProvidedByUsedInInvestingActivities,USD,2023-02-15,10-K,2020-12-31,925269000,NetCashProvidedByUsedInOperatingActivities,USD,2023-02-15,10-K,2020-12-31,through_ocf,True,,,0.119578,0.122765,0.774119,0.096544,-0.000522
2023Q2,2023-05-03,NVRI,45876,ENVIRI CORPORATION,$100M-$500M,,452797000,Revenues,USD,2023-05-03,10-Q,2022-03-31,-39839000,NetIncomeLoss,USD,2023-05-03,10-Q,2022-03-31,2790854000,Assets,USD,2023-05-03,10-Q,2022-12-31,63198000,NetCashProvidedByUsedInFinancingActivities,USD,2023-05-03,10-Q,2022-03-31,-26913000,NetCashProvidedByUsedInInvestingActivities,USD,2023-05-03,10-Q,2022-03-31,-34315000,NetCashProvidedByUsedInOperatingActivities,USD,2023-05-03,10-Q,2022-03-31,through_ocf,True,,,-0.087984,-0.075785,6.163588,0.139572,-0.059437
2023Q2,2023-04-28,NWL,814453,NEWELL BRANDS INC.,$2B-$10B,,2388000000,RevenueFromContractWithCustomerExcludingAssessedTax,USD,2023-04-28,10-Q,2022-03-31,228000000,NetIncomeLoss,USD,2023-04-28,10-Q,2022-03-31,13262000000,Assets,USD,2023-04-28,10-Q,2022-12-31,-393000000,NetCashProvidedByUsedInFinancingActivities,USD,2023-04-28,10-Q,2022-03-31,559000000,NetCashProvidedByUsedInInvestingActivities,USD,2023-04-28,10-Q,2022-03-31,-272000000,NetCashProvidedByUsedInOperatingActivities,USD,2023-04-28,10-Q,2022-03-31,through_ocf,True,,,0.095477,-0.113903,5.553601,-0.164573,0.234087
2023Q2,2023-05-04,NWN,1733998,NORTHWEST NATURAL HOLDING COMPANY,$100M-$500M,,350301000,Revenues,USD,2023-05-04,10-Q,2022-03-31,56239000,NetIncomeLoss,USD,2023-05-04,10-Q,2022-03-31,4054634000,Assets,USD,2023-05-04,10-Q,2022-03-31,-62764000,NetCashProvidedByUsedInFinancingActivities,USD,2023-05-04,10-Q,2022-03-31,-69750000,NetCashProvidedByUsedInInvestingActivities,USD,2023-05-04,10-Q,2022-03-31,141037000,NetCashProvidedByUsedInOperatingActivities,USD,2023-05-04,10-Q,2022-03-31,through_ocf,True,,,0.160545,0.402617,11.574714,-0.179172,-0.199114
2023Q2,2023-05-11,NWS,1564708,NEWS CORPORATION,$2B-$10B,,5219000000,RevenueFromContractWithCustomerExcludingAssessedTax,USD,2023-02-10,10-Q,2021-12-31,431000000,NetIncomeLoss,USD,2023-02-10,10-Q,2021-12-31,17221000000,Assets,USD,2023-02-10,10-Q,2022-06-30,-198000000,NetCashProvidedByUsedInFinancingActivities,USD,2023-02-10,10-Q,2021-12-31,-249000000,NetCashProvidedByUsedInInvestingActivities,USD,2023-02-10,10-Q,2021-12-31,430000000,NetCashProvidedByUsedInOperatingActivities,USD,2023-02-10,10-Q,2021-12-31,through_ocf,True,,,0.082583,0.082391,3.299674,-0.037938,-0.04771
2023Q2,2023-05-11,NWSA,1564708,NEWS CORPORATION,$2B-$10B,,5219000000,RevenueFromContractWithCustomerExcludingAssessedTax,USD,2023-02-10,10-Q,2021-12-31,431000000,NetIncomeLoss,USD,2023-02-10,10-Q,2021-12-31,17221000000,Assets,USD,2023-02-10,10-Q,2022-06-30,-198000000,NetCashProvidedByUsedInFinancingActivities,USD,2023-02-10,10-Q,2021-12-31,-249000000,NetCashProvidedByUsedInInvestingActivities,USD,2023-02-10,10-Q,2021-12-31,430000000,NetCashProvidedByUsedInOperatingActivities,USD,2023-02-10,10-Q,2021-12-31,through_ocf,True,,,0.082583,0.082391,3.299674,-0.037938,-0.04771
2023Q2,2023-05-02,NXPI,1413447,NXP Semiconductors N.V.,$2B-$10B,,3136000000,RevenueFromContractWithCustomerExcludingAssessedTax,USD,2023-05-02,10-Q,2022-04-03,657000000,NetIncomeLoss,USD,2023-05-02,10-Q,2022-04-03,23236000000,Assets,USD,2023-05-02,10-Q,2022-12-31,-674000000,NetCashProvidedByUsedInFinancingActivities,USD,2023-05-02,10-Q,2022-04-03,-329000000,NetCashProvidedByUsedInInvestingActivities,USD,2023-05-02,10-Q,2022-04-03,856000000,NetCashProvidedByUsedInOperatingActivities,USD,2023-05-02,10-Q,2022-04-03,through_ocf,True,,,0.209503,0.272959,7.409439,-0.214923,-0.104911
2023Q2,2023-05-09,NXST,1142417,"NEXSTAR MEDIA GROUP, INC.",$1B-$2B,,1210000000,RevenueFromContractWithCustomerExcludingAssessedTax,USD,2023-05-09,10-Q,2022-03-31,252000000,NetIncomeLoss,USD,2023-05-09,10-Q,2022-03-31,12679000000,Assets,USD,2023-05-09,10-Q,2022-12-31,-362000000,NetCashProvidedByUsedInFinancingActivities,USD,2023-05-09,10-Q,2022-03-31,-22000000,NetCashProvidedByUsedInInvestingActivities,USD,2023-05-09,10-Q,2022-03-31,519000000,NetCashProvidedByUsedInOperatingActivities,USD,2023-05-09,10-Q,2022-03-31,through_ocf,True,,,0.208264,0.428926,10.478512,-0.299174,-0.018182
2023Q2,2023-05-10,NXT,0001852131,Nextpower Inc.,$1B-$2B,,1017779000,Revenues,USD,2023-03-09,10-Q,2021-12-31,45119000,NetIncomeLoss,USD,2023-03-09,10-Q,2021-12-31,1017289000,Assets,USD,2023-03-09,10-Q,2022-03-31,-14872000,NetCashProvidedByUsedInFinancingActivities,USD,2023-03-09,10-Q,2021-12-31,-4956000,NetCashProvidedByUsedInInvestingActivities,USD,2023-03-09,10-Q,2021-12-31,-105742000,NetCashProvidedByUsedInOperatingActivities,USD,2023-03-09,10-Q,2021-12-31,through_ocf,True,,,0.044331,-0.103895,0.999519,-0.014612,-0.004869
2023Q2,2023-04-26,ODFL,878927,"OLD DOMINION FREIGHT LINE, INC.",$500M-$1B,,754096000,SalesRevenueServicesNet,USD,2018-05-07,10-Q,2017-03-31,672682000,NetIncomeLoss,USD,2023-02-22,10-K,2020-12-31,4821544000,Assets,USD,2023-02-22,10-K,2021-12-31,-383502000,NetCashProvidedByUsedInFinancingActivities,USD,2023-02-22,10-K,2020-12-31,-551663000,NetCashProvidedByUsedInInvestingActivities,USD,2023-02-22,10-K,2020-12-31,933024000,NetCashProvidedByUsedInOperatingActivities,USD,2023-02-22,10-K,2020-12-31,through_ocf,True,,,0.892038,1.237275,6.393807,-0.508559,-0.731555
2023Q2,2023-05-04,OEC,1609804,ORION S.A.,$100M-$500M,,484500000,RevenueFromContractWithCustomerExcludingAssessedTax,USD,2023-05-04,10-Q,2022-03-31,32500000,NetIncomeLoss,USD,2023-05-04,10-Q,2022-03-31,1888700000,Assets,USD,2023-05-04,10-Q,2022-12-31,51400000,NetCashProvidedByUsedInFinancingActivities,USD,2023-05-04,10-Q,2022-03-31,-48800000,NetCashProvidedByUsedInInvestingActivities,USD,2023-05-04,10-Q,2022-03-31,-27800000,NetCashProvidedByUsedInOperatingActivities,USD,2023-05-04,10-Q,2022-03-31,through_ocf,True,,,0.067079,-0.057379,3.898246,0.106089,-0.100722
2023Q2,2023-05-09,OFIX,884624,ORTHOFIX MEDICAL INC.,$100M-$500M,,106418000,RevenueFromContractWithCustomerExcludingAssessedTax,USD,2023-05-09,10-Q,2022-03-31,-4460000,NetIncomeLoss,USD,2023-05-09,10-Q,2022-03-31,458629000,Assets,USD,2023-05-09,10-Q,2022-12-31,-2233000,NetCashProvidedByUsedInFinancingActivities,USD,2023-05-09,10-Q,2022-03-31,-5667000,NetCashProvidedByUsedInInvestingActivities,USD,2023-05-09,10-Q,2022-03-31,-7709000,NetCashProvidedByUsedInOperatingActivities,USD,2023-05-09,10-Q,2022-03-31,through_ocf,True,,,-0.04191,-0.072441,4.309694,-0.020983,-0.053252
2023Q2,2023-05-01,OGS,1587732,"ONE Gas, Inc.",$1B-$2B,,1530268000,Revenues,USD,2023-02-23,10-K,2020-12-31,196412000,NetIncomeLoss,USD,2023-02-23,10-K,2020-12-31,8402120000,Assets,USD,2023-02-23,10-K,2021-12-31,96012000,NetCashProvidedByUsedInFinancingActivities,USD,2023-02-23,10-K,2020-12-31,-470372000,NetCashProvidedByUsedInInvestingActivities,USD,2023-02-23,10-K,2020-12-31,364500000,NetCashProvidedByUsedInOperatingActivities,USD,2023-02-23,10-K,2020-12-31,through_ocf,True,,,0.128351,0.238194,5.49062,0.062742,-0.307379
2023Q2,2023-04-25,OI,812074,"O-I GLASS, INC.",$2B-$10B,,3366000000,Revenues,USD,2018-07-24,10-Q,2017-06-30,249000000,NetIncomeLoss,USD,2023-02-08,10-K,2020-12-31,8882000000,Assets,USD,2023-02-08,10-K,2020-12-31,-557000000,NetCashProvidedByUsedInFinancingActivities,USD,2023-02-08,10-K,2020-12-31,93000000,NetCashProvidedByUsedInInvestingActivities,USD,2023-02-08,10-K,2020-12-31,457000000,NetCashProvidedByUsedInOperatingActivities,USD,2023-02-08,10-K,2020-12-31,through_ocf,True,,,0.073975,0.135769,2.63874,-0.165478,0.027629
2023Q2,2023-04-26,OII,73756,OCEANEERING INTERNATIONAL INC,$1B-$2B,,1827889000,Revenues,USD,2023-02-24,10-K,2020-12-31,-496751000,ProfitLoss,USD,2023-02-24,10-K,2020-12-31,1962859000,Assets,USD,2023-02-24,10-K,2021-12-31,-1699000,NetCashProvidedByUsedInFinancingActivities,USD,2023-02-24,10-K,2020-12-31,-52590000,NetCashProvidedByUsedInInvestingActivities,USD,2023-02-24,10-K,2020-12-31,136647000,NetCashProvidedByUsedInOperatingActivities,USD,2023-02-24,10-K,2020-12-31,through_ocf,True,,,-0.271762,0.074757,1.073839,-0.000929,-0.028771
2023Q2,2023-05-02,OKE,1039684,"ONEOK, Inc.",$2B-$10B,,8542242000,Revenues,USD,2023-02-28,10-K,2020-12-31,612809000,ProfitLoss,USD,2023-02-28,10-K,2020-12-31,23078754000,Assets,USD,2023-02-28,10-K,2020-12-31,874999000,NetCashProvidedByUsedInFinancingActivities,USD,2023-02-28,10-K,2020-12-31,-2270529000,NetCashProvidedByUsedInInvestingActivities,USD,2023-02-28,10-K,2020-12-31,1899068000,NetCashProvidedByUsedInOperatingActivities,USD,2023-02-28,10-K,2020-12-31,through_ocf,True,,,0.071739,0.222315,2.701721,0.102432,-0.2658
2023Q2,2023-05-31,OKTA,1660134,"Okta, Inc.",$500M-$1B,,835000000,RevenueFromContractWithCustomerExcludingAssessedTax,USD,2023-03-03,10-K,2021-01-31,-266000000,NetIncomeLoss,USD,2023-03-03,10-K,2021-01-31,9206000000,Assets,USD,2023-03-03,10-K,2022-01-31,1092000000,NetCashProvidedByUsedInFinancingActivities,USD,2023-03-03,10-K,2021-01-31,-1305000000,NetCashProvidedByUsedInInvestingActivities,USD,2023-03-03,10-K,2021-01-31,128000000,NetCashProvidedByUsedInOperatingActivities,USD,2023-03-03,10-K,2021-01-31,through_ocf,True,,,-0.318563,0.153293,11.02515,1.307784,-1.562874
2023Q2,2023-05-03,OLED,1005284,UNIVERSAL DISPLAY CORPORATION,$100M-$500M,,150470000,Revenues,USD,2023-05-03,10-Q,2022-03-31,49970000,NetIncomeLoss,USD,2023-05-03,10-Q,2022-03-31,1532820000,Assets,USD,2023-05-03,10-Q,2022-12-31,-21739000,NetCashProvidedByUsedInFinancingActivities,USD,2023-05-03,10-Q,2022-03-31,14562000,NetCashProvidedByUsedInInvestingActivities,USD,2023-05-03,10-Q,2022-03-31,52608000,NetCashProvidedByUsedInOperatingActivities,USD,2023-05-03,10-Q,2022-03-31,through_ocf,True,,,0.332093,0.349625,10.186881,-0.144474,0.096777
2023Q2,2023-06-07,OLLI,1639300,"Ollie’s Bargain Outlet Holdings, Inc.",$100M-$500M,,406666000,RevenueFromContractWithCustomerExcludingAssessedTax,USD,2023-06-07,10-Q,2022-04-30,12523000,NetIncomeLoss,USD,2023-06-07,10-Q,2022-04-30,1989830000,Assets,USD,2023-06-07,10-Q,2022-04-30,-381000,NetCashProvidedByUsedInFinancingActivities,USD,2023-06-07,10-Q,2022-04-30,-9617000,NetCashProvidedByUsedInInvestingActivities,USD,2023-06-07,10-Q,2022-04-30,-31516000,NetCashProvidedByUsedInOperatingActivities,USD,2023-06-07,10-Q,2022-04-30,through_ocf,True,,,0.030794,-0.077498,4.893033,-0.000937,-0.023648
2023Q2,2023-04-18,OMC,29989,OMNICOM GROUP INC.,>$10B,,13171100000,Revenues,USD,2023-02-08,10-K,2020-12-31,945400000,NetIncomeLoss,USD,2023-02-08,10-K,2020-12-31,28421800000,Assets,USD,2023-02-08,10-K,2021-12-31,-408400000,NetCashProvidedByUsedInFinancingActivities,USD,2023-02-08,10-K,2020-12-31,-136100000,NetCashProvidedByUsedInInvestingActivities,USD,2023-02-08,10-K,2020-12-31,1724600000,NetCashProvidedByUsedInOperatingActivities,USD,2023-02-08,10-K,2020-12-31,through_ocf,True,,,0.071778,0.130938,2.157891,-0.031007,-0.010333
2023Q2,2023-05-02,OMCL,926326,"OMNICELL, INC.",$500M-$1B,,892208000,RevenueFromContractWithCustomerExcludingAssessedTax,USD,2023-03-01,10-K,2020-12-31,32194000,NetIncomeLoss,USD,2023-03-01,10-K,2020-12-31,2142496000,Assets,USD,2023-03-01,10-K,2021-12-31,456269000,NetCashProvidedByUsedInFinancingActivities,USD,2023-03-01,10-K,2020-12-31,-279866000,NetCashProvidedByUsedInInvestingActivities,USD,2023-03-01,10-K,2020-12-31,185870000,NetCashProvidedByUsedInOperatingActivities,USD,2023-03-01,10-K,2020-12-31,through_ocf,True,,,0.036084,0.208326,2.401341,0.511393,-0.313678
2023Q2,2023-05-01,ON,1097864,ON Semiconductor Corporation,$1B-$2B,,1945000000,RevenueFromContractWithCustomerExcludingAssessedTax,USD,2023-05-01,10-Q,2022-04-01,530200000,NetIncomeLoss,USD,2023-05-01,10-Q,2022-04-01,11978500000,Assets,USD,2023-05-01,10-Q,2022-12-31,-57300000,NetCashProvidedByUsedInFinancingActivities,USD,2023-05-01,10-Q,2022-04-01,-129400000,NetCashProvidedByUsedInInvestingActivities,USD,2023-05-01,10-Q,2022-04-01,478600000,NetCashProvidedByUsedInOperatingActivities,USD,2023-05-01,10-Q,2022-04-01,through_ocf,True,,,0.272596,0.246067,6.158612,-0.02946,-0.06653
2023Q2,2023-04-25,ONC,1651308,BEONE MEDICINES LTD.,$100M-$500M,,308874000,RevenueFromContractWithCustomerExcludingAssessedTax,USD,2023-02-27,10-K,2020-12-31,-1624974000,NetIncomeLoss,USD,2023-02-27,10-K,2020-12-31,8535525000,Assets,USD,2023-02-27,10-K,2021-12-31,5202826000,NetCashProvidedByUsedInFinancingActivities,USD,2023-02-27,10-K,2020-12-31,-3168366000,NetCashProvidedByUsedInInvestingActivities,USD,2023-02-27,10-K,2020-12-31,-1283461000,NetCashProvidedByUsedInOperatingActivities,USD,2023-02-27,10-K,2020-12-31,through_ocf,True,,,-5.260961,-4.15529,27.634327,16.844493,-10.257794
2023Q2,2023-05-04,ONEW,1772921,OneWater Marine Inc.,$100M-$500M,,336272000,RevenueFromContractWithCustomerExcludingAssessedTax,USD,2023-02-03,10-Q,2021-12-31,20019000,NetIncomeLoss,USD,2023-02-03,10-Q,2021-12-31,1497428000,Assets,USD,2023-02-03,10-Q,2022-09-30,305865000,NetCashProvidedByUsedInFinancingActivities,USD,2023-02-03,10-Q,2021-12-31,-282220000,NetCashProvidedByUsedInInvestingActivities,USD,2023-02-03,10-Q,2021-12-31,-22825000,NetCashProvidedByUsedInOperatingActivities,USD,2023-02-03,10-Q,2021-12-31,through_ocf,True,,,0.059532,-0.067877,4.453026,0.909576,-0.839261
2023Q2,2023-05-04,ONTO,704532,ONTO INNOVATION INC.,$100M-$500M,,241350000,RevenueFromContractWithCustomerExcludingAssessedTax,USD,2023-05-04,10-Q,2022-04-02,53330000,NetIncomeLoss,USD,2023-05-04,10-Q,2022-04-02,1794863000,Assets,USD,2023-05-04,10-Q,2022-12-31,-7570000,NetCashProvidedByUsedInFinancingActivities,USD,2023-05-04,10-Q,2022-04-02,-33300000,NetCashProvidedByUsedInInvestingActivities,USD,2023-05-04,10-Q,2022-04-02,45456000,NetCashProvidedByUsedInOperatingActivities,USD,2023-05-04,10-Q,2022-04-02,through_ocf,True,,,0.220965,0.188341,7.436764,-0.031365,-0.137974
2023Q2,2023-05-03,OPCH,1014739,"OPTION CARE HEALTH, INC.",$2B-$10B,,3032610000,RevenueFromContractWithCustomerExcludingAssessedTax,USD,2023-02-23,10-K,2020-12-31,-8076000,NetIncomeLoss,USD,2023-02-23,10-K,2020-12-31,2790918000,Assets,USD,2023-02-23,10-K,2021-12-31,-68849000,NetCashProvidedByUsedInFinancingActivities,USD,2023-02-23,10-K,2020-12-31,-26334000,NetCashProvidedByUsedInInvestingActivities,USD,2023-02-23,10-K,2020-12-31,127392000,NetCashProvidedByUsedInOperatingActivities,USD,2023-02-23,10-K,2020-12-31,through_ocf,True,,,-0.002663,0.042007,0.920302,-0.022703,-0.008684
2023Q2,2023-05-02,OPLN,1395942,"OPENLANE, Inc.",$1B-$2B,,1326900000,Revenues,USD,2023-03-09,10-K,2020-12-31,500000,NetIncomeLoss,USD,2023-03-09,10-K,2020-12-31,7450700000,Assets,USD,2023-03-09,10-K,2021-12-31,88900000,NetCashProvidedByUsedInFinancingActivities,USD,2021-11-03,10-Q,2020-09-30,263600000,NetCashProvidedByUsedInInvestingActivities,USD,2021-11-03,10-Q,2020-09-30,431900000,NetCashProvidedByUsedInOperatingActivities,USD,2021-11-03,10-Q,2020-09-30,through_ocf,True,,,0.000377,0.325496,5.615118,0.066998,0.198659
2023Q2,2023-05-03,OPTU,1702780,"Optimum Communications, Inc.",$2B-$10B,,2421897000,Revenues,USD,2023-05-03,10-Q,2022-03-31,196551000,NetIncomeLoss,USD,2023-05-03,10-Q,2022-03-31,33664966000,Assets,USD,2023-05-03,10-Q,2022-12-31,-208629000,NetCashProvidedByUsedInFinancingActivities,USD,2023-05-03,10-Q,2022-03-31,-391483000,NetCashProvidedByUsedInInvestingActivities,USD,2023-05-03,10-Q,2022-03-31,600219000,NetCashProvidedByUsedInOperatingActivities,USD,2023-05-03,10-Q,2022-03-31,through_ocf,True,,,0.081156,0.24783,13.900247,-0.086143,-0.161643
2023Q2,2023-05-10,ORGO,1661181,ORGANOGENESIS HOLDINGS INC.,<$100M,,97117000,Revenues,USD,2023-05-10,10-Q,2022-03-31,-913000,NetIncomeLoss,USD,2023-05-10,10-Q,2022-03-31,449359000,Assets,USD,2023-05-10,10-Q,2022-12-31,-765000,NetCashProvidedByUsedInFinancingActivities,USD,2023-05-10,10-Q,2022-03-31,-6672000,NetCashProvidedByUsedInInvestingActivities,USD,2023-05-10,10-Q,2022-03-31,1411000,NetCashProvidedByUsedInOperatingActivities,USD,2023-05-10,10-Q,2022-03-31,through_ocf,True,,,-0.009401,0.014529,4.626986,-0.007877,-0.068701
2023Q2,2023-04-26,ORLY,898173,O Reilly Automotive Inc,>$10B,,11604493000,RevenueFromContractWithCustomerExcludingAssessedTax,USD,2023-02-28,10-K,2020-12-31,1752302000,NetIncomeLoss,USD,2023-02-28,10-K,2020-12-31,11718707000,Assets,USD,2023-02-28,10-K,2021-12-31,-1796577000,NetCashProvidedByUsedInFinancingActivities,USD,2023-02-28,10-K,2020-12-31,-614895000,NetCashProvidedByUsedInInvestingActivities,USD,2023-02-28,10-K,2020-12-31,2836603000,NetCashProvidedByUsedInOperatingActivities,USD,2023-02-28,10-K,2020-12-31,through_ocf,True,,,0.151002,0.24444,1.009842,-0.154817,-0.052988
2023Q2,2023-05-10,ORN,1402829,"ORION GROUP HOLDINGS, INC.",$500M-$1B,,709942000,RevenueFromContractWithCustomerExcludingAssessedTax,USD,2023-03-16,10-K,2020-12-31,20220000,NetIncomeLoss,USD,2023-03-16,10-K,2020-12-31,351750000,Assets,USD,2023-03-16,10-K,2021-12-31,-42400000,NetCashProvidedByUsedInFinancingActivities,USD,2023-03-16,10-K,2020-12-31,-3129000,NetCashProvidedByUsedInInvestingActivities,USD,2023-03-16,10-K,2020-12-31,46032000,NetCashProvidedByUsedInOperatingActivities,USD,2023-03-16,10-K,2020-12-31,through_ocf,True,,,0.028481,0.064839,0.495463,-0.059723,-0.004407
2023Q2,2023-04-27,OSIS,1039065,"OSI SYSTEMS, INC.",$500M-$1B,,829660000,Revenues,USD,2018-08-28,10-K,2016-06-30,38849000,ProfitLoss,USD,2023-01-27,10-Q,2021-12-31,1443150000,Assets,USD,2023-01-27,10-Q,2022-06-30,17634000,NetCashProvidedByUsedInFinancingActivities,USD,2023-01-27,10-Q,2021-12-31,-15391000,NetCashProvidedByUsedInInvestingActivities,USD,2023-01-27,10-Q,2021-12-31,3446000,NetCashProvidedByUsedInOperatingActivities,USD,2023-01-27,10-Q,2021-12-31,through_ocf,True,,,0.046825,0.004154,1.739447,0.021254,-0.018551
2023Q2,2023-05-10,OSUR,1116463,"ORASURE TECHNOLOGIES, INC",<$100M,,67707000,RevenueFromContractWithCustomerExcludingAssessedTax,USD,2023-05-10,10-Q,2022-03-31,-19940000,NetIncomeLoss,USD,2023-05-10,10-Q,2022-03-31,444180000,Assets,USD,2023-05-10,10-Q,2022-12-31,-1395000,NetCashProvidedByUsedInFinancingActivities,USD,2023-05-10,10-Q,2022-03-31,-9939000,NetCashProvidedByUsedInInvestingActivities,USD,2023-05-10,10-Q,2022-03-31,-35821000,NetCashProvidedByUsedInOperatingActivities,USD,2023-05-10,10-Q,2022-03-31,through_ocf,True,,,-0.294504,-0.529059,6.560326,-0.020603,-0.146794
2023Q2,2023-05-03,OSW,1758488,OneSpaWorld Holdings Limited,$100M-$500M,,120925000,Revenues,USD,2023-03-03,10-K,2020-12-31,-287977000,NetIncomeLoss,USD,2023-03-03,10-K,2020-12-31,688868000,Assets,USD,2023-03-03,10-K,2021-12-31,68547000,NetCashProvidedByUsedInFinancingActivities,USD,2023-03-03,10-K,2020-12-31,-2132000,NetCashProvidedByUsedInInvestingActivities,USD,2023-03-03,10-K,2020-12-31,-36550000,NetCashProvidedByUsedInOperatingActivities,USD,2023-03-03,10-K,2020-12-31,through_ocf,True,,,-2.381451,-0.302253,5.696655,0.566855,-0.017631
2023Q2,2023-05-04,OTEX,1002638,Open Text Corp,$2B-$10B,,2591390000,RevenueFromContractWithCustomerExcludingAssessedTax,USD,2023-05-04,10-Q,2022-03-31,294894000,NetIncomeLoss,USD,2023-05-04,10-Q,2022-03-31,10178973000,Assets,USD,2023-05-04,10-Q,2022-06-30,266062000,NetCashProvidedByUsedInFinancingActivities,USD,2023-05-04,10-Q,2022-03-31,-932961000,NetCashProvidedByUsedInInvestingActivities,USD,2023-05-04,10-Q,2022-03-31,729870000,NetCashProvidedByUsedInOperatingActivities,USD,2023-05-04,10-Q,2022-03-31,through_ocf,True,,,0.113798,0.281652,3.927997,0.102672,-0.360023
2023Q2,2023-04-26,OTIS,1781335,OTIS WORLDWIDE CORPORATION,>$10B,,12756000000,RevenueFromContractWithCustomerExcludingAssessedTax,USD,2023-02-03,10-K,2020-12-31,906000000,NetIncomeLoss,USD,2023-02-03,10-K,2020-12-31,12279000000,Assets,USD,2023-02-03,10-K,2021-12-31,-844000000,NetCashProvidedByUsedInFinancingActivities,USD,2023-02-03,10-K,2020-12-31,-353000000,NetCashProvidedByUsedInInvestingActivities,USD,2023-02-03,10-K,2020-12-31,1480000000,NetCashProvidedByUsedInOperatingActivities,USD,2023-02-03,10-K,2020-12-31,through_ocf,True,,,0.071025,0.116024,0.962606,-0.066165,-0.027673
2023Q2,2023-05-02,OTTR,1466593,OTTER TAIL CORPORATION,$500M-$1B,,883171000,Revenues,USD,2023-02-15,10-K,2020-12-31,95851000,NetIncomeLoss,USD,2023-02-15,10-K,2020-12-31,2754830000,Assets,USD,2023-02-15,10-K,2021-12-31,143695000,NetCashProvidedByUsedInFinancingActivities,USD,2023-02-15,10-K,2020-12-31,-375652000,NetCashProvidedByUsedInInvestingActivities,USD,2023-02-15,10-K,2020-12-31,211921000,NetCashProvidedByUsedInOperatingActivities,USD,2023-02-15,10-K,2020-12-31,through_ocf,True,,,0.108531,0.239955,3.119249,0.162703,-0.425345
2023Q2,2023-05-03,OUT,1579877,OUTFRONT Media Inc.,$1B-$2B,,1236300000,Revenues,USD,2023-02-23,10-K,2020-12-31,-61000000,NetIncomeLoss,USD,2023-02-23,10-K,2020-12-31,5896900000,Assets,USD,2023-02-23,10-K,2020-12-31,573000000,NetCashProvidedByUsedInFinancingActivities,USD,2023-02-23,10-K,2020-12-31,-53200000,NetCashProvidedByUsedInInvestingActivities,USD,2023-02-23,10-K,2020-12-31,130600000,NetCashProvidedByUsedInOperatingActivities,USD,2023-02-23,10-K,2020-12-31,through_ocf,True,,,-0.049341,0.105638,4.769797,0.46348,-0.043032
2023Q2,2023-05-09,OXY,797468,OCCIDENTAL PETROLEUM CORP /DE/,$2B-$10B,,8349000000,Revenues,USD,2023-05-09,10-Q,2022-03-31,4876000000,NetIncomeLoss,USD,2023-05-09,10-Q,2022-03-31,72609000000,Assets,USD,2023-05-09,10-Q,2022-12-31,-3429000000,NetCashProvidedByUsedInFinancingActivities,USD,2023-05-09,10-Q,2022-03-31,-662000000,NetCashProvidedByUsedInInvestingActivities,USD,2023-05-09,10-Q,2022-03-31,3239000000,NetCashProvidedByUsedInOperatingActivities,USD,2023-05-09,10-Q,2022-03-31,through_ocf,True,,,0.584022,0.387951,8.69673,-0.410708,-0.079291
2023Q2,2023-05-03,PAHC,1069899,Phibro Animal Health Corporation,$500M-$1B,,686996000,RevenueFromContractWithCustomerExcludingAssessedTax,USD,2023-05-03,10-Q,2022-03-31,41688000,NetIncomeLoss,USD,2023-05-03,10-Q,2022-03-31,931699000,Assets,USD,2023-05-03,10-Q,2022-06-30,3954000,NetCashProvidedByUsedInFinancingActivities,USD,2023-05-03,10-Q,2022-03-31,-13042000,NetCashProvidedByUsedInInvestingActivities,USD,2023-05-03,10-Q,2022-03-31,30075000,NetCashProvidedByUsedInOperatingActivities,USD,2023-05-03,10-Q,2022-03-31,through_ocf,True,,,0.060682,0.043778,1.356193,0.005755,-0.018984
2023Q2,2023-05-10,PANL,1606909,PANGAEA LOGISTICS SOLUTIONS LTD.,$100M-$500M,,191762403,RevenueFromContractWithCustomerExcludingAssessedTax,USD,2023-05-10,10-Q,2022-03-31,20167965,NetIncomeLoss,USD,2023-05-10,10-Q,2022-03-31,748241470,Assets,USD,2023-05-10,10-Q,2022-12-31,-102054,NetCashProvidedByUsedInFinancingActivities,USD,2023-05-10,10-Q,2022-03-31,-18247368,NetCashProvidedByUsedInInvestingActivities,USD,2023-05-10,10-Q,2022-03-31,32062008,NetCashProvidedByUsedInOperatingActivities,USD,2023-05-10,10-Q,2022-03-31,through_ocf,True,,,0.105172,0.167197,3.90192,-0.000532,-0.095156
2023Q2,2023-05-23,PANW,1327567,Palo Alto Networks Inc,$2B-$10B,,2564300000,RevenueFromContractWithCustomerExcludingAssessedTax,USD,2023-02-22,10-Q,2022-01-31,-197100000,NetIncomeLoss,USD,2023-02-22,10-Q,2022-01-31,12253600000,Assets,USD,2023-02-22,10-Q,2022-07-31,-519800000,NetCashProvidedByUsedInFinancingActivities,USD,2023-02-22,10-Q,2022-01-31,-504200000,NetCashProvidedByUsedInInvestingActivities,USD,2023-02-22,10-Q,2022-01-31,1071500000,NetCashProvidedByUsedInOperatingActivities,USD,2023-02-22,10-Q,2022-01-31,through_ocf,True,,,-0.076863,0.417853,4.778536,-0.202706,-0.196623
2023Q2,2023-05-10,PAR,708821,PAR TECHNOLOGY CORPORATION,<$100M,,80285000,RevenueFromContractWithCustomerExcludingAssessedTax,USD,2023-05-10,10-Q,2022-03-31,-15650000,NetIncomeLoss,USD,2023-05-10,10-Q,2022-03-31,854858000,Assets,USD,2023-05-10,10-Q,2022-12-31,-1411000,NetCashProvidedByUsedInFinancingActivities,USD,2023-05-10,10-Q,2022-03-31,-3060000,NetCashProvidedByUsedInInvestingActivities,USD,2023-05-10,10-Q,2022-03-31,-21198000,NetCashProvidedByUsedInOperatingActivities,USD,2023-05-10,10-Q,2022-03-31,through_ocf,True,,,-0.194931,-0.264034,10.647792,-0.017575,-0.038114
2023Q2,2023-05-04,PARR,821483,"PAR PACIFIC HOLDINGS, INC.",$2B-$10B,,3124870000,RevenueFromContractWithCustomerExcludingAssessedTax,USD,2023-02-27,10-K,2020-12-31,-409086000,NetIncomeLoss,USD,2023-02-27,10-K,2020-12-31,2133861000,Assets,USD,2023-02-27,10-K,2020-12-31,42559000,NetCashProvidedByUsedInFinancingActivities,USD,2023-02-27,10-K,2020-12-31,-63464000,NetCashProvidedByUsedInInvestingActivities,USD,2023-02-27,10-K,2020-12-31,-37214000,NetCashProvidedByUsedInOperatingActivities,USD,2023-02-27,10-K,2020-12-31,through_ocf,True,,,-0.130913,-0.011909,0.682864,0.013619,-0.020309
2023Q2,2023-04-27,PATK,76605,"PATRICK INDUSTRIES, INC.",$2B-$10B,,2486597000,RevenueFromContractWithCustomerExcludingAssessedTax,USD,2023-02-24,10-K,2020-12-31,97061000,NetIncomeLoss,USD,2023-02-24,10-K,2020-12-31,2650731000,Assets,USD,2023-02-24,10-K,2021-12-31,83108000,NetCashProvidedByUsedInFinancingActivities,USD,2023-02-24,10-K,2020-12-31,-337884000,NetCashProvidedByUsedInInvestingActivities,USD,2023-02-24,10-K,2020-12-31,160153000,NetCashProvidedByUsedInOperatingActivities,USD,2023-02-24,10-K,2020-12-31,through_ocf,True,,,0.039034,0.064406,1.066007,0.033422,-0.135882
2023Q2,2023-05-02,PAYC,1590955,"Paycom Software, Inc.",$500M-$1B,,841434000,RevenueFromContractWithCustomerExcludingAssessedTax,USD,2023-02-16,10-K,2020-12-31,143453000,NetIncomeLoss,USD,2023-02-16,10-K,2020-12-31,3215145000,Assets,USD,2023-02-16,10-K,2021-12-31,-165909000,NetCashProvidedByUsedInFinancingActivities,USD,2023-02-16,10-K,2020-12-31,-117877000,NetCashProvidedByUsedInInvestingActivities,USD,2023-02-16,10-K,2020-12-31,227207000,NetCashProvidedByUsedInOperatingActivities,USD,2023-02-16,10-K,2020-12-31,through_ocf,True,,,0.170486,0.270024,3.821031,-0.197174,-0.140091
2023Q2,2023-05-09,PAYO,1845815,Payoneer Global Inc.,$100M-$500M,,136958000,Revenues,USD,2023-05-09,10-Q,2022-03-31,20211000,NetIncomeLoss,USD,2023-05-09,10-Q,2022-03-31,6594651000,Assets,USD,2023-05-09,10-Q,2022-12-31,233611000,NetCashProvidedByUsedInFinancingActivities,USD,2023-05-09,10-Q,2022-03-31,27953000,NetCashProvidedByUsedInInvestingActivities,USD,2023-05-09,10-Q,2022-03-31,2372000,NetCashProvidedByUsedInOperatingActivities,USD,2023-05-09,10-Q,2022-03-31,through_ocf,True,,,0.147571,0.017319,48.1509,1.705713,0.204099
2023Q2,2023-05-05,PBF,1534504,PBF ENERGY INC.,$2B-$10B,,9141700000,RevenueFromContractWithCustomerExcludingAssessedTax,USD,2023-05-05,10-Q,2022-03-31,-21100000,NetIncomeLoss,USD,2023-05-05,10-Q,2022-03-31,13549100000,Assets,USD,2023-05-05,10-Q,2022-12-31,6300000,NetCashProvidedByUsedInFinancingActivities,USD,2023-05-05,10-Q,2022-03-31,-225500000,NetCashProvidedByUsedInInvestingActivities,USD,2023-05-05,10-Q,2022-03-31,312300000,NetCashProvidedByUsedInOperatingActivities,USD,2023-05-05,10-Q,2022-03-31,through_ocf,True,,,-0.002308,0.034162,1.48212,0.000689,-0.024667
2023Q2,2023-05-04,PBH,1295947,PRESTIGE CONSUMER HEALTHCARE INC.,$500M-$1B,,819876000,RevenueFromContractWithCustomerExcludingAssessedTax,USD,2023-02-02,10-Q,2021-12-31,153295000,NetIncomeLoss,USD,2023-02-02,10-Q,2021-12-31,3670681000,Assets,USD,2023-02-02,10-Q,2022-03-31,46546000,NetCashProvidedByUsedInFinancingActivities,USD,2023-02-02,10-Q,2021-12-31,-253218000,NetCashProvidedByUsedInInvestingActivities,USD,2023-02-02,10-Q,2021-12-31,196796000,NetCashProvidedByUsedInOperatingActivities,USD,2023-02-02,10-Q,2021-12-31,through_ocf,True,,,0.186973,0.240031,4.477117,0.056772,-0.308849
2023Q2,2023-05-04,PBI,78814,PITNEY BOWES INC /DE/,$2B-$10B,,3554075000,Revenues,USD,2023-02-17,10-K,2020-12-31,-180376000,NetIncomeLoss,USD,2023-02-17,10-K,2020-12-31,5224363000,Assets,USD,2023-02-17,10-K,2020-12-31,-235371000,NetCashProvidedByUsedInFinancingActivities,USD,2023-02-17,10-K,2020-12-31,-75692000,NetCashProvidedByUsedInInvestingActivities,USD,2023-02-17,10-K,2020-12-31,301972000,NetCashProvidedByUsedInOperatingActivities,USD,2023-02-17,10-K,2020-12-31,through_ocf,True,,,-0.050752,0.084965,1.469964,-0.066226,-0.021297
2023Q2,2023-04-25,PCAR,75362,PACCAR Inc,>$10B,,18728500000,Revenues,USD,2023-02-22,10-K,2020-12-31,1301200000,NetIncomeLoss,USD,2023-02-22,10-K,2020-12-31,28450000000,Assets,USD,2023-02-22,10-K,2020-12-31,-1808500000,NetCashProvidedByUsedInFinancingActivities,USD,2023-02-22,10-K,2020-12-31,-1875800000,NetCashProvidedByUsedInInvestingActivities,USD,2023-02-22,10-K,2020-12-31,2987200000,NetCashProvidedByUsedInOperatingActivities,USD,2023-02-22,10-K,2020-12-31,through_ocf,True,,,0.069477,0.1595,1.519075,-0.096564,-0.100158
2023Q2,2023-05-04,PCG,1004980,PG&E CORPORATION,$2B-$10B,,5798000000,Revenues,USD,2023-05-04,10-Q,2022-03-31,478000000,ProfitLoss,USD,2023-05-04,10-Q,2022-03-31,118644000000,Assets,USD,2023-05-04,10-Q,2022-12-31,638000000,NetCashProvidedByUsedInFinancingActivities,USD,2023-05-04,10-Q,2022-03-31,-2330000000,NetCashProvidedByUsedInInvestingActivities,USD,2023-05-04,10-Q,2022-03-31,1661000000,NetCashProvidedByUsedInOperatingActivities,USD,2023-05-04,10-Q,2022-03-31,through_ocf,True,,,0.082442,0.286478,20.462918,0.110038,-0.401863
2023Q2,2023-05-04,PCTY,1591698,PAYLOCITY HOLDING CORPORATION,$100M-$500M,,377734000,Revenues,USD,2023-02-03,10-Q,2021-12-31,40785000,NetIncomeLoss,USD,2023-02-03,10-Q,2021-12-31,4809014000,Assets,USD,2023-02-03,10-Q,2022-06-30,100391000,NetCashProvidedByUsedInFinancingActivities,USD,2023-02-03,10-Q,2021-12-31,-218337000,NetCashProvidedByUsedInInvestingActivities,USD,2023-02-03,10-Q,2021-12-31,26858000,NetCashProvidedByUsedInOperatingActivities,USD,2023-02-03,10-Q,2021-12-31,through_ocf,True,,,0.107973,0.071103,12.731218,0.265772,-0.578018
2023Q2,2023-06-01,PD,1568100,"PAGERDUTY, INC.",$100M-$500M,,213556000,RevenueFromContractWithCustomerExcludingAssessedTax,USD,2023-03-16,10-K,2021-01-31,-68903000,NetIncomeLoss,USD,2023-03-16,10-K,2021-01-31,806448000,Assets,USD,2023-03-16,10-K,2022-01-31,254367000,NetCashProvidedByUsedInFinancingActivities,USD,2023-03-16,10-K,2021-01-31,-49320000,NetCashProvidedByUsedInInvestingActivities,USD,2023-03-16,10-K,2021-01-31,10095000,NetCashProvidedByUsedInOperatingActivities,USD,2023-03-16,10-K,2021-01-31,through_ocf,True,,,-0.322646,0.047271,3.776284,1.191102,-0.230946
2023Q2,2023-05-01,PDM,1042776,"Piedmont Realty Trust, Inc.",$100M-$500M,,136149000,Revenues,USD,2023-05-01,10-Q,2022-03-31,59964000,NetIncomeLoss,USD,2023-05-01,10-Q,2022-03-31,4085525000,Assets,USD,2023-05-01,10-Q,2022-12-31,-264335000,NetCashProvidedByUsedInFinancingActivities,USD,2023-05-01,10-Q,2022-03-31,224294000,NetCashProvidedByUsedInInvestingActivities,USD,2023-05-01,10-Q,2022-03-31,39849000,NetCashProvidedByUsedInOperatingActivities,USD,2023-05-01,10-Q,2022-03-31,through_ocf,True,,,0.440429,0.292687,30.007749,-1.941513,1.647416
2023Q2,2023-04-26,PEB,1474098,PEBBLEBROOK HOTEL TRUST,$100M-$500M,,258068000,RevenueFromContractWithCustomerExcludingAssessedTax,USD,2023-04-26,10-Q,2022-03-31,-99530000,NetIncomeLoss,USD,2023-04-26,10-Q,2022-03-31,6133540000,Assets,USD,2023-04-26,10-Q,2022-12-31,-15173000,NetCashProvidedByUsedInFinancingActivities,USD,2023-04-26,10-Q,2022-03-31,-19953000,NetCashProvidedByUsedInInvestingActivities,USD,2023-04-26,10-Q,2022-03-31,38832000,NetCashProvidedByUsedInOperatingActivities,USD,2023-04-26,10-Q,2022-03-31,through_ocf,True,,,-0.385674,0.150472,23.767147,-0.058795,-0.077317
2023Q2,2023-05-02,PECO,1476204,"Phillips Edison & Company, Inc.",$100M-$500M,,498017000,Revenues,USD,2023-02-21,10-K,2020-12-31,4772000,NetIncomeLoss,USD,2023-02-21,10-K,2020-12-31,4668768000,Assets,USD,2023-02-21,10-K,2021-12-31,-129655000,NetCashProvidedByUsedInFinancingActivities,USD,2023-02-21,10-K,2020-12-31,-44092000,NetCashProvidedByUsedInInvestingActivities,USD,2023-02-21,10-K,2020-12-31,210576000,NetCashProvidedByUsedInOperatingActivities,USD,2023-02-21,10-K,2020-12-31,through_ocf,True,,,0.009582,0.422829,9.374716,-0.260343,-0.088535
2023Q2,2023-05-02,PEG,788784,Public Service Enterprise Group Incorporated,$2B-$10B,,2313000000,Revenues,USD,2023-05-02,10-Q,2022-03-31,-2000000,NetIncomeLoss,USD,2023-05-02,10-Q,2022-03-31,48718000000,Assets,USD,2023-05-02,10-Q,2022-12-31,-876000000,NetCashProvidedByUsedInFinancingActivities,USD,2023-05-02,10-Q,2022-03-31,1183000000,NetCashProvidedByUsedInInvestingActivities,USD,2023-05-02,10-Q,2022-03-31,472000000,NetCashProvidedByUsedInOperatingActivities,USD,2023-05-02,10-Q,2022-03-31,through_ocf,True,,,-0.000865,0.204064,21.062689,-0.378729,0.511457
2023Q2,2023-04-26,PEGA,1013857,PEGASYSTEMS INC.,$100M-$500M,,376307000,RevenueFromContractWithCustomerExcludingAssessedTax,USD,2023-04-26,10-Q,2022-03-31,-379000,NetIncomeLoss,USD,2023-04-26,10-Q,2022-03-31,1357672000,Assets,USD,2023-04-26,10-Q,2022-12-31,-35918000,NetCashProvidedByUsedInFinancingActivities,USD,2023-04-26,10-Q,2022-03-31,-6082000,NetCashProvidedByUsedInInvestingActivities,USD,2023-04-26,10-Q,2022-03-31,15116000,NetCashProvidedByUsedInOperatingActivities,USD,2023-04-26,10-Q,2022-03-31,through_ocf,True,,,-0.001007,0.040169,3.607884,-0.095449,-0.016162
2023Q2,2023-04-04,PENG,1616533,"PENGUIN SOLUTIONS, INC.",$500M-$1B,,919115000,RevenueFromContractWithCustomerExcludingAssessedTax,USD,2023-04-04,10-Q,2022-02-25,22485000,NetIncomeLoss,USD,2023-04-04,10-Q,2022-02-25,1572064000,Assets,USD,2023-04-04,10-Q,2022-08-26,117726000,NetCashProvidedByUsedInFinancingActivities,USD,2023-04-04,10-Q,2022-02-25,-20834000,NetCashProvidedByUsedInInvestingActivities,USD,2023-04-04,10-Q,2022-02-25,47311000,NetCashProvidedByUsedInOperatingActivities,USD,2023-04-04,10-Q,2022-02-25,through_ocf,True,,,0.024464,0.051475,1.710411,0.128086,-0.022667
2023Q2,2023-05-04,PENN,921738,"PENN ENTERTAINMENT, INC.",$1B-$2B,,1564200000,Revenues,USD,2023-05-04,10-Q,2022-03-31,51700000,NetIncomeLoss,USD,2023-05-04,10-Q,2022-03-31,17502100000,Assets,USD,2023-05-04,10-Q,2022-12-31,-239200000,NetCashProvidedByUsedInFinancingActivities,USD,2023-05-04,10-Q,2022-03-31,-39600000,NetCashProvidedByUsedInInvestingActivities,USD,2023-05-04,10-Q,2022-03-31,224900000,NetCashProvidedByUsedInOperatingActivities,USD,2023-05-04,10-Q,2022-03-31,through_ocf,True,,,0.033052,0.14378,11.18917,-0.152922,-0.025316
2023Q2,2023-04-27,PFG,1126328,"PRINCIPAL FINANCIAL GROUP, INC.",>$10B,,14741700000,Revenues,USD,2023-02-16,10-K,2020-12-31,1395800000,NetIncomeLoss,USD,2023-02-16,10-K,2020-12-31,304657200000,Assets,USD,2023-02-16,10-K,2021-12-31,1621100000,NetCashProvidedByUsedInFinancingActivities,USD,2023-02-16,10-K,2020-12-31,-4996500000,NetCashProvidedByUsedInInvestingActivities,USD,2023-02-16,10-K,2020-12-31,3709300000,NetCashProvidedByUsedInOperatingActivities,USD,2023-02-16,10-K,2020-12-31,through_ocf,True,,,0.094684,0.25162,20.666355,0.109967,-0.338936
2023Q2,2023-05-08,PGNY,1551306,"Progyny, Inc.",$100M-$500M,,344858000,RevenueFromContractWithCustomerExcludingAssessedTax,USD,2023-03-01,10-K,2020-12-31,46459000,NetIncomeLoss,USD,2023-03-01,10-K,2020-12-31,358065000,Assets,USD,2023-03-01,10-K,2021-12-31,-6249000,NetCashProvidedByUsedInFinancingActivities,USD,2023-03-01,10-K,2020-12-31,-40031000,NetCashProvidedByUsedInInvestingActivities,USD,2023-03-01,10-K,2020-12-31,36203000,NetCashProvidedByUsedInOperatingActivities,USD,2023-03-01,10-K,2020-12-31,through_ocf,True,,,0.134719,0.104979,1.038297,-0.018121,-0.11608
2023Q2,2023-04-25,PHM,822416,"PULTEGROUP, INC.",$2B-$10B,,3149519000,Revenues,USD,2023-04-25,10-Q,2022-03-31,454723000,NetIncomeLoss,USD,2023-04-25,10-Q,2022-03-31,14796515000,Assets,USD,2023-04-25,10-Q,2022-12-31,-781395000,NetCashProvidedByUsedInFinancingActivities,USD,2023-04-25,10-Q,2022-03-31,-47966000,NetCashProvidedByUsedInInvestingActivities,USD,2023-04-25,10-Q,2022-03-31,207666000,NetCashProvidedByUsedInOperatingActivities,USD,2023-04-25,10-Q,2022-03-31,through_ocf,True,,,0.144379,0.065936,4.698024,-0.2481,-0.01523
2023Q2,2023-04-25,PII,931015,POLARIS INC.,$1B-$2B,,1781500000,RevenueFromContractWithCustomerExcludingAssessedTax,USD,2023-04-25,10-Q,2022-03-31,69900000,NetIncomeLoss,USD,2023-04-25,10-Q,2022-03-31,5217900000,Assets,USD,2023-04-25,10-Q,2022-12-31,-48500000,NetCashProvidedByUsedInFinancingActivities,USD,2023-04-25,10-Q,2022-03-31,-39200000,NetCashProvidedByUsedInInvestingActivities,USD,2023-04-25,10-Q,2022-03-31,-49100000,NetCashProvidedByUsedInOperatingActivities,USD,2023-04-25,10-Q,2022-03-31,through_ocf,True,,,0.039237,-0.027561,2.928936,-0.027224,-0.022004
2023Q2,2023-05-02,PJT,1626115,PJT Partners Inc.,$1B-$2B,,1052300000,Revenues,USD,2023-02-24,10-K,2020-12-31,117549000,NetIncomeLoss,USD,2023-02-24,10-K,2020-12-31,987625000,Assets,USD,2023-02-24,10-K,2021-12-31,-244277000,NetCashProvidedByUsedInFinancingActivities,USD,2023-02-24,10-K,2020-12-31,-145752000,NetCashProvidedByUsedInInvestingActivities,USD,2023-02-24,10-K,2020-12-31,469442000,NetCashProvidedByUsedInOperatingActivities,USD,2023-02-24,10-K,2020-12-31,through_ocf,True,,,0.111707,0.44611,0.938539,-0.232136,-0.138508
2023Q2,2023-04-25,PKG,75677,PACKAGING CORP OF AMERICA,$2B-$10B,,6658200000,RevenueFromContractWithCustomerExcludingAssessedTax,USD,2023-02-23,10-K,2020-12-31,461000000,NetIncomeLoss,USD,2023-02-23,10-K,2020-12-31,7433200000,Assets,USD,2023-02-23,10-K,2020-12-31,-311600000,NetCashProvidedByUsedInFinancingActivities,USD,2023-02-23,10-K,2020-12-31,-426100000,NetCashProvidedByUsedInInvestingActivities,USD,2023-02-23,10-K,2020-12-31,1032800000,NetCashProvidedByUsedInOperatingActivities,USD,2023-02-23,10-K,2020-12-31,through_ocf,True,,,0.069238,0.155117,1.116398,-0.046799,-0.063996
2023Q2,2023-05-03,PKOH,76282,PARK-OHIO HOLDINGS CORP.,$1B-$2B,,1152100000,RevenueFromContractWithCustomerExcludingAssessedTax,USD,2023-03-16,10-K,2020-12-31,-4500000,NetIncomeLoss,USD,2023-03-16,10-K,2020-12-31,1300500000,Assets,USD,2023-03-16,10-K,2020-12-31,62000000,NetCashProvidedByUsedInFinancingActivities,USD,2022-11-08,10-Q,2021-09-30,-30300000,NetCashProvidedByUsedInInvestingActivities,USD,2022-11-08,10-Q,2021-09-30,-25900000,NetCashProvidedByUsedInOperatingActivities,USD,2022-11-08,10-Q,2021-09-30,through_ocf,True,,,-0.003906,-0.022481,1.128808,0.053815,-0.0263
2023Q2,2023-05-24,PLAB,810136,"PHOTRONICS, INC.",$100M-$500M,,189827000,RevenueFromContractWithCustomerExcludingAssessedTax,USD,2023-03-09,10-Q,2022-01-30,23064000,NetIncomeLoss,USD,2023-03-09,10-Q,2022-01-30,1315830000,Assets,USD,2023-03-09,10-Q,2022-10-31,-335000,NetCashProvidedByUsedInFinancingActivities,USD,2023-03-09,10-Q,2022-01-30,-19218000,NetCashProvidedByUsedInInvestingActivities,USD,2023-03-09,10-Q,2022-01-30,59130000,NetCashProvidedByUsedInOperatingActivities,USD,2023-03-09,10-Q,2022-01-30,through_ocf,True,,,0.1215,0.311494,6.931733,-0.001765,-0.10124
2023Q2,2023-05-24,PLCE,1041859,"THE CHILDREN’S PLACE, INC.",$1B-$2B,,1522598000,RevenueFromContractWithCustomerExcludingAssessedTax,USD,2023-03-28,10-K,2021-01-30,-140365000,NetIncomeLoss,USD,2023-03-28,10-K,2021-01-30,1037460000,Assets,USD,2023-03-28,10-K,2022-01-29,60929000,NetCashProvidedByUsedInFinancingActivities,USD,2023-03-28,10-K,2021-01-30,-30374000,NetCashProvidedByUsedInInvestingActivities,USD,2023-03-28,10-K,2021-01-30,-35717000,NetCashProvidedByUsedInOperatingActivities,USD,2023-03-28,10-K,2021-01-30,through_ocf,True,,,-0.092188,-0.023458,0.681375,0.040016,-0.019949
2023Q2,2023-04-18,PLD,1045609,"Prologis, Inc.",$2B-$10B,,4438735000,Revenues,USD,2023-02-14,10-K,2020-12-31,1481814000,NetIncomeLoss,USD,2023-02-14,10-K,2020-12-31,58486220000,Assets,USD,2023-02-14,10-K,2021-12-31,-372162000,NetCashProvidedByUsedInFinancingActivities,USD,2023-02-14,10-K,2020-12-31,-3074330000,NetCashProvidedByUsedInInvestingActivities,USD,2023-02-14,10-K,2020-12-31,2937005000,NetCashProvidedByUsedInOperatingActivities,USD,2023-02-14,10-K,2020-12-31,through_ocf,True,,,0.333837,0.661676,13.176326,-0.083844,-0.692614
2023Q2,2023-05-03,PLPC,80035,Preformed Line Products Company,$100M-$500M,,466449000,RevenueFromContractWithCustomerExcludingAssessedTax,USD,2023-03-03,10-K,2020-12-31,29803000,NetIncomeLoss,USD,2023-03-03,10-K,2020-12-31,489018000,Assets,USD,2023-03-03,10-K,2021-12-31,-23165000,NetCashProvidedByUsedInFinancingActivities,USD,2023-03-03,10-K,2020-12-31,-14044000,NetCashProvidedByUsedInInvestingActivities,USD,2023-03-03,10-K,2020-12-31,41642000,NetCashProvidedByUsedInOperatingActivities,USD,2023-03-03,10-K,2020-12-31,through_ocf,True,,,0.063893,0.089274,1.048385,-0.049662,-0.030108
2023Q2,2023-05-04,PLTK,1828016,PLAYTIKA HOLDING CORP.,$500M-$1B,,676900000,RevenueFromContractWithCustomerExcludingAssessedTax,USD,2023-05-04,10-Q,2022-03-31,83200000,NetIncomeLoss,USD,2023-05-04,10-Q,2022-03-31,2697600000,Assets,USD,2023-05-04,10-Q,2022-12-31,-6200000,NetCashProvidedByUsedInFinancingActivities,USD,2023-05-04,10-Q,2022-03-31,-180300000,NetCashProvidedByUsedInInvestingActivities,USD,2023-05-04,10-Q,2022-03-31,58100000,NetCashProvidedByUsedInOperatingActivities,USD,2023-05-04,10-Q,2022-03-31,through_ocf,True,,,0.122913,0.085832,3.985227,-0.009159,-0.266361
2023Q2,2023-05-08,PLTR,1321655,Palantir Technologies Inc.,$1B-$2B,,1092673000,RevenueFromContractWithCustomerExcludingAssessedTax,USD,2023-02-21,10-K,2020-12-31,-1166391000,NetIncomeLoss,USD,2023-02-21,10-K,2020-12-31,3247450000,Assets,USD,2023-02-21,10-K,2021-12-31,1036453000,NetCashProvidedByUsedInFinancingActivities,USD,2023-02-21,10-K,2020-12-31,-14920000,NetCashProvidedByUsedInInvestingActivities,USD,2023-02-21,10-K,2020-12-31,-296608000,NetCashProvidedByUsedInOperatingActivities,USD,2023-02-21,10-K,2020-12-31,through_ocf,True,,,-1.067466,-0.271452,2.972024,0.948548,-0.013655
2023Q2,2023-05-31,PLUS,1022408,ePlus inc.,$1B-$2B,,1568323000,Revenues,USD,2023-05-25,10-K,2021-03-31,74397000,NetIncomeLoss,USD,2023-05-25,10-K,2021-03-31,1076775000,Assets,USD,2023-05-25,10-K,2021-03-31,-49802000,NetCashProvidedByUsedInFinancingActivities,USD,2023-05-25,10-K,2021-03-31,-35756000,NetCashProvidedByUsedInInvestingActivities,USD,2023-05-25,10-K,2021-03-31,129507000,NetCashProvidedByUsedInOperatingActivities,USD,2023-05-25,10-K,2021-03-31,through_ocf,True,,,0.047437,0.082577,0.686577,-0.031755,-0.022799
2023Q2,2023-04-26,PLXS,785786,PLEXUS CORP.,$1B-$2B,,1760673000,RevenueFromContractWithCustomerExcludingAssessedTax,USD,2023-04-26,10-Q,2022-04-02,50292000,NetIncomeLoss,USD,2023-04-26,10-Q,2022-04-02,3393225000,Assets,USD,2023-04-26,10-Q,2022-10-01,107801000,NetCashProvidedByUsedInFinancingActivities,USD,2023-04-26,10-Q,2022-04-02,-64258000,NetCashProvidedByUsedInInvestingActivities,USD,2023-04-26,10-Q,2022-04-02,-4653000,NetCashProvidedByUsedInOperatingActivities,USD,2023-04-26,10-Q,2022-04-02,through_ocf,True,,,0.028564,-0.002643,1.927232,0.061227,-0.036496
2023Q2,2023-04-20,PM,1413329,Philip Morris International Inc.,>$10B,,28694000000,RevenueFromContractWithCustomerExcludingAssessedTax,USD,2023-02-10,10-K,2020-12-31,8056000000,NetIncomeLoss,USD,2023-02-10,10-K,2020-12-31,41290000000,Assets,USD,2023-02-10,10-K,2021-12-31,-8496000000,NetCashProvidedByUsedInFinancingActivities,USD,2023-02-10,10-K,2020-12-31,-1154000000,NetCashProvidedByUsedInInvestingActivities,USD,2023-02-10,10-K,2020-12-31,9812000000,NetCashProvidedByUsedInOperatingActivities,USD,2023-02-10,10-K,2020-12-31,through_ocf,True,,,0.280756,0.341953,1.438977,-0.29609,-0.040217
2023Q2,2023-05-09,PMTS,1641614,CPI Card Group Inc.,$100M-$500M,,111424000,RevenueFromContractWithCustomerExcludingAssessedTax,USD,2023-05-09,10-Q,2022-03-31,6002000,NetIncomeLoss,USD,2023-05-09,10-Q,2022-03-31,296666000,Assets,USD,2023-05-09,10-Q,2022-12-31,10563000,NetCashProvidedByUsedInFinancingActivities,USD,2023-05-09,10-Q,2022-03-31,-3149000,NetCashProvidedByUsedInInvestingActivities,USD,2023-05-09,10-Q,2022-03-31,-15961000,NetCashProvidedByUsedInOperatingActivities,USD,2023-05-09,10-Q,2022-03-31,through_ocf,True,,,0.053866,-0.143246,2.662496,0.0948,-0.028261
2023Q2,2023-04-27,PNR,77360,Pentair plc,$500M-$1B,,999600000,Revenues,USD,2023-04-27,10-Q,2022-03-31,117600000,NetIncomeLoss,USD,2023-04-27,10-Q,2022-03-31,6447500000,Assets,USD,2023-04-27,10-Q,2022-12-31,153800000,NetCashProvidedByUsedInFinancingActivities,USD,2023-04-27,10-Q,2022-03-31,-19100000,NetCashProvidedByUsedInInvestingActivities,USD,2023-04-27,10-Q,2022-03-31,-131500000,NetCashProvidedByUsedInOperatingActivities,USD,2023-04-27,10-Q,2022-03-31,through_ocf,True,,,0.117647,-0.131553,6.45008,0.153862,-0.019108
2023Q2,2023-05-04,PNTG,1766400,"THE PENNANT GROUP, INC.",$100M-$500M,,113910000,RevenueFromContractWithCustomerExcludingAssessedTax,USD,2023-05-04,10-Q,2022-03-31,1014000,NetIncomeLoss,USD,2023-05-04,10-Q,2022-03-31,512119000,Assets,USD,2023-05-04,10-Q,2022-12-31,5090000,NetCashProvidedByUsedInFinancingActivities,USD,2023-05-04,10-Q,2022-03-31,-2582000,NetCashProvidedByUsedInInvestingActivities,USD,2023-05-04,10-Q,2022-03-31,-4071000,NetCashProvidedByUsedInOperatingActivities,USD,2023-05-04,10-Q,2022-03-31,through_ocf,True,,,0.008902,-0.035739,4.495821,0.044684,-0.022667
2023Q2,2023-05-04,PNW,764622,PINNACLE     WEST CAPITAL CORPORATION,$500M-$1B,,783531000,Revenues,USD,2023-05-04,10-Q,2022-03-31,21262000,ProfitLoss,USD,2023-05-04,10-Q,2022-03-31,22723405000,Assets,USD,2023-05-04,10-Q,2022-12-31,37732000,NetCashProvidedByUsedInFinancingActivities,USD,2023-05-04,10-Q,2022-03-31,-374341000,NetCashProvidedByUsedInInvestingActivities,USD,2023-05-04,10-Q,2022-03-31,340608000,NetCashProvidedByUsedInOperatingActivities,USD,2023-05-04,10-Q,2022-03-31,through_ocf,True,,,0.027136,0.434709,29.001284,0.048156,-0.477762
2023Q2,2023-05-04,PODD,1145197,INSULET CORPORATION,$500M-$1B,,904400000,Revenues,USD,2023-02-24,10-K,2020-12-31,6800000,NetIncomeLoss,USD,2023-02-24,10-K,2020-12-31,2048800000,Assets,USD,2023-02-24,10-K,2021-12-31,605500000,NetCashProvidedByUsedInFinancingActivities,USD,2023-02-24,10-K,2020-12-31,14000000,NetCashProvidedByUsedInInvestingActivities,USD,2023-02-24,10-K,2020-12-31,84000000,NetCashProvidedByUsedInOperatingActivities,USD,2023-02-24,10-K,2020-12-31,through_ocf,True,,,0.007519,0.092879,2.265369,0.669505,0.01548
2023Q2,2023-04-28,POR,784977,PORTLAND GENERAL ELECTRIC COMPANY,$500M-$1B,,626000000,Revenues,USD,2023-04-28,10-Q,2022-03-31,60000000,ProfitLoss,USD,2023-04-28,10-Q,2022-03-31,10459000000,Assets,USD,2023-04-28,10-Q,2022-12-31,-37000000,NetCashProvidedByUsedInFinancingActivities,USD,2023-04-28,10-Q,2022-03-31,-154000000,NetCashProvidedByUsedInInvestingActivities,USD,2023-04-28,10-Q,2022-03-31,249000000,NetCashProvidedByUsedInOperatingActivities,USD,2023-04-28,10-Q,2022-03-31,through_ocf,True,,,0.095847,0.397764,16.707668,-0.059105,-0.246006
2023Q2,2023-05-04,POWI,833640,"POWER INTEGRATIONS, INC.",$100M-$500M,,182149000,Revenues,USD,2023-05-04,10-Q,2022-03-31,46248000,NetIncomeLoss,USD,2023-05-04,10-Q,2022-03-31,840096000,Assets,USD,2023-05-04,10-Q,2022-12-31,-142288000,NetCashProvidedByUsedInFinancingActivities,USD,2023-05-04,10-Q,2022-03-31,80198000,NetCashProvidedByUsedInInvestingActivities,USD,2023-05-04,10-Q,2022-03-31,74597000,NetCashProvidedByUsedInOperatingActivities,USD,2023-05-04,10-Q,2022-03-31,through_ocf,True,,,0.253902,0.409538,4.612136,-0.781163,0.440288
2023Q2,2023-05-03,POWL,80420,"POWELL INDUSTRIES, INC.",$100M-$500M,,234423000,RevenueFromContractWithCustomerExcludingAssessedTax,USD,2023-05-03,10-Q,2022-03-31,-2846000,NetIncomeLoss,USD,2023-05-03,10-Q,2021-12-31,493380000,Assets,USD,2023-05-03,10-Q,2022-09-30,-7166000,NetCashProvidedByUsedInFinancingActivities,USD,2023-05-03,10-Q,2022-03-31,-7624000,NetCashProvidedByUsedInInvestingActivities,USD,2023-05-03,10-Q,2022-03-31,-13008000,NetCashProvidedByUsedInOperatingActivities,USD,2023-05-03,10-Q,2022-03-31,through_ocf,True,,,-0.01214,-0.055489,2.104657,-0.030569,-0.032522
2023Q2,2023-04-27,PPC,802481,PILGRIM’S PRIDE CORPORATION,$2B-$10B,,4240395000,RevenueFromContractWithCustomerExcludingAssessedTax,USD,2023-04-27,10-Q,2022-03-27,280438000,NetIncomeLoss,USD,2023-04-27,10-Q,2022-03-27,9255769000,Assets,USD,2023-04-27,10-Q,2022-12-25,166330000,NetCashProvidedByUsedInFinancingActivities,USD,2023-04-27,10-Q,2022-03-27,-85576000,NetCashProvidedByUsedInInvestingActivities,USD,2023-04-27,10-Q,2022-03-27,226996000,NetCashProvidedByUsedInOperatingActivities,USD,2023-04-27,10-Q,2022-03-27,through_ocf,True,,,0.066135,0.053532,2.182761,0.039225,-0.020181
2023Q2,2023-04-03,PPG,79879,"PPG INDUSTRIES, INC.",>$10B,,13834000000,RevenueFromContractWithCustomerExcludingAssessedTax,USD,2023-02-16,10-K,2020-12-31,1059000000,NetIncomeLoss,USD,2023-02-16,10-K,2020-12-31,19556000000,Assets,USD,2023-02-16,10-K,2020-12-31,-59000000,NetCashProvidedByUsedInFinancingActivities,USD,2023-02-16,10-K,2020-12-31,-1447000000,NetCashProvidedByUsedInInvestingActivities,USD,2023-02-16,10-K,2020-12-31,2130000000,NetCashProvidedByUsedInOperatingActivities,USD,2023-02-16,10-K,2020-12-31,through_ocf,True,,,0.076551,0.153968,1.413619,-0.004265,-0.104597
2023Q2,2023-05-04,PPL,922224,PPL Corporation,$1B-$2B,,1782000000,Revenues,USD,2023-05-04,10-Q,2022-03-31,273000000,NetIncomeLoss,USD,2023-05-04,10-Q,2022-03-31,37837000000,Assets,USD,2023-05-04,10-Q,2022-12-31,603000000,NetCashProvidedByUsedInFinancingActivities,USD,2023-05-04,10-Q,2022-03-31,-427000000,NetCashProvidedByUsedInInvestingActivities,USD,2023-05-04,10-Q,2022-03-31,502000000,NetCashProvidedByUsedInOperatingActivities,USD,2023-05-04,10-Q,2022-03-31,through_ocf,True,,,0.153199,0.281706,21.232884,0.338384,-0.239618
2023Q2,2023-06-29,PRGS,876167,PROGRESS SOFTWARE CORP /MA,$100M-$500M,,144922000,RevenueFromContractWithCustomerExcludingAssessedTax,USD,2023-04-07,10-Q,2022-02-28,20454000,NetIncomeLoss,USD,2023-04-07,10-Q,2022-02-28,1411479000,Assets,USD,2023-04-07,10-Q,2022-11-30,-28031000,NetCashProvidedByUsedInFinancingActivities,USD,2023-04-07,10-Q,2022-02-28,-531000,NetCashProvidedByUsedInInvestingActivities,USD,2023-04-07,10-Q,2022-02-28,44093000,NetCashProvidedByUsedInOperatingActivities,USD,2023-04-07,10-Q,2022-02-28,through_ocf,True,,,0.141138,0.304253,9.739577,-0.193421,-0.003664
2023Q2,2023-05-04,PRSU,884219,"Pursuit Attractions & Hospitality, Inc.",$100M-$500M,,415435000,RevenueFromContractWithCustomerExcludingAssessedTax,USD,2023-02-28,10-K,2020-12-31,-374094000,NetIncomeLoss,USD,2023-02-28,10-K,2020-12-31,1037630000,Assets,USD,2023-02-28,10-K,2021-12-31,66287000,NetCashProvidedByUsedInFinancingActivities,USD,2023-02-28,10-K,2020-12-31,-6773000,NetCashProvidedByUsedInInvestingActivities,USD,2023-02-28,10-K,2020-12-31,-80248000,NetCashProvidedByUsedInOperatingActivities,USD,2023-02-28,10-K,2020-12-31,through_ocf,True,,,-0.900487,-0.193166,2.497695,0.15956,-0.016303
2023Q2,2023-05-03,PSA,1393311,Public Storage,$500M-$1B,,973445000,Revenues,USD,2023-05-03,10-Q,2022-03-31,513943000,NetIncomeLoss,USD,2023-05-03,10-Q,2022-03-31,17552307000,Assets,USD,2023-05-03,10-Q,2022-12-31,-161253000,NetCashProvidedByUsedInFinancingActivities,USD,2023-05-03,10-Q,2022-03-31,-288531000,NetCashProvidedByUsedInInvestingActivities,USD,2023-05-03,10-Q,2022-03-31,656241000,NetCashProvidedByUsedInOperatingActivities,USD,2023-05-03,10-Q,2022-03-31,through_ocf,True,,,0.527963,0.674143,18.031123,-0.165652,-0.296402
2023Q2,2023-04-26,PTC,857005,PTC Inc.,$100M-$500M,,457721000,RevenueFromContractWithCustomerExcludingAssessedTax,USD,2023-02-09,10-Q,2021-12-31,46089000,NetIncomeLoss,USD,2023-02-09,10-Q,2021-12-31,4687268000,Assets,USD,2023-02-09,10-Q,2022-09-30,-169143000,NetCashProvidedByUsedInFinancingActivities,USD,2023-02-09,10-Q,2021-12-31,2661000,NetCashProvidedByUsedInInvestingActivities,USD,2023-02-09,10-Q,2021-12-31,137736000,NetCashProvidedByUsedInOperatingActivities,USD,2023-02-09,10-Q,2021-12-31,through_ocf,True,,,0.100692,0.300917,10.240448,-0.369533,0.005814
2023Q2,2023-04-27,PTCT,1070081,"PTC THERAPEUTICS, INC.",$100M-$500M,,148735000,RevenueFromContractWithCustomerExcludingAssessedTax,USD,2023-04-27,10-Q,2022-03-31,-126726000,NetIncomeLoss,USD,2023-04-27,10-Q,2022-03-31,1705619000,Assets,USD,2023-04-27,10-Q,2022-12-31,1168000,NetCashProvidedByUsedInFinancingActivities,USD,2023-04-27,10-Q,2022-03-31,49043000,NetCashProvidedByUsedInInvestingActivities,USD,2023-04-27,10-Q,2022-03-31,-97404000,NetCashProvidedByUsedInOperatingActivities,USD,2023-04-27,10-Q,2022-03-31,through_ocf,True,,,-0.852025,-0.654883,11.467503,0.007853,0.329734
2023Q2,2023-04-27,PTEN,889900,"Patterson-UTI Energy, Inc.",$1B-$2B,,1124249000,RevenueFromContractWithCustomerExcludingAssessedTax,USD,2023-02-13,10-K,2020-12-31,-803692000,NetIncomeLoss,USD,2023-02-13,10-K,2020-12-31,3299069000,Assets,USD,2023-02-13,10-K,2020-12-31,-103150000,NetCashProvidedByUsedInFinancingActivities,USD,2023-02-13,10-K,2020-12-31,-124976000,NetCashProvidedByUsedInInvestingActivities,USD,2023-02-13,10-K,2020-12-31,278858000,NetCashProvidedByUsedInOperatingActivities,USD,2023-02-13,10-K,2020-12-31,through_ocf,True,,,-0.71487,0.248039,2.934465,-0.09175,-0.111164
2023Q2,2023-05-04,PTLO,1871509,PORTILLO'S INC.,$100M-$500M,,134482000,RevenueFromContractWithCustomerExcludingAssessedTax,USD,2023-05-04,10-Q,2022-03-27,194000,NetIncomeLoss,USD,2023-05-04,10-Q,2022-03-27,1280083000,Assets,USD,2023-05-04,10-Q,2022-12-25,-1602000,NetCashProvidedByUsedInFinancingActivities,USD,2023-05-04,10-Q,2022-03-27,-6279000,NetCashProvidedByUsedInInvestingActivities,USD,2023-05-04,10-Q,2022-03-27,800000,NetCashProvidedByUsedInOperatingActivities,USD,2023-05-04,10-Q,2022-03-27,through_ocf,True,,,0.001443,0.005949,9.51862,-0.011912,-0.04669
2023Q2,2023-05-04,PTON,1639825,"Peloton Interactive, Inc.",$2B-$10B,,2903400000,RevenueFromContractWithCustomerExcludingAssessedTax,USD,2023-05-04,10-Q,2022-03-31,-1572400000,NetIncomeLoss,USD,2023-05-04,10-Q,2022-03-31,4028500000,Assets,USD,2023-05-04,10-Q,2022-06-30,1309000000,NetCashProvidedByUsedInFinancingActivities,USD,2023-05-04,10-Q,2022-03-31,223000000,NetCashProvidedByUsedInInvestingActivities,USD,2023-05-04,10-Q,2022-03-31,-1677800000,NetCashProvidedByUsedInOperatingActivities,USD,2023-05-04,10-Q,2022-03-31,through_ocf,True,,,-0.541572,-0.577874,1.387511,0.450851,0.076807
2023Q2,2023-05-03,PUMP,1680247,ProPetro Holding Corp.,$500M-$1B,,789232000,RevenueFromContractWithCustomerExcludingAssessedTax,USD,2023-02-23,10-K,2020-12-31,-107020000,NetIncomeLoss,USD,2023-02-23,10-K,2020-12-31,1050739000,Assets,USD,2023-02-23,10-K,2020-12-31,-125171000,NetCashProvidedByUsedInFinancingActivities,USD,2023-02-23,10-K,2020-12-31,-94217000,NetCashProvidedByUsedInInvestingActivities,USD,2023-02-23,10-K,2020-12-31,139124000,NetCashProvidedByUsedInOperatingActivities,USD,2023-02-23,10-K,2020-12-31,through_ocf,True,,,-0.1356,0.176278,1.331344,-0.158598,-0.119378
2023Q2,2023-05-04,PWP,1777835,PERELLA WEINBERG PARTNERS,$100M-$500M,,151876000,RevenueFromContractWithCustomerExcludingAssessedTax,USD,2023-05-04,10-Q,2022-03-31,8894000,NetIncomeLoss,USD,2023-05-04,10-Q,2022-03-31,717093000,Assets,USD,2023-05-04,10-Q,2022-12-31,-27319000,NetCashProvidedByUsedInFinancingActivities,USD,2023-05-04,10-Q,2022-03-31,-1389000,NetCashProvidedByUsedInInvestingActivities,USD,2023-05-04,10-Q,2022-03-31,-248373000,NetCashProvidedByUsedInOperatingActivities,USD,2023-05-04,10-Q,2022-03-31,through_ocf,True,,,0.058561,-1.635367,4.721569,-0.179877,-0.009146
2023Q2,2023-05-04,PWR,1050915,"Quanta Services, Inc.",$2B-$10B,,3965525000,RevenueFromContractWithCustomerExcludingAssessedTax,USD,2023-05-04,10-Q,2022-03-31,84641000,NetIncomeLoss,USD,2023-05-04,10-Q,2022-03-31,13464337000,Assets,USD,2023-05-04,10-Q,2022-12-31,16550000,NetCashProvidedByUsedInFinancingActivities,USD,2023-05-04,10-Q,2022-03-31,-93069000,NetCashProvidedByUsedInInvestingActivities,USD,2023-05-04,10-Q,2022-03-31,85090000,NetCashProvidedByUsedInOperatingActivities,USD,2023-05-04,10-Q,2022-03-31,through_ocf,True,,,0.021344,0.021457,3.395348,0.004173,-0.02347
2023Q2,2023-05-08,PYPL,1633917,"PAYPAL HOLDINGS, INC.",>$10B,,21454000000,Revenues,USD,2023-02-10,10-K,2020-12-31,4202000000,NetIncomeLoss,USD,2023-02-10,10-K,2020-12-31,75803000000,Assets,USD,2023-02-10,10-K,2021-12-31,12454000000,NetCashProvidedByUsedInFinancingActivities,USD,2023-02-10,10-K,2020-12-31,-16545000000,NetCashProvidedByUsedInInvestingActivities,USD,2023-02-10,10-K,2020-12-31,6219000000,NetCashProvidedByUsedInOperatingActivities,USD,2023-02-10,10-K,2020-12-31,through_ocf,True,,,0.195861,0.289876,3.533281,0.580498,-0.771185
2023Q2,2023-05-04,PZZA,901491,"PAPA JOHN’S INTERNATIONAL, INC.",$500M-$1B,,542692000,RevenueFromContractWithCustomerExcludingAssessedTax,USD,2023-05-04,10-Q,2022-03-27,10494000,NetIncomeLoss,USD,2023-05-04,10-Q,2022-03-27,864227000,Assets,USD,2023-05-04,10-Q,2022-12-25,-6787000,NetCashProvidedByUsedInFinancingActivities,USD,2023-05-04,10-Q,2022-03-27,-8315000,NetCashProvidedByUsedInInvestingActivities,USD,2023-05-04,10-Q,2022-03-27,25394000,NetCashProvidedByUsedInOperatingActivities,USD,2023-05-04,10-Q,2022-03-27,through_ocf,True,,,0.019337,0.046793,1.592482,-0.012506,-0.015322
2023Q2,2023-04-13,QDEL,0001906324,QUIDELORTHO CORP,$1B-$2B,,1661700000,Revenues,USD,2023-02-23,10-K,2021-01-03,810300000,NetIncomeLoss,USD,2023-02-23,10-K,2021-01-03,2430400000,Assets,USD,2023-02-23,10-K,2022-01-02,-130300000,NetCashProvidedByUsedInFinancingActivities,USD,2023-02-23,10-K,2021-01-03,-63300000,NetCashProvidedByUsedInInvestingActivities,USD,2023-02-23,10-K,2021-01-03,629700000,NetCashProvidedByUsedInOperatingActivities,USD,2023-02-23,10-K,2021-01-03,through_ocf,True,,,0.487633,0.378949,1.462599,-0.078414,-0.038094
2023Q2,2023-05-04,QLYS,1107843,"QUALYS, INC.",$100M-$500M,,113420000,RevenueFromContractWithCustomerExcludingAssessedTax,USD,2023-05-04,10-Q,2022-03-31,25410000,NetIncomeLoss,USD,2023-05-04,10-Q,2022-03-31,700941000,Assets,USD,2023-05-04,10-Q,2022-12-31,-45557000,NetCashProvidedByUsedInFinancingActivities,USD,2023-05-04,10-Q,2022-03-31,-4524000,NetCashProvidedByUsedInInvestingActivities,USD,2023-05-04,10-Q,2022-03-31,79040000,NetCashProvidedByUsedInOperatingActivities,USD,2023-05-04,10-Q,2022-03-31,through_ocf,True,,,0.224035,0.696879,6.180048,-0.401666,-0.039887
2023Q2,2023-05-03,QNST,1117297,"QuinStreet, Inc.",$100M-$500M,,284939000,RevenueFromContractWithCustomerExcludingAssessedTax,USD,2023-02-09,10-Q,2021-12-31,-2535000,NetIncomeLoss,USD,2023-02-09,10-Q,2021-12-31,419909000,Assets,USD,2023-02-09,10-Q,2022-06-30,-10977000,NetCashProvidedByUsedInFinancingActivities,USD,2023-02-09,10-Q,2021-12-31,-3979000,NetCashProvidedByUsedInInvestingActivities,USD,2023-02-09,10-Q,2021-12-31,19687000,NetCashProvidedByUsedInOperatingActivities,USD,2023-02-09,10-Q,2021-12-31,through_ocf,True,,,-0.008897,0.069092,1.47368,-0.038524,-0.013964
2023Q2,2023-05-03,QRVO,1604778,"Qorvo, Inc.",$2B-$10B,,3479556000,Revenues,USD,2023-02-02,10-Q,2022-01-01,821078000,NetIncomeLoss,USD,2023-02-02,10-Q,2022-01-01,7509072000,Assets,USD,2023-02-02,10-Q,2022-04-02,-558513000,NetCashProvidedByUsedInFinancingActivities,USD,2023-02-02,10-Q,2022-01-01,-552176000,NetCashProvidedByUsedInInvestingActivities,USD,2023-02-02,10-Q,2022-01-01,703363000,NetCashProvidedByUsedInOperatingActivities,USD,2023-02-02,10-Q,2022-01-01,through_ocf,True,,,0.235972,0.202142,2.158055,-0.160513,-0.158692
2023Q2,2023-05-09,QTWO,1410384,"Q2 Holdings, Inc.",$100M-$500M,,134071000,RevenueFromContractWithCustomerExcludingAssessedTax,USD,2023-05-09,10-Q,2022-03-31,-23559000,NetIncomeLoss,USD,2023-05-09,10-Q,2022-03-31,1349726000,Assets,USD,2023-05-09,10-Q,2022-12-31,131000,NetCashProvidedByUsedInFinancingActivities,USD,2023-05-09,10-Q,2022-03-31,-92809000,NetCashProvidedByUsedInInvestingActivities,USD,2023-05-09,10-Q,2022-03-31,-4502000,NetCashProvidedByUsedInOperatingActivities,USD,2023-05-09,10-Q,2022-03-31,through_ocf,True,,,-0.17572,-0.033579,10.067248,0.000977,-0.692238
2023Q2,2023-05-02,QUAD,1481792,"Quad/Graphics, Inc.",$2B-$10B,,2960400000,RevenueFromContractWithCustomerExcludingAssessedTax,USD,2023-02-27,10-K,2021-12-31,37800000,ProfitLoss,USD,2023-02-27,10-K,2021-12-31,1890000000,Assets,USD,2023-02-27,10-K,2021-12-31,-140900000,NetCashProvidedByUsedInFinancingActivities,USD,2023-02-27,10-K,2021-12-31,129400000,NetCashProvidedByUsedInInvestingActivities,USD,2023-02-27,10-K,2021-12-31,136500000,NetCashProvidedByUsedInOperatingActivities,USD,2023-02-27,10-K,2021-12-31,through_ocf,True,,,0.012769,0.046109,0.638427,-0.047595,0.04371
2023Q2,2023-05-05,QVCGA,1355096,"QVC GROUP, INC.",$2B-$10B,,2883000000,RevenueFromContractWithCustomerExcludingAssessedTax,USD,2023-05-05,10-Q,2022-03-31,1000000,NetIncomeLoss,USD,2023-05-05,10-Q,2022-03-31,12571000000,Assets,USD,2023-05-05,10-Q,2022-12-31,229000000,NetCashProvidedByUsedInFinancingActivities,USD,2023-05-05,10-Q,2022-03-31,-16000000,NetCashProvidedByUsedInInvestingActivities,USD,2023-05-05,10-Q,2022-03-31,-179000000,NetCashProvidedByUsedInOperatingActivities,USD,2023-05-05,10-Q,2022-03-31,through_ocf,True,,,0.000347,-0.062088,4.360388,0.079431,-0.00555
2023Q2,2023-05-05,QVCGP,1355096,"QVC GROUP, INC.",$2B-$10B,,2883000000,RevenueFromContractWithCustomerExcludingAssessedTax,USD,2023-05-05,10-Q,2022-03-31,1000000,NetIncomeLoss,USD,2023-05-05,10-Q,2022-03-31,12571000000,Assets,USD,2023-05-05,10-Q,2022-12-31,229000000,NetCashProvidedByUsedInFinancingActivities,USD,2023-05-05,10-Q,2022-03-31,-16000000,NetCashProvidedByUsedInInvestingActivities,USD,2023-05-05,10-Q,2022-03-31,-179000000,NetCashProvidedByUsedInOperatingActivities,USD,2023-05-05,10-Q,2022-03-31,through_ocf,True,,,0.000347,-0.062088,4.360388,0.079431,-0.00555
2023Q2,2023-05-24,RAMP,733269,"LIVERAMP HOLDINGS, INC.",$100M-$500M,,443026000,RevenueFromContractWithCustomerExcludingAssessedTax,USD,2023-05-24,10-K,2021-03-31,-90268000,NetIncomeLoss,USD,2023-05-24,10-K,2021-03-31,1333736000,Assets,USD,2023-05-24,10-K,2022-03-31,-43495000,NetCashProvidedByUsedInFinancingActivities,USD,2023-05-24,10-K,2021-03-31,-87894000,NetCashProvidedByUsedInInvestingActivities,USD,2023-05-24,10-K,2021-03-31,-6340000,NetCashProvidedByUsedInOperatingActivities,USD,2022-11-08,10-Q,2021-09-30,through_ocf,True,,,-0.203753,-0.014311,3.010514,-0.098177,-0.198395
2023Q2,2023-05-04,RARE,1515673,Ultragenyx Pharmaceutical Inc.,$100M-$500M,,271030000,RevenueFromContractWithCustomerExcludingAssessedTax,USD,2023-02-17,10-K,2020-12-31,-186566000,NetIncomeLoss,USD,2023-02-17,10-K,2020-12-31,1522397000,Assets,USD,2023-02-17,10-K,2021-12-31,600272000,NetCashProvidedByUsedInFinancingActivities,USD,2023-02-17,10-K,2020-12-31,-179121000,NetCashProvidedByUsedInInvestingActivities,USD,2023-02-17,10-K,2020-12-31,-132220000,NetCashProvidedByUsedInOperatingActivities,USD,2023-02-17,10-K,2020-12-31,through_ocf,True,,,-0.688359,-0.487843,5.617079,2.214781,-0.66089
2023Q2,2023-04-26,RBBN,1708055,RIBBON COMMUNICATIONS INC.,$100M-$500M,,192772000,Revenues,USD,2023-03-31,10-K,2021-03-31,88591000,NetIncomeLoss,USD,2023-03-31,10-K,2020-12-31,1347737000,Assets,USD,2023-03-31,10-K,2021-12-31,319303000,NetCashProvidedByUsedInFinancingActivities,USD,2023-03-31,10-K,2020-12-31,-330073000,NetCashProvidedByUsedInInvestingActivities,USD,2023-03-31,10-K,2020-12-31,101564000,NetCashProvidedByUsedInOperatingActivities,USD,2023-03-31,10-K,2020-12-31,through_ocf,True,,,0.459564,0.526861,6.991352,1.656376,-1.712246
2023Q2,2023-04-20,RBCAA,921557,"REPUBLIC BANCORP, INC.",$100M-$500M,,319368000,Revenues,USD,2023-03-03,10-K,2020-12-31,83246000,NetIncomeLoss,USD,2023-03-03,10-K,2020-12-31,6168325000,Assets,USD,2023-03-03,10-K,2020-12-31,446868000,NetCashProvidedByUsedInFinancingActivities,USD,2023-03-03,10-K,2020-12-31,-422016000,NetCashProvidedByUsedInInvestingActivities,USD,2023-03-03,10-K,2020-12-31,75432000,NetCashProvidedByUsedInOperatingActivities,USD,2023-03-03,10-K,2020-12-31,through_ocf,True,,,0.260659,0.236191,19.314161,1.399226,-1.32141
2023Q2,2023-04-17,RBLX,1315098,Roblox Corporation,$500M-$1B,,923885000,Revenues,USD,2023-02-28,10-K,2020-12-31,-253254000,NetIncomeLoss,USD,2023-02-28,10-K,2020-12-31,4560596000,Assets,USD,2023-02-28,10-K,2021-12-31,164972000,NetCashProvidedByUsedInFinancingActivities,USD,2023-02-28,10-K,2020-12-31,-97030000,NetCashProvidedByUsedInInvestingActivities,USD,2023-02-28,10-K,2020-12-31,524340000,NetCashProvidedByUsedInOperatingActivities,USD,2023-02-28,10-K,2020-12-31,through_ocf,True,,,-0.274119,0.567538,4.936324,0.178563,-0.105024
2023Q2,2023-05-04,RCL,884887,ROYAL CARIBBEAN CRUISES LTD.,$1B-$2B,,1059231000,RevenueFromContractWithCustomerExcludingAssessedTax,USD,2023-05-04,10-Q,2022-03-31,-1167142000,NetIncomeLoss,USD,2023-05-04,10-Q,2022-03-31,33776361000,Assets,USD,2023-05-04,10-Q,2022-12-31,1237731000,NetCashProvidedByUsedInFinancingActivities,USD,2023-05-04,10-Q,2022-03-31,-1443141000,NetCashProvidedByUsedInInvestingActivities,USD,2023-05-04,10-Q,2022-03-31,-528847000,NetCashProvidedByUsedInOperatingActivities,USD,2023-05-04,10-Q,2022-03-31,through_ocf,True,,,-1.101877,-0.499274,31.887625,1.168518,-1.362442
2023Q2,2023-05-04,RDN,890926,RADIAN GROUP INC,$1B-$2B,,1438617000,Revenues,USD,2023-02-24,10-K,2020-12-31,393626000,NetIncomeLoss,USD,2023-02-24,10-K,2020-12-31,7839185000,Assets,USD,2023-02-24,10-K,2021-12-31,222618000,NetCashProvidedByUsedInFinancingActivities,USD,2023-02-24,10-K,2020-12-31,-883180000,NetCashProvidedByUsedInInvestingActivities,USD,2023-02-24,10-K,2020-12-31,658434000,NetCashProvidedByUsedInOperatingActivities,USD,2023-02-24,10-K,2020-12-31,through_ocf,True,,,0.273614,0.457685,5.449112,0.154744,-0.613909
2023Q2,2023-05-11,RDNT,790526,"RadNet, Inc.",$100M-$500M,,341767000,Revenues,USD,2023-05-10,10-Q,2022-03-31,3013000,NetIncomeLoss,USD,2023-05-10,10-Q,2022-03-31,2433907000,Assets,USD,2023-05-10,10-Q,2022-12-31,-3313000,NetCashProvidedByUsedInFinancingActivities,USD,2023-05-10,10-Q,2022-03-31,-61564000,NetCashProvidedByUsedInInvestingActivities,USD,2023-05-10,10-Q,2022-03-31,901000,NetCashProvidedByUsedInOperatingActivities,USD,2023-05-10,10-Q,2022-03-31,through_ocf,True,,,0.008816,0.002636,7.121539,-0.009694,-0.180134
2023Q2,2023-05-10,RDNW,1596961,"RideNow Group, Inc.",$100M-$500M,,445201000,RevenueFromContractWithCustomerExcludingAssessedTax,USD,2023-05-10,10-Q,2022-03-31,9141000,NetIncomeLoss,USD,2023-05-10,10-Q,2022-03-31,1220806000,Assets,USD,2023-05-10,10-Q,2022-03-31,53601000,NetCashProvidedByUsedInFinancingActivities,USD,2023-05-10,10-Q,2022-03-31,-67987000,NetCashProvidedByUsedInInvestingActivities,USD,2023-05-10,10-Q,2022-03-31,31274000,NetCashProvidedByUsedInOperatingActivities,USD,2023-05-10,10-Q,2022-03-31,through_ocf,True,,,0.020532,0.070247,2.742146,0.120397,-0.152711
2023Q2,2023-05-09,REAL,1573221,"TheRealReal, Inc.",$100M-$500M,,146700000,RevenueFromContractWithCustomerExcludingAssessedTax,USD,2023-05-09,10-Q,2022-03-31,-57412000,NetIncomeLoss,USD,2023-05-09,10-Q,2022-03-31,615641000,Assets,USD,2023-05-09,10-Q,2022-12-31,637000,NetCashProvidedByUsedInFinancingActivities,USD,2023-05-09,10-Q,2022-03-31,-8447000,NetCashProvidedByUsedInInvestingActivities,USD,2023-05-09,10-Q,2022-03-31,-49354000,NetCashProvidedByUsedInOperatingActivities,USD,2023-05-09,10-Q,2022-03-31,through_ocf,True,,,-0.391357,-0.336428,4.196599,0.004342,-0.05758
2023Q2,2023-05-05,REG,910606,REGENCY CENTERS CORPORATION,$100M-$500M,,303433000,Revenues,USD,2023-05-05,10-Q,2022-03-31,195228000,NetIncomeLoss,USD,2023-05-05,10-Q,2022-03-31,10860220000,Assets,USD,2023-05-05,10-Q,2022-12-31,-117543000,NetCashProvidedByUsedInFinancingActivities,USD,2023-05-05,10-Q,2022-03-31,58354000,NetCashProvidedByUsedInInvestingActivities,USD,2023-05-05,10-Q,2022-03-31,142892000,NetCashProvidedByUsedInOperatingActivities,USD,2023-05-05,10-Q,2022-03-31,through_ocf,True,,,0.643397,0.470918,35.791163,-0.387377,0.192313
2023Q2,2023-04-05,RELL,355948,"RICHARDSON ELECTRONICS, LTD.",$100M-$500M,,107683000,RevenueFromContractWithCustomerExcludingAssessedTax,USD,2023-01-05,10-Q,2021-11-27,6757000,NetIncomeLoss,USD,2023-01-05,10-Q,2021-11-27,179819000,Assets,USD,2023-01-05,10-Q,2022-05-28,-945000,NetCashProvidedByUsedInFinancingActivities,USD,2023-01-05,10-Q,2021-11-27,-1607000,NetCashProvidedByUsedInInvestingActivities,USD,2023-01-05,10-Q,2021-11-27,-242000,NetCashProvidedByUsedInOperatingActivities,USD,2023-01-05,10-Q,2021-11-27,through_ocf,True,,,0.062749,-0.002247,1.669892,-0.008776,-0.014923
2023Q2,2023-05-03,RELY,1782170,"Remitly Global, Inc.",$100M-$500M,,256956000,RevenueFromContractWithCustomerExcludingAssessedTax,USD,2023-02-28,10-K,2020-12-31,-32564000,NetIncomeLoss,USD,2023-02-28,10-K,2020-12-31,625664000,Assets,USD,2023-02-28,10-K,2021-12-31,122216000,NetCashProvidedByUsedInFinancingActivities,USD,2023-02-28,10-K,2020-12-31,-4370000,NetCashProvidedByUsedInInvestingActivities,USD,2023-02-28,10-K,2020-12-31,-114209000,NetCashProvidedByUsedInOperatingActivities,USD,2023-02-28,10-K,2020-12-31,through_ocf,True,,,-0.12673,-0.444469,2.434907,0.47563,-0.017007
2023Q2,2023-04-26,RES,742278,"RPC, INC.",$100M-$500M,,436334000,RevenueFromContractWithCustomerExcludingAssessedTax,USD,2019-05-02,10-Q,2018-03-31,-212192000,NetIncomeLoss,USD,2023-02-27,10-K,2020-12-31,790505000,Assets,USD,2023-02-27,10-K,2020-12-31,-826000,NetCashProvidedByUsedInFinancingActivities,USD,2023-02-27,10-K,2020-12-31,-42659000,NetCashProvidedByUsedInInvestingActivities,USD,2023-02-27,10-K,2020-12-31,77958000,NetCashProvidedByUsedInOperatingActivities,USD,2023-02-27,10-K,2020-12-31,through_ocf,True,,,-0.486306,0.178666,1.811697,-0.001893,-0.097767
2023Q2,2023-05-25,REX,744187,REX AMERICAN RESOURCES CORPORATION,$100M-$500M,,372664000,Revenues,USD,2023-03-30,10-K,2021-01-31,3001000,NetIncomeLoss,USD,2023-03-30,10-K,2021-01-31,550361000,Assets,USD,2023-03-30,10-K,2022-01-31,-22445000,NetCashProvidedByUsedInFinancingActivities,USD,2023-03-30,10-K,2021-01-31,-20791000,NetCashProvidedByUsedInInvestingActivities,USD,2023-03-30,10-K,2021-01-31,8623000,NetCashProvidedByUsedInOperatingActivities,USD,2023-03-30,10-K,2021-01-31,through_ocf,True,,,0.008053,0.023139,1.476829,-0.060229,-0.05579
2023Q2,2023-04-19,REXR,1571283,"REXFORD INDUSTRIAL REALTY, INC.",$100M-$500M,,330135000,Revenues,USD,2023-02-13,10-K,2020-12-31,76403000,NetIncomeLoss,USD,2023-02-13,10-K,2020-12-31,6781165000,Assets,USD,2023-02-13,10-K,2021-12-31,903195000,NetCashProvidedByUsedInFinancingActivities,USD,2023-02-13,10-K,2020-12-31,-987523000,NetCashProvidedByUsedInInvestingActivities,USD,2023-02-13,10-K,2020-12-31,182994000,NetCashProvidedByUsedInOperatingActivities,USD,2023-02-13,10-K,2020-12-31,through_ocf,True,,,0.23143,0.554301,20.540582,2.735835,-2.99127
2023Q2,2023-05-10,REYN,1786431,REYNOLDS CONSUMER PRODUCTS INC.,$500M-$1B,,845000000,Revenues,USD,2023-05-10,10-Q,2022-03-31,52000000,NetIncomeLoss,USD,2023-05-10,10-Q,2022-03-31,4929000000,Assets,USD,2023-05-10,10-Q,2022-12-31,-54000000,NetCashProvidedByUsedInFinancingActivities,USD,2023-05-10,10-Q,2022-03-31,-28000000,NetCashProvidedByUsedInInvestingActivities,USD,2023-05-10,10-Q,2022-03-31,19000000,NetCashProvidedByUsedInOperatingActivities,USD,2023-05-10,10-Q,2022-03-31,through_ocf,True,,,0.061538,0.022485,5.833136,-0.063905,-0.033136
2023Q2,2023-04-04,RGP,1084765,"RESOURCES CONNECTION, INC.",$100M-$500M,,383378000,RevenueFromContractWithCustomerExcludingAssessedTax,USD,2023-01-05,10-Q,2021-11-27,27228000,NetIncomeLoss,USD,2023-01-05,10-Q,2021-11-27,581473000,Assets,USD,2023-01-05,10-Q,2022-05-28,-3295000,NetCashProvidedByUsedInFinancingActivities,USD,2023-01-05,10-Q,2021-11-27,-2271000,NetCashProvidedByUsedInInvestingActivities,USD,2023-01-05,10-Q,2021-11-27,3460000,NetCashProvidedByUsedInOperatingActivities,USD,2023-01-05,10-Q,2021-11-27,through_ocf,True,,,0.071021,0.009025,1.516709,-0.008595,-0.005924
2023Q2,2023-05-03,RGR,95029,"STURM, RUGER & COMPANY, INC.",$100M-$500M,,166575000,Revenues,USD,2023-05-03,10-Q,2022-04-02,30232000,NetIncomeLoss,USD,2023-05-03,10-Q,2022-04-02,484763000,Assets,USD,2023-05-03,10-Q,2022-12-31,-17319000,NetCashProvidedByUsedInFinancingActivities,USD,2023-05-03,10-Q,2022-04-02,19100000,NetCashProvidedByUsedInInvestingActivities,USD,2023-05-03,10-Q,2022-04-02,18761000,NetCashProvidedByUsedInOperatingActivities,USD,2023-05-03,10-Q,2022-04-02,through_ocf,True,,,0.181492,0.112628,2.910179,-0.103971,0.114663
2023Q2,2023-04-06,RHP,1040829,"RYMAN HOSPITALITY PROPERTIES, INC.",$500M-$1B,,524475000,RevenueFromContractWithCustomerExcludingAssessedTax,USD,2023-02-24,10-K,2020-12-31,-460821000,ProfitLoss,USD,2023-02-24,10-K,2020-12-31,3580525000,Assets,USD,2023-02-24,10-K,2021-12-31,-6470000,NetCashProvidedByUsedInFinancingActivities,USD,2023-02-24,10-K,2020-12-31,-172648000,NetCashProvidedByUsedInInvestingActivities,USD,2023-02-24,10-K,2020-12-31,-161524000,NetCashProvidedByUsedInOperatingActivities,USD,2023-02-24,10-K,2020-12-31,through_ocf,True,,,-0.878633,-0.307973,6.826874,-0.012336,-0.329183
2023Q2,2023-05-10,RICK,935419,"RCI HOSPITALITY HOLDINGS, INC.",$100M-$500M,,125528000,RevenueFromContractWithCustomerExcludingAssessedTax,USD,2023-05-10,10-Q,2022-03-31,21527000,NetIncomeLoss,USD,2023-05-10,10-Q,2022-03-31,530738000,Assets,USD,2023-05-10,10-Q,2022-09-30,24335000,NetCashProvidedByUsedInFinancingActivities,USD,2023-05-10,10-Q,2022-03-31,-49815000,NetCashProvidedByUsedInInvestingActivities,USD,2023-05-10,10-Q,2022-03-31,27861000,NetCashProvidedByUsedInOperatingActivities,USD,2023-05-10,10-Q,2022-03-31,through_ocf,True,,,0.171492,0.22195,4.228045,0.193861,-0.396844
2023Q2,2023-05-01,RIG,1451505,TRANSOCEAN LTD,$2B-$10B,,3152000000,RevenueFromContractWithCustomerExcludingAssessedTax,USD,2023-02-23,10-K,2020-12-31,-567000000,NetIncomeLoss,USD,2023-02-23,10-K,2020-12-31,20681000000,Assets,USD,2023-02-23,10-K,2021-12-31,-930000000,NetCashProvidedByUsedInFinancingActivities,USD,2023-02-23,10-K,2020-12-31,-257000000,NetCashProvidedByUsedInInvestingActivities,USD,2023-02-23,10-K,2020-12-31,398000000,NetCashProvidedByUsedInOperatingActivities,USD,2023-02-23,10-K,2020-12-31,through_ocf,True,,,-0.179886,0.126269,6.561231,-0.295051,-0.081536
2023Q2,2023-05-04,RILY,1464790,"BRC Group Holdings, Inc.",$500M-$1B,,834217000,Revenues,USD,2023-03-16,10-K,2020-12-31,205148000,NetIncomeLoss,USD,2023-03-16,10-K,2020-12-31,5851919000,Assets,USD,2023-03-16,10-K,2021-12-31,-80692000,NetCashProvidedByUsedInFinancingActivities,USD,2023-03-16,10-K,2020-12-31,21790000,NetCashProvidedByUsedInInvestingActivities,USD,2023-03-16,10-K,2020-12-31,57689000,NetCashProvidedByUsedInOperatingActivities,USD,2023-03-16,10-K,2020-12-31,through_ocf,True,,,0.245917,0.069153,7.014864,-0.096728,0.02612
2023Q2,2023-05-04,RILYN,1464790,"BRC Group Holdings, Inc.",$500M-$1B,,834217000,Revenues,USD,2023-03-16,10-K,2020-12-31,205148000,NetIncomeLoss,USD,2023-03-16,10-K,2020-12-31,5851919000,Assets,USD,2023-03-16,10-K,2021-12-31,-80692000,NetCashProvidedByUsedInFinancingActivities,USD,2023-03-16,10-K,2020-12-31,21790000,NetCashProvidedByUsedInInvestingActivities,USD,2023-03-16,10-K,2020-12-31,57689000,NetCashProvidedByUsedInOperatingActivities,USD,2023-03-16,10-K,2020-12-31,through_ocf,True,,,0.245917,0.069153,7.014864,-0.096728,0.02612
2023Q2,2023-05-04,RILYZ,1464790,"BRC Group Holdings, Inc.",$500M-$1B,,834217000,Revenues,USD,2023-03-16,10-K,2020-12-31,205148000,NetIncomeLoss,USD,2023-03-16,10-K,2020-12-31,5851919000,Assets,USD,2023-03-16,10-K,2021-12-31,-80692000,NetCashProvidedByUsedInFinancingActivities,USD,2023-03-16,10-K,2020-12-31,21790000,NetCashProvidedByUsedInInvestingActivities,USD,2023-03-16,10-K,2020-12-31,57689000,NetCashProvidedByUsedInOperatingActivities,USD,2023-03-16,10-K,2020-12-31,through_ocf,True,,,0.245917,0.069153,7.014864,-0.096728,0.02612
2023Q2,2023-05-09,RIVN,1874178,"Rivian Automotive, Inc. / DE",<$100M,,95000000,RevenueFromContractWithCustomerExcludingAssessedTax,USD,2023-05-09,10-Q,2022-03-31,-1593000000,NetIncomeLoss,USD,2023-05-09,10-Q,2022-03-31,17876000000,Assets,USD,2023-05-09,10-Q,2022-12-31,0,NetCashProvidedByUsedInFinancingActivities,USD,2023-05-09,10-Q,2022-03-31,-418000000,NetCashProvidedByUsedInInvestingActivities,USD,2023-05-09,10-Q,2022-03-31,-1034000000,NetCashProvidedByUsedInOperatingActivities,USD,2023-05-09,10-Q,2022-03-31,through_ocf,True,,,-16.768421,-10.884211,188.168421,0.0,-4.4
2023Q2,2023-04-26,RJF,720005,"RAYMOND JAMES FINANCIAL, INC.",$2B-$10B,,2818000000,Revenues,USD,2023-02-03,10-Q,2021-12-31,446000000,NetIncomeLoss,USD,2023-02-03,10-Q,2021-12-31,80951000000,Assets,USD,2023-02-03,10-Q,2022-09-30,1497000000,NetCashProvidedByUsedInFinancingActivities,USD,2023-02-03,10-Q,2021-12-31,-1555000000,NetCashProvidedByUsedInInvestingActivities,USD,2023-02-03,10-Q,2021-12-31,-2287000000,NetCashProvidedByUsedInOperatingActivities,USD,2023-02-03,10-Q,2021-12-31,through_ocf,True,,,0.158268,-0.811568,28.726402,0.531228,-0.55181
2023Q2,2023-05-25,RL,1037038,Ralph Lauren Corporation,$2B-$10B,,4400800000,Revenues,USD,2023-05-25,10-K,2021-03-27,-121100000,NetIncomeLoss,USD,2023-05-25,10-K,2021-03-27,7724700000,Assets,USD,2023-05-25,10-K,2022-04-02,356800000,NetCashProvidedByUsedInFinancingActivities,USD,2023-05-25,10-K,2021-03-27,195000000,NetCashProvidedByUsedInInvestingActivities,USD,2023-05-25,10-K,2021-03-27,380900000,NetCashProvidedByUsedInOperatingActivities,USD,2023-05-25,10-K,2021-03-27,through_ocf,True,,,-0.027518,0.086552,1.755294,0.081076,0.04431
2023Q2,2023-05-10,RLGT,1171155,"RADIANT LOGISTICS, INC.",$1B-$2B,,1076486000,RevenueFromContractWithCustomerExcludingAssessedTax,USD,2023-05-10,10-Q,2022-03-31,27715000,NetIncomeLoss,USD,2023-05-10,10-Q,2022-03-31,568926000,Assets,USD,2023-05-10,10-Q,2022-03-31,77217000,NetCashProvidedByUsedInFinancingActivities,USD,2023-05-10,10-Q,2022-03-31,-44433000,NetCashProvidedByUsedInInvestingActivities,USD,2023-05-10,10-Q,2022-03-31,-6938000,NetCashProvidedByUsedInOperatingActivities,USD,2023-05-10,10-Q,2022-03-31,through_ocf,True,,,0.025746,-0.006445,0.528503,0.071731,-0.041276
2023Q2,2023-05-04,RLJ,1511337,RLJ LODGING TRUST,$100M-$500M,,473087000,Revenues,USD,2023-02-28,10-K,2020-12-31,-404441000,NetIncomeLoss,USD,2023-02-28,10-K,2020-12-31,5148976000,Assets,USD,2023-02-28,10-K,2021-12-31,243030000,NetCashProvidedByUsedInFinancingActivities,USD,2023-02-28,10-K,2020-12-31,-66692000,NetCashProvidedByUsedInInvestingActivities,USD,2023-02-28,10-K,2020-12-31,-168708000,NetCashProvidedByUsedInOperatingActivities,USD,2023-02-28,10-K,2020-12-31,through_ocf,True,,,-0.854898,-0.356611,10.883782,0.513711,-0.140972
2023Q2,2023-05-03,RM,1519401,Regional Management Corp.,$100M-$500M,,373906000,Revenues,USD,2023-02-24,10-K,2020-12-31,26730000,NetIncomeLoss,USD,2023-02-24,10-K,2020-12-31,1459662000,Assets,USD,2023-02-24,10-K,2021-12-31,-57846000,NetCashProvidedByUsedInFinancingActivities,USD,2023-02-24,10-K,2020-12-31,-91684000,NetCashProvidedByUsedInInvestingActivities,USD,2023-02-24,10-K,2020-12-31,164979000,NetCashProvidedByUsedInOperatingActivities,USD,2023-02-24,10-K,2020-12-31,through_ocf,True,,,0.071489,0.441231,3.903821,-0.154707,-0.245206
2023Q2,2023-05-01,RMBS,917273,RAMBUS INC,$100M-$500M,,192071000,SalesRevenueNet,USD,2018-08-03,10-Q,2017-06-30,-40471000,NetIncomeLoss,USD,2023-02-24,10-K,2020-12-31,1232646000,Assets,USD,2023-02-24,10-K,2021-12-31,-61186000,NetCashProvidedByUsedInFinancingActivities,USD,2023-02-24,10-K,2020-12-31,-97573000,NetCashProvidedByUsedInInvestingActivities,USD,2023-02-24,10-K,2020-12-31,185459000,NetCashProvidedByUsedInOperatingActivities,USD,2023-02-24,10-K,2020-12-31,through_ocf,True,,,-0.210709,0.965575,6.417658,-0.318559,-0.508005
2023Q2,2023-04-27,RMD,943819,ResMed Inc.,$1B-$2B,,1798890000,RevenueFromContractWithCustomerExcludingAssessedTax,USD,2023-01-27,10-Q,2021-12-31,203613000,NetIncomeLoss,USD,2023-01-27,10-Q,2021-09-30,5095853000,Assets,USD,2023-01-27,10-Q,2022-06-30,-125004000,NetCashProvidedByUsedInFinancingActivities,USD,2023-01-27,10-Q,2021-12-31,-125182000,NetCashProvidedByUsedInInvestingActivities,USD,2023-01-27,10-Q,2021-12-31,154222000,NetCashProvidedByUsedInOperatingActivities,USD,2023-01-27,10-Q,2021-12-31,through_ocf,True,,,0.113188,0.085732,2.832776,-0.06949,-0.069588
2023Q2,2023-05-03,RMNI,1635282,"Rimini Street, Inc.",<$100M,,97910000,RevenueFromContractWithCustomerExcludingAssessedTax,USD,2023-05-03,10-Q,2022-03-31,3087000,NetIncomeLoss,USD,2023-05-03,10-Q,2022-03-31,391041000,Assets,USD,2023-05-03,10-Q,2022-12-31,-4098000,NetCashProvidedByUsedInFinancingActivities,USD,2023-05-03,10-Q,2022-03-31,-485000,NetCashProvidedByUsedInInvestingActivities,USD,2023-05-03,10-Q,2022-03-31,45849000,NetCashProvidedByUsedInOperatingActivities,USD,2023-05-03,10-Q,2022-03-31,through_ocf,True,,,0.031529,0.468277,3.993882,-0.041855,-0.004954
2023Q2,2023-05-03,RMR,1644378,RMR GROUP INC.,$100M-$500M,,379222000,RevenueFromContractWithCustomerExcludingAssessedTax,USD,2023-05-03,10-Q,2022-03-31,14434000,NetIncomeLoss,USD,2023-05-03,10-Q,2022-03-31,542405000,Assets,USD,2023-05-03,10-Q,2022-09-30,-27816000,NetCashProvidedByUsedInFinancingActivities,USD,2023-05-03,10-Q,2022-03-31,-610000,NetCashProvidedByUsedInInvestingActivities,USD,2023-05-03,10-Q,2022-03-31,50331000,NetCashProvidedByUsedInOperatingActivities,USD,2023-05-03,10-Q,2022-03-31,through_ocf,True,,,0.038062,0.132722,1.43031,-0.07335,-0.001609
2023Q2,2023-05-02,RNGR,1699039,"RANGER ENERGY SERVICES, INC.",$100M-$500M,,293100000,RevenueFromContractWithCustomerExcludingAssessedTax,USD,2023-03-13,10-K,2021-12-31,8600000,NetIncomeLoss,USD,2023-03-13,10-K,2021-12-31,393100000,Assets,USD,2023-03-13,10-K,2021-12-31,73600000,NetCashProvidedByUsedInFinancingActivities,USD,2023-03-13,10-K,2021-12-31,-36400000,NetCashProvidedByUsedInInvestingActivities,USD,2023-03-13,10-K,2021-12-31,-39400000,NetCashProvidedByUsedInOperatingActivities,USD,2023-03-13,10-K,2021-12-31,through_ocf,True,,,0.029342,-0.134425,1.34118,0.251109,-0.12419
2023Q2,2023-05-05,ROAD,1718227,"CONSTRUCTION PARTNERS, INC.",$100M-$500M,,284964000,RevenueFromContractWithCustomerExcludingAssessedTax,USD,2023-02-09,10-Q,2021-12-31,5511000,NetIncomeLoss,USD,2023-02-09,10-Q,2021-12-31,1095521000,Assets,USD,2023-02-09,10-Q,2022-09-30,67461000,NetCashProvidedByUsedInFinancingActivities,USD,2023-02-09,10-Q,2021-12-31,-80274000,NetCashProvidedByUsedInInvestingActivities,USD,2023-02-09,10-Q,2021-12-31,-577000,NetCashProvidedByUsedInOperatingActivities,USD,2023-02-09,10-Q,2021-12-31,through_ocf,True,,,0.019339,-0.002025,3.844419,0.236735,-0.281699
2023Q2,2023-05-03,ROCK,912562,"GIBRALTAR INDUSTRIES, INC.",$100M-$500M,,317865000,Revenues,USD,2023-05-03,10-Q,2022-03-31,15456000,NetIncomeLoss,USD,2023-05-03,10-Q,2022-03-31,1210613000,Assets,USD,2023-05-03,10-Q,2022-12-31,15039000,NetCashProvidedByUsedInFinancingActivities,USD,2023-05-03,10-Q,2022-03-31,-4402000,NetCashProvidedByUsedInInvestingActivities,USD,2023-05-03,10-Q,2022-03-31,-7754000,NetCashProvidedByUsedInOperatingActivities,USD,2023-05-03,10-Q,2022-03-31,through_ocf,True,,,0.048624,-0.024394,3.808576,0.047313,-0.013849
2023Q2,2023-04-27,ROG,84748,ROGERS CORP,$500M-$1B,,802583000,RevenueFromContractWithCustomerExcludingAssessedTax,USD,2023-03-01,10-K,2020-12-31,49990000,NetIncomeLoss,USD,2023-03-01,10-K,2020-12-31,1264005000,Assets,USD,2023-03-01,10-K,2020-12-31,-104189000,NetCashProvidedByUsedInFinancingActivities,USD,2023-03-01,10-K,2020-12-31,-40385000,NetCashProvidedByUsedInInvestingActivities,USD,2023-03-01,10-K,2020-12-31,165056000,NetCashProvidedByUsedInOperatingActivities,USD,2023-03-01,10-K,2020-12-31,through_ocf,True,,,0.062286,0.205656,1.574921,-0.129817,-0.050319
2023Q2,2023-04-27,ROK,1024478,"ROCKWELL AUTOMATION, INC",$2B-$10B,,3665400000,RevenueFromContractWithCustomerExcludingAssessedTax,USD,2023-04-27,10-Q,2022-03-31,295400000,NetIncomeLoss,USD,2023-04-27,10-Q,2022-03-31,10758700000,Assets,USD,2023-04-27,10-Q,2022-09-30,-142500000,NetCashProvidedByUsedInFinancingActivities,USD,2023-04-27,10-Q,2022-03-31,-144700000,NetCashProvidedByUsedInInvestingActivities,USD,2023-04-27,10-Q,2022-03-31,78800000,NetCashProvidedByUsedInOperatingActivities,USD,2023-04-27,10-Q,2022-03-31,through_ocf,True,,,0.080591,0.021498,2.935205,-0.038877,-0.039477
2023Q2,2023-04-26,ROKU,1428439,"Roku, Inc.",$1B-$2B,,1778388000,RevenueFromContractWithCustomerExcludingAssessedTax,USD,2023-02-16,10-K,2020-12-31,-17507000,NetIncomeLoss,USD,2023-02-16,10-K,2020-12-31,4082145000,Assets,USD,2023-02-16,10-K,2021-12-31,509048000,NetCashProvidedByUsedInFinancingActivities,USD,2023-02-16,10-K,2020-12-31,-81324000,NetCashProvidedByUsedInInvestingActivities,USD,2023-02-16,10-K,2020-12-31,148192000,NetCashProvidedByUsedInOperatingActivities,USD,2023-02-16,10-K,2020-12-31,through_ocf,True,,,-0.009844,0.083329,2.295419,0.286241,-0.045729
2023Q2,2023-04-26,ROL,84839,"ROLLINS, INC.",$2B-$10B,,2161220000,RevenueFromContractWithCustomerExcludingAssessedTax,USD,2023-02-16,10-K,2020-12-31,266756000,NetIncomeLoss,USD,2023-02-16,10-K,2020-12-31,2021540000,Assets,USD,2023-02-16,10-K,2021-12-31,-281273000,NetCashProvidedByUsedInFinancingActivities,USD,2023-02-16,10-K,2020-12-31,-162395000,NetCashProvidedByUsedInInvestingActivities,USD,2023-02-16,10-K,2020-12-31,435785000,NetCashProvidedByUsedInOperatingActivities,USD,2023-02-16,10-K,2020-12-31,through_ocf,True,,,0.123428,0.201638,0.93537,-0.130145,-0.07514
2023Q2,2023-04-27,ROP,882835,"ROPER TECHNOLOGIES, INC.",$2B-$10B,,4022400000,RevenueFromContractWithCustomerExcludingAssessedTax,USD,2023-02-27,10-K,2020-12-31,949700000,NetIncomeLoss,USD,2023-02-27,10-K,2020-12-31,23713900000,Assets,USD,2023-02-27,10-K,2021-12-31,4136900000,NetCashProvidedByUsedInFinancingActivities,USD,2023-02-27,10-K,2020-12-31,-6073900000,NetCashProvidedByUsedInInvestingActivities,USD,2023-02-27,10-K,2020-12-31,1525100000,NetCashProvidedByUsedInOperatingActivities,USD,2023-02-27,10-K,2020-12-31,through_ocf,True,,,0.236103,0.379152,5.89546,1.028466,-1.510019
2023Q2,2023-05-18,ROST,745732,"ROSS STORES, INC.",>$10B,,12531565000,RevenueFromContractWithCustomerExcludingAssessedTax,USD,2023-03-28,10-K,2021-01-30,85382000,NetIncomeLoss,USD,2023-03-28,10-K,2021-01-30,13640256000,Assets,USD,2023-03-28,10-K,2022-01-29,1701859000,NetCashProvidedByUsedInFinancingActivities,USD,2023-03-28,10-K,2021-01-30,-405433000,NetCashProvidedByUsedInInvestingActivities,USD,2023-03-28,10-K,2021-01-30,2245933000,NetCashProvidedByUsedInOperatingActivities,USD,2023-03-28,10-K,2021-01-30,through_ocf,True,,,0.006813,0.179222,1.088472,0.135806,-0.032353
2023Q2,2023-05-09,RPD,1560327,"RAPID7, INC.",$100M-$500M,,411486000,Revenues,USD,2023-02-24,10-K,2020-12-31,-98849000,NetIncomeLoss,USD,2023-02-24,10-K,2020-12-31,1296011000,Assets,USD,2023-02-24,10-K,2021-12-31,200925000,NetCashProvidedByUsedInFinancingActivities,USD,2023-02-24,10-K,2020-12-31,-156287000,NetCashProvidedByUsedInInvestingActivities,USD,2023-02-24,10-K,2020-12-31,4887000,NetCashProvidedByUsedInOperatingActivities,USD,2023-02-24,10-K,2020-12-31,through_ocf,True,,,-0.240224,0.011876,3.149587,0.488291,-0.379811
2023Q2,2023-05-09,RPRX,1802768,Royalty Pharma plc,$500M-$1B,,562049000,Revenues,USD,2023-05-09,10-Q,2022-03-31,51761000,NetIncomeLoss,USD,2023-05-09,10-Q,2022-03-31,16813466000,Assets,USD,2023-05-09,10-Q,2022-12-31,-220966000,NetCashProvidedByUsedInFinancingActivities,USD,2023-05-09,10-Q,2022-03-31,11165000,NetCashProvidedByUsedInInvestingActivities,USD,2023-05-09,10-Q,2022-03-31,460270000,NetCashProvidedByUsedInOperatingActivities,USD,2023-05-09,10-Q,2022-03-31,through_ocf,True,,,0.092093,0.818914,29.914591,-0.393144,0.019865
2023Q2,2023-05-24,RRGB,1171759,"RED ROBIN GOURMET BURGERS, INC.",$100M-$500M,,395550000,RevenueFromContractWithCustomerExcludingAssessedTax,USD,2023-05-24,10-Q,2022-04-17,-3105000,NetIncomeLoss,USD,2023-05-24,10-Q,2022-04-17,832145000,Assets,USD,2023-05-24,10-Q,2022-12-25,15417000,NetCashProvidedByUsedInFinancingActivities,USD,2023-05-24,10-Q,2022-04-17,-9548000,NetCashProvidedByUsedInInvestingActivities,USD,2023-05-24,10-Q,2022-04-17,13296000,NetCashProvidedByUsedInOperatingActivities,USD,2023-05-24,10-Q,2022-04-17,through_ocf,True,,,-0.00785,0.033614,2.103767,0.038976,-0.024139
2023Q2,2023-05-04,RRR,1653653,"RED ROCK RESORTS, INC.",$1B-$2B,,1182445000,Revenues,USD,2023-02-24,10-K,2020-12-31,-150397000,NetIncomeLoss,USD,2023-02-24,10-K,2020-12-31,3140333000,Assets,USD,2023-02-24,10-K,2021-12-31,-150443000,NetCashProvidedByUsedInFinancingActivities,USD,2023-02-24,10-K,2020-12-31,-69557000,NetCashProvidedByUsedInInvestingActivities,USD,2023-02-24,10-K,2020-12-31,212790000,NetCashProvidedByUsedInOperatingActivities,USD,2023-02-24,10-K,2020-12-31,through_ocf,True,,,-0.127192,0.179958,2.655796,-0.12723,-0.058825
2023Q2,2023-04-27,RSG,1060391,"REPUBLIC SERVICES, INC.",>$10B,,12031700000,Revenues,USD,2023-02-23,10-K,2020-12-31,967237000,NetIncomeLoss,USD,2023-02-23,10-K,2020-12-31,23434000000,Assets,USD,2023-02-23,10-K,2020-12-31,-612000000,NetCashProvidedByUsedInFinancingActivities,USD,2023-02-23,10-K,2020-12-31,-1922800000,NetCashProvidedByUsedInInvestingActivities,USD,2023-02-23,10-K,2020-12-31,2471600000,NetCashProvidedByUsedInOperatingActivities,USD,2023-02-23,10-K,2020-12-31,through_ocf,True,,,0.080391,0.205424,1.947688,-0.050866,-0.159811
2023Q2,2023-05-03,RSI,1793659,"RUSH STREET INTERACTIVE, INC.",$100M-$500M,,278500000,RevenueFromContractWithCustomerExcludingAssessedTax,USD,2023-03-02,10-K,2020-12-31,1081000,NetIncomeLoss,USD,2023-03-02,10-K,2020-12-31,408731000,Assets,USD,2023-03-02,10-K,2021-12-31,241071000,NetCashProvidedByUsedInFinancingActivities,USD,2023-03-02,10-K,2020-12-31,-6243000,NetCashProvidedByUsedInInvestingActivities,USD,2023-03-02,10-K,2020-12-31,16179000,NetCashProvidedByUsedInOperatingActivities,USD,2023-03-02,10-K,2020-12-31,through_ocf,True,,,0.003882,0.058093,1.467616,0.865605,-0.022417
2023Q2,2023-05-31,RSVR,1824403,"RESERVOIR MEDIA, INC.",$100M-$500M,,107840245,Revenues,USD,2023-05-31,10-K,2022-03-31,13076627,NetIncomeLoss,USD,2023-05-31,10-K,2022-03-31,684270090,Assets,USD,2023-05-31,10-K,2022-03-31,196534033,NetCashProvidedByUsedInFinancingActivities,USD,2023-05-31,10-K,2022-03-31,-196822736,NetCashProvidedByUsedInInvestingActivities,USD,2023-05-31,10-K,2022-03-31,12478566,NetCashProvidedByUsedInOperatingActivities,USD,2023-05-31,10-K,2022-03-31,through_ocf,True,,,0.121259,0.115713,6.34522,1.822455,-1.825133
2023Q2,2023-05-03,RUN,1469367,Sunrun Inc.,$100M-$500M,,495784000,RevenueFromContractWithCustomerExcludingAssessedTax,USD,2023-05-03,10-Q,2022-03-31,-87778000,NetIncomeLoss,USD,2023-05-03,10-Q,2022-03-31,19268805000,Assets,USD,2023-05-03,10-Q,2022-12-31,770694000,NetCashProvidedByUsedInFinancingActivities,USD,2023-05-03,10-Q,2022-03-31,-502101000,NetCashProvidedByUsedInInvestingActivities,USD,2023-05-03,10-Q,2022-03-31,-256409000,NetCashProvidedByUsedInOperatingActivities,USD,2023-05-03,10-Q,2022-03-31,through_ocf,True,,,-0.177049,-0.517179,38.865322,1.554496,-1.012741
2023Q2,2023-05-03,RVLV,1746618,"REVOLVE GROUP, INC.",$100M-$500M,,283498000,RevenueFromContractWithCustomerExcludingAssessedTax,USD,2023-05-03,10-Q,2022-03-31,22568000,NetIncomeLoss,USD,2023-05-03,10-Q,2022-03-31,579318000,Assets,USD,2023-05-03,10-Q,2022-12-31,126000,NetCashProvidedByUsedInFinancingActivities,USD,2023-05-03,10-Q,2022-03-31,-1070000,NetCashProvidedByUsedInInvestingActivities,USD,2023-05-03,10-Q,2022-03-31,53797000,NetCashProvidedByUsedInOperatingActivities,USD,2023-05-03,10-Q,2022-03-31,through_ocf,True,,,0.079605,0.189761,2.043464,0.000444,-0.003774
2023Q2,2023-05-11,RVTY,31791,"REVVITY, INC.",$1B-$2B,,1027836000,Revenues,USD,2023-03-01,10-K,2021-04-04,727887000,NetIncomeLoss,USD,2023-03-01,10-K,2021-01-03,15000554000,Assets,USD,2023-03-01,10-K,2022-01-02,-202872000,NetCashProvidedByUsedInFinancingActivities,USD,2023-03-01,10-K,2021-01-03,-504498000,NetCashProvidedByUsedInInvestingActivities,USD,2023-03-01,10-K,2021-01-03,892177000,NetCashProvidedByUsedInOperatingActivities,USD,2023-03-01,10-K,2021-01-03,through_ocf,True,,,0.708174,0.868015,14.594307,-0.197378,-0.490835
2023Q2,2023-05-03,RXO,0001929561,"RXO, INC.",$1B-$2B,,1312000000,RevenueFromContractWithCustomerExcludingAssessedTax,USD,2023-05-03,10-Q,2022-03-31,39000000,NetIncomeLoss,USD,2023-05-03,10-Q,2022-03-31,2031000000,Assets,USD,2023-05-03,10-Q,2022-12-31,-74000000,NetCashProvidedByUsedInFinancingActivities,USD,2023-05-03,10-Q,2022-03-31,-12000000,NetCashProvidedByUsedInInvestingActivities,USD,2023-05-03,10-Q,2022-03-31,103000000,NetCashProvidedByUsedInOperatingActivities,USD,2023-05-03,10-Q,2022-03-31,through_ocf,True,,,0.029726,0.078506,1.548018,-0.056402,-0.009146
2023Q2,2023-05-09,RYAM,1597672,RAYONIER ADVANCED MATERIALS INC.,$1B-$2B,,1343834000,RevenueFromContractWithCustomerExcludingAssessedTax,USD,2023-03-01,10-K,2020-12-31,555000,NetIncomeLoss,USD,2023-03-01,10-K,2020-12-31,2445024000,Assets,USD,2023-03-01,10-K,2021-12-31,-19390000,NetCashProvidedByUsedInFinancingActivities,USD,2023-03-01,10-K,2020-12-31,-77821000,NetCashProvidedByUsedInInvestingActivities,USD,2023-03-01,10-K,2020-12-31,124470000,NetCashProvidedByUsedInOperatingActivities,USD,2023-03-01,10-K,2020-12-31,through_ocf,True,,,0.000413,0.092623,1.819439,-0.014429,-0.05791
2023Q2,2023-05-01,RYZ,1481582,Ryerson Holding Corporation,$1B-$2B,,1748800000,RevenueFromContractWithCustomerExcludingAssessedTax,USD,2023-05-01,10-Q,2022-03-31,163600000,NetIncomeLoss,USD,2023-05-01,10-Q,2022-03-31,2334300000,Assets,USD,2023-05-01,10-Q,2022-12-31,-68100000,NetCashProvidedByUsedInFinancingActivities,USD,2023-05-01,10-Q,2022-03-31,-20800000,NetCashProvidedByUsedInInvestingActivities,USD,2023-05-01,10-Q,2022-03-31,82500000,NetCashProvidedByUsedInOperatingActivities,USD,2023-05-01,10-Q,2022-03-31,through_ocf,True,,,0.09355,0.047175,1.334801,-0.038941,-0.011894
2023Q2,2023-05-04,SABR,1597033,Sabre Corp,$500M-$1B,,584910000,RevenueFromContractWithCustomerExcludingAssessedTax,USD,2023-05-04,10-Q,2022-03-31,47406000,NetIncomeLoss,USD,2023-05-04,10-Q,2022-03-31,4962875000,Assets,USD,2023-05-04,10-Q,2022-12-31,-25835000,NetCashProvidedByUsedInFinancingActivities,USD,2023-05-04,10-Q,2022-03-31,374865000,NetCashProvidedByUsedInInvestingActivities,USD,2023-05-04,10-Q,2022-03-31,455906000,NetCashProvidedByUsedInOperatingActivities,USD,2018-10-30,10-Q,2017-09-30,through_ocf,True,,,0.081048,0.779446,8.484852,-0.044169,0.640893
2023Q2,2023-05-03,SAFT,1172052,"SAFETY INSURANCE GROUP, INC.",$500M-$1B,,846248000,Revenues,USD,2023-02-28,10-K,2020-12-31,138211000,NetIncomeLoss,USD,2023-02-28,10-K,2020-12-31,2117391000,Assets,USD,2023-02-28,10-K,2021-12-31,-64574000,NetCashProvidedByUsedInFinancingActivities,USD,2023-02-28,10-K,2020-12-31,-35524000,NetCashProvidedByUsedInInvestingActivities,USD,2023-02-28,10-K,2020-12-31,109460000,NetCashProvidedByUsedInOperatingActivities,USD,2023-02-28,10-K,2020-12-31,through_ocf,True,,,0.163322,0.129347,2.502093,-0.076306,-0.041978
2023Q2,2023-04-27,SAH,1043509,"SONIC AUTOMOTIVE, INC.",$2B-$10B,,3456200000,RevenueFromContractWithCustomerExcludingAssessedTax,USD,2023-04-27,10-Q,2022-03-31,97300000,NetIncomeLoss,USD,2023-04-27,10-Q,2022-03-31,4978300000,Assets,USD,2023-04-27,10-Q,2022-12-31,-111400000,NetCashProvidedByUsedInFinancingActivities,USD,2023-04-27,10-Q,2022-03-31,-80300000,NetCashProvidedByUsedInInvestingActivities,USD,2023-04-27,10-Q,2022-03-31,252500000,NetCashProvidedByUsedInOperatingActivities,USD,2023-04-27,10-Q,2022-03-31,through_ocf,True,,,0.028152,0.073057,1.440397,-0.032232,-0.023234
2023Q2,2023-04-28,SAIA,1177702,"SAIA, INC.",$500M-$1B,,661216000,RevenueFromContractWithCustomerExcludingAssessedTax,USD,2023-04-28,10-Q,2022-03-31,79424000,NetIncomeLoss,USD,2023-04-28,10-Q,2022-03-31,2174710000,Assets,USD,2023-04-28,10-Q,2022-12-31,-15848000,NetCashProvidedByUsedInFinancingActivities,USD,2023-04-28,10-Q,2022-03-31,-45376000,NetCashProvidedByUsedInInvestingActivities,USD,2023-04-28,10-Q,2022-03-31,95961000,NetCashProvidedByUsedInOperatingActivities,USD,2023-04-28,10-Q,2022-03-31,through_ocf,True,,,0.120118,0.145128,3.288956,-0.023968,-0.068625
2023Q2,2023-04-03,SAIC,1571123,Science Applications International Corp,$2B-$10B,,7056000000,RevenueFromContractWithCustomerExcludingAssessedTax,USD,2023-04-03,10-K,2021-01-29,209000000,NetIncomeLoss,USD,2023-04-03,10-K,2021-01-29,5746000000,Assets,USD,2023-04-03,10-K,2022-01-28,464000000,NetCashProvidedByUsedInFinancingActivities,USD,2023-04-03,10-K,2021-01-29,-1231000000,NetCashProvidedByUsedInInvestingActivities,USD,2023-04-03,10-K,2021-01-29,755000000,NetCashProvidedByUsedInOperatingActivities,USD,2023-04-03,10-K,2021-01-29,through_ocf,True,,,0.02962,0.107001,0.814342,0.06576,-0.174461
2023Q2,2023-05-01,SBAC,1034054,SBA Communications Corporation,$2B-$10B,,2083138000,Revenues,USD,2023-03-01,10-K,2020-12-31,24104000,NetIncomeLoss,USD,2023-03-01,10-K,2020-12-31,9801699000,Assets,USD,2023-03-01,10-K,2021-12-31,-469017000,NetCashProvidedByUsedInFinancingActivities,USD,2023-03-01,10-K,2020-12-31,-446366000,NetCashProvidedByUsedInInvestingActivities,USD,2023-03-01,10-K,2020-12-31,1126033000,NetCashProvidedByUsedInOperatingActivities,USD,2023-03-01,10-K,2020-12-31,through_ocf,True,,,0.011571,0.540547,4.705257,-0.225149,-0.214276
2023Q2,2023-05-04,SBH,1368458,"SALLY BEAUTY HOLDINGS, INC.",$1B-$2B,,1891638000,RevenueFromContractWithCustomerExcludingAssessedTax,USD,2023-05-04,10-Q,2022-03-31,68838000,NetIncomeLoss,USD,2023-05-04,10-Q,2021-12-31,2576867000,Assets,USD,2023-05-04,10-Q,2022-09-30,-126524000,NetCashProvidedByUsedInFinancingActivities,USD,2023-05-04,10-Q,2022-03-31,-44427000,NetCashProvidedByUsedInInvestingActivities,USD,2023-05-04,10-Q,2022-03-31,-2773000,NetCashProvidedByUsedInOperatingActivities,USD,2023-05-04,10-Q,2022-03-31,through_ocf,True,,,0.036391,-0.001466,1.362241,-0.066886,-0.023486
2023Q2,2023-05-03,SBRA,1492298,"SABRA HEALTH CARE REIT, INC.",$100M-$500M,,163105000,Revenues,USD,2023-05-03,10-Q,2022-03-31,40602000,NetIncomeLoss,USD,2023-05-03,10-Q,2022-03-31,5747672000,Assets,USD,2023-05-03,10-Q,2022-12-31,-112519000,NetCashProvidedByUsedInFinancingActivities,USD,2023-05-03,10-Q,2022-03-31,-37242000,NetCashProvidedByUsedInInvestingActivities,USD,2023-05-03,10-Q,2022-03-31,63114000,NetCashProvidedByUsedInOperatingActivities,USD,2023-05-03,10-Q,2022-03-31,through_ocf,True,,,0.248932,0.386953,35.239091,-0.689856,-0.228331
2023Q2,2023-04-27,SCCO,1001838,SOUTHERN COPPER CORP/,$2B-$10B,,7984900000,RevenueFromContractWithCustomerExcludingAssessedTax,USD,2023-02-28,10-K,2020-12-31,1577800000,ProfitLoss,USD,2023-02-28,10-K,2020-12-31,16946500000,Assets,USD,2023-02-28,10-K,2020-12-31,-1563300000,NetCashProvidedByUsedInFinancingActivities,USD,2023-02-28,10-K,2020-12-31,-915800000,NetCashProvidedByUsedInInvestingActivities,USD,2023-02-28,10-K,2020-12-31,2783600000,NetCashProvidedByUsedInOperatingActivities,USD,2023-02-28,10-K,2020-12-31,through_ocf,True,,,0.197598,0.348608,2.122318,-0.195782,-0.114691
2023Q2,2023-04-17,SCHW,316709,SCHWAB CHARLES CORP,>$10B,,11691000000,Revenues,USD,2023-02-24,10-K,2020-12-31,3299000000,NetIncomeLoss,USD,2023-02-24,10-K,2020-12-31,294000000000,Assets,USD,2023-02-24,10-K,2019-12-31,143982000000,NetCashProvidedByUsedInFinancingActivities,USD,2023-02-24,10-K,2020-12-31,-125851000000,NetCashProvidedByUsedInInvestingActivities,USD,2023-02-24,10-K,2020-12-31,6852000000,NetCashProvidedByUsedInOperatingActivities,USD,2023-02-24,10-K,2020-12-31,through_ocf,True,,,0.282183,0.586092,25.147549,12.315627,-10.764776
2023Q2,2023-04-25,SCL,94049,STEPAN COMPANY,$1B-$2B,,1869750000,RevenueFromContractWithCustomerExcludingAssessedTax,USD,2023-02-28,10-K,2020-12-31,126770000,NetIncomeLoss,USD,2023-02-28,10-K,2020-12-31,1752336000,Assets,USD,2023-02-28,10-K,2020-12-31,-64934000,NetCashProvidedByUsedInFinancingActivities,USD,2023-02-28,10-K,2020-12-31,-139034000,NetCashProvidedByUsedInInvestingActivities,USD,2023-02-28,10-K,2020-12-31,235216000,NetCashProvidedByUsedInOperatingActivities,USD,2023-02-28,10-K,2020-12-31,through_ocf,True,,,0.067801,0.125801,0.937203,-0.034729,-0.07436
2023Q2,2023-05-09,SCSC,918965,"ScanSource, Inc.",$2B-$10B,,2567652000,RevenueFromContractWithCustomerExcludingAssessedTax,USD,2023-05-09,10-Q,2022-03-31,22073000,NetIncomeLoss,USD,2023-05-09,10-Q,2021-09-30,1937428000,Assets,USD,2023-05-09,10-Q,2022-06-30,27730000,NetCashProvidedByUsedInFinancingActivities,USD,2023-05-09,10-Q,2022-03-31,-201000,NetCashProvidedByUsedInInvestingActivities,USD,2023-05-09,10-Q,2022-03-31,-45671000,NetCashProvidedByUsedInOperatingActivities,USD,2023-05-09,10-Q,2022-03-31,through_ocf,True,,,0.008597,-0.017787,0.754552,0.0108,-7.8e-05
2023Q2,2023-05-24,SCVL,895447,"SHOE CARNIVAL, INC.",$500M-$1B,,976765000,Revenues,USD,2023-03-24,10-K,2021-01-30,15991000,NetIncomeLoss,USD,2023-03-24,10-K,2021-01-30,812264000,Assets,USD,2023-03-24,10-K,2022-01-29,-6669000,NetCashProvidedByUsedInFinancingActivities,USD,2023-03-24,10-K,2021-01-30,-12093000,NetCashProvidedByUsedInInvestingActivities,USD,2023-03-24,10-K,2021-01-30,63395000,NetCashProvidedByUsedInOperatingActivities,USD,2023-03-24,10-K,2021-01-30,through_ocf,True,,,0.016371,0.064903,0.831586,-0.006828,-0.012381
2023Q2,2023-05-09,SEAT,1856031,Vivid Seats Inc.,$100M-$500M,,110516000,RevenueFromContractWithCustomerExcludingAssessedTax,USD,2023-05-09,10-Q,2022-03-31,1259000,NetIncomeLoss,USD,2023-05-09,10-Q,2022-03-31,1151431000,Assets,USD,2023-05-09,10-Q,2022-12-31,-195568000,NetCashProvidedByUsedInFinancingActivities,USD,2023-05-09,10-Q,2022-03-31,-3441000,NetCashProvidedByUsedInInvestingActivities,USD,2023-05-09,10-Q,2022-03-31,23534000,NetCashProvidedByUsedInOperatingActivities,USD,2023-05-09,10-Q,2022-03-31,through_ocf,True,,,0.011392,0.212947,10.418681,-1.76959,-0.031136
2023Q2,2023-05-03,SEDG,1419612,"SOLAREDGE TECHNOLOGIES, INC.",$1B-$2B,,1459271000,Revenues,USD,2023-02-22,10-K,2020-12-31,140322000,NetIncomeLoss,USD,2023-02-22,10-K,2020-12-31,2900953000,Assets,USD,2023-02-22,10-K,2021-12-31,640484000,NetCashProvidedByUsedInFinancingActivities,USD,2023-02-22,10-K,2020-12-31,-236637000,NetCashProvidedByUsedInInvestingActivities,USD,2023-02-22,10-K,2020-12-31,222655000,NetCashProvidedByUsedInOperatingActivities,USD,2023-02-22,10-K,2020-12-31,through_ocf,True,,,0.096159,0.15258,1.987947,0.438907,-0.162161
2023Q2,2023-04-20,SEIC,350894,SEI INVESTMENTS COMPANY,$1B-$2B,,1684058000,Revenues,USD,2023-02-21,10-K,2020-12-31,447286000,NetIncomeLoss,USD,2023-02-21,10-K,2020-12-31,2354702000,Assets,USD,2023-02-21,10-K,2021-12-31,-482135000,NetCashProvidedByUsedInFinancingActivities,USD,2023-02-21,10-K,2020-12-31,-67496000,NetCashProvidedByUsedInInvestingActivities,USD,2023-02-21,10-K,2020-12-31,488682000,NetCashProvidedByUsedInOperatingActivities,USD,2023-02-21,10-K,2020-12-31,through_ocf,True,,,0.2656,0.290181,1.398231,-0.286294,-0.040079
2023Q2,2023-05-04,SEM,1320414,SELECT MEDICAL HOLDINGS CORPORATION,$1B-$2B,,1599547000,RevenueFromContractWithCustomerExcludingAssessedTax,USD,2023-05-04,10-Q,2022-03-31,49117000,NetIncomeLoss,USD,2023-05-04,10-Q,2022-03-31,7535944000,Assets,USD,2023-05-04,10-Q,2022-03-31,105565000,NetCashProvidedByUsedInFinancingActivities,USD,2023-05-04,10-Q,2022-03-31,-55331000,NetCashProvidedByUsedInInvestingActivities,USD,2023-05-04,10-Q,2022-03-31,6337000,NetCashProvidedByUsedInOperatingActivities,USD,2023-05-04,10-Q,2022-03-31,through_ocf,True,,,0.030707,0.003962,4.711299,0.065997,-0.034592
2023Q2,2023-06-06,SFIX,1576942,"STITCH FIX, INC.",$1B-$2B,,1097968000,RevenueFromContractWithCustomerExcludingAssessedTax,USD,2023-03-08,10-Q,2022-01-29,-32739000,NetIncomeLoss,USD,2023-03-08,10-Q,2022-01-29,764535000,Assets,USD,2023-03-08,10-Q,2022-07-30,-32003000,NetCashProvidedByUsedInFinancingActivities,USD,2023-03-08,10-Q,2022-01-29,-27633000,NetCashProvidedByUsedInInvestingActivities,USD,2023-03-08,10-Q,2022-01-29,124932000,NetCashProvidedByUsedInOperatingActivities,USD,2023-03-08,10-Q,2022-01-29,through_ocf,True,,,-0.029818,0.113785,0.696318,-0.029147,-0.025167
2023Q2,2023-05-01,SFM,1575515,"Sprouts Farmers Market, Inc.",$1B-$2B,,1641161000,RevenueFromContractWithCustomerExcludingAssessedTax,USD,2023-05-01,10-Q,2022-04-03,88307000,NetIncomeLoss,USD,2023-05-01,10-Q,2022-04-03,3070380000,Assets,USD,2023-05-01,10-Q,2023-01-01,-46709000,NetCashProvidedByUsedInFinancingActivities,USD,2023-05-01,10-Q,2022-04-03,-27227000,NetCashProvidedByUsedInInvestingActivities,USD,2023-05-01,10-Q,2022-04-03,153029000,NetCashProvidedByUsedInOperatingActivities,USD,2023-05-01,10-Q,2022-04-03,through_ocf,True,,,0.053808,0.093244,1.870858,-0.028461,-0.01659
2023Q2,2023-05-04,SG,0001477815,"SWEETGREEN, INC.",$100M-$500M,,220615000,RevenueFromContractWithCustomerExcludingAssessedTax,USD,2023-02-23,10-K,2020-12-27,-141224000,NetIncomeLoss,USD,2023-02-23,10-K,2020-12-27,762649000,Assets,USD,2023-02-23,10-K,2021-12-26,2145000,NetCashProvidedByUsedInFinancingActivities,USD,2023-02-23,10-K,2020-12-27,-58405000,NetCashProvidedByUsedInInvestingActivities,USD,2023-02-23,10-K,2020-12-27,-90352000,NetCashProvidedByUsedInOperatingActivities,USD,2023-02-23,10-K,2020-12-27,through_ocf,True,,,-0.640138,-0.409546,3.456923,0.009723,-0.264737
2023Q2,2023-05-01,SGRY,1638833,"Surgery Partners, Inc.",$100M-$500M,,417369000,Revenues,USD,2018-05-10,10-Q,2018-03-31,-116100000,NetIncomeLoss,USD,2023-03-01,10-K,2020-12-31,6117600000,Assets,USD,2023-03-01,10-K,2021-12-31,66700000,NetCashProvidedByUsedInFinancingActivities,USD,2023-03-01,10-K,2020-12-31,-88400000,NetCashProvidedByUsedInInvestingActivities,USD,2023-03-01,10-K,2020-12-31,246900000,NetCashProvidedByUsedInOperatingActivities,USD,2023-03-01,10-K,2020-12-31,through_ocf,True,,,-0.278171,0.591563,14.657533,0.159811,-0.211803
2023Q2,2023-05-04,SHAK,1620533,SHAKE SHACK INC.,$500M-$1B,,522867000,RevenueFromContractWithCustomerExcludingAssessedTax,USD,2023-02-23,10-K,2020-12-30,-42158000,NetIncomeLoss,USD,2023-02-23,10-K,2020-12-30,1457570000,Assets,USD,2023-02-23,10-K,2021-12-29,141821000,NetCashProvidedByUsedInFinancingActivities,USD,2023-02-23,10-K,2020-12-30,-69397000,NetCashProvidedByUsedInInvestingActivities,USD,2023-02-23,10-K,2020-12-30,37350000,NetCashProvidedByUsedInOperatingActivities,USD,2023-02-23,10-K,2020-12-30,through_ocf,True,,,-0.080629,0.071433,2.78765,0.271237,-0.132724
2023Q2,2023-05-03,SHC,1822479,Sotera Health Co,$100M-$500M,,236754000,RevenueFromContractWithCustomerExcludingAssessedTax,USD,2023-05-03,10-Q,2022-03-31,30641000,ProfitLoss,USD,2023-05-03,10-Q,2022-03-31,3117705000,Assets,USD,2023-05-03,10-Q,2022-12-31,-449000,NetCashProvidedByUsedInFinancingActivities,USD,2023-05-03,10-Q,2022-03-31,-35483000,NetCashProvidedByUsedInInvestingActivities,USD,2023-05-03,10-Q,2022-03-31,49967000,NetCashProvidedByUsedInOperatingActivities,USD,2023-05-03,10-Q,2022-03-31,through_ocf,True,,,0.129421,0.21105,13.168542,-0.001896,-0.149873
2023Q2,2023-05-08,SHLS,1831651,"Shoals Technologies Group, Inc.",<$100M,,67976000,RevenueFromContractWithCustomerExcludingAssessedTax,USD,2023-05-08,10-Q,2022-03-31,2640000,NetIncomeLoss,USD,2023-05-08,10-Q,2022-03-31,594895000,Assets,USD,2023-05-08,10-Q,2022-12-31,30265000,NetCashProvidedByUsedInFinancingActivities,USD,2023-05-08,10-Q,2022-03-31,-882000,NetCashProvidedByUsedInInvestingActivities,USD,2023-05-08,10-Q,2022-03-31,-25859000,NetCashProvidedByUsedInOperatingActivities,USD,2023-05-08,10-Q,2022-03-31,through_ocf,True,,,0.038837,-0.380414,8.751545,0.445231,-0.012975
2023Q2,2023-05-05,SHO,1295810,"Sunstone Hotel Investors, Inc.",$100M-$500M,,172315000,RevenueFromContractWithCustomerExcludingAssessedTax,USD,2023-05-05,10-Q,2022-03-31,15123000,ProfitLoss,USD,2023-05-05,10-Q,2022-03-31,3082817000,Assets,USD,2023-05-05,10-Q,2022-12-31,-85832000,NetCashProvidedByUsedInFinancingActivities,USD,2023-05-05,10-Q,2022-03-31,164356000,NetCashProvidedByUsedInInvestingActivities,USD,2023-05-05,10-Q,2022-03-31,13148000,NetCashProvidedByUsedInOperatingActivities,USD,2023-05-05,10-Q,2022-03-31,through_ocf,True,,,0.087764,0.076302,17.89059,-0.498111,0.953811
2023Q2,2023-05-09,SHOO,913241,"Steven Madden, Ltd.",$1B-$2B,,1201814000,Revenues,USD,2023-03-01,10-K,2020-12-31,-18281000,ProfitLoss,USD,2023-03-01,10-K,2020-12-31,1355542000,Assets,USD,2023-03-01,10-K,2021-12-31,-57074000,NetCashProvidedByUsedInFinancingActivities,USD,2023-03-01,10-K,2020-12-31,-4884000,NetCashProvidedByUsedInInvestingActivities,USD,2023-03-01,10-K,2020-12-31,44206000,NetCashProvidedByUsedInOperatingActivities,USD,2023-03-01,10-K,2020-12-31,through_ocf,True,,,-0.015211,0.036783,1.127913,-0.04749,-0.004064
2023Q2,2023-04-25,SHW,89800,THE SHERWIN-WILLIAMS COMPANY,$2B-$10B,,4998700000,RevenueFromContractWithCustomerExcludingAssessedTax,USD,2023-04-25,10-Q,2022-03-31,370800000,NetIncomeLoss,USD,2023-04-25,10-Q,2022-03-31,21730400000,Assets,USD,2023-04-25,10-Q,2022-03-31,415700000,NetCashProvidedByUsedInFinancingActivities,USD,2023-04-25,10-Q,2022-03-31,-195600000,NetCashProvidedByUsedInInvestingActivities,USD,2023-04-25,10-Q,2022-03-31,26300000,NetCashProvidedByUsedInOperatingActivities,USD,2023-04-25,10-Q,2022-03-31,through_ocf,True,,,0.074179,0.005261,4.34721,0.083162,-0.03913
2023Q2,2023-06-08,SIG,832988,SIGNET JEWELERS LIMITED,$1B-$2B,,1838300000,RevenueFromContractWithCustomerExcludingAssessedTax,USD,2023-06-08,10-Q,2022-04-30,-83500000,NetIncomeLoss,USD,2023-06-08,10-Q,2022-04-30,6286300000,Assets,USD,2023-06-08,10-Q,2022-04-30,-325600000,NetCashProvidedByUsedInFinancingActivities,USD,2023-06-08,10-Q,2022-04-30,-22200000,NetCashProvidedByUsedInInvestingActivities,USD,2023-06-08,10-Q,2022-04-30,-135500000,NetCashProvidedByUsedInOperatingActivities,USD,2023-06-08,10-Q,2022-04-30,through_ocf,True,,,-0.045422,-0.073709,3.419627,-0.17712,-0.012076
2023Q2,2023-05-03,SIGI,230557,"SELECTIVE INSURANCE GROUP, INC",$2B-$10B,,2922274000,Revenues,USD,2023-02-10,10-K,2020-12-31,246355000,NetIncomeLoss,USD,2023-02-10,10-K,2020-12-31,10461389000,Assets,USD,2023-02-10,10-K,2021-12-31,141385000,NetCashProvidedByUsedInFinancingActivities,USD,2023-02-10,10-K,2020-12-31,-688174000,NetCashProvidedByUsedInInvestingActivities,USD,2023-02-10,10-K,2020-12-31,554045000,NetCashProvidedByUsedInOperatingActivities,USD,2023-02-10,10-K,2020-12-31,through_ocf,True,,,0.084302,0.189594,3.57988,0.048382,-0.235493
2023Q2,2023-04-27,SIRI,908937,Sirius XM Holdings Inc.,$2B-$10B,,2186000000,RevenueFromContractWithCustomerExcludingAssessedTax,USD,2023-04-27,10-Q,2022-03-31,309000000,NetIncomeLoss,USD,2023-04-27,10-Q,2022-03-31,10022000000,Assets,USD,2023-04-27,10-Q,2022-12-31,-328000000,NetCashProvidedByUsedInFinancingActivities,USD,2023-04-27,10-Q,2022-03-31,-142000000,NetCashProvidedByUsedInInvestingActivities,USD,2023-04-27,10-Q,2022-03-31,355000000,NetCashProvidedByUsedInOperatingActivities,USD,2023-04-27,10-Q,2022-03-31,through_ocf,True,,,0.141354,0.162397,4.584629,-0.150046,-0.064959
2023Q2,2023-04-25,SITC,894315,SITE Centers Corp.,$100M-$500M,,460333000,Revenues,USD,2023-02-23,10-K,2020-12-31,35721000,NetIncomeLoss,USD,2023-02-23,10-K,2020-12-31,3967051000,Assets,USD,2023-02-23,10-K,2021-12-31,-237363000,NetCashProvidedByUsedInFinancingActivities,USD,2023-02-23,10-K,2020-12-31,102478000,NetCashProvidedByUsedInInvestingActivities,USD,2023-02-23,10-K,2020-12-31,190170000,NetCashProvidedByUsedInOperatingActivities,USD,2023-02-23,10-K,2020-12-31,through_ocf,True,,,0.077598,0.413114,8.617785,-0.515633,0.222617
2023Q2,2023-06-06,SJM,91419,THE J. M. SMUCKER COMPANY,$2B-$10B,,5575800000,SalesRevenueGoodsNet,USD,2019-02-26,10-Q,2018-01-31,153900000,NetIncomeLoss,USD,2023-02-28,10-Q,2021-07-31,16055000000,Assets,USD,2023-02-28,10-Q,2022-04-30,-660400000,NetCashProvidedByUsedInFinancingActivities,USD,2023-02-28,10-Q,2022-01-31,-131900000,NetCashProvidedByUsedInInvestingActivities,USD,2023-02-28,10-Q,2022-01-31,742600000,NetCashProvidedByUsedInOperatingActivities,USD,2023-02-28,10-Q,2022-01-31,through_ocf,True,,,0.027601,0.133183,2.879407,-0.11844,-0.023656
2023Q2,2023-04-27,SKT,899715,TANGER INC.,$100M-$500M,,314432000,Revenues,USD,2022-11-04,10-Q,2021-09-30,-3968000,NetIncomeLoss,USD,2022-11-04,10-Q,2021-09-30,2157384000,Assets,USD,2022-11-04,10-Q,2021-12-31,-83607000,NetCashProvidedByUsedInFinancingActivities,USD,2022-11-04,10-Q,2021-09-30,-1928000,NetCashProvidedByUsedInInvestingActivities,USD,2022-11-04,10-Q,2021-09-30,143950000,NetCashProvidedByUsedInOperatingActivities,USD,2022-11-04,10-Q,2021-09-30,through_ocf,True,,,-0.01262,0.45781,6.86121,-0.265899,-0.006132
2023Q2,2023-05-09,SKWD,0001519449,"SKYWARD SPECIALTY INSURANCE GROUP, INC.",$500M-$1B,,550181000,Revenues,USD,2023-03-28,10-K,2021-12-31,38317000,NetIncomeLoss,USD,2023-03-28,10-K,2021-12-31,2118212000,Assets,USD,2023-03-28,10-K,2021-12-31,1380000,NetCashProvidedByUsedInFinancingActivities,USD,2023-03-28,10-K,2021-12-31,-183014000,NetCashProvidedByUsedInInvestingActivities,USD,2023-03-28,10-K,2021-12-31,175285000,NetCashProvidedByUsedInOperatingActivities,USD,2023-03-28,10-K,2021-12-31,through_ocf,True,,,0.069644,0.318595,3.850028,0.002508,-0.332643
2023Q2,2023-05-30,SKY,90896,"CHAMPION HOMES, INC.",$1B-$2B,,1420881000,RevenueFromContractWithCustomerExcludingAssessedTax,USD,2023-05-30,10-K,2021-04-03,84899000,NetIncomeLoss,USD,2023-05-30,10-K,2021-04-03,1234619000,Assets,USD,2023-05-30,10-K,2022-04-02,-47813000,NetCashProvidedByUsedInFinancingActivities,USD,2023-05-30,10-K,2021-04-03,-56808000,NetCashProvidedByUsedInInvestingActivities,USD,2023-05-30,10-K,2021-04-03,153897000,NetCashProvidedByUsedInOperatingActivities,USD,2023-05-30,10-K,2021-04-03,through_ocf,True,,,0.059751,0.108311,0.868911,-0.03365,-0.039981
2023Q2,2023-04-27,SKYW,793733,SKYWEST INC,$2B-$10B,,3122592000,Revenues,USD,2020-02-18,10-K,2017-12-31,-8515000,ProfitLoss,USD,2023-02-16,10-K,2020-12-31,6887622000,Assets,USD,2023-02-16,10-K,2020-12-31,178425000,NetCashProvidedByUsedInFinancingActivities,USD,2023-02-16,10-K,2020-12-31,-683471000,NetCashProvidedByUsedInInvestingActivities,USD,2023-02-16,10-K,2020-12-31,633563000,NetCashProvidedByUsedInOperatingActivities,USD,2023-02-16,10-K,2020-12-31,through_ocf,True,,,-0.002727,0.202897,2.205739,0.05714,-0.218879
2023Q2,2023-04-26,SLAB,1038074,SILICON LABORATORIES INC.,$100M-$500M,,233814000,RevenueFromContractWithCustomerExcludingAssessedTax,USD,2023-04-26,10-Q,2022-04-02,22907000,ProfitLoss,USD,2023-04-26,10-Q,2022-04-02,2169428000,Assets,USD,2023-04-26,10-Q,2022-12-31,-166533000,NetCashProvidedByUsedInFinancingActivities,USD,2023-04-26,10-Q,2022-04-02,-217388000,NetCashProvidedByUsedInInvestingActivities,USD,2023-04-26,10-Q,2022-04-02,59700000,NetCashProvidedByUsedInOperatingActivities,USD,2021-04-28,10-Q,2020-04-04,through_ocf,True,,,0.097971,0.255331,9.278435,-0.712246,-0.929748
2023Q2,2023-04-21,SLB,87347,SLB LIMITED/NV,>$10B,,23601000000,RevenueFromContractWithCustomerExcludingAssessedTax,USD,2023-01-25,10-K,2020-12-31,-10518000000,NetIncomeLoss,USD,2023-01-25,10-K,2020-12-31,42434000000,Assets,USD,2023-01-25,10-K,2020-12-31,-873000000,NetCashProvidedByUsedInFinancingActivities,USD,2023-01-25,10-K,2020-12-31,-2353000000,NetCashProvidedByUsedInInvestingActivities,USD,2023-01-25,10-K,2020-12-31,2944000000,NetCashProvidedByUsedInOperatingActivities,USD,2023-01-25,10-K,2020-12-31,through_ocf,True,,,-0.445659,0.12474,1.797975,-0.03699,-0.099699
2023Q2,2023-04-20,SLG,1040971,SL Green Realty Corp.,$1B-$2B,,1052744000,Revenues,USD,2023-02-17,10-K,2020-12-31,371055000,NetIncomeLoss,USD,2023-02-17,10-K,2020-12-31,11066629000,Assets,USD,2023-02-17,10-K,2021-12-31,-1479301000,NetCashProvidedByUsedInFinancingActivities,USD,2023-02-17,10-K,2020-12-31,1056430000,NetCashProvidedByUsedInInvestingActivities,USD,2023-02-17,10-K,2020-12-31,554236000,NetCashProvidedByUsedInOperatingActivities,USD,2023-02-17,10-K,2020-12-31,through_ocf,True,,,0.352465,0.526468,10.512175,-1.405186,1.003501
2023Q2,2023-05-10,SLQT,1794783,"SelectQuote, Inc.",$500M-$1B,,624655000,RevenueFromContractWithCustomerExcludingAssessedTax,USD,2023-05-10,10-Q,2022-03-31,-192820000,NetIncomeLoss,USD,2023-05-10,10-Q,2022-03-31,1290052000,Assets,USD,2023-05-10,10-Q,2022-06-30,237279000,NetCashProvidedByUsedInFinancingActivities,USD,2023-05-10,10-Q,2022-03-31,-40012000,NetCashProvidedByUsedInInvestingActivities,USD,2023-05-10,10-Q,2022-03-31,-284362000,NetCashProvidedByUsedInOperatingActivities,USD,2023-05-10,10-Q,2022-03-31,through_ocf,True,,,-0.308682,-0.45523,2.065223,0.379856,-0.064055
2023Q2,2023-05-09,SLVM,1856485,SYLVAMO CORPORATION,$500M-$1B,,821000000,RevenueFromContractWithCustomerExcludingAssessedTax,USD,2023-05-09,10-Q,2022-03-31,26000000,NetIncomeLoss,USD,2023-05-09,10-Q,2022-03-31,2710000000,Assets,USD,2023-05-09,10-Q,2022-12-31,-39000000,NetCashProvidedByUsedInFinancingActivities,USD,2023-05-09,10-Q,2022-03-31,-19000000,NetCashProvidedByUsedInInvestingActivities,USD,2023-05-09,10-Q,2022-03-31,92000000,NetCashProvidedByUsedInOperatingActivities,USD,2023-05-09,10-Q,2022-03-31,through_ocf,True,,,0.031669,0.112058,3.300853,-0.047503,-0.023143
2023Q2,2023-04-27,SM,893538,SM Energy Company,$1B-$2B,,1126673000,Revenues,USD,2023-02-23,10-K,2020-12-31,-764614000,NetIncomeLoss,USD,2023-02-23,10-K,2020-12-31,5233977000,Assets,USD,2023-02-23,10-K,2021-12-31,-235378000,NetCashProvidedByUsedInFinancingActivities,USD,2023-02-23,10-K,2020-12-31,-555566000,NetCashProvidedByUsedInInvestingActivities,USD,2023-02-23,10-K,2020-12-31,790944000,NetCashProvidedByUsedInOperatingActivities,USD,2023-02-23,10-K,2020-12-31,through_ocf,True,,,-0.678648,0.702017,4.645516,-0.208914,-0.493103
2023Q2,2023-04-24,SMCI,1375365,"Super Micro Computer, Inc.",$2B-$10B,,2205149000,RevenueFromContractWithCustomerExcludingAssessedTax,USD,2023-02-03,10-Q,2021-12-31,67369000,NetIncomeLoss,USD,2023-02-03,10-Q,2021-12-31,3205077000,Assets,USD,2023-02-03,10-Q,2022-06-30,227173000,NetCashProvidedByUsedInFinancingActivities,USD,2023-02-03,10-Q,2021-12-31,-24306000,NetCashProvidedByUsedInInvestingActivities,USD,2023-02-03,10-Q,2021-12-31,-187722000,NetCashProvidedByUsedInOperatingActivities,USD,2023-02-03,10-Q,2021-12-31,through_ocf,True,,,0.030551,-0.085129,1.453451,0.103019,-0.011022
2023Q2,2023-04-21,SMHI,1690334,SEACOR Marine Holdings Inc.,$100M-$500M,,368868000,Revenues,USD,2018-03-22,10-K,2015-12-31,-78915000,NetIncomeLoss,USD,2023-03-06,10-K,2020-12-31,912502000,Assets,USD,2023-03-06,10-K,2021-12-31,-22383000,NetCashProvidedByUsedInFinancingActivities,USD,2020-11-05,10-Q,2019-09-30,-30274000,NetCashProvidedByUsedInInvestingActivities,USD,2019-08-07,10-Q,2018-06-30,-33686000,NetCashProvidedByUsedInOperatingActivities,USD,2019-08-07,10-Q,2018-06-30,through_ocf,True,,,-0.213938,-0.091323,2.47379,-0.06068,-0.082073
2023Q2,2023-05-03,SMP,93389,"STANDARD MOTOR PRODUCTS, INC.",$100M-$500M,,322831000,RevenueFromContractWithCustomerExcludingAssessedTax,USD,2023-05-03,10-Q,2022-03-31,19446000,NetIncomeLoss,USD,2023-05-03,10-Q,2022-03-31,1254929000,Assets,USD,2023-05-03,10-Q,2022-12-31,108332000,NetCashProvidedByUsedInFinancingActivities,USD,2023-05-03,10-Q,2022-03-31,-6449000,NetCashProvidedByUsedInInvestingActivities,USD,2023-05-03,10-Q,2022-03-31,-103962000,NetCashProvidedByUsedInOperatingActivities,USD,2023-05-03,10-Q,2022-03-31,through_ocf,True,,,0.060236,-0.322032,3.887263,0.335569,-0.019976
2023Q2,2023-04-20,SNA,91440,Snap-on Inc,$1B-$2B,,1185500000,Revenues,USD,2023-04-20,10-Q,2022-04-02,217400000,NetIncomeLoss,USD,2023-04-20,10-Q,2022-04-02,6972800000,Assets,USD,2023-04-20,10-Q,2022-12-31,-106300000,NetCashProvidedByUsedInFinancingActivities,USD,2023-04-20,10-Q,2022-04-02,-6600000,NetCashProvidedByUsedInInvestingActivities,USD,2023-04-20,10-Q,2022-04-02,193900000,NetCashProvidedByUsedInOperatingActivities,USD,2023-04-20,10-Q,2022-04-02,through_ocf,True,,,0.183383,0.16356,5.881738,-0.089667,-0.005567
2023Q2,2023-04-26,SNBR,827187,SLEEP NUMBER CORP,$1B-$2B,,1856555000,RevenueFromContractWithCustomerExcludingAssessedTax,USD,2023-02-24,10-K,2021-01-02,139189000,NetIncomeLoss,USD,2023-02-24,10-K,2021-01-02,919540000,Assets,USD,2023-02-24,10-K,2022-01-01,-237993000,NetCashProvidedByUsedInFinancingActivities,USD,2023-02-24,10-K,2021-01-02,-39018000,NetCashProvidedByUsedInInvestingActivities,USD,2023-02-24,10-K,2021-01-02,279661000,NetCashProvidedByUsedInOperatingActivities,USD,2023-02-24,10-K,2021-01-02,through_ocf,True,,,0.074972,0.150634,0.495294,-0.128191,-0.021016
2023Q2,2023-04-27,SNCY,1743907,"Sun Country Airlines Holdings, Inc.",$100M-$500M,,401486000,RevenueFromContractWithCustomerExcludingAssessedTax,USD,2023-02-15,10-K,2020-12-31,-3904000,NetIncomeLoss,USD,2023-02-15,10-K,2020-12-31,1380422000,Assets,USD,2023-02-15,10-K,2021-12-31,101539000,NetCashProvidedByUsedInFinancingActivities,USD,2023-02-15,10-K,2020-12-31,-96028000,NetCashProvidedByUsedInInvestingActivities,USD,2023-02-15,10-K,2020-12-31,374000,NetCashProvidedByUsedInOperatingActivities,USD,2023-02-15,10-K,2020-12-31,through_ocf,True,,,-0.009724,0.000932,3.438282,0.252908,-0.239181
2023Q2,2023-05-08,SNDX,1395937,"Syndax Pharmaceuticals, Inc.",<$100M,,1517000,RevenueFromContractWithCustomerExcludingAssessedTax,USD,2023-02-28,10-K,2020-12-31,-37169000,NetIncomeLoss,USD,2023-05-08,10-Q,2022-03-31,497236000,Assets,USD,2023-05-08,10-Q,2022-12-31,557000,NetCashProvidedByUsedInFinancingActivities,USD,2023-05-08,10-Q,2022-03-31,8182000,NetCashProvidedByUsedInInvestingActivities,USD,2023-05-08,10-Q,2022-03-31,-41931000,NetCashProvidedByUsedInOperatingActivities,USD,2023-05-08,10-Q,2022-03-31,through_ocf,True,,,-24.501648,-27.640738,327.775873,0.367172,5.39354
2023Q2,2023-05-17,SNPS,883241,SYNOPSYS INC,$1B-$2B,,1270255000,RevenueFromContractWithCustomerExcludingAssessedTax,USD,2023-02-17,10-Q,2022-01-31,313687000,NetIncomeLoss,USD,2023-02-17,10-Q,2022-01-31,9418087000,Assets,USD,2023-02-17,10-Q,2022-10-31,-394597000,NetCashProvidedByUsedInFinancingActivities,USD,2023-02-17,10-Q,2022-01-31,-68025000,NetCashProvidedByUsedInInvestingActivities,USD,2023-02-17,10-Q,2022-01-31,155744000,NetCashProvidedByUsedInOperatingActivities,USD,2023-02-17,10-Q,2022-01-31,through_ocf,True,,,0.246948,0.122608,7.414328,-0.310644,-0.053552
2023Q2,2023-04-27,SO,92122,The Southern Company,$2B-$10B,,6648000000,Revenues,USD,2023-04-27,10-Q,2022-03-31,991000000,ProfitLoss,USD,2023-04-27,10-Q,2022-03-31,134891000000,Assets,USD,2023-04-27,10-Q,2022-12-31,-193000000,NetCashProvidedByUsedInFinancingActivities,USD,2023-04-27,10-Q,2022-03-31,-1555000000,NetCashProvidedByUsedInInvestingActivities,USD,2023-04-27,10-Q,2022-03-31,1592000000,NetCashProvidedByUsedInOperatingActivities,USD,2023-04-27,10-Q,2022-03-31,through_ocf,True,,,0.149067,0.239471,20.290463,-0.029031,-0.233905
2023Q2,2023-05-10,SONO,1314727,"SONOS, INC.",$500M-$1B,,664481000,RevenueFromContractWithCustomerExcludingAssessedTax,USD,2023-02-09,10-Q,2022-01-01,123481000,NetIncomeLoss,USD,2023-02-09,10-Q,2022-01-01,1188388000,Assets,USD,2023-02-09,10-Q,2022-10-01,-30944000,NetCashProvidedByUsedInFinancingActivities,USD,2023-02-09,10-Q,2022-01-01,-33456000,NetCashProvidedByUsedInInvestingActivities,USD,2023-02-09,10-Q,2022-01-01,179934000,NetCashProvidedByUsedInOperatingActivities,USD,2023-02-09,10-Q,2022-01-01,through_ocf,True,,,0.185831,0.270789,1.788445,-0.046569,-0.050349
2023Q2,2023-05-12,SPB,109177,"Spectrum Brands Holdings, Inc.",$1B-$2B,,1565000000,RevenueFromContractWithCustomerExcludingAssessedTax,USD,2023-05-12,10-Q,2022-04-03,24100000,NetIncomeLoss,USD,2023-05-12,10-Q,2022-04-03,5775600000,Assets,USD,2023-05-12,10-Q,2022-09-30,566700000,NetCashProvidedByUsedInFinancingActivities,USD,2023-05-12,10-Q,2022-04-03,-351000000,NetCashProvidedByUsedInInvestingActivities,USD,2023-05-12,10-Q,2022-04-03,-206900000,NetCashProvidedByUsedInOperatingActivities,USD,2023-05-12,10-Q,2022-04-03,through_ocf,True,,,0.015399,-0.132204,3.690479,0.362109,-0.224281
2023Q2,2023-05-02,SPG,1063761,"SIMON PROPERTY GROUP, INC.",$2B-$10B,,4607503000,Revenues,USD,2023-02-23,10-K,2020-12-31,1277324000,ProfitLoss,USD,2023-02-23,10-K,2020-12-31,33777379000,Assets,USD,2023-02-23,10-K,2021-12-31,1993940000,NetCashProvidedByUsedInFinancingActivities,USD,2023-02-23,10-K,2020-12-31,-3978398000,NetCashProvidedByUsedInInvestingActivities,USD,2023-02-23,10-K,2020-12-31,2326698000,NetCashProvidedByUsedInOperatingActivities,USD,2023-02-23,10-K,2020-12-31,through_ocf,True,,,0.277227,0.50498,7.330951,0.432759,-0.863461
2023Q2,2023-04-27,SPGI,64040,S&P Global Inc.,$2B-$10B,,2389000000,RevenueFromContractWithCustomerExcludingAssessedTax,USD,2023-04-27,10-Q,2022-03-31,1235000000,NetIncomeLoss,USD,2023-04-27,10-Q,2022-03-31,61784000000,Assets,USD,2023-04-27,10-Q,2022-12-31,-5205000000,NetCashProvidedByUsedInFinancingActivities,USD,2023-04-27,10-Q,2022-03-31,2901000000,NetCashProvidedByUsedInInvestingActivities,USD,2023-04-27,10-Q,2022-03-31,222000000,NetCashProvidedByUsedInOperatingActivities,USD,2023-04-27,10-Q,2022-03-31,through_ocf,True,,,0.516953,0.092926,25.861867,-2.178736,1.214316
2023Q2,2023-05-10,SPHR,1795250,SPHERE ENTERTAINMENT CO.,$500M-$1B,,928442000,Revenues,USD,2023-05-10,10-Q,2022-03-31,-94452000,NetIncomeLoss,USD,2023-05-10,10-Q,2022-03-31,5568626000,Assets,USD,2023-05-10,10-Q,2022-06-30,-77520000,NetCashProvidedByUsedInFinancingActivities,USD,2023-05-10,10-Q,2022-03-31,-547926000,NetCashProvidedByUsedInInvestingActivities,USD,2023-05-10,10-Q,2022-03-31,106201000,NetCashProvidedByUsedInOperatingActivities,USD,2023-05-10,10-Q,2022-03-31,through_ocf,True,,,-0.101732,0.114386,5.997818,-0.083495,-0.590156
2023Q2,2023-05-03,SPNT,1576018,SIRIUSPOINT LTD.,$100M-$500M,,361400000,Revenues,USD,2023-05-03,10-Q,2022-03-31,-213000000,NetIncomeLoss,USD,2023-05-03,10-Q,2022-03-31,11036300000,Assets,USD,2023-05-03,10-Q,2022-12-31,-21200000,NetCashProvidedByUsedInFinancingActivities,USD,2023-05-03,10-Q,2022-03-31,-128400000,NetCashProvidedByUsedInInvestingActivities,USD,2023-05-03,10-Q,2022-03-31,100000,NetCashProvidedByUsedInOperatingActivities,USD,2023-05-03,10-Q,2022-03-31,through_ocf,True,,,-0.589375,0.000277,30.537631,-0.058661,-0.355285
2023Q2,2023-05-04,SPXC,88205,"SPX Technologies, Inc.",$1B-$2B,,1128100000,RevenueFromContractWithCustomerExcludingAssessedTax,USD,2023-02-24,10-K,2020-12-31,99000000,NetIncomeLoss,USD,2023-02-24,10-K,2020-12-31,2333700000,Assets,USD,2023-02-24,10-K,2020-12-31,15900000,NetCashProvidedByUsedInFinancingActivities,USD,2023-02-24,10-K,2020-12-31,-126100000,NetCashProvidedByUsedInInvestingActivities,USD,2023-02-24,10-K,2020-12-31,126300000,NetCashProvidedByUsedInOperatingActivities,USD,2023-02-24,10-K,2020-12-31,through_ocf,True,,,0.087758,0.111958,2.0687,0.014094,-0.111781
2023Q2,2023-05-03,SR,1126956,Spire Inc.,$1B-$2B,,1436300000,RevenueFromContractWithCustomerExcludingAssessedTax,USD,2023-05-03,10-Q,2022-03-31,229300000,NetIncomeLoss,USD,2023-05-03,10-Q,2022-03-31,9401300000,Assets,USD,2023-05-03,10-Q,2022-03-31,122000000,NetCashProvidedByUsedInFinancingActivities,USD,2023-05-03,10-Q,2022-03-31,-273200000,NetCashProvidedByUsedInInvestingActivities,USD,2023-05-03,10-Q,2022-03-31,155100000,NetCashProvidedByUsedInOperatingActivities,USD,2023-05-03,10-Q,2022-03-31,through_ocf,True,,,0.159646,0.107986,6.545499,0.08494,-0.190211
2023Q2,2023-04-27,SSNC,1402436,"SS&C TECHNOLOGIES HOLDINGS, INC.",$2B-$10B,,4667900000,RevenueFromContractWithCustomerExcludingAssessedTax,USD,2023-02-28,10-K,2020-12-31,625200000,NetIncomeLoss,USD,2023-02-28,10-K,2020-12-31,17333000000,Assets,USD,2023-02-28,10-K,2021-12-31,-1428100000,NetCashProvidedByUsedInFinancingActivities,USD,2023-02-28,10-K,2020-12-31,-210500000,NetCashProvidedByUsedInInvestingActivities,USD,2023-02-28,10-K,2020-12-31,1184700000,NetCashProvidedByUsedInOperatingActivities,USD,2023-02-28,10-K,2020-12-31,through_ocf,True,,,0.133936,0.253797,3.713233,-0.305941,-0.045095
2023Q2,2023-05-05,SSP,832428,THE E.W. SCRIPPS COMPANY,$500M-$1B,,565706000,RevenueFromContractWithCustomerExcludingAssessedTax,USD,2023-05-05,10-Q,2022-03-31,22365000,ProfitLoss,USD,2023-05-05,10-Q,2022-03-31,6431005000,Assets,USD,2023-05-05,10-Q,2022-12-31,-69979000,NetCashProvidedByUsedInFinancingActivities,USD,2023-05-05,10-Q,2022-03-31,-32854000,NetCashProvidedByUsedInInvestingActivities,USD,2023-05-05,10-Q,2022-03-31,37379000,NetCashProvidedByUsedInOperatingActivities,USD,2023-05-05,10-Q,2022-03-31,through_ocf,True,,,0.039535,0.066075,11.368105,-0.123702,-0.058076
2023Q2,2023-04-25,SSTK,1549346,"Shutterstock, Inc.",$100M-$500M,,199132000,RevenueFromContractWithCustomerExcludingAssessedTax,USD,2023-04-25,10-Q,2022-03-31,26572000,NetIncomeLoss,USD,2023-04-25,10-Q,2022-03-31,881184000,Assets,USD,2023-04-25,10-Q,2022-12-31,-65574000,NetCashProvidedByUsedInFinancingActivities,USD,2023-04-25,10-Q,2022-03-31,-12525000,NetCashProvidedByUsedInInvestingActivities,USD,2023-04-25,10-Q,2022-03-31,22723000,NetCashProvidedByUsedInOperatingActivities,USD,2023-04-25,10-Q,2022-03-31,through_ocf,True,,,0.133439,0.11411,4.425125,-0.329299,-0.062898
2023Q2,2023-04-26,STC,94344,STEWART INFORMATION SERVICES CORP,$2B-$10B,,2288432000,Revenues,USD,2023-02-28,10-K,2020-12-31,154905000,NetIncomeLoss,USD,2023-02-28,10-K,2020-12-31,2813362000,Assets,USD,2023-02-28,10-K,2021-12-31,54301000,NetCashProvidedByUsedInFinancingActivities,USD,2023-02-28,10-K,2020-12-31,-231370000,NetCashProvidedByUsedInInvestingActivities,USD,2023-02-28,10-K,2020-12-31,275806000,NetCashProvidedByUsedInOperatingActivities,USD,2023-02-28,10-K,2020-12-31,through_ocf,True,,,0.06769,0.120522,1.229384,0.023728,-0.101104
2023Q2,2023-05-10,STE,1757898,STERIS plc,$2B-$10B,,3374378000,Revenues,USD,2023-02-08,10-Q,2021-12-31,191627000,NetIncomeLoss,USD,2023-02-08,10-Q,2021-12-31,11423594000,Assets,USD,2023-02-08,10-Q,2022-03-31,390438000,NetCashProvidedByUsedInFinancingActivities,USD,2023-02-08,10-Q,2021-12-31,-760135000,NetCashProvidedByUsedInInvestingActivities,USD,2023-02-08,10-Q,2021-12-31,513080000,NetCashProvidedByUsedInOperatingActivities,USD,2023-02-08,10-Q,2021-12-31,through_ocf,True,,,0.056789,0.152052,3.385393,0.115707,-0.225267
2023Q2,2023-05-24,STEP,1796022,STEPSTONE GROUP INC.,$1B-$2B,,1000835000,Revenues,USD,2023-02-09,10-Q,2021-12-31,152070000,NetIncomeLoss,USD,2023-02-09,10-Q,2021-12-31,4188125000,Assets,USD,2023-02-09,10-Q,2022-03-31,-27073000,NetCashProvidedByUsedInFinancingActivities,USD,2023-02-09,10-Q,2021-12-31,-201475000,NetCashProvidedByUsedInInvestingActivities,USD,2023-02-09,10-Q,2021-12-31,181978000,NetCashProvidedByUsedInOperatingActivities,USD,2023-02-09,10-Q,2021-12-31,through_ocf,True,,,0.151943,0.181826,4.184631,-0.02705,-0.201307
2023Q2,2023-05-09,STGW,876883,Stagwell Inc.,$500M-$1B,,642903000,Revenues,USD,2023-05-09,10-Q,2022-03-31,12675000,NetIncomeLoss,USD,2023-05-09,10-Q,2022-03-31,3993332000,Assets,USD,2023-05-09,10-Q,2022-12-31,6529000,NetCashProvidedByUsedInFinancingActivities,USD,2023-05-09,10-Q,2022-03-31,-8289000,NetCashProvidedByUsedInInvestingActivities,USD,2023-05-09,10-Q,2022-03-31,-48577000,NetCashProvidedByUsedInOperatingActivities,USD,2023-05-09,10-Q,2022-03-31,through_ocf,True,,,0.019715,-0.075559,6.211407,0.010155,-0.012893
2023Q2,2023-05-10,STKL,351834,SUNOPTA INC.,$100M-$500M,,240173000,Revenues,USD,2023-05-10,10-Q,2022-04-02,4568000,ProfitLoss,USD,2023-05-10,10-Q,2022-04-02,855852000,Assets,USD,2023-05-10,10-Q,2022-12-31,9243000,NetCashProvidedByUsedInFinancingActivities,USD,2023-05-10,10-Q,2022-04-02,-24518000,NetCashProvidedByUsedInInvestingActivities,USD,2023-05-10,10-Q,2022-04-02,15543000,NetCashProvidedByUsedInOperatingActivities,USD,2023-05-10,10-Q,2022-04-02,through_ocf,True,,,0.01902,0.064716,3.563481,0.038485,-0.102085
2023Q2,2023-04-21,STLD,1022671,"Steel Dynamics, Inc.",$2B-$10B,,9601482000,Revenues,USD,2023-02-28,10-K,2020-12-31,570828000,ProfitLoss,USD,2023-02-28,10-K,2020-12-31,12531234000,Assets,USD,2023-02-28,10-K,2021-12-31,-7048000,NetCashProvidedByUsedInFinancingActivities,USD,2023-02-28,10-K,2020-12-31,-993259000,NetCashProvidedByUsedInInvestingActivities,USD,2023-02-28,10-K,2020-12-31,987032000,NetCashProvidedByUsedInOperatingActivities,USD,2023-02-28,10-K,2020-12-31,through_ocf,True,,,0.059452,0.1028,1.305135,-0.000734,-0.103449
2023Q2,2023-04-27,STRA,1013934,"STRATEGIC EDUCATION, INC.",$1B-$2B,,1027653000,RevenueFromContractWithCustomerExcludingAssessedTax,USD,2023-02-27,10-K,2020-12-31,86268000,NetIncomeLoss,USD,2023-02-27,10-K,2020-12-31,2305880000,Assets,USD,2023-02-27,10-K,2021-12-31,279187000,NetCashProvidedByUsedInFinancingActivities,USD,2023-02-27,10-K,2020-12-31,-642192000,NetCashProvidedByUsedInInvestingActivities,USD,2023-02-27,10-K,2020-12-31,142905000,NetCashProvidedByUsedInOperatingActivities,USD,2023-02-27,10-K,2020-12-31,through_ocf,True,,,0.083947,0.13906,2.243831,0.271674,-0.624911
2023Q2,2023-05-01,STRL,874238,"STERLING INFRASTRUCTURE, INC.",$100M-$500M,,345674000,RevenueFromContractWithCustomerExcludingAssessedTax,USD,2023-02-28,10-K,2020-06-30,42306000,NetIncomeLoss,USD,2023-02-28,10-K,2020-12-31,1234774000,Assets,USD,2023-02-28,10-K,2021-12-31,-70325000,NetCashProvidedByUsedInFinancingActivities,USD,2023-02-28,10-K,2020-12-31,-30491000,NetCashProvidedByUsedInInvestingActivities,USD,2023-02-28,10-K,2020-12-31,122896000,NetCashProvidedByUsedInOperatingActivities,USD,2023-02-28,10-K,2020-12-31,through_ocf,True,,,0.122387,0.355526,3.572077,-0.203443,-0.088207
2023Q2,2023-04-17,STT,93751,STATE STREET CORP,>$10B,,11703000000,Revenues,USD,2023-02-16,10-K,2020-12-31,2420000000,NetIncomeLoss,USD,2023-02-16,10-K,2020-12-31,314624000000,Assets,USD,2023-02-16,10-K,2021-12-31,62167000000,NetCashProvidedByUsedInFinancingActivities,USD,2023-02-16,10-K,2020-12-31,-65534000000,NetCashProvidedByUsedInInvestingActivities,USD,2023-02-16,10-K,2020-12-31,3532000000,NetCashProvidedByUsedInOperatingActivities,USD,2023-02-16,10-K,2020-12-31,through_ocf,True,,,0.206785,0.301803,26.884047,5.312057,-5.599761
2023Q2,2023-04-19,STX,1137789,Seagate Technology Holdings plc,$2B-$10B,,6231000000,RevenueFromContractWithCustomerExcludingAssessedTax,USD,2023-01-25,10-Q,2021-12-31,1027000000,NetIncomeLoss,USD,2023-01-25,10-Q,2021-12-31,8944000000,Assets,USD,2023-01-25,10-Q,2022-07-01,-495000000,NetCashProvidedByUsedInFinancingActivities,USD,2023-01-25,10-Q,2021-12-31,-196000000,NetCashProvidedByUsedInInvestingActivities,USD,2023-01-25,10-Q,2021-12-31,1017000000,NetCashProvidedByUsedInOperatingActivities,USD,2023-01-25,10-Q,2021-12-31,through_ocf,True,,,0.164821,0.163216,1.435404,-0.079442,-0.031456
2023Q2,2023-04-06,STZ,16918,"CONSTELLATION BRANDS, INC.",$2B-$10B,,6718200000,RevenueFromContractWithCustomerExcludingAssessedTax,USD,2023-01-05,10-Q,2021-11-30,-435800000,NetIncomeLoss,USD,2023-01-05,10-Q,2021-11-30,25855800000,Assets,USD,2023-01-05,10-Q,2022-02-28,-1867900000,NetCashProvidedByUsedInFinancingActivities,USD,2023-01-05,10-Q,2021-11-30,-674200000,NetCashProvidedByUsedInInvestingActivities,USD,2023-01-05,10-Q,2021-11-30,2444100000,NetCashProvidedByUsedInOperatingActivities,USD,2023-01-05,10-Q,2021-11-30,through_ocf,True,,,-0.064869,0.363803,3.84862,-0.278036,-0.100354
2023Q2,2023-04-26,SUPN,1356576,"SUPERNUS PHARMACEUTICALS, INC.",$500M-$1B,,520397000,RevenueFromContractWithCustomerExcludingAssessedTax,USD,2023-03-09,10-K,2020-12-31,126950000,NetIncomeLoss,USD,2023-03-09,10-K,2020-12-31,1689152000,Assets,USD,2023-03-09,10-K,2021-12-31,3559000,NetCashProvidedByUsedInFinancingActivities,USD,2023-03-09,10-K,2020-12-31,-34699000,NetCashProvidedByUsedInInvestingActivities,USD,2023-03-09,10-K,2020-12-31,138399000,NetCashProvidedByUsedInOperatingActivities,USD,2023-03-09,10-K,2020-12-31,through_ocf,True,,,0.243948,0.265949,3.245891,0.006839,-0.066678
2023Q2,2023-06-22,SWBI,1092796,"Smith & Wesson Brands, Inc.",$1B-$2B,,1059195000,RevenueFromContractWithCustomerExcludingAssessedTax,USD,2023-06-22,10-K,2021-04-30,252049000,NetIncomeLoss,USD,2023-06-22,10-K,2021-04-30,497476000,Assets,USD,2023-06-22,10-K,2022-04-30,-303924000,NetCashProvidedByUsedInFinancingActivities,USD,2023-06-22,10-K,2021-04-30,-23404000,NetCashProvidedByUsedInInvestingActivities,USD,2023-06-22,10-K,2021-04-30,315334000,NetCashProvidedByUsedInOperatingActivities,USD,2023-06-22,10-K,2021-04-30,through_ocf,True,,,0.237963,0.297711,0.469674,-0.286939,-0.022096
2023Q2,2023-05-09,SWIM,1833197,"Latham Group, Inc.",$100M-$500M,,191614000,RevenueFromContractWithCustomerExcludingAssessedTax,USD,2023-05-09,10-Q,2022-04-02,-2840000,NetIncomeLoss,USD,2023-05-09,10-Q,2022-04-02,869683000,Assets,USD,2023-05-09,10-Q,2022-12-31,39251000,NetCashProvidedByUsedInFinancingActivities,USD,2023-05-09,10-Q,2022-04-02,-6666000,NetCashProvidedByUsedInInvestingActivities,USD,2023-05-09,10-Q,2022-04-02,-57468000,NetCashProvidedByUsedInOperatingActivities,USD,2023-05-09,10-Q,2022-04-02,through_ocf,True,,,-0.014821,-0.299915,4.538724,0.204844,-0.034789
2023Q2,2023-05-04,SWK,93556,"STANLEY BLACK & DECKER, INC.",$2B-$10B,,4448000000,Revenues,USD,2023-05-04,10-Q,2022-04-02,175300000,NetIncomeLoss,USD,2023-05-04,10-Q,2022-04-02,24963300000,Assets,USD,2023-05-04,10-Q,2022-12-31,1425400000,NetCashProvidedByUsedInFinancingActivities,USD,2023-05-04,10-Q,2022-04-02,-163400000,NetCashProvidedByUsedInInvestingActivities,USD,2023-05-04,10-Q,2022-04-02,-1241100000,NetCashProvidedByUsedInOperatingActivities,USD,2023-05-04,10-Q,2022-04-02,through_ocf,True,,,0.039411,-0.279024,5.612253,0.320459,-0.036736
2023Q2,2023-05-08,SWKS,4127,"Skyworks Solutions, Inc.",$1B-$2B,,1510400000,Revenues,USD,2023-02-07,10-Q,2021-12-31,399900000,NetIncomeLoss,USD,2023-02-07,10-Q,2021-12-31,8873800000,Assets,USD,2023-02-07,10-Q,2022-09-30,-490200000,NetCashProvidedByUsedInFinancingActivities,USD,2023-02-07,10-Q,2021-12-31,-98000000,NetCashProvidedByUsedInInvestingActivities,USD,2023-02-07,10-Q,2021-12-31,581700000,NetCashProvidedByUsedInOperatingActivities,USD,2023-02-07,10-Q,2021-12-31,through_ocf,True,,,0.264764,0.38513,5.875132,-0.32455,-0.064883
2023Q2,2023-05-09,SWX,1692115,"Southwest Gas Holdings, Inc.",$2B-$10B,,4061953000,Revenues,USD,2023-05-09,10-Q,2022-03-31,179664000,NetIncomeLoss,USD,2023-05-09,10-Q,2022-03-31,13196614000,Assets,USD,2023-05-09,10-Q,2022-12-31,3226725000,NetCashProvidedByUsedInFinancingActivities,USD,2023-05-09,10-Q,2022-03-31,-3045006000,NetCashProvidedByUsedInInvestingActivities,USD,2023-05-09,10-Q,2022-03-31,350460000,NetCashProvidedByUsedInOperatingActivities,USD,2023-05-09,10-Q,2022-03-31,through_ocf,True,,,0.044231,0.086279,3.248835,0.794378,-0.749641
2023Q2,2023-05-04,SXC,1514705,"SunCoke Energy, Inc.",$100M-$500M,,439800000,RevenueFromContractWithCustomerExcludingAssessedTax,USD,2023-05-04,10-Q,2022-03-31,29500000,NetIncomeLoss,USD,2023-05-04,10-Q,2022-03-31,1654600000,Assets,USD,2023-05-04,10-Q,2022-12-31,6200000,NetCashProvidedByUsedInFinancingActivities,USD,2023-05-04,10-Q,2022-03-31,-13000000,NetCashProvidedByUsedInInvestingActivities,USD,2023-05-04,10-Q,2022-03-31,22700000,NetCashProvidedByUsedInOperatingActivities,USD,2023-05-04,10-Q,2022-03-31,through_ocf,True,,,0.067076,0.051614,3.762165,0.014097,-0.029559
2023Q2,2023-04-28,SXT,310142,Sensient Technologies Corp,$1B-$2B,,1332001000,RevenueFromContractWithCustomerExcludingAssessedTax,USD,2023-02-17,10-K,2020-12-31,109472000,NetIncomeLoss,USD,2023-02-17,10-K,2020-12-31,1740860000,Assets,USD,2023-02-17,10-K,2020-12-31,-184153000,NetCashProvidedByUsedInFinancingActivities,USD,2023-02-17,10-K,2020-12-31,-33421000,NetCashProvidedByUsedInInvestingActivities,USD,2023-02-17,10-K,2020-12-31,218780000,NetCashProvidedByUsedInOperatingActivities,USD,2023-02-17,10-K,2020-12-31,through_ocf,True,,,0.082186,0.164249,1.306951,-0.138253,-0.025091
2023Q2,2023-05-01,SYK,310764,STRYKER CORP,>$10B,,14351000000,Revenues,USD,2023-02-10,10-K,2020-12-31,1599000000,NetIncomeLoss,USD,2023-02-10,10-K,2020-12-31,34330000000,Assets,USD,2023-02-10,10-K,2020-12-31,-11000000,NetCashProvidedByUsedInFinancingActivities,USD,2023-02-10,10-K,2020-12-31,-4701000000,NetCashProvidedByUsedInInvestingActivities,USD,2023-02-10,10-K,2020-12-31,3277000000,NetCashProvidedByUsedInOperatingActivities,USD,2023-02-10,10-K,2020-12-31,through_ocf,True,,,0.111421,0.228346,2.392168,-0.000766,-0.327573
2023Q2,2023-05-01,SYM,1837240,SYMBOTIC INC.,<$100M,,77064000,RevenueFromContractWithCustomerExcludingAssessedTax,USD,2023-02-03,10-Q,2021-12-25,-23053000,NetIncomeLoss,USD,2023-02-03,10-Q,2021-12-25,631263000,Assets,USD,2023-02-03,10-Q,2022-09-24,173796000,NetCashProvidedByUsedInFinancingActivities,USD,2023-02-03,10-Q,2021-12-25,-7505000,NetCashProvidedByUsedInInvestingActivities,USD,2023-02-03,10-Q,2021-12-25,40000000,NetCashProvidedByUsedInOperatingActivities,USD,2023-02-03,10-Q,2021-12-25,through_ocf,True,,,-0.299141,0.519049,8.191412,2.255216,-0.097387
2023Q2,2023-05-03,SYNA,817720,SYNAPTICS INCORPORATED,$500M-$1B,,793200000,RevenueFromContractWithCustomerExcludingAssessedTax,USD,2023-02-02,10-Q,2021-12-25,40200000,NetIncomeLoss,USD,2023-02-02,10-Q,2021-09-25,2858100000,Assets,USD,2023-02-02,10-Q,2022-06-25,-11700000,NetCashProvidedByUsedInFinancingActivities,USD,2023-02-02,10-Q,2021-12-25,-4700000,NetCashProvidedByUsedInInvestingActivities,USD,2022-11-03,10-Q,2021-09-25,180700000,NetCashProvidedByUsedInOperatingActivities,USD,2023-02-02,10-Q,2021-12-25,through_ocf,True,,,0.050681,0.227811,3.603253,-0.01475,-0.005925
2023Q2,2023-05-09,TALO,1724965,Talos Energy Inc.,$100M-$500M,,413566000,Revenues,USD,2023-05-09,10-Q,2022-03-31,-66441000,NetIncomeLoss,USD,2023-05-09,10-Q,2022-03-31,3058626000,Assets,USD,2023-05-09,10-Q,2022-12-31,-45732000,NetCashProvidedByUsedInFinancingActivities,USD,2023-05-09,10-Q,2022-03-31,-59382000,NetCashProvidedByUsedInInvestingActivities,USD,2023-05-09,10-Q,2022-03-31,113610000,NetCashProvidedByUsedInOperatingActivities,USD,2023-05-09,10-Q,2022-03-31,through_ocf,True,,,-0.160654,0.274708,7.395739,-0.11058,-0.143585
2023Q2,2023-05-02,TAP,24545,MOLSON COORS BEVERAGE COMPANY,$2B-$10B,,2643300000,RevenueFromContractWithCustomerExcludingAssessedTax,USD,2023-05-02,10-Q,2022-03-31,151500000,NetIncomeLoss,USD,2023-05-02,10-Q,2022-03-31,25868300000,Assets,USD,2023-05-02,10-Q,2022-12-31,72500000,NetCashProvidedByUsedInFinancingActivities,USD,2023-05-02,10-Q,2022-03-31,-226200000,NetCashProvidedByUsedInInvestingActivities,USD,2023-05-02,10-Q,2022-03-31,-119300000,NetCashProvidedByUsedInOperatingActivities,USD,2023-05-02,10-Q,2022-03-31,through_ocf,True,,,0.057315,-0.045133,9.786366,0.027428,-0.085575
2023Q2,2023-05-08,TASK,1829864,"TaskUs, Inc.",$100M-$500M,,478046000,RevenueFromContractWithCustomerExcludingAssessedTax,USD,2023-03-06,10-K,2020-12-31,34533000,NetIncomeLoss,USD,2023-03-06,10-K,2020-12-31,749998000,Assets,USD,2023-03-06,10-K,2021-12-31,36990000,NetCashProvidedByUsedInFinancingActivities,USD,2023-03-06,10-K,2020-12-31,-28883000,NetCashProvidedByUsedInInvestingActivities,USD,2023-03-06,10-K,2020-12-31,58873000,NetCashProvidedByUsedInOperatingActivities,USD,2023-03-06,10-K,2020-12-31,through_ocf,True,,,0.072238,0.123153,1.568882,0.077377,-0.060419
2023Q2,2023-04-24,TBI,768899,"TrueBlue, Inc.",$500M-$1B,,568244000,SalesRevenueServicesNet,USD,2018-04-30,10-Q,2017-04-02,10519000,NetIncomeLoss,USD,2023-04-24,10-Q,2022-03-27,1019408000,Assets,USD,2023-04-24,10-Q,2022-12-25,-36049000,NetCashProvidedByUsedInFinancingActivities,USD,2023-04-24,10-Q,2022-03-27,255000,NetCashProvidedByUsedInInvestingActivities,USD,2023-04-24,10-Q,2022-03-27,26442000,NetCashProvidedByUsedInOperatingActivities,USD,2023-04-24,10-Q,2022-03-27,through_ocf,True,,,0.018511,0.046533,1.793962,-0.063439,0.000449
2023Q2,2023-05-10,TBLA,0001840502,TABOOLA.COM LTD.,$100M-$500M,,354726000,RevenueFromContractWithCustomerExcludingAssessedTax,USD,2023-05-10,10-Q,2022-03-31,3888000,NetIncomeLoss,USD,2023-05-10,10-Q,2022-03-31,1529623000,Assets,USD,2023-05-10,10-Q,2022-12-31,804000,NetCashProvidedByUsedInFinancingActivities,USD,2023-05-10,10-Q,2022-03-31,-49648000,NetCashProvidedByUsedInInvestingActivities,USD,2023-05-10,10-Q,2022-03-31,8123000,NetCashProvidedByUsedInOperatingActivities,USD,2023-05-10,10-Q,2022-03-31,through_ocf,True,,,0.010961,0.022899,4.312125,0.002267,-0.139962
2023Q2,2023-05-04,TDAY,1579684,"USA TODAY CO., INC.",$500M-$1B,,748077000,RevenueFromContractWithCustomerExcludingAssessedTax,USD,2023-05-04,10-Q,2022-03-31,-2967000,NetIncomeLoss,USD,2023-05-04,10-Q,2022-03-31,2393555000,Assets,USD,2023-05-04,10-Q,2022-12-31,-3818000,NetCashProvidedByUsedInFinancingActivities,USD,2023-05-04,10-Q,2022-03-31,-6220000,NetCashProvidedByUsedInInvestingActivities,USD,2023-05-04,10-Q,2022-03-31,32429000,NetCashProvidedByUsedInOperatingActivities,USD,2023-05-04,10-Q,2022-03-31,through_ocf,True,,,-0.003966,0.04335,3.19961,-0.005104,-0.008315
2023Q2,2023-05-09,TDG,1260221,TransDigm Group Incorporated,$2B-$10B,,2521000000,Revenues,USD,2023-05-09,10-Q,2022-04-02,163000000,NetIncomeLoss,USD,2023-05-09,10-Q,2022-01-01,18107000000,Assets,USD,2023-05-09,10-Q,2022-09-30,-872000000,NetCashProvidedByUsedInFinancingActivities,USD,2023-05-09,10-Q,2022-04-02,-54000000,NetCashProvidedByUsedInInvestingActivities,USD,2023-05-09,10-Q,2022-04-02,366000000,NetCashProvidedByUsedInOperatingActivities,USD,2023-05-09,10-Q,2022-04-02,through_ocf,True,,,0.064657,0.14518,7.182467,-0.345894,-0.02142
2023Q2,2023-04-26,TDY,1094285,Teledyne Technologies Inc,$2B-$10B,,3086200000,RevenueFromContractWithCustomerExcludingAssessedTax,USD,2023-02-24,10-K,2021-01-03,401900000,NetIncomeLoss,USD,2023-02-24,10-K,2021-01-03,5084800000,Assets,USD,2023-02-24,10-K,2021-01-03,-61800000,NetCashProvidedByUsedInFinancingActivities,USD,2023-02-24,10-K,2021-01-03,-99400000,NetCashProvidedByUsedInInvestingActivities,USD,2023-02-24,10-K,2021-01-03,618900000,NetCashProvidedByUsedInOperatingActivities,USD,2023-02-24,10-K,2021-01-03,through_ocf,True,,,0.130225,0.200538,1.647593,-0.020025,-0.032208
2023Q2,2023-05-09,TEAD,1454938,Teads Holding Co.,$100M-$500M,,254216000,Revenues,USD,2023-05-09,10-Q,2022-03-31,-1890000,NetIncomeLoss,USD,2023-05-09,10-Q,2022-03-31,781148000,Assets,USD,2023-05-09,10-Q,2022-12-31,-458000,NetCashProvidedByUsedInFinancingActivities,USD,2023-05-09,10-Q,2022-03-31,-40764000,NetCashProvidedByUsedInInvestingActivities,USD,2023-05-09,10-Q,2022-03-31,-2641000,NetCashProvidedByUsedInOperatingActivities,USD,2023-05-09,10-Q,2022-03-31,through_ocf,True,,,-0.007435,-0.010389,3.072773,-0.001802,-0.160352
2023Q2,2023-05-03,TECH,842023,BIO-TECHNE CORPORATION,$500M-$1B,,526995000,RevenueFromContractWithCustomerExcludingAssessedTax,USD,2023-02-07,10-Q,2021-12-31,149788000,NetIncomeLoss,USD,2023-02-07,10-Q,2021-12-31,2294805000,Assets,USD,2023-02-07,10-Q,2022-06-30,-93060000,NetCashProvidedByUsedInFinancingActivities,USD,2023-02-07,10-Q,2021-12-31,-42288000,NetCashProvidedByUsedInInvestingActivities,USD,2023-02-07,10-Q,2021-12-31,149427000,NetCashProvidedByUsedInOperatingActivities,USD,2023-02-07,10-Q,2021-12-31,through_ocf,True,,,0.28423,0.283545,4.35451,-0.176586,-0.080244
2023Q2,2023-04-26,TEL,1385157,TE CONNECTIVITY PLC,$2B-$10B,,3818000000,RevenueFromContractWithCustomerExcludingAssessedTax,USD,2023-01-27,10-Q,2021-12-24,566000000,NetIncomeLoss,USD,2023-01-27,10-Q,2021-12-24,20782000000,Assets,USD,2023-01-27,10-Q,2022-09-30,-552000000,NetCashProvidedByUsedInFinancingActivities,USD,2023-01-27,10-Q,2021-12-24,-199000000,NetCashProvidedByUsedInInvestingActivities,USD,2023-01-27,10-Q,2021-12-24,532000000,NetCashProvidedByUsedInOperatingActivities,USD,2023-01-27,10-Q,2021-12-24,through_ocf,True,,,0.148245,0.13934,5.443164,-0.144578,-0.052122
2023Q2,2023-04-24,TENB,1660280,"TENABLE HOLDINGS, INC.",$100M-$500M,,440221000,RevenueFromContractWithCustomerExcludingAssessedTax,USD,2023-02-24,10-K,2020-12-31,-42731000,NetIncomeLoss,USD,2023-02-24,10-K,2020-12-31,1248819000,Assets,USD,2023-02-24,10-K,2021-12-31,36403000,NetCashProvidedByUsedInFinancingActivities,USD,2023-02-24,10-K,2020-12-31,4079000,NetCashProvidedByUsedInInvestingActivities,USD,2023-02-24,10-K,2020-12-31,64232000,NetCashProvidedByUsedInOperatingActivities,USD,2023-02-24,10-K,2020-12-31,through_ocf,True,,,-0.097067,0.145909,2.8368,0.082693,0.009266
2023Q2,2023-04-27,TER,97210,"TERADYNE, INC.",$2B-$10B,,3121469000,Revenues,USD,2023-02-22,10-K,2020-12-31,784147000,NetIncomeLoss,USD,2023-02-22,10-K,2020-12-31,3652346000,Assets,USD,2023-02-22,10-K,2020-12-31,-158286000,NetCashProvidedByUsedInFinancingActivities,USD,2023-02-22,10-K,2020-12-31,-569794000,NetCashProvidedByUsedInInvestingActivities,USD,2023-02-22,10-K,2020-12-31,868935000,NetCashProvidedByUsedInOperatingActivities,USD,2023-02-22,10-K,2020-12-31,through_ocf,True,,,0.251211,0.278374,1.170073,-0.050709,-0.18254
2023Q2,2023-05-01,TEX,97216,TEREX CORP,$2B-$10B,,3076400000,Revenues,USD,2023-02-10,10-K,2020-12-31,-10600000,NetIncomeLoss,USD,2023-02-10,10-K,2020-12-31,2863500000,Assets,USD,2023-02-10,10-K,2021-12-31,-82800000,NetCashProvidedByUsedInFinancingActivities,USD,2023-02-10,10-K,2020-12-31,-38500000,NetCashProvidedByUsedInInvestingActivities,USD,2023-02-10,10-K,2020-12-31,225400000,NetCashProvidedByUsedInOperatingActivities,USD,2023-02-10,10-K,2020-12-31,through_ocf,True,,,-0.003446,0.073267,0.930796,-0.026915,-0.012515
2023Q2,2023-05-04,TGLS,1534675,TECNOGLASS INC.,$100M-$500M,,376607000,RevenueFromContractWithCustomerExcludingAssessedTax,USD,2023-03-07,10-K,2020-12-31,23875000,NetIncomeLoss,USD,2023-03-07,10-K,2020-12-31,591563000,Assets,USD,2023-03-07,10-K,2021-12-31,-33536000,NetCashProvidedByUsedInFinancingActivities,USD,2023-03-07,10-K,2020-12-31,-18111000,NetCashProvidedByUsedInInvestingActivities,USD,2023-03-07,10-K,2020-12-31,71711000,NetCashProvidedByUsedInOperatingActivities,USD,2023-03-07,10-K,2020-12-31,through_ocf,True,,,0.063395,0.190413,1.57077,-0.089048,-0.04809
2023Q2,2023-05-10,TGNA,39899,TEGNA INC.,$500M-$1B,,774123000,RevenueFromContractWithCustomerExcludingAssessedTax,USD,2023-05-10,10-Q,2022-03-31,134234000,NetIncomeLoss,USD,2023-05-10,10-Q,2022-03-31,7328896000,Assets,USD,2023-05-10,10-Q,2022-12-31,-202603000,NetCashProvidedByUsedInFinancingActivities,USD,2023-05-10,10-Q,2022-03-31,-7330000,NetCashProvidedByUsedInInvestingActivities,USD,2023-05-10,10-Q,2022-03-31,196260000,NetCashProvidedByUsedInOperatingActivities,USD,2023-05-10,10-Q,2022-03-31,through_ocf,True,,,0.173401,0.253526,9.467353,-0.261719,-0.009469
2023Q2,2023-05-09,TH,1712189,TARGET HOSPITALITY CORP.,<$100M,,80335000,Revenues,USD,2023-05-09,10-Q,2022-03-31,494000,NetIncomeLoss,USD,2023-05-09,10-Q,2022-03-31,771727000,Assets,USD,2023-05-09,10-Q,2022-12-31,15831000,NetCashProvidedByUsedInFinancingActivities,USD,2023-05-09,10-Q,2022-03-31,-2835000,NetCashProvidedByUsedInInvestingActivities,USD,2023-05-09,10-Q,2022-03-31,-30580000,NetCashProvidedByUsedInOperatingActivities,USD,2023-05-09,10-Q,2022-03-31,through_ocf,True,,,0.006149,-0.380656,9.606361,0.197062,-0.03529
2023Q2,2023-05-25,THR,1489096,"THERMON GROUP HOLDINGS, INC.",$100M-$500M,,276181000,RevenueFromContractWithCustomerExcludingAssessedTax,USD,2023-05-25,10-K,2021-03-31,877000,NetIncomeLoss,USD,2023-05-25,10-K,2021-03-31,636669000,Assets,USD,2023-05-25,10-K,2022-03-31,-28205000,NetCashProvidedByUsedInFinancingActivities,USD,2023-05-25,10-K,2021-03-31,-7832000,NetCashProvidedByUsedInInvestingActivities,USD,2023-05-25,10-K,2021-03-31,30289000,NetCashProvidedByUsedInOperatingActivities,USD,2023-05-25,10-K,2021-03-31,through_ocf,True,,,0.003175,0.109671,2.30526,-0.102125,-0.028358
2023Q2,2023-04-27,THRM,903129,Gentherm Inc,$100M-$500M,,267657000,RevenueFromContractWithCustomerExcludingAssessedTax,USD,2023-04-27,10-Q,2022-03-31,11747000,ProfitLoss,USD,2023-04-27,10-Q,2022-03-31,1239300000,Assets,USD,2023-04-27,10-Q,2022-12-31,-3750000,NetCashProvidedByUsedInFinancingActivities,USD,2023-04-27,10-Q,2022-03-31,-5957000,NetCashProvidedByUsedInInvestingActivities,USD,2023-04-27,10-Q,2022-03-31,-684000,NetCashProvidedByUsedInOperatingActivities,USD,2023-04-27,10-Q,2022-03-31,through_ocf,True,,,0.043888,-0.002556,4.63018,-0.01401,-0.022256
2023Q2,2023-05-04,THRY,1556739,"THRYV HOLDINGS, INC.",$100M-$500M,,308375000,RevenueFromContractWithCustomerExcludingAssessedTax,USD,2023-05-04,10-Q,2022-03-31,33511000,NetIncomeLoss,USD,2023-05-04,10-Q,2022-03-31,1177877000,Assets,USD,2023-05-04,10-Q,2022-12-31,6386000,NetCashProvidedByUsedInFinancingActivities,USD,2023-05-04,10-Q,2022-03-31,-26002000,NetCashProvidedByUsedInInvestingActivities,USD,2023-05-04,10-Q,2022-03-31,29327000,NetCashProvidedByUsedInOperatingActivities,USD,2023-05-04,10-Q,2022-03-31,through_ocf,True,,,0.10867,0.095102,3.819625,0.020709,-0.084319
2023Q2,2023-05-05,TILE,715787,INTERFACE INC,$1B-$2B,,1103262000,RevenueFromContractWithCustomerExcludingAssessedTax,USD,2023-03-01,10-K,2021-01-03,-71929000,NetIncomeLoss,USD,2023-03-01,10-K,2021-01-03,1330057000,Assets,USD,2023-03-01,10-K,2022-01-02,-42715000,NetCashProvidedByUsedInFinancingActivities,USD,2023-03-01,10-K,2021-01-03,-61689000,NetCashProvidedByUsedInInvestingActivities,USD,2023-03-01,10-K,2021-01-03,119070000,NetCashProvidedByUsedInOperatingActivities,USD,2023-03-01,10-K,2021-01-03,through_ocf,True,,,-0.065197,0.107925,1.205568,-0.038717,-0.055915
2023Q2,2023-05-03,TIPT,1393726,Tiptree Inc.,$100M-$500M,,324903000,Revenues,USD,2023-05-03,10-Q,2022-03-31,-960000,NetIncomeLoss,USD,2023-05-03,10-Q,2022-03-31,4039563000,Assets,USD,2023-05-03,10-Q,2022-12-31,-124703000,NetCashProvidedByUsedInFinancingActivities,USD,2023-05-03,10-Q,2022-03-31,-18732000,NetCashProvidedByUsedInInvestingActivities,USD,2023-05-03,10-Q,2022-03-31,149067000,NetCashProvidedByUsedInOperatingActivities,USD,2023-05-03,10-Q,2022-03-31,through_ocf,True,,,-0.002955,0.458805,12.433135,-0.383816,-0.057654
2023Q2,2023-05-25,TITN,1409171,TITAN MACHINERY INC.,$1B-$2B,,1411222000,Revenues,USD,2023-03-30,10-K,2021-01-31,19356000,NetIncomeLoss,USD,2023-03-30,10-K,2021-01-31,946667000,Assets,USD,2023-03-30,10-K,2022-01-31,-117939000,NetCashProvidedByUsedInFinancingActivities,USD,2023-03-30,10-K,2021-01-31,-20297000,NetCashProvidedByUsedInInvestingActivities,USD,2023-03-30,10-K,2021-01-31,172996000,NetCashProvidedByUsedInOperatingActivities,USD,2023-03-30,10-K,2021-01-31,through_ocf,True,,,0.013716,0.122586,0.670814,-0.083572,-0.014383
2023Q2,2023-05-17,TJX,109198,"THE TJX COMPANIES, INC.",$2B-$10B,,7784024000,SalesRevenueNet,USD,2018-06-01,10-Q,2017-04-29,90000000,NetIncomeLoss,USD,2023-03-29,10-K,2021-01-30,30814000000,Assets,USD,2023-03-29,10-K,2021-01-30,3228000000,NetCashProvidedByUsedInFinancingActivities,USD,2023-03-29,10-K,2021-01-30,-579000000,NetCashProvidedByUsedInInvestingActivities,USD,2023-03-29,10-K,2021-01-30,4562000000,NetCashProvidedByUsedInOperatingActivities,USD,2023-03-29,10-K,2021-01-30,through_ocf,True,,,0.011562,0.586072,3.958621,0.414696,-0.074383
2023Q2,2023-04-26,TMHC,1562476,TAYLOR MORRISON HOME CORP,$1B-$2B,,1703124000,RevenueFromContractWithCustomerExcludingAssessedTax,USD,2023-04-26,10-Q,2022-03-31,176703000,NetIncomeLoss,USD,2023-04-26,10-Q,2022-03-31,8470724000,Assets,USD,2023-04-26,10-Q,2022-12-31,-315533000,NetCashProvidedByUsedInFinancingActivities,USD,2023-04-26,10-Q,2022-03-31,-7441000,NetCashProvidedByUsedInInvestingActivities,USD,2023-04-26,10-Q,2022-03-31,57461000,NetCashProvidedByUsedInOperatingActivities,USD,2023-04-26,10-Q,2022-03-31,through_ocf,True,,,0.103752,0.033739,4.973639,-0.185267,-0.004369
2023Q2,2023-05-03,TNDM,1438133,"Tandem Diabetes Care, Inc.",$100M-$500M,,175907000,RevenueFromContractWithCustomerExcludingAssessedTax,USD,2023-05-03,10-Q,2022-03-31,-14715000,NetIncomeLoss,USD,2023-05-03,10-Q,2022-03-31,1052785000,Assets,USD,2023-05-03,10-Q,2022-12-31,3500000,NetCashProvidedByUsedInFinancingActivities,USD,2023-05-03,10-Q,2022-03-31,5197000,NetCashProvidedByUsedInInvestingActivities,USD,2023-05-03,10-Q,2022-03-31,13800000,NetCashProvidedByUsedInOperatingActivities,USD,2023-05-03,10-Q,2022-03-31,through_ocf,True,,,-0.083652,0.078451,5.984895,0.019897,0.029544
2023Q2,2023-04-26,TNET,937098,"TRINET GROUP, INC",$1B-$2B,,1218000000,RevenueFromContractWithCustomerExcludingAssessedTax,USD,2023-04-26,10-Q,2022-03-31,146000000,NetIncomeLoss,USD,2023-04-26,10-Q,2022-03-31,3443000000,Assets,USD,2023-04-26,10-Q,2022-12-31,-353000000,NetCashProvidedByUsedInFinancingActivities,USD,2023-04-26,10-Q,2022-03-31,-213000000,NetCashProvidedByUsedInInvestingActivities,USD,2023-04-26,10-Q,2022-03-31,214000000,NetCashProvidedByUsedInOperatingActivities,USD,2023-04-26,10-Q,2022-03-31,through_ocf,True,,,0.119869,0.175698,2.826765,-0.289819,-0.174877
2023Q2,2023-05-03,TPB,1290677,"Turning Point Brands, Inc.",$100M-$500M,,197256000,SalesRevenueNet,USD,2018-03-08,10-K,2015-12-31,38192000,NetIncomeLoss,USD,2023-03-15,10-K,2020-12-31,601560000,Assets,USD,2023-03-15,10-K,2021-12-31,-29340000,NetCashProvidedByUsedInFinancingActivities,USD,2023-03-15,10-K,2020-12-31,-64823000,NetCashProvidedByUsedInInvestingActivities,USD,2023-03-15,10-K,2020-12-31,43678000,NetCashProvidedByUsedInOperatingActivities,USD,2023-03-15,10-K,2020-12-31,through_ocf,True,,,0.193616,0.221428,3.049641,-0.148741,-0.328624
2023Q2,2023-05-04,TPC,77543,Tutor Perini Corporation,$500M-$1B,,952154000,RevenueFromContractWithCustomerExcludingAssessedTax,USD,2023-05-04,10-Q,2022-03-31,-21634000,NetIncomeLoss,USD,2023-05-04,10-Q,2022-03-31,4542800000,Assets,USD,2023-05-04,10-Q,2022-12-31,4094000,NetCashProvidedByUsedInFinancingActivities,USD,2023-05-04,10-Q,2022-03-31,-14868000,NetCashProvidedByUsedInInvestingActivities,USD,2023-05-04,10-Q,2022-03-31,120747000,NetCashProvidedByUsedInOperatingActivities,USD,2023-05-04,10-Q,2022-03-31,through_ocf,True,,,-0.022721,0.126815,4.771077,0.0043,-0.015615
2023Q2,2023-05-15,TPG,0001880661,TPG Inc.,$1B-$2B,,1110710000,Revenues,USD,2023-05-15,10-Q,2022-03-31,41284000,NetIncomeLoss,USD,2023-05-15,10-Q,2022-03-31,7941738000,Assets,USD,2023-05-15,10-Q,2022-12-31,-231076000,NetCashProvidedByUsedInFinancingActivities,USD,2023-05-15,10-Q,2022-03-31,-636000,NetCashProvidedByUsedInInvestingActivities,USD,2023-05-15,10-Q,2022-03-31,713602000,NetCashProvidedByUsedInOperatingActivities,USD,2023-05-15,10-Q,2022-03-31,through_ocf,True,,,0.037169,0.642474,7.150145,-0.208044,-0.000573
2023Q2,2023-05-15,TPGXL,0001880661,TPG Inc.,$1B-$2B,,1110710000,Revenues,USD,2023-05-15,10-Q,2022-03-31,41284000,NetIncomeLoss,USD,2023-05-15,10-Q,2022-03-31,7941738000,Assets,USD,2023-05-15,10-Q,2022-12-31,-231076000,NetCashProvidedByUsedInFinancingActivities,USD,2023-05-15,10-Q,2022-03-31,-636000,NetCashProvidedByUsedInInvestingActivities,USD,2023-05-15,10-Q,2022-03-31,713602000,NetCashProvidedByUsedInOperatingActivities,USD,2023-05-15,10-Q,2022-03-31,through_ocf,True,,,0.037169,0.642474,7.150145,-0.208044,-0.000573
2023Q2,2023-04-27,TPH,1561680,"Tri Pointe Homes, Inc.",$500M-$1B,,736244000,RevenueFromContractWithCustomerExcludingAssessedTax,USD,2023-04-27,10-Q,2022-03-31,87478000,NetIncomeLoss,USD,2023-04-27,10-Q,2022-03-31,4719940000,Assets,USD,2023-04-27,10-Q,2022-12-31,-133023000,NetCashProvidedByUsedInFinancingActivities,USD,2023-04-27,10-Q,2022-03-31,-19688000,NetCashProvidedByUsedInInvestingActivities,USD,2023-04-27,10-Q,2022-03-31,-116114000,NetCashProvidedByUsedInOperatingActivities,USD,2023-04-27,10-Q,2022-03-31,through_ocf,True,,,0.118817,-0.157711,6.410837,-0.180678,-0.026741
2023Q2,2023-05-03,TPL,1811074,Texas Pacific Land Corporation,$100M-$500M,,147335000,RevenueFromContractWithCustomerExcludingAssessedTax,USD,2023-05-03,10-Q,2022-03-31,97900000,NetIncomeLoss,USD,2023-05-03,10-Q,2022-03-31,877427000,Assets,USD,2023-05-03,10-Q,2022-12-31,-23443000,NetCashProvidedByUsedInFinancingActivities,USD,2023-05-03,10-Q,2022-03-31,-5178000,NetCashProvidedByUsedInInvestingActivities,USD,2023-05-03,10-Q,2022-03-31,107735000,NetCashProvidedByUsedInOperatingActivities,USD,2023-05-03,10-Q,2022-03-31,through_ocf,True,,,0.664472,0.731225,5.95532,-0.159114,-0.035144
2023Q2,2023-05-11,TPR,1116132,"Tapestry, Inc.",$2B-$10B,,5059600000,RevenueFromContractWithCustomerExcludingAssessedTax,USD,2023-05-11,10-Q,2022-04-02,226900000,NetIncomeLoss,USD,2023-05-11,10-Q,2021-10-02,7265300000,Assets,USD,2023-05-11,10-Q,2022-07-02,-1468300000,NetCashProvidedByUsedInFinancingActivities,USD,2023-05-11,10-Q,2022-04-02,-337500000,NetCashProvidedByUsedInInvestingActivities,USD,2023-05-11,10-Q,2022-04-02,616400000,NetCashProvidedByUsedInOperatingActivities,USD,2023-05-11,10-Q,2022-04-02,through_ocf,True,,,0.044845,0.121828,1.435944,-0.290201,-0.066705
2023Q2,2023-04-26,TR,98677,TOOTSIE ROLL INDUSTRIES INC,$100M-$500M,,471063000,RevenueFromContractWithCustomerExcludingAssessedTax,USD,2023-03-01,10-K,2020-12-31,58995000,NetIncomeLoss,USD,2023-03-01,10-K,2020-12-31,1018618000,Assets,USD,2023-03-01,10-K,2021-12-31,-55846000,NetCashProvidedByUsedInFinancingActivities,USD,2023-03-01,10-K,2020-12-31,9501000,NetCashProvidedByUsedInInvestingActivities,USD,2023-03-01,10-K,2020-12-31,74710000,NetCashProvidedByUsedInOperatingActivities,USD,2023-03-01,10-K,2020-12-31,through_ocf,True,,,0.125238,0.158599,2.162382,-0.118553,0.020169
2023Q2,2023-05-04,TRGP,1389170,TARGA RESOURCES CORP.,$2B-$10B,,4959100000,Revenues,USD,2023-05-04,10-Q,2022-03-31,88000000,NetIncomeLoss,USD,2023-05-04,10-Q,2022-03-31,19560000000,Assets,USD,2023-05-04,10-Q,2022-12-31,-573800000,NetCashProvidedByUsedInFinancingActivities,USD,2023-05-04,10-Q,2022-03-31,-197000000,NetCashProvidedByUsedInInvestingActivities,USD,2023-05-04,10-Q,2022-03-31,748200000,NetCashProvidedByUsedInOperatingActivities,USD,2023-05-04,10-Q,2022-03-31,through_ocf,True,,,0.017745,0.150874,3.944264,-0.115706,-0.039725
2023Q2,2023-05-03,TRIP,1526520,"TRIPADVISOR, INC.",$100M-$500M,,262000000,RevenueFromContractWithCustomerExcludingAssessedTax,USD,2023-05-03,10-Q,2022-03-31,-34000000,NetIncomeLoss,USD,2023-05-03,10-Q,2022-03-31,2569000000,Assets,USD,2023-05-03,10-Q,2022-12-31,-10000000,NetCashProvidedByUsedInFinancingActivities,USD,2023-05-03,10-Q,2022-03-31,-14000000,NetCashProvidedByUsedInInvestingActivities,USD,2023-05-03,10-Q,2022-03-31,86000000,NetCashProvidedByUsedInOperatingActivities,USD,2023-05-03,10-Q,2022-03-31,through_ocf,True,,,-0.129771,0.328244,9.805344,-0.038168,-0.053435
2023Q2,2023-05-03,TRMB,864749,Trimble Inc.,$500M-$1B,,993700000,RevenueFromContractWithCustomerExcludingAssessedTax,USD,2023-05-03,10-Q,2022-04-01,110300000,NetIncomeLoss,USD,2023-05-03,10-Q,2022-04-01,7269000000,Assets,USD,2023-05-03,10-Q,2022-12-30,-109700000,NetCashProvidedByUsedInFinancingActivities,USD,2023-05-03,10-Q,2022-04-01,-13400000,NetCashProvidedByUsedInInvestingActivities,USD,2023-05-03,10-Q,2022-04-01,153000000,NetCashProvidedByUsedInOperatingActivities,USD,2023-05-03,10-Q,2022-04-01,through_ocf,True,,,0.110999,0.15397,7.315085,-0.110395,-0.013485
2023Q2,2023-05-02,TRN,99780,"Trinity Industries, Inc.",$100M-$500M,,472700000,Revenues,USD,2023-05-02,10-Q,2022-03-31,-700000,NetIncomeLoss,USD,2023-05-02,10-Q,2022-03-31,8724300000,Assets,USD,2023-05-02,10-Q,2022-12-31,28700000,NetCashProvidedByUsedInFinancingActivities,USD,2023-05-02,10-Q,2022-03-31,-200000,NetCashProvidedByUsedInInvestingActivities,USD,2023-05-02,10-Q,2022-03-31,20500000,NetCashProvidedByUsedInOperatingActivities,USD,2023-05-02,10-Q,2022-03-31,through_ocf,True,,,-0.001481,0.043368,18.456315,0.060715,-0.000423
2023Q2,2023-05-02,TROW,1113169,PRICE T ROWE GROUP INC,$1B-$2B,,1863000000,RevenueFromContractWithCustomerExcludingAssessedTax,USD,2023-05-02,10-Q,2022-03-31,567900000,NetIncomeLoss,USD,2023-05-02,10-Q,2022-03-31,11643300000,Assets,USD,2023-05-02,10-Q,2022-12-31,-644100000,NetCashProvidedByUsedInFinancingActivities,USD,2023-05-02,10-Q,2022-03-31,3800000,NetCashProvidedByUsedInInvestingActivities,USD,2023-05-02,10-Q,2022-03-31,1103400000,NetCashProvidedByUsedInOperatingActivities,USD,2023-05-02,10-Q,2022-03-31,through_ocf,True,,,0.304831,0.592271,6.249758,-0.345733,0.00204
2023Q2,2023-04-27,TROX,1530804,TRONOX HOLDINGS PLC,$500M-$1B,,965000000,RevenueFromContractWithCustomerExcludingAssessedTax,USD,2023-04-27,10-Q,2021-03-31,16000000,NetIncomeLoss,USD,2023-04-27,10-Q,2021-03-31,6306000000,Assets,USD,2023-04-27,10-Q,2022-12-31,-29000000,NetCashProvidedByUsedInFinancingActivities,USD,2023-04-27,10-Q,2022-03-31,-102000000,NetCashProvidedByUsedInInvestingActivities,USD,2023-04-27,10-Q,2022-03-31,189000000,NetCashProvidedByUsedInOperatingActivities,USD,2023-04-27,10-Q,2022-03-31,through_ocf,True,,,0.01658,0.195855,6.534715,-0.030052,-0.105699
2023Q2,2023-04-27,TRS,842633,TRIMAS CORPORATION,$100M-$500M,,224310000,Revenues,USD,2023-04-27,10-Q,2022-03-31,14170000,NetIncomeLoss,USD,2023-04-27,10-Q,2022-03-31,1305000000,Assets,USD,2023-04-27,10-Q,2022-12-31,-11770000,NetCashProvidedByUsedInFinancingActivities,USD,2023-04-27,10-Q,2022-03-31,-75820000,NetCashProvidedByUsedInInvestingActivities,USD,2023-04-27,10-Q,2022-03-31,5670000,NetCashProvidedByUsedInOperatingActivities,USD,2023-04-27,10-Q,2022-03-31,through_ocf,True,,,0.063172,0.025278,5.817841,-0.052472,-0.338014
2023Q2,2023-05-04,TRUP,1371285,"TRUPANION, INC.",$500M-$1B,,502028000,Revenues,USD,2023-02-16,10-K,2020-12-31,-6410000,NetIncomeLoss,USD,2015-02-24,10-K,2012-12-31,562582000,Assets,USD,2023-02-16,10-K,2021-12-31,170848000,NetCashProvidedByUsedInFinancingActivities,USD,2023-02-16,10-K,2020-12-31,-76747000,NetCashProvidedByUsedInInvestingActivities,USD,2023-02-16,10-K,2020-12-31,21544000,NetCashProvidedByUsedInOperatingActivities,USD,2023-02-16,10-K,2020-12-31,through_ocf,True,,,-0.012768,0.042914,1.120619,0.340316,-0.152874
2023Q2,2023-04-19,TRV,86312,"Travelers Companies, Inc.",$2B-$10B,,8809000000,Revenues,USD,2023-04-19,10-Q,2022-03-31,1018000000,NetIncomeLoss,USD,2023-04-19,10-Q,2022-03-31,115717000000,Assets,USD,2023-04-19,10-Q,2022-12-31,-613000000,NetCashProvidedByUsedInFinancingActivities,USD,2023-04-19,10-Q,2022-03-31,-657000000,NetCashProvidedByUsedInInvestingActivities,USD,2023-04-19,10-Q,2022-03-31,1266000000,NetCashProvidedByUsedInOperatingActivities,USD,2023-04-19,10-Q,2022-03-31,through_ocf,True,,,0.115564,0.143717,13.136224,-0.069588,-0.074583
2023Q2,2023-04-27,TSCO,916365,TRACTOR SUPPLY CO /DE/,$2B-$10B,,3024132000,Revenues,USD,2023-04-27,10-Q,2022-03-26,187227000,NetIncomeLoss,USD,2023-04-27,10-Q,2022-03-26,7686808000,Assets,USD,2023-04-27,10-Q,2022-03-26,-419376000,NetCashProvidedByUsedInFinancingActivities,USD,2023-04-27,10-Q,2022-03-26,-112288000,NetCashProvidedByUsedInInvestingActivities,USD,2023-04-27,10-Q,2022-03-26,59066000,NetCashProvidedByUsedInOperatingActivities,USD,2023-04-27,10-Q,2022-03-26,through_ocf,True,,,0.061911,0.019532,2.541823,-0.138676,-0.037131
2023Q2,2023-05-04,TSEOF,1519061,Trinseo PLC,$2B-$10B,,2744600000,RevenueFromContractWithCustomerExcludingAssessedTax,USD,2023-02-27,10-K,2020-12-31,7900000,NetIncomeLoss,USD,2023-02-27,10-K,2020-12-31,4712200000,Assets,USD,2023-02-27,10-K,2021-12-31,-104300000,NetCashProvidedByUsedInFinancingActivities,USD,2023-02-27,10-K,2020-12-31,-24200000,NetCashProvidedByUsedInInvestingActivities,USD,2023-02-27,10-K,2020-12-31,255400000,NetCashProvidedByUsedInOperatingActivities,USD,2023-02-27,10-K,2020-12-31,through_ocf,True,,,0.002878,0.093055,1.716899,-0.038002,-0.008817
2023Q2,2023-05-03,TT,1466258,Trane Technologies plc,$2B-$10B,,3355500000,RevenueFromContractWithCustomerExcludingAssessedTax,USD,2023-05-03,10-Q,2022-03-31,260200000,NetIncomeLoss,USD,2023-05-03,10-Q,2022-03-31,18081600000,Assets,USD,2023-05-03,10-Q,2022-12-31,-534600000,NetCashProvidedByUsedInFinancingActivities,USD,2023-05-03,10-Q,2022-03-31,-83300000,NetCashProvidedByUsedInInvestingActivities,USD,2023-05-03,10-Q,2022-03-31,-188200000,NetCashProvidedByUsedInOperatingActivities,USD,2023-05-03,10-Q,2022-03-31,through_ocf,True,,,0.077544,-0.056087,5.388646,-0.159321,-0.024825
2023Q2,2023-05-04,TTEC,1013880,"TTEC Holdings, Inc.",$1B-$2B,,1949248000,RevenueFromContractWithCustomerExcludingAssessedTax,USD,2023-02-28,10-K,2020-12-31,118648000,NetIncomeLoss,USD,2023-02-28,10-K,2020-12-31,1516408000,Assets,USD,2023-02-28,10-K,2020-12-31,-112226000,NetCashProvidedByUsedInFinancingActivities,USD,2023-02-28,10-K,2020-12-31,-112427000,NetCashProvidedByUsedInInvestingActivities,USD,2023-02-28,10-K,2020-12-31,271920000,NetCashProvidedByUsedInOperatingActivities,USD,2023-02-28,10-K,2020-12-31,through_ocf,True,,,0.060869,0.1395,0.777945,-0.057574,-0.057677
2023Q2,2023-05-10,TTEK,831641,"TETRA TECH, INC.",$500M-$1B,,858510000,RevenueFromContractWithCustomerExcludingAssessedTax,USD,2023-02-03,10-Q,2022-01-02,68499000,ProfitLoss,USD,2023-02-03,10-Q,2022-01-02,2622776000,Assets,USD,2023-02-03,10-Q,2022-10-02,-36414000,NetCashProvidedByUsedInFinancingActivities,USD,2023-02-03,10-Q,2022-01-02,-6862000,NetCashProvidedByUsedInInvestingActivities,USD,2023-02-03,10-Q,2022-01-02,82419000,NetCashProvidedByUsedInOperatingActivities,USD,2023-02-03,10-Q,2022-01-02,through_ocf,True,,,0.079788,0.096002,3.055033,-0.042415,-0.007993
2023Q2,2023-05-03,TTMI,1116942,"TTM TECHNOLOGIES, INC.",$2B-$10B,,2105322000,RevenueFromContractWithCustomerExcludingAssessedTax,USD,2023-03-03,10-K,2020-12-28,177535000,NetIncomeLoss,USD,2023-03-03,10-K,2020-12-28,3025547000,Assets,USD,2023-03-03,10-K,2022-01-03,-642306000,NetCashProvidedByUsedInFinancingActivities,USD,2023-03-03,10-K,2020-12-28,404292000,NetCashProvidedByUsedInInvestingActivities,USD,2023-03-03,10-K,2020-12-28,287176000,NetCashProvidedByUsedInOperatingActivities,USD,2023-03-03,10-K,2020-12-28,through_ocf,True,,,0.084327,0.136405,1.437095,-0.305087,0.192033
2023Q2,2023-05-04,TTSH,1552800,"TILE SHOP HOLDINGS, INC.",$100M-$500M,,102471000,RevenueFromContractWithCustomerExcludingAssessedTax,USD,2023-05-04,10-Q,2022-03-31,3513000,NetIncomeLoss,USD,2023-05-04,10-Q,2022-03-31,345822000,Assets,USD,2023-05-04,10-Q,2022-12-31,-607000,NetCashProvidedByUsedInFinancingActivities,USD,2023-05-04,10-Q,2022-03-31,-2933000,NetCashProvidedByUsedInInvestingActivities,USD,2023-05-04,10-Q,2022-03-31,7634000,NetCashProvidedByUsedInOperatingActivities,USD,2023-05-04,10-Q,2022-03-31,through_ocf,True,,,0.034283,0.074499,3.374828,-0.005924,-0.028623
2023Q2,2023-05-17,TTWO,946581,"TAKE-TWO INTERACTIVE SOFTWARE, INC.",$2B-$10B,,2574800000,RevenueFromContractWithCustomerExcludingAssessedTax,USD,2023-02-07,10-Q,2021-12-31,307100000,NetIncomeLoss,USD,2023-02-07,10-Q,2021-12-31,6546300000,Assets,USD,2023-02-07,10-Q,2022-03-31,-239700000,NetCashProvidedByUsedInFinancingActivities,USD,2023-02-07,10-Q,2021-12-31,-479800000,NetCashProvidedByUsedInInvestingActivities,USD,2023-02-07,10-Q,2021-12-31,19200000,NetCashProvidedByUsedInOperatingActivities,USD,2023-02-07,10-Q,2021-12-31,through_ocf,True,,,0.119271,0.007457,2.54245,-0.093095,-0.186345
2023Q2,2023-04-27,TW,1758730,Tradeweb Markets Inc.,$100M-$500M,,311486000,RevenueFromContractWithCustomerExcludingAssessedTax,USD,2023-04-27,10-Q,2022-03-31,82965000,NetIncomeLoss,USD,2023-04-27,10-Q,2022-03-31,6260131000,Assets,USD,2023-04-27,10-Q,2022-12-31,-168081000,NetCashProvidedByUsedInFinancingActivities,USD,2023-04-27,10-Q,2022-03-31,-18040000,NetCashProvidedByUsedInInvestingActivities,USD,2023-04-27,10-Q,2022-03-31,45243000,NetCashProvidedByUsedInOperatingActivities,USD,2023-04-27,10-Q,2022-03-31,through_ocf,True,,,0.266352,0.145249,20.097632,-0.53961,-0.057916
2023Q2,2023-05-03,TWI,899751,"TITAN INTERNATIONAL, INC.",$500M-$1B,,555997000,RevenueFromContractWithCustomerExcludingAssessedTax,USD,2023-05-03,10-Q,2022-03-31,23922000,NetIncomeLoss,USD,2023-05-03,10-Q,2022-03-31,1284630000,Assets,USD,2023-05-03,10-Q,2022-12-31,11713000,NetCashProvidedByUsedInFinancingActivities,USD,2023-05-03,10-Q,2022-03-31,2412000,NetCashProvidedByUsedInInvestingActivities,USD,2023-05-03,10-Q,2022-03-31,-18517000,NetCashProvidedByUsedInOperatingActivities,USD,2023-05-03,10-Q,2022-03-31,through_ocf,True,,,0.043025,-0.033304,2.310498,0.021067,0.004338
2023Q2,2023-05-05,TXNM,1108426,"TXNM Energy, Inc.",$100M-$500M,,444118000,Revenues,USD,2023-05-05,10-Q,2022-03-31,19218000,ProfitLoss,USD,2023-05-05,10-Q,2022-03-31,8727686000,Assets,USD,2023-05-05,10-Q,2022-03-31,98539000,NetCashProvidedByUsedInFinancingActivities,USD,2023-05-05,10-Q,2022-03-31,-211864000,NetCashProvidedByUsedInInvestingActivities,USD,2023-05-05,10-Q,2022-03-31,116610000,NetCashProvidedByUsedInOperatingActivities,USD,2023-05-05,10-Q,2022-03-31,through_ocf,True,,,0.043272,0.262565,19.651728,0.221876,-0.477044
2023Q2,2023-05-04,TXRH,1289460,"TEXAS ROADHOUSE, INC.",$2B-$10B,,2398123000,RevenueFromContractWithCustomerExcludingAssessedTax,USD,2023-02-24,10-K,2020-12-29,31255000,NetIncomeLoss,USD,2023-02-24,10-K,2020-12-29,2511952000,Assets,USD,2023-02-24,10-K,2021-12-28,185943000,NetCashProvidedByUsedInFinancingActivities,USD,2023-02-24,10-K,2020-12-29,-161105000,NetCashProvidedByUsedInInvestingActivities,USD,2023-02-24,10-K,2020-12-29,230438000,NetCashProvidedByUsedInOperatingActivities,USD,2023-02-24,10-K,2020-12-29,through_ocf,True,,,0.013033,0.096091,1.047466,0.077537,-0.06718
2023Q2,2023-04-27,TXT,217346,Textron Inc.,$2B-$10B,,3001000000,Revenues,USD,2023-04-27,10-Q,2022-04-02,193000000,NetIncomeLoss,USD,2023-04-27,10-Q,2022-04-02,16293000000,Assets,USD,2023-04-27,10-Q,2022-12-31,-258000000,NetCashProvidedByUsedInFinancingActivities,USD,2023-04-27,10-Q,2022-04-02,28000000,NetCashProvidedByUsedInInvestingActivities,USD,2023-04-27,10-Q,2022-04-02,241000000,NetCashProvidedByUsedInOperatingActivities,USD,2023-04-27,10-Q,2022-04-02,through_ocf,True,,,0.064312,0.080307,5.42919,-0.085971,0.00933
2023Q2,2023-04-26,TYL,860731,"TYLER TECHNOLOGIES, INC.",$100M-$500M,,456108000,RevenueFromContractWithCustomerExcludingAssessedTax,USD,2023-04-26,10-Q,2022-03-31,39984000,NetIncomeLoss,USD,2023-04-26,10-Q,2022-03-31,4687417000,Assets,USD,2023-04-26,10-Q,2022-12-31,-8277000,NetCashProvidedByUsedInFinancingActivities,USD,2023-04-26,10-Q,2022-03-31,-111173000,NetCashProvidedByUsedInInvestingActivities,USD,2023-04-26,10-Q,2022-03-31,53541000,NetCashProvidedByUsedInOperatingActivities,USD,2023-04-26,10-Q,2022-03-31,through_ocf,True,,,0.087663,0.117387,10.276989,-0.018147,-0.243743
2023Q2,2023-05-02,UBER,1543151,"UBER TECHNOLOGIES, INC.",>$10B,,11139000000,Revenues,USD,2023-02-21,10-K,2020-12-31,-6768000000,NetIncomeLoss,USD,2023-02-21,10-K,2020-12-31,38774000000,Assets,USD,2023-02-21,10-K,2021-12-31,1379000000,NetCashProvidedByUsedInFinancingActivities,USD,2023-02-21,10-K,2020-12-31,-2869000000,NetCashProvidedByUsedInInvestingActivities,USD,2023-02-21,10-K,2020-12-31,-2745000000,NetCashProvidedByUsedInOperatingActivities,USD,2023-02-21,10-K,2020-12-31,through_ocf,True,,,-0.607595,-0.246431,3.480923,0.123799,-0.257564
2023Q2,2023-04-26,UBSI,729986,UNITED BANKSHARES INC/WV,$100M-$500M,,263249000,Revenues,USD,2023-03-01,10-K,2020-12-31,289023000,NetIncomeLoss,USD,2023-03-01,10-K,2020-12-31,29328902000,Assets,USD,2023-03-01,10-K,2021-12-31,1093543000,NetCashProvidedByUsedInFinancingActivities,USD,2023-03-01,10-K,2020-12-31,137585000,NetCashProvidedByUsedInInvestingActivities,USD,2023-03-01,10-K,2020-12-31,140447000,NetCashProvidedByUsedInOperatingActivities,USD,2023-03-01,10-K,2020-12-31,through_ocf,True,,,1.097907,0.533514,111.411257,4.154025,0.522642
2023Q2,2023-04-18,UCB,857855,"UNITED COMMUNITY BANKS, INC.",$500M-$1B,,577434000,Revenues,USD,2023-02-24,10-K,2020-12-31,164089000,NetIncomeLoss,USD,2023-02-24,10-K,2020-12-31,20946771000,Assets,USD,2023-02-24,10-K,2021-12-31,2515295000,NetCashProvidedByUsedInFinancingActivities,USD,2023-02-24,10-K,2020-12-31,-1580563000,NetCashProvidedByUsedInInvestingActivities,USD,2023-02-24,10-K,2020-12-31,158681000,NetCashProvidedByUsedInOperatingActivities,USD,2023-02-24,10-K,2020-12-31,through_ocf,True,,,0.284169,0.274804,36.275611,4.355987,-2.737218
2023Q2,2023-04-26,UDR,74208,"UDR, Inc.",$1B-$2B,,1241165000,Revenues,USD,2023-02-13,10-K,2020-12-31,64266000,NetIncomeLoss,USD,2023-02-13,10-K,2020-12-31,10775220000,Assets,USD,2023-02-13,10-K,2021-12-31,-152594000,NetCashProvidedByUsedInFinancingActivities,USD,2023-02-13,10-K,2020-12-31,-460842000,NetCashProvidedByUsedInInvestingActivities,USD,2023-02-13,10-K,2020-12-31,604316000,NetCashProvidedByUsedInOperatingActivities,USD,2023-02-13,10-K,2020-12-31,through_ocf,True,,,0.051779,0.486894,8.681537,-0.122944,-0.371298
2023Q2,2023-05-04,UEIC,101984,UNIVERSAL ELECTRONICS INC.,$500M-$1B,,614680000,RevenueFromContractWithCustomerExcludingAssessedTax,USD,2023-03-08,10-K,2020-12-31,38572000,NetIncomeLoss,USD,2023-03-08,10-K,2020-12-31,510348000,Assets,USD,2023-03-08,10-K,2021-12-31,-65964000,NetCashProvidedByUsedInFinancingActivities,USD,2023-03-08,10-K,2020-12-31,-23734000,NetCashProvidedByUsedInInvestingActivities,USD,2023-03-08,10-K,2020-12-31,73392000,NetCashProvidedByUsedInOperatingActivities,USD,2023-03-08,10-K,2020-12-31,through_ocf,True,,,0.062751,0.119399,0.830266,-0.107314,-0.038612
2023Q2,2023-05-08,UFCS,101199,"UNITED FIRE GROUP, INC",$1B-$2B,,1068627000,Revenues,USD,2023-02-28,10-K,2020-12-31,-112706000,NetIncomeLoss,USD,2023-02-28,10-K,2020-12-31,3012721000,Assets,USD,2023-02-28,10-K,2021-12-31,18662000,NetCashProvidedByUsedInFinancingActivities,USD,2023-02-28,10-K,2020-12-31,-92871000,NetCashProvidedByUsedInInvestingActivities,USD,2023-02-28,10-K,2020-12-31,41435000,NetCashProvidedByUsedInOperatingActivities,USD,2023-02-28,10-K,2020-12-31,through_ocf,True,,,-0.105468,0.038774,2.819245,0.017464,-0.086907
2023Q2,2023-05-02,UFPI,912767,"UFP INDUSTRIES, INC.",$2B-$10B,,2975091000,Revenues,USD,2018-11-07,10-Q,2017-09-30,246778000,NetIncomeLoss,USD,2023-03-01,10-K,2020-12-26,2404891000,Assets,USD,2023-03-01,10-K,2020-12-26,85221000,NetCashProvidedByUsedInFinancingActivities,USD,2023-03-01,10-K,2020-12-26,-154718000,NetCashProvidedByUsedInInvestingActivities,USD,2023-03-01,10-K,2020-12-26,336477000,NetCashProvidedByUsedInOperatingActivities,USD,2023-03-01,10-K,2020-12-26,through_ocf,True,,,0.082948,0.113098,0.808342,0.028645,-0.052004
2023Q2,2023-04-26,UHS,352915,"UNIVERSAL HEALTH SERVICES, INC.",>$10B,,11558897000,RevenueFromContractWithCustomerExcludingAssessedTax,USD,2023-02-27,10-K,2020-12-31,943953000,NetIncomeLoss,USD,2023-02-27,10-K,2020-12-31,13476879000,Assets,USD,2023-02-27,10-K,2020-12-31,-384859000,NetCashProvidedByUsedInFinancingActivities,USD,2023-02-27,10-K,2020-12-31,-802562000,NetCashProvidedByUsedInInvestingActivities,USD,2023-02-27,10-K,2020-12-31,2360169000,NetCashProvidedByUsedInOperatingActivities,USD,2023-02-27,10-K,2020-12-31,through_ocf,True,,,0.081665,0.204186,1.165931,-0.033295,-0.069432
2023Q2,2023-05-02,UIS,746838,UNISYS CORP,$100M-$500M,,446700000,Revenues,USD,2023-05-02,10-Q,2022-03-31,-57300000,NetIncomeLoss,USD,2023-05-02,10-Q,2022-03-31,2065600000,Assets,USD,2023-05-02,10-Q,2022-12-31,-11200000,NetCashProvidedByUsedInFinancingActivities,USD,2023-05-02,10-Q,2022-03-31,-21700000,NetCashProvidedByUsedInInvestingActivities,USD,2023-05-02,10-Q,2022-03-31,-33000000,NetCashProvidedByUsedInOperatingActivities,USD,2023-05-02,10-Q,2022-03-31,through_ocf,True,,,-0.128274,-0.073875,4.624133,-0.025073,-0.048578
2023Q2,2023-05-03,ULCC,1670076,"Frontier Group Holdings, Inc.",$500M-$1B,,605000000,RevenueFromContractWithCustomerExcludingAssessedTax,USD,2023-05-03,10-Q,2022-03-31,-121000000,NetIncomeLoss,USD,2023-05-03,10-Q,2022-03-31,4499000000,Assets,USD,2023-05-03,10-Q,2022-12-31,-71000000,NetCashProvidedByUsedInFinancingActivities,USD,2023-05-03,10-Q,2022-03-31,-33000000,NetCashProvidedByUsedInInvestingActivities,USD,2023-05-03,10-Q,2022-03-31,-87000000,NetCashProvidedByUsedInOperatingActivities,USD,2023-05-03,10-Q,2022-03-31,through_ocf,True,,,-0.2,-0.143802,7.436364,-0.117355,-0.054545
2023Q2,2023-04-27,ULH,1308208,"UNIVERSAL LOGISTICS HOLDINGS, INC.",$1B-$2B,,1391083000,RevenueFromContractWithCustomerExcludingAssessedTax,USD,2023-03-16,10-K,2020-12-31,48132000,NetIncomeLoss,USD,2023-03-16,10-K,2020-12-31,1137491000,Assets,USD,2023-03-16,10-K,2021-12-31,-8950000,NetCashProvidedByUsedInFinancingActivities,USD,2023-03-16,10-K,2020-12-31,-86555000,NetCashProvidedByUsedInInvestingActivities,USD,2023-03-16,10-K,2020-12-31,99336000,NetCashProvidedByUsedInOperatingActivities,USD,2023-03-16,10-K,2020-12-31,through_ocf,True,,,0.0346,0.071409,0.817702,-0.006434,-0.062221
2023Q2,2023-05-25,ULTA,1403568,"ULTA BEAUTY, INC.",$2B-$10B,,2345901000,Revenues,USD,2023-05-25,10-Q,2022-04-30,331395000,NetIncomeLoss,USD,2023-05-25,10-Q,2022-04-30,5012036000,Assets,USD,2023-05-25,10-Q,2022-04-30,-131504000,NetCashProvidedByUsedInFinancingActivities,USD,2023-05-25,10-Q,2022-04-30,-71873000,NetCashProvidedByUsedInInvestingActivities,USD,2023-05-25,10-Q,2022-04-30,426303000,NetCashProvidedByUsedInOperatingActivities,USD,2023-05-25,10-Q,2022-04-30,through_ocf,True,,,0.141266,0.181723,2.136508,-0.056057,-0.030638
2023Q2,2023-05-04,UPBD,933036,"Upbound Group, Inc.",$1B-$2B,,1159722000,Revenues,USD,2023-05-04,10-Q,2022-03-31,-4237000,NetIncomeLoss,USD,2023-05-04,10-Q,2022-03-31,2763619000,Assets,USD,2023-05-04,10-Q,2022-12-31,-201283000,NetCashProvidedByUsedInFinancingActivities,USD,2023-05-04,10-Q,2022-03-31,-16721000,NetCashProvidedByUsedInInvestingActivities,USD,2023-05-04,10-Q,2022-03-31,205291000,NetCashProvidedByUsedInOperatingActivities,USD,2023-05-04,10-Q,2022-03-31,through_ocf,True,,,-0.003653,0.177017,2.383001,-0.173561,-0.014418
2023Q2,2023-05-09,UPST,1647639,"Upstart Holdings, Inc.",$100M-$500M,,233416000,Revenues,USD,2023-02-16,10-K,2020-12-31,5983000,NetIncomeLoss,USD,2023-02-16,10-K,2020-12-31,1820455000,Assets,USD,2023-02-16,10-K,2021-12-31,79052000,NetCashProvidedByUsedInFinancingActivities,USD,2023-02-16,10-K,2020-12-31,136517000,NetCashProvidedByUsedInInvestingActivities,USD,2023-02-16,10-K,2020-12-31,15697000,NetCashProvidedByUsedInOperatingActivities,USD,2023-02-16,10-K,2020-12-31,through_ocf,True,,,0.025632,0.067249,7.799187,0.338674,0.584866
2023Q2,2023-05-03,UPWK,1627475,UPWORK INC.,$100M-$500M,,141337000,RevenueFromContractWithCustomerExcludingAssessedTax,USD,2023-05-03,10-Q,2022-03-31,-24738000,NetIncomeLoss,USD,2023-05-03,10-Q,2022-03-31,1080245000,Assets,USD,2023-05-03,10-Q,2022-12-31,36054000,NetCashProvidedByUsedInFinancingActivities,USD,2023-05-03,10-Q,2022-03-31,-55043000,NetCashProvidedByUsedInInvestingActivities,USD,2023-05-03,10-Q,2022-03-31,-11476000,NetCashProvidedByUsedInOperatingActivities,USD,2023-05-03,10-Q,2022-03-31,through_ocf,True,,,-0.175028,-0.081196,7.643045,0.255092,-0.389445
2023Q2,2023-04-26,URI,1067701,"UNITED RENTALS, INC.",$2B-$10B,,2524000000,Revenues,USD,2023-04-26,10-Q,2022-03-31,367000000,NetIncomeLoss,USD,2023-04-26,10-Q,2022-03-31,24183000000,Assets,USD,2023-04-26,10-Q,2022-12-31,-535000000,NetCashProvidedByUsedInFinancingActivities,USD,2023-04-26,10-Q,2022-03-31,-394000000,NetCashProvidedByUsedInInvestingActivities,USD,2023-04-26,10-Q,2022-03-31,886000000,NetCashProvidedByUsedInOperatingActivities,USD,2023-04-26,10-Q,2022-03-31,through_ocf,True,,,0.145404,0.35103,9.58122,-0.211965,-0.156101
2023Q2,2023-04-19,USB,36104,US BANCORP \DE\,>$10B,,16808000000,Revenues,USD,2019-11-08,10-Q,2018-09-30,4959000000,NetIncomeLoss,USD,2023-02-27,10-K,2020-12-31,573284000000,Assets,USD,2023-02-27,10-K,2021-12-31,51899000000,NetCashProvidedByUsedInFinancingActivities,USD,2023-02-27,10-K,2020-12-31,-15440000000,NetCashProvidedByUsedInInvestingActivities,USD,2023-02-27,10-K,2020-12-31,3716000000,NetCashProvidedByUsedInOperatingActivities,USD,2023-02-27,10-K,2020-12-31,through_ocf,True,,,0.295038,0.221085,34.107806,3.087756,-0.91861
2023Q2,2023-04-25,USNA,896264,"USANA HEALTH SCIENCES, INC.",$1B-$2B,,1134644000,RevenueFromContractWithCustomerExcludingAssessedTax,USD,2023-02-28,10-K,2021-01-02,124664000,NetIncomeLoss,USD,2023-02-28,10-K,2021-01-02,577740000,Assets,USD,2023-02-28,10-K,2022-01-01,-59442000,NetCashProvidedByUsedInFinancingActivities,USD,2023-02-28,10-K,2021-01-02,-33961000,NetCashProvidedByUsedInInvestingActivities,USD,2023-02-28,10-K,2021-01-02,160401000,NetCashProvidedByUsedInOperatingActivities,USD,2023-02-28,10-K,2021-01-02,through_ocf,True,,,0.109871,0.141367,0.509182,-0.052388,-0.029931
2023Q2,2023-05-03,UTHR,1082554,United Therapeutics Corporation,$100M-$500M,,461900000,RevenueFromContractWithCustomerExcludingAssessedTax,USD,2023-05-03,10-Q,2022-03-31,239900000,NetIncomeLoss,USD,2023-05-03,10-Q,2022-03-31,6044500000,Assets,USD,2023-05-03,10-Q,2022-12-31,-11000000,NetCashProvidedByUsedInFinancingActivities,USD,2023-05-03,10-Q,2022-03-31,-359200000,NetCashProvidedByUsedInInvestingActivities,USD,2023-05-03,10-Q,2022-03-31,288700000,NetCashProvidedByUsedInOperatingActivities,USD,2023-05-03,10-Q,2022-03-31,through_ocf,True,,,0.519376,0.625027,13.086166,-0.023815,-0.777658
2023Q2,2023-05-09,UTI,1261654,"UNIVERSAL TECHNICAL INSTITUTE, INC",$100M-$500M,,207161000,RevenueFromContractWithCustomerExcludingAssessedTax,USD,2023-05-09,10-Q,2022-03-31,14822000,NetIncomeLoss,USD,2023-05-09,10-Q,2021-12-31,552911000,Assets,USD,2023-05-09,10-Q,2022-09-30,-3923000,NetCashProvidedByUsedInFinancingActivities,USD,2023-05-09,10-Q,2022-03-31,-79475000,NetCashProvidedByUsedInInvestingActivities,USD,2023-05-09,10-Q,2022-03-31,10400000,NetCashProvidedByUsedInOperatingActivities,USD,2023-05-09,10-Q,2022-03-31,through_ocf,True,,,0.071548,0.050202,2.668992,-0.018937,-0.383639
2023Q2,2023-05-11,UTZ,1739566,"Utz Brands, Inc.",$100M-$500M,,340767000,RevenueFromContractWithCustomerExcludingAssessedTax,USD,2023-05-11,10-Q,2022-04-03,-17570000,NetIncomeLoss,USD,2023-05-11,10-Q,2022-04-03,2840366000,Assets,USD,2023-05-11,10-Q,2023-01-01,14108000,NetCashProvidedByUsedInFinancingActivities,USD,2023-05-11,10-Q,2022-04-03,-5103000,NetCashProvidedByUsedInInvestingActivities,USD,2023-05-11,10-Q,2022-04-03,-36004000,NetCashProvidedByUsedInOperatingActivities,USD,2023-05-11,10-Q,2022-04-03,through_ocf,True,,,-0.05156,-0.105656,8.335214,0.041401,-0.014975
2023Q2,2023-05-24,UVV,102037,UNIVERSAL CORP /VA/,$1B-$2B,,1450540000,RevenueFromContractWithCustomerExcludingAssessedTax,USD,2023-02-08,10-Q,2021-12-31,60807000,NetIncomeLoss,USD,2023-02-08,10-Q,2021-12-31,2593528000,Assets,USD,2023-02-08,10-Q,2021-12-31,84175000,NetCashProvidedByUsedInFinancingActivities,USD,2023-02-08,10-Q,2021-12-31,-129684000,NetCashProvidedByUsedInInvestingActivities,USD,2023-02-08,10-Q,2021-12-31,-51576000,NetCashProvidedByUsedInOperatingActivities,USD,2023-02-08,10-Q,2021-12-31,through_ocf,True,,,0.04192,-0.035556,1.787974,0.05803,-0.089404
2023Q2,2023-05-03,VAC,1524358,Marriott Vacations Worldwide Corp,$2B-$10B,,2886000000,Revenues,USD,2023-02-27,10-K,2020-12-31,-275000000,NetIncomeLoss,USD,2023-02-27,10-K,2020-12-31,9613000000,Assets,USD,2023-02-27,10-K,2021-12-31,23000000,NetCashProvidedByUsedInFinancingActivities,USD,2023-02-27,10-K,2020-12-31,-32000000,NetCashProvidedByUsedInInvestingActivities,USD,2023-02-27,10-K,2020-12-31,299000000,NetCashProvidedByUsedInOperatingActivities,USD,2023-02-27,10-K,2020-12-31,through_ocf,True,,,-0.095288,0.103604,3.330908,0.00797,-0.011088
2023Q2,2023-05-02,VAL,314808,Valaris Limited,$100M-$500M,,318400000,Revenues,USD,2023-05-02,10-Q,2022-03-31,-38600000,NetIncomeLoss,USD,2023-05-02,10-Q,2022-03-31,2860300000,Assets,USD,2023-05-02,10-Q,2022-12-31,522200000,NetCashProvidedByUsedInFinancingActivities,USD,2023-02-21,10-K,2020-12-31,-37200000,NetCashProvidedByUsedInInvestingActivities,USD,2023-05-02,10-Q,2022-03-31,800000,NetCashProvidedByUsedInOperatingActivities,USD,2023-05-02,10-Q,2022-03-31,through_ocf,True,,,-0.121231,0.002513,8.983354,1.640075,-0.116834
2023Q2,2023-04-27,VC,1111335,VISTEON CORP,<$100M,,12000000,RevenueFromContractWithCustomerExcludingAssessedTax,USD,2023-04-27,10-Q,2014-05-31,22000000,NetIncomeLoss,USD,2023-04-27,10-Q,2022-03-31,2450000000,Assets,USD,2023-04-27,10-Q,2022-12-31,-4000000,NetCashProvidedByUsedInFinancingActivities,USD,2023-04-27,10-Q,2022-03-31,-21000000,NetCashProvidedByUsedInInvestingActivities,USD,2023-04-27,10-Q,2022-03-31,-21000000,NetCashProvidedByUsedInOperatingActivities,USD,2023-04-27,10-Q,2022-03-31,through_ocf,True,,,1.833333,-1.75,204.166667,-0.333333,-1.75
2023Q2,2023-05-04,VCTR,1570827,"Victory Capital Holdings, Inc.",$500M-$1B,,775351000,RevenueFromContractWithCustomerExcludingAssessedTax,USD,2023-03-06,10-K,2020-12-31,212522000,NetIncomeLoss,USD,2023-03-06,10-K,2020-12-31,2579746000,Assets,USD,2023-03-06,10-K,2021-12-31,-252696000,NetCashProvidedByUsedInFinancingActivities,USD,2023-03-06,10-K,2020-12-31,-12340000,NetCashProvidedByUsedInInvestingActivities,USD,2023-03-06,10-K,2020-12-31,250616000,NetCashProvidedByUsedInOperatingActivities,USD,2023-03-06,10-K,2020-12-31,through_ocf,True,,,0.274098,0.323229,3.327198,-0.325912,-0.015915
2023Q2,2023-05-08,VECO,103145,VEECO INSTRUMENTS INC,$100M-$500M,,477038000,SalesRevenueNet,USD,2018-02-21,10-K,2015-12-31,13330000,NetIncomeLoss,USD,2023-05-08,10-Q,2022-03-31,1128183000,Assets,USD,2023-05-08,10-Q,2022-12-31,-5789000,NetCashProvidedByUsedInFinancingActivities,USD,2023-05-08,10-Q,2022-03-31,-11156000,NetCashProvidedByUsedInInvestingActivities,USD,2023-05-08,10-Q,2022-03-31,24788000,NetCashProvidedByUsedInOperatingActivities,USD,2023-05-08,10-Q,2022-03-31,through_ocf,True,,,0.027943,0.051962,2.364975,-0.012135,-0.023386
2023Q2,2023-05-10,VERX,1806837,"Vertex, Inc.",$100M-$500M,,114984000,RevenueFromContractWithCustomerExcludingAssessedTax,USD,2023-05-10,10-Q,2022-03-31,-334000,NetIncomeLoss,USD,2023-05-10,10-Q,2022-03-31,719192000,Assets,USD,2023-05-10,10-Q,2022-12-31,39780000,NetCashProvidedByUsedInFinancingActivities,USD,2023-05-10,10-Q,2022-03-31,-17259000,NetCashProvidedByUsedInInvestingActivities,USD,2023-05-10,10-Q,2022-03-31,2595000,NetCashProvidedByUsedInOperatingActivities,USD,2023-05-10,10-Q,2022-03-31,through_ocf,True,,,-0.002905,0.022568,6.254714,0.345961,-0.150099
2023Q2,2023-04-17,VIAV,912093,Viavi Solutions Inc.,$500M-$1B,,641600000,RevenueFromContractWithCustomerExcludingAssessedTax,USD,2023-02-03,10-Q,2022-01-01,-20200000,NetIncomeLoss,USD,2023-02-03,10-Q,2022-01-01,1827900000,Assets,USD,2023-02-03,10-Q,2022-07-02,-2900000,NetCashProvidedByUsedInFinancingActivities,USD,2023-02-03,10-Q,2022-01-01,-32500000,NetCashProvidedByUsedInInvestingActivities,USD,2023-02-03,10-Q,2022-01-01,75600000,NetCashProvidedByUsedInOperatingActivities,USD,2023-02-03,10-Q,2022-01-01,through_ocf,True,,,-0.031484,0.11783,2.848971,-0.00452,-0.050655
2023Q2,2023-05-04,VITL,1579733,"Vital Farms, Inc.",<$100M,,77058000,RevenueFromContractWithCustomerExcludingAssessedTax,USD,2023-05-04,10-Q,2022-03-27,-1536000,NetIncomeLoss,USD,2023-05-04,10-Q,2022-03-27,214666000,Assets,USD,2023-05-04,10-Q,2022-12-25,102000,NetCashProvidedByUsedInFinancingActivities,USD,2023-05-04,10-Q,2022-03-27,-1355000,NetCashProvidedByUsedInInvestingActivities,USD,2023-05-04,10-Q,2022-03-27,-4939000,NetCashProvidedByUsedInOperatingActivities,USD,2023-05-04,10-Q,2022-03-27,through_ocf,True,,,-0.019933,-0.064095,2.785772,0.001324,-0.017584
2023Q2,2023-05-04,VMC,1396009,VULCAN MATERIALS COMPANY,$2B-$10B,,4856800000,Revenues,USD,2023-02-24,10-K,2020-12-31,584500000,NetIncomeLoss,USD,2023-02-24,10-K,2020-12-31,11686900000,Assets,USD,2023-02-24,10-K,2020-12-31,234600000,NetCashProvidedByUsedInFinancingActivities,USD,2023-02-24,10-K,2020-12-31,-381500000,NetCashProvidedByUsedInInvestingActivities,USD,2023-02-24,10-K,2020-12-31,1070400000,NetCashProvidedByUsedInOperatingActivities,USD,2023-02-24,10-K,2020-12-31,through_ocf,True,,,0.120347,0.220392,2.406296,0.048303,-0.07855
2023Q2,2023-05-02,VREX,1681622,VAREX IMAGING CORPORATION,$100M-$500M,,413500000,RevenueFromContractWithCustomerExcludingAssessedTax,USD,2023-05-02,10-Q,2022-04-01,9000000,NetIncomeLoss,USD,2023-05-02,10-Q,2022-04-01,1184400000,Assets,USD,2023-05-02,10-Q,2022-09-30,-25400000,NetCashProvidedByUsedInFinancingActivities,USD,2023-05-02,10-Q,2022-04-01,-6600000,NetCashProvidedByUsedInInvestingActivities,USD,2023-05-02,10-Q,2022-04-01,2500000,NetCashProvidedByUsedInOperatingActivities,USD,2023-05-02,10-Q,2022-04-01,through_ocf,True,,,0.021765,0.006046,2.864329,-0.061427,-0.015961
2023Q2,2023-04-27,VRSN,1014473,VERISIGN INC/CA,$100M-$500M,,346900000,Revenues,USD,2023-04-27,10-Q,2022-03-31,157500000,NetIncomeLoss,USD,2023-04-27,10-Q,2022-03-31,1733400000,Assets,USD,2023-04-27,10-Q,2022-12-31,-196400000,NetCashProvidedByUsedInFinancingActivities,USD,2023-04-27,10-Q,2022-03-31,524500000,NetCashProvidedByUsedInInvestingActivities,USD,2023-04-27,10-Q,2022-03-31,207100000,NetCashProvidedByUsedInOperatingActivities,USD,2023-04-27,10-Q,2022-03-31,through_ocf,True,,,0.454021,0.597002,4.996829,-0.566157,1.511963
2023Q2,2023-04-26,VRT,1674101,VERTIV HOLDINGS CO,$2B-$10B,,4370600000,RevenueFromContractWithCustomerExcludingAssessedTax,USD,2023-02-27,10-K,2020-12-31,-327300000,NetIncomeLoss,USD,2023-02-27,10-K,2020-12-31,6939600000,Assets,USD,2023-02-27,10-K,2021-12-31,140700000,NetCashProvidedByUsedInFinancingActivities,USD,2023-02-27,10-K,2020-12-31,-45700000,NetCashProvidedByUsedInInvestingActivities,USD,2023-02-27,10-K,2020-12-31,208900000,NetCashProvidedByUsedInOperatingActivities,USD,2023-02-27,10-K,2020-12-31,through_ocf,True,,,-0.074887,0.047797,1.587791,0.032192,-0.010456
2023Q2,2023-04-28,VRTS,883237,"VIRTUS INVESTMENT PARTNERS, INC.",$500M-$1B,,603896000,RevenueFromContractWithCustomerExcludingAssessedTax,USD,2023-02-27,10-K,2020-12-31,119963000,ProfitLoss,USD,2023-02-27,10-K,2020-12-31,3934181000,Assets,USD,2023-02-27,10-K,2021-12-31,235332000,NetCashProvidedByUsedInFinancingActivities,USD,2023-02-27,10-K,2020-12-31,8681000,NetCashProvidedByUsedInInvestingActivities,USD,2023-02-27,10-K,2020-12-31,-226103000,NetCashProvidedByUsedInOperatingActivities,USD,2023-02-27,10-K,2020-12-31,through_ocf,True,,,0.198648,-0.374407,6.514666,0.38969,0.014375
2023Q2,2023-05-01,VRTX,875320,VERTEX PHARMACEUTICALS INC / MA,$2B-$10B,,6205700000,RevenueFromContractWithCustomerExcludingAssessedTax,USD,2023-02-10,10-K,2020-12-31,2711700000,NetIncomeLoss,USD,2023-02-10,10-K,2020-12-31,13432500000,Assets,USD,2023-02-10,10-K,2021-12-31,-505300000,NetCashProvidedByUsedInFinancingActivities,USD,2023-02-10,10-K,2020-12-31,99400000,NetCashProvidedByUsedInInvestingActivities,USD,2023-02-10,10-K,2020-12-31,3253500000,NetCashProvidedByUsedInOperatingActivities,USD,2023-02-10,10-K,2020-12-31,through_ocf,True,,,0.436969,0.524276,2.164542,-0.081425,0.016018
2023Q2,2023-05-17,VSAT,797721,"VIASAT, INC.",<$100M,,55800000,Revenues,USD,2023-02-09,10-Q,2022-09-30,19172000,ProfitLoss,USD,2023-02-09,10-Q,2021-12-31,6389346000,Assets,USD,2023-02-09,10-Q,2022-03-31,338260000,NetCashProvidedByUsedInFinancingActivities,USD,2023-02-09,10-Q,2021-12-31,-850916000,NetCashProvidedByUsedInInvestingActivities,USD,2023-02-09,10-Q,2021-12-31,386378000,NetCashProvidedByUsedInOperatingActivities,USD,2023-02-09,10-Q,2021-12-31,through_ocf,True,,,0.343584,6.924337,114.504409,6.062007,-15.249391
2023Q2,2023-05-31,VSCO,1856437,Victoria's Secret & Co.,$2B-$10B,,5413000000,RevenueFromContractWithCustomerExcludingAssessedTax,USD,2023-03-17,10-K,2021-01-30,-72000000,NetIncomeLoss,USD,2023-03-17,10-K,2021-01-30,4344000000,Assets,USD,2023-03-17,10-K,2022-01-29,-465000000,NetCashProvidedByUsedInFinancingActivities,USD,2023-03-17,10-K,2021-01-30,-123000000,NetCashProvidedByUsedInInvestingActivities,USD,2023-03-17,10-K,2021-01-30,674000000,NetCashProvidedByUsedInOperatingActivities,USD,2023-03-17,10-K,2021-01-30,through_ocf,True,,,-0.013301,0.124515,0.802512,-0.085904,-0.022723
2023Q2,2023-05-02,VSEC,102752,VSE CORPORATION,$500M-$1B,,661659000,RevenueFromContractWithCustomerExcludingAssessedTax,USD,2023-03-10,10-K,2020-12-31,-5171000,NetIncomeLoss,USD,2023-03-10,10-K,2020-12-31,918558000,Assets,USD,2023-03-10,10-K,2021-12-31,-56336000,NetCashProvidedByUsedInFinancingActivities,USD,2023-03-10,10-K,2020-12-31,20219000,NetCashProvidedByUsedInInvestingActivities,USD,2023-03-10,10-K,2020-12-31,35761000,NetCashProvidedByUsedInOperatingActivities,USD,2023-03-10,10-K,2020-12-31,through_ocf,True,,,-0.007815,0.054047,1.388265,-0.085144,0.030558
2023Q2,2023-05-10,VSH,103730,VISHAY INTERTECHNOLOGY INC,$500M-$1B,,853793000,Revenues,USD,2023-05-10,10-Q,2022-04-02,103573000,NetIncomeLoss,USD,2023-05-10,10-Q,2022-04-02,3865653000,Assets,USD,2023-05-10,10-Q,2022-12-31,-26465000,NetCashProvidedByUsedInFinancingActivities,USD,2023-05-10,10-Q,2022-04-02,12885000,NetCashProvidedByUsedInInvestingActivities,USD,2023-05-10,10-Q,2022-04-02,33585000,NetCashProvidedByUsedInOperatingActivities,USD,2023-05-10,10-Q,2022-04-02,through_ocf,True,,,0.121309,0.039336,4.527623,-0.030997,0.015091
2023Q2,2023-05-09,VST,1692819,Vistra Corp.,$2B-$10B,,3125000000,Revenues,USD,2023-05-09,10-Q,2022-03-31,-285000000,NetIncomeLoss,USD,2023-05-09,10-Q,2022-03-31,32787000000,Assets,USD,2023-05-09,10-Q,2022-12-31,-413000000,NetCashProvidedByUsedInFinancingActivities,USD,2023-05-09,10-Q,2022-03-31,-480000000,NetCashProvidedByUsedInInvestingActivities,USD,2023-05-09,10-Q,2022-03-31,591000000,NetCashProvidedByUsedInOperatingActivities,USD,2023-05-09,10-Q,2022-03-31,through_ocf,True,,,-0.0912,0.18912,10.49184,-0.13216,-0.1536
2023Q2,2023-05-03,VTOL,1525221,Bristow Group Inc.,$500M-$1B,,602186000,Revenues,USD,2022-11-03,10-Q,2021-09-30,-11422000,NetIncomeLoss,USD,2022-11-03,10-Q,2021-09-30,1824279000,Assets,USD,2022-11-03,10-Q,2022-03-31,-55769000,NetCashProvidedByUsedInFinancingActivities,USD,2022-11-03,10-Q,2021-09-30,-4348000,NetCashProvidedByUsedInInvestingActivities,USD,2022-11-03,10-Q,2021-09-30,73194000,NetCashProvidedByUsedInOperatingActivities,USD,2022-11-03,10-Q,2021-09-30,through_ocf,True,,,-0.018968,0.121547,3.029428,-0.092611,-0.00722
2023Q2,2023-05-08,VTR,740260,"Ventas, Inc.",$2B-$10B,,3795357000,Revenues,USD,2023-02-10,10-K,2020-12-31,441185000,ProfitLoss,USD,2023-02-10,10-K,2020-12-31,24717786000,Assets,USD,2023-02-10,10-K,2021-12-31,-1300021000,NetCashProvidedByUsedInFinancingActivities,USD,2023-02-10,10-K,2020-12-31,154295000,NetCashProvidedByUsedInInvestingActivities,USD,2023-02-10,10-K,2020-12-31,1450176000,NetCashProvidedByUsedInOperatingActivities,USD,2023-02-10,10-K,2020-12-31,through_ocf,True,,,0.116243,0.382092,6.512638,-0.342529,0.040654
2023Q2,2023-05-08,VTRS,1792044,VIATRIS INC.,$2B-$10B,,4191700000,Revenues,USD,2023-05-08,10-Q,2022-03-31,-669900000,ProfitLoss,USD,2023-02-27,10-K,2020-12-31,50022200000,Assets,USD,2023-05-08,10-Q,2022-12-31,-1009000000,NetCashProvidedByUsedInFinancingActivities,USD,2023-05-08,10-Q,2022-03-31,-66900000,NetCashProvidedByUsedInInvestingActivities,USD,2023-05-08,10-Q,2022-03-31,1138500000,NetCashProvidedByUsedInOperatingActivities,USD,2023-05-08,10-Q,2022-03-31,through_ocf,True,,,-0.159816,0.271608,11.933631,-0.240714,-0.01596
2023Q2,2023-05-09,VVX,1601548,"V2X, Inc.",$100M-$500M,,456471000,RevenueFromContractWithCustomerExcludingAssessedTax,USD,2023-05-09,10-Q,2022-04-01,2855000,NetIncomeLoss,USD,2023-05-09,10-Q,2022-04-01,3233103000,Assets,USD,2023-05-09,10-Q,2022-12-31,12316000,NetCashProvidedByUsedInFinancingActivities,USD,2023-05-09,10-Q,2022-04-01,-2178000,NetCashProvidedByUsedInInvestingActivities,USD,2023-05-09,10-Q,2022-04-01,-26381000,NetCashProvidedByUsedInOperatingActivities,USD,2023-05-09,10-Q,2022-04-01,through_ocf,True,,,0.006255,-0.057793,7.082822,0.026981,-0.004771
2023Q2,2023-05-09,VYGR,1640266,"Voyager Therapeutics, Inc.",<$100M,,658000,RevenueFromContractWithCustomerExcludingAssessedTax,USD,2023-05-09,10-Q,2022-03-31,-21319000,NetIncomeLoss,USD,2023-05-09,10-Q,2022-03-31,159356000,Assets,USD,2023-05-09,10-Q,2022-12-31,12000,NetCashProvidedByUsedInFinancingActivities,USD,2023-05-09,10-Q,2022-03-31,-19998000,NetCashProvidedByUsedInInvestingActivities,USD,2023-05-09,10-Q,2022-03-31,34426000,NetCashProvidedByUsedInOperatingActivities,USD,2023-05-09,10-Q,2022-03-31,through_ocf,True,,,-32.399696,52.319149,242.182371,0.018237,-30.392097
2023Q2,2023-05-04,VYX,70866,NCR VOYIX CORPORATION,$2B-$10B,,6207000000,RevenueFromContractWithCustomerExcludingAssessedTax,USD,2023-02-27,10-K,2020-12-31,-79000000,NetIncomeLoss,USD,2023-02-27,10-K,2020-12-31,11641000000,Assets,USD,2023-02-27,10-K,2021-12-31,-514000000,NetCashProvidedByUsedInFinancingActivities,USD,2023-02-27,10-K,2020-12-31,-277000000,NetCashProvidedByUsedInInvestingActivities,USD,2023-02-27,10-K,2020-12-31,641000000,NetCashProvidedByUsedInOperatingActivities,USD,2023-02-27,10-K,2020-12-31,through_ocf,True,,,-0.012728,0.103271,1.875463,-0.08281,-0.044627
2023Q2,2023-04-26,WAB,943452,WESTINGHOUSE AIR BRAKE TECHNOLOGIES CORPORATION,$1B-$2B,,1927000000,RevenueFromContractWithCustomerExcludingAssessedTax,USD,2023-04-26,10-Q,2022-03-31,149000000,NetIncomeLoss,USD,2023-04-26,10-Q,2022-03-31,18516000000,Assets,USD,2023-04-26,10-Q,2022-12-31,-133000000,NetCashProvidedByUsedInFinancingActivities,USD,2023-04-26,10-Q,2022-03-31,-18000000,NetCashProvidedByUsedInInvestingActivities,USD,2023-04-26,10-Q,2022-03-31,161000000,NetCashProvidedByUsedInOperatingActivities,USD,2023-04-26,10-Q,2022-03-31,through_ocf,True,,,0.077322,0.08355,9.608718,-0.069019,-0.009341
2023Q2,2023-05-09,WAT,1000697,Waters Corporation,$500M-$1B,,690572000,RevenueFromContractWithCustomerExcludingAssessedTax,USD,2023-05-09,10-Q,2022-04-02,159831000,ProfitLoss,USD,2023-05-09,10-Q,2022-04-02,3281453000,Assets,USD,2023-05-09,10-Q,2022-12-31,-227411000,NetCashProvidedByUsedInFinancingActivities,USD,2023-05-09,10-Q,2022-04-02,18992000,NetCashProvidedByUsedInInvestingActivities,USD,2023-05-09,10-Q,2022-04-02,197960000,NetCashProvidedByUsedInOperatingActivities,USD,2023-05-09,10-Q,2022-04-02,through_ocf,True,,,0.231447,0.286661,4.75179,-0.329308,0.027502
2023Q2,2023-05-04,WD,1497770,"Walker & Dunlop, Inc.",$100M-$500M,,319444000,Revenues,USD,2023-05-04,10-Q,2022-03-31,71209000,NetIncomeLoss,USD,2023-05-04,10-Q,2022-03-31,4339631000,Assets,USD,2023-05-04,10-Q,2022-03-31,-1096656000,NetCashProvidedByUsedInFinancingActivities,USD,2023-05-04,10-Q,2022-03-31,-44440000,NetCashProvidedByUsedInInvestingActivities,USD,2023-05-04,10-Q,2022-03-31,971928000,NetCashProvidedByUsedInOperatingActivities,USD,2023-05-04,10-Q,2022-03-31,through_ocf,True,,,0.222915,3.042561,13.584951,-3.433015,-0.139117
2023Q2,2023-05-08,WDC,106040,WESTERN DIGITAL CORP,$2B-$10B,,9884000000,RevenueFromContractWithCustomerExcludingAssessedTax,USD,2023-02-03,10-Q,2021-12-31,610000000,NetIncomeLoss,USD,2023-02-03,10-Q,2021-10-01,26259000000,Assets,USD,2023-02-03,10-Q,2022-07-01,-1456000000,NetCashProvidedByUsedInFinancingActivities,USD,2023-02-03,10-Q,2021-12-31,-569000000,NetCashProvidedByUsedInInvestingActivities,USD,2023-02-03,10-Q,2021-12-31,1187000000,NetCashProvidedByUsedInOperatingActivities,USD,2023-02-03,10-Q,2021-12-31,through_ocf,True,,,0.061716,0.120093,2.656718,-0.147309,-0.057568
2023Q2,2023-05-01,WEC,783325,"WEC ENERGY GROUP, INC.",$2B-$10B,,7241700000,Revenues,USD,2023-02-23,10-K,2020-12-31,1201400000,ProfitLoss,USD,2023-02-23,10-K,2020-12-31,37028100000,Assets,USD,2023-02-23,10-K,2020-12-31,601100000,NetCashProvidedByUsedInFinancingActivities,USD,2023-02-23,10-K,2020-12-31,-2806800000,NetCashProvidedByUsedInInvestingActivities,USD,2023-02-23,10-K,2020-12-31,2196000000,NetCashProvidedByUsedInOperatingActivities,USD,2023-02-23,10-K,2020-12-31,through_ocf,True,,,0.1659,0.303244,5.113178,0.083005,-0.387589
2023Q2,2023-05-02,WELL,766704,Welltower Inc,$2B-$10B,,4605967000,Revenues,USD,2023-02-21,10-K,2020-12-31,1038852000,ProfitLoss,USD,2023-02-21,10-K,2020-12-31,34910325000,Assets,USD,2023-02-21,10-K,2021-12-31,-2080858000,NetCashProvidedByUsedInFinancingActivities,USD,2023-02-21,10-K,2020-12-31,2347928000,NetCashProvidedByUsedInInvestingActivities,USD,2023-02-21,10-K,2020-12-31,1364756000,NetCashProvidedByUsedInOperatingActivities,USD,2023-02-21,10-K,2020-12-31,through_ocf,True,,,0.225545,0.296302,7.579369,-0.451774,0.509758
2023Q2,2023-05-10,WEN,30697,THE WENDY’S COMPANY,$100M-$500M,,488643000,Revenues,USD,2023-05-10,10-Q,2022-04-03,37402000,NetIncomeLoss,USD,2023-05-10,10-Q,2022-04-03,5499344000,Assets,USD,2023-05-10,10-Q,2023-01-01,452802000,NetCashProvidedByUsedInFinancingActivities,USD,2023-05-10,10-Q,2022-04-03,-13047000,NetCashProvidedByUsedInInvestingActivities,USD,2023-05-10,10-Q,2022-04-03,20982000,NetCashProvidedByUsedInOperatingActivities,USD,2023-05-10,10-Q,2022-04-03,through_ocf,True,,,0.076543,0.042939,11.254319,0.926652,-0.0267
2023Q2,2023-05-03,WERN,793074,"WERNER ENTERPRISES, INC.",$2B-$10B,,2372178000,Revenues,USD,2023-02-27,10-K,2020-12-31,169078000,NetIncomeLoss,USD,2023-02-27,10-K,2020-12-31,2603713000,Assets,USD,2023-02-27,10-K,2021-12-31,-185962000,NetCashProvidedByUsedInFinancingActivities,USD,2023-02-27,10-K,2020-12-31,-263275000,NetCashProvidedByUsedInInvestingActivities,USD,2023-02-27,10-K,2020-12-31,445909000,NetCashProvidedByUsedInOperatingActivities,USD,2023-02-27,10-K,2020-12-31,through_ocf,True,,,0.071275,0.187975,1.097604,-0.078393,-0.110985
2023Q2,2023-05-11,WEST,0001806347,WESTROCK COFFEE COMPANY,$100M-$500M,,186428000,RevenueFromContractWithCustomerExcludingAssessedTax,USD,2023-05-11,10-Q,2022-03-31,-4876000,NetIncomeLoss,USD,2023-05-11,10-Q,2022-03-31,645364000,Assets,USD,2023-05-11,10-Q,2022-03-31,41659000,NetCashProvidedByUsedInFinancingActivities,USD,2023-05-11,10-Q,2022-03-31,-7836000,NetCashProvidedByUsedInInvestingActivities,USD,2023-05-11,10-Q,2022-03-31,-38400000,NetCashProvidedByUsedInOperatingActivities,USD,2023-05-11,10-Q,2022-03-31,through_ocf,True,,,-0.026155,-0.205978,3.461733,0.223459,-0.042032
2023Q2,2023-04-25,WFRD,1603923,Weatherford International plc,$2B-$10B,,3685000000,Revenues,USD,2023-02-08,10-K,2020-12-31,-1921000000,NetIncomeLoss,USD,2023-02-08,10-K,2020-12-31,4774000000,Assets,USD,2023-02-08,10-K,2021-12-31,348000000,NetCashProvidedByUsedInFinancingActivities,USD,2023-02-08,10-K,2020-12-31,-75000000,NetCashProvidedByUsedInInvestingActivities,USD,2023-02-08,10-K,2020-12-31,210000000,NetCashProvidedByUsedInOperatingActivities,USD,2023-02-08,10-K,2020-12-31,through_ocf,True,,,-0.521303,0.056988,1.295522,0.094437,-0.020353
2023Q2,2023-05-09,WHD,1699136,"Cactus, Inc.",$100M-$500M,,348566000,RevenueFromContractWithCustomerExcludingAssessedTax,USD,2023-03-01,10-K,2020-12-31,34446000,NetIncomeLoss,USD,2023-03-01,10-K,2020-12-31,982078000,Assets,USD,2023-03-01,10-K,2021-12-31,-40206000,NetCashProvidedByUsedInFinancingActivities,USD,2023-03-01,10-K,2020-12-31,-18147000,NetCashProvidedByUsedInInvestingActivities,USD,2023-03-01,10-K,2020-12-31,143380000,NetCashProvidedByUsedInOperatingActivities,USD,2023-03-01,10-K,2020-12-31,through_ocf,True,,,0.098822,0.411342,2.817481,-0.115347,-0.052062
2023Q2,2023-05-03,WING,1636222,WINGSTOP INC.,<$100M,,76205000,Revenues,USD,2023-05-03,10-Q,2022-03-26,8676000,NetIncomeLoss,USD,2023-05-03,10-Q,2022-03-26,424190000,Assets,USD,2023-05-03,10-Q,2022-12-31,239091000,NetCashProvidedByUsedInFinancingActivities,USD,2023-05-03,10-Q,2022-03-26,-4814000,NetCashProvidedByUsedInInvestingActivities,USD,2023-05-03,10-Q,2022-03-26,20366000,NetCashProvidedByUsedInOperatingActivities,USD,2023-05-03,10-Q,2022-03-26,through_ocf,True,,,0.113851,0.267253,5.566433,3.137471,-0.063172
2023Q2,2023-05-02,WK,1445305,WORKIVA INC,$100M-$500M,,129674000,RevenueFromContractWithCustomerExcludingAssessedTax,USD,2023-05-02,10-Q,2022-03-31,-18493000,NetIncomeLoss,USD,2023-05-02,10-Q,2022-03-31,819620000,Assets,USD,2023-05-02,10-Q,2022-12-31,-2969000,NetCashProvidedByUsedInFinancingActivities,USD,2023-05-02,10-Q,2022-03-31,6511000,NetCashProvidedByUsedInInvestingActivities,USD,2023-05-02,10-Q,2022-03-31,-937000,NetCashProvidedByUsedInOperatingActivities,USD,2023-05-02,10-Q,2022-03-31,through_ocf,True,,,-0.142611,-0.007226,6.320619,-0.022896,0.050211
2023Q2,2023-05-04,WLKP,1604665,Westlake Chemical Partners LP,$100M-$500M,,362400000,Revenues,USD,2023-05-04,10-Q,2022-03-31,16194000,NetIncomeLoss,USD,2023-05-04,10-Q,2022-03-31,1371979000,Assets,USD,2023-05-04,10-Q,2022-12-31,-77291000,NetCashProvidedByUsedInFinancingActivities,USD,2023-05-04,10-Q,2022-03-31,-25342000,NetCashProvidedByUsedInInvestingActivities,USD,2023-05-04,10-Q,2022-03-31,104810000,NetCashProvidedByUsedInOperatingActivities,USD,2023-05-04,10-Q,2022-03-31,through_ocf,True,,,0.044685,0.289211,3.785814,-0.213275,-0.069928
2023Q2,2023-06-15,WLY,107140,"JOHN WILEY & SONS, INC.",$1B-$2B,,1537275000,RevenueFromContractWithCustomerExcludingAssessedTax,USD,2023-03-10,10-Q,2022-01-31,105163000,NetIncomeLoss,USD,2023-03-10,10-Q,2022-01-31,3361695000,Assets,USD,2023-03-10,10-Q,2022-04-30,13099000,NetCashProvidedByUsedInFinancingActivities,USD,2023-03-10,10-Q,2022-01-31,-152051000,NetCashProvidedByUsedInInvestingActivities,USD,2023-03-10,10-Q,2022-01-31,158484000,NetCashProvidedByUsedInOperatingActivities,USD,2023-03-10,10-Q,2022-01-31,through_ocf,True,,,0.068409,0.103094,2.186788,0.008521,-0.098909
2023Q2,2023-04-27,WM,823768,WASTE MANAGEMENT INC,$2B-$10B,,4661000000,RevenueFromContractWithCustomerExcludingAssessedTax,USD,2023-04-27,10-Q,2022-03-31,513000000,NetIncomeLoss,USD,2023-04-27,10-Q,2022-03-31,31367000000,Assets,USD,2023-04-27,10-Q,2022-12-31,-635000000,NetCashProvidedByUsedInFinancingActivities,USD,2023-04-27,10-Q,2022-03-31,-572000000,NetCashProvidedByUsedInInvestingActivities,USD,2023-04-27,10-Q,2022-03-31,1258000000,NetCashProvidedByUsedInOperatingActivities,USD,2023-04-27,10-Q,2022-03-31,through_ocf,True,,,0.110062,0.269899,6.729672,-0.136237,-0.12272
2023Q2,2023-05-09,WMG,1319161,Warner Music Group Corp.,$2B-$10B,,2990000000,RevenueFromContractWithCustomerExcludingAssessedTax,USD,2023-05-09,10-Q,2022-03-31,279000000,NetIncomeLoss,USD,2023-05-09,10-Q,2022-03-31,7828000000,Assets,USD,2023-05-09,10-Q,2022-09-30,363000000,NetCashProvidedByUsedInFinancingActivities,USD,2023-05-09,10-Q,2022-03-31,-649000000,NetCashProvidedByUsedInInvestingActivities,USD,2023-05-09,10-Q,2022-03-31,173000000,NetCashProvidedByUsedInOperatingActivities,USD,2023-05-09,10-Q,2022-03-31,through_ocf,True,,,0.093311,0.05786,2.61806,0.121405,-0.217057
2023Q2,2023-05-08,WMK,105418,"WEIS MARKETS, INC.",$2B-$10B,,4112601000,RevenueFromContractWithCustomerExcludingAssessedTax,USD,2023-03-01,10-K,2020-12-26,118917000,NetIncomeLoss,USD,2023-03-01,10-K,2020-12-26,1910475000,Assets,USD,2023-03-01,10-K,2021-12-25,-33354000,NetCashProvidedByUsedInFinancingActivities,USD,2023-03-01,10-K,2020-12-26,-174895000,NetCashProvidedByUsedInInvestingActivities,USD,2023-03-01,10-K,2020-12-26,277990000,NetCashProvidedByUsedInOperatingActivities,USD,2023-03-01,10-K,2020-12-26,through_ocf,True,,,0.028915,0.067595,0.464542,-0.00811,-0.042527
2023Q2,2023-04-26,WNC,879526,WABASH NATIONAL CORPORATION,$500M-$1B,,546761000,RevenueFromContractWithCustomerExcludingAssessedTax,USD,2023-04-26,10-Q,2022-03-31,12074000,NetIncomeLoss,USD,2023-04-26,10-Q,2022-03-31,1203523000,Assets,USD,2023-04-26,10-Q,2022-12-31,44087000,NetCashProvidedByUsedInFinancingActivities,USD,2023-04-26,10-Q,2022-03-31,-8504000,NetCashProvidedByUsedInInvestingActivities,USD,2023-04-26,10-Q,2022-03-31,-34567000,NetCashProvidedByUsedInOperatingActivities,USD,2023-04-26,10-Q,2022-03-31,through_ocf,True,,,0.022083,-0.063221,2.201187,0.080633,-0.015553
2023Q2,2023-05-24,WOOF,1826470,"Petco Health and Wellness Company, Inc.",$2B-$10B,,4920202000,RevenueFromContractWithCustomerExcludingAssessedTax,USD,2023-03-28,10-K,2021-01-30,-26483000,NetIncomeLoss,USD,2023-03-28,10-K,2021-01-30,6497941000,Assets,USD,2023-03-28,10-K,2022-01-29,-146608000,NetCashProvidedByUsedInFinancingActivities,USD,2023-03-28,10-K,2021-01-30,-157185000,NetCashProvidedByUsedInInvestingActivities,USD,2023-03-28,10-K,2021-01-30,268615000,NetCashProvidedByUsedInOperatingActivities,USD,2023-03-28,10-K,2021-01-30,through_ocf,True,,,-0.005383,0.054594,1.320665,-0.029797,-0.031947
2023Q2,2023-06-28,WOR,108516,"WORTHINGTON ENTERPRISES, INC",$2B-$10B,,3721914000,Revenues,USD,2023-04-10,10-Q,2022-02-28,299134000,NetIncomeLoss,USD,2023-04-10,10-Q,2022-02-28,3643023000,Assets,USD,2023-04-10,10-Q,2022-05-31,-88100000,NetCashProvidedByUsedInFinancingActivities,USD,2023-04-10,10-Q,2022-02-28,-413161000,NetCashProvidedByUsedInInvestingActivities,USD,2023-04-10,10-Q,2022-02-28,-94726000,NetCashProvidedByUsedInOperatingActivities,USD,2023-04-10,10-Q,2022-02-28,through_ocf,True,,,0.080371,-0.025451,0.978804,-0.023671,-0.111008
2023Q2,2023-04-20,WRB,11544,BERKLEY W R CORP,$2B-$10B,,8098925000,Revenues,USD,2023-02-24,10-K,2020-12-31,530670000,NetIncomeLoss,USD,2023-02-24,10-K,2020-12-31,32086414000,Assets,USD,2023-02-24,10-K,2021-12-31,-397843000,NetCashProvidedByUsedInFinancingActivities,USD,2023-02-24,10-K,2020-12-31,119696000,NetCashProvidedByUsedInInvestingActivities,USD,2023-02-24,10-K,2020-12-31,1616686000,NetCashProvidedByUsedInOperatingActivities,USD,2023-02-24,10-K,2020-12-31,through_ocf,True,,,0.065524,0.199617,3.961811,-0.049123,0.014779
2023Q2,2023-05-09,WRBY,1504776,Warby Parker Inc.,$100M-$500M,,153218000,RevenueFromContractWithCustomerExcludingAssessedTax,USD,2023-05-09,10-Q,2022-03-31,-34133000,NetIncomeLoss,USD,2023-05-09,10-Q,2022-03-31,568707000,Assets,USD,2023-05-09,10-Q,2022-12-31,180000,NetCashProvidedByUsedInFinancingActivities,USD,2023-05-09,10-Q,2022-03-31,-16060000,NetCashProvidedByUsedInInvestingActivities,USD,2023-05-09,10-Q,2022-03-31,-10296000,NetCashProvidedByUsedInOperatingActivities,USD,2023-05-09,10-Q,2022-03-31,through_ocf,True,,,-0.222774,-0.067198,3.711751,0.001175,-0.104818
2023Q2,2023-04-26,WSC,1647088,WILLSCOT HOLDINGS CORPORATION,$1B-$2B,,1272991000,Revenues,USD,2023-02-22,10-K,2020-12-31,74127000,NetIncomeLoss,USD,2023-02-22,10-K,2020-12-31,5773599000,Assets,USD,2023-02-22,10-K,2021-12-31,-158958000,NetCashProvidedByUsedInFinancingActivities,USD,2023-02-22,10-K,2020-12-31,-125360000,NetCashProvidedByUsedInInvestingActivities,USD,2023-02-22,10-K,2020-12-31,304812000,NetCashProvidedByUsedInOperatingActivities,USD,2023-02-22,10-K,2020-12-31,through_ocf,True,,,0.058231,0.239446,4.535459,-0.12487,-0.098477
2023Q2,2023-05-23,WSM,719955,"WILLIAMS-SONOMA, INC.",$2B-$10B,,6783189000,RevenueFromContractWithCustomerExcludingAssessedTax,USD,2023-03-24,10-K,2021-01-31,680714000,NetIncomeLoss,USD,2023-03-24,10-K,2021-01-31,4625620000,Assets,USD,2023-03-24,10-K,2022-01-30,-343019000,NetCashProvidedByUsedInFinancingActivities,USD,2023-03-24,10-K,2021-01-31,-168884000,NetCashProvidedByUsedInInvestingActivities,USD,2023-03-24,10-K,2021-01-31,1274848000,NetCashProvidedByUsedInOperatingActivities,USD,2023-03-24,10-K,2021-01-31,through_ocf,True,,,0.100353,0.187942,0.681924,-0.050569,-0.024897
2023Q2,2023-04-27,WST,105770,"WEST PHARMACEUTICAL SERVICES, INC.",$500M-$1B,,720000000,Revenues,USD,2023-04-27,10-Q,2022-03-31,173800000,NetIncomeLoss,USD,2023-04-27,10-Q,2022-03-31,3616800000,Assets,USD,2023-04-27,10-Q,2022-12-31,-172700000,NetCashProvidedByUsedInFinancingActivities,USD,2023-04-27,10-Q,2022-03-31,-68300000,NetCashProvidedByUsedInInvestingActivities,USD,2023-04-27,10-Q,2022-03-31,151200000,NetCashProvidedByUsedInOperatingActivities,USD,2023-04-27,10-Q,2022-03-31,through_ocf,True,,,0.241389,0.21,5.023333,-0.239861,-0.094861
2023Q2,2023-04-19,WTFC,1015328,Wintrust Financial Corporation,$100M-$500M,,170130000,RevenueFromContractWithCustomerExcludingAssessedTax,USD,2023-02-28,10-K,2020-12-31,292990000,NetIncomeLoss,USD,2023-02-28,10-K,2020-12-31,45080768000,Assets,USD,2023-02-28,10-K,2020-12-31,7736887000,NetCashProvidedByUsedInFinancingActivities,USD,2023-02-28,10-K,2020-12-31,-7182424000,NetCashProvidedByUsedInInvestingActivities,USD,2023-02-28,10-K,2020-12-31,-518465000,NetCashProvidedByUsedInOperatingActivities,USD,2023-02-28,10-K,2020-12-31,through_ocf,True,,,1.722154,-3.047464,264.978358,45.476324,-42.217269
2023Q2,2023-05-09,WTI,1288403,"W&T Offshore, Inc.",$100M-$500M,,346634000,RevenueFromContractWithCustomerExcludingAssessedTax,USD,2023-03-08,10-K,2020-12-31,37790000,NetIncomeLoss,USD,2023-03-08,10-K,2020-12-31,1193207000,Assets,USD,2023-03-08,10-K,2021-12-31,-49600000,NetCashProvidedByUsedInFinancingActivities,USD,2023-03-08,10-K,2020-12-31,-47616000,NetCashProvidedByUsedInInvestingActivities,USD,2023-03-08,10-K,2020-12-31,108509000,NetCashProvidedByUsedInOperatingActivities,USD,2023-03-08,10-K,2020-12-31,through_ocf,True,,,0.10902,0.313036,3.442268,-0.14309,-0.137367
2023Q2,2023-05-03,WTS,795403,WATTS WATER TECHNOLOGIES INC,$1B-$2B,,1508600000,RevenueFromContractWithCustomerExcludingAssessedTax,USD,2023-02-21,10-K,2020-12-31,114300000,NetIncomeLoss,USD,2023-02-21,10-K,2020-12-31,1738200000,Assets,USD,2023-02-21,10-K,2020-12-31,-181900000,NetCashProvidedByUsedInFinancingActivities,USD,2023-02-21,10-K,2020-12-31,-54800000,NetCashProvidedByUsedInInvestingActivities,USD,2023-02-21,10-K,2020-12-31,228800000,NetCashProvidedByUsedInOperatingActivities,USD,2023-02-21,10-K,2020-12-31,through_ocf,True,,,0.075766,0.151664,1.152194,-0.120575,-0.036325
2023Q2,2023-05-03,WTTR,1693256,"Select Water Solutions, Inc.",$100M-$500M,,294769000,RevenueFromContractWithCustomerExcludingAssessedTax,USD,2023-05-03,10-Q,2022-03-31,6802000,NetIncomeLoss,USD,2023-05-03,10-Q,2022-03-31,1222853000,Assets,USD,2023-05-03,10-Q,2022-12-31,-39768000,NetCashProvidedByUsedInFinancingActivities,USD,2023-05-03,10-Q,2022-03-31,-91000,NetCashProvidedByUsedInInvestingActivities,USD,2023-05-03,10-Q,2022-03-31,-18550000,NetCashProvidedByUsedInOperatingActivities,USD,2023-05-03,10-Q,2022-03-31,through_ocf,True,,,0.023076,-0.062931,4.148513,-0.134912,-0.000309
2023Q2,2023-05-10,WWW,110471,"WOLVERINE WORLD WIDE, INC.",$1B-$2B,,1791100000,Revenues,USD,2023-02-23,10-K,2021-01-02,-136900000,NetIncomeLoss,USD,2023-02-23,10-K,2021-01-02,2586400000,Assets,USD,2023-02-23,10-K,2022-01-01,-154000000,NetCashProvidedByUsedInFinancingActivities,USD,2023-02-23,10-K,2021-01-02,6100000,NetCashProvidedByUsedInInvestingActivities,USD,2023-02-23,10-K,2021-01-02,309100000,NetCashProvidedByUsedInOperatingActivities,USD,2023-02-23,10-K,2021-01-02,through_ocf,True,,,-0.076433,0.172576,1.444029,-0.085981,0.003406
2023Q2,2023-04-27,WY,106535,WEYERHAEUSER CO,$2B-$10B,,7532000000,Revenues,USD,2023-02-17,10-K,2020-12-31,797000000,NetIncomeLoss,USD,2023-02-17,10-K,2020-12-31,17652000000,Assets,USD,2023-02-17,10-K,2021-12-31,-1358000000,NetCashProvidedByUsedInFinancingActivities,USD,2023-02-17,10-K,2020-12-31,185000000,NetCashProvidedByUsedInInvestingActivities,USD,2023-02-17,10-K,2020-12-31,1529000000,NetCashProvidedByUsedInOperatingActivities,USD,2023-02-17,10-K,2020-12-31,through_ocf,True,,,0.105815,0.203001,2.343601,-0.180297,0.024562
2023Q2,2023-05-09,WYNN,1174922,"WYNN RESORTS, LIMITED",$2B-$10B,,4345797000,Revenues,USD,2019-02-28,10-K,2016-12-31,-183324000,NetIncomeLoss,USD,2023-05-09,10-Q,2022-03-31,13415100000,Assets,USD,2023-05-09,10-Q,2022-12-31,10872000,NetCashProvidedByUsedInFinancingActivities,USD,2023-05-09,10-Q,2022-03-31,-97215000,NetCashProvidedByUsedInInvestingActivities,USD,2023-05-09,10-Q,2022-03-31,-117385000,NetCashProvidedByUsedInOperatingActivities,USD,2023-05-09,10-Q,2022-03-31,through_ocf,True,,,-0.042184,-0.027011,3.086914,0.002502,-0.02237
2023Q2,2023-04-27,XEL,72903,XCEL ENERGY INC,$2B-$10B,,8657000000,Revenues,USD,2019-10-25,10-Q,2018-09-30,380000000,NetIncomeLoss,USD,2023-04-27,10-Q,2022-03-31,61188000000,Assets,USD,2023-04-27,10-Q,2022-12-31,-264000000,NetCashProvidedByUsedInFinancingActivities,USD,2023-04-27,10-Q,2022-03-31,-952000000,NetCashProvidedByUsedInInvestingActivities,USD,2023-04-27,10-Q,2022-03-31,1140000000,NetCashProvidedByUsedInOperatingActivities,USD,2023-04-27,10-Q,2022-03-31,through_ocf,True,,,0.043895,0.131685,7.068037,-0.030496,-0.109969
2023Q2,2023-05-02,XHR,1616000,"Xenia Hotels & Resorts, Inc.",$100M-$500M,,369776000,RevenueFromContractWithCustomerExcludingAssessedTax,USD,2023-03-02,10-K,2020-12-31,-163330000,NetIncomeLoss,USD,2023-03-02,10-K,2020-12-31,3087316000,Assets,USD,2023-03-02,10-K,2021-12-31,57374000,NetCashProvidedByUsedInFinancingActivities,USD,2023-03-02,10-K,2020-12-31,254188000,NetCashProvidedByUsedInInvestingActivities,USD,2023-03-02,10-K,2020-12-31,-77722000,NetCashProvidedByUsedInOperatingActivities,USD,2023-03-02,10-K,2020-12-31,through_ocf,True,,,-0.4417,-0.210187,8.349152,0.155159,0.687411
2023Q2,2023-05-10,XMTR,1657573,"Xometry, Inc.",<$100M,,83671000,RevenueFromContractWithCustomerExcludingAssessedTax,USD,2023-05-10,10-Q,2022-03-31,-20012000,NetIncomeLoss,USD,2023-05-10,10-Q,2022-03-31,736925000,Assets,USD,2023-05-10,10-Q,2022-12-31,279460000,NetCashProvidedByUsedInFinancingActivities,USD,2023-05-10,10-Q,2022-03-31,-282465000,NetCashProvidedByUsedInInvestingActivities,USD,2023-05-10,10-Q,2022-03-31,-24259000,NetCashProvidedByUsedInOperatingActivities,USD,2023-05-10,10-Q,2022-03-31,through_ocf,True,,,-0.239175,-0.289933,8.807412,3.339986,-3.375901
2023Q2,2023-05-09,XPER,0001788999,XPERI INC.,$100M-$500M,,376101000,Revenues,USD,2023-03-06,10-K,2020-12-31,-138327000,NetIncomeLoss,USD,2023-03-06,10-K,2020-12-31,1228712000,Assets,USD,2023-03-06,10-K,2021-12-31,34244000,NetCashProvidedByUsedInFinancingActivities,USD,2023-03-06,10-K,2020-12-31,26522000,NetCashProvidedByUsedInInvestingActivities,USD,2023-03-06,10-K,2020-12-31,-23777000,NetCashProvidedByUsedInOperatingActivities,USD,2023-03-06,10-K,2020-12-31,through_ocf,True,,,-0.367792,-0.06322,3.266973,0.09105,0.070518
2023Q2,2023-05-03,XRAY,818479,DENTSPLY SIRONA Inc.,$500M-$1B,,969000000,RevenueFromContractWithCustomerExcludingAssessedTax,USD,2023-05-03,10-Q,2022-03-31,69000000,NetIncomeLoss,USD,2023-05-03,10-Q,2022-03-31,7643000000,Assets,USD,2023-05-03,10-Q,2022-12-31,-10000000,NetCashProvidedByUsedInFinancingActivities,USD,2023-05-03,10-Q,2022-03-31,-43000000,NetCashProvidedByUsedInInvestingActivities,USD,2023-05-03,10-Q,2022-03-31,93000000,NetCashProvidedByUsedInOperatingActivities,USD,2023-05-03,10-Q,2022-03-31,through_ocf,True,,,0.071207,0.095975,7.887513,-0.01032,-0.044376
2023Q2,2023-04-25,XRX,1770450,XEROX HOLDINGS CORPORATION,$2B-$10B,,7022000000,RevenueFromContractWithCustomerExcludingAssessedTax,USD,2023-02-23,10-K,2020-12-31,192000000,NetIncomeLoss,USD,2023-02-23,10-K,2020-12-31,13223000000,Assets,USD,2023-02-23,10-K,2021-12-31,-416000000,NetCashProvidedByUsedInFinancingActivities,USD,2023-02-23,10-K,2020-12-31,-246000000,NetCashProvidedByUsedInInvestingActivities,USD,2023-02-23,10-K,2020-12-31,548000000,NetCashProvidedByUsedInOperatingActivities,USD,2023-02-23,10-K,2020-12-31,through_ocf,True,,,0.027343,0.07804,1.883082,-0.059242,-0.035033
2023Q2,2023-05-04,XYL,1524472,XYLEM INC.,$1B-$2B,,1272000000,Revenues,USD,2023-05-04,10-Q,2022-03-31,82000000,NetIncomeLoss,USD,2023-05-04,10-Q,2022-03-31,7952000000,Assets,USD,2023-05-04,10-Q,2022-12-31,-106000000,NetCashProvidedByUsedInFinancingActivities,USD,2023-05-04,10-Q,2022-03-31,-43000000,NetCashProvidedByUsedInInvestingActivities,USD,2023-05-04,10-Q,2022-03-31,-81000000,NetCashProvidedByUsedInOperatingActivities,USD,2023-05-04,10-Q,2022-03-31,through_ocf,True,,,0.064465,-0.063679,6.251572,-0.083333,-0.033805
2023Q2,2023-05-04,XYZ,1512673,"BLOCK, INC.",$2B-$10B,,3960645000,Revenues,USD,2023-05-04,10-Q,2022-03-31,-204199000,NetIncomeLoss,USD,2023-05-04,10-Q,2022-03-31,31364340000,Assets,USD,2023-05-04,10-Q,2022-12-31,-968556000,NetCashProvidedByUsedInFinancingActivities,USD,2023-05-04,10-Q,2022-03-31,1130613000,NetCashProvidedByUsedInInvestingActivities,USD,2023-05-04,10-Q,2022-03-31,229423000,NetCashProvidedByUsedInOperatingActivities,USD,2023-05-04,10-Q,2022-03-31,through_ocf,True,,,-0.051557,0.057926,7.918998,-0.244545,0.285462
2023Q2,2023-05-04,YELP,1345016,YELP INC,$500M-$1B,,872933000,RevenueFromContractWithCustomerExcludingAssessedTax,USD,2023-02-24,10-K,2020-12-31,-19424000,NetIncomeLoss,USD,2023-02-24,10-K,2020-12-31,1050528000,Assets,USD,2023-02-24,10-K,2021-12-31,-21052000,NetCashProvidedByUsedInFinancingActivities,USD,2023-02-24,10-K,2020-12-31,248359000,NetCashProvidedByUsedInInvestingActivities,USD,2023-02-24,10-K,2020-12-31,176701000,NetCashProvidedByUsedInOperatingActivities,USD,2023-02-24,10-K,2020-12-31,through_ocf,True,,,-0.022251,0.202422,1.203446,-0.024116,0.284511
2023Q2,2023-05-09,YOU,1856314,"CLEAR SECURE, INC.",<$100M,,90539000,RevenueFromContractWithCustomerExcludingAssessedTax,USD,2023-05-09,10-Q,2022-03-31,-10327000,NetIncomeLoss,USD,2023-05-09,10-Q,2022-03-31,1037517000,Assets,USD,2023-05-09,10-Q,2022-12-31,0,NetCashProvidedByUsedInFinancingActivities,USD,2023-05-09,10-Q,2022-03-31,-5633000,NetCashProvidedByUsedInInvestingActivities,USD,2023-05-09,10-Q,2022-03-31,24932000,NetCashProvidedByUsedInOperatingActivities,USD,2023-05-09,10-Q,2022-03-31,through_ocf,True,,,-0.114061,0.275373,11.459338,0.0,-0.062216
2023Q2,2023-05-03,YUM,1041061,"YUM! BRANDS, INC.",$2B-$10B,,5652000000,Revenues,USD,2023-02-27,10-K,2020-12-31,904000000,NetIncomeLoss,USD,2023-02-27,10-K,2020-12-31,5966000000,Assets,USD,2023-02-27,10-K,2021-12-31,-738000000,NetCashProvidedByUsedInFinancingActivities,USD,2023-02-27,10-K,2020-12-31,-335000000,NetCashProvidedByUsedInInvestingActivities,USD,2023-02-27,10-K,2020-12-31,1305000000,NetCashProvidedByUsedInOperatingActivities,USD,2023-02-27,10-K,2020-12-31,through_ocf,True,,,0.159943,0.230892,1.055556,-0.130573,-0.059271
2023Q2,2023-05-03,Z,1617640,"ZILLOW GROUP, INC.",$500M-$1B,,536000000,RevenueFromContractWithCustomerExcludingAssessedTax,USD,2023-05-03,10-Q,2022-03-31,16000000,NetIncomeLoss,USD,2023-05-03,10-Q,2022-03-31,6563000000,Assets,USD,2023-05-03,10-Q,2022-12-31,-2981000000,NetCashProvidedByUsedInFinancingActivities,USD,2023-05-03,10-Q,2022-03-31,-563000000,NetCashProvidedByUsedInInvestingActivities,USD,2023-05-03,10-Q,2022-03-31,3392000000,NetCashProvidedByUsedInOperatingActivities,USD,2023-05-03,10-Q,2022-03-31,through_ocf,True,,,0.029851,6.328358,12.244403,-5.561567,-1.050373
2023Q2,2023-05-02,ZBH,1136869,"ZIMMER BIOMET HOLDINGS, INC.",$1B-$2B,,1663200000,RevenueFromContractWithCustomerExcludingAssessedTax,USD,2023-05-02,10-Q,2022-03-31,14200000,NetIncomeLoss,USD,2023-05-02,10-Q,2022-03-31,21066000000,Assets,USD,2023-05-02,10-Q,2022-12-31,-779900000,NetCashProvidedByUsedInFinancingActivities,USD,2022-02-25,10-K,2019-12-31,-729300000,NetCashProvidedByUsedInInvestingActivities,USD,2022-02-25,10-K,2019-12-31,1585800000,NetCashProvidedByUsedInOperatingActivities,USD,2022-02-25,10-K,2019-12-31,through_ocf,True,,,0.008538,0.953463,12.665945,-0.468915,-0.438492
2023Q2,2023-05-02,ZBRA,877212,Zebra Technologies Corporation,$1B-$2B,,1432000000,RevenueFromContractWithCustomerExcludingAssessedTax,USD,2023-05-02,10-Q,2022-04-02,205000000,NetIncomeLoss,USD,2023-05-02,10-Q,2022-04-02,7529000000,Assets,USD,2023-05-02,10-Q,2022-12-31,-220000000,NetCashProvidedByUsedInFinancingActivities,USD,2023-05-02,10-Q,2022-04-02,-19000000,NetCashProvidedByUsedInInvestingActivities,USD,2023-05-02,10-Q,2022-04-02,54000000,NetCashProvidedByUsedInOperatingActivities,USD,2023-05-02,10-Q,2022-04-02,through_ocf,True,,,0.143156,0.037709,5.257682,-0.153631,-0.013268
2023Q2,2023-05-10,ZD,1084048,"Ziff Davis, Inc.",$100M-$500M,,315068000,Revenues,USD,2023-05-10,10-Q,2022-03-31,24537000,NetIncomeLoss,USD,2023-05-10,10-Q,2022-03-31,3533270000,Assets,USD,2023-05-10,10-Q,2022-12-31,-120708000,NetCashProvidedByUsedInFinancingActivities,USD,2023-05-10,10-Q,2022-03-31,-58638000,NetCashProvidedByUsedInInvestingActivities,USD,2023-05-10,10-Q,2022-03-31,116511000,NetCashProvidedByUsedInOperatingActivities,USD,2023-05-10,10-Q,2022-03-31,through_ocf,True,,,0.077878,0.369796,11.214309,-0.383117,-0.186112
2023Q2,2023-05-04,ZETA,1851003,ZETA GLOBAL HOLDINGS CORP.,$100M-$500M,,368120000,RevenueFromContractWithCustomerExcludingAssessedTax,USD,2023-02-24,10-K,2020-12-31,-53225000,NetIncomeLoss,USD,2023-02-24,10-K,2020-12-31,397265000,Assets,USD,2023-02-24,10-K,2021-12-31,2783000,NetCashProvidedByUsedInFinancingActivities,USD,2023-02-24,10-K,2020-12-31,-25207000,NetCashProvidedByUsedInInvestingActivities,USD,2023-02-24,10-K,2020-12-31,35539000,NetCashProvidedByUsedInOperatingActivities,USD,2023-02-24,10-K,2020-12-31,through_ocf,True,,,-0.144586,0.096542,1.079173,0.00756,-0.068475
2023Q2,2023-05-03,ZG,1617640,"ZILLOW GROUP, INC.",$500M-$1B,,536000000,RevenueFromContractWithCustomerExcludingAssessedTax,USD,2023-05-03,10-Q,2022-03-31,16000000,NetIncomeLoss,USD,2023-05-03,10-Q,2022-03-31,6563000000,Assets,USD,2023-05-03,10-Q,2022-12-31,-2981000000,NetCashProvidedByUsedInFinancingActivities,USD,2023-05-03,10-Q,2022-03-31,-563000000,NetCashProvidedByUsedInInvestingActivities,USD,2023-05-03,10-Q,2022-03-31,3392000000,NetCashProvidedByUsedInOperatingActivities,USD,2023-05-03,10-Q,2022-03-31,through_ocf,True,,,0.029851,6.328358,12.244403,-5.561567,-1.050373
2023Q2,2023-04-19,ZION,109380,"ZIONS BANCORPORATION, NATIONAL ASSOCIATION",$500M-$1B,,549000000,Revenues,USD,2023-02-23,10-K,2020-12-31,539000000,NetIncomeLoss,USD,2023-02-23,10-K,2020-12-31,93200000000,Assets,USD,2023-02-23,10-K,2021-12-31,11323000000,NetCashProvidedByUsedInFinancingActivities,USD,2023-02-23,10-K,2020-12-31,-12204000000,NetCashProvidedByUsedInInvestingActivities,USD,2023-02-23,10-K,2020-12-31,719000000,NetCashProvidedByUsedInOperatingActivities,USD,2023-02-23,10-K,2020-12-31,through_ocf,True,,,0.981785,1.309654,169.763206,20.624772,-22.229508
2023Q2,2023-05-09,ZIP,1617553,"ZIPRECRUITER, INC.",$100M-$500M,,227260000,RevenueFromContractWithCustomerExcludingAssessedTax,USD,2023-05-09,10-Q,2022-03-31,8417000,NetIncomeLoss,USD,2023-05-09,10-Q,2022-03-31,714563000,Assets,USD,2023-05-09,10-Q,2022-12-31,479855000,NetCashProvidedByUsedInFinancingActivities,USD,2023-05-09,10-Q,2022-03-31,-3516000,NetCashProvidedByUsedInInvestingActivities,USD,2023-05-09,10-Q,2022-03-31,14433000,NetCashProvidedByUsedInOperatingActivities,USD,2023-05-09,10-Q,2022-03-31,through_ocf,True,,,0.037037,0.063509,3.144253,2.11148,-0.015471
2023Q2,2023-05-22,ZM,1585521,"Zoom Communications, Inc.",$2B-$10B,,2651368000,RevenueFromContractWithCustomerExcludingAssessedTax,USD,2023-03-03,10-K,2021-01-31,672316000,NetIncomeLoss,USD,2023-03-03,10-K,2021-01-31,7551318000,Assets,USD,2023-03-03,10-K,2022-01-31,2050277000,NetCashProvidedByUsedInFinancingActivities,USD,2023-03-03,10-K,2021-01-31,-1562420000,NetCashProvidedByUsedInInvestingActivities,USD,2023-03-03,10-K,2021-01-31,1471177000,NetCashProvidedByUsedInOperatingActivities,USD,2023-03-03,10-K,2021-01-31,through_ocf,True,,,0.253573,0.554875,2.848084,0.77329,-0.589288
2023Q2,2023-05-04,ZTS,1555280,Zoetis Inc.,$1B-$2B,,1986000000,Revenues,USD,2023-05-04,10-Q,2022-03-31,595000000,NetIncomeLoss,USD,2023-05-04,10-Q,2022-03-31,14925000000,Assets,USD,2023-05-04,10-Q,2022-12-31,-545000000,NetCashProvidedByUsedInFinancingActivities,USD,2023-05-04,10-Q,2022-03-31,-118000000,NetCashProvidedByUsedInInvestingActivities,USD,2023-05-04,10-Q,2022-03-31,309000000,NetCashProvidedByUsedInOperatingActivities,USD,2023-05-04,10-Q,2022-03-31,through_ocf,True,,,0.299597,0.155589,7.515106,-0.274421,-0.059416
2023Q2,2023-04-25,ZWS,1439288,ZURN ELKAY WATER SOLUTIONS CORPORATION,$100M-$500M,,239600000,RevenueFromContractWithCustomerExcludingAssessedTax,USD,2023-04-25,10-Q,2022-03-31,30200000,NetIncomeLoss,USD,2023-04-25,10-Q,2022-03-31,2864000000,Assets,USD,2023-04-25,10-Q,2022-12-31,-5200000,NetCashProvidedByUsedInFinancingActivities,USD,2023-04-25,10-Q,2022-03-31,35500000,NetCashProvidedByUsedInInvestingActivities,USD,2023-04-25,10-Q,2022-03-31,-53900000,NetCashProvidedByUsedInOperatingActivities,USD,2023-04-25,10-Q,2022-03-31,through_ocf,True,,,0.126043,-0.224958,11.953255,-0.021703,0.148164
2023Q2,2023-04-19,ABT,1800,ABBOTT LABORATORIES,>$10B,,34608000000,RevenueFromContractWithCustomerExcludingAssessedTax,USD,2023-02-17,10-K,2020-12-31,4495000000,NetIncomeLoss,USD,2023-02-17,10-K,2020-12-31,75196000000,Assets,USD,2023-02-17,10-K,2021-12-31,-2779000000,NetCashProvidedByUsedInFinancingActivities,USD,2023-02-17,10-K,2020-12-31,-2215000000,NetCashProvidedByUsedInInvestingActivities,USD,2023-02-17,10-K,2020-12-31,7901000000,NetCashProvidedByUsedInOperatingActivities,USD,2023-02-17,10-K,2020-12-31,through_ocf,True,,,0.129883,0.2283,2.172792,-0.080299,-0.064003
2023Q2,2023-04-18,AIZ,1267238,"Assurant, Inc.",$2B-$10B,,9597600000,Revenues,USD,2023-02-17,10-K,2020-12-31,440800000,NetIncomeLoss,USD,2023-02-17,10-K,2020-12-31,33920600000,Assets,USD,2023-02-17,10-K,2021-12-31,-264800000,NetCashProvidedByUsedInFinancingActivities,USD,2023-02-17,10-K,2020-12-31,-735200000,NetCashProvidedByUsedInInvestingActivities,USD,2023-02-17,10-K,2020-12-31,1342000000,NetCashProvidedByUsedInOperatingActivities,USD,2023-02-17,10-K,2020-12-31,through_ocf,True,,,0.045928,0.139827,3.534279,-0.02759,-0.076602
2023Q2,2023-04-24,AMP,820027,"AMERIPRISE FINANCIAL, INC.",>$10B,,11958000000,Revenues,USD,2023-02-23,10-K,2020-12-31,1534000000,NetIncomeLoss,USD,2023-02-23,10-K,2020-12-31,175910000000,Assets,USD,2023-02-23,10-K,2021-12-31,952000000,NetCashProvidedByUsedInFinancingActivities,USD,2023-02-23,10-K,2020-12-31,-2894000000,NetCashProvidedByUsedInInvestingActivities,USD,2023-02-23,10-K,2020-12-31,4623000000,NetCashProvidedByUsedInOperatingActivities,USD,2023-02-23,10-K,2020-12-31,through_ocf,True,,,0.128282,0.386603,14.710654,0.079612,-0.242014
2023Q2,2023-06-07,BF-B,14693,Brown-Forman Corporation,$2B-$10B,,2937000000,RevenueFromContractWithCustomerExcludingAssessedTax,USD,2023-03-08,10-Q,2022-01-31,192000000,NetIncomeLoss,USD,2023-03-08,10-Q,2021-07-31,6373000000,Assets,USD,2023-03-08,10-Q,2022-04-30,-930000000,NetCashProvidedByUsedInFinancingActivities,USD,2023-03-08,10-Q,2022-01-31,-63000000,NetCashProvidedByUsedInInvestingActivities,USD,2023-03-08,10-Q,2022-01-31,683000000,NetCashProvidedByUsedInOperatingActivities,USD,2023-03-08,10-Q,2022-01-31,through_ocf,True,,,0.065373,0.23255,2.169901,-0.31665,-0.02145
2023Q2,2023-04-27,CBRE,1138118,"CBRE GROUP, INC.",$2B-$10B,,7332933000,Revenues,USD,2023-04-27,10-Q,2022-03-31,392297000,NetIncomeLoss,USD,2023-04-27,10-Q,2022-03-31,20513389000,Assets,USD,2023-04-27,10-Q,2022-12-31,-209009000,NetCashProvidedByUsedInFinancingActivities,USD,2023-04-27,10-Q,2022-03-31,-95621000,NetCashProvidedByUsedInInvestingActivities,USD,2023-04-27,10-Q,2022-03-31,-393507000,NetCashProvidedByUsedInOperatingActivities,USD,2023-04-27,10-Q,2022-03-31,through_ocf,True,,,0.053498,-0.053663,2.797433,-0.028503,-0.01304
2023Q2,2023-05-04,CEG,0001868275,CONSTELLATION ENERGY CORPORATION,$2B-$10B,,5591000000,Revenues,USD,2023-05-04,10-Q,2022-03-31,106000000,NetIncomeLoss,USD,2023-05-04,10-Q,2022-03-31,46909000000,Assets,USD,2023-05-04,10-Q,2022-12-31,-635000000,NetCashProvidedByUsedInFinancingActivities,USD,2023-05-04,10-Q,2022-03-31,404000000,NetCashProvidedByUsedInInvestingActivities,USD,2023-05-04,10-Q,2022-03-31,1351000000,NetCashProvidedByUsedInOperatingActivities,USD,2023-05-04,10-Q,2022-03-31,through_ocf,True,,,0.018959,0.241638,8.390091,-0.113575,0.072259
2023Q2,2023-05-17,CPRT,900075,"COPART, INC.",$100M-$500M,,461368000,Revenues,USD,2020-09-28,10-K,2018-10-31,260363000,NetIncomeLoss,USD,2023-02-24,10-Q,2021-10-31,5308864000,Assets,USD,2023-02-24,10-Q,2022-07-31,16094000,NetCashProvidedByUsedInFinancingActivities,USD,2023-02-24,10-Q,2022-01-31,-530283000,NetCashProvidedByUsedInInvestingActivities,USD,2023-02-24,10-Q,2022-01-31,446548000,NetCashProvidedByUsedInOperatingActivities,USD,2023-02-24,10-Q,2022-01-31,through_ocf,True,,,0.564328,0.967878,11.506789,0.034883,-1.149371
2023Q2,2023-04-27,DXCM,1093557,"DEXCOM, INC.",$500M-$1B,,628800000,RevenueFromContractWithCustomerExcludingAssessedTax,USD,2023-04-27,10-Q,2022-03-31,97300000,NetIncomeLoss,USD,2023-04-27,10-Q,2022-03-31,5391700000,Assets,USD,2023-04-27,10-Q,2022-12-31,5300000,NetCashProvidedByUsedInFinancingActivities,USD,2023-04-27,10-Q,2022-03-31,-411800000,NetCashProvidedByUsedInInvestingActivities,USD,2023-04-27,10-Q,2022-03-31,71000000,NetCashProvidedByUsedInOperatingActivities,USD,2023-04-27,10-Q,2022-03-31,through_ocf,True,,,0.154739,0.112913,8.574587,0.008429,-0.654898
2023Q2,2023-05-04,EOG,821189,"EOG RESOURCES, INC.",$2B-$10B,,3983000000,Revenues,USD,2023-05-04,10-Q,2022-03-31,390000000,NetIncomeLoss,USD,2023-05-04,10-Q,2022-03-31,41371000000,Assets,USD,2023-05-04,10-Q,2022-12-31,-1072000000,NetCashProvidedByUsedInFinancingActivities,USD,2023-05-04,10-Q,2022-03-31,-956000000,NetCashProvidedByUsedInInvestingActivities,USD,2023-05-04,10-Q,2022-03-31,828000000,NetCashProvidedByUsedInOperatingActivities,USD,2023-05-04,10-Q,2022-03-31,through_ocf,True,,,0.097916,0.207884,10.386894,-0.269144,-0.24002
2023Q2,2023-04-13,EQT,33213,EQT CORPORATION,$2B-$10B,,3058843000,Revenues,USD,2023-02-16,10-K,2020-12-31,-958799000,NetIncomeLoss,USD,2023-02-16,10-K,2020-12-31,21607388000,Assets,USD,2023-02-16,10-K,2021-12-31,31713000,NetCashProvidedByUsedInFinancingActivities,USD,2023-02-16,10-K,2020-12-31,-1555800000,NetCashProvidedByUsedInInvestingActivities,USD,2023-02-16,10-K,2020-12-31,1537701000,NetCashProvidedByUsedInOperatingActivities,USD,2023-02-16,10-K,2020-12-31,through_ocf,True,,,-0.313452,0.502707,7.063909,0.010368,-0.508624
2023Q2,2023-04-20,FANG,1539838,"DIAMONDBACK ENERGY, INC.",$2B-$10B,,2813000000,Revenues,USD,2023-02-23,10-K,2020-12-31,-4517000000,NetIncomeLoss,USD,2023-02-23,10-K,2020-12-31,17619000000,Assets,USD,2023-02-23,10-K,2020-12-31,-37000000,NetCashProvidedByUsedInFinancingActivities,USD,2023-02-23,10-K,2020-12-31,-2101000000,NetCashProvidedByUsedInInvestingActivities,USD,2023-02-23,10-K,2020-12-31,2118000000,NetCashProvidedByUsedInOperatingActivities,USD,2023-02-23,10-K,2020-12-31,through_ocf,True,,,-1.605759,0.752933,6.26342,-0.013153,-0.746889
2023Q2,2023-04-21,FCX,831259,Freeport-McMoRan Inc.,>$10B,,14198000000,Revenues,USD,2023-02-15,10-K,2020-12-31,865000000,ProfitLoss,USD,2023-02-15,10-K,2020-12-31,42144000000,Assets,USD,2023-02-15,10-K,2020-12-31,-128000000,NetCashProvidedByUsedInFinancingActivities,USD,2023-02-15,10-K,2020-12-31,-1264000000,NetCashProvidedByUsedInInvestingActivities,USD,2023-02-15,10-K,2020-12-31,3017000000,NetCashProvidedByUsedInOperatingActivities,USD,2023-02-15,10-K,2020-12-31,through_ocf,True,,,0.060924,0.212495,2.968305,-0.009015,-0.089027
2023Q2,2023-05-03,GNRC,1474735,GENERAC HOLDINGS INC.,$2B-$10B,,2485200000,RevenueFromContractWithCustomerExcludingAssessedTax,USD,2023-02-22,10-K,2020-12-31,350576000,NetIncomeLoss,USD,2023-02-22,10-K,2020-12-31,3235423000,Assets,USD,2023-02-22,10-K,2020-12-31,-30428000,NetCashProvidedByUsedInFinancingActivities,USD,2023-02-22,10-K,2020-12-31,-124095000,NetCashProvidedByUsedInInvestingActivities,USD,2023-02-22,10-K,2020-12-31,486533000,NetCashProvidedByUsedInOperatingActivities,USD,2023-02-22,10-K,2020-12-31,through_ocf,True,,,0.141066,0.195772,1.301876,-0.012244,-0.049934
2023Q2,2023-04-28,HOOD,1783879,"Robinhood Markets, Inc.",$500M-$1B,,958000000,Revenues,USD,2023-02-27,10-K,2020-12-31,7000000,NetIncomeLoss,USD,2023-02-27,10-K,2020-12-31,19769000000,Assets,USD,2023-02-27,10-K,2021-12-31,1276000000,NetCashProvidedByUsedInFinancingActivities,USD,2023-02-27,10-K,2020-12-31,-32000000,NetCashProvidedByUsedInInvestingActivities,USD,2023-02-27,10-K,2020-12-31,1876000000,NetCashProvidedByUsedInOperatingActivities,USD,2023-02-27,10-K,2020-12-31,through_ocf,True,,,0.007307,1.958246,20.635699,1.331942,-0.033403
2023Q2,2023-04-18,IBKR,1381197,"INTERACTIVE BROKERS GROUP, INC.",$1B-$2B,,1287000000,RevenueFromContractWithCustomerExcludingAssessedTax,USD,2023-02-24,10-K,2020-12-31,1179000000,ProfitLoss,USD,2023-02-24,10-K,2020-12-31,109113000000,Assets,USD,2023-02-24,10-K,2021-12-31,-229000000,NetCashProvidedByUsedInFinancingActivities,USD,2023-02-24,10-K,2020-12-31,-50000000,NetCashProvidedByUsedInInvestingActivities,USD,2023-02-24,10-K,2020-12-31,8068000000,NetCashProvidedByUsedInOperatingActivities,USD,2023-02-24,10-K,2020-12-31,through_ocf,True,,,0.916084,6.268842,84.780886,-0.177933,-0.03885
2023Q2,2023-05-02,INCY,879169,INCYTE CORPORATION,$500M-$1B,,733235000,RevenueFromContractWithCustomerExcludingAssessedTax,USD,2023-05-02,10-Q,2022-03-31,37992000,NetIncomeLoss,USD,2023-05-02,10-Q,2022-03-31,5840984000,Assets,USD,2023-05-02,10-Q,2022-12-31,96000,NetCashProvidedByUsedInFinancingActivities,USD,2023-05-02,10-Q,2022-03-31,-16748000,NetCashProvidedByUsedInInvestingActivities,USD,2023-05-02,10-Q,2022-03-31,215741000,NetCashProvidedByUsedInOperatingActivities,USD,2023-05-02,10-Q,2022-03-31,through_ocf,True,,,0.051814,0.294232,7.966046,0.000131,-0.022841
2023Q2,2023-05-01,INVH,1687229,Invitation Homes Inc.,$1B-$2B,,1822828000,Revenues,USD,2023-02-22,10-K,2020-12-31,196212000,NetIncomeLoss,USD,2023-02-22,10-K,2020-12-31,18537846000,Assets,USD,2023-02-22,10-K,2021-12-31,-146033000,NetCashProvidedByUsedInFinancingActivities,USD,2023-02-22,10-K,2020-12-31,-425156000,NetCashProvidedByUsedInInvestingActivities,USD,2023-02-22,10-K,2020-12-31,696712000,NetCashProvidedByUsedInOperatingActivities,USD,2023-02-22,10-K,2020-12-31,through_ocf,True,,,0.107642,0.382215,10.169827,-0.080113,-0.23324
2023Q2,2023-04-17,JBHT,728535,"J.B. HUNT TRANSPORT SERVICES, INC.",$2B-$10B,,6187646000,Revenues,USD,2018-02-23,10-K,2015-12-31,506035000,NetIncomeLoss,USD,2023-02-24,10-K,2020-12-31,6794348000,Assets,USD,2023-02-24,10-K,2021-12-31,-231600000,NetCashProvidedByUsedInFinancingActivities,USD,2023-02-24,10-K,2020-12-31,-612957000,NetCashProvidedByUsedInInvestingActivities,USD,2023-02-24,10-K,2020-12-31,1122859000,NetCashProvidedByUsedInOperatingActivities,USD,2023-02-24,10-K,2020-12-31,through_ocf,True,,,0.081782,0.181468,1.098051,-0.037429,-0.099061
2023Q2,2023-04-25,KMB,55785,KIMBERLY-CLARK CORPORATION,$2B-$10B,,5095000000,Revenues,USD,2023-04-25,10-Q,2022-03-31,523000000,NetIncomeLoss,USD,2023-04-25,10-Q,2022-03-31,17970000000,Assets,USD,2023-04-25,10-Q,2022-12-31,133000000,NetCashProvidedByUsedInFinancingActivities,USD,2023-04-25,10-Q,2022-03-31,-116000000,NetCashProvidedByUsedInInvestingActivities,USD,2023-04-25,10-Q,2022-03-31,204000000,NetCashProvidedByUsedInOperatingActivities,USD,2023-04-25,10-Q,2022-03-31,through_ocf,True,,,0.10265,0.040039,3.526987,0.026104,-0.022767
2023Q2,2023-04-25,MMM,66740,3M COMPANY,$2B-$10B,,8829000000,Revenues,USD,2023-04-25,10-Q,2022-03-31,1299000000,NetIncomeLoss,USD,2023-04-25,10-Q,2022-03-31,46455000000,Assets,USD,2023-04-25,10-Q,2022-12-31,-2054000000,NetCashProvidedByUsedInFinancingActivities,USD,2023-04-25,10-Q,2022-03-31,-263000000,NetCashProvidedByUsedInInvestingActivities,USD,2023-04-25,10-Q,2022-03-31,1011000000,NetCashProvidedByUsedInOperatingActivities,USD,2023-04-25,10-Q,2022-03-31,through_ocf,True,,,0.147129,0.114509,5.261638,-0.232642,-0.029788
2023Q2,2023-05-04,MPWR,1280452,MONOLITHIC POWER SYSTEMS INC,$500M-$1B,,844452000,RevenueFromContractWithCustomerExcludingAssessedTax,USD,2023-02-24,10-K,2020-12-31,164375000,NetIncomeLoss,USD,2023-02-24,10-K,2020-12-31,1585825000,Assets,USD,2023-02-24,10-K,2021-12-31,-71557000,NetCashProvidedByUsedInFinancingActivities,USD,2023-02-24,10-K,2020-12-31,-39177000,NetCashProvidedByUsedInInvestingActivities,USD,2023-02-24,10-K,2020-12-31,267803000,NetCashProvidedByUsedInOperatingActivities,USD,2023-02-24,10-K,2020-12-31,through_ocf,True,,,0.194653,0.317132,1.877934,-0.084738,-0.046393
2023Q2,2023-05-01,NCLH,1513761,NORWEGIAN CRUISE LINE HOLDINGS LTD.,$1B-$2B,,1150781000,Revenues,USD,2018-05-07,10-Q,2017-03-31,-4012514000,NetIncomeLoss,USD,2023-02-28,10-K,2020-12-31,18729837000,Assets,USD,2023-02-28,10-K,2021-12-31,6579211000,NetCashProvidedByUsedInFinancingActivities,USD,2023-02-28,10-K,2020-12-31,-975362000,NetCashProvidedByUsedInInvestingActivities,USD,2023-02-28,10-K,2020-12-31,-2556243000,NetCashProvidedByUsedInOperatingActivities,USD,2023-02-28,10-K,2020-12-31,through_ocf,True,,,-3.486775,-2.221311,16.275761,5.71717,-0.847565
2023Q2,2023-05-03,O,726728,REALTY INCOME CORPORATION,$1B-$2B,,1647087000,Revenues,USD,2023-02-22,10-K,2020-12-31,395486000,NetIncomeLoss,USD,2023-02-22,10-K,2020-12-31,43137502000,Assets,USD,2023-02-22,10-K,2021-12-31,1692079000,NetCashProvidedByUsedInFinancingActivities,USD,2023-02-22,10-K,2020-12-31,-2032379000,NetCashProvidedByUsedInInvestingActivities,USD,2023-02-22,10-K,2020-12-31,1115543000,NetCashProvidedByUsedInOperatingActivities,USD,2023-02-22,10-K,2020-12-31,through_ocf,True,,,0.240112,0.677282,26.190178,1.027316,-1.233923
2023Q2,2023-04-14,PNC,713676,"PNC FINANCIAL SERVICES GROUP, INC.",>$10B,,16901000000,Revenues,USD,2023-02-22,10-K,2020-12-31,7558000000,ProfitLoss,USD,2023-02-22,10-K,2020-12-31,557191000000,Assets,USD,2023-02-22,10-K,2021-12-31,48419000000,NetCashProvidedByUsedInFinancingActivities,USD,2023-02-22,10-K,2020-12-31,-51122000000,NetCashProvidedByUsedInInvestingActivities,USD,2023-02-22,10-K,2020-12-31,4659000000,NetCashProvidedByUsedInOperatingActivities,USD,2023-02-22,10-K,2020-12-31,through_ocf,True,,,0.447192,0.275664,32.967931,2.86486,-3.024791
2023Q2,2023-04-20,POOL,945841,POOL CORPORATION,$2B-$10B,,3936623000,Revenues,USD,2023-02-24,10-K,2020-12-31,366738000,NetIncomeLoss,USD,2023-02-24,10-K,2020-12-31,3230131000,Assets,USD,2023-02-24,10-K,2021-12-31,-244371000,NetCashProvidedByUsedInFinancingActivities,USD,2023-02-24,10-K,2020-12-31,-146289000,NetCashProvidedByUsedInInvestingActivities,USD,2023-02-24,10-K,2020-12-31,397581000,NetCashProvidedByUsedInOperatingActivities,USD,2023-02-24,10-K,2020-12-31,through_ocf,True,,,0.093161,0.100995,0.820533,-0.062076,-0.037161
2023Q2,2023-04-10,REGN,872589,"REGENERON PHARMACEUTICALS, INC.",$2B-$10B,,8497100000,RevenueFromContractWithCustomerExcludingAssessedTax,USD,2023-02-06,10-K,2020-12-31,3513200000,NetIncomeLoss,USD,2023-02-06,10-K,2020-12-31,25434800000,Assets,USD,2023-02-06,10-K,2021-12-31,-1970500000,NetCashProvidedByUsedInFinancingActivities,USD,2023-02-06,10-K,2020-12-31,-70600000,NetCashProvidedByUsedInInvestingActivities,USD,2023-02-06,10-K,2020-12-31,2618100000,NetCashProvidedByUsedInOperatingActivities,USD,2023-02-06,10-K,2020-12-31,through_ocf,True,,,0.413459,0.308117,2.993351,-0.231903,-0.008309
2023Q2,2023-05-04,SRE,1032208,SEMPRA,$2B-$10B,,3820000000,Revenues,USD,2023-05-04,10-Q,2022-03-31,657000000,ProfitLoss,USD,2023-05-04,10-Q,2022-03-31,78574000000,Assets,USD,2023-05-04,10-Q,2022-12-31,1638000000,NetCashProvidedByUsedInFinancingActivities,USD,2023-05-04,10-Q,2022-03-31,-1290000000,NetCashProvidedByUsedInInvestingActivities,USD,2023-05-04,10-Q,2022-03-31,1607000000,NetCashProvidedByUsedInOperatingActivities,USD,2023-05-04,10-Q,2022-03-31,through_ocf,True,,,0.17199,0.420681,20.56911,0.428796,-0.337696
2023Q2,2023-05-10,TTD,1671933,"TRADE DESK, INC.",$100M-$500M,,315323000,RevenueFromContractWithCustomerExcludingAssessedTax,USD,2023-05-10,10-Q,2022-03-31,-14598000,NetIncomeLoss,USD,2023-05-10,10-Q,2022-03-31,4380679000,Assets,USD,2023-05-10,10-Q,2022-12-31,10980000,NetCashProvidedByUsedInFinancingActivities,USD,2023-05-10,10-Q,2022-03-31,-67103000,NetCashProvidedByUsedInInvestingActivities,USD,2023-05-10,10-Q,2022-03-31,146192000,NetCashProvidedByUsedInOperatingActivities,USD,2023-05-10,10-Q,2022-03-31,through_ocf,True,,,-0.046295,0.463626,13.892672,0.034821,-0.212807
2023Q2,2023-04-20,UNP,100885,UNION PACIFIC CORP,$2B-$10B,,5860000000,RevenueFromContractWithCustomerExcludingAssessedTax,USD,2023-04-20,10-Q,2022-03-31,1630000000,NetIncomeLoss,USD,2023-04-20,10-Q,2022-03-31,65449000000,Assets,USD,2023-04-20,10-Q,2022-12-31,-1453000000,NetCashProvidedByUsedInFinancingActivities,USD,2023-04-20,10-Q,2022-03-31,-836000000,NetCashProvidedByUsedInInvestingActivities,USD,2023-04-20,10-Q,2022-03-31,2236000000,NetCashProvidedByUsedInOperatingActivities,USD,2023-04-20,10-Q,2022-03-31,through_ocf,True,,,0.278157,0.38157,11.168771,-0.247952,-0.142662
2023Q2,2023-05-25,WDAY,1327811,"WORKDAY, INC.",$1B-$2B,,1434657000,RevenueFromContractWithCustomerExcludingAssessedTax,USD,2023-05-25,10-Q,2022-04-30,-102173000,NetIncomeLoss,USD,2023-05-25,10-Q,2022-04-30,13486238000,Assets,USD,2023-05-25,10-Q,2023-01-31,2277702000,NetCashProvidedByUsedInFinancingActivities,USD,2023-05-25,10-Q,2022-04-30,-1470741000,NetCashProvidedByUsedInInvestingActivities,USD,2023-05-25,10-Q,2022-04-30,439717000,NetCashProvidedByUsedInOperatingActivities,USD,2023-05-25,10-Q,2022-04-30,through_ocf,True,,,-0.071218,0.306496,9.400322,1.587628,-1.025152
2023Q2,2023-05-03,WMB,107263,"Williams Companies, Inc.",$2B-$10B,,2524000000,Revenues,USD,2023-05-03,10-Q,2022-03-31,380000000,NetIncomeLoss,USD,2023-05-03,10-Q,2022-03-31,48433000000,Assets,USD,2023-05-03,10-Q,2022-12-31,-1798000000,NetCashProvidedByUsedInFinancingActivities,USD,2023-05-03,10-Q,2022-03-31,-360000000,NetCashProvidedByUsedInInvestingActivities,USD,2023-05-03,10-Q,2022-03-31,1082000000,NetCashProvidedByUsedInOperatingActivities,USD,2023-05-03,10-Q,2022-03-31,through_ocf,True,,,0.150555,0.428685,19.188986,-0.712361,-0.142631
2023Q2,2023-04-27,WTW,1140536,WILLIS TOWERS WATSON PLC,$2B-$10B,,2160000000,Revenues,USD,2023-04-27,10-Q,2022-03-31,122000000,NetIncomeLoss,USD,2023-04-27,10-Q,2022-03-31,31769000000,Assets,USD,2023-04-27,10-Q,2022-12-31,-2580000000,NetCashProvidedByUsedInFinancingActivities,USD,2023-04-27,10-Q,2022-03-31,74000000,NetCashProvidedByUsedInInvestingActivities,USD,2023-04-27,10-Q,2022-03-31,21000000,NetCashProvidedByUsedInOperatingActivities,USD,2023-04-27,10-Q,2022-03-31,through_ocf,True,,,0.056481,0.009722,14.70787,-1.194444,0.034259
2023Q2,2023-05-08,ZS,1713683,"ZSCALER, INC.",$100M-$500M,,486080000,RevenueFromContractWithCustomerExcludingAssessedTax,USD,2023-03-08,10-Q,2022-01-31,-191221000,NetIncomeLoss,USD,2023-03-08,10-Q,2022-01-31,2832665000,Assets,USD,2023-03-08,10-Q,2022-07-31,16328000,NetCashProvidedByUsedInFinancingActivities,USD,2023-03-08,10-Q,2022-01-31,-23940000,NetCashProvidedByUsedInInvestingActivities,USD,2023-03-08,10-Q,2022-01-31,141533000,NetCashProvidedByUsedInOperatingActivities,USD,2023-03-08,10-Q,2022-01-31,through_ocf,True,,,-0.393394,0.291172,5.82757,0.033591,-0.049251
