quarter,asof_date,ticker,cik,entity_name,revenue_bucket,revenue_filter_keep_under_10b,revenue_value,revenue_fact_name,revenue_unit,revenue_filed,revenue_form,revenue_period_end,net_income_value,net_income_fact_name,net_income_unit,net_income_filed,net_income_form,net_income_period_end,assets_value,assets_fact_name,assets_unit,assets_filed,assets_form,assets_period_end,financing_cash_flow_value,financing_cash_flow_fact_name,financing_cash_flow_unit,financing_cash_flow_filed,financing_cash_flow_form,financing_cash_flow_period_end,investing_cash_flow_value,investing_cash_flow_fact_name,investing_cash_flow_unit,investing_cash_flow_filed,investing_cash_flow_form,investing_cash_flow_period_end,operating_cash_flow_value,operating_cash_flow_fact_name,operating_cash_flow_unit,operating_cash_flow_filed,operating_cash_flow_form,operating_cash_flow_period_end,universal_feature_set,universal_feature_complete,universal_feature_complete_through_eps,missing_universal_features,net_income_margin,operating_cash_flow_to_revenue,assets_to_revenue,financing_cash_flow_to_revenue,investing_cash_flow_to_revenue
2024Q4,2024-11-25,A,1090872,"AGILENT TECHNOLOGIES, INC.",$2B-$10B,,5145000000,RevenueFromContractWithCustomerExcludingAssessedTax,USD,2024-08-30,10-Q,2023-07-31,765000000,NetIncomeLoss,USD,2024-08-30,10-Q,2023-07-31,10763000000,Assets,USD,2024-08-30,10-Q,2023-10-31,-729000000,NetCashProvidedByUsedInFinancingActivities,USD,2024-08-30,10-Q,2023-07-31,-270000000,NetCashProvidedByUsedInInvestingActivities,USD,2024-08-30,10-Q,2023-07-31,1256000000,NetCashProvidedByUsedInOperatingActivities,USD,2024-08-30,10-Q,2023-07-31,through_ocf,True,,,0.148688,0.244121,2.091934,-0.141691,-0.052478
2024Q4,2024-11-14,AAP,1158449,"Advance Auto Parts, Inc.",$2B-$10B,,7194670000,RevenueFromContractWithCustomerExcludingAssessedTax,USD,2024-11-14,10-Q,2023-10-07,64862000,NetIncomeLoss,USD,2024-11-14,10-Q,2023-10-07,12276326000,Assets,USD,2024-11-14,10-Q,2023-12-30,204047000,NetCashProvidedByUsedInFinancingActivities,USD,2024-11-14,10-Q,2023-10-07,-185200000,NetCashProvidedByUsedInInvestingActivities,USD,2024-11-14,10-Q,2023-10-07,28834000,NetCashProvidedByUsedInOperatingActivities,USD,2024-11-14,10-Q,2023-10-07,through_ocf,True,,,0.009015,0.004008,1.706308,0.028361,-0.025741
2024Q4,2024-10-29,AAT,1500217,"AMERICAN ASSETS TRUST, INC.",$100M-$500M,,217475000,Revenues,USD,2024-08-02,10-Q,2023-06-30,20666000,ProfitLoss,USD,2024-08-02,10-Q,2023-03-31,2984681000,Assets,USD,2024-08-02,10-Q,2023-12-31,-13894000,NetCashProvidedByUsedInFinancingActivities,USD,2024-08-02,10-Q,2023-06-30,-49086000,NetCashProvidedByUsedInInvestingActivities,USD,2024-08-02,10-Q,2023-06-30,98118000,NetCashProvidedByUsedInOperatingActivities,USD,2024-08-02,10-Q,2023-06-30,through_ocf,True,,,0.095027,0.451169,13.724249,-0.063888,-0.225709
2024Q4,2024-10-29,ABG,1144980,"ASBURY AUTOMOTIVE GROUP, INC",$2B-$10B,,7324800000,Revenues,USD,2024-08-09,10-Q,2023-06-30,181400000,NetIncomeLoss,USD,2024-08-09,10-Q,2023-03-31,10159400000,Assets,USD,2024-08-09,10-Q,2023-12-31,-316900000,NetCashProvidedByUsedInFinancingActivities,USD,2024-08-09,10-Q,2023-06-30,-62500000,NetCashProvidedByUsedInInvestingActivities,USD,2024-08-09,10-Q,2023-06-30,221700000,NetCashProvidedByUsedInOperatingActivities,USD,2024-08-09,10-Q,2023-06-30,through_ocf,True,,,0.024765,0.030267,1.386987,-0.043264,-0.008533
2024Q4,2024-12-18,ABM,771497,ABM INDUSTRIES INCORPORATED,$2B-$10B,,6003500000,RevenueFromContractWithCustomerExcludingAssessedTax,USD,2024-09-06,10-Q,2023-07-31,188500000,NetIncomeLoss,USD,2024-09-06,10-Q,2023-07-31,4933700000,Assets,USD,2024-09-06,10-Q,2023-10-31,-38400000,NetCashProvidedByUsedInFinancingActivities,USD,2024-09-06,10-Q,2023-07-31,-45000000,NetCashProvidedByUsedInInvestingActivities,USD,2024-09-06,10-Q,2023-07-31,104100000,NetCashProvidedByUsedInOperatingActivities,USD,2024-09-06,10-Q,2023-07-31,through_ocf,True,,,0.031398,0.01734,0.821804,-0.006396,-0.007496
2024Q4,2024-11-07,ABNB,1559720,"Airbnb, Inc.",$2B-$10B,,7699000000,RevenueFromContractWithCustomerExcludingAssessedTax,USD,2024-11-07,10-Q,2023-09-30,117000000,NetIncomeLoss,USD,2024-11-07,10-Q,2023-03-31,20645000000,Assets,USD,2024-11-07,10-Q,2023-12-31,-1259000000,NetCashProvidedByUsedInFinancingActivities,USD,2024-11-07,10-Q,2023-09-30,-567000000,NetCashProvidedByUsedInInvestingActivities,USD,2024-11-07,10-Q,2023-09-30,3821000000,NetCashProvidedByUsedInOperatingActivities,USD,2024-11-07,10-Q,2023-09-30,through_ocf,True,,,0.015197,0.496298,2.681517,-0.163528,-0.073646
2024Q4,2024-10-30,ACA,1739445,"Arcosa, Inc.",$1B-$2B,,1134000000,Revenues,USD,2024-08-02,10-Q,2023-06-30,96600000,NetIncomeLoss,USD,2024-08-02,10-Q,2023-06-30,3577900000,Assets,USD,2024-08-02,10-Q,2023-12-31,-31300000,NetCashProvidedByUsedInFinancingActivities,USD,2024-08-02,10-Q,2023-06-30,-86100000,NetCashProvidedByUsedInInvestingActivities,USD,2024-08-02,10-Q,2023-06-30,154900000,NetCashProvidedByUsedInOperatingActivities,USD,2024-08-02,10-Q,2023-06-30,through_ocf,True,,,0.085185,0.136596,3.155115,-0.027601,-0.075926
2024Q4,2024-11-06,ACAD,1070494,Acadia Pharmaceuticals Inc.,$100M-$500M,,283697000,RevenueFromContractWithCustomerExcludingAssessedTax,USD,2024-08-07,10-Q,2023-06-30,-41907000,NetIncomeLoss,USD,2024-08-07,10-Q,2023-06-30,748956000,Assets,USD,2024-08-07,10-Q,2023-12-31,6944000,NetCashProvidedByUsedInFinancingActivities,USD,2024-08-07,10-Q,2023-06-30,-1765000,NetCashProvidedByUsedInInvestingActivities,USD,2024-08-07,10-Q,2023-06-30,-9732000,NetCashProvidedByUsedInOperatingActivities,USD,2024-08-07,10-Q,2023-06-30,through_ocf,True,,,-0.147717,-0.034304,2.639986,0.024477,-0.006221
2024Q4,2024-10-31,ACCO,712034,ACCO Brands Corporation,$500M-$1B,,896200000,Revenues,USD,2024-08-02,10-Q,2023-06-30,-3700000,NetIncomeLoss,USD,2024-08-02,10-Q,2023-03-31,2644800000,Assets,USD,2024-08-02,10-Q,2023-12-31,61400000,NetCashProvidedByUsedInFinancingActivities,USD,2024-08-02,10-Q,2023-06-30,-6100000,NetCashProvidedByUsedInInvestingActivities,USD,2024-08-02,10-Q,2023-06-30,-39300000,NetCashProvidedByUsedInOperatingActivities,USD,2024-08-02,10-Q,2023-06-30,through_ocf,True,,,-0.004129,-0.043852,2.951127,0.068511,-0.006807
2024Q4,2024-11-05,ACDC,0001881487,ProFrac Holding Corp.,$1B-$2B,,1566700000,RevenueFromContractWithCustomerExcludingAssessedTax,USD,2024-08-09,10-Q,2023-06-30,19100000,NetIncomeLoss,USD,2024-08-09,10-Q,2023-06-30,3070700000,Assets,USD,2024-08-09,10-Q,2023-12-31,239100000,NetCashProvidedByUsedInFinancingActivities,USD,2024-08-09,10-Q,2023-06-30,-636400000,NetCashProvidedByUsedInInvestingActivities,USD,2024-08-09,10-Q,2023-06-30,387200000,NetCashProvidedByUsedInOperatingActivities,USD,2024-08-09,10-Q,2023-06-30,through_ocf,True,,,0.012191,0.247144,1.95998,0.152614,-0.406204
2024Q4,2024-10-30,ACGL,947484,Arch Capital Group Ltd.,$2B-$10B,,6330000000,Revenues,USD,2024-08-06,10-Q,2023-06-30,1386000000,NetIncomeLoss,USD,2024-08-06,10-Q,2023-06-30,58906000000,Assets,USD,2024-08-06,10-Q,2023-12-31,-45000000,NetCashProvidedByUsedInFinancingActivities,USD,2024-08-06,10-Q,2023-06-30,-2001000000,NetCashProvidedByUsedInInvestingActivities,USD,2024-08-06,10-Q,2023-06-30,2114000000,NetCashProvidedByUsedInOperatingActivities,USD,2024-08-06,10-Q,2023-06-30,through_ocf,True,,,0.218957,0.333965,9.305845,-0.007109,-0.316114
2024Q4,2024-11-04,ACH,75252,"Accendra Health, Inc.",$2B-$10B,,7677817000,RevenueFromContractWithCustomerExcludingAssessedTax,USD,2024-11-04,10-Q,2023-09-30,-24418000,NetIncomeLoss,USD,2024-11-04,10-Q,2023-03-31,5093322000,Assets,USD,2024-11-04,10-Q,2023-12-31,-366115000,NetCashProvidedByUsedInFinancingActivities,USD,2024-11-04,10-Q,2023-09-30,-98340000,NetCashProvidedByUsedInInvestingActivities,USD,2024-11-04,10-Q,2023-09-30,628945000,NetCashProvidedByUsedInOperatingActivities,USD,2024-11-04,10-Q,2023-09-30,through_ocf,True,,,-0.00318,0.081917,0.663382,-0.047685,-0.012808
2024Q4,2024-11-07,ACIW,935036,"ACI WORLDWIDE, INC.",$500M-$1B,,976016000,RevenueFromContractWithCustomerExcludingAssessedTax,USD,2024-11-07,10-Q,2023-09-30,-1107000,NetIncomeLoss,USD,2024-11-07,10-Q,2023-09-30,3444739000,Assets,USD,2024-11-07,10-Q,2023-12-31,-47773000,NetCashProvidedByUsedInFinancingActivities,USD,2024-11-07,10-Q,2023-09-30,-30527000,NetCashProvidedByUsedInInvestingActivities,USD,2024-11-07,10-Q,2023-09-30,82774000,NetCashProvidedByUsedInOperatingActivities,USD,2024-11-07,10-Q,2023-09-30,through_ocf,True,,,-0.001134,0.084808,3.529388,-0.048947,-0.031277
2024Q4,2024-11-06,ACLS,1113232,AXCELIS TECHNOLOGIES INC,$500M-$1B,,527990000,Revenues,USD,2024-08-01,10-Q,2023-06-30,109276000,ProfitLoss,USD,2024-08-01,10-Q,2023-06-30,1281967000,Assets,USD,2024-08-01,10-Q,2023-12-31,-40080000,NetCashProvidedByUsedInFinancingActivities,USD,2024-08-01,10-Q,2023-06-30,-73238000,NetCashProvidedByUsedInInvestingActivities,USD,2024-08-01,10-Q,2023-06-30,67274000,NetCashProvidedByUsedInOperatingActivities,USD,2024-08-01,10-Q,2023-06-30,through_ocf,True,,,0.206966,0.127415,2.428014,-0.075911,-0.138711
2024Q4,2024-11-06,ACT,1823529,"Enact Holdings, Inc.",$500M-$1B,,558461000,Revenues,USD,2024-08-02,10-Q,2023-06-30,255943000,NetIncomeLoss,USD,2022-08-04,10-Q,2021-06-30,6190473000,Assets,USD,2024-08-02,10-Q,2023-12-31,-111893000,NetCashProvidedByUsedInFinancingActivities,USD,2024-08-02,10-Q,2023-06-30,2349000,NetCashProvidedByUsedInInvestingActivities,USD,2024-08-02,10-Q,2023-06-30,287185000,NetCashProvidedByUsedInOperatingActivities,USD,2024-08-02,10-Q,2023-06-30,through_ocf,True,,,0.458301,0.514244,11.08488,-0.20036,0.004206
2024Q4,2024-11-07,ACVA,1637873,ACV Auctions Inc.,$100M-$500M,,362857000,Revenues,USD,2024-11-07,10-Q,2023-09-30,-52020000,NetIncomeLoss,USD,2024-11-07,10-Q,2023-09-30,922924000,Assets,USD,2024-11-07,10-Q,2023-12-31,23052000,NetCashProvidedByUsedInFinancingActivities,USD,2024-11-07,10-Q,2023-09-30,-86174000,NetCashProvidedByUsedInInvestingActivities,USD,2024-11-07,10-Q,2023-09-30,8611000,NetCashProvidedByUsedInOperatingActivities,USD,2024-11-07,10-Q,2023-09-30,through_ocf,True,,,-0.143362,0.023731,2.543492,0.063529,-0.237487
2024Q4,2024-12-11,ADBE,796343,ADOBE INC.,>$10B,,14361000000,Revenues,USD,2024-09-25,10-Q,2023-09-01,3945000000,NetIncomeLoss,USD,2024-09-25,10-Q,2023-09-01,29779000000,Assets,USD,2024-09-25,10-Q,2023-12-01,-3965000000,NetCashProvidedByUsedInFinancingActivities,USD,2024-09-25,10-Q,2023-09-01,623000000,NetCashProvidedByUsedInInvestingActivities,USD,2024-09-25,10-Q,2023-09-01,5705000000,NetCashProvidedByUsedInOperatingActivities,USD,2024-09-25,10-Q,2023-09-01,through_ocf,True,,,0.274702,0.397256,2.073602,-0.276095,0.043381
2024Q4,2024-11-07,ADEA,1803696,ADEIA INC.,$100M-$500M,,200524000,Revenues,USD,2024-08-07,10-Q,2023-06-30,30440000,NetIncomeLoss,USD,2024-08-07,10-Q,2023-06-30,1105556000,Assets,USD,2024-08-07,10-Q,2023-12-31,-120747000,NetCashProvidedByUsedInFinancingActivities,USD,2024-08-07,10-Q,2023-06-30,-25406000,NetCashProvidedByUsedInInvestingActivities,USD,2024-08-07,10-Q,2023-06-30,92068000,NetCashProvidedByUsedInOperatingActivities,USD,2024-08-07,10-Q,2023-06-30,through_ocf,True,,,0.151802,0.459137,5.513335,-0.602157,-0.126698
2024Q4,2024-11-26,ADI,6281,"Analog Devices, Inc.",>$10B,,12013953000,RevenueFromContractWithCustomerExcludingAssessedTax,USD,2024-11-26,10-K,2022-10-29,2748561000,NetIncomeLoss,USD,2024-11-26,10-K,2022-10-29,48794478000,Assets,USD,2024-11-26,10-K,2023-10-28,-4290720000,NetCashProvidedByUsedInFinancingActivities,USD,2024-11-26,10-K,2022-10-29,-657368000,NetCashProvidedByUsedInInvestingActivities,USD,2024-11-26,10-K,2022-10-29,4475402000,NetCashProvidedByUsedInOperatingActivities,USD,2024-11-26,10-K,2022-10-29,through_ocf,True,,,0.228781,0.372517,4.061484,-0.357145,-0.054717
2024Q4,2024-11-08,ADNT,1670541,ADIENT PLC,>$10B,,11666000000,RevenueFromContractWithCustomerExcludingAssessedTax,USD,2024-08-06,10-Q,2023-06-30,70000000,NetIncomeLoss,USD,2024-08-06,10-Q,2023-06-30,9424000000,Assets,USD,2024-08-06,10-Q,2023-09-30,-261000000,NetCashProvidedByUsedInFinancingActivities,USD,2024-08-06,10-Q,2023-06-30,-164000000,NetCashProvidedByUsedInInvestingActivities,USD,2024-08-06,10-Q,2023-06-30,373000000,NetCashProvidedByUsedInOperatingActivities,USD,2024-08-06,10-Q,2023-06-30,through_ocf,True,,,0.006,0.031973,0.807818,-0.022373,-0.014058
2024Q4,2024-11-26,ADSK,769397,"AUTODESK, INC.",$2B-$10B,,2614000000,RevenueFromContractWithCustomerExcludingAssessedTax,USD,2024-09-03,10-Q,2023-07-31,161000000,NetIncomeLoss,USD,2024-09-03,10-Q,2023-04-30,9912000000,Assets,USD,2024-09-03,10-Q,2024-01-31,-665000000,NetCashProvidedByUsedInFinancingActivities,USD,2024-09-03,10-Q,2023-07-31,-418000000,NetCashProvidedByUsedInInvestingActivities,USD,2024-09-03,10-Q,2023-07-31,858000000,NetCashProvidedByUsedInOperatingActivities,USD,2024-09-03,10-Q,2023-07-31,through_ocf,True,,,0.061591,0.328233,3.79189,-0.254399,-0.159908
2024Q4,2024-11-07,ADTN,926282,"ADTRAN Holdings, Inc.",$500M-$1B,,651290000,RevenueFromContractWithCustomerExcludingAssessedTax,USD,2024-08-09,10-Q,2023-06-30,-79180000,NetIncomeLoss,USD,2024-08-09,10-Q,2023-06-30,1682512000,Assets,USD,2024-08-09,10-Q,2023-12-31,68179000,NetCashProvidedByUsedInFinancingActivities,USD,2024-08-09,10-Q,2023-06-30,-17468000,NetCashProvidedByUsedInInvestingActivities,USD,2024-08-09,10-Q,2023-06-30,-36160000,NetCashProvidedByUsedInOperatingActivities,USD,2024-08-09,10-Q,2023-06-30,through_ocf,True,,,-0.121574,-0.055521,2.583353,0.104683,-0.026821
2024Q4,2024-11-04,ADUS,1468328,Addus HomeCare Corp,$500M-$1B,,511579000,RevenueFromContractWithCustomerExcludingAssessedTax,USD,2024-08-06,10-Q,2023-06-30,27527000,NetIncomeLoss,USD,2024-08-06,10-Q,2023-06-30,1024426000,Assets,USD,2024-08-06,10-Q,2023-12-31,-53475000,NetCashProvidedByUsedInFinancingActivities,USD,2024-08-06,10-Q,2023-06-30,-2711000,NetCashProvidedByUsedInInvestingActivities,USD,2024-08-06,10-Q,2023-06-30,60413000,NetCashProvidedByUsedInOperatingActivities,USD,2024-08-06,10-Q,2023-06-30,through_ocf,True,,,0.053808,0.118091,2.002479,-0.104529,-0.005299
2024Q4,2024-11-07,ADV,1776661,Advantage Solutions Inc.,$1B-$2B,,1888471000,Revenues,USD,2024-08-09,10-Q,2023-06-30,-56349000,NetIncomeLoss,USD,2024-08-09,10-Q,2023-06-30,3779323000,Assets,USD,2024-08-09,10-Q,2023-12-31,-57075000,NetCashProvidedByUsedInFinancingActivities,USD,2024-08-09,10-Q,2023-06-30,-5789000,NetCashProvidedByUsedInInvestingActivities,USD,2024-08-09,10-Q,2023-06-30,104990000,NetCashProvidedByUsedInOperatingActivities,USD,2024-08-09,10-Q,2023-06-30,through_ocf,True,,,-0.029838,0.055595,2.001261,-0.030223,-0.003065
2024Q4,2024-11-06,AEE,1002910,AMEREN CORPORATION,$2B-$10B,,3822000000,Revenues,USD,2024-08-05,10-Q,2023-06-30,504000000,ProfitLoss,USD,2024-08-05,10-Q,2023-06-30,40830000000,Assets,USD,2024-08-05,10-Q,2023-12-31,808000000,NetCashProvidedByUsedInFinancingActivities,USD,2024-08-05,10-Q,2023-06-30,-1889000000,NetCashProvidedByUsedInInvestingActivities,USD,2024-08-05,10-Q,2023-06-30,1111000000,NetCashProvidedByUsedInOperatingActivities,USD,2024-08-05,10-Q,2023-06-30,through_ocf,True,,,0.131868,0.290686,10.682889,0.211408,-0.494244
2024Q4,2024-10-30,AEIS,927003,ADVANCED ENERGY INDUSTRIES INC,$1B-$2B,,1250539000,RevenueFromContractWithCustomerExcludingAssessedTax,USD,2024-10-30,10-Q,2023-09-30,90782000,NetIncomeLoss,USD,2024-10-30,10-Q,2023-09-30,2556757000,Assets,USD,2024-10-30,10-Q,2023-12-31,454204000,NetCashProvidedByUsedInFinancingActivities,USD,2024-10-30,10-Q,2023-09-30,-50229000,NetCashProvidedByUsedInInvestingActivities,USD,2024-10-30,10-Q,2023-09-30,124933000,NetCashProvidedByUsedInOperatingActivities,USD,2024-10-30,10-Q,2023-09-30,through_ocf,True,,,0.072594,0.099903,2.044524,0.363207,-0.040166
2024Q4,2024-12-04,AEO,919012,AMERICAN EAGLE OUTFITTERS INC,$2B-$10B,,3582859000,RevenueFromContractWithCustomerExcludingAssessedTax,USD,2024-12-04,10-Q,2023-10-28,163722000,NetIncomeLoss,USD,2024-12-04,10-Q,2023-10-28,3520786000,Assets,USD,2024-12-04,10-Q,2023-10-28,-68988000,NetCashProvidedByUsedInFinancingActivities,USD,2024-12-04,10-Q,2023-10-28,-144261000,NetCashProvidedByUsedInInvestingActivities,USD,2024-12-04,10-Q,2023-10-28,284343000,NetCashProvidedByUsedInOperatingActivities,USD,2024-12-04,10-Q,2023-10-28,through_ocf,True,,,0.045696,0.079362,0.982675,-0.019255,-0.040264
2024Q4,2024-11-06,AEP,4904,"AMERICAN ELECTRIC POWER COMPANY, INC.",>$10B,,14405100000,Revenues,USD,2024-11-06,10-Q,2023-09-30,1874800000,NetIncomeLoss,USD,2024-11-06,10-Q,2023-09-30,96684000000,Assets,USD,2024-11-06,10-Q,2023-12-31,818400000,NetCashProvidedByUsedInFinancingActivities,USD,2024-11-06,10-Q,2023-09-30,-4643500000,NetCashProvidedByUsedInInvestingActivities,USD,2024-11-06,10-Q,2023-09-30,3675700000,NetCashProvidedByUsedInOperatingActivities,USD,2024-11-06,10-Q,2023-09-30,through_ocf,True,,,0.130148,0.255167,6.71179,0.056813,-0.322351
2024Q4,2024-10-31,AES,874761,AES CORP,$2B-$10B,,9700000000,Revenues,USD,2024-10-31,10-Q,2023-09-30,343000000,NetIncomeLoss,USD,2024-10-31,10-Q,2023-09-30,44799000000,Assets,USD,2024-10-31,10-Q,2023-12-31,3740000000,NetCashProvidedByUsedInFinancingActivities,USD,2024-10-31,10-Q,2023-09-30,-5673000000,NetCashProvidedByUsedInInvestingActivities,USD,2024-10-31,10-Q,2023-09-30,2309000000,NetCashProvidedByUsedInOperatingActivities,USD,2024-10-31,10-Q,2023-09-30,through_ocf,True,,,0.035361,0.238041,4.618454,0.385567,-0.584845
2024Q4,2024-10-10,AESI,0001984060,Atlas Energy Solutions Inc.,$100M-$500M,,315206000,RevenueFromContractWithCustomerExcludingAssessedTax,USD,2024-08-06,10-Q,2023-06-30,40252000,NetIncomeLoss,USD,2024-08-06,10-Q,2023-06-30,1261686000,Assets,USD,2024-08-06,10-Q,2023-12-31,248381000,NetCashProvidedByUsedInFinancingActivities,USD,2024-08-06,10-Q,2023-06-30,-146835000,NetCashProvidedByUsedInInvestingActivities,USD,2024-08-06,10-Q,2023-06-30,158118000,NetCashProvidedByUsedInOperatingActivities,USD,2024-08-06,10-Q,2023-06-30,through_ocf,True,,,0.127701,0.501634,4.002735,0.787996,-0.465838
2024Q4,2024-10-30,AFL,4977,AFLAC INC,$2B-$10B,,9972000000,Revenues,USD,2024-08-01,10-Q,2023-06-30,1188000000,NetIncomeLoss,USD,2024-08-01,10-Q,2023-03-31,126724000000,Assets,USD,2024-08-01,10-Q,2023-12-31,-1944000000,NetCashProvidedByUsedInFinancingActivities,USD,2024-08-01,10-Q,2023-06-30,1488000000,NetCashProvidedByUsedInInvestingActivities,USD,2024-08-01,10-Q,2023-06-30,1332000000,NetCashProvidedByUsedInOperatingActivities,USD,2024-08-01,10-Q,2023-06-30,through_ocf,True,,,0.119134,0.133574,12.707982,-0.194946,0.149218
2024Q4,2024-11-07,AFRM,1820953,"Affirm Holdings, Inc.",$100M-$500M,,496547000,Revenues,USD,2024-11-07,10-Q,2023-09-30,-171783000,NetIncomeLoss,USD,2024-11-07,10-Q,2023-09-30,9519619000,Assets,USD,2024-11-07,10-Q,2024-06-30,148806000,NetCashProvidedByUsedInFinancingActivities,USD,2024-11-07,10-Q,2023-09-30,-15859000,NetCashProvidedByUsedInInvestingActivities,USD,2024-11-07,10-Q,2023-09-30,98902000,NetCashProvidedByUsedInOperatingActivities,USD,2024-11-07,10-Q,2023-09-30,through_ocf,True,,,-0.345955,0.19918,19.171637,0.299682,-0.031939
2024Q4,2024-12-05,AGX,100591,ARGAN INC,$100M-$500M,,408779000,RevenueFromContractWithCustomerExcludingAssessedTax,USD,2024-12-05,10-Q,2023-10-31,20340000,NetIncomeLoss,USD,2024-12-05,10-Q,2023-10-31,563652000,Assets,USD,2024-12-05,10-Q,2023-10-31,-18046000,NetCashProvidedByUsedInFinancingActivities,USD,2024-12-05,10-Q,2023-10-31,-61885000,NetCashProvidedByUsedInInvestingActivities,USD,2024-12-05,10-Q,2023-10-31,92263000,NetCashProvidedByUsedInOperatingActivities,USD,2024-12-05,10-Q,2023-10-31,through_ocf,True,,,0.049758,0.225704,1.378867,-0.044146,-0.15139
2024Q4,2024-10-28,AGYS,78749,"AGILYSYS, INC.",$100M-$500M,,114676000,RevenueFromContractWithCustomerExcludingAssessedTax,USD,2024-10-28,10-Q,2023-09-30,6093000,NetIncomeLoss,USD,2024-10-28,10-Q,2023-09-30,350430000,Assets,USD,2024-10-28,10-Q,2024-03-31,-4788000,NetCashProvidedByUsedInFinancingActivities,USD,2024-10-28,10-Q,2023-09-30,-6004000,NetCashProvidedByUsedInInvestingActivities,USD,2024-10-28,10-Q,2023-09-30,5470000,NetCashProvidedByUsedInOperatingActivities,USD,2024-10-28,10-Q,2023-09-30,through_ocf,True,,,0.053132,0.0477,3.055827,-0.041752,-0.052356
2024Q4,2024-11-05,AHCO,1725255,AdaptHealth Corp.,$2B-$10B,,2341943000,RevenueFromContractWithCustomerExcludingAssessedTax,USD,2024-11-05,10-Q,2023-09-30,-424392000,NetIncomeLoss,USD,2024-11-05,10-Q,2023-09-30,4508650000,Assets,USD,2024-11-05,10-Q,2023-12-31,-48668000,NetCashProvidedByUsedInFinancingActivities,USD,2024-11-05,10-Q,2023-09-30,-266861000,NetCashProvidedByUsedInInvestingActivities,USD,2024-11-05,10-Q,2023-09-30,325400000,NetCashProvidedByUsedInOperatingActivities,USD,2024-11-05,10-Q,2023-09-30,through_ocf,True,,,-0.181214,0.138944,1.925175,-0.020781,-0.113949
2024Q4,2024-11-12,AHR,1632970,"American Healthcare REIT, Inc.",$500M-$1B,,819252000,RevenueFromContractWithCustomerExcludingAssessedTax,USD,2024-08-09,10-Q,2023-06-30,-38055000,NetIncomeLoss,USD,2024-08-09,10-Q,2023-06-30,4577933000,Assets,USD,2024-08-09,10-Q,2023-12-31,-71575000,NetCashProvidedByUsedInFinancingActivities,USD,2024-08-09,10-Q,2023-06-30,9687000,NetCashProvidedByUsedInInvestingActivities,USD,2024-08-09,10-Q,2023-06-30,43642000,NetCashProvidedByUsedInOperatingActivities,USD,2024-08-09,10-Q,2023-06-30,through_ocf,True,,,-0.046451,0.053271,5.587942,-0.087366,0.011824
2024Q4,2024-11-04,AHRT,1569187,"AH REALTY TRUST, INC.",$100M-$500M,,310114000,Revenues,USD,2024-08-07,10-Q,2023-06-30,16572000,NetIncomeLoss,USD,2024-08-07,10-Q,2023-06-30,2562898000,Assets,USD,2024-08-07,10-Q,2023-12-31,47011000,NetCashProvidedByUsedInFinancingActivities,USD,2024-08-07,10-Q,2023-06-30,-103240000,NetCashProvidedByUsedInInvestingActivities,USD,2024-08-07,10-Q,2023-06-30,40461000,NetCashProvidedByUsedInOperatingActivities,USD,2024-08-07,10-Q,2023-06-30,through_ocf,True,,,0.053438,0.130471,8.264374,0.151593,-0.33291
2024Q4,2024-12-09,AI,1577526,"C3.AI, INC.",<$100M,,72362000,RevenueFromContractWithCustomerExcludingAssessedTax,USD,2024-09-05,10-Q,2023-07-31,-64358000,NetIncomeLoss,USD,2024-09-05,10-Q,2023-07-31,1038225000,Assets,USD,2024-09-05,10-Q,2024-04-30,2477000,NetCashProvidedByUsedInFinancingActivities,USD,2024-09-05,10-Q,2023-07-31,-84800000,NetCashProvidedByUsedInInvestingActivities,USD,2024-09-05,10-Q,2023-07-31,3936000,NetCashProvidedByUsedInOperatingActivities,USD,2024-09-05,10-Q,2023-07-31,through_ocf,True,,,-0.889389,0.054393,14.347655,0.034231,-1.171886
2024Q4,2024-11-12,AIOT,1774170,"POWERFLEET, INC.",<$100M,,66335000,RevenueFromContractWithCustomerExcludingAssessedTax,USD,2024-11-12,10-Q,2023-09-30,-6816000,NetIncomeLoss,USD,2024-11-12,10-Q,2023-09-30,308680000,Assets,USD,2024-11-12,10-Q,2024-03-31,25000,NetCashProvidedByUsedInFinancingActivities,USD,2024-11-12,10-Q,2023-09-30,-3488000,NetCashProvidedByUsedInInvestingActivities,USD,2024-11-12,10-Q,2023-09-30,-2072000,NetCashProvidedByUsedInOperatingActivities,USD,2024-11-12,10-Q,2023-09-30,through_ocf,True,,,-0.102751,-0.031235,4.65335,0.000377,-0.052582
2024Q4,2024-10-24,AJG,354190,ARTHUR J. GALLAGHER & CO.,$2B-$10B,,5148000000,RevenueFromContractWithCustomerExcludingAssessedTax,USD,2024-07-26,10-Q,2023-06-30,721000000,NetIncomeLoss,USD,2024-07-26,10-Q,2023-06-30,54365200000,Assets,USD,2024-07-26,10-Q,2023-06-30,2560300000,NetCashProvidedByUsedInFinancingActivities,USD,2024-07-26,10-Q,2023-06-30,-1065100000,NetCashProvidedByUsedInInvestingActivities,USD,2024-07-26,10-Q,2023-06-30,440900000,NetCashProvidedByUsedInOperatingActivities,USD,2024-07-26,10-Q,2023-06-30,through_ocf,True,,,0.140054,0.085645,10.560451,0.497339,-0.206896
2024Q4,2024-11-07,AKAM,1086222,"Akamai Technologies, Inc.",$500M-$1B,,600293000,Revenues,USD,2018-05-09,10-Q,2017-03-31,225922000,NetIncomeLoss,USD,2024-08-08,10-Q,2023-06-30,9900037000,Assets,USD,2024-08-08,10-Q,2023-12-31,-474489000,NetCashProvidedByUsedInFinancingActivities,USD,2024-08-08,10-Q,2023-06-30,-368242000,NetCashProvidedByUsedInInvestingActivities,USD,2024-08-08,10-Q,2023-06-30,599810000,NetCashProvidedByUsedInOperatingActivities,USD,2024-08-08,10-Q,2023-06-30,through_ocf,True,,,0.376353,0.999195,16.492008,-0.790429,-0.613437
2024Q4,2024-11-06,ALB,915913,ALBEMARLE CORPORATION,$2B-$10B,,7261038000,Revenues,USD,2024-11-06,10-Q,2023-09-30,2191156000,NetIncomeLoss,USD,2024-11-06,10-Q,2023-09-30,18270652000,Assets,USD,2024-11-06,10-Q,2023-12-31,226907000,NetCashProvidedByUsedInFinancingActivities,USD,2024-11-06,10-Q,2023-09-30,-1715631000,NetCashProvidedByUsedInInvestingActivities,USD,2024-11-06,10-Q,2023-09-30,1423540000,NetCashProvidedByUsedInOperatingActivities,USD,2024-11-06,10-Q,2023-09-30,through_ocf,True,,,0.301769,0.196052,2.516259,0.03125,-0.236279
2024Q4,2024-10-31,ALG,897077,ALAMO GROUP INC.,$1B-$2B,,1272109000,RevenueFromContractWithCustomerExcludingAssessedTax,USD,2024-10-31,10-Q,2023-09-30,104638000,NetIncomeLoss,USD,2024-10-31,10-Q,2023-09-30,1409386000,Assets,USD,2024-10-31,10-Q,2023-12-31,14266000,NetCashProvidedByUsedInFinancingActivities,USD,2024-10-31,10-Q,2023-09-30,-23957000,NetCashProvidedByUsedInInvestingActivities,USD,2024-10-31,10-Q,2023-09-30,77031000,NetCashProvidedByUsedInOperatingActivities,USD,2024-10-31,10-Q,2023-09-30,through_ocf,True,,,0.082256,0.060554,1.107913,0.011214,-0.018833
2024Q4,2024-10-31,ALGM,866291,"ALLEGRO MICROSYSTEMS, INC.",$100M-$500M,,278293000,RevenueFromContractWithCustomerExcludingAssessedTax,USD,2024-08-02,10-Q,2023-06-30,60850000,NetIncomeLoss,USD,2024-08-02,10-Q,2023-06-30,1530603000,Assets,USD,2024-08-02,10-Q,2024-03-29,-11035000,NetCashProvidedByUsedInFinancingActivities,USD,2024-08-02,10-Q,2023-06-30,-34939000,NetCashProvidedByUsedInInvestingActivities,USD,2024-08-02,10-Q,2023-06-30,49663000,NetCashProvidedByUsedInOperatingActivities,USD,2024-08-02,10-Q,2023-06-30,through_ocf,True,,,0.218654,0.178456,5.499969,-0.039652,-0.125548
2024Q4,2024-10-23,ALGN,1097149,"ALIGN TECHNOLOGY, INC.",$1B-$2B,,1945320000,RevenueFromContractWithCustomerExcludingAssessedTax,USD,2024-08-02,10-Q,2023-06-30,199612000,NetIncomeLoss,USD,2024-08-02,10-Q,2023-06-30,6083877000,Assets,USD,2024-08-02,10-Q,2023-12-31,-259892000,NetCashProvidedByUsedInFinancingActivities,USD,2024-08-02,10-Q,2023-06-30,-178314000,NetCashProvidedByUsedInInvestingActivities,USD,2024-08-02,10-Q,2023-06-30,451672000,NetCashProvidedByUsedInOperatingActivities,USD,2024-08-02,10-Q,2023-06-30,through_ocf,True,,,0.102611,0.232184,3.127443,-0.133599,-0.091663
2024Q4,2024-10-30,ALGT,1362468,Allegiant Travel Co,$1B-$2B,,1333497000,Revenues,USD,2024-08-06,10-Q,2023-06-30,144618000,NetIncomeLoss,USD,2024-08-06,10-Q,2023-06-30,4869410000,Assets,USD,2024-08-06,10-Q,2023-12-31,94371000,NetCashProvidedByUsedInFinancingActivities,USD,2024-08-06,10-Q,2023-06-30,-517809000,NetCashProvidedByUsedInInvestingActivities,USD,2024-08-06,10-Q,2023-06-30,346612000,NetCashProvidedByUsedInOperatingActivities,USD,2024-08-06,10-Q,2023-06-30,through_ocf,True,,,0.10845,0.259927,3.651609,0.07077,-0.388309
2024Q4,2024-10-24,ALKS,1520262,Alkermes plc.,$1B-$2B,,1285930000,RevenueFromContractWithCustomerExcludingAssessedTax,USD,2024-10-24,10-Q,2023-09-30,-41845000,NetIncomeLoss,USD,2024-10-24,10-Q,2023-03-31,2136223000,Assets,USD,2024-10-24,10-Q,2023-12-31,-13217000,NetCashProvidedByUsedInFinancingActivities,USD,2024-10-24,10-Q,2023-09-30,74339000,NetCashProvidedByUsedInInvestingActivities,USD,2024-10-24,10-Q,2023-09-30,294116000,NetCashProvidedByUsedInOperatingActivities,USD,2024-10-24,10-Q,2023-09-30,through_ocf,True,,,-0.032541,0.228719,1.661228,-0.010278,0.05781
2024Q4,2024-10-24,ALLE,1579241,Allegion plc,$2B-$10B,,2753400000,Revenues,USD,2024-10-24,10-Q,2023-09-30,421800000,NetIncomeLoss,USD,2024-10-24,10-Q,2023-09-30,4311500000,Assets,USD,2024-10-24,10-Q,2023-12-31,-219900000,NetCashProvidedByUsedInFinancingActivities,USD,2024-10-24,10-Q,2023-09-30,-83400000,NetCashProvidedByUsedInInvestingActivities,USD,2024-10-24,10-Q,2023-09-30,381100000,NetCashProvidedByUsedInOperatingActivities,USD,2024-10-24,10-Q,2023-09-30,through_ocf,True,,,0.153192,0.138411,1.565882,-0.079865,-0.03029
2024Q4,2024-11-07,ALRM,1459200,"ALARM.COM HOLDINGS, INC.",$500M-$1B,,655445000,RevenueFromContractWithCustomerExcludingAssessedTax,USD,2024-11-07,10-Q,2023-09-30,49169000,ProfitLoss,USD,2024-11-07,10-Q,2023-09-30,1439563000,Assets,USD,2024-11-07,10-Q,2023-12-31,-15245000,NetCashProvidedByUsedInFinancingActivities,USD,2024-11-07,10-Q,2023-09-30,-21735000,NetCashProvidedByUsedInInvestingActivities,USD,2024-11-07,10-Q,2023-09-30,96093000,NetCashProvidedByUsedInOperatingActivities,USD,2024-11-07,10-Q,2023-09-30,through_ocf,True,,,0.075016,0.146607,2.196314,-0.023259,-0.033161
2024Q4,2024-11-12,ALTG,1759824,ALTA EQUIPMENT GROUP INC.,$1B-$2B,,1355300000,RevenueFromContractWithCustomerExcludingAssessedTax,USD,2024-11-12,10-Q,2023-09-30,10800000,NetIncomeLoss,USD,2024-11-12,10-Q,2023-09-30,1570900000,Assets,USD,2024-11-12,10-Q,2023-12-31,78200000,NetCashProvidedByUsedInFinancingActivities,USD,2024-11-12,10-Q,2023-09-30,-56900000,NetCashProvidedByUsedInInvestingActivities,USD,2024-11-12,10-Q,2023-09-30,-23100000,NetCashProvidedByUsedInOperatingActivities,USD,2024-11-12,10-Q,2023-09-30,through_ocf,True,,,0.007969,-0.017044,1.159079,0.057699,-0.041983
2024Q4,2024-11-06,AMC,1411579,"AMC ENTERTAINMENT HOLDINGS, INC.",$2B-$10B,,3708200000,Revenues,USD,2024-11-06,10-Q,2023-09-30,-235500000,NetIncomeLoss,USD,2024-11-06,10-Q,2023-03-31,9009200000,Assets,USD,2024-11-06,10-Q,2023-12-31,355300000,NetCashProvidedByUsedInFinancingActivities,USD,2024-11-06,10-Q,2023-09-30,-116400000,NetCashProvidedByUsedInInvestingActivities,USD,2024-11-06,10-Q,2023-09-30,-137400000,NetCashProvidedByUsedInOperatingActivities,USD,2024-11-06,10-Q,2023-09-30,through_ocf,True,,,-0.063508,-0.037053,2.429535,0.095815,-0.03139
2024Q4,2024-11-08,AMCX,1514991,AMC Networks Inc.,$2B-$10B,,2033029000,RevenueFromContractWithCustomerExcludingAssessedTax,USD,2024-11-08,10-Q,2023-09-30,237273000,NetIncomeLoss,USD,2024-11-08,10-Q,2023-09-30,4969787000,Assets,USD,2024-11-08,10-Q,2023-12-31,-84907000,NetCashProvidedByUsedInFinancingActivities,USD,2024-11-08,10-Q,2023-09-30,-19234000,NetCashProvidedByUsedInInvestingActivities,USD,2024-11-08,10-Q,2023-09-30,131139000,NetCashProvidedByUsedInOperatingActivities,USD,2024-11-08,10-Q,2023-09-30,through_ocf,True,,,0.116709,0.064504,2.444523,-0.041764,-0.009461
2024Q4,2024-10-29,AMD,2488,"ADVANCED MICRO DEVICES, INC.",>$10B,,10712000000,RevenueFromContractWithCustomerExcludingAssessedTax,USD,2024-07-31,10-Q,2023-07-01,-112000000,NetIncomeLoss,USD,2024-07-31,10-Q,2023-07-01,67885000000,Assets,USD,2024-07-31,10-Q,2023-12-30,-184000000,NetCashProvidedByUsedInFinancingActivities,USD,2024-07-31,10-Q,2023-07-01,-1675000000,NetCashProvidedByUsedInInvestingActivities,USD,2024-07-31,10-Q,2023-07-01,865000000,NetCashProvidedByUsedInOperatingActivities,USD,2024-07-31,10-Q,2023-07-01,through_ocf,True,,,-0.010456,0.080751,6.337285,-0.017177,-0.156367
2024Q4,2024-10-31,AME,1037868,"AMETEK, Inc.",$2B-$10B,,4866065000,RevenueFromContractWithCustomerExcludingAssessedTax,USD,2024-10-31,10-Q,2023-09-30,970324000,NetIncomeLoss,USD,2024-10-31,10-Q,2023-09-30,15023533000,Assets,USD,2024-10-31,10-Q,2023-12-31,-364774000,NetCashProvidedByUsedInFinancingActivities,USD,2024-10-31,10-Q,2023-09-30,-326311000,NetCashProvidedByUsedInInvestingActivities,USD,2024-10-31,10-Q,2023-09-30,1194639000,NetCashProvidedByUsedInOperatingActivities,USD,2024-10-31,10-Q,2023-09-30,through_ocf,True,,,0.199406,0.245504,3.087409,-0.074963,-0.067058
2024Q4,2024-10-30,AMGN,318154,AMGEN INC.,>$10B,,13091000000,RevenueFromContractWithCustomerExcludingAssessedTax,USD,2024-08-07,10-Q,2023-06-30,2841000000,NetIncomeLoss,USD,2024-08-07,10-Q,2023-03-31,97154000000,Assets,USD,2024-08-07,10-Q,2023-12-31,20299000000,NetCashProvidedByUsedInFinancingActivities,USD,2024-08-07,10-Q,2023-06-30,1147000000,NetCashProvidedByUsedInInvestingActivities,USD,2024-08-07,10-Q,2023-06-30,5173000000,NetCashProvidedByUsedInOperatingActivities,USD,2024-08-07,10-Q,2023-06-30,through_ocf,True,,,0.217019,0.395157,7.421435,1.550607,0.087617
2024Q4,2024-10-28,AMKR,1047127,"Amkor Technology, Inc.",$2B-$10B,,2929461000,RevenueFromContractWithCustomerExcludingAssessedTax,USD,2024-07-30,10-Q,2023-06-30,109637000,NetIncomeLoss,USD,2024-07-30,10-Q,2023-06-30,6771125000,Assets,USD,2024-07-30,10-Q,2023-12-31,-141759000,NetCashProvidedByUsedInFinancingActivities,USD,2024-07-30,10-Q,2023-06-30,-418872000,NetCashProvidedByUsedInInvestingActivities,USD,2024-07-30,10-Q,2023-06-30,422578000,NetCashProvidedByUsedInOperatingActivities,USD,2024-07-30,10-Q,2023-06-30,through_ocf,True,,,0.037426,0.144251,2.311389,-0.048391,-0.142986
2024Q4,2024-10-01,AMN,1142750,"AMN HEALTHCARE SERVICES, INC.",$2B-$10B,,2117522000,RevenueFromContractWithCustomerExcludingAssessedTax,USD,2024-08-09,10-Q,2023-06-30,145016000,NetIncomeLoss,USD,2024-08-09,10-Q,2023-06-30,2924394000,Assets,USD,2024-08-09,10-Q,2023-12-31,-247744000,NetCashProvidedByUsedInFinancingActivities,USD,2024-08-09,10-Q,2023-06-30,-54859000,NetCashProvidedByUsedInInvestingActivities,USD,2024-08-09,10-Q,2023-06-30,241101000,NetCashProvidedByUsedInOperatingActivities,USD,2024-08-09,10-Q,2023-06-30,through_ocf,True,,,0.068484,0.11386,1.381045,-0.116997,-0.025907
2024Q4,2024-11-06,AMPH,1297184,"Amphastar Pharmaceuticals, Inc.",$100M-$500M,,285734000,Revenues,USD,2024-08-09,10-Q,2023-06-30,26032000,NetIncomeLoss,USD,2024-08-09,10-Q,2023-03-31,1512912000,Assets,USD,2024-08-09,10-Q,2023-12-31,414563000,NetCashProvidedByUsedInFinancingActivities,USD,2024-08-09,10-Q,2023-06-30,-514915000,NetCashProvidedByUsedInInvestingActivities,USD,2024-08-09,10-Q,2023-06-30,95305000,NetCashProvidedByUsedInOperatingActivities,USD,2024-08-09,10-Q,2023-06-30,through_ocf,True,,,0.091106,0.333544,5.294827,1.45087,-1.802078
2024Q4,2024-10-15,AMR,1704715,"ALPHA METALLURGICAL RESOURCES, INC.",$1B-$2B,,1769606000,Revenues,USD,2024-08-05,10-Q,2023-06-30,270771000,NetIncomeLoss,USD,2024-08-05,10-Q,2023-03-31,2406057000,Assets,USD,2024-08-05,10-Q,2023-12-31,-395000000,NetCashProvidedByUsedInFinancingActivities,USD,2024-08-05,10-Q,2023-06-30,-71301000,NetCashProvidedByUsedInInvestingActivities,USD,2024-08-05,10-Q,2023-06-30,494606000,NetCashProvidedByUsedInOperatingActivities,USD,2024-08-05,10-Q,2023-06-30,through_ocf,True,,,0.153012,0.279501,1.359657,-0.223214,-0.040292
2024Q4,2024-11-08,AMRX,1723128,"Amneal Pharmaceuticals, Inc.",$1B-$2B,,1156586000,RevenueFromContractWithCustomerExcludingAssessedTax,USD,2024-08-09,10-Q,2023-06-30,4974000,NetIncomeLoss,USD,2024-08-09,10-Q,2023-06-30,3472569000,Assets,USD,2024-08-09,10-Q,2023-12-31,-25156000,NetCashProvidedByUsedInFinancingActivities,USD,2024-08-09,10-Q,2023-06-30,-24021000,NetCashProvidedByUsedInInvestingActivities,USD,2024-08-09,10-Q,2023-06-30,128367000,NetCashProvidedByUsedInOperatingActivities,USD,2024-08-09,10-Q,2023-06-30,through_ocf,True,,,0.004301,0.110988,3.00243,-0.02175,-0.020769
2024Q4,2024-10-29,AMT,1053507,AMERICAN TOWER CORP /MA/,$2B-$10B,,7556100000,Revenues,USD,2024-10-29,10-Q,2023-09-30,1353800000,ProfitLoss,USD,2024-10-29,10-Q,2023-09-30,65653000000,Assets,USD,2024-10-29,10-Q,2023-09-30,-2281500000,NetCashProvidedByUsedInFinancingActivities,USD,2024-10-29,10-Q,2023-09-30,-1165600000,NetCashProvidedByUsedInInvestingActivities,USD,2024-10-29,10-Q,2023-09-30,3580500000,NetCashProvidedByUsedInOperatingActivities,USD,2024-10-29,10-Q,2023-09-30,through_ocf,True,,,0.179167,0.473856,8.688742,-0.301941,-0.154259
2024Q4,2024-11-26,AMWD,794619,American Woodmark Corp,$500M-$1B,,972122000,RevenueFromContractWithCustomerExcludingAssessedTax,USD,2024-11-26,10-Q,2023-10-31,37850000,NetIncomeLoss,USD,2024-11-26,10-Q,2023-07-31,1593865000,Assets,USD,2024-11-26,10-Q,2024-04-30,-55236000,NetCashProvidedByUsedInFinancingActivities,USD,2024-11-26,10-Q,2023-10-31,-33837000,NetCashProvidedByUsedInInvestingActivities,USD,2024-11-26,10-Q,2023-10-31,143722000,NetCashProvidedByUsedInOperatingActivities,USD,2024-11-26,10-Q,2023-10-31,through_ocf,True,,,0.038935,0.147844,1.639573,-0.05682,-0.034807
2024Q4,2024-11-04,ANDE,821026,"Andersons, Inc.",$2B-$10B,,7901421000,Revenues,USD,2024-08-07,10-Q,2023-06-30,40296000,NetIncomeLoss,USD,2024-08-07,10-Q,2023-06-30,3570046000,Assets,USD,2024-08-07,10-Q,2023-06-30,-154987000,NetCashProvidedByUsedInFinancingActivities,USD,2024-08-07,10-Q,2023-06-30,-71673000,NetCashProvidedByUsedInInvestingActivities,USD,2024-08-07,10-Q,2023-06-30,207404000,NetCashProvidedByUsedInOperatingActivities,USD,2024-08-07,10-Q,2023-06-30,through_ocf,True,,,0.0051,0.026249,0.451823,-0.019615,-0.009071
2024Q4,2024-11-07,ANET,1596532,"ARISTA NETWORKS, INC.",$2B-$10B,,2810275000,RevenueFromContractWithCustomerExcludingAssessedTax,USD,2024-07-31,10-Q,2023-06-30,928358000,NetIncomeLoss,USD,2024-07-31,10-Q,2023-06-30,9946806000,Assets,USD,2024-07-31,10-Q,2023-12-31,-97635000,NetCashProvidedByUsedInFinancingActivities,USD,2024-07-31,10-Q,2023-06-30,-124653000,NetCashProvidedByUsedInInvestingActivities,USD,2024-07-31,10-Q,2023-06-30,808573000,NetCashProvidedByUsedInOperatingActivities,USD,2024-07-31,10-Q,2023-06-30,through_ocf,True,,,0.330344,0.28772,3.539442,-0.034742,-0.044356
2024Q4,2024-11-27,ANF,1018840,Abercrombie & Fitch Co.,$1B-$2B,,1771339000,Revenues,USD,2024-09-06,10-Q,2023-07-29,73465000,NetIncomeLoss,USD,2024-09-06,10-Q,2023-07-29,2974233000,Assets,USD,2024-09-06,10-Q,2024-02-03,-23342000,NetCashProvidedByUsedInFinancingActivities,USD,2024-09-06,10-Q,2023-07-29,-89780000,NetCashProvidedByUsedInInvestingActivities,USD,2024-09-06,10-Q,2023-07-29,216328000,NetCashProvidedByUsedInOperatingActivities,USD,2024-09-06,10-Q,2023-07-29,through_ocf,True,,,0.041474,0.122127,1.679087,-0.013178,-0.050685
2024Q4,2024-11-12,ANGI,1705110,Angi Inc.,$1B-$2B,,1058315000,RevenueFromContractWithCustomerExcludingAssessedTax,USD,2024-11-12,10-Q,2023-09-30,-34766000,ProfitLoss,USD,2024-11-12,10-Q,2023-09-30,1856215000,Assets,USD,2024-11-12,10-Q,2023-12-31,-8234000,NetCashProvidedByUsedInFinancingActivities,USD,2024-11-12,10-Q,2023-09-30,-95297000,NetCashProvidedByUsedInInvestingActivities,USD,2023-11-07,10-Q,2022-09-30,11358000,NetCashProvidedByUsedInOperatingActivities,USD,2023-11-07,10-Q,2022-09-30,through_ocf,True,,,-0.03285,0.010732,1.753934,-0.00778,-0.090046
2024Q4,2024-10-03,ANGO,1275187,"AngioDynamics, Inc.",<$100M,,78679000,RevenueFromContractWithCustomerExcludingAssessedTax,USD,2024-10-03,10-Q,2023-08-31,45884000,NetIncomeLoss,USD,2024-10-03,10-Q,2023-08-31,317671000,Assets,USD,2024-10-03,10-Q,2024-05-31,-59590000,NetCashProvidedByUsedInFinancingActivities,USD,2024-10-03,10-Q,2023-08-31,98442000,NetCashProvidedByUsedInInvestingActivities,USD,2024-10-03,10-Q,2023-08-31,-25899000,NetCashProvidedByUsedInOperatingActivities,USD,2024-10-03,10-Q,2023-08-31,through_ocf,True,,,0.58318,-0.329173,4.037558,-0.757381,1.251185
2024Q4,2024-10-25,AON,315293,Aon plc,>$10B,,10001000000,RevenueFromContractWithCustomerExcludingAssessedTax,USD,2024-10-25,10-Q,2023-09-30,2066000000,NetIncomeLoss,USD,2024-10-25,10-Q,2023-09-30,33959000000,Assets,USD,2024-10-25,10-Q,2023-12-31,-1201000000,NetCashProvidedByUsedInFinancingActivities,USD,2024-10-25,10-Q,2023-09-30,52000000,NetCashProvidedByUsedInInvestingActivities,USD,2024-10-25,10-Q,2023-09-30,2174000000,NetCashProvidedByUsedInOperatingActivities,USD,2024-10-25,10-Q,2023-09-30,through_ocf,True,,,0.206579,0.217378,3.39556,-0.120088,0.005199
2024Q4,2024-10-11,AOS,91142,A. O. Smith Corporation,$1B-$2B,,1927200000,RevenueFromContractWithCustomerExcludingAssessedTax,USD,2024-07-24,10-Q,2023-06-30,283900000,NetIncomeLoss,USD,2024-07-24,10-Q,2023-06-30,3213900000,Assets,USD,2024-07-24,10-Q,2023-12-31,-291200000,NetCashProvidedByUsedInFinancingActivities,USD,2024-07-24,10-Q,2023-06-30,33800000,NetCashProvidedByUsedInInvestingActivities,USD,2024-07-24,10-Q,2023-06-30,260200000,NetCashProvidedByUsedInOperatingActivities,USD,2024-07-24,10-Q,2023-06-30,through_ocf,True,,,0.147312,0.135015,1.667653,-0.1511,0.017538
2024Q4,2024-11-04,AOSL,1387467,Alpha and Omega Semiconductor Limited,$500M-$1B,,777552000,RevenueFromContractWithCustomerExcludingAssessedTax,USD,2024-08-23,10-K,2022-06-30,453163000,NetIncomeLoss,USD,2024-08-23,10-K,2022-06-30,1199737000,Assets,USD,2024-08-23,10-K,2023-06-30,21854000,NetCashProvidedByUsedInFinancingActivities,USD,2024-08-23,10-K,2022-06-30,-130822000,NetCashProvidedByUsedInInvestingActivities,USD,2024-08-23,10-K,2022-06-30,218865000,NetCashProvidedByUsedInOperatingActivities,USD,2024-08-23,10-K,2022-06-30,through_ocf,True,,,0.582807,0.28148,1.542967,0.028106,-0.168249
2024Q4,2024-10-29,APAM,1517302,Artisan Partners Asset Management Inc.,$100M-$500M,,477412000,Revenues,USD,2024-07-26,10-Q,2023-06-30,104378000,NetIncomeLoss,USD,2024-07-26,10-Q,2023-06-30,1405858000,Assets,USD,2024-07-26,10-Q,2023-12-31,-93700000,NetCashProvidedByUsedInFinancingActivities,USD,2024-07-26,10-Q,2023-06-30,-35004000,NetCashProvidedByUsedInInvestingActivities,USD,2024-07-26,10-Q,2023-06-30,183105000,NetCashProvidedByUsedInOperatingActivities,USD,2024-07-26,10-Q,2023-06-30,through_ocf,True,,,0.218633,0.383537,2.944748,-0.196267,-0.07332
2024Q4,2024-11-07,APD,2969,"AIR PRODUCTS AND CHEMICALS, INC.",$2B-$10B,,9408700000,Revenues,USD,2024-08-01,10-Q,2023-06-30,1607600000,NetIncomeLoss,USD,2024-08-01,10-Q,2023-06-30,32002500000,Assets,USD,2024-08-01,10-Q,2023-09-30,1098900000,NetCashProvidedByUsedInFinancingActivities,USD,2024-08-01,10-Q,2023-06-30,-4399800000,NetCashProvidedByUsedInInvestingActivities,USD,2024-08-01,10-Q,2023-06-30,2203400000,NetCashProvidedByUsedInOperatingActivities,USD,2024-08-01,10-Q,2023-06-30,through_ocf,True,,,0.170863,0.234188,3.401373,0.116796,-0.467631
2024Q4,2024-11-12,APEI,1201792,"AMERICAN PUBLIC EDUCATION, INC.",$100M-$500M,,447741000,RevenueFromContractWithCustomerExcludingAssessedTax,USD,2024-11-12,10-Q,2023-09-30,-5740000,NetIncomeLoss,USD,2024-11-12,10-Q,2023-03-31,557386000,Assets,USD,2024-11-12,10-Q,2023-12-31,-13579000,NetCashProvidedByUsedInFinancingActivities,USD,2024-11-12,10-Q,2023-09-30,-9382000,NetCashProvidedByUsedInInvestingActivities,USD,2024-11-12,10-Q,2023-09-30,48657000,NetCashProvidedByUsedInOperatingActivities,USD,2024-11-12,10-Q,2023-09-30,through_ocf,True,,,-0.01282,0.108672,1.244885,-0.030328,-0.020954
2024Q4,2024-10-23,APH,820313,AMPHENOL CORPORATION,$2B-$10B,,6028000000,RevenueFromContractWithCustomerExcludingAssessedTax,USD,2024-07-26,10-Q,2023-06-30,899700000,NetIncomeLoss,USD,2024-07-26,10-Q,2023-06-30,16526400000,Assets,USD,2024-07-26,10-Q,2023-12-31,-704000000,NetCashProvidedByUsedInFinancingActivities,USD,2024-07-26,10-Q,2023-06-30,-375100000,NetCashProvidedByUsedInInvestingActivities,USD,2024-07-26,10-Q,2023-06-30,1068800000,NetCashProvidedByUsedInOperatingActivities,USD,2024-07-26,10-Q,2023-06-30,through_ocf,True,,,0.149253,0.177306,2.741606,-0.116788,-0.062226
2024Q4,2024-11-04,APLE,1418121,"APPLE HOSPITALITY REIT, INC.",$1B-$2B,,1031344000,RevenueFromContractWithCustomerExcludingAssessedTax,USD,2024-11-04,10-Q,2023-09-30,156724000,NetIncomeLoss,USD,2024-11-04,10-Q,2023-09-30,4937298000,Assets,USD,2024-11-04,10-Q,2023-12-31,-190518000,NetCashProvidedByUsedInFinancingActivities,USD,2024-11-04,10-Q,2023-09-30,-86095000,NetCashProvidedByUsedInInvestingActivities,USD,2024-11-04,10-Q,2023-09-30,302164000,NetCashProvidedByUsedInOperatingActivities,USD,2024-11-04,10-Q,2023-09-30,through_ocf,True,,,0.151961,0.292981,4.787247,-0.184728,-0.083478
2024Q4,2024-11-05,APO,0001858681,"APOLLO GLOBAL MANAGEMENT, INC.",>$10B,,19003000000,Revenues,USD,2024-08-08,10-Q,2023-06-30,1609000000,NetIncomeLoss,USD,2024-08-08,10-Q,2023-06-30,313488000000,Assets,USD,2024-08-08,10-Q,2023-12-31,16537000000,NetCashProvidedByUsedInFinancingActivities,USD,2024-08-08,10-Q,2023-06-30,-17508000000,NetCashProvidedByUsedInInvestingActivities,USD,2024-08-08,10-Q,2023-06-30,4622000000,NetCashProvidedByUsedInOperatingActivities,USD,2024-08-08,10-Q,2023-06-30,through_ocf,True,,,0.084671,0.243225,16.496764,0.870231,-0.921328
2024Q4,2024-11-06,APP,1751008,AppLovin Corporation,$2B-$10B,,2329826000,RevenueFromContractWithCustomerExcludingAssessedTax,USD,2024-11-06,10-Q,2023-09-30,-4518000,NetIncomeLoss,USD,2024-11-06,10-Q,2023-03-31,5359187000,Assets,USD,2024-11-06,10-Q,2023-12-31,-1392267000,NetCashProvidedByUsedInFinancingActivities,USD,2024-11-06,10-Q,2023-09-30,-71025000,NetCashProvidedByUsedInInvestingActivities,USD,2024-11-06,10-Q,2023-09-30,717522000,NetCashProvidedByUsedInOperatingActivities,USD,2024-11-06,10-Q,2023-09-30,through_ocf,True,,,-0.001939,0.307972,2.300252,-0.597584,-0.030485
2024Q4,2024-10-24,APPF,1433195,"AppFolio, Inc.",$100M-$500M,,283175000,RevenueFromContractWithCustomerExcludingAssessedTax,USD,2024-07-26,10-Q,2023-06-30,-35110000,NetIncomeLoss,USD,2024-07-26,10-Q,2023-03-31,408889000,Assets,USD,2024-07-26,10-Q,2023-12-31,-11754000,NetCashProvidedByUsedInFinancingActivities,USD,2024-07-26,10-Q,2023-06-30,-26660000,NetCashProvidedByUsedInInvestingActivities,USD,2024-07-26,10-Q,2023-06-30,-7657000,NetCashProvidedByUsedInOperatingActivities,USD,2024-07-26,10-Q,2023-06-30,through_ocf,True,,,-0.123987,-0.02704,1.443945,-0.041508,-0.094147
2024Q4,2024-11-07,APPN,1441683,APPIAN CORPORATION,$100M-$500M,,400044000,RevenueFromContractWithCustomerExcludingAssessedTax,USD,2024-11-07,10-Q,2023-09-30,-36829000,NetIncomeLoss,USD,2024-11-07,10-Q,2023-03-31,627503000,Assets,USD,2024-11-07,10-Q,2023-12-31,82388000,NetCashProvidedByUsedInFinancingActivities,USD,2024-11-07,10-Q,2023-09-30,869000,NetCashProvidedByUsedInInvestingActivities,USD,2024-11-07,10-Q,2023-09-30,-102198000,NetCashProvidedByUsedInOperatingActivities,USD,2024-11-07,10-Q,2023-09-30,through_ocf,True,,,-0.092062,-0.255467,1.568585,0.205947,0.002172
2024Q4,2024-10-31,APTV,1521332,Aptiv PLC,>$10B,,15132000000,Revenues,USD,2024-10-31,10-Q,2023-09-30,2033000000,NetIncomeLoss,USD,2024-10-31,10-Q,2023-09-30,24427000000,Assets,USD,2024-10-31,10-Q,2023-12-31,-201000000,NetCashProvidedByUsedInFinancingActivities,USD,2024-10-31,10-Q,2023-09-30,-795000000,NetCashProvidedByUsedInInvestingActivities,USD,2024-10-31,10-Q,2023-09-30,1272000000,NetCashProvidedByUsedInOperatingActivities,USD,2024-10-31,10-Q,2023-09-30,through_ocf,True,,,0.134351,0.08406,1.614261,-0.013283,-0.052538
2024Q4,2024-11-01,ARCB,894405,ARCBEST CORPORATION,$2B-$10B,,3337908000,RevenueFromContractWithCustomerExcludingAssessedTax,USD,2024-11-01,10-Q,2023-09-30,146643000,NetIncomeLoss,USD,2024-11-01,10-Q,2023-09-30,2485094000,Assets,USD,2024-11-01,10-Q,2023-12-31,-149559000,NetCashProvidedByUsedInFinancingActivities,USD,2024-11-01,10-Q,2023-09-30,47935000,NetCashProvidedByUsedInInvestingActivities,USD,2024-11-01,10-Q,2023-09-30,194755000,NetCashProvidedByUsedInOperatingActivities,USD,2024-11-01,10-Q,2023-09-30,through_ocf,True,,,0.043933,0.058346,0.744506,-0.044806,0.014361
2024Q4,2024-11-01,ARES,1176948,ARES MANAGEMENT CORPORATION,$1B-$2B,,1438788000,Revenues,USD,2024-08-07,10-Q,2023-06-30,445197000,ProfitLoss,USD,2024-08-07,10-Q,2023-06-30,24730500000,Assets,USD,2024-08-07,10-Q,2023-12-31,-97501000,NetCashProvidedByUsedInFinancingActivities,USD,2024-08-07,10-Q,2023-06-30,-21127000,NetCashProvidedByUsedInInvestingActivities,USD,2024-08-07,10-Q,2023-06-30,8520000,NetCashProvidedByUsedInOperatingActivities,USD,2024-08-07,10-Q,2023-06-30,through_ocf,True,,,0.309425,0.005922,17.188425,-0.067766,-0.014684
2024Q4,2024-11-07,ARLO,1736946,"ARLO TECHNOLOGIES, INC.",$100M-$500M,,140997000,Revenues,USD,2018-08-27,10-Q,2017-07-02,-22728000,NetIncomeLoss,USD,2024-11-07,10-Q,2023-10-01,285538000,Assets,USD,2024-11-07,10-Q,2023-12-31,-17240000,NetCashProvidedByUsedInFinancingActivities,USD,2024-11-07,10-Q,2023-10-01,-46094000,NetCashProvidedByUsedInInvestingActivities,USD,2024-11-07,10-Q,2023-10-01,30367000,NetCashProvidedByUsedInOperatingActivities,USD,2024-11-07,10-Q,2023-10-01,through_ocf,True,,,-0.161195,0.215373,2.025135,-0.122272,-0.326915
2024Q4,2024-10-28,ARLP,1086600,ALLIANCE RESOURCE PARTNERS LP,$1B-$2B,,1304758000,RevenueFromContractWithCustomerExcludingAssessedTax,USD,2024-08-07,10-Q,2023-06-30,360975000,NetIncomeLoss,USD,2024-08-07,10-Q,2023-06-30,2787943000,Assets,USD,2024-08-07,10-Q,2023-06-30,-237533000,NetCashProvidedByUsedInFinancingActivities,USD,2024-08-07,10-Q,2023-06-30,-274311000,NetCashProvidedByUsedInInvestingActivities,USD,2024-08-07,10-Q,2023-06-30,500720000,NetCashProvidedByUsedInOperatingActivities,USD,2024-08-07,10-Q,2023-06-30,through_ocf,True,,,0.27666,0.383765,2.136751,-0.182051,-0.210239
2024Q4,2024-11-12,AROC,1389050,"Archrock, Inc",$500M-$1B,,730744000,RevenueFromContractWithCustomerExcludingAssessedTax,USD,2024-11-12,10-Q,2023-09-30,71996000,NetIncomeLoss,USD,2024-11-12,10-Q,2023-09-30,2655950000,Assets,USD,2024-11-12,10-Q,2023-12-31,-31395000,NetCashProvidedByUsedInFinancingActivities,USD,2024-11-12,10-Q,2023-09-30,-208157000,NetCashProvidedByUsedInInvestingActivities,USD,2024-11-12,10-Q,2023-09-30,238468000,NetCashProvidedByUsedInOperatingActivities,USD,2024-11-12,10-Q,2023-09-30,through_ocf,True,,,0.098524,0.326336,3.634583,-0.042963,-0.284856
2024Q4,2024-11-07,ARRY,1820721,"ARRAY TECHNOLOGIES, INC.",$1B-$2B,,1234936000,RevenueFromContractWithCustomerExcludingAssessedTax,USD,2024-11-07,10-Q,2023-09-30,117898000,NetIncomeLoss,USD,2024-11-07,10-Q,2023-09-30,1706741000,Assets,USD,2024-11-07,10-Q,2023-12-31,-84442000,NetCashProvidedByUsedInFinancingActivities,USD,2024-11-07,10-Q,2023-09-30,-11615000,NetCashProvidedByUsedInInvestingActivities,USD,2024-11-07,10-Q,2023-09-30,137974000,NetCashProvidedByUsedInOperatingActivities,USD,2024-11-07,10-Q,2023-09-30,through_ocf,True,,,0.095469,0.111726,1.382048,-0.068378,-0.009405
2024Q4,2024-11-26,ARWR,879407,"ARROWHEAD PHARMACEUTICALS, INC.",$100M-$500M,,243231000,RevenueFromContractWithCustomerExcludingAssessedTax,USD,2024-11-26,10-K,2022-09-30,-176063000,NetIncomeLoss,USD,2024-11-26,10-K,2022-09-30,765552000,Assets,USD,2024-11-26,10-K,2023-09-30,65186000,NetCashProvidedByUsedInFinancingActivities,USD,2024-11-26,10-K,2022-09-30,-5417000,NetCashProvidedByUsedInInvestingActivities,USD,2024-11-26,10-K,2022-09-30,-136131000,NetCashProvidedByUsedInOperatingActivities,USD,2024-11-26,10-K,2022-09-30,through_ocf,True,,,-0.723851,-0.559678,3.147428,0.268,-0.022271
2024Q4,2024-12-05,ASAN,1477720,"Asana, Inc.",$100M-$500M,,481369000,RevenueFromContractWithCustomerExcludingAssessedTax,USD,2024-12-05,10-Q,2023-10-31,-194632000,NetIncomeLoss,USD,2024-12-05,10-Q,2023-10-31,961960000,Assets,USD,2024-12-05,10-Q,2024-01-31,16418000,NetCashProvidedByUsedInFinancingActivities,USD,2024-12-05,10-Q,2023-10-31,-270205000,NetCashProvidedByUsedInInvestingActivities,USD,2024-12-05,10-Q,2023-10-31,-2594000,NetCashProvidedByUsedInOperatingActivities,USD,2024-12-05,10-Q,2023-10-31,through_ocf,True,,,-0.40433,-0.005389,1.998384,0.034107,-0.561326
2024Q4,2024-10-24,ASB,7789,ASSOCIATED BANC-CORP,$500M-$1B,,659543000,Revenues,USD,2024-07-30,10-Q,2023-06-30,103360000,NetIncomeLoss,USD,2024-07-30,10-Q,2023-03-31,41015855000,Assets,USD,2024-07-30,10-Q,2023-12-31,1646755000,NetCashProvidedByUsedInFinancingActivities,USD,2024-07-30,10-Q,2023-06-30,-1817320000,NetCashProvidedByUsedInInvestingActivities,USD,2024-07-30,10-Q,2023-06-30,178771000,NetCashProvidedByUsedInOperatingActivities,USD,2024-07-30,10-Q,2023-06-30,through_ocf,True,,,0.156715,0.271053,62.188296,2.496812,-2.755423
2024Q4,2024-10-23,ASGN,890564,ASGN Inc,$2B-$10B,,2259700000,Revenues,USD,2024-08-01,10-Q,2023-06-30,109600000,NetIncomeLoss,USD,2024-08-01,10-Q,2023-06-30,3544600000,Assets,USD,2024-08-01,10-Q,2023-12-31,-146000000,NetCashProvidedByUsedInFinancingActivities,USD,2024-08-01,10-Q,2023-06-30,-23500000,NetCashProvidedByUsedInInvestingActivities,USD,2024-08-01,10-Q,2023-06-30,193000000,NetCashProvidedByUsedInOperatingActivities,USD,2024-08-01,10-Q,2023-06-30,through_ocf,True,,,0.048502,0.08541,1.568615,-0.06461,-0.0104
2024Q4,2024-11-01,ASIX,1673985,AdvanSix Inc.,$1B-$2B,,1297393000,RevenueFromContractWithCustomerExcludingAssessedTax,USD,2022-02-18,10-K,2019-12-31,34954000,NetIncomeLoss,USD,2024-11-01,10-Q,2023-03-31,1496020000,Assets,USD,2024-11-01,10-Q,2023-12-31,5173000,NetCashProvidedByUsedInFinancingActivities,USD,2024-11-01,10-Q,2023-09-30,-71429000,NetCashProvidedByUsedInInvestingActivities,USD,2024-11-01,10-Q,2023-09-30,57381000,NetCashProvidedByUsedInOperatingActivities,USD,2024-11-01,10-Q,2023-09-30,through_ocf,True,,,0.026942,0.044228,1.153097,0.003987,-0.055056
2024Q4,2024-12-10,ASO,1817358,"Academy Sports and Outdoors, Inc.",$2B-$10B,,4364463000,RevenueFromContractWithCustomerExcludingAssessedTax,USD,2024-12-10,10-Q,2023-10-28,93970000,NetIncomeLoss,USD,2024-12-10,10-Q,2023-04-29,4921270000,Assets,USD,2024-12-10,10-Q,2023-10-28,-213169000,NetCashProvidedByUsedInFinancingActivities,USD,2024-12-10,10-Q,2023-10-28,-150191000,NetCashProvidedByUsedInInvestingActivities,USD,2024-12-10,10-Q,2023-10-28,301042000,NetCashProvidedByUsedInOperatingActivities,USD,2024-12-10,10-Q,2023-10-28,through_ocf,True,,,0.021531,0.068976,1.127577,-0.048842,-0.034412
2024Q4,2024-11-07,ASTH,1083446,"ASTRANA HEALTH, INC.",$500M-$1B,,685453000,RevenueFromContractWithCustomerExcludingAssessedTax,USD,2024-08-09,10-Q,2023-06-30,26302000,NetIncomeLoss,USD,2024-08-09,10-Q,2023-06-30,933361000,Assets,USD,2024-08-09,10-Q,2023-12-31,-8062000,NetCashProvidedByUsedInFinancingActivities,USD,2024-08-09,10-Q,2023-06-30,-19221000,NetCashProvidedByUsedInInvestingActivities,USD,2024-08-09,10-Q,2023-06-30,33522000,NetCashProvidedByUsedInOperatingActivities,USD,2024-08-09,10-Q,2023-06-30,through_ocf,True,,,0.038372,0.048905,1.36167,-0.011762,-0.028041
2024Q4,2024-11-21,ATKR,1666138,Atkore Inc.,$2B-$10B,,3913949000,RevenueFromContractWithCustomerExcludingAssessedTax,USD,2024-11-21,10-K,2022-09-30,913434000,NetIncomeLoss,USD,2024-11-21,10-K,2022-09-30,2598996000,Assets,USD,2024-11-21,10-K,2022-09-30,-524206000,NetCashProvidedByUsedInFinancingActivities,USD,2024-11-21,10-K,2022-09-30,-442802000,NetCashProvidedByUsedInInvestingActivities,USD,2024-11-21,10-K,2022-09-30,786835000,NetCashProvidedByUsedInOperatingActivities,USD,2024-11-21,10-K,2022-09-30,through_ocf,True,,,0.233379,0.201034,0.664034,-0.133933,-0.113134
2024Q4,2024-11-08,ATMU,0001921963,Atmus Filtration Technologies Inc.,$1B-$2B,,1228400000,RevenueFromContractWithCustomerExcludingAssessedTax,USD,2024-11-08,10-Q,2023-09-30,136500000,NetIncomeLoss,USD,2024-11-08,10-Q,2023-09-30,1088600000,Assets,USD,2024-11-08,10-Q,2023-12-31,21100000,NetCashProvidedByUsedInFinancingActivities,USD,2024-11-08,10-Q,2023-09-30,-29600000,NetCashProvidedByUsedInInvestingActivities,USD,2024-11-08,10-Q,2023-09-30,147300000,NetCashProvidedByUsedInOperatingActivities,USD,2024-11-08,10-Q,2023-09-30,through_ocf,True,,,0.11112,0.119912,0.886193,0.017177,-0.024096
2024Q4,2024-10-30,ATNI,879585,"ATN INTERNATIONAL, INC.",$100M-$500M,,372214000,Revenues,USD,2024-08-09,10-Q,2023-06-30,-7717000,ProfitLoss,USD,2024-08-09,10-Q,2023-06-30,1783714000,Assets,USD,2024-08-09,10-Q,2023-12-31,42750000,NetCashProvidedByUsedInFinancingActivities,USD,2024-08-09,10-Q,2023-06-30,-95585000,NetCashProvidedByUsedInInvestingActivities,USD,2024-08-09,10-Q,2023-06-30,60329000,NetCashProvidedByUsedInOperatingActivities,USD,2024-08-09,10-Q,2023-06-30,through_ocf,True,,,-0.020733,0.162081,4.792173,0.114853,-0.256801
2024Q4,2024-11-06,ATO,731802,ATMOS ENERGY CORP,$2B-$10B,,3687715000,Revenues,USD,2024-08-07,10-Q,2023-06-30,271860000,NetIncomeLoss,USD,2024-08-07,10-Q,2022-12-31,22516968000,Assets,USD,2024-08-07,10-Q,2023-09-30,-1137630000,NetCashProvidedByUsedInFinancingActivities,USD,2024-08-07,10-Q,2023-06-30,-2077319000,NetCashProvidedByUsedInInvestingActivities,USD,2024-08-07,10-Q,2023-06-30,3221508000,NetCashProvidedByUsedInOperatingActivities,USD,2024-08-07,10-Q,2023-06-30,through_ocf,True,,,0.07372,0.873578,6.10594,-0.308492,-0.563308
2024Q4,2024-11-06,ATRO,8063,Astronics Corporation,$100M-$500M,,330992000,RevenueFromContractWithCustomerExcludingAssessedTax,USD,2024-08-05,10-Q,2023-07-01,-16414000,NetIncomeLoss,USD,2024-08-05,10-Q,2023-07-01,633792000,Assets,USD,2024-08-05,10-Q,2023-12-31,11945000,NetCashProvidedByUsedInFinancingActivities,USD,2024-08-05,10-Q,2023-07-01,-379000,NetCashProvidedByUsedInInvestingActivities,USD,2024-08-05,10-Q,2023-07-01,-21151000,NetCashProvidedByUsedInOperatingActivities,USD,2024-08-05,10-Q,2023-07-01,through_ocf,True,,,-0.04959,-0.063902,1.914826,0.036088,-0.001145
2024Q4,2024-11-06,AVA,104918,AVISTA CORP,$1B-$2B,,1234194000,Revenues,USD,2024-11-06,10-Q,2023-09-30,87045000,NetIncomeLoss,USD,2024-11-06,10-Q,2023-09-30,7702477000,Assets,USD,2024-11-06,10-Q,2023-12-31,-29524000,NetCashProvidedByUsedInFinancingActivities,USD,2024-11-06,10-Q,2023-09-30,-368580000,NetCashProvidedByUsedInInvestingActivities,USD,2024-11-06,10-Q,2023-09-30,393306000,NetCashProvidedByUsedInOperatingActivities,USD,2024-11-06,10-Q,2023-09-30,through_ocf,True,,,0.070528,0.318674,6.240896,-0.023922,-0.29864
2024Q4,2024-12-04,AVAV,1368622,"AEROVIRONMENT, INC.",$100M-$500M,,232073000,Revenues,USD,2021-03-10,10-Q,2020-01-25,21895000,ProfitLoss,USD,2024-09-05,10-Q,2023-07-29,1015860000,Assets,USD,2024-09-05,10-Q,2024-04-30,-6315000,NetCashProvidedByUsedInFinancingActivities,USD,2024-09-05,10-Q,2023-07-29,-3632000,NetCashProvidedByUsedInInvestingActivities,USD,2024-09-05,10-Q,2023-07-29,-17062000,NetCashProvidedByUsedInOperatingActivities,USD,2024-09-05,10-Q,2023-07-29,through_ocf,True,,,0.094345,-0.07352,4.37733,-0.027211,-0.01565
2024Q4,2024-11-05,AVB,915912,"AVALONBAY COMMUNITIES, INC.",$1B-$2B,,1365569000,Revenues,USD,2024-08-06,10-Q,2023-06-30,514582000,ProfitLoss,USD,2024-08-06,10-Q,2023-06-30,20678214000,Assets,USD,2024-08-06,10-Q,2023-12-31,-231949000,NetCashProvidedByUsedInFinancingActivities,USD,2024-08-06,10-Q,2023-06-30,-297877000,NetCashProvidedByUsedInInvestingActivities,USD,2024-08-06,10-Q,2023-06-30,742579000,NetCashProvidedByUsedInOperatingActivities,USD,2024-08-06,10-Q,2023-06-30,through_ocf,True,,,0.376826,0.543787,15.142563,-0.169855,-0.218134
2024Q4,2024-11-12,AVD,5981,AMERICAN VANGUARD CORPORATION,$100M-$500M,,407191000,RevenueFromContractWithCustomerExcludingAssessedTax,USD,2024-11-12,10-Q,2023-09-30,540000,NetIncomeLoss,USD,2024-11-12,10-Q,2023-09-30,767548000,Assets,USD,2024-11-12,10-Q,2023-12-31,146680000,NetCashProvidedByUsedInFinancingActivities,USD,2024-11-12,10-Q,2023-09-30,-9148000,NetCashProvidedByUsedInInvestingActivities,USD,2024-11-12,10-Q,2023-09-30,-145854000,NetCashProvidedByUsedInOperatingActivities,USD,2024-11-12,10-Q,2023-09-30,through_ocf,True,,,0.001326,-0.358196,1.884983,0.360224,-0.022466
2024Q4,2024-10-30,AVNS,1606498,"AVANOS MEDICAL, INC.",$500M-$1B,,500000000,RevenueFromContractWithCustomerExcludingAssessedTax,USD,2024-10-30,10-Q,2023-09-30,-72300000,NetIncomeLoss,USD,2024-10-30,10-Q,2023-09-30,1692400000,Assets,USD,2024-10-30,10-Q,2023-12-31,20500000,NetCashProvidedByUsedInFinancingActivities,USD,2024-10-30,10-Q,2023-09-30,-59400000,NetCashProvidedByUsedInInvestingActivities,USD,2024-10-30,10-Q,2023-09-30,19700000,NetCashProvidedByUsedInOperatingActivities,USD,2024-10-30,10-Q,2023-09-30,through_ocf,True,,,-0.1446,0.0394,3.3848,0.041,-0.1188
2024Q4,2024-10-31,AVNT,1122976,Avient Corporation,$1B-$2B,,1670100000,RevenueFromContractWithCustomerExcludingAssessedTax,USD,2024-08-06,10-Q,2023-06-30,42000000,NetIncomeLoss,USD,2024-08-06,10-Q,2023-06-30,5968500000,Assets,USD,2024-08-06,10-Q,2023-12-31,-48300000,NetCashProvidedByUsedInFinancingActivities,USD,2024-08-06,10-Q,2023-06-30,-38600000,NetCashProvidedByUsedInInvestingActivities,USD,2024-08-06,10-Q,2023-06-30,-24700000,NetCashProvidedByUsedInOperatingActivities,USD,2024-08-06,10-Q,2023-06-30,through_ocf,True,,,0.025148,-0.01479,3.573738,-0.02892,-0.023112
2024Q4,2024-10-04,AVNW,1377789,"AVIAT NETWORKS, INC.",$100M-$500M,,243858000,RevenueFromContractWithCustomerExcludingAssessedTax,USD,2021-08-25,10-K,2019-06-28,21160000,NetIncomeLoss,USD,2024-10-04,10-K,2022-07-01,363137000,Assets,USD,2024-10-04,10-K,2023-06-30,-4874000,NetCashProvidedByUsedInFinancingActivities,USD,2024-10-04,10-K,2022-07-01,-7787000,NetCashProvidedByUsedInInvestingActivities,USD,2024-10-04,10-K,2022-07-01,2789000,NetCashProvidedByUsedInOperatingActivities,USD,2024-10-04,10-K,2022-07-01,through_ocf,True,,,0.086772,0.011437,1.489133,-0.019987,-0.031933
2024Q4,2024-10-23,AVY,8818,AVERY DENNISON CORPORATION,$2B-$10B,,4155500000,RevenueFromContractWithCustomerExcludingAssessedTax,USD,2024-07-30,10-Q,2023-07-01,221600000,NetIncomeLoss,USD,2024-07-30,10-Q,2023-07-01,8209800000,Assets,USD,2024-07-30,10-Q,2023-12-30,183100000,NetCashProvidedByUsedInFinancingActivities,USD,2024-07-30,10-Q,2023-07-01,-321900000,NetCashProvidedByUsedInInvestingActivities,USD,2024-07-30,10-Q,2023-07-01,191500000,NetCashProvidedByUsedInOperatingActivities,USD,2024-07-30,10-Q,2023-07-01,through_ocf,True,,,0.053327,0.046084,1.975647,0.044062,-0.077464
2024Q4,2024-10-30,AWK,1410636,"American Water Works Company, Inc.",$2B-$10B,,3914000000,RevenueFromContractWithCustomerExcludingAssessedTax,USD,2024-02-14,10-K,2021-12-31,170000000,NetIncomeLoss,USD,2024-10-30,10-Q,2023-03-31,29818000000,Assets,USD,2024-10-30,10-Q,2023-09-30,1125000000,NetCashProvidedByUsedInFinancingActivities,USD,2024-10-30,10-Q,2023-09-30,-1928000000,NetCashProvidedByUsedInInvestingActivities,USD,2024-10-30,10-Q,2023-09-30,1347000000,NetCashProvidedByUsedInOperatingActivities,USD,2024-10-30,10-Q,2023-09-30,through_ocf,True,,,0.043434,0.344149,7.618293,0.28743,-0.492591
2024Q4,2024-11-06,AWR,1056903,AMERICAN STATES WATER COMPANY,$100M-$500M,,470519000,Revenues,USD,2024-11-06,10-Q,2023-09-30,34407000,NetIncomeLoss,USD,2024-11-06,10-Q,2023-03-31,2205229000,Assets,USD,2024-11-06,10-Q,2023-09-30,81268000,NetCashProvidedByUsedInFinancingActivities,USD,2024-11-06,10-Q,2023-09-30,-135179000,NetCashProvidedByUsedInInvestingActivities,USD,2024-11-06,10-Q,2023-09-30,56518000,NetCashProvidedByUsedInOperatingActivities,USD,2024-11-06,10-Q,2023-09-30,through_ocf,True,,,0.073126,0.120118,4.686801,0.17272,-0.287298
2024Q4,2024-11-07,AXON,1069183,"Axon Enterprise, Inc.",$500M-$1B,,717648000,RevenueFromContractWithCustomerExcludingAssessedTax,USD,2024-08-07,10-Q,2023-06-30,45139000,NetIncomeLoss,USD,2024-08-07,10-Q,2023-03-31,3436845000,Assets,USD,2024-08-07,10-Q,2023-12-31,52254000,NetCashProvidedByUsedInFinancingActivities,USD,2024-08-07,10-Q,2023-06-30,81256000,NetCashProvidedByUsedInInvestingActivities,USD,2024-08-07,10-Q,2023-06-30,-13667000,NetCashProvidedByUsedInOperatingActivities,USD,2024-08-07,10-Q,2023-06-30,through_ocf,True,,,0.062899,-0.019044,4.78904,0.072813,0.113225
2024Q4,2024-10-18,AXP,4962,AMERICAN EXPRESS CO,>$10B,,27656000000,RevenueFromContractWithCustomerExcludingAssessedTax,USD,2024-10-18,10-Q,2023-09-30,6441000000,NetIncomeLoss,USD,2024-10-18,10-Q,2023-09-30,250587000000,Assets,USD,2024-10-18,10-Q,2023-09-30,14312000000,NetCashProvidedByUsedInFinancingActivities,USD,2024-10-18,10-Q,2023-09-30,-16264000000,NetCashProvidedByUsedInInvestingActivities,USD,2024-10-18,10-Q,2023-09-30,11790000000,NetCashProvidedByUsedInOperatingActivities,USD,2024-10-18,10-Q,2023-09-30,through_ocf,True,,,0.232897,0.426309,9.060855,0.517501,-0.588082
2024Q4,2024-10-09,AZZ,8947,AZZ Inc.,$500M-$1B,,789415000,RevenueFromContractWithCustomerExcludingAssessedTax,USD,2024-10-09,10-Q,2023-08-31,56854000,NetIncomeLoss,USD,2024-10-09,10-Q,2023-08-31,2195505000,Assets,USD,2024-10-09,10-Q,2024-02-29,-76380000,NetCashProvidedByUsedInFinancingActivities,USD,2024-10-09,10-Q,2023-08-31,-42706000,NetCashProvidedByUsedInInvestingActivities,USD,2024-10-09,10-Q,2023-08-31,118341000,NetCashProvidedByUsedInOperatingActivities,USD,2024-10-09,10-Q,2023-08-31,through_ocf,True,,,0.07202,0.14991,2.78118,-0.096755,-0.054098
2024Q4,2024-10-31,BALL,9389,Ball Corporation,$2B-$10B,,5328000000,RevenueFromContractWithCustomerExcludingAssessedTax,USD,2018-08-03,10-Q,2017-06-30,557000000,ProfitLoss,USD,2024-10-31,10-Q,2023-09-30,19303000000,Assets,USD,2024-10-31,10-Q,2023-12-31,490000000,NetCashProvidedByUsedInFinancingActivities,USD,2024-10-31,10-Q,2023-09-30,-826000000,NetCashProvidedByUsedInInvestingActivities,USD,2024-10-31,10-Q,2023-09-30,1127000000,NetCashProvidedByUsedInOperatingActivities,USD,2024-10-31,10-Q,2023-09-30,through_ocf,True,,,0.104542,0.211524,3.622935,0.091967,-0.15503
2024Q4,2024-10-22,BANC,1169770,"BANC OF CALIFORNIA, INC.",$500M-$1B,,965985000,Revenues,USD,2024-08-09,10-Q,2023-06-30,-1195424000,NetIncomeLoss,USD,2024-08-09,10-Q,2023-03-31,38534064000,Assets,USD,2024-08-09,10-Q,2023-12-31,-1495875000,NetCashProvidedByUsedInFinancingActivities,USD,2024-08-09,10-Q,2023-06-30,5929663000,NetCashProvidedByUsedInInvestingActivities,USD,2024-08-09,10-Q,2023-06-30,24137000,NetCashProvidedByUsedInOperatingActivities,USD,2024-08-09,10-Q,2023-06-30,through_ocf,True,,,-1.237518,0.024987,39.890955,-1.548549,6.138463
2024Q4,2024-11-07,BARK,1819574,"BARK, Inc.",$100M-$500M,,243626000,RevenueFromContractWithCustomerExcludingAssessedTax,USD,2024-11-07,10-Q,2023-09-30,-22000000,NetIncomeLoss,USD,2024-11-07,10-Q,2023-09-30,298588000,Assets,USD,2024-11-07,10-Q,2024-03-31,-4665000,NetCashProvidedByUsedInFinancingActivities,USD,2024-11-07,10-Q,2023-09-30,-4933000,NetCashProvidedByUsedInInvestingActivities,USD,2024-11-07,10-Q,2023-09-30,-7916000,NetCashProvidedByUsedInOperatingActivities,USD,2024-11-07,10-Q,2023-09-30,through_ocf,True,,,-0.090302,-0.032492,1.2256,-0.019148,-0.020248
2024Q4,2024-11-08,BAX,10456,BAXTER INTERNATIONAL INC,$2B-$10B,,7220000000,RevenueFromContractWithCustomerExcludingAssessedTax,USD,2024-08-06,10-Q,2023-06-30,-97000000,NetIncomeLoss,USD,2024-08-06,10-Q,2023-06-30,28276000000,Assets,USD,2024-08-06,10-Q,2023-12-31,-492000000,NetCashProvidedByUsedInFinancingActivities,USD,2024-08-06,10-Q,2023-06-30,-343000000,NetCashProvidedByUsedInInvestingActivities,USD,2024-08-06,10-Q,2023-06-30,830000000,NetCashProvidedByUsedInOperatingActivities,USD,2024-08-06,10-Q,2023-06-30,through_ocf,True,,,-0.013435,0.114958,3.916343,-0.068144,-0.047507
2024Q4,2024-10-24,BBBY,1130713,"Bed Bath & Beyond, Inc.",$500M-$1B,,803351000,RevenueFromContractWithCustomerExcludingAssessedTax,USD,2024-07-31,10-Q,2023-06-30,-83800000,NetIncomeLoss,USD,2024-07-31,10-Q,2023-06-30,635818000,Assets,USD,2024-07-31,10-Q,2023-12-31,-2718000,NetCashProvidedByUsedInFinancingActivities,USD,2024-07-31,10-Q,2023-06-30,-44435000,NetCashProvidedByUsedInInvestingActivities,USD,2024-07-31,10-Q,2023-06-30,18772000,NetCashProvidedByUsedInOperatingActivities,USD,2024-07-31,10-Q,2023-06-30,through_ocf,True,,,-0.104313,0.023367,0.791457,-0.003383,-0.055312
2024Q4,2024-11-06,BBSI,902791,"BARRETT BUSINESS SERVICES, INC.",$100M-$500M,,209997000,Revenues,USD,2018-05-08,10-Q,2017-03-31,819000,NetIncomeLoss,USD,2024-08-01,10-Q,2023-03-31,721538000,Assets,USD,2024-08-01,10-Q,2023-12-31,-23223000,NetCashProvidedByUsedInFinancingActivities,USD,2024-08-01,10-Q,2023-06-30,-6363000,NetCashProvidedByUsedInInvestingActivities,USD,2024-08-01,10-Q,2023-06-30,-23197000,NetCashProvidedByUsedInOperatingActivities,USD,2024-08-01,10-Q,2023-06-30,through_ocf,True,,,0.0039,-0.110463,3.435944,-0.110587,-0.0303
2024Q4,2024-10-24,BBT,1108134,BEACON FINANCIAL CORPORATION,$100M-$500M,,223992000,Revenues,USD,2024-08-09,10-Q,2023-06-30,51498000,NetIncomeLoss,USD,2024-08-09,10-Q,2023-06-30,12430821000,Assets,USD,2024-08-09,10-Q,2023-12-31,374192000,NetCashProvidedByUsedInFinancingActivities,USD,2024-08-09,10-Q,2023-06-30,-488198000,NetCashProvidedByUsedInInvestingActivities,USD,2024-08-09,10-Q,2023-06-30,69251000,NetCashProvidedByUsedInOperatingActivities,USD,2024-08-09,10-Q,2023-06-30,through_ocf,True,,,0.22991,0.309167,55.496719,1.67056,-2.179533
2024Q4,2024-11-26,BBY,764478,"BEST BUY CO., INC.",>$10B,,19050000000,Revenues,USD,2024-09-06,10-Q,2023-07-29,518000000,NetIncomeLoss,USD,2024-09-06,10-Q,2023-07-29,15318000000,Assets,USD,2024-09-06,10-Q,2023-07-29,-560000000,NetCashProvidedByUsedInFinancingActivities,USD,2024-09-06,10-Q,2023-07-29,-381000000,NetCashProvidedByUsedInInvestingActivities,USD,2024-09-06,10-Q,2023-07-29,181000000,NetCashProvidedByUsedInOperatingActivities,USD,2024-09-06,10-Q,2023-07-29,through_ocf,True,,,0.027192,0.009501,0.804094,-0.029396,-0.02
2024Q4,2024-11-04,BCC,1328581,Boise Cascade Company,$2B-$10B,,5193989000,RevenueFromContractWithCustomerExcludingAssessedTax,USD,2024-11-04,10-Q,2023-09-30,96733000,NetIncomeLoss,USD,2024-11-04,10-Q,2023-03-31,3458646000,Assets,USD,2024-11-04,10-Q,2023-12-31,-149709000,NetCashProvidedByUsedInFinancingActivities,USD,2024-11-04,10-Q,2023-09-30,-96801000,NetCashProvidedByUsedInInvestingActivities,USD,2024-11-04,10-Q,2023-09-30,521129000,NetCashProvidedByUsedInOperatingActivities,USD,2024-11-04,10-Q,2023-09-30,through_ocf,True,,,0.018624,0.100333,0.665894,-0.028824,-0.018637
2024Q4,2024-11-06,BCO,78890,THE BRINK’S COMPANY,$2B-$10B,,3629000000,RevenueFromContractWithCustomerExcludingAssessedTax,USD,2024-11-06,10-Q,2023-09-30,92700000,NetIncomeLoss,USD,2024-11-06,10-Q,2023-09-30,6601800000,Assets,USD,2024-11-06,10-Q,2023-12-31,-207400000,NetCashProvidedByUsedInFinancingActivities,USD,2024-11-06,10-Q,2023-09-30,-147900000,NetCashProvidedByUsedInInvestingActivities,USD,2024-11-06,10-Q,2023-09-30,41100000,NetCashProvidedByUsedInOperatingActivities,USD,2023-08-09,10-Q,2022-06-30,through_ocf,True,,,0.025544,0.011325,1.819179,-0.057151,-0.040755
2024Q4,2024-10-25,BCPC,9326,Balchem Corporation,$500M-$1B,,693740000,RevenueFromContractWithCustomerExcludingAssessedTax,USD,2024-10-25,10-Q,2023-09-30,22710000,NetIncomeLoss,USD,2024-10-25,10-Q,2023-03-31,1597211000,Assets,USD,2024-10-25,10-Q,2023-12-31,-83175000,NetCashProvidedByUsedInFinancingActivities,USD,2024-10-25,10-Q,2023-09-30,-22948000,NetCashProvidedByUsedInInvestingActivities,USD,2024-10-25,10-Q,2023-09-30,116355000,NetCashProvidedByUsedInOperatingActivities,USD,2024-10-25,10-Q,2023-09-30,through_ocf,True,,,0.032736,0.167721,2.302319,-0.119894,-0.033079
2024Q4,2024-10-31,BDC,913142,BELDEN INC.,$1B-$2B,,1960841000,Revenues,USD,2024-10-31,10-Q,2023-10-01,204292000,NetIncomeLoss,USD,2024-10-31,10-Q,2023-10-01,3240191000,Assets,USD,2024-10-31,10-Q,2023-12-31,-167403000,NetCashProvidedByUsedInFinancingActivities,USD,2024-10-31,10-Q,2023-10-01,-145497000,NetCashProvidedByUsedInInvestingActivities,USD,2024-10-31,10-Q,2023-10-01,159993000,NetCashProvidedByUsedInOperatingActivities,USD,2024-10-31,10-Q,2023-10-01,through_ocf,True,,,0.104186,0.081594,1.65245,-0.085373,-0.074201
2024Q4,2024-10-23,BDN,790816,Brandywine Realty Trust,$100M-$500M,,255109000,Revenues,USD,2024-08-09,10-Q,2023-06-30,-17955000,NetIncomeLoss,USD,2024-08-09,10-Q,2023-06-30,3732447000,Assets,USD,2024-08-09,10-Q,2023-12-31,101158000,NetCashProvidedByUsedInFinancingActivities,USD,2024-08-09,10-Q,2023-06-30,-137862000,NetCashProvidedByUsedInInvestingActivities,USD,2024-08-09,10-Q,2023-06-30,61304000,NetCashProvidedByUsedInOperatingActivities,USD,2024-08-09,10-Q,2023-06-30,through_ocf,True,,,-0.070382,0.240305,14.630793,0.396529,-0.540404
2024Q4,2024-11-07,BDX,10795,"BECTON, DICKINSON AND COMPANY",>$10B,,14285000000,Revenues,USD,2024-08-01,10-Q,2023-06-30,1376000000,NetIncomeLoss,USD,2024-08-01,10-Q,2023-06-30,52780000000,Assets,USD,2024-08-01,10-Q,2023-09-30,-959000000,NetCashProvidedByUsedInFinancingActivities,USD,2024-08-01,10-Q,2023-06-30,-853000000,NetCashProvidedByUsedInInvestingActivities,USD,2024-08-01,10-Q,2023-06-30,2721000000,NetCashProvidedByUsedInOperatingActivities,USD,2022-05-05,10-Q,2021-03-31,through_ocf,True,,,0.096325,0.19048,3.694785,-0.067133,-0.059713
2024Q4,2024-11-07,BE,1664703,BLOOM ENERGY CORPORATION,$500M-$1B,,976554000,Revenues,USD,2024-11-07,10-Q,2023-09-30,-312054000,ProfitLoss,USD,2024-11-07,10-Q,2023-09-30,2413677000,Assets,USD,2024-11-07,10-Q,2023-12-31,682161000,NetCashProvidedByUsedInFinancingActivities,USD,2024-11-07,10-Q,2023-09-30,-67482000,NetCashProvidedByUsedInInvestingActivities,USD,2024-11-07,10-Q,2023-09-30,-494364000,NetCashProvidedByUsedInOperatingActivities,USD,2024-11-07,10-Q,2023-09-30,through_ocf,True,,,-0.319546,-0.506233,2.471627,0.698539,-0.069102
2024Q4,2024-11-04,BEN,38777,"FRANKLIN RESOURCES, INC.",$2B-$10B,,5863300000,RevenueFromContractWithCustomerExcludingAssessedTax,USD,2024-07-26,10-Q,2023-06-30,587300000,NetIncomeLoss,USD,2024-07-26,10-Q,2023-06-30,30121200000,Assets,USD,2024-07-26,10-Q,2023-09-30,2492600000,NetCashProvidedByUsedInFinancingActivities,USD,2024-07-26,10-Q,2023-06-30,-3278200000,NetCashProvidedByUsedInInvestingActivities,USD,2024-07-26,10-Q,2023-06-30,324700000,NetCashProvidedByUsedInOperatingActivities,USD,2024-07-26,10-Q,2023-06-30,through_ocf,True,,,0.100165,0.055378,5.137244,0.425119,-0.559105
2024Q4,2024-10-24,BFH,1101215,"Bread Financial Holdings, Inc.",$2B-$10B,,3411500000,Revenues,USD,2021-11-03,10-Q,2020-09-30,503000000,NetIncomeLoss,USD,2024-08-01,10-Q,2023-06-30,23141000000,Assets,USD,2024-08-01,10-Q,2023-12-31,-4177000000,NetCashProvidedByUsedInFinancingActivities,USD,2024-08-01,10-Q,2023-06-30,2860000000,NetCashProvidedByUsedInInvestingActivities,USD,2024-08-01,10-Q,2023-06-30,741000000,NetCashProvidedByUsedInOperatingActivities,USD,2024-08-01,10-Q,2023-06-30,through_ocf,True,,,0.147442,0.217207,6.783233,-1.224388,0.838341
2024Q4,2024-11-05,BGS,1278027,"B&G FOODS, INC.",$1B-$2B,,1484185000,RevenueFromContractWithCustomerExcludingAssessedTax,USD,2024-11-05,10-Q,2023-09-30,3415000,NetIncomeLoss,USD,2024-11-05,10-Q,2023-04-01,3463290000,Assets,USD,2024-11-05,10-Q,2023-12-30,124261000,NetCashProvidedByUsedInFinancingActivities,USD,2024-11-05,10-Q,2023-09-30,34706000,NetCashProvidedByUsedInInvestingActivities,USD,2024-11-05,10-Q,2023-09-30,155681000,NetCashProvidedByUsedInOperatingActivities,USD,2024-11-05,10-Q,2023-09-30,through_ocf,True,,,0.002301,0.104893,2.333462,0.083723,0.023384
2024Q4,2024-10-30,BHE,863436,"BENCHMARK ELECTRONICS, INC.",$1B-$2B,,1427927000,Revenues,USD,2024-08-01,10-Q,2023-06-30,26351000,NetIncomeLoss,USD,2024-08-01,10-Q,2023-06-30,2274755000,Assets,USD,2024-08-01,10-Q,2023-12-31,84941000,NetCashProvidedByUsedInFinancingActivities,USD,2024-08-01,10-Q,2023-06-30,-46464000,NetCashProvidedByUsedInInvestingActivities,USD,2024-08-01,10-Q,2023-06-30,-368000,NetCashProvidedByUsedInOperatingActivities,USD,2024-08-01,10-Q,2023-06-30,through_ocf,True,,,0.018454,-0.000258,1.593047,0.059486,-0.032539
2024Q4,2024-11-07,BHF,1685040,"Brighthouse Financial, Inc.",$1B-$2B,,1547000000,Revenues,USD,2024-08-08,10-Q,2023-06-30,-674000000,NetIncomeLoss,USD,2024-08-08,10-Q,2023-06-30,236340000000,Assets,USD,2024-08-08,10-Q,2023-12-31,1909000000,NetCashProvidedByUsedInFinancingActivities,USD,2024-08-08,10-Q,2023-06-30,-1659000000,NetCashProvidedByUsedInInvestingActivities,USD,2024-08-08,10-Q,2023-06-30,-628000000,NetCashProvidedByUsedInOperatingActivities,USD,2024-08-08,10-Q,2023-06-30,through_ocf,True,,,-0.435682,-0.405947,152.773109,1.234001,-1.072398
2024Q4,2024-11-07,BHFAL,1685040,"Brighthouse Financial, Inc.",$1B-$2B,,1547000000,Revenues,USD,2024-08-08,10-Q,2023-06-30,-674000000,NetIncomeLoss,USD,2024-08-08,10-Q,2023-06-30,236340000000,Assets,USD,2024-08-08,10-Q,2023-12-31,1909000000,NetCashProvidedByUsedInFinancingActivities,USD,2024-08-08,10-Q,2023-06-30,-1659000000,NetCashProvidedByUsedInInvestingActivities,USD,2024-08-08,10-Q,2023-06-30,-628000000,NetCashProvidedByUsedInOperatingActivities,USD,2024-08-08,10-Q,2023-06-30,through_ocf,True,,,-0.435682,-0.405947,152.773109,1.234001,-1.072398
2024Q4,2024-11-07,BHFAM,1685040,"Brighthouse Financial, Inc.",$1B-$2B,,1547000000,Revenues,USD,2024-08-08,10-Q,2023-06-30,-674000000,NetIncomeLoss,USD,2024-08-08,10-Q,2023-06-30,236340000000,Assets,USD,2024-08-08,10-Q,2023-12-31,1909000000,NetCashProvidedByUsedInFinancingActivities,USD,2024-08-08,10-Q,2023-06-30,-1659000000,NetCashProvidedByUsedInInvestingActivities,USD,2024-08-08,10-Q,2023-06-30,-628000000,NetCashProvidedByUsedInOperatingActivities,USD,2024-08-08,10-Q,2023-06-30,through_ocf,True,,,-0.435682,-0.405947,152.773109,1.234001,-1.072398
2024Q4,2024-11-07,BHFAN,1685040,"Brighthouse Financial, Inc.",$1B-$2B,,1547000000,Revenues,USD,2024-08-08,10-Q,2023-06-30,-674000000,NetIncomeLoss,USD,2024-08-08,10-Q,2023-06-30,236340000000,Assets,USD,2024-08-08,10-Q,2023-12-31,1909000000,NetCashProvidedByUsedInFinancingActivities,USD,2024-08-08,10-Q,2023-06-30,-1659000000,NetCashProvidedByUsedInInvestingActivities,USD,2024-08-08,10-Q,2023-06-30,-628000000,NetCashProvidedByUsedInOperatingActivities,USD,2024-08-08,10-Q,2023-06-30,through_ocf,True,,,-0.435682,-0.405947,152.773109,1.234001,-1.072398
2024Q4,2024-11-07,BHFAO,1685040,"Brighthouse Financial, Inc.",$1B-$2B,,1547000000,Revenues,USD,2024-08-08,10-Q,2023-06-30,-674000000,NetIncomeLoss,USD,2024-08-08,10-Q,2023-06-30,236340000000,Assets,USD,2024-08-08,10-Q,2023-12-31,1909000000,NetCashProvidedByUsedInFinancingActivities,USD,2024-08-08,10-Q,2023-06-30,-1659000000,NetCashProvidedByUsedInInvestingActivities,USD,2024-08-08,10-Q,2023-06-30,-628000000,NetCashProvidedByUsedInOperatingActivities,USD,2024-08-08,10-Q,2023-06-30,through_ocf,True,,,-0.435682,-0.405947,152.773109,1.234001,-1.072398
2024Q4,2024-11-07,BHFAP,1685040,"Brighthouse Financial, Inc.",$1B-$2B,,1547000000,Revenues,USD,2024-08-08,10-Q,2023-06-30,-674000000,NetIncomeLoss,USD,2024-08-08,10-Q,2023-06-30,236340000000,Assets,USD,2024-08-08,10-Q,2023-12-31,1909000000,NetCashProvidedByUsedInFinancingActivities,USD,2024-08-08,10-Q,2023-06-30,-1659000000,NetCashProvidedByUsedInInvestingActivities,USD,2024-08-08,10-Q,2023-06-30,-628000000,NetCashProvidedByUsedInOperatingActivities,USD,2024-08-08,10-Q,2023-06-30,through_ocf,True,,,-0.435682,-0.405947,152.773109,1.234001,-1.072398
2024Q4,2024-11-06,BHR,1574085,BRAEMAR HOTELS & RESORTS INC.,$100M-$500M,,402008000,RevenueFromContractWithCustomerExcludingAssessedTax,USD,2024-08-08,10-Q,2023-06-30,14188000,NetIncomeLoss,USD,2024-08-08,10-Q,2023-06-30,2226824000,Assets,USD,2024-08-08,10-Q,2023-12-31,-150090000,NetCashProvidedByUsedInFinancingActivities,USD,2024-08-08,10-Q,2023-06-30,-36105000,NetCashProvidedByUsedInInvestingActivities,USD,2024-08-08,10-Q,2023-06-30,61963000,NetCashProvidedByUsedInOperatingActivities,USD,2024-08-08,10-Q,2023-06-30,through_ocf,True,,,0.035293,0.154134,5.539253,-0.373351,-0.089812
2024Q4,2024-10-30,BIIB,875045,Biogen Inc.,$2B-$10B,,7449300000,Revenues,USD,2024-10-30,10-Q,2023-09-30,911400000,NetIncomeLoss,USD,2024-10-30,10-Q,2023-09-30,26844800000,Assets,USD,2024-10-30,10-Q,2023-12-31,795400000,NetCashProvidedByUsedInFinancingActivities,USD,2024-10-30,10-Q,2023-09-30,-3448700000,NetCashProvidedByUsedInInvestingActivities,USD,2024-10-30,10-Q,2023-09-30,1534700000,NetCashProvidedByUsedInOperatingActivities,USD,2024-10-30,10-Q,2023-09-30,through_ocf,True,,,0.122347,0.206019,3.603667,0.106775,-0.462956
2024Q4,2024-10-30,BKNG,1075531,Booking Holdings Inc.,>$10B,,16581000000,Revenues,USD,2024-10-30,10-Q,2023-09-30,1892798000,ProfitLoss,USD,2016-02-17,10-K,2013-12-31,24342000000,Assets,USD,2024-10-30,10-Q,2023-12-31,-6419000000,NetCashProvidedByUsedInFinancingActivities,USD,2024-10-30,10-Q,2023-09-30,1525000000,NetCashProvidedByUsedInInvestingActivities,USD,2024-10-30,10-Q,2023-09-30,5998000000,NetCashProvidedByUsedInOperatingActivities,USD,2024-10-30,10-Q,2023-09-30,through_ocf,True,,,0.114155,0.361739,1.468066,-0.38713,0.091973
2024Q4,2024-10-22,BKR,1701605,Baker Hughes Co,>$10B,,12030000000,RevenueFromContractWithCustomerExcludingAssessedTax,USD,2024-07-26,10-Q,2023-06-30,985000000,NetIncomeLoss,USD,2024-07-26,10-Q,2023-06-30,36945000000,Assets,USD,2024-07-26,10-Q,2023-12-31,-550000000,NetCashProvidedByUsedInFinancingActivities,USD,2024-07-26,10-Q,2023-06-30,-414000000,NetCashProvidedByUsedInInvestingActivities,USD,2024-07-26,10-Q,2023-06-30,1320000000,NetCashProvidedByUsedInOperatingActivities,USD,2024-07-26,10-Q,2023-06-30,through_ocf,True,,,0.081879,0.109726,3.071072,-0.045719,-0.034414
2024Q4,2024-10-25,BLBD,1589526,BLUE BIRD CORPORATION,$500M-$1B,,829830000,RevenueFromContractWithCustomerExcludingAssessedTax,USD,2024-08-07,10-Q,2023-07-01,5194000,NetIncomeLoss,USD,2024-08-07,10-Q,2023-07-01,417766000,Assets,USD,2024-08-07,10-Q,2023-09-30,-37485000,NetCashProvidedByUsedInFinancingActivities,USD,2024-08-07,10-Q,2023-07-01,-6390000,NetCashProvidedByUsedInInvestingActivities,USD,2024-08-07,10-Q,2023-07-01,84131000,NetCashProvidedByUsedInOperatingActivities,USD,2024-08-07,10-Q,2023-07-01,through_ocf,True,,,0.006259,0.101383,0.503436,-0.045172,-0.0077
2024Q4,2024-11-05,BLDR,1316835,"BUILDERS FIRSTSOURCE, INC.",>$10B,,12946468000,RevenueFromContractWithCustomerExcludingAssessedTax,USD,2024-11-05,10-Q,2023-09-30,333786000,NetIncomeLoss,USD,2024-11-05,10-Q,2023-03-31,10499452000,Assets,USD,2024-11-05,10-Q,2023-12-31,-1211426000,NetCashProvidedByUsedInFinancingActivities,USD,2024-11-05,10-Q,2023-09-30,-476096000,NetCashProvidedByUsedInInvestingActivities,USD,2024-11-05,10-Q,2023-09-30,1695173000,NetCashProvidedByUsedInOperatingActivities,USD,2024-11-05,10-Q,2023-09-30,through_ocf,True,,,0.025782,0.130937,0.81099,-0.093572,-0.036774
2024Q4,2024-10-30,BLKB,1280058,"Blackbaud, Inc.",$500M-$1B,,810421000,RevenueFromContractWithCustomerExcludingAssessedTax,USD,2024-10-30,10-Q,2023-09-30,-14701000,NetIncomeLoss,USD,2024-10-30,10-Q,2023-03-31,2912279000,Assets,USD,2024-10-30,10-Q,2023-12-31,-496746000,NetCashProvidedByUsedInFinancingActivities,USD,2024-10-30,10-Q,2023-09-30,-49170000,NetCashProvidedByUsedInInvestingActivities,USD,2024-10-30,10-Q,2023-09-30,202983000,NetCashProvidedByUsedInOperatingActivities,USD,2024-10-30,10-Q,2023-09-30,through_ocf,True,,,-0.01814,0.250466,3.593538,-0.612948,-0.060672
2024Q4,2024-11-08,BLMN,1546417,"BLOOMIN’ BRANDS, INC.",$2B-$10B,,3477273000,RevenueFromContractWithCustomerExcludingAssessedTax,USD,2024-11-08,10-Q,2023-09-24,204116000,NetIncomeLoss,USD,2024-11-08,10-Q,2023-09-24,3424081000,Assets,USD,2024-11-08,10-Q,2023-12-31,-147505000,NetCashProvidedByUsedInFinancingActivities,USD,2024-11-08,10-Q,2023-09-24,-225535000,NetCashProvidedByUsedInInvestingActivities,USD,2024-11-08,10-Q,2023-09-24,373553000,NetCashProvidedByUsedInOperatingActivities,USD,2024-11-08,10-Q,2023-09-24,through_ocf,True,,,0.0587,0.107427,0.984703,-0.04242,-0.06486
2024Q4,2024-11-06,BMBL,1830043,Bumble Inc.,$500M-$1B,,502683000,RevenueFromContractWithCustomerExcludingAssessedTax,USD,2024-08-08,10-Q,2023-06-30,5142000,NetIncomeLoss,USD,2024-08-08,10-Q,2023-06-30,3625127000,Assets,USD,2024-08-08,10-Q,2023-12-31,-54700000,NetCashProvidedByUsedInFinancingActivities,USD,2024-08-08,10-Q,2023-06-30,-19087000,NetCashProvidedByUsedInInvestingActivities,USD,2024-08-08,10-Q,2023-06-30,56100000,NetCashProvidedByUsedInOperatingActivities,USD,2024-08-08,10-Q,2023-06-30,through_ocf,True,,,0.010229,0.111601,7.211557,-0.108816,-0.03797
2024Q4,2024-10-29,BMEA,1840439,"Biomea Fusion, Inc.",$1B-$2B,,1235000000,Revenues,USD,2022-11-07,10-Q,2022-09-30,-29051000,NetIncomeLoss,USD,2024-10-29,10-Q,2023-03-31,199927000,Assets,USD,2024-10-29,10-Q,2023-12-31,163176000,NetCashProvidedByUsedInFinancingActivities,USD,2024-10-29,10-Q,2023-09-30,-2212000,NetCashProvidedByUsedInInvestingActivities,USD,2024-10-29,10-Q,2023-09-30,-73755000,NetCashProvidedByUsedInOperatingActivities,USD,2024-10-29,10-Q,2023-09-30,through_ocf,True,,,-0.023523,-0.059721,0.161884,0.132126,-0.001791
2024Q4,2024-10-17,BMI,9092,"BADGER METER, INC.",$100M-$500M,,334959000,RevenueFromContractWithCustomerExcludingAssessedTax,USD,2024-07-22,10-Q,2023-06-30,41908000,NetIncomeLoss,USD,2024-07-22,10-Q,2023-06-30,716919000,Assets,USD,2024-07-22,10-Q,2023-12-31,-13159000,NetCashProvidedByUsedInFinancingActivities,USD,2024-07-22,10-Q,2023-06-30,-24062000,NetCashProvidedByUsedInInvestingActivities,USD,2024-07-22,10-Q,2023-06-30,40739000,NetCashProvidedByUsedInOperatingActivities,USD,2024-07-22,10-Q,2023-06-30,through_ocf,True,,,0.125114,0.121624,2.140319,-0.039285,-0.071836
2024Q4,2024-10-29,BMRN,1048477,BioMarin Pharmaceutical Inc,$1B-$2B,,1191690000,RevenueFromContractWithCustomerExcludingAssessedTax,USD,2024-08-05,10-Q,2023-06-30,106892000,NetIncomeLoss,USD,2024-08-05,10-Q,2023-06-30,6841603000,Assets,USD,2024-08-05,10-Q,2023-12-31,-28779000,NetCashProvidedByUsedInFinancingActivities,USD,2024-08-05,10-Q,2023-06-30,-482000,NetCashProvidedByUsedInInvestingActivities,USD,2024-08-05,10-Q,2023-06-30,-3870000,NetCashProvidedByUsedInOperatingActivities,USD,2024-08-05,10-Q,2023-06-30,through_ocf,True,,,0.089698,-0.003247,5.741093,-0.02415,-0.000404
2024Q4,2024-11-07,BNED,1634117,"BARNES & NOBLE EDUCATION, INC.",$100M-$500M,,264161000,Revenues,USD,2024-09-10,10-Q,2023-07-29,-50388000,NetIncomeLoss,USD,2024-09-10,10-Q,2023-07-29,1070817000,Assets,USD,2024-09-10,10-Q,2023-07-29,93176000,NetCashProvidedByUsedInFinancingActivities,USD,2024-09-10,10-Q,2023-07-29,17254000,NetCashProvidedByUsedInInvestingActivities,USD,2024-09-10,10-Q,2023-07-29,-123124000,NetCashProvidedByUsedInOperatingActivities,USD,2024-09-10,10-Q,2023-07-29,through_ocf,True,,,-0.190747,-0.466095,4.053653,0.352724,0.065316
2024Q4,2024-10-30,BNL,1424182,"BROADSTONE NET LEASE, INC.",$100M-$500M,,228345000,Revenues,USD,2024-07-31,10-Q,2023-06-30,99318000,NetIncomeLoss,USD,2024-07-31,10-Q,2023-06-30,5268735000,Assets,USD,2024-07-31,10-Q,2023-12-31,-191725000,NetCashProvidedByUsedInFinancingActivities,USD,2024-07-31,10-Q,2023-06-30,31346000,NetCashProvidedByUsedInInvestingActivities,USD,2024-07-31,10-Q,2023-06-30,136604000,NetCashProvidedByUsedInOperatingActivities,USD,2024-07-31,10-Q,2023-06-30,through_ocf,True,,,0.434947,0.598235,23.073573,-0.839629,0.137275
2024Q4,2024-10-28,BOOT,1610250,"Boot Barn Holdings, Inc.",$100M-$500M,,383695000,RevenueFromContractWithCustomerExcludingAssessedTax,USD,2024-08-08,10-Q,2023-07-01,34253000,NetIncomeLoss,USD,2024-08-08,10-Q,2023-07-01,1705592000,Assets,USD,2024-08-08,10-Q,2024-03-30,-42001000,NetCashProvidedByUsedInFinancingActivities,USD,2024-08-08,10-Q,2023-07-01,-29895000,NetCashProvidedByUsedInInvestingActivities,USD,2024-08-08,10-Q,2023-07-01,70802000,NetCashProvidedByUsedInOperatingActivities,USD,2024-08-08,10-Q,2023-07-01,through_ocf,True,,,0.089271,0.184527,4.445177,-0.109465,-0.077913
2024Q4,2024-12-03,BOX,1372612,"Box, Inc.",$500M-$1B,,513326000,RevenueFromContractWithCustomerExcludingAssessedTax,USD,2024-08-30,10-Q,2023-07-31,19141000,NetIncomeLoss,USD,2024-08-30,10-Q,2023-07-31,1241163000,Assets,USD,2024-08-30,10-Q,2024-01-31,-160057000,NetCashProvidedByUsedInFinancingActivities,USD,2024-08-30,10-Q,2023-07-31,-25059000,NetCashProvidedByUsedInInvestingActivities,USD,2024-08-30,10-Q,2023-07-31,157606000,NetCashProvidedByUsedInOperatingActivities,USD,2024-08-30,10-Q,2023-07-31,through_ocf,True,,,0.037288,0.307029,2.417885,-0.311804,-0.048817
2024Q4,2024-10-23,BPOP,763901,"POPULAR, INC.",$100M-$500M,,448734000,Revenues,USD,2013-02-28,10-K,2010-12-31,310139000,NetIncomeLoss,USD,2024-08-09,10-Q,2023-06-30,70838266000,Assets,USD,2024-08-09,10-Q,2023-06-30,2696946000,NetCashProvidedByUsedInFinancingActivities,USD,2024-08-09,10-Q,2023-06-30,-3041757000,NetCashProvidedByUsedInInvestingActivities,USD,2024-08-09,10-Q,2023-06-30,351352000,NetCashProvidedByUsedInOperatingActivities,USD,2024-08-09,10-Q,2023-06-30,through_ocf,True,,,0.691142,0.782985,157.862489,6.010122,-6.77853
2024Q4,2024-11-05,BR,1383312,"BROADRIDGE FINANCIAL SOLUTIONS, INC.",$1B-$2B,,1431100000,RevenueFromContractWithCustomerExcludingAssessedTax,USD,2024-11-05,10-Q,2023-09-30,90900000,NetIncomeLoss,USD,2024-11-05,10-Q,2023-09-30,8242400000,Assets,USD,2024-11-05,10-Q,2024-06-30,57300000,NetCashProvidedByUsedInFinancingActivities,USD,2024-11-05,10-Q,2023-09-30,-14400000,NetCashProvidedByUsedInInvestingActivities,USD,2024-11-05,10-Q,2023-09-30,-62000000,NetCashProvidedByUsedInOperatingActivities,USD,2024-11-05,10-Q,2023-09-30,through_ocf,True,,,0.063518,-0.043323,5.759486,0.040039,-0.010062
2024Q4,2024-11-05,BRKR,1109354,Bruker Corporation,$1B-$2B,,1367200000,RevenueFromContractWithCustomerExcludingAssessedTax,USD,2024-08-09,10-Q,2023-06-30,133600000,NetIncomeLoss,USD,2024-08-09,10-Q,2023-06-30,4249900000,Assets,USD,2024-08-09,10-Q,2023-12-31,-41000000,NetCashProvidedByUsedInFinancingActivities,USD,2024-08-09,10-Q,2023-06-30,-134200000,NetCashProvidedByUsedInInvestingActivities,USD,2024-08-09,10-Q,2023-06-30,100500000,NetCashProvidedByUsedInOperatingActivities,USD,2024-08-09,10-Q,2023-06-30,through_ocf,True,,,0.097718,0.073508,3.10847,-0.029988,-0.098157
2024Q4,2024-10-28,BRO,79282,"BROWN & BROWN, INC.",$2B-$10B,,3231000000,Revenues,USD,2024-10-28,10-Q,2023-09-30,602000000,NetIncomeLoss,USD,2024-10-28,10-Q,2023-09-30,13983000000,Assets,USD,2024-10-28,10-Q,2023-09-30,-275000000,NetCashProvidedByUsedInFinancingActivities,USD,2024-10-28,10-Q,2023-09-30,-193000000,NetCashProvidedByUsedInInvestingActivities,USD,2024-10-28,10-Q,2023-09-30,704000000,NetCashProvidedByUsedInOperatingActivities,USD,2024-10-28,10-Q,2023-09-30,through_ocf,True,,,0.18632,0.217889,4.327762,-0.085113,-0.059734
2024Q4,2024-10-29,BRSP,1717547,"BrightSpire Capital, Inc.",$100M-$500M,,209592000,Revenues,USD,2024-07-31,10-Q,2023-06-30,-11613000,NetIncomeLoss,USD,2024-07-31,10-Q,2023-06-30,4198254000,Assets,USD,2024-07-31,10-Q,2023-12-31,-356394000,NetCashProvidedByUsedInFinancingActivities,USD,2024-07-31,10-Q,2023-06-30,197876000,NetCashProvidedByUsedInInvestingActivities,USD,2024-07-31,10-Q,2023-06-30,62753000,NetCashProvidedByUsedInOperatingActivities,USD,2024-07-31,10-Q,2023-06-30,through_ocf,True,,,-0.055408,0.299406,20.030602,-1.700418,0.944101
2024Q4,2024-10-23,BSX,885725,BOSTON SCIENTIFIC CORPORATION,$2B-$10B,,6988000000,RevenueFromContractWithCustomerExcludingAssessedTax,USD,2024-08-01,10-Q,2023-06-30,584000000,ProfitLoss,USD,2024-08-01,10-Q,2023-06-30,35136000000,Assets,USD,2024-08-01,10-Q,2023-12-31,-26000000,NetCashProvidedByUsedInFinancingActivities,USD,2024-08-01,10-Q,2023-06-30,-1324000000,NetCashProvidedByUsedInInvestingActivities,USD,2024-08-01,10-Q,2023-06-30,848000000,NetCashProvidedByUsedInOperatingActivities,USD,2024-08-01,10-Q,2023-06-30,through_ocf,True,,,0.083572,0.121351,5.028048,-0.003721,-0.189468
2024Q4,2024-11-07,BSY,1031308,"BENTLEY SYSTEMS, INCORPORATED",$500M-$1B,,917772000,RevenueFromContractWithCustomerExcludingAssessedTax,USD,2024-11-07,10-Q,2023-09-30,147202000,NetIncomeLoss,USD,2024-11-07,10-Q,2023-09-30,3319850000,Assets,USD,2024-11-07,10-Q,2023-12-31,-280019000,NetCashProvidedByUsedInFinancingActivities,USD,2024-11-07,10-Q,2023-09-30,-51245000,NetCashProvidedByUsedInInvestingActivities,USD,2024-11-07,10-Q,2023-09-30,329643000,NetCashProvidedByUsedInOperatingActivities,USD,2024-11-07,10-Q,2023-09-30,through_ocf,True,,,0.160391,0.359177,3.617293,-0.305107,-0.055836
2024Q4,2024-11-01,BTSG,0001865782,"BrightSpring Health Services, Inc.",$2B-$10B,,6451631000,Revenues,USD,2024-11-01,10-Q,2023-09-30,-148066000,NetIncomeLoss,USD,2024-11-01,10-Q,2023-09-30,5532721000,Assets,USD,2024-11-01,10-Q,2023-12-31,67041000,NetCashProvidedByUsedInFinancingActivities,USD,2024-11-01,10-Q,2023-09-30,-117411000,NetCashProvidedByUsedInInvestingActivities,USD,2024-11-01,10-Q,2023-09-30,48383000,NetCashProvidedByUsedInOperatingActivities,USD,2024-11-01,10-Q,2023-09-30,through_ocf,True,,,-0.02295,0.007499,0.857569,0.010391,-0.018199
2024Q4,2024-11-01,BTSGU,0001865782,"BrightSpring Health Services, Inc.",$2B-$10B,,6451631000,Revenues,USD,2024-11-01,10-Q,2023-09-30,-148066000,NetIncomeLoss,USD,2024-11-01,10-Q,2023-09-30,5532721000,Assets,USD,2024-11-01,10-Q,2023-12-31,67041000,NetCashProvidedByUsedInFinancingActivities,USD,2024-11-01,10-Q,2023-09-30,-117411000,NetCashProvidedByUsedInInvestingActivities,USD,2024-11-01,10-Q,2023-09-30,48383000,NetCashProvidedByUsedInOperatingActivities,USD,2024-11-01,10-Q,2023-09-30,through_ocf,True,,,-0.02295,0.007499,0.857569,0.010391,-0.018199
2024Q4,2024-10-31,BTU,1064728,PEABODY ENERGY CORPORATION,$2B-$10B,,2632800000,Revenues,USD,2024-08-08,10-Q,2023-06-30,447700000,NetIncomeLoss,USD,2024-08-08,10-Q,2023-06-30,5962100000,Assets,USD,2024-08-08,10-Q,2023-12-31,-225400000,NetCashProvidedByUsedInFinancingActivities,USD,2024-08-08,10-Q,2023-06-30,-120000000,NetCashProvidedByUsedInInvestingActivities,USD,2024-08-08,10-Q,2023-06-30,739700000,NetCashProvidedByUsedInOperatingActivities,USD,2024-08-08,10-Q,2023-06-30,through_ocf,True,,,0.170047,0.280956,2.264547,-0.085612,-0.045579
2024Q4,2024-11-13,BV,1734713,"BrightView Holdings, Inc.",$1B-$2B,,1658864000,RevenueFromContractWithCustomerExcludingAssessedTax,USD,2018-08-09,10-Q,2017-06-30,14000000,NetIncomeLoss,USD,2024-11-13,10-K,2022-09-30,3352200000,Assets,USD,2024-11-13,10-K,2023-09-30,-16800000,NetCashProvidedByUsedInFinancingActivities,USD,2024-11-13,10-K,2022-09-30,-193700000,NetCashProvidedByUsedInInvestingActivities,USD,2024-11-13,10-K,2022-09-30,106900000,NetCashProvidedByUsedInOperatingActivities,USD,2024-11-13,10-K,2022-09-30,through_ocf,True,,,0.00844,0.064442,2.02078,-0.010127,-0.116767
2024Q4,2024-11-05,BVS,1665988,BIOVENTUS INC.,$100M-$500M,,376922000,RevenueFromContractWithCustomerExcludingAssessedTax,USD,2024-11-05,10-Q,2023-09-30,-150134000,NetIncomeLoss,USD,2024-11-05,10-Q,2023-09-30,810910000,Assets,USD,2024-11-05,10-Q,2023-12-31,-26639000,NetCashProvidedByUsedInFinancingActivities,USD,2024-11-05,10-Q,2023-09-30,16398000,NetCashProvidedByUsedInInvestingActivities,USD,2024-11-05,10-Q,2023-09-30,4970000,NetCashProvidedByUsedInOperatingActivities,USD,2024-11-05,10-Q,2023-09-30,through_ocf,True,,,-0.398316,0.013186,2.1514,-0.070675,0.043505
2024Q4,2024-11-04,BWIN,1781755,"The Baldwin Insurance Group, Inc.",$500M-$1B,,933907000,Revenues,USD,2024-11-04,10-Q,2023-09-30,-55658000,NetIncomeLoss,USD,2024-11-04,10-Q,2023-09-30,3501937000,Assets,USD,2024-11-04,10-Q,2023-12-31,-41928000,NetCashProvidedByUsedInFinancingActivities,USD,2024-11-04,10-Q,2023-09-30,-16948000,NetCashProvidedByUsedInInvestingActivities,USD,2024-11-04,10-Q,2023-09-30,22799000,NetCashProvidedByUsedInOperatingActivities,USD,2024-11-04,10-Q,2023-09-30,through_ocf,True,,,-0.059597,0.024412,3.749771,-0.044895,-0.018147
2024Q4,2024-11-04,BWXT,1486957,"BWX TECHNOLOGIES, INC.",$1B-$2B,,1770794000,RevenueFromContractWithCustomerExcludingAssessedTax,USD,2024-11-04,10-Q,2023-09-30,179962000,NetIncomeLoss,USD,2024-11-04,10-Q,2023-09-30,2747065000,Assets,USD,2024-11-04,10-Q,2023-12-31,-22191000,NetCashProvidedByUsedInFinancingActivities,USD,2024-11-04,10-Q,2023-09-30,-104987000,NetCashProvidedByUsedInInvestingActivities,USD,2024-11-04,10-Q,2023-09-30,141937000,NetCashProvidedByUsedInOperatingActivities,USD,2024-11-04,10-Q,2023-09-30,through_ocf,True,,,0.101628,0.080154,1.551318,-0.012532,-0.059288
2024Q4,2024-10-17,BX,1393818,Blackstone Inc.,$2B-$10B,,4196536000,Revenues,USD,2024-08-02,10-Q,2023-06-30,687086000,NetIncomeLoss,USD,2024-08-02,10-Q,2023-06-30,40287530000,Assets,USD,2024-08-02,10-Q,2023-12-31,-2941057000,NetCashProvidedByUsedInFinancingActivities,USD,2024-08-02,10-Q,2023-06-30,-135656000,NetCashProvidedByUsedInInvestingActivities,USD,2024-08-02,10-Q,2023-06-30,2078304000,NetCashProvidedByUsedInOperatingActivities,USD,2024-08-02,10-Q,2023-06-30,through_ocf,True,,,0.163727,0.495243,9.600187,-0.70083,-0.032326
2024Q4,2024-10-29,BXC,1301787,BlueLinx Holdings Inc.,$2B-$10B,,2423852000,RevenueFromContractWithCustomerExcludingAssessedTax,USD,2024-10-29,10-Q,2023-09-30,17812000,NetIncomeLoss,USD,2024-10-29,10-Q,2023-04-01,1537601000,Assets,USD,2024-10-29,10-Q,2023-12-30,-41137000,NetCashProvidedByUsedInFinancingActivities,USD,2024-10-29,10-Q,2023-09-30,-18747000,NetCashProvidedByUsedInInvestingActivities,USD,2024-10-29,10-Q,2023-09-30,230724000,NetCashProvidedByUsedInOperatingActivities,USD,2024-10-29,10-Q,2023-09-30,through_ocf,True,,,0.007349,0.095189,0.634363,-0.016972,-0.007734
2024Q4,2024-10-29,BXP,1037540,"BXP, INC.",$1B-$2B,,1620353000,Revenues,USD,2024-08-05,10-Q,2023-06-30,182215000,NetIncomeLoss,USD,2024-08-05,10-Q,2023-06-30,26026149000,Assets,USD,2024-08-05,10-Q,2023-12-31,833359000,NetCashProvidedByUsedInFinancingActivities,USD,2024-08-05,10-Q,2023-06-30,-554864000,NetCashProvidedByUsedInInvestingActivities,USD,2024-08-05,10-Q,2023-06-30,613183000,NetCashProvidedByUsedInOperatingActivities,USD,2024-08-05,10-Q,2023-06-30,through_ocf,True,,,0.112454,0.378426,16.062024,0.514307,-0.342434
2024Q4,2024-11-13,BZH,915840,"BEAZER HOMES USA, INC.",$2B-$10B,,2316988000,RevenueFromContractWithCustomerExcludingAssessedTax,USD,2024-11-13,10-K,2022-09-30,220704000,NetIncomeLoss,USD,2024-11-13,10-K,2022-09-30,2411033000,Assets,USD,2024-11-13,10-K,2023-09-30,-88680000,NetCashProvidedByUsedInFinancingActivities,USD,2024-11-13,10-K,2022-09-30,-14709000,NetCashProvidedByUsedInInvestingActivities,USD,2024-11-13,10-K,2022-09-30,81074000,NetCashProvidedByUsedInOperatingActivities,USD,2024-11-13,10-K,2022-09-30,through_ocf,True,,,0.095255,0.034991,1.040589,-0.038274,-0.006348
2024Q4,2024-11-07,CABO,1632127,"Cable One, Inc.",$500M-$1B,,807266000,SalesRevenueNet,USD,2018-03-01,10-K,2015-12-31,112672000,NetIncomeLoss,USD,2024-08-02,10-Q,2023-06-30,6846933000,Assets,USD,2024-08-02,10-Q,2023-12-31,-186237000,NetCashProvidedByUsedInFinancingActivities,USD,2024-08-02,10-Q,2023-06-30,-199530000,NetCashProvidedByUsedInInvestingActivities,USD,2024-08-02,10-Q,2023-06-30,331351000,NetCashProvidedByUsedInOperatingActivities,USD,2024-08-02,10-Q,2023-06-30,through_ocf,True,,,0.139572,0.410461,8.481632,-0.230701,-0.247168
2024Q4,2024-10-30,CACC,885550,CREDIT ACCEPTANCE CORP,$1B-$2B,,1410300000,Revenues,USD,2024-10-30,10-Q,2023-09-30,192500000,NetIncomeLoss,USD,2024-10-30,10-Q,2023-09-30,7610200000,Assets,USD,2024-10-30,10-Q,2023-12-31,199800000,NetCashProvidedByUsedInFinancingActivities,USD,2024-10-30,10-Q,2023-09-30,-1071900000,NetCashProvidedByUsedInInvestingActivities,USD,2024-10-30,10-Q,2023-09-30,892600000,NetCashProvidedByUsedInOperatingActivities,USD,2024-10-30,10-Q,2023-09-30,through_ocf,True,,,0.136496,0.632915,5.396157,0.141672,-0.760051
2024Q4,2024-10-02,CAG,23217,"CONAGRA BRANDS, INC.",$2B-$10B,,2904000000,RevenueFromContractWithCustomerExcludingAssessedTax,USD,2024-10-02,10-Q,2023-08-27,319700000,NetIncomeLoss,USD,2024-10-02,10-Q,2023-08-27,20862300000,Assets,USD,2024-10-02,10-Q,2024-05-26,-307100000,NetCashProvidedByUsedInFinancingActivities,USD,2024-10-02,10-Q,2023-08-27,-138400000,NetCashProvidedByUsedInInvestingActivities,USD,2024-10-02,10-Q,2023-08-27,443500000,NetCashProvidedByUsedInOperatingActivities,USD,2024-10-02,10-Q,2023-08-27,through_ocf,True,,,0.11009,0.15272,7.183988,-0.105751,-0.047658
2024Q4,2024-10-29,CAKE,887596,THE CHEESECAKE FACTORY INCORPORATED,$2B-$10B,,2100609000,SalesRevenueNet,USD,2018-02-28,10-K,2015-12-29,70725000,NetIncomeLoss,USD,2024-08-05,10-Q,2023-07-04,2840383000,Assets,USD,2024-08-05,10-Q,2024-01-02,-61687000,NetCashProvidedByUsedInFinancingActivities,USD,2024-08-05,10-Q,2023-07-04,-63208000,NetCashProvidedByUsedInInvestingActivities,USD,2024-08-05,10-Q,2023-07-04,101516000,NetCashProvidedByUsedInOperatingActivities,USD,2024-08-05,10-Q,2023-07-04,through_ocf,True,,,0.033669,0.048327,1.352171,-0.029366,-0.03009
2024Q4,2024-12-05,CAL,14707,"CALERES, INC.",$500M-$1B,,632142000,Revenues,USD,2019-06-13,10-Q,2018-05-05,68670000,NetIncomeLoss,USD,2024-09-12,10-Q,2023-07-29,1903960000,Assets,USD,2024-09-12,10-Q,2023-07-29,-94952000,NetCashProvidedByUsedInFinancingActivities,USD,2024-09-12,10-Q,2023-07-29,-16877000,NetCashProvidedByUsedInInvestingActivities,USD,2024-09-12,10-Q,2023-07-29,125176000,NetCashProvidedByUsedInOperatingActivities,USD,2024-09-12,10-Q,2023-07-29,through_ocf,True,,,0.108631,0.198019,3.011918,-0.150207,-0.026698
2024Q4,2024-10-01,CALM,16160,"Cal-Maine Foods, Inc.",$100M-$500M,,459344000,RevenueFromContractWithCustomerExcludingAssessedTax,USD,2024-10-01,10-Q,2023-09-02,926000,NetIncomeLoss,USD,2024-10-01,10-Q,2023-09-02,2184761000,Assets,USD,2024-10-01,10-Q,2024-06-01,-37046000,NetCashProvidedByUsedInFinancingActivities,USD,2024-10-01,10-Q,2023-09-02,80880000,NetCashProvidedByUsedInInvestingActivities,USD,2024-10-01,10-Q,2023-09-02,23685000,NetCashProvidedByUsedInOperatingActivities,USD,2024-10-01,10-Q,2023-09-02,through_ocf,True,,,0.002016,0.051563,4.756263,-0.08065,0.176077
2024Q4,2024-10-28,CALX,1406666,"Calix, Inc.",$500M-$1B,,511024000,RevenueFromContractWithCustomerExcludingAssessedTax,USD,2024-07-23,10-Q,2023-07-01,18971000,NetIncomeLoss,USD,2024-07-23,10-Q,2023-07-01,941865000,Assets,USD,2024-07-23,10-Q,2023-12-31,4196000,NetCashProvidedByUsedInFinancingActivities,USD,2024-07-23,10-Q,2023-07-01,-18772000,NetCashProvidedByUsedInInvestingActivities,USD,2024-07-23,10-Q,2023-07-01,25576000,NetCashProvidedByUsedInOperatingActivities,USD,2024-07-23,10-Q,2023-07-01,through_ocf,True,,,0.037124,0.050049,1.843093,0.008211,-0.036734
2024Q4,2024-11-12,CALY,837465,Callaway Golf Company,$2B-$10B,,3387700000,RevenueFromContractWithCustomerExcludingAssessedTax,USD,2024-11-12,10-Q,2023-09-30,172100000,NetIncomeLoss,USD,2024-11-12,10-Q,2023-09-30,9120600000,Assets,USD,2024-11-12,10-Q,2023-12-31,331400000,NetCashProvidedByUsedInFinancingActivities,USD,2024-11-12,10-Q,2023-09-30,-419900000,NetCashProvidedByUsedInInvestingActivities,USD,2024-11-12,10-Q,2023-09-30,227700000,NetCashProvidedByUsedInOperatingActivities,USD,2024-11-12,10-Q,2023-09-30,through_ocf,True,,,0.050801,0.067214,2.692269,0.097824,-0.123948
2024Q4,2024-10-31,CAR,723612,"Avis Budget Group, Inc.",$2B-$10B,,5680000000,Revenues,USD,2024-08-06,10-Q,2023-06-30,747000000,NetIncomeLoss,USD,2024-08-06,10-Q,2023-06-30,32569000000,Assets,USD,2024-08-06,10-Q,2023-12-31,3466000000,NetCashProvidedByUsedInFinancingActivities,USD,2024-08-06,10-Q,2023-06-30,-5214000000,NetCashProvidedByUsedInInvestingActivities,USD,2024-08-06,10-Q,2023-06-30,1782000000,NetCashProvidedByUsedInOperatingActivities,USD,2024-08-06,10-Q,2023-06-30,through_ocf,True,,,0.131514,0.313732,5.733979,0.610211,-0.917958
2024Q4,2024-11-07,CARG,1494259,"CARGURUS, INC.",$500M-$1B,,691119000,RevenueFromContractWithCustomerExcludingAssessedTax,USD,2024-11-07,10-Q,2023-09-30,16132000,NetIncomeLoss,USD,2024-11-07,10-Q,2023-03-31,918927000,Assets,USD,2024-11-07,10-Q,2023-12-31,-123686000,NetCashProvidedByUsedInFinancingActivities,USD,2024-11-07,10-Q,2023-09-30,-115017000,NetCashProvidedByUsedInInvestingActivities,USD,2024-11-07,10-Q,2023-09-30,122031000,NetCashProvidedByUsedInOperatingActivities,USD,2024-11-07,10-Q,2023-09-30,through_ocf,True,,,0.023342,0.17657,1.329622,-0.178965,-0.166421
2024Q4,2024-10-24,CARR,1783180,CARRIER GLOBAL CORPORATION,>$10B,,11265000000,RevenueFromContractWithCustomerExcludingAssessedTax,USD,2024-07-25,10-Q,2023-06-30,387000000,ProfitLoss,USD,2024-07-25,10-Q,2023-03-31,32822000000,Assets,USD,2024-07-25,10-Q,2023-12-31,-506000000,NetCashProvidedByUsedInFinancingActivities,USD,2024-07-25,10-Q,2023-06-30,-296000000,NetCashProvidedByUsedInInvestingActivities,USD,2024-07-25,10-Q,2023-06-30,504000000,NetCashProvidedByUsedInOperatingActivities,USD,2024-07-25,10-Q,2023-06-30,through_ocf,True,,,0.034354,0.04474,2.913626,-0.044918,-0.026276
2024Q4,2024-11-07,CARS,1683606,Cars.com Inc.,$500M-$1B,,509577000,RevenueFromContractWithCustomerExcludingAssessedTax,USD,2024-11-07,10-Q,2023-09-30,11479000,NetIncomeLoss,USD,2024-11-07,10-Q,2023-03-31,1172449000,Assets,USD,2024-11-07,10-Q,2023-12-31,-58635000,NetCashProvidedByUsedInFinancingActivities,USD,2024-11-07,10-Q,2023-09-30,-15575000,NetCashProvidedByUsedInInvestingActivities,USD,2024-11-07,10-Q,2023-09-30,91580000,NetCashProvidedByUsedInOperatingActivities,USD,2024-11-07,10-Q,2023-09-30,through_ocf,True,,,0.022527,0.179718,2.300828,-0.115066,-0.030565
2024Q4,2024-10-23,CASH,907471,"PATHWARD FINANCIAL, INC",$500M-$1B,,543475000,Revenues,USD,2024-08-06,10-Q,2023-06-30,127709000,NetIncomeLoss,USD,2024-08-06,10-Q,2023-06-30,7458625000,Assets,USD,2024-08-06,10-Q,2023-06-30,558616000,NetCashProvidedByUsedInFinancingActivities,USD,2024-08-06,10-Q,2023-06-30,-620974000,NetCashProvidedByUsedInInvestingActivities,USD,2024-08-06,10-Q,2023-06-30,188649000,NetCashProvidedByUsedInOperatingActivities,USD,2024-08-06,10-Q,2023-06-30,through_ocf,True,,,0.234986,0.347116,13.723952,1.02786,-1.142599
2024Q4,2024-11-12,CBL,910612,"CBL & ASSOCIATES PROPERTIES, INC.",$100M-$500M,,395577000,Revenues,USD,2024-11-12,10-Q,2023-09-30,-5267000,NetIncomeLoss,USD,2024-11-12,10-Q,2023-09-30,2405905000,Assets,USD,2024-11-12,10-Q,2023-12-31,-174527000,NetCashProvidedByUsedInFinancingActivities,USD,2024-11-12,10-Q,2023-09-30,18099000,NetCashProvidedByUsedInInvestingActivities,USD,2024-11-12,10-Q,2023-09-30,134155000,NetCashProvidedByUsedInOperatingActivities,USD,2024-11-12,10-Q,2023-09-30,through_ocf,True,,,-0.013315,0.339138,6.082014,-0.441196,0.045753
2024Q4,2024-11-01,CBOE,1374310,"Cboe Global Markets, Inc.",$500M-$1B,,663800000,Revenues,USD,2018-02-22,10-K,2015-12-31,173400000,ProfitLoss,USD,2024-11-01,10-Q,2023-03-31,7487500000,Assets,USD,2024-11-01,10-Q,2023-12-31,-513600000,NetCashProvidedByUsedInFinancingActivities,USD,2024-11-01,10-Q,2023-09-30,-16900000,NetCashProvidedByUsedInInvestingActivities,USD,2024-11-01,10-Q,2023-09-30,1264600000,NetCashProvidedByUsedInOperatingActivities,USD,2024-11-01,10-Q,2023-09-30,through_ocf,True,,,0.261223,1.905092,11.279753,-0.773727,-0.025459
2024Q4,2024-11-14,CBRL,1067294,"CRACKER BARREL OLD COUNTRY STORE, INC.",$2B-$10B,,3267786000,RevenueFromContractWithCustomerExcludingAssessedTax,USD,2024-09-27,10-K,2022-07-29,131880000,NetIncomeLoss,USD,2024-09-27,10-K,2022-07-29,2218094000,Assets,USD,2024-09-27,10-K,2023-07-28,-206242000,NetCashProvidedByUsedInFinancingActivities,USD,2024-09-27,10-K,2022-07-29,-98499000,NetCashProvidedByUsedInInvestingActivities,USD,2024-09-27,10-K,2022-07-29,205253000,NetCashProvidedByUsedInOperatingActivities,USD,2024-09-27,10-K,2022-07-29,through_ocf,True,,,0.040358,0.062811,0.678776,-0.063114,-0.030142
2024Q4,2024-11-04,CBT,16040,CABOT CORPORATION,$2B-$10B,,2966000000,Revenues,USD,2024-08-06,10-Q,2023-06-30,211000000,NetIncomeLoss,USD,2024-08-06,10-Q,2023-06-30,3604000000,Assets,USD,2024-08-06,10-Q,2023-09-30,-371000000,NetCashProvidedByUsedInFinancingActivities,USD,2024-08-06,10-Q,2023-06-30,-139000000,NetCashProvidedByUsedInInvestingActivities,USD,2024-08-06,10-Q,2023-06-30,457000000,NetCashProvidedByUsedInOperatingActivities,USD,2024-08-06,10-Q,2023-06-30,through_ocf,True,,,0.07114,0.15408,1.215105,-0.125084,-0.046864
2024Q4,2024-10-29,CBZ,944148,"CBIZ, INC.",$500M-$1B,,853108000,RevenueFromContractWithCustomerExcludingAssessedTax,USD,2024-08-01,10-Q,2023-06-30,100023000,NetIncomeLoss,USD,2024-08-01,10-Q,2023-06-30,2043592000,Assets,USD,2024-08-01,10-Q,2023-12-31,21793000,NetCashProvidedByUsedInFinancingActivities,USD,2024-08-01,10-Q,2023-06-30,-65617000,NetCashProvidedByUsedInInvestingActivities,USD,2024-08-01,10-Q,2023-06-30,29729000,NetCashProvidedByUsedInOperatingActivities,USD,2024-08-01,10-Q,2023-06-30,through_ocf,True,,,0.117245,0.034848,2.395467,0.025545,-0.076915
2024Q4,2024-11-04,CC,1627223,The Chemours Company,$2B-$10B,,4666000000,RevenueFromContractWithCustomerExcludingAssessedTax,USD,2024-11-04,10-Q,2023-09-30,-220000000,NetIncomeLoss,USD,2024-11-04,10-Q,2023-09-30,8251000000,Assets,USD,2024-11-04,10-Q,2023-12-31,177000000,NetCashProvidedByUsedInFinancingActivities,USD,2024-11-04,10-Q,2023-09-30,-99000000,NetCashProvidedByUsedInInvestingActivities,USD,2024-11-04,10-Q,2023-09-30,74000000,NetCashProvidedByUsedInOperatingActivities,USD,2024-11-04,10-Q,2023-09-30,through_ocf,True,,,-0.04715,0.015859,1.768324,0.037934,-0.021217
2024Q4,2024-10-04,CCC,1818201,CCC Intelligent Solutions Holdings Inc.,$100M-$500M,,416630000,Revenues,USD,2024-07-30,10-Q,2023-06-30,-95160000,NetIncomeLoss,USD,2024-07-30,10-Q,2023-06-30,3051040000,Assets,USD,2024-07-30,10-Q,2023-12-31,6614000,NetCashProvidedByUsedInFinancingActivities,USD,2024-07-30,10-Q,2023-06-30,-29084000,NetCashProvidedByUsedInInvestingActivities,USD,2024-07-30,10-Q,2023-06-30,102632000,NetCashProvidedByUsedInOperatingActivities,USD,2024-07-30,10-Q,2023-06-30,through_ocf,True,,,-0.228404,0.246338,7.32314,0.015875,-0.069808
2024Q4,2024-10-16,CCI,1051470,Crown Castle Inc.,$2B-$10B,,3640000000,Revenues,USD,2024-07-30,10-Q,2023-06-30,874000000,NetIncomeLoss,USD,2024-07-30,10-Q,2023-06-30,38527000000,Assets,USD,2024-07-30,10-Q,2023-12-31,-758000000,NetCashProvidedByUsedInFinancingActivities,USD,2024-07-30,10-Q,2023-06-30,-806000000,NetCashProvidedByUsedInInvestingActivities,USD,2024-07-30,10-Q,2023-06-30,1725000000,NetCashProvidedByUsedInOperatingActivities,USD,2024-07-30,10-Q,2023-06-30,through_ocf,True,,,0.24011,0.473901,10.584341,-0.208242,-0.221429
2024Q4,2024-12-20,CCL,815097,Carnival Corporation,>$10B,,16197000000,RevenueFromContractWithCustomerExcludingAssessedTax,USD,2024-09-30,10-Q,2023-08-31,-26000000,NetIncomeLoss,USD,2024-09-30,10-Q,2023-08-31,49120000000,Assets,USD,2024-09-30,10-Q,2023-11-30,-4229000000,NetCashProvidedByUsedInFinancingActivities,USD,2024-09-30,10-Q,2023-08-31,-2322000000,NetCashProvidedByUsedInInvestingActivities,USD,2024-09-30,10-Q,2023-08-31,3359000000,NetCashProvidedByUsedInOperatingActivities,USD,2024-09-30,10-Q,2023-08-31,through_ocf,True,,,-0.001605,0.207384,3.03266,-0.261098,-0.14336
2024Q4,2024-11-07,CCOI,1158324,"COGENT COMMUNICATIONS HOLDINGS, INC.",$100M-$500M,,359949000,SalesRevenueNet,USD,2018-11-01,10-Q,2017-09-30,1073288000,ProfitLoss,USD,2024-11-07,10-Q,2023-09-30,3211619000,Assets,USD,2024-11-07,10-Q,2023-12-31,-193116000,NetCashProvidedByUsedInFinancingActivities,USD,2024-11-07,10-Q,2023-09-30,16607000,NetCashProvidedByUsedInInvestingActivities,USD,2024-11-07,10-Q,2023-09-30,66043000,NetCashProvidedByUsedInOperatingActivities,USD,2024-11-07,10-Q,2023-09-30,through_ocf,True,,,2.981778,0.183479,8.922428,-0.536509,0.046137
2024Q4,2024-11-06,CCRN,1141103,"Cross Country Healthcare, Inc",$1B-$2B,,1163402000,RevenueFromContractWithCustomerExcludingAssessedTax,USD,2024-08-01,10-Q,2023-06-30,50781000,NetIncomeLoss,USD,2024-08-01,10-Q,2023-06-30,679317000,Assets,USD,2024-08-01,10-Q,2023-12-31,-161552000,NetCashProvidedByUsedInFinancingActivities,USD,2024-08-01,10-Q,2023-06-30,-7492000,NetCashProvidedByUsedInInvestingActivities,USD,2024-08-01,10-Q,2023-06-30,166113000,NetCashProvidedByUsedInOperatingActivities,USD,2024-08-01,10-Q,2023-06-30,through_ocf,True,,,0.043649,0.142782,0.583906,-0.138862,-0.00644
2024Q4,2024-10-23,CCS,1576940,"Century Communities, Inc.",$1B-$2B,,1597181000,Revenues,USD,2024-07-25,10-Q,2023-06-30,84756000,NetIncomeLoss,USD,2024-07-25,10-Q,2023-06-30,4139362000,Assets,USD,2024-07-25,10-Q,2023-12-31,-23371000,NetCashProvidedByUsedInFinancingActivities,USD,2024-07-25,10-Q,2023-06-30,-48605000,NetCashProvidedByUsedInInvestingActivities,USD,2024-07-25,10-Q,2023-06-30,132775000,NetCashProvidedByUsedInOperatingActivities,USD,2024-07-25,10-Q,2023-06-30,through_ocf,True,,,0.053066,0.083131,2.591667,-0.014633,-0.030432
2024Q4,2024-11-06,CDE,215466,"Coeur Mining, Inc.",$500M-$1B,,559116000,RevenueFromContractWithCustomerExcludingAssessedTax,USD,2024-11-06,10-Q,2023-09-30,-24586000,NetIncomeLoss,USD,2024-11-06,10-Q,2023-03-31,2080848000,Assets,USD,2024-11-06,10-Q,2023-12-31,206527000,NetCashProvidedByUsedInFinancingActivities,USD,2024-11-06,10-Q,2023-09-30,-217135000,NetCashProvidedByUsedInInvestingActivities,USD,2024-11-06,10-Q,2023-09-30,2011000,NetCashProvidedByUsedInOperatingActivities,USD,2024-11-06,10-Q,2023-09-30,through_ocf,True,,,-0.043973,0.003597,3.721675,0.369381,-0.388354
2024Q4,2024-10-28,CDNS,813672,"CADENCE DESIGN SYSTEMS, INC.",$1B-$2B,,1998269000,RevenueFromContractWithCustomerExcludingAssessedTax,USD,2024-07-24,10-Q,2023-06-30,462924000,NetIncomeLoss,USD,2024-07-24,10-Q,2023-06-30,5669491000,Assets,USD,2024-07-24,10-Q,2023-12-31,-551605000,NetCashProvidedByUsedInFinancingActivities,USD,2024-07-24,10-Q,2023-06-30,-129741000,NetCashProvidedByUsedInInvestingActivities,USD,2024-07-24,10-Q,2023-06-30,681171000,NetCashProvidedByUsedInOperatingActivities,USD,2024-07-24,10-Q,2023-06-30,through_ocf,True,,,0.231663,0.340881,2.837201,-0.276041,-0.064927
2024Q4,2024-10-28,CDP,860546,COPT DEFENSE PROPERTIES,$100M-$500M,,336697000,Revenues,USD,2024-08-01,10-Q,2023-06-30,112040000,ProfitLoss,USD,2024-08-01,10-Q,2023-06-30,4246346000,Assets,USD,2024-08-01,10-Q,2023-06-30,-124676000,NetCashProvidedByUsedInFinancingActivities,USD,2024-08-01,10-Q,2023-06-30,-16434000,NetCashProvidedByUsedInInvestingActivities,USD,2024-08-01,10-Q,2023-06-30,140913000,NetCashProvidedByUsedInOperatingActivities,USD,2024-08-01,10-Q,2023-06-30,through_ocf,True,,,0.332762,0.418516,12.611773,-0.370291,-0.048809
2024Q4,2024-11-06,CDRE,1860543,"CADRE HOLDINGS, INC.",$100M-$500M,,357949000,RevenueFromContractWithCustomerExcludingAssessedTax,USD,2024-11-06,10-Q,2023-09-30,7002000,NetIncomeLoss,USD,2024-11-06,10-Q,2023-03-31,431179000,Assets,USD,2024-11-06,10-Q,2023-12-31,-18184000,NetCashProvidedByUsedInFinancingActivities,USD,2024-11-06,10-Q,2023-09-30,-4042000,NetCashProvidedByUsedInInvestingActivities,USD,2024-11-06,10-Q,2023-09-30,46260000,NetCashProvidedByUsedInOperatingActivities,USD,2024-11-06,10-Q,2023-09-30,through_ocf,True,,,0.019561,0.129236,1.204582,-0.050801,-0.011292
2024Q4,2024-10-30,CDW,1402057,CDW CORP,>$10B,,16357500000,RevenueFromContractWithCustomerExcludingAssessedTax,USD,2024-10-30,10-Q,2023-09-30,808200000,NetIncomeLoss,USD,2024-10-30,10-Q,2023-09-30,13284600000,Assets,USD,2024-10-30,10-Q,2023-12-31,-739700000,NetCashProvidedByUsedInFinancingActivities,USD,2024-10-30,10-Q,2023-09-30,-195900000,NetCashProvidedByUsedInInvestingActivities,USD,2024-10-30,10-Q,2023-09-30,1062200000,NetCashProvidedByUsedInOperatingActivities,USD,2024-10-30,10-Q,2023-09-30,through_ocf,True,,,0.049409,0.064937,0.812141,-0.045221,-0.011976
2024Q4,2024-10-29,CECO,3197,CECO ENVIRONMENTAL CORP.,$500M-$1B,,750000000,Revenues,EUR,2024-10-29,10-Q,2024-09-30,9032000,NetIncomeLoss,USD,2024-10-29,10-Q,2023-09-30,600291000,Assets,USD,2024-10-29,10-Q,2023-12-31,25170000,NetCashProvidedByUsedInFinancingActivities,USD,2024-10-29,10-Q,2023-09-30,-53613000,NetCashProvidedByUsedInInvestingActivities,USD,2024-10-29,10-Q,2023-09-30,29491000,NetCashProvidedByUsedInOperatingActivities,USD,2024-10-29,10-Q,2023-09-30,through_ocf,True,,,0.012043,0.039321,0.800388,0.03356,-0.071484
2024Q4,2024-11-06,CELH,1341766,"CELSIUS HOLDINGS, INC.",$500M-$1B,,970579000,RevenueFromContractWithCustomerExcludingAssessedTax,USD,2024-11-06,10-Q,2023-09-30,176685000,NetIncomeLoss,USD,2024-11-06,10-Q,2023-09-30,1536396000,Assets,USD,2024-11-06,10-Q,2023-12-31,-18942000,NetCashProvidedByUsedInFinancingActivities,USD,2024-11-06,10-Q,2023-09-30,-9454000,NetCashProvidedByUsedInInvestingActivities,USD,2024-11-06,10-Q,2023-09-30,136046000,NetCashProvidedByUsedInOperatingActivities,USD,2024-11-06,10-Q,2023-09-30,through_ocf,True,,,0.182041,0.14017,1.582969,-0.019516,-0.009741
2024Q4,2024-11-04,CENX,949157,CENTURY ALUMINUM COMPANY,$1B-$2B,,1127900000,RevenueFromContractWithCustomerExcludingAssessedTax,USD,2024-08-08,10-Q,2023-06-30,-31100000,NetIncomeLoss,USD,2024-08-08,10-Q,2023-06-30,1846500000,Assets,USD,2024-08-08,10-Q,2023-12-31,25100000,NetCashProvidedByUsedInFinancingActivities,USD,2024-08-08,10-Q,2023-06-30,-17200000,NetCashProvidedByUsedInInvestingActivities,USD,2024-08-08,10-Q,2023-06-30,-1900000,NetCashProvidedByUsedInOperatingActivities,USD,2024-08-08,10-Q,2023-06-30,through_ocf,True,,,-0.027573,-0.001685,1.637113,0.022254,-0.01525
2024Q4,2024-10-30,CF,1324404,"CF Industries Holdings, Inc.",$2B-$10B,,3787000000,Revenues,USD,2024-08-08,10-Q,2023-06-30,1256000000,ProfitLoss,USD,2024-08-08,10-Q,2023-06-30,14376000000,Assets,USD,2024-08-08,10-Q,2023-12-31,-639000000,NetCashProvidedByUsedInFinancingActivities,USD,2024-08-08,10-Q,2023-06-30,-127000000,NetCashProvidedByUsedInInvestingActivities,USD,2024-08-08,10-Q,2023-06-30,1659000000,NetCashProvidedByUsedInOperatingActivities,USD,2024-08-08,10-Q,2023-06-30,through_ocf,True,,,0.331661,0.438078,3.796145,-0.168735,-0.033536
2024Q4,2024-10-16,CFG,759944,CITIZENS FINANCIAL GROUP INC/RI,$2B-$10B,,4222000000,Revenues,USD,2024-08-06,10-Q,2023-06-30,989000000,NetIncomeLoss,USD,2024-08-06,10-Q,2023-06-30,221964000000,Assets,USD,2024-08-06,10-Q,2023-12-31,-4897000000,NetCashProvidedByUsedInFinancingActivities,USD,2024-08-06,10-Q,2023-06-30,4641000000,NetCashProvidedByUsedInInvestingActivities,USD,2024-08-06,10-Q,2023-06-30,1276000000,NetCashProvidedByUsedInOperatingActivities,USD,2024-08-06,10-Q,2023-06-30,through_ocf,True,,,0.234249,0.302226,52.573188,-1.159877,1.099242
2024Q4,2024-10-30,CFLT,1699838,"CONFLUENT, INC.",$500M-$1B,,563768000,RevenueFromContractWithCustomerExcludingAssessedTax,USD,2024-10-30,10-Q,2023-09-30,-348650000,NetIncomeLoss,USD,2024-10-30,10-Q,2023-09-30,2460809000,Assets,USD,2024-10-30,10-Q,2023-12-31,91398000,NetCashProvidedByUsedInFinancingActivities,USD,2024-10-30,10-Q,2023-09-30,-92943000,NetCashProvidedByUsedInInvestingActivities,USD,2024-10-30,10-Q,2023-09-30,-115892000,NetCashProvidedByUsedInOperatingActivities,USD,2024-10-30,10-Q,2023-09-30,through_ocf,True,,,-0.618428,-0.205567,4.364932,0.16212,-0.16486
2024Q4,2024-10-30,CGNX,851205,Cognex Corporation,$100M-$500M,,443636000,RevenueFromContractWithCustomerExcludingAssessedTax,USD,2024-08-01,10-Q,2023-07-02,83089000,NetIncomeLoss,USD,2024-08-01,10-Q,2023-07-02,2017812000,Assets,USD,2024-08-01,10-Q,2023-12-31,-70668000,NetCashProvidedByUsedInFinancingActivities,USD,2024-08-01,10-Q,2023-07-02,11494000,NetCashProvidedByUsedInInvestingActivities,USD,2024-08-01,10-Q,2023-07-02,57402000,NetCashProvidedByUsedInOperatingActivities,USD,2024-08-01,10-Q,2023-07-02,through_ocf,True,,,0.187291,0.12939,4.54835,-0.159293,0.025909
2024Q4,2024-11-01,CHD,313927,"CHURCH & DWIGHT CO., INC.",$2B-$10B,,4339900000,RevenueFromContractWithCustomerExcludingAssessedTax,USD,2024-11-01,10-Q,2023-09-30,203200000,NetIncomeLoss,USD,2024-11-01,10-Q,2023-03-31,8569200000,Assets,USD,2024-11-01,10-Q,2023-12-31,-363000000,NetCashProvidedByUsedInFinancingActivities,USD,2024-11-01,10-Q,2023-09-30,-128400000,NetCashProvidedByUsedInInvestingActivities,USD,2024-11-01,10-Q,2023-09-30,795100000,NetCashProvidedByUsedInOperatingActivities,USD,2024-11-01,10-Q,2023-09-30,through_ocf,True,,,0.046821,0.183207,1.974516,-0.083642,-0.029586
2024Q4,2024-10-23,CHDN,20212,Churchill Downs Inc,$1B-$2B,,1900500000,RevenueFromContractWithCustomerExcludingAssessedTax,USD,2024-10-23,10-Q,2023-09-30,155700000,NetIncomeLoss,USD,2024-10-23,10-Q,2023-03-31,6955500000,Assets,USD,2024-10-23,10-Q,2023-12-31,38700000,NetCashProvidedByUsedInFinancingActivities,USD,2024-10-23,10-Q,2023-09-30,-549500000,NetCashProvidedByUsedInInvestingActivities,USD,2024-10-23,10-Q,2023-09-30,215900000,NetCashProvidedByUsedInOperatingActivities,USD,2024-04-24,10-Q,2023-03-31,through_ocf,True,,,0.081926,0.113602,3.659826,0.020363,-0.289134
2024Q4,2024-11-06,CHRD,1486159,Chord Energy Corporation,$1B-$2B,,1808588000,RevenueFromContractWithCustomerExcludingAssessedTax,USD,2024-08-08,10-Q,2023-06-30,513070000,NetIncomeLoss,USD,2024-08-08,10-Q,2023-06-30,6926150000,Assets,USD,2024-08-08,10-Q,2023-12-31,-397122000,NetCashProvidedByUsedInFinancingActivities,USD,2024-08-08,10-Q,2023-06-30,-858289000,NetCashProvidedByUsedInInvestingActivities,USD,2024-08-08,10-Q,2023-06-30,877047000,NetCashProvidedByUsedInOperatingActivities,USD,2024-08-08,10-Q,2023-06-30,through_ocf,True,,,0.283685,0.484935,3.82959,-0.219576,-0.474563
2024Q4,2024-10-30,CHRW,1043277,"C.H. ROBINSON WORLDWIDE, INC.",$2B-$10B,,9033526000,RevenueFromContractWithCustomerExcludingAssessedTax,USD,2024-08-02,10-Q,2023-06-30,114891000,NetIncomeLoss,USD,2024-08-02,10-Q,2023-03-31,5405261000,Assets,USD,2024-08-02,10-Q,2023-06-30,-432118000,NetCashProvidedByUsedInFinancingActivities,USD,2024-08-02,10-Q,2023-06-30,-51301000,NetCashProvidedByUsedInInvestingActivities,USD,2024-08-02,10-Q,2023-06-30,479376000,NetCashProvidedByUsedInOperatingActivities,USD,2024-08-02,10-Q,2023-06-30,through_ocf,True,,,0.012718,0.053066,0.598356,-0.047835,-0.005679
2024Q4,2024-12-12,CIEN,936395,Ciena Corp,$2B-$10B,,3257062000,Revenues,USD,2024-09-04,10-Q,2023-07-29,163628000,NetIncomeLoss,USD,2024-09-04,10-Q,2023-07-29,5601495000,Assets,USD,2024-09-04,10-Q,2023-10-28,426546000,NetCashProvidedByUsedInFinancingActivities,USD,2024-09-04,10-Q,2023-07-29,-285336000,NetCashProvidedByUsedInInvestingActivities,USD,2024-09-04,10-Q,2023-07-29,-27140000,NetCashProvidedByUsedInOperatingActivities,USD,2024-09-04,10-Q,2023-07-29,through_ocf,True,,,0.050238,-0.008333,1.7198,0.13096,-0.087605
2024Q4,2024-10-24,CINF,20286,Cincinnati Financial Corporation,$2B-$10B,,6657000000,Revenues,USD,2024-10-24,10-Q,2023-09-30,660000000,NetIncomeLoss,USD,2024-10-24,10-Q,2023-09-30,32769000000,Assets,USD,2024-10-24,10-Q,2023-12-31,-602000000,NetCashProvidedByUsedInFinancingActivities,USD,2024-10-24,10-Q,2023-09-30,-1238000000,NetCashProvidedByUsedInInvestingActivities,USD,2024-10-24,10-Q,2023-09-30,1475000000,NetCashProvidedByUsedInOperatingActivities,USD,2024-10-24,10-Q,2023-09-30,through_ocf,True,,,0.099144,0.221571,4.922488,-0.090431,-0.18597
2024Q4,2024-10-23,CLB,0001958086,CORE LABORATORIES INC.,$100M-$500M,,256237000,RevenueFromContractWithCustomerExcludingAssessedTax,USD,2024-07-25,10-Q,2023-06-30,25219000,NetIncomeLoss,USD,2024-07-25,10-Q,2023-06-30,601848000,Assets,USD,2024-07-25,10-Q,2023-06-30,6022000,NetCashProvidedByUsedInFinancingActivities,USD,2024-07-25,10-Q,2023-06-30,-818000,NetCashProvidedByUsedInInvestingActivities,USD,2024-07-25,10-Q,2023-06-30,5572000,NetCashProvidedByUsedInOperatingActivities,USD,2024-07-25,10-Q,2023-06-30,through_ocf,True,,,0.098421,0.021745,2.348794,0.023502,-0.003192
2024Q4,2024-11-06,CLNE,1368265,CLEAN ENERGY FUELS CORP.,$100M-$500M,,318302000,RevenueFromContractWithCustomerExcludingAssessedTax,USD,2024-11-06,10-Q,2023-09-30,-80810000,NetIncomeLoss,USD,2024-11-06,10-Q,2023-09-30,1259458000,Assets,USD,2024-11-06,10-Q,2023-12-31,-3028000,NetCashProvidedByUsedInFinancingActivities,USD,2024-11-06,10-Q,2023-09-30,-96732000,NetCashProvidedByUsedInInvestingActivities,USD,2024-11-06,10-Q,2023-09-30,783000,NetCashProvidedByUsedInOperatingActivities,USD,2024-11-06,10-Q,2023-09-30,through_ocf,True,,,-0.253878,0.00246,3.956802,-0.009513,-0.3039
2024Q4,2024-11-04,CLW,1441236,CLEARWATER PAPER CORPORATION,$500M-$1B,,867400000,Revenues,USD,2024-11-04,10-Q,2023-09-30,23800000,NetIncomeLoss,USD,2024-11-04,10-Q,2023-03-31,1671800000,Assets,USD,2024-11-04,10-Q,2023-12-31,-20700000,NetCashProvidedByUsedInFinancingActivities,USD,2024-11-04,10-Q,2023-09-30,-48500000,NetCashProvidedByUsedInInvestingActivities,USD,2024-11-04,10-Q,2023-09-30,125000000,NetCashProvidedByUsedInOperatingActivities,USD,2024-11-04,10-Q,2023-09-30,through_ocf,True,,,0.027438,0.144109,1.927369,-0.023864,-0.055914
2024Q4,2024-10-30,CLX,21076,THE CLOROX COMPANY,$1B-$2B,,1386000000,RevenueFromContractWithCustomerExcludingAssessedTax,USD,2024-10-30,10-Q,2023-09-30,22000000,NetIncomeLoss,USD,2024-10-30,10-Q,2023-09-30,5751000000,Assets,USD,2024-10-30,10-Q,2024-06-30,155000000,NetCashProvidedByUsedInFinancingActivities,USD,2024-10-30,10-Q,2023-09-30,-23000000,NetCashProvidedByUsedInInvestingActivities,USD,2024-10-30,10-Q,2023-09-30,20000000,NetCashProvidedByUsedInOperatingActivities,USD,2024-10-30,10-Q,2023-09-30,through_ocf,True,,,0.015873,0.01443,4.149351,0.111833,-0.016595
2024Q4,2024-10-30,CMCO,1005229,COLUMBUS MCKINNON CORPORATION,$100M-$500M,,493892000,RevenueFromContractWithCustomerExcludingAssessedTax,USD,2024-10-30,10-Q,2023-09-30,9275000,NetIncomeLoss,USD,2024-10-30,10-Q,2023-06-30,1825945000,Assets,USD,2024-10-30,10-Q,2024-03-31,85794000,NetCashProvidedByUsedInFinancingActivities,USD,2024-10-30,10-Q,2023-09-30,-119029000,NetCashProvidedByUsedInInvestingActivities,USD,2024-10-30,10-Q,2023-09-30,-558000,NetCashProvidedByUsedInOperatingActivities,USD,2024-10-30,10-Q,2023-09-30,through_ocf,True,,,0.018779,-0.00113,3.697053,0.17371,-0.241002
2024Q4,2024-10-23,CME,1156375,CME GROUP INC.,$2B-$10B,,2801800000,Revenues,USD,2024-08-05,10-Q,2023-06-30,1661400000,ProfitLoss,USD,2024-08-05,10-Q,2023-06-30,129706100000,Assets,USD,2024-08-05,10-Q,2023-12-31,-24461000000,NetCashProvidedByUsedInFinancingActivities,USD,2024-08-05,10-Q,2023-06-30,60800000,NetCashProvidedByUsedInInvestingActivities,USD,2024-08-05,10-Q,2023-06-30,1552800000,NetCashProvidedByUsedInOperatingActivities,USD,2024-08-05,10-Q,2023-06-30,through_ocf,True,,,0.592976,0.554215,46.293847,-8.730459,0.0217
2024Q4,2024-10-29,CMG,1058090,"CHIPOTLE MEXICAN GRILL, INC.",$2B-$10B,,4883381000,Revenues,USD,2024-07-25,10-Q,2023-06-30,291644000,NetIncomeLoss,USD,2024-07-25,10-Q,2023-03-31,8044362000,Assets,USD,2024-07-25,10-Q,2023-12-31,-289113000,NetCashProvidedByUsedInFinancingActivities,USD,2024-07-25,10-Q,2023-06-30,-627692000,NetCashProvidedByUsedInInvestingActivities,USD,2024-07-25,10-Q,2023-06-30,1037546000,NetCashProvidedByUsedInOperatingActivities,USD,2024-07-25,10-Q,2023-06-30,through_ocf,True,,,0.059722,0.212465,1.647294,-0.059203,-0.128536
2024Q4,2024-11-05,CMI,26172,CUMMINS INC.,>$10B,,25522000000,Revenues,USD,2024-11-05,10-Q,2023-09-30,2233000000,ProfitLoss,USD,2024-11-05,10-Q,2023-09-30,32005000000,Assets,USD,2024-11-05,10-Q,2023-12-31,-1069000000,NetCashProvidedByUsedInFinancingActivities,USD,2024-11-05,10-Q,2023-09-30,-860000000,NetCashProvidedByUsedInInvestingActivities,USD,2024-11-05,10-Q,2023-09-30,2507000000,NetCashProvidedByUsedInOperatingActivities,USD,2024-11-05,10-Q,2023-09-30,through_ocf,True,,,0.087493,0.098229,1.254016,-0.041885,-0.033696
2024Q4,2024-10-30,CMP,1227654,"Compass Minerals International, Inc.",$500M-$1B,,971100000,RevenueFromContractWithCustomerExcludingAssessedTax,USD,2024-10-30,10-Q,2023-06-30,14500000,NetIncomeLoss,USD,2024-10-30,10-Q,2023-06-30,1816900000,Assets,USD,2024-10-30,10-Q,2023-09-30,-10100000,NetCashProvidedByUsedInFinancingActivities,USD,2024-10-30,10-Q,2023-06-30,-105900000,NetCashProvidedByUsedInInvestingActivities,USD,2024-10-30,10-Q,2023-06-30,126900000,NetCashProvidedByUsedInOperatingActivities,USD,2024-10-30,10-Q,2023-06-30,through_ocf,True,,,0.014932,0.130677,1.870971,-0.010401,-0.109052
2024Q4,2024-10-31,CMS,811156,CMS ENERGY CORPORATION,$2B-$10B,,5512000000,Revenues,USD,2024-10-31,10-Q,2023-09-30,578000000,NetIncomeLoss,USD,2024-10-31,10-Q,2023-09-30,33517000000,Assets,USD,2024-10-31,10-Q,2023-12-31,835000000,NetCashProvidedByUsedInFinancingActivities,USD,2024-10-31,10-Q,2023-09-30,-2737000000,NetCashProvidedByUsedInInvestingActivities,USD,2024-10-31,10-Q,2023-09-30,1904000000,NetCashProvidedByUsedInOperatingActivities,USD,2024-10-31,10-Q,2023-09-30,through_ocf,True,,,0.104862,0.345428,6.080733,0.151488,-0.496553
2024Q4,2024-11-06,CNDT,1677703,CONDUENT INC,$2B-$10B,,2769000000,Revenues,USD,2024-11-06,10-Q,2023-09-30,-302000000,ProfitLoss,USD,2024-11-06,10-Q,2023-09-30,3162000000,Assets,USD,2024-11-06,10-Q,2023-12-31,-48000000,NetCashProvidedByUsedInFinancingActivities,USD,2024-11-06,10-Q,2023-09-30,-64000000,NetCashProvidedByUsedInInvestingActivities,USD,2024-11-06,10-Q,2023-09-30,-33000000,NetCashProvidedByUsedInOperatingActivities,USD,2024-11-06,10-Q,2023-09-30,through_ocf,True,,,-0.109065,-0.011918,1.141928,-0.017335,-0.023113
2024Q4,2024-10-31,CNK,1385280,"Cinemark Holdings, Inc.",$2B-$10B,,2427800000,RevenueFromContractWithCustomerExcludingAssessedTax,USD,2024-10-31,10-Q,2023-09-30,206200000,NetIncomeLoss,USD,2024-10-31,10-Q,2023-09-30,5230600000,Assets,USD,2022-11-04,10-Q,2021-12-31,-12900000,NetCashProvidedByUsedInFinancingActivities,USD,2022-11-04,10-Q,2021-09-30,-55000000,NetCashProvidedByUsedInInvestingActivities,USD,2022-11-04,10-Q,2021-09-30,-42200000,NetCashProvidedByUsedInOperatingActivities,USD,2022-11-04,10-Q,2021-09-30,through_ocf,True,,,0.084933,-0.017382,2.154461,-0.005313,-0.022654
2024Q4,2024-10-04,CNMD,816956,CONMED CORPORATION,$500M-$1B,,613121000,Revenues,USD,2024-08-01,10-Q,2023-06-30,15551000,NetIncomeLoss,USD,2024-08-01,10-Q,2023-06-30,2300021000,Assets,USD,2024-08-01,10-Q,2023-12-31,-14437000,NetCashProvidedByUsedInFinancingActivities,USD,2024-08-01,10-Q,2023-06-30,-9783000,NetCashProvidedByUsedInInvestingActivities,USD,2024-08-01,10-Q,2023-06-30,22826000,NetCashProvidedByUsedInOperatingActivities,USD,2024-08-01,10-Q,2023-06-30,through_ocf,True,,,0.025364,0.037229,3.751333,-0.023547,-0.015956
2024Q4,2024-11-12,CNNE,1704720,"CANNAE HOLDINGS, INC.",$100M-$500M,,338700000,Revenues,USD,2024-11-12,10-Q,2023-09-30,-248600000,NetIncomeLoss,USD,2024-11-12,10-Q,2023-09-30,2768400000,Assets,USD,2024-11-12,10-Q,2023-09-30,-101500000,NetCashProvidedByUsedInFinancingActivities,USD,2024-11-12,10-Q,2023-09-30,-33600000,NetCashProvidedByUsedInInvestingActivities,USD,2024-11-12,10-Q,2023-09-30,-54500000,NetCashProvidedByUsedInOperatingActivities,USD,2024-11-12,10-Q,2023-09-30,through_ocf,True,,,-0.733983,-0.160909,8.173605,-0.299675,-0.099203
2024Q4,2024-10-31,CNO,1224608,"CNO Financial Group, Inc.",$2B-$10B,,2028800000,Revenues,USD,2024-08-09,10-Q,2023-06-30,72900000,NetIncomeLoss,USD,2024-08-09,10-Q,2023-06-30,35102500000,Assets,USD,2024-08-09,10-Q,2023-12-31,245500000,NetCashProvidedByUsedInFinancingActivities,USD,2024-08-09,10-Q,2023-06-30,-551900000,NetCashProvidedByUsedInInvestingActivities,USD,2024-08-09,10-Q,2023-06-30,223400000,NetCashProvidedByUsedInOperatingActivities,USD,2024-08-09,10-Q,2023-06-30,through_ocf,True,,,0.035933,0.110114,17.3021,0.121007,-0.272033
2024Q4,2024-10-28,CNP,1130310,"CenterPoint Energy, Inc.",$2B-$10B,,6514000000,Revenues,USD,2024-10-28,10-Q,2023-09-30,725000000,NetIncomeLoss,USD,2024-10-28,10-Q,2023-09-30,39715000000,Assets,USD,2024-10-28,10-Q,2023-12-31,168000000,NetCashProvidedByUsedInFinancingActivities,USD,2024-10-28,10-Q,2023-09-30,-3190000000,NetCashProvidedByUsedInInvestingActivities,USD,2024-10-28,10-Q,2023-09-30,3069000000,NetCashProvidedByUsedInOperatingActivities,USD,2024-10-28,10-Q,2023-09-30,through_ocf,True,,,0.111299,0.471139,6.096868,0.025791,-0.489714
2024Q4,2024-11-05,CNR,1710366,"Core Natural Resources, Inc.",$1B-$2B,,1919438000,Revenues,USD,2024-11-05,10-Q,2023-09-30,230377000,NetIncomeLoss,USD,2024-11-05,10-Q,2023-03-31,2659515000,Assets,USD,2024-11-05,10-Q,2023-09-30,-554053000,NetCashProvidedByUsedInFinancingActivities,USD,2024-11-05,10-Q,2023-09-30,-195723000,NetCashProvidedByUsedInInvestingActivities,USD,2024-11-05,10-Q,2023-09-30,638818000,NetCashProvidedByUsedInOperatingActivities,USD,2024-11-05,10-Q,2023-09-30,through_ocf,True,,,0.120023,0.332815,1.38557,-0.288654,-0.101969
2024Q4,2024-11-04,CNTY,911147,"CENTURY CASINOS, INC.",$100M-$500M,,406448000,RevenueFromContractWithCustomerExcludingAssessedTax,USD,2024-11-04,10-Q,2023-09-30,-17377000,NetIncomeLoss,USD,2024-11-04,10-Q,2023-09-30,1359662000,Assets,USD,2024-11-04,10-Q,2023-12-31,147933000,NetCashProvidedByUsedInFinancingActivities,USD,2024-11-04,10-Q,2023-09-30,-189370000,NetCashProvidedByUsedInInvestingActivities,USD,2024-11-04,10-Q,2023-09-30,27990000,NetCashProvidedByUsedInOperatingActivities,USD,2024-11-04,10-Q,2023-09-30,through_ocf,True,,,-0.042753,0.068865,3.34523,0.363965,-0.465914
2024Q4,2024-10-24,CNX,1070412,CNX Resources Corporation,$2B-$10B,,2466181000,Revenues,USD,2024-10-24,10-Q,2023-09-30,1206731000,NetIncomeLoss,USD,2024-10-24,10-Q,2023-09-30,8492637000,Assets,USD,2024-10-24,10-Q,2023-09-30,-256407000,NetCashProvidedByUsedInFinancingActivities,USD,2024-10-24,10-Q,2023-09-30,-409718000,NetCashProvidedByUsedInInvestingActivities,USD,2024-10-24,10-Q,2023-09-30,653457000,NetCashProvidedByUsedInOperatingActivities,USD,2024-10-24,10-Q,2023-09-30,through_ocf,True,,,0.489312,0.264967,3.443639,-0.103969,-0.166135
2024Q4,2024-10-30,CNXN,1050377,"PC CONNECTION, INC.",$2B-$10B,,2154178000,RevenueFromContractWithCustomerExcludingAssessedTax,USD,2024-10-30,10-Q,2023-09-30,59493000,NetIncomeLoss,USD,2024-10-30,10-Q,2023-09-30,1181427000,Assets,USD,2024-10-30,10-Q,2023-09-30,-12032000,NetCashProvidedByUsedInFinancingActivities,USD,2024-10-30,10-Q,2023-09-30,-56054000,NetCashProvidedByUsedInInvestingActivities,USD,2024-10-30,10-Q,2023-09-30,185665000,NetCashProvidedByUsedInOperatingActivities,USD,2024-10-30,10-Q,2023-09-30,through_ocf,True,,,0.027617,0.086188,0.548435,-0.005585,-0.026021
2024Q4,2024-10-30,COCO,1482981,"The Vita Coco Company, Inc.",$100M-$500M,,241127000,Revenues,USD,2021-11-17,10-Q,2020-09-30,39856000,NetIncomeLoss,USD,2024-10-30,10-Q,2023-09-30,285682000,Assets,USD,2024-10-30,10-Q,2023-12-31,5897000,NetCashProvidedByUsedInFinancingActivities,USD,2024-10-30,10-Q,2023-09-30,-528000,NetCashProvidedByUsedInInvestingActivities,USD,2024-10-30,10-Q,2023-09-30,70003000,NetCashProvidedByUsedInOperatingActivities,USD,2024-10-30,10-Q,2023-09-30,through_ocf,True,,,0.16529,0.290316,1.184778,0.024456,-0.00219
2024Q4,2024-10-30,CODI,1345126,COMPASS DIVERSIFIED HOLDINGS,$1B-$2B,,1491887000,RevenueFromContractWithCustomerExcludingAssessedTax,USD,2024-10-30,10-Q,2023-09-30,108849000,NetIncomeLoss,USD,2024-10-30,10-Q,2023-09-30,3816981000,Assets,USD,2024-10-30,10-Q,2023-12-31,-157927000,NetCashProvidedByUsedInFinancingActivities,USD,2024-10-30,10-Q,2023-09-30,104291000,NetCashProvidedByUsedInInvestingActivities,USD,2024-10-30,10-Q,2023-09-30,56952000,NetCashProvidedByUsedInOperatingActivities,USD,2024-10-30,10-Q,2023-09-30,through_ocf,True,,,0.072961,0.038174,2.558492,-0.105857,0.069905
2024Q4,2024-10-24,COF,927628,CAPITAL ONE FINANCIAL CORP,>$10B,,17915000000,Revenues,USD,2024-08-01,10-Q,2023-06-30,2391000000,NetIncomeLoss,USD,2024-08-01,10-Q,2023-06-30,478464000000,Assets,USD,2024-08-01,10-Q,2023-12-31,11605000000,NetCashProvidedByUsedInFinancingActivities,USD,2024-08-01,10-Q,2023-06-30,-7159000000,NetCashProvidedByUsedInInvestingActivities,USD,2024-08-01,10-Q,2023-06-30,6346000000,NetCashProvidedByUsedInOperatingActivities,USD,2024-08-01,10-Q,2023-06-30,through_ocf,True,,,0.133464,0.354228,26.707452,0.647781,-0.399609
2024Q4,2024-11-06,COHR,820318,Coherent Corp.,$1B-$2B,,1053083000,RevenueFromContractWithCustomerExcludingAssessedTax,USD,2024-11-06,10-Q,2023-09-30,-67534000,NetIncomeLoss,USD,2024-11-06,10-Q,2023-09-30,13521298000,Assets,USD,2024-11-06,10-Q,2023-09-30,-17880000,NetCashProvidedByUsedInFinancingActivities,USD,2024-11-06,10-Q,2023-09-30,-64175000,NetCashProvidedByUsedInInvestingActivities,USD,2024-11-06,10-Q,2023-09-30,198803000,NetCashProvidedByUsedInOperatingActivities,USD,2024-11-06,10-Q,2023-09-30,through_ocf,True,,,-0.06413,0.188782,12.839727,-0.016979,-0.06094
2024Q4,2024-10-30,COIN,1679788,"Coinbase Global, Inc.",$2B-$10B,,2154588000,Revenues,USD,2024-10-30,10-Q,2023-09-30,-178566000,NetIncomeLoss,USD,2024-10-30,10-Q,2023-09-30,206982953000,Assets,USD,2024-10-30,10-Q,2023-12-31,-1734128000,NetCashProvidedByUsedInFinancingActivities,USD,2024-10-30,10-Q,2023-09-30,-85117000,NetCashProvidedByUsedInInvestingActivities,USD,2024-10-30,10-Q,2023-09-30,928137000,NetCashProvidedByUsedInOperatingActivities,USD,2024-10-30,10-Q,2023-09-30,through_ocf,True,,,-0.082877,0.430772,96.06614,-0.804854,-0.039505
2024Q4,2024-10-30,COKE,317540,"COCA-COLA CONSOLIDATED, INC.",$2B-$10B,,5022902000,RevenueFromContractWithCustomerExcludingAssessedTax,USD,2024-10-30,10-Q,2023-09-29,332539000,NetIncomeLoss,USD,2024-10-30,10-Q,2023-09-29,4288942000,Assets,USD,2024-10-30,10-Q,2023-12-31,-65117000,NetCashProvidedByUsedInFinancingActivities,USD,2024-10-30,10-Q,2023-09-29,-160863000,NetCashProvidedByUsedInInvestingActivities,USD,2024-10-30,10-Q,2023-09-29,644549000,NetCashProvidedByUsedInOperatingActivities,USD,2024-10-30,10-Q,2023-09-29,through_ocf,True,,,0.066205,0.128322,0.853877,-0.012964,-0.032026
2024Q4,2024-11-07,COLL,1267565,"Collegium Pharmaceutical, Inc.",$100M-$500M,,417022000,RevenueFromContractWithCustomerExcludingAssessedTax,USD,2024-11-07,10-Q,2023-09-30,-17426000,NetIncomeLoss,USD,2024-11-07,10-Q,2023-03-31,1143308000,Assets,USD,2024-11-07,10-Q,2023-12-31,-72352000,NetCashProvidedByUsedInFinancingActivities,USD,2024-11-07,10-Q,2023-09-30,-45715000,NetCashProvidedByUsedInInvestingActivities,USD,2024-11-07,10-Q,2023-09-30,201411000,NetCashProvidedByUsedInOperatingActivities,USD,2024-11-07,10-Q,2023-09-30,through_ocf,True,,,-0.041787,0.482975,2.741601,-0.173497,-0.109623
2024Q4,2024-10-30,COLM,1050797,COLUMBIA SPORTSWEAR COMPANY,$1B-$2B,,1441526000,RevenueFromContractWithCustomerExcludingAssessedTax,USD,2024-08-01,10-Q,2023-06-30,54552000,ProfitLoss,USD,2024-08-01,10-Q,2023-06-30,2789804000,Assets,USD,2024-08-01,10-Q,2023-06-30,-115194000,NetCashProvidedByUsedInFinancingActivities,USD,2024-08-01,10-Q,2023-06-30,-89933000,NetCashProvidedByUsedInInvestingActivities,USD,2024-08-01,10-Q,2023-06-30,9708000,NetCashProvidedByUsedInOperatingActivities,USD,2024-08-01,10-Q,2023-06-30,through_ocf,True,,,0.037843,0.006735,1.935313,-0.079911,-0.062387
2024Q4,2024-10-30,COMP,1563190,"COMPASS, INC.",$2B-$10B,,2451200000,Revenues,USD,2024-08-02,10-Q,2023-06-30,-198200000,NetIncomeLoss,USD,2024-08-02,10-Q,2023-06-30,1160300000,Assets,USD,2024-08-02,10-Q,2023-12-31,-18200000,NetCashProvidedByUsedInFinancingActivities,USD,2024-08-02,10-Q,2023-06-30,-6100000,NetCashProvidedByUsedInInvestingActivities,USD,2024-08-02,10-Q,2023-06-30,-2200000,NetCashProvidedByUsedInOperatingActivities,USD,2024-08-02,10-Q,2023-06-30,through_ocf,True,,,-0.080858,-0.000898,0.47336,-0.007425,-0.002489
2024Q4,2024-12-05,COO,711404,"The Cooper Companies, Inc.",$2B-$10B,,2666100000,RevenueFromContractWithCustomerExcludingAssessedTax,USD,2024-08-29,10-Q,2023-07-31,84600000,NetIncomeLoss,USD,2024-08-29,10-Q,2023-01-31,11658900000,Assets,USD,2024-08-29,10-Q,2023-10-31,-167400000,NetCashProvidedByUsedInFinancingActivities,USD,2024-08-29,10-Q,2023-07-31,-288200000,NetCashProvidedByUsedInInvestingActivities,USD,2024-08-29,10-Q,2023-07-31,433300000,NetCashProvidedByUsedInOperatingActivities,USD,2024-08-29,10-Q,2023-07-31,through_ocf,True,,,0.031732,0.162522,4.373017,-0.062788,-0.108098
2024Q4,2024-11-06,COOK,1857853,"TRAEGER, INC.",$100M-$500M,,324673000,RevenueFromContractWithCustomerExcludingAssessedTax,USD,2024-08-07,10-Q,2023-06-30,-41096000,NetIncomeLoss,USD,2024-08-07,10-Q,2023-06-30,860759000,Assets,USD,2024-08-07,10-Q,2023-12-31,-56288000,NetCashProvidedByUsedInFinancingActivities,USD,2024-08-07,10-Q,2023-06-30,-6627000,NetCashProvidedByUsedInInvestingActivities,USD,2024-08-07,10-Q,2023-06-30,25856000,NetCashProvidedByUsedInOperatingActivities,USD,2024-08-07,10-Q,2023-06-30,through_ocf,True,,,-0.126577,0.079637,2.651157,-0.173368,-0.020411
2024Q4,2024-10-30,CORT,1088856,CORCEPT THERAPEUTICS INC,$100M-$500M,,346970000,RevenueFromContractWithCustomerExcludingAssessedTax,USD,2024-10-30,10-Q,2023-09-30,15879000,NetIncomeLoss,USD,2024-10-30,10-Q,2023-03-31,621517000,Assets,USD,2024-10-30,10-Q,2023-12-31,-149489000,NetCashProvidedByUsedInFinancingActivities,USD,2024-10-30,10-Q,2023-09-30,73808000,NetCashProvidedByUsedInInvestingActivities,USD,2024-10-30,10-Q,2023-09-30,121152000,NetCashProvidedByUsedInOperatingActivities,USD,2024-10-30,10-Q,2023-09-30,through_ocf,True,,,0.045765,0.349171,1.79127,-0.430841,0.212722
2024Q4,2024-10-28,CPAY,1175454,"Corpay, Inc.",$1B-$2B,,1849507000,Revenues,USD,2024-08-09,10-Q,2023-06-30,214835000,NetIncomeLoss,USD,2024-08-09,10-Q,2023-03-31,15476252000,Assets,USD,2024-08-09,10-Q,2023-12-31,-241811000,NetCashProvidedByUsedInFinancingActivities,USD,2024-08-09,10-Q,2023-06-30,-201215000,NetCashProvidedByUsedInInvestingActivities,USD,2024-08-09,10-Q,2023-06-30,1098960000,NetCashProvidedByUsedInOperatingActivities,USD,2024-08-09,10-Q,2023-06-30,through_ocf,True,,,0.116158,0.594191,8.367772,-0.130743,-0.108794
2024Q4,2024-12-03,CPB,16732,THE CAMPBELL'S COMPANY,$2B-$10B,,8562000000,Revenues,USD,2024-09-19,10-K,2022-07-31,757000000,NetIncomeLoss,USD,2024-09-19,10-K,2022-07-31,12058000000,Assets,USD,2024-09-19,10-K,2023-07-30,-910000000,NetCashProvidedByUsedInFinancingActivities,USD,2024-09-19,10-K,2022-07-31,-230000000,NetCashProvidedByUsedInInvestingActivities,USD,2024-09-19,10-K,2022-07-31,1181000000,NetCashProvidedByUsedInOperatingActivities,USD,2024-09-19,10-K,2022-07-31,through_ocf,True,,,0.088414,0.137935,1.408316,-0.106284,-0.026863
2024Q4,2024-11-07,CPK,19745,CHESAPEAKE UTILITIES CORPORATION,$100M-$500M,,485269000,Revenues,USD,2024-11-07,10-Q,2023-09-30,61884000,NetIncomeLoss,USD,2024-11-07,10-Q,2023-09-30,3304704000,Assets,USD,2024-11-07,10-Q,2023-12-31,-52015000,NetCashProvidedByUsedInFinancingActivities,USD,2024-11-07,10-Q,2023-09-30,-135743000,NetCashProvidedByUsedInInvestingActivities,USD,2024-11-07,10-Q,2023-09-30,183347000,NetCashProvidedByUsedInOperatingActivities,USD,2024-11-07,10-Q,2023-09-30,through_ocf,True,,,0.127525,0.377825,6.810046,-0.107188,-0.279727
2024Q4,2024-10-31,CRAI,1053706,"CRA International, Inc.",$100M-$500M,,462363000,RevenueFromContractWithCustomerExcludingAssessedTax,USD,2024-10-31,10-Q,2023-09-30,8918000,NetIncomeLoss,USD,2024-10-31,10-Q,2023-04-01,553211000,Assets,USD,2024-10-31,10-Q,2023-12-30,-1390000,NetCashProvidedByUsedInFinancingActivities,USD,2024-10-31,10-Q,2023-09-30,-2585000,NetCashProvidedByUsedInInvestingActivities,USD,2024-10-31,10-Q,2023-09-30,-27000,NetCashProvidedByUsedInOperatingActivities,USD,2024-10-31,10-Q,2023-09-30,through_ocf,True,,,0.019288,-5.8e-05,1.196486,-0.003006,-0.005591
2024Q4,2024-11-05,CRC,1609253,California Resources Corp,$1B-$2B,,1615000000,Revenues,USD,2024-08-07,10-Q,2023-06-30,398000000,NetIncomeLoss,USD,2024-08-07,10-Q,2023-06-30,3998000000,Assets,USD,2024-08-07,10-Q,2023-12-31,-172000000,NetCashProvidedByUsedInFinancingActivities,USD,2024-08-07,10-Q,2023-06-30,-105000000,NetCashProvidedByUsedInInvestingActivities,USD,2024-08-07,10-Q,2023-06-30,418000000,NetCashProvidedByUsedInOperatingActivities,USD,2024-08-07,10-Q,2023-06-30,through_ocf,True,,,0.24644,0.258824,2.475542,-0.106502,-0.065015
2024Q4,2024-11-05,CRCT,1828962,"Cricut, Inc.",$100M-$500M,,358992000,RevenueFromContractWithCustomerExcludingAssessedTax,USD,2024-08-07,10-Q,2023-06-30,9099000,NetIncomeLoss,USD,2024-08-07,10-Q,2023-03-31,750122000,Assets,USD,2024-08-07,10-Q,2023-12-31,-85609000,NetCashProvidedByUsedInFinancingActivities,USD,2024-08-07,10-Q,2023-06-30,-12825000,NetCashProvidedByUsedInInvestingActivities,USD,2024-08-07,10-Q,2023-06-30,159612000,NetCashProvidedByUsedInOperatingActivities,USD,2024-08-07,10-Q,2023-06-30,through_ocf,True,,,0.025346,0.444612,2.089523,-0.23847,-0.035725
2024Q4,2024-12-02,CRDO,0001807794,Credo Technology Group Holding Ltd,<$100M,,35095000,RevenueFromContractWithCustomerExcludingAssessedTax,USD,2024-09-05,10-Q,2023-07-29,-11697000,NetIncomeLoss,USD,2024-09-05,10-Q,2023-07-29,601932000,Assets,USD,2024-09-05,10-Q,2024-04-27,534000,NetCashProvidedByUsedInFinancingActivities,USD,2024-09-05,10-Q,2023-07-29,-6610000,NetCashProvidedByUsedInInvestingActivities,USD,2024-09-05,10-Q,2023-07-29,24608000,NetCashProvidedByUsedInOperatingActivities,USD,2024-09-05,10-Q,2023-07-29,through_ocf,True,,,-0.333295,0.701183,17.151503,0.015216,-0.188346
2024Q4,2024-11-07,CRH,849395,CRH public limited company,>$10B,,26264000000,RevenueFromContractWithCustomerExcludingAssessedTax,USD,2024-11-07,10-Q,2023-09-30,2477000000,NetIncomeLoss,USD,2024-11-07,10-Q,2023-09-30,47631000000,Assets,USD,2024-11-07,10-Q,2023-09-30,-1097000000,NetCashProvidedByUsedInFinancingActivities,USD,2024-11-07,10-Q,2023-09-30,-1729000000,NetCashProvidedByUsedInInvestingActivities,USD,2024-11-07,10-Q,2023-09-30,2594000000,NetCashProvidedByUsedInOperatingActivities,USD,2024-11-07,10-Q,2023-09-30,through_ocf,True,,,0.094312,0.098766,1.813547,-0.041768,-0.065832
2024Q4,2024-10-25,CRI,1060822,"CARTER’S, INC",$2B-$10B,,2087730000,RevenueFromContractWithCustomerExcludingAssessedTax,USD,2024-10-25,10-Q,2023-09-30,125990000,NetIncomeLoss,USD,2024-10-25,10-Q,2023-09-30,2319806000,Assets,USD,2024-10-25,10-Q,2023-09-30,-206618000,NetCashProvidedByUsedInFinancingActivities,USD,2024-10-25,10-Q,2023-09-30,-42470000,NetCashProvidedByUsedInInvestingActivities,USD,2024-10-25,10-Q,2023-09-30,205790000,NetCashProvidedByUsedInOperatingActivities,USD,2024-10-25,10-Q,2023-09-30,through_ocf,True,,,0.060348,0.098571,1.111162,-0.098968,-0.020343
2024Q4,2024-10-30,CRK,23194,"COMSTOCK RESOURCES, INC.",$500M-$1B,,777789000,RevenueFromContractWithCustomerExcludingAssessedTax,USD,2024-08-01,10-Q,2023-06-30,88797000,NetIncomeLoss,USD,2024-08-01,10-Q,2023-06-30,6253623000,Assets,USD,2024-08-01,10-Q,2023-12-31,-51420000,NetCashProvidedByUsedInFinancingActivities,USD,2024-08-01,10-Q,2023-06-30,-711187000,NetCashProvidedByUsedInInvestingActivities,USD,2024-08-01,10-Q,2023-06-30,717874000,NetCashProvidedByUsedInOperatingActivities,USD,2024-08-01,10-Q,2023-06-30,through_ocf,True,,,0.114166,0.922968,8.040256,-0.06611,-0.91437
2024Q4,2024-11-06,CRL,1100682,"CHARLES RIVER LABORATORIES INTERNATIONAL, INC.",$2B-$10B,,3115933000,RevenueFromContractWithCustomerExcludingAssessedTax,USD,2024-11-06,10-Q,2023-09-30,287540000,NetIncomeLoss,USD,2024-11-06,10-Q,2023-09-30,8195001000,Assets,USD,2024-11-06,10-Q,2023-12-30,-209089000,NetCashProvidedByUsedInFinancingActivities,USD,2024-11-06,10-Q,2023-09-30,-324784000,NetCashProvidedByUsedInInvestingActivities,USD,2024-11-06,10-Q,2023-09-30,462955000,NetCashProvidedByUsedInOperatingActivities,USD,2024-11-06,10-Q,2023-09-30,through_ocf,True,,,0.092281,0.148577,2.630031,-0.067103,-0.104233
2024Q4,2024-12-03,CRM,1108524,"Salesforce, Inc.",>$10B,,16850000000,RevenueFromContractWithCustomerExcludingAssessedTax,USD,2024-08-29,10-Q,2023-07-31,199000000,NetIncomeLoss,USD,2024-08-29,10-Q,2023-04-30,99823000000,Assets,USD,2024-08-29,10-Q,2024-01-31,-4766000000,NetCashProvidedByUsedInFinancingActivities,USD,2024-08-29,10-Q,2023-07-31,-805000000,NetCashProvidedByUsedInInvestingActivities,USD,2024-08-29,10-Q,2023-07-31,5299000000,NetCashProvidedByUsedInOperatingActivities,USD,2024-08-29,10-Q,2023-07-31,through_ocf,True,,,0.01181,0.314481,5.924214,-0.282849,-0.047774
2024Q4,2024-10-07,CRNC,1768267,CERENCE INC.,$100M-$500M,,213711000,RevenueFromContractWithCustomerExcludingAssessedTax,USD,2024-08-09,10-Q,2023-06-30,-44702000,NetIncomeLoss,USD,2024-08-09,10-Q,2023-06-30,1297590000,Assets,USD,2024-08-09,10-Q,2023-09-30,-1026000,NetCashProvidedByUsedInFinancingActivities,USD,2024-08-09,10-Q,2023-06-30,-2446000,NetCashProvidedByUsedInInvestingActivities,USD,2024-08-09,10-Q,2023-06-30,-3760000,NetCashProvidedByUsedInOperatingActivities,USD,2024-08-09,10-Q,2023-06-30,through_ocf,True,,,-0.20917,-0.017594,6.071704,-0.004801,-0.011445
2024Q4,2024-10-29,CROX,1334036,"CROCS, INC.",$2B-$10B,,3002250000,RevenueFromContractWithCustomerExcludingAssessedTax,USD,2024-10-29,10-Q,2023-09-30,538980000,NetIncomeLoss,USD,2024-10-29,10-Q,2023-09-30,4643834000,Assets,USD,2024-10-29,10-Q,2023-12-31,-557852000,NetCashProvidedByUsedInFinancingActivities,USD,2024-10-29,10-Q,2023-09-30,-86468000,NetCashProvidedByUsedInInvestingActivities,USD,2024-10-29,10-Q,2023-09-30,580726000,NetCashProvidedByUsedInOperatingActivities,USD,2024-10-29,10-Q,2023-09-30,through_ocf,True,,,0.179525,0.19343,1.546785,-0.185811,-0.028801
2024Q4,2024-11-05,CRSP,1674416,CRISPR THERAPEUTICS AG,$100M-$500M,,170000000,RevenueFromContractWithCustomerExcludingAssessedTax,USD,2024-11-05,10-Q,2023-09-30,-53065000,NetIncomeLoss,USD,2024-11-05,10-Q,2023-03-31,2229571000,Assets,USD,2024-11-05,10-Q,2023-12-31,23725000,NetCashProvidedByUsedInFinancingActivities,USD,2024-11-05,10-Q,2023-09-30,456100000,NetCashProvidedByUsedInInvestingActivities,USD,2024-11-05,10-Q,2023-09-30,-164302000,NetCashProvidedByUsedInOperatingActivities,USD,2024-11-05,10-Q,2023-09-30,through_ocf,True,,,-0.312147,-0.966482,13.115124,0.139559,2.682941
2024Q4,2024-11-06,CRSR,1743759,"Corsair Gaming, Inc.",$1B-$2B,,1042589000,RevenueFromContractWithCustomerExcludingAssessedTax,USD,2024-11-06,10-Q,2023-09-30,-9571000,NetIncomeLoss,USD,2024-11-06,10-Q,2023-09-30,1357463000,Assets,USD,2024-11-06,10-Q,2023-12-31,-13205000,NetCashProvidedByUsedInFinancingActivities,USD,2024-11-06,10-Q,2023-09-30,-25004000,NetCashProvidedByUsedInInvestingActivities,USD,2024-11-06,10-Q,2023-09-30,32060000,NetCashProvidedByUsedInOperatingActivities,USD,2024-11-06,10-Q,2023-09-30,through_ocf,True,,,-0.00918,0.03075,1.302012,-0.012666,-0.023983
2024Q4,2024-10-30,CRTO,1576427,CRITEO S.A.,$1B-$2B,,1383143000,RevenueFromContractWithCustomerExcludingAssessedTax,USD,2024-10-30,10-Q,2023-09-30,-7758000,NetIncomeLoss,USD,2024-10-30,10-Q,2023-09-30,2431919000,Assets,USD,2024-10-30,10-Q,2023-12-31,-124858000,NetCashProvidedByUsedInFinancingActivities,USD,2024-10-30,10-Q,2023-09-30,-104199000,NetCashProvidedByUsedInInvestingActivities,USD,2024-10-30,10-Q,2023-09-30,62906000,NetCashProvidedByUsedInOperatingActivities,USD,2024-10-30,10-Q,2023-09-30,through_ocf,True,,,-0.005609,0.04548,1.758256,-0.090271,-0.075335
2024Q4,2024-11-04,CRUS,772406,"CIRRUS LOGIC, INC.",$500M-$1B,,798079000,RevenueFromContractWithCustomerExcludingAssessedTax,USD,2024-11-04,10-Q,2023-09-23,91007000,NetIncomeLoss,USD,2024-11-04,10-Q,2023-09-23,2231576000,Assets,USD,2024-11-04,10-Q,2024-03-30,-81649000,NetCashProvidedByUsedInFinancingActivities,USD,2024-11-04,10-Q,2023-09-23,-23786000,NetCashProvidedByUsedInInvestingActivities,USD,2024-11-04,10-Q,2023-09-23,-62544000,NetCashProvidedByUsedInOperatingActivities,USD,2024-11-04,10-Q,2023-09-23,through_ocf,True,,,0.114033,-0.078368,2.796184,-0.102307,-0.029804
2024Q4,2024-11-05,CRVL,874866,CORVEL CORPORATION,$100M-$500M,,190253000,RevenueFromContractWithCustomerExcludingAssessedTax,USD,2024-08-01,10-Q,2023-06-30,19805000,NetIncomeLoss,USD,2024-08-01,10-Q,2023-06-30,454679000,Assets,USD,2024-08-01,10-Q,2024-03-31,-16313000,NetCashProvidedByUsedInFinancingActivities,USD,2024-08-01,10-Q,2023-06-30,-5049000,NetCashProvidedByUsedInInvestingActivities,USD,2024-08-01,10-Q,2023-06-30,36626000,NetCashProvidedByUsedInOperatingActivities,USD,2024-08-01,10-Q,2023-06-30,through_ocf,True,,,0.104098,0.192512,2.389865,-0.085744,-0.026538
2024Q4,2024-10-22,CSGP,1057352,"CoStar Group, Inc.",$1B-$2B,,1190300000,RevenueFromContractWithCustomerExcludingAssessedTax,USD,2024-07-25,10-Q,2023-06-30,87100000,NetIncomeLoss,USD,2024-07-25,10-Q,2023-03-31,8919700000,Assets,USD,2024-07-25,10-Q,2023-12-31,-6300000,NetCashProvidedByUsedInFinancingActivities,USD,2024-07-25,10-Q,2023-06-30,-54400000,NetCashProvidedByUsedInInvestingActivities,USD,2024-07-25,10-Q,2023-06-30,298400000,NetCashProvidedByUsedInOperatingActivities,USD,2024-07-25,10-Q,2023-06-30,through_ocf,True,,,0.073175,0.250693,7.493657,-0.005293,-0.045703
2024Q4,2024-11-06,CSGS,1005757,"CSG SYSTEMS INTERNATIONAL, INC.",$500M-$1B,,585066000,RevenueFromContractWithCustomerExcludingAssessedTax,USD,2024-08-08,10-Q,2023-06-30,34882000,NetIncomeLoss,USD,2024-08-08,10-Q,2023-06-30,1443046000,Assets,USD,2024-08-08,10-Q,2023-12-31,-78543000,NetCashProvidedByUsedInFinancingActivities,USD,2024-08-08,10-Q,2023-06-30,-16357000,NetCashProvidedByUsedInInvestingActivities,USD,2024-08-08,10-Q,2023-06-30,27783000,NetCashProvidedByUsedInOperatingActivities,USD,2024-08-08,10-Q,2023-06-30,through_ocf,True,,,0.059621,0.047487,2.466467,-0.134246,-0.027958
2024Q4,2024-10-16,CSX,277948,CSX CORPORATION,$2B-$10B,,7405000000,RevenueFromContractWithCustomerExcludingAssessedTax,USD,2024-08-05,10-Q,2023-06-30,4114000000,NetIncomeLoss,USD,2024-08-05,10-Q,2022-12-31,41682000000,Assets,USD,2024-08-05,10-Q,2022-12-31,-2505000000,NetCashProvidedByUsedInFinancingActivities,USD,2024-08-05,10-Q,2023-06-30,-2063000000,NetCashProvidedByUsedInInvestingActivities,USD,2024-08-05,10-Q,2022-12-31,1256000000,NetCashProvidedByUsedInOperatingActivities,USD,2024-08-05,10-Q,2023-03-31,through_ocf,True,,,0.555571,0.169615,5.628899,-0.338285,-0.278596
2024Q4,2024-12-19,CTAS,723254,Cintas Corporation,$2B-$10B,,2342330000,RevenueFromContractWithCustomerExcludingAssessedTax,USD,2024-10-04,10-Q,2023-08-31,385085000,NetIncomeLoss,USD,2024-10-04,10-Q,2023-08-31,8719681000,Assets,USD,2024-10-04,10-Q,2023-08-31,-202375000,NetCashProvidedByUsedInFinancingActivities,USD,2024-10-04,10-Q,2023-08-31,-169836000,NetCashProvidedByUsedInInvestingActivities,USD,2024-10-04,10-Q,2023-08-31,336945000,NetCashProvidedByUsedInOperatingActivities,USD,2024-10-04,10-Q,2023-08-31,through_ocf,True,,,0.164403,0.14385,3.722653,-0.086399,-0.072507
2024Q4,2024-11-05,CTEV,1793229,CLARITEV CORPORATION,$100M-$500M,,474585000,RevenueFromContractWithCustomerExcludingAssessedTax,USD,2024-08-02,10-Q,2023-06-30,-36161000,NetIncomeLoss,USD,2024-08-02,10-Q,2023-06-30,6964687000,Assets,USD,2024-08-02,10-Q,2023-12-31,-120176000,NetCashProvidedByUsedInFinancingActivities,USD,2024-08-02,10-Q,2023-06-30,-196389000,NetCashProvidedByUsedInInvestingActivities,USD,2024-08-02,10-Q,2023-06-30,71900000,NetCashProvidedByUsedInOperatingActivities,USD,2024-08-02,10-Q,2023-06-30,through_ocf,True,,,-0.076195,0.151501,14.675321,-0.253223,-0.413812
2024Q4,2024-11-07,CTLP,896429,"Cantaloupe, Inc.",<$100M,,62683000,RevenueFromContractWithCustomerExcludingAssessedTax,USD,2024-11-07,10-Q,2023-09-30,2007000,NetIncomeLoss,USD,2024-11-07,10-Q,2023-09-30,335568000,Assets,USD,2024-11-07,10-Q,2024-06-30,-117000,NetCashProvidedByUsedInFinancingActivities,USD,2024-11-07,10-Q,2023-09-30,-2916000,NetCashProvidedByUsedInInvestingActivities,USD,2024-11-07,10-Q,2023-09-30,6703000,NetCashProvidedByUsedInOperatingActivities,USD,2024-11-07,10-Q,2023-09-30,through_ocf,True,,,0.032018,0.106935,5.353413,-0.001867,-0.04652
2024Q4,2024-10-30,CTOS,1709682,"CUSTOM TRUCK ONE SOURCE, INC.",$1B-$2B,,1343346000,Revenues,USD,2024-10-30,10-Q,2023-09-30,13800000,NetIncomeLoss,USD,2024-10-30,10-Q,2023-03-31,3367797000,Assets,USD,2024-10-30,10-Q,2023-12-31,142557000,NetCashProvidedByUsedInFinancingActivities,USD,2024-10-30,10-Q,2023-09-30,-145612000,NetCashProvidedByUsedInInvestingActivities,USD,2024-10-30,10-Q,2023-09-30,-2706000,NetCashProvidedByUsedInOperatingActivities,USD,2024-10-30,10-Q,2023-09-30,through_ocf,True,,,0.010273,-0.002014,2.507021,0.106121,-0.108395
2024Q4,2024-10-31,CTRA,858470,COTERRA ENERGY INC.,$2B-$10B,,2962000000,Revenues,USD,2024-08-02,10-Q,2023-06-30,677000000,NetIncomeLoss,USD,2024-08-02,10-Q,2023-03-31,20415000000,Assets,USD,2024-08-02,10-Q,2023-12-31,-925000000,NetCashProvidedByUsedInFinancingActivities,USD,2024-08-02,10-Q,2023-06-30,-1048000000,NetCashProvidedByUsedInInvestingActivities,USD,2024-08-02,10-Q,2023-06-30,2140000000,NetCashProvidedByUsedInOperatingActivities,USD,2024-08-02,10-Q,2023-06-30,through_ocf,True,,,0.228562,0.722485,6.892302,-0.312289,-0.353815
2024Q4,2024-11-06,CTRI,0001981599,"Centuri Holdings, Inc.",$2B-$10B,,2233961000,RevenueFromContractWithCustomerExcludingAssessedTax,USD,2024-11-06,10-Q,2023-10-01,-8844000,NetIncomeLoss,USD,2024-11-06,10-Q,2023-04-02,2189908000,Assets,USD,2024-11-06,10-Q,2023-12-31,-21487000,NetCashProvidedByUsedInFinancingActivities,USD,2024-11-06,10-Q,2023-10-01,-71937000,NetCashProvidedByUsedInInvestingActivities,USD,2024-11-06,10-Q,2023-10-01,61809000,NetCashProvidedByUsedInOperatingActivities,USD,2024-11-06,10-Q,2023-10-01,through_ocf,True,,,-0.003959,0.027668,0.98028,-0.009618,-0.032202
2024Q4,2024-11-19,CTRN,1318484,"Citi Trends, Inc.",$100M-$500M,,353242000,Revenues,USD,2024-09-11,10-Q,2023-07-29,-11667000,ProfitLoss,USD,2024-09-11,10-Q,2023-07-29,518721000,Assets,USD,2024-09-11,10-Q,2024-02-03,-809000,NetCashProvidedByUsedInFinancingActivities,USD,2024-09-11,10-Q,2023-07-29,-6905000,NetCashProvidedByUsedInInvestingActivities,USD,2024-09-11,10-Q,2023-07-29,-29961000,NetCashProvidedByUsedInOperatingActivities,USD,2024-09-11,10-Q,2023-07-29,through_ocf,True,,,-0.033028,-0.084817,1.468458,-0.00229,-0.019548
2024Q4,2024-10-29,CTS,26058,CTS CORPORATION,$100M-$500M,,425728000,Revenues,USD,2024-10-29,10-Q,2023-09-30,18344000,NetIncomeLoss,USD,2024-10-29,10-Q,2023-03-31,741167000,Assets,USD,2024-10-29,10-Q,2023-12-31,-39937000,NetCashProvidedByUsedInFinancingActivities,USD,2024-10-29,10-Q,2023-09-30,-14595000,NetCashProvidedByUsedInInvestingActivities,USD,2024-10-29,10-Q,2023-09-30,56742000,NetCashProvidedByUsedInOperatingActivities,USD,2024-10-29,10-Q,2023-09-30,through_ocf,True,,,0.043089,0.133282,1.74094,-0.093809,-0.034282
2024Q4,2024-10-30,CTSH,1058290,Cognizant Technology Solutions Corporation,$2B-$10B,,9698000000,Revenues,USD,2024-08-01,10-Q,2023-06-30,580000000,NetIncomeLoss,USD,2024-08-01,10-Q,2023-03-31,18483000000,Assets,USD,2024-08-01,10-Q,2023-12-31,-704000000,NetCashProvidedByUsedInFinancingActivities,USD,2024-08-01,10-Q,2023-06-30,-300000000,NetCashProvidedByUsedInInvestingActivities,USD,2024-08-01,10-Q,2023-06-30,765000000,NetCashProvidedByUsedInOperatingActivities,USD,2024-08-01,10-Q,2023-06-30,through_ocf,True,,,0.059806,0.078882,1.905857,-0.072592,-0.030934
2024Q4,2024-11-06,CTVA,1755672,"Corteva, Inc.",>$10B,,10929000000,Revenues,USD,2024-08-01,10-Q,2023-06-30,1309000000,NetIncomeLoss,USD,2024-08-01,10-Q,2023-06-30,44189000000,Assets,USD,2024-08-01,10-Q,2023-06-30,3379000000,NetCashProvidedByUsedInFinancingActivities,USD,2024-08-01,10-Q,2023-06-30,-1544000000,NetCashProvidedByUsedInInvestingActivities,USD,2024-08-01,10-Q,2023-06-30,-2499000000,NetCashProvidedByUsedInOperatingActivities,USD,2024-08-01,10-Q,2023-06-30,through_ocf,True,,,0.119773,-0.228658,4.043279,0.309177,-0.141276
2024Q4,2024-10-31,CVCO,278166,"CAVCO INDUSTRIES, INC.",$100M-$500M,,475875000,RevenueFromContractWithCustomerExcludingAssessedTax,USD,2024-08-02,10-Q,2023-07-01,46357000,NetIncomeLoss,USD,2024-08-02,10-Q,2023-07-01,1354160000,Assets,USD,2024-08-02,10-Q,2024-03-30,-1490000,NetCashProvidedByUsedInFinancingActivities,USD,2024-08-02,10-Q,2023-07-01,2086000,NetCashProvidedByUsedInInvestingActivities,USD,2024-08-02,10-Q,2023-07-01,82293000,NetCashProvidedByUsedInOperatingActivities,USD,2024-08-02,10-Q,2023-07-01,through_ocf,True,,,0.097414,0.17293,2.845621,-0.003131,0.004384
2024Q4,2024-11-04,CVGI,1290900,"Commercial Vehicle Group, Inc.",$500M-$1B,,641747000,RevenueFromContractWithCustomerExcludingAssessedTax,USD,2024-11-04,10-Q,2023-09-30,26130000,NetIncomeLoss,USD,2024-11-04,10-Q,2023-09-30,483214000,Assets,USD,2024-11-04,10-Q,2023-12-31,531000,NetCashProvidedByUsedInFinancingActivities,USD,2024-11-04,10-Q,2023-09-30,-15196000,NetCashProvidedByUsedInInvestingActivities,USD,2024-11-04,10-Q,2023-09-30,29990000,NetCashProvidedByUsedInOperatingActivities,USD,2024-11-04,10-Q,2023-09-30,through_ocf,True,,,0.040717,0.046732,0.752967,0.000827,-0.023679
2024Q4,2024-10-28,CVI,1376139,"CVR ENERGY, INC.",$2B-$10B,,4523000000,Revenues,USD,2024-07-30,10-Q,2023-06-30,325000000,NetIncomeLoss,USD,2024-07-30,10-Q,2023-06-30,4707000000,Assets,USD,2024-07-30,10-Q,2023-12-31,-243000000,NetCashProvidedByUsedInFinancingActivities,USD,2024-07-30,10-Q,2023-06-30,-130000000,NetCashProvidedByUsedInInvestingActivities,USD,2024-07-30,10-Q,2023-06-30,614000000,NetCashProvidedByUsedInOperatingActivities,USD,2024-07-30,10-Q,2023-06-30,through_ocf,True,,,0.071855,0.135751,1.040681,-0.053725,-0.028742
2024Q4,2024-10-23,CVLG,928658,"COVENANT LOGISTICS GROUP, INC.",$100M-$500M,,158744000,Revenues,USD,2019-03-13,10-K,2017-03-31,16635000,NetIncomeLoss,USD,2024-08-02,10-Q,2023-03-31,954438000,Assets,USD,2024-08-02,10-Q,2023-12-31,40113000,NetCashProvidedByUsedInFinancingActivities,USD,2024-08-02,10-Q,2023-06-30,-113329000,NetCashProvidedByUsedInInvestingActivities,USD,2024-08-02,10-Q,2023-06-30,12368000,NetCashProvidedByUsedInOperatingActivities,USD,2024-08-02,10-Q,2023-06-30,through_ocf,True,,,0.104791,0.077912,6.012435,0.25269,-0.71391
2024Q4,2024-10-29,CVLT,1169561,"Commvault Systems, Inc",$100M-$500M,,198150000,RevenueFromContractWithCustomerExcludingAssessedTax,USD,2024-07-31,10-Q,2023-06-30,12629000,NetIncomeLoss,USD,2024-07-31,10-Q,2023-06-30,943913000,Assets,USD,2024-07-31,10-Q,2024-03-31,-49829000,NetCashProvidedByUsedInFinancingActivities,USD,2024-07-31,10-Q,2023-06-30,-1459000,NetCashProvidedByUsedInInvestingActivities,USD,2024-07-31,10-Q,2023-06-30,39037000,NetCashProvidedByUsedInOperatingActivities,USD,2024-07-31,10-Q,2023-06-30,through_ocf,True,,,0.063735,0.197007,4.763629,-0.251471,-0.007363
2024Q4,2024-10-30,CVNA,1690820,CARVANA CO.,$2B-$10B,,8347000000,RevenueFromContractWithCustomerExcludingAssessedTax,USD,2024-10-30,10-Q,2023-09-30,564000000,NetIncomeLoss,USD,2024-10-30,10-Q,2023-09-30,7071000000,Assets,USD,2024-10-30,10-Q,2023-12-31,-1076000000,NetCashProvidedByUsedInFinancingActivities,USD,2024-10-30,10-Q,2023-09-30,22000000,NetCashProvidedByUsedInInvestingActivities,USD,2024-10-30,10-Q,2023-09-30,1042000000,NetCashProvidedByUsedInOperatingActivities,USD,2024-10-30,10-Q,2023-09-30,through_ocf,True,,,0.067569,0.124835,0.847131,-0.128909,0.002636
2024Q4,2024-10-29,CVSA,730464,Covista Inc.,$100M-$500M,,368845000,Revenues,USD,2024-10-29,10-Q,2023-09-30,10646000,NetIncomeLoss,USD,2024-10-29,10-Q,2023-09-30,2741417000,Assets,USD,2024-10-29,10-Q,2024-06-30,-95388000,NetCashProvidedByUsedInFinancingActivities,USD,2024-10-29,10-Q,2023-09-30,-10334000,NetCashProvidedByUsedInInvestingActivities,USD,2024-10-29,10-Q,2023-09-30,95073000,NetCashProvidedByUsedInOperatingActivities,USD,2024-10-29,10-Q,2023-09-30,through_ocf,True,,,0.028863,0.257759,7.432436,-0.258613,-0.028017
2024Q4,2024-10-28,CWH,1669779,"CAMPING WORLD HOLDINGS, INC.",$2B-$10B,,3387601000,RevenueFromContractWithCustomerExcludingAssessedTax,USD,2024-08-01,10-Q,2023-06-30,31872000,NetIncomeLoss,USD,2024-08-01,10-Q,2023-06-30,4803093000,Assets,USD,2024-08-01,10-Q,2023-06-30,-171730000,NetCashProvidedByUsedInFinancingActivities,USD,2024-08-01,10-Q,2023-06-30,-131907000,NetCashProvidedByUsedInInvestingActivities,USD,2024-08-01,10-Q,2023-06-30,227964000,NetCashProvidedByUsedInOperatingActivities,USD,2024-08-01,10-Q,2023-06-30,through_ocf,True,,,0.009408,0.067294,1.417845,-0.050694,-0.038938
2024Q4,2024-11-04,CWK,1628369,Cushman & Wakefield Ltd.,$2B-$10B,,4655300000,RevenueFromContractWithCustomerExcludingAssessedTax,USD,2024-07-30,10-Q,2023-06-30,-71300000,NetIncomeLoss,USD,2024-07-30,10-Q,2023-06-30,7774000000,Assets,USD,2024-07-30,10-Q,2023-12-31,-55000000,NetCashProvidedByUsedInFinancingActivities,USD,2024-07-30,10-Q,2023-06-30,145400000,NetCashProvidedByUsedInInvestingActivities,USD,2024-07-30,10-Q,2023-06-30,-238300000,NetCashProvidedByUsedInOperatingActivities,USD,2024-07-30,10-Q,2023-06-30,through_ocf,True,,,-0.015316,-0.051189,1.669925,-0.011814,0.031233
2024Q4,2024-10-30,CWST,911177,"CASELLA WASTE SYSTEMS, INC.",$500M-$1B,,552241000,Revenues,USD,2024-08-02,10-Q,2023-06-30,3548000,NetIncomeLoss,USD,2024-08-02,10-Q,2023-03-31,2417292000,Assets,USD,2024-08-02,10-Q,2023-06-30,908593000,NetCashProvidedByUsedInFinancingActivities,USD,2024-08-02,10-Q,2023-06-30,-597226000,NetCashProvidedByUsedInInvestingActivities,USD,2024-08-02,10-Q,2023-06-30,83196000,NetCashProvidedByUsedInOperatingActivities,USD,2024-08-02,10-Q,2023-06-30,through_ocf,True,,,0.006425,0.150652,4.377241,1.645283,-1.081459
2024Q4,2024-10-31,CWT,1035201,CALIFORNIA WATER SERVICE GROUP,$500M-$1B,,592768000,RevenueFromContractWithCustomerExcludingAssessedTax,USD,2024-10-31,10-Q,2023-09-30,21783000,NetIncomeLoss,USD,2024-10-31,10-Q,2023-09-30,4595533000,Assets,USD,2024-10-31,10-Q,2023-12-31,120143000,NetCashProvidedByUsedInFinancingActivities,USD,2024-10-31,10-Q,2023-09-30,-279626000,NetCashProvidedByUsedInInvestingActivities,USD,2024-10-31,10-Q,2023-09-30,143508000,NetCashProvidedByUsedInOperatingActivities,USD,2024-10-31,10-Q,2023-09-30,through_ocf,True,,,0.036748,0.242098,7.752667,0.202681,-0.471729
2024Q4,2024-12-04,CXM,1569345,"Sprinklr, Inc.",$500M-$1B,,538153000,RevenueFromContractWithCustomerExcludingAssessedTax,USD,2024-12-04,10-Q,2023-10-31,30260000,NetIncomeLoss,USD,2024-12-04,10-Q,2023-10-31,1223110000,Assets,USD,2024-12-04,10-Q,2024-01-31,36301000,NetCashProvidedByUsedInFinancingActivities,USD,2024-12-04,10-Q,2023-10-31,-96338000,NetCashProvidedByUsedInInvestingActivities,USD,2024-12-04,10-Q,2023-10-31,54162000,NetCashProvidedByUsedInOperatingActivities,USD,2024-12-04,10-Q,2023-10-31,through_ocf,True,,,0.056229,0.100644,2.272792,0.067455,-0.179016
2024Q4,2024-10-23,CYH,1108109,"COMMUNITY HEALTH SYSTEMS, INC.",$2B-$10B,,6223000000,Revenues,USD,2024-07-25,10-Q,2023-06-30,-89000000,NetIncomeLoss,USD,2024-07-25,10-Q,2023-06-30,14455000000,Assets,USD,2024-07-25,10-Q,2023-12-31,14000000,NetCashProvidedByUsedInFinancingActivities,USD,2024-07-25,10-Q,2023-06-30,-105000000,NetCashProvidedByUsedInInvestingActivities,USD,2024-07-25,10-Q,2023-06-30,91000000,NetCashProvidedByUsedInOperatingActivities,USD,2024-07-25,10-Q,2023-06-30,through_ocf,True,,,-0.014302,0.014623,2.322835,0.00225,-0.016873
2024Q4,2024-10-29,CZR,1590895,"CAESARS ENTERTAINMENT, INC.",$2B-$10B,,8703000000,RevenueFromContractWithCustomerExcludingAssessedTax,USD,2024-10-29,10-Q,2023-09-30,858000000,NetIncomeLoss,USD,2024-10-29,10-Q,2023-09-30,33366000000,Assets,USD,2024-10-29,10-Q,2023-12-31,-708000000,NetCashProvidedByUsedInFinancingActivities,USD,2024-10-29,10-Q,2023-09-30,-881000000,NetCashProvidedByUsedInInvestingActivities,USD,2024-10-29,10-Q,2023-09-30,1301000000,NetCashProvidedByUsedInOperatingActivities,USD,2024-10-29,10-Q,2023-09-30,through_ocf,True,,,0.098587,0.149489,3.83385,-0.081351,-0.101229
2024Q4,2024-11-01,D,715957,"DOMINION ENERGY, INC.",>$10B,,10859000000,Revenues,USD,2024-11-01,10-Q,2023-09-30,1721000000,NetIncomeLoss,USD,2024-11-01,10-Q,2023-09-30,109032000000,Assets,USD,2024-11-01,10-Q,2023-12-31,-1189000000,NetCashProvidedByUsedInFinancingActivities,USD,2024-11-01,10-Q,2023-09-30,-4091000000,NetCashProvidedByUsedInInvestingActivities,USD,2024-11-01,10-Q,2023-09-30,5186000000,NetCashProvidedByUsedInOperatingActivities,USD,2024-11-01,10-Q,2023-09-30,through_ocf,True,,,0.158486,0.477576,10.040704,-0.109494,-0.376738
2024Q4,2024-10-30,DAN,26780,DANA Inc,$2B-$10B,,8061000000,RevenueFromContractWithCustomerExcludingAssessedTax,USD,2024-10-30,10-Q,2023-09-30,77000000,NetIncomeLoss,USD,2024-10-30,10-Q,2023-09-30,7965000000,Assets,USD,2024-10-30,10-Q,2023-12-31,189000000,NetCashProvidedByUsedInFinancingActivities,USD,2024-10-30,10-Q,2023-09-30,-383000000,NetCashProvidedByUsedInInvestingActivities,USD,2024-10-30,10-Q,2023-09-30,198000000,NetCashProvidedByUsedInOperatingActivities,USD,2024-10-30,10-Q,2023-09-30,through_ocf,True,,,0.009552,0.024563,0.988091,0.023446,-0.047513
2024Q4,2024-10-30,DASH,1792789,"DOORDASH, INC.",$2B-$10B,,6332000000,RevenueFromContractWithCustomerExcludingAssessedTax,USD,2024-10-30,10-Q,2023-09-30,-161000000,NetIncomeLoss,USD,2024-10-30,10-Q,2023-03-31,10839000000,Assets,USD,2024-10-30,10-Q,2023-12-31,-702000000,NetCashProvidedByUsedInFinancingActivities,USD,2024-10-30,10-Q,2023-09-30,-223000000,NetCashProvidedByUsedInInvestingActivities,USD,2024-10-30,10-Q,2023-09-30,1188000000,NetCashProvidedByUsedInOperatingActivities,USD,2024-10-30,10-Q,2023-09-30,through_ocf,True,,,-0.025426,0.187618,1.711781,-0.110865,-0.035218
2024Q4,2024-11-07,DBD,28823,"Diebold Nixdorf, Incorporated",$2B-$10B,,2131900000,Revenues,USD,2024-11-07,10-Q,2023-08-11,1362700000,NetIncomeLoss,USD,2024-11-07,10-Q,2023-08-11,4162000000,Assets,USD,2024-11-07,10-Q,2023-12-31,563500000,NetCashProvidedByUsedInFinancingActivities,USD,2024-11-07,10-Q,2023-08-11,-16000000,NetCashProvidedByUsedInInvestingActivities,USD,2024-11-07,10-Q,2023-08-11,-415000000,NetCashProvidedByUsedInOperatingActivities,USD,2024-11-07,10-Q,2023-08-11,through_ocf,True,,,0.639195,-0.194662,1.952249,0.264318,-0.007505
2024Q4,2024-12-10,DBI,1319947,Designer Brands Inc.,$2B-$10B,,2320628000,Revenues,USD,2024-12-10,10-Q,2023-10-28,58760000,NetIncomeLoss,USD,2024-12-10,10-Q,2023-10-28,2132578000,Assets,USD,2024-12-10,10-Q,2023-10-28,-36098000,NetCashProvidedByUsedInFinancingActivities,USD,2024-12-10,10-Q,2023-10-28,-169811000,NetCashProvidedByUsedInInvestingActivities,USD,2024-12-10,10-Q,2023-10-28,202521000,NetCashProvidedByUsedInOperatingActivities,USD,2024-12-10,10-Q,2023-10-28,through_ocf,True,,,0.025321,0.08727,0.918966,-0.015555,-0.073175
2024Q4,2024-10-30,DBX,1467623,"Dropbox, Inc.",$1B-$2B,,1233600000,RevenueFromContractWithCustomerExcludingAssessedTax,USD,2024-08-09,10-Q,2023-06-30,112200000,NetIncomeLoss,USD,2024-08-09,10-Q,2023-06-30,2983500000,Assets,USD,2024-08-09,10-Q,2023-12-31,-458600000,NetCashProvidedByUsedInFinancingActivities,USD,2024-08-09,10-Q,2023-06-30,406900000,NetCashProvidedByUsedInInvestingActivities,USD,2024-08-09,10-Q,2023-06-30,327500000,NetCashProvidedByUsedInOperatingActivities,USD,2024-08-09,10-Q,2023-06-30,through_ocf,True,,,0.090953,0.265483,2.418531,-0.371757,0.329848
2024Q4,2024-11-07,DCGO,1822359,DOCGO INC.,$100M-$500M,,425042373,Revenues,USD,2024-11-07,10-Q,2023-09-30,2055068,ProfitLoss,USD,2024-11-07,10-Q,2023-09-30,419784142,Assets,USD,2024-11-07,10-Q,2023-09-30,-11858533,NetCashProvidedByUsedInFinancingActivities,USD,2024-11-07,10-Q,2023-09-30,-26919379,NetCashProvidedByUsedInInvestingActivities,USD,2024-11-07,10-Q,2023-09-30,-58303111,NetCashProvidedByUsedInOperatingActivities,USD,2024-11-07,10-Q,2023-09-30,through_ocf,True,,,0.004835,-0.13717,0.987629,-0.0279,-0.063333
2024Q4,2024-11-08,DCH,1062231,DAUCH CORPORATION,$2B-$10B,,4616500000,RevenueFromContractWithCustomerExcludingAssessedTax,USD,2024-11-08,10-Q,2023-09-30,-14500000,NetIncomeLoss,USD,2024-11-08,10-Q,2023-09-30,5356300000,Assets,USD,2024-11-08,10-Q,2023-12-31,-108200000,NetCashProvidedByUsedInFinancingActivities,USD,2024-11-08,10-Q,2023-09-30,-126700000,NetCashProvidedByUsedInInvestingActivities,USD,2024-11-08,10-Q,2023-09-30,343200000,NetCashProvidedByUsedInOperatingActivities,USD,2024-11-08,10-Q,2023-09-30,through_ocf,True,,,-0.003141,0.074342,1.160251,-0.023438,-0.027445
2024Q4,2024-11-07,DCO,30305,DUCOMMUN INCORPORATED,$500M-$1B,,564761000,RevenueFromContractWithCustomerExcludingAssessedTax,USD,2024-11-07,10-Q,2023-09-30,7605000,NetIncomeLoss,USD,2024-11-07,10-Q,2023-07-01,1120919000,Assets,USD,2024-11-07,10-Q,2023-12-31,106384000,NetCashProvidedByUsedInFinancingActivities,USD,2024-11-07,10-Q,2023-09-30,-130006000,NetCashProvidedByUsedInInvestingActivities,USD,2024-11-07,10-Q,2023-09-30,4571000,NetCashProvidedByUsedInOperatingActivities,USD,2024-11-07,10-Q,2023-09-30,through_ocf,True,,,0.013466,0.008094,1.984767,0.18837,-0.230196
2024Q4,2024-11-05,DD,1666700,"DUPONT DE NEMOURS, INC.",$2B-$10B,,9170000000,RevenueFromContractWithCustomerExcludingAssessedTax,USD,2024-11-05,10-Q,2023-09-30,445000000,NetIncomeLoss,USD,2024-11-05,10-Q,2023-09-30,38552000000,Assets,USD,2024-11-05,10-Q,2023-12-31,-2359000000,NetCashProvidedByUsedInFinancingActivities,USD,2024-11-05,10-Q,2023-09-30,-229000000,NetCashProvidedByUsedInInvestingActivities,USD,2023-05-03,10-Q,2022-03-31,209000000,NetCashProvidedByUsedInOperatingActivities,USD,2023-05-03,10-Q,2022-03-31,through_ocf,True,,,0.048528,0.022792,4.204144,-0.257252,-0.024973
2024Q4,2024-11-13,DDD,910638,3D SYSTEMS CORPORATION,$100M-$500M,,249430000,RevenueFromContractWithCustomerExcludingAssessedTax,USD,2024-08-29,10-Q,2023-06-30,-58316000,NetIncomeLoss,USD,2024-08-29,10-Q,2023-06-30,990660000,Assets,USD,2024-08-29,10-Q,2023-12-31,-4926000,NetCashProvidedByUsedInFinancingActivities,USD,2024-08-29,10-Q,2023-06-30,150587000,NetCashProvidedByUsedInInvestingActivities,USD,2024-08-29,10-Q,2023-06-30,-46269000,NetCashProvidedByUsedInOperatingActivities,USD,2024-08-29,10-Q,2023-06-30,through_ocf,True,,,-0.233797,-0.185499,3.971695,-0.019749,0.603724
2024Q4,2024-11-07,DDOG,1561550,"Datadog, Inc.",$500M-$1B,,991174000,RevenueFromContractWithCustomerExcludingAssessedTax,USD,2024-08-09,10-Q,2023-06-30,-28055000,NetIncomeLoss,USD,2024-08-09,10-Q,2023-06-30,3936072000,Assets,USD,2024-08-09,10-Q,2023-12-31,27520000,NetCashProvidedByUsedInFinancingActivities,USD,2024-08-09,10-Q,2023-06-30,-366285000,NetCashProvidedByUsedInInvestingActivities,USD,2024-08-09,10-Q,2023-06-30,286945000,NetCashProvidedByUsedInOperatingActivities,USD,2024-08-09,10-Q,2023-06-30,through_ocf,True,,,-0.028305,0.2895,3.971121,0.027765,-0.369547
2024Q4,2024-10-24,DECK,910521,DECKERS OUTDOOR CORP,$500M-$1B,,675791000,RevenueFromContractWithCustomerExcludingAssessedTax,USD,2024-08-01,10-Q,2023-06-30,63552000,NetIncomeLoss,USD,2024-08-01,10-Q,2023-06-30,3135579000,Assets,USD,2024-08-01,10-Q,2024-03-31,-25619000,NetCashProvidedByUsedInFinancingActivities,USD,2024-08-01,10-Q,2023-06-30,-30732000,NetCashProvidedByUsedInInvestingActivities,USD,2024-08-01,10-Q,2023-06-30,125262000,NetCashProvidedByUsedInOperatingActivities,USD,2024-08-01,10-Q,2023-06-30,through_ocf,True,,,0.094041,0.185356,4.639865,-0.03791,-0.045476
2024Q4,2024-11-04,DEI,1364250,"Douglas Emmett, Inc.",$500M-$1B,,505800000,Revenues,USD,2024-08-09,10-Q,2023-06-30,11111000,NetIncomeLoss,USD,2024-08-09,10-Q,2023-06-30,9644218000,Assets,USD,2024-08-09,10-Q,2023-12-31,-127442000,NetCashProvidedByUsedInFinancingActivities,USD,2024-08-09,10-Q,2023-06-30,-119934000,NetCashProvidedByUsedInInvestingActivities,USD,2024-08-09,10-Q,2023-06-30,241723000,NetCashProvidedByUsedInOperatingActivities,USD,2024-08-09,10-Q,2023-06-30,through_ocf,True,,,0.021967,0.477902,19.067256,-0.251961,-0.237117
2024Q4,2024-10-31,DFIN,1669811,"Donnelley Financial Solutions, Inc.",$500M-$1B,,620700000,RevenueFromContractWithCustomerExcludingAssessedTax,USD,2024-10-31,10-Q,2023-09-30,71600000,NetIncomeLoss,USD,2024-10-31,10-Q,2023-09-30,839300000,Assets,USD,2024-10-31,10-Q,2023-09-30,-38700000,NetCashProvidedByUsedInFinancingActivities,USD,2024-10-31,10-Q,2023-09-30,-33100000,NetCashProvidedByUsedInInvestingActivities,USD,2024-10-31,10-Q,2023-09-30,49200000,NetCashProvidedByUsedInOperatingActivities,USD,2024-10-31,10-Q,2023-09-30,through_ocf,True,,,0.115354,0.079265,1.352183,-0.062349,-0.053327
2024Q4,2024-12-05,DG,29534,DOLLAR GENERAL CORPORATION,>$10B,,28833095000,RevenueFromContractWithCustomerExcludingAssessedTax,USD,2024-12-05,10-Q,2023-11-03,1259461000,NetIncomeLoss,USD,2024-12-05,10-Q,2023-11-03,30795591000,Assets,USD,2024-12-05,10-Q,2024-02-02,-222604000,NetCashProvidedByUsedInFinancingActivities,USD,2024-12-05,10-Q,2023-11-03,-1235544000,NetCashProvidedByUsedInInvestingActivities,USD,2024-12-05,10-Q,2023-11-03,1442019000,NetCashProvidedByUsedInOperatingActivities,USD,2024-12-05,10-Q,2023-11-03,through_ocf,True,,,0.043681,0.050013,1.068064,-0.00772,-0.042852
2024Q4,2024-11-13,DGII,854775,Digi International Inc,$100M-$500M,,332686000,Revenues,USD,2024-08-07,10-Q,2023-06-30,18405000,NetIncomeLoss,USD,2024-08-07,10-Q,2023-06-30,835531000,Assets,USD,2024-08-07,10-Q,2023-09-30,-28920000,NetCashProvidedByUsedInFinancingActivities,USD,2024-08-07,10-Q,2023-06-30,-3842000,NetCashProvidedByUsedInInvestingActivities,USD,2024-08-07,10-Q,2023-06-30,27804000,NetCashProvidedByUsedInOperatingActivities,USD,2024-08-07,10-Q,2023-06-30,through_ocf,True,,,0.055322,0.083574,2.51147,-0.086929,-0.011548
2024Q4,2024-10-22,DGX,1022079,Quest Diagnostics Inc,$2B-$10B,,4669000000,RevenueFromContractWithCustomerExcludingAssessedTax,USD,2024-07-24,10-Q,2023-06-30,437000000,NetIncomeLoss,USD,2024-07-24,10-Q,2023-06-30,14022000000,Assets,USD,2024-07-24,10-Q,2023-12-31,113000000,NetCashProvidedByUsedInFinancingActivities,USD,2024-07-24,10-Q,2023-06-30,-840000000,NetCashProvidedByUsedInInvestingActivities,USD,2024-07-24,10-Q,2023-06-30,538000000,NetCashProvidedByUsedInOperatingActivities,USD,2024-07-24,10-Q,2023-06-30,through_ocf,True,,,0.093596,0.115228,3.003213,0.024202,-0.17991
2024Q4,2024-10-22,DHR,313616,DANAHER CORPORATION,>$10B,,17485000000,RevenueFromContractWithCustomerExcludingAssessedTax,USD,2024-10-22,10-Q,2023-09-29,3685000000,NetIncomeLoss,USD,2024-10-22,10-Q,2023-09-29,84488000000,Assets,USD,2024-10-22,10-Q,2023-12-31,1973000000,NetCashProvidedByUsedInFinancingActivities,USD,2024-10-22,10-Q,2023-09-29,-1064000000,NetCashProvidedByUsedInInvestingActivities,USD,2024-10-22,10-Q,2023-09-29,5545000000,NetCashProvidedByUsedInOperatingActivities,USD,2024-10-22,10-Q,2023-09-29,through_ocf,True,,,0.210752,0.317129,4.832027,0.11284,-0.060852
2024Q4,2024-11-06,DIN,49754,"Dine Brands Global, Inc.",$500M-$1B,,624766000,Revenues,USD,2024-11-06,10-Q,2023-09-30,64137000,NetIncomeLoss,USD,2024-11-06,10-Q,2023-09-30,1740287000,Assets,USD,2024-11-06,10-Q,2023-12-31,-218029000,NetCashProvidedByUsedInFinancingActivities,USD,2024-11-06,10-Q,2023-09-30,-26632000,NetCashProvidedByUsedInInvestingActivities,USD,2024-11-06,10-Q,2023-09-30,79306000,NetCashProvidedByUsedInOperatingActivities,USD,2024-11-06,10-Q,2023-09-30,through_ocf,True,,,0.102658,0.126937,2.785502,-0.348977,-0.042627
2024Q4,2024-11-07,DIOD,29002,DIODES INCORPORATED,$1B-$2B,,1339040000,RevenueFromContractWithCustomerExcludingAssessedTax,USD,2024-11-07,10-Q,2023-09-30,201890000,NetIncomeLoss,USD,2024-11-07,10-Q,2023-09-30,2340222000,Assets,USD,2024-11-07,10-Q,2023-09-30,-150678000,NetCashProvidedByUsedInFinancingActivities,USD,2024-11-07,10-Q,2023-09-30,-129371000,NetCashProvidedByUsedInInvestingActivities,USD,2024-11-07,10-Q,2023-09-30,242522000,NetCashProvidedByUsedInOperatingActivities,USD,2024-11-07,10-Q,2023-09-30,through_ocf,True,,,0.150772,0.181116,1.747686,-0.112527,-0.096615
2024Q4,2024-11-06,DK,1694426,"DELEK US HOLDINGS, INC.",$2B-$10B,,8119900000,RevenueFromContractWithCustomerExcludingAssessedTax,USD,2024-08-07,10-Q,2023-06-30,56000000,NetIncomeLoss,USD,2024-08-07,10-Q,2023-06-30,7171800000,Assets,USD,2024-08-07,10-Q,2023-12-31,-230000000,NetCashProvidedByUsedInFinancingActivities,USD,2024-08-07,10-Q,2023-06-30,-279900000,NetCashProvidedByUsedInInvestingActivities,USD,2024-08-07,10-Q,2023-06-30,490200000,NetCashProvidedByUsedInOperatingActivities,USD,2024-08-07,10-Q,2023-06-30,through_ocf,True,,,0.006897,0.06037,0.883237,-0.028325,-0.034471
2024Q4,2024-10-24,DLR,1297996,"DIGITAL REALTY TRUST, INC.",$2B-$10B,,2704990000,Revenues,USD,2024-08-02,10-Q,2023-06-30,186910000,NetIncomeLoss,USD,2024-08-02,10-Q,2023-06-30,44113258000,Assets,USD,2024-08-02,10-Q,2023-12-31,484332000,NetCashProvidedByUsedInFinancingActivities,USD,2024-08-02,10-Q,2023-06-30,-1279006000,NetCashProvidedByUsedInInvestingActivities,USD,2024-08-02,10-Q,2023-06-30,814114000,NetCashProvidedByUsedInOperatingActivities,USD,2024-08-02,10-Q,2023-06-30,through_ocf,True,,,0.069098,0.300967,16.308104,0.179051,-0.472832
2024Q4,2024-12-04,DLTR,935703,"DOLLAR TREE, INC.",>$10B,,21963900000,Revenues,USD,2024-12-04,10-Q,2023-10-28,711400000,NetIncomeLoss,USD,2024-12-04,10-Q,2023-10-28,24031200000,Assets,USD,2024-12-04,10-Q,2023-10-28,-301900000,NetCashProvidedByUsedInFinancingActivities,USD,2024-12-04,10-Q,2023-10-28,-1322300000,NetCashProvidedByUsedInInvestingActivities,USD,2024-12-04,10-Q,2023-10-28,1429600000,NetCashProvidedByUsedInOperatingActivities,USD,2024-12-04,10-Q,2023-10-28,through_ocf,True,,,0.03239,0.065089,1.094123,-0.013745,-0.060203
2024Q4,2024-11-06,DLX,27996,DELUXE CORPORATION,$1B-$2B,,1117051000,Revenues,USD,2024-08-02,10-Q,2023-06-30,19127000,NetIncomeLoss,USD,2024-08-02,10-Q,2023-06-30,3080622000,Assets,USD,2024-08-02,10-Q,2023-12-31,-160720000,NetCashProvidedByUsedInFinancingActivities,USD,2024-08-02,10-Q,2023-06-30,-37902000,NetCashProvidedByUsedInInvestingActivities,USD,2024-08-02,10-Q,2023-06-30,47337000,NetCashProvidedByUsedInOperatingActivities,USD,2024-08-02,10-Q,2023-06-30,through_ocf,True,,,0.017123,0.042377,2.757817,-0.143879,-0.03393
2024Q4,2024-11-07,DNOW,1599617,DNOW INC.,$1B-$2B,,1766000000,RevenueFromContractWithCustomerExcludingAssessedTax,USD,2024-11-07,10-Q,2023-09-30,100000000,NetIncomeLoss,USD,2024-11-07,10-Q,2023-09-30,1529000000,Assets,USD,2024-11-07,10-Q,2023-12-31,-54000000,NetCashProvidedByUsedInFinancingActivities,USD,2024-11-07,10-Q,2023-09-30,-47000000,NetCashProvidedByUsedInInvestingActivities,USD,2024-11-07,10-Q,2023-09-30,83000000,NetCashProvidedByUsedInOperatingActivities,USD,2024-11-07,10-Q,2023-09-30,through_ocf,True,,,0.056625,0.046999,0.865798,-0.030578,-0.026614
2024Q4,2024-11-07,DNUT,1857154,"Krispy Kreme, Inc.",$500M-$1B,,827832000,RevenueFromContractWithCustomerExcludingAssessedTax,USD,2024-08-08,10-Q,2023-07-02,-78000,NetIncomeLoss,USD,2024-08-08,10-Q,2023-07-02,3240592000,Assets,USD,2024-08-08,10-Q,2023-12-31,-7896000,NetCashProvidedByUsedInFinancingActivities,USD,2024-08-08,10-Q,2023-07-02,-44102000,NetCashProvidedByUsedInInvestingActivities,USD,2024-08-08,10-Q,2023-07-02,46253000,NetCashProvidedByUsedInOperatingActivities,USD,2024-08-08,10-Q,2023-07-02,through_ocf,True,,,-9.4e-05,0.055872,3.914553,-0.009538,-0.053274
2024Q4,2024-10-24,DOC,765880,"Healthpeak Properties, Inc.",$1B-$2B,,1071108000,Revenues,USD,2024-07-26,10-Q,2023-06-30,170851000,NetIncomeLoss,USD,2024-07-26,10-Q,2023-06-30,15698850000,Assets,USD,2024-07-26,10-Q,2023-12-31,-299377000,NetCashProvidedByUsedInFinancingActivities,USD,2024-07-26,10-Q,2023-06-30,-138669000,NetCashProvidedByUsedInInvestingActivities,USD,2024-07-26,10-Q,2023-06-30,471737000,NetCashProvidedByUsedInOperatingActivities,USD,2024-07-26,10-Q,2023-06-30,through_ocf,True,,,0.159509,0.44042,14.656645,-0.279502,-0.129463
2024Q4,2024-11-04,DOCN,1582961,"DigitalOcean Holdings, Inc.",$500M-$1B,,512010000,RevenueFromContractWithCustomerExcludingAssessedTax,USD,2024-11-04,10-Q,2023-09-30,3470000,NetIncomeLoss,USD,2024-11-04,10-Q,2023-09-30,1460967000,Assets,USD,2024-11-04,10-Q,2023-12-31,-473336000,NetCashProvidedByUsedInFinancingActivities,USD,2024-11-04,10-Q,2023-09-30,248266000,NetCashProvidedByUsedInInvestingActivities,USD,2024-11-04,10-Q,2023-09-30,154426000,NetCashProvidedByUsedInOperatingActivities,USD,2024-11-04,10-Q,2023-09-30,through_ocf,True,,,0.006777,0.301607,2.853395,-0.924466,0.484885
2024Q4,2024-12-05,DOCU,1261333,"DOCUSIGN, INC.",$1B-$2B,,1349075000,RevenueFromContractWithCustomerExcludingAssessedTax,USD,2024-09-06,10-Q,2023-07-31,7934000,NetIncomeLoss,USD,2024-09-06,10-Q,2023-07-31,2971290000,Assets,USD,2024-09-06,10-Q,2024-01-31,-90251000,NetCashProvidedByUsedInFinancingActivities,USD,2024-09-06,10-Q,2023-07-31,-56911000,NetCashProvidedByUsedInInvestingActivities,USD,2024-09-06,10-Q,2023-07-31,444651000,NetCashProvidedByUsedInOperatingActivities,USD,2024-09-06,10-Q,2023-07-31,through_ocf,True,,,0.005881,0.329597,2.202465,-0.066898,-0.042185
2024Q4,2024-10-10,DOV,29905,DOVER Corp,$2B-$10B,,4179109000,RevenueFromContractWithCustomerExcludingAssessedTax,USD,2024-07-25,10-Q,2023-06-30,470813000,NetIncomeLoss,USD,2024-07-25,10-Q,2023-06-30,11348513000,Assets,USD,2024-07-25,10-Q,2023-12-31,-444489000,NetCashProvidedByUsedInFinancingActivities,USD,2024-07-25,10-Q,2023-06-30,-86010000,NetCashProvidedByUsedInInvestingActivities,USD,2024-07-25,10-Q,2023-06-30,436538000,NetCashProvidedByUsedInOperatingActivities,USD,2024-07-25,10-Q,2023-06-30,through_ocf,True,,,0.112659,0.104457,2.715534,-0.10636,-0.020581
2024Q4,2024-10-10,DPZ,1286681,"Domino’s Pizza, Inc.",$2B-$10B,,3076386000,Revenues,USD,2024-10-10,10-Q,2023-09-10,361826000,NetIncomeLoss,USD,2024-10-10,10-Q,2023-09-10,1674899000,Assets,USD,2024-10-10,10-Q,2023-12-31,-337194000,NetCashProvidedByUsedInFinancingActivities,USD,2024-10-10,10-Q,2023-09-10,-60014000,NetCashProvidedByUsedInInvestingActivities,USD,2024-10-10,10-Q,2023-09-10,422130000,NetCashProvidedByUsedInOperatingActivities,USD,2024-10-10,10-Q,2023-09-10,through_ocf,True,,,0.117614,0.137216,0.544437,-0.109607,-0.019508
2024Q4,2024-11-07,DRH,1298946,DiamondRock Hospitality Co,$500M-$1B,,534800000,RevenueFromContractWithCustomerExcludingAssessedTax,USD,2024-08-02,10-Q,2023-06-30,48121000,NetIncomeLoss,USD,2024-08-02,10-Q,2023-06-30,3238687000,Assets,USD,2024-08-02,10-Q,2023-12-31,-34254000,NetCashProvidedByUsedInFinancingActivities,USD,2024-08-02,10-Q,2023-06-30,-51257000,NetCashProvidedByUsedInInvestingActivities,USD,2024-08-02,10-Q,2023-06-30,114424000,NetCashProvidedByUsedInOperatingActivities,USD,2024-08-02,10-Q,2023-06-30,through_ocf,True,,,0.089979,0.213957,6.055884,-0.06405,-0.095843
2024Q4,2024-12-19,DRI,940944,"DARDEN RESTAURANTS, INC.",$2B-$10B,,2730600000,RevenueFromContractWithCustomerExcludingAssessedTax,USD,2024-09-27,10-Q,2023-08-27,194500000,NetIncomeLoss,USD,2024-09-27,10-Q,2023-08-27,11323000000,Assets,USD,2024-09-27,10-Q,2024-05-26,409400000,NetCashProvidedByUsedInFinancingActivities,USD,2024-09-27,10-Q,2023-08-27,-854200000,NetCashProvidedByUsedInInvestingActivities,USD,2024-09-27,10-Q,2023-08-27,,,,,,,through_ocf,False,,operating_cash_flow,0.07123,,4.146708,0.14993,-0.312825
2024Q4,2024-10-30,DRS,1833756,"Leonardo DRS, Inc.",$1B-$2B,,1900000000,RevenueFromContractWithCustomerExcludingAssessedTax,USD,2024-10-30,10-Q,2023-09-30,94000000,NetIncomeLoss,USD,2024-10-30,10-Q,2023-09-30,3921000000,Assets,USD,2024-10-30,10-Q,2023-12-31,93000000,NetCashProvidedByUsedInFinancingActivities,USD,2024-10-30,10-Q,2023-09-30,-42000000,NetCashProvidedByUsedInInvestingActivities,USD,2024-10-30,10-Q,2023-09-30,-310000000,NetCashProvidedByUsedInOperatingActivities,USD,2024-10-30,10-Q,2023-09-30,through_ocf,True,,,0.049474,-0.163158,2.063684,0.048947,-0.022105
2024Q4,2024-10-31,DRVN,1804745,Driven Brands Holdings Inc.,$1B-$2B,,1169318000,RevenueFromContractWithCustomerExcludingAssessedTax,USD,2024-08-08,10-Q,2023-07-01,67498000,NetIncomeLoss,USD,2024-08-08,10-Q,2023-07-01,5910804000,Assets,USD,2024-08-08,10-Q,2023-12-30,95128000,NetCashProvidedByUsedInFinancingActivities,USD,2024-08-08,10-Q,2023-07-01,-221100000,NetCashProvidedByUsedInInvestingActivities,USD,2024-08-08,10-Q,2023-07-01,114583000,NetCashProvidedByUsedInOperatingActivities,USD,2024-08-08,10-Q,2023-07-01,through_ocf,True,,,0.057724,0.097991,5.054916,0.081353,-0.189085
2024Q4,2024-10-31,DSGR,703604,"DISTRIBUTION SOLUTIONS GROUP, INC.",$1B-$2B,,1165163000,RevenueFromContractWithCustomerExcludingAssessedTax,USD,2024-10-31,10-Q,2023-09-30,5907000,NetIncomeLoss,USD,2024-10-31,10-Q,2023-03-31,1550331000,Assets,USD,2024-10-31,10-Q,2023-12-31,269295000,NetCashProvidedByUsedInFinancingActivities,USD,2024-10-31,10-Q,2023-09-30,-266720000,NetCashProvidedByUsedInInvestingActivities,USD,2024-10-31,10-Q,2023-09-30,74053000,NetCashProvidedByUsedInOperatingActivities,USD,2024-10-31,10-Q,2023-09-30,through_ocf,True,,,0.00507,0.063556,1.33057,0.231122,-0.228912
2024Q4,2024-10-24,DTE,936340,DTE Energy Co,$2B-$10B,,3236000000,Revenues,USD,2018-04-25,10-Q,2017-03-31,978000000,NetIncomeLoss,USD,2024-10-24,10-Q,2023-09-30,44755000000,Assets,USD,2024-10-24,10-Q,2023-12-31,589000000,NetCashProvidedByUsedInFinancingActivities,USD,2024-10-24,10-Q,2023-09-30,-2941000000,NetCashProvidedByUsedInInvestingActivities,USD,2024-10-24,10-Q,2023-09-30,2375000000,NetCashProvidedByUsedInOperatingActivities,USD,2024-10-24,10-Q,2023-09-30,through_ocf,True,,,0.302225,0.733931,13.830346,0.182015,-0.908838
2024Q4,2024-11-07,DUK,1326160,DUKE ENERGY CORPORATION,$2B-$10B,,5928000000,RevenueFromContractWithCustomerExcludingAssessedTax,USD,2018-05-10,10-Q,2018-03-31,1836000000,NetIncomeLoss,USD,2024-11-07,10-Q,2023-09-30,176893000000,Assets,USD,2024-11-07,10-Q,2023-12-31,2413000000,NetCashProvidedByUsedInFinancingActivities,USD,2024-11-07,10-Q,2023-09-30,-9751000000,NetCashProvidedByUsedInInvestingActivities,USD,2024-11-07,10-Q,2023-09-30,7309000000,NetCashProvidedByUsedInOperatingActivities,USD,2024-11-07,10-Q,2023-09-30,through_ocf,True,,,0.309717,1.232962,29.84025,0.407051,-1.644906
2024Q4,2024-11-06,DUOL,1562088,"Duolingo, Inc.",$100M-$500M,,242500000,RevenueFromContractWithCustomerExcludingAssessedTax,USD,2024-08-08,10-Q,2023-06-30,1143000,NetIncomeLoss,USD,2024-08-08,10-Q,2023-06-30,953957000,Assets,USD,2024-08-08,10-Q,2023-12-31,8397000,NetCashProvidedByUsedInFinancingActivities,USD,2024-08-08,10-Q,2023-06-30,-4683000,NetCashProvidedByUsedInInvestingActivities,USD,2024-08-08,10-Q,2023-06-30,66771000,NetCashProvidedByUsedInOperatingActivities,USD,2024-08-08,10-Q,2023-06-30,through_ocf,True,,,0.004713,0.275344,3.933843,0.034627,-0.019311
2024Q4,2024-10-29,DVA,927066,DAVITA INC.,$2B-$10B,,8994400000,Revenues,USD,2024-10-29,10-Q,2023-09-30,540870000,NetIncomeLoss,USD,2024-10-29,10-Q,2023-09-30,16893578000,Assets,USD,2024-10-29,10-Q,2023-12-31,-767249000,NetCashProvidedByUsedInFinancingActivities,USD,2024-10-29,10-Q,2023-09-30,-603504000,NetCashProvidedByUsedInInvestingActivities,USD,2024-10-29,10-Q,2023-09-30,1573826000,NetCashProvidedByUsedInOperatingActivities,USD,2024-10-29,10-Q,2023-09-30,through_ocf,True,,,0.060134,0.174978,1.878233,-0.085303,-0.067098
2024Q4,2024-11-05,DVN,1090012,DEVON ENERGY CORP/DE,$2B-$10B,,7277000000,Revenues,USD,2024-08-07,10-Q,2023-06-30,1685000000,NetIncomeLoss,USD,2024-08-07,10-Q,2023-06-30,24490000000,Assets,USD,2024-08-07,10-Q,2023-12-31,-1915000000,NetCashProvidedByUsedInFinancingActivities,USD,2024-08-07,10-Q,2023-06-30,-2135000000,NetCashProvidedByUsedInInvestingActivities,USD,2024-08-07,10-Q,2023-06-30,3082000000,NetCashProvidedByUsedInOperatingActivities,USD,2024-08-07,10-Q,2023-06-30,through_ocf,True,,,0.231551,0.423526,3.365398,-0.263158,-0.29339
2024Q4,2024-11-22,DXLG,813298,"DESTINATION XL GROUP, INC.",$100M-$500M,,384673000,RevenueFromContractWithCustomerExcludingAssessedTax,USD,2024-11-22,10-Q,2023-10-28,6967000,NetIncomeLoss,USD,2024-11-22,10-Q,2023-04-29,357741000,Assets,USD,2024-11-22,10-Q,2024-02-03,-15311000,NetCashProvidedByUsedInFinancingActivities,USD,2024-11-22,10-Q,2023-10-28,-59141000,NetCashProvidedByUsedInInvestingActivities,USD,2024-11-22,10-Q,2023-10-28,33101000,NetCashProvidedByUsedInOperatingActivities,USD,2024-11-22,10-Q,2023-10-28,through_ocf,True,,,0.018111,0.08605,0.929987,-0.039803,-0.153744
2024Q4,2024-11-07,DXPE,1020710,"DXP Enterprises, Inc.",$1B-$2B,,1271556000,RevenueFromContractWithCustomerExcludingAssessedTax,USD,2024-11-07,10-Q,2023-09-30,17580000,NetIncomeLoss,USD,2024-11-07,10-Q,2023-03-31,1177436000,Assets,USD,2024-11-07,10-Q,2023-12-31,-66744000,NetCashProvidedByUsedInFinancingActivities,USD,2024-11-07,10-Q,2023-09-30,-15951000,NetCashProvidedByUsedInInvestingActivities,USD,2024-11-07,10-Q,2023-09-30,63775000,NetCashProvidedByUsedInOperatingActivities,USD,2024-11-07,10-Q,2023-09-30,through_ocf,True,,,0.013826,0.050155,0.92598,-0.05249,-0.012544
2024Q4,2024-11-20,DY,67215,"DYCOM INDUSTRIES, INC.",$2B-$10B,,2087009000,RevenueFromContractWithCustomerExcludingAssessedTax,USD,2024-08-22,10-Q,2023-07-29,111769000,NetIncomeLoss,USD,2024-08-22,10-Q,2023-07-29,2516885000,Assets,USD,2024-08-22,10-Q,2024-01-27,-38395000,NetCashProvidedByUsedInFinancingActivities,USD,2024-08-22,10-Q,2023-07-29,-73567000,NetCashProvidedByUsedInInvestingActivities,USD,2024-08-22,10-Q,2023-07-29,-28847000,NetCashProvidedByUsedInOperatingActivities,USD,2024-08-22,10-Q,2023-07-29,through_ocf,True,,,0.053555,-0.013822,1.205977,-0.018397,-0.03525
2024Q4,2024-10-29,EA,712515,ELECTRONIC ARTS INC.,$1B-$2B,,1924000000,Revenues,USD,2024-08-02,10-Q,2023-06-30,402000000,NetIncomeLoss,USD,2024-08-02,10-Q,2023-06-30,13420000000,Assets,USD,2024-08-02,10-Q,2024-03-31,-482000000,NetCashProvidedByUsedInFinancingActivities,USD,2024-08-02,10-Q,2023-06-30,-44000000,NetCashProvidedByUsedInInvestingActivities,USD,2024-08-02,10-Q,2023-06-30,359000000,NetCashProvidedByUsedInOperatingActivities,USD,2024-08-02,10-Q,2023-06-30,through_ocf,True,,,0.20894,0.18659,6.975052,-0.25052,-0.022869
2024Q4,2024-10-30,EAT,703351,"BRINKER INTERNATIONAL, INC.",$1B-$2B,,1012500000,Revenues,USD,2024-10-30,10-Q,2023-09-27,7200000,NetIncomeLoss,USD,2024-10-30,10-Q,2023-09-27,2593100000,Assets,USD,2024-10-30,10-Q,2024-06-26,-14200000,NetCashProvidedByUsedInFinancingActivities,USD,2024-10-30,10-Q,2023-09-27,-45600000,NetCashProvidedByUsedInInvestingActivities,USD,2024-10-30,10-Q,2023-09-27,59100000,NetCashProvidedByUsedInOperatingActivities,USD,2024-10-30,10-Q,2023-09-27,through_ocf,True,,,0.007111,0.05837,2.561086,-0.014025,-0.045037
2024Q4,2024-10-30,EBAY,1065088,eBay Inc.,$2B-$10B,,5050000000,RevenueFromContractWithCustomerExcludingAssessedTax,USD,2024-08-01,10-Q,2023-06-30,738000000,NetIncomeLoss,USD,2024-08-01,10-Q,2023-06-30,21620000000,Assets,USD,2024-08-01,10-Q,2023-12-31,-1458000000,NetCashProvidedByUsedInFinancingActivities,USD,2024-08-01,10-Q,2023-06-30,424000000,NetCashProvidedByUsedInInvestingActivities,USD,2024-08-01,10-Q,2023-06-30,1442000000,NetCashProvidedByUsedInOperatingActivities,USD,2024-08-01,10-Q,2023-06-30,through_ocf,True,,,0.146139,0.285545,4.281188,-0.288713,0.08396
2024Q4,2024-12-23,EBF,33002,"ENNIS, INC.",$100M-$500M,,218054000,RevenueFromContractWithCustomerExcludingAssessedTax,USD,2024-10-03,10-Q,2023-08-31,22545000,NetIncomeLoss,USD,2024-10-03,10-Q,2023-08-31,399190000,Assets,USD,2024-10-03,10-Q,2024-02-29,-12922000,NetCashProvidedByUsedInFinancingActivities,USD,2024-10-03,10-Q,2023-08-31,-15640000,NetCashProvidedByUsedInInvestingActivities,USD,2024-10-03,10-Q,2023-08-31,34934000,NetCashProvidedByUsedInOperatingActivities,USD,2024-10-03,10-Q,2023-08-31,through_ocf,True,,,0.103392,0.160208,1.830693,-0.059261,-0.071725
2024Q4,2024-10-02,EBS,1367644,EMERGENT BIOSOLUTIONS INC.,$500M-$1B,,502200000,Revenues,USD,2024-08-07,10-Q,2023-06-30,-186200000,NetIncomeLoss,USD,2024-08-07,10-Q,2023-03-31,1823200000,Assets,USD,2024-08-07,10-Q,2023-12-31,-497400000,NetCashProvidedByUsedInFinancingActivities,USD,2024-08-07,10-Q,2023-06-30,242600000,NetCashProvidedByUsedInInvestingActivities,USD,2024-08-07,10-Q,2023-06-30,-298400000,NetCashProvidedByUsedInOperatingActivities,USD,2024-08-07,10-Q,2023-06-30,through_ocf,True,,,-0.370769,-0.594186,3.630426,-0.990442,0.483074
2024Q4,2024-10-29,ECL,31462,ECOLAB INC.,$2B-$10B,,7423700000,RevenueFromContractWithCustomerExcludingAssessedTax,USD,2024-08-02,10-Q,2023-06-30,563100000,NetIncomeLoss,USD,2024-08-02,10-Q,2023-06-30,21846600000,Assets,USD,2024-08-02,10-Q,2023-12-31,-322200000,NetCashProvidedByUsedInFinancingActivities,USD,2024-08-02,10-Q,2023-06-30,-463500000,NetCashProvidedByUsedInInvestingActivities,USD,2024-08-02,10-Q,2023-06-30,771600000,NetCashProvidedByUsedInOperatingActivities,USD,2024-08-02,10-Q,2023-06-30,through_ocf,True,,,0.075852,0.103937,2.942818,-0.043402,-0.062435
2024Q4,2024-11-06,ECPG,1084961,"ENCORE CAPITAL GROUP, INC.",$500M-$1B,,945293000,Revenues,USD,2024-11-06,10-Q,2023-09-30,64270000,NetIncomeLoss,USD,2024-11-06,10-Q,2023-09-30,4630486000,Assets,USD,2024-11-06,10-Q,2023-12-31,158872000,NetCashProvidedByUsedInFinancingActivities,USD,2024-11-06,10-Q,2023-09-30,-270726000,NetCashProvidedByUsedInInvestingActivities,USD,2024-11-06,10-Q,2023-09-30,116211000,NetCashProvidedByUsedInOperatingActivities,USD,2024-11-06,10-Q,2023-09-30,through_ocf,True,,,0.06799,0.122936,4.898466,0.168066,-0.286394
2024Q4,2024-10-31,ECVT,1708035,Ecovyst Inc.,$100M-$500M,,344984000,RevenueFromContractWithCustomerExcludingAssessedTax,USD,2024-08-02,10-Q,2023-06-30,-1471000,NetIncomeLoss,USD,2024-08-02,10-Q,2023-03-31,1837751000,Assets,USD,2024-08-02,10-Q,2023-12-31,-79878000,NetCashProvidedByUsedInFinancingActivities,USD,2024-08-02,10-Q,2023-06-30,-39227000,NetCashProvidedByUsedInInvestingActivities,USD,2024-08-02,10-Q,2023-06-30,41140000,NetCashProvidedByUsedInOperatingActivities,USD,2024-08-02,10-Q,2023-06-30,through_ocf,True,,,-0.004264,0.119252,5.327062,-0.231541,-0.113707
2024Q4,2024-11-07,ED,1047862,"Consolidated Edison, Inc.",>$10B,,11219000000,Revenues,USD,2024-11-07,10-Q,2023-09-30,2185000000,NetIncomeLoss,USD,2024-11-07,10-Q,2023-09-30,66331000000,Assets,USD,2024-11-07,10-Q,2023-12-31,-2517000000,NetCashProvidedByUsedInFinancingActivities,USD,2024-11-07,10-Q,2023-09-30,352000000,NetCashProvidedByUsedInInvestingActivities,USD,2024-11-07,10-Q,2023-09-30,1181000000,NetCashProvidedByUsedInOperatingActivities,USD,2024-11-07,10-Q,2023-09-30,through_ocf,True,,,0.194759,0.105268,5.912381,-0.224352,0.031375
2024Q4,2024-11-06,EE,0001888447,"Excelerate Energy, Inc.",$500M-$1B,,643428000,Revenues,USD,2024-08-09,10-Q,2023-06-30,12844000,ProfitLoss,USD,2023-08-10,10-Q,2022-03-31,2860379000,Assets,USD,2024-08-09,10-Q,2023-12-31,210463000,NetCashProvidedByUsedInFinancingActivities,USD,2024-08-09,10-Q,2023-06-30,-288687000,NetCashProvidedByUsedInInvestingActivities,USD,2024-08-09,10-Q,2023-06-30,24479000,NetCashProvidedByUsedInOperatingActivities,USD,2024-08-09,10-Q,2023-06-30,through_ocf,True,,,0.019962,0.038045,4.445531,0.327096,-0.44867
2024Q4,2024-10-24,EEFT,1029199,"Euronet Worldwide, Inc.",$1B-$2B,,1726300000,Revenues,USD,2024-08-02,10-Q,2023-06-30,106200000,NetIncomeLoss,USD,2024-08-02,10-Q,2023-06-30,5894400000,Assets,USD,2024-08-02,10-Q,2023-12-31,104400000,NetCashProvidedByUsedInFinancingActivities,USD,2024-08-02,10-Q,2023-06-30,-45500000,NetCashProvidedByUsedInInvestingActivities,USD,2024-08-02,10-Q,2023-06-30,220200000,NetCashProvidedByUsedInOperatingActivities,USD,2024-08-02,10-Q,2023-06-30,through_ocf,True,,,0.061519,0.127556,3.41447,0.060476,-0.026357
2024Q4,2024-10-30,EEX,1579214,"Emerald Holding, Inc.",$100M-$500M,,281300000,RevenueFromContractWithCustomerExcludingAssessedTax,USD,2024-10-30,10-Q,2023-09-30,9700000,ProfitLoss,USD,2024-10-30,10-Q,2023-09-30,1053900000,Assets,USD,2024-10-30,10-Q,2023-12-31,-44600000,NetCashProvidedByUsedInFinancingActivities,USD,2024-10-30,10-Q,2023-09-30,-18900000,NetCashProvidedByUsedInInvestingActivities,USD,2024-10-30,10-Q,2023-09-30,24700000,NetCashProvidedByUsedInOperatingActivities,USD,2024-10-30,10-Q,2023-09-30,through_ocf,True,,,0.034483,0.087807,3.746534,-0.15855,-0.067188
2024Q4,2024-10-16,EFX,33185,EQUIFAX INC.,$2B-$10B,,2619600000,RevenueFromContractWithCustomerExcludingAssessedTax,USD,2024-07-22,10-Q,2023-06-30,250600000,NetIncomeLoss,USD,2024-07-22,10-Q,2023-06-30,12280000000,Assets,USD,2024-07-22,10-Q,2023-12-31,-217200000,NetCashProvidedByUsedInFinancingActivities,USD,2024-07-22,10-Q,2023-06-30,-318700000,NetCashProvidedByUsedInInvestingActivities,USD,2024-07-22,10-Q,2023-06-30,413000000,NetCashProvidedByUsedInOperatingActivities,USD,2024-07-22,10-Q,2023-06-30,through_ocf,True,,,0.095663,0.157658,4.687739,-0.082913,-0.12166
2024Q4,2024-10-30,EG,1095073,"Everest Group, Ltd.",$2B-$10B,,6936000000,Revenues,USD,2024-08-02,10-Q,2023-06-30,1035000000,NetIncomeLoss,USD,2024-08-02,10-Q,2023-06-30,49399000000,Assets,USD,2024-08-02,10-Q,2023-12-31,1269000000,NetCashProvidedByUsedInFinancingActivities,USD,2024-08-02,10-Q,2023-06-30,-2752000000,NetCashProvidedByUsedInInvestingActivities,USD,2024-08-02,10-Q,2023-06-30,2158000000,NetCashProvidedByUsedInOperatingActivities,USD,2024-08-02,10-Q,2023-06-30,through_ocf,True,,,0.149221,0.31113,7.122116,0.182958,-0.39677
2024Q4,2024-11-06,EHAB,0001803737,"Enhabit, Inc.",$500M-$1B,,527400000,RevenueFromContractWithCustomerExcludingAssessedTax,USD,2024-08-08,10-Q,2023-06-30,-71700000,NetIncomeLoss,USD,2024-08-08,10-Q,2023-06-30,1433600000,Assets,USD,2024-08-08,10-Q,2023-12-31,-25900000,NetCashProvidedByUsedInFinancingActivities,USD,2024-08-08,10-Q,2023-06-30,-4000000,NetCashProvidedByUsedInInvestingActivities,USD,2024-08-08,10-Q,2023-06-30,39200000,NetCashProvidedByUsedInOperatingActivities,USD,2024-08-08,10-Q,2023-06-30,through_ocf,True,,,-0.13595,0.074327,2.71824,-0.049109,-0.007584
2024Q4,2024-10-30,EIG,1379041,"EMPLOYERS HOLDINGS, INC.",$100M-$500M,,421700000,Revenues,USD,2024-08-02,10-Q,2023-06-30,58500000,NetIncomeLoss,USD,2024-08-02,10-Q,2023-06-30,3550400000,Assets,USD,2024-08-02,10-Q,2023-12-31,-138900000,NetCashProvidedByUsedInFinancingActivities,USD,2024-08-02,10-Q,2023-06-30,119400000,NetCashProvidedByUsedInInvestingActivities,USD,2024-08-02,10-Q,2023-06-30,-3500000,NetCashProvidedByUsedInOperatingActivities,USD,2024-08-02,10-Q,2023-06-30,through_ocf,True,,,0.138724,-0.0083,8.419255,-0.329381,0.28314
2024Q4,2024-10-29,EIX,827052,EDISON INTERNATIONAL,>$10B,,12632000000,Revenues,USD,2024-10-29,10-Q,2023-09-30,365000000,ProfitLoss,USD,2024-10-29,10-Q,2023-03-31,81758000000,Assets,USD,2024-10-29,10-Q,2023-12-31,880000000,NetCashProvidedByUsedInFinancingActivities,USD,2024-10-29,10-Q,2023-09-30,-3894000000,NetCashProvidedByUsedInInvestingActivities,USD,2024-10-29,10-Q,2023-09-30,2546000000,NetCashProvidedByUsedInOperatingActivities,USD,2024-10-29,10-Q,2023-09-30,through_ocf,True,,,0.028895,0.201552,6.472293,0.069664,-0.308265
2024Q4,2024-11-26,EMBC,0001872789,EMBECTA CORP.,$500M-$1B,,838900000,RevenueFromContractWithCustomerExcludingAssessedTax,USD,2024-08-09,10-Q,2023-06-30,64400000,NetIncomeLoss,USD,2024-08-09,10-Q,2023-06-30,1214400000,Assets,USD,2024-08-09,10-Q,2023-09-30,-39000000,NetCashProvidedByUsedInFinancingActivities,USD,2024-08-09,10-Q,2023-06-30,-17300000,NetCashProvidedByUsedInInvestingActivities,USD,2024-08-09,10-Q,2023-06-30,38100000,NetCashProvidedByUsedInOperatingActivities,USD,2024-08-09,10-Q,2023-06-30,through_ocf,True,,,0.076767,0.045417,1.44761,-0.046489,-0.020622
2024Q4,2024-10-31,EME,105634,"EMCOR Group, Inc.",$2B-$10B,,9143652000,Revenues,USD,2024-10-31,10-Q,2023-09-30,421477000,NetIncomeLoss,USD,2024-10-31,10-Q,2023-09-30,6609721000,Assets,USD,2024-10-31,10-Q,2023-12-31,-276157000,NetCashProvidedByUsedInFinancingActivities,USD,2024-10-31,10-Q,2023-09-30,-134032000,NetCashProvidedByUsedInInvestingActivities,USD,2024-10-31,10-Q,2023-09-30,475897000,NetCashProvidedByUsedInOperatingActivities,USD,2024-10-31,10-Q,2023-09-30,through_ocf,True,,,0.046095,0.052047,0.722875,-0.030202,-0.014658
2024Q4,2024-11-05,EMR,32604,Emerson Electric Co.,>$10B,,11075000000,RevenueFromContractWithCustomerExcludingAssessedTax,USD,2024-08-07,10-Q,2023-06-30,12475000000,NetIncomeLoss,USD,2024-08-07,10-Q,2023-06-30,42746000000,Assets,USD,2024-08-07,10-Q,2023-09-30,-6302000000,NetCashProvidedByUsedInFinancingActivities,USD,2024-08-07,10-Q,2023-06-30,13100000000,NetCashProvidedByUsedInInvestingActivities,USD,2024-08-07,10-Q,2023-06-30,1280000000,NetCashProvidedByUsedInOperatingActivities,USD,2024-08-07,10-Q,2023-06-30,through_ocf,True,,,1.126411,0.115576,3.859684,-0.569029,1.182844
2024Q4,2024-11-06,ENOV,1420800,ENOVIS CORPORATION,$1B-$2B,,1252177000,RevenueFromContractWithCustomerExcludingAssessedTax,USD,2024-11-06,10-Q,2023-09-29,-36225000,NetIncomeLoss,USD,2024-11-06,10-Q,2023-09-29,4509334000,Assets,USD,2024-11-06,10-Q,2023-12-31,125008000,NetCashProvidedByUsedInFinancingActivities,USD,2024-11-06,10-Q,2023-09-29,-183095000,NetCashProvidedByUsedInInvestingActivities,USD,2024-11-06,10-Q,2023-09-29,66573000,NetCashProvidedByUsedInOperatingActivities,USD,2024-11-06,10-Q,2023-09-29,through_ocf,True,,,-0.02893,0.053166,3.601195,0.099833,-0.146221
2024Q4,2024-10-22,ENPH,1463101,"Enphase Energy, Inc.",$1B-$2B,,1988216000,RevenueFromContractWithCustomerExcludingAssessedTax,USD,2024-10-22,10-Q,2023-09-30,418017000,NetIncomeLoss,USD,2024-10-22,10-Q,2023-09-30,3383012000,Assets,USD,2024-10-22,10-Q,2023-12-31,-401785000,NetCashProvidedByUsedInFinancingActivities,USD,2024-10-22,10-Q,2023-09-30,-442392000,NetCashProvidedByUsedInInvestingActivities,USD,2024-10-22,10-Q,2023-09-30,661330000,NetCashProvidedByUsedInOperatingActivities,USD,2024-10-22,10-Q,2023-09-30,through_ocf,True,,,0.210247,0.332625,1.701531,-0.202083,-0.222507
2024Q4,2024-11-19,ENR,1632790,"ENERGIZER HOLDINGS, INC.",$2B-$10B,,3050100000,RevenueFromContractWithCustomerExcludingAssessedTax,USD,2024-11-19,10-K,2022-09-30,-231500000,NetIncomeLoss,USD,2024-11-19,10-K,2022-09-30,4509600000,Assets,USD,2024-11-19,10-K,2023-09-30,79100000,NetCashProvidedByUsedInFinancingActivities,USD,2024-11-19,10-K,2022-09-30,-90900000,NetCashProvidedByUsedInInvestingActivities,USD,2024-11-19,10-K,2022-09-30,1000000,NetCashProvidedByUsedInOperatingActivities,USD,2024-11-19,10-K,2022-09-30,through_ocf,True,,,-0.075899,0.000328,1.478509,0.025934,-0.029802
2024Q4,2024-11-06,ENS,1289308,EnerSys,$100M-$500M,,186052000,Revenues,USD,2020-06-01,10-K,2018-03-31,132026000,NetIncomeLoss,USD,2024-11-06,10-Q,2023-10-01,3466006000,Assets,USD,2024-11-06,10-Q,2024-03-31,-153468000,NetCashProvidedByUsedInFinancingActivities,USD,2024-11-06,10-Q,2023-10-01,-42117000,NetCashProvidedByUsedInInvestingActivities,USD,2024-11-06,10-Q,2023-10-01,185723000,NetCashProvidedByUsedInOperatingActivities,USD,2024-11-06,10-Q,2023-10-01,through_ocf,True,,,0.709619,0.998232,18.629233,-0.824866,-0.226372
2024Q4,2024-10-24,ENSG,1125376,"Ensign Group, Inc",$2B-$10B,,2748977000,RevenueFromContractWithCustomerExcludingAssessedTax,USD,2024-10-24,10-Q,2023-09-30,59852000,NetIncomeLoss,USD,2024-10-24,10-Q,2023-03-31,4177541000,Assets,USD,2024-10-24,10-Q,2023-12-31,-2043000,NetCashProvidedByUsedInFinancingActivities,USD,2024-10-24,10-Q,2023-09-30,-137754000,NetCashProvidedByUsedInInvestingActivities,USD,2024-10-24,10-Q,2023-09-30,291397000,NetCashProvidedByUsedInOperatingActivities,USD,2024-10-24,10-Q,2023-09-30,through_ocf,True,,,0.021772,0.106002,1.519671,-0.000743,-0.050111
2024Q4,2024-11-04,ENTG,1101302,"Entegris, Inc.",$2B-$10B,,2711635000,RevenueFromContractWithCustomerExcludingAssessedTax,USD,2024-11-04,10-Q,2023-09-30,-88166000,NetIncomeLoss,USD,2024-11-04,10-Q,2023-04-01,8812591000,Assets,USD,2024-11-04,10-Q,2023-12-31,-417467000,NetCashProvidedByUsedInFinancingActivities,USD,2024-11-04,10-Q,2023-09-30,-22726000,NetCashProvidedByUsedInInvestingActivities,USD,2024-11-04,10-Q,2023-09-30,486371000,NetCashProvidedByUsedInOperatingActivities,USD,2024-11-04,10-Q,2023-09-30,through_ocf,True,,,-0.032514,0.179364,3.249918,-0.153954,-0.008381
2024Q4,2024-10-22,ENVA,1529864,"Enova International, Inc.",$500M-$1B,,982687000,Revenues,USD,2024-07-24,10-Q,2023-06-30,99068000,NetIncomeLoss,USD,2024-07-24,10-Q,2023-06-30,3907907000,Assets,USD,2024-07-24,10-Q,2023-06-30,-15069000,NetCashProvidedByUsedInFinancingActivities,USD,2024-07-24,10-Q,2023-06-30,-483477000,NetCashProvidedByUsedInInvestingActivities,USD,2024-07-24,10-Q,2023-06-30,581339000,NetCashProvidedByUsedInOperatingActivities,USD,2024-07-24,10-Q,2023-06-30,through_ocf,True,,,0.100813,0.591581,3.976757,-0.015334,-0.491995
2024Q4,2024-11-07,EPAM,1352010,"EPAM SYSTEMS, INC.",$2B-$10B,,3533283000,RevenueFromContractWithCustomerExcludingAssessedTax,USD,2024-11-07,10-Q,2023-09-30,102292000,NetIncomeLoss,USD,2024-11-07,10-Q,2023-03-31,4352365000,Assets,USD,2024-11-07,10-Q,2023-12-31,-143417000,NetCashProvidedByUsedInFinancingActivities,USD,2024-11-07,10-Q,2023-09-30,-46071000,NetCashProvidedByUsedInInvestingActivities,USD,2024-11-07,10-Q,2023-09-30,391265000,NetCashProvidedByUsedInOperatingActivities,USD,2024-11-07,10-Q,2023-09-30,through_ocf,True,,,0.028951,0.110737,1.231819,-0.04059,-0.013039
2024Q4,2024-11-07,EPC,1096752,EDGEWELL PERSONAL CARE COMPANY,$1B-$2B,,1717500000,Revenues,USD,2024-08-06,10-Q,2023-06-30,12400000,NetIncomeLoss,USD,2024-08-06,10-Q,2022-12-31,3740700000,Assets,USD,2024-08-06,10-Q,2023-09-30,-132300000,NetCashProvidedByUsedInFinancingActivities,USD,2024-08-06,10-Q,2023-06-30,-31600000,NetCashProvidedByUsedInInvestingActivities,USD,2024-08-06,10-Q,2023-06-30,168300000,NetCashProvidedByUsedInOperatingActivities,USD,2024-08-06,10-Q,2023-06-30,through_ocf,True,,,0.00722,0.097991,2.177991,-0.077031,-0.018399
2024Q4,2024-11-12,EPM,1006655,Evolution Petroleum Corp,$100M-$500M,,128514000,RevenueFromContractWithCustomerExcludingAssessedTax,USD,2024-09-11,10-K,2023-06-30,35217000,NetIncomeLoss,USD,2024-09-11,10-K,2023-06-30,128317000,Assets,USD,2024-09-11,10-K,2023-06-30,-41526000,NetCashProvidedByUsedInFinancingActivities,USD,2024-09-11,10-K,2023-06-30,-6992000,NetCashProvidedByUsedInInvestingActivities,USD,2024-09-11,10-K,2023-06-30,51272000,NetCashProvidedByUsedInOperatingActivities,USD,2024-09-11,10-K,2023-06-30,through_ocf,True,,,0.274032,0.39896,0.998467,-0.323124,-0.054407
2024Q4,2024-10-30,EQIX,1101239,"EQUINIX, INC.",$2B-$10B,,6078000000,RevenueFromContractWithCustomerExcludingAssessedTax,USD,2024-10-30,10-Q,2023-09-30,742000000,NetIncomeLoss,USD,2024-10-30,10-Q,2023-09-30,32651000000,Assets,USD,2024-10-30,10-Q,2023-12-31,233000000,NetCashProvidedByUsedInFinancingActivities,USD,2024-10-30,10-Q,2023-09-30,-1943000000,NetCashProvidedByUsedInInvestingActivities,USD,2024-10-30,10-Q,2023-09-30,2218000000,NetCashProvidedByUsedInOperatingActivities,USD,2024-10-30,10-Q,2023-09-30,through_ocf,True,,,0.12208,0.364923,5.371997,0.038335,-0.319678
2024Q4,2024-10-30,EQR,906107,EQUITY RESIDENTIAL,$500M-$1B,,662494000,Revenues,USD,2020-05-07,10-Q,2019-03-31,351238000,NetIncomeLoss,USD,2024-08-01,10-Q,2023-06-30,20034564000,Assets,USD,2024-08-01,10-Q,2023-12-31,-487231000,NetCashProvidedByUsedInFinancingActivities,USD,2024-08-01,10-Q,2023-06-30,-271279000,NetCashProvidedByUsedInInvestingActivities,USD,2024-08-01,10-Q,2023-06-30,745980000,NetCashProvidedByUsedInOperatingActivities,USD,2024-08-01,10-Q,2023-06-30,through_ocf,True,,,0.530175,1.126018,30.241125,-0.73545,-0.409481
2024Q4,2024-10-31,ERIE,922621,ERIE INDEMNITY COMPANY,$2B-$10B,,2451273000,RevenueFromContractWithCustomerExcludingAssessedTax,USD,2024-10-31,10-Q,2023-09-30,86241000,NetIncomeLoss,USD,2024-10-31,10-Q,2023-03-31,2471964000,Assets,USD,2024-10-31,10-Q,2023-12-31,-166256000,NetCashProvidedByUsedInFinancingActivities,USD,2024-10-31,10-Q,2023-09-30,-105730000,NetCashProvidedByUsedInInvestingActivities,USD,2024-10-31,10-Q,2023-09-30,232769000,NetCashProvidedByUsedInOperatingActivities,USD,2024-10-31,10-Q,2023-09-30,through_ocf,True,,,0.035182,0.094958,1.008441,-0.067824,-0.043133
2024Q4,2024-11-04,ES,72741,EVERSOURCE                                    ENERGY,$2B-$10B,,6424985000,Revenues,USD,2024-08-02,10-Q,2023-06-30,493039000,ProfitLoss,USD,2024-08-02,10-Q,2023-03-31,55612245000,Assets,USD,2024-08-02,10-Q,2023-12-31,1406638000,NetCashProvidedByUsedInFinancingActivities,USD,2024-08-02,10-Q,2023-06-30,-2397675000,NetCashProvidedByUsedInInvestingActivities,USD,2024-08-02,10-Q,2023-06-30,647277000,NetCashProvidedByUsedInOperatingActivities,USD,2024-08-02,10-Q,2023-06-30,through_ocf,True,,,0.076738,0.100744,8.655623,0.218932,-0.37318
2024Q4,2024-11-14,ESE,866706,ESCO TECHNOLOGIES INC.,$500M-$1B,,683386000,RevenueFromContractWithCustomerExcludingAssessedTax,USD,2024-08-09,10-Q,2023-06-30,60548000,NetIncomeLoss,USD,2024-08-09,10-Q,2023-06-30,1683214000,Assets,USD,2024-08-09,10-Q,2023-09-30,-26147000,NetCashProvidedByUsedInFinancingActivities,USD,2024-08-09,10-Q,2023-06-30,-43950000,NetCashProvidedByUsedInInvestingActivities,USD,2024-08-09,10-Q,2023-06-30,29202000,NetCashProvidedByUsedInOperatingActivities,USD,2024-08-09,10-Q,2023-06-30,through_ocf,True,,,0.0886,0.042731,2.46305,-0.038261,-0.064312
2024Q4,2024-10-21,ESRT,1541401,"EMPIRE STATE REALTY TRUST, INC.",$100M-$500M,,355164000,Revenues,USD,2024-10-08,10-Q,2023-06-30,48649000,ProfitLoss,USD,2024-10-08,10-Q,2023-06-30,4184768000,Assets,USD,2024-10-08,10-Q,2023-06-30,-37520000,NetCashProvidedByUsedInFinancingActivities,USD,2024-10-08,10-Q,2023-06-30,12744000,NetCashProvidedByUsedInInvestingActivities,USD,2024-10-08,10-Q,2023-06-30,105906000,NetCashProvidedByUsedInOperatingActivities,USD,2024-10-08,10-Q,2023-06-30,through_ocf,True,,,0.136976,0.298189,11.782636,-0.105641,0.035882
2024Q4,2024-10-29,ESS,920522,"ESSEX PROPERTY TRUST, INC.",$500M-$1B,,828464000,Revenues,USD,2024-07-31,10-Q,2023-06-30,267350000,ProfitLoss,USD,2024-07-31,10-Q,2023-06-30,12361427000,Assets,USD,2024-07-31,10-Q,2023-12-31,-427373000,NetCashProvidedByUsedInFinancingActivities,USD,2024-07-31,10-Q,2023-06-30,-34521000,NetCashProvidedByUsedInInvestingActivities,USD,2024-07-31,10-Q,2023-06-30,488327000,NetCashProvidedByUsedInOperatingActivities,USD,2024-07-31,10-Q,2023-06-30,through_ocf,True,,,0.322706,0.589437,14.920898,-0.515862,-0.041669
2024Q4,2024-10-31,ETN,1551182,EATON CORPORATION plc,>$10B,,17229000000,RevenueFromContractWithCustomerExcludingAssessedTax,USD,2024-10-31,10-Q,2023-09-30,2273000000,NetIncomeLoss,USD,2024-10-31,10-Q,2023-09-30,38432000000,Assets,USD,2024-10-31,10-Q,2023-12-31,-507000000,NetCashProvidedByUsedInFinancingActivities,USD,2024-10-31,10-Q,2023-09-30,-1782000000,NetCashProvidedByUsedInInvestingActivities,USD,2024-10-31,10-Q,2023-09-30,2326000000,NetCashProvidedByUsedInOperatingActivities,USD,2024-10-31,10-Q,2023-09-30,through_ocf,True,,,0.131929,0.135005,2.230658,-0.029427,-0.10343
2024Q4,2024-10-31,ETR,65984,Entergy Corporation,$2B-$10B,,5827085000,RevenueFromContractWithCustomerExcludingAssessedTax,USD,2024-08-02,10-Q,2023-06-30,312299000,ProfitLoss,USD,2024-08-02,10-Q,2023-03-31,59703396000,Assets,USD,2024-08-02,10-Q,2023-12-31,1589637000,NetCashProvidedByUsedInFinancingActivities,USD,2024-08-02,10-Q,2023-06-30,-2445431000,NetCashProvidedByUsedInInvestingActivities,USD,2024-08-02,10-Q,2023-06-30,1825972000,NetCashProvidedByUsedInOperatingActivities,USD,2024-08-02,10-Q,2023-06-30,through_ocf,True,,,0.053594,0.313359,10.245843,0.272801,-0.419666
2024Q4,2024-11-12,EVCM,1853145,EverCommerce Inc.,$500M-$1B,,505929000,RevenueFromContractWithCustomerExcludingAssessedTax,USD,2024-11-12,10-Q,2023-09-30,-20775000,NetIncomeLoss,USD,2024-11-12,10-Q,2023-03-31,1518064000,Assets,USD,2024-11-12,10-Q,2023-12-31,-41646000,NetCashProvidedByUsedInFinancingActivities,USD,2024-11-12,10-Q,2023-09-30,-31826000,NetCashProvidedByUsedInInvestingActivities,USD,2024-11-12,10-Q,2023-09-30,68587000,NetCashProvidedByUsedInOperatingActivities,USD,2024-11-12,10-Q,2023-09-30,through_ocf,True,,,-0.041063,0.135566,3.000548,-0.082316,-0.062906
2024Q4,2024-11-04,EVER,1640428,"EverQuote, Inc.",$100M-$500M,,177205000,RevenueFromContractWithCustomerExcludingAssessedTax,USD,2024-08-06,10-Q,2023-06-30,-2529000,NetIncomeLoss,USD,2024-08-06,10-Q,2023-03-31,110925000,Assets,USD,2024-08-06,10-Q,2023-12-31,108000,NetCashProvidedByUsedInFinancingActivities,USD,2024-08-06,10-Q,2023-06-30,-2022000,NetCashProvidedByUsedInInvestingActivities,USD,2024-08-06,10-Q,2023-06-30,2111000,NetCashProvidedByUsedInOperatingActivities,USD,2024-08-06,10-Q,2023-06-30,through_ocf,True,,,-0.014272,0.011913,0.62597,0.000609,-0.011411
2024Q4,2024-11-07,EVH,1628908,"Evolent Health, Inc.",$500M-$1B,,896826000,RevenueFromContractWithCustomerExcludingAssessedTax,USD,2024-08-09,10-Q,2023-06-30,-54305000,NetIncomeLoss,USD,2024-08-09,10-Q,2023-06-30,2680308000,Assets,USD,2024-08-09,10-Q,2023-12-31,403059000,NetCashProvidedByUsedInFinancingActivities,USD,2024-08-09,10-Q,2023-06-30,-403347000,NetCashProvidedByUsedInInvestingActivities,USD,2024-08-09,10-Q,2023-06-30,-7320000,NetCashProvidedByUsedInOperatingActivities,USD,2024-08-09,10-Q,2023-06-30,through_ocf,True,,,-0.060552,-0.008162,2.98866,0.449428,-0.449749
2024Q4,2024-11-07,EVRG,1711269,"EVERGY, INC.",$2B-$10B,,4320300000,Revenues,USD,2024-11-07,10-Q,2023-09-30,673300000,NetIncomeLoss,USD,2024-11-07,10-Q,2023-09-30,30976100000,Assets,USD,2024-11-07,10-Q,2023-12-31,256000000,NetCashProvidedByUsedInFinancingActivities,USD,2024-11-07,10-Q,2023-09-30,-1791900000,NetCashProvidedByUsedInInvestingActivities,USD,2024-11-07,10-Q,2023-09-30,1551700000,NetCashProvidedByUsedInOperatingActivities,USD,2024-11-07,10-Q,2023-09-30,through_ocf,True,,,0.155846,0.359165,7.169896,0.059255,-0.414763
2024Q4,2024-11-06,EVTC,1559865,"EVERTEC, Inc.",$100M-$500M,,326890000,RevenueFromContractWithCustomerExcludingAssessedTax,USD,2024-08-01,10-Q,2023-06-30,58207000,NetIncomeLoss,USD,2024-08-01,10-Q,2023-06-30,2060263000,Assets,USD,2024-08-01,10-Q,2023-12-31,-53036000,NetCashProvidedByUsedInFinancingActivities,USD,2024-08-01,10-Q,2023-06-30,-58371000,NetCashProvidedByUsedInInvestingActivities,USD,2024-08-01,10-Q,2023-06-30,120651000,NetCashProvidedByUsedInOperatingActivities,USD,2024-08-01,10-Q,2023-06-30,through_ocf,True,,,0.178063,0.369087,6.302619,-0.162244,-0.178565
2024Q4,2024-10-24,EW,1099800,EDWARDS LIFESCIENCES CORPORATION,$2B-$10B,,2533200000,RevenueFromContractWithCustomerExcludingAssessedTax,USD,2024-07-31,10-Q,2023-06-30,647600000,NetIncomeLoss,USD,2024-07-31,10-Q,2023-06-30,9363200000,Assets,USD,2024-07-31,10-Q,2023-12-31,-154500000,NetCashProvidedByUsedInFinancingActivities,USD,2024-07-31,10-Q,2023-06-30,70700000,NetCashProvidedByUsedInInvestingActivities,USD,2024-07-31,10-Q,2023-06-30,347700000,NetCashProvidedByUsedInOperatingActivities,USD,2024-07-31,10-Q,2023-06-30,through_ocf,True,,,0.255645,0.137257,3.696195,-0.06099,0.027909
2024Q4,2024-11-05,EXAS,1124140,EXACT SCIENCES CORP,$1B-$2B,,1852881000,RevenueFromContractWithCustomerExcludingAssessedTax,USD,2024-11-05,10-Q,2023-09-30,-74151000,NetIncomeLoss,USD,2024-11-05,10-Q,2023-03-31,6471334000,Assets,USD,2024-11-05,10-Q,2023-12-31,149729000,NetCashProvidedByUsedInFinancingActivities,USD,2024-11-05,10-Q,2023-09-30,116446000,NetCashProvidedByUsedInInvestingActivities,USD,2024-11-05,10-Q,2023-09-30,86570000,NetCashProvidedByUsedInOperatingActivities,USD,2024-11-05,10-Q,2023-09-30,through_ocf,True,,,-0.040019,0.046722,3.492579,0.080809,0.062846
2024Q4,2024-10-30,EXC,1109357,EXELON CORPORATION,>$10B,,16360000000,Revenues,USD,2024-10-30,10-Q,2023-09-30,669000000,ProfitLoss,USD,2024-10-30,10-Q,2023-03-31,101546000000,Assets,USD,2024-10-30,10-Q,2023-12-31,2080000000,NetCashProvidedByUsedInFinancingActivities,USD,2024-10-30,10-Q,2023-09-30,-5515000000,NetCashProvidedByUsedInInvestingActivities,USD,2024-10-30,10-Q,2023-09-30,3292000000,NetCashProvidedByUsedInOperatingActivities,USD,2024-10-30,10-Q,2023-09-30,through_ocf,True,,,0.040892,0.201222,6.206968,0.127139,-0.337103
2024Q4,2024-10-29,EXE,895126,EXPAND ENERGY CORPORATION,$2B-$10B,,6773000000,Revenues,USD,2024-10-29,10-Q,2023-09-30,1389000000,NetIncomeLoss,USD,2024-10-29,10-Q,2023-03-31,14376000000,Assets,USD,2024-10-29,10-Q,2023-12-31,-1684000000,NetCashProvidedByUsedInFinancingActivities,USD,2024-10-29,10-Q,2023-09-30,368000000,NetCashProvidedByUsedInInvestingActivities,USD,2024-10-29,10-Q,2023-09-30,1910000000,NetCashProvidedByUsedInOperatingActivities,USD,2024-10-29,10-Q,2023-09-30,through_ocf,True,,,0.205079,0.282002,2.122545,-0.248634,0.054333
2024Q4,2024-10-29,EXEL,939767,"EXELIXIS, INC.",$1B-$2B,,1350556000,RevenueFromContractWithCustomerExcludingAssessedTax,USD,2024-10-29,10-Q,2023-09-29,122247000,NetIncomeLoss,USD,2024-10-29,10-Q,2023-09-29,2942357000,Assets,USD,2024-10-29,10-Q,2023-12-29,-339879000,NetCashProvidedByUsedInFinancingActivities,USD,2024-10-29,10-Q,2023-09-29,-88692000,NetCashProvidedByUsedInInvestingActivities,USD,2024-10-29,10-Q,2023-09-29,322753000,NetCashProvidedByUsedInOperatingActivities,USD,2024-10-29,10-Q,2023-09-29,through_ocf,True,,,0.090516,0.238978,2.178626,-0.251659,-0.065671
2024Q4,2024-10-29,EXLS,1297989,"EXLSERVICE HOLDINGS, INC.",$500M-$1B,,805639000,RevenueFromContractWithCustomerExcludingAssessedTax,USD,2024-08-01,10-Q,2023-06-30,100399000,NetIncomeLoss,USD,2024-08-01,10-Q,2023-06-30,1441972000,Assets,USD,2024-08-01,10-Q,2023-12-31,-101833000,NetCashProvidedByUsedInFinancingActivities,USD,2024-08-01,10-Q,2023-06-30,11786000,NetCashProvidedByUsedInInvestingActivities,USD,2024-08-01,10-Q,2023-06-30,63559000,NetCashProvidedByUsedInOperatingActivities,USD,2024-08-01,10-Q,2023-06-30,through_ocf,True,,,0.12462,0.078893,1.789849,-0.1264,0.014629
2024Q4,2024-11-05,EXPD,746515,"EXPEDITORS INTERNATIONAL OF WASHINGTON, INC.",$2B-$10B,,7022342000,RevenueFromContractWithCustomerExcludingAssessedTax,USD,2024-11-05,10-Q,2023-09-30,594164000,NetIncomeLoss,USD,2024-11-05,10-Q,2023-09-30,4578121000,Assets,USD,2024-11-05,10-Q,2023-09-30,-1247436000,NetCashProvidedByUsedInFinancingActivities,USD,2024-11-05,10-Q,2023-09-30,-28809000,NetCashProvidedByUsedInInvestingActivities,USD,2024-11-05,10-Q,2023-09-30,894838000,NetCashProvidedByUsedInOperatingActivities,USD,2024-11-05,10-Q,2023-09-30,through_ocf,True,,,0.084611,0.127427,0.651936,-0.177638,-0.004102
2024Q4,2024-11-07,EXPE,1324424,"EXPEDIA GROUP, INC.",$2B-$10B,,6023000000,RevenueFromContractWithCustomerExcludingAssessedTax,USD,2024-08-09,10-Q,2023-06-30,240000000,NetIncomeLoss,USD,2024-08-09,10-Q,2023-06-30,21642000000,Assets,USD,2024-08-09,10-Q,2023-12-31,-1018000000,NetCashProvidedByUsedInFinancingActivities,USD,2024-08-09,10-Q,2023-06-30,-388000000,NetCashProvidedByUsedInInvestingActivities,USD,2024-08-09,10-Q,2023-06-30,4303000000,NetCashProvidedByUsedInOperatingActivities,USD,2024-08-09,10-Q,2023-06-30,through_ocf,True,,,0.039847,0.714428,3.593226,-0.169019,-0.06442
2024Q4,2024-11-07,EXPI,1495932,"eXp World Holdings, Inc.",$2B-$10B,,3292362000,RevenueFromContractWithCustomerExcludingAssessedTax,USD,2024-11-07,10-Q,2023-09-30,12224000,ProfitLoss,USD,2024-11-07,10-Q,2023-09-30,385668000,Assets,USD,2024-11-07,10-Q,2023-12-31,-150843000,NetCashProvidedByUsedInFinancingActivities,USD,2024-11-07,10-Q,2023-09-30,-11318000,NetCashProvidedByUsedInInvestingActivities,USD,2024-11-07,10-Q,2023-09-30,176516000,NetCashProvidedByUsedInOperatingActivities,USD,2024-11-07,10-Q,2023-09-30,through_ocf,True,,,0.003713,0.053614,0.11714,-0.045816,-0.003438
2024Q4,2024-10-29,EXR,1289490,EXTRA SPACE STORAGE INC.,$1B-$2B,,1014436000,Revenues,USD,2024-08-02,10-Q,2023-06-30,398714000,NetIncomeLoss,USD,2024-08-02,10-Q,2023-06-30,27456262000,Assets,USD,2024-08-02,10-Q,2023-12-31,-316763000,NetCashProvidedByUsedInFinancingActivities,USD,2024-08-02,10-Q,2023-06-30,-357586000,NetCashProvidedByUsedInInvestingActivities,USD,2024-08-02,10-Q,2023-06-30,629527000,NetCashProvidedByUsedInOperatingActivities,USD,2024-08-02,10-Q,2023-06-30,through_ocf,True,,,0.39304,0.620568,27.065544,-0.312255,-0.352497
2024Q4,2024-10-30,EXTR,1078271,"EXTREME NETWORKS, INC.",$1B-$2B,,1112321000,RevenueFromContractWithCustomerExcludingAssessedTax,USD,2024-08-16,10-K,2022-06-30,44271000,NetIncomeLoss,USD,2024-08-16,10-K,2022-06-30,1141707000,Assets,USD,2024-08-16,10-K,2023-06-30,-94663000,NetCashProvidedByUsedInFinancingActivities,USD,2024-08-16,10-K,2022-06-30,-84950000,NetCashProvidedByUsedInInvestingActivities,USD,2024-08-16,10-K,2022-06-30,128177000,NetCashProvidedByUsedInOperatingActivities,USD,2024-08-16,10-K,2022-06-30,through_ocf,True,,,0.039801,0.115234,1.026419,-0.085104,-0.076372
2024Q4,2024-11-06,EYE,1710155,"National Vision Holdings, Inc.",$1B-$2B,,1335418000,RevenueFromContractWithCustomerExcludingAssessedTax,USD,2024-11-06,10-Q,2023-09-30,18270000,NetIncomeLoss,USD,2024-11-06,10-Q,2023-04-01,2172511000,Assets,USD,2024-11-06,10-Q,2023-12-30,-34165000,NetCashProvidedByUsedInFinancingActivities,USD,2024-11-06,10-Q,2023-09-30,-82579000,NetCashProvidedByUsedInInvestingActivities,USD,2024-11-06,10-Q,2023-09-30,153272000,NetCashProvidedByUsedInOperatingActivities,USD,2024-11-06,10-Q,2023-09-30,through_ocf,True,,,0.013681,0.114775,1.62684,-0.025584,-0.061838
2024Q4,2024-11-13,EZPW,876523,"EZCORP, Inc.",$500M-$1B,,886225000,RevenueFromContractWithCustomerExcludingAssessedTax,USD,2024-11-13,10-K,2022-09-30,50160000,NetIncomeLoss,USD,2024-11-13,10-K,2022-09-30,1467711000,Assets,USD,2024-11-13,10-K,2023-09-30,-2832000,NetCashProvidedByUsedInFinancingActivities,USD,2024-11-13,10-K,2022-09-30,-113283000,NetCashProvidedByUsedInInvestingActivities,USD,2024-11-13,10-K,2022-09-30,66535000,NetCashProvidedByUsedInOperatingActivities,USD,2024-11-13,10-K,2022-09-30,through_ocf,True,,,0.0566,0.075077,1.656138,-0.003196,-0.127826
2024Q4,2024-11-12,FA,1210677,First Advantage Corporation,$500M-$1B,,561199000,Revenues,USD,2024-11-12,10-Q,2023-09-30,1925000,NetIncomeLoss,USD,2024-11-12,10-Q,2023-03-31,1630654000,Assets,USD,2024-11-12,10-Q,2023-12-31,-270565000,NetCashProvidedByUsedInFinancingActivities,USD,2024-11-12,10-Q,2023-09-30,-61932000,NetCashProvidedByUsedInInvestingActivities,USD,2024-11-12,10-Q,2023-09-30,106080000,NetCashProvidedByUsedInOperatingActivities,USD,2024-11-12,10-Q,2023-09-30,through_ocf,True,,,0.00343,0.189024,2.905661,-0.48212,-0.110357
2024Q4,2024-10-11,FAST,815556,FASTENAL CO,$2B-$10B,,3742200000,RevenueFromContractWithCustomerExcludingAssessedTax,USD,2024-07-17,10-Q,2023-06-30,593100000,NetIncomeLoss,USD,2024-07-17,10-Q,2023-06-30,4462900000,Assets,USD,2024-07-17,10-Q,2023-12-31,-592200000,NetCashProvidedByUsedInFinancingActivities,USD,2024-07-17,10-Q,2023-06-30,-85200000,NetCashProvidedByUsedInInvestingActivities,USD,2024-07-17,10-Q,2023-06-30,690600000,NetCashProvidedByUsedInOperatingActivities,USD,2024-07-17,10-Q,2023-06-30,through_ocf,True,,,0.15849,0.184544,1.192587,-0.158249,-0.022767
2024Q4,2024-10-23,FBP,1057706,FIRST BANCORP.,$100M-$500M,,469489000,RevenueFromContractWithCustomerExcludingAssessedTax,USD,2024-08-09,10-Q,2023-06-30,141353000,NetIncomeLoss,USD,2024-08-09,10-Q,2023-06-30,18909549000,Assets,USD,2024-08-09,10-Q,2023-12-31,375542000,NetCashProvidedByUsedInFinancingActivities,USD,2024-08-09,10-Q,2023-06-30,25031000,NetCashProvidedByUsedInInvestingActivities,USD,2024-08-09,10-Q,2023-06-30,166456000,NetCashProvidedByUsedInOperatingActivities,USD,2024-08-09,10-Q,2023-06-30,through_ocf,True,,,0.301078,0.354547,40.276873,0.799895,0.053315
2024Q4,2024-10-24,FCFS,840489,"FIRSTCASH HOLDINGS, INC.",$1B-$2B,,1513361000,Revenues,USD,2024-07-29,10-Q,2023-06-30,47388000,NetIncomeLoss,USD,2024-07-29,10-Q,2023-03-31,3959557000,Assets,USD,2024-07-29,10-Q,2023-06-30,-97898000,NetCashProvidedByUsedInFinancingActivities,USD,2024-07-29,10-Q,2023-06-30,-125299000,NetCashProvidedByUsedInInvestingActivities,USD,2024-07-29,10-Q,2023-06-30,205669000,NetCashProvidedByUsedInOperatingActivities,USD,2024-07-29,10-Q,2023-06-30,through_ocf,True,,,0.031313,0.135902,2.6164,-0.064689,-0.082795
2024Q4,2024-10-31,FDP,1047340,FRESH DEL MONTE PRODUCE INC.,$2B-$10B,,3312100000,Revenues,USD,2024-10-31,10-Q,2023-09-29,95100000,NetIncomeLoss,USD,2024-10-31,10-Q,2023-09-29,3184100000,Assets,USD,2024-10-31,10-Q,2023-12-29,-191200000,NetCashProvidedByUsedInFinancingActivities,USD,2024-10-31,10-Q,2023-09-29,69900000,NetCashProvidedByUsedInInvestingActivities,USD,2024-10-31,10-Q,2023-09-29,180100000,NetCashProvidedByUsedInOperatingActivities,USD,2024-10-31,10-Q,2023-09-29,through_ocf,True,,,0.028713,0.054376,0.961354,-0.057728,0.021104
2024Q4,2024-12-19,FDS,1013237,FACTSET RESEARCH SYSTEMS INC.,$1B-$2B,,1843892000,RevenueFromContractWithCustomerExcludingAssessedTax,USD,2024-10-29,10-K,2022-08-31,396917000,NetIncomeLoss,USD,2024-10-29,10-K,2022-08-31,3962922000,Assets,USD,2024-10-29,10-K,2023-08-31,1339234000,NetCashProvidedByUsedInFinancingActivities,USD,2024-10-29,10-K,2022-08-31,-2033675000,NetCashProvidedByUsedInInvestingActivities,USD,2024-10-29,10-K,2022-08-31,538277000,NetCashProvidedByUsedInOperatingActivities,USD,2024-10-29,10-K,2022-08-31,through_ocf,True,,,0.21526,0.291924,2.149216,0.726308,-1.102925
2024Q4,2024-10-29,FE,1031296,FIRSTENERGY CORP.,$2B-$10B,,9724000000,Revenues,USD,2024-10-29,10-Q,2023-09-30,927000000,NetIncomeLoss,USD,2024-10-29,10-Q,2023-09-30,48767000000,Assets,USD,2024-10-29,10-Q,2023-12-31,1982000000,NetCashProvidedByUsedInFinancingActivities,USD,2024-10-29,10-Q,2023-09-30,-2473000000,NetCashProvidedByUsedInInvestingActivities,USD,2024-10-29,10-Q,2023-09-30,429000000,NetCashProvidedByUsedInOperatingActivities,USD,2024-10-29,10-Q,2023-09-30,through_ocf,True,,,0.095331,0.044118,5.015117,0.203826,-0.254319
2024Q4,2024-10-29,FELE,38725,"FRANKLIN ELECTRIC CO., INC.",$1B-$2B,,1053732000,RevenueFromContractWithCustomerExcludingAssessedTax,USD,2024-07-26,10-Q,2023-06-30,96925000,NetIncomeLoss,USD,2024-07-26,10-Q,2023-06-30,1728122000,Assets,USD,2024-07-26,10-Q,2023-12-31,-5418000,NetCashProvidedByUsedInFinancingActivities,USD,2024-07-26,10-Q,2023-06-30,-26880000,NetCashProvidedByUsedInInvestingActivities,USD,2024-07-26,10-Q,2023-06-30,43026000,NetCashProvidedByUsedInOperatingActivities,USD,2024-07-26,10-Q,2023-06-30,through_ocf,True,,,0.091983,0.040832,1.640001,-0.005142,-0.025509
2024Q4,2024-10-15,FET,1401257,"FORUM ENERGY TECHNOLOGIES, INC.",$100M-$500M,,374406000,RevenueFromContractWithCustomerExcludingAssessedTax,USD,2024-08-02,10-Q,2023-06-30,-3486000,NetIncomeLoss,USD,2024-08-02,10-Q,2023-03-31,821061000,Assets,USD,2024-08-02,10-Q,2023-12-31,4123000,NetCashProvidedByUsedInFinancingActivities,USD,2024-08-02,10-Q,2023-06-30,-1703000,NetCashProvidedByUsedInInvestingActivities,USD,2024-08-02,10-Q,2023-06-30,-29491000,NetCashProvidedByUsedInOperatingActivities,USD,2024-08-02,10-Q,2023-06-30,through_ocf,True,,,-0.009311,-0.078767,2.19297,0.011012,-0.004549
2024Q4,2024-10-28,FFIV,1048695,"F5, INC.",$2B-$10B,,2106195000,RevenueFromContractWithCustomerExcludingAssessedTax,USD,2024-08-06,10-Q,2023-06-30,242814000,NetIncomeLoss,USD,2024-08-06,10-Q,2023-06-30,5248333000,Assets,USD,2024-08-06,10-Q,2023-09-30,-591913000,NetCashProvidedByUsedInFinancingActivities,USD,2024-08-06,10-Q,2023-06-30,43958000,NetCashProvidedByUsedInInvestingActivities,USD,2024-08-06,10-Q,2023-06-30,463608000,NetCashProvidedByUsedInOperatingActivities,USD,2024-08-06,10-Q,2023-06-30,through_ocf,True,,,0.115286,0.220116,2.491855,-0.281034,0.020871
2024Q4,2024-11-06,FG,0001934850,"F&G Annuities & Life, Inc.",$2B-$10B,,2037000000,Revenues,USD,2024-08-07,10-Q,2023-06-30,-65000000,NetIncomeLoss,USD,2024-08-07,10-Q,2023-06-30,70202000000,Assets,USD,2024-08-07,10-Q,2023-12-31,2157000000,NetCashProvidedByUsedInFinancingActivities,USD,2024-08-07,10-Q,2023-06-30,-4246000000,NetCashProvidedByUsedInInvestingActivities,USD,2024-08-07,10-Q,2023-06-30,2817000000,NetCashProvidedByUsedInOperatingActivities,USD,2024-08-07,10-Q,2023-06-30,through_ocf,True,,,-0.03191,1.382916,34.463427,1.05891,-2.084438
2024Q4,2024-10-25,FHB,36377,"FIRST HAWAIIAN, INC.",$100M-$500M,,423557000,Revenues,USD,2024-08-05,10-Q,2023-06-30,129260000,NetIncomeLoss,USD,2024-08-05,10-Q,2023-06-30,24926474000,Assets,USD,2024-08-05,10-Q,2023-12-31,-255169000,NetCashProvidedByUsedInFinancingActivities,USD,2024-08-05,10-Q,2023-06-30,99066000,NetCashProvidedByUsedInInvestingActivities,USD,2024-08-05,10-Q,2023-06-30,187610000,NetCashProvidedByUsedInOperatingActivities,USD,2024-08-05,10-Q,2023-06-30,through_ocf,True,,,0.305177,0.442939,58.850341,-0.602443,0.233891
2024Q4,2024-11-06,FICO,814547,FAIR ISAAC CORP,$1B-$2B,,1377270000,RevenueFromContractWithCustomerExcludingAssessedTax,USD,2024-11-06,10-K,2022-09-30,373541000,NetIncomeLoss,USD,2024-11-06,10-K,2022-09-30,1575281000,Assets,USD,2024-11-06,10-K,2023-09-30,-547165000,NetCashProvidedByUsedInFinancingActivities,USD,2024-11-06,10-K,2022-09-30,-5671000,NetCashProvidedByUsedInInvestingActivities,USD,2024-11-06,10-K,2022-09-30,509450000,NetCashProvidedByUsedInOperatingActivities,USD,2024-11-06,10-K,2022-09-30,through_ocf,True,,,0.271218,0.369898,1.143771,-0.397282,-0.004118
2024Q4,2024-11-07,FIGS,1846576,"FIGS, Inc.",$100M-$500M,,400728000,RevenueFromContractWithCustomerExcludingAssessedTax,USD,2024-11-07,10-Q,2023-09-30,1909000,NetIncomeLoss,USD,2024-11-07,10-Q,2023-03-31,473209000,Assets,USD,2024-11-07,10-Q,2023-12-31,517000,NetCashProvidedByUsedInFinancingActivities,USD,2024-11-07,10-Q,2023-09-30,-57988000,NetCashProvidedByUsedInInvestingActivities,USD,2024-11-07,10-Q,2023-09-30,80647000,NetCashProvidedByUsedInOperatingActivities,USD,2024-11-07,10-Q,2023-09-30,through_ocf,True,,,0.004764,0.201251,1.180873,0.00129,-0.144707
2024Q4,2024-11-04,FIS,1136893,"Fidelity National Information Services, Inc.",$2B-$10B,,9720000000,RevenueFromContractWithCustomerExcludingAssessedTax,USD,2024-11-04,10-Q,2022-12-31,-16752000000,NetIncomeLoss,USD,2024-11-04,10-Q,2022-12-31,54973000000,Assets,USD,2024-11-04,10-Q,2023-12-31,-2538000000,NetCashProvidedByUsedInFinancingActivities,USD,2024-02-26,10-K,2021-12-31,-1771000000,NetCashProvidedByUsedInInvestingActivities,USD,2024-02-26,10-K,2021-12-31,4810000000,NetCashProvidedByUsedInOperatingActivities,USD,2024-02-26,10-K,2021-12-31,through_ocf,True,,,-1.723457,0.494856,5.655658,-0.261111,-0.182202
2024Q4,2024-12-04,FIVE,1177609,"FIVE BELOW, INC",$1B-$2B,,1485228000,RevenueFromContractWithCustomerExcludingAssessedTax,USD,2024-08-29,10-Q,2023-07-29,37478000,NetIncomeLoss,USD,2024-08-29,10-Q,2023-04-29,3549408000,Assets,USD,2024-08-29,10-Q,2023-07-29,-15657000,NetCashProvidedByUsedInFinancingActivities,USD,2024-08-29,10-Q,2023-07-29,-151391000,NetCashProvidedByUsedInInvestingActivities,USD,2024-08-29,10-Q,2023-07-29,169268000,NetCashProvidedByUsedInOperatingActivities,USD,2024-08-29,10-Q,2023-07-29,through_ocf,True,,,0.025234,0.113968,2.389807,-0.010542,-0.101931
2024Q4,2024-10-24,FIX,1035983,"Comfort Systems USA, Inc.",$2B-$10B,,3849194000,Revenues,USD,2024-10-24,10-Q,2023-09-30,231817000,NetIncomeLoss,USD,2024-10-24,10-Q,2023-09-30,3305579000,Assets,USD,2024-10-24,10-Q,2023-12-31,-267026000,NetCashProvidedByUsedInFinancingActivities,USD,2024-10-24,10-Q,2023-09-30,-119125000,NetCashProvidedByUsedInInvestingActivities,USD,2024-10-24,10-Q,2023-09-30,466560000,NetCashProvidedByUsedInOperatingActivities,USD,2024-10-24,10-Q,2023-09-30,through_ocf,True,,,0.060225,0.12121,0.858772,-0.069372,-0.030948
2024Q4,2024-11-25,FLNC,0001868941,"Fluence Energy, Inc.",$1B-$2B,,1544997000,RevenueFromContractWithCustomerExcludingAssessedTax,USD,2024-08-07,10-Q,2023-06-30,-72888000,NetIncomeLoss,USD,2024-08-07,10-Q,2023-06-30,1352149000,Assets,USD,2024-08-07,10-Q,2023-09-30,52588000,NetCashProvidedByUsedInFinancingActivities,USD,2024-08-07,10-Q,2023-06-30,97500000,NetCashProvidedByUsedInInvestingActivities,USD,2024-08-07,10-Q,2023-06-30,-160487000,NetCashProvidedByUsedInOperatingActivities,USD,2024-08-07,10-Q,2023-06-30,through_ocf,True,,,-0.047177,-0.103875,0.875179,0.034038,0.063107
2024Q4,2024-11-08,FLR,1124198,FLUOR CORPORATION,>$10B,,11654000000,Revenues,USD,2024-11-08,10-Q,2023-09-30,161000000,NetIncomeLoss,USD,2024-11-08,10-Q,2023-09-30,6973000000,Assets,USD,2024-11-08,10-Q,2023-12-31,131000000,NetCashProvidedByUsedInFinancingActivities,USD,2024-11-08,10-Q,2023-09-30,-46000000,NetCashProvidedByUsedInInvestingActivities,USD,2024-11-08,10-Q,2023-09-30,-96000000,NetCashProvidedByUsedInOperatingActivities,USD,2024-11-08,10-Q,2023-09-30,through_ocf,True,,,0.013815,-0.008238,0.598335,0.011241,-0.003947
2024Q4,2024-10-21,FLXS,37472,"FLEXSTEEL INDUSTRIES, INC.",$500M-$1B,,544282000,RevenueFromContractWithCustomerExcludingAssessedTax,USD,2024-08-30,10-K,2022-06-30,1853000,NetIncomeLoss,USD,2024-08-30,10-K,2022-06-30,290550000,Assets,USD,2024-08-30,10-K,2023-06-30,-5235000,NetCashProvidedByUsedInFinancingActivities,USD,2024-08-30,10-K,2022-06-30,-1916000,NetCashProvidedByUsedInInvestingActivities,USD,2024-08-30,10-K,2022-06-30,7993000,NetCashProvidedByUsedInOperatingActivities,USD,2024-08-30,10-K,2022-06-30,through_ocf,True,,,0.003404,0.014685,0.533823,-0.009618,-0.00352
2024Q4,2024-11-04,FN,1408710,FABRINET,$2B-$10B,,2262224000,Revenues,USD,2024-08-20,10-K,2022-06-24,200380000,NetIncomeLoss,USD,2024-08-20,10-K,2022-06-24,1979648000,Assets,USD,2024-08-20,10-K,2023-06-30,-92934000,NetCashProvidedByUsedInFinancingActivities,USD,2024-08-20,10-K,2022-06-24,-135543000,NetCashProvidedByUsedInInvestingActivities,USD,2024-08-20,10-K,2022-06-24,124246000,NetCashProvidedByUsedInOperatingActivities,USD,2024-08-20,10-K,2022-06-24,through_ocf,True,,,0.088577,0.054922,0.875089,-0.041081,-0.059916
2024Q4,2024-11-07,FNKO,1704711,"FUNKO, INC.",$500M-$1B,,804850000,RevenueFromContractWithCustomerExcludingAssessedTax,USD,2024-11-07,10-Q,2023-09-30,-143318000,NetIncomeLoss,USD,2024-11-07,10-Q,2023-09-30,804645000,Assets,USD,2024-11-07,10-Q,2023-12-31,51309000,NetCashProvidedByUsedInFinancingActivities,USD,2024-11-07,10-Q,2023-09-30,-35584000,NetCashProvidedByUsedInInvestingActivities,USD,2024-11-07,10-Q,2023-09-30,-2867000,NetCashProvidedByUsedInOperatingActivities,USD,2024-11-07,10-Q,2023-09-30,through_ocf,True,,,-0.178068,-0.003562,0.999745,0.06375,-0.044212
2024Q4,2024-10-29,FOR,1406587,FORESTAR GROUP INC.,$500M-$1B,,887100000,Revenues,USD,2024-07-22,10-Q,2023-06-30,20800000,NetIncomeLoss,USD,2024-07-22,10-Q,2022-12-31,2470700000,Assets,USD,2024-07-22,10-Q,2023-09-30,-800000,NetCashProvidedByUsedInFinancingActivities,USD,2024-07-22,10-Q,2023-06-30,800000,NetCashProvidedByUsedInInvestingActivities,USD,2024-07-22,10-Q,2023-06-30,136200000,NetCashProvidedByUsedInOperatingActivities,USD,2024-07-22,10-Q,2023-06-30,through_ocf,True,,,0.023447,0.153534,2.785143,-0.000902,0.000902
2024Q4,2024-10-30,FORM,1039399,"FormFactor, Inc.",$100M-$500M,,323364000,RevenueFromContractWithCustomerExcludingAssessedTax,USD,2024-08-07,10-Q,2023-07-01,2170000,NetIncomeLoss,USD,2024-08-07,10-Q,2023-07-01,1106794000,Assets,USD,2024-08-07,10-Q,2023-12-30,4049000,NetCashProvidedByUsedInFinancingActivities,USD,2024-08-07,10-Q,2023-07-01,-48464000,NetCashProvidedByUsedInInvestingActivities,USD,2024-08-07,10-Q,2023-07-01,34781000,NetCashProvidedByUsedInOperatingActivities,USD,2024-08-07,10-Q,2023-07-01,through_ocf,True,,,0.006711,0.10756,3.42275,0.012521,-0.149874
2024Q4,2024-11-05,FORR,1023313,"FORRESTER RESEARCH, INC.",$100M-$500M,,249259000,RevenueFromContractWithCustomerExcludingAssessedTax,USD,2024-08-05,10-Q,2023-06-30,1229000,NetIncomeLoss,USD,2024-08-05,10-Q,2023-06-30,564174000,Assets,USD,2024-08-05,10-Q,2023-12-31,-15239000,NetCashProvidedByUsedInFinancingActivities,USD,2024-08-05,10-Q,2023-06-30,3444000,NetCashProvidedByUsedInInvestingActivities,USD,2024-08-05,10-Q,2023-06-30,15788000,NetCashProvidedByUsedInOperatingActivities,USD,2024-08-05,10-Q,2023-06-30,through_ocf,True,,,0.004931,0.06334,2.263405,-0.061137,0.013817
2024Q4,2024-10-31,FOXF,1424929,Fox Factory Holding Corp.,$500M-$1B,,800566000,RevenueFromContractWithCustomerExcludingAssessedTax,USD,2024-08-02,10-Q,2023-06-30,41767000,NetIncomeLoss,USD,2024-08-02,10-Q,2023-03-31,2242298000,Assets,USD,2024-08-02,10-Q,2023-12-29,119782000,NetCashProvidedByUsedInFinancingActivities,USD,2024-08-02,10-Q,2023-06-30,-156509000,NetCashProvidedByUsedInInvestingActivities,USD,2024-08-02,10-Q,2023-06-30,-3308000,NetCashProvidedByUsedInOperatingActivities,USD,2024-08-02,10-Q,2023-06-30,through_ocf,True,,,0.052172,-0.004132,2.800891,0.149622,-0.195498
2024Q4,2024-11-06,FRSH,1544522,FRESHWORKS INC.,$100M-$500M,,436321000,RevenueFromContractWithCustomerExcludingAssessedTax,USD,2024-11-06,10-Q,2023-09-30,-109355000,NetIncomeLoss,USD,2024-11-06,10-Q,2023-09-30,1456772000,Assets,USD,2024-11-06,10-Q,2023-12-31,-47409000,NetCashProvidedByUsedInFinancingActivities,USD,2024-11-06,10-Q,2023-09-30,146280000,NetCashProvidedByUsedInInvestingActivities,USD,2024-11-06,10-Q,2023-09-30,55312000,NetCashProvidedByUsedInOperatingActivities,USD,2024-11-06,10-Q,2023-09-30,through_ocf,True,,,-0.25063,0.126769,3.338762,-0.108656,0.335258
2024Q4,2024-10-30,FRT,34903,FEDERAL REALTY INVESTMENT TRUST,$500M-$1B,,840342000,Revenues,USD,2024-10-30,10-Q,2023-09-30,172882000,NetIncomeLoss,USD,2024-10-30,10-Q,2023-09-30,8436512000,Assets,USD,2024-10-30,10-Q,2023-12-31,-148134000,NetCashProvidedByUsedInFinancingActivities,USD,2024-10-30,10-Q,2023-09-30,-288638000,NetCashProvidedByUsedInInvestingActivities,USD,2024-10-30,10-Q,2023-09-30,443215000,NetCashProvidedByUsedInOperatingActivities,USD,2024-10-30,10-Q,2023-09-30,through_ocf,True,,,0.205728,0.527422,10.039379,-0.176278,-0.343477
2024Q4,2024-10-29,FSLR,1274494,"First Solar, Inc.",$2B-$10B,,2160049000,Revenues,USD,2024-10-29,10-Q,2023-09-30,481538000,NetIncomeLoss,USD,2024-10-29,10-Q,2023-09-30,10365132000,Assets,USD,2024-10-29,10-Q,2023-12-31,276114000,NetCashProvidedByUsedInFinancingActivities,USD,2024-10-29,10-Q,2023-09-30,-299630000,NetCashProvidedByUsedInInvestingActivities,USD,2024-10-29,10-Q,2023-09-30,41151000,NetCashProvidedByUsedInOperatingActivities,USD,2024-10-29,10-Q,2023-09-30,through_ocf,True,,,0.222929,0.019051,4.798563,0.127828,-0.138714
2024Q4,2024-11-07,FSTR,352825,L.B. FOSTER COMPANY,$100M-$500M,,118702000,SalesRevenueGoodsNet,USD,2019-03-18,10-K,2017-03-31,1894000,NetIncomeLoss,USD,2024-11-07,10-Q,2023-09-30,312401000,Assets,USD,2024-11-07,10-Q,2023-12-31,-21121000,NetCashProvidedByUsedInFinancingActivities,USD,2024-11-07,10-Q,2023-09-30,5798000,NetCashProvidedByUsedInInvestingActivities,USD,2024-11-07,10-Q,2023-09-30,15310000,NetCashProvidedByUsedInOperatingActivities,USD,2024-11-07,10-Q,2023-09-30,through_ocf,True,,,0.015956,0.128978,2.631809,-0.177933,0.048845
2024Q4,2024-10-30,FTAI,1590364,FTAI Aviation Ltd.,$500M-$1B,,567063000,Revenues,USD,2024-08-09,10-Q,2023-06-30,29397000,ProfitLoss,USD,2024-08-09,10-Q,2023-03-31,2964685000,Assets,USD,2024-08-09,10-Q,2023-12-31,2674000,NetCashProvidedByUsedInFinancingActivities,USD,2024-08-09,10-Q,2023-06-30,-101846000,NetCashProvidedByUsedInInvestingActivities,USD,2024-08-09,10-Q,2023-06-30,67241000,NetCashProvidedByUsedInOperatingActivities,USD,2024-08-09,10-Q,2023-06-30,through_ocf,True,,,0.051841,0.118578,5.22814,0.004716,-0.179603
2024Q4,2024-11-04,FTDR,1727263,"Frontdoor, Inc.",$1B-$2B,,1414000000,Revenues,USD,2024-11-04,10-Q,2023-09-30,163000000,NetIncomeLoss,USD,2024-11-04,10-Q,2023-09-30,1089000000,Assets,USD,2024-11-04,10-Q,2023-12-31,-88000000,NetCashProvidedByUsedInFinancingActivities,USD,2024-11-04,10-Q,2023-09-30,-23000000,NetCashProvidedByUsedInInvestingActivities,USD,2024-11-04,10-Q,2023-09-30,139000000,NetCashProvidedByUsedInOperatingActivities,USD,2024-11-04,10-Q,2023-09-30,through_ocf,True,,,0.115276,0.098303,0.770156,-0.062235,-0.016266
2024Q4,2024-11-07,FTNT,1262039,"FORTINET, INC.",$2B-$10B,,2555100000,RevenueFromContractWithCustomerExcludingAssessedTax,USD,2024-08-08,10-Q,2023-06-30,514000000,NetIncomeLoss,USD,2024-08-08,10-Q,2023-06-30,7258900000,Assets,USD,2024-08-08,10-Q,2023-12-31,-31400000,NetCashProvidedByUsedInFinancingActivities,USD,2024-08-08,10-Q,2023-06-30,-466500000,NetCashProvidedByUsedInInvestingActivities,USD,2024-08-08,10-Q,2023-06-30,1192600000,NetCashProvidedByUsedInOperatingActivities,USD,2024-08-08,10-Q,2023-06-30,through_ocf,True,,,0.201166,0.466753,2.840946,-0.012289,-0.182576
2024Q4,2024-11-08,FTRE,0001965040,Fortrea Holdings Inc.,$2B-$10B,,2132800000,RevenueFromContractWithCustomerExcludingAssessedTax,USD,2024-11-08,10-Q,2023-09-30,12500000,NetIncomeLoss,USD,2024-11-08,10-Q,2023-03-31,4332600000,Assets,USD,2024-11-08,10-Q,2023-12-31,-133100000,NetCashProvidedByUsedInFinancingActivities,USD,2024-11-08,10-Q,2023-09-30,-22800000,NetCashProvidedByUsedInInvestingActivities,USD,2024-11-08,10-Q,2023-09-30,150000000,NetCashProvidedByUsedInOperatingActivities,USD,2024-11-08,10-Q,2023-09-30,through_ocf,True,,,0.005861,0.07033,2.031414,-0.062406,-0.01069
2024Q4,2024-10-30,FTV,1659166,FORTIVE CORPORATION,$2B-$10B,,4481600000,RevenueFromContractWithCustomerExcludingAssessedTax,USD,2024-10-30,10-Q,2023-09-29,600600000,NetIncomeLoss,USD,2024-10-30,10-Q,2023-09-29,16911800000,Assets,USD,2024-10-30,10-Q,2023-12-31,-766300000,NetCashProvidedByUsedInFinancingActivities,USD,2024-10-30,10-Q,2023-09-29,-124200000,NetCashProvidedByUsedInInvestingActivities,USD,2024-10-30,10-Q,2023-09-29,906800000,NetCashProvidedByUsedInOperatingActivities,USD,2024-10-30,10-Q,2023-09-29,through_ocf,True,,,0.134015,0.202338,3.773608,-0.170988,-0.027713
2024Q4,2024-11-01,FUBO,1484769,FUBOTV INC.,$500M-$1B,,958044000,RevenueFromContractWithCustomerExcludingAssessedTax,USD,2024-11-01,10-Q,2023-09-30,-83613000,NetIncomeLoss,USD,2024-11-01,10-Q,2023-03-31,1232640000,Assets,USD,2024-11-01,10-Q,2023-12-31,114542000,NetCashProvidedByUsedInFinancingActivities,USD,2024-11-01,10-Q,2023-09-30,-16138000,NetCashProvidedByUsedInInvestingActivities,USD,2024-11-01,10-Q,2023-09-30,-175557000,NetCashProvidedByUsedInOperatingActivities,USD,2024-11-01,10-Q,2023-09-30,through_ocf,True,,,-0.087275,-0.183245,1.286621,0.119558,-0.016845
2024Q4,2024-11-12,FWONA,1560385,LIBERTY MEDIA CORPORATION,$2B-$10B,,2342000000,RevenueFromContractWithCustomerExcludingAssessedTax,USD,2024-11-12,10-Q,2023-09-30,653000000,NetIncomeLoss,USD,2024-11-12,10-Q,2023-09-30,41327000000,Assets,USD,2024-11-12,10-Q,2023-12-31,-774000000,NetCashProvidedByUsedInFinancingActivities,USD,2024-08-09,10-Q,2023-06-30,-711000000,NetCashProvidedByUsedInInvestingActivities,USD,2024-08-09,10-Q,2023-06-30,1198000000,NetCashProvidedByUsedInOperatingActivities,USD,2024-08-09,10-Q,2023-06-30,through_ocf,True,,,0.278822,0.511529,17.646029,-0.330487,-0.303587
2024Q4,2024-11-12,FWONK,1560385,LIBERTY MEDIA CORPORATION,$2B-$10B,,2342000000,RevenueFromContractWithCustomerExcludingAssessedTax,USD,2024-11-12,10-Q,2023-09-30,653000000,NetIncomeLoss,USD,2024-11-12,10-Q,2023-09-30,41327000000,Assets,USD,2024-11-12,10-Q,2023-12-31,-774000000,NetCashProvidedByUsedInFinancingActivities,USD,2024-08-09,10-Q,2023-06-30,-711000000,NetCashProvidedByUsedInInvestingActivities,USD,2024-08-09,10-Q,2023-06-30,1198000000,NetCashProvidedByUsedInOperatingActivities,USD,2024-08-09,10-Q,2023-06-30,through_ocf,True,,,0.278822,0.511529,17.646029,-0.330487,-0.303587
2024Q4,2024-11-07,FWRG,1789940,"First Watch Restaurant Group, Inc.",$500M-$1B,,646918000,RevenueFromContractWithCustomerExcludingAssessedTax,USD,2024-11-07,10-Q,2023-09-24,9360000,NetIncomeLoss,USD,2024-11-07,10-Q,2023-03-26,1267045000,Assets,USD,2024-11-07,10-Q,2023-12-31,-85000,NetCashProvidedByUsedInFinancingActivities,USD,2024-11-07,10-Q,2023-09-24,-82633000,NetCashProvidedByUsedInInvestingActivities,USD,2024-11-07,10-Q,2023-09-24,73044000,NetCashProvidedByUsedInOperatingActivities,USD,2024-11-07,10-Q,2023-09-24,through_ocf,True,,,0.014469,0.112911,1.958587,-0.000131,-0.127733
2024Q4,2024-10-22,GATX,40211,GATX Corporation,$500M-$1B,,682100000,Revenues,USD,2024-07-25,10-Q,2023-06-30,140700000,NetIncomeLoss,USD,2024-07-25,10-Q,2023-06-30,11326000000,Assets,USD,2024-07-25,10-Q,2023-12-31,298900000,NetCashProvidedByUsedInFinancingActivities,USD,2024-07-25,10-Q,2023-06-30,-544600000,NetCashProvidedByUsedInInvestingActivities,USD,2024-07-25,10-Q,2023-06-30,258400000,NetCashProvidedByUsedInOperatingActivities,USD,2024-07-25,10-Q,2023-06-30,through_ocf,True,,,0.206275,0.37883,16.604603,0.438206,-0.798417
2024Q4,2024-11-05,GBTG,1820872,"Global Business Travel Group, Inc.",$1B-$2B,,1741000000,RevenueFromContractWithCustomerExcludingAssessedTax,USD,2024-11-05,10-Q,2023-09-30,-27000000,ProfitLoss,USD,2024-11-05,10-Q,2023-03-31,3751000000,Assets,USD,2024-11-05,10-Q,2023-12-31,121000000,NetCashProvidedByUsedInFinancingActivities,USD,2024-11-05,10-Q,2023-09-30,-93000000,NetCashProvidedByUsedInInvestingActivities,USD,2024-11-05,10-Q,2023-09-30,104000000,NetCashProvidedByUsedInOperatingActivities,USD,2024-11-05,10-Q,2023-09-30,through_ocf,True,,,-0.015508,0.059736,2.154509,0.0695,-0.053418
2024Q4,2024-10-23,GBX,923120,GREENBRIER COMPANIES INC,$2B-$10B,,2926600000,Revenues,USD,2024-07-08,10-Q,2023-05-31,37700000,NetIncomeLoss,USD,2024-07-08,10-Q,2023-05-31,3978400000,Assets,USD,2024-07-08,10-Q,2023-08-31,-59200000,NetCashProvidedByUsedInFinancingActivities,USD,2024-07-08,10-Q,2023-05-31,-174800000,NetCashProvidedByUsedInInvestingActivities,USD,2024-07-08,10-Q,2023-05-31,1200000,NetCashProvidedByUsedInOperatingActivities,USD,2024-07-08,10-Q,2023-05-31,through_ocf,True,,,0.012882,0.00041,1.359393,-0.020228,-0.059728
2024Q4,2024-12-06,GCO,18498,Genesco Inc.,$1B-$2B,,1006359000,RevenueFromContractWithCustomerExcludingAssessedTax,USD,2024-09-12,10-Q,2023-07-29,-18890000,NetIncomeLoss,USD,2024-09-12,10-Q,2023-04-29,1494759000,Assets,USD,2024-09-12,10-Q,2023-07-29,49108000,NetCashProvidedByUsedInFinancingActivities,USD,2024-09-12,10-Q,2023-07-29,-35211000,NetCashProvidedByUsedInInvestingActivities,USD,2024-09-12,10-Q,2023-07-29,-25135000,NetCashProvidedByUsedInOperatingActivities,USD,2024-09-12,10-Q,2023-07-29,through_ocf,True,,,-0.018771,-0.024976,1.485314,0.048798,-0.034989
2024Q4,2024-11-07,GCT,0001857816,GigaCloud Technology Inc,$100M-$500M,,459094000,Revenues,USD,2024-11-07,10-Q,2023-09-30,58533000,NetIncomeLoss,USD,2024-11-07,10-Q,2023-09-30,846909000,Assets,USD,2024-11-07,10-Q,2023-12-31,-3434000,NetCashProvidedByUsedInFinancingActivities,USD,2024-11-07,10-Q,2023-09-30,-9321000,NetCashProvidedByUsedInInvestingActivities,USD,2024-11-07,10-Q,2023-09-30,82722000,NetCashProvidedByUsedInOperatingActivities,USD,2024-11-07,10-Q,2023-09-30,through_ocf,True,,,0.127497,0.180185,1.84474,-0.00748,-0.020303
2024Q4,2024-10-23,GD,40533,GENERAL DYNAMICS CORPORATION,>$10B,,30604000000,RevenueFromContractWithCustomerExcludingAssessedTax,USD,2024-10-23,10-Q,2023-10-01,2310000000,NetIncomeLoss,USD,2024-10-23,10-Q,2023-10-01,54810000000,Assets,USD,2024-10-23,10-Q,2023-12-31,-2792000000,NetCashProvidedByUsedInFinancingActivities,USD,2024-10-23,10-Q,2023-10-01,-608000000,NetCashProvidedByUsedInInvestingActivities,USD,2024-10-23,10-Q,2023-10-01,3514000000,NetCashProvidedByUsedInOperatingActivities,USD,2024-10-23,10-Q,2023-10-01,through_ocf,True,,,0.07548,0.114822,1.790942,-0.09123,-0.019867
2024Q4,2024-10-30,GDDY,1609711,GoDaddy Inc.,$2B-$10B,,2084100000,RevenueFromContractWithCustomerExcludingAssessedTax,USD,2024-08-02,10-Q,2023-06-30,130200000,NetIncomeLoss,USD,2024-08-02,10-Q,2023-06-30,7564900000,Assets,USD,2024-08-02,10-Q,2023-12-31,-608300000,NetCashProvidedByUsedInFinancingActivities,USD,2024-08-02,10-Q,2023-06-30,-52000000,NetCashProvidedByUsedInInvestingActivities,USD,2024-08-02,10-Q,2023-06-30,468300000,NetCashProvidedByUsedInOperatingActivities,USD,2024-08-02,10-Q,2023-06-30,through_ocf,True,,,0.062473,0.224701,3.629816,-0.291877,-0.024951
2024Q4,2024-11-07,GDEN,1071255,"GOLDEN ENTERTAINMENT, INC.",$500M-$1B,,564732000,RevenueFromContractWithCustomerExcludingAssessedTax,USD,2024-08-09,10-Q,2023-06-30,11630000,NetIncomeLoss,USD,2024-08-09,10-Q,2023-03-31,1452283000,Assets,USD,2024-08-09,10-Q,2023-12-31,-23724000,NetCashProvidedByUsedInFinancingActivities,USD,2024-08-09,10-Q,2023-06-30,-53655000,NetCashProvidedByUsedInInvestingActivities,USD,2024-08-09,10-Q,2023-06-30,100863000,NetCashProvidedByUsedInOperatingActivities,USD,2024-08-09,10-Q,2023-06-30,through_ocf,True,,,0.020594,0.178603,2.571632,-0.042009,-0.09501
2024Q4,2024-11-07,GDOT,1386278,GREEN DOT CORP,$500M-$1B,,782256000,Revenues,USD,2024-08-09,10-Q,2023-06-30,36590000,NetIncomeLoss,USD,2024-08-09,10-Q,2023-06-30,4817122000,Assets,USD,2024-08-09,10-Q,2023-12-31,-272578000,NetCashProvidedByUsedInFinancingActivities,USD,2024-08-09,10-Q,2023-06-30,-9581000,NetCashProvidedByUsedInInvestingActivities,USD,2024-08-09,10-Q,2023-06-30,127766000,NetCashProvidedByUsedInOperatingActivities,USD,2024-08-09,10-Q,2023-06-30,through_ocf,True,,,0.046775,0.16333,6.157987,-0.348451,-0.012248
2024Q4,2024-11-07,GDRX,1809519,"GoodRx Holdings, Inc.",$500M-$1B,,553621000,RevenueFromContractWithCustomerExcludingAssessedTax,USD,2024-11-07,10-Q,2023-09-30,-3290000,NetIncomeLoss,USD,2024-11-07,10-Q,2023-03-31,1588800000,Assets,USD,2024-11-07,10-Q,2023-12-31,-41790000,NetCashProvidedByUsedInFinancingActivities,USD,2024-11-07,10-Q,2023-09-30,-42894000,NetCashProvidedByUsedInInvestingActivities,USD,2024-11-07,10-Q,2023-09-30,122424000,NetCashProvidedByUsedInOperatingActivities,USD,2024-11-07,10-Q,2023-09-30,through_ocf,True,,,-0.005943,0.221133,2.869833,-0.075485,-0.077479
2024Q4,2024-12-05,GEF,43920,"GREIF, INC.",$1B-$2B,,1708300000,SalesRevenueNet,USD,2018-06-08,10-Q,2017-04-30,291400000,NetIncomeLoss,USD,2024-08-29,10-Q,2023-07-31,5960800000,Assets,USD,2024-08-29,10-Q,2023-10-31,62000000,NetCashProvidedByUsedInFinancingActivities,USD,2024-08-29,10-Q,2023-07-31,-496700000,NetCashProvidedByUsedInInvestingActivities,USD,2024-08-29,10-Q,2023-07-31,446000000,NetCashProvidedByUsedInOperatingActivities,USD,2024-08-29,10-Q,2023-07-31,through_ocf,True,,,0.170579,0.261078,3.489317,0.036293,-0.290757
2024Q4,2024-10-30,GEHC,0001932393,GE HEALTHCARE TECHNOLOGIES INC.,>$10B,,14346000000,RevenueFromContractWithCustomerExcludingAssessedTax,USD,2024-10-30,10-Q,2023-09-30,1165000000,NetIncomeLoss,USD,2024-10-30,10-Q,2023-09-30,32454000000,Assets,USD,2024-10-30,10-Q,2023-12-31,422000000,NetCashProvidedByUsedInFinancingActivities,USD,2024-10-30,10-Q,2023-09-30,-470000000,NetCashProvidedByUsedInInvestingActivities,USD,2024-10-30,10-Q,2023-09-30,401000000,NetCashProvidedByUsedInOperatingActivities,USD,2024-07-31,10-Q,2023-06-30,through_ocf,True,,,0.081207,0.027952,2.262233,0.029416,-0.032762
2024Q4,2024-10-30,GEN,849399,Gen Digital Inc.,$500M-$1B,,943000000,RevenueFromContractWithCustomerExcludingAssessedTax,USD,2024-08-07,10-Q,2023-06-30,187000000,NetIncomeLoss,USD,2024-08-07,10-Q,2023-06-30,15793000000,Assets,USD,2024-08-07,10-Q,2024-03-29,-350000000,NetCashProvidedByUsedInFinancingActivities,USD,2024-08-07,10-Q,2023-06-30,-6000000,NetCashProvidedByUsedInInvestingActivities,USD,2024-08-07,10-Q,2023-06-30,226000000,NetCashProvidedByUsedInOperatingActivities,USD,2024-08-07,10-Q,2023-06-30,through_ocf,True,,,0.198303,0.239661,16.747614,-0.371156,-0.006363
2024Q4,2024-11-13,GEO,923796,GEO GROUP INC,$1B-$2B,,1804885000,RevenueFromContractWithCustomerExcludingAssessedTax,USD,2024-11-12,10-Q,2023-09-30,82093000,NetIncomeLoss,USD,2024-11-12,10-Q,2023-09-30,3696406000,Assets,USD,2024-11-12,10-Q,2023-12-31,-128849000,NetCashProvidedByUsedInFinancingActivities,USD,2024-11-12,10-Q,2023-09-30,-35770000,NetCashProvidedByUsedInInvestingActivities,USD,2024-11-12,10-Q,2023-09-30,230076000,NetCashProvidedByUsedInOperatingActivities,USD,2024-11-12,10-Q,2023-09-30,through_ocf,True,,,0.045484,0.127474,2.048001,-0.071389,-0.019818
2024Q4,2024-11-07,GETY,0001898496,"Getty Images Holdings, Inc.",$500M-$1B,,690616000,RevenueFromContractWithCustomerExcludingAssessedTax,USD,2024-11-07,10-Q,2023-09-30,3203000,NetIncomeLoss,USD,2024-11-07,10-Q,2023-03-31,2601761000,Assets,USD,2024-11-07,10-Q,2023-12-31,-41513000,NetCashProvidedByUsedInFinancingActivities,USD,2024-11-07,10-Q,2023-09-30,-41868000,NetCashProvidedByUsedInInvestingActivities,USD,2024-11-07,10-Q,2023-09-30,98991000,NetCashProvidedByUsedInOperatingActivities,USD,2024-11-07,10-Q,2023-09-30,through_ocf,True,,,0.004638,0.143337,3.767305,-0.06011,-0.060624
2024Q4,2024-10-23,GEV,0001996810,GE Vernova Inc.,>$10B,,23194000000,RevenueFromContractWithCustomerExcludingAssessedTax,USD,2024-10-23,10-Q,2023-09-30,-635000000,NetIncomeLoss,USD,2024-10-23,10-Q,2023-09-30,46121000000,Assets,USD,2024-10-23,10-Q,2023-12-31,656000000,NetCashProvidedByUsedInFinancingActivities,USD,2024-10-23,10-Q,2023-09-30,-477000000,NetCashProvidedByUsedInInvestingActivities,USD,2024-10-23,10-Q,2023-09-30,-745000000,NetCashProvidedByUsedInOperatingActivities,USD,2024-10-23,10-Q,2023-09-30,through_ocf,True,,,-0.027378,-0.03212,1.988488,0.028283,-0.020566
2024Q4,2024-11-13,GFF,50725,GRIFFON CORPORATION,$2B-$10B,,2848488000,RevenueFromContractWithCustomerExcludingAssessedTax,USD,2024-11-13,10-K,2022-09-30,-191558000,NetIncomeLoss,USD,2024-11-13,10-K,2022-09-30,2418879000,Assets,USD,2024-11-13,10-K,2023-09-30,393345000,NetCashProvidedByUsedInFinancingActivities,USD,2024-11-13,10-K,2022-09-30,-10911000,NetCashProvidedByUsedInInvestingActivities,USD,2024-08-07,10-Q,2023-06-30,83125000,NetCashProvidedByUsedInOperatingActivities,USD,2012-11-16,10-K,2010-09-30,through_ocf,True,,,-0.067249,0.029182,0.84918,0.138089,-0.00383
2024Q4,2024-11-06,GH,1576280,"GUARDANT HEALTH, INC.",$100M-$500M,,408894000,Revenues,USD,2024-11-06,10-Q,2023-09-30,-292406000,NetIncomeLoss,USD,2024-11-06,10-Q,2023-09-30,1786421000,Assets,USD,2024-11-06,10-Q,2023-12-31,386807000,NetCashProvidedByUsedInFinancingActivities,USD,2024-11-06,10-Q,2023-09-30,176796000,NetCashProvidedByUsedInInvestingActivities,USD,2024-11-06,10-Q,2023-09-30,-246247000,NetCashProvidedByUsedInOperatingActivities,USD,2024-11-06,10-Q,2023-09-30,through_ocf,True,,,-0.715114,-0.602227,4.36891,0.945984,0.432376
2024Q4,2024-10-30,GHC,104889,GRAHAM HOLDINGS CO,$2B-$10B,,3248064000,RevenueFromContractWithCustomerExcludingAssessedTax,USD,2024-10-30,10-Q,2023-09-30,152029000,NetIncomeLoss,USD,2024-10-30,10-Q,2023-09-30,7187730000,Assets,USD,2024-10-30,10-Q,2023-12-31,-69705000,NetCashProvidedByUsedInFinancingActivities,USD,2024-10-30,10-Q,2023-09-30,-119431000,NetCashProvidedByUsedInInvestingActivities,USD,2024-10-30,10-Q,2023-09-30,202526000,NetCashProvidedByUsedInOperatingActivities,USD,2024-10-30,10-Q,2023-09-30,through_ocf,True,,,0.046806,0.062353,2.212927,-0.02146,-0.03677
2024Q4,2024-11-08,GHM,716314,GRAHAM CORP,<$100M,,92645000,RevenueFromContractWithCustomerExcludingAssessedTax,USD,2024-11-08,10-Q,2023-09-30,3051000,NetIncomeLoss,USD,2024-11-08,10-Q,2023-09-30,233879000,Assets,USD,2024-11-08,10-Q,2024-03-31,-999000,NetCashProvidedByUsedInFinancingActivities,USD,2024-11-08,10-Q,2023-09-30,-3274000,NetCashProvidedByUsedInInvestingActivities,USD,2024-11-08,10-Q,2023-09-30,11898000,NetCashProvidedByUsedInOperatingActivities,USD,2024-11-08,10-Q,2023-09-30,through_ocf,True,,,0.032932,0.128426,2.524464,-0.010783,-0.035339
2024Q4,2024-10-29,GIC,945114,Global Industrial Company,$500M-$1B,,599600000,RevenueFromContractWithCustomerExcludingAssessedTax,USD,2024-07-30,10-Q,2023-06-30,13200000,NetIncomeLoss,USD,2024-07-30,10-Q,2023-03-31,513400000,Assets,USD,2024-07-30,10-Q,2023-12-31,24900000,NetCashProvidedByUsedInFinancingActivities,USD,2024-07-30,10-Q,2023-06-30,-73700000,NetCashProvidedByUsedInInvestingActivities,USD,2024-07-30,10-Q,2023-06-30,65300000,NetCashProvidedByUsedInOperatingActivities,USD,2024-07-30,10-Q,2023-06-30,through_ocf,True,,,0.022015,0.108906,0.856237,0.041528,-0.122915
2024Q4,2024-12-10,GIII,821002,G III APPAREL GROUP LTD /DE/,$500M-$1B,,529042000,SalesRevenueGoodsNet,USD,2018-06-11,10-Q,2017-04-30,147314000,NetIncomeLoss,USD,2024-12-10,10-Q,2023-10-31,2749333000,Assets,USD,2024-12-10,10-Q,2023-10-31,-199084000,NetCashProvidedByUsedInFinancingActivities,USD,2024-12-10,10-Q,2023-10-31,-19305000,NetCashProvidedByUsedInInvestingActivities,USD,2024-12-10,10-Q,2023-10-31,226271000,NetCashProvidedByUsedInOperatingActivities,USD,2024-12-10,10-Q,2023-10-31,through_ocf,True,,,0.278454,0.4277,5.196814,-0.37631,-0.03649
2024Q4,2024-11-06,GILD,882095,"GILEAD SCIENCES, INC.",>$10B,,12951000000,RevenueFromContractWithCustomerExcludingAssessedTax,USD,2024-08-08,10-Q,2023-06-30,2055000000,NetIncomeLoss,USD,2024-08-08,10-Q,2023-06-30,62125000000,Assets,USD,2024-08-08,10-Q,2023-12-31,-2507000000,NetCashProvidedByUsedInFinancingActivities,USD,2024-08-08,10-Q,2023-06-30,-1309000000,NetCashProvidedByUsedInInvestingActivities,USD,2024-08-08,10-Q,2023-06-30,4082000000,NetCashProvidedByUsedInOperatingActivities,USD,2024-08-08,10-Q,2023-06-30,through_ocf,True,,,0.158675,0.315188,4.796927,-0.193576,-0.101073
2024Q4,2024-12-18,GIS,40704,GENERAL MILLS INC,>$10B,,10044100000,RevenueFromContractWithCustomerExcludingAssessedTax,USD,2024-12-18,10-Q,2023-11-26,1269000000,NetIncomeLoss,USD,2024-12-18,10-Q,2023-11-26,31469900000,Assets,USD,2024-12-18,10-Q,2024-05-26,-1173600000,NetCashProvidedByUsedInFinancingActivities,USD,2024-12-18,10-Q,2023-11-26,-316200000,NetCashProvidedByUsedInInvestingActivities,USD,2024-12-18,10-Q,2023-11-26,1495800000,NetCashProvidedByUsedInOperatingActivities,USD,2024-12-18,10-Q,2023-11-26,through_ocf,True,,,0.126343,0.148923,3.133173,-0.116845,-0.031481
2024Q4,2024-10-23,GL,320335,GLOBE LIFE INC.,$2B-$10B,,2647724000,Revenues,USD,2024-08-07,10-Q,2023-06-30,438870000,NetIncomeLoss,USD,2024-08-07,10-Q,2023-06-30,28051499000,Assets,USD,2024-08-07,10-Q,2023-12-31,-406532000,NetCashProvidedByUsedInFinancingActivities,USD,2024-08-07,10-Q,2023-06-30,-410137000,NetCashProvidedByUsedInInvestingActivities,USD,2024-08-07,10-Q,2023-06-30,804141000,NetCashProvidedByUsedInOperatingActivities,USD,2024-08-07,10-Q,2023-06-30,through_ocf,True,,,0.165754,0.30371,10.594571,-0.15354,-0.154902
2024Q4,2024-10-25,GLPI,1575965,"Gaming & Leisure Properties, Inc.",$1B-$2B,,1071363000,Revenues,USD,2024-10-24,10-Q,2023-09-30,522991000,NetIncomeLoss,USD,2024-10-24,10-Q,2023-09-30,11806658000,Assets,USD,2024-10-24,10-Q,2023-12-31,-269018000,NetCashProvidedByUsedInFinancingActivities,USD,2024-10-24,10-Q,2023-09-30,-635292000,NetCashProvidedByUsedInInvestingActivities,USD,2024-10-24,10-Q,2023-09-30,746376000,NetCashProvidedByUsedInOperatingActivities,USD,2024-10-24,10-Q,2023-09-30,through_ocf,True,,,0.488155,0.69666,11.020222,-0.251099,-0.592975
2024Q4,2024-10-29,GLW,24741,CORNING INC /NY,$2B-$10B,,6421000000,Revenues,USD,2024-08-02,10-Q,2023-06-30,457000000,NetIncomeLoss,USD,2024-08-02,10-Q,2023-06-30,28500000000,Assets,USD,2024-08-02,10-Q,2023-12-31,-164000000,NetCashProvidedByUsedInFinancingActivities,USD,2024-08-02,10-Q,2023-06-30,-515000000,NetCashProvidedByUsedInInvestingActivities,USD,2024-08-02,10-Q,2023-06-30,570000000,NetCashProvidedByUsedInOperatingActivities,USD,2024-08-02,10-Q,2023-06-30,through_ocf,True,,,0.071173,0.088771,4.438561,-0.025541,-0.080206
2024Q4,2024-11-06,GNE,1528356,GENIE ENERGY LTD.,$100M-$500M,,198739000,Revenues,USD,2024-08-08,10-Q,2023-06-30,29586000,NetIncomeLoss,USD,2024-08-08,10-Q,2023-06-30,330555000,Assets,USD,2024-08-08,10-Q,2023-12-31,-9597000,NetCashProvidedByUsedInFinancingActivities,USD,2024-08-08,10-Q,2023-06-30,-1563000,NetCashProvidedByUsedInInvestingActivities,USD,2024-08-08,10-Q,2023-06-30,20240000,NetCashProvidedByUsedInOperatingActivities,USD,2024-08-08,10-Q,2023-06-30,through_ocf,True,,,0.148869,0.101842,1.663262,-0.048289,-0.007865
2024Q4,2024-10-25,GNTX,355811,GENTEX CORPORATION,$1B-$2B,,1134234157,RevenueFromContractWithCustomerExcludingAssessedTax,USD,2024-08-02,10-Q,2023-06-30,206733664,NetIncomeLoss,USD,2024-08-02,10-Q,2023-06-30,2611437552,Assets,USD,2024-08-02,10-Q,2023-12-31,-96459895,NetCashProvidedByUsedInFinancingActivities,USD,2024-08-02,10-Q,2023-06-30,-126395275,NetCashProvidedByUsedInInvestingActivities,USD,2024-08-02,10-Q,2023-06-30,241766133,NetCashProvidedByUsedInOperatingActivities,USD,2024-08-02,10-Q,2023-06-30,through_ocf,True,,,0.182267,0.213154,2.30238,-0.085044,-0.111437
2024Q4,2024-11-06,GNW,1276520,"Genworth Financial, Inc.",$2B-$10B,,3746000000,Revenues,USD,2024-08-02,10-Q,2023-06-30,259000000,NetIncomeLoss,USD,2024-08-02,10-Q,2023-06-30,90817000000,Assets,USD,2024-08-02,10-Q,2023-12-31,-818000000,NetCashProvidedByUsedInFinancingActivities,USD,2024-08-02,10-Q,2023-06-30,917000000,NetCashProvidedByUsedInInvestingActivities,USD,2024-08-02,10-Q,2023-06-30,-92000000,NetCashProvidedByUsedInOperatingActivities,USD,2023-05-05,10-Q,2022-03-31,through_ocf,True,,,0.06914,-0.02456,24.243727,-0.218366,0.244794
2024Q4,2024-10-30,GO,1771515,Grocery Outlet Holding Corp.,$1B-$2B,,1975722000,RevenueFromContractWithCustomerExcludingAssessedTax,USD,2024-08-07,10-Q,2023-07-01,13720000,NetIncomeLoss,USD,2024-08-07,10-Q,2023-04-01,2969586000,Assets,USD,2024-08-07,10-Q,2023-12-30,-94194000,NetCashProvidedByUsedInFinancingActivities,USD,2024-08-07,10-Q,2023-07-01,-78084000,NetCashProvidedByUsedInInvestingActivities,USD,2024-08-07,10-Q,2023-07-01,157120000,NetCashProvidedByUsedInOperatingActivities,USD,2024-08-07,10-Q,2023-07-01,through_ocf,True,,,0.006944,0.079525,1.503038,-0.047676,-0.039522
2024Q4,2024-11-07,GOLD,1591588,"GOLD.COM, INC.",$2B-$10B,,8159254000,Revenues,USD,2024-09-13,10-K,2022-06-30,132536000,NetIncomeLoss,USD,2024-09-13,10-K,2022-06-30,1545571000,Assets,USD,2024-09-13,10-K,2023-06-30,86107000,NetCashProvidedByUsedInFinancingActivities,USD,2024-09-13,10-K,2022-06-30,-60563000,NetCashProvidedByUsedInInvestingActivities,USD,2024-09-13,10-K,2022-06-30,-89166000,NetCashProvidedByUsedInOperatingActivities,USD,2024-09-13,10-K,2022-06-30,through_ocf,True,,,0.016244,-0.010928,0.189426,0.010553,-0.007423
2024Q4,2024-11-07,GOLF,1672013,Acushnet Holdings Corp.,$1B-$2B,,1969034000,RevenueFromContractWithCustomerExcludingAssessedTax,USD,2024-11-07,10-Q,2023-09-30,225237000,NetIncomeLoss,USD,2024-11-07,10-Q,2023-09-30,2196677000,Assets,USD,2024-11-07,10-Q,2023-12-31,-229202000,NetCashProvidedByUsedInFinancingActivities,USD,2024-11-07,10-Q,2023-09-30,-68554000,NetCashProvidedByUsedInInvestingActivities,USD,2024-11-07,10-Q,2023-09-30,296930000,NetCashProvidedByUsedInOperatingActivities,USD,2024-11-07,10-Q,2023-09-30,through_ocf,True,,,0.11439,0.1508,1.115612,-0.116403,-0.034816
2024Q4,2024-10-22,GPC,40987,GENUINE PARTS CO,>$10B,,17504726000,RevenueFromContractWithCustomerExcludingAssessedTax,USD,2024-10-22,10-Q,2023-09-30,999649000,NetIncomeLoss,USD,2024-10-22,10-Q,2023-09-30,17968454000,Assets,USD,2024-10-22,10-Q,2023-12-31,-599019000,NetCashProvidedByUsedInFinancingActivities,USD,2024-10-22,10-Q,2023-09-30,-473429000,NetCashProvidedByUsedInInvestingActivities,USD,2024-10-22,10-Q,2023-09-30,1082446000,NetCashProvidedByUsedInOperatingActivities,USD,2024-10-22,10-Q,2023-09-30,through_ocf,True,,,0.057107,0.061837,1.026492,-0.03422,-0.027046
2024Q4,2024-10-30,GPI,1031203,"Group 1 Automotive, Inc",$2B-$10B,,8688500000,RevenueFromContractWithCustomerExcludingAssessedTax,USD,2024-07-24,10-Q,2023-06-30,329000000,NetIncomeLoss,USD,2024-07-24,10-Q,2023-06-30,7774100000,Assets,USD,2024-07-24,10-Q,2023-12-31,103000000,NetCashProvidedByUsedInFinancingActivities,USD,2024-07-24,10-Q,2023-06-30,-369100000,NetCashProvidedByUsedInInvestingActivities,USD,2024-07-24,10-Q,2023-06-30,239000000,NetCashProvidedByUsedInOperatingActivities,USD,2024-07-24,10-Q,2023-06-30,through_ocf,True,,,0.037866,0.027508,0.894757,0.011855,-0.042481
2024Q4,2024-10-30,GPN,1123360,Global Payments Inc.,$2B-$10B,,4744916000,RevenueFromContractWithCustomerExcludingAssessedTax,USD,2024-08-07,10-Q,2023-06-30,263107000,NetIncomeLoss,USD,2024-08-07,10-Q,2023-06-30,50570186000,Assets,USD,2024-08-07,10-Q,2023-12-31,2701255000,NetCashProvidedByUsedInFinancingActivities,USD,2024-08-07,10-Q,2023-06-30,-4001536000,NetCashProvidedByUsedInInvestingActivities,USD,2024-08-07,10-Q,2023-06-30,1164483000,NetCashProvidedByUsedInOperatingActivities,USD,2024-08-07,10-Q,2023-06-30,through_ocf,True,,,0.05545,0.245417,10.657762,0.569295,-0.843331
2024Q4,2024-11-05,GPOR,874499,Gulfport Energy Corporation,$1B-$2B,,1035927000,Revenues,USD,2024-08-07,10-Q,2023-06-30,523054000,NetIncomeLoss,USD,2024-08-07,10-Q,2023-03-31,3267613000,Assets,USD,2024-08-07,10-Q,2023-12-31,-131803000,NetCashProvidedByUsedInFinancingActivities,USD,2024-08-07,10-Q,2023-06-30,-281593000,NetCashProvidedByUsedInInvestingActivities,USD,2024-08-07,10-Q,2023-06-30,411406000,NetCashProvidedByUsedInOperatingActivities,USD,2024-08-07,10-Q,2023-06-30,through_ocf,True,,,0.504914,0.397138,3.154289,-0.127232,-0.271827
2024Q4,2024-10-30,GRBK,1373670,"Green Brick Partners, Inc.",$1B-$2B,,1327328000,Revenues,USD,2024-10-30,10-Q,2023-09-30,211606000,NetIncomeLoss,USD,2024-10-30,10-Q,2023-09-30,1902832000,Assets,USD,2024-10-30,10-Q,2023-12-31,-69809000,NetCashProvidedByUsedInFinancingActivities,USD,2024-10-30,10-Q,2023-09-30,-9999000,NetCashProvidedByUsedInInvestingActivities,USD,2024-10-30,10-Q,2023-09-30,232699000,NetCashProvidedByUsedInOperatingActivities,USD,2024-10-30,10-Q,2023-09-30,through_ocf,True,,,0.159423,0.175314,1.433581,-0.052594,-0.007533
2024Q4,2024-10-25,GRC,42682,THE GORMAN-RUPP COMPANY,$100M-$500M,,406150000,SalesRevenueNet,USD,2018-02-23,10-K,2015-12-31,6520000,NetIncomeLoss,USD,2024-07-29,10-Q,2023-03-31,890358000,Assets,USD,2024-07-29,10-Q,2023-12-31,-19461000,NetCashProvidedByUsedInFinancingActivities,USD,2024-07-29,10-Q,2023-06-30,-12903000,NetCashProvidedByUsedInInvestingActivities,USD,2024-07-29,10-Q,2023-06-30,37856000,NetCashProvidedByUsedInOperatingActivities,USD,2024-07-29,10-Q,2023-06-30,through_ocf,True,,,0.016053,0.093207,2.19219,-0.047916,-0.031769
2024Q4,2024-10-30,GRMN,1121788,GARMIN LTD,$2B-$10B,,3745751000,RevenueFromContractWithCustomerExcludingAssessedTax,USD,2024-10-30,10-Q,2023-09-30,747509000,NetIncomeLoss,USD,2024-10-30,10-Q,2023-09-30,8603569000,Assets,USD,2024-10-30,10-Q,2023-12-30,-486150000,NetCashProvidedByUsedInFinancingActivities,USD,2024-10-30,10-Q,2023-09-30,-267692000,NetCashProvidedByUsedInInvestingActivities,USD,2024-10-30,10-Q,2023-09-30,910324000,NetCashProvidedByUsedInOperatingActivities,USD,2024-10-30,10-Q,2023-09-30,through_ocf,True,,,0.199562,0.243028,2.296888,-0.129787,-0.071466
2024Q4,2024-11-12,GRPN,1490281,"Groupon, Inc.",$100M-$500M,,377194000,RevenueFromContractWithCustomerExcludingAssessedTax,USD,2024-11-12,10-Q,2023-09-30,-83112000,NetIncomeLoss,USD,2024-11-12,10-Q,2023-09-30,570956000,Assets,USD,2024-11-12,10-Q,2023-12-31,-30953000,NetCashProvidedByUsedInFinancingActivities,USD,2024-11-12,10-Q,2023-09-30,-16965000,NetCashProvidedByUsedInInvestingActivities,USD,2024-11-12,10-Q,2023-09-30,-132485000,NetCashProvidedByUsedInOperatingActivities,USD,2024-11-12,10-Q,2023-09-30,through_ocf,True,,,-0.220343,-0.351238,1.513693,-0.082061,-0.044977
2024Q4,2024-11-04,GT,42582,The Goodyear Tire & Rubber Company,$2B-$10B,,9808000000,RevenueFromContractWithCustomerExcludingAssessedTax,USD,2024-08-01,10-Q,2023-06-30,-309000000,NetIncomeLoss,USD,2024-08-01,10-Q,2023-06-30,21582000000,Assets,USD,2024-08-01,10-Q,2023-12-31,876000000,NetCashProvidedByUsedInFinancingActivities,USD,2024-08-01,10-Q,2023-06-30,-645000000,NetCashProvidedByUsedInInvestingActivities,USD,2024-08-01,10-Q,2023-06-30,-434000000,NetCashProvidedByUsedInOperatingActivities,USD,2024-08-01,10-Q,2023-06-30,through_ocf,True,,,-0.031505,-0.04425,2.200449,0.089315,-0.065763
2024Q4,2024-12-05,GTLB,1653482,GITLAB INC.,$100M-$500M,,266459000,RevenueFromContractWithCustomerExcludingAssessedTax,USD,2024-09-04,10-Q,2023-07-31,-102549000,NetIncomeLoss,USD,2024-09-04,10-Q,2023-07-31,1317861000,Assets,USD,2024-09-04,10-Q,2024-01-31,25528000,NetCashProvidedByUsedInFinancingActivities,USD,2024-09-04,10-Q,2023-07-31,-65045000,NetCashProvidedByUsedInInvestingActivities,USD,2024-09-04,10-Q,2023-07-31,16148000,NetCashProvidedByUsedInOperatingActivities,USD,2024-09-04,10-Q,2023-07-31,through_ocf,True,,,-0.384858,0.060602,4.94583,0.095805,-0.244109
2024Q4,2024-11-01,GTLS,892553,"CHART INDUSTRIES, INC",$2B-$10B,,2337500000,RevenueFromContractWithCustomerExcludingAssessedTax,USD,2024-11-01,10-Q,2023-09-30,-2500000,NetIncomeLoss,USD,2024-11-01,10-Q,2023-09-30,9102400000,Assets,USD,2024-11-01,10-Q,2023-12-31,1678000000,NetCashProvidedByUsedInFinancingActivities,USD,2024-11-01,10-Q,2023-09-30,-4154900000,NetCashProvidedByUsedInInvestingActivities,USD,2024-11-01,10-Q,2023-09-30,36900000,NetCashProvidedByUsedInOperatingActivities,USD,2024-11-01,10-Q,2023-09-30,through_ocf,True,,,-0.00107,0.015786,3.894075,0.717861,-1.777497
2024Q4,2024-11-12,GTM,1794515,ZoomInfo Technologies Inc.,$500M-$1B,,923100000,RevenueFromContractWithCustomerExcludingAssessedTax,USD,2024-11-12,10-Q,2023-09-30,44500000,NetIncomeLoss,USD,2024-11-12,10-Q,2023-03-31,6868300000,Assets,USD,2024-11-12,10-Q,2023-12-31,-266600000,NetCashProvidedByUsedInFinancingActivities,USD,2024-11-12,10-Q,2023-09-30,-11100000,NetCashProvidedByUsedInInvestingActivities,USD,2024-11-12,10-Q,2023-09-30,306100000,NetCashProvidedByUsedInOperatingActivities,USD,2024-11-12,10-Q,2023-09-30,through_ocf,True,,,0.048207,0.3316,7.440472,-0.288809,-0.012025
2024Q4,2024-10-24,GTX,1735707,Garrett Motion Inc.,$2B-$10B,,2941000000,Revenues,USD,2024-10-24,10-Q,2023-09-30,81000000,NetIncomeLoss,USD,2024-10-24,10-Q,2023-03-31,2527000000,Assets,USD,2024-10-24,10-Q,2023-12-31,-366000000,NetCashProvidedByUsedInFinancingActivities,USD,2024-10-24,10-Q,2023-09-30,-48000000,NetCashProvidedByUsedInInvestingActivities,USD,2024-10-24,10-Q,2023-09-30,330000000,NetCashProvidedByUsedInOperatingActivities,USD,2024-10-24,10-Q,2023-09-30,through_ocf,True,,,0.027542,0.112207,0.859232,-0.124447,-0.016321
2024Q4,2024-10-31,GWW,277135,"W.W. Grainger, Inc.",>$10B,,12481000000,RevenueFromContractWithCustomerExcludingAssessedTax,USD,2024-10-31,10-Q,2023-09-30,1434000000,NetIncomeLoss,USD,2024-10-31,10-Q,2023-09-30,8147000000,Assets,USD,2024-10-31,10-Q,2023-12-31,-839000000,NetCashProvidedByUsedInFinancingActivities,USD,2024-10-31,10-Q,2023-09-30,-307000000,NetCashProvidedByUsedInInvestingActivities,USD,2024-10-31,10-Q,2023-09-30,1427000000,NetCashProvidedByUsedInOperatingActivities,USD,2024-10-31,10-Q,2023-09-30,through_ocf,True,,,0.114895,0.114334,0.652752,-0.067222,-0.024597
2024Q4,2024-11-07,HAE,313143,HAEMONETICS CORPORATION,$500M-$1B,,629515000,RevenueFromContractWithCustomerExcludingAssessedTax,USD,2024-11-07,10-Q,2023-09-30,41042000,NetIncomeLoss,USD,2024-11-07,10-Q,2023-07-01,2195591000,Assets,USD,2024-11-07,10-Q,2024-03-30,-7770000,NetCashProvidedByUsedInFinancingActivities,USD,2024-11-07,10-Q,2023-09-30,-40396000,NetCashProvidedByUsedInInvestingActivities,USD,2024-11-07,10-Q,2023-09-30,118210000,NetCashProvidedByUsedInOperatingActivities,USD,2024-11-07,10-Q,2023-09-30,through_ocf,True,,,0.065196,0.187779,3.48775,-0.012343,-0.06417
2024Q4,2024-11-07,HAIN,910406,"The Hain Celestial Group, Inc.",$100M-$500M,,425029000,RevenueFromContractWithCustomerExcludingAssessedTax,USD,2024-11-07,10-Q,2023-09-30,-10376000,NetIncomeLoss,USD,2024-11-07,10-Q,2023-09-30,2117548000,Assets,USD,2024-11-07,10-Q,2024-06-30,-17584000,NetCashProvidedByUsedInFinancingActivities,USD,2024-11-07,10-Q,2023-09-30,-5649000,NetCashProvidedByUsedInInvestingActivities,USD,2024-11-07,10-Q,2023-09-30,14030000,NetCashProvidedByUsedInOperatingActivities,USD,2024-11-07,10-Q,2023-09-30,through_ocf,True,,,-0.024412,0.03301,4.982126,-0.041371,-0.013291
2024Q4,2024-11-07,HAL,45012,HALLIBURTON COMPANY,$2B-$10B,,9236000000,SalesRevenueNet,USD,2018-07-27,10-Q,2017-06-30,1977000000,NetIncomeLoss,USD,2024-11-07,10-Q,2023-09-30,24683000000,Assets,USD,2024-11-07,10-Q,2023-12-31,-1127000000,NetCashProvidedByUsedInFinancingActivities,USD,2024-11-07,10-Q,2023-09-30,-1124000000,NetCashProvidedByUsedInInvestingActivities,USD,2024-11-07,10-Q,2023-09-30,2048000000,NetCashProvidedByUsedInOperatingActivities,USD,2024-11-07,10-Q,2023-09-30,through_ocf,True,,,0.214054,0.221741,2.672477,-0.122023,-0.121698
2024Q4,2024-10-31,HALO,1159036,"HALOZYME THERAPEUTICS, INC.",$500M-$1B,,599214000,RevenueFromContractWithCustomerExcludingAssessedTax,USD,2024-10-31,10-Q,2023-09-30,196206000,NetIncomeLoss,USD,2024-10-31,10-Q,2023-09-30,1733270000,Assets,USD,2024-10-31,10-Q,2023-12-31,-158067000,NetCashProvidedByUsedInFinancingActivities,USD,2024-10-31,10-Q,2023-09-30,-88618000,NetCashProvidedByUsedInInvestingActivities,USD,2024-10-31,10-Q,2023-09-30,286217000,NetCashProvidedByUsedInOperatingActivities,USD,2024-10-31,10-Q,2023-09-30,through_ocf,True,,,0.327439,0.477654,2.892573,-0.263791,-0.14789
2024Q4,2024-10-24,HAS,46080,"HASBRO, INC.",$2B-$10B,,2211000000,Revenues,USD,2024-07-31,10-Q,2023-07-02,-22100000,NetIncomeLoss,USD,2024-07-31,10-Q,2023-04-02,8609700000,Assets,USD,2024-07-31,10-Q,2023-07-02,-296200000,NetCashProvidedByUsedInFinancingActivities,USD,2024-07-31,10-Q,2023-07-02,-115800000,NetCashProvidedByUsedInInvestingActivities,USD,2024-07-31,10-Q,2023-07-02,119200000,NetCashProvidedByUsedInOperatingActivities,USD,2024-07-31,10-Q,2023-07-02,through_ocf,True,,,-0.009995,0.053912,3.89403,-0.133967,-0.052374
2024Q4,2024-10-17,HBAN,49196,Huntington Bancshares Incorporated,$500M-$1B,,709000000,RevenueFromContractWithCustomerExcludingAssessedTax,USD,2024-07-30,10-Q,2023-06-30,1161000000,NetIncomeLoss,USD,2024-07-30,10-Q,2023-06-30,189368000000,Assets,USD,2024-07-30,10-Q,2023-12-31,4747000000,NetCashProvidedByUsedInFinancingActivities,USD,2024-07-30,10-Q,2023-06-30,-1132000000,NetCashProvidedByUsedInInvestingActivities,USD,2024-07-30,10-Q,2023-06-30,760000000,NetCashProvidedByUsedInOperatingActivities,USD,2024-07-30,10-Q,2023-06-30,through_ocf,True,,,1.637518,1.071932,267.091678,6.695346,-1.596615
2024Q4,2024-10-17,HBANL,49196,Huntington Bancshares Incorporated,$500M-$1B,,709000000,RevenueFromContractWithCustomerExcludingAssessedTax,USD,2024-07-30,10-Q,2023-06-30,1161000000,NetIncomeLoss,USD,2024-07-30,10-Q,2023-06-30,189368000000,Assets,USD,2024-07-30,10-Q,2023-12-31,4747000000,NetCashProvidedByUsedInFinancingActivities,USD,2024-07-30,10-Q,2023-06-30,-1132000000,NetCashProvidedByUsedInInvestingActivities,USD,2024-07-30,10-Q,2023-06-30,760000000,NetCashProvidedByUsedInOperatingActivities,USD,2024-07-30,10-Q,2023-06-30,through_ocf,True,,,1.637518,1.071932,267.091678,6.695346,-1.596615
2024Q4,2024-10-17,HBANP,49196,Huntington Bancshares Incorporated,$500M-$1B,,709000000,RevenueFromContractWithCustomerExcludingAssessedTax,USD,2024-07-30,10-Q,2023-06-30,1161000000,NetIncomeLoss,USD,2024-07-30,10-Q,2023-06-30,189368000000,Assets,USD,2024-07-30,10-Q,2023-12-31,4747000000,NetCashProvidedByUsedInFinancingActivities,USD,2024-07-30,10-Q,2023-06-30,-1132000000,NetCashProvidedByUsedInInvestingActivities,USD,2024-07-30,10-Q,2023-06-30,760000000,NetCashProvidedByUsedInOperatingActivities,USD,2024-07-30,10-Q,2023-06-30,through_ocf,True,,,1.637518,1.071932,267.091678,6.695346,-1.596615
2024Q4,2024-10-30,HBB,1709164,HAMILTON BEACH BRANDS HOLDING COMPANY,$100M-$500M,,418975000,Revenues,USD,2024-10-30,10-Q,2023-09-30,-4777000,NetIncomeLoss,USD,2024-10-30,10-Q,2023-03-31,378920000,Assets,USD,2024-10-30,10-Q,2023-09-30,-65669000,NetCashProvidedByUsedInFinancingActivities,USD,2024-10-30,10-Q,2023-09-30,-2436000,NetCashProvidedByUsedInInvestingActivities,USD,2024-10-30,10-Q,2023-09-30,68683000,NetCashProvidedByUsedInOperatingActivities,USD,2024-10-30,10-Q,2023-09-30,through_ocf,True,,,-0.011402,0.163931,0.904398,-0.156737,-0.005814
2024Q4,2024-10-30,HCC,1691303,"Warrior Met Coal, Inc.",$100M-$500M,,253964000,SalesRevenueNet,USD,2018-05-02,10-Q,2017-03-31,349753000,NetIncomeLoss,USD,2024-10-30,10-Q,2023-09-30,2357058000,Assets,USD,2024-10-30,10-Q,2023-12-31,-253935000,NetCashProvidedByUsedInFinancingActivities,USD,2024-10-30,10-Q,2023-09-30,-344752000,NetCashProvidedByUsedInInvestingActivities,USD,2024-10-30,10-Q,2023-09-30,456018000,NetCashProvidedByUsedInOperatingActivities,USD,2024-10-30,10-Q,2023-09-30,through_ocf,True,,,1.377176,1.795601,9.281071,-0.999886,-1.357484
2024Q4,2024-11-07,HCI,1400810,"HCI Group, Inc.",$100M-$500M,,256356000,Revenues,USD,2024-08-09,10-Q,2023-06-30,27781000,NetIncomeLoss,USD,2024-08-09,10-Q,2023-06-30,1811316000,Assets,USD,2024-08-09,10-Q,2023-12-31,-6402000,NetCashProvidedByUsedInFinancingActivities,USD,2024-08-09,10-Q,2023-06-30,59675000,NetCashProvidedByUsedInInvestingActivities,USD,2024-08-09,10-Q,2023-06-30,5944000,NetCashProvidedByUsedInOperatingActivities,USD,2024-08-09,10-Q,2023-06-30,through_ocf,True,,,0.108369,0.023187,7.065627,-0.024973,0.232782
2024Q4,2024-10-23,HCSG,731012,"HEALTHCARE SERVICES GROUP, INC.",$500M-$1B,,836161000,RevenueFromContractWithCustomerExcludingAssessedTax,USD,2024-07-26,10-Q,2023-06-30,11671000,NetIncomeLoss,USD,2024-07-26,10-Q,2023-03-31,790652000,Assets,USD,2024-07-26,10-Q,2023-12-31,11907000,NetCashProvidedByUsedInFinancingActivities,USD,2024-07-26,10-Q,2023-06-30,-637000,NetCashProvidedByUsedInInvestingActivities,USD,2024-07-26,10-Q,2023-06-30,-8887000,NetCashProvidedByUsedInOperatingActivities,USD,2024-07-26,10-Q,2023-06-30,through_ocf,True,,,0.013958,-0.010628,0.945574,0.01424,-0.000762
2024Q4,2024-11-08,HE,354707,"Hawaiian Electric Industries, Inc.",$2B-$10B,,2725795000,Revenues,USD,2024-11-08,10-Q,2023-09-30,151866000,NetIncomeLoss,USD,2024-11-08,10-Q,2023-09-30,17243821000,Assets,USD,2024-11-08,10-Q,2023-12-31,371866000,NetCashProvidedByUsedInFinancingActivities,USD,2024-11-08,10-Q,2023-09-30,-369638000,NetCashProvidedByUsedInInvestingActivities,USD,2024-11-08,10-Q,2023-09-30,475138000,NetCashProvidedByUsedInOperatingActivities,USD,2024-11-08,10-Q,2023-09-30,through_ocf,True,,,0.055714,0.174312,6.326162,0.136425,-0.135607
2024Q4,2024-10-09,HELE,916789,HELEN OF TROY LIMITED,$500M-$1B,,966235000,RevenueFromContractWithCustomerExcludingAssessedTax,USD,2024-10-09,10-Q,2023-08-31,49962000,NetIncomeLoss,USD,2024-10-09,10-Q,2023-08-31,2838622000,Assets,USD,2024-10-09,10-Q,2024-02-29,-142280000,NetCashProvidedByUsedInFinancingActivities,USD,2024-10-09,10-Q,2023-08-31,-20311000,NetCashProvidedByUsedInInvestingActivities,USD,2024-10-09,10-Q,2023-08-31,157732000,NetCashProvidedByUsedInOperatingActivities,USD,2024-10-09,10-Q,2023-08-31,through_ocf,True,,,0.051708,0.163244,2.937817,-0.147252,-0.021021
2024Q4,2024-11-06,HG,0001593275,"Hamilton Insurance Group, Ltd.",$500M-$1B,,679616000,Revenues,USD,2024-08-08,10-Q,2023-06-30,94290000,ProfitLoss,USD,2024-08-08,10-Q,2023-06-30,6671355000,Assets,USD,2024-08-08,10-Q,2023-12-31,-8252000,NetCashProvidedByUsedInFinancingActivities,USD,2024-08-08,10-Q,2023-06-30,-351922000,NetCashProvidedByUsedInInvestingActivities,USD,2024-08-08,10-Q,2023-06-30,75911000,NetCashProvidedByUsedInOperatingActivities,USD,2024-08-08,10-Q,2023-06-30,through_ocf,True,,,0.13874,0.111697,9.81636,-0.012142,-0.517825
2024Q4,2024-11-07,HGV,1674168,Hilton Grand Vacations Inc.,$2B-$10B,,2959000000,Revenues,USD,2024-11-07,10-Q,2023-09-30,245000000,NetIncomeLoss,USD,2024-11-07,10-Q,2023-09-30,8685000000,Assets,USD,2024-11-07,10-Q,2023-12-31,-270000000,NetCashProvidedByUsedInFinancingActivities,USD,2024-11-07,10-Q,2023-09-30,-47000000,NetCashProvidedByUsedInInvestingActivities,USD,2024-11-07,10-Q,2023-09-30,312000000,NetCashProvidedByUsedInOperatingActivities,USD,2024-11-07,10-Q,2023-09-30,through_ocf,True,,,0.082798,0.105441,2.935113,-0.091247,-0.015884
2024Q4,2024-10-24,HIG,874766,"The Hartford Insurance Group, Inc.",>$10B,,18127000000,Revenues,USD,2024-10-24,10-Q,2023-09-30,1733000000,NetIncomeLoss,USD,2024-10-24,10-Q,2023-09-30,76780000000,Assets,USD,2024-10-24,10-Q,2023-12-31,-1493000000,NetCashProvidedByUsedInFinancingActivities,USD,2024-10-24,10-Q,2023-09-30,-1266000000,NetCashProvidedByUsedInInvestingActivities,USD,2024-10-24,10-Q,2023-09-30,2593000000,NetCashProvidedByUsedInOperatingActivities,USD,2024-10-24,10-Q,2023-09-30,through_ocf,True,,,0.095603,0.143046,4.235671,-0.082363,-0.069841
2024Q4,2024-10-31,HII,1501585,"HUNTINGTON INGALLS INDUSTRIES, INC.",$2B-$10B,,8277000000,Revenues,USD,2024-10-31,10-Q,2023-09-30,407000000,NetIncomeLoss,USD,2024-10-31,10-Q,2023-09-30,11215000000,Assets,USD,2024-10-31,10-Q,2023-12-31,-655000000,NetCashProvidedByUsedInFinancingActivities,USD,2024-10-31,10-Q,2023-09-30,-111000000,NetCashProvidedByUsedInInvestingActivities,USD,2024-10-31,10-Q,2023-09-30,408000000,NetCashProvidedByUsedInOperatingActivities,USD,2024-10-31,10-Q,2023-09-30,through_ocf,True,,,0.049172,0.049293,1.35496,-0.079135,-0.013411
2024Q4,2024-11-04,HIMS,1773751,"HIMS & HERS HEALTH, INC.",$500M-$1B,,625381000,RevenueFromContractWithCustomerExcludingAssessedTax,USD,2024-11-04,10-Q,2023-09-30,-10067000,NetIncomeLoss,USD,2024-11-04,10-Q,2023-03-31,441186000,Assets,USD,2024-11-04,10-Q,2023-12-31,-7512000,NetCashProvidedByUsedInFinancingActivities,USD,2024-11-04,10-Q,2023-09-30,-32801000,NetCashProvidedByUsedInInvestingActivities,USD,2024-11-04,10-Q,2023-09-30,51500000,NetCashProvidedByUsedInOperatingActivities,USD,2024-11-04,10-Q,2023-09-30,through_ocf,True,,,-0.016097,0.08235,0.705468,-0.012012,-0.05245
2024Q4,2024-10-30,HLF,1180262,Herbalife Ltd.,$2B-$10B,,3847400000,RevenueFromContractWithCustomerExcludingAssessedTax,USD,2024-10-30,10-Q,2023-09-30,132000000,NetIncomeLoss,USD,2024-10-30,10-Q,2023-09-30,2809400000,Assets,USD,2024-10-30,10-Q,2023-12-31,-156600000,NetCashProvidedByUsedInFinancingActivities,USD,2024-10-30,10-Q,2023-09-30,-99600000,NetCashProvidedByUsedInInvestingActivities,USD,2024-10-30,10-Q,2023-09-30,261400000,NetCashProvidedByUsedInOperatingActivities,USD,2024-10-30,10-Q,2023-09-30,through_ocf,True,,,0.034309,0.067942,0.730207,-0.040703,-0.025888
2024Q4,2024-11-05,HLIO,1024795,"HELIOS TECHNOLOGIES, INC.",$100M-$500M,,440800000,RevenueFromContractWithCustomerExcludingAssessedTax,USD,2024-08-06,10-Q,2023-07-01,30600000,NetIncomeLoss,USD,2024-08-06,10-Q,2023-07-01,1590400000,Assets,USD,2024-08-06,10-Q,2023-12-30,90100000,NetCashProvidedByUsedInFinancingActivities,USD,2024-08-06,10-Q,2023-07-01,-135800000,NetCashProvidedByUsedInInvestingActivities,USD,2024-08-06,10-Q,2023-07-01,38400000,NetCashProvidedByUsedInOperatingActivities,USD,2024-08-06,10-Q,2023-07-01,through_ocf,True,,,0.069419,0.087114,3.607985,0.204401,-0.308076
2024Q4,2024-10-28,HLIT,851310,HARMONIC INC.,$100M-$500M,,313612000,RevenueFromContractWithCustomerExcludingAssessedTax,USD,2024-08-02,10-Q,2023-06-30,6648000,NetIncomeLoss,USD,2024-08-02,10-Q,2023-06-30,768206000,Assets,USD,2024-08-02,10-Q,2023-12-31,-5451000,NetCashProvidedByUsedInFinancingActivities,USD,2024-08-02,10-Q,2023-06-30,-3833000,NetCashProvidedByUsedInInvestingActivities,USD,2024-08-02,10-Q,2023-06-30,-10252000,NetCashProvidedByUsedInOperatingActivities,USD,2024-08-02,10-Q,2023-06-30,through_ocf,True,,,0.021198,-0.03269,2.449543,-0.017381,-0.012222
2024Q4,2024-11-05,HLMN,1822492,Hillman Solutions Corp.,$1B-$2B,,1128669000,RevenueFromContractWithCustomerExcludingAssessedTax,USD,2024-11-05,10-Q,2023-09-30,-9132000,NetIncomeLoss,USD,2024-11-05,10-Q,2023-04-01,2331101000,Assets,USD,2024-11-05,10-Q,2023-12-30,-111762000,NetCashProvidedByUsedInFinancingActivities,USD,2024-11-05,10-Q,2023-09-30,-52763000,NetCashProvidedByUsedInInvestingActivities,USD,2024-11-05,10-Q,2023-09-30,171477000,NetCashProvidedByUsedInOperatingActivities,USD,2024-11-05,10-Q,2023-09-30,through_ocf,True,,,-0.008091,0.151929,2.065354,-0.099021,-0.046748
2024Q4,2024-11-06,HLNE,1433642,Hamilton Lane Inc,$100M-$500M,,251914000,RevenueFromContractWithCustomerExcludingAssessedTax,USD,2024-11-06,10-Q,2023-09-30,72992000,NetIncomeLoss,USD,2024-11-06,10-Q,2023-09-30,1271200000,Assets,USD,2024-11-06,10-Q,2024-03-31,67663000,NetCashProvidedByUsedInFinancingActivities,USD,2024-11-06,10-Q,2023-09-30,-85009000,NetCashProvidedByUsedInInvestingActivities,USD,2024-11-06,10-Q,2023-09-30,135569000,NetCashProvidedByUsedInOperatingActivities,USD,2024-11-06,10-Q,2023-09-30,through_ocf,True,,,0.28975,0.538156,5.046167,0.268596,-0.337452
2024Q4,2024-10-23,HLT,1585689,Hilton Worldwide Holdings Inc.,$2B-$10B,,7626000000,RevenueFromContractWithCustomerExcludingAssessedTax,USD,2024-10-23,10-Q,2023-09-30,994000000,NetIncomeLoss,USD,2024-10-23,10-Q,2023-09-30,15401000000,Assets,USD,2024-10-23,10-Q,2023-12-31,-1744000000,NetCashProvidedByUsedInFinancingActivities,USD,2024-10-23,10-Q,2023-09-30,-228000000,NetCashProvidedByUsedInInvestingActivities,USD,2024-10-23,10-Q,2023-09-30,1481000000,NetCashProvidedByUsedInOperatingActivities,USD,2024-10-23,10-Q,2023-09-30,through_ocf,True,,,0.130344,0.194204,2.019538,-0.228691,-0.029898
2024Q4,2024-10-24,HLX,866829,"HELIX ENERGY SOLUTIONS GROUP, INC.",$500M-$1B,,954571000,RevenueFromContractWithCustomerExcludingAssessedTax,USD,2024-10-24,10-Q,2023-09-30,17495000,NetIncomeLoss,USD,2024-10-24,10-Q,2023-09-30,2556036000,Assets,USD,2024-10-24,10-Q,2023-12-31,-51375000,NetCashProvidedByUsedInFinancingActivities,USD,2024-10-24,10-Q,2023-09-30,-15800000,NetCashProvidedByUsedInInvestingActivities,USD,2024-10-24,10-Q,2023-09-30,57720000,NetCashProvidedByUsedInOperatingActivities,USD,2024-10-24,10-Q,2023-09-30,through_ocf,True,,,0.018328,0.060467,2.67768,-0.05382,-0.016552
2024Q4,2024-11-04,HMN,850141,Horace Mann Educators Corporation,$1B-$2B,,1089000000,Revenues,USD,2024-11-04,10-Q,2023-09-30,5500000,NetIncomeLoss,USD,2024-11-04,10-Q,2023-09-30,14049900000,Assets,USD,2024-11-04,10-Q,2023-12-31,-121900000,NetCashProvidedByUsedInFinancingActivities,USD,2024-11-04,10-Q,2023-09-30,-85600000,NetCashProvidedByUsedInInvestingActivities,USD,2024-11-04,10-Q,2023-09-30,199200000,NetCashProvidedByUsedInOperatingActivities,USD,2024-11-04,10-Q,2023-09-30,through_ocf,True,,,0.005051,0.18292,12.901653,-0.111938,-0.078604
2024Q4,2024-10-29,HNI,48287,HNI Corporation,$1B-$2B,,1754200000,RevenueFromContractWithCustomerExcludingAssessedTax,USD,2024-10-29,10-Q,2023-09-30,26500000,NetIncomeLoss,USD,2024-10-29,10-Q,2023-09-30,1928800000,Assets,USD,2024-10-29,10-Q,2023-12-30,272100000,NetCashProvidedByUsedInFinancingActivities,USD,2024-10-29,10-Q,2023-09-30,-427600000,NetCashProvidedByUsedInInvestingActivities,USD,2024-10-29,10-Q,2023-09-30,162500000,NetCashProvidedByUsedInOperatingActivities,USD,2024-10-29,10-Q,2023-09-30,through_ocf,True,,,0.015107,0.092635,1.099533,0.155113,-0.243758
2024Q4,2024-10-24,HON,773840,HONEYWELL INTERNATIONAL INC,>$10B,,27222000000,RevenueFromContractWithCustomerExcludingAssessedTax,USD,2024-10-24,10-Q,2023-09-30,4395000000,NetIncomeLoss,USD,2024-10-24,10-Q,2023-09-30,61525000000,Assets,USD,2024-10-24,10-Q,2023-12-31,-3427000000,NetCashProvidedByUsedInFinancingActivities,USD,2024-10-24,10-Q,2023-09-30,-754000000,NetCashProvidedByUsedInInvestingActivities,USD,2024-10-24,10-Q,2023-09-30,2385000000,NetCashProvidedByUsedInOperatingActivities,USD,2024-10-24,10-Q,2023-09-30,through_ocf,True,,,0.16145,0.087613,2.26012,-0.125891,-0.027698
2024Q4,2024-12-05,HOV,357294,HOVNANIAN ENTERPRISES INC,$1B-$2B,,1868984000,Revenues,USD,2024-08-30,10-Q,2023-07-31,18716000,ProfitLoss,USD,2024-08-30,10-Q,2023-01-31,2492940000,Assets,USD,2024-08-30,10-Q,2023-10-31,-227997000,NetCashProvidedByUsedInFinancingActivities,USD,2024-08-30,10-Q,2023-07-31,-78415000,NetCashProvidedByUsedInInvestingActivities,USD,2024-08-30,10-Q,2023-07-31,291599000,NetCashProvidedByUsedInOperatingActivities,USD,2024-08-30,10-Q,2023-07-31,through_ocf,True,,,0.010014,0.15602,1.333848,-0.12199,-0.041956
2024Q4,2024-11-13,HP,46765,"HELMERICH & PAYNE, INC.",$2B-$10B,,2058944000,Revenues,USD,2024-11-13,10-K,2022-09-30,6953000,NetIncomeLoss,USD,2024-11-13,10-K,2022-09-30,4381956000,Assets,USD,2024-11-13,10-K,2023-09-30,-734305000,NetCashProvidedByUsedInFinancingActivities,USD,2024-11-13,10-K,2022-09-30,-167315000,NetCashProvidedByUsedInInvestingActivities,USD,2024-11-13,10-K,2022-09-30,233913000,NetCashProvidedByUsedInOperatingActivities,USD,2024-11-13,10-K,2022-09-30,through_ocf,True,,,0.003377,0.113608,2.128254,-0.356642,-0.081263
2024Q4,2024-11-12,HPP,1482512,"Hudson Pacific Properties, Inc.",$500M-$1B,,728874000,Revenues,USD,2024-11-12,10-Q,2023-09-30,-82046000,ProfitLoss,USD,2024-11-12,10-Q,2023-09-30,8282050000,Assets,USD,2024-11-12,10-Q,2023-12-31,-290170000,NetCashProvidedByUsedInFinancingActivities,USD,2024-11-12,10-Q,2023-09-30,-124505000,NetCashProvidedByUsedInInvestingActivities,USD,2024-11-12,10-Q,2023-09-30,223038000,NetCashProvidedByUsedInOperatingActivities,USD,2024-11-12,10-Q,2023-09-30,through_ocf,True,,,-0.112565,0.306004,11.362801,-0.398107,-0.170818
2024Q4,2024-12-09,HQY,1428336,"HEALTHEQUITY, INC.",$500M-$1B,,737200000,RevenueFromContractWithCustomerExcludingAssessedTax,USD,2024-12-09,10-Q,2023-10-31,29348000,NetIncomeLoss,USD,2024-12-09,10-Q,2023-10-31,3163790000,Assets,USD,2024-12-09,10-Q,2024-01-31,-51154000,NetCashProvidedByUsedInFinancingActivities,USD,2024-12-09,10-Q,2023-10-31,-34804000,NetCashProvidedByUsedInInvestingActivities,USD,2024-12-09,10-Q,2023-10-31,165753000,NetCashProvidedByUsedInOperatingActivities,USD,2024-12-09,10-Q,2023-10-31,through_ocf,True,,,0.03981,0.224841,4.29163,-0.06939,-0.047211
2024Q4,2024-10-22,HRI,1364479,HERC HOLDINGS INC.,$2B-$10B,,2450000000,Revenues,USD,2024-10-22,10-Q,2023-09-30,67000000,NetIncomeLoss,USD,2024-10-22,10-Q,2023-03-31,7061000000,Assets,USD,2024-10-22,10-Q,2023-12-31,545000000,NetCashProvidedByUsedInFinancingActivities,USD,2024-10-22,10-Q,2023-09-30,-1324000000,NetCashProvidedByUsedInInvestingActivities,USD,2024-10-22,10-Q,2023-09-30,796000000,NetCashProvidedByUsedInOperatingActivities,USD,2024-10-22,10-Q,2023-09-30,through_ocf,True,,,0.027347,0.324898,2.882041,0.222449,-0.540408
2024Q4,2024-12-04,HRL,48465,HORMEL FOODS CORPORATION,$2B-$10B,,6674911000,SalesRevenueNet,USD,2018-09-07,10-Q,2017-07-30,597637000,NetIncomeLoss,USD,2024-09-04,10-Q,2023-07-30,13448772000,Assets,USD,2024-09-04,10-Q,2023-10-29,-450977000,NetCashProvidedByUsedInFinancingActivities,USD,2024-09-04,10-Q,2023-07-30,-588489000,NetCashProvidedByUsedInInvestingActivities,USD,2024-09-04,10-Q,2023-07-30,728756000,NetCashProvidedByUsedInOperatingActivities,USD,2024-09-04,10-Q,2023-07-30,through_ocf,True,,,0.089535,0.109178,2.014824,-0.067563,-0.088164
2024Q4,2024-10-29,HRMY,1802665,"HARMONY BIOSCIENCES HOLDINGS, INC.",$100M-$500M,,413610000,RevenueFromContractWithCustomerExcludingAssessedTax,USD,2024-10-29,10-Q,2023-09-30,102246000,NetIncomeLoss,USD,2024-10-29,10-Q,2023-09-30,811448000,Assets,USD,2024-10-29,10-Q,2023-12-31,-52029000,NetCashProvidedByUsedInFinancingActivities,USD,2024-10-29,10-Q,2023-09-30,-10374000,NetCashProvidedByUsedInInvestingActivities,USD,2024-10-29,10-Q,2023-09-30,142722000,NetCashProvidedByUsedInOperatingActivities,USD,2024-10-29,10-Q,2023-09-30,through_ocf,True,,,0.247204,0.345064,1.961867,-0.125792,-0.025082
2024Q4,2024-10-23,HRTG,1598665,"HERITAGE INSURANCE HOLDINGS, INC.",$100M-$500M,,362234000,Revenues,USD,2024-08-08,10-Q,2023-06-30,14008000,NetIncomeLoss,USD,2024-08-08,10-Q,2023-03-31,2153200000,Assets,USD,2024-08-08,10-Q,2023-12-31,-4821000,NetCashProvidedByUsedInFinancingActivities,USD,2024-08-08,10-Q,2023-06-30,-50100000,NetCashProvidedByUsedInInvestingActivities,USD,2024-08-08,10-Q,2023-06-30,24119000,NetCashProvidedByUsedInOperatingActivities,USD,2024-08-08,10-Q,2023-06-30,through_ocf,True,,,0.038671,0.066584,5.944224,-0.013309,-0.138308
2024Q4,2024-11-06,HST,1070750,"HOST HOTELS & RESORTS, INC.",$2B-$10B,,2774000000,RevenueFromContractWithCustomerExcludingAssessedTax,USD,2024-08-02,10-Q,2023-06-30,497000000,NetIncomeLoss,USD,2024-08-02,10-Q,2023-06-30,12243000000,Assets,USD,2024-08-02,10-Q,2023-12-31,-396000000,NetCashProvidedByUsedInFinancingActivities,USD,2024-08-02,10-Q,2023-06-30,-275000000,NetCashProvidedByUsedInInvestingActivities,USD,2024-08-02,10-Q,2023-06-30,820000000,NetCashProvidedByUsedInOperatingActivities,USD,2024-08-02,10-Q,2023-06-30,through_ocf,True,,,0.179164,0.295602,4.413482,-0.142754,-0.099135
2024Q4,2024-11-07,HSY,47111,HERSHEY CO,$2B-$10B,,8507881000,RevenueFromContractWithCustomerExcludingAssessedTax,USD,2024-11-07,10-Q,2023-10-01,1512745000,NetIncomeLoss,USD,2024-11-07,10-Q,2023-10-01,11902941000,Assets,USD,2024-11-07,10-Q,2023-12-31,-784365000,NetCashProvidedByUsedInFinancingActivities,USD,2024-11-07,10-Q,2023-10-01,-735543000,NetCashProvidedByUsedInInvestingActivities,USD,2024-11-07,10-Q,2023-10-01,1565541000,NetCashProvidedByUsedInOperatingActivities,USD,2024-11-07,10-Q,2023-10-01,through_ocf,True,,,0.177805,0.184011,1.399049,-0.092193,-0.086454
2024Q4,2024-10-24,HTH,1265131,Hilltop Holdings Inc.,$100M-$500M,,111812000,Revenues,USD,2012-11-02,10-Q,2011-09-30,43933000,NetIncomeLoss,USD,2024-08-02,10-Q,2023-06-30,16466996000,Assets,USD,2024-08-02,10-Q,2023-12-31,504510000,NetCashProvidedByUsedInFinancingActivities,USD,2024-08-02,10-Q,2023-06-30,-192718000,NetCashProvidedByUsedInInvestingActivities,USD,2024-08-02,10-Q,2023-06-30,-323621000,NetCashProvidedByUsedInOperatingActivities,USD,2024-08-02,10-Q,2023-06-30,through_ocf,True,,,0.392918,-2.894332,147.27396,4.512127,-1.72359
2024Q4,2024-10-29,HTLD,799233,"HEARTLAND EXPRESS, INC.",$500M-$1B,,637085000,Revenues,USD,2024-08-09,10-Q,2023-06-30,12612000,NetIncomeLoss,USD,2024-08-09,10-Q,2023-03-31,1509646000,Assets,USD,2024-08-09,10-Q,2023-12-31,-66509000,NetCashProvidedByUsedInFinancingActivities,USD,2024-08-09,10-Q,2023-06-30,-33760000,NetCashProvidedByUsedInInvestingActivities,USD,2024-08-09,10-Q,2023-06-30,97256000,NetCashProvidedByUsedInOperatingActivities,USD,2024-08-09,10-Q,2023-06-30,through_ocf,True,,,0.019796,0.152658,2.369615,-0.104396,-0.052991
2024Q4,2024-10-28,HTO,766829,H2O America,$100M-$500M,,499025000,Revenues,USD,2024-10-28,10-Q,2023-09-30,11530000,NetIncomeLoss,USD,2024-10-28,10-Q,2023-03-31,4345067000,Assets,USD,2024-10-28,10-Q,2023-12-31,91161000,NetCashProvidedByUsedInFinancingActivities,USD,2024-10-28,10-Q,2023-09-30,-241741000,NetCashProvidedByUsedInInvestingActivities,USD,2024-10-28,10-Q,2023-09-30,159303000,NetCashProvidedByUsedInOperatingActivities,USD,2024-10-28,10-Q,2023-09-30,through_ocf,True,,,0.023105,0.319228,8.707113,0.182678,-0.484427
2024Q4,2024-11-12,HTZ,1657853,"HERTZ GLOBAL HOLDINGS, INC",$2B-$10B,,7187000000,Revenues,USD,2024-11-12,10-Q,2023-09-30,196000000,NetIncomeLoss,USD,2024-11-12,10-Q,2023-03-31,24605000000,Assets,USD,2024-11-12,10-Q,2023-12-31,1833000000,NetCashProvidedByUsedInFinancingActivities,USD,2024-11-12,10-Q,2023-09-30,-4108000000,NetCashProvidedByUsedInInvestingActivities,USD,2024-11-12,10-Q,2023-09-30,1910000000,NetCashProvidedByUsedInOperatingActivities,USD,2024-11-12,10-Q,2023-09-30,through_ocf,True,,,0.027271,0.265758,3.423543,0.255044,-0.571588
2024Q4,2024-10-29,HUBB,48898,HUBBELL INC,$2B-$10B,,2651300000,RevenueFromContractWithCustomerExcludingAssessedTax,USD,2024-07-31,10-Q,2023-06-30,388700000,NetIncomeLoss,USD,2024-07-31,10-Q,2023-06-30,6914000000,Assets,USD,2024-07-31,10-Q,2023-12-31,-165900000,NetCashProvidedByUsedInFinancingActivities,USD,2024-07-31,10-Q,2023-06-30,-128200000,NetCashProvidedByUsedInInvestingActivities,USD,2024-07-31,10-Q,2023-06-30,341400000,NetCashProvidedByUsedInOperatingActivities,USD,2024-07-31,10-Q,2023-06-30,through_ocf,True,,,0.146607,0.128767,2.607777,-0.062573,-0.048354
2024Q4,2024-11-06,HUBS,1404655,"HubSpot, Inc.",$1B-$2B,,1588315000,RevenueFromContractWithCustomerExcludingAssessedTax,USD,2024-11-06,10-Q,2023-09-30,-148523000,NetIncomeLoss,USD,2024-11-06,10-Q,2023-06-30,3071392000,Assets,USD,2024-11-06,10-Q,2023-12-31,30363000,NetCashProvidedByUsedInFinancingActivities,USD,2024-11-06,10-Q,2023-09-30,-68318000,NetCashProvidedByUsedInInvestingActivities,USD,2024-11-06,10-Q,2023-09-30,246659000,NetCashProvidedByUsedInOperatingActivities,USD,2024-11-06,10-Q,2023-09-30,through_ocf,True,,,-0.09351,0.155296,1.933742,0.019116,-0.043013
2024Q4,2024-10-30,HVT,216085,"HAVERTY FURNITURE COMPANIES, INC",$100M-$500M,,431042000,RevenueFromContractWithCustomerExcludingAssessedTax,USD,2024-08-06,10-Q,2023-06-30,24164000,NetIncomeLoss,USD,2024-08-06,10-Q,2023-06-30,654133000,Assets,USD,2024-08-06,10-Q,2023-12-31,-13497000,NetCashProvidedByUsedInFinancingActivities,USD,2024-08-06,10-Q,2023-06-30,-40459000,NetCashProvidedByUsedInInvestingActivities,USD,2024-08-06,10-Q,2023-06-30,40128000,NetCashProvidedByUsedInOperatingActivities,USD,2024-08-06,10-Q,2023-06-30,through_ocf,True,,,0.05606,0.093095,1.517562,-0.031312,-0.093863
2024Q4,2024-10-30,HWKN,46250,"HAWKINS, INC.",$100M-$500M,,487646000,Revenues,USD,2024-10-30,10-Q,2023-10-01,23430000,NetIncomeLoss,USD,2024-10-30,10-Q,2023-07-02,657934000,Assets,USD,2024-10-30,10-Q,2024-03-31,-69280000,NetCashProvidedByUsedInFinancingActivities,USD,2024-10-30,10-Q,2023-10-01,-19942000,NetCashProvidedByUsedInInvestingActivities,USD,2024-10-30,10-Q,2023-10-01,92630000,NetCashProvidedByUsedInOperatingActivities,USD,2024-10-30,10-Q,2023-10-01,through_ocf,True,,,0.048047,0.189953,1.349204,-0.14207,-0.040894
2024Q4,2024-11-06,HWM,4281,HOWMET AEROSPACE INC.,$2B-$10B,,3251000000,RevenueFromContractWithCustomerExcludingAssessedTax,USD,2024-07-30,10-Q,2023-06-30,341000000,NetIncomeLoss,USD,2024-07-30,10-Q,2023-06-30,10428000000,Assets,USD,2024-07-30,10-Q,2023-12-31,-403000000,NetCashProvidedByUsedInFinancingActivities,USD,2024-07-30,10-Q,2023-06-30,-105000000,NetCashProvidedByUsedInInvestingActivities,USD,2024-07-30,10-Q,2023-06-30,252000000,NetCashProvidedByUsedInOperatingActivities,USD,2024-07-30,10-Q,2023-06-30,through_ocf,True,,,0.104891,0.077515,3.207628,-0.123962,-0.032298
2024Q4,2024-11-05,HY,1173514,"HYSTER-YALE, INC.",$2B-$10B,,3091100000,Revenues,USD,2024-11-05,10-Q,2023-09-30,100700000,NetIncomeLoss,USD,2024-11-05,10-Q,2023-09-30,2079100000,Assets,USD,2024-11-05,10-Q,2023-12-31,-69100000,NetCashProvidedByUsedInFinancingActivities,USD,2024-11-05,10-Q,2023-09-30,-19800000,NetCashProvidedByUsedInInvestingActivities,USD,2024-11-05,10-Q,2023-09-30,105100000,NetCashProvidedByUsedInOperatingActivities,USD,2024-11-05,10-Q,2023-09-30,through_ocf,True,,,0.032577,0.034001,0.672608,-0.022355,-0.006405
2024Q4,2024-10-31,HZO,1057060,"MarineMax, Inc.",$1B-$2B,,1800111000,RevenueFromContractWithCustomerExcludingAssessedTax,USD,2024-07-25,10-Q,2023-06-30,94141000,NetIncomeLoss,USD,2024-07-25,10-Q,2023-06-30,2421305000,Assets,USD,2024-07-25,10-Q,2023-09-30,756771000,NetCashProvidedByUsedInFinancingActivities,USD,2024-07-25,10-Q,2023-06-30,-564065000,NetCashProvidedByUsedInInvestingActivities,USD,2024-07-25,10-Q,2023-06-30,-196937000,NetCashProvidedByUsedInOperatingActivities,USD,2024-07-25,10-Q,2023-06-30,through_ocf,True,,,0.052297,-0.109403,1.345086,0.420402,-0.31335
2024Q4,2024-11-12,IAC,1800227,IAC Inc.,$2B-$10B,,3307201000,RevenueFromContractWithCustomerExcludingAssessedTax,USD,2024-11-12,10-Q,2023-09-30,-61808000,NetIncomeLoss,USD,2024-11-12,10-Q,2023-09-30,10371177000,Assets,USD,2024-11-12,10-Q,2023-12-31,-204598000,NetCashProvidedByUsedInFinancingActivities,USD,2024-11-12,10-Q,2023-09-30,-103365000,NetCashProvidedByUsedInInvestingActivities,USD,2024-11-12,10-Q,2023-09-30,142644000,NetCashProvidedByUsedInOperatingActivities,USD,2024-11-12,10-Q,2023-09-30,through_ocf,True,,,-0.018689,0.043131,3.135938,-0.061864,-0.031255
2024Q4,2024-11-04,IART,917520,INTEGRA LIFESCIENCES HOLDINGS CORPORATION,$1B-$2B,,1144534000,RevenueFromContractWithCustomerExcludingAssessedTax,USD,2024-11-04,10-Q,2023-09-30,24226000,NetIncomeLoss,USD,2024-11-04,10-Q,2023-03-31,3781988000,Assets,USD,2024-11-04,10-Q,2023-12-31,-223035000,NetCashProvidedByUsedInFinancingActivities,USD,2024-11-04,10-Q,2023-09-30,-36949000,NetCashProvidedByUsedInInvestingActivities,USD,2024-11-04,10-Q,2023-09-30,81205000,NetCashProvidedByUsedInOperatingActivities,USD,2024-11-04,10-Q,2023-09-30,through_ocf,True,,,0.021167,0.07095,3.304391,-0.19487,-0.032283
2024Q4,2024-11-07,IBP,1580905,"Installed Building Products, Inc.",$2B-$10B,,2057900000,RevenueFromContractWithCustomerExcludingAssessedTax,USD,2024-11-07,10-Q,2023-09-30,178900000,NetIncomeLoss,USD,2024-11-07,10-Q,2023-09-30,1981300000,Assets,USD,2024-11-07,10-Q,2023-12-31,-62400000,NetCashProvidedByUsedInFinancingActivities,USD,2024-11-07,10-Q,2023-09-30,-77900000,NetCashProvidedByUsedInInvestingActivities,USD,2024-11-07,10-Q,2023-09-30,250500000,NetCashProvidedByUsedInOperatingActivities,USD,2024-11-07,10-Q,2023-09-30,through_ocf,True,,,0.086933,0.121726,0.962778,-0.030322,-0.037854
2024Q4,2024-10-31,ICE,1571949,"INTERCONTINENTAL EXCHANGE, INC.",$2B-$10B,,7237000000,RevenueFromContractWithCustomerExcludingAssessedTax,USD,2024-10-31,10-Q,2023-09-30,1995000000,NetIncomeLoss,USD,2024-10-31,10-Q,2023-09-30,136084000000,Assets,USD,2024-10-31,10-Q,2023-12-31,-62711000000,NetCashProvidedByUsedInFinancingActivities,USD,2024-10-31,10-Q,2023-09-30,-9403000000,NetCashProvidedByUsedInInvestingActivities,USD,2024-10-31,10-Q,2023-09-30,2573000000,NetCashProvidedByUsedInOperatingActivities,USD,2024-10-31,10-Q,2023-09-30,through_ocf,True,,,0.275667,0.355534,18.803924,-8.665331,-1.299295
2024Q4,2024-10-31,ICFI,1362004,"ICF International, Inc.",$500M-$1B,,983367000,RevenueFromContractWithCustomerExcludingAssessedTax,USD,2024-08-02,10-Q,2023-06-30,16398000,NetIncomeLoss,USD,2024-08-02,10-Q,2023-03-31,2011772000,Assets,USD,2024-08-02,10-Q,2023-12-31,24247000,NetCashProvidedByUsedInFinancingActivities,USD,2024-08-02,10-Q,2023-06-30,-45803000,NetCashProvidedByUsedInInvestingActivities,USD,2024-08-02,10-Q,2023-06-30,19879000,NetCashProvidedByUsedInOperatingActivities,USD,2024-08-02,10-Q,2023-06-30,through_ocf,True,,,0.016675,0.020215,2.0458,0.024657,-0.046578
2024Q4,2024-11-04,ICHR,1652535,"ICHOR HOLDINGS, LTD.",$100M-$500M,,410878000,RevenueFromContractWithCustomerExcludingAssessedTax,USD,2024-08-07,10-Q,2023-06-30,-20661000,NetIncomeLoss,USD,2024-08-07,10-Q,2023-06-30,938481000,Assets,USD,2024-08-07,10-Q,2023-12-29,-7098000,NetCashProvidedByUsedInFinancingActivities,USD,2024-08-07,10-Q,2023-06-30,-10834000,NetCashProvidedByUsedInInvestingActivities,USD,2024-08-07,10-Q,2023-06-30,16070000,NetCashProvidedByUsedInOperatingActivities,USD,2024-08-07,10-Q,2023-06-30,through_ocf,True,,,-0.050285,0.039111,2.284087,-0.017275,-0.026368
2024Q4,2024-11-12,ICUI,883984,ICU MEDICAL INC/DE,$1B-$2B,,1671270000,Revenues,USD,2024-11-12,10-Q,2023-09-30,-9812000,NetIncomeLoss,USD,2024-11-12,10-Q,2023-03-31,4378439000,Assets,USD,2024-11-12,10-Q,2023-12-31,-28130000,NetCashProvidedByUsedInFinancingActivities,USD,2024-11-12,10-Q,2023-09-30,-57297000,NetCashProvidedByUsedInInvestingActivities,USD,2024-11-12,10-Q,2023-09-30,74932000,NetCashProvidedByUsedInOperatingActivities,USD,2024-11-12,10-Q,2023-09-30,through_ocf,True,,,-0.005871,0.044835,2.619827,-0.016832,-0.034284
2024Q4,2024-10-31,IDCC,1405495,"INTERDIGITAL, INC.",$100M-$500M,,444070000,RevenueFromContractWithCustomerExcludingAssessedTax,USD,2024-10-31,10-Q,2023-09-30,105259000,NetIncomeLoss,USD,2024-10-31,10-Q,2023-03-31,1770814000,Assets,USD,2024-10-31,10-Q,2023-12-31,-340469000,NetCashProvidedByUsedInFinancingActivities,USD,2024-10-31,10-Q,2023-09-30,-74298000,NetCashProvidedByUsedInInvestingActivities,USD,2024-10-31,10-Q,2023-09-30,237318000,NetCashProvidedByUsedInOperatingActivities,USD,2024-10-31,10-Q,2023-09-30,through_ocf,True,,,0.237032,0.534416,3.987691,-0.766701,-0.167311
2024Q4,2024-10-31,IDXX,874716,IDEXX LABORATORIES INC /DE,$2B-$10B,,2759352000,RevenueFromContractWithCustomerExcludingAssessedTax,USD,2024-10-31,10-Q,2023-09-30,214054000,NetIncomeLoss,USD,2024-10-31,10-Q,2023-03-31,3259925000,Assets,USD,2024-10-31,10-Q,2023-12-31,-340152000,NetCashProvidedByUsedInFinancingActivities,USD,2024-10-31,10-Q,2023-09-30,-94819000,NetCashProvidedByUsedInInvestingActivities,USD,2024-10-31,10-Q,2023-09-30,656659000,NetCashProvidedByUsedInOperatingActivities,USD,2024-10-31,10-Q,2023-09-30,through_ocf,True,,,0.077574,0.237976,1.18141,-0.123272,-0.034363
2024Q4,2024-11-08,IEP,813762,ICAHN ENTERPRISES L.P.,$2B-$10B,,8238000000,Revenues,USD,2024-11-08,10-Q,2023-09-30,-545000000,NetIncomeLoss,USD,2024-11-08,10-Q,2023-09-30,20858000000,Assets,USD,2024-11-08,10-Q,2023-12-31,-2314000000,NetCashProvidedByUsedInFinancingActivities,USD,2024-11-08,10-Q,2023-09-30,-81000000,NetCashProvidedByUsedInInvestingActivities,USD,2024-11-08,10-Q,2023-09-30,3621000000,NetCashProvidedByUsedInOperatingActivities,USD,2024-11-08,10-Q,2023-09-30,through_ocf,True,,,-0.066157,0.439548,2.531925,-0.280893,-0.009832
2024Q4,2024-11-22,IESC,1048268,"IES Holdings, Inc.",$2B-$10B,,2166808000,Revenues,USD,2024-11-22,10-K,2022-09-30,34762000,NetIncomeLoss,USD,2024-11-22,10-K,2022-09-30,934709000,Assets,USD,2024-11-22,10-K,2022-09-30,15017000,NetCashProvidedByUsedInFinancingActivities,USD,2024-11-22,10-K,2022-09-30,-29536000,NetCashProvidedByUsedInInvestingActivities,USD,2024-11-22,10-K,2022-09-30,16262000,NetCashProvidedByUsedInOperatingActivities,USD,2024-11-22,10-K,2022-09-30,through_ocf,True,,,0.016043,0.007505,0.431376,0.00693,-0.013631
2024Q4,2024-10-30,IEX,832101,IDEX CORP,$2B-$10B,,2485000000,Revenues,USD,2024-10-30,10-Q,2023-09-30,487500000,NetIncomeLoss,USD,2024-10-30,10-Q,2023-09-30,5865200000,Assets,USD,2024-10-30,10-Q,2023-12-31,-286700000,NetCashProvidedByUsedInFinancingActivities,USD,2024-10-30,10-Q,2023-09-30,-90000000,NetCashProvidedByUsedInInvestingActivities,USD,2024-10-30,10-Q,2023-09-30,515700000,NetCashProvidedByUsedInOperatingActivities,USD,2024-10-30,10-Q,2023-09-30,through_ocf,True,,,0.196177,0.207525,2.360241,-0.115372,-0.036217
2024Q4,2024-11-05,IFF,51253,INTERNATIONAL FLAVORS & FRAGRANCES INC,$2B-$10B,,8776000000,RevenueFromContractWithCustomerExcludingAssessedTax,USD,2024-11-05,10-Q,2023-09-30,43000000,NetIncomeLoss,USD,2024-11-05,10-Q,2023-09-30,30978000000,Assets,USD,2024-11-05,10-Q,2023-12-31,-1293000000,NetCashProvidedByUsedInFinancingActivities,USD,2024-11-05,10-Q,2023-09-30,638000000,NetCashProvidedByUsedInInvestingActivities,USD,2024-11-05,10-Q,2023-09-30,795000000,NetCashProvidedByUsedInOperatingActivities,USD,2024-11-05,10-Q,2023-09-30,through_ocf,True,,,0.0049,0.090588,3.529854,-0.147334,0.072698
2024Q4,2024-11-19,IIIV,1728688,"i3 Verticals, Inc.",$100M-$500M,,168138000,RevenueFromContractWithCustomerExcludingAssessedTax,USD,2024-08-09,10-Q,2023-06-30,-5359000,NetIncomeLoss,USD,2024-08-09,10-Q,2023-06-30,881493000,Assets,USD,2024-08-09,10-Q,2023-09-30,85482000,NetCashProvidedByUsedInFinancingActivities,USD,2024-08-09,10-Q,2023-06-30,-115415000,NetCashProvidedByUsedInInvestingActivities,USD,2024-08-09,10-Q,2023-06-30,26370000,NetCashProvidedByUsedInOperatingActivities,USD,2024-08-09,10-Q,2023-06-30,through_ocf,True,,,-0.031873,0.156835,5.242676,0.508404,-0.68643
2024Q4,2024-11-04,ILMN,1110803,"Illumina, Inc.",$2B-$10B,,2263000000,RevenueFromContractWithCustomerExcludingAssessedTax,USD,2024-08-07,10-Q,2023-07-02,3000000,NetIncomeLoss,USD,2024-08-07,10-Q,2023-04-02,10111000000,Assets,USD,2024-08-07,10-Q,2023-12-31,-476000000,NetCashProvidedByUsedInFinancingActivities,USD,2024-08-07,10-Q,2023-07-02,-93000000,NetCashProvidedByUsedInInvestingActivities,USD,2024-08-07,10-Q,2023-07-02,115000000,NetCashProvidedByUsedInOperatingActivities,USD,2024-08-07,10-Q,2023-07-02,through_ocf,True,,,0.001326,0.050817,4.467963,-0.21034,-0.041096
2024Q4,2024-11-07,INSW,1679049,"INTERNATIONAL SEAWAYS, INC.",$500M-$1B,,821041000,Revenues,USD,2024-11-07,10-Q,2023-09-30,424332000,NetIncomeLoss,USD,2024-11-07,10-Q,2023-09-30,2561022000,Assets,USD,2024-11-07,10-Q,2023-09-30,-498136000,NetCashProvidedByUsedInFinancingActivities,USD,2024-11-07,10-Q,2023-09-30,-169551000,NetCashProvidedByUsedInInvestingActivities,USD,2024-11-07,10-Q,2023-09-30,562919000,NetCashProvidedByUsedInOperatingActivities,USD,2024-11-07,10-Q,2023-09-30,through_ocf,True,,,0.516822,0.685616,3.119238,-0.606713,-0.206507
2024Q4,2024-11-04,INTA,1565687,"Intapp, Inc.",$100M-$500M,,272071000,RevenueFromContractWithCustomerExcludingAssessedTax,USD,2024-08-26,10-K,2022-06-30,-99678000,NetIncomeLoss,USD,2024-08-26,10-K,2022-06-30,628907000,Assets,USD,2024-08-26,10-K,2023-06-30,6647000,NetCashProvidedByUsedInFinancingActivities,USD,2024-08-26,10-K,2022-06-30,-7287000,NetCashProvidedByUsedInInvestingActivities,USD,2024-08-26,10-K,2022-06-30,14236000,NetCashProvidedByUsedInOperatingActivities,USD,2024-08-26,10-K,2022-06-30,through_ocf,True,,,-0.366368,0.052325,2.311555,0.024431,-0.026783
2024Q4,2024-11-06,IONS,874015,"IONIS PHARMACEUTICALS, INC.",$100M-$500M,,463142000,RevenueFromContractWithCustomerExcludingAssessedTax,USD,2024-11-06,10-Q,2023-09-30,-357023000,NetIncomeLoss,USD,2024-11-06,10-Q,2023-09-30,2990072000,Assets,USD,2024-11-06,10-Q,2023-12-31,603358000,NetCashProvidedByUsedInFinancingActivities,USD,2024-11-06,10-Q,2023-09-30,-187414000,NetCashProvidedByUsedInInvestingActivities,USD,2024-11-06,10-Q,2023-09-30,-340378000,NetCashProvidedByUsedInOperatingActivities,USD,2024-11-06,10-Q,2023-09-30,through_ocf,True,,,-0.770872,-0.734932,6.456059,1.302749,-0.404658
2024Q4,2024-11-06,IOSP,1054905,INNOSPEC INC.,$1B-$2B,,1454100000,RevenueFromContractWithCustomerExcludingAssessedTax,USD,2024-11-06,10-Q,2023-09-30,101300000,ProfitLoss,USD,2024-11-06,10-Q,2023-09-30,1707400000,Assets,USD,2024-11-06,10-Q,2023-12-31,-18600000,NetCashProvidedByUsedInFinancingActivities,USD,2024-11-06,10-Q,2023-09-30,-56000000,NetCashProvidedByUsedInInvestingActivities,USD,2024-11-06,10-Q,2023-09-30,134900000,NetCashProvidedByUsedInOperatingActivities,USD,2024-11-06,10-Q,2023-09-30,through_ocf,True,,,0.069665,0.092772,1.174197,-0.012791,-0.038512
2024Q4,2024-10-31,IP,51434,INTERNATIONAL PAPER COMPANY,$2B-$10B,,9702000000,RevenueFromContractWithCustomerExcludingAssessedTax,USD,2024-07-26,10-Q,2023-06-30,407000000,ProfitLoss,USD,2024-07-26,10-Q,2023-06-30,23261000000,Assets,USD,2024-07-26,10-Q,2023-12-31,-338000000,NetCashProvidedByUsedInFinancingActivities,USD,2024-07-26,10-Q,2023-06-30,-603000000,NetCashProvidedByUsedInInvestingActivities,USD,2024-07-26,10-Q,2023-06-30,873000000,NetCashProvidedByUsedInOperatingActivities,USD,2024-07-26,10-Q,2023-06-30,through_ocf,True,,,0.04195,0.089981,2.397547,-0.034838,-0.062152
2024Q4,2024-10-21,IPAR,822663,"Interparfums, Inc.",$500M-$1B,,879500000,Revenues,USD,2024-02-27,10-K,2021-12-31,89020000,NetIncomeLoss,USD,2024-08-06,10-Q,2023-06-30,1369329000,Assets,USD,2024-08-06,10-Q,2023-12-31,-77430000,NetCashProvidedByUsedInFinancingActivities,USD,2024-08-06,10-Q,2023-06-30,37552000,NetCashProvidedByUsedInInvestingActivities,USD,2024-08-06,10-Q,2023-06-30,6765000,NetCashProvidedByUsedInOperatingActivities,USD,2024-08-06,10-Q,2023-06-30,through_ocf,True,,,0.101217,0.007692,1.55694,-0.088039,0.042697
2024Q4,2024-10-29,IPGP,1111928,IPG PHOTONICS CORP,$500M-$1B,,988546000,RevenueFromContractWithCustomerExcludingAssessedTax,USD,2024-10-29,10-Q,2023-09-30,177450000,NetIncomeLoss,USD,2024-10-29,10-Q,2023-09-30,2698898000,Assets,USD,2024-10-29,10-Q,2023-12-31,-175991000,NetCashProvidedByUsedInFinancingActivities,USD,2024-10-29,10-Q,2023-09-30,-162996000,NetCashProvidedByUsedInInvestingActivities,USD,2024-10-29,10-Q,2023-09-30,189924000,NetCashProvidedByUsedInOperatingActivities,USD,2024-10-29,10-Q,2023-09-30,through_ocf,True,,,0.179506,0.192125,2.730169,-0.17803,-0.164885
2024Q4,2024-10-31,IQV,1478242,IQVIA HOLDINGS INC.,>$10B,,11116000000,RevenueFromContractWithCustomerExcludingAssessedTax,USD,2024-10-31,10-Q,2023-09-30,889000000,NetIncomeLoss,USD,2024-10-31,10-Q,2023-09-30,26681000000,Assets,USD,2024-10-31,10-Q,2023-12-31,38000000,NetCashProvidedByUsedInFinancingActivities,USD,2024-10-31,10-Q,2023-09-30,-1391000000,NetCashProvidedByUsedInInvestingActivities,USD,2024-10-31,10-Q,2023-09-30,1402000000,NetCashProvidedByUsedInOperatingActivities,USD,2024-10-31,10-Q,2023-09-30,through_ocf,True,,,0.079975,0.126125,2.400234,0.003418,-0.125135
2024Q4,2024-10-31,IR,1699150,Ingersoll Rand Inc.,$2B-$10B,,3315800000,RevenueFromContractWithCustomerExcludingAssessedTax,USD,2024-08-02,10-Q,2023-06-30,340600000,NetIncomeLoss,USD,2024-08-02,10-Q,2023-06-30,15563500000,Assets,USD,2024-08-02,10-Q,2023-12-31,-165700000,NetCashProvidedByUsedInFinancingActivities,USD,2024-08-02,10-Q,2023-06-30,-655400000,NetCashProvidedByUsedInInvestingActivities,USD,2024-08-02,10-Q,2023-06-30,398700000,NetCashProvidedByUsedInOperatingActivities,USD,2024-08-02,10-Q,2023-06-30,through_ocf,True,,,0.10272,0.120242,4.693739,-0.049973,-0.19766
2024Q4,2024-10-17,IRDM,1418819,Iridium Communications Inc.,$500M-$1B,,595983000,RevenueFromContractWithCustomerExcludingAssessedTax,USD,2024-10-17,10-Q,2023-09-30,-22608000,NetIncomeLoss,USD,2024-10-17,10-Q,2023-09-30,2661775000,Assets,USD,2024-10-17,10-Q,2023-12-31,-258371000,NetCashProvidedByUsedInFinancingActivities,USD,2024-10-17,10-Q,2023-09-30,-67285000,NetCashProvidedByUsedInInvestingActivities,USD,2024-10-17,10-Q,2023-09-30,227106000,NetCashProvidedByUsedInOperatingActivities,USD,2024-10-17,10-Q,2023-09-30,through_ocf,True,,,-0.037934,0.381061,4.466193,-0.433521,-0.112898
2024Q4,2024-11-06,IRM,1020569,IRON MOUNTAIN INC,$2B-$10B,,4060460000,RevenueFromContractWithCustomerExcludingAssessedTax,USD,2024-11-06,10-Q,2023-09-30,158069000,ProfitLoss,USD,2024-11-06,10-Q,2023-09-30,17473802000,Assets,USD,2024-11-06,10-Q,2023-12-31,403872000,NetCashProvidedByUsedInFinancingActivities,USD,2024-11-06,10-Q,2023-09-30,-1035083000,NetCashProvidedByUsedInInvestingActivities,USD,2024-11-06,10-Q,2023-09-30,666374000,NetCashProvidedByUsedInOperatingActivities,USD,2024-11-06,10-Q,2023-09-30,through_ocf,True,,,0.038929,0.164113,4.303405,0.099465,-0.254918
2024Q4,2024-10-30,IRT,1466085,"Independence Realty Trust, Inc.",$100M-$500M,,325330000,Revenues,USD,2024-08-01,10-Q,2023-06-30,19358000,NetIncomeLoss,USD,2024-08-01,10-Q,2023-06-30,6280175000,Assets,USD,2024-08-01,10-Q,2023-12-31,-44740000,NetCashProvidedByUsedInFinancingActivities,USD,2024-08-01,10-Q,2023-06-30,-83959000,NetCashProvidedByUsedInInvestingActivities,USD,2024-08-01,10-Q,2023-06-30,127194000,NetCashProvidedByUsedInOperatingActivities,USD,2024-08-01,10-Q,2023-06-30,through_ocf,True,,,0.059503,0.390969,19.304014,-0.137522,-0.258073
2024Q4,2024-10-30,IRTC,1388658,"iRhythm Holdings, Inc.",$100M-$500M,,360170000,RevenueFromContractWithCustomerExcludingAssessedTax,USD,2024-10-30,10-Q,2023-09-30,-39109000,NetIncomeLoss,USD,2024-10-30,10-Q,2023-03-31,433144000,Assets,USD,2024-10-30,10-Q,2023-12-31,5352000,NetCashProvidedByUsedInFinancingActivities,USD,2024-10-30,10-Q,2023-09-30,-2609000,NetCashProvidedByUsedInInvestingActivities,USD,2024-10-30,10-Q,2023-09-30,-34129000,NetCashProvidedByUsedInOperatingActivities,USD,2024-10-30,10-Q,2023-09-30,through_ocf,True,,,-0.108585,-0.094758,1.20261,0.01486,-0.007244
2024Q4,2024-11-07,IRWD,1446847,"IRONWOOD PHARMACEUTICALS, INC.",$100M-$500M,,325182000,RevenueFromContractWithCustomerExcludingAssessedTax,USD,2024-11-07,10-Q,2023-09-30,-1001152000,NetIncomeLoss,USD,2024-11-07,10-Q,2023-09-30,471073000,Assets,USD,2024-11-07,10-Q,2023-12-31,328064000,NetCashProvidedByUsedInFinancingActivities,USD,2024-11-07,10-Q,2023-09-30,-1022130000,NetCashProvidedByUsedInInvestingActivities,USD,2024-11-07,10-Q,2023-09-30,147593000,NetCashProvidedByUsedInOperatingActivities,USD,2024-11-07,10-Q,2023-09-30,through_ocf,True,,,-3.078744,0.453878,1.448644,1.008863,-3.143255
2024Q4,2024-10-17,ISRG,1035267,"INTUITIVE SURGICAL, INC.",$2B-$10B,,3452100000,RevenueFromContractWithCustomerExcludingAssessedTax,USD,2024-07-19,10-Q,2023-06-30,776100000,NetIncomeLoss,USD,2024-07-19,10-Q,2023-06-30,15441500000,Assets,USD,2024-07-19,10-Q,2023-12-31,-317900000,NetCashProvidedByUsedInFinancingActivities,USD,2024-07-19,10-Q,2023-06-30,1130700000,NetCashProvidedByUsedInInvestingActivities,USD,2024-07-19,10-Q,2023-06-30,1037100000,NetCashProvidedByUsedInOperatingActivities,USD,2024-07-19,10-Q,2023-06-30,through_ocf,True,,,0.22482,0.300426,4.473074,-0.092089,0.32754
2024Q4,2024-11-05,IT,749251,"GARTNER, INC.",$2B-$10B,,4320838000,RevenueFromContractWithCustomerExcludingAssessedTax,USD,2024-11-05,10-Q,2023-09-30,295783000,NetIncomeLoss,USD,2024-11-05,10-Q,2023-03-31,7835919000,Assets,USD,2024-11-05,10-Q,2023-12-31,-434024000,NetCashProvidedByUsedInFinancingActivities,USD,2024-11-05,10-Q,2023-09-30,77112000,NetCashProvidedByUsedInInvestingActivities,USD,2024-11-05,10-Q,2023-09-30,931407000,NetCashProvidedByUsedInOperatingActivities,USD,2024-11-05,10-Q,2023-09-30,through_ocf,True,,,0.068455,0.215562,1.813518,-0.100449,0.017847
2024Q4,2024-10-30,ITW,49826,ILLINOIS TOOL WORKS INC,>$10B,,12124000000,RevenueFromContractWithCustomerExcludingAssessedTax,USD,2024-10-30,10-Q,2023-09-30,2240000000,ProfitLoss,USD,2024-10-30,10-Q,2023-09-30,15518000000,Assets,USD,2024-10-30,10-Q,2023-12-31,-1905000000,NetCashProvidedByUsedInFinancingActivities,USD,2024-10-30,10-Q,2023-09-30,-283000000,NetCashProvidedByUsedInInvestingActivities,USD,2024-10-30,10-Q,2023-09-30,2500000000,NetCashProvidedByUsedInOperatingActivities,USD,2024-10-30,10-Q,2023-09-30,through_ocf,True,,,0.184758,0.206203,1.279941,-0.157126,-0.023342
2024Q4,2024-10-22,IVZ,914208,Invesco Ltd.,$2B-$10B,,2861000000,RevenueFromContractWithCustomerExcludingAssessedTax,USD,2024-07-31,10-Q,2023-06-30,277200000,NetIncomeLoss,USD,2024-07-31,10-Q,2023-06-30,28933800000,Assets,USD,2024-07-31,10-Q,2023-12-31,-349600000,NetCashProvidedByUsedInFinancingActivities,USD,2024-07-31,10-Q,2023-06-30,-49200000,NetCashProvidedByUsedInInvestingActivities,USD,2024-07-31,10-Q,2023-06-30,232400000,NetCashProvidedByUsedInOperatingActivities,USD,2024-07-31,10-Q,2023-06-30,through_ocf,True,,,0.096889,0.08123,10.113177,-0.122195,-0.017197
2024Q4,2024-11-19,J,52988,Jacobs Solutions Inc.,$2B-$10B,,2847934000,Revenues,USD,2018-11-21,10-K,2016-01-01,516397000,NetIncomeLoss,USD,2024-08-06,10-Q,2023-06-30,14617109000,Assets,USD,2024-08-06,10-Q,2023-09-29,-770342000,NetCashProvidedByUsedInFinancingActivities,USD,2024-08-06,10-Q,2023-06-30,-106424000,NetCashProvidedByUsedInInvestingActivities,USD,2024-08-06,10-Q,2023-06-30,755400000,NetCashProvidedByUsedInOperatingActivities,USD,2024-08-06,10-Q,2023-06-30,through_ocf,True,,,0.181323,0.265245,5.132531,-0.270492,-0.037369
2024Q4,2024-11-20,JACK,807882,JACK IN THE BOX INC.,$1B-$2B,,1319782000,Revenues,USD,2024-08-06,10-Q,2023-07-09,53254000,NetIncomeLoss,USD,2024-08-06,10-Q,2023-01-22,3001092000,Assets,USD,2024-08-06,10-Q,2023-10-01,-161579000,NetCashProvidedByUsedInFinancingActivities,USD,2024-08-06,10-Q,2023-07-09,25488000,NetCashProvidedByUsedInInvestingActivities,USD,2024-08-06,10-Q,2023-07-09,182071000,NetCashProvidedByUsedInOperatingActivities,USD,2024-08-06,10-Q,2023-07-09,through_ocf,True,,,0.040351,0.137955,2.27393,-0.122429,0.019312
2024Q4,2024-11-06,JAZZ,1232524,Jazz Pharmaceuticals plc,$1B-$2B,,1850129000,RevenueFromContractWithCustomerExcludingAssessedTax,USD,2024-08-01,10-Q,2023-06-30,69420000,NetIncomeLoss,USD,2024-08-01,10-Q,2023-03-31,11393359000,Assets,USD,2024-08-01,10-Q,2023-12-31,-126455000,NetCashProvidedByUsedInFinancingActivities,USD,2024-08-01,10-Q,2023-06-30,-90561000,NetCashProvidedByUsedInInvestingActivities,USD,2024-08-01,10-Q,2023-06-30,617473000,NetCashProvidedByUsedInOperatingActivities,USD,2024-08-01,10-Q,2023-06-30,through_ocf,True,,,0.037522,0.333746,6.158143,-0.068349,-0.048948
2024Q4,2024-10-29,JBGS,1689796,JBG SMITH PROPERTIES,$100M-$500M,,456619000,Revenues,USD,2024-10-29,10-Q,2023-09-30,-47381000,NetIncomeLoss,USD,2024-10-29,10-Q,2023-09-30,5518515000,Assets,USD,2024-10-29,10-Q,2023-12-31,-96947000,NetCashProvidedByUsedInFinancingActivities,USD,2024-10-29,10-Q,2023-09-30,-123240000,NetCashProvidedByUsedInInvestingActivities,USD,2024-10-29,10-Q,2023-09-30,114893000,NetCashProvidedByUsedInOperatingActivities,USD,2024-10-29,10-Q,2023-09-30,through_ocf,True,,,-0.103765,0.251617,12.085601,-0.212315,-0.269897
2024Q4,2024-10-29,JBI,1839839,"Janus International Group, Inc.",$500M-$1B,,522500000,RevenueFromContractWithCustomerExcludingAssessedTax,USD,2024-08-07,10-Q,2023-07-01,26000000,NetIncomeLoss,USD,2024-08-07,10-Q,2023-04-01,1350000000,Assets,USD,2024-08-07,10-Q,2023-12-30,-54300000,NetCashProvidedByUsedInFinancingActivities,USD,2024-08-07,10-Q,2023-07-01,-10600000,NetCashProvidedByUsedInInvestingActivities,USD,2024-08-07,10-Q,2023-07-01,96600000,NetCashProvidedByUsedInOperatingActivities,USD,2024-08-07,10-Q,2023-07-01,through_ocf,True,,,0.049761,0.18488,2.583732,-0.103923,-0.020287
2024Q4,2024-10-29,JBLU,1158463,JETBLUE AIRWAYS CORP,$2B-$10B,,7290000000,RevenueFromContractWithCustomerExcludingAssessedTax,USD,2024-10-29,10-Q,2023-09-30,-207000000,NetIncomeLoss,USD,2024-10-29,10-Q,2023-09-30,13853000000,Assets,USD,2024-10-29,10-Q,2023-12-31,375000000,NetCashProvidedByUsedInFinancingActivities,USD,2024-10-29,10-Q,2023-09-30,-927000000,NetCashProvidedByUsedInInvestingActivities,USD,2024-10-29,10-Q,2023-09-30,486000000,NetCashProvidedByUsedInOperatingActivities,USD,2024-10-29,10-Q,2023-09-30,through_ocf,True,,,-0.028395,0.066667,1.900274,0.05144,-0.12716
2024Q4,2024-10-30,JBSS,880117,SANFILIPPO JOHN B & SON INC,$100M-$500M,,234105000,Revenues,USD,2024-10-30,10-Q,2023-09-28,17588000,NetIncomeLoss,USD,2024-10-30,10-Q,2023-09-28,424853000,Assets,USD,2024-10-30,10-Q,2023-09-28,-16945000,NetCashProvidedByUsedInFinancingActivities,USD,2024-10-30,10-Q,2023-09-28,-6046000,NetCashProvidedByUsedInInvestingActivities,USD,2024-10-30,10-Q,2023-09-28,21881000,NetCashProvidedByUsedInOperatingActivities,USD,2024-10-30,10-Q,2023-09-28,through_ocf,True,,,0.075129,0.093467,1.814797,-0.072382,-0.025826
2024Q4,2024-10-22,JBTM,1433660,JBT Marel Corporation,$500M-$1B,,816200000,RevenueFromContractWithCustomerExcludingAssessedTax,USD,2024-07-31,10-Q,2023-06-30,59900000,NetIncomeLoss,USD,2024-07-31,10-Q,2023-06-30,2710400000,Assets,USD,2024-07-31,10-Q,2023-12-31,-40800000,NetCashProvidedByUsedInFinancingActivities,USD,2024-07-31,10-Q,2023-06-30,-27000000,NetCashProvidedByUsedInInvestingActivities,USD,2023-04-26,10-Q,2022-03-31,39100000,NetCashProvidedByUsedInOperatingActivities,USD,2023-04-26,10-Q,2022-03-31,through_ocf,True,,,0.073389,0.047905,3.320755,-0.049988,-0.03308
2024Q4,2024-11-04,JELD,1674335,"JELD-WEN Holding, Inc.",$2B-$10B,,2206289000,RevenueFromContractWithCustomerExcludingAssessedTax,USD,2024-08-06,10-Q,2023-07-01,53415000,NetIncomeLoss,USD,2024-08-06,10-Q,2023-07-01,2980125000,Assets,USD,2024-08-06,10-Q,2023-12-31,-70786000,NetCashProvidedByUsedInFinancingActivities,USD,2024-08-06,10-Q,2023-07-01,-42226000,NetCashProvidedByUsedInInvestingActivities,USD,2024-08-06,10-Q,2023-07-01,153371000,NetCashProvidedByUsedInOperatingActivities,USD,2024-08-06,10-Q,2023-07-01,through_ocf,True,,,0.02421,0.069515,1.350741,-0.032084,-0.019139
2024Q4,2024-12-11,JILL,1687932,"J.JILL, INC.",$100M-$500M,,457758000,RevenueFromContractWithCustomerExcludingAssessedTax,USD,2024-12-11,10-Q,2023-10-28,4596000,NetIncomeLoss,USD,2024-12-11,10-Q,2023-04-29,428180000,Assets,USD,2024-12-11,10-Q,2024-02-03,-68860000,NetCashProvidedByUsedInFinancingActivities,USD,2024-12-11,10-Q,2023-10-28,-10760000,NetCashProvidedByUsedInInvestingActivities,USD,2024-12-11,10-Q,2023-10-28,56682000,NetCashProvidedByUsedInOperatingActivities,USD,2024-12-11,10-Q,2023-10-28,through_ocf,True,,,0.01004,0.123825,0.935385,-0.150429,-0.023506
2024Q4,2024-10-28,JKHY,779152,"JACK HENRY & ASSOCIATES, INC.",$1B-$2B,,1942884000,RevenueFromContractWithCustomerExcludingAssessedTax,USD,2024-08-26,10-K,2022-06-30,362916000,NetIncomeLoss,USD,2024-08-26,10-K,2022-06-30,2773826000,Assets,USD,2024-08-26,10-K,2023-06-30,-310492000,NetCashProvidedByUsedInFinancingActivities,USD,2024-08-26,10-K,2022-06-30,-196344000,NetCashProvidedByUsedInInvestingActivities,USD,2024-08-26,10-K,2022-06-30,504631000,NetCashProvidedByUsedInOperatingActivities,USD,2024-08-26,10-K,2022-06-30,through_ocf,True,,,0.186792,0.259733,1.427685,-0.15981,-0.101058
2024Q4,2024-11-12,JRVR,1620459,"JAMES RIVER GROUP HOLDINGS, INC.",$500M-$1B,,593905000,Revenues,USD,2024-11-12,10-Q,2023-09-30,42471000,NetIncomeLoss,USD,2024-11-12,10-Q,2023-09-30,5317250000,Assets,USD,2024-11-12,10-Q,2023-12-31,-16333000,NetCashProvidedByUsedInFinancingActivities,USD,2024-11-12,10-Q,2023-09-30,-18016000,NetCashProvidedByUsedInInvestingActivities,USD,2024-11-12,10-Q,2023-09-30,97751000,NetCashProvidedByUsedInOperatingActivities,USD,2024-11-12,10-Q,2023-09-30,through_ocf,True,,,0.071511,0.16459,8.953031,-0.027501,-0.030335
2024Q4,2024-10-29,KAI,886346,KADANT INC.,$100M-$500M,,474811000,RevenueFromContractWithCustomerExcludingAssessedTax,USD,2024-08-07,10-Q,2023-07-01,57809000,NetIncomeLoss,USD,2024-08-07,10-Q,2023-07-01,1175665000,Assets,USD,2024-08-07,10-Q,2023-12-30,-56551000,NetCashProvidedByUsedInFinancingActivities,USD,2024-08-07,10-Q,2023-07-01,-12902000,NetCashProvidedByUsedInInvestingActivities,USD,2024-08-07,10-Q,2023-07-01,59344000,NetCashProvidedByUsedInOperatingActivities,USD,2024-08-07,10-Q,2023-07-01,through_ocf,True,,,0.121752,0.124984,2.476069,-0.119102,-0.027173
2024Q4,2024-10-23,KALU,811596,KAISER ALUMINUM CORPORATION,$1B-$2B,,1621700000,RevenueFromContractWithCustomerExcludingAssessedTax,USD,2024-07-26,10-Q,2023-06-30,15900000,NetIncomeLoss,USD,2024-07-26,10-Q,2023-03-31,2267400000,Assets,USD,2024-07-26,10-Q,2023-12-31,-13000000,NetCashProvidedByUsedInFinancingActivities,USD,2024-07-26,10-Q,2023-06-30,-67700000,NetCashProvidedByUsedInInvestingActivities,USD,2024-07-26,10-Q,2023-06-30,47800000,NetCashProvidedByUsedInOperatingActivities,USD,2024-07-26,10-Q,2023-06-30,through_ocf,True,,,0.009805,0.029475,1.398162,-0.008016,-0.041746
2024Q4,2024-10-24,KDP,1418135,Keurig Dr Pepper Inc.,>$10B,,10947000000,RevenueFromContractWithCustomerExcludingAssessedTax,USD,2024-10-24,10-Q,2023-09-30,467000000,NetIncomeLoss,USD,2024-10-24,10-Q,2023-03-31,52130000000,Assets,USD,2024-10-24,10-Q,2023-12-31,-697000000,NetCashProvidedByUsedInFinancingActivities,USD,2024-10-24,10-Q,2023-09-30,-623000000,NetCashProvidedByUsedInInvestingActivities,USD,2024-10-24,10-Q,2023-09-30,1032000000,NetCashProvidedByUsedInOperatingActivities,USD,2024-10-24,10-Q,2023-09-30,through_ocf,True,,,0.04266,0.094272,4.762035,-0.06367,-0.056911
2024Q4,2024-11-04,KE,1606757,"KIMBALL ELECTRONICS, INC.",$1B-$2B,,1349535000,RevenueFromContractWithCustomerExcludingAssessedTax,USD,2024-08-23,10-K,2022-06-30,31253000,NetIncomeLoss,USD,2024-08-23,10-K,2022-06-30,1259719000,Assets,USD,2024-08-23,10-K,2023-06-30,103741000,NetCashProvidedByUsedInFinancingActivities,USD,2024-08-23,10-K,2022-06-30,-74798000,NetCashProvidedByUsedInInvestingActivities,USD,2024-08-23,10-K,2022-06-30,-83178000,NetCashProvidedByUsedInOperatingActivities,USD,2024-08-23,10-K,2022-06-30,through_ocf,True,,,0.023158,-0.061635,0.933447,0.076872,-0.055425
2024Q4,2024-11-07,KELYA,55135,"KELLY SERVICES, INC.",$2B-$10B,,3603500000,RevenueFromContractWithCustomerExcludingAssessedTax,USD,2024-11-07,10-Q,2023-10-01,25000000,NetIncomeLoss,USD,2024-11-07,10-Q,2023-10-01,2581600000,Assets,USD,2024-11-07,10-Q,2023-12-31,-56600000,NetCashProvidedByUsedInFinancingActivities,USD,2024-11-07,10-Q,2023-10-01,-10800000,NetCashProvidedByUsedInInvestingActivities,USD,2024-11-07,10-Q,2023-10-01,33400000,NetCashProvidedByUsedInOperatingActivities,USD,2024-11-07,10-Q,2023-10-01,through_ocf,True,,,0.006938,0.009269,0.716415,-0.015707,-0.002997
2024Q4,2024-12-11,KEQU,55529,KEWAUNEE SCIENTIFIC CORP /DE/,<$100M,,49839000,RevenueFromContractWithCustomerExcludingAssessedTax,USD,2024-09-13,10-Q,2023-07-31,2474000,NetIncomeLoss,USD,2024-09-13,10-Q,2023-07-31,134766000,Assets,USD,2024-09-13,10-Q,2024-04-30,1306000,NetCashProvidedByUsedInFinancingActivities,USD,2024-09-13,10-Q,2023-07-31,-1654000,NetCashProvidedByUsedInInvestingActivities,USD,2024-09-13,10-Q,2023-07-31,8172000,NetCashProvidedByUsedInOperatingActivities,USD,2024-09-13,10-Q,2023-07-31,through_ocf,True,,,0.04964,0.163968,2.704027,0.026204,-0.033187
2024Q4,2024-10-17,KEY,91576,KeyCorp,$2B-$10B,,3309000000,Revenues,USD,2024-07-26,10-Q,2023-06-30,599000000,NetIncomeLoss,USD,2024-07-26,10-Q,2023-06-30,188281000000,Assets,USD,2024-07-26,10-Q,2023-12-31,3986000000,NetCashProvidedByUsedInFinancingActivities,USD,2024-07-26,10-Q,2023-06-30,-5415000000,NetCashProvidedByUsedInInvestingActivities,USD,2024-07-26,10-Q,2023-06-30,1300000000,NetCashProvidedByUsedInOperatingActivities,USD,2024-07-26,10-Q,2023-06-30,through_ocf,True,,,0.181021,0.392868,56.899668,1.204594,-1.636446
2024Q4,2024-11-19,KEYS,1601046,"KEYSIGHT TECHNOLOGIES, INC.",$2B-$10B,,4153000000,Revenues,USD,2024-08-29,10-Q,2023-07-31,831000000,NetIncomeLoss,USD,2024-08-29,10-Q,2023-07-31,8683000000,Assets,USD,2024-08-29,10-Q,2023-10-31,-259000000,NetCashProvidedByUsedInFinancingActivities,USD,2024-08-29,10-Q,2023-07-31,-250000000,NetCashProvidedByUsedInInvestingActivities,USD,2024-08-29,10-Q,2023-07-31,1030000000,NetCashProvidedByUsedInOperatingActivities,USD,2024-08-29,10-Q,2023-07-31,through_ocf,True,,,0.200096,0.248013,2.090778,-0.062365,-0.060197
2024Q4,2024-10-28,KFRC,930420,Kforce Inc.,$500M-$1B,,795187000,RevenueFromContractWithCustomerExcludingAssessedTax,USD,2024-07-31,10-Q,2023-06-30,16210000,NetIncomeLoss,USD,2024-07-31,10-Q,2023-03-31,357979000,Assets,USD,2024-07-31,10-Q,2023-12-31,-39571000,NetCashProvidedByUsedInFinancingActivities,USD,2024-07-31,10-Q,2023-06-30,-834000,NetCashProvidedByUsedInInvestingActivities,USD,2024-07-31,10-Q,2023-06-30,40431000,NetCashProvidedByUsedInOperatingActivities,USD,2024-07-31,10-Q,2023-06-30,through_ocf,True,,,0.020385,0.050845,0.450182,-0.049763,-0.001049
2024Q4,2024-12-05,KFY,56679,KORN FERRY,$500M-$1B,,706262000,RevenueFromContractWithCustomerExcludingAssessedTax,USD,2024-09-06,10-Q,2023-07-31,46605000,NetIncomeLoss,USD,2024-09-06,10-Q,2023-07-31,3678869000,Assets,USD,2024-09-06,10-Q,2024-04-30,-20626000,NetCashProvidedByUsedInFinancingActivities,USD,2024-09-06,10-Q,2023-07-31,11443000,NetCashProvidedByUsedInInvestingActivities,USD,2024-09-06,10-Q,2023-07-31,-274487000,NetCashProvidedByUsedInOperatingActivities,USD,2024-09-06,10-Q,2023-07-31,through_ocf,True,,,0.065988,-0.388648,5.20893,-0.029204,0.016202
2024Q4,2024-11-07,KGS,0001767042,"Kodiak Gas Services, Inc.",$500M-$1B,,624401000,RevenueFromContractWithCustomerExcludingAssessedTax,USD,2024-11-07,10-Q,2023-09-30,26940000,NetIncomeLoss,USD,2024-11-07,10-Q,2023-09-30,3244240000,Assets,USD,2024-11-07,10-Q,2023-09-30,-73439000,NetCashProvidedByUsedInFinancingActivities,USD,2024-11-07,10-Q,2023-09-30,-144563000,NetCashProvidedByUsedInInvestingActivities,USD,2024-11-07,10-Q,2023-09-30,203699000,NetCashProvidedByUsedInOperatingActivities,USD,2024-11-07,10-Q,2023-09-30,through_ocf,True,,,0.043145,0.326231,5.195764,-0.117615,-0.231523
2024Q4,2024-10-24,KKR,1404912,KKR & CO. INC.,$2B-$10B,,6754000000,Revenues,USD,2024-08-09,10-Q,2023-06-30,1201706000,NetIncomeLoss,USD,2024-08-09,10-Q,2023-06-30,287694799000,Assets,USD,2024-08-09,10-Q,2023-06-30,5527304000,NetCashProvidedByUsedInFinancingActivities,USD,2024-08-09,10-Q,2023-06-30,-3619144000,NetCashProvidedByUsedInInvestingActivities,USD,2024-08-09,10-Q,2023-06-30,-4572009000,NetCashProvidedByUsedInOperatingActivities,USD,2024-08-09,10-Q,2023-06-30,through_ocf,True,,,0.177925,-0.676934,42.59621,0.818375,-0.535852
2024Q4,2024-10-30,KLAC,319201,KLA CORP,$2B-$10B,,9211883000,RevenueFromContractWithCustomerExcludingAssessedTax,USD,2024-08-05,10-K,2022-06-30,3321807000,NetIncomeLoss,USD,2024-08-05,10-K,2022-06-30,14072357000,Assets,USD,2024-08-05,10-K,2023-06-30,-2257005000,NetCashProvidedByUsedInFinancingActivities,USD,2024-08-05,10-K,2022-06-30,-876458000,NetCashProvidedByUsedInInvestingActivities,USD,2024-08-05,10-K,2022-06-30,3312702000,NetCashProvidedByUsedInOperatingActivities,USD,2024-08-05,10-K,2022-06-30,through_ocf,True,,,0.3606,0.359612,1.527631,-0.24501,-0.095144
2024Q4,2024-11-13,KLIC,56978,KULICKE & SOFFA INDUSTRIES INC,$500M-$1B,,540171000,Revenues,USD,2024-08-07,10-Q,2023-07-01,14589000,NetIncomeLoss,USD,2024-08-07,10-Q,2022-12-31,1499777000,Assets,USD,2024-08-07,10-Q,2023-09-30,-92358000,NetCashProvidedByUsedInFinancingActivities,USD,2024-08-07,10-Q,2023-07-01,-161724000,NetCashProvidedByUsedInInvestingActivities,USD,2024-08-07,10-Q,2023-07-01,95912000,NetCashProvidedByUsedInOperatingActivities,USD,2024-08-07,10-Q,2023-07-01,through_ocf,True,,,0.027008,0.177559,2.776486,-0.170979,-0.299394
2024Q4,2024-10-31,KLXE,1738827,"KLX Energy Services Holdings, Inc.",$500M-$1B,,694200000,RevenueFromContractWithCustomerExcludingAssessedTax,USD,2024-10-31,10-Q,2023-09-30,9400000,NetIncomeLoss,USD,2024-10-31,10-Q,2023-03-31,539800000,Assets,USD,2024-10-31,10-Q,2023-12-31,-14100000,NetCashProvidedByUsedInFinancingActivities,USD,2024-10-31,10-Q,2023-09-30,-29900000,NetCashProvidedByUsedInInvestingActivities,USD,2024-10-31,10-Q,2023-09-30,77000000,NetCashProvidedByUsedInOperatingActivities,USD,2024-10-31,10-Q,2023-09-30,through_ocf,True,,,0.013541,0.110919,0.777586,-0.020311,-0.043071
2024Q4,2024-10-16,KMI,1506307,"KINDER MORGAN, INC.",$2B-$10B,,7389000000,Revenues,USD,2024-07-19,10-Q,2023-06-30,1265000000,NetIncomeLoss,USD,2024-07-19,10-Q,2023-06-30,71020000000,Assets,USD,2024-07-19,10-Q,2023-12-31,-2071000000,NetCashProvidedByUsedInFinancingActivities,USD,2024-07-19,10-Q,2023-06-30,-1086000000,NetCashProvidedByUsedInInvestingActivities,USD,2024-07-19,10-Q,2023-06-30,2883000000,NetCashProvidedByUsedInOperatingActivities,USD,2024-07-19,10-Q,2023-06-30,through_ocf,True,,,0.1712,0.390175,9.611585,-0.280281,-0.146975
2024Q4,2024-11-06,KMT,55242,KENNAMETAL INC.,$100M-$500M,,492476000,Revenues,USD,2024-11-06,10-Q,2023-09-30,30057000,NetIncomeLoss,USD,2024-11-06,10-Q,2023-09-30,2503758000,Assets,USD,2024-11-06,10-Q,2024-06-30,-6052000,NetCashProvidedByUsedInFinancingActivities,USD,2024-11-06,10-Q,2023-09-30,-28724000,NetCashProvidedByUsedInInvestingActivities,USD,2024-11-06,10-Q,2023-09-30,25711000,NetCashProvidedByUsedInOperatingActivities,USD,2024-11-06,10-Q,2023-09-30,through_ocf,True,,,0.061032,0.052208,5.08402,-0.012289,-0.058326
2024Q4,2024-10-24,KN,1587523,Knowles Corporation,$100M-$500M,,317300000,Revenues,USD,2024-07-31,10-Q,2023-06-30,8400000,NetIncomeLoss,USD,2024-07-31,10-Q,2023-06-30,1462800000,Assets,USD,2024-07-31,10-Q,2023-12-31,-20100000,NetCashProvidedByUsedInFinancingActivities,USD,2024-07-31,10-Q,2023-06-30,4200000,NetCashProvidedByUsedInInvestingActivities,USD,2024-07-31,10-Q,2023-06-30,22400000,NetCashProvidedByUsedInOperatingActivities,USD,2024-07-31,10-Q,2023-06-30,through_ocf,True,,,0.026473,0.070596,4.610148,-0.063347,0.013237
2024Q4,2024-11-04,KNF,0001955520,Knife River Corporation,$2B-$10B,,2183462000,Revenues,USD,2024-11-04,10-Q,2023-09-30,-41320000,NetIncomeLoss,USD,2024-11-04,10-Q,2023-03-31,2680882000,Assets,USD,2024-11-04,10-Q,2023-09-30,36129000,NetCashProvidedByUsedInFinancingActivities,USD,2024-11-04,10-Q,2023-09-30,-82987000,NetCashProvidedByUsedInInvestingActivities,USD,2024-11-04,10-Q,2023-09-30,152927000,NetCashProvidedByUsedInOperatingActivities,USD,2024-11-04,10-Q,2023-09-30,through_ocf,True,,,-0.018924,0.070039,1.227813,0.016547,-0.038007
2024Q4,2024-11-06,KNTK,1692787,KINETIK HOLDINGS INC.,$500M-$1B,,577243000,RevenueFromContractWithCustomerExcludingAssessedTax,USD,2024-08-09,10-Q,2023-06-30,395493000,NetIncomeLoss,USD,2024-08-09,10-Q,2023-06-30,6496873000,Assets,USD,2024-08-09,10-Q,2023-12-31,212699000,NetCashProvidedByUsedInFinancingActivities,USD,2024-08-09,10-Q,2023-06-30,-447903000,NetCashProvidedByUsedInInvestingActivities,USD,2024-08-09,10-Q,2023-06-30,231047000,NetCashProvidedByUsedInOperatingActivities,USD,2024-08-09,10-Q,2023-06-30,through_ocf,True,,,0.685141,0.40026,11.255005,0.368474,-0.775935
2024Q4,2024-11-08,KOP,1315257,KOPPERS HOLDINGS INC.,$1B-$2B,,1641000000,RevenueFromContractWithCustomerExcludingAssessedTax,USD,2024-11-08,10-Q,2023-09-30,76300000,NetIncomeLoss,USD,2024-11-08,10-Q,2023-09-30,1835500000,Assets,USD,2024-11-08,10-Q,2023-12-31,31600000,NetCashProvidedByUsedInFinancingActivities,USD,2024-11-08,10-Q,2023-09-30,-88300000,NetCashProvidedByUsedInInvestingActivities,USD,2024-11-08,10-Q,2023-09-30,79500000,NetCashProvidedByUsedInOperatingActivities,USD,2024-11-08,10-Q,2023-09-30,through_ocf,True,,,0.046496,0.048446,1.118525,0.019257,-0.053809
2024Q4,2024-11-04,KOS,1509991,Kosmos Energy Ltd.,$1B-$2B,,1193843000,Revenues,USD,2024-11-04,10-Q,2023-09-30,83309000,NetIncomeLoss,USD,2024-11-04,10-Q,2023-03-31,4969401000,Assets,USD,2024-11-04,10-Q,2023-09-30,142489000,NetCashProvidedByUsedInFinancingActivities,USD,2024-11-04,10-Q,2023-09-30,-658546000,NetCashProvidedByUsedInInvestingActivities,USD,2024-11-04,10-Q,2023-09-30,471394000,NetCashProvidedByUsedInOperatingActivities,USD,2024-11-04,10-Q,2023-09-30,through_ocf,True,,,0.069782,0.394854,4.162525,0.119353,-0.551619
2024Q4,2024-10-30,KRG,1286043,KITE REALTY GROUP TRUST,$100M-$500M,,415509000,Revenues,USD,2024-07-31,10-Q,2023-06-30,5391000,NetIncomeLoss,USD,2024-07-31,10-Q,2023-03-31,6944078000,Assets,USD,2024-07-31,10-Q,2023-12-31,-175454000,NetCashProvidedByUsedInFinancingActivities,USD,2024-07-31,10-Q,2023-06-30,8013000,NetCashProvidedByUsedInInvestingActivities,USD,2024-07-31,10-Q,2023-06-30,180425000,NetCashProvidedByUsedInOperatingActivities,USD,2024-07-31,10-Q,2023-06-30,through_ocf,True,,,0.012974,0.434226,16.71222,-0.422263,0.019285
2024Q4,2024-11-06,KRO,1257640,"KRONOS WORLDWIDE, INC.",$1B-$2B,,1266400000,RevenueFromContractWithCustomerExcludingAssessedTax,USD,2024-11-06,10-Q,2023-09-30,-43800000,NetIncomeLoss,USD,2024-11-06,10-Q,2023-09-30,1838000000,Assets,USD,2024-11-06,10-Q,2023-12-31,-69000000,NetCashProvidedByUsedInFinancingActivities,USD,2024-11-06,10-Q,2023-09-30,-42100000,NetCashProvidedByUsedInInvestingActivities,USD,2024-11-06,10-Q,2023-09-30,-58900000,NetCashProvidedByUsedInOperatingActivities,USD,2024-11-06,10-Q,2023-09-30,through_ocf,True,,,-0.034586,-0.04651,1.451358,-0.054485,-0.033244
2024Q4,2024-11-26,KSS,885639,KOHLS Corp,$2B-$10B,,7466000000,RevenueFromContractWithCustomerExcludingAssessedTax,USD,2024-09-05,10-Q,2023-07-29,72000000,NetIncomeLoss,USD,2024-09-05,10-Q,2023-07-29,14794000000,Assets,USD,2024-09-05,10-Q,2023-07-29,158000000,NetCashProvidedByUsedInFinancingActivities,USD,2024-09-05,10-Q,2023-07-29,-335000000,NetCashProvidedByUsedInInvestingActivities,USD,2024-09-05,10-Q,2023-07-29,228000000,NetCashProvidedByUsedInOperatingActivities,USD,2024-09-05,10-Q,2023-07-29,through_ocf,True,,,0.009644,0.030538,1.981516,0.021163,-0.04487
2024Q4,2024-10-31,KTB,1760965,"KONTOOR BRANDS, INC.",$1B-$2B,,1937672000,RevenueFromContractWithCustomerExcludingAssessedTax,USD,2024-10-31,10-Q,2023-09-30,66296000,NetIncomeLoss,USD,2024-10-31,10-Q,2023-04-01,1625930000,Assets,USD,2024-10-31,10-Q,2023-09-30,-98022000,NetCashProvidedByUsedInFinancingActivities,USD,2024-10-31,10-Q,2023-09-30,-31330000,NetCashProvidedByUsedInInvestingActivities,USD,2024-10-31,10-Q,2023-09-30,147526000,NetCashProvidedByUsedInOperatingActivities,USD,2024-10-31,10-Q,2023-09-30,through_ocf,True,,,0.034214,0.076136,0.839115,-0.050588,-0.016169
2024Q4,2024-11-07,KTOS,1069258,"KRATOS DEFENSE & SECURITY SOLUTIONS, INC.",$500M-$1B,,763300000,RevenueFromContractWithCustomerExcludingAssessedTax,USD,2024-11-07,10-Q,2023-10-01,-11300000,NetIncomeLoss,USD,2024-11-07,10-Q,2023-10-01,1632500000,Assets,USD,2024-11-07,10-Q,2023-12-31,-12100000,NetCashProvidedByUsedInFinancingActivities,USD,2024-11-07,10-Q,2023-10-01,-24800000,NetCashProvidedByUsedInInvestingActivities,USD,2024-11-07,10-Q,2023-10-01,-2200000,NetCashProvidedByUsedInOperatingActivities,USD,2024-11-07,10-Q,2023-10-01,through_ocf,True,,,-0.014804,-0.002882,2.13874,-0.015852,-0.032491
2024Q4,2024-11-07,KVUE,0001944048,Kenvue Inc.,>$10B,,11778000000,RevenueFromContractWithCustomerExcludingAssessedTax,USD,2024-11-07,10-Q,2023-10-01,1337000000,NetIncomeLoss,USD,2024-11-07,10-Q,2023-10-01,27851000000,Assets,USD,2024-11-07,10-Q,2023-12-31,-2144000000,NetCashProvidedByUsedInFinancingActivities,USD,2024-11-07,10-Q,2023-10-01,-223000000,NetCashProvidedByUsedInInvestingActivities,USD,2024-11-07,10-Q,2023-10-01,2218000000,NetCashProvidedByUsedInOperatingActivities,USD,2024-11-07,10-Q,2023-10-01,through_ocf,True,,,0.113517,0.188317,2.364663,-0.182034,-0.018934
2024Q4,2024-11-06,KW,1408100,"KENNEDY-WILSON HOLDINGS, INC.",$100M-$500M,,278700000,RevenueFromContractWithCustomerExcludingAssessedTax,USD,2024-08-08,10-Q,2023-06-30,18600000,ProfitLoss,USD,2024-08-08,10-Q,2023-06-30,7712100000,Assets,USD,2024-08-08,10-Q,2023-12-31,5100000,NetCashProvidedByUsedInFinancingActivities,USD,2024-08-08,10-Q,2023-06-30,-59800000,NetCashProvidedByUsedInInvestingActivities,USD,2024-08-08,10-Q,2023-06-30,-2300000,NetCashProvidedByUsedInOperatingActivities,USD,2024-08-08,10-Q,2023-06-30,through_ocf,True,,,0.066738,-0.008253,27.67169,0.018299,-0.214568
2024Q4,2024-10-31,KWR,81362,QUAKER CHEMICAL CORPORATION,$1B-$2B,,1486204000,RevenueFromContractWithCustomerExcludingAssessedTax,USD,2024-10-31,10-Q,2023-09-30,92550000,NetIncomeLoss,USD,2024-10-31,10-Q,2023-09-30,2714211000,Assets,USD,2024-10-31,10-Q,2023-12-31,-150525000,NetCashProvidedByUsedInFinancingActivities,USD,2024-10-31,10-Q,2023-09-30,-25794000,NetCashProvidedByUsedInInvestingActivities,USD,2024-10-31,10-Q,2023-09-30,199460000,NetCashProvidedByUsedInOperatingActivities,USD,2024-10-31,10-Q,2023-09-30,through_ocf,True,,,0.062273,0.134208,1.826271,-0.101282,-0.017356
2024Q4,2024-11-04,L,60086,LOEWS CORPORATION,>$10B,,11643000000,Revenues,USD,2024-11-04,10-Q,2023-09-30,988000000,NetIncomeLoss,USD,2024-11-04,10-Q,2023-09-30,79197000000,Assets,USD,2024-11-04,10-Q,2023-12-31,-947000000,NetCashProvidedByUsedInFinancingActivities,USD,2024-11-04,10-Q,2023-09-30,-2253000000,NetCashProvidedByUsedInInvestingActivities,USD,2024-11-04,10-Q,2023-09-30,3430000000,NetCashProvidedByUsedInOperatingActivities,USD,2024-11-04,10-Q,2023-09-30,through_ocf,True,,,0.084858,0.294598,6.802113,-0.081336,-0.193507
2024Q4,2024-10-31,LAUR,912766,"Laureate Education, Inc.",$1B-$2B,,1074855000,RevenueFromContractWithCustomerExcludingAssessedTax,USD,2024-10-31,10-Q,2023-09-30,65728000,NetIncomeLoss,USD,2024-10-31,10-Q,2023-09-30,2125616000,Assets,USD,2024-10-31,10-Q,2023-12-31,-120213000,NetCashProvidedByUsedInFinancingActivities,USD,2024-10-31,10-Q,2023-09-30,-26237000,NetCashProvidedByUsedInInvestingActivities,USD,2024-10-31,10-Q,2023-09-30,187419000,NetCashProvidedByUsedInOperatingActivities,USD,2024-10-31,10-Q,2023-09-30,through_ocf,True,,,0.061151,0.174367,1.977584,-0.111841,-0.02441
2024Q4,2024-11-07,LBRDA,1611983,LIBERTY BROADBAND CORPORATION,$500M-$1B,,731000000,RevenueFromContractWithCustomerExcludingAssessedTax,USD,2024-11-07,10-Q,2023-09-30,483000000,NetIncomeLoss,USD,2024-11-07,10-Q,2023-09-30,15641000000,Assets,USD,2024-11-07,10-Q,2023-12-31,-115000000,NetCashProvidedByUsedInFinancingActivities,USD,2024-11-07,10-Q,2023-09-30,-129000000,NetCashProvidedByUsedInInvestingActivities,USD,2024-11-07,10-Q,2023-09-30,-46000000,NetCashProvidedByUsedInOperatingActivities,USD,2024-11-07,10-Q,2023-09-30,through_ocf,True,,,0.660739,-0.062927,21.396717,-0.157319,-0.176471
2024Q4,2024-11-07,LBRDK,1611983,LIBERTY BROADBAND CORPORATION,$500M-$1B,,731000000,RevenueFromContractWithCustomerExcludingAssessedTax,USD,2024-11-07,10-Q,2023-09-30,483000000,NetIncomeLoss,USD,2024-11-07,10-Q,2023-09-30,15641000000,Assets,USD,2024-11-07,10-Q,2023-12-31,-115000000,NetCashProvidedByUsedInFinancingActivities,USD,2024-11-07,10-Q,2023-09-30,-129000000,NetCashProvidedByUsedInInvestingActivities,USD,2024-11-07,10-Q,2023-09-30,-46000000,NetCashProvidedByUsedInOperatingActivities,USD,2024-11-07,10-Q,2023-09-30,through_ocf,True,,,0.660739,-0.062927,21.396717,-0.157319,-0.176471
2024Q4,2024-10-29,LBTYA,1570585,Liberty Global Ltd.,$2B-$10B,,5570900000,RevenueFromContractWithCustomerExcludingAssessedTax,USD,2024-10-29,10-Q,2023-09-30,-561800000,NetIncomeLoss,USD,2024-10-29,10-Q,2023-09-30,42087900000,Assets,USD,2024-10-29,10-Q,2023-12-31,-343100000,NetCashProvidedByUsedInFinancingActivities,USD,2024-10-29,10-Q,2023-09-30,-966400000,NetCashProvidedByUsedInInvestingActivities,USD,2024-10-29,10-Q,2023-09-30,1326700000,NetCashProvidedByUsedInOperatingActivities,USD,2024-10-29,10-Q,2023-09-30,through_ocf,True,,,-0.100845,0.238148,7.554955,-0.061588,-0.173473
2024Q4,2024-10-29,LBTYK,1570585,Liberty Global Ltd.,$2B-$10B,,5570900000,RevenueFromContractWithCustomerExcludingAssessedTax,USD,2024-10-29,10-Q,2023-09-30,-561800000,NetIncomeLoss,USD,2024-10-29,10-Q,2023-09-30,42087900000,Assets,USD,2024-10-29,10-Q,2023-12-31,-343100000,NetCashProvidedByUsedInFinancingActivities,USD,2024-10-29,10-Q,2023-09-30,-966400000,NetCashProvidedByUsedInInvestingActivities,USD,2024-10-29,10-Q,2023-09-30,1326700000,NetCashProvidedByUsedInOperatingActivities,USD,2024-10-29,10-Q,2023-09-30,through_ocf,True,,,-0.100845,0.238148,7.554955,-0.061588,-0.173473
2024Q4,2024-10-23,LC,1409970,LendingClub Corporation,$500M-$1B,,694812000,Revenues,USD,2021-03-11,10-K,2018-12-31,23776000,NetIncomeLoss,USD,2024-08-01,10-Q,2023-06-30,8827463000,Assets,USD,2024-08-01,10-Q,2023-12-31,348995000,NetCashProvidedByUsedInFinancingActivities,USD,2024-08-01,10-Q,2023-06-30,-257898000,NetCashProvidedByUsedInInvestingActivities,USD,2024-08-01,10-Q,2023-06-30,23135000,NetCashProvidedByUsedInOperatingActivities,USD,2024-08-01,10-Q,2023-06-30,through_ocf,True,,,0.034219,0.033297,12.704822,0.502287,-0.371177
2024Q4,2024-10-07,LCID,1811210,"Lucid Group, Inc.",$100M-$500M,,300306000,Revenues,USD,2024-08-05,10-Q,2023-06-30,-1543760000,NetIncomeLoss,USD,2024-08-05,10-Q,2023-06-30,8512718000,Assets,USD,2024-08-05,10-Q,2023-12-31,3007870000,NetCashProvidedByUsedInFinancingActivities,USD,2024-08-05,10-Q,2023-06-30,-466688000,NetCashProvidedByUsedInInvestingActivities,USD,2024-08-05,10-Q,2023-06-30,-1501622000,NetCashProvidedByUsedInOperatingActivities,USD,2024-08-05,10-Q,2023-06-30,through_ocf,True,,,-5.140623,-5.000306,28.346813,10.016017,-1.554042
2024Q4,2024-11-07,LCII,763744,LCI INDUSTRIES,$2B-$10B,,2947264000,Revenues,USD,2024-11-07,10-Q,2023-09-30,7259000,NetIncomeLoss,USD,2024-11-07,10-Q,2023-03-31,2959319000,Assets,USD,2024-11-07,10-Q,2023-12-31,-333447000,NetCashProvidedByUsedInFinancingActivities,USD,2024-11-07,10-Q,2023-09-30,-71627000,NetCashProvidedByUsedInInvestingActivities,USD,2024-11-07,10-Q,2023-09-30,389263000,NetCashProvidedByUsedInOperatingActivities,USD,2024-11-07,10-Q,2023-09-30,through_ocf,True,,,0.002463,0.132076,1.00409,-0.113138,-0.024303
2024Q4,2024-11-07,LCUT,874396,"LIFETIME BRANDS, INC.",$100M-$500M,,483540000,RevenueFromContractWithCustomerExcludingAssessedTax,USD,2024-11-07,10-Q,2023-09-30,-8805000,NetIncomeLoss,USD,2024-11-07,10-Q,2023-03-31,667142000,Assets,USD,2024-11-07,10-Q,2023-12-31,-32396000,NetCashProvidedByUsedInFinancingActivities,USD,2024-11-07,10-Q,2023-09-30,-1765000,NetCashProvidedByUsedInInvestingActivities,USD,2024-11-07,10-Q,2023-09-30,16961000,NetCashProvidedByUsedInOperatingActivities,USD,2024-11-07,10-Q,2023-09-30,through_ocf,True,,,-0.018209,0.035077,1.379704,-0.066998,-0.00365
2024Q4,2024-10-29,LDOS,1336920,"LEIDOS HOLDINGS, INC.",>$10B,,11458000000,Revenues,USD,2024-10-29,10-Q,2023-09-29,-30000000,NetIncomeLoss,USD,2024-10-29,10-Q,2023-09-29,12695000000,Assets,USD,2024-10-29,10-Q,2023-12-29,-470000000,NetCashProvidedByUsedInFinancingActivities,USD,2024-10-29,10-Q,2023-09-29,-135000000,NetCashProvidedByUsedInInvestingActivities,USD,2024-10-29,10-Q,2023-09-29,861000000,NetCashProvidedByUsedInOperatingActivities,USD,2024-10-29,10-Q,2023-09-29,through_ocf,True,,,-0.002618,0.075144,1.10796,-0.041019,-0.011782
2024Q4,2024-12-05,LE,799288,"LANDS’ END, INC.",$500M-$1B,,957656000,RevenueFromContractWithCustomerExcludingAssessedTax,USD,2024-12-05,10-Q,2023-10-27,-1652000,NetIncomeLoss,USD,2024-12-05,10-Q,2023-04-28,947562000,Assets,USD,2024-12-05,10-Q,2023-10-27,-11378000,NetCashProvidedByUsedInFinancingActivities,USD,2024-12-05,10-Q,2023-10-27,-28535000,NetCashProvidedByUsedInInvestingActivities,USD,2024-12-05,10-Q,2023-10-27,36667000,NetCashProvidedByUsedInOperatingActivities,USD,2024-12-05,10-Q,2023-10-27,through_ocf,True,,,-0.001725,0.038288,0.98946,-0.011881,-0.029797
2024Q4,2024-10-31,LECO,59527,LINCOLN ELECTRIC HOLDINGS INC,$2B-$10B,,3133122000,RevenueFromContractWithCustomerExcludingAssessedTax,USD,2024-10-31,10-Q,2023-09-30,121931000,NetIncomeLoss,USD,2024-10-31,10-Q,2023-03-31,3377297000,Assets,USD,2024-10-31,10-Q,2023-12-31,-311382000,NetCashProvidedByUsedInFinancingActivities,USD,2024-10-31,10-Q,2023-09-30,-101109000,NetCashProvidedByUsedInInvestingActivities,USD,2024-10-31,10-Q,2023-09-30,545880000,NetCashProvidedByUsedInOperatingActivities,USD,2024-10-31,10-Q,2023-09-30,through_ocf,True,,,0.038917,0.174229,1.077933,-0.099384,-0.032271
2024Q4,2024-10-28,LEG,58492,"Leggett & Platt, Incorporated",$2B-$10B,,2434800000,RevenueFromContractWithCustomerExcludingAssessedTax,USD,2024-08-07,10-Q,2023-06-30,107700000,NetIncomeLoss,USD,2024-08-07,10-Q,2023-06-30,4634500000,Assets,USD,2024-08-07,10-Q,2023-12-31,-184900000,NetCashProvidedByUsedInFinancingActivities,USD,2024-08-07,10-Q,2023-06-30,-62600000,NetCashProvidedByUsedInInvestingActivities,USD,2024-08-07,10-Q,2023-06-30,207300000,NetCashProvidedByUsedInOperatingActivities,USD,2024-08-07,10-Q,2023-06-30,through_ocf,True,,,0.044234,0.08514,1.903442,-0.075941,-0.025711
2024Q4,2024-11-25,LESL,1821806,"LESLIE’S, INC.",$1B-$2B,,1018839000,RevenueFromContractWithCustomerExcludingAssessedTax,USD,2024-08-08,10-Q,2023-07-01,10761000,NetIncomeLoss,USD,2024-08-08,10-Q,2023-07-01,1137425000,Assets,USD,2024-08-08,10-Q,2023-07-01,22848000,NetCashProvidedByUsedInFinancingActivities,USD,2024-08-08,10-Q,2023-07-01,-40898000,NetCashProvidedByUsedInInvestingActivities,USD,2024-08-08,10-Q,2023-07-01,-74813000,NetCashProvidedByUsedInOperatingActivities,USD,2024-08-08,10-Q,2023-07-01,through_ocf,True,,,0.010562,-0.07343,1.116393,0.022426,-0.040142
2024Q4,2024-10-04,LFCR,1005286,"LIFECORE BIOMEDICAL, INC.",$100M-$500M,,115781000,Revenues,USD,2019-08-01,10-K,2017-08-27,-10754000,NetIncomeLoss,USD,2024-10-04,10-Q,2023-08-27,253960000,Assets,USD,2024-10-04,10-Q,2024-05-26,2934000,NetCashProvidedByUsedInFinancingActivities,USD,2024-10-04,10-Q,2023-08-27,-5054000,NetCashProvidedByUsedInInvestingActivities,USD,2024-10-04,10-Q,2023-08-27,-8329000,NetCashProvidedByUsedInOperatingActivities,USD,2024-10-04,10-Q,2023-08-27,through_ocf,True,,,-0.092882,-0.071938,2.193451,0.025341,-0.043651
2024Q4,2024-11-07,LFST,1845257,"LifeStance Health Group, Inc.",$500M-$1B,,775062000,Revenues,USD,2024-11-07,10-Q,2023-09-30,-141303000,NetIncomeLoss,USD,2024-11-07,10-Q,2023-09-30,2109969000,Assets,USD,2024-11-07,10-Q,2023-12-31,16589000,NetCashProvidedByUsedInFinancingActivities,USD,2024-11-07,10-Q,2023-09-30,-48926000,NetCashProvidedByUsedInInvestingActivities,USD,2024-11-07,10-Q,2023-09-30,-33679000,NetCashProvidedByUsedInOperatingActivities,USD,2024-11-07,10-Q,2023-09-30,through_ocf,True,,,-0.182312,-0.043453,2.722323,0.021403,-0.063125
2024Q4,2024-10-29,LFUS,889331,LITTELFUSE INC /DE,$500M-$1B,,867864000,SalesRevenueNet,USD,2018-02-23,10-K,2016-01-02,88745000,NetIncomeLoss,USD,2024-07-31,10-Q,2023-04-01,3995275000,Assets,USD,2024-07-31,10-Q,2023-12-30,-32686000,NetCashProvidedByUsedInFinancingActivities,USD,2024-07-31,10-Q,2023-07-01,-199020000,NetCashProvidedByUsedInInvestingActivities,USD,2024-07-31,10-Q,2023-07-01,151633000,NetCashProvidedByUsedInOperatingActivities,USD,2024-07-31,10-Q,2023-07-01,through_ocf,True,,,0.102257,0.17472,4.603573,-0.037663,-0.229322
2024Q4,2024-11-05,LGIH,1580670,"LGI HOMES, INC.",$1B-$2B,,1750166000,Revenues,USD,2024-11-05,10-Q,2023-09-30,26962000,NetIncomeLoss,USD,2024-11-05,10-Q,2023-03-31,3407851000,Assets,USD,2024-11-05,10-Q,2023-12-31,45254000,NetCashProvidedByUsedInFinancingActivities,USD,2024-11-05,10-Q,2023-09-30,-7596000,NetCashProvidedByUsedInInvestingActivities,USD,2024-11-05,10-Q,2023-09-30,-22675000,NetCashProvidedByUsedInOperatingActivities,USD,2024-11-05,10-Q,2023-09-30,through_ocf,True,,,0.015405,-0.012956,1.947159,0.025857,-0.00434
2024Q4,2024-10-24,LH,920148,Labcorp Holdings Inc.,$2B-$10B,,6071500000,Revenues,USD,2024-08-02,10-Q,2023-06-30,212900000,NetIncomeLoss,USD,2024-08-02,10-Q,2023-03-31,16725100000,Assets,USD,2024-08-02,10-Q,2023-12-31,1484400000,NetCashProvidedByUsedInFinancingActivities,USD,2024-08-02,10-Q,2023-06-30,-353300000,NetCashProvidedByUsedInInvestingActivities,USD,2024-08-02,10-Q,2023-06-30,472600000,NetCashProvidedByUsedInOperatingActivities,USD,2024-08-02,10-Q,2023-06-30,through_ocf,True,,,0.035065,0.077839,2.75469,0.244487,-0.05819
2024Q4,2024-10-24,LHX,202058,"L3HARRIS TECHNOLOGIES, INC.",$2B-$10B,,9164000000,RevenueFromContractWithCustomerExcludingAssessedTax,USD,2024-07-26,10-Q,2023-06-30,686000000,NetIncomeLoss,USD,2024-07-26,10-Q,2023-06-30,41687000000,Assets,USD,2024-07-26,10-Q,2023-12-29,794000000,NetCashProvidedByUsedInFinancingActivities,USD,2024-07-26,10-Q,2023-06-30,-2074000000,NetCashProvidedByUsedInInvestingActivities,USD,2024-07-26,10-Q,2023-06-30,764000000,NetCashProvidedByUsedInOperatingActivities,USD,2024-07-26,10-Q,2023-06-30,through_ocf,True,,,0.074858,0.08337,4.548996,0.086643,-0.22632
2024Q4,2024-10-23,LII,1069202,LENNOX INTERNATIONAL INC.,$2B-$10B,,3827100000,Revenues,USD,2024-10-23,10-Q,2023-09-30,445600000,NetIncomeLoss,USD,2024-10-23,10-Q,2023-09-30,2798300000,Assets,USD,2024-10-23,10-Q,2023-12-31,-215600000,NetCashProvidedByUsedInFinancingActivities,USD,2024-10-23,10-Q,2023-09-30,-124500000,NetCashProvidedByUsedInInvestingActivities,USD,2024-10-23,10-Q,2023-09-30,429900000,NetCashProvidedByUsedInOperatingActivities,USD,2024-10-23,10-Q,2023-09-30,through_ocf,True,,,0.116433,0.11233,0.73118,-0.056335,-0.032531
2024Q4,2024-11-06,LILA,1712184,LIBERTY LATIN AMERICA LTD.,$500M-$1B,,910900000,SalesRevenueServicesNet,USD,2018-05-08,10-Q,2017-03-31,29200000,NetIncomeLoss,USD,2024-11-06,10-Q,2023-09-30,13594600000,Assets,USD,2024-11-06,10-Q,2023-12-31,-254900000,NetCashProvidedByUsedInFinancingActivities,USD,2024-11-06,10-Q,2023-09-30,-452500000,NetCashProvidedByUsedInInvestingActivities,USD,2024-11-06,10-Q,2023-09-30,506500000,NetCashProvidedByUsedInOperatingActivities,USD,2024-11-06,10-Q,2023-09-30,through_ocf,True,,,0.032056,0.556043,14.924361,-0.279833,-0.496761
2024Q4,2024-11-06,LILAK,1712184,LIBERTY LATIN AMERICA LTD.,$500M-$1B,,910900000,SalesRevenueServicesNet,USD,2018-05-08,10-Q,2017-03-31,29200000,NetIncomeLoss,USD,2024-11-06,10-Q,2023-09-30,13594600000,Assets,USD,2024-11-06,10-Q,2023-12-31,-254900000,NetCashProvidedByUsedInFinancingActivities,USD,2024-11-06,10-Q,2023-09-30,-452500000,NetCashProvidedByUsedInInvestingActivities,USD,2024-11-06,10-Q,2023-09-30,506500000,NetCashProvidedByUsedInOperatingActivities,USD,2024-11-06,10-Q,2023-09-30,through_ocf,True,,,0.032056,0.556043,14.924361,-0.279833,-0.496761
2024Q4,2024-11-07,LITE,1633978,Lumentum Holdings Inc.,$1B-$2B,,1712600000,RevenueFromContractWithCustomerExcludingAssessedTax,USD,2024-08-21,10-K,2022-07-02,198900000,NetIncomeLoss,USD,2024-08-21,10-K,2022-07-02,4632100000,Assets,USD,2024-08-21,10-K,2023-07-01,282900000,NetCashProvidedByUsedInFinancingActivities,USD,2024-08-21,10-K,2022-07-02,-226300000,NetCashProvidedByUsedInInvestingActivities,USD,2024-08-21,10-K,2022-07-02,459300000,NetCashProvidedByUsedInOperatingActivities,USD,2024-08-21,10-K,2022-07-02,through_ocf,True,,,0.116139,0.268189,2.704718,0.165187,-0.132138
2024Q4,2024-10-30,LIVN,1639691,LivaNova PLC,$500M-$1B,,557300000,RevenueFromContractWithCustomerExcludingAssessedTax,USD,2024-08-01,10-Q,2023-06-30,8525000,NetIncomeLoss,USD,2024-08-01,10-Q,2023-06-30,2429563000,Assets,USD,2024-08-01,10-Q,2023-12-31,30779000,NetCashProvidedByUsedInFinancingActivities,USD,2024-08-01,10-Q,2023-06-30,-18139000,NetCashProvidedByUsedInInvestingActivities,USD,2024-08-01,10-Q,2023-06-30,2820000,NetCashProvidedByUsedInOperatingActivities,USD,2024-08-01,10-Q,2023-06-30,through_ocf,True,,,0.015297,0.00506,4.359524,0.055229,-0.032548
2024Q4,2024-10-24,LKQ,1065696,LKQ CORPORATION,>$10B,,10365000000,Revenues,USD,2024-10-24,10-Q,2023-09-30,760000000,NetIncomeLoss,USD,2024-10-24,10-Q,2023-09-30,15079000000,Assets,USD,2024-10-24,10-Q,2023-12-31,1391000000,NetCashProvidedByUsedInFinancingActivities,USD,2024-10-24,10-Q,2023-09-30,-2389000000,NetCashProvidedByUsedInInvestingActivities,USD,2024-10-24,10-Q,2023-09-30,1144000000,NetCashProvidedByUsedInOperatingActivities,USD,2024-10-24,10-Q,2023-09-30,through_ocf,True,,,0.073324,0.110371,1.4548,0.134202,-0.230487
2024Q4,2024-10-30,LLY,59478,ELI LILLY AND COMPANY,>$10B,,24770700000,Revenues,USD,2024-10-30,10-Q,2023-09-30,3050700000,NetIncomeLoss,USD,2024-10-30,10-Q,2023-09-30,64006300000,Assets,USD,2024-10-30,10-Q,2023-12-31,-49100000,NetCashProvidedByUsedInFinancingActivities,USD,2024-10-30,10-Q,2023-09-30,-4228400000,NetCashProvidedByUsedInInvestingActivities,USD,2024-10-30,10-Q,2023-09-30,4552000000,NetCashProvidedByUsedInOperatingActivities,USD,2024-10-30,10-Q,2023-09-30,through_ocf,True,,,0.123158,0.183765,2.583952,-0.001982,-0.170702
2024Q4,2024-11-05,LMB,1606163,"LIMBACH HOLDINGS, INC.",$100M-$500M,,373659000,Revenues,USD,2024-11-05,10-Q,2023-09-30,2993000,NetIncomeLoss,USD,2024-11-05,10-Q,2023-03-31,304439000,Assets,USD,2024-11-05,10-Q,2023-12-31,-15803000,NetCashProvidedByUsedInFinancingActivities,USD,2024-11-05,10-Q,2023-09-30,-6233000,NetCashProvidedByUsedInInvestingActivities,USD,2024-11-05,10-Q,2023-09-30,43460000,NetCashProvidedByUsedInOperatingActivities,USD,2024-11-05,10-Q,2023-09-30,through_ocf,True,,,0.00801,0.116309,0.814751,-0.042293,-0.016681
2024Q4,2024-11-01,LNT,352541,ALLIANT ENERGY CORP,$2B-$10B,,3066000000,RevenueFromContractWithCustomerExcludingAssessedTax,USD,2024-11-01,10-Q,2023-09-30,582000000,NetIncomeLoss,USD,2024-11-01,10-Q,2023-09-30,21237000000,Assets,USD,2024-11-01,10-Q,2023-12-31,515000000,NetCashProvidedByUsedInFinancingActivities,USD,2024-11-01,10-Q,2023-09-30,-952000000,NetCashProvidedByUsedInInvestingActivities,USD,2024-11-01,10-Q,2023-09-30,622000000,NetCashProvidedByUsedInOperatingActivities,USD,2024-11-01,10-Q,2023-09-30,through_ocf,True,,,0.189824,0.20287,6.926614,0.167971,-0.310502
2024Q4,2024-11-06,LNTH,1521036,"LANTHEUS HOLDINGS, INC.",$500M-$1B,,942430000,RevenueFromContractWithCustomerExcludingAssessedTax,USD,2024-11-06,10-Q,2023-09-30,-2807000,NetIncomeLoss,USD,2024-11-06,10-Q,2023-03-31,1651149000,Assets,USD,2024-11-06,10-Q,2023-12-31,-12612000,NetCashProvidedByUsedInFinancingActivities,USD,2024-11-06,10-Q,2023-09-30,18008000,NetCashProvidedByUsedInInvestingActivities,USD,2024-11-06,10-Q,2023-09-30,192973000,NetCashProvidedByUsedInOperatingActivities,USD,2024-11-06,10-Q,2023-09-30,through_ocf,True,,,-0.002978,0.204761,1.752012,-0.013382,0.019108
2024Q4,2024-10-31,LOCO,1606366,"El Pollo Loco Holdings, Inc.",$100M-$500M,,401701000,RevenueFromContractWithCustomerExcludingAssessedTax,USD,2020-03-06,10-K,2017-12-27,11974000,NetIncomeLoss,USD,2024-08-02,10-Q,2023-06-28,592301000,Assets,USD,2024-08-02,10-Q,2023-12-27,-23207000,NetCashProvidedByUsedInFinancingActivities,USD,2024-08-02,10-Q,2023-06-28,-8899000,NetCashProvidedByUsedInInvestingActivities,USD,2024-08-02,10-Q,2023-06-28,21796000,NetCashProvidedByUsedInOperatingActivities,USD,2024-08-02,10-Q,2023-06-28,through_ocf,True,,,0.029808,0.054259,1.474482,-0.057772,-0.022153
2024Q4,2024-10-22,LOGI,1032975,LOGITECH INTERNATIONAL S.A.,$500M-$1B,,974499000,RevenueFromContractWithCustomerExcludingAssessedTax,USD,2024-07-25,10-Q,2023-06-30,62727000,NetIncomeLoss,USD,2024-07-25,10-Q,2023-06-30,3604704000,Assets,USD,2024-07-25,10-Q,2024-03-31,-117159000,NetCashProvidedByUsedInFinancingActivities,USD,2024-07-25,10-Q,2023-06-30,-17530000,NetCashProvidedByUsedInInvestingActivities,USD,2024-07-25,10-Q,2023-06-30,239795000,NetCashProvidedByUsedInOperatingActivities,USD,2024-07-25,10-Q,2023-06-30,through_ocf,True,,,0.064368,0.24607,3.699033,-0.120225,-0.017989
2024Q4,2024-11-06,LOPE,1434588,"GRAND CANYON EDUCATION, INC.",$500M-$1B,,682615000,RevenueFromContractWithCustomerExcludingAssessedTax,USD,2024-11-06,10-Q,2023-09-30,124276000,NetIncomeLoss,USD,2024-11-06,10-Q,2023-09-30,930463000,Assets,USD,2024-11-06,10-Q,2023-12-31,-120285000,NetCashProvidedByUsedInFinancingActivities,USD,2024-11-06,10-Q,2023-09-30,-70530000,NetCashProvidedByUsedInInvestingActivities,USD,2024-11-06,10-Q,2023-09-30,127277000,NetCashProvidedByUsedInOperatingActivities,USD,2024-11-06,10-Q,2023-09-30,through_ocf,True,,,0.182059,0.186455,1.363086,-0.176212,-0.103323
2024Q4,2024-12-12,LOVE,1701758,THE LOVESAC COMPANY,$100M-$500M,,449758000,Revenues,USD,2024-12-12,10-Q,2023-10-29,-7091000,NetIncomeLoss,USD,2024-12-12,10-Q,2023-10-29,482180000,Assets,USD,2024-12-12,10-Q,2024-02-04,-3678000,NetCashProvidedByUsedInFinancingActivities,USD,2024-12-12,10-Q,2023-10-29,-22240000,NetCashProvidedByUsedInInvestingActivities,USD,2024-12-12,10-Q,2023-10-29,20123000,NetCashProvidedByUsedInOperatingActivities,USD,2024-12-12,10-Q,2023-10-29,through_ocf,True,,,-0.015766,0.044742,1.072088,-0.008178,-0.049449
2024Q4,2024-10-24,LPG,1596993,DORIAN LPG LTD.,$100M-$500M,,111562907,Revenues,USD,2024-08-01,10-Q,2023-06-30,51721137,NetIncomeLoss,USD,2024-08-01,10-Q,2023-06-30,1837650165,Assets,USD,2024-08-01,10-Q,2024-03-31,-54052986,NetCashProvidedByUsedInFinancingActivities,USD,2024-08-01,10-Q,2023-06-30,-2344946,NetCashProvidedByUsedInInvestingActivities,USD,2024-08-01,10-Q,2023-06-30,63265349,NetCashProvidedByUsedInOperatingActivities,USD,2024-08-01,10-Q,2023-06-30,through_ocf,True,,,0.463605,0.567082,16.471874,-0.484507,-0.021019
2024Q4,2024-10-30,LPLA,1397911,LPL Financial Holdings Inc.,$2B-$10B,,4886636000,Revenues,USD,2024-07-30,10-Q,2023-06-30,624404000,NetIncomeLoss,USD,2024-07-30,10-Q,2023-06-30,10385480000,Assets,USD,2024-07-30,10-Q,2023-12-31,-419013000,NetCashProvidedByUsedInFinancingActivities,USD,2024-07-30,10-Q,2023-06-30,-502157000,NetCashProvidedByUsedInInvestingActivities,USD,2024-07-30,10-Q,2023-06-30,196893000,NetCashProvidedByUsedInOperatingActivities,USD,2024-07-30,10-Q,2023-06-30,through_ocf,True,,,0.127778,0.040292,2.125282,-0.085747,-0.102761
2024Q4,2024-11-07,LPSN,1102993,"LivePerson, Inc.",$100M-$500M,,205183000,RevenueFromContractWithCustomerExcludingAssessedTax,USD,2024-08-07,10-Q,2023-06-30,-17420000,NetIncomeLoss,USD,2024-08-07,10-Q,2023-03-31,835513000,Assets,USD,2024-08-07,10-Q,2023-12-31,-150372000,NetCashProvidedByUsedInFinancingActivities,USD,2024-08-07,10-Q,2023-06-30,-5635000,NetCashProvidedByUsedInInvestingActivities,USD,2024-08-07,10-Q,2023-06-30,-30549000,NetCashProvidedByUsedInOperatingActivities,USD,2024-08-07,10-Q,2023-06-30,through_ocf,True,,,-0.0849,-0.148887,4.072038,-0.732868,-0.027463
2024Q4,2024-12-12,LQDT,1235468,"Liquidity Services, Inc.",$100M-$500M,,280050000,RevenueFromContractWithCustomerExcludingAssessedTax,USD,2024-12-12,10-K,2022-09-30,40324000,NetIncomeLoss,USD,2024-12-12,10-K,2022-09-30,288970000,Assets,USD,2024-12-12,10-K,2023-09-30,-31943000,NetCashProvidedByUsedInFinancingActivities,USD,2024-12-12,10-K,2022-09-30,-21084000,NetCashProvidedByUsedInInvestingActivities,USD,2024-12-12,10-K,2022-09-30,44833000,NetCashProvidedByUsedInOperatingActivities,USD,2024-12-12,10-K,2022-09-30,through_ocf,True,,,0.143989,0.160089,1.031851,-0.114062,-0.075287
2024Q4,2024-10-29,LSTR,853816,"Landstar System, Inc.",$2B-$10B,,2809532000,Revenues,USD,2024-07-31,10-Q,2023-07-01,144754000,NetIncomeLoss,USD,2024-07-31,10-Q,2023-07-01,1801846000,Assets,USD,2024-07-31,10-Q,2023-12-30,-172435000,NetCashProvidedByUsedInFinancingActivities,USD,2024-07-31,10-Q,2023-07-01,46000,NetCashProvidedByUsedInInvestingActivities,USD,2024-07-31,10-Q,2023-07-01,191733000,NetCashProvidedByUsedInOperatingActivities,USD,2024-07-31,10-Q,2023-07-01,through_ocf,True,,,0.051522,0.068244,0.641333,-0.061375,1.6e-05
2024Q4,2024-10-15,LTH,1869198,"Life Time Group Holdings, Inc.",$1B-$2B,,1072582000,RevenueFromContractWithCustomerExcludingAssessedTax,USD,2024-08-01,10-Q,2023-06-30,44464000,NetIncomeLoss,USD,2024-08-01,10-Q,2023-06-30,7032141000,Assets,USD,2024-08-01,10-Q,2023-12-31,48420000,NetCashProvidedByUsedInFinancingActivities,USD,2024-08-01,10-Q,2023-06-30,-259498000,NetCashProvidedByUsedInInvestingActivities,USD,2024-08-01,10-Q,2023-06-30,216291000,NetCashProvidedByUsedInOperatingActivities,USD,2024-08-01,10-Q,2023-06-30,through_ocf,True,,,0.041455,0.201655,6.556274,0.045143,-0.241938
2024Q4,2024-12-05,LULU,1397187,lululemon athletica inc.,$2B-$10B,,6414175000,RevenueFromContractWithCustomerExcludingAssessedTax,USD,2024-12-05,10-Q,2023-10-29,880722000,NetIncomeLoss,USD,2024-12-05,10-Q,2023-10-29,7091941000,Assets,USD,2024-12-05,10-Q,2024-01-28,-510583000,NetCashProvidedByUsedInFinancingActivities,USD,2024-12-05,10-Q,2023-10-29,-445325000,NetCashProvidedByUsedInInvestingActivities,USD,2024-12-05,10-Q,2023-10-29,912066000,NetCashProvidedByUsedInOperatingActivities,USD,2024-12-05,10-Q,2023-10-29,through_ocf,True,,,0.137309,0.142195,1.105667,-0.079602,-0.069428
2024Q4,2024-10-24,LUV,92380,SOUTHWEST AIRLINES CO.,>$10B,,12743000000,RevenueFromContractWithCustomerExcludingAssessedTax,USD,2024-07-29,10-Q,2023-06-30,524000000,NetIncomeLoss,USD,2024-07-29,10-Q,2023-06-30,36487000000,Assets,USD,2024-07-29,10-Q,2023-12-31,-253000000,NetCashProvidedByUsedInFinancingActivities,USD,2024-07-29,10-Q,2023-06-30,-2204000000,NetCashProvidedByUsedInInvestingActivities,USD,2024-07-29,10-Q,2023-06-30,2123000000,NetCashProvidedByUsedInOperatingActivities,USD,2024-07-29,10-Q,2023-06-30,through_ocf,True,,,0.041121,0.166601,2.863297,-0.019854,-0.172958
2024Q4,2024-10-23,LVS,1300514,LAS VEGAS SANDS CORP.,$2B-$10B,,4662000000,Revenues,USD,2024-07-26,10-Q,2023-06-30,459000000,NetIncomeLoss,USD,2024-07-26,10-Q,2023-06-30,21778000000,Assets,USD,2024-07-26,10-Q,2023-12-31,-1307000000,NetCashProvidedByUsedInFinancingActivities,USD,2024-07-26,10-Q,2023-06-30,-601000000,NetCashProvidedByUsedInInvestingActivities,USD,2024-07-26,10-Q,2023-06-30,1382000000,NetCashProvidedByUsedInOperatingActivities,USD,2024-07-26,10-Q,2023-06-30,through_ocf,True,,,0.098456,0.296439,4.671386,-0.280352,-0.128915
2024Q4,2024-10-29,LXU,60714,"LSB INDUSTRIES, INC.",$100M-$500M,,346809000,RevenueFromContractWithCustomerExcludingAssessedTax,USD,2024-08-01,10-Q,2023-06-30,15901000,NetIncomeLoss,USD,2024-08-01,10-Q,2023-03-31,1298184000,Assets,USD,2024-08-01,10-Q,2023-12-31,-151854000,NetCashProvidedByUsedInFinancingActivities,USD,2024-08-01,10-Q,2023-06-30,30208000,NetCashProvidedByUsedInInvestingActivities,USD,2024-08-01,10-Q,2023-06-30,102949000,NetCashProvidedByUsedInOperatingActivities,USD,2024-08-01,10-Q,2023-06-30,through_ocf,True,,,0.045849,0.296846,3.743225,-0.437861,0.087103
2024Q4,2024-11-06,LYFT,1759509,"Lyft, Inc.",$2B-$10B,,2021454000,Revenues,USD,2024-08-07,10-Q,2023-06-30,-187649000,NetIncomeLoss,USD,2024-08-07,10-Q,2023-03-31,4564467000,Assets,USD,2024-08-07,10-Q,2023-12-31,-83357000,NetCashProvidedByUsedInFinancingActivities,USD,2024-08-07,10-Q,2023-06-30,840850000,NetCashProvidedByUsedInInvestingActivities,USD,2024-08-07,10-Q,2023-06-30,-144013000,NetCashProvidedByUsedInOperatingActivities,USD,2024-08-07,10-Q,2023-06-30,through_ocf,True,,,-0.092829,-0.071242,2.258012,-0.041236,0.415963
2024Q4,2024-11-12,LYV,1335258,"LIVE NATION ENTERTAINMENT, INC.",>$10B,,16907636000,Revenues,USD,2024-11-12,10-Q,2023-09-30,789827000,NetIncomeLoss,USD,2024-11-12,10-Q,2023-09-30,19029640000,Assets,USD,2024-11-12,10-Q,2023-12-31,44932000,NetCashProvidedByUsedInFinancingActivities,USD,2024-11-12,10-Q,2023-09-30,-463964000,NetCashProvidedByUsedInInvestingActivities,USD,2024-11-12,10-Q,2023-09-30,754621000,NetCashProvidedByUsedInOperatingActivities,USD,2024-11-12,10-Q,2023-09-30,through_ocf,True,,,0.046714,0.044632,1.125506,0.002657,-0.027441
2024Q4,2024-11-06,LZ,1286139,"LegalZoom.com, Inc.",$500M-$1B,,502064000,RevenueFromContractWithCustomerExcludingAssessedTax,USD,2024-11-06,10-Q,2023-09-30,-2358000,NetIncomeLoss,USD,2024-11-06,10-Q,2023-03-31,447818000,Assets,USD,2024-11-06,10-Q,2023-12-31,-55563000,NetCashProvidedByUsedInFinancingActivities,USD,2024-11-06,10-Q,2023-09-30,-23182000,NetCashProvidedByUsedInInvestingActivities,USD,2024-11-06,10-Q,2023-09-30,101814000,NetCashProvidedByUsedInOperatingActivities,USD,2024-11-06,10-Q,2023-09-30,through_ocf,True,,,-0.004697,0.202791,0.891954,-0.110669,-0.046173
2024Q4,2024-11-19,LZB,57131,LA-Z-BOY INCORPORATED,$500M-$1B,,993086000,RevenueFromContractWithCustomerExcludingAssessedTax,USD,2024-11-19,10-Q,2023-10-28,54678000,NetIncomeLoss,USD,2024-11-19,10-Q,2023-10-28,1913442000,Assets,USD,2024-11-19,10-Q,2024-04-27,-43883000,NetCashProvidedByUsedInFinancingActivities,USD,2024-11-19,10-Q,2023-10-28,-25304000,NetCashProvidedByUsedInInvestingActivities,USD,2024-11-19,10-Q,2023-10-28,56876000,NetCashProvidedByUsedInOperatingActivities,USD,2024-11-19,10-Q,2023-10-28,through_ocf,True,,,0.055059,0.057272,1.926764,-0.044189,-0.02548
2024Q4,2024-10-31,MA,1141391,Mastercard Incorporated,>$10B,,18550000000,Revenues,USD,2024-10-31,10-Q,2023-09-30,8404000000,ProfitLoss,USD,2024-10-31,10-Q,2023-09-30,42448000000,Assets,USD,2024-10-31,10-Q,2023-12-31,-7138000000,NetCashProvidedByUsedInFinancingActivities,USD,2024-10-31,10-Q,2023-09-30,-1137000000,NetCashProvidedByUsedInInvestingActivities,USD,2024-10-31,10-Q,2023-09-30,7850000000,NetCashProvidedByUsedInOperatingActivities,USD,2024-10-31,10-Q,2023-09-30,through_ocf,True,,,0.453046,0.423181,2.288302,-0.384798,-0.061294
2024Q4,2024-10-30,MAA,912595,"MID-AMERICA APARTMENT COMMUNITIES, INC.",$1B-$2B,,1064179000,Revenues,USD,2024-08-01,10-Q,2023-06-30,281598000,NetIncomeLoss,USD,2024-08-01,10-Q,2023-06-30,11484503000,Assets,USD,2024-08-01,10-Q,2023-12-31,-158608000,NetCashProvidedByUsedInFinancingActivities,USD,2024-08-01,10-Q,2023-06-30,-292821000,NetCashProvidedByUsedInInvestingActivities,USD,2024-08-01,10-Q,2023-06-30,554083000,NetCashProvidedByUsedInOperatingActivities,USD,2024-08-01,10-Q,2023-06-30,through_ocf,True,,,0.264615,0.520667,10.79189,-0.149043,-0.275161
2024Q4,2024-11-06,MAC,912242,MACERICH CO,$100M-$500M,,427228000,Revenues,USD,2024-08-08,10-Q,2023-06-30,-73697000,NetIncomeLoss,USD,2024-08-08,10-Q,2023-06-30,7513512000,Assets,USD,2024-08-08,10-Q,2023-12-31,-193974000,NetCashProvidedByUsedInFinancingActivities,USD,2024-08-08,10-Q,2023-06-30,58917000,NetCashProvidedByUsedInInvestingActivities,USD,2024-08-08,10-Q,2023-06-30,138721000,NetCashProvidedByUsedInOperatingActivities,USD,2024-08-08,10-Q,2023-06-30,through_ocf,True,,,-0.1725,0.3247,17.586656,-0.454029,0.137905
2024Q4,2024-10-30,MAGN,41719,Magnera Corporation,$100M-$500M,,390713000,RevenueFromContractWithCustomerExcludingAssessedTax,USD,2018-05-01,10-Q,2017-03-31,-70387000,NetIncomeLoss,USD,2024-10-30,10-Q,2023-09-30,1563796000,Assets,USD,2024-10-30,10-Q,2023-12-31,10987000,NetCashProvidedByUsedInFinancingActivities,USD,2024-10-30,10-Q,2023-09-30,-28694000,NetCashProvidedByUsedInInvestingActivities,USD,2024-10-30,10-Q,2023-09-30,-79535000,NetCashProvidedByUsedInOperatingActivities,USD,2023-08-03,10-Q,2022-06-30,through_ocf,True,,,-0.18015,-0.203564,4.002416,0.02812,-0.07344
2024Q4,2024-10-22,MANH,1056696,"MANHATTAN ASSOCIATES, INC.",$100M-$500M,,452029000,RevenueFromContractWithCustomerExcludingAssessedTax,USD,2024-07-26,10-Q,2023-06-30,78411000,NetIncomeLoss,USD,2024-07-26,10-Q,2023-06-30,673353000,Assets,USD,2024-07-26,10-Q,2023-12-31,-169115000,NetCashProvidedByUsedInFinancingActivities,USD,2024-07-26,10-Q,2023-06-30,-1675000,NetCashProvidedByUsedInInvestingActivities,USD,2024-07-26,10-Q,2023-06-30,99286000,NetCashProvidedByUsedInOperatingActivities,USD,2024-07-26,10-Q,2023-06-30,through_ocf,True,,,0.173465,0.219645,1.489623,-0.374124,-0.003706
2024Q4,2024-11-04,MAR,1048286,MARRIOTT INTERNATIONAL INC /MD/,>$10B,,17618000000,Revenues,USD,2024-11-04,10-Q,2023-09-30,757000000,NetIncomeLoss,USD,2024-11-04,10-Q,2023-03-31,25674000000,Assets,USD,2024-11-04,10-Q,2023-12-31,-1838000000,NetCashProvidedByUsedInFinancingActivities,USD,2024-11-04,10-Q,2023-09-30,-363000000,NetCashProvidedByUsedInInvestingActivities,USD,2024-11-04,10-Q,2023-09-30,2419000000,NetCashProvidedByUsedInOperatingActivities,USD,2024-11-04,10-Q,2023-09-30,through_ocf,True,,,0.042967,0.137303,1.45726,-0.104325,-0.020604
2024Q4,2024-10-29,MAS,62996,Masco Corporation,$2B-$10B,,6085000000,RevenueFromContractWithCustomerExcludingAssessedTax,USD,2024-10-29,10-Q,2023-09-30,717000000,NetIncomeLoss,USD,2024-10-29,10-Q,2023-09-30,5363000000,Assets,USD,2024-10-29,10-Q,2023-12-31,-498000000,NetCashProvidedByUsedInFinancingActivities,USD,2024-10-29,10-Q,2023-09-30,-321000000,NetCashProvidedByUsedInInvestingActivities,USD,2024-10-29,10-Q,2023-09-30,928000000,NetCashProvidedByUsedInOperatingActivities,USD,2024-10-29,10-Q,2023-09-30,through_ocf,True,,,0.117831,0.152506,0.881348,-0.081841,-0.052753
2024Q4,2024-10-29,MASI,937556,MASIMO CORP,$1B-$2B,,1020300000,RevenueFromContractWithCustomerExcludingAssessedTax,USD,2024-08-07,10-Q,2023-07-01,21300000,NetIncomeLoss,USD,2024-08-07,10-Q,2023-04-01,3041500000,Assets,USD,2024-08-07,10-Q,2023-12-30,-40100000,NetCashProvidedByUsedInFinancingActivities,USD,2024-08-07,10-Q,2023-07-01,-33500000,NetCashProvidedByUsedInInvestingActivities,USD,2024-08-07,10-Q,2023-07-01,24000000,NetCashProvidedByUsedInOperatingActivities,USD,2024-08-07,10-Q,2023-07-01,through_ocf,True,,,0.020876,0.023522,2.980986,-0.039302,-0.032833
2024Q4,2024-10-23,MAT,63276,MATTEL INC /DE/,$1B-$2B,,1901743000,RevenueFromContractWithCustomerExcludingAssessedTax,USD,2024-07-30,10-Q,2023-06-30,-106471000,NetIncomeLoss,USD,2024-07-30,10-Q,2023-03-31,5897844000,Assets,USD,2024-07-30,10-Q,2023-06-30,-71379000,NetCashProvidedByUsedInFinancingActivities,USD,2024-07-30,10-Q,2023-06-30,-61988000,NetCashProvidedByUsedInInvestingActivities,USD,2024-07-30,10-Q,2023-06-30,-325581000,NetCashProvidedByUsedInOperatingActivities,USD,2024-07-30,10-Q,2023-06-30,through_ocf,True,,,-0.055986,-0.171201,3.101283,-0.037533,-0.032595
2024Q4,2024-11-06,MATV,1000623,"MATIV HOLDINGS, INC.",$1B-$2B,,1075500000,RevenueFromContractWithCustomerExcludingAssessedTax,USD,2024-08-08,10-Q,2023-06-30,-12200000,NetIncomeLoss,USD,2024-08-08,10-Q,2023-06-30,2642400000,Assets,USD,2024-08-08,10-Q,2023-12-31,2000000,NetCashProvidedByUsedInFinancingActivities,USD,2024-08-08,10-Q,2023-06-30,-39500000,NetCashProvidedByUsedInInvestingActivities,USD,2024-08-08,10-Q,2023-06-30,19500000,NetCashProvidedByUsedInOperatingActivities,USD,2024-08-08,10-Q,2023-06-30,through_ocf,True,,,-0.011344,0.018131,2.456904,0.00186,-0.036727
2024Q4,2024-11-22,MATW,63296,MATTHEWS INTERNATIONAL CORP,$1B-$2B,,1762403000,RevenueFromContractWithCustomerExcludingAssessedTax,USD,2024-11-22,10-K,2022-09-30,-99774000,NetIncomeLoss,USD,2024-11-22,10-K,2022-09-30,1882771000,Assets,USD,2024-11-22,10-K,2022-09-30,-37213000,NetCashProvidedByUsedInFinancingActivities,USD,2024-11-22,10-K,2022-09-30,-80852000,NetCashProvidedByUsedInInvestingActivities,USD,2024-11-22,10-K,2022-09-30,126860000,NetCashProvidedByUsedInOperatingActivities,USD,2024-11-22,10-K,2022-09-30,through_ocf,True,,,-0.056612,0.071981,1.068298,-0.021115,-0.045876
2024Q4,2024-10-30,MATX,3453,"Matson, Inc.",$1B-$2B,,1478200000,RevenueFromContractWithCustomerExcludingAssessedTax,USD,2024-08-02,10-Q,2023-06-30,34000000,NetIncomeLoss,USD,2024-08-02,10-Q,2023-03-31,4294600000,Assets,USD,2024-08-02,10-Q,2023-12-31,-172500000,NetCashProvidedByUsedInFinancingActivities,USD,2024-08-02,10-Q,2023-06-30,-201800000,NetCashProvidedByUsedInInvestingActivities,USD,2024-08-02,10-Q,2023-06-30,246500000,NetCashProvidedByUsedInOperatingActivities,USD,2024-08-02,10-Q,2023-06-30,through_ocf,True,,,0.023001,0.166757,2.90529,-0.116696,-0.136517
2024Q4,2024-10-30,MAX,1818383,"MediaAlpha, Inc.",$100M-$500M,,196402000,RevenueFromContractWithCustomerExcludingAssessedTax,USD,2024-08-01,10-Q,2023-06-30,-24552000,NetIncomeLoss,USD,2024-08-01,10-Q,2023-06-30,153925000,Assets,USD,2024-08-01,10-Q,2023-12-31,-10807000,NetCashProvidedByUsedInFinancingActivities,USD,2024-08-01,10-Q,2023-06-30,-47000,NetCashProvidedByUsedInInvestingActivities,USD,2024-08-01,10-Q,2023-06-30,16341000,NetCashProvidedByUsedInOperatingActivities,USD,2024-08-01,10-Q,2023-06-30,through_ocf,True,,,-0.125009,0.083202,0.783724,-0.055025,-0.000239
2024Q4,2024-11-05,MBC,0001941365,"MasterBrand, Inc.",$1B-$2B,,1371800000,Revenues,USD,2024-08-07,10-Q,2023-06-25,86200000,NetIncomeLoss,USD,2024-08-07,10-Q,2023-06-25,2381700000,Assets,USD,2024-08-07,10-Q,2023-12-31,-172000000,NetCashProvidedByUsedInFinancingActivities,USD,2024-08-07,10-Q,2023-06-25,-11200000,NetCashProvidedByUsedInInvestingActivities,USD,2024-08-07,10-Q,2023-06-25,194000000,NetCashProvidedByUsedInOperatingActivities,USD,2024-08-07,10-Q,2023-06-25,through_ocf,True,,,0.062837,0.14142,1.736186,-0.125383,-0.008164
2024Q4,2024-10-31,MBLY,0001910139,Mobileye Global Inc.,$1B-$2B,,1442000000,RevenueFromContractWithCustomerExcludingAssessedTax,USD,2024-10-31,10-Q,2023-09-30,-90000000,NetIncomeLoss,USD,2024-10-31,10-Q,2023-09-30,15577000000,Assets,USD,2024-10-31,10-Q,2023-12-30,-29000000,NetCashProvidedByUsedInFinancingActivities,USD,2024-10-31,10-Q,2023-09-30,-75000000,NetCashProvidedByUsedInInvestingActivities,USD,2024-10-31,10-Q,2023-09-30,285000000,NetCashProvidedByUsedInOperatingActivities,USD,2024-10-31,10-Q,2023-09-30,through_ocf,True,,,-0.062413,0.197642,10.802358,-0.020111,-0.052011
2024Q4,2024-10-31,MBUU,1590976,"MALIBU BOATS, INC.",$100M-$500M,,255830000,RevenueFromContractWithCustomerExcludingAssessedTax,USD,2024-10-31,10-Q,2023-09-30,20259000,NetIncomeLoss,USD,2024-10-31,10-Q,2023-09-30,739624000,Assets,USD,2024-10-31,10-Q,2024-06-30,54605000,NetCashProvidedByUsedInFinancingActivities,USD,2024-10-31,10-Q,2023-09-30,-39527000,NetCashProvidedByUsedInInvestingActivities,USD,2024-10-31,10-Q,2023-09-30,-48411000,NetCashProvidedByUsedInOperatingActivities,USD,2024-10-31,10-Q,2023-09-30,through_ocf,True,,,0.079189,-0.189231,2.891076,0.213443,-0.154505
2024Q4,2024-10-29,MCD,63908,McDonald’s Corporation,>$10B,,12395000000,Revenues,USD,2024-08-08,10-Q,2023-06-30,4113000000,NetIncomeLoss,USD,2024-08-08,10-Q,2023-06-30,56147000000,Assets,USD,2024-08-08,10-Q,2023-12-31,-3652000000,NetCashProvidedByUsedInFinancingActivities,USD,2024-08-08,10-Q,2023-06-30,-1412000000,NetCashProvidedByUsedInInvestingActivities,USD,2024-08-08,10-Q,2023-06-30,4094000000,NetCashProvidedByUsedInOperatingActivities,USD,2024-08-08,10-Q,2023-06-30,through_ocf,True,,,0.331827,0.330294,4.52981,-0.294635,-0.113917
2024Q4,2024-11-06,MCFT,1638290,"MasterCraft Boat Holdings, Inc.",$500M-$1B,,641609000,RevenueFromContractWithCustomerExcludingAssessedTax,USD,2024-08-30,10-K,2022-06-30,58214000,NetIncomeLoss,USD,2024-08-30,10-K,2022-06-30,353976000,Assets,USD,2024-08-30,10-K,2023-06-30,-62540000,NetCashProvidedByUsedInFinancingActivities,USD,2024-08-30,10-K,2022-06-30,-15820000,NetCashProvidedByUsedInInvestingActivities,USD,2024-08-30,10-K,2022-06-30,73311000,NetCashProvidedByUsedInOperatingActivities,USD,2024-08-30,10-K,2022-06-30,through_ocf,True,,,0.090731,0.114261,0.5517,-0.097474,-0.024657
2024Q4,2024-11-05,MCHP,827054,MICROCHIP TECHNOLOGY INCORPORATED,$2B-$10B,,4542900000,RevenueFromContractWithCustomerExcludingAssessedTax,USD,2024-11-05,10-Q,2023-09-30,666400000,NetIncomeLoss,USD,2024-11-05,10-Q,2023-06-30,15873200000,Assets,USD,2024-11-05,10-Q,2024-03-31,-1352100000,NetCashProvidedByUsedInFinancingActivities,USD,2024-11-05,10-Q,2023-09-30,-234700000,NetCashProvidedByUsedInInvestingActivities,USD,2024-11-05,10-Q,2023-09-30,1609400000,NetCashProvidedByUsedInOperatingActivities,USD,2024-11-05,10-Q,2023-09-30,through_ocf,True,,,0.14669,0.354267,3.494068,-0.297629,-0.051663
2024Q4,2024-10-22,MCO,1059556,Moody’s Corporation,$2B-$10B,,2964000000,RevenueFromContractWithCustomerExcludingAssessedTax,USD,2024-07-24,10-Q,2023-06-30,878000000,NetIncomeLoss,USD,2024-07-24,10-Q,2023-06-30,14622000000,Assets,USD,2024-07-24,10-Q,2023-12-31,-624000000,NetCashProvidedByUsedInFinancingActivities,USD,2024-07-24,10-Q,2023-06-30,-103000000,NetCashProvidedByUsedInInvestingActivities,USD,2024-07-24,10-Q,2023-06-30,1212000000,NetCashProvidedByUsedInOperatingActivities,USD,2024-07-24,10-Q,2023-06-30,through_ocf,True,,,0.296221,0.408907,4.933198,-0.210526,-0.03475
2024Q4,2024-10-31,MCS,62234,MARCUS CORP,$500M-$1B,,568049000,Revenues,USD,2024-10-31,10-Q,2023-09-28,16234000,NetIncomeLoss,USD,2024-10-31,10-Q,2023-09-28,1065103000,Assets,USD,2024-10-31,10-Q,2023-12-28,-26184000,NetCashProvidedByUsedInFinancingActivities,USD,2024-10-31,10-Q,2023-09-28,-26882000,NetCashProvidedByUsedInInvestingActivities,USD,2024-10-31,10-Q,2023-09-28,68642000,NetCashProvidedByUsedInOperatingActivities,USD,2024-10-31,10-Q,2023-09-28,through_ocf,True,,,0.028579,0.120838,1.87502,-0.046095,-0.047323
2024Q4,2024-10-30,MCW,1853513,"Mister Car Wash, Inc.",$100M-$500M,,462854000,RevenueFromContractWithCustomerExcludingAssessedTax,USD,2024-08-02,10-Q,2023-06-30,21136000,NetIncomeLoss,USD,2024-08-02,10-Q,2023-03-31,2881536000,Assets,USD,2024-08-02,10-Q,2023-12-31,4120000,NetCashProvidedByUsedInFinancingActivities,USD,2024-08-02,10-Q,2023-06-30,-50231000,NetCashProvidedByUsedInInvestingActivities,USD,2024-08-02,10-Q,2023-06-30,117122000,NetCashProvidedByUsedInOperatingActivities,USD,2024-08-02,10-Q,2023-06-30,through_ocf,True,,,0.045665,0.253043,6.225583,0.008901,-0.108525
2024Q4,2024-10-29,MCY,64996,MERCURY GENERAL CORPORATION,$2B-$10B,,3254998000,Revenues,USD,2024-10-29,10-Q,2023-09-30,-95058000,NetIncomeLoss,USD,2024-10-29,10-Q,2023-09-30,7103397000,Assets,USD,2024-10-29,10-Q,2023-12-31,121404000,NetCashProvidedByUsedInFinancingActivities,USD,2024-10-29,10-Q,2023-09-30,-184910000,NetCashProvidedByUsedInInvestingActivities,USD,2024-10-29,10-Q,2023-09-30,227666000,NetCashProvidedByUsedInOperatingActivities,USD,2024-10-29,10-Q,2023-09-30,through_ocf,True,,,-0.029204,0.069944,2.182305,0.037298,-0.056808
2024Q4,2024-12-09,MDB,1441816,"MONGODB, INC.",$500M-$1B,,792071000,RevenueFromContractWithCustomerExcludingAssessedTax,USD,2024-08-30,10-Q,2023-07-31,-54246000,NetIncomeLoss,USD,2024-08-30,10-Q,2023-04-30,2869642000,Assets,USD,2024-08-30,10-Q,2024-01-31,20587000,NetCashProvidedByUsedInFinancingActivities,USD,2024-08-30,10-Q,2023-07-31,101087000,NetCashProvidedByUsedInInvestingActivities,USD,2024-08-30,10-Q,2023-07-31,28428000,NetCashProvidedByUsedInOperatingActivities,USD,2024-08-30,10-Q,2023-07-31,through_ocf,True,,,-0.068486,0.035891,3.622961,0.025991,0.127624
2024Q4,2024-10-29,MDLZ,1103982,"MONDELEZ INTERNATIONAL, INC.",>$10B,,26702000000,Revenues,USD,2024-10-29,10-Q,2023-09-30,4009000000,NetIncomeLoss,USD,2024-10-29,10-Q,2023-09-30,71391000000,Assets,USD,2024-10-29,10-Q,2023-12-31,-5074000000,NetCashProvidedByUsedInFinancingActivities,USD,2024-10-29,10-Q,2023-09-30,1786000000,NetCashProvidedByUsedInInvestingActivities,USD,2024-10-29,10-Q,2023-09-30,3150000000,NetCashProvidedByUsedInOperatingActivities,USD,2024-10-29,10-Q,2023-09-30,through_ocf,True,,,0.150139,0.117969,2.67362,-0.190023,0.066886
2024Q4,2024-11-05,MEC,1766368,"Mayville Engineering Company, Inc.",$100M-$500M,,281626000,RevenueFromContractWithCustomerExcludingAssessedTax,USD,2024-08-07,10-Q,2023-06-30,2571000,NetIncomeLoss,USD,2024-08-07,10-Q,2023-03-31,496661000,Assets,USD,2024-08-07,10-Q,2023-12-31,102030000,NetCashProvidedByUsedInFinancingActivities,USD,2024-08-07,10-Q,2023-06-30,-6167000,NetCashProvidedByUsedInInvestingActivities,USD,2024-08-07,10-Q,2023-06-30,-5865000,NetCashProvidedByUsedInOperatingActivities,USD,2024-08-07,10-Q,2023-06-30,through_ocf,True,,,0.009129,-0.020825,1.763548,0.362289,-0.021898
2024Q4,2024-11-04,MED,910329,"Medifast, Inc.",$500M-$1B,,881039000,RevenueFromContractWithCustomerExcludingAssessedTax,USD,2024-11-04,10-Q,2023-09-30,39968000,NetIncomeLoss,USD,2024-11-04,10-Q,2023-03-31,309908000,Assets,USD,2024-11-04,10-Q,2023-12-31,-61884000,NetCashProvidedByUsedInFinancingActivities,USD,2024-11-04,10-Q,2023-09-30,-50316000,NetCashProvidedByUsedInInvestingActivities,USD,2024-11-04,10-Q,2023-09-30,137135000,NetCashProvidedByUsedInOperatingActivities,USD,2024-11-04,10-Q,2023-09-30,through_ocf,True,,,0.045365,0.155651,0.351753,-0.07024,-0.05711
2024Q4,2024-11-06,MEG,1643615,"Montrose Environmental Group, Inc.",$100M-$500M,,290529000,RevenueFromContractWithCustomerExcludingAssessedTax,USD,2024-08-07,10-Q,2023-06-30,-14719000,NetIncomeLoss,USD,2024-08-07,10-Q,2023-03-31,816786000,Assets,USD,2024-08-07,10-Q,2023-12-31,-3959000,NetCashProvidedByUsedInFinancingActivities,USD,2024-08-07,10-Q,2023-06-30,-86983000,NetCashProvidedByUsedInInvestingActivities,USD,2024-08-07,10-Q,2023-06-30,24512000,NetCashProvidedByUsedInOperatingActivities,USD,2024-08-07,10-Q,2023-06-30,through_ocf,True,,,-0.050663,0.08437,2.811375,-0.013627,-0.299395
2024Q4,2024-12-05,MEI,65270,"METHODE ELECTRONICS, INC.",$500M-$1B,,577700000,RevenueFromContractWithCustomerExcludingAssessedTax,USD,2024-12-05,10-Q,2023-10-28,-54400000,NetIncomeLoss,USD,2024-12-05,10-Q,2023-10-28,1403500000,Assets,USD,2024-12-05,10-Q,2024-04-27,1900000,NetCashProvidedByUsedInFinancingActivities,USD,2024-12-05,10-Q,2023-10-28,-22300000,NetCashProvidedByUsedInInvestingActivities,USD,2024-12-05,10-Q,2023-10-28,-6200000,NetCashProvidedByUsedInOperatingActivities,USD,2024-12-05,10-Q,2023-10-28,through_ocf,True,,,-0.094167,-0.010732,2.429462,0.003289,-0.038601
2024Q4,2024-11-06,MELI,1099590,"MercadoLibre, Inc.",$2B-$10B,,3186000000,Revenues,USD,2024-08-02,10-Q,2023-03-31,201000000,NetIncomeLoss,USD,2024-08-02,10-Q,2023-03-31,17646000000,Assets,USD,2024-08-02,10-Q,2023-12-31,-472000000,NetCashProvidedByUsedInFinancingActivities,USD,2024-08-02,10-Q,2023-06-30,-1206000000,NetCashProvidedByUsedInInvestingActivities,USD,2024-08-02,10-Q,2023-06-30,2271000000,NetCashProvidedByUsedInOperatingActivities,USD,2024-08-02,10-Q,2023-06-30,through_ocf,True,,,0.063089,0.712806,5.538606,-0.148148,-0.378531
2024Q4,2024-10-17,MERC,1333274,MERCER INTERNATIONAL INC.,$1B-$2B,,1052529000,RevenueFromContractWithCustomerExcludingAssessedTax,USD,2024-08-08,10-Q,2023-06-30,-128884000,NetIncomeLoss,USD,2024-08-08,10-Q,2023-06-30,2662578000,Assets,USD,2024-08-08,10-Q,2023-12-31,45409000,NetCashProvidedByUsedInFinancingActivities,USD,2024-08-08,10-Q,2023-06-30,-150376000,NetCashProvidedByUsedInInvestingActivities,USD,2024-08-08,10-Q,2023-06-30,-34952000,NetCashProvidedByUsedInOperatingActivities,USD,2024-08-08,10-Q,2023-06-30,through_ocf,True,,,-0.122452,-0.033208,2.529696,0.043143,-0.142871
2024Q4,2024-10-30,MG,1436126,"Mistras Group, Inc.",$100M-$500M,,344046000,RevenueFromContractWithCustomerExcludingAssessedTax,USD,2024-08-02,10-Q,2023-06-30,-4649000,NetIncomeLoss,USD,2024-08-02,10-Q,2023-06-30,534776000,Assets,USD,2024-08-02,10-Q,2023-12-31,-11187000,NetCashProvidedByUsedInFinancingActivities,USD,2024-08-02,10-Q,2023-06-30,-9811000,NetCashProvidedByUsedInInvestingActivities,USD,2024-08-02,10-Q,2023-06-30,18321000,NetCashProvidedByUsedInOperatingActivities,USD,2024-08-02,10-Q,2023-06-30,through_ocf,True,,,-0.013513,0.053252,1.554374,-0.032516,-0.028517
2024Q4,2024-10-30,MGM,789570,MGM Resorts International,>$10B,,11788686000,RevenueFromContractWithCustomerExcludingAssessedTax,USD,2024-10-30,10-Q,2023-09-30,828720000,NetIncomeLoss,USD,2024-10-30,10-Q,2023-09-30,42368548000,Assets,USD,2024-10-30,10-Q,2023-12-31,-4177097000,NetCashProvidedByUsedInFinancingActivities,USD,2024-10-30,10-Q,2023-09-30,-420554000,NetCashProvidedByUsedInInvestingActivities,USD,2024-10-30,10-Q,2023-09-30,1974839000,NetCashProvidedByUsedInOperatingActivities,USD,2024-10-30,10-Q,2023-09-30,through_ocf,True,,,0.070298,0.16752,3.594001,-0.354331,-0.035674
2024Q4,2024-11-07,MGNI,1595974,"MAGNITE, INC.",$100M-$500M,,432778000,RevenueFromContractWithCustomerExcludingAssessedTax,USD,2024-11-07,10-Q,2023-09-30,-98732000,NetIncomeLoss,USD,2024-11-07,10-Q,2023-03-31,2688806000,Assets,USD,2024-11-07,10-Q,2023-12-31,-115681000,NetCashProvidedByUsedInFinancingActivities,USD,2024-11-07,10-Q,2023-09-30,-25339000,NetCashProvidedByUsedInInvestingActivities,USD,2024-11-07,10-Q,2023-09-30,125282000,NetCashProvidedByUsedInOperatingActivities,USD,2024-11-07,10-Q,2023-09-30,through_ocf,True,,,-0.228135,0.289483,6.212899,-0.267299,-0.05855
2024Q4,2024-10-17,MGPI,835011,"MGP Ingredients, Inc.",$100M-$500M,,410011000,RevenueFromContractWithCustomerExcludingAssessedTax,USD,2024-08-01,10-Q,2023-06-30,63197000,NetIncomeLoss,USD,2024-08-01,10-Q,2023-06-30,1392348000,Assets,USD,2024-08-01,10-Q,2023-12-31,89462000,NetCashProvidedByUsedInFinancingActivities,USD,2024-08-01,10-Q,2023-06-30,-135589000,NetCashProvidedByUsedInInvestingActivities,USD,2024-08-01,10-Q,2023-06-30,20156000,NetCashProvidedByUsedInOperatingActivities,USD,2024-08-01,10-Q,2023-06-30,through_ocf,True,,,0.154135,0.04916,3.39588,0.218194,-0.330696
2024Q4,2024-10-24,MGRC,752714,McGRATH RENTCORP,$500M-$1B,,610254000,Revenues,USD,2024-10-24,10-Q,2023-09-30,71657000,NetIncomeLoss,USD,2024-10-24,10-Q,2023-03-31,2217283000,Assets,USD,2024-10-24,10-Q,2023-12-31,213624000,NetCashProvidedByUsedInFinancingActivities,USD,2024-10-24,10-Q,2023-09-30,-331547000,NetCashProvidedByUsedInInvestingActivities,USD,2024-10-24,10-Q,2023-09-30,118903000,NetCashProvidedByUsedInOperatingActivities,USD,2024-10-24,10-Q,2023-09-30,through_ocf,True,,,0.117422,0.194842,3.633377,0.350058,-0.543293
2024Q4,2024-10-30,MGY,1698990,Magnolia Oil & Gas Corp,$500M-$1B,,588674000,Revenues,USD,2024-08-01,10-Q,2023-06-30,187826000,NetIncomeLoss,USD,2024-08-01,10-Q,2023-06-30,2756216000,Assets,USD,2024-08-01,10-Q,2023-12-31,-152212000,NetCashProvidedByUsedInFinancingActivities,USD,2024-08-01,10-Q,2023-06-30,-268257000,NetCashProvidedByUsedInInvestingActivities,USD,2024-08-01,10-Q,2023-06-30,421596000,NetCashProvidedByUsedInOperatingActivities,USD,2024-08-01,10-Q,2023-06-30,through_ocf,True,,,0.319066,0.716179,4.682075,-0.258568,-0.455697
2024Q4,2024-10-30,MHO,799292,"M/I HOMES, INC.",$2B-$10B,,2014543000,Revenues,USD,2024-07-31,10-Q,2023-06-30,221067000,NetIncomeLoss,USD,2024-07-31,10-Q,2023-06-30,4022440000,Assets,USD,2024-07-31,10-Q,2023-12-31,-58142000,NetCashProvidedByUsedInFinancingActivities,USD,2024-07-31,10-Q,2023-06-30,-2802000,NetCashProvidedByUsedInInvestingActivities,USD,2024-07-31,10-Q,2023-06-30,417689000,NetCashProvidedByUsedInOperatingActivities,USD,2024-07-31,10-Q,2023-06-30,through_ocf,True,,,0.109736,0.207337,1.996701,-0.028861,-0.001391
2024Q4,2024-10-29,MIR,1809987,"Mirion Technologies, Inc.",$100M-$500M,,379300000,RevenueFromContractWithCustomerExcludingAssessedTax,USD,2024-08-02,10-Q,2023-06-30,-69600000,NetIncomeLoss,USD,2024-08-02,10-Q,2023-06-30,2718500000,Assets,USD,2024-08-02,10-Q,2023-12-31,21800000,NetCashProvidedByUsedInFinancingActivities,USD,2024-08-02,10-Q,2023-06-30,-12900000,NetCashProvidedByUsedInInvestingActivities,USD,2024-08-02,10-Q,2023-06-30,4400000,NetCashProvidedByUsedInOperatingActivities,USD,2024-08-02,10-Q,2023-06-30,through_ocf,True,,,-0.183496,0.0116,7.16715,0.057474,-0.03401
2024Q4,2024-11-06,MKSI,1049502,MKS INC.,$1B-$2B,,1797000000,RevenueFromContractWithCustomerExcludingAssessedTax,USD,2024-08-08,10-Q,2023-06-30,-42000000,NetIncomeLoss,USD,2024-08-08,10-Q,2023-03-31,9118000000,Assets,USD,2024-08-08,10-Q,2023-12-31,-78000000,NetCashProvidedByUsedInFinancingActivities,USD,2024-08-08,10-Q,2023-06-30,-34000000,NetCashProvidedByUsedInInvestingActivities,USD,2024-08-08,10-Q,2023-06-30,-22000000,NetCashProvidedByUsedInOperatingActivities,USD,2024-08-08,10-Q,2023-06-30,through_ocf,True,,,-0.023372,-0.012243,5.074012,-0.043406,-0.01892
2024Q4,2024-11-06,MKTX,1278021,MARKETAXESS HOLDINGS INC.,$500M-$1B,,555299000,RevenueFromContractWithCustomerExcludingAssessedTax,USD,2024-11-06,10-Q,2023-09-30,73628000,NetIncomeLoss,USD,2024-11-06,10-Q,2023-03-31,2015067000,Assets,USD,2024-11-06,10-Q,2023-12-31,-110782000,NetCashProvidedByUsedInFinancingActivities,USD,2024-11-06,10-Q,2023-09-30,-63617000,NetCashProvidedByUsedInInvestingActivities,USD,2024-11-06,10-Q,2023-09-30,192082000,NetCashProvidedByUsedInOperatingActivities,USD,2024-11-06,10-Q,2023-09-30,through_ocf,True,,,0.132592,0.345907,3.628796,-0.1995,-0.114564
2024Q4,2024-12-18,MLKN,66382,"MillerKnoll, Inc.",$500M-$1B,,917700000,RevenueFromContractWithCustomerExcludingAssessedTax,USD,2024-10-09,10-Q,2023-09-02,16700000,NetIncomeLoss,USD,2024-10-09,10-Q,2023-09-02,4043600000,Assets,USD,2024-10-09,10-Q,2024-06-01,-111100000,NetCashProvidedByUsedInFinancingActivities,USD,2024-10-09,10-Q,2023-09-02,-26300000,NetCashProvidedByUsedInInvestingActivities,USD,2024-10-09,10-Q,2023-09-02,130900000,NetCashProvidedByUsedInOperatingActivities,USD,2024-10-09,10-Q,2023-09-02,through_ocf,True,,,0.018198,0.142639,4.406233,-0.121064,-0.028659
2024Q4,2024-10-30,MLM,916076,"Martin Marietta Materials, Inc.",$2B-$10B,,5169000000,RevenueFromContractWithCustomerExcludingAssessedTax,USD,2024-10-30,10-Q,2023-09-30,886000000,NetIncomeLoss,USD,2024-10-30,10-Q,2023-09-30,15125000000,Assets,USD,2024-10-30,10-Q,2023-12-31,-1010000000,NetCashProvidedByUsedInFinancingActivities,USD,2024-10-30,10-Q,2023-09-30,326000000,NetCashProvidedByUsedInInvestingActivities,USD,2024-10-30,10-Q,2023-09-30,973000000,NetCashProvidedByUsedInOperatingActivities,USD,2024-10-30,10-Q,2023-09-30,through_ocf,True,,,0.171406,0.188238,2.926098,-0.195396,0.063068
2024Q4,2024-11-12,MLR,924822,"MILLER INDUSTRIES, INC.",$100M-$500M,,148933000,SalesRevenueNet,USD,2018-05-09,10-Q,2017-03-31,9220000,NetIncomeLoss,USD,2024-11-12,10-Q,2023-03-31,647210000,Assets,USD,2024-11-12,10-Q,2023-12-31,8822000,NetCashProvidedByUsedInFinancingActivities,USD,2024-11-12,10-Q,2023-09-30,-27508000,NetCashProvidedByUsedInInvestingActivities,USD,2024-11-12,10-Q,2023-09-30,4213000,NetCashProvidedByUsedInOperatingActivities,USD,2024-11-12,10-Q,2023-09-30,through_ocf,True,,,0.061907,0.028288,4.345645,0.059235,-0.184701
2024Q4,2024-11-08,MMI,1578732,"MARCUS & MILLICHAP, INC.",$100M-$500M,,479684000,RevenueFromContractWithCustomerExcludingAssessedTax,USD,2024-11-08,10-Q,2023-09-30,-23802000,NetIncomeLoss,USD,2024-11-08,10-Q,2023-09-30,878411000,Assets,USD,2024-11-08,10-Q,2023-12-31,-53318000,NetCashProvidedByUsedInFinancingActivities,USD,2024-11-08,10-Q,2023-09-30,128733000,NetCashProvidedByUsedInInvestingActivities,USD,2024-11-08,10-Q,2023-09-30,-87114000,NetCashProvidedByUsedInOperatingActivities,USD,2024-11-08,10-Q,2023-09-30,through_ocf,True,,,-0.04962,-0.181607,1.831228,-0.111152,0.26837
2024Q4,2024-11-20,MMS,1032220,"Maximus, Inc.",$2B-$10B,,3644775000,RevenueFromContractWithCustomerExcludingAssessedTax,USD,2024-08-08,10-Q,2023-06-30,39995000,NetIncomeLoss,USD,2024-08-08,10-Q,2022-12-31,3985797000,Assets,USD,2024-08-08,10-Q,2023-09-30,-168849000,NetCashProvidedByUsedInFinancingActivities,USD,2024-08-08,10-Q,2023-06-30,-49739000,NetCashProvidedByUsedInInvestingActivities,USD,2024-08-08,10-Q,2023-06-30,169751000,NetCashProvidedByUsedInOperatingActivities,USD,2024-08-08,10-Q,2023-06-30,through_ocf,True,,,0.010973,0.046574,1.093565,-0.046326,-0.013647
2024Q4,2024-10-30,MMSI,856982,MERIT MEDICAL SYSTEMS INC,$500M-$1B,,932851000,RevenueFromContractWithCustomerExcludingAssessedTax,USD,2024-10-30,10-Q,2023-09-30,20703000,NetIncomeLoss,USD,2024-10-30,10-Q,2023-03-31,2325244000,Assets,USD,2024-10-30,10-Q,2023-12-31,86456000,NetCashProvidedByUsedInFinancingActivities,USD,2024-10-30,10-Q,2023-09-30,-167004000,NetCashProvidedByUsedInInvestingActivities,USD,2024-10-30,10-Q,2023-09-30,82900000,NetCashProvidedByUsedInOperatingActivities,USD,2024-10-30,10-Q,2023-09-30,through_ocf,True,,,0.022193,0.088867,2.492621,0.092679,-0.179025
2024Q4,2024-10-30,MNRO,876427,"MONRO, INC.",$500M-$1B,,649059000,RevenueFromContractWithCustomerExcludingAssessedTax,USD,2024-10-30,10-Q,2023-09-23,21701000,NetIncomeLoss,USD,2024-10-30,10-Q,2023-09-23,1692814000,Assets,USD,2024-10-30,10-Q,2024-03-30,-87471000,NetCashProvidedByUsedInFinancingActivities,USD,2024-10-30,10-Q,2023-09-23,-6667000,NetCashProvidedByUsedInInvestingActivities,USD,2024-10-30,10-Q,2023-09-23,98307000,NetCashProvidedByUsedInOperatingActivities,USD,2024-10-30,10-Q,2023-09-23,through_ocf,True,,,0.033435,0.151461,2.608105,-0.134766,-0.010272
2024Q4,2024-11-07,MNST,865752,Monster Beverage Corp,$2B-$10B,,3553891000,RevenueFromContractWithCustomerExcludingAssessedTax,USD,2024-08-08,10-Q,2023-06-30,811315000,ProfitLoss,USD,2024-08-08,10-Q,2023-06-30,9686522000,Assets,USD,2024-08-08,10-Q,2023-12-31,-37820000,NetCashProvidedByUsedInFinancingActivities,USD,2024-08-08,10-Q,2023-06-30,-158209000,NetCashProvidedByUsedInInvestingActivities,USD,2024-08-08,10-Q,2023-06-30,763162000,NetCashProvidedByUsedInOperatingActivities,USD,2024-08-08,10-Q,2023-06-30,through_ocf,True,,,0.228289,0.21474,2.72561,-0.010642,-0.044517
2024Q4,2024-10-31,MO,764180,"ALTRIA GROUP, INC.",>$10B,,18508000000,RevenueFromContractWithCustomerExcludingAssessedTax,USD,2024-10-31,10-Q,2023-09-30,6070000000,NetIncomeLoss,USD,2024-10-31,10-Q,2023-09-30,38570000000,Assets,USD,2024-10-31,10-Q,2023-12-31,-7353000000,NetCashProvidedByUsedInFinancingActivities,USD,2024-10-31,10-Q,2023-09-30,-1217000000,NetCashProvidedByUsedInInvestingActivities,USD,2024-10-31,10-Q,2023-09-30,6060000000,NetCashProvidedByUsedInOperatingActivities,USD,2024-10-31,10-Q,2023-09-30,through_ocf,True,,,0.327966,0.327426,2.083964,-0.397288,-0.065755
2024Q4,2024-10-29,MOD,67347,Modine Manufacturing Company,$500M-$1B,,622400000,RevenueFromContractWithCustomerExcludingAssessedTax,USD,2024-07-31,10-Q,2023-06-30,44800000,NetIncomeLoss,USD,2024-07-31,10-Q,2023-06-30,1851500000,Assets,USD,2024-07-31,10-Q,2024-03-31,3700000,NetCashProvidedByUsedInFinancingActivities,USD,2024-07-31,10-Q,2023-06-30,-18400000,NetCashProvidedByUsedInInvestingActivities,USD,2024-07-31,10-Q,2023-06-30,41700000,NetCashProvidedByUsedInOperatingActivities,USD,2024-07-31,10-Q,2023-06-30,through_ocf,True,,,0.071979,0.066999,2.974775,0.005945,-0.029563
2024Q4,2024-10-23,MORN,1289419,"MORNINGSTAR, INC.",$500M-$1B,,984400000,Revenues,USD,2024-07-26,10-Q,2023-06-30,-7600000,ProfitLoss,USD,2024-07-26,10-Q,2023-03-31,3403400000,Assets,USD,2024-07-26,10-Q,2023-12-31,-54900000,NetCashProvidedByUsedInFinancingActivities,USD,2024-07-26,10-Q,2023-06-30,-27800000,NetCashProvidedByUsedInInvestingActivities,USD,2024-07-26,10-Q,2023-06-30,47900000,NetCashProvidedByUsedInOperatingActivities,USD,2024-07-26,10-Q,2023-06-30,through_ocf,True,,,-0.00772,0.048659,3.457334,-0.05577,-0.028241
2024Q4,2024-11-12,MOS,1285785,The Mosaic Company,>$10B,,10546600000,RevenueFromContractWithCustomerExcludingAssessedTax,USD,2024-11-12,10-Q,2023-09-30,799600000,NetIncomeLoss,USD,2024-11-12,10-Q,2023-09-30,23032800000,Assets,USD,2024-11-12,10-Q,2023-12-31,-1069800000,NetCashProvidedByUsedInFinancingActivities,USD,2024-11-12,10-Q,2023-09-30,-955000000,NetCashProvidedByUsedInInvestingActivities,USD,2024-11-12,10-Q,2023-09-30,1869100000,NetCashProvidedByUsedInOperatingActivities,USD,2024-11-12,10-Q,2023-09-30,through_ocf,True,,,0.075816,0.177223,2.183908,-0.101436,-0.090551
2024Q4,2024-12-05,MOV,72573,"MOVADO GROUP, INC.",$100M-$500M,,492981000,RevenueFromContractWithCustomerExcludingAssessedTax,USD,2024-12-05,10-Q,2023-10-31,34566000,NetIncomeLoss,USD,2024-12-05,10-Q,2023-10-31,763397000,Assets,USD,2024-12-05,10-Q,2023-10-31,-48601000,NetCashProvidedByUsedInFinancingActivities,USD,2024-12-05,10-Q,2023-10-31,-8780000,NetCashProvidedByUsedInInvestingActivities,USD,2024-12-05,10-Q,2023-10-31,7368000,NetCashProvidedByUsedInOperatingActivities,USD,2024-12-05,10-Q,2023-10-31,through_ocf,True,,,0.070116,0.014946,1.548532,-0.098586,-0.01781
2024Q4,2024-11-12,MPAA,918251,"MOTORCAR PARTS OF AMERICA, INC.",$100M-$500M,,356344000,RevenueFromContractWithCustomerExcludingAssessedTax,USD,2024-11-12,10-Q,2023-09-30,-1410000,NetIncomeLoss,USD,2024-11-12,10-Q,2023-06-30,1012002000,Assets,USD,2024-11-12,10-Q,2024-03-31,4008000,NetCashProvidedByUsedInFinancingActivities,USD,2024-11-12,10-Q,2023-09-30,-108000,NetCashProvidedByUsedInInvestingActivities,USD,2024-11-12,10-Q,2023-09-30,-5170000,NetCashProvidedByUsedInOperatingActivities,USD,2024-11-12,10-Q,2023-09-30,through_ocf,True,,,-0.003957,-0.014508,2.839958,0.011248,-0.000303
2024Q4,2024-11-04,MQ,1522540,"Marqeta, Inc.",$500M-$1B,,557349000,RevenueFromContractWithCustomerExcludingAssessedTax,USD,2024-11-04,10-Q,2023-09-30,-68801000,NetIncomeLoss,USD,2024-11-04,10-Q,2023-03-31,1589691000,Assets,USD,2024-11-04,10-Q,2023-12-31,-197283000,NetCashProvidedByUsedInFinancingActivities,USD,2024-11-04,10-Q,2023-09-30,-43396000,NetCashProvidedByUsedInInvestingActivities,USD,2024-11-04,10-Q,2023-09-30,4582000,NetCashProvidedByUsedInOperatingActivities,USD,2024-11-04,10-Q,2023-09-30,through_ocf,True,,,-0.123443,0.008221,2.852236,-0.353967,-0.077861
2024Q4,2024-11-05,MRCY,1049521,"MERCURY SYSTEMS, INC.",$100M-$500M,,180991000,Revenues,USD,2024-11-05,10-Q,2023-09-29,-36708000,NetIncomeLoss,USD,2024-11-05,10-Q,2023-09-29,2378905000,Assets,USD,2024-11-05,10-Q,2024-06-28,65000000,NetCashProvidedByUsedInFinancingActivities,USD,2024-11-05,10-Q,2023-09-29,-8015000,NetCashProvidedByUsedInInvestingActivities,USD,2024-11-05,10-Q,2023-09-29,-39068000,NetCashProvidedByUsedInOperatingActivities,USD,2024-11-05,10-Q,2023-09-29,through_ocf,True,,,-0.202817,-0.215856,13.143775,0.359134,-0.044284
2024Q4,2024-11-07,MRNA,1682852,"MODERNA, INC.",$2B-$10B,,4037000000,RevenueFromContractWithCustomerExcludingAssessedTax,USD,2024-11-07,10-Q,2023-09-30,-4931000000,NetIncomeLoss,USD,2024-11-07,10-Q,2023-09-30,18426000000,Assets,USD,2024-11-07,10-Q,2023-12-31,-1268000000,NetCashProvidedByUsedInFinancingActivities,USD,2024-11-07,10-Q,2023-09-30,4744000000,NetCashProvidedByUsedInInvestingActivities,USD,2024-11-07,10-Q,2023-09-30,-3740000000,NetCashProvidedByUsedInOperatingActivities,USD,2024-11-07,10-Q,2023-09-30,through_ocf,True,,,-1.221452,-0.926431,4.56428,-0.314095,1.17513
2024Q4,2024-10-17,MRSH,62709,"Marsh & McLennan Companies, Inc.",>$10B,,17182000000,RevenueFromContractWithCustomerExcludingAssessedTax,USD,2024-10-17,10-Q,2023-09-30,3000000000,NetIncomeLoss,USD,2024-10-17,10-Q,2023-09-30,48030000000,Assets,USD,2024-10-17,10-Q,2023-12-31,1215000000,NetCashProvidedByUsedInFinancingActivities,USD,2024-10-17,10-Q,2023-09-30,-943000000,NetCashProvidedByUsedInInvestingActivities,USD,2024-10-17,10-Q,2023-09-30,2475000000,NetCashProvidedByUsedInOperatingActivities,USD,2024-10-17,10-Q,2023-09-30,through_ocf,True,,,0.174601,0.144046,2.795367,0.070714,-0.054883
2024Q4,2024-12-03,MRVL,1835632,"Marvell Technology, Inc.",$2B-$10B,,2662600000,RevenueFromContractWithCustomerExcludingAssessedTax,USD,2024-08-30,10-Q,2023-07-29,-168900000,NetIncomeLoss,USD,2024-08-30,10-Q,2023-04-29,21228500000,Assets,USD,2024-08-30,10-Q,2024-02-03,-588800000,NetCashProvidedByUsedInFinancingActivities,USD,2024-08-30,10-Q,2023-07-29,-219700000,NetCashProvidedByUsedInInvestingActivities,USD,2024-08-30,10-Q,2023-07-29,320900000,NetCashProvidedByUsedInOperatingActivities,USD,2024-08-30,10-Q,2023-07-29,through_ocf,True,,,-0.063434,0.120521,7.972846,-0.221137,-0.082513
2024Q4,2024-10-29,MSCI,1408198,MSCI INC.,$1B-$2B,,1213375000,RevenueFromContractWithCustomerExcludingAssessedTax,USD,2024-07-23,10-Q,2023-06-30,238728000,NetIncomeLoss,USD,2024-07-23,10-Q,2023-03-31,5518219000,Assets,USD,2024-07-23,10-Q,2023-12-31,-712052000,NetCashProvidedByUsedInFinancingActivities,USD,2024-07-23,10-Q,2023-06-30,-48430000,NetCashProvidedByUsedInInvestingActivities,USD,2024-07-23,10-Q,2023-06-30,555945000,NetCashProvidedByUsedInOperatingActivities,USD,2024-07-23,10-Q,2023-06-30,through_ocf,True,,,0.196747,0.458181,4.547827,-0.586836,-0.039913
2024Q4,2024-11-08,MSGE,0001952073,MADISON SQUARE GARDEN ENTERTAINMENT CORP.,$100M-$500M,,142212000,Revenues,USD,2024-11-08,10-Q,2023-09-30,-50671000,NetIncomeLoss,USD,2024-11-08,10-Q,2023-09-30,1552707000,Assets,USD,2024-11-08,10-Q,2024-06-30,9273000,NetCashProvidedByUsedInFinancingActivities,USD,2024-11-08,10-Q,2023-09-30,-55490000,NetCashProvidedByUsedInInvestingActivities,USD,2024-11-08,10-Q,2023-09-30,1378000,NetCashProvidedByUsedInOperatingActivities,USD,2024-11-08,10-Q,2023-09-30,through_ocf,True,,,-0.356306,0.00969,10.918256,0.065205,-0.390192
2024Q4,2024-11-07,MSI,68505,"Motorola Solutions, Inc.",$2B-$10B,,7129000000,RevenueFromContractWithCustomerExcludingAssessedTax,USD,2024-11-07,10-Q,2023-09-30,1113000000,NetIncomeLoss,USD,2024-11-07,10-Q,2023-09-30,13336000000,Assets,USD,2024-11-07,10-Q,2023-12-31,-1043000000,NetCashProvidedByUsedInFinancingActivities,USD,2024-11-07,10-Q,2023-09-30,-172000000,NetCashProvidedByUsedInInvestingActivities,USD,2024-11-07,10-Q,2023-09-30,799000000,NetCashProvidedByUsedInOperatingActivities,USD,2024-11-07,10-Q,2023-09-30,through_ocf,True,,,0.156123,0.112077,1.870669,-0.146304,-0.024127
2024Q4,2024-10-30,MSTR,1050446,STRATEGY INC,$100M-$500M,,242315000,Revenues,USD,2024-08-06,10-Q,2023-06-30,461193000,NetIncomeLoss,USD,2024-08-06,10-Q,2023-03-31,4762528000,Assets,USD,2024-08-06,10-Q,2023-12-31,525911000,NetCashProvidedByUsedInFinancingActivities,USD,2024-08-06,10-Q,2023-06-30,-527416000,NetCashProvidedByUsedInInvestingActivities,USD,2024-08-06,10-Q,2023-06-30,18925000,NetCashProvidedByUsedInOperatingActivities,USD,2024-08-06,10-Q,2023-06-30,through_ocf,True,,,1.903279,0.078101,19.654285,2.170361,-2.176572
2024Q4,2024-10-17,MTB,36270,M&T Bank Corporation,$500M-$1B,,759000000,RevenueFromContractWithCustomerExcludingAssessedTax,USD,2024-08-05,10-Q,2023-06-30,1569000000,NetIncomeLoss,USD,2024-08-05,10-Q,2023-06-30,208264000000,Assets,USD,2024-08-05,10-Q,2023-12-31,5293000000,NetCashProvidedByUsedInFinancingActivities,USD,2024-08-05,10-Q,2023-06-30,-6650000000,NetCashProvidedByUsedInInvestingActivities,USD,2024-08-05,10-Q,2023-06-30,1685000000,NetCashProvidedByUsedInOperatingActivities,USD,2024-08-05,10-Q,2023-06-30,through_ocf,True,,,2.067194,2.220026,274.392622,6.97365,-8.761528
2024Q4,2024-11-06,MTCH,891103,"MATCH GROUP, INC.",$1B-$2B,,1616676000,Revenues,USD,2024-08-01,10-Q,2023-06-30,258036000,ProfitLoss,USD,2024-08-01,10-Q,2023-06-30,4507886000,Assets,USD,2024-08-01,10-Q,2023-12-31,-133744000,NetCashProvidedByUsedInFinancingActivities,USD,2024-08-01,10-Q,2023-06-30,-37368000,NetCashProvidedByUsedInInvestingActivities,USD,2024-08-01,10-Q,2023-06-30,329865000,NetCashProvidedByUsedInOperatingActivities,USD,2024-08-01,10-Q,2023-06-30,through_ocf,True,,,0.159609,0.204039,2.788367,-0.082728,-0.023114
2024Q4,2024-11-07,MTD,1037646,Mettler-Toledo International Inc.,$1B-$2B,,1910855000,Revenues,USD,2024-08-02,10-Q,2023-06-30,188426000,NetIncomeLoss,USD,2024-08-02,10-Q,2022-12-31,3355555000,Assets,USD,2024-08-02,10-Q,2023-12-31,-365062000,NetCashProvidedByUsedInFinancingActivities,USD,2024-08-02,10-Q,2023-06-30,-65298000,NetCashProvidedByUsedInInvestingActivities,USD,2024-08-02,10-Q,2023-06-30,420073000,NetCashProvidedByUsedInOperatingActivities,USD,2024-08-02,10-Q,2023-06-30,through_ocf,True,,,0.098608,0.219835,1.756049,-0.191046,-0.034172
2024Q4,2024-10-29,MTH,833079,MERITAGE HOMES CORPORATION,$2B-$10B,,2361380000,RevenueFromContractWithCustomerExcludingAssessedTax,USD,2022-07-29,10-Q,2021-06-30,131301000,NetIncomeLoss,USD,2024-07-26,10-Q,2023-03-31,6353134000,Assets,USD,2024-07-26,10-Q,2023-12-31,-32063000,NetCashProvidedByUsedInFinancingActivities,USD,2024-07-26,10-Q,2023-06-30,-22140000,NetCashProvidedByUsedInInvestingActivities,USD,2024-07-26,10-Q,2023-06-30,355885000,NetCashProvidedByUsedInOperatingActivities,USD,2024-07-26,10-Q,2023-06-30,through_ocf,True,,,0.055604,0.150711,2.690433,-0.013578,-0.009376
2024Q4,2024-10-30,MTRN,1104657,MATERION CORPORATION,$1B-$2B,,1244144000,RevenueFromContractWithCustomerExcludingAssessedTax,USD,2024-10-30,10-Q,2023-09-29,76234000,NetIncomeLoss,USD,2024-10-30,10-Q,2023-09-29,1762726000,Assets,USD,2024-10-30,10-Q,2023-12-31,13735000,NetCashProvidedByUsedInFinancingActivities,USD,2024-10-30,10-Q,2023-09-29,-94160000,NetCashProvidedByUsedInInvestingActivities,USD,2024-10-30,10-Q,2023-09-29,84505000,NetCashProvidedByUsedInOperatingActivities,USD,2024-10-30,10-Q,2023-09-29,through_ocf,True,,,0.061274,0.067922,1.416818,0.01104,-0.075683
2024Q4,2024-11-06,MTRX,866273,MATRIX SERVICE CO,$500M-$1B,,707780000,Revenues,USD,2024-09-10,10-K,2022-06-30,-63900000,NetIncomeLoss,USD,2024-09-10,10-K,2022-06-30,440793000,Assets,USD,2024-09-10,10-K,2022-06-30,12699000,NetCashProvidedByUsedInFinancingActivities,USD,2024-09-10,10-K,2022-06-30,35673000,NetCashProvidedByUsedInInvestingActivities,USD,2024-09-10,10-K,2022-06-30,-54196000,NetCashProvidedByUsedInOperatingActivities,USD,2024-09-10,10-K,2022-06-30,through_ocf,True,,,-0.090282,-0.076572,0.622783,0.017942,0.050401
2024Q4,2024-11-07,MTSI,1493594,"MACOM Technology Solutions Holdings, Inc.",$100M-$500M,,498032000,Revenues,USD,2024-08-01,10-Q,2023-06-30,67127000,NetIncomeLoss,USD,2024-08-01,10-Q,2023-06-30,1553244000,Assets,USD,2024-08-01,10-Q,2023-09-29,-27795000,NetCashProvidedByUsedInFinancingActivities,USD,2024-08-01,10-Q,2023-06-30,-87361000,NetCashProvidedByUsedInInvestingActivities,USD,2024-08-01,10-Q,2023-06-30,116563000,NetCashProvidedByUsedInOperatingActivities,USD,2024-08-01,10-Q,2023-06-30,through_ocf,True,,,0.134785,0.234047,3.118763,-0.05581,-0.175412
2024Q4,2024-11-07,MTUS,1598428,METALLUS INC.,$1B-$2B,,1034300000,RevenueFromContractWithCustomerExcludingAssessedTax,USD,2024-11-07,10-Q,2023-09-30,14400000,NetIncomeLoss,USD,2024-11-07,10-Q,2023-03-31,1175300000,Assets,USD,2024-11-07,10-Q,2023-12-31,-48200000,NetCashProvidedByUsedInFinancingActivities,USD,2024-11-07,10-Q,2023-09-30,-34500000,NetCashProvidedByUsedInInvestingActivities,USD,2024-11-07,10-Q,2023-09-30,51200000,NetCashProvidedByUsedInOperatingActivities,USD,2024-11-07,10-Q,2023-09-30,through_ocf,True,,,0.013922,0.049502,1.136324,-0.046602,-0.033356
2024Q4,2024-10-30,MTW,61986,"The Manitowoc Company, Inc.",$1B-$2B,,1111100000,RevenueFromContractWithCustomerExcludingAssessedTax,USD,2024-08-08,10-Q,2023-06-30,36700000,NetIncomeLoss,USD,2024-08-08,10-Q,2023-06-30,1706700000,Assets,USD,2024-08-08,10-Q,2023-12-31,-4400000,NetCashProvidedByUsedInFinancingActivities,USD,2024-08-08,10-Q,2023-06-30,-31200000,NetCashProvidedByUsedInInvestingActivities,USD,2024-08-08,10-Q,2023-06-30,-3100000,NetCashProvidedByUsedInOperatingActivities,USD,2024-08-08,10-Q,2023-06-30,through_ocf,True,,,0.03303,-0.00279,1.536045,-0.00396,-0.02808
2024Q4,2024-10-24,MTX,891014,MINERALS TECHNOLOGIES INC.,$1B-$2B,,1097600000,RevenueFromContractWithCustomerExcludingAssessedTax,USD,2024-07-26,10-Q,2023-07-02,63600000,NetIncomeLoss,USD,2024-07-26,10-Q,2023-07-02,3346600000,Assets,USD,2024-07-26,10-Q,2023-12-31,-26000000,NetCashProvidedByUsedInFinancingActivities,USD,2024-07-26,10-Q,2023-07-02,-49300000,NetCashProvidedByUsedInInvestingActivities,USD,2024-07-26,10-Q,2023-07-02,79200000,NetCashProvidedByUsedInOperatingActivities,USD,2024-07-26,10-Q,2023-07-02,through_ocf,True,,,0.057945,0.072157,3.049016,-0.023688,-0.044916
2024Q4,2024-11-07,MUR,717423,MURPHY OIL CORPORATION,$2B-$10B,,2615949000,Revenues,USD,2024-11-07,10-Q,2023-09-30,545273000,NetIncomeLoss,USD,2024-11-07,10-Q,2023-09-30,9766697000,Assets,USD,2024-11-07,10-Q,2023-12-31,-547359000,NetCashProvidedByUsedInFinancingActivities,USD,2024-11-07,10-Q,2023-09-30,-822155000,NetCashProvidedByUsedInInvestingActivities,USD,2024-11-07,10-Q,2023-09-30,686282000,NetCashProvidedByUsedInOperatingActivities,USD,2022-08-04,10-Q,2021-06-30,through_ocf,True,,,0.208442,0.262345,3.73352,-0.209239,-0.314286
2024Q4,2024-11-06,MWA,1350593,"MUELLER WATER PRODUCTS, INC.",$500M-$1B,,974300000,Revenues,USD,2024-08-06,10-Q,2023-06-30,22500000,NetIncomeLoss,USD,2024-08-06,10-Q,2022-12-31,1505000000,Assets,USD,2024-08-06,10-Q,2023-09-30,-29200000,NetCashProvidedByUsedInFinancingActivities,USD,2024-08-06,10-Q,2023-06-30,-27300000,NetCashProvidedByUsedInInvestingActivities,USD,2024-08-06,10-Q,2023-06-30,52500000,NetCashProvidedByUsedInOperatingActivities,USD,2024-08-06,10-Q,2023-06-30,through_ocf,True,,,0.023094,0.053885,1.544699,-0.02997,-0.02802
2024Q4,2024-10-23,MXL,1288469,"MaxLinear, Inc.",$500M-$1B,,567910000,RevenueFromContractWithCustomerExcludingAssessedTax,USD,2024-10-23,10-Q,2023-09-30,9533000,NetIncomeLoss,USD,2024-10-23,10-Q,2023-03-31,1080257000,Assets,USD,2024-10-23,10-Q,2023-12-31,-27527000,NetCashProvidedByUsedInFinancingActivities,USD,2024-10-23,10-Q,2023-09-30,-30762000,NetCashProvidedByUsedInInvestingActivities,USD,2024-10-23,10-Q,2023-09-30,59945000,NetCashProvidedByUsedInOperatingActivities,USD,2024-10-23,10-Q,2023-09-30,through_ocf,True,,,0.016786,0.105554,1.902162,-0.048471,-0.054167
2024Q4,2024-11-04,MYE,69488,"MYERS INDUSTRIES, INC.",$500M-$1B,,621990000,RevenueFromContractWithCustomerExcludingAssessedTax,USD,2024-11-04,10-Q,2023-09-30,36328000,NetIncomeLoss,USD,2024-11-04,10-Q,2023-09-30,541631000,Assets,USD,2024-11-04,10-Q,2023-12-31,-49776000,NetCashProvidedByUsedInFinancingActivities,USD,2024-11-04,10-Q,2023-09-30,-19310000,NetCashProvidedByUsedInInvestingActivities,USD,2024-11-04,10-Q,2023-09-30,70772000,NetCashProvidedByUsedInOperatingActivities,USD,2024-11-04,10-Q,2023-09-30,through_ocf,True,,,0.058406,0.113783,0.870803,-0.080027,-0.031046
2024Q4,2024-10-09,MYGN,899923,"MYRIAD GENETICS, INC.",$100M-$500M,,364700000,RevenueFromContractWithCustomerExcludingAssessedTax,USD,2024-08-07,10-Q,2023-06-30,-54700000,NetIncomeLoss,USD,2024-08-07,10-Q,2023-03-31,1146500000,Assets,USD,2024-08-07,10-Q,2023-12-31,33500000,NetCashProvidedByUsedInFinancingActivities,USD,2024-08-07,10-Q,2023-06-30,46400000,NetCashProvidedByUsedInInvestingActivities,USD,2024-08-07,10-Q,2023-06-30,-34100000,NetCashProvidedByUsedInOperatingActivities,USD,2024-08-07,10-Q,2023-06-30,through_ocf,True,,,-0.149986,-0.093502,3.14368,0.091856,0.127228
2024Q4,2024-10-31,MZTI,57515,MARZETTI CO,$100M-$500M,,461572000,RevenueFromContractWithCustomerExcludingAssessedTax,USD,2024-10-31,10-Q,2023-09-30,43951000,NetIncomeLoss,USD,2024-10-31,10-Q,2023-09-30,1206931000,Assets,USD,2024-10-31,10-Q,2024-06-30,-30599000,NetCashProvidedByUsedInFinancingActivities,USD,2024-10-31,10-Q,2023-09-30,-19743000,NetCashProvidedByUsedInInvestingActivities,USD,2024-10-31,10-Q,2023-09-30,35615000,NetCashProvidedByUsedInOperatingActivities,USD,2024-10-31,10-Q,2023-09-30,through_ocf,True,,,0.09522,0.07716,2.614827,-0.066293,-0.042773
2024Q4,2024-11-12,NATL,0001974138,NCR ATLEOS CORPORATION,$2B-$10B,,3093000000,RevenueFromContractWithCustomerExcludingAssessedTax,USD,2024-11-12,10-Q,2023-09-30,31000000,NetIncomeLoss,USD,2024-11-12,10-Q,2023-09-30,5716000000,Assets,USD,2024-11-12,10-Q,2023-12-31,2129000000,NetCashProvidedByUsedInFinancingActivities,USD,2024-11-12,10-Q,2023-09-30,-269000000,NetCashProvidedByUsedInInvestingActivities,USD,2024-11-12,10-Q,2023-09-30,347000000,NetCashProvidedByUsedInOperatingActivities,USD,2024-11-12,10-Q,2023-09-30,through_ocf,True,,,0.010023,0.112189,1.848044,0.688328,-0.086971
2024Q4,2024-11-07,NATR,275053,"NATURE’S SUNSHINE PRODUCTS, INC.",$100M-$500M,,336384000,RevenueFromContractWithCustomerExcludingAssessedTax,USD,2024-11-07,10-Q,2023-09-30,6114000,NetIncomeLoss,USD,2024-11-07,10-Q,2023-09-30,249773000,Assets,USD,2024-11-07,10-Q,2023-12-31,-3365000,NetCashProvidedByUsedInFinancingActivities,USD,2024-11-07,10-Q,2023-09-30,-9230000,NetCashProvidedByUsedInInvestingActivities,USD,2024-11-07,10-Q,2023-09-30,31628000,NetCashProvidedByUsedInOperatingActivities,USD,2024-11-07,10-Q,2023-09-30,through_ocf,True,,,0.018176,0.094023,0.742523,-0.010003,-0.027439
2024Q4,2024-10-30,NBIX,914475,"NEUROCRINE BIOSCIENCES, INC.",$1B-$2B,,1371900000,RevenueFromContractWithCustomerExcludingAssessedTax,USD,2024-10-30,10-Q,2023-09-30,102000000,NetIncomeLoss,USD,2024-10-30,10-Q,2023-09-30,3251400000,Assets,USD,2024-10-30,10-Q,2023-12-31,29900000,NetCashProvidedByUsedInFinancingActivities,USD,2024-10-30,10-Q,2023-09-30,-265300000,NetCashProvidedByUsedInInvestingActivities,USD,2024-10-30,10-Q,2023-09-30,266400000,NetCashProvidedByUsedInOperatingActivities,USD,2024-10-30,10-Q,2023-09-30,through_ocf,True,,,0.074349,0.194183,2.369998,0.021795,-0.193381
2024Q4,2024-10-22,NBR,1163739,NABORS INDUSTRIES LTD.,$1B-$2B,,1546206000,RevenueFromContractWithCustomerExcludingAssessedTax,USD,2024-07-26,10-Q,2023-06-30,53835000,NetIncomeLoss,USD,2024-07-26,10-Q,2023-06-30,5277965000,Assets,USD,2024-07-26,10-Q,2023-12-31,-247364000,NetCashProvidedByUsedInFinancingActivities,USD,2024-07-26,10-Q,2023-06-30,-282974000,NetCashProvidedByUsedInInvestingActivities,USD,2024-07-26,10-Q,2023-06-30,322516000,NetCashProvidedByUsedInOperatingActivities,USD,2024-07-26,10-Q,2023-06-30,through_ocf,True,,,0.034817,0.208585,3.413494,-0.159981,-0.183012
2024Q4,2024-10-28,NBTB,790359,NBT Bancorp Inc.,$100M-$500M,,151011000,RevenueFromContractWithCustomerExcludingAssessedTax,USD,2024-02-29,10-K,2021-12-31,63730000,NetIncomeLoss,USD,2024-08-09,10-Q,2023-06-30,13309040000,Assets,USD,2024-08-09,10-Q,2023-12-31,96325000,NetCashProvidedByUsedInFinancingActivities,USD,2024-08-09,10-Q,2023-06-30,-158958000,NetCashProvidedByUsedInInvestingActivities,USD,2024-08-09,10-Q,2023-06-30,67171000,NetCashProvidedByUsedInOperatingActivities,USD,2024-08-09,10-Q,2023-06-30,through_ocf,True,,,0.422022,0.444809,88.132917,0.637867,-1.052625
2024Q4,2024-12-04,NCNO,0001902733,"nCino, Inc.",$100M-$500M,,352850000,RevenueFromContractWithCustomerExcludingAssessedTax,USD,2024-12-04,10-Q,2023-10-31,-43506000,NetIncomeLoss,USD,2024-12-04,10-Q,2023-10-31,1340430000,Assets,USD,2024-12-04,10-Q,2024-01-31,-24031000,NetCashProvidedByUsedInFinancingActivities,USD,2024-12-04,10-Q,2023-10-31,-5939000,NetCashProvidedByUsedInInvestingActivities,USD,2024-12-04,10-Q,2023-10-31,49137000,NetCashProvidedByUsedInOperatingActivities,USD,2024-12-04,10-Q,2023-10-31,through_ocf,True,,,-0.123299,0.139257,3.798866,-0.068105,-0.016832
2024Q4,2024-10-24,NDAQ,1120193,"Nasdaq, Inc.",$2B-$10B,,2966000000,RevenueFromContractWithCustomerExcludingAssessedTax,USD,2024-08-06,10-Q,2023-06-30,568000000,NetIncomeLoss,USD,2024-08-06,10-Q,2023-06-30,32294000000,Assets,USD,2024-08-06,10-Q,2023-12-31,4416000000,NetCashProvidedByUsedInFinancingActivities,USD,2024-08-06,10-Q,2023-06-30,-292000000,NetCashProvidedByUsedInInvestingActivities,USD,2024-08-06,10-Q,2023-06-30,979000000,NetCashProvidedByUsedInOperatingActivities,USD,2024-08-06,10-Q,2023-06-30,through_ocf,True,,,0.191504,0.330074,10.888065,1.488874,-0.098449
2024Q4,2024-11-06,NDLS,1275158,NOODLES & COMPANY,$100M-$500M,,251231000,RevenueFromContractWithCustomerExcludingAssessedTax,USD,2024-08-08,10-Q,2023-07-04,-4419000,NetIncomeLoss,USD,2024-08-08,10-Q,2023-07-04,368095000,Assets,USD,2024-08-08,10-Q,2024-01-02,15046000,NetCashProvidedByUsedInFinancingActivities,USD,2024-08-08,10-Q,2023-07-04,-23813000,NetCashProvidedByUsedInInvestingActivities,USD,2024-08-08,10-Q,2023-07-04,10386000,NetCashProvidedByUsedInOperatingActivities,USD,2024-08-08,10-Q,2023-07-04,through_ocf,True,,,-0.017589,0.04134,1.465166,0.059889,-0.094785
2024Q4,2024-12-11,NDSN,72331,NORDSON CORPORATION,$1B-$2B,,1909319000,RevenueFromContractWithCustomerExcludingAssessedTax,USD,2024-08-22,10-Q,2023-07-31,104261000,NetIncomeLoss,USD,2024-08-22,10-Q,2023-01-31,5251770000,Assets,USD,2024-08-22,10-Q,2023-10-31,-102074000,NetCashProvidedByUsedInFinancingActivities,USD,2024-08-22,10-Q,2023-07-31,-401996000,NetCashProvidedByUsedInInvestingActivities,USD,2024-08-22,10-Q,2023-07-31,478072000,NetCashProvidedByUsedInOperatingActivities,USD,2024-08-22,10-Q,2023-07-31,through_ocf,True,,,0.054606,0.250389,2.750599,-0.053461,-0.210544
2024Q4,2024-11-05,NE,0001895262,Noble Corporation plc,$1B-$2B,,1248589000,RevenueFromContractWithCustomerExcludingAssessedTax,USD,2024-08-01,10-Q,2023-06-30,173879000,NetIncomeLoss,USD,2024-08-01,10-Q,2023-06-30,5507437000,Assets,USD,2024-08-01,10-Q,2023-12-31,-202275000,NetCashProvidedByUsedInFinancingActivities,USD,2024-08-01,10-Q,2023-06-30,-169530000,NetCashProvidedByUsedInInvestingActivities,USD,2024-08-01,10-Q,2023-06-30,148080000,NetCashProvidedByUsedInOperatingActivities,USD,2024-08-01,10-Q,2023-06-30,through_ocf,True,,,0.13926,0.118598,4.410929,-0.162003,-0.135777
2024Q4,2024-10-23,NEM,1164727,NEWMONT CORPORATION,$2B-$10B,,5362000000,RevenueFromContractWithCustomerExcludingAssessedTax,USD,2024-07-25,10-Q,2023-06-30,506000000,NetIncomeLoss,USD,2024-07-25,10-Q,2023-06-30,55506000000,Assets,USD,2024-07-25,10-Q,2023-12-31,-684000000,NetCashProvidedByUsedInFinancingActivities,USD,2024-07-25,10-Q,2023-06-30,-500000000,NetCashProvidedByUsedInInvestingActivities,USD,2024-07-25,10-Q,2023-06-30,1144000000,NetCashProvidedByUsedInOperatingActivities,USD,2024-07-25,10-Q,2023-06-30,through_ocf,True,,,0.094368,0.213353,10.351734,-0.127564,-0.093249
2024Q4,2024-11-05,NEO,1077183,"NEOGENOMICS, INC.",$100M-$500M,,119693000,Revenues,USD,2018-08-06,10-Q,2017-06-30,-30795000,NetIncomeLoss,USD,2024-11-05,10-Q,2023-03-31,1681229000,Assets,USD,2024-11-05,10-Q,2023-12-31,3284000,NetCashProvidedByUsedInFinancingActivities,USD,2024-11-05,10-Q,2023-09-30,59512000,NetCashProvidedByUsedInInvestingActivities,USD,2024-11-05,10-Q,2023-09-30,-19737000,NetCashProvidedByUsedInOperatingActivities,USD,2024-11-05,10-Q,2023-09-30,through_ocf,True,,,-0.257283,-0.164897,14.046176,0.027437,0.497205
2024Q4,2024-10-10,NEOG,711377,Neogen Corporation,$100M-$500M,,228987000,RevenueFromContractWithCustomerExcludingAssessedTax,USD,2024-10-10,10-Q,2023-08-31,1503000,NetIncomeLoss,USD,2024-10-10,10-Q,2023-08-31,4561105000,Assets,USD,2024-10-10,10-Q,2023-08-31,1062000,NetCashProvidedByUsedInFinancingActivities,USD,2024-10-10,10-Q,2023-08-31,-8684000,NetCashProvidedByUsedInInvestingActivities,USD,2024-10-10,10-Q,2023-08-31,23009000,NetCashProvidedByUsedInOperatingActivities,USD,2024-10-10,10-Q,2023-08-31,through_ocf,True,,,0.006564,0.100482,19.91862,0.004638,-0.037924
2024Q4,2024-11-07,NET,1477333,"Cloudflare, Inc.",$500M-$1B,,934272000,RevenueFromContractWithCustomerExcludingAssessedTax,USD,2024-11-07,10-Q,2023-09-30,-156084000,NetIncomeLoss,USD,2024-11-07,10-Q,2023-09-30,2759767000,Assets,USD,2024-11-07,10-Q,2023-12-31,-201975000,NetCashProvidedByUsedInFinancingActivities,USD,2024-11-07,10-Q,2023-09-30,-84554000,NetCashProvidedByUsedInInvestingActivities,USD,2024-11-07,10-Q,2023-09-30,168965000,NetCashProvidedByUsedInOperatingActivities,USD,2024-11-07,10-Q,2023-09-30,through_ocf,True,,,-0.167065,0.180852,2.953922,-0.216184,-0.090503
2024Q4,2024-10-03,NEWT,1587987,"NEWTEKONE, INC.",$100M-$500M,,105929000,Revenues,USD,2014-11-14,10-Q,2013-09-30,25561000,NetIncomeLoss,USD,2024-08-09,10-Q,2023-06-30,1429513000,Assets,USD,2024-08-09,10-Q,2023-12-31,385820000,NetCashProvidedByUsedInFinancingActivities,USD,2024-08-09,10-Q,2023-06-30,-74546000,NetCashProvidedByUsedInInvestingActivities,USD,2024-08-09,10-Q,2023-06-30,-202852000,NetCashProvidedByUsedInOperatingActivities,USD,2024-08-09,10-Q,2023-06-30,through_ocf,True,,,0.241303,-1.914981,13.495011,3.642251,-0.703736
2024Q4,2024-10-03,NEWTG,1587987,"NEWTEKONE, INC.",$100M-$500M,,105929000,Revenues,USD,2014-11-14,10-Q,2013-09-30,25561000,NetIncomeLoss,USD,2024-08-09,10-Q,2023-06-30,1429513000,Assets,USD,2024-08-09,10-Q,2023-12-31,385820000,NetCashProvidedByUsedInFinancingActivities,USD,2024-08-09,10-Q,2023-06-30,-74546000,NetCashProvidedByUsedInInvestingActivities,USD,2024-08-09,10-Q,2023-06-30,-202852000,NetCashProvidedByUsedInOperatingActivities,USD,2024-08-09,10-Q,2023-06-30,through_ocf,True,,,0.241303,-1.914981,13.495011,3.642251,-0.703736
2024Q4,2024-11-07,NFE,1749723,New Fortress Energy Inc.,$1B-$2B,,1140476000,Revenues,USD,2024-08-09,10-Q,2023-06-30,269454000,NetIncomeLoss,USD,2024-08-09,10-Q,2023-06-30,9135239000,Assets,USD,2024-08-09,10-Q,2023-06-30,222583000,NetCashProvidedByUsedInFinancingActivities,USD,2024-08-09,10-Q,2023-06-30,-1367092000,NetCashProvidedByUsedInInvestingActivities,USD,2024-08-09,10-Q,2023-06-30,503877000,NetCashProvidedByUsedInOperatingActivities,USD,2024-08-09,10-Q,2023-06-30,through_ocf,True,,,0.236265,0.441813,8.010023,0.195167,-1.198703
2024Q4,2024-10-17,NFLX,1065280,"Netflix, Inc.",>$10B,,16348804000,Revenues,USD,2024-07-19,10-Q,2023-06-30,2792730000,NetIncomeLoss,USD,2024-07-19,10-Q,2023-06-30,48731992000,Assets,USD,2024-07-19,10-Q,2023-12-31,-1023422000,NetCashProvidedByUsedInFinancingActivities,USD,2024-07-19,10-Q,2023-06-30,-165916000,NetCashProvidedByUsedInInvestingActivities,USD,2024-07-19,10-Q,2023-06-30,3618972000,NetCashProvidedByUsedInOperatingActivities,USD,2024-07-19,10-Q,2023-06-30,through_ocf,True,,,0.170822,0.22136,2.980768,-0.062599,-0.010149
2024Q4,2024-10-29,NGVT,1653477,INGEVITY CORPORATION,$500M-$1B,,874400000,RevenueFromContractWithCustomerExcludingAssessedTax,USD,2024-08-01,10-Q,2023-06-30,50700000,NetIncomeLoss,USD,2024-08-01,10-Q,2023-03-31,2623300000,Assets,USD,2024-08-01,10-Q,2023-12-31,-40100000,NetCashProvidedByUsedInFinancingActivities,USD,2024-08-01,10-Q,2023-06-30,-20300000,NetCashProvidedByUsedInInvestingActivities,USD,2024-08-01,10-Q,2023-06-30,53700000,NetCashProvidedByUsedInOperatingActivities,USD,2024-08-01,10-Q,2023-06-30,through_ocf,True,,,0.057983,0.061414,3.000114,-0.04586,-0.023216
2024Q4,2024-10-30,NI,1111711,NiSource Inc.,$2B-$10B,,4083400000,Revenues,USD,2024-10-30,10-Q,2023-09-30,476900000,NetIncomeLoss,USD,2024-10-30,10-Q,2023-09-30,31077200000,Assets,USD,2024-10-30,10-Q,2023-12-31,998600000,NetCashProvidedByUsedInFinancingActivities,USD,2024-10-30,10-Q,2023-09-30,-2503300000,NetCashProvidedByUsedInInvestingActivities,USD,2024-10-30,10-Q,2023-09-30,1535900000,NetCashProvidedByUsedInOperatingActivities,USD,2024-10-30,10-Q,2023-09-30,through_ocf,True,,,0.11679,0.376133,7.610619,0.244551,-0.613043
2024Q4,2024-11-25,NJR,356309,NEW JERSEY RESOURCES CORPORATION,$500M-$1B,,948299000,RevenueFromContractWithCustomerExcludingAssessedTax,USD,2024-08-06,10-Q,2023-06-30,115921000,NetIncomeLoss,USD,2024-08-06,10-Q,2022-12-31,6537496000,Assets,USD,2024-08-06,10-Q,2023-09-30,-10152000,NetCashProvidedByUsedInFinancingActivities,USD,2024-08-06,10-Q,2023-06-30,-378178000,NetCashProvidedByUsedInInvestingActivities,USD,2024-08-06,10-Q,2023-06-30,387898000,NetCashProvidedByUsedInOperatingActivities,USD,2024-08-06,10-Q,2023-06-30,through_ocf,True,,,0.122241,0.409046,6.893918,-0.010705,-0.398796
2024Q4,2024-11-06,NMIH,1547903,"NMI Holdings, Inc.",$100M-$500M,,279464000,Revenues,USD,2024-07-31,10-Q,2023-06-30,74458000,NetIncomeLoss,USD,2024-07-31,10-Q,2023-03-31,2940507000,Assets,USD,2024-07-31,10-Q,2023-12-31,-43377000,NetCashProvidedByUsedInFinancingActivities,USD,2024-07-31,10-Q,2023-06-30,-119470000,NetCashProvidedByUsedInInvestingActivities,USD,2024-07-31,10-Q,2023-06-30,191740000,NetCashProvidedByUsedInOperatingActivities,USD,2024-07-31,10-Q,2023-06-30,through_ocf,True,,,0.266431,0.686099,10.521953,-0.155215,-0.427497
2024Q4,2024-11-05,NMRK,1690680,"NEWMARK GROUP, INC.",$1B-$2B,,1106643000,Revenues,USD,2024-08-08,10-Q,2023-06-30,-3921000,NetIncomeLoss,USD,2024-08-08,10-Q,2023-06-30,4471575000,Assets,USD,2024-08-08,10-Q,2023-12-31,971749000,NetCashProvidedByUsedInFinancingActivities,USD,2024-08-08,10-Q,2023-06-30,-133519000,NetCashProvidedByUsedInInvestingActivities,USD,2024-08-08,10-Q,2023-06-30,-899478000,NetCashProvidedByUsedInOperatingActivities,USD,2024-08-08,10-Q,2023-06-30,through_ocf,True,,,-0.003543,-0.812799,4.040666,0.878105,-0.120652
2024Q4,2024-10-31,NNBR,918541,"NN, Inc.",$100M-$500M,,376737000,RevenueFromContractWithCustomerExcludingAssessedTax,USD,2024-10-31,10-Q,2023-09-30,-29609000,NetIncomeLoss,USD,2024-10-31,10-Q,2023-09-30,510885000,Assets,USD,2024-10-31,10-Q,2023-12-31,-1205000,NetCashProvidedByUsedInFinancingActivities,USD,2024-10-31,10-Q,2023-09-30,-13416000,NetCashProvidedByUsedInInvestingActivities,USD,2024-10-31,10-Q,2023-09-30,23890000,NetCashProvidedByUsedInOperatingActivities,USD,2024-10-31,10-Q,2023-09-30,through_ocf,True,,,-0.078593,0.063413,1.356079,-0.003199,-0.035611
2024Q4,2024-10-24,NOC,1133421,NORTHROP GRUMMAN CORP /DE/,>$10B,,28652000000,Revenues,USD,2024-10-24,10-Q,2023-09-30,2591000000,NetIncomeLoss,USD,2024-10-24,10-Q,2023-09-30,46544000000,Assets,USD,2024-10-24,10-Q,2023-12-31,-1128000000,NetCashProvidedByUsedInFinancingActivities,USD,2024-10-24,10-Q,2023-09-30,-812000000,NetCashProvidedByUsedInInvestingActivities,USD,2024-10-24,10-Q,2023-09-30,1445000000,NetCashProvidedByUsedInOperatingActivities,USD,2024-10-24,10-Q,2023-09-30,through_ocf,True,,,0.09043,0.050433,1.624459,-0.039369,-0.02834
2024Q4,2024-10-24,NOG,1104485,"NORTHERN OIL AND GAS, INC.",$1B-$2B,,1058769000,Revenues,USD,2024-07-31,10-Q,2023-06-30,340191000,NetIncomeLoss,USD,2024-07-31,10-Q,2023-03-31,4484255000,Assets,USD,2024-07-31,10-Q,2023-12-31,306564000,NetCashProvidedByUsedInFinancingActivities,USD,2024-07-31,10-Q,2023-06-30,-871380000,NetCashProvidedByUsedInInvestingActivities,USD,2024-07-31,10-Q,2023-06-30,577094000,NetCashProvidedByUsedInOperatingActivities,USD,2024-07-31,10-Q,2023-06-30,through_ocf,True,,,0.321308,0.545061,4.235348,0.289548,-0.823012
2024Q4,2024-11-05,NOVT,1076930,NOVANTA INC.,$500M-$1B,,670093000,RevenueFromContractWithCustomerExcludingAssessedTax,USD,2024-11-05,10-Q,2023-09-29,60367000,NetIncomeLoss,USD,2024-11-05,10-Q,2023-09-29,1226056000,Assets,USD,2024-11-05,10-Q,2023-12-31,-92783000,NetCashProvidedByUsedInFinancingActivities,USD,2024-11-05,10-Q,2023-09-29,-13741000,NetCashProvidedByUsedInInvestingActivities,USD,2024-11-05,10-Q,2023-09-29,81083000,NetCashProvidedByUsedInOperatingActivities,USD,2024-11-05,10-Q,2023-09-29,through_ocf,True,,,0.090087,0.121003,1.82968,-0.138463,-0.020506
2024Q4,2024-11-07,NPKI,71829,NPK International Inc.,$100M-$500M,,383286000,RevenueFromContractWithCustomerExcludingAssessedTax,USD,2024-08-06,10-Q,2023-06-30,7322000,NetIncomeLoss,USD,2024-08-06,10-Q,2023-06-30,642336000,Assets,USD,2024-08-06,10-Q,2023-12-31,-43012000,NetCashProvidedByUsedInFinancingActivities,USD,2024-08-06,10-Q,2023-06-30,5043000,NetCashProvidedByUsedInInvestingActivities,USD,2024-08-06,10-Q,2023-06-30,36848000,NetCashProvidedByUsedInOperatingActivities,USD,2024-08-06,10-Q,2023-06-30,through_ocf,True,,,0.019103,0.096137,1.675866,-0.112219,0.013157
2024Q4,2024-11-05,NPO,1164863,ENPRO INC.,$1B-$2B,,1150600000,Revenues,USD,2019-11-05,10-Q,2018-09-30,37400000,NetIncomeLoss,USD,2024-11-05,10-Q,2023-03-31,2499500000,Assets,USD,2024-11-05,10-Q,2023-12-31,-162800000,NetCashProvidedByUsedInFinancingActivities,USD,2024-11-05,10-Q,2023-09-30,4700000,NetCashProvidedByUsedInInvestingActivities,USD,2024-11-05,10-Q,2023-09-30,58500000,NetCashProvidedByUsedInOperatingActivities,USD,2022-08-02,10-Q,2021-06-30,through_ocf,True,,,0.032505,0.050843,2.172345,-0.141491,0.004085
2024Q4,2024-10-29,NRDS,0001625278,"NerdWallet, Inc.",$100M-$500M,,465700000,RevenueFromContractWithCustomerExcludingAssessedTax,USD,2024-10-29,10-Q,2023-09-30,1700000,NetIncomeLoss,USD,2024-10-29,10-Q,2023-03-31,418600000,Assets,USD,2024-10-29,10-Q,2023-12-31,-19800000,NetCashProvidedByUsedInFinancingActivities,USD,2024-10-29,10-Q,2023-09-30,-20100000,NetCashProvidedByUsedInInvestingActivities,USD,2024-10-29,10-Q,2023-09-30,42500000,NetCashProvidedByUsedInOperatingActivities,USD,2024-10-29,10-Q,2023-09-30,through_ocf,True,,,0.00365,0.09126,0.898862,-0.042517,-0.043161
2024Q4,2024-11-08,NRG,1013871,"NRG ENERGY, INC.",>$10B,,22016000000,Revenues,USD,2024-11-08,10-Q,2023-09-30,-684000000,NetIncomeLoss,USD,2024-11-08,10-Q,2023-09-30,26038000000,Assets,USD,2024-11-08,10-Q,2023-12-31,1590000000,NetCashProvidedByUsedInFinancingActivities,USD,2024-11-08,10-Q,2023-09-30,-2631000000,NetCashProvidedByUsedInInvestingActivities,USD,2024-11-08,10-Q,2023-09-30,-462000000,NetCashProvidedByUsedInOperatingActivities,USD,2024-11-08,10-Q,2023-09-30,through_ocf,True,,,-0.031068,-0.020985,1.182685,0.07222,-0.119504
2024Q4,2024-10-22,NSC,702165,NORFOLK SOUTHERN CORPORATION,$2B-$10B,,9083000000,RevenueFromContractWithCustomerExcludingAssessedTax,USD,2024-10-22,10-Q,2023-09-30,466000000,NetIncomeLoss,USD,2024-10-22,10-Q,2023-03-31,41652000000,Assets,USD,2024-10-22,10-Q,2023-12-31,-62000000,NetCashProvidedByUsedInFinancingActivities,USD,2024-10-22,10-Q,2023-09-30,-1394000000,NetCashProvidedByUsedInInvestingActivities,USD,2024-10-22,10-Q,2023-09-30,2506000000,NetCashProvidedByUsedInOperatingActivities,USD,2024-10-22,10-Q,2023-09-30,through_ocf,True,,,0.051305,0.2759,4.58571,-0.006826,-0.153474
2024Q4,2024-10-31,NSIT,932696,"INSIGHT ENTERPRISES, INC.",$2B-$10B,,6939829000,RevenueFromContractWithCustomerExcludingAssessedTax,USD,2024-10-31,10-Q,2023-09-30,190701000,NetIncomeLoss,USD,2024-10-31,10-Q,2023-09-30,6286350000,Assets,USD,2024-10-31,10-Q,2023-12-31,-235628000,NetCashProvidedByUsedInFinancingActivities,USD,2024-10-31,10-Q,2023-09-30,-96430000,NetCashProvidedByUsedInInvestingActivities,USD,2024-10-31,10-Q,2023-09-30,413742000,NetCashProvidedByUsedInOperatingActivities,USD,2024-10-31,10-Q,2023-09-30,through_ocf,True,,,0.027479,0.059618,0.905836,-0.033953,-0.013895
2024Q4,2024-10-31,NSP,1000753,"Insperity, Inc.",$2B-$10B,,4906000000,RevenueFromContractWithCustomerExcludingAssessedTax,USD,2024-10-31,10-Q,2023-09-30,152000000,NetIncomeLoss,USD,2024-10-31,10-Q,2023-09-30,2120000000,Assets,USD,2024-10-31,10-Q,2023-12-31,-195000000,NetCashProvidedByUsedInFinancingActivities,USD,2024-10-31,10-Q,2023-09-30,-2000000,NetCashProvidedByUsedInInvestingActivities,USD,2024-10-31,10-Q,2023-09-30,140000000,NetCashProvidedByUsedInOperatingActivities,USD,2024-10-31,10-Q,2023-09-30,through_ocf,True,,,0.030982,0.028536,0.432124,-0.039747,-0.000408
2024Q4,2024-11-04,NSSC,69633,"NAPCO SECURITY TECHNOLOGIES, INC",<$100M,,41676000,Revenues,USD,2024-11-04,10-Q,2023-09-30,10478000,NetIncomeLoss,USD,2024-11-04,10-Q,2023-09-30,207752000,Assets,USD,2024-11-04,10-Q,2024-06-30,-2942000,NetCashProvidedByUsedInFinancingActivities,USD,2024-11-04,10-Q,2023-09-30,-645000,NetCashProvidedByUsedInInvestingActivities,USD,2024-11-04,10-Q,2023-09-30,11209000,NetCashProvidedByUsedInOperatingActivities,USD,2024-11-04,10-Q,2023-09-30,through_ocf,True,,,0.251416,0.268956,4.984931,-0.070592,-0.015477
2024Q4,2024-11-21,NTAP,1002047,"NetApp, Inc.",$1B-$2B,,1432000000,RevenueFromContractWithCustomerExcludingAssessedTax,USD,2024-08-28,10-Q,2023-07-28,149000000,NetIncomeLoss,USD,2024-08-28,10-Q,2023-07-28,9887000000,Assets,USD,2024-08-28,10-Q,2024-04-26,-521000000,NetCashProvidedByUsedInFinancingActivities,USD,2024-08-28,10-Q,2023-07-28,-228000000,NetCashProvidedByUsedInInvestingActivities,USD,2024-08-28,10-Q,2023-07-28,453000000,NetCashProvidedByUsedInOperatingActivities,USD,2024-08-28,10-Q,2023-07-28,through_ocf,True,,,0.10405,0.316341,6.90433,-0.363827,-0.159218
2024Q4,2024-10-24,NTCT,1078075,"NETSCOUT SYSTEMS, INC.",$100M-$500M,,211138000,RevenueFromContractWithCustomerExcludingAssessedTax,USD,2024-08-05,10-Q,2023-06-30,-4200000,NetIncomeLoss,USD,2024-08-05,10-Q,2023-06-30,2595302000,Assets,USD,2024-08-05,10-Q,2024-03-31,-13404000,NetCashProvidedByUsedInFinancingActivities,USD,2024-08-05,10-Q,2023-06-30,-19129000,NetCashProvidedByUsedInInvestingActivities,USD,2024-08-05,10-Q,2023-06-30,-22368000,NetCashProvidedByUsedInOperatingActivities,USD,2024-08-05,10-Q,2023-06-30,through_ocf,True,,,-0.019892,-0.10594,12.29197,-0.063485,-0.0906
2024Q4,2024-10-30,NTGR,1122904,"NETGEAR, Inc.",$100M-$500M,,354321000,RevenueFromContractWithCustomerExcludingAssessedTax,USD,2024-08-02,10-Q,2023-07-02,-9712000,NetIncomeLoss,USD,2024-08-02,10-Q,2023-04-02,847142000,Assets,USD,2024-08-02,10-Q,2023-12-31,181000,NetCashProvidedByUsedInFinancingActivities,USD,2024-08-02,10-Q,2023-07-02,-14860000,NetCashProvidedByUsedInInvestingActivities,USD,2024-08-02,10-Q,2023-07-02,-25468000,NetCashProvidedByUsedInOperatingActivities,USD,2024-08-02,10-Q,2023-07-02,through_ocf,True,,,-0.02741,-0.071878,2.390888,0.000511,-0.041939
2024Q4,2024-11-26,NTNX,1618732,"NUTANIX, INC.",$1B-$2B,,1580796000,RevenueFromContractWithCustomerExcludingAssessedTax,USD,2024-09-19,10-K,2022-07-31,-798946000,NetIncomeLoss,USD,2024-09-19,10-K,2022-07-31,2526915000,Assets,USD,2024-09-19,10-K,2023-07-31,103635000,NetCashProvidedByUsedInFinancingActivities,USD,2024-09-19,10-K,2022-07-31,-54189000,NetCashProvidedByUsedInInvestingActivities,USD,2024-09-19,10-K,2022-07-31,67543000,NetCashProvidedByUsedInOperatingActivities,USD,2024-09-19,10-K,2022-07-31,through_ocf,True,,,-0.505407,0.042727,1.598508,0.065559,-0.03428
2024Q4,2024-11-12,NTRA,1604821,"NATERA, INC.",$500M-$1B,,771466000,RevenueFromContractWithCustomerExcludingAssessedTax,USD,2024-11-12,10-Q,2023-09-30,-356770000,NetIncomeLoss,USD,2024-11-12,10-Q,2023-09-30,1441699000,Assets,USD,2024-11-12,10-Q,2023-12-31,247616000,NetCashProvidedByUsedInFinancingActivities,USD,2024-11-12,10-Q,2023-09-30,144353000,NetCashProvidedByUsedInInvestingActivities,USD,2024-11-12,10-Q,2023-09-30,-189350000,NetCashProvidedByUsedInOperatingActivities,USD,2024-11-12,10-Q,2023-09-30,through_ocf,True,,,-0.462457,-0.245442,1.868778,0.320968,0.187115
2024Q4,2024-10-23,NTRS,73124,NORTHERN TRUST CORPORATION,$2B-$10B,,2159900000,RevenueFromContractWithCustomerExcludingAssessedTax,USD,2024-08-01,10-Q,2023-06-30,334600000,NetIncomeLoss,USD,2024-08-01,10-Q,2023-03-31,150783100000,Assets,USD,2024-08-01,10-Q,2023-12-31,1071700000,NetCashProvidedByUsedInFinancingActivities,USD,2024-08-01,10-Q,2023-06-30,-431400000,NetCashProvidedByUsedInInvestingActivities,USD,2024-08-01,10-Q,2023-06-30,-264300000,NetCashProvidedByUsedInOperatingActivities,USD,2024-08-01,10-Q,2023-06-30,through_ocf,True,,,0.154915,-0.122367,69.810223,0.49618,-0.199731
2024Q4,2024-10-21,NUE,73309,NUCOR CORP,>$10B,,18233236000,Revenues,USD,2024-08-07,10-Q,2023-07-01,2597896000,NetIncomeLoss,USD,2024-08-07,10-Q,2023-07-01,35340499000,Assets,USD,2024-08-07,10-Q,2023-12-31,-1589398000,NetCashProvidedByUsedInFinancingActivities,USD,2024-08-07,10-Q,2023-07-01,-1379660000,NetCashProvidedByUsedInInvestingActivities,USD,2024-08-07,10-Q,2023-07-01,3127597000,NetCashProvidedByUsedInOperatingActivities,USD,2024-08-07,10-Q,2023-07-01,through_ocf,True,,,0.142481,0.171533,1.938246,-0.08717,-0.075667
2024Q4,2024-11-07,NUS,1021561,"NU SKIN ENTERPRISES, INC.",$500M-$1B,,981719000,RevenueFromContractWithCustomerExcludingAssessedTax,USD,2024-08-09,10-Q,2023-06-30,38268000,NetIncomeLoss,USD,2024-08-09,10-Q,2023-06-30,1806463000,Assets,USD,2024-08-09,10-Q,2023-12-31,69369000,NetCashProvidedByUsedInFinancingActivities,USD,2024-08-09,10-Q,2023-06-30,-107197000,NetCashProvidedByUsedInInvestingActivities,USD,2024-08-09,10-Q,2023-06-30,13445000,NetCashProvidedByUsedInOperatingActivities,USD,2024-08-09,10-Q,2023-06-30,through_ocf,True,,,0.038981,0.013695,1.840102,0.070661,-0.109193
2024Q4,2024-11-20,NVDA,1045810,NVIDIA CORP,>$10B,,38819000000,Revenues,USD,2024-11-20,10-Q,2023-10-29,17475000000,NetIncomeLoss,USD,2024-11-20,10-Q,2023-10-29,65728000000,Assets,USD,2024-11-20,10-Q,2024-01-28,-10004000000,NetCashProvidedByUsedInFinancingActivities,USD,2024-11-20,10-Q,2023-10-29,-4457000000,NetCashProvidedByUsedInInvestingActivities,USD,2024-11-20,10-Q,2023-10-29,16591000000,NetCashProvidedByUsedInOperatingActivities,USD,2024-11-20,10-Q,2023-10-29,through_ocf,True,,,0.450166,0.427394,1.693191,-0.257709,-0.114815
2024Q4,2024-10-22,NVR,906163,"NVR, Inc.",$2B-$10B,,4516607000,Revenues,USD,2024-08-06,10-Q,2023-06-30,748379000,NetIncomeLoss,USD,2024-08-06,10-Q,2023-06-30,6601757000,Assets,USD,2024-08-06,10-Q,2023-12-31,-150212000,NetCashProvidedByUsedInFinancingActivities,USD,2024-08-06,10-Q,2023-06-30,-10453000,NetCashProvidedByUsedInInvestingActivities,USD,2024-08-06,10-Q,2023-06-30,344204000,NetCashProvidedByUsedInOperatingActivities,USD,2024-08-06,10-Q,2023-06-30,through_ocf,True,,,0.165695,0.076209,1.461663,-0.033258,-0.002314
2024Q4,2024-10-31,NVRI,45876,ENVIRI CORPORATION,$1B-$2B,,1766689000,Revenues,USD,2024-10-31,10-Q,2023-09-30,-31766000,NetIncomeLoss,USD,2024-10-31,10-Q,2023-09-30,2854698000,Assets,USD,2024-10-31,10-Q,2023-12-31,49946000,NetCashProvidedByUsedInFinancingActivities,USD,2024-10-31,10-Q,2023-09-30,-78294000,NetCashProvidedByUsedInInvestingActivities,USD,2024-10-31,10-Q,2023-09-30,46172000,NetCashProvidedByUsedInOperatingActivities,USD,2024-10-31,10-Q,2023-09-30,through_ocf,True,,,-0.017981,0.026135,1.615846,0.028271,-0.044317
2024Q4,2024-10-30,NWE,0001993004,"NorthWestern Energy Group, Inc.",$1B-$2B,,1066134000,Revenues,USD,2024-10-29,10-Q,2023-09-30,110989000,NetIncomeLoss,USD,2024-10-29,10-Q,2023-09-30,7429499000,Assets,USD,2024-10-29,10-Q,2023-09-30,-16771000,NetCashProvidedByUsedInFinancingActivities,USD,2024-10-29,10-Q,2023-09-30,-410974000,NetCashProvidedByUsedInInvestingActivities,USD,2024-10-29,10-Q,2023-09-30,426922000,NetCashProvidedByUsedInOperatingActivities,USD,2024-10-29,10-Q,2023-09-30,through_ocf,True,,,0.104104,0.400439,6.968635,-0.015731,-0.385481
2024Q4,2024-10-25,NWL,814453,NEWELL BRANDS INC.,$2B-$10B,,6057000000,RevenueFromContractWithCustomerExcludingAssessedTax,USD,2024-10-25,10-Q,2023-09-30,-302000000,NetIncomeLoss,USD,2024-10-25,10-Q,2023-09-30,12163000000,Assets,USD,2024-10-25,10-Q,2023-12-31,-405000000,NetCashProvidedByUsedInFinancingActivities,USD,2024-10-25,10-Q,2023-09-30,-147000000,NetCashProvidedByUsedInInvestingActivities,USD,2024-10-25,10-Q,2023-09-30,679000000,NetCashProvidedByUsedInOperatingActivities,USD,2024-10-25,10-Q,2023-09-30,through_ocf,True,,,-0.04986,0.112102,2.00809,-0.066865,-0.024269
2024Q4,2024-11-12,NWN,1733998,NORTHWEST NATURAL HOLDING COMPANY,$500M-$1B,,841761000,Revenues,USD,2024-11-12,10-Q,2023-09-30,49228000,NetIncomeLoss,USD,2024-11-12,10-Q,2023-09-30,4665118000,Assets,USD,2024-11-12,10-Q,2023-09-30,79533000,NetCashProvidedByUsedInFinancingActivities,USD,2024-11-12,10-Q,2023-09-30,-250520000,NetCashProvidedByUsedInInvestingActivities,USD,2024-11-12,10-Q,2023-09-30,301503000,NetCashProvidedByUsedInOperatingActivities,USD,2024-11-12,10-Q,2023-09-30,through_ocf,True,,,0.058482,0.358181,5.542093,0.094484,-0.297614
2024Q4,2024-11-07,NWS,1564708,NEWS CORPORATION,>$10B,,10385000000,Revenues,USD,2024-08-13,10-K,2022-06-30,623000000,NetIncomeLoss,USD,2024-08-13,10-K,2022-06-30,16921000000,Assets,USD,2024-08-13,10-K,2023-06-30,404000000,NetCashProvidedByUsedInFinancingActivities,USD,2024-08-13,10-K,2022-06-30,-2076000000,NetCashProvidedByUsedInInvestingActivities,USD,2024-08-13,10-K,2022-06-30,1354000000,NetCashProvidedByUsedInOperatingActivities,USD,2024-08-13,10-K,2022-06-30,through_ocf,True,,,0.05999,0.13038,1.629369,0.038902,-0.199904
2024Q4,2024-11-07,NWSA,1564708,NEWS CORPORATION,>$10B,,10385000000,Revenues,USD,2024-08-13,10-K,2022-06-30,623000000,NetIncomeLoss,USD,2024-08-13,10-K,2022-06-30,16921000000,Assets,USD,2024-08-13,10-K,2023-06-30,404000000,NetCashProvidedByUsedInFinancingActivities,USD,2024-08-13,10-K,2022-06-30,-2076000000,NetCashProvidedByUsedInInvestingActivities,USD,2024-08-13,10-K,2022-06-30,1354000000,NetCashProvidedByUsedInOperatingActivities,USD,2024-08-13,10-K,2022-06-30,through_ocf,True,,,0.05999,0.13038,1.629369,0.038902,-0.199904
2024Q4,2024-11-05,NXPI,1413447,NXP Semiconductors N.V.,$2B-$10B,,9854000000,RevenueFromContractWithCustomerExcludingAssessedTax,USD,2024-11-05,10-Q,2023-10-01,2100000000,NetIncomeLoss,USD,2024-11-05,10-Q,2023-10-01,24353000000,Assets,USD,2024-11-05,10-Q,2023-12-31,-1296000000,NetCashProvidedByUsedInFinancingActivities,USD,2024-11-05,10-Q,2023-10-01,-879000000,NetCashProvidedByUsedInInvestingActivities,USD,2024-11-05,10-Q,2023-10-01,2376000000,NetCashProvidedByUsedInOperatingActivities,USD,2024-11-05,10-Q,2023-10-01,through_ocf,True,,,0.213111,0.24112,2.471382,-0.13152,-0.089202
2024Q4,2024-11-07,NXST,1142417,"NEXSTAR MEDIA GROUP, INC.",$2B-$10B,,3629000000,RevenueFromContractWithCustomerExcludingAssessedTax,USD,2024-11-07,10-Q,2023-09-30,232000000,NetIncomeLoss,USD,2024-11-07,10-Q,2023-09-30,12078000000,Assets,USD,2024-11-07,10-Q,2023-12-31,-736000000,NetCashProvidedByUsedInFinancingActivities,USD,2024-11-07,10-Q,2023-09-30,-137000000,NetCashProvidedByUsedInInvestingActivities,USD,2024-11-07,10-Q,2023-09-30,817000000,NetCashProvidedByUsedInOperatingActivities,USD,2024-11-07,10-Q,2023-09-30,through_ocf,True,,,0.063929,0.225131,3.32819,-0.202811,-0.037751
2024Q4,2024-10-30,NXT,0001852131,Nextpower Inc.,$100M-$500M,,479543000,Revenues,USD,2024-08-06,10-Q,2023-06-30,20429000,NetIncomeLoss,USD,2024-08-06,10-Q,2023-06-30,2518782000,Assets,USD,2024-08-06,10-Q,2024-03-31,0,NetCashProvidedByUsedInFinancingActivities,USD,2024-08-06,10-Q,2023-06-30,-694000,NetCashProvidedByUsedInInvestingActivities,USD,2024-08-06,10-Q,2023-06-30,225767000,NetCashProvidedByUsedInOperatingActivities,USD,2024-08-06,10-Q,2023-06-30,through_ocf,True,,,0.042601,0.470796,5.252463,0.0,-0.001447
2024Q4,2024-10-23,ODFL,878927,"OLD DOMINION FREIGHT LINE, INC.",$500M-$1B,,754096000,SalesRevenueServicesNet,USD,2018-05-07,10-Q,2017-03-31,577400000,NetIncomeLoss,USD,2024-08-05,10-Q,2023-06-30,5512393000,Assets,USD,2024-08-05,10-Q,2023-12-31,-421444000,NetCashProvidedByUsedInFinancingActivities,USD,2024-08-05,10-Q,2023-06-30,-412934000,NetCashProvidedByUsedInInvestingActivities,USD,2024-08-05,10-Q,2023-06-30,703207000,NetCashProvidedByUsedInOperatingActivities,USD,2024-08-05,10-Q,2023-06-30,through_ocf,True,,,0.765685,0.932517,7.309935,-0.558873,-0.547588
2024Q4,2024-11-07,OEC,1609804,ORION S.A.,$1B-$2B,,1425700000,RevenueFromContractWithCustomerExcludingAssessedTax,USD,2024-11-07,10-Q,2023-09-30,42300000,NetIncomeLoss,USD,2024-11-07,10-Q,2023-03-31,1833400000,Assets,USD,2024-11-07,10-Q,2023-12-31,-164900000,NetCashProvidedByUsedInFinancingActivities,USD,2024-11-07,10-Q,2023-09-30,-111000000,NetCashProvidedByUsedInInvestingActivities,USD,2024-11-07,10-Q,2023-09-30,273700000,NetCashProvidedByUsedInOperatingActivities,USD,2024-11-07,10-Q,2023-09-30,through_ocf,True,,,0.02967,0.191976,1.285965,-0.115662,-0.077856
2024Q4,2024-11-07,OFIX,884624,ORTHOFIX MEDICAL INC.,$500M-$1B,,546226000,RevenueFromContractWithCustomerExcludingAssessedTax,USD,2024-11-07,10-Q,2023-09-30,-60938000,NetIncomeLoss,USD,2024-11-07,10-Q,2023-03-31,925315000,Assets,USD,2024-11-07,10-Q,2023-12-31,40042000,NetCashProvidedByUsedInFinancingActivities,USD,2024-11-07,10-Q,2023-09-30,-18078000,NetCashProvidedByUsedInInvestingActivities,USD,2024-11-07,10-Q,2023-09-30,-39059000,NetCashProvidedByUsedInOperatingActivities,USD,2024-11-07,10-Q,2023-09-30,through_ocf,True,,,-0.111562,-0.071507,1.694015,0.073307,-0.033096
2024Q4,2024-11-04,OGS,1587732,"ONE Gas, Inc.",$1B-$2B,,1530268000,Revenues,USD,2023-02-23,10-K,2020-12-31,102621000,NetIncomeLoss,USD,2024-08-06,10-Q,2023-03-31,7770994000,Assets,USD,2024-08-06,10-Q,2023-12-31,-406115000,NetCashProvidedByUsedInFinancingActivities,USD,2024-08-06,10-Q,2023-06-30,-321416000,NetCashProvidedByUsedInInvestingActivities,USD,2024-08-06,10-Q,2023-06-30,748742000,NetCashProvidedByUsedInOperatingActivities,USD,2024-08-06,10-Q,2023-06-30,through_ocf,True,,,0.067061,0.489288,5.078192,-0.265388,-0.210039
2024Q4,2024-10-29,OI,812074,"O-I GLASS, INC.",$2B-$10B,,3366000000,Revenues,USD,2018-07-24,10-Q,2017-06-30,316000000,NetIncomeLoss,USD,2024-07-31,10-Q,2023-06-30,9911000000,Assets,USD,2024-07-31,10-Q,2023-06-30,132000000,NetCashProvidedByUsedInFinancingActivities,USD,2024-07-31,10-Q,2023-06-30,-266000000,NetCashProvidedByUsedInInvestingActivities,USD,2024-07-31,10-Q,2023-06-30,98000000,NetCashProvidedByUsedInOperatingActivities,USD,2024-07-31,10-Q,2023-06-30,through_ocf,True,,,0.09388,0.029115,2.944444,0.039216,-0.079026
2024Q4,2024-10-23,OII,73756,OCEANEERING INTERNATIONAL INC,$1B-$2B,,1134897000,Revenues,USD,2024-07-26,10-Q,2023-06-30,4060000,ProfitLoss,USD,2024-07-26,10-Q,2023-03-31,2239006000,Assets,USD,2024-07-26,10-Q,2023-12-31,-5340000,NetCashProvidedByUsedInFinancingActivities,USD,2024-07-26,10-Q,2023-06-30,-36866000,NetCashProvidedByUsedInInvestingActivities,USD,2024-07-26,10-Q,2023-06-30,-22468000,NetCashProvidedByUsedInOperatingActivities,USD,2024-07-26,10-Q,2023-06-30,through_ocf,True,,,0.003577,-0.019797,1.972872,-0.004705,-0.032484
2024Q4,2024-10-29,OKE,1039684,"ONEOK, Inc.",$2B-$10B,,8253000000,RevenueFromContractWithCustomerExcludingAssessedTax,USD,2024-08-06,10-Q,2023-06-30,1049000000,ProfitLoss,USD,2024-08-06,10-Q,2023-03-31,24038000000,Assets,USD,2024-08-06,10-Q,2023-06-30,-1754000000,NetCashProvidedByUsedInFinancingActivities,USD,2024-08-06,10-Q,2023-06-30,-353000000,NetCashProvidedByUsedInInvestingActivities,USD,2024-08-06,10-Q,2023-06-30,1993000000,NetCashProvidedByUsedInOperatingActivities,USD,2024-08-06,10-Q,2023-06-30,through_ocf,True,,,0.127105,0.241488,2.912638,-0.212529,-0.042772
2024Q4,2024-12-03,OKTA,1660134,"Okta, Inc.",$1B-$2B,,1074000000,RevenueFromContractWithCustomerExcludingAssessedTax,USD,2024-08-29,10-Q,2023-07-31,-119000000,NetIncomeLoss,USD,2024-08-29,10-Q,2023-04-30,8989000000,Assets,USD,2024-08-29,10-Q,2024-01-31,-641000000,NetCashProvidedByUsedInFinancingActivities,USD,2024-08-29,10-Q,2023-07-31,554000000,NetCashProvidedByUsedInInvestingActivities,USD,2024-08-29,10-Q,2023-07-31,182000000,NetCashProvidedByUsedInOperatingActivities,USD,2024-08-29,10-Q,2023-07-31,through_ocf,True,,,-0.110801,0.16946,8.369646,-0.596834,0.515829
2024Q4,2024-10-30,OLED,1005284,UNIVERSAL DISPLAY CORPORATION,$100M-$500M,,418109000,Revenues,USD,2024-10-30,10-Q,2023-09-30,141033000,NetIncomeLoss,USD,2024-10-30,10-Q,2023-09-30,1668961000,Assets,USD,2024-10-30,10-Q,2023-12-31,-56446000,NetCashProvidedByUsedInFinancingActivities,USD,2024-10-30,10-Q,2023-09-30,-75368000,NetCashProvidedByUsedInInvestingActivities,USD,2024-10-30,10-Q,2023-09-30,117707000,NetCashProvidedByUsedInOperatingActivities,USD,2024-10-30,10-Q,2023-09-30,through_ocf,True,,,0.337312,0.281522,3.991689,-0.135003,-0.180259
2024Q4,2024-12-10,OLLI,1639300,"Ollie’s Bargain Outlet Holdings, Inc.",$1B-$2B,,1453713000,RevenueFromContractWithCustomerExcludingAssessedTax,USD,2024-12-10,10-Q,2023-10-28,104964000,NetIncomeLoss,USD,2024-12-10,10-Q,2023-10-28,2194360000,Assets,USD,2024-12-10,10-Q,2023-10-28,-36601000,NetCashProvidedByUsedInFinancingActivities,USD,2024-12-10,10-Q,2023-10-28,-125301000,NetCashProvidedByUsedInInvestingActivities,USD,2024-12-10,10-Q,2023-10-28,110861000,NetCashProvidedByUsedInOperatingActivities,USD,2024-12-10,10-Q,2023-10-28,through_ocf,True,,,0.072204,0.076261,1.509486,-0.025178,-0.086194
2024Q4,2024-10-15,OMC,29989,OMNICOM GROUP INC.,$2B-$10B,,7053200000,Revenues,USD,2024-07-17,10-Q,2023-06-30,593800000,NetIncomeLoss,USD,2024-07-17,10-Q,2023-06-30,28044600000,Assets,USD,2024-07-17,10-Q,2023-12-31,-897000000,NetCashProvidedByUsedInFinancingActivities,USD,2024-07-17,10-Q,2023-06-30,132600000,NetCashProvidedByUsedInInvestingActivities,USD,2024-07-17,10-Q,2023-06-30,-784600000,NetCashProvidedByUsedInOperatingActivities,USD,2024-07-17,10-Q,2023-06-30,through_ocf,True,,,0.084189,-0.11124,3.976153,-0.127176,0.0188
2024Q4,2024-10-30,OMCL,926326,"OMNICELL, INC.",$500M-$1B,,589602000,RevenueFromContractWithCustomerExcludingAssessedTax,USD,2024-08-06,10-Q,2023-06-30,-15000000,NetIncomeLoss,USD,2024-08-06,10-Q,2023-03-31,2226878000,Assets,USD,2024-08-06,10-Q,2023-12-31,7465000,NetCashProvidedByUsedInFinancingActivities,USD,2024-08-06,10-Q,2023-06-30,-28457000,NetCashProvidedByUsedInInvestingActivities,USD,2024-08-06,10-Q,2023-06-30,85673000,NetCashProvidedByUsedInOperatingActivities,USD,2024-08-06,10-Q,2023-06-30,through_ocf,True,,,-0.025441,0.145306,3.776917,0.012661,-0.048265
2024Q4,2024-10-28,ON,1097864,ON Semiconductor Corporation,$2B-$10B,,6234900000,RevenueFromContractWithCustomerExcludingAssessedTax,USD,2024-10-28,10-Q,2023-09-29,1621000000,NetIncomeLoss,USD,2024-10-28,10-Q,2023-09-29,13215200000,Assets,USD,2024-10-28,10-Q,2023-12-31,-254300000,NetCashProvidedByUsedInFinancingActivities,USD,2024-10-28,10-Q,2023-09-29,-1352700000,NetCashProvidedByUsedInInvestingActivities,USD,2024-10-28,10-Q,2023-09-29,1366300000,NetCashProvidedByUsedInOperatingActivities,USD,2024-10-28,10-Q,2023-09-29,through_ocf,True,,,0.259988,0.219137,2.119553,-0.040787,-0.216956
2024Q4,2024-10-22,ONB,707179,Old National Bancorp /IN/,$100M-$500M,,130804000,RevenueFromContractWithCustomerExcludingAssessedTax,USD,2022-02-10,10-K,2019-12-31,146600000,NetIncomeLoss,USD,2024-07-31,10-Q,2023-03-31,49089836000,Assets,USD,2024-07-31,10-Q,2023-12-31,1545900000,NetCashProvidedByUsedInFinancingActivities,USD,2024-07-31,10-Q,2023-06-30,-1291142000,NetCashProvidedByUsedInInvestingActivities,USD,2024-07-31,10-Q,2023-06-30,214716000,NetCashProvidedByUsedInOperatingActivities,USD,2024-07-31,10-Q,2023-06-30,through_ocf,True,,,1.120761,1.641509,375.29308,11.818446,-9.870814
2024Q4,2024-11-12,ONC,1651308,BEONE MEDICINES LTD.,$1B-$2B,,1824370000,RevenueFromContractWithCustomerExcludingAssessedTax,USD,2024-11-12,10-Q,2023-09-30,-348431000,NetIncomeLoss,USD,2024-11-12,10-Q,2023-03-31,5805275000,Assets,USD,2024-11-12,10-Q,2023-12-31,69430000,NetCashProvidedByUsedInFinancingActivities,USD,2024-11-12,10-Q,2023-09-30,122588000,NetCashProvidedByUsedInInvestingActivities,USD,2024-11-12,10-Q,2023-09-30,-935815000,NetCashProvidedByUsedInOperatingActivities,USD,2024-11-12,10-Q,2023-09-30,through_ocf,True,,,-0.190987,-0.512952,3.182071,0.038057,0.067195
2024Q4,2024-11-14,ONEW,1772921,OneWater Marine Inc.,$1B-$2B,,1485329000,RevenueFromContractWithCustomerExcludingAssessedTax,USD,2024-08-08,10-Q,2023-06-30,60274000,NetIncomeLoss,USD,2024-08-08,10-Q,2023-06-30,1771317000,Assets,USD,2024-08-08,10-Q,2023-06-30,173150000,NetCashProvidedByUsedInFinancingActivities,USD,2024-08-08,10-Q,2023-06-30,-46753000,NetCashProvidedByUsedInInvestingActivities,USD,2024-08-08,10-Q,2023-06-30,-134197000,NetCashProvidedByUsedInOperatingActivities,USD,2024-08-08,10-Q,2023-06-30,through_ocf,True,,,0.04058,-0.090348,1.192542,0.116573,-0.031477
2024Q4,2024-10-31,ONTO,704532,ONTO INNOVATION INC.,$500M-$1B,,597012000,RevenueFromContractWithCustomerExcludingAssessedTax,USD,2024-10-31,10-Q,2023-09-30,90850000,ProfitLoss,USD,2024-10-31,10-Q,2023-09-30,1909712000,Assets,USD,2024-10-31,10-Q,2023-12-30,-9082000,NetCashProvidedByUsedInFinancingActivities,USD,2024-10-31,10-Q,2023-09-30,-66259000,NetCashProvidedByUsedInInvestingActivities,USD,2024-10-31,10-Q,2023-09-30,110387000,NetCashProvidedByUsedInOperatingActivities,USD,2024-10-31,10-Q,2023-09-30,through_ocf,True,,,0.152174,0.184899,3.198783,-0.015212,-0.110984
2024Q4,2024-10-30,OPCH,1014739,"OPTION CARE HEALTH, INC.",$2B-$10B,,3177934000,RevenueFromContractWithCustomerExcludingAssessedTax,USD,2024-10-30,10-Q,2023-09-30,39208000,NetIncomeLoss,USD,2024-10-30,10-Q,2023-03-31,3217035000,Assets,USD,2024-10-30,10-Q,2023-12-31,-187298000,NetCashProvidedByUsedInFinancingActivities,USD,2024-10-30,10-Q,2023-09-30,-40725000,NetCashProvidedByUsedInInvestingActivities,USD,2024-10-30,10-Q,2023-09-30,320326000,NetCashProvidedByUsedInOperatingActivities,USD,2024-10-30,10-Q,2023-09-30,through_ocf,True,,,0.012338,0.100797,1.012304,-0.058937,-0.012815
2024Q4,2024-11-06,OPLN,1395942,"OPENLANE, Inc.",$500M-$1B,,837500000,Revenues,USD,2024-08-08,10-Q,2023-06-30,-181100000,NetIncomeLoss,USD,2024-08-08,10-Q,2023-06-30,4897400000,Assets,USD,2024-08-08,10-Q,2023-06-30,88900000,NetCashProvidedByUsedInFinancingActivities,USD,2021-11-03,10-Q,2020-09-30,263600000,NetCashProvidedByUsedInInvestingActivities,USD,2021-11-03,10-Q,2020-09-30,431900000,NetCashProvidedByUsedInOperatingActivities,USD,2021-11-03,10-Q,2020-09-30,through_ocf,True,,,-0.216239,0.515701,5.847642,0.106149,0.314746
2024Q4,2024-11-04,OPTU,1702780,"Optimum Communications, Inc.",$2B-$10B,,4618252000,Revenues,USD,2024-08-01,10-Q,2023-06-30,25865000,NetIncomeLoss,USD,2024-08-01,10-Q,2023-03-31,31923616000,Assets,USD,2024-08-01,10-Q,2023-12-31,115335000,NetCashProvidedByUsedInFinancingActivities,USD,2024-08-01,10-Q,2023-06-30,-1057920000,NetCashProvidedByUsedInInvestingActivities,USD,2024-08-01,10-Q,2023-06-30,855687000,NetCashProvidedByUsedInOperatingActivities,USD,2024-08-01,10-Q,2023-06-30,through_ocf,True,,,0.005601,0.185284,6.912489,0.024974,-0.229074
2024Q4,2024-11-12,ORGO,1661181,ORGANOGENESIS HOLDINGS INC.,$100M-$500M,,333489000,Revenues,USD,2024-11-12,10-Q,2023-09-30,5513000,NetIncomeLoss,USD,2024-11-12,10-Q,2023-09-30,460025000,Assets,USD,2024-11-12,10-Q,2023-12-31,-3728000,NetCashProvidedByUsedInFinancingActivities,USD,2024-11-12,10-Q,2023-09-30,-21040000,NetCashProvidedByUsedInInvestingActivities,USD,2024-11-12,10-Q,2023-09-30,20303000,NetCashProvidedByUsedInOperatingActivities,USD,2024-11-12,10-Q,2023-09-30,through_ocf,True,,,0.016531,0.060881,1.379431,-0.011179,-0.063091
2024Q4,2024-10-23,ORLY,898173,O Reilly Automotive Inc,$2B-$10B,,7776855000,RevenueFromContractWithCustomerExcludingAssessedTax,USD,2024-08-08,10-Q,2023-06-30,1144250000,NetIncomeLoss,USD,2024-08-08,10-Q,2023-06-30,13872995000,Assets,USD,2024-08-08,10-Q,2023-12-31,-1243149000,NetCashProvidedByUsedInFinancingActivities,USD,2024-08-08,10-Q,2023-06-30,-460006000,NetCashProvidedByUsedInInvestingActivities,USD,2024-08-08,10-Q,2023-06-30,1651369000,NetCashProvidedByUsedInOperatingActivities,USD,2024-08-08,10-Q,2023-06-30,through_ocf,True,,,0.147135,0.212344,1.783882,-0.159852,-0.059151
2024Q4,2024-10-30,ORN,1402829,"ORION GROUP HOLDINGS, INC.",$100M-$500M,,341708000,RevenueFromContractWithCustomerExcludingAssessedTax,USD,2024-07-26,10-Q,2023-06-30,-12595000,NetIncomeLoss,USD,2024-07-26,10-Q,2023-03-31,416893000,Assets,USD,2024-07-26,10-Q,2023-12-31,11576000,NetCashProvidedByUsedInFinancingActivities,USD,2024-07-26,10-Q,2023-06-30,7041000,NetCashProvidedByUsedInInvestingActivities,USD,2024-07-26,10-Q,2023-06-30,-11976000,NetCashProvidedByUsedInOperatingActivities,USD,2024-07-26,10-Q,2023-06-30,through_ocf,True,,,-0.036859,-0.035047,1.220027,0.033877,0.020605
2024Q4,2024-11-07,OSCR,1568651,"Oscar Health, Inc.",$2B-$10B,,4431211000,Revenues,USD,2024-11-07,10-Q,2023-09-30,-120698000,NetIncomeLoss,USD,2024-11-07,10-Q,2023-09-30,3601480000,Assets,USD,2024-11-07,10-Q,2023-12-31,5377000,NetCashProvidedByUsedInFinancingActivities,USD,2024-11-07,10-Q,2023-09-30,404710000,NetCashProvidedByUsedInInvestingActivities,USD,2024-11-07,10-Q,2023-09-30,-569027000,NetCashProvidedByUsedInOperatingActivities,USD,2024-11-07,10-Q,2023-09-30,through_ocf,True,,,-0.027238,-0.128413,0.812753,0.001213,0.091332
2024Q4,2024-10-24,OSIS,1039065,"OSI SYSTEMS, INC.",$500M-$1B,,829660000,Revenues,USD,2018-08-28,10-K,2016-06-30,115347000,ProfitLoss,USD,2024-08-29,10-K,2022-06-30,1443150000,Assets,USD,2024-08-29,10-K,2022-06-30,-64008000,NetCashProvidedByUsedInFinancingActivities,USD,2024-08-29,10-K,2022-06-30,-12674000,NetCashProvidedByUsedInInvestingActivities,USD,2024-08-29,10-K,2022-06-30,63808000,NetCashProvidedByUsedInOperatingActivities,USD,2024-08-29,10-K,2022-06-30,through_ocf,True,,,0.139029,0.076909,1.739447,-0.07715,-0.015276
2024Q4,2024-11-06,OSUR,1116463,"ORASURE TECHNOLOGIES, INC",$100M-$500M,,329591000,RevenueFromContractWithCustomerExcludingAssessedTax,USD,2024-11-06,10-Q,2023-09-30,27219000,NetIncomeLoss,USD,2024-11-06,10-Q,2023-03-31,482845000,Assets,USD,2024-11-06,10-Q,2023-12-31,-2668000,NetCashProvidedByUsedInFinancingActivities,USD,2024-11-06,10-Q,2023-09-30,35600000,NetCashProvidedByUsedInInvestingActivities,USD,2024-11-06,10-Q,2023-09-30,100217000,NetCashProvidedByUsedInOperatingActivities,USD,2024-11-06,10-Q,2023-09-30,through_ocf,True,,,0.082584,0.304065,1.464982,-0.008095,0.108013
2024Q4,2024-10-30,OSW,1758488,OneSpaWorld Holdings Limited,$100M-$500M,,382968000,Revenues,USD,2024-08-01,10-Q,2023-06-30,-19081000,NetIncomeLoss,USD,2024-08-01,10-Q,2023-06-30,706140000,Assets,USD,2024-08-01,10-Q,2023-12-31,-28826000,NetCashProvidedByUsedInFinancingActivities,USD,2024-08-01,10-Q,2023-06-30,-2201000,NetCashProvidedByUsedInInvestingActivities,USD,2024-08-01,10-Q,2023-06-30,27472000,NetCashProvidedByUsedInOperatingActivities,USD,2024-08-01,10-Q,2023-06-30,through_ocf,True,,,-0.049824,0.071734,1.843862,-0.07527,-0.005747
2024Q4,2024-10-31,OTEX,1002638,Open Text Corp,$1B-$2B,,1425429000,RevenueFromContractWithCustomerExcludingAssessedTax,USD,2024-10-31,10-Q,2023-09-30,80901000,NetIncomeLoss,USD,2024-10-31,10-Q,2023-09-30,14205707000,Assets,USD,2024-10-31,10-Q,2024-06-30,-297021000,NetCashProvidedByUsedInFinancingActivities,USD,2024-10-31,10-Q,2023-09-30,-50399000,NetCashProvidedByUsedInInvestingActivities,USD,2024-10-31,10-Q,2023-09-30,47121000,NetCashProvidedByUsedInOperatingActivities,USD,2024-10-31,10-Q,2023-09-30,through_ocf,True,,,0.056756,0.033057,9.965917,-0.208373,-0.035357
2024Q4,2024-10-30,OTIS,1781335,OTIS WORLDWIDE CORPORATION,$2B-$10B,,7066000000,RevenueFromContractWithCustomerExcludingAssessedTax,USD,2024-07-25,10-Q,2023-06-30,707000000,NetIncomeLoss,USD,2024-07-25,10-Q,2023-06-30,10117000000,Assets,USD,2024-07-25,10-Q,2023-12-31,-585000000,NetCashProvidedByUsedInFinancingActivities,USD,2024-07-25,10-Q,2023-06-30,-91000000,NetCashProvidedByUsedInInvestingActivities,USD,2024-07-25,10-Q,2023-06-30,724000000,NetCashProvidedByUsedInOperatingActivities,USD,2024-07-25,10-Q,2023-06-30,through_ocf,True,,,0.100057,0.102462,1.431786,-0.082791,-0.012879
2024Q4,2024-11-05,OTTR,1466593,OTTER TAIL CORPORATION,$500M-$1B,,678342000,Revenues,USD,2024-08-07,10-Q,2023-06-30,144450000,NetIncomeLoss,USD,2024-08-07,10-Q,2023-06-30,3242568000,Assets,USD,2024-08-07,10-Q,2023-12-31,710000,NetCashProvidedByUsedInFinancingActivities,USD,2024-08-07,10-Q,2023-06-30,-153625000,NetCashProvidedByUsedInInvestingActivities,USD,2024-08-07,10-Q,2023-06-30,184497000,NetCashProvidedByUsedInOperatingActivities,USD,2024-08-07,10-Q,2023-06-30,through_ocf,True,,,0.212946,0.271982,4.780137,0.001047,-0.226471
2024Q4,2024-11-12,OUT,1579877,OUTFRONT Media Inc.,$1B-$2B,,1319400000,Revenues,USD,2024-11-12,10-Q,2023-09-30,-485600000,NetIncomeLoss,USD,2024-11-12,10-Q,2023-09-30,5582900000,Assets,USD,2024-11-12,10-Q,2023-12-31,-51900000,NetCashProvidedByUsedInFinancingActivities,USD,2024-11-12,10-Q,2023-09-30,-93400000,NetCashProvidedByUsedInInvestingActivities,USD,2024-11-12,10-Q,2023-09-30,149200000,NetCashProvidedByUsedInOperatingActivities,USD,2024-11-12,10-Q,2023-09-30,through_ocf,True,,,-0.368046,0.113082,4.231393,-0.039336,-0.07079
2024Q4,2024-10-09,OXY,797468,OCCIDENTAL PETROLEUM CORP /DE/,>$10B,,13927000000,Revenues,USD,2024-08-07,10-Q,2023-06-30,2123000000,ProfitLoss,USD,2024-08-07,10-Q,2023-06-30,74008000000,Assets,USD,2024-08-07,10-Q,2023-12-31,-2896000000,NetCashProvidedByUsedInFinancingActivities,USD,2024-08-07,10-Q,2023-06-30,-3537000000,NetCashProvidedByUsedInInvestingActivities,USD,2024-08-07,10-Q,2023-06-30,5940000000,NetCashProvidedByUsedInOperatingActivities,USD,2024-08-07,10-Q,2023-06-30,through_ocf,True,,,0.152438,0.42651,5.313994,-0.207941,-0.253967
2024Q4,2024-11-06,PACS,0002001184,"PACS GROUP, INC.",$1B-$2B,,1469106000,Revenues,USD,2024-08-12,10-Q,2023-06-30,37597000,NetIncomeLoss,USD,2024-08-12,10-Q,2023-03-31,3512739000,Assets,USD,2024-08-12,10-Q,2023-12-31,-8627000,NetCashProvidedByUsedInFinancingActivities,USD,2024-08-12,10-Q,2023-06-30,-67261000,NetCashProvidedByUsedInInvestingActivities,USD,2024-08-12,10-Q,2023-06-30,58212000,NetCashProvidedByUsedInOperatingActivities,USD,2024-08-12,10-Q,2023-06-30,through_ocf,True,,,0.025592,0.039624,2.391073,-0.005872,-0.045784
2024Q4,2024-11-06,PAHC,1069899,Phibro Animal Health Corporation,$100M-$500M,,231349000,RevenueFromContractWithCustomerExcludingAssessedTax,USD,2024-11-06,10-Q,2023-09-30,-8015000,NetIncomeLoss,USD,2024-11-06,10-Q,2023-09-30,982184000,Assets,USD,2024-11-06,10-Q,2024-06-30,1296000,NetCashProvidedByUsedInFinancingActivities,USD,2024-11-06,10-Q,2023-09-30,-15352000,NetCashProvidedByUsedInInvestingActivities,USD,2024-11-06,10-Q,2023-09-30,16199000,NetCashProvidedByUsedInOperatingActivities,USD,2024-11-06,10-Q,2023-09-30,through_ocf,True,,,-0.034645,0.07002,4.245465,0.005602,-0.066359
2024Q4,2024-11-13,PANL,1606909,PANGAEA LOGISTICS SOLUTIONS LTD.,$100M-$500M,,367390917,RevenueFromContractWithCustomerExcludingAssessedTax,USD,2024-11-12,10-Q,2023-09-30,25187098,NetIncomeLoss,USD,2024-11-12,10-Q,2023-09-30,705179968,Assets,USD,2024-11-12,10-Q,2023-12-31,-45891904,NetCashProvidedByUsedInFinancingActivities,USD,2024-11-12,10-Q,2023-09-30,-25017051,NetCashProvidedByUsedInInvestingActivities,USD,2024-11-12,10-Q,2023-09-30,29882569,NetCashProvidedByUsedInOperatingActivities,USD,2024-11-12,10-Q,2023-09-30,through_ocf,True,,,0.068557,0.081337,1.919427,-0.124913,-0.068094
2024Q4,2024-11-20,PANW,1327567,Palo Alto Networks Inc,$2B-$10B,,5501500000,RevenueFromContractWithCustomerExcludingAssessedTax,USD,2024-09-06,10-K,2022-07-31,-267000000,NetIncomeLoss,USD,2024-09-06,10-K,2022-07-31,14501100000,Assets,USD,2024-09-06,10-K,2023-07-31,-806600000,NetCashProvidedByUsedInFinancingActivities,USD,2024-09-06,10-K,2022-07-31,-933400000,NetCashProvidedByUsedInInvestingActivities,USD,2024-09-06,10-K,2022-07-31,1984700000,NetCashProvidedByUsedInOperatingActivities,USD,2024-09-06,10-K,2022-07-31,through_ocf,True,,,-0.048532,0.360756,2.635845,-0.146615,-0.169663
2024Q4,2024-11-08,PAR,708821,PAR TECHNOLOGY CORPORATION,$100M-$500M,,206814000,RevenueFromContractWithCustomerExcludingAssessedTax,USD,2024-11-08,10-Q,2023-09-30,-15905000,NetIncomeLoss,USD,2024-11-08,10-Q,2023-03-31,802606000,Assets,USD,2024-11-08,10-Q,2023-12-31,-1831000,NetCashProvidedByUsedInFinancingActivities,USD,2024-11-08,10-Q,2023-09-30,-4812000,NetCashProvidedByUsedInInvestingActivities,USD,2024-11-08,10-Q,2023-09-30,-18488000,NetCashProvidedByUsedInOperatingActivities,USD,2024-11-08,10-Q,2023-09-30,through_ocf,True,,,-0.076905,-0.089394,3.880811,-0.008853,-0.023267
2024Q4,2024-11-05,PARR,821483,"PAR PACIFIC HOLDINGS, INC.",$2B-$10B,,3469136000,RevenueFromContractWithCustomerExcludingAssessedTax,USD,2024-08-08,10-Q,2023-06-30,237890000,NetIncomeLoss,USD,2024-08-08,10-Q,2023-03-31,3863950000,Assets,USD,2024-08-08,10-Q,2023-12-31,13812000,NetCashProvidedByUsedInFinancingActivities,USD,2024-08-08,10-Q,2023-06-30,-626021000,NetCashProvidedByUsedInInvestingActivities,USD,2024-08-08,10-Q,2023-06-30,312240000,NetCashProvidedByUsedInOperatingActivities,USD,2024-08-08,10-Q,2023-06-30,through_ocf,True,,,0.068573,0.090005,1.113808,0.003981,-0.180454
2024Q4,2024-10-31,PATK,76605,"PATRICK INDUSTRIES, INC.",$1B-$2B,,1820785000,RevenueFromContractWithCustomerExcludingAssessedTax,USD,2024-08-08,10-Q,2023-07-02,72530000,NetIncomeLoss,USD,2024-08-08,10-Q,2023-07-02,2562448000,Assets,USD,2024-08-08,10-Q,2023-12-31,-101740000,NetCashProvidedByUsedInFinancingActivities,USD,2024-08-08,10-Q,2023-07-02,-65547000,NetCashProvidedByUsedInInvestingActivities,USD,2024-08-08,10-Q,2023-07-02,178351000,NetCashProvidedByUsedInOperatingActivities,USD,2024-08-08,10-Q,2023-07-02,through_ocf,True,,,0.039834,0.097953,1.407331,-0.055877,-0.035999
2024Q4,2024-10-30,PAYC,1590955,"Paycom Software, Inc.",$500M-$1B,,852776000,RevenueFromContractWithCustomerExcludingAssessedTax,USD,2024-08-01,10-Q,2023-06-30,119296000,NetIncomeLoss,USD,2024-08-01,10-Q,2023-03-31,4197539000,Assets,USD,2024-08-01,10-Q,2023-12-31,-234350000,NetCashProvidedByUsedInFinancingActivities,USD,2024-08-01,10-Q,2023-06-30,-83378000,NetCashProvidedByUsedInInvestingActivities,USD,2024-08-01,10-Q,2023-06-30,251991000,NetCashProvidedByUsedInOperatingActivities,USD,2024-08-01,10-Q,2023-06-30,through_ocf,True,,,0.139891,0.295495,4.922206,-0.274808,-0.097772
2024Q4,2024-11-05,PAYO,1845815,Payoneer Global Inc.,$500M-$1B,,606783000,Revenues,USD,2024-11-05,10-Q,2023-09-30,66312000,NetIncomeLoss,USD,2024-11-05,10-Q,2023-09-30,7283119000,Assets,USD,2024-11-05,10-Q,2023-12-31,-492732000,NetCashProvidedByUsedInFinancingActivities,USD,2024-11-05,10-Q,2023-09-30,-47754000,NetCashProvidedByUsedInInvestingActivities,USD,2024-11-05,10-Q,2023-09-30,101328000,NetCashProvidedByUsedInOperatingActivities,USD,2024-11-05,10-Q,2023-09-30,through_ocf,True,,,0.109285,0.166992,12.00284,-0.81204,-0.0787
2024Q4,2024-10-31,PBF,1534504,PBF ENERGY INC.,>$10B,,29186100000,RevenueFromContractWithCustomerExcludingAssessedTax,USD,2024-10-31,10-Q,2023-09-30,2188900000,NetIncomeLoss,USD,2024-10-31,10-Q,2023-09-30,14387800000,Assets,USD,2024-10-31,10-Q,2023-12-31,-1237900000,NetCashProvidedByUsedInFinancingActivities,USD,2024-10-31,10-Q,2023-09-30,-105800000,NetCashProvidedByUsedInInvestingActivities,USD,2024-10-31,10-Q,2023-09-30,1032600000,NetCashProvidedByUsedInOperatingActivities,USD,2024-10-31,10-Q,2023-09-30,through_ocf,True,,,0.074998,0.03538,0.492968,-0.042414,-0.003625
2024Q4,2024-11-07,PBH,1295947,PRESTIGE CONSUMER HEALTHCARE INC.,$500M-$1B,,565625000,RevenueFromContractWithCustomerExcludingAssessedTax,USD,2024-11-07,10-Q,2023-09-30,106835000,NetIncomeLoss,USD,2024-11-07,10-Q,2023-09-30,3318417000,Assets,USD,2024-11-07,10-Q,2024-03-31,-107728000,NetCashProvidedByUsedInFinancingActivities,USD,2024-11-07,10-Q,2023-09-30,-611000,NetCashProvidedByUsedInInvestingActivities,USD,2024-11-07,10-Q,2023-09-30,110547000,NetCashProvidedByUsedInOperatingActivities,USD,2024-11-07,10-Q,2023-09-30,through_ocf,True,,,0.18888,0.195442,5.866815,-0.190458,-0.00108
2024Q4,2024-11-07,PBI,78814,PITNEY BOWES INC /DE/,$1B-$2B,,1611019000,Revenues,USD,2024-08-09,10-Q,2023-06-30,-149272000,NetIncomeLoss,USD,2024-08-09,10-Q,2023-06-30,4272185000,Assets,USD,2024-08-09,10-Q,2023-12-31,-32553000,NetCashProvidedByUsedInFinancingActivities,USD,2024-08-09,10-Q,2023-06-30,-60696000,NetCashProvidedByUsedInInvestingActivities,USD,2024-08-09,10-Q,2023-06-30,-39758000,NetCashProvidedByUsedInOperatingActivities,USD,2024-08-09,10-Q,2023-06-30,through_ocf,True,,,-0.092657,-0.024679,2.651853,-0.020206,-0.037676
2024Q4,2024-10-22,PCAR,75362,PACCAR Inc,>$10B,,17354400000,Revenues,USD,2024-07-31,10-Q,2023-06-30,1955000000,NetIncomeLoss,USD,2024-07-31,10-Q,2023-06-30,40823400000,Assets,USD,2024-07-31,10-Q,2023-12-31,-198600000,NetCashProvidedByUsedInFinancingActivities,USD,2024-07-31,10-Q,2023-06-30,-1044700000,NetCashProvidedByUsedInInvestingActivities,USD,2024-07-31,10-Q,2023-06-30,1660300000,NetCashProvidedByUsedInOperatingActivities,USD,2024-07-31,10-Q,2023-06-30,through_ocf,True,,,0.112652,0.09567,2.352337,-0.011444,-0.060198
2024Q4,2024-11-07,PCG,1004980,PG&E CORPORATION,>$10B,,17387000000,Revenues,USD,2024-11-07,10-Q,2023-09-30,572000000,ProfitLoss,USD,2024-11-07,10-Q,2023-03-31,125698000000,Assets,USD,2024-11-07,10-Q,2023-12-31,2456000000,NetCashProvidedByUsedInFinancingActivities,USD,2024-11-07,10-Q,2023-09-30,-6711000000,NetCashProvidedByUsedInInvestingActivities,USD,2024-11-07,10-Q,2023-09-30,4270000000,NetCashProvidedByUsedInOperatingActivities,USD,2024-11-07,10-Q,2023-09-30,through_ocf,True,,,0.032898,0.245586,7.229424,0.141255,-0.385978
2024Q4,2024-10-30,PCTY,1591698,PAYLOCITY HOLDING CORPORATION,$500M-$1B,,852651000,Revenues,USD,2024-08-02,10-K,2022-06-30,90777000,NetIncomeLoss,USD,2024-08-02,10-K,2022-06-30,3695680000,Assets,USD,2024-08-02,10-K,2023-06-30,2172293000,NetCashProvidedByUsedInFinancingActivities,USD,2024-08-02,10-K,2022-06-30,-479774000,NetCashProvidedByUsedInInvestingActivities,USD,2024-08-02,10-K,2022-06-30,155053000,NetCashProvidedByUsedInOperatingActivities,USD,2024-08-02,10-K,2022-06-30,through_ocf,True,,,0.106464,0.181848,4.334341,2.547693,-0.562685
2024Q4,2024-11-26,PD,1568100,"PAGERDUTY, INC.",$100M-$500M,,210862000,RevenueFromContractWithCustomerExcludingAssessedTax,USD,2024-09-04,10-Q,2023-07-31,-34271000,NetIncomeLoss,USD,2024-09-04,10-Q,2023-07-31,925306000,Assets,USD,2024-09-04,10-Q,2024-01-31,-496000,NetCashProvidedByUsedInFinancingActivities,USD,2024-09-04,10-Q,2023-07-31,-4012000,NetCashProvidedByUsedInInvestingActivities,USD,2024-09-04,10-Q,2023-07-31,32902000,NetCashProvidedByUsedInOperatingActivities,USD,2024-09-04,10-Q,2023-07-31,through_ocf,True,,,-0.162528,0.156036,4.388207,-0.002352,-0.019027
2024Q4,2024-10-24,PDM,1042776,"Piedmont Realty Trust, Inc.",$100M-$500M,,432425000,Revenues,USD,2024-10-24,10-Q,2023-09-30,-20357000,NetIncomeLoss,USD,2024-10-24,10-Q,2023-09-30,4057082000,Assets,USD,2024-10-24,10-Q,2023-12-31,-32109000,NetCashProvidedByUsedInFinancingActivities,USD,2024-10-24,10-Q,2023-09-30,-136995000,NetCashProvidedByUsedInInvestingActivities,USD,2024-10-24,10-Q,2023-09-30,160531000,NetCashProvidedByUsedInOperatingActivities,USD,2024-10-24,10-Q,2023-09-30,through_ocf,True,,,-0.047076,0.371234,9.382163,-0.074253,-0.316806
2024Q4,2024-11-07,PEB,1474098,PEBBLEBROOK HOTEL TRUST,$1B-$2B,,1085861000,RevenueFromContractWithCustomerExcludingAssessedTax,USD,2024-11-07,10-Q,2023-09-30,-35345000,NetIncomeLoss,USD,2024-11-07,10-Q,2023-09-30,5824973000,Assets,USD,2024-11-07,10-Q,2023-12-31,-159215000,NetCashProvidedByUsedInFinancingActivities,USD,2024-11-07,10-Q,2023-09-30,96274000,NetCashProvidedByUsedInInvestingActivities,USD,2024-11-07,10-Q,2023-09-30,202283000,NetCashProvidedByUsedInOperatingActivities,USD,2024-11-07,10-Q,2023-09-30,through_ocf,True,,,-0.03255,0.186288,5.364382,-0.146626,0.088661
2024Q4,2024-10-24,PECO,1476204,"Phillips Edison & Company, Inc.",$100M-$500M,,303201000,Revenues,USD,2024-07-26,10-Q,2023-06-30,31070000,NetIncomeLoss,USD,2024-07-26,10-Q,2023-06-30,4865666000,Assets,USD,2024-07-26,10-Q,2023-12-31,-30820000,NetCashProvidedByUsedInFinancingActivities,USD,2024-07-26,10-Q,2023-06-30,-107003000,NetCashProvidedByUsedInInvestingActivities,USD,2024-07-26,10-Q,2023-06-30,130390000,NetCashProvidedByUsedInOperatingActivities,USD,2024-07-26,10-Q,2023-06-30,through_ocf,True,,,0.102473,0.430045,16.047658,-0.101649,-0.352911
2024Q4,2024-11-04,PEG,788784,Public Service Enterprise Group Incorporated,$2B-$10B,,8632000000,Revenues,USD,2024-11-04,10-Q,2023-09-30,2017000000,NetIncomeLoss,USD,2024-11-04,10-Q,2023-09-30,50741000000,Assets,USD,2024-11-04,10-Q,2023-12-31,-1477000000,NetCashProvidedByUsedInFinancingActivities,USD,2024-11-04,10-Q,2023-09-30,-2030000000,NetCashProvidedByUsedInInvestingActivities,USD,2024-11-04,10-Q,2023-09-30,3096000000,NetCashProvidedByUsedInOperatingActivities,USD,2024-11-04,10-Q,2023-09-30,through_ocf,True,,,0.233665,0.358665,5.878244,-0.171108,-0.235171
2024Q4,2024-10-23,PEGA,1013857,PEGASYSTEMS INC.,$500M-$1B,,958383000,RevenueFromContractWithCustomerExcludingAssessedTax,USD,2024-10-23,10-Q,2023-09-30,-20774000,NetIncomeLoss,USD,2024-10-23,10-Q,2023-03-31,1510736000,Assets,USD,2024-10-23,10-Q,2023-12-31,-85031000,NetCashProvidedByUsedInFinancingActivities,USD,2024-10-23,10-Q,2023-09-30,-24176000,NetCashProvidedByUsedInInvestingActivities,USD,2024-10-23,10-Q,2023-09-30,137920000,NetCashProvidedByUsedInOperatingActivities,USD,2024-10-23,10-Q,2023-09-30,through_ocf,True,,,-0.021676,0.143909,1.576338,-0.088723,-0.025226
2024Q4,2024-10-15,PENG,1616533,"PENGUIN SOLUTIONS, INC.",$1B-$2B,,1124592000,RevenueFromContractWithCustomerExcludingAssessedTax,USD,2024-07-09,10-Q,2023-05-26,-46682000,NetIncomeLoss,USD,2024-07-09,10-Q,2023-05-26,1505958000,Assets,USD,2024-07-09,10-Q,2023-08-25,217714000,NetCashProvidedByUsedInFinancingActivities,USD,2024-07-09,10-Q,2023-05-26,-249822000,NetCashProvidedByUsedInInvestingActivities,USD,2024-07-09,10-Q,2023-05-26,67588000,NetCashProvidedByUsedInOperatingActivities,USD,2024-07-09,10-Q,2023-05-26,through_ocf,True,,,-0.04151,0.0601,1.339115,0.193594,-0.222145
2024Q4,2024-10-07,PENN,921738,"PENN ENTERTAINMENT, INC.",$2B-$10B,,3348100000,Revenues,USD,2024-08-08,10-Q,2023-06-30,592900000,NetIncomeLoss,USD,2024-08-08,10-Q,2023-06-30,16064200000,Assets,USD,2024-08-08,10-Q,2023-12-31,-214100000,NetCashProvidedByUsedInFinancingActivities,USD,2024-08-08,10-Q,2023-06-30,-462900000,NetCashProvidedByUsedInInvestingActivities,USD,2024-08-08,10-Q,2023-06-30,323700000,NetCashProvidedByUsedInOperatingActivities,USD,2024-08-08,10-Q,2023-06-30,through_ocf,True,,,0.177086,0.096682,4.798005,-0.063947,-0.138258
2024Q4,2024-10-24,PFG,1126328,"PRINCIPAL FINANCIAL GROUP, INC.",$2B-$10B,,6376300000,Revenues,USD,2024-07-31,10-Q,2023-06-30,248700000,NetIncomeLoss,USD,2024-07-31,10-Q,2023-06-30,305046700000,Assets,USD,2024-07-31,10-Q,2023-12-31,-1489500000,NetCashProvidedByUsedInFinancingActivities,USD,2024-07-31,10-Q,2023-06-30,-1082400000,NetCashProvidedByUsedInInvestingActivities,USD,2024-07-31,10-Q,2023-06-30,1797800000,NetCashProvidedByUsedInOperatingActivities,USD,2024-07-31,10-Q,2023-06-30,through_ocf,True,,,0.039004,0.28195,47.840707,-0.233599,-0.169754
2024Q4,2024-11-12,PGNY,1551306,"Progyny, Inc.",$500M-$1B,,500621000,RevenueFromContractWithCustomerExcludingAssessedTax,USD,2024-02-29,10-K,2021-12-31,48567000,NetIncomeLoss,USD,2024-11-12,10-Q,2023-09-30,756620000,Assets,USD,2024-11-12,10-Q,2023-12-31,-6047000,NetCashProvidedByUsedInFinancingActivities,USD,2024-11-12,10-Q,2023-09-30,-107111000,NetCashProvidedByUsedInInvestingActivities,USD,2024-11-12,10-Q,2023-09-30,151155000,NetCashProvidedByUsedInOperatingActivities,USD,2024-11-12,10-Q,2023-09-30,through_ocf,True,,,0.097014,0.301935,1.511363,-0.012079,-0.213956
2024Q4,2024-11-12,PGY,0001883085,Pagaya Technologies Ltd.,$500M-$1B,,594007000,Revenues,USD,2024-11-12,10-Q,2023-09-30,-114020000,NetIncomeLoss,USD,2024-11-12,10-Q,2023-09-30,1208376000,Assets,USD,2024-11-12,10-Q,2023-12-31,276763000,NetCashProvidedByUsedInFinancingActivities,USD,2024-11-12,10-Q,2023-09-30,-316088000,NetCashProvidedByUsedInInvestingActivities,USD,2024-11-12,10-Q,2023-09-30,-9372000,NetCashProvidedByUsedInOperatingActivities,USD,2024-11-12,10-Q,2023-09-30,through_ocf,True,,,-0.191951,-0.015778,2.034279,0.465925,-0.532128
2024Q4,2024-10-31,PHIN,0001968915,PHINIA INC.,$2B-$10B,,2618000000,RevenueFromContractWithCustomerExcludingAssessedTax,USD,2024-10-31,10-Q,2023-09-30,69000000,NetIncomeLoss,USD,2024-10-31,10-Q,2023-09-30,4041000000,Assets,USD,2024-10-31,10-Q,2023-12-31,50000000,NetCashProvidedByUsedInFinancingActivities,USD,2024-10-31,10-Q,2023-09-30,-117000000,NetCashProvidedByUsedInInvestingActivities,USD,2024-10-31,10-Q,2023-09-30,188000000,NetCashProvidedByUsedInOperatingActivities,USD,2024-10-31,10-Q,2023-09-30,through_ocf,True,,,0.026356,0.071811,1.543545,0.019099,-0.044691
2024Q4,2024-10-29,PJT,1626115,PJT Partners Inc.,$500M-$1B,,546265000,Revenues,USD,2024-08-02,10-Q,2023-06-30,39477000,NetIncomeLoss,USD,2024-08-02,10-Q,2023-06-30,1434978000,Assets,USD,2024-08-02,10-Q,2023-12-31,-164500000,NetCashProvidedByUsedInFinancingActivities,USD,2024-08-02,10-Q,2023-06-30,-26922000,NetCashProvidedByUsedInInvestingActivities,USD,2024-08-02,10-Q,2023-06-30,167615000,NetCashProvidedByUsedInOperatingActivities,USD,2024-08-02,10-Q,2023-06-30,through_ocf,True,,,0.072267,0.306838,2.62689,-0.301136,-0.049284
2024Q4,2024-10-23,PKG,75677,PACKAGING CORP OF AMERICA,$2B-$10B,,3928400000,RevenueFromContractWithCustomerExcludingAssessedTax,USD,2024-08-08,10-Q,2023-06-30,392800000,NetIncomeLoss,USD,2024-08-08,10-Q,2023-06-30,8681100000,Assets,USD,2024-08-08,10-Q,2023-12-31,-241000000,NetCashProvidedByUsedInFinancingActivities,USD,2024-08-08,10-Q,2023-06-30,-242200000,NetCashProvidedByUsedInInvestingActivities,USD,2024-08-08,10-Q,2023-06-30,640300000,NetCashProvidedByUsedInOperatingActivities,USD,2024-08-08,10-Q,2023-06-30,through_ocf,True,,,0.09999,0.162993,2.209831,-0.061348,-0.061654
2024Q4,2024-11-06,PKOH,76282,PARK-OHIO HOLDINGS CORP.,$500M-$1B,,851600000,RevenueFromContractWithCustomerExcludingAssessedTax,USD,2024-08-08,10-Q,2023-06-30,11200000,NetIncomeLoss,USD,2024-08-08,10-Q,2023-06-30,1340700000,Assets,USD,2024-08-08,10-Q,2023-12-31,62000000,NetCashProvidedByUsedInFinancingActivities,USD,2022-11-08,10-Q,2021-09-30,-30300000,NetCashProvidedByUsedInInvestingActivities,USD,2022-11-08,10-Q,2021-09-30,-25900000,NetCashProvidedByUsedInOperatingActivities,USD,2022-11-08,10-Q,2021-09-30,through_ocf,True,,,0.013152,-0.030413,1.574331,0.072804,-0.03558
2024Q4,2024-12-11,PLAB,810136,"PHOTRONICS, INC.",$500M-$1B,,664603000,RevenueFromContractWithCustomerExcludingAssessedTax,USD,2024-09-05,10-Q,2023-07-30,80874000,NetIncomeLoss,USD,2024-09-05,10-Q,2023-07-30,1526221000,Assets,USD,2024-09-05,10-Q,2023-10-31,-16402000,NetCashProvidedByUsedInFinancingActivities,USD,2024-09-05,10-Q,2023-07-30,-64233000,NetCashProvidedByUsedInInvestingActivities,USD,2024-09-05,10-Q,2023-07-30,195556000,NetCashProvidedByUsedInOperatingActivities,USD,2024-09-05,10-Q,2023-07-30,through_ocf,True,,,0.121688,0.294245,2.29644,-0.024679,-0.096649
2024Q4,2024-12-03,PLCE,1041859,"THE CHILDREN’S PLACE, INC.",$500M-$1B,,667239000,RevenueFromContractWithCustomerExcludingAssessedTax,USD,2024-09-11,10-Q,2023-07-29,-64188000,NetIncomeLoss,USD,2024-09-11,10-Q,2023-07-29,1023085000,Assets,USD,2024-09-11,10-Q,2023-07-29,52969000,NetCashProvidedByUsedInFinancingActivities,USD,2024-09-11,10-Q,2023-07-29,-18261000,NetCashProvidedByUsedInInvestingActivities,USD,2024-09-11,10-Q,2023-07-29,-32705000,NetCashProvidedByUsedInOperatingActivities,USD,2024-09-11,10-Q,2023-07-29,through_ocf,True,,,-0.096199,-0.049015,1.533311,0.079385,-0.027368
2024Q4,2024-10-16,PLD,1045609,"Prologis, Inc.",$2B-$10B,,4219558000,Revenues,USD,2024-07-26,10-Q,2023-06-30,1680651000,NetIncomeLoss,USD,2024-07-26,10-Q,2023-06-30,93020840000,Assets,USD,2024-07-26,10-Q,2023-12-31,2451946000,NetCashProvidedByUsedInFinancingActivities,USD,2024-07-26,10-Q,2023-06-30,-4513187000,NetCashProvidedByUsedInInvestingActivities,USD,2024-07-26,10-Q,2023-06-30,2329435000,NetCashProvidedByUsedInOperatingActivities,USD,2024-07-26,10-Q,2023-06-30,through_ocf,True,,,0.3983,0.552057,22.045162,0.581091,-1.069588
2024Q4,2024-10-30,PLPC,80035,Preformed Line Products Company,$100M-$500M,,363637000,RevenueFromContractWithCustomerExcludingAssessedTax,USD,2024-08-01,10-Q,2023-06-30,41870000,NetIncomeLoss,USD,2024-08-01,10-Q,2023-06-30,603151000,Assets,USD,2024-08-01,10-Q,2023-12-31,-11662000,NetCashProvidedByUsedInFinancingActivities,USD,2024-08-01,10-Q,2023-06-30,-29137000,NetCashProvidedByUsedInInvestingActivities,USD,2024-08-01,10-Q,2023-06-30,45850000,NetCashProvidedByUsedInOperatingActivities,USD,2024-08-01,10-Q,2023-06-30,through_ocf,True,,,0.115142,0.126087,1.658662,-0.03207,-0.080127
2024Q4,2024-11-07,PLTK,1828016,PLAYTIKA HOLDING CORP.,$1B-$2B,,1929100000,RevenueFromContractWithCustomerExcludingAssessedTax,USD,2024-11-07,10-Q,2023-09-30,84100000,NetIncomeLoss,USD,2024-11-07,10-Q,2023-03-31,3175000000,Assets,USD,2024-11-07,10-Q,2023-12-31,-12100000,NetCashProvidedByUsedInFinancingActivities,USD,2024-11-07,10-Q,2023-09-30,-215300000,NetCashProvidedByUsedInInvestingActivities,USD,2024-11-07,10-Q,2023-09-30,336300000,NetCashProvidedByUsedInOperatingActivities,USD,2024-11-07,10-Q,2023-09-30,through_ocf,True,,,0.043595,0.17433,1.645845,-0.006272,-0.111606
2024Q4,2024-11-04,PLTR,1321655,Palantir Technologies Inc.,$1B-$2B,,1058503000,RevenueFromContractWithCustomerExcludingAssessedTax,USD,2024-08-06,10-Q,2023-06-30,44929000,NetIncomeLoss,USD,2024-08-06,10-Q,2023-06-30,4522425000,Assets,USD,2024-08-06,10-Q,2023-12-31,116667000,NetCashProvidedByUsedInFinancingActivities,USD,2024-08-06,10-Q,2023-06-30,-1945690000,NetCashProvidedByUsedInInvestingActivities,USD,2024-08-06,10-Q,2023-06-30,277568000,NetCashProvidedByUsedInOperatingActivities,USD,2024-08-06,10-Q,2023-06-30,through_ocf,True,,,0.042446,0.262227,4.272473,0.110219,-1.838153
2024Q4,2024-11-12,PLUS,1022408,ePlus inc.,$1B-$2B,,1161786000,Revenues,USD,2024-11-12,10-Q,2023-09-30,33847000,NetIncomeLoss,USD,2024-11-12,10-Q,2023-06-30,1653469000,Assets,USD,2024-11-12,10-Q,2024-03-31,22614000,NetCashProvidedByUsedInFinancingActivities,USD,2024-11-12,10-Q,2023-09-30,-53834000,NetCashProvidedByUsedInInvestingActivities,USD,2024-11-12,10-Q,2023-09-30,10336000,NetCashProvidedByUsedInOperatingActivities,USD,2024-11-12,10-Q,2023-09-30,through_ocf,True,,,0.029134,0.008897,1.423213,0.019465,-0.046337
2024Q4,2024-10-23,PLXS,785786,PLEXUS CORP.,$2B-$10B,,3265702000,RevenueFromContractWithCustomerExcludingAssessedTax,USD,2024-08-02,10-Q,2023-07-01,98833000,NetIncomeLoss,USD,2024-08-02,10-Q,2023-07-01,3321172000,Assets,USD,2024-08-02,10-Q,2023-09-30,-22409000,NetCashProvidedByUsedInFinancingActivities,USD,2024-08-02,10-Q,2023-07-01,-77712000,NetCashProvidedByUsedInInvestingActivities,USD,2024-08-02,10-Q,2023-07-01,75985000,NetCashProvidedByUsedInOperatingActivities,USD,2024-08-02,10-Q,2023-07-01,through_ocf,True,,,0.030264,0.023268,1.016986,-0.006862,-0.023796
2024Q4,2024-10-22,PM,1413329,Philip Morris International Inc.,>$10B,,16986000000,RevenueFromContractWithCustomerExcludingAssessedTax,USD,2024-07-25,10-Q,2023-06-30,3563000000,NetIncomeLoss,USD,2024-07-25,10-Q,2023-06-30,65304000000,Assets,USD,2024-07-25,10-Q,2023-12-31,-920000000,NetCashProvidedByUsedInFinancingActivities,USD,2024-07-25,10-Q,2023-06-30,-1074000000,NetCashProvidedByUsedInInvestingActivities,USD,2024-07-25,10-Q,2023-06-30,2487000000,NetCashProvidedByUsedInOperatingActivities,USD,2024-07-25,10-Q,2023-06-30,through_ocf,True,,,0.209761,0.146415,3.844578,-0.054162,-0.063229
2024Q4,2024-11-05,PMTS,1641614,CPI Card Group Inc.,$100M-$500M,,341675000,RevenueFromContractWithCustomerExcludingAssessedTax,USD,2024-11-05,10-Q,2023-09-30,21253000,NetIncomeLoss,USD,2024-11-05,10-Q,2023-09-30,293683000,Assets,USD,2024-11-05,10-Q,2023-12-31,-16936000,NetCashProvidedByUsedInFinancingActivities,USD,2024-11-05,10-Q,2023-09-30,-5893000,NetCashProvidedByUsedInInvestingActivities,USD,2024-11-05,10-Q,2023-09-30,22266000,NetCashProvidedByUsedInOperatingActivities,USD,2024-11-05,10-Q,2023-09-30,through_ocf,True,,,0.062202,0.065167,0.859539,-0.049568,-0.017247
2024Q4,2024-10-22,PNR,77360,Pentair plc,$2B-$10B,,3119900000,Revenues,USD,2024-10-22,10-Q,2023-09-30,414700000,NetIncomeLoss,USD,2024-10-22,10-Q,2023-09-30,6563300000,Assets,USD,2024-10-22,10-Q,2023-12-31,-426200000,NetCashProvidedByUsedInFinancingActivities,USD,2024-10-22,10-Q,2023-09-30,-45900000,NetCashProvidedByUsedInInvestingActivities,USD,2024-10-22,10-Q,2023-09-30,500700000,NetCashProvidedByUsedInOperatingActivities,USD,2024-10-22,10-Q,2023-09-30,through_ocf,True,,,0.132921,0.160486,2.103689,-0.136607,-0.014712
2024Q4,2024-11-06,PNTG,1766400,"THE PENNANT GROUP, INC.",$100M-$500M,,398937000,RevenueFromContractWithCustomerExcludingAssessedTax,USD,2024-11-06,10-Q,2023-09-30,1850000,NetIncomeLoss,USD,2024-11-06,10-Q,2023-03-31,539691000,Assets,USD,2024-11-06,10-Q,2023-12-31,-9030000,NetCashProvidedByUsedInFinancingActivities,USD,2024-11-06,10-Q,2023-09-30,-17576000,NetCashProvidedByUsedInInvestingActivities,USD,2024-11-06,10-Q,2023-09-30,27910000,NetCashProvidedByUsedInOperatingActivities,USD,2024-11-06,10-Q,2023-09-30,through_ocf,True,,,0.004637,0.069961,1.352823,-0.022635,-0.044057
2024Q4,2024-11-06,PNW,764622,PINNACLE     WEST CAPITAL CORPORATION,$2B-$10B,,3704417000,Revenues,USD,2024-11-06,10-Q,2023-09-30,514498000,ProfitLoss,USD,2024-11-06,10-Q,2023-09-30,24661153000,Assets,USD,2024-11-06,10-Q,2023-12-31,412281000,NetCashProvidedByUsedInFinancingActivities,USD,2024-11-06,10-Q,2023-09-30,-1235904000,NetCashProvidedByUsedInInvestingActivities,USD,2024-11-06,10-Q,2023-09-30,833899000,NetCashProvidedByUsedInOperatingActivities,USD,2024-11-06,10-Q,2023-09-30,through_ocf,True,,,0.138888,0.225109,6.657229,0.111294,-0.33363
2024Q4,2024-11-07,PODD,1145197,INSULET CORPORATION,$500M-$1B,,754600000,Revenues,USD,2024-08-09,10-Q,2023-06-30,51100000,NetIncomeLoss,USD,2024-08-09,10-Q,2023-06-30,2588200000,Assets,USD,2024-08-09,10-Q,2023-12-31,-8900000,NetCashProvidedByUsedInFinancingActivities,USD,2024-08-09,10-Q,2023-06-30,-65200000,NetCashProvidedByUsedInInvestingActivities,USD,2024-08-09,10-Q,2023-06-30,44500000,NetCashProvidedByUsedInOperatingActivities,USD,2024-08-09,10-Q,2023-06-30,through_ocf,True,,,0.067718,0.058972,3.429897,-0.011794,-0.086403
2024Q4,2024-10-25,POR,784977,PORTLAND GENERAL ELECTRIC COMPANY,$2B-$10B,,2198000000,Revenues,USD,2024-10-25,10-Q,2023-09-30,74000000,ProfitLoss,USD,2024-10-25,10-Q,2023-03-31,11208000000,Assets,USD,2024-10-25,10-Q,2023-12-31,483000000,NetCashProvidedByUsedInFinancingActivities,USD,2024-10-25,10-Q,2023-09-30,-932000000,NetCashProvidedByUsedInInvestingActivities,USD,2024-10-25,10-Q,2023-09-30,331000000,NetCashProvidedByUsedInOperatingActivities,USD,2024-10-25,10-Q,2023-09-30,through_ocf,True,,,0.033667,0.150591,5.099181,0.219745,-0.424022
2024Q4,2024-11-06,POWI,833640,"POWER INTEGRATIONS, INC.",$100M-$500M,,355031000,Revenues,USD,2024-11-06,10-Q,2023-09-30,41464000,NetIncomeLoss,USD,2024-11-06,10-Q,2023-09-30,819868000,Assets,USD,2024-11-06,10-Q,2023-12-31,-34262000,NetCashProvidedByUsedInFinancingActivities,USD,2024-11-06,10-Q,2023-09-30,-25859000,NetCashProvidedByUsedInInvestingActivities,USD,2024-11-06,10-Q,2023-09-30,49492000,NetCashProvidedByUsedInOperatingActivities,USD,2024-11-06,10-Q,2023-09-30,through_ocf,True,,,0.11679,0.139402,2.309286,-0.096504,-0.072836
2024Q4,2024-11-19,POWL,80420,"POWELL INDUSTRIES, INC.",$100M-$500M,,490667000,RevenueFromContractWithCustomerExcludingAssessedTax,USD,2024-07-31,10-Q,2023-06-30,1162000,NetIncomeLoss,USD,2024-07-31,10-Q,2022-12-31,752242000,Assets,USD,2024-07-31,10-Q,2023-09-30,-9874000,NetCashProvidedByUsedInFinancingActivities,USD,2024-07-31,10-Q,2023-06-30,-15398000,NetCashProvidedByUsedInInvestingActivities,USD,2024-07-31,10-Q,2023-06-30,105314000,NetCashProvidedByUsedInOperatingActivities,USD,2024-07-31,10-Q,2023-06-30,through_ocf,True,,,0.002368,0.214634,1.533101,-0.020124,-0.031382
2024Q4,2024-10-31,PPC,802481,PILGRIM’S PRIDE CORPORATION,>$10B,,12833915000,RevenueFromContractWithCustomerExcludingAssessedTax,USD,2024-10-31,10-Q,2023-09-24,186921000,NetIncomeLoss,USD,2024-10-31,10-Q,2023-09-24,9810361000,Assets,USD,2024-10-31,10-Q,2023-12-31,500266000,NetCashProvidedByUsedInFinancingActivities,USD,2024-10-31,10-Q,2023-09-24,-394470000,NetCashProvidedByUsedInInvestingActivities,USD,2024-10-31,10-Q,2023-09-24,399598000,NetCashProvidedByUsedInOperatingActivities,USD,2024-10-31,10-Q,2023-09-24,through_ocf,True,,,0.014565,0.031136,0.764409,0.03898,-0.030737
2024Q4,2024-10-16,PPG,79879,"PPG INDUSTRIES, INC.",$2B-$10B,,9252000000,RevenueFromContractWithCustomerExcludingAssessedTax,USD,2024-07-19,10-Q,2023-06-30,754000000,NetIncomeLoss,USD,2024-07-19,10-Q,2023-06-30,21647000000,Assets,USD,2024-07-19,10-Q,2023-12-31,-266000000,NetCashProvidedByUsedInFinancingActivities,USD,2024-07-19,10-Q,2023-06-30,-290000000,NetCashProvidedByUsedInInvestingActivities,USD,2024-07-19,10-Q,2023-06-30,621000000,NetCashProvidedByUsedInOperatingActivities,USD,2024-07-19,10-Q,2023-06-30,through_ocf,True,,,0.081496,0.067121,2.33971,-0.028751,-0.031345
2024Q4,2024-11-01,PPL,922224,PPL Corporation,$2B-$10B,,6281000000,Revenues,USD,2024-11-01,10-Q,2023-09-30,627000000,NetIncomeLoss,USD,2024-11-01,10-Q,2023-09-30,39236000000,Assets,USD,2024-11-01,10-Q,2023-12-31,88000000,NetCashProvidedByUsedInFinancingActivities,USD,2024-11-01,10-Q,2023-09-30,-1739000000,NetCashProvidedByUsedInInvestingActivities,USD,2024-11-01,10-Q,2023-09-30,1648000000,NetCashProvidedByUsedInOperatingActivities,USD,2024-11-01,10-Q,2023-09-30,through_ocf,True,,,0.099825,0.262379,6.246776,0.014011,-0.276867
2024Q4,2024-11-07,PRSU,884219,"Pursuit Attractions & Hospitality, Inc.",$500M-$1B,,947001000,RevenueFromContractWithCustomerExcludingAssessedTax,USD,2024-11-07,10-Q,2023-09-30,31363000,NetIncomeLoss,USD,2024-11-07,10-Q,2023-09-30,1137322000,Assets,USD,2024-11-07,10-Q,2023-12-31,-12901000,NetCashProvidedByUsedInFinancingActivities,USD,2024-11-07,10-Q,2023-09-30,-53504000,NetCashProvidedByUsedInInvestingActivities,USD,2024-11-07,10-Q,2023-09-30,116554000,NetCashProvidedByUsedInOperatingActivities,USD,2024-11-07,10-Q,2023-09-30,through_ocf,True,,,0.033118,0.123077,1.200972,-0.013623,-0.056498
2024Q4,2024-10-30,PSA,1393311,Public Storage,$2B-$10B,,3357822000,Revenues,USD,2024-10-30,10-Q,2023-09-30,1709035000,NetIncomeLoss,USD,2024-10-30,10-Q,2023-09-30,19809216000,Assets,USD,2024-10-30,10-Q,2023-12-31,448519000,NetCashProvidedByUsedInFinancingActivities,USD,2024-10-30,10-Q,2023-09-30,-3048285000,NetCashProvidedByUsedInInvestingActivities,USD,2024-10-30,10-Q,2023-09-30,2454964000,NetCashProvidedByUsedInOperatingActivities,USD,2024-10-30,10-Q,2023-09-30,through_ocf,True,,,0.508971,0.731118,5.899424,0.133574,-0.907816
2024Q4,2024-11-06,PTC,857005,PTC Inc.,$1B-$2B,,1550433000,RevenueFromContractWithCustomerExcludingAssessedTax,USD,2024-08-02,10-Q,2023-06-30,199937000,NetIncomeLoss,USD,2024-08-02,10-Q,2023-06-30,6288842000,Assets,USD,2024-08-02,10-Q,2023-09-30,307531000,NetCashProvidedByUsedInFinancingActivities,USD,2024-08-02,10-Q,2023-06-30,-866138000,NetCashProvidedByUsedInInvestingActivities,USD,2024-08-02,10-Q,2023-06-30,561092000,NetCashProvidedByUsedInOperatingActivities,USD,2024-08-02,10-Q,2023-06-30,through_ocf,True,,,0.128956,0.361894,4.056184,0.198352,-0.558643
2024Q4,2024-11-07,PTCT,1070081,"PTC THERAPEUTICS, INC.",$500M-$1B,,630766000,RevenueFromContractWithCustomerExcludingAssessedTax,USD,2024-11-07,10-Q,2023-09-30,-470812000,NetIncomeLoss,USD,2024-11-07,10-Q,2023-09-30,1895698000,Assets,USD,2024-11-07,10-Q,2023-12-31,25915000,NetCashProvidedByUsedInFinancingActivities,USD,2024-11-07,10-Q,2023-09-30,-82319000,NetCashProvidedByUsedInInvestingActivities,USD,2024-11-07,10-Q,2023-09-30,-58130000,NetCashProvidedByUsedInOperatingActivities,USD,2024-11-07,10-Q,2023-09-30,through_ocf,True,,,-0.746413,-0.092158,3.00539,0.041085,-0.130506
2024Q4,2024-10-24,PTEN,889900,"Patterson-UTI Energy, Inc.",$1B-$2B,,1550687000,Revenues,USD,2024-07-29,10-Q,2023-06-30,184292000,NetIncomeLoss,USD,2024-07-29,10-Q,2023-06-30,7420031000,Assets,USD,2024-07-29,10-Q,2023-12-31,-142259000,NetCashProvidedByUsedInFinancingActivities,USD,2024-07-29,10-Q,2023-06-30,-242212000,NetCashProvidedByUsedInInvestingActivities,USD,2024-07-29,10-Q,2023-06-30,397206000,NetCashProvidedByUsedInOperatingActivities,USD,2024-07-29,10-Q,2023-06-30,through_ocf,True,,,0.118845,0.256148,4.784996,-0.091739,-0.156197
2024Q4,2024-11-05,PTLO,1871509,PORTILLO'S INC.,$100M-$500M,,492047000,RevenueFromContractWithCustomerExcludingAssessedTax,USD,2024-11-05,10-Q,2023-09-24,10635000,NetIncomeLoss,USD,2024-11-05,10-Q,2023-09-24,1385541000,Assets,USD,2024-11-05,10-Q,2023-12-31,-27471000,NetCashProvidedByUsedInFinancingActivities,USD,2024-11-05,10-Q,2023-09-24,-57579000,NetCashProvidedByUsedInInvestingActivities,USD,2024-11-05,10-Q,2023-09-24,53570000,NetCashProvidedByUsedInOperatingActivities,USD,2024-11-05,10-Q,2023-09-24,through_ocf,True,,,0.021614,0.108872,2.815871,-0.05583,-0.117019
2024Q4,2024-10-31,PTON,1639825,"Peloton Interactive, Inc.",$500M-$1B,,595500000,RevenueFromContractWithCustomerExcludingAssessedTax,USD,2024-10-31,10-Q,2023-09-30,-159300000,NetIncomeLoss,USD,2024-10-31,10-Q,2023-09-30,2185200000,Assets,USD,2024-10-31,10-Q,2024-06-30,8200000,NetCashProvidedByUsedInFinancingActivities,USD,2024-10-31,10-Q,2023-09-30,-4100000,NetCashProvidedByUsedInInvestingActivities,USD,2024-10-31,10-Q,2023-09-30,-79200000,NetCashProvidedByUsedInOperatingActivities,USD,2024-10-31,10-Q,2023-09-30,through_ocf,True,,,-0.267506,-0.132997,3.669521,0.01377,-0.006885
2024Q4,2024-10-30,PUMP,1680247,ProPetro Holding Corp.,$500M-$1B,,858819000,RevenueFromContractWithCustomerExcludingAssessedTax,USD,2024-08-01,10-Q,2023-06-30,28733000,NetIncomeLoss,USD,2024-08-01,10-Q,2023-03-31,1480312000,Assets,USD,2024-08-01,10-Q,2023-06-30,7968000,NetCashProvidedByUsedInFinancingActivities,USD,2024-08-01,10-Q,2023-06-30,-221731000,NetCashProvidedByUsedInInvestingActivities,USD,2024-08-01,10-Q,2023-06-30,187014000,NetCashProvidedByUsedInOperatingActivities,USD,2024-08-01,10-Q,2023-06-30,through_ocf,True,,,0.033456,0.217757,1.72366,0.009278,-0.258181
2024Q4,2024-11-08,PWP,1777835,PERELLA WEINBERG PARTNERS,$100M-$500M,,296971000,RevenueFromContractWithCustomerExcludingAssessedTax,USD,2024-08-02,10-Q,2023-06-30,-4764000,NetIncomeLoss,USD,2024-08-02,10-Q,2023-06-30,761108000,Assets,USD,2024-08-02,10-Q,2023-12-31,-50083000,NetCashProvidedByUsedInFinancingActivities,USD,2024-08-02,10-Q,2023-06-30,56477000,NetCashProvidedByUsedInInvestingActivities,USD,2024-08-02,10-Q,2023-06-30,-50367000,NetCashProvidedByUsedInOperatingActivities,USD,2024-08-02,10-Q,2023-06-30,through_ocf,True,,,-0.016042,-0.169602,2.562903,-0.168646,0.190177
2024Q4,2024-10-31,PWR,1050915,"Quanta Services, Inc.",>$10B,,15098258000,RevenueFromContractWithCustomerExcludingAssessedTax,USD,2024-10-31,10-Q,2023-09-30,533781000,NetIncomeLoss,USD,2024-10-31,10-Q,2023-09-30,16237225000,Assets,USD,2024-10-31,10-Q,2023-12-31,31051000,NetCashProvidedByUsedInFinancingActivities,USD,2024-10-31,10-Q,2023-09-30,-722324000,NetCashProvidedByUsedInInvestingActivities,USD,2024-10-31,10-Q,2023-09-30,572414000,NetCashProvidedByUsedInOperatingActivities,USD,2024-10-31,10-Q,2023-09-30,through_ocf,True,,,0.035354,0.037913,1.075437,0.002057,-0.047842
2024Q4,2024-10-29,PYPL,1633917,"PAYPAL HOLDINGS, INC.",>$10B,,21745000000,Revenues,USD,2024-10-29,10-Q,2023-09-30,795000000,NetIncomeLoss,USD,2024-10-29,10-Q,2023-03-31,82166000000,Assets,USD,2024-10-29,10-Q,2023-12-31,-5993000000,NetCashProvidedByUsedInFinancingActivities,USD,2024-10-29,10-Q,2023-09-30,1286000000,NetCashProvidedByUsedInInvestingActivities,USD,2024-10-29,10-Q,2023-09-30,2229000000,NetCashProvidedByUsedInOperatingActivities,USD,2024-10-29,10-Q,2023-09-30,through_ocf,True,,,0.03656,0.102506,3.778616,-0.275604,0.05914
2024Q4,2024-11-07,PZZA,901491,"PAPA JOHN’S INTERNATIONAL, INC.",$1B-$2B,,1564391000,RevenueFromContractWithCustomerExcludingAssessedTax,USD,2024-11-07,10-Q,2023-09-24,56005000,NetIncomeLoss,USD,2024-11-07,10-Q,2023-09-24,875005000,Assets,USD,2024-11-07,10-Q,2023-12-31,-79139000,NetCashProvidedByUsedInFinancingActivities,USD,2024-11-07,10-Q,2023-09-24,-57654000,NetCashProvidedByUsedInInvestingActivities,USD,2024-11-07,10-Q,2023-09-24,126936000,NetCashProvidedByUsedInOperatingActivities,USD,2024-11-07,10-Q,2023-09-24,through_ocf,True,,,0.0358,0.081141,0.559326,-0.050588,-0.036854
2024Q4,2024-11-07,QDEL,0001906324,QUIDELORTHO CORP,$1B-$2B,,1511200000,Revenues,USD,2024-08-01,10-Q,2023-07-02,48800000,NetIncomeLoss,USD,2024-08-01,10-Q,2023-04-02,8563100000,Assets,USD,2024-08-01,10-Q,2023-12-31,-159300000,NetCashProvidedByUsedInFinancingActivities,USD,2024-08-01,10-Q,2023-07-02,-111200000,NetCashProvidedByUsedInInvestingActivities,USD,2024-08-01,10-Q,2023-07-02,158300000,NetCashProvidedByUsedInOperatingActivities,USD,2024-08-01,10-Q,2023-07-02,through_ocf,True,,,0.032292,0.104751,5.666424,-0.105413,-0.073584
2024Q4,2024-11-05,QLYS,1107843,"QUALYS, INC.",$100M-$500M,,409888000,RevenueFromContractWithCustomerExcludingAssessedTax,USD,2024-11-05,10-Q,2023-09-30,29105000,NetIncomeLoss,USD,2024-11-05,10-Q,2023-03-31,812618000,Assets,USD,2024-11-05,10-Q,2023-12-31,-128262000,NetCashProvidedByUsedInFinancingActivities,USD,2024-11-05,10-Q,2023-09-30,-47499000,NetCashProvidedByUsedInInvestingActivities,USD,2024-11-05,10-Q,2023-09-30,210766000,NetCashProvidedByUsedInOperatingActivities,USD,2024-11-05,10-Q,2023-09-30,through_ocf,True,,,0.071007,0.514204,1.982537,-0.31292,-0.115883
2024Q4,2024-11-04,QNST,1117297,"QuinStreet, Inc.",$500M-$1B,,582099000,RevenueFromContractWithCustomerExcludingAssessedTax,USD,2024-08-21,10-K,2022-06-30,-5248000,NetIncomeLoss,USD,2024-08-21,10-K,2022-06-30,337155000,Assets,USD,2024-08-21,10-K,2023-06-30,-33315000,NetCashProvidedByUsedInFinancingActivities,USD,2024-08-21,10-K,2022-06-30,-9225000,NetCashProvidedByUsedInInvestingActivities,USD,2024-08-21,10-K,2022-06-30,28672000,NetCashProvidedByUsedInOperatingActivities,USD,2024-08-21,10-K,2022-06-30,through_ocf,True,,,-0.009016,0.049256,0.579206,-0.057233,-0.015848
2024Q4,2024-10-29,QRVO,1604778,"Qorvo, Inc.",$500M-$1B,,651164000,Revenues,USD,2024-07-31,10-Q,2023-07-01,-43580000,NetIncomeLoss,USD,2024-07-31,10-Q,2023-07-01,6554635000,Assets,USD,2024-07-31,10-Q,2024-03-30,-105185000,NetCashProvidedByUsedInFinancingActivities,USD,2024-07-31,10-Q,2023-07-01,-3943000,NetCashProvidedByUsedInInvestingActivities,USD,2024-07-31,10-Q,2023-07-01,44889000,NetCashProvidedByUsedInOperatingActivities,USD,2024-07-31,10-Q,2023-07-01,through_ocf,True,,,-0.066926,0.068937,10.066028,-0.161534,-0.006055
2024Q4,2024-11-06,QTWO,1410384,"Q2 Holdings, Inc.",$100M-$500M,,462506000,RevenueFromContractWithCustomerExcludingAssessedTax,USD,2024-11-06,10-Q,2023-09-30,-47305000,NetIncomeLoss,USD,2024-11-06,10-Q,2023-09-30,1201425000,Assets,USD,2024-11-06,10-Q,2023-12-31,-156087000,NetCashProvidedByUsedInFinancingActivities,USD,2024-11-06,10-Q,2023-09-30,78669000,NetCashProvidedByUsedInInvestingActivities,USD,2024-11-06,10-Q,2023-09-30,33715000,NetCashProvidedByUsedInOperatingActivities,USD,2024-11-06,10-Q,2023-09-30,through_ocf,True,,,-0.10228,0.072896,2.597642,-0.337481,0.170093
2024Q4,2024-10-29,QUAD,1481792,"Quad/Graphics, Inc.",$1B-$2B,,1469600000,RevenueFromContractWithCustomerExcludingAssessedTax,USD,2024-07-31,10-Q,2023-06-30,-24600000,NetIncomeLoss,USD,2024-07-31,10-Q,2023-03-31,1509700000,Assets,USD,2024-07-31,10-Q,2023-12-31,28300000,NetCashProvidedByUsedInFinancingActivities,USD,2024-07-31,10-Q,2023-06-30,-42700000,NetCashProvidedByUsedInInvestingActivities,USD,2024-07-31,10-Q,2023-06-30,300000,NetCashProvidedByUsedInOperatingActivities,USD,2024-07-31,10-Q,2023-06-30,through_ocf,True,,,-0.016739,0.000204,1.027286,0.019257,-0.029056
2024Q4,2024-11-07,QVCGA,1355096,"QVC GROUP, INC.",$2B-$10B,,7772000000,RevenueFromContractWithCustomerExcludingAssessedTax,USD,2024-11-07,10-Q,2023-09-30,128000000,NetIncomeLoss,USD,2024-11-07,10-Q,2023-09-30,11368000000,Assets,USD,2024-11-07,10-Q,2023-12-31,-776000000,NetCashProvidedByUsedInFinancingActivities,USD,2024-11-07,10-Q,2023-09-30,18000000,NetCashProvidedByUsedInInvestingActivities,USD,2024-11-07,10-Q,2023-09-30,602000000,NetCashProvidedByUsedInOperatingActivities,USD,2024-11-07,10-Q,2023-09-30,through_ocf,True,,,0.016469,0.077458,1.462687,-0.099846,0.002316
2024Q4,2024-11-07,QVCGP,1355096,"QVC GROUP, INC.",$2B-$10B,,7772000000,RevenueFromContractWithCustomerExcludingAssessedTax,USD,2024-11-07,10-Q,2023-09-30,128000000,NetIncomeLoss,USD,2024-11-07,10-Q,2023-09-30,11368000000,Assets,USD,2024-11-07,10-Q,2023-12-31,-776000000,NetCashProvidedByUsedInFinancingActivities,USD,2024-11-07,10-Q,2023-09-30,18000000,NetCashProvidedByUsedInInvestingActivities,USD,2024-11-07,10-Q,2023-09-30,602000000,NetCashProvidedByUsedInOperatingActivities,USD,2024-11-07,10-Q,2023-09-30,through_ocf,True,,,0.016469,0.077458,1.462687,-0.099846,0.002316
2024Q4,2024-11-06,RAMP,733269,"LIVERAMP HOLDINGS, INC.",$100M-$500M,,313940000,RevenueFromContractWithCustomerExcludingAssessedTax,USD,2024-11-06,10-Q,2023-09-30,3277000,NetIncomeLoss,USD,2024-11-06,10-Q,2023-09-30,1231443000,Assets,USD,2024-11-06,10-Q,2024-03-31,-34319000,NetCashProvidedByUsedInFinancingActivities,USD,2024-11-06,10-Q,2023-09-30,112000,NetCashProvidedByUsedInInvestingActivities,USD,2024-11-06,10-Q,2023-09-30,25693000,NetCashProvidedByUsedInOperatingActivities,USD,2024-08-07,10-Q,2023-06-30,through_ocf,True,,,0.010438,0.08184,3.922543,-0.109317,0.000357
2024Q4,2024-11-05,RARE,1515673,Ultragenyx Pharmaceutical Inc.,$100M-$500M,,208805000,RevenueFromContractWithCustomerExcludingAssessedTax,USD,2024-08-02,10-Q,2023-06-30,-323800000,NetIncomeLoss,USD,2024-08-02,10-Q,2023-06-30,1491013000,Assets,USD,2024-08-02,10-Q,2023-12-31,32298000,NetCashProvidedByUsedInFinancingActivities,USD,2024-08-02,10-Q,2023-06-30,210722000,NetCashProvidedByUsedInInvestingActivities,USD,2024-08-02,10-Q,2023-06-30,-273028000,NetCashProvidedByUsedInOperatingActivities,USD,2024-08-02,10-Q,2023-06-30,through_ocf,True,,,-1.550729,-1.307574,7.140696,0.15468,1.009181
2024Q4,2024-10-23,RBBN,1708055,RIBBON COMMUNICATIONS INC.,$100M-$500M,,396777000,RevenueFromContractWithCustomerExcludingAssessedTax,USD,2024-07-29,10-Q,2023-06-30,-59784000,NetIncomeLoss,USD,2024-07-29,10-Q,2023-06-30,1144153000,Assets,USD,2024-07-29,10-Q,2023-12-31,-36705000,NetCashProvidedByUsedInFinancingActivities,USD,2024-07-29,10-Q,2023-06-30,-4091000,NetCashProvidedByUsedInInvestingActivities,USD,2024-07-29,10-Q,2023-06-30,8574000,NetCashProvidedByUsedInOperatingActivities,USD,2024-07-29,10-Q,2023-06-30,through_ocf,True,,,-0.150674,0.021609,2.883617,-0.092508,-0.010311
2024Q4,2024-10-18,RBCAA,921557,"REPUBLIC BANCORP, INC.",$100M-$500M,,199503000,Revenues,USD,2024-08-08,10-Q,2023-06-30,49144000,NetIncomeLoss,USD,2024-08-08,10-Q,2023-06-30,6369779000,Assets,USD,2024-08-08,10-Q,2023-06-30,249411000,NetCashProvidedByUsedInFinancingActivities,USD,2024-08-08,10-Q,2023-06-30,-386026000,NetCashProvidedByUsedInInvestingActivities,USD,2024-08-08,10-Q,2023-06-30,64893000,NetCashProvidedByUsedInOperatingActivities,USD,2024-08-08,10-Q,2023-06-30,through_ocf,True,,,0.246332,0.325273,31.928237,1.250162,-1.934938
2024Q4,2024-10-31,RBLX,1315098,Roblox Corporation,$2B-$10B,,2049335000,RevenueFromContractWithCustomerExcludingAssessedTax,USD,2024-10-31,10-Q,2023-09-30,-828248000,NetIncomeLoss,USD,2024-10-31,10-Q,2023-09-30,6168078000,Assets,USD,2024-10-31,10-Q,2023-12-31,61266000,NetCashProvidedByUsedInFinancingActivities,USD,2024-10-31,10-Q,2023-09-30,-2773964000,NetCashProvidedByUsedInInvestingActivities,USD,2024-10-31,10-Q,2023-09-30,314875000,NetCashProvidedByUsedInOperatingActivities,USD,2024-10-31,10-Q,2023-09-30,through_ocf,True,,,-0.404155,0.153647,3.009795,0.029896,-1.353592
2024Q4,2024-10-29,RCL,884887,ROYAL CARIBBEAN CRUISES LTD.,>$10B,,10569000000,RevenueFromContractWithCustomerExcludingAssessedTax,USD,2024-10-29,10-Q,2023-09-30,1420000000,NetIncomeLoss,USD,2024-10-29,10-Q,2023-09-30,35131000000,Assets,USD,2024-10-29,10-Q,2023-12-31,-3346000000,NetCashProvidedByUsedInFinancingActivities,USD,2024-10-29,10-Q,2023-09-30,-1349000000,NetCashProvidedByUsedInInvestingActivities,USD,2024-10-29,10-Q,2023-09-30,3361000000,NetCashProvidedByUsedInOperatingActivities,USD,2024-10-29,10-Q,2023-09-30,through_ocf,True,,,0.134355,0.318005,3.323966,-0.316586,-0.127637
2024Q4,2024-11-12,RDNT,790526,"RadNet, Inc.",$1B-$2B,,1196247000,Revenues,USD,2024-11-12,10-Q,2023-09-30,4904000,NetIncomeLoss,USD,2024-11-12,10-Q,2023-09-30,2690473000,Assets,USD,2024-11-12,10-Q,2023-12-31,231101000,NetCashProvidedByUsedInFinancingActivities,USD,2024-11-12,10-Q,2023-09-30,-152823000,NetCashProvidedByUsedInInvestingActivities,USD,2024-11-12,10-Q,2023-09-30,131943000,NetCashProvidedByUsedInOperatingActivities,USD,2024-11-12,10-Q,2023-09-30,through_ocf,True,,,0.004099,0.110297,2.249095,0.193188,-0.127752
2024Q4,2024-11-12,RDNW,1596961,"RideNow Group, Inc.",$1B-$2B,,1055200000,RevenueFromContractWithCustomerExcludingAssessedTax,USD,2024-11-12,10-Q,2023-09-30,-47000000,NetIncomeLoss,USD,2024-11-12,10-Q,2023-09-30,926300000,Assets,USD,2024-11-12,10-Q,2023-12-31,0,NetCashProvidedByUsedInFinancingActivities,USD,2024-05-08,10-Q,2023-03-31,-12800000,NetCashProvidedByUsedInInvestingActivities,USD,2024-11-12,10-Q,2023-09-30,9000000,NetCashProvidedByUsedInOperatingActivities,USD,2024-05-08,10-Q,2023-03-31,through_ocf,True,,,-0.044541,0.008529,0.877843,0.0,-0.01213
2024Q4,2024-10-28,REAL,1573221,"TheRealReal, Inc.",$100M-$500M,,272759000,RevenueFromContractWithCustomerExcludingAssessedTax,USD,2024-08-06,10-Q,2023-06-30,-82500000,NetIncomeLoss,USD,2024-08-06,10-Q,2023-03-31,446923000,Assets,USD,2024-08-06,10-Q,2023-12-31,38000,NetCashProvidedByUsedInFinancingActivities,USD,2024-08-06,10-Q,2023-06-30,-27278000,NetCashProvidedByUsedInInvestingActivities,USD,2024-08-06,10-Q,2023-06-30,-60858000,NetCashProvidedByUsedInOperatingActivities,USD,2024-08-06,10-Q,2023-06-30,through_ocf,True,,,-0.302465,-0.22312,1.638527,0.000139,-0.100008
2024Q4,2024-10-28,REG,910606,REGENCY CENTERS CORPORATION,$500M-$1B,,632224000,Revenues,USD,2024-08-02,10-Q,2023-06-30,184063000,NetIncomeLoss,USD,2024-08-02,10-Q,2023-06-30,12426913000,Assets,USD,2024-08-02,10-Q,2023-12-31,-268934000,NetCashProvidedByUsedInFinancingActivities,USD,2024-08-02,10-Q,2023-06-30,-91411000,NetCashProvidedByUsedInInvestingActivities,USD,2024-08-02,10-Q,2023-06-30,334677000,NetCashProvidedByUsedInOperatingActivities,USD,2024-08-02,10-Q,2023-06-30,through_ocf,True,,,0.291136,0.529365,19.65587,-0.425378,-0.144586
2024Q4,2024-10-09,RELL,355948,"RICHARDSON ELECTRONICS, LTD.",$100M-$500M,,224620000,RevenueFromContractWithCustomerExcludingAssessedTax,USD,2024-08-05,10-K,2022-05-28,17927000,NetIncomeLoss,USD,2024-08-05,10-K,2022-05-28,198048000,Assets,USD,2024-08-05,10-K,2023-05-27,-352000,NetCashProvidedByUsedInFinancingActivities,USD,2024-08-05,10-K,2022-05-28,-8120000,NetCashProvidedByUsedInInvestingActivities,USD,2024-08-05,10-K,2022-05-28,1911000,NetCashProvidedByUsedInOperatingActivities,USD,2024-08-05,10-K,2022-05-28,through_ocf,True,,,0.07981,0.008508,0.881702,-0.001567,-0.03615
2024Q4,2024-10-30,RELY,1782170,"Remitly Global, Inc.",$500M-$1B,,679527000,RevenueFromContractWithCustomerExcludingAssessedTax,USD,2024-10-30,10-Q,2023-09-30,-28314000,NetIncomeLoss,USD,2024-10-30,10-Q,2023-03-31,1036306000,Assets,USD,2024-10-30,10-Q,2023-12-31,-3475000,NetCashProvidedByUsedInFinancingActivities,USD,2024-10-30,10-Q,2023-09-30,-47450000,NetCashProvidedByUsedInInvestingActivities,USD,2024-10-30,10-Q,2023-09-30,-25168000,NetCashProvidedByUsedInOperatingActivities,USD,2024-10-30,10-Q,2023-09-30,through_ocf,True,,,-0.041667,-0.037038,1.52504,-0.005114,-0.069828
2024Q4,2024-10-24,RES,742278,"RPC, INC.",$100M-$500M,,436334000,RevenueFromContractWithCustomerExcludingAssessedTax,USD,2019-05-02,10-Q,2018-03-31,71524000,NetIncomeLoss,USD,2024-10-24,10-Q,2023-03-31,1247373000,Assets,USD,2024-10-24,10-Q,2023-09-30,-38647000,NetCashProvidedByUsedInFinancingActivities,USD,2024-10-24,10-Q,2023-09-30,-215045000,NetCashProvidedByUsedInInvestingActivities,USD,2024-10-24,10-Q,2023-09-30,299142000,NetCashProvidedByUsedInOperatingActivities,USD,2024-10-24,10-Q,2023-09-30,through_ocf,True,,,0.16392,0.68558,2.858757,-0.088572,-0.492845
2024Q4,2024-12-03,REX,744187,REX AMERICAN RESOURCES CORPORATION,$100M-$500M,,424691000,Revenues,USD,2024-08-30,10-Q,2023-07-31,6700000,ProfitLoss,USD,2024-08-30,10-Q,2023-04-30,664802000,Assets,USD,2024-08-30,10-Q,2024-01-31,-716000,NetCashProvidedByUsedInFinancingActivities,USD,2024-08-30,10-Q,2023-07-31,24907000,NetCashProvidedByUsedInInvestingActivities,USD,2024-08-30,10-Q,2023-07-31,6628000,NetCashProvidedByUsedInOperatingActivities,USD,2024-08-30,10-Q,2023-07-31,through_ocf,True,,,0.015776,0.015607,1.565378,-0.001686,0.058647
2024Q4,2024-10-16,REXR,1571283,"REXFORD INDUSTRIAL REALTY, INC.",$100M-$500M,,382002000,Revenues,USD,2024-07-22,10-Q,2023-06-30,114699000,NetIncomeLoss,USD,2024-07-22,10-Q,2023-06-30,10929829000,Assets,USD,2024-07-22,10-Q,2023-12-31,792516000,NetCashProvidedByUsedInFinancingActivities,USD,2024-07-22,10-Q,2023-06-30,-895709000,NetCashProvidedByUsedInInvestingActivities,USD,2024-07-22,10-Q,2023-06-30,202689000,NetCashProvidedByUsedInOperatingActivities,USD,2024-07-22,10-Q,2023-06-30,through_ocf,True,,,0.300258,0.530597,28.611968,2.074638,-2.344776
2024Q4,2024-10-30,REYN,1786431,REYNOLDS CONSUMER PRODUCTS INC.,$2B-$10B,,2750000000,RevenueFromContractWithCustomerExcludingAssessedTax,USD,2024-10-30,10-Q,2023-09-30,17000000,NetIncomeLoss,USD,2024-10-30,10-Q,2023-03-31,4780000000,Assets,USD,2024-10-30,10-Q,2023-12-31,-260000000,NetCashProvidedByUsedInFinancingActivities,USD,2024-10-30,10-Q,2023-09-30,-77000000,NetCashProvidedByUsedInInvestingActivities,USD,2024-10-30,10-Q,2023-09-30,423000000,NetCashProvidedByUsedInOperatingActivities,USD,2024-10-30,10-Q,2023-09-30,through_ocf,True,,,0.006182,0.153818,1.738182,-0.094545,-0.028
2024Q4,2024-11-07,REZI,1740332,"Resideo Technologies, Inc.",$2B-$10B,,4705000000,RevenueFromContractWithCustomerExcludingAssessedTax,USD,2024-11-07,10-Q,2023-09-30,128000000,NetIncomeLoss,USD,2024-11-07,10-Q,2023-09-30,6645000000,Assets,USD,2024-11-07,10-Q,2023-12-31,-47000000,NetCashProvidedByUsedInFinancingActivities,USD,2024-11-07,10-Q,2023-09-30,-90000000,NetCashProvidedByUsedInInvestingActivities,USD,2024-11-07,10-Q,2023-09-30,177000000,NetCashProvidedByUsedInOperatingActivities,USD,2024-11-07,10-Q,2023-09-30,through_ocf,True,,,0.027205,0.03762,1.412327,-0.009989,-0.019129
2024Q4,2024-10-30,RGR,95029,"STURM, RUGER & COMPANY, INC.",$100M-$500M,,413150000,Revenues,USD,2024-10-30,10-Q,2023-09-30,37966000,NetIncomeLoss,USD,2024-10-30,10-Q,2023-09-30,398817000,Assets,USD,2024-10-30,10-Q,2023-12-31,-109961000,NetCashProvidedByUsedInFinancingActivities,USD,2024-10-30,10-Q,2023-09-30,41049000,NetCashProvidedByUsedInInvestingActivities,USD,2024-10-30,10-Q,2023-09-30,17298000,NetCashProvidedByUsedInOperatingActivities,USD,2024-10-30,10-Q,2023-09-30,through_ocf,True,,,0.091894,0.041869,0.965308,-0.266153,0.099356
2024Q4,2024-11-05,RHP,1040829,"RYMAN HOSPITALITY PROPERTIES, INC.",$1B-$2B,,1525073000,RevenueFromContractWithCustomerExcludingAssessedTax,USD,2024-11-05,10-Q,2023-09-30,171922000,ProfitLoss,USD,2024-11-05,10-Q,2023-09-30,5188537000,Assets,USD,2024-11-05,10-Q,2023-12-31,769932000,NetCashProvidedByUsedInFinancingActivities,USD,2024-11-05,10-Q,2023-09-30,-928211000,NetCashProvidedByUsedInInvestingActivities,USD,2024-11-05,10-Q,2023-09-30,369929000,NetCashProvidedByUsedInOperatingActivities,USD,2024-11-05,10-Q,2023-09-30,through_ocf,True,,,0.11273,0.242565,3.402156,0.504849,-0.608634
2024Q4,2024-10-08,RICK,935419,"RCI HOSPITALITY HOLDINGS, INC.",$100M-$500M,,218540000,RevenueFromContractWithCustomerExcludingAssessedTax,USD,2024-08-08,10-Q,2023-06-30,27055000,NetIncomeLoss,USD,2024-08-08,10-Q,2023-06-30,610884000,Assets,USD,2024-08-08,10-Q,2023-09-30,-2353000,NetCashProvidedByUsedInFinancingActivities,USD,2024-08-08,10-Q,2023-06-30,-57047000,NetCashProvidedByUsedInInvestingActivities,USD,2024-08-08,10-Q,2023-06-30,47004000,NetCashProvidedByUsedInOperatingActivities,USD,2024-08-08,10-Q,2023-06-30,through_ocf,True,,,0.123799,0.215082,2.795296,-0.010767,-0.261037
2024Q4,2024-10-30,RIG,1451505,TRANSOCEAN LTD,$1B-$2B,,1378000000,RevenueFromContractWithCustomerExcludingAssessedTax,USD,2024-08-01,10-Q,2023-06-30,-630000000,NetIncomeLoss,USD,2024-08-01,10-Q,2023-06-30,20254000000,Assets,USD,2024-08-01,10-Q,2023-12-31,96000000,NetCashProvidedByUsedInFinancingActivities,USD,2024-08-01,10-Q,2023-06-30,-163000000,NetCashProvidedByUsedInInvestingActivities,USD,2024-08-01,10-Q,2023-06-30,110000000,NetCashProvidedByUsedInOperatingActivities,USD,2024-08-01,10-Q,2023-06-30,through_ocf,True,,,-0.457184,0.079826,14.698113,0.069666,-0.118287
2024Q4,2024-11-07,RIVN,1874178,"Rivian Automotive, Inc. / DE",$2B-$10B,,3119000000,RevenueFromContractWithCustomerExcludingAssessedTax,USD,2024-11-07,10-Q,2023-09-30,-1349000000,NetIncomeLoss,USD,2024-11-07,10-Q,2023-03-31,16778000000,Assets,USD,2024-11-07,10-Q,2023-12-31,1509000000,NetCashProvidedByUsedInFinancingActivities,USD,2024-11-07,10-Q,2023-09-30,-1908000000,NetCashProvidedByUsedInInvestingActivities,USD,2024-11-07,10-Q,2023-09-30,-3759000000,NetCashProvidedByUsedInOperatingActivities,USD,2024-11-07,10-Q,2023-09-30,through_ocf,True,,,-0.43251,-1.205194,5.379288,0.483809,-0.611735
2024Q4,2024-10-23,RJF,720005,"RAYMOND JAMES FINANCIAL, INC.",$2B-$10B,,9477000000,Revenues,USD,2024-08-06,10-Q,2023-06-30,1305000000,NetIncomeLoss,USD,2024-08-06,10-Q,2023-06-30,78360000000,Assets,USD,2024-08-06,10-Q,2023-09-30,1089000000,NetCashProvidedByUsedInFinancingActivities,USD,2024-08-06,10-Q,2023-06-30,68000000,NetCashProvidedByUsedInInvestingActivities,USD,2024-08-06,10-Q,2023-06-30,-3948000000,NetCashProvidedByUsedInOperatingActivities,USD,2024-08-06,10-Q,2023-06-30,through_ocf,True,,,0.137702,-0.416588,8.268439,0.11491,0.007175
2024Q4,2024-11-07,RL,1037038,Ralph Lauren Corporation,$2B-$10B,,3129500000,Revenues,USD,2024-11-07,10-Q,2023-09-30,279000000,NetIncomeLoss,USD,2024-11-07,10-Q,2023-09-30,6602600000,Assets,USD,2024-11-07,10-Q,2024-03-30,-335100000,NetCashProvidedByUsedInFinancingActivities,USD,2024-11-07,10-Q,2023-09-30,-132900000,NetCashProvidedByUsedInInvestingActivities,USD,2024-11-07,10-Q,2023-09-30,343600000,NetCashProvidedByUsedInOperatingActivities,USD,2024-11-07,10-Q,2023-09-30,through_ocf,True,,,0.089152,0.109794,2.109794,-0.107078,-0.042467
2024Q4,2024-11-12,RLGT,1171155,"RADIANT LOGISTICS, INC.",$100M-$500M,,210797000,RevenueFromContractWithCustomerExcludingAssessedTax,USD,2024-11-12,10-Q,2023-09-30,2622000,NetIncomeLoss,USD,2024-11-12,10-Q,2023-09-30,377826000,Assets,USD,2024-11-12,10-Q,2023-09-30,-1979000,NetCashProvidedByUsedInFinancingActivities,USD,2024-11-12,10-Q,2023-09-30,-2469000,NetCashProvidedByUsedInInvestingActivities,USD,2024-11-12,10-Q,2023-09-30,7886000,NetCashProvidedByUsedInOperatingActivities,USD,2024-11-12,10-Q,2023-09-30,through_ocf,True,,,0.012439,0.03741,1.792369,-0.009388,-0.011713
2024Q4,2024-11-06,RLJ,1511337,RLJ LODGING TRUST,$500M-$1B,,671463000,Revenues,USD,2024-08-02,10-Q,2023-06-30,52040000,NetIncomeLoss,USD,2024-08-02,10-Q,2023-06-30,4919295000,Assets,USD,2024-08-02,10-Q,2023-12-31,-96354000,NetCashProvidedByUsedInFinancingActivities,USD,2024-08-02,10-Q,2023-06-30,-65815000,NetCashProvidedByUsedInInvestingActivities,USD,2024-08-02,10-Q,2023-06-30,137115000,NetCashProvidedByUsedInOperatingActivities,USD,2024-08-02,10-Q,2023-06-30,through_ocf,True,,,0.077502,0.204203,7.326234,-0.143499,-0.098017
2024Q4,2024-11-06,RM,1519401,Regional Management Corp.,$100M-$500M,,268862000,Revenues,USD,2024-08-02,10-Q,2023-06-30,14712000,NetIncomeLoss,USD,2024-08-02,10-Q,2023-06-30,1794527000,Assets,USD,2024-08-02,10-Q,2023-12-31,-20288000,NetCashProvidedByUsedInFinancingActivities,USD,2024-08-02,10-Q,2023-06-30,-84774000,NetCashProvidedByUsedInInvestingActivities,USD,2024-08-02,10-Q,2023-06-30,114725000,NetCashProvidedByUsedInOperatingActivities,USD,2024-08-02,10-Q,2023-06-30,through_ocf,True,,,0.05472,0.426706,6.674528,-0.075459,-0.315307
2024Q4,2024-10-28,RMBS,917273,RAMBUS INC,$100M-$500M,,192071000,SalesRevenueNet,USD,2018-08-03,10-Q,2017-06-30,172161000,NetIncomeLoss,USD,2024-07-31,10-Q,2023-06-30,1258227000,Assets,USD,2024-07-31,10-Q,2023-12-31,-58296000,NetCashProvidedByUsedInFinancingActivities,USD,2024-07-31,10-Q,2023-06-30,-34982000,NetCashProvidedByUsedInInvestingActivities,USD,2024-07-31,10-Q,2023-06-30,89348000,NetCashProvidedByUsedInOperatingActivities,USD,2024-07-31,10-Q,2023-06-30,through_ocf,True,,,0.89634,0.465182,6.550843,-0.303513,-0.182131
2024Q4,2024-10-24,RMD,943819,ResMed Inc.,$2B-$10B,,3578127000,RevenueFromContractWithCustomerExcludingAssessedTax,USD,2024-08-09,10-K,2022-06-30,779437000,NetIncomeLoss,USD,2024-08-09,10-K,2022-06-30,6751708000,Assets,USD,2024-08-09,10-K,2023-06-30,-128363000,NetCashProvidedByUsedInFinancingActivities,USD,2024-08-09,10-K,2022-06-30,-229918000,NetCashProvidedByUsedInInvestingActivities,USD,2024-08-09,10-K,2022-06-30,351147000,NetCashProvidedByUsedInOperatingActivities,USD,2024-08-09,10-K,2022-06-30,through_ocf,True,,,0.217834,0.098137,1.886939,-0.035874,-0.064257
2024Q4,2024-10-30,RMNI,1635282,"Rimini Street, Inc.",$100M-$500M,,319386000,RevenueFromContractWithCustomerExcludingAssessedTax,USD,2024-10-30,10-Q,2023-09-30,16708000,NetIncomeLoss,USD,2024-10-30,10-Q,2023-09-30,393796000,Assets,USD,2024-10-30,10-Q,2023-12-31,-5120000,NetCashProvidedByUsedInFinancingActivities,USD,2024-10-30,10-Q,2023-09-30,-4158000,NetCashProvidedByUsedInInvestingActivities,USD,2024-10-30,10-Q,2023-09-30,13613000,NetCashProvidedByUsedInOperatingActivities,USD,2024-10-30,10-Q,2023-09-30,through_ocf,True,,,0.052313,0.042622,1.232978,-0.016031,-0.013019
2024Q4,2024-11-12,RMR,1644378,RMR GROUP INC.,$500M-$1B,,832503000,Revenues,USD,2024-11-12,10-K,2022-09-30,34004000,NetIncomeLoss,USD,2024-11-12,10-K,2022-09-30,582424000,Assets,USD,2024-11-12,10-K,2023-09-30,-61427000,NetCashProvidedByUsedInFinancingActivities,USD,2024-11-12,10-K,2022-09-30,-10590000,NetCashProvidedByUsedInInvestingActivities,USD,2024-11-12,10-K,2022-09-30,101270000,NetCashProvidedByUsedInOperatingActivities,USD,2024-11-12,10-K,2022-09-30,through_ocf,True,,,0.040845,0.121645,0.699606,-0.073786,-0.012721
2024Q4,2024-10-28,RNGR,1699039,"RANGER ENERGY SERVICES, INC.",$100M-$500M,,485100000,Revenues,USD,2024-10-28,10-Q,2023-09-30,21700000,NetIncomeLoss,USD,2024-10-28,10-Q,2023-09-30,378000000,Assets,USD,2024-10-28,10-Q,2023-12-31,-25600000,NetCashProvidedByUsedInFinancingActivities,USD,2024-10-28,10-Q,2023-09-30,-23000000,NetCashProvidedByUsedInInvestingActivities,USD,2024-10-28,10-Q,2023-09-30,53100000,NetCashProvidedByUsedInOperatingActivities,USD,2024-10-28,10-Q,2023-09-30,through_ocf,True,,,0.044733,0.109462,0.779221,-0.052773,-0.047413
2024Q4,2024-10-21,ROAD,1718227,"CONSTRUCTION PARTNERS, INC.",$1B-$2B,,1088522000,RevenueFromContractWithCustomerExcludingAssessedTax,USD,2024-08-09,10-Q,2023-06-30,1892000,NetIncomeLoss,USD,2024-08-09,10-Q,2022-12-31,1219665000,Assets,USD,2024-08-09,10-Q,2023-09-30,43486000,NetCashProvidedByUsedInFinancingActivities,USD,2024-08-09,10-Q,2023-06-30,-118638000,NetCashProvidedByUsedInInvestingActivities,USD,2024-08-09,10-Q,2023-06-30,94542000,NetCashProvidedByUsedInOperatingActivities,USD,2024-08-09,10-Q,2023-06-30,through_ocf,True,,,0.001738,0.086854,1.120478,0.03995,-0.10899
2024Q4,2024-10-11,ROCK,912562,"GIBRALTAR INDUSTRIES, INC.",$500M-$1B,,658181000,Revenues,USD,2024-07-31,10-Q,2023-06-30,51822000,NetIncomeLoss,USD,2024-07-31,10-Q,2023-06-30,1256451000,Assets,USD,2024-07-31,10-Q,2023-12-31,-107970000,NetCashProvidedByUsedInFinancingActivities,USD,2024-07-31,10-Q,2023-06-30,-4730000,NetCashProvidedByUsedInInvestingActivities,USD,2024-07-31,10-Q,2023-06-30,114094000,NetCashProvidedByUsedInOperatingActivities,USD,2024-07-31,10-Q,2023-06-30,through_ocf,True,,,0.078735,0.173347,1.908975,-0.164043,-0.007186
2024Q4,2024-10-24,ROG,84748,ROGERS CORP,$100M-$500M,,474700000,RevenueFromContractWithCustomerExcludingAssessedTax,USD,2024-07-26,10-Q,2023-06-30,14400000,NetIncomeLoss,USD,2024-07-26,10-Q,2023-06-30,1517200000,Assets,USD,2024-07-26,10-Q,2023-12-31,-89500000,NetCashProvidedByUsedInFinancingActivities,USD,2024-07-26,10-Q,2023-06-30,-24600000,NetCashProvidedByUsedInInvestingActivities,USD,2024-07-26,10-Q,2023-06-30,17500000,NetCashProvidedByUsedInOperatingActivities,USD,2024-07-26,10-Q,2023-06-30,through_ocf,True,,,0.030335,0.036865,3.196124,-0.18854,-0.051822
2024Q4,2024-10-30,ROKU,1428439,"Roku, Inc.",$1B-$2B,,1588176000,RevenueFromContractWithCustomerExcludingAssessedTax,USD,2024-08-02,10-Q,2023-06-30,-301199000,NetIncomeLoss,USD,2024-08-02,10-Q,2023-06-30,4261792000,Assets,USD,2024-08-02,10-Q,2023-12-31,-78496000,NetCashProvidedByUsedInFinancingActivities,USD,2024-08-02,10-Q,2023-06-30,-82316000,NetCashProvidedByUsedInInvestingActivities,USD,2024-08-02,10-Q,2023-06-30,-6359000,NetCashProvidedByUsedInOperatingActivities,USD,2024-08-02,10-Q,2023-06-30,through_ocf,True,,,-0.189651,-0.004004,2.683451,-0.049425,-0.051831
2024Q4,2024-10-23,ROL,84839,"ROLLINS, INC.",$1B-$2B,,1478765000,RevenueFromContractWithCustomerExcludingAssessedTax,USD,2024-07-25,10-Q,2023-06-30,198377000,NetIncomeLoss,USD,2024-07-25,10-Q,2023-06-30,2595460000,Assets,USD,2024-07-25,10-Q,2023-12-31,140195000,NetCashProvidedByUsedInFinancingActivities,USD,2024-07-25,10-Q,2023-06-30,-331622000,NetCashProvidedByUsedInInvestingActivities,USD,2024-07-25,10-Q,2023-06-30,248186000,NetCashProvidedByUsedInOperatingActivities,USD,2024-07-25,10-Q,2023-06-30,through_ocf,True,,,0.13415,0.167833,1.755154,0.094805,-0.224256
2024Q4,2024-10-23,ROP,882835,"ROPER TECHNOLOGIES, INC.",$2B-$10B,,3000900000,RevenueFromContractWithCustomerExcludingAssessedTax,USD,2024-08-01,10-Q,2023-06-30,648000000,NetIncomeLoss,USD,2024-08-01,10-Q,2023-06-30,28167500000,Assets,USD,2024-08-01,10-Q,2023-12-31,-75800000,NetCashProvidedByUsedInFinancingActivities,USD,2024-08-01,10-Q,2023-06-30,-50300000,NetCashProvidedByUsedInInvestingActivities,USD,2024-08-01,10-Q,2023-06-30,783300000,NetCashProvidedByUsedInOperatingActivities,USD,2024-08-01,10-Q,2023-06-30,through_ocf,True,,,0.215935,0.261022,9.386351,-0.025259,-0.016762
2024Q4,2024-11-21,ROST,745732,"ROSS STORES, INC.",$2B-$10B,,9429591000,RevenueFromContractWithCustomerExcludingAssessedTax,USD,2024-09-11,10-Q,2023-07-29,371191000,NetIncomeLoss,USD,2024-09-11,10-Q,2023-04-29,13987302000,Assets,USD,2024-09-11,10-Q,2023-07-29,-719766000,NetCashProvidedByUsedInFinancingActivities,USD,2024-09-11,10-Q,2023-07-29,-363459000,NetCashProvidedByUsedInInvestingActivities,USD,2024-09-11,10-Q,2023-07-29,1116281000,NetCashProvidedByUsedInOperatingActivities,USD,2024-09-11,10-Q,2023-07-29,through_ocf,True,,,0.039364,0.118381,1.483341,-0.076331,-0.038545
2024Q4,2024-11-06,RPD,1560327,"RAPID7, INC.",$100M-$500M,,373596000,Revenues,USD,2024-08-07,10-Q,2023-06-30,-92697000,NetIncomeLoss,USD,2024-08-07,10-Q,2023-06-30,1505348000,Assets,USD,2024-08-07,10-Q,2023-12-31,4015000,NetCashProvidedByUsedInFinancingActivities,USD,2024-08-07,10-Q,2023-06-30,-62183000,NetCashProvidedByUsedInInvestingActivities,USD,2024-08-07,10-Q,2023-06-30,37147000,NetCashProvidedByUsedInOperatingActivities,USD,2024-08-07,10-Q,2023-06-30,through_ocf,True,,,-0.248121,0.099431,4.029347,0.010747,-0.166445
2024Q4,2024-11-06,RPRX,1802768,Royalty Pharma plc,$1B-$2B,,1758486000,Revenues,USD,2024-11-06,10-Q,2023-09-30,640494000,NetIncomeLoss,USD,2024-11-06,10-Q,2023-09-30,16381851000,Assets,USD,2024-11-06,10-Q,2023-12-31,-1916860000,NetCashProvidedByUsedInFinancingActivities,USD,2024-11-06,10-Q,2023-09-30,-1072617000,NetCashProvidedByUsedInInvestingActivities,USD,2024-11-06,10-Q,2023-09-30,2215174000,NetCashProvidedByUsedInOperatingActivities,USD,2024-11-06,10-Q,2023-09-30,through_ocf,True,,,0.36423,1.259705,9.315884,-1.090063,-0.609966
2024Q4,2024-11-06,RRGB,1171759,"RED ROBIN GOURMET BURGERS, INC.",$500M-$1B,,994020000,RevenueFromContractWithCustomerExcludingAssessedTax,USD,2024-11-06,10-Q,2023-10-01,-3256000,NetIncomeLoss,USD,2024-11-06,10-Q,2023-04-16,741934000,Assets,USD,2024-11-06,10-Q,2023-12-31,-33741000,NetCashProvidedByUsedInFinancingActivities,USD,2024-11-06,10-Q,2023-10-01,18992000,NetCashProvidedByUsedInInvestingActivities,USD,2024-11-06,10-Q,2023-10-01,17361000,NetCashProvidedByUsedInOperatingActivities,USD,2024-11-06,10-Q,2023-10-01,through_ocf,True,,,-0.003276,0.017465,0.746397,-0.033944,0.019106
2024Q4,2024-11-07,RRR,1653653,"RED ROCK RESORTS, INC.",$500M-$1B,,849766000,Revenues,USD,2024-08-07,10-Q,2023-06-30,84189000,NetIncomeLoss,USD,2024-08-07,10-Q,2023-06-30,3954512000,Assets,USD,2024-08-07,10-Q,2023-12-31,132613000,NetCashProvidedByUsedInFinancingActivities,USD,2024-08-07,10-Q,2023-06-30,-384134000,NetCashProvidedByUsedInInvestingActivities,USD,2024-08-07,10-Q,2023-06-30,235181000,NetCashProvidedByUsedInOperatingActivities,USD,2024-08-07,10-Q,2023-06-30,through_ocf,True,,,0.099073,0.27676,4.653648,0.156058,-0.452047
2024Q4,2024-10-29,RSG,1060391,"REPUBLIC SERVICES, INC.",$2B-$10B,,8468500000,Revenues,USD,2024-07-25,10-Q,2023-06-30,811250000,NetIncomeLoss,USD,2024-07-25,10-Q,2023-06-30,29823300000,Assets,USD,2024-07-25,10-Q,2023-06-30,-33700000,NetCashProvidedByUsedInFinancingActivities,USD,2024-07-25,10-Q,2023-06-30,-1674300000,NetCashProvidedByUsedInInvestingActivities,USD,2024-07-25,10-Q,2023-06-30,1766200000,NetCashProvidedByUsedInOperatingActivities,USD,2024-07-25,10-Q,2023-06-30,through_ocf,True,,,0.095796,0.208561,3.521674,-0.003979,-0.197709
2024Q4,2024-10-30,RSI,1793659,"RUSH STREET INTERACTIVE, INC.",$100M-$500M,,327423000,RevenueFromContractWithCustomerExcludingAssessedTax,USD,2024-08-01,10-Q,2023-06-30,-12399000,NetIncomeLoss,USD,2024-08-01,10-Q,2023-06-30,318580000,Assets,USD,2024-08-01,10-Q,2023-12-31,-247000,NetCashProvidedByUsedInFinancingActivities,USD,2024-08-01,10-Q,2023-06-30,-19115000,NetCashProvidedByUsedInInvestingActivities,USD,2024-08-01,10-Q,2023-06-30,-37155000,NetCashProvidedByUsedInOperatingActivities,USD,2024-08-01,10-Q,2023-06-30,through_ocf,True,,,-0.037868,-0.113477,0.972992,-0.000754,-0.05838
2024Q4,2024-10-30,RSVR,1824403,"RESERVOIR MEDIA, INC.",<$100M,,70233886,Revenues,USD,2024-10-30,10-Q,2023-09-30,812723,NetIncomeLoss,USD,2024-10-30,10-Q,2023-09-30,783534568,Assets,USD,2024-10-30,10-Q,2024-03-31,19573473,NetCashProvidedByUsedInFinancingActivities,USD,2024-10-30,10-Q,2023-09-30,-32516325,NetCashProvidedByUsedInInvestingActivities,USD,2024-10-30,10-Q,2023-09-30,18856923,NetCashProvidedByUsedInOperatingActivities,USD,2024-10-30,10-Q,2023-09-30,through_ocf,True,,,0.011572,0.268488,11.156076,0.27869,-0.462972
2024Q4,2024-11-07,RUN,1469367,Sunrun Inc.,$1B-$2B,,1743223000,RevenueFromContractWithCustomerExcludingAssessedTax,USD,2024-11-07,10-Q,2023-09-30,-1254373000,NetIncomeLoss,USD,2024-11-07,10-Q,2023-09-30,20450237000,Assets,USD,2024-11-07,10-Q,2023-12-31,2655674000,NetCashProvidedByUsedInFinancingActivities,USD,2024-11-07,10-Q,2023-09-30,-1952019000,NetCashProvidedByUsedInInvestingActivities,USD,2024-11-07,10-Q,2023-09-30,-704733000,NetCashProvidedByUsedInOperatingActivities,USD,2024-11-07,10-Q,2023-09-30,through_ocf,True,,,-0.719571,-0.40427,11.73128,1.523428,-1.119776
2024Q4,2024-11-05,RVLV,1746618,"REVOLVE GROUP, INC.",$500M-$1B,,810941000,RevenueFromContractWithCustomerExcludingAssessedTax,USD,2024-11-05,10-Q,2023-09-30,24653000,NetIncomeLoss,USD,2024-11-05,10-Q,2023-09-30,608886000,Assets,USD,2024-11-05,10-Q,2023-12-31,-12098000,NetCashProvidedByUsedInFinancingActivities,USD,2024-11-05,10-Q,2023-09-30,-3114000,NetCashProvidedByUsedInInvestingActivities,USD,2024-11-05,10-Q,2023-09-30,47218000,NetCashProvidedByUsedInOperatingActivities,USD,2024-11-05,10-Q,2023-09-30,through_ocf,True,,,0.0304,0.058226,0.750839,-0.014918,-0.00384
2024Q4,2024-11-04,RVTY,31791,"REVVITY, INC.",$1B-$2B,,1383931000,RevenueFromContractWithCustomerExcludingAssessedTax,USD,2024-08-06,10-Q,2023-07-02,569475000,NetIncomeLoss,USD,2024-08-06,10-Q,2023-04-02,13564665000,Assets,USD,2024-08-06,10-Q,2023-12-31,-341458000,NetCashProvidedByUsedInFinancingActivities,USD,2024-08-06,10-Q,2023-07-02,1293461000,NetCashProvidedByUsedInInvestingActivities,USD,2024-08-06,10-Q,2023-07-02,-71856000,NetCashProvidedByUsedInOperatingActivities,USD,2024-08-06,10-Q,2023-07-02,through_ocf,True,,,0.411491,-0.051922,9.801547,-0.246731,0.934628
2024Q4,2024-11-07,RXO,0001929561,"RXO, INC.",$2B-$10B,,2949000000,RevenueFromContractWithCustomerExcludingAssessedTax,USD,2024-11-07,10-Q,2023-09-30,2000000,NetIncomeLoss,USD,2024-11-07,10-Q,2023-09-30,1825000000,Assets,USD,2024-11-07,10-Q,2023-12-31,-17000000,NetCashProvidedByUsedInFinancingActivities,USD,2024-11-07,10-Q,2023-09-30,-47000000,NetCashProvidedByUsedInInvestingActivities,USD,2024-11-07,10-Q,2023-09-30,70000000,NetCashProvidedByUsedInOperatingActivities,USD,2024-11-07,10-Q,2023-09-30,through_ocf,True,,,0.000678,0.023737,0.618854,-0.005765,-0.015938
2024Q4,2024-11-05,RYAM,1597672,RAYONIER ADVANCED MATERIALS INC.,$500M-$1B,,852174000,RevenueFromContractWithCustomerExcludingAssessedTax,USD,2024-08-07,10-Q,2023-07-01,-15143000,NetIncomeLoss,USD,2024-08-07,10-Q,2023-07-01,2182700000,Assets,USD,2024-08-07,10-Q,2023-12-31,-25638000,NetCashProvidedByUsedInFinancingActivities,USD,2024-08-07,10-Q,2023-07-01,-54323000,NetCashProvidedByUsedInInvestingActivities,USD,2024-08-07,10-Q,2023-07-01,51389000,NetCashProvidedByUsedInOperatingActivities,USD,2024-05-08,10-Q,2023-04-01,through_ocf,True,,,-0.01777,0.060303,2.561331,-0.030085,-0.063746
2024Q4,2024-10-29,RYZ,1481582,Ryerson Holding Corporation,$2B-$10B,,3996300000,RevenueFromContractWithCustomerExcludingAssessedTax,USD,2024-10-29,10-Q,2023-09-30,119900000,NetIncomeLoss,USD,2024-10-29,10-Q,2023-09-30,2569600000,Assets,USD,2024-10-29,10-Q,2023-12-31,-129200000,NetCashProvidedByUsedInFinancingActivities,USD,2024-10-29,10-Q,2023-09-30,-146800000,NetCashProvidedByUsedInInvestingActivities,USD,2024-10-29,10-Q,2023-09-30,275000000,NetCashProvidedByUsedInOperatingActivities,USD,2024-10-29,10-Q,2023-09-30,through_ocf,True,,,0.030003,0.068814,0.642995,-0.03233,-0.036734
2024Q4,2024-10-31,SABR,1597033,Sabre Corp,$2B-$10B,,2220685000,RevenueFromContractWithCustomerExcludingAssessedTax,USD,2024-10-31,10-Q,2023-09-30,-431149000,NetIncomeLoss,USD,2024-10-31,10-Q,2023-09-30,4672194000,Assets,USD,2024-10-31,10-Q,2023-12-31,-72518000,NetCashProvidedByUsedInFinancingActivities,USD,2024-10-31,10-Q,2023-09-30,-80631000,NetCashProvidedByUsedInInvestingActivities,USD,2024-10-31,10-Q,2023-09-30,455906000,NetCashProvidedByUsedInOperatingActivities,USD,2018-10-30,10-Q,2017-09-30,through_ocf,True,,,-0.194151,0.2053,2.103943,-0.032656,-0.036309
2024Q4,2024-11-05,SAFT,1172052,"SAFETY INSURANCE GROUP, INC.",$100M-$500M,,443202000,Revenues,USD,2024-08-09,10-Q,2023-06-30,-12337000,NetIncomeLoss,USD,2024-08-09,10-Q,2023-03-31,2094004000,Assets,USD,2024-08-09,10-Q,2023-12-31,-32168000,NetCashProvidedByUsedInFinancingActivities,USD,2024-08-09,10-Q,2023-06-30,45694000,NetCashProvidedByUsedInInvestingActivities,USD,2024-08-09,10-Q,2023-06-30,-13438000,NetCashProvidedByUsedInOperatingActivities,USD,2024-08-09,10-Q,2023-06-30,through_ocf,True,,,-0.027836,-0.03032,4.724717,-0.072581,0.1031
2024Q4,2024-10-24,SAH,1043509,"SONIC AUTOMOTIVE, INC.",>$10B,,10787600000,RevenueFromContractWithCustomerExcludingAssessedTax,USD,2024-10-24,10-Q,2023-09-30,139500000,NetIncomeLoss,USD,2024-10-24,10-Q,2023-09-30,5364600000,Assets,USD,2024-10-24,10-Q,2023-12-31,-127400000,NetCashProvidedByUsedInFinancingActivities,USD,2024-10-24,10-Q,2023-09-30,-171400000,NetCashProvidedByUsedInInvestingActivities,USD,2024-10-24,10-Q,2023-09-30,104200000,NetCashProvidedByUsedInOperatingActivities,USD,2024-10-24,10-Q,2023-09-30,through_ocf,True,,,0.012932,0.009659,0.497293,-0.01181,-0.015889
2024Q4,2024-10-25,SAIA,1177702,"SAIA, INC.",$2B-$10B,,2130301000,RevenueFromContractWithCustomerExcludingAssessedTax,USD,2024-10-25,10-Q,2023-09-30,76097000,NetIncomeLoss,USD,2024-10-25,10-Q,2023-03-31,2583565000,Assets,USD,2024-10-25,10-Q,2023-12-31,-17388000,NetCashProvidedByUsedInFinancingActivities,USD,2024-10-25,10-Q,2023-09-30,-337008000,NetCashProvidedByUsedInInvestingActivities,USD,2024-10-25,10-Q,2023-09-30,416268000,NetCashProvidedByUsedInOperatingActivities,USD,2024-10-25,10-Q,2023-09-30,through_ocf,True,,,0.035721,0.195403,1.21277,-0.008162,-0.158197
2024Q4,2024-12-05,SAIC,1571123,Science Applications International Corp,$2B-$10B,,5707000000,Revenues,USD,2024-12-05,10-Q,2023-11-03,438000000,NetIncomeLoss,USD,2024-12-05,10-Q,2023-11-03,5314000000,Assets,USD,2024-12-05,10-Q,2024-02-02,-455000000,NetCashProvidedByUsedInFinancingActivities,USD,2024-12-05,10-Q,2023-11-03,324000000,NetCashProvidedByUsedInInvestingActivities,USD,2024-12-05,10-Q,2023-11-03,333000000,NetCashProvidedByUsedInOperatingActivities,USD,2024-12-05,10-Q,2023-11-03,through_ocf,True,,,0.076748,0.058349,0.931137,-0.079727,0.056772
2024Q4,2024-10-28,SBAC,1034054,SBA Communications Corporation,$1B-$2B,,1354016000,Revenues,USD,2024-08-02,10-Q,2023-06-30,304865000,NetIncomeLoss,USD,2024-08-02,10-Q,2023-06-30,10178441000,Assets,USD,2024-08-02,10-Q,2023-12-31,-474888000,NetCashProvidedByUsedInFinancingActivities,USD,2024-08-02,10-Q,2023-06-30,-258346000,NetCashProvidedByUsedInInvestingActivities,USD,2024-08-02,10-Q,2023-06-30,798101000,NetCashProvidedByUsedInOperatingActivities,USD,2024-08-02,10-Q,2023-06-30,through_ocf,True,,,0.225156,0.589432,7.517224,-0.350726,-0.1908
2024Q4,2024-11-06,SBGI,0001971213,"Sinclair, Inc.",$1B-$2B,,1541000000,Revenues,USD,2024-08-09,10-Q,2023-06-30,96000000,NetIncomeLoss,USD,2024-08-09,10-Q,2023-06-30,6085000000,Assets,USD,2024-08-09,10-Q,2023-12-31,-427000000,NetCashProvidedByUsedInFinancingActivities,USD,2024-08-09,10-Q,2023-06-30,129000000,NetCashProvidedByUsedInInvestingActivities,USD,2024-08-09,10-Q,2023-06-30,142000000,NetCashProvidedByUsedInOperatingActivities,USD,2024-08-09,10-Q,2023-06-30,through_ocf,True,,,0.062297,0.092148,3.948735,-0.277093,0.083712
2024Q4,2024-11-14,SBH,1368458,"SALLY BEAUTY HOLDINGS, INC.",$2B-$10B,,3815565000,RevenueFromContractWithCustomerExcludingAssessedTax,USD,2024-11-14,10-K,2022-09-30,183553000,NetIncomeLoss,USD,2024-11-14,10-K,2022-09-30,2576867000,Assets,USD,2024-11-14,10-K,2022-09-30,-373679000,NetCashProvidedByUsedInFinancingActivities,USD,2024-11-14,10-K,2022-09-30,-102419000,NetCashProvidedByUsedInInvestingActivities,USD,2024-11-14,10-K,2022-09-30,156500000,NetCashProvidedByUsedInOperatingActivities,USD,2024-11-14,10-K,2022-09-30,through_ocf,True,,,0.048106,0.041016,0.675357,-0.097935,-0.026842
2024Q4,2024-10-31,SBRA,1492298,"SABRA HEALTH CARE REIT, INC.",$100M-$500M,,484117000,Revenues,USD,2024-10-31,10-Q,2023-09-30,-3400000,NetIncomeLoss,USD,2024-10-31,10-Q,2023-09-30,5386150000,Assets,USD,2024-10-31,10-Q,2023-12-31,-400937000,NetCashProvidedByUsedInFinancingActivities,USD,2024-10-31,10-Q,2023-09-30,164909000,NetCashProvidedByUsedInInvestingActivities,USD,2024-10-31,10-Q,2023-09-30,221834000,NetCashProvidedByUsedInOperatingActivities,USD,2024-10-31,10-Q,2023-09-30,through_ocf,True,,,-0.007023,0.458224,11.12572,-0.828182,0.340639
2024Q4,2024-10-22,SCCO,1001838,SOUTHERN COPPER CORP/,$2B-$10B,,5094600000,RevenueFromContractWithCustomerExcludingAssessedTax,USD,2024-08-02,10-Q,2023-06-30,1365600000,ProfitLoss,USD,2024-08-02,10-Q,2023-06-30,16939500000,Assets,USD,2024-08-02,10-Q,2023-06-30,-1550500000,NetCashProvidedByUsedInFinancingActivities,USD,2024-08-02,10-Q,2023-06-30,-282500000,NetCashProvidedByUsedInInvestingActivities,USD,2024-08-02,10-Q,2023-06-30,1982300000,NetCashProvidedByUsedInOperatingActivities,USD,2024-08-02,10-Q,2023-06-30,through_ocf,True,,,0.268049,0.389098,3.324991,-0.304342,-0.055451
2024Q4,2024-12-19,SCHL,866729,SCHOLASTIC CORPORATION,$100M-$500M,,228500000,RevenueFromContractWithCustomerExcludingAssessedTax,USD,2024-09-27,10-Q,2023-08-31,-74200000,NetIncomeLoss,USD,2024-09-27,10-Q,2023-08-31,1772300000,Assets,USD,2024-09-27,10-Q,2023-08-31,-39300000,NetCashProvidedByUsedInFinancingActivities,USD,2024-09-27,10-Q,2023-08-31,-21800000,NetCashProvidedByUsedInInvestingActivities,USD,2024-09-27,10-Q,2023-08-31,-38100000,NetCashProvidedByUsedInOperatingActivities,USD,2024-09-27,10-Q,2023-08-31,through_ocf,True,,,-0.324726,-0.16674,7.756236,-0.171991,-0.095405
2024Q4,2024-10-30,SCL,94049,STEPAN COMPANY,$1B-$2B,,1231411000,RevenueFromContractWithCustomerExcludingAssessedTax,USD,2024-08-08,10-Q,2023-06-30,28826000,NetIncomeLoss,USD,2024-08-08,10-Q,2023-06-30,2363354000,Assets,USD,2024-08-08,10-Q,2023-12-31,77956000,NetCashProvidedByUsedInFinancingActivities,USD,2024-08-08,10-Q,2023-06-30,-158231000,NetCashProvidedByUsedInInvestingActivities,USD,2024-08-08,10-Q,2023-06-30,35802000,NetCashProvidedByUsedInOperatingActivities,USD,2024-08-08,10-Q,2023-06-30,through_ocf,True,,,0.023409,0.029074,1.919224,0.063306,-0.128496
2024Q4,2024-11-07,SCSC,918965,"ScanSource, Inc.",$500M-$1B,,876305000,RevenueFromContractWithCustomerExcludingAssessedTax,USD,2024-11-07,10-Q,2023-09-30,15432000,NetIncomeLoss,USD,2024-11-07,10-Q,2023-09-30,1779032000,Assets,USD,2024-11-07,10-Q,2024-06-30,-83493000,NetCashProvidedByUsedInFinancingActivities,USD,2024-11-07,10-Q,2023-09-30,-2315000,NetCashProvidedByUsedInInvestingActivities,USD,2024-11-07,10-Q,2023-09-30,93533000,NetCashProvidedByUsedInOperatingActivities,USD,2024-11-07,10-Q,2023-09-30,through_ocf,True,,,0.01761,0.106736,2.030152,-0.095278,-0.002642
2024Q4,2024-11-21,SCVL,895447,"SHOE CARNIVAL, INC.",$500M-$1B,,575799000,Revenues,USD,2024-09-06,10-Q,2023-07-29,35967000,NetIncomeLoss,USD,2024-09-06,10-Q,2023-07-29,1043204000,Assets,USD,2024-09-06,10-Q,2023-07-29,-8492000,NetCashProvidedByUsedInFinancingActivities,USD,2024-09-06,10-Q,2023-07-29,-30670000,NetCashProvidedByUsedInInvestingActivities,USD,2024-09-06,10-Q,2023-07-29,22352000,NetCashProvidedByUsedInOperatingActivities,USD,2024-09-06,10-Q,2023-07-29,through_ocf,True,,,0.062465,0.038819,1.81175,-0.014748,-0.053265
2024Q4,2024-11-07,SEAT,1856031,Vivid Seats Inc.,$100M-$500M,,430119000,RevenueFromContractWithCustomerExcludingAssessedTax,USD,2024-11-07,10-Q,2023-09-30,61674000,ProfitLoss,USD,2024-11-07,10-Q,2023-09-30,1550099000,Assets,USD,2024-11-07,10-Q,2023-12-31,-26696000,NetCashProvidedByUsedInFinancingActivities,USD,2024-11-07,10-Q,2023-09-30,-71032000,NetCashProvidedByUsedInInvestingActivities,USD,2024-11-07,10-Q,2023-09-30,114386000,NetCashProvidedByUsedInOperatingActivities,USD,2024-11-07,10-Q,2023-09-30,through_ocf,True,,,0.143388,0.26594,3.603884,-0.062067,-0.165145
2024Q4,2024-11-06,SEDG,1419612,"SOLAREDGE TECHNOLOGIES, INC.",$1B-$2B,,1935179000,Revenues,USD,2024-08-07,10-Q,2023-06-30,138378000,NetIncomeLoss,USD,2024-08-07,10-Q,2023-03-31,4587731000,Assets,USD,2024-08-07,10-Q,2023-12-31,-10141000,NetCashProvidedByUsedInFinancingActivities,USD,2024-08-07,10-Q,2023-06-30,-144454000,NetCashProvidedByUsedInInvestingActivities,USD,2024-08-07,10-Q,2023-06-30,-80788000,NetCashProvidedByUsedInOperatingActivities,USD,2024-08-07,10-Q,2023-06-30,through_ocf,True,,,0.071507,-0.041747,2.370701,-0.00524,-0.074646
2024Q4,2024-10-23,SEIC,350894,SEI INVESTMENTS COMPANY,$500M-$1B,,958176000,Revenues,USD,2024-07-26,10-Q,2023-06-30,225866000,NetIncomeLoss,USD,2024-07-26,10-Q,2023-06-30,2520003000,Assets,USD,2024-07-26,10-Q,2023-12-31,-239465000,NetCashProvidedByUsedInFinancingActivities,USD,2024-07-26,10-Q,2023-06-30,-25809000,NetCashProvidedByUsedInInvestingActivities,USD,2024-07-26,10-Q,2023-06-30,182454000,NetCashProvidedByUsedInOperatingActivities,USD,2024-07-26,10-Q,2023-06-30,through_ocf,True,,,0.235725,0.190418,2.63,-0.249918,-0.026936
2024Q4,2024-10-31,SEM,1320414,SELECT MEDICAL HOLDINGS CORPORATION,$2B-$10B,,5005202000,RevenueFromContractWithCustomerExcludingAssessedTax,USD,2024-10-31,10-Q,2023-09-30,70805000,NetIncomeLoss,USD,2024-10-31,10-Q,2023-03-31,7684008000,Assets,USD,2024-10-31,10-Q,2023-09-30,-224189000,NetCashProvidedByUsedInFinancingActivities,USD,2024-10-31,10-Q,2023-09-30,-198893000,NetCashProvidedByUsedInInvestingActivities,USD,2024-10-31,10-Q,2023-09-30,402616000,NetCashProvidedByUsedInOperatingActivities,USD,2024-10-31,10-Q,2023-09-30,through_ocf,True,,,0.014146,0.08044,1.535204,-0.044791,-0.039737
2024Q4,2024-12-10,SFIX,1576942,"STITCH FIX, INC.",$2B-$10B,,2017804000,RevenueFromContractWithCustomerExcludingAssessedTax,USD,2024-09-25,10-K,2022-07-30,-207121000,NetIncomeLoss,USD,2024-09-25,10-K,2022-07-30,614478000,Assets,USD,2024-09-25,10-K,2023-07-29,-59580000,NetCashProvidedByUsedInFinancingActivities,USD,2024-09-25,10-K,2022-07-30,11627000,NetCashProvidedByUsedInInvestingActivities,USD,2024-09-25,10-K,2022-07-30,75217000,NetCashProvidedByUsedInOperatingActivities,USD,2024-09-25,10-K,2022-07-30,through_ocf,True,,,-0.102647,0.037277,0.304528,-0.029527,0.005762
2024Q4,2024-10-30,SFM,1575515,"Sprouts Farmers Market, Inc.",$2B-$10B,,5138839000,RevenueFromContractWithCustomerExcludingAssessedTax,USD,2024-10-30,10-Q,2023-10-01,208807000,NetIncomeLoss,USD,2024-10-30,10-Q,2023-10-01,3327428000,Assets,USD,2024-10-30,10-Q,2023-12-31,-272320000,NetCashProvidedByUsedInFinancingActivities,USD,2024-10-30,10-Q,2023-10-01,-178048000,NetCashProvidedByUsedInInvestingActivities,USD,2024-10-30,10-Q,2023-10-01,409025000,NetCashProvidedByUsedInOperatingActivities,USD,2024-10-30,10-Q,2023-10-01,through_ocf,True,,,0.040633,0.079595,0.647506,-0.052993,-0.034648
2024Q4,2024-11-07,SG,0001477815,"SWEETGREEN, INC.",$100M-$500M,,277587000,RevenueFromContractWithCustomerExcludingAssessedTax,USD,2024-08-09,10-Q,2023-06-25,-60915000,NetIncomeLoss,USD,2024-08-09,10-Q,2023-06-25,856557000,Assets,USD,2024-08-09,10-Q,2023-12-31,2346000,NetCashProvidedByUsedInFinancingActivities,USD,2024-08-09,10-Q,2023-06-25,-58448000,NetCashProvidedByUsedInInvestingActivities,USD,2024-08-09,10-Q,2023-06-25,4821000,NetCashProvidedByUsedInOperatingActivities,USD,2024-08-09,10-Q,2023-06-25,through_ocf,True,,,-0.219445,0.017368,3.085724,0.008451,-0.210557
2024Q4,2024-11-12,SGRY,1638833,"Surgery Partners, Inc.",$100M-$500M,,417369000,Revenues,USD,2018-05-10,10-Q,2018-03-31,-10900000,NetIncomeLoss,USD,2024-11-12,10-Q,2023-09-30,6876700000,Assets,USD,2024-11-12,10-Q,2023-12-31,-110600000,NetCashProvidedByUsedInFinancingActivities,USD,2024-11-12,10-Q,2023-09-30,-167500000,NetCashProvidedByUsedInInvestingActivities,USD,2024-11-12,10-Q,2023-09-30,231200000,NetCashProvidedByUsedInOperatingActivities,USD,2024-11-12,10-Q,2023-09-30,through_ocf,True,,,-0.026116,0.553946,16.476308,-0.264993,-0.401324
2024Q4,2024-10-30,SHAK,1620533,SHAKE SHACK INC.,$500M-$1B,,525083000,RevenueFromContractWithCustomerExcludingAssessedTax,USD,2024-08-02,10-Q,2023-06-28,5414000,NetIncomeLoss,USD,2024-08-02,10-Q,2023-06-28,1605857000,Assets,USD,2024-08-02,10-Q,2023-12-27,-3596000,NetCashProvidedByUsedInFinancingActivities,USD,2024-08-02,10-Q,2023-06-28,-85415000,NetCashProvidedByUsedInInvestingActivities,USD,2024-08-02,10-Q,2023-06-28,62191000,NetCashProvidedByUsedInOperatingActivities,USD,2024-08-02,10-Q,2023-06-28,through_ocf,True,,,0.010311,0.11844,3.058292,-0.006848,-0.16267
2024Q4,2024-11-05,SHC,1822479,Sotera Health Co,$500M-$1B,,739049000,RevenueFromContractWithCustomerExcludingAssessedTax,USD,2024-11-05,10-Q,2023-09-30,12695000,NetIncomeLoss,USD,2024-11-05,10-Q,2023-09-30,3130420000,Assets,USD,2024-11-05,10-Q,2023-12-31,269752000,NetCashProvidedByUsedInFinancingActivities,USD,2024-11-05,10-Q,2023-09-30,-150080000,NetCashProvidedByUsedInInvestingActivities,USD,2024-11-05,10-Q,2023-09-30,-260855000,NetCashProvidedByUsedInOperatingActivities,USD,2024-11-05,10-Q,2023-09-30,through_ocf,True,,,0.017177,-0.35296,4.235741,0.364999,-0.203072
2024Q4,2024-11-12,SHLS,1831651,"Shoals Technologies Group, Inc.",$100M-$500M,,358503000,RevenueFromContractWithCustomerExcludingAssessedTax,USD,2024-11-12,10-Q,2023-09-30,23392000,NetIncomeLoss,USD,2024-11-12,10-Q,2023-09-30,843993000,Assets,USD,2024-11-12,10-Q,2023-12-31,-57139000,NetCashProvidedByUsedInFinancingActivities,USD,2024-11-12,10-Q,2023-09-30,-7911000,NetCashProvidedByUsedInInvestingActivities,USD,2024-11-12,10-Q,2023-09-30,65508000,NetCashProvidedByUsedInOperatingActivities,USD,2024-11-12,10-Q,2023-09-30,through_ocf,True,,,0.065249,0.182727,2.354215,-0.159382,-0.022067
2024Q4,2024-10-10,SHO,1295810,"Sunstone Hotel Investors, Inc.",$500M-$1B,,519555000,RevenueFromContractWithCustomerExcludingAssessedTax,USD,2024-08-07,10-Q,2023-06-30,21087000,ProfitLoss,USD,2024-08-07,10-Q,2023-03-31,3149321000,Assets,USD,2024-08-07,10-Q,2023-12-31,-51461000,NetCashProvidedByUsedInFinancingActivities,USD,2024-08-07,10-Q,2023-06-30,-49219000,NetCashProvidedByUsedInInvestingActivities,USD,2024-08-07,10-Q,2023-06-30,106988000,NetCashProvidedByUsedInOperatingActivities,USD,2024-08-07,10-Q,2023-06-30,through_ocf,True,,,0.040587,0.205922,6.061574,-0.099048,-0.094733
2024Q4,2024-11-07,SHOO,913241,"Steven Madden, Ltd.",$500M-$1B,,909136000,Revenues,USD,2024-08-01,10-Q,2023-06-30,71859000,ProfitLoss,USD,2024-08-01,10-Q,2023-06-30,1270245000,Assets,USD,2024-08-01,10-Q,2023-06-30,-90678000,NetCashProvidedByUsedInFinancingActivities,USD,2024-08-01,10-Q,2023-06-30,-8754000,NetCashProvidedByUsedInInvestingActivities,USD,2024-08-01,10-Q,2023-06-30,82257000,NetCashProvidedByUsedInOperatingActivities,USD,2024-08-01,10-Q,2023-06-30,through_ocf,True,,,0.079041,0.090478,1.3972,-0.099741,-0.009629
2024Q4,2024-10-22,SHW,89800,THE SHERWIN-WILLIAMS COMPANY,>$10B,,17799700000,RevenueFromContractWithCustomerExcludingAssessedTax,USD,2024-10-22,10-Q,2023-09-30,477400000,NetIncomeLoss,USD,2024-10-22,10-Q,2023-03-31,23004500000,Assets,USD,2024-10-22,10-Q,2023-09-30,-1785100000,NetCashProvidedByUsedInFinancingActivities,USD,2024-10-22,10-Q,2023-09-30,-509000000,NetCashProvidedByUsedInInvestingActivities,USD,2024-10-22,10-Q,2023-09-30,2603300000,NetCashProvidedByUsedInOperatingActivities,USD,2024-10-22,10-Q,2023-09-30,through_ocf,True,,,0.026821,0.146255,1.292409,-0.100288,-0.028596
2024Q4,2024-12-05,SIG,832988,SIGNET JEWELERS LIMITED,$2B-$10B,,4673500000,RevenueFromContractWithCustomerExcludingAssessedTax,USD,2024-12-05,10-Q,2023-10-28,97400000,NetIncomeLoss,USD,2024-12-05,10-Q,2023-04-29,6064900000,Assets,USD,2024-12-05,10-Q,2023-10-28,-219700000,NetCashProvidedByUsedInFinancingActivities,USD,2024-12-05,10-Q,2023-10-28,-93900000,NetCashProvidedByUsedInInvestingActivities,USD,2024-12-05,10-Q,2023-10-28,-205300000,NetCashProvidedByUsedInOperatingActivities,USD,2024-12-05,10-Q,2023-10-28,through_ocf,True,,,0.020841,-0.043929,1.297721,-0.04701,-0.020092
2024Q4,2024-10-21,SIGI,230557,"SELECTIVE INSURANCE GROUP, INC",$2B-$10B,,2040344000,Revenues,USD,2024-07-26,10-Q,2023-06-30,151182000,NetIncomeLoss,USD,2024-07-26,10-Q,2023-06-30,11802546000,Assets,USD,2024-07-26,10-Q,2023-12-31,-44033000,NetCashProvidedByUsedInFinancingActivities,USD,2024-07-26,10-Q,2023-06-30,-253564000,NetCashProvidedByUsedInInvestingActivities,USD,2024-07-26,10-Q,2023-06-30,293646000,NetCashProvidedByUsedInOperatingActivities,USD,2024-07-26,10-Q,2023-06-30,through_ocf,True,,,0.074096,0.14392,5.784586,-0.021581,-0.124275
2024Q4,2024-10-31,SIRI,908937,Sirius XM Holdings Inc.,$2B-$10B,,6665000000,RevenueFromContractWithCustomerExcludingAssessedTax,USD,2024-10-31,10-Q,2023-09-30,614000000,NetIncomeLoss,USD,2024-10-31,10-Q,2023-09-30,30056000000,Assets,USD,2024-10-31,10-Q,2023-12-31,-771000000,NetCashProvidedByUsedInFinancingActivities,USD,2024-10-31,10-Q,2023-09-30,-565000000,NetCashProvidedByUsedInInvestingActivities,USD,2024-10-31,10-Q,2023-09-30,1301000000,NetCashProvidedByUsedInOperatingActivities,USD,2024-10-31,10-Q,2023-09-30,through_ocf,True,,,0.092123,0.195199,4.509527,-0.115679,-0.084771
2024Q4,2024-10-30,SITC,894315,SITE Centers Corp.,$100M-$500M,,421609000,Revenues,USD,2024-10-30,10-Q,2023-09-30,69279000,NetIncomeLoss,USD,2024-10-30,10-Q,2023-09-30,4061351000,Assets,USD,2024-10-30,10-Q,2023-12-31,-92490000,NetCashProvidedByUsedInFinancingActivities,USD,2024-10-30,10-Q,2023-09-30,-57512000,NetCashProvidedByUsedInInvestingActivities,USD,2024-10-30,10-Q,2023-09-30,192049000,NetCashProvidedByUsedInOperatingActivities,USD,2024-10-30,10-Q,2023-09-30,through_ocf,True,,,0.16432,0.455514,9.63298,-0.219374,-0.136411
2024Q4,2024-11-26,SJM,91419,THE J. M. SMUCKER COMPANY,$2B-$10B,,5575800000,SalesRevenueGoodsNet,USD,2019-02-26,10-Q,2018-01-31,183600000,NetIncomeLoss,USD,2024-11-26,10-Q,2023-07-31,20273700000,Assets,USD,2024-11-26,10-Q,2024-04-30,2867700000,NetCashProvidedByUsedInFinancingActivities,USD,2024-11-26,10-Q,2023-10-31,-293700000,NetCashProvidedByUsedInInvestingActivities,USD,2024-11-26,10-Q,2023-10-31,394800000,NetCashProvidedByUsedInOperatingActivities,USD,2024-11-26,10-Q,2023-10-31,through_ocf,True,,,0.032928,0.070806,3.636016,0.514312,-0.052674
2024Q4,2024-11-06,SKT,899715,TANGER INC.,$100M-$500M,,219584000,Revenues,USD,2024-08-05,10-Q,2023-06-30,47743000,NetIncomeLoss,USD,2024-08-05,10-Q,2023-06-30,2324119000,Assets,USD,2024-08-05,10-Q,2023-12-31,-62648000,NetCashProvidedByUsedInFinancingActivities,USD,2024-08-05,10-Q,2023-06-30,-35037000,NetCashProvidedByUsedInInvestingActivities,USD,2024-08-05,10-Q,2023-06-30,98919000,NetCashProvidedByUsedInOperatingActivities,USD,2024-08-05,10-Q,2023-06-30,through_ocf,True,,,0.217425,0.450484,10.584191,-0.285303,-0.159561
2024Q4,2024-10-29,SKWD,0001519449,"SKYWARD SPECIALTY INSURANCE GROUP, INC.",$100M-$500M,,400451000,Revenues,USD,2024-08-08,10-Q,2023-06-30,35008000,NetIncomeLoss,USD,2024-08-08,10-Q,2023-06-30,2953435000,Assets,USD,2024-08-08,10-Q,2023-12-31,66455000,NetCashProvidedByUsedInFinancingActivities,USD,2024-08-08,10-Q,2023-06-30,-198084000,NetCashProvidedByUsedInInvestingActivities,USD,2024-08-08,10-Q,2023-06-30,108477000,NetCashProvidedByUsedInOperatingActivities,USD,2024-08-08,10-Q,2023-06-30,through_ocf,True,,,0.087421,0.270887,7.375272,0.16595,-0.494652
2024Q4,2024-10-28,SKY,90896,"CHAMPION HOMES, INC.",$100M-$500M,,464769000,RevenueFromContractWithCustomerExcludingAssessedTax,USD,2024-08-07,10-Q,2023-07-01,51269000,NetIncomeLoss,USD,2024-08-07,10-Q,2023-07-01,1923341000,Assets,USD,2024-08-07,10-Q,2024-03-30,-961000,NetCashProvidedByUsedInFinancingActivities,USD,2024-08-07,10-Q,2023-07-01,-25615000,NetCashProvidedByUsedInInvestingActivities,USD,2024-08-07,10-Q,2023-07-01,74857000,NetCashProvidedByUsedInOperatingActivities,USD,2024-08-07,10-Q,2023-07-01,through_ocf,True,,,0.110311,0.161063,4.138273,-0.002068,-0.055113
2024Q4,2024-10-31,SKYW,793733,SKYWEST INC,$2B-$10B,,3122592000,Revenues,USD,2020-02-18,10-K,2017-12-31,111910000,ProfitLoss,USD,2024-02-15,10-K,2021-12-31,7115774000,Assets,USD,2024-07-26,10-Q,2023-06-30,-391565000,NetCashProvidedByUsedInFinancingActivities,USD,2024-07-26,10-Q,2023-06-30,69991000,NetCashProvidedByUsedInInvestingActivities,USD,2024-07-26,10-Q,2023-06-30,333023000,NetCashProvidedByUsedInOperatingActivities,USD,2024-07-26,10-Q,2023-06-30,through_ocf,True,,,0.035839,0.10665,2.278804,-0.125397,0.022414
2024Q4,2024-11-04,SLAB,1038074,SILICON LABORATORIES INC.,$500M-$1B,,695413000,RevenueFromContractWithCustomerExcludingAssessedTax,USD,2024-11-04,10-Q,2023-09-30,2117399000,ProfitLoss,USD,2024-02-20,10-K,2022-01-01,1443056000,Assets,USD,2024-11-04,10-Q,2023-12-30,-717520000,NetCashProvidedByUsedInFinancingActivities,USD,2024-11-04,10-Q,2023-09-30,426418000,NetCashProvidedByUsedInInvestingActivities,USD,2024-11-04,10-Q,2023-09-30,-48885000,NetCashProvidedByUsedInOperatingActivities,USD,2024-11-04,10-Q,2023-09-30,through_ocf,True,,,3.044808,-0.070296,2.075106,-1.03179,0.613187
2024Q4,2024-10-18,SLB,87347,SLB LIMITED/NV,>$10B,,15835000000,RevenueFromContractWithCustomerExcludingAssessedTax,USD,2024-07-24,10-Q,2023-06-30,1967000000,NetIncomeLoss,USD,2024-07-24,10-Q,2023-06-30,47957000000,Assets,USD,2024-07-24,10-Q,2023-12-31,-121000000,NetCashProvidedByUsedInFinancingActivities,USD,2024-07-24,10-Q,2023-06-30,-1530000000,NetCashProvidedByUsedInInvestingActivities,USD,2024-07-24,10-Q,2023-06-30,1938000000,NetCashProvidedByUsedInOperatingActivities,USD,2024-07-24,10-Q,2023-06-30,through_ocf,True,,,0.124219,0.122387,3.028544,-0.007641,-0.096621
2024Q4,2024-10-17,SLG,1040971,SL Green Realty Corp.,$100M-$500M,,491800000,Revenues,USD,2024-07-31,10-Q,2023-06-30,-392450000,NetIncomeLoss,USD,2024-07-31,10-Q,2023-06-30,9531181000,Assets,USD,2024-07-31,10-Q,2023-12-31,-138119000,NetCashProvidedByUsedInFinancingActivities,USD,2024-07-31,10-Q,2023-06-30,-38868000,NetCashProvidedByUsedInInvestingActivities,USD,2024-07-31,10-Q,2023-06-30,103992000,NetCashProvidedByUsedInOperatingActivities,USD,2024-07-31,10-Q,2023-06-30,through_ocf,True,,,-0.797987,0.211452,19.380197,-0.280844,-0.079032
2024Q4,2024-11-04,SLQT,1794783,"SelectQuote, Inc.",$100M-$500M,,232730000,Revenues,USD,2024-11-04,10-Q,2023-09-30,-31051000,NetIncomeLoss,USD,2024-11-04,10-Q,2023-09-30,1193908000,Assets,USD,2024-11-04,10-Q,2024-06-30,-8854000,NetCashProvidedByUsedInFinancingActivities,USD,2024-11-04,10-Q,2023-09-30,-2145000,NetCashProvidedByUsedInInvestingActivities,USD,2024-11-04,10-Q,2023-09-30,-23671000,NetCashProvidedByUsedInOperatingActivities,USD,2024-11-04,10-Q,2023-09-30,through_ocf,True,,,-0.133421,-0.10171,5.130013,-0.038044,-0.009217
2024Q4,2024-11-12,SLVM,1856485,SYLVAMO CORPORATION,$2B-$10B,,2757000000,RevenueFromContractWithCustomerExcludingAssessedTax,USD,2024-11-12,10-Q,2023-09-30,204000000,NetIncomeLoss,USD,2024-11-12,10-Q,2023-09-30,2872000000,Assets,USD,2024-11-12,10-Q,2023-12-31,-131000000,NetCashProvidedByUsedInFinancingActivities,USD,2024-11-12,10-Q,2023-09-30,-314000000,NetCashProvidedByUsedInInvestingActivities,USD,2024-11-12,10-Q,2023-09-30,337000000,NetCashProvidedByUsedInOperatingActivities,USD,2024-11-12,10-Q,2023-09-30,through_ocf,True,,,0.073993,0.122234,1.041712,-0.047515,-0.113892
2024Q4,2024-10-31,SM,893538,SM Energy Company,$1B-$2B,,1124259000,Revenues,USD,2024-08-08,10-Q,2023-06-30,198552000,NetIncomeLoss,USD,2024-08-08,10-Q,2023-03-31,6379985000,Assets,USD,2024-08-08,10-Q,2023-12-31,-143422000,NetCashProvidedByUsedInFinancingActivities,USD,2024-08-08,10-Q,2023-06-30,-638223000,NetCashProvidedByUsedInInvestingActivities,USD,2024-08-08,10-Q,2023-06-30,714885000,NetCashProvidedByUsedInOperatingActivities,USD,2024-08-08,10-Q,2023-06-30,through_ocf,True,,,0.176607,0.635872,5.674836,-0.12757,-0.567683
2024Q4,2024-11-05,SMCI,1375365,"Super Micro Computer, Inc.",$2B-$10B,,4938621000,RevenueFromContractWithCustomerExcludingAssessedTax,USD,2024-05-06,10-Q,2023-03-31,446429000,NetIncomeLoss,USD,2024-05-06,10-Q,2023-03-31,3674729000,Assets,USD,2024-05-06,10-Q,2023-06-30,-547291000,NetCashProvidedByUsedInFinancingActivities,USD,2024-05-06,10-Q,2023-03-31,-28618000,NetCashProvidedByUsedInInvestingActivities,USD,2024-05-06,10-Q,2023-03-31,672919000,NetCashProvidedByUsedInOperatingActivities,USD,2024-05-06,10-Q,2023-03-31,through_ocf,True,,,0.090395,0.136256,0.74408,-0.110819,-0.005795
2024Q4,2024-10-30,SMHI,1690334,SEACOR Marine Holdings Inc.,$100M-$500M,,368868000,Revenues,USD,2018-03-22,10-K,2015-12-31,-15043000,ProfitLoss,USD,2024-10-30,10-Q,2023-09-30,780336000,Assets,USD,2024-10-30,10-Q,2023-12-31,-10919000,NetCashProvidedByUsedInFinancingActivities,USD,2024-10-30,10-Q,2023-09-30,16078000,NetCashProvidedByUsedInInvestingActivities,USD,2024-10-30,10-Q,2023-09-30,10430000,NetCashProvidedByUsedInOperatingActivities,USD,2024-10-30,10-Q,2023-09-30,through_ocf,True,,,-0.040782,0.028276,2.115488,-0.029601,0.043587
2024Q4,2024-10-30,SMP,93389,"STANDARD MOTOR PRODUCTS, INC.",$1B-$2B,,1067516000,RevenueFromContractWithCustomerExcludingAssessedTax,USD,2024-10-30,10-Q,2023-09-30,27714000,NetIncomeLoss,USD,2024-10-30,10-Q,2023-09-30,1293047000,Assets,USD,2024-10-30,10-Q,2023-12-31,-110997000,NetCashProvidedByUsedInFinancingActivities,USD,2024-10-30,10-Q,2023-09-30,-15057000,NetCashProvidedByUsedInInvestingActivities,USD,2024-10-30,10-Q,2023-09-30,132893000,NetCashProvidedByUsedInOperatingActivities,USD,2024-10-30,10-Q,2023-09-30,through_ocf,True,,,0.025961,0.124488,1.211267,-0.103977,-0.014105
2024Q4,2024-10-17,SNA,91440,Snap-on Inc,$2B-$10B,,3814500000,Revenues,USD,2024-10-17,10-Q,2023-09-30,755800000,NetIncomeLoss,USD,2024-10-17,10-Q,2023-09-30,7544900000,Assets,USD,2024-10-17,10-Q,2023-12-30,-423900000,NetCashProvidedByUsedInFinancingActivities,USD,2024-10-17,10-Q,2023-09-30,-227200000,NetCashProvidedByUsedInInvestingActivities,USD,2024-10-17,10-Q,2023-09-30,857300000,NetCashProvidedByUsedInOperatingActivities,USD,2024-10-17,10-Q,2023-09-30,through_ocf,True,,,0.198139,0.224748,1.977953,-0.111129,-0.059562
2024Q4,2024-10-30,SNBR,827187,SLEEP NUMBER CORP,$500M-$1B,,985316000,RevenueFromContractWithCustomerExcludingAssessedTax,USD,2024-08-06,10-Q,2023-07-01,11465000,NetIncomeLoss,USD,2024-08-06,10-Q,2023-04-01,950880000,Assets,USD,2024-08-06,10-Q,2023-12-30,11620000,NetCashProvidedByUsedInFinancingActivities,USD,2024-08-06,10-Q,2023-07-01,-30334000,NetCashProvidedByUsedInInvestingActivities,USD,2024-08-06,10-Q,2023-07-01,18720000,NetCashProvidedByUsedInOperatingActivities,USD,2024-08-06,10-Q,2023-07-01,through_ocf,True,,,0.011636,0.018999,0.965051,0.011793,-0.030786
2024Q4,2024-10-30,SNCY,1743907,"Sun Country Airlines Holdings, Inc.",$500M-$1B,,804077000,RevenueFromContractWithCustomerExcludingAssessedTax,USD,2024-10-30,10-Q,2023-09-30,38328000,NetIncomeLoss,USD,2024-10-30,10-Q,2023-03-31,1623627000,Assets,USD,2024-10-30,10-Q,2023-12-31,10619000,NetCashProvidedByUsedInFinancingActivities,USD,2024-10-30,10-Q,2023-09-30,-178278000,NetCashProvidedByUsedInInvestingActivities,USD,2024-10-30,10-Q,2023-09-30,102651000,NetCashProvidedByUsedInOperatingActivities,USD,2024-10-30,10-Q,2023-09-30,through_ocf,True,,,0.047667,0.127663,2.019243,0.013206,-0.221718
2024Q4,2024-11-05,SNDX,1395937,"Syndax Pharmaceuticals, Inc.",<$100M,,0,RevenueFromContractWithCustomerExcludingAssessedTax,USD,2024-11-05,10-Q,2023-09-30,-41126000,NetIncomeLoss,USD,2024-11-05,10-Q,2023-03-31,612880000,Assets,USD,2024-11-05,10-Q,2023-12-31,5649000,NetCashProvidedByUsedInFinancingActivities,USD,2024-11-05,10-Q,2023-09-30,133899000,NetCashProvidedByUsedInInvestingActivities,USD,2024-11-05,10-Q,2023-09-30,-119252000,NetCashProvidedByUsedInOperatingActivities,USD,2024-11-05,10-Q,2023-09-30,through_ocf,True,,,,,,,
2024Q4,2024-12-04,SNPS,883241,SYNOPSYS INC,$2B-$10B,,3850631000,RevenueFromContractWithCustomerExcludingAssessedTax,USD,2024-08-23,10-Q,2023-07-31,880698000,NetIncomeLoss,USD,2024-08-23,10-Q,2023-07-31,10333131000,Assets,USD,2024-08-23,10-Q,2023-10-31,-942577000,NetCashProvidedByUsedInFinancingActivities,USD,2024-08-23,10-Q,2023-07-31,-181553000,NetCashProvidedByUsedInInvestingActivities,USD,2024-08-23,10-Q,2023-07-31,1377213000,NetCashProvidedByUsedInOperatingActivities,USD,2024-08-23,10-Q,2023-07-31,through_ocf,True,,,0.228715,0.357659,2.68349,-0.244785,-0.047149
2024Q4,2024-10-31,SO,92122,The Southern Company,>$10B,,19208000000,Revenues,USD,2024-10-31,10-Q,2023-09-30,3053000000,ProfitLoss,USD,2024-10-31,10-Q,2023-09-30,139331000000,Assets,USD,2024-10-31,10-Q,2023-12-31,834000000,NetCashProvidedByUsedInFinancingActivities,USD,2024-10-31,10-Q,2023-09-30,-6721000000,NetCashProvidedByUsedInInvestingActivities,USD,2024-10-31,10-Q,2023-09-30,5740000000,NetCashProvidedByUsedInOperatingActivities,USD,2024-10-31,10-Q,2023-09-30,through_ocf,True,,,0.158944,0.298834,7.2538,0.043419,-0.349906
2024Q4,2024-11-13,SONO,1314727,"SONOS, INC.",$1B-$2B,,1350108000,RevenueFromContractWithCustomerExcludingAssessedTax,USD,2024-08-08,10-Q,2023-07-01,20966000,NetIncomeLoss,USD,2024-08-08,10-Q,2023-07-01,1002241000,Assets,USD,2024-08-08,10-Q,2023-09-30,-48935000,NetCashProvidedByUsedInFinancingActivities,USD,2024-08-08,10-Q,2023-07-01,-40085000,NetCashProvidedByUsedInInvestingActivities,USD,2024-08-08,10-Q,2023-07-01,78211000,NetCashProvidedByUsedInOperatingActivities,USD,2024-08-08,10-Q,2023-07-01,through_ocf,True,,,0.015529,0.057929,0.742341,-0.036245,-0.02969
2024Q4,2024-11-15,SPB,109177,"Spectrum Brands Holdings, Inc.",$2B-$10B,,3132500000,RevenueFromContractWithCustomerExcludingAssessedTax,USD,2024-11-15,10-K,2022-09-30,71600000,NetIncomeLoss,USD,2024-11-15,10-K,2022-09-30,5258400000,Assets,USD,2024-11-15,10-K,2023-09-30,487600000,NetCashProvidedByUsedInFinancingActivities,USD,2024-11-15,10-K,2022-09-30,-359800000,NetCashProvidedByUsedInInvestingActivities,USD,2024-11-15,10-K,2022-09-30,-53800000,NetCashProvidedByUsedInOperatingActivities,USD,2024-11-15,10-K,2022-09-30,through_ocf,True,,,0.022857,-0.017175,1.678659,0.155658,-0.11486
2024Q4,2024-11-01,SPG,1063761,"SIMON PROPERTY GROUP, INC.",$2B-$10B,,2720450000,Revenues,USD,2024-08-07,10-Q,2023-06-30,1076760000,ProfitLoss,USD,2024-08-07,10-Q,2023-06-30,34283495000,Assets,USD,2024-08-07,10-Q,2023-12-31,-1429374000,NetCashProvidedByUsedInFinancingActivities,USD,2024-08-07,10-Q,2023-06-30,-312961000,NetCashProvidedByUsedInInvestingActivities,USD,2024-08-07,10-Q,2023-06-30,1958172000,NetCashProvidedByUsedInOperatingActivities,USD,2024-08-07,10-Q,2023-06-30,through_ocf,True,,,0.395802,0.719797,12.602141,-0.525418,-0.11504
2024Q4,2024-10-24,SPGI,64040,S&P Global Inc.,$2B-$10B,,6261000000,RevenueFromContractWithCustomerExcludingAssessedTax,USD,2024-07-30,10-Q,2023-06-30,1305000000,NetIncomeLoss,USD,2024-07-30,10-Q,2023-06-30,60589000000,Assets,USD,2024-07-30,10-Q,2023-12-31,-1747000000,NetCashProvidedByUsedInFinancingActivities,USD,2024-07-30,10-Q,2023-06-30,656000000,NetCashProvidedByUsedInInvestingActivities,USD,2024-07-30,10-Q,2023-06-30,1363000000,NetCashProvidedByUsedInOperatingActivities,USD,2024-07-30,10-Q,2023-06-30,through_ocf,True,,,0.208433,0.217697,9.677208,-0.279029,0.104776
2024Q4,2024-11-12,SPHR,1795250,SPHERE ENTERTAINMENT CO.,$100M-$500M,,118007000,Revenues,USD,2024-11-12,10-Q,2023-09-30,66425000,NetIncomeLoss,USD,2024-11-12,10-Q,2023-09-30,4787892000,Assets,USD,2024-11-12,10-Q,2024-06-30,50854000,NetCashProvidedByUsedInFinancingActivities,USD,2024-11-12,10-Q,2023-09-30,66498000,NetCashProvidedByUsedInInvestingActivities,USD,2024-11-12,10-Q,2023-09-30,-94641000,NetCashProvidedByUsedInOperatingActivities,USD,2024-11-12,10-Q,2023-09-30,through_ocf,True,,,0.56289,-0.801995,40.572949,0.430941,0.563509
2024Q4,2024-10-31,SPNT,1576018,SIRIUSPOINT LTD.,$2B-$10B,,2091500000,Revenues,USD,2024-10-31,10-Q,2023-09-30,257300000,NetIncomeLoss,USD,2024-10-31,10-Q,2023-09-30,12871500000,Assets,USD,2024-10-31,10-Q,2023-12-31,-75100000,NetCashProvidedByUsedInFinancingActivities,USD,2024-10-31,10-Q,2023-09-30,-395300000,NetCashProvidedByUsedInInvestingActivities,USD,2024-10-31,10-Q,2023-09-30,367900000,NetCashProvidedByUsedInOperatingActivities,USD,2024-10-31,10-Q,2023-09-30,through_ocf,True,,,0.123022,0.175902,6.154196,-0.035907,-0.189003
2024Q4,2024-10-30,SPXC,88205,"SPX Technologies, Inc.",$500M-$1B,,823100000,RevenueFromContractWithCustomerExcludingAssessedTax,USD,2024-08-02,10-Q,2023-07-01,78800000,NetIncomeLoss,USD,2024-08-02,10-Q,2023-07-01,2439700000,Assets,USD,2024-08-02,10-Q,2023-12-31,426200000,NetCashProvidedByUsedInFinancingActivities,USD,2024-08-02,10-Q,2023-07-01,-554800000,NetCashProvidedByUsedInInvestingActivities,USD,2024-08-02,10-Q,2023-07-01,67600000,NetCashProvidedByUsedInOperatingActivities,USD,2024-08-02,10-Q,2023-07-01,through_ocf,True,,,0.095736,0.082129,2.964038,0.517799,-0.674037
2024Q4,2024-11-20,SR,1126956,Spire Inc.,$2B-$10B,,2198500000,RevenueFromContractWithCustomerExcludingAssessedTax,USD,2024-11-20,10-K,2022-09-30,220800000,NetIncomeLoss,USD,2024-11-20,10-K,2022-09-30,10083700000,Assets,USD,2024-11-20,10-K,2022-09-30,500900000,NetCashProvidedByUsedInFinancingActivities,USD,2024-11-20,10-K,2022-09-30,-546700000,NetCashProvidedByUsedInInvestingActivities,USD,2024-11-20,10-K,2022-09-30,55000000,NetCashProvidedByUsedInOperatingActivities,USD,2024-11-20,10-K,2022-09-30,through_ocf,True,,,0.100432,0.025017,4.586627,0.227837,-0.24867
2024Q4,2024-10-24,SSNC,1402436,"SS&C TECHNOLOGIES HOLDINGS, INC.",$2B-$10B,,2725300000,RevenueFromContractWithCustomerExcludingAssessedTax,USD,2024-08-01,10-Q,2023-06-30,256700000,NetIncomeLoss,USD,2024-08-01,10-Q,2023-06-30,18102500000,Assets,USD,2024-08-01,10-Q,2023-12-31,-1085200000,NetCashProvidedByUsedInFinancingActivities,USD,2024-08-01,10-Q,2023-06-30,-114400000,NetCashProvidedByUsedInInvestingActivities,USD,2024-08-01,10-Q,2023-06-30,584200000,NetCashProvidedByUsedInOperatingActivities,USD,2024-08-01,10-Q,2023-06-30,through_ocf,True,,,0.094191,0.214362,6.642388,-0.398195,-0.041977
2024Q4,2024-11-04,SSP,832428,THE E.W. SCRIPPS COMPANY,$1B-$2B,,1110614000,RevenueFromContractWithCustomerExcludingAssessedTax,USD,2024-08-09,10-Q,2023-06-30,-688369000,ProfitLoss,USD,2024-08-09,10-Q,2023-06-30,5410120000,Assets,USD,2024-08-09,10-Q,2023-12-31,23057000,NetCashProvidedByUsedInFinancingActivities,USD,2024-08-09,10-Q,2023-06-30,-26685000,NetCashProvidedByUsedInInvestingActivities,USD,2024-08-09,10-Q,2023-06-30,24905000,NetCashProvidedByUsedInOperatingActivities,USD,2024-08-09,10-Q,2023-06-30,through_ocf,True,,,-0.619809,0.022425,4.871287,0.020761,-0.024027
2024Q4,2024-10-29,SSTK,1549346,"Shutterstock, Inc.",$500M-$1B,,657368000,RevenueFromContractWithCustomerExcludingAssessedTax,USD,2024-10-29,10-Q,2023-09-30,111275000,NetIncomeLoss,USD,2024-10-29,10-Q,2023-09-30,1036015000,Assets,USD,2024-10-29,10-Q,2023-12-31,-83234000,NetCashProvidedByUsedInFinancingActivities,USD,2024-10-29,10-Q,2023-09-30,-61915000,NetCashProvidedByUsedInInvestingActivities,USD,2024-10-29,10-Q,2023-09-30,106603000,NetCashProvidedByUsedInOperatingActivities,USD,2024-10-29,10-Q,2023-09-30,through_ocf,True,,,0.169274,0.162166,1.576005,-0.126617,-0.094186
2024Q4,2024-10-23,STC,94344,STEWART INFORMATION SERVICES CORP,$1B-$2B,,1073456000,Revenues,USD,2024-08-06,10-Q,2023-06-30,7625000,NetIncomeLoss,USD,2024-08-06,10-Q,2023-06-30,2702861000,Assets,USD,2024-08-06,10-Q,2023-12-31,-35680000,NetCashProvidedByUsedInFinancingActivities,USD,2024-08-06,10-Q,2023-06-30,-7310000,NetCashProvidedByUsedInInvestingActivities,USD,2024-08-06,10-Q,2023-06-30,-15955000,NetCashProvidedByUsedInOperatingActivities,USD,2024-08-06,10-Q,2023-06-30,through_ocf,True,,,0.007103,-0.014863,2.517906,-0.033238,-0.00681
2024Q4,2024-11-06,STE,1757898,STERIS plc,$1B-$2B,,1183386000,Revenues,USD,2024-08-08,10-Q,2023-06-30,123554000,NetIncomeLoss,USD,2024-08-08,10-Q,2023-06-30,11063697000,Assets,USD,2024-08-08,10-Q,2024-03-31,-213637000,NetCashProvidedByUsedInFinancingActivities,USD,2024-08-08,10-Q,2023-06-30,-66596000,NetCashProvidedByUsedInInvestingActivities,USD,2024-08-08,10-Q,2023-06-30,281129000,NetCashProvidedByUsedInOperatingActivities,USD,2024-08-08,10-Q,2023-06-30,through_ocf,True,,,0.104407,0.237563,9.349187,-0.18053,-0.056276
2024Q4,2024-11-07,STEP,1796022,STEPSTONE GROUP INC.,$100M-$500M,,369433000,Revenues,USD,2024-11-07,10-Q,2023-09-30,47494000,NetIncomeLoss,USD,2024-11-07,10-Q,2023-09-30,3788807000,Assets,USD,2024-11-07,10-Q,2024-03-31,-53434000,NetCashProvidedByUsedInFinancingActivities,USD,2024-11-07,10-Q,2023-09-30,-27405000,NetCashProvidedByUsedInInvestingActivities,USD,2024-11-07,10-Q,2023-09-30,128717000,NetCashProvidedByUsedInOperatingActivities,USD,2024-11-07,10-Q,2023-09-30,through_ocf,True,,,0.128559,0.348418,10.255735,-0.144638,-0.074181
2024Q4,2024-11-07,STGW,876883,Stagwell Inc.,$1B-$2B,,1872282000,Revenues,USD,2024-11-07,10-Q,2023-09-30,-1152000,NetIncomeLoss,USD,2024-11-07,10-Q,2023-09-30,3767047000,Assets,USD,2024-11-07,10-Q,2023-12-31,51688000,NetCashProvidedByUsedInFinancingActivities,USD,2024-11-07,10-Q,2023-09-30,-44848000,NetCashProvidedByUsedInInvestingActivities,USD,2024-11-07,10-Q,2023-09-30,-127542000,NetCashProvidedByUsedInOperatingActivities,USD,2024-11-07,10-Q,2023-09-30,through_ocf,True,,,-0.000615,-0.068121,2.012008,0.027607,-0.023954
2024Q4,2024-11-05,STKL,351834,SUNOPTA INC.,$100M-$500M,,448673000,Revenues,USD,2024-11-05,10-Q,2023-09-30,-163284000,ProfitLoss,USD,2024-11-05,10-Q,2023-09-30,669424000,Assets,USD,2024-11-05,10-Q,2023-12-30,30809000,NetCashProvidedByUsedInFinancingActivities,USD,2024-11-05,10-Q,2023-09-30,-38357000,NetCashProvidedByUsedInInvestingActivities,USD,2024-11-05,10-Q,2023-09-30,10413000,NetCashProvidedByUsedInOperatingActivities,USD,2024-11-05,10-Q,2023-09-30,through_ocf,True,,,-0.363927,0.023208,1.492009,0.068667,-0.08549
2024Q4,2024-10-17,STLD,1022671,"Steel Dynamics, Inc.",$2B-$10B,,9974836000,RevenueFromContractWithCustomerExcludingAssessedTax,USD,2024-08-08,10-Q,2023-06-30,1449417000,NetIncomeLoss,USD,2024-08-08,10-Q,2023-06-30,14908420000,Assets,USD,2024-08-08,10-Q,2023-12-31,-911732000,NetCashProvidedByUsedInFinancingActivities,USD,2024-08-08,10-Q,2023-06-30,-782914000,NetCashProvidedByUsedInInvestingActivities,USD,2024-08-08,10-Q,2023-06-30,1541589000,NetCashProvidedByUsedInOperatingActivities,USD,2024-08-08,10-Q,2023-06-30,through_ocf,True,,,0.145307,0.154548,1.494603,-0.091403,-0.078489
2024Q4,2024-11-07,STRA,1013934,"STRATEGIC EDUCATION, INC.",$500M-$1B,,830222000,RevenueFromContractWithCustomerExcludingAssessedTax,USD,2024-11-07,10-Q,2023-09-30,30662000,NetIncomeLoss,USD,2024-11-07,10-Q,2023-09-30,2125213000,Assets,USD,2024-11-07,10-Q,2023-12-31,-99063000,NetCashProvidedByUsedInFinancingActivities,USD,2024-11-07,10-Q,2023-09-30,-30462000,NetCashProvidedByUsedInInvestingActivities,USD,2024-11-07,10-Q,2023-09-30,87173000,NetCashProvidedByUsedInOperatingActivities,USD,2024-11-07,10-Q,2023-09-30,through_ocf,True,,,0.036932,0.105,2.559813,-0.119321,-0.036691
2024Q4,2024-11-06,STRL,874238,"STERLING INFRASTRUCTURE, INC.",$500M-$1B,,925904000,RevenueFromContractWithCustomerExcludingAssessedTax,USD,2024-08-06,10-Q,2023-06-30,59129000,NetIncomeLoss,USD,2024-08-06,10-Q,2023-06-30,1777184000,Assets,USD,2024-08-06,10-Q,2023-12-31,-71917000,NetCashProvidedByUsedInFinancingActivities,USD,2024-08-06,10-Q,2023-06-30,-16334000,NetCashProvidedByUsedInInvestingActivities,USD,2024-08-06,10-Q,2023-06-30,181107000,NetCashProvidedByUsedInOperatingActivities,USD,2024-08-06,10-Q,2023-06-30,through_ocf,True,,,0.063861,0.1956,1.919404,-0.077672,-0.017641
2024Q4,2024-10-15,STT,93751,STATE STREET CORP,$2B-$10B,,6211000000,Revenues,USD,2024-08-01,10-Q,2023-06-30,549000000,NetIncomeLoss,USD,2024-08-01,10-Q,2023-03-31,297258000000,Assets,USD,2024-08-01,10-Q,2023-12-31,-12724000000,NetCashProvidedByUsedInFinancingActivities,USD,2024-08-01,10-Q,2023-06-30,16398000000,NetCashProvidedByUsedInInvestingActivities,USD,2024-08-01,10-Q,2023-06-30,-3714000000,NetCashProvidedByUsedInOperatingActivities,USD,2024-08-01,10-Q,2023-06-30,through_ocf,True,,,0.088392,-0.597971,47.859926,-2.048623,2.640155
2024Q4,2024-10-22,STX,1137789,Seagate Technology Holdings plc,>$10B,,11661000000,RevenueFromContractWithCustomerExcludingAssessedTax,USD,2024-08-02,10-K,2022-07-01,1649000000,NetIncomeLoss,USD,2024-08-02,10-K,2022-07-01,7556000000,Assets,USD,2024-08-02,10-K,2023-06-30,-1899000000,NetCashProvidedByUsedInFinancingActivities,USD,2024-08-02,10-K,2022-07-01,-352000000,NetCashProvidedByUsedInInvestingActivities,USD,2024-08-02,10-K,2022-07-01,1657000000,NetCashProvidedByUsedInOperatingActivities,USD,2024-08-02,10-K,2022-07-01,through_ocf,True,,,0.141412,0.142098,0.647972,-0.162851,-0.030186
2024Q4,2024-10-03,STZ,16918,"CONSTELLATION BRANDS, INC.",$2B-$10B,,5351700000,RevenueFromContractWithCustomerExcludingAssessedTax,USD,2024-10-03,10-Q,2023-08-31,825900000,NetIncomeLoss,USD,2024-10-03,10-Q,2023-08-31,25691700000,Assets,USD,2024-10-03,10-Q,2024-02-29,-1072400000,NetCashProvidedByUsedInFinancingActivities,USD,2024-10-03,10-Q,2023-08-31,-600900000,NetCashProvidedByUsedInInvestingActivities,USD,2024-10-03,10-Q,2023-08-31,1622000000,NetCashProvidedByUsedInOperatingActivities,USD,2024-10-03,10-Q,2023-08-31,through_ocf,True,,,0.154325,0.303081,4.800661,-0.200385,-0.112282
2024Q4,2024-10-21,SUPN,1356576,"SUPERNUS PHARMACEUTICALS, INC.",$100M-$500M,,289327000,RevenueFromContractWithCustomerExcludingAssessedTax,USD,2024-08-06,10-Q,2023-06-30,16948000,NetIncomeLoss,USD,2024-08-06,10-Q,2023-03-31,1277673000,Assets,USD,2024-08-06,10-Q,2023-12-31,-398742000,NetCashProvidedByUsedInFinancingActivities,USD,2024-08-06,10-Q,2023-06-30,300076000,NetCashProvidedByUsedInInvestingActivities,USD,2024-08-06,10-Q,2023-06-30,30252000,NetCashProvidedByUsedInOperatingActivities,USD,2024-08-06,10-Q,2023-06-30,through_ocf,True,,,0.058577,0.10456,4.416017,-1.378171,1.037152
2024Q4,2024-11-07,SVV,0001883313,"Savers Value Village, Inc.",$500M-$1B,,724786000,RevenueFromContractWithCustomerExcludingAssessedTax,USD,2024-08-09,10-Q,2023-07-01,24855000,NetIncomeLoss,USD,2024-08-09,10-Q,2023-07-01,1867405000,Assets,USD,2024-08-09,10-Q,2023-12-30,-8832000,NetCashProvidedByUsedInFinancingActivities,USD,2024-08-09,10-Q,2023-07-01,-47135000,NetCashProvidedByUsedInInvestingActivities,USD,2024-08-09,10-Q,2023-07-01,53790000,NetCashProvidedByUsedInOperatingActivities,USD,2024-08-09,10-Q,2023-07-01,through_ocf,True,,,0.034293,0.074215,2.576492,-0.012186,-0.065033
2024Q4,2024-12-05,SWBI,1092796,"Smith & Wesson Brands, Inc.",$100M-$500M,,239201000,RevenueFromContractWithCustomerExcludingAssessedTax,USD,2024-12-05,10-Q,2023-10-31,5616000,NetIncomeLoss,USD,2024-12-05,10-Q,2023-10-31,577996000,Assets,USD,2024-12-05,10-Q,2024-04-30,19943000,NetCashProvidedByUsedInFinancingActivities,USD,2024-12-05,10-Q,2023-10-31,-67063000,NetCashProvidedByUsedInInvestingActivities,USD,2024-12-05,10-Q,2023-10-31,37756000,NetCashProvidedByUsedInOperatingActivities,USD,2024-12-05,10-Q,2023-10-31,through_ocf,True,,,0.023478,0.157842,2.416361,0.083373,-0.280363
2024Q4,2024-11-05,SWIM,1833197,"Latham Group, Inc.",$100M-$500M,,314847000,RevenueFromContractWithCustomerExcludingAssessedTax,USD,2024-08-07,10-Q,2023-07-01,-14368000,NetIncomeLoss,USD,2024-08-07,10-Q,2023-04-01,835003000,Assets,USD,2024-08-07,10-Q,2023-12-31,-1884000,NetCashProvidedByUsedInFinancingActivities,USD,2024-08-07,10-Q,2023-07-01,-23365000,NetCashProvidedByUsedInInvestingActivities,USD,2024-08-07,10-Q,2023-07-01,36289000,NetCashProvidedByUsedInOperatingActivities,USD,2024-08-07,10-Q,2023-07-01,through_ocf,True,,,-0.045635,0.115259,2.652091,-0.005984,-0.074211
2024Q4,2024-10-29,SWK,93556,"STANLEY BLACK & DECKER, INC.",>$10B,,12044600000,Revenues,USD,2024-10-29,10-Q,2023-09-30,-187800000,NetIncomeLoss,USD,2024-10-29,10-Q,2023-04-01,23663800000,Assets,USD,2024-10-29,10-Q,2023-12-30,-239300000,NetCashProvidedByUsedInFinancingActivities,USD,2024-10-29,10-Q,2023-09-30,-206800000,NetCashProvidedByUsedInInvestingActivities,USD,2024-10-29,10-Q,2023-09-30,422000000,NetCashProvidedByUsedInOperatingActivities,USD,2024-10-29,10-Q,2023-09-30,through_ocf,True,,,-0.015592,0.035036,1.964681,-0.019868,-0.01717
2024Q4,2024-11-12,SWKS,4127,"Skyworks Solutions, Inc.",$2B-$10B,,3553600000,Revenues,USD,2024-07-31,10-Q,2023-06-30,309400000,NetIncomeLoss,USD,2024-07-31,10-Q,2022-12-30,8426700000,Assets,USD,2024-07-31,10-Q,2023-09-29,-1189100000,NetCashProvidedByUsedInFinancingActivities,USD,2024-07-31,10-Q,2023-06-30,-146200000,NetCashProvidedByUsedInInvestingActivities,USD,2024-07-31,10-Q,2023-06-30,1490900000,NetCashProvidedByUsedInOperatingActivities,USD,2024-07-31,10-Q,2023-06-30,through_ocf,True,,,0.087067,0.419546,2.371314,-0.334618,-0.041141
2024Q4,2024-11-06,SWX,1692115,"Southwest Gas Holdings, Inc.",$2B-$10B,,4066441000,Revenues,USD,2024-11-06,10-Q,2023-09-30,78020000,NetIncomeLoss,USD,2024-11-06,10-Q,2023-09-30,11869896000,Assets,USD,2024-11-06,10-Q,2023-12-31,-597544000,NetCashProvidedByUsedInFinancingActivities,USD,2024-11-06,10-Q,2023-09-30,357066000,NetCashProvidedByUsedInInvestingActivities,USD,2024-11-06,10-Q,2023-09-30,198434000,NetCashProvidedByUsedInOperatingActivities,USD,2024-11-06,10-Q,2023-09-30,through_ocf,True,,,0.019186,0.048798,2.918989,-0.146945,0.087808
2024Q4,2024-10-31,SXC,1514705,"SunCoke Energy, Inc.",$1B-$2B,,1542600000,RevenueFromContractWithCustomerExcludingAssessedTax,USD,2024-10-31,10-Q,2023-09-30,43700000,NetIncomeLoss,USD,2024-10-31,10-Q,2023-09-30,1660400000,Assets,USD,2024-10-31,10-Q,2023-12-31,-71300000,NetCashProvidedByUsedInFinancingActivities,USD,2024-10-31,10-Q,2023-09-30,-85400000,NetCashProvidedByUsedInInvestingActivities,USD,2024-10-31,10-Q,2023-09-30,192600000,NetCashProvidedByUsedInOperatingActivities,USD,2024-10-31,10-Q,2023-09-30,through_ocf,True,,,0.028329,0.124854,1.076365,-0.046221,-0.055361
2024Q4,2024-10-25,SXT,310142,Sensient Technologies Corp,$500M-$1B,,743319000,RevenueFromContractWithCustomerExcludingAssessedTax,USD,2024-08-07,10-Q,2023-06-30,67684000,NetIncomeLoss,USD,2024-08-07,10-Q,2023-06-30,2014507000,Assets,USD,2024-08-07,10-Q,2023-12-31,534000,NetCashProvidedByUsedInFinancingActivities,USD,2024-08-07,10-Q,2023-06-30,-43030000,NetCashProvidedByUsedInInvestingActivities,USD,2024-08-07,10-Q,2023-06-30,51702000,NetCashProvidedByUsedInOperatingActivities,USD,2024-08-07,10-Q,2023-06-30,through_ocf,True,,,0.091056,0.069556,2.710151,0.000718,-0.057889
2024Q4,2024-10-29,SYK,310764,STRYKER CORP,$2B-$10B,,9774000000,Revenues,USD,2024-07-31,10-Q,2023-06-30,1330000000,NetIncomeLoss,USD,2024-07-31,10-Q,2023-06-30,39912000000,Assets,USD,2024-07-31,10-Q,2023-12-31,-886000000,NetCashProvidedByUsedInFinancingActivities,USD,2024-07-31,10-Q,2023-06-30,-665000000,NetCashProvidedByUsedInInvestingActivities,USD,2024-07-31,10-Q,2023-06-30,1133000000,NetCashProvidedByUsedInOperatingActivities,USD,2024-07-31,10-Q,2023-06-30,through_ocf,True,,,0.136075,0.11592,4.083487,-0.090649,-0.068038
2024Q4,2024-11-18,SYM,1837240,SYMBOTIC INC.,$500M-$1B,,785003000,RevenueFromContractWithCustomerExcludingAssessedTax,USD,2024-07-31,10-Q,2023-06-24,-17658000,NetIncomeLoss,USD,2024-07-31,10-Q,2023-06-24,1050710000,Assets,USD,2024-07-31,10-Q,2023-09-30,-10726000,NetCashProvidedByUsedInFinancingActivities,USD,2024-07-31,10-Q,2023-06-24,-271460000,NetCashProvidedByUsedInInvestingActivities,USD,2024-07-31,10-Q,2023-06-24,186266000,NetCashProvidedByUsedInOperatingActivities,USD,2024-07-31,10-Q,2023-06-24,through_ocf,True,,,-0.022494,0.237281,1.338479,-0.013664,-0.345808
2024Q4,2024-11-07,SYNA,817720,SYNAPTICS INCORPORATED,$100M-$500M,,237700000,RevenueFromContractWithCustomerExcludingAssessedTax,USD,2024-11-07,10-Q,2023-09-30,-55600000,NetIncomeLoss,USD,2024-11-07,10-Q,2023-09-30,2825000000,Assets,USD,2024-11-07,10-Q,2024-06-29,-18100000,NetCashProvidedByUsedInFinancingActivities,USD,2024-11-07,10-Q,2023-09-30,-150100000,NetCashProvidedByUsedInInvestingActivities,USD,2024-11-07,10-Q,2023-09-30,45400000,NetCashProvidedByUsedInOperatingActivities,USD,2024-11-07,10-Q,2023-09-30,through_ocf,True,,,-0.233908,0.190997,11.884729,-0.076146,-0.631468
2024Q4,2024-11-12,TALO,1724965,Talos Energy Inc.,$1B-$2B,,1072927000,Revenues,USD,2024-11-12,10-Q,2023-09-30,101434000,NetIncomeLoss,USD,2024-11-12,10-Q,2023-09-30,4816309000,Assets,USD,2024-11-12,10-Q,2023-12-31,120309000,NetCashProvidedByUsedInFinancingActivities,USD,2024-11-12,10-Q,2023-09-30,-391874000,NetCashProvidedByUsedInInvestingActivities,USD,2024-11-12,10-Q,2023-09-30,342811000,NetCashProvidedByUsedInOperatingActivities,USD,2024-11-12,10-Q,2023-09-30,through_ocf,True,,,0.09454,0.31951,4.488944,0.112132,-0.365238
2024Q4,2024-11-07,TAP,24545,MOLSON COORS BEVERAGE COMPANY,$2B-$10B,,6645900000,RevenueFromContractWithCustomerExcludingAssessedTax,USD,2024-08-06,10-Q,2023-06-30,414900000,NetIncomeLoss,USD,2024-08-06,10-Q,2023-06-30,26375100000,Assets,USD,2024-08-06,10-Q,2023-12-31,-201900000,NetCashProvidedByUsedInFinancingActivities,USD,2024-08-06,10-Q,2023-06-30,-340600000,NetCashProvidedByUsedInInvestingActivities,USD,2024-08-06,10-Q,2023-06-30,894400000,NetCashProvidedByUsedInOperatingActivities,USD,2024-08-06,10-Q,2023-06-30,through_ocf,True,,,0.062429,0.134579,3.968627,-0.03038,-0.05125
2024Q4,2024-11-07,TASK,1829864,"TaskUs, Inc.",$500M-$1B,,690101000,RevenueFromContractWithCustomerExcludingAssessedTax,USD,2024-11-07,10-Q,2023-09-30,9509000,NetIncomeLoss,USD,2024-11-07,10-Q,2023-03-31,864202000,Assets,USD,2024-11-07,10-Q,2023-12-31,-96334000,NetCashProvidedByUsedInFinancingActivities,USD,2024-11-07,10-Q,2023-09-30,-23904000,NetCashProvidedByUsedInInvestingActivities,USD,2024-11-07,10-Q,2023-09-30,103895000,NetCashProvidedByUsedInOperatingActivities,USD,2024-11-07,10-Q,2023-09-30,through_ocf,True,,,0.013779,0.15055,1.252283,-0.139594,-0.034638
2024Q4,2024-11-04,TBI,768899,"TrueBlue, Inc.",$500M-$1B,,568244000,SalesRevenueServicesNet,USD,2018-04-30,10-Q,2017-04-02,-11622000,NetIncomeLoss,USD,2024-11-04,10-Q,2023-09-24,899383000,Assets,USD,2024-11-04,10-Q,2023-12-31,-37329000,NetCashProvidedByUsedInFinancingActivities,USD,2024-11-04,10-Q,2023-09-24,-26556000,NetCashProvidedByUsedInInvestingActivities,USD,2024-11-04,10-Q,2023-09-24,19569000,NetCashProvidedByUsedInOperatingActivities,USD,2024-11-04,10-Q,2023-09-24,through_ocf,True,,,-0.020452,0.034438,1.582741,-0.065692,-0.046733
2024Q4,2024-11-07,TBLA,0001840502,TABOOLA.COM LTD.,$1B-$2B,,1019911000,RevenueFromContractWithCustomerExcludingAssessedTax,USD,2024-11-07,10-Q,2023-09-30,-85763000,NetIncomeLoss,USD,2024-11-07,10-Q,2023-09-30,1707802000,Assets,USD,2024-11-07,10-Q,2023-12-31,-53191000,NetCashProvidedByUsedInFinancingActivities,USD,2024-11-07,10-Q,2023-09-30,65245000,NetCashProvidedByUsedInInvestingActivities,USD,2024-11-07,10-Q,2023-09-30,61581000,NetCashProvidedByUsedInOperatingActivities,USD,2024-11-07,10-Q,2023-09-30,through_ocf,True,,,-0.084089,0.060379,1.674462,-0.052153,0.063971
2024Q4,2024-10-31,TDAY,1579684,"USA TODAY CO., INC.",$1B-$2B,,1994145000,RevenueFromContractWithCustomerExcludingAssessedTax,USD,2024-10-31,10-Q,2023-09-30,-4899000,NetIncomeLoss,USD,2024-10-31,10-Q,2023-09-30,2181247000,Assets,USD,2024-10-31,10-Q,2023-12-31,-112943000,NetCashProvidedByUsedInFinancingActivities,USD,2024-10-31,10-Q,2023-09-30,54068000,NetCashProvidedByUsedInInvestingActivities,USD,2024-10-31,10-Q,2023-09-30,73417000,NetCashProvidedByUsedInOperatingActivities,USD,2024-10-31,10-Q,2023-09-30,through_ocf,True,,,-0.002457,0.036816,1.093826,-0.056637,0.027113
2024Q4,2024-11-07,TDG,1260221,TransDigm Group Incorporated,$2B-$10B,,5429000000,Revenues,USD,2024-11-07,10-K,2022-09-30,866000000,NetIncomeLoss,USD,2024-11-07,10-K,2022-09-30,19970000000,Assets,USD,2024-11-07,10-K,2023-09-30,-2148000000,NetCashProvidedByUsedInFinancingActivities,USD,2024-11-07,10-K,2022-09-30,-553000000,NetCashProvidedByUsedInInvestingActivities,USD,2024-11-07,10-K,2022-09-30,948000000,NetCashProvidedByUsedInOperatingActivities,USD,2024-11-07,10-K,2022-09-30,through_ocf,True,,,0.159514,0.174618,3.678394,-0.395653,-0.10186
2024Q4,2024-10-23,TDY,1094285,Teledyne Technologies Inc,$2B-$10B,,2808000000,RevenueFromContractWithCustomerExcludingAssessedTax,USD,2024-07-29,10-Q,2023-07-02,178700000,NetIncomeLoss,USD,2024-07-29,10-Q,2023-04-02,14527900000,Assets,USD,2024-07-29,10-Q,2023-12-31,-567800000,NetCashProvidedByUsedInFinancingActivities,USD,2024-07-29,10-Q,2023-07-02,-104500000,NetCashProvidedByUsedInInvestingActivities,USD,2024-07-29,10-Q,2023-07-02,393500000,NetCashProvidedByUsedInOperatingActivities,USD,2024-07-29,10-Q,2023-07-02,through_ocf,True,,,0.06364,0.140135,5.173754,-0.202208,-0.037215
2024Q4,2024-11-07,TEAD,1454938,Teads Holding Co.,$500M-$1B,,687589000,Revenues,USD,2024-11-07,10-Q,2023-09-30,-5605000,NetIncomeLoss,USD,2024-11-07,10-Q,2023-03-31,664637000,Assets,USD,2024-11-07,10-Q,2023-12-31,-111445000,NetCashProvidedByUsedInFinancingActivities,USD,2024-11-07,10-Q,2023-09-30,83710000,NetCashProvidedByUsedInInvestingActivities,USD,2024-11-07,10-Q,2023-09-30,-11731000,NetCashProvidedByUsedInOperatingActivities,USD,2024-11-07,10-Q,2023-09-30,through_ocf,True,,,-0.008152,-0.017061,0.96662,-0.162081,0.121744
2024Q4,2024-10-30,TECH,842023,BIO-TECHNE CORPORATION,$1B-$2B,,1105599000,RevenueFromContractWithCustomerExcludingAssessedTax,USD,2024-08-22,10-K,2022-06-30,272051000,NetIncomeLoss,USD,2024-08-22,10-K,2022-06-30,2638692000,Assets,USD,2024-08-22,10-K,2023-06-30,-242853000,NetCashProvidedByUsedInFinancingActivities,USD,2024-08-22,10-K,2022-06-30,-96851000,NetCashProvidedByUsedInInvestingActivities,USD,2024-08-22,10-K,2022-06-30,325272000,NetCashProvidedByUsedInOperatingActivities,USD,2024-08-22,10-K,2022-06-30,through_ocf,True,,,0.246067,0.294204,2.386663,-0.219657,-0.0876
2024Q4,2024-10-30,TEL,1385157,TE CONNECTIVITY PLC,>$10B,,11999000000,RevenueFromContractWithCustomerExcludingAssessedTax,USD,2024-07-29,10-Q,2023-06-30,1358000000,NetIncomeLoss,USD,2024-07-29,10-Q,2023-06-30,21712000000,Assets,USD,2024-07-29,10-Q,2023-09-29,-1386000000,NetCashProvidedByUsedInFinancingActivities,USD,2024-07-29,10-Q,2023-06-30,-573000000,NetCashProvidedByUsedInInvestingActivities,USD,2024-07-29,10-Q,2023-06-30,1994000000,NetCashProvidedByUsedInOperatingActivities,USD,2024-07-29,10-Q,2023-06-30,through_ocf,True,,,0.113176,0.166181,1.809484,-0.11551,-0.047754
2024Q4,2024-10-30,TENB,1660280,"TENABLE HOLDINGS, INC.",$100M-$500M,,383875000,RevenueFromContractWithCustomerExcludingAssessedTax,USD,2024-08-06,10-Q,2023-06-30,-41071000,NetIncomeLoss,USD,2024-08-06,10-Q,2023-06-30,1606871000,Assets,USD,2024-08-06,10-Q,2023-12-31,9871000,NetCashProvidedByUsedInFinancingActivities,USD,2024-08-06,10-Q,2023-06-30,-2585000,NetCashProvidedByUsedInInvestingActivities,USD,2024-08-06,10-Q,2023-06-30,68939000,NetCashProvidedByUsedInOperatingActivities,USD,2024-08-06,10-Q,2023-06-30,through_ocf,True,,,-0.106991,0.179587,4.185923,0.025714,-0.006734
2024Q4,2024-10-24,TER,97210,"TERADYNE, INC.",$1B-$2B,,1301966000,Revenues,USD,2024-08-02,10-Q,2023-07-02,203581000,NetIncomeLoss,USD,2024-08-02,10-Q,2023-07-02,3394896000,Assets,USD,2024-08-02,10-Q,2023-07-02,-283196000,NetCashProvidedByUsedInFinancingActivities,USD,2024-08-02,10-Q,2023-07-02,-121686000,NetCashProvidedByUsedInInvestingActivities,USD,2024-08-02,10-Q,2023-07-02,162104000,NetCashProvidedByUsedInOperatingActivities,USD,2024-08-02,10-Q,2023-07-02,through_ocf,True,,,0.156364,0.124507,2.607515,-0.217514,-0.093463
2024Q4,2024-10-30,TEX,97216,TEREX CORP,$2B-$10B,,3929000000,RevenueFromContractWithCustomerExcludingAssessedTax,USD,2024-10-30,10-Q,2023-09-30,391000000,NetIncomeLoss,USD,2024-10-30,10-Q,2023-09-30,3615000000,Assets,USD,2024-10-30,10-Q,2023-12-31,-161000000,NetCashProvidedByUsedInFinancingActivities,USD,2024-10-30,10-Q,2023-09-30,-54000000,NetCashProvidedByUsedInInvestingActivities,USD,2024-10-30,10-Q,2023-09-30,269000000,NetCashProvidedByUsedInOperatingActivities,USD,2024-10-30,10-Q,2023-09-30,through_ocf,True,,,0.099516,0.068465,0.920081,-0.040977,-0.013744
2024Q4,2024-11-08,TG,850429,TREDEGAR CORP,$100M-$500M,,468372000,SalesRevenueGoodsNet,USD,2018-08-01,10-Q,2017-06-30,-70314000,NetIncomeLoss,USD,2024-11-08,10-Q,2023-09-30,446461000,Assets,USD,2024-11-08,10-Q,2023-12-31,7712000,NetCashProvidedByUsedInFinancingActivities,USD,2024-11-08,10-Q,2023-09-30,-22008000,NetCashProvidedByUsedInInvestingActivities,USD,2024-11-08,10-Q,2023-09-30,44238000,NetCashProvidedByUsedInOperatingActivities,USD,2024-11-08,10-Q,2023-09-30,through_ocf,True,,,-0.150124,0.094451,0.953219,0.016466,-0.046988
2024Q4,2024-11-07,TGLS,1534675,TECNOGLASS INC.,$500M-$1B,,638662000,RevenueFromContractWithCustomerExcludingAssessedTax,USD,2024-11-07,10-Q,2023-09-30,146543000,NetIncomeLoss,USD,2024-11-07,10-Q,2023-09-30,962717000,Assets,USD,2024-11-07,10-Q,2023-12-31,-20931000,NetCashProvidedByUsedInFinancingActivities,USD,2024-11-07,10-Q,2023-09-30,-62497000,NetCashProvidedByUsedInInvestingActivities,USD,2024-11-07,10-Q,2023-09-30,94486000,NetCashProvidedByUsedInOperatingActivities,USD,2024-11-07,10-Q,2023-09-30,through_ocf,True,,,0.229453,0.147944,1.507397,-0.032773,-0.097856
2024Q4,2024-11-07,TGNA,39899,TEGNA INC.,$2B-$10B,,2185076000,RevenueFromContractWithCustomerExcludingAssessedTax,USD,2024-11-07,10-Q,2023-09-30,400591000,NetIncomeLoss,USD,2024-11-07,10-Q,2023-09-30,7000057000,Assets,USD,2024-11-07,10-Q,2023-12-31,-404395000,NetCashProvidedByUsedInFinancingActivities,USD,2024-11-07,10-Q,2023-09-30,-3095000,NetCashProvidedByUsedInInvestingActivities,USD,2024-11-07,10-Q,2023-09-30,408839000,NetCashProvidedByUsedInOperatingActivities,USD,2024-11-07,10-Q,2023-09-30,through_ocf,True,,,0.18333,0.187105,3.203576,-0.185071,-0.001416
2024Q4,2024-11-12,TH,1712189,TARGET HOSPITALITY CORP.,$100M-$500M,,437388000,Revenues,USD,2024-11-12,10-Q,2023-09-30,135857000,NetIncomeLoss,USD,2024-11-12,10-Q,2023-09-30,694353000,Assets,USD,2024-11-12,10-Q,2023-12-31,-134177000,NetCashProvidedByUsedInFinancingActivities,USD,2024-11-12,10-Q,2023-09-30,-60909000,NetCashProvidedByUsedInInvestingActivities,USD,2024-11-12,10-Q,2023-09-30,118512000,NetCashProvidedByUsedInOperatingActivities,USD,2024-11-12,10-Q,2023-09-30,through_ocf,True,,,0.31061,0.270954,1.587499,-0.306769,-0.139256
2024Q4,2024-11-07,THR,1489096,"THERMON GROUP HOLDINGS, INC.",$100M-$500M,,230548000,RevenueFromContractWithCustomerExcludingAssessedTax,USD,2024-11-07,10-Q,2023-09-30,10938000,NetIncomeLoss,USD,2024-11-07,10-Q,2023-06-30,767740000,Assets,USD,2024-11-07,10-Q,2024-03-31,-4596000,NetCashProvidedByUsedInFinancingActivities,USD,2024-11-07,10-Q,2023-09-30,-5574000,NetCashProvidedByUsedInInvestingActivities,USD,2024-11-07,10-Q,2023-09-30,4260000,NetCashProvidedByUsedInOperatingActivities,USD,2024-11-07,10-Q,2023-09-30,through_ocf,True,,,0.047443,0.018478,3.330066,-0.019935,-0.024177
2024Q4,2024-10-30,THRM,903129,Gentherm Inc,$1B-$2B,,1102143000,RevenueFromContractWithCustomerExcludingAssessedTax,USD,2024-10-30,10-Q,2023-09-30,7963000,ProfitLoss,USD,2024-10-30,10-Q,2023-03-31,1234371000,Assets,USD,2024-10-30,10-Q,2023-12-31,-60751000,NetCashProvidedByUsedInFinancingActivities,USD,2024-10-30,10-Q,2023-09-30,-16945000,NetCashProvidedByUsedInInvestingActivities,USD,2024-10-30,10-Q,2023-09-30,80042000,NetCashProvidedByUsedInOperatingActivities,USD,2024-10-30,10-Q,2023-09-30,through_ocf,True,,,0.007225,0.072624,1.119974,-0.055121,-0.015375
2024Q4,2024-10-29,THRY,1556739,"THRYV HOLDINGS, INC.",$100M-$500M,,496976000,RevenueFromContractWithCustomerExcludingAssessedTax,USD,2024-08-01,10-Q,2023-06-30,25292000,NetIncomeLoss,USD,2024-08-01,10-Q,2023-06-30,783170000,Assets,USD,2024-08-01,10-Q,2023-12-31,-34951000,NetCashProvidedByUsedInFinancingActivities,USD,2024-08-01,10-Q,2023-06-30,-23130000,NetCashProvidedByUsedInInvestingActivities,USD,2024-08-01,10-Q,2023-06-30,57736000,NetCashProvidedByUsedInOperatingActivities,USD,2024-08-01,10-Q,2023-06-30,through_ocf,True,,,0.050892,0.116175,1.575871,-0.070327,-0.046541
2024Q4,2024-11-01,TILE,715787,INTERFACE INC,$500M-$1B,,625374000,RevenueFromContractWithCustomerExcludingAssessedTax,USD,2024-08-06,10-Q,2023-07-02,-714000,NetIncomeLoss,USD,2024-08-06,10-Q,2023-04-02,1230095000,Assets,USD,2024-08-06,10-Q,2023-12-31,-49063000,NetCashProvidedByUsedInFinancingActivities,USD,2024-08-06,10-Q,2023-07-02,-4738000,NetCashProvidedByUsedInInvestingActivities,USD,2024-08-06,10-Q,2023-07-02,47924000,NetCashProvidedByUsedInOperatingActivities,USD,2024-08-06,10-Q,2023-07-02,through_ocf,True,,,-0.001142,0.076633,1.966975,-0.078454,-0.007576
2024Q4,2024-10-30,TIPT,1393726,Tiptree Inc.,$1B-$2B,,1202657000,Revenues,USD,2024-10-30,10-Q,2023-09-30,7080000,NetIncomeLoss,USD,2024-10-30,10-Q,2023-09-30,5139313000,Assets,USD,2024-10-30,10-Q,2023-12-31,39605000,NetCashProvidedByUsedInFinancingActivities,USD,2024-10-30,10-Q,2023-09-30,-144721000,NetCashProvidedByUsedInInvestingActivities,USD,2024-10-30,10-Q,2023-09-30,93566000,NetCashProvidedByUsedInOperatingActivities,USD,2024-10-30,10-Q,2023-09-30,through_ocf,True,,,0.005887,0.077799,4.273299,0.032931,-0.120334
2024Q4,2024-11-26,TITN,1409171,TITAN MACHINERY INC.,$1B-$2B,,1212199000,Revenues,USD,2024-09-05,10-Q,2023-07-31,26965000,NetIncomeLoss,USD,2024-09-05,10-Q,2023-04-30,1992261000,Assets,USD,2024-09-05,10-Q,2024-01-31,181819000,NetCashProvidedByUsedInFinancingActivities,USD,2024-09-05,10-Q,2023-07-31,-50738000,NetCashProvidedByUsedInInvestingActivities,USD,2024-09-05,10-Q,2023-07-31,-122695000,NetCashProvidedByUsedInOperatingActivities,USD,2024-09-05,10-Q,2023-07-31,through_ocf,True,,,0.022245,-0.101217,1.64351,0.149991,-0.041856
2024Q4,2024-11-20,TJX,109198,"THE TJX COMPANIES, INC.",$2B-$10B,,7784024000,SalesRevenueNet,USD,2018-06-01,10-Q,2017-04-29,1880000000,NetIncomeLoss,USD,2024-08-30,10-Q,2023-07-29,28922000000,Assets,USD,2024-08-30,10-Q,2023-07-29,-2214000000,NetCashProvidedByUsedInFinancingActivities,USD,2024-08-30,10-Q,2023-07-29,-819000000,NetCashProvidedByUsedInInvestingActivities,USD,2024-08-30,10-Q,2023-07-29,2086000000,NetCashProvidedByUsedInOperatingActivities,USD,2024-08-30,10-Q,2023-07-29,through_ocf,True,,,0.24152,0.267985,3.715559,-0.284429,-0.105216
2024Q4,2024-11-06,TKO,0001973266,"TKO GROUP HOLDINGS, INC.",$1B-$2B,,1060973000,Revenues,USD,2024-11-06,10-Q,2023-09-30,-21886000,NetIncomeLoss,USD,2024-11-06,10-Q,2023-09-30,12690739000,Assets,USD,2024-11-06,10-Q,2023-12-31,-285264000,NetCashProvidedByUsedInFinancingActivities,USD,2024-11-06,10-Q,2023-09-30,47579000,NetCashProvidedByUsedInInvestingActivities,USD,2024-11-06,10-Q,2023-09-30,247655000,NetCashProvidedByUsedInOperatingActivities,USD,2024-11-06,10-Q,2023-09-30,through_ocf,True,,,-0.020628,0.233423,11.961416,-0.26887,0.044845
2024Q4,2024-10-23,TMHC,1562476,TAYLOR MORRISON HOME CORP,$2B-$10B,,3722421000,RevenueFromContractWithCustomerExcludingAssessedTax,USD,2024-07-24,10-Q,2023-06-30,425653000,NetIncomeLoss,USD,2024-07-24,10-Q,2023-06-30,8672087000,Assets,USD,2024-07-24,10-Q,2023-12-31,-60888000,NetCashProvidedByUsedInFinancingActivities,USD,2024-07-24,10-Q,2023-06-30,-44829000,NetCashProvidedByUsedInInvestingActivities,USD,2024-07-24,10-Q,2023-06-30,607111000,NetCashProvidedByUsedInOperatingActivities,USD,2024-07-24,10-Q,2023-06-30,through_ocf,True,,,0.114348,0.163096,2.32969,-0.016357,-0.012043
2024Q4,2024-11-06,TNDM,1438133,"Tandem Diabetes Care, Inc.",$500M-$1B,,550922000,RevenueFromContractWithCustomerExcludingAssessedTax,USD,2024-11-06,10-Q,2023-09-30,-192609000,NetIncomeLoss,USD,2024-11-06,10-Q,2023-09-30,952658000,Assets,USD,2024-11-06,10-Q,2023-12-31,1496000,NetCashProvidedByUsedInFinancingActivities,USD,2024-11-06,10-Q,2023-09-30,-69156000,NetCashProvidedByUsedInInvestingActivities,USD,2024-11-06,10-Q,2023-09-30,-24594000,NetCashProvidedByUsedInOperatingActivities,USD,2024-11-06,10-Q,2023-09-30,through_ocf,True,,,-0.349612,-0.044642,1.729207,0.002715,-0.125528
2024Q4,2024-10-25,TNET,937098,"TRINET GROUP, INC",$2B-$10B,,3677000000,RevenueFromContractWithCustomerExcludingAssessedTax,USD,2024-10-25,10-Q,2023-09-30,308000000,NetIncomeLoss,USD,2024-10-25,10-Q,2023-09-30,3693000000,Assets,USD,2024-10-25,10-Q,2023-12-31,-523000000,NetCashProvidedByUsedInFinancingActivities,USD,2024-10-25,10-Q,2023-09-30,-57000000,NetCashProvidedByUsedInInvestingActivities,USD,2024-10-25,10-Q,2023-09-30,-43000000,NetCashProvidedByUsedInOperatingActivities,USD,2024-10-25,10-Q,2023-09-30,through_ocf,True,,,0.083764,-0.011694,1.004351,-0.142236,-0.015502
2024Q4,2024-11-07,TPB,1290677,"Turning Point Brands, Inc.",$100M-$500M,,197256000,SalesRevenueNet,USD,2018-03-08,10-K,2015-12-31,28353000,NetIncomeLoss,USD,2024-11-07,10-Q,2023-09-30,569356000,Assets,USD,2024-11-07,10-Q,2023-12-31,-45956000,NetCashProvidedByUsedInFinancingActivities,USD,2024-11-07,10-Q,2023-09-30,-4403000,NetCashProvidedByUsedInInvestingActivities,USD,2024-11-07,10-Q,2023-09-30,40005000,NetCashProvidedByUsedInOperatingActivities,USD,2024-11-07,10-Q,2023-09-30,through_ocf,True,,,0.143737,0.202808,2.886381,-0.232976,-0.022321
2024Q4,2024-10-21,TPC,77543,Tutor Perini Corporation,$1B-$2B,,1798051000,RevenueFromContractWithCustomerExcludingAssessedTax,USD,2024-08-01,10-Q,2023-06-30,-86730000,NetIncomeLoss,USD,2024-08-01,10-Q,2023-06-30,4429856000,Assets,USD,2024-08-01,10-Q,2023-12-31,-47863000,NetCashProvidedByUsedInFinancingActivities,USD,2024-08-01,10-Q,2023-06-30,-29159000,NetCashProvidedByUsedInInvestingActivities,USD,2024-08-01,10-Q,2023-06-30,77650000,NetCashProvidedByUsedInOperatingActivities,USD,2024-08-01,10-Q,2023-06-30,through_ocf,True,,,-0.048236,0.043186,2.463699,-0.026619,-0.016217
2024Q4,2024-11-04,TPG,0001880661,TPG Inc.,$1B-$2B,,1406774000,Revenues,USD,2024-11-04,10-Q,2023-09-30,66917000,NetIncomeLoss,USD,2024-11-04,10-Q,2023-09-30,9369672000,Assets,USD,2024-11-04,10-Q,2023-12-31,-1104857000,NetCashProvidedByUsedInFinancingActivities,USD,2024-11-04,10-Q,2023-09-30,-10539000,NetCashProvidedByUsedInInvestingActivities,USD,2024-11-04,10-Q,2023-09-30,1232558000,NetCashProvidedByUsedInOperatingActivities,USD,2024-11-04,10-Q,2023-09-30,through_ocf,True,,,0.047568,0.876159,6.660396,-0.785383,-0.007492
2024Q4,2024-11-04,TPGXL,0001880661,TPG Inc.,$1B-$2B,,1406774000,Revenues,USD,2024-11-04,10-Q,2023-09-30,66917000,NetIncomeLoss,USD,2024-11-04,10-Q,2023-09-30,9369672000,Assets,USD,2024-11-04,10-Q,2023-12-31,-1104857000,NetCashProvidedByUsedInFinancingActivities,USD,2024-11-04,10-Q,2023-09-30,-10539000,NetCashProvidedByUsedInInvestingActivities,USD,2024-11-04,10-Q,2023-09-30,1232558000,NetCashProvidedByUsedInOperatingActivities,USD,2024-11-04,10-Q,2023-09-30,through_ocf,True,,,0.047568,0.876159,6.660396,-0.785383,-0.007492
2024Q4,2024-10-24,TPH,1561680,"Tri Pointe Homes, Inc.",$2B-$10B,,2455506000,RevenueFromContractWithCustomerExcludingAssessedTax,USD,2024-10-24,10-Q,2023-09-30,210868000,NetIncomeLoss,USD,2024-10-24,10-Q,2023-09-30,4914588000,Assets,USD,2024-10-24,10-Q,2023-12-31,-139852000,NetCashProvidedByUsedInFinancingActivities,USD,2024-10-24,10-Q,2023-09-30,-25570000,NetCashProvidedByUsedInInvestingActivities,USD,2024-10-24,10-Q,2023-09-30,124797000,NetCashProvidedByUsedInOperatingActivities,USD,2024-10-24,10-Q,2023-09-30,through_ocf,True,,,0.085876,0.050823,2.001456,-0.056954,-0.010413
2024Q4,2024-11-06,TPL,1811074,Texas Pacific Land Corporation,$100M-$500M,,464938000,RevenueFromContractWithCustomerExcludingAssessedTax,USD,2024-11-06,10-Q,2023-09-30,86568000,NetIncomeLoss,USD,2024-11-06,10-Q,2023-03-31,1156398000,Assets,USD,2024-11-06,10-Q,2023-12-31,-108588000,NetCashProvidedByUsedInFinancingActivities,USD,2024-11-06,10-Q,2023-09-30,-55914000,NetCashProvidedByUsedInInvestingActivities,USD,2024-11-06,10-Q,2023-09-30,306858000,NetCashProvidedByUsedInOperatingActivities,USD,2024-11-06,10-Q,2023-09-30,through_ocf,True,,,0.186193,0.659998,2.487209,-0.233554,-0.120261
2024Q4,2024-11-07,TPR,1116132,"Tapestry, Inc.",$1B-$2B,,1513200000,RevenueFromContractWithCustomerExcludingAssessedTax,USD,2024-11-07,10-Q,2023-09-30,195000000,NetIncomeLoss,USD,2024-11-07,10-Q,2023-09-30,13396300000,Assets,USD,2024-11-07,10-Q,2024-06-29,-149400000,NetCashProvidedByUsedInFinancingActivities,USD,2024-11-07,10-Q,2023-09-30,-22800000,NetCashProvidedByUsedInInvestingActivities,USD,2024-11-07,10-Q,2023-09-30,75300000,NetCashProvidedByUsedInOperatingActivities,USD,2024-11-07,10-Q,2023-09-30,through_ocf,True,,,0.128866,0.049762,8.852961,-0.098731,-0.015067
2024Q4,2024-10-24,TR,98677,TOOTSIE ROLL INDUSTRIES INC,$100M-$500M,,322237000,RevenueFromContractWithCustomerExcludingAssessedTax,USD,2024-08-08,10-Q,2023-06-30,28127000,NetIncomeLoss,USD,2024-08-08,10-Q,2023-06-30,1033989000,Assets,USD,2024-08-08,10-Q,2023-06-30,-29095000,NetCashProvidedByUsedInFinancingActivities,USD,2024-08-08,10-Q,2023-06-30,6432000,NetCashProvidedByUsedInInvestingActivities,USD,2024-08-08,10-Q,2023-06-30,-5142000,NetCashProvidedByUsedInOperatingActivities,USD,2024-08-08,10-Q,2023-06-30,through_ocf,True,,,0.087287,-0.015957,3.208784,-0.090291,0.01996
2024Q4,2024-11-05,TRGP,1389170,TARGA RESOURCES CORP.,>$10B,,11820800000,Revenues,USD,2024-11-05,10-Q,2023-09-30,1046300000,NetIncomeLoss,USD,2024-11-05,10-Q,2023-09-30,20671800000,Assets,USD,2024-11-05,10-Q,2023-12-31,-659600000,NetCashProvidedByUsedInFinancingActivities,USD,2024-11-05,10-Q,2023-09-30,-1673800000,NetCashProvidedByUsedInInvestingActivities,USD,2024-11-05,10-Q,2023-09-30,2253900000,NetCashProvidedByUsedInOperatingActivities,USD,2024-11-05,10-Q,2023-09-30,through_ocf,True,,,0.088513,0.190672,1.748765,-0.0558,-0.141598
2024Q4,2024-11-06,TRIP,1526520,"TRIPADVISOR, INC.",$1B-$2B,,1398000000,RevenueFromContractWithCustomerExcludingAssessedTax,USD,2024-11-06,10-Q,2023-09-30,-22000000,NetIncomeLoss,USD,2024-11-06,10-Q,2023-09-30,2537000000,Assets,USD,2024-11-06,10-Q,2023-12-31,-97000000,NetCashProvidedByUsedInFinancingActivities,USD,2024-11-06,10-Q,2023-09-30,-47000000,NetCashProvidedByUsedInInvestingActivities,USD,2024-11-06,10-Q,2023-09-30,254000000,NetCashProvidedByUsedInOperatingActivities,USD,2024-11-06,10-Q,2023-09-30,through_ocf,True,,,-0.015737,0.181688,1.814735,-0.069385,-0.033619
2024Q4,2024-11-06,TRMB,864749,Trimble Inc.,$2B-$10B,,3659400000,Revenues,USD,2024-02-26,10-K,2021-12-31,492700000,NetIncomeLoss,USD,2024-02-26,10-K,2021-12-31,7269000000,Assets,USD,2024-02-26,10-K,2022-12-30,-447700000,NetCashProvidedByUsedInFinancingActivities,USD,2024-02-26,10-K,2021-12-31,-203500000,NetCashProvidedByUsedInInvestingActivities,USD,2024-02-26,10-K,2021-12-31,750500000,NetCashProvidedByUsedInOperatingActivities,USD,2024-02-26,10-K,2021-12-31,through_ocf,True,,,0.13464,0.205088,1.986391,-0.122342,-0.05561
2024Q4,2024-10-31,TRN,99780,"Trinity Industries, Inc.",$2B-$10B,,2185400000,Revenues,USD,2024-10-31,10-Q,2023-09-30,43200000,NetIncomeLoss,USD,2024-10-31,10-Q,2023-09-30,8906500000,Assets,USD,2024-10-31,10-Q,2023-12-31,81000000,NetCashProvidedByUsedInFinancingActivities,USD,2024-10-31,10-Q,2023-09-30,-316300000,NetCashProvidedByUsedInInvestingActivities,USD,2024-10-31,10-Q,2023-09-30,207700000,NetCashProvidedByUsedInOperatingActivities,USD,2024-10-31,10-Q,2023-09-30,through_ocf,True,,,0.019768,0.09504,4.075455,0.037064,-0.144733
2024Q4,2024-11-01,TROW,1113169,PRICE T ROWE GROUP INC,$2B-$10B,,4818500000,RevenueFromContractWithCustomerExcludingAssessedTax,USD,2024-11-01,10-Q,2023-09-30,1351100000,NetIncomeLoss,USD,2024-11-01,10-Q,2023-09-30,12278800000,Assets,USD,2024-11-01,10-Q,2023-12-31,-617200000,NetCashProvidedByUsedInFinancingActivities,USD,2024-11-01,10-Q,2023-09-30,38100000,NetCashProvidedByUsedInInvestingActivities,USD,2024-11-01,10-Q,2023-09-30,1376500000,NetCashProvidedByUsedInOperatingActivities,USD,2024-11-01,10-Q,2023-09-30,through_ocf,True,,,0.280398,0.28567,2.548262,-0.12809,0.007907
2024Q4,2024-10-25,TROX,1530804,TRONOX HOLDINGS PLC,$2B-$10B,,2164000000,RevenueFromContractWithCustomerExcludingAssessedTax,USD,2024-10-25,10-Q,2023-09-30,-260000000,NetIncomeLoss,USD,2024-10-25,10-Q,2023-09-30,6134000000,Assets,USD,2024-10-25,10-Q,2023-12-31,207000000,NetCashProvidedByUsedInFinancingActivities,USD,2024-10-25,10-Q,2023-09-30,-199000000,NetCashProvidedByUsedInInvestingActivities,USD,2024-10-25,10-Q,2023-09-30,74000000,NetCashProvidedByUsedInOperatingActivities,USD,2024-10-25,10-Q,2023-09-30,through_ocf,True,,,-0.120148,0.034196,2.834566,0.095656,-0.091959
2024Q4,2024-11-04,TRS,842633,TRIMAS CORPORATION,$500M-$1B,,683990000,Revenues,USD,2024-11-04,10-Q,2023-09-30,4910000,NetIncomeLoss,USD,2024-11-04,10-Q,2023-03-31,1341660000,Assets,USD,2024-11-04,10-Q,2023-12-31,-23180000,NetCashProvidedByUsedInFinancingActivities,USD,2024-11-04,10-Q,2023-09-30,-111820000,NetCashProvidedByUsedInInvestingActivities,USD,2024-11-04,10-Q,2023-09-30,57570000,NetCashProvidedByUsedInOperatingActivities,USD,2024-11-04,10-Q,2023-09-30,through_ocf,True,,,0.007178,0.084168,1.96152,-0.033889,-0.163482
2024Q4,2024-10-30,TRUP,1371285,"TRUPANION, INC.",$500M-$1B,,526895000,Revenues,USD,2024-08-09,10-Q,2023-06-30,-6410000,NetIncomeLoss,USD,2015-02-24,10-K,2012-12-31,782948000,Assets,USD,2024-08-09,10-Q,2023-12-31,33717000,NetCashProvidedByUsedInFinancingActivities,USD,2024-08-09,10-Q,2023-06-30,28385000,NetCashProvidedByUsedInInvestingActivities,USD,2024-08-09,10-Q,2023-06-30,-10267000,NetCashProvidedByUsedInOperatingActivities,USD,2024-08-09,10-Q,2023-06-30,through_ocf,True,,,-0.012166,-0.019486,1.485966,0.063992,0.053872
2024Q4,2024-10-17,TRV,86312,"Travelers Companies, Inc.",>$10B,,30437000000,Revenues,USD,2024-10-17,10-Q,2023-09-30,1365000000,NetIncomeLoss,USD,2024-10-17,10-Q,2023-09-30,125978000000,Assets,USD,2024-10-17,10-Q,2023-12-31,-778000000,NetCashProvidedByUsedInFinancingActivities,USD,2024-10-17,10-Q,2023-09-30,-5037000000,NetCashProvidedByUsedInInvestingActivities,USD,2024-10-17,10-Q,2023-09-30,5607000000,NetCashProvidedByUsedInOperatingActivities,USD,2024-10-17,10-Q,2023-09-30,through_ocf,True,,,0.044847,0.184217,4.138976,-0.025561,-0.165489
2024Q4,2024-10-24,TSCO,916365,TRACTOR SUPPLY CO /DE/,$2B-$10B,,7483920000,Revenues,USD,2024-08-08,10-Q,2023-07-01,183088000,NetIncomeLoss,USD,2024-08-08,10-Q,2023-04-01,9032823000,Assets,USD,2024-08-08,10-Q,2023-07-01,-20277000,NetCashProvidedByUsedInFinancingActivities,USD,2024-08-08,10-Q,2023-07-01,-344515000,NetCashProvidedByUsedInInvestingActivities,USD,2024-08-08,10-Q,2023-07-01,782321000,NetCashProvidedByUsedInOperatingActivities,USD,2024-08-08,10-Q,2023-07-01,through_ocf,True,,,0.024464,0.104534,1.206964,-0.002709,-0.046034
2024Q4,2024-11-06,TSEOF,1519061,Trinseo PLC,$1B-$2B,,1958900000,RevenueFromContractWithCustomerExcludingAssessedTax,USD,2024-08-07,10-Q,2023-06-30,-48900000,NetIncomeLoss,USD,2024-08-07,10-Q,2023-03-31,3029200000,Assets,USD,2024-08-07,10-Q,2023-12-31,-31700000,NetCashProvidedByUsedInFinancingActivities,USD,2024-08-07,10-Q,2023-06-30,-13300000,NetCashProvidedByUsedInInvestingActivities,USD,2024-08-07,10-Q,2023-06-30,101900000,NetCashProvidedByUsedInOperatingActivities,USD,2024-08-07,10-Q,2023-06-30,through_ocf,True,,,-0.024963,0.052019,1.546378,-0.016183,-0.00679
2024Q4,2024-10-30,TT,1466258,Trane Technologies plc,>$10B,,13253500000,RevenueFromContractWithCustomerExcludingAssessedTax,USD,2024-10-30,10-Q,2023-09-30,1519600000,NetIncomeLoss,USD,2024-10-30,10-Q,2023-09-30,19391900000,Assets,USD,2024-10-30,10-Q,2023-12-31,-952100000,NetCashProvidedByUsedInFinancingActivities,USD,2024-10-30,10-Q,2023-09-30,-736100000,NetCashProvidedByUsedInInvestingActivities,USD,2024-10-30,10-Q,2023-09-30,1454800000,NetCashProvidedByUsedInOperatingActivities,USD,2024-10-30,10-Q,2023-09-30,through_ocf,True,,,0.114657,0.109767,1.463153,-0.071838,-0.05554
2024Q4,2024-11-06,TTEC,1013880,"TTEC Holdings, Inc.",$1B-$2B,,1836636000,RevenueFromContractWithCustomerExcludingAssessedTax,USD,2024-11-06,10-Q,2023-09-30,18328000,NetIncomeLoss,USD,2024-11-06,10-Q,2023-09-30,2185598000,Assets,USD,2024-11-06,10-Q,2023-12-31,-71522000,NetCashProvidedByUsedInFinancingActivities,USD,2024-11-06,10-Q,2023-09-30,-54476000,NetCashProvidedByUsedInInvestingActivities,USD,2024-11-06,10-Q,2023-09-30,113231000,NetCashProvidedByUsedInOperatingActivities,USD,2024-11-06,10-Q,2023-09-30,through_ocf,True,,,0.009979,0.061651,1.190001,-0.038942,-0.029661
2024Q4,2024-11-13,TTEK,831641,"TETRA TECH, INC.",$2B-$10B,,3261938000,RevenueFromContractWithCustomerExcludingAssessedTax,USD,2024-08-02,10-Q,2023-07-02,219794000,ProfitLoss,USD,2024-08-02,10-Q,2023-07-02,3820477000,Assets,USD,2024-08-02,10-Q,2023-10-01,494395000,NetCashProvidedByUsedInFinancingActivities,USD,2024-08-02,10-Q,2023-07-02,-761896000,NetCashProvidedByUsedInInvestingActivities,USD,2024-08-02,10-Q,2023-07-02,246053000,NetCashProvidedByUsedInOperatingActivities,USD,2024-08-02,10-Q,2023-07-02,through_ocf,True,,,0.067381,0.075432,1.171229,0.151565,-0.233572
2024Q4,2024-10-30,TTMI,1116942,"TTM TECHNOLOGIES, INC.",$1B-$2B,,1090946000,RevenueFromContractWithCustomerExcludingAssessedTax,USD,2024-08-06,10-Q,2023-07-03,-5814000,NetIncomeLoss,USD,2024-08-06,10-Q,2023-04-03,3323663000,Assets,USD,2024-08-06,10-Q,2024-01-01,-72366000,NetCashProvidedByUsedInFinancingActivities,USD,2024-08-06,10-Q,2023-07-03,-12316000,NetCashProvidedByUsedInInvestingActivities,USD,2024-08-06,10-Q,2023-07-03,80962000,NetCashProvidedByUsedInOperatingActivities,USD,2024-08-06,10-Q,2023-07-03,through_ocf,True,,,-0.005329,0.074213,3.046588,-0.066333,-0.011289
2024Q4,2024-11-07,TTSH,1552800,"TILE SHOP HOLDINGS, INC.",$100M-$500M,,292688000,RevenueFromContractWithCustomerExcludingAssessedTax,USD,2024-11-07,10-Q,2023-09-30,9435000,NetIncomeLoss,USD,2024-11-07,10-Q,2023-09-30,316672000,Assets,USD,2024-11-07,10-Q,2023-12-31,-35887000,NetCashProvidedByUsedInFinancingActivities,USD,2024-11-07,10-Q,2023-09-30,-10988000,NetCashProvidedByUsedInInvestingActivities,USD,2024-11-07,10-Q,2023-09-30,56172000,NetCashProvidedByUsedInOperatingActivities,USD,2024-11-07,10-Q,2023-09-30,through_ocf,True,,,0.032236,0.191918,1.081944,-0.122612,-0.037542
2024Q4,2024-11-06,TTWO,946581,"TAKE-TWO INTERACTIVE SOFTWARE, INC.",$1B-$2B,,1284700000,RevenueFromContractWithCustomerExcludingAssessedTax,USD,2024-08-09,10-Q,2023-06-30,-206000000,NetIncomeLoss,USD,2024-08-09,10-Q,2023-06-30,12216900000,Assets,USD,2024-08-09,10-Q,2024-03-31,-20800000,NetCashProvidedByUsedInFinancingActivities,USD,2024-08-09,10-Q,2023-06-30,38100000,NetCashProvidedByUsedInInvestingActivities,USD,2024-08-09,10-Q,2023-06-30,5000000,NetCashProvidedByUsedInOperatingActivities,USD,2024-08-09,10-Q,2023-06-30,through_ocf,True,,,-0.160349,0.003892,9.509535,-0.016191,0.029657
2024Q4,2024-10-30,TW,1758730,Tradeweb Markets Inc.,$500M-$1B,,968219000,RevenueFromContractWithCustomerExcludingAssessedTax,USD,2024-10-30,10-Q,2023-09-30,275552000,NetIncomeLoss,USD,2024-10-30,10-Q,2023-09-30,7059538000,Assets,USD,2024-10-30,10-Q,2023-12-31,-144150000,NetCashProvidedByUsedInFinancingActivities,USD,2024-10-30,10-Q,2023-09-30,-120509000,NetCashProvidedByUsedInInvestingActivities,USD,2024-10-30,10-Q,2023-09-30,501328000,NetCashProvidedByUsedInOperatingActivities,USD,2024-10-30,10-Q,2023-09-30,through_ocf,True,,,0.284597,0.517784,7.291262,-0.148882,-0.124465
2024Q4,2024-10-30,TWI,899751,"TITAN INTERNATIONAL, INC.",$1B-$2B,,1431601000,RevenueFromContractWithCustomerExcludingAssessedTax,USD,2024-10-30,10-Q,2023-09-30,81325000,NetIncomeLoss,USD,2024-10-30,10-Q,2023-09-30,1289245000,Assets,USD,2024-10-30,10-Q,2023-12-31,-39993000,NetCashProvidedByUsedInFinancingActivities,USD,2024-10-30,10-Q,2023-09-30,-39685000,NetCashProvidedByUsedInInvestingActivities,USD,2024-10-30,10-Q,2023-09-30,140106000,NetCashProvidedByUsedInOperatingActivities,USD,2024-10-30,10-Q,2023-09-30,through_ocf,True,,,0.056807,0.097867,0.900562,-0.027936,-0.027721
2024Q4,2024-11-01,TXNM,1108426,"TXNM Energy, Inc.",$1B-$2B,,1527084000,Revenues,USD,2024-11-01,10-Q,2023-09-30,152613000,ProfitLoss,USD,2024-11-01,10-Q,2023-09-30,10050841000,Assets,USD,2024-11-01,10-Q,2023-09-30,402963000,NetCashProvidedByUsedInFinancingActivities,USD,2024-11-01,10-Q,2023-09-30,-811877000,NetCashProvidedByUsedInInvestingActivities,USD,2024-11-01,10-Q,2023-09-30,412604000,NetCashProvidedByUsedInOperatingActivities,USD,2024-11-01,10-Q,2023-09-30,through_ocf,True,,,0.099938,0.270191,6.581721,0.263877,-0.531652
2024Q4,2024-10-24,TXRH,1289460,"TEXAS ROADHOUSE, INC.",$2B-$10B,,2345559000,RevenueFromContractWithCustomerExcludingAssessedTax,USD,2024-08-02,10-Q,2023-06-27,173029000,ProfitLoss,USD,2024-08-02,10-Q,2023-06-27,2793376000,Assets,USD,2024-08-02,10-Q,2023-12-26,-168766000,NetCashProvidedByUsedInFinancingActivities,USD,2024-08-02,10-Q,2023-06-27,-186004000,NetCashProvidedByUsedInInvestingActivities,USD,2024-08-02,10-Q,2023-06-27,288233000,NetCashProvidedByUsedInOperatingActivities,USD,2024-08-02,10-Q,2023-06-27,through_ocf,True,,,0.073769,0.122885,1.190921,-0.071951,-0.0793
2024Q4,2024-10-24,TXT,217346,Textron Inc.,$2B-$10B,,9791000000,Revenues,USD,2024-10-24,10-Q,2023-09-30,723000000,NetIncomeLoss,USD,2024-10-24,10-Q,2023-09-30,16856000000,Assets,USD,2024-10-24,10-Q,2023-12-30,-877000000,NetCashProvidedByUsedInFinancingActivities,USD,2024-10-24,10-Q,2023-09-30,-154000000,NetCashProvidedByUsedInInvestingActivities,USD,2024-10-24,10-Q,2023-09-30,717000000,NetCashProvidedByUsedInOperatingActivities,USD,2024-10-24,10-Q,2023-09-30,through_ocf,True,,,0.073843,0.073231,1.721581,-0.089572,-0.015729
2024Q4,2024-10-23,TYL,860731,"TYLER TECHNOLOGIES, INC.",$1B-$2B,,1470817000,RevenueFromContractWithCustomerExcludingAssessedTax,USD,2024-10-23,10-Q,2023-09-30,127016000,NetIncomeLoss,USD,2024-10-23,10-Q,2023-09-30,4676663000,Assets,USD,2024-10-23,10-Q,2023-12-31,-234782000,NetCashProvidedByUsedInFinancingActivities,USD,2024-10-23,10-Q,2023-09-30,-40610000,NetCashProvidedByUsedInInvestingActivities,USD,2024-10-23,10-Q,2023-09-30,233021000,NetCashProvidedByUsedInOperatingActivities,USD,2024-10-23,10-Q,2023-09-30,through_ocf,True,,,0.086357,0.15843,3.179636,-0.159627,-0.027611
2024Q4,2024-10-31,UBER,1543151,"UBER TECHNOLOGIES, INC.",>$10B,,27345000000,Revenues,USD,2024-10-31,10-Q,2023-09-30,458000000,NetIncomeLoss,USD,2024-10-31,10-Q,2023-09-30,38699000000,Assets,USD,2024-10-31,10-Q,2023-12-31,-141000000,NetCashProvidedByUsedInFinancingActivities,USD,2024-10-31,10-Q,2023-09-30,-2407000000,NetCashProvidedByUsedInInvestingActivities,USD,2024-10-31,10-Q,2023-09-30,2762000000,NetCashProvidedByUsedInOperatingActivities,USD,2024-10-31,10-Q,2023-09-30,through_ocf,True,,,0.016749,0.101006,1.415213,-0.005156,-0.088023
2024Q4,2024-10-24,UBSI,729986,UNITED BANKSHARES INC/WV,$100M-$500M,,263249000,Revenues,USD,2023-03-01,10-K,2020-12-31,98307000,NetIncomeLoss,USD,2024-08-09,10-Q,2023-03-31,29926482000,Assets,USD,2024-08-09,10-Q,2023-12-31,-24035000,NetCashProvidedByUsedInFinancingActivities,USD,2024-08-09,10-Q,2023-06-30,356649000,NetCashProvidedByUsedInInvestingActivities,USD,2024-08-09,10-Q,2023-06-30,183091000,NetCashProvidedByUsedInOperatingActivities,USD,2024-08-09,10-Q,2023-06-30,through_ocf,True,,,0.373437,0.695505,113.681275,-0.091301,1.354797
2024Q4,2024-10-23,UCB,857855,"UNITED COMMUNITY BANKS, INC.",$100M-$500M,,433816000,Revenues,USD,2024-08-09,10-Q,2023-06-30,125588000,NetIncomeLoss,USD,2024-08-09,10-Q,2023-06-30,27297251000,Assets,USD,2024-08-09,10-Q,2023-12-31,42327000,NetCashProvidedByUsedInFinancingActivities,USD,2024-08-09,10-Q,2023-06-30,-163465000,NetCashProvidedByUsedInInvestingActivities,USD,2024-08-09,10-Q,2023-06-30,185021000,NetCashProvidedByUsedInOperatingActivities,USD,2024-08-09,10-Q,2023-06-30,through_ocf,True,,,0.289496,0.426496,62.923569,0.097569,-0.376807
2024Q4,2024-10-30,UDR,74208,"UDR, Inc.",$500M-$1B,,804097000,Revenues,USD,2024-07-31,10-Q,2023-06-30,378509000,NetIncomeLoss,USD,2024-07-31,10-Q,2023-06-30,11373242000,Assets,USD,2024-07-31,10-Q,2023-12-31,-349107000,NetCashProvidedByUsedInFinancingActivities,USD,2024-07-31,10-Q,2023-06-30,-60694000,NetCashProvidedByUsedInInvestingActivities,USD,2024-07-31,10-Q,2023-06-30,409988000,NetCashProvidedByUsedInOperatingActivities,USD,2024-07-31,10-Q,2023-06-30,through_ocf,True,,,0.470726,0.509874,14.144117,-0.43416,-0.075481
2024Q4,2024-11-07,UEIC,101984,UNIVERSAL ELECTRONICS INC.,$100M-$500M,,322863000,RevenueFromContractWithCustomerExcludingAssessedTax,USD,2024-11-07,10-Q,2023-09-30,-61363000,NetIncomeLoss,USD,2024-11-07,10-Q,2023-03-31,355872000,Assets,USD,2024-11-07,10-Q,2023-12-31,-13888000,NetCashProvidedByUsedInFinancingActivities,USD,2024-11-07,10-Q,2023-09-30,-11483000,NetCashProvidedByUsedInInvestingActivities,USD,2024-11-07,10-Q,2023-09-30,20076000,NetCashProvidedByUsedInOperatingActivities,USD,2024-11-07,10-Q,2023-09-30,through_ocf,True,,,-0.190059,0.062181,1.102238,-0.043015,-0.035566
2024Q4,2024-11-05,UFCS,101199,"UNITED FIRE GROUP, INC",$500M-$1B,,534193000,Revenues,USD,2024-08-07,10-Q,2023-06-30,694000,NetIncomeLoss,USD,2024-08-07,10-Q,2023-03-31,3144190000,Assets,USD,2024-08-07,10-Q,2023-12-31,-8297000,NetCashProvidedByUsedInFinancingActivities,USD,2024-08-07,10-Q,2023-06-30,-46513000,NetCashProvidedByUsedInInvestingActivities,USD,2024-08-07,10-Q,2023-06-30,37864000,NetCashProvidedByUsedInOperatingActivities,USD,2024-08-07,10-Q,2023-06-30,through_ocf,True,,,0.001299,0.070881,5.885869,-0.015532,-0.087072
2024Q4,2024-10-28,UFPI,912767,"UFP INDUSTRIES, INC.",$2B-$10B,,2975091000,Revenues,USD,2018-11-07,10-Q,2017-09-30,276830000,NetIncomeLoss,USD,2024-08-07,10-Q,2023-07-01,3843943000,Assets,USD,2024-08-07,10-Q,2023-07-01,-97047000,NetCashProvidedByUsedInFinancingActivities,USD,2024-08-07,10-Q,2023-07-01,-85310000,NetCashProvidedByUsedInInvestingActivities,USD,2024-08-07,10-Q,2023-07-01,321064000,NetCashProvidedByUsedInOperatingActivities,USD,2024-08-07,10-Q,2023-07-01,through_ocf,True,,,0.093049,0.107917,1.292042,-0.03262,-0.028675
2024Q4,2024-10-25,UHS,352915,"UNIVERSAL HEALTH SERVICES, INC.",$2B-$10B,,7015656000,RevenueFromContractWithCustomerExcludingAssessedTax,USD,2024-08-08,10-Q,2023-06-30,334428000,NetIncomeLoss,USD,2024-08-08,10-Q,2023-06-30,13732309000,Assets,USD,2024-08-08,10-Q,2023-06-30,-329599000,NetCashProvidedByUsedInFinancingActivities,USD,2024-08-08,10-Q,2023-06-30,-348009000,NetCashProvidedByUsedInInvestingActivities,USD,2024-08-08,10-Q,2023-06-30,653701000,NetCashProvidedByUsedInOperatingActivities,USD,2024-08-08,10-Q,2023-06-30,through_ocf,True,,,0.047669,0.093177,1.957381,-0.04698,-0.049605
2024Q4,2024-10-29,UIS,746838,UNISYS CORP,$500M-$1B,,993200000,Revenues,USD,2024-08-06,10-Q,2023-06-30,-215400000,NetIncomeLoss,USD,2024-08-06,10-Q,2023-06-30,1965400000,Assets,USD,2024-08-06,10-Q,2023-12-31,-11000000,NetCashProvidedByUsedInFinancingActivities,USD,2024-08-06,10-Q,2023-06-30,-23500000,NetCashProvidedByUsedInInvestingActivities,USD,2024-08-06,10-Q,2023-06-30,55300000,NetCashProvidedByUsedInOperatingActivities,USD,2024-08-06,10-Q,2023-06-30,through_ocf,True,,,-0.216875,0.055679,1.978856,-0.011075,-0.023661
2024Q4,2024-10-29,ULCC,1670076,"Frontier Group Holdings, Inc.",$2B-$10B,,2698000000,RevenueFromContractWithCustomerExcludingAssessedTax,USD,2024-10-29,10-Q,2023-09-30,-13000000,NetIncomeLoss,USD,2024-10-29,10-Q,2023-03-31,4993000000,Assets,USD,2024-10-29,10-Q,2023-12-31,177000000,NetCashProvidedByUsedInFinancingActivities,USD,2024-10-29,10-Q,2023-09-30,-91000000,NetCashProvidedByUsedInInvestingActivities,USD,2024-10-29,10-Q,2023-09-30,-207000000,NetCashProvidedByUsedInOperatingActivities,USD,2024-10-29,10-Q,2023-09-30,through_ocf,True,,,-0.004818,-0.076723,1.85063,0.065604,-0.033729
2024Q4,2024-10-24,ULH,1308208,"UNIVERSAL LOGISTICS HOLDINGS, INC.",$500M-$1B,,849968000,RevenueFromContractWithCustomerExcludingAssessedTax,USD,2024-08-08,10-Q,2023-07-01,24876000,NetIncomeLoss,USD,2024-08-08,10-Q,2023-04-01,1253523000,Assets,USD,2024-08-08,10-Q,2023-12-31,-6355000,NetCashProvidedByUsedInFinancingActivities,USD,2024-08-08,10-Q,2023-07-01,-77210000,NetCashProvidedByUsedInInvestingActivities,USD,2024-08-08,10-Q,2023-07-01,104962000,NetCashProvidedByUsedInOperatingActivities,USD,2024-08-08,10-Q,2023-07-01,through_ocf,True,,,0.029267,0.123489,1.474788,-0.007477,-0.090839
2024Q4,2024-12-05,ULTA,1403568,"ULTA BEAUTY, INC.",$2B-$10B,,7653005000,Revenues,USD,2024-12-05,10-Q,2023-10-28,347051000,NetIncomeLoss,USD,2024-12-05,10-Q,2023-04-29,5595008000,Assets,USD,2024-12-05,10-Q,2023-10-28,-658177000,NetCashProvidedByUsedInFinancingActivities,USD,2024-12-05,10-Q,2023-10-28,-315900000,NetCashProvidedByUsedInInvestingActivities,USD,2024-12-05,10-Q,2023-10-28,358011000,NetCashProvidedByUsedInOperatingActivities,USD,2024-12-05,10-Q,2023-10-28,through_ocf,True,,,0.045348,0.04678,0.731086,-0.086002,-0.041278
2024Q4,2024-10-31,UPBD,933036,"Upbound Group, Inc.",$2B-$10B,,2974322000,Revenues,USD,2024-10-31,10-Q,2023-09-30,47330000,NetIncomeLoss,USD,2024-10-31,10-Q,2023-03-31,2721430000,Assets,USD,2024-10-31,10-Q,2023-12-31,-223758000,NetCashProvidedByUsedInFinancingActivities,USD,2024-10-31,10-Q,2023-09-30,-36191000,NetCashProvidedByUsedInInvestingActivities,USD,2024-10-31,10-Q,2023-09-30,219942000,NetCashProvidedByUsedInOperatingActivities,USD,2024-10-31,10-Q,2023-09-30,through_ocf,True,,,0.015913,0.073947,0.914975,-0.07523,-0.012168
2024Q4,2024-11-07,UPST,1647639,"Upstart Holdings, Inc.",$100M-$500M,,238693000,Revenues,USD,2024-08-07,10-Q,2023-06-30,-157419000,NetIncomeLoss,USD,2024-08-07,10-Q,2023-06-30,2017100000,Assets,USD,2024-08-07,10-Q,2023-12-31,-99824000,NetCashProvidedByUsedInFinancingActivities,USD,2024-08-07,10-Q,2023-06-30,-64346000,NetCashProvidedByUsedInInvestingActivities,USD,2024-08-07,10-Q,2023-06-30,141596000,NetCashProvidedByUsedInOperatingActivities,USD,2024-08-07,10-Q,2023-06-30,through_ocf,True,,,-0.659504,0.593214,8.450604,-0.418211,-0.269576
2024Q4,2024-10-23,UPWK,1627475,UPWORK INC.,$100M-$500M,,329469000,RevenueFromContractWithCustomerExcludingAssessedTax,USD,2024-08-07,10-Q,2023-06-30,13176000,NetIncomeLoss,USD,2024-08-07,10-Q,2023-06-30,1037541000,Assets,USD,2024-08-07,10-Q,2023-12-31,-151631000,NetCashProvidedByUsedInFinancingActivities,USD,2024-08-07,10-Q,2023-06-30,196943000,NetCashProvidedByUsedInInvestingActivities,USD,2024-08-07,10-Q,2023-06-30,-4392000,NetCashProvidedByUsedInOperatingActivities,USD,2024-08-07,10-Q,2023-06-30,through_ocf,True,,,0.039992,-0.013331,3.149131,-0.460228,0.597759
2024Q4,2024-10-23,URI,1067701,"UNITED RENTALS, INC.",>$10B,,10604000000,Revenues,USD,2024-10-23,10-Q,2023-09-30,1745000000,NetIncomeLoss,USD,2024-10-23,10-Q,2023-09-30,25589000000,Assets,USD,2024-10-23,10-Q,2023-12-31,-568000000,NetCashProvidedByUsedInFinancingActivities,USD,2024-10-23,10-Q,2023-09-30,-2539000000,NetCashProvidedByUsedInInvestingActivities,USD,2024-10-23,10-Q,2023-09-30,3290000000,NetCashProvidedByUsedInOperatingActivities,USD,2024-10-23,10-Q,2023-09-30,through_ocf,True,,,0.164561,0.31026,2.413146,-0.053565,-0.239438
2024Q4,2024-10-16,USB,36104,US BANCORP \DE\,>$10B,,14350000000,Revenues,USD,2024-08-06,10-Q,2023-06-30,3059000000,NetIncomeLoss,USD,2024-08-06,10-Q,2023-06-30,663491000000,Assets,USD,2024-08-06,10-Q,2023-12-31,1453000000,NetCashProvidedByUsedInFinancingActivities,USD,2024-08-06,10-Q,2023-06-30,11489000000,NetCashProvidedByUsedInInvestingActivities,USD,2024-08-06,10-Q,2023-06-30,4158000000,NetCashProvidedByUsedInOperatingActivities,USD,2024-08-06,10-Q,2023-06-30,through_ocf,True,,,0.213171,0.289756,46.236307,0.101254,0.800627
2024Q4,2024-10-22,USNA,896264,"USANA HEALTH SCIENCES, INC.",$100M-$500M,,486562000,RevenueFromContractWithCustomerExcludingAssessedTax,USD,2024-08-06,10-Q,2023-07-01,35675000,NetIncomeLoss,USD,2024-08-06,10-Q,2023-07-01,632757000,Assets,USD,2024-08-06,10-Q,2023-12-30,-3254000,NetCashProvidedByUsedInFinancingActivities,USD,2024-08-06,10-Q,2023-07-01,-3199000,NetCashProvidedByUsedInInvestingActivities,USD,2024-08-06,10-Q,2023-07-01,22384000,NetCashProvidedByUsedInOperatingActivities,USD,2024-08-06,10-Q,2023-07-01,through_ocf,True,,,0.073321,0.046004,1.300465,-0.006688,-0.006575
2024Q4,2024-10-30,UTHR,1082554,United Therapeutics Corporation,$1B-$2B,,1712800000,RevenueFromContractWithCustomerExcludingAssessedTax,USD,2024-10-30,10-Q,2023-09-30,767700000,NetIncomeLoss,USD,2024-10-30,10-Q,2023-09-30,7167000000,Assets,USD,2024-10-30,10-Q,2023-12-31,80900000,NetCashProvidedByUsedInFinancingActivities,USD,2024-10-30,10-Q,2023-09-30,-761700000,NetCashProvidedByUsedInInvestingActivities,USD,2024-10-30,10-Q,2023-09-30,827300000,NetCashProvidedByUsedInOperatingActivities,USD,2024-10-30,10-Q,2023-09-30,through_ocf,True,,,0.448213,0.48301,4.184376,0.047233,-0.44471
2024Q4,2024-11-20,UTI,1261654,"UNIVERSAL TECHNICAL INSTITUTE, INC",$100M-$500M,,437110000,RevenueFromContractWithCustomerExcludingAssessedTax,USD,2024-08-07,10-Q,2023-06-30,2648000,NetIncomeLoss,USD,2024-08-07,10-Q,2022-12-31,740685000,Assets,USD,2024-08-07,10-Q,2023-09-30,85048000,NetCashProvidedByUsedInFinancingActivities,USD,2024-08-07,10-Q,2023-06-30,-36228000,NetCashProvidedByUsedInInvestingActivities,USD,2024-08-07,10-Q,2023-06-30,-4733000,NetCashProvidedByUsedInOperatingActivities,USD,2024-08-07,10-Q,2023-06-30,through_ocf,True,,,0.006058,-0.010828,1.694505,0.194569,-0.082881
2024Q4,2024-10-31,UTZ,1739566,"Utz Brands, Inc.",$1B-$2B,,1086138000,RevenueFromContractWithCustomerExcludingAssessedTax,USD,2024-10-31,10-Q,2023-10-01,2742000,NetIncomeLoss,USD,2024-10-31,10-Q,2023-10-01,2746736000,Assets,USD,2024-10-31,10-Q,2023-12-31,-24461000,NetCashProvidedByUsedInFinancingActivities,USD,2024-10-31,10-Q,2023-10-01,-37505000,NetCashProvidedByUsedInInvestingActivities,USD,2024-10-31,10-Q,2023-10-01,49130000,NetCashProvidedByUsedInOperatingActivities,USD,2024-10-31,10-Q,2023-10-01,through_ocf,True,,,0.002525,0.045234,2.528901,-0.022521,-0.034531
2024Q4,2024-11-12,UVV,102037,UNIVERSAL CORP /VA/,$500M-$1B,,516370000,RevenueFromContractWithCustomerExcludingAssessedTax,USD,2024-08-07,10-Q,2023-06-30,-2064000,NetIncomeLoss,USD,2024-08-07,10-Q,2023-06-30,2887659000,Assets,USD,2024-08-07,10-Q,2023-06-30,137349000,NetCashProvidedByUsedInFinancingActivities,USD,2024-08-07,10-Q,2023-06-30,-17634000,NetCashProvidedByUsedInInvestingActivities,USD,2024-08-07,10-Q,2023-06-30,-103891000,NetCashProvidedByUsedInOperatingActivities,USD,2024-08-07,10-Q,2023-06-30,through_ocf,True,,,-0.003997,-0.201195,5.592228,0.26599,-0.03415
2024Q4,2024-11-06,VAC,1524358,Marriott Vacations Worldwide Corp,$2B-$10B,,2347000000,Revenues,USD,2024-08-02,10-Q,2023-06-30,177000000,NetIncomeLoss,USD,2024-08-02,10-Q,2023-06-30,9680000000,Assets,USD,2024-08-02,10-Q,2023-12-31,-349000000,NetCashProvidedByUsedInFinancingActivities,USD,2024-08-02,10-Q,2023-06-30,-53000000,NetCashProvidedByUsedInInvestingActivities,USD,2024-08-02,10-Q,2023-06-30,27000000,NetCashProvidedByUsedInOperatingActivities,USD,2024-08-02,10-Q,2023-06-30,through_ocf,True,,,0.075415,0.011504,4.124414,-0.1487,-0.022582
2024Q4,2024-10-30,VAL,314808,Valaris Limited,$500M-$1B,,845300000,Revenues,USD,2024-08-01,10-Q,2023-06-30,17300000,NetIncomeLoss,USD,2024-08-01,10-Q,2023-06-30,4322200000,Assets,USD,2024-08-01,10-Q,2023-12-31,32400000,NetCashProvidedByUsedInFinancingActivities,USD,2024-08-01,10-Q,2023-06-30,-98200000,NetCashProvidedByUsedInInvestingActivities,USD,2024-08-01,10-Q,2023-06-30,122600000,NetCashProvidedByUsedInOperatingActivities,USD,2024-08-01,10-Q,2023-06-30,through_ocf,True,,,0.020466,0.145037,5.113214,0.03833,-0.116172
2024Q4,2024-10-24,VC,1111335,VISTEON CORP,$2B-$10B,,2964000000,RevenueFromContractWithCustomerExcludingAssessedTax,USD,2024-10-24,10-Q,2023-09-30,120000000,NetIncomeLoss,USD,2024-10-24,10-Q,2023-09-30,2727000000,Assets,USD,2024-10-24,10-Q,2023-12-31,-119000000,NetCashProvidedByUsedInFinancingActivities,USD,2024-10-24,10-Q,2023-09-30,-80000000,NetCashProvidedByUsedInInvestingActivities,USD,2024-10-24,10-Q,2023-09-30,169000000,NetCashProvidedByUsedInOperatingActivities,USD,2024-10-24,10-Q,2023-09-30,through_ocf,True,,,0.040486,0.057018,0.92004,-0.040148,-0.026991
2024Q4,2024-11-07,VCTR,1570827,"Victory Capital Holdings, Inc.",$100M-$500M,,405546000,RevenueFromContractWithCustomerExcludingAssessedTax,USD,2024-08-09,10-Q,2023-06-30,49273000,NetIncomeLoss,USD,2024-08-09,10-Q,2023-03-31,2542616000,Assets,USD,2024-08-09,10-Q,2023-12-31,-132034000,NetCashProvidedByUsedInFinancingActivities,USD,2024-08-09,10-Q,2023-06-30,-3922000,NetCashProvidedByUsedInInvestingActivities,USD,2024-08-09,10-Q,2023-06-30,141562000,NetCashProvidedByUsedInOperatingActivities,USD,2024-08-09,10-Q,2023-06-30,through_ocf,True,,,0.121498,0.349065,6.269612,-0.325571,-0.009671
2024Q4,2024-11-06,VECO,103145,VEECO INSTRUMENTS INC,$100M-$500M,,477038000,SalesRevenueNet,USD,2018-02-21,10-K,2015-12-31,8741000,NetIncomeLoss,USD,2024-11-06,10-Q,2023-03-31,1229041000,Assets,USD,2024-11-06,10-Q,2023-12-31,-3630000,NetCashProvidedByUsedInFinancingActivities,USD,2024-11-06,10-Q,2023-09-30,-27180000,NetCashProvidedByUsedInInvestingActivities,USD,2024-11-06,10-Q,2023-09-30,32189000,NetCashProvidedByUsedInOperatingActivities,USD,2024-11-06,10-Q,2023-09-30,through_ocf,True,,,0.018323,0.067477,2.576401,-0.007609,-0.056977
2024Q4,2024-11-06,VERX,1806837,"Vertex, Inc.",$100M-$500M,,417473000,RevenueFromContractWithCustomerExcludingAssessedTax,USD,2024-11-06,10-Q,2023-09-30,-18132000,NetIncomeLoss,USD,2024-11-06,10-Q,2023-03-31,759927000,Assets,USD,2024-11-06,10-Q,2023-12-31,-6003000,NetCashProvidedByUsedInFinancingActivities,USD,2024-11-06,10-Q,2023-09-30,-46264000,NetCashProvidedByUsedInInvestingActivities,USD,2024-11-06,10-Q,2023-09-30,26696000,NetCashProvidedByUsedInOperatingActivities,USD,2024-11-06,10-Q,2023-09-30,through_ocf,True,,,-0.043433,0.063947,1.820302,-0.014379,-0.110819
2024Q4,2024-10-31,VIAV,912093,Viavi Solutions Inc.,$1B-$2B,,1292400000,RevenueFromContractWithCustomerExcludingAssessedTax,USD,2024-08-16,10-K,2022-07-02,15500000,NetIncomeLoss,USD,2024-08-16,10-K,2022-07-02,1850500000,Assets,USD,2024-08-16,10-K,2023-07-01,-210400000,NetCashProvidedByUsedInFinancingActivities,USD,2024-08-16,10-K,2022-07-02,-71000000,NetCashProvidedByUsedInInvestingActivities,USD,2024-08-16,10-K,2022-07-02,178100000,NetCashProvidedByUsedInOperatingActivities,USD,2024-08-16,10-K,2022-07-02,through_ocf,True,,,0.011993,0.137806,1.431832,-0.162798,-0.054937
2024Q4,2024-10-23,VLTO,0001967680,VERALTO CORPORATION,$2B-$10B,,2478000000,RevenueFromContractWithCustomerExcludingAssessedTax,USD,2024-07-26,10-Q,2023-06-30,434000000,NetIncomeLoss,USD,2024-07-26,10-Q,2023-06-30,5693000000,Assets,USD,2024-07-26,10-Q,2023-12-31,-438000000,NetCashProvidedByUsedInFinancingActivities,USD,2024-07-26,10-Q,2023-06-30,-19000000,NetCashProvidedByUsedInInvestingActivities,USD,2024-07-26,10-Q,2023-06-30,457000000,NetCashProvidedByUsedInOperatingActivities,USD,2024-07-26,10-Q,2023-06-30,through_ocf,True,,,0.175141,0.184423,2.297417,-0.176755,-0.007667
2024Q4,2024-10-30,VMC,1396009,VULCAN MATERIALS COMPANY,$2B-$10B,,5947600000,RevenueFromContractWithCustomerExcludingAssessedTax,USD,2024-10-30,10-Q,2023-09-30,705800000,NetIncomeLoss,USD,2024-10-30,10-Q,2023-09-30,14620500000,Assets,USD,2024-10-30,10-Q,2023-09-30,-362500000,NetCashProvidedByUsedInFinancingActivities,USD,2024-10-30,10-Q,2023-09-30,-509200000,NetCashProvidedByUsedInInvestingActivities,USD,2024-10-30,10-Q,2023-09-30,1055200000,NetCashProvidedByUsedInOperatingActivities,USD,2024-10-30,10-Q,2023-09-30,through_ocf,True,,,0.11867,0.177416,2.458218,-0.060949,-0.085614
2024Q4,2024-11-19,VREX,1681622,VAREX IMAGING CORPORATION,$500M-$1B,,859400000,Revenues,USD,2024-11-19,10-K,2022-09-30,30300000,NetIncomeLoss,USD,2024-11-19,10-K,2022-09-30,1249600000,Assets,USD,2024-11-19,10-K,2023-09-29,-23800000,NetCashProvidedByUsedInFinancingActivities,USD,2024-11-19,10-K,2022-09-30,-48400000,NetCashProvidedByUsedInInvestingActivities,USD,2024-11-19,10-K,2022-09-30,16900000,NetCashProvidedByUsedInOperatingActivities,USD,2024-11-19,10-K,2022-09-30,through_ocf,True,,,0.035257,0.019665,1.454038,-0.027694,-0.056318
2024Q4,2024-10-24,VRSN,1014473,VERISIGN INC/CA,$1B-$2B,,1112700000,Revenues,USD,2024-10-24,10-Q,2023-09-30,552900000,NetIncomeLoss,USD,2024-10-24,10-Q,2023-09-30,1749000000,Assets,USD,2024-10-24,10-Q,2023-12-31,-663500000,NetCashProvidedByUsedInFinancingActivities,USD,2024-10-24,10-Q,2023-09-30,-201500000,NetCashProvidedByUsedInInvestingActivities,USD,2024-10-24,10-Q,2023-09-30,649600000,NetCashProvidedByUsedInOperatingActivities,USD,2024-10-24,10-Q,2023-09-30,through_ocf,True,,,0.496899,0.583805,1.571852,-0.596297,-0.181091
2024Q4,2024-10-23,VRT,1674101,VERTIV HOLDINGS CO,$2B-$10B,,3255200000,RevenueFromContractWithCustomerExcludingAssessedTax,USD,2024-07-26,10-Q,2023-06-30,50300000,NetIncomeLoss,USD,2024-07-26,10-Q,2023-03-31,7998500000,Assets,USD,2024-07-26,10-Q,2023-12-31,-243900000,NetCashProvidedByUsedInFinancingActivities,USD,2024-07-26,10-Q,2023-06-30,-43700000,NetCashProvidedByUsedInInvestingActivities,USD,2024-07-26,10-Q,2023-06-30,295600000,NetCashProvidedByUsedInOperatingActivities,USD,2024-07-26,10-Q,2023-06-30,through_ocf,True,,,0.015452,0.090809,2.457145,-0.074926,-0.013425
2024Q4,2024-10-25,VRTS,883237,"VIRTUS INVESTMENT PARTNERS, INC.",$100M-$500M,,411410000,RevenueFromContractWithCustomerExcludingAssessedTax,USD,2024-08-08,10-Q,2023-06-30,64823000,ProfitLoss,USD,2024-08-08,10-Q,2023-06-30,3678629000,Assets,USD,2024-08-08,10-Q,2023-12-31,-210727000,NetCashProvidedByUsedInFinancingActivities,USD,2024-08-08,10-Q,2023-06-30,-123244000,NetCashProvidedByUsedInInvestingActivities,USD,2024-08-08,10-Q,2023-06-30,102088000,NetCashProvidedByUsedInOperatingActivities,USD,2024-08-08,10-Q,2023-06-30,through_ocf,True,,,0.157563,0.248142,8.941516,-0.512207,-0.299565
2024Q4,2024-11-04,VRTX,875320,VERTEX PHARMACEUTICALS INC / MA,$2B-$10B,,4868000000,RevenueFromContractWithCustomerExcludingAssessedTax,USD,2024-08-02,10-Q,2023-06-30,1615500000,NetIncomeLoss,USD,2024-08-02,10-Q,2023-06-30,22730200000,Assets,USD,2024-08-02,10-Q,2023-12-31,-277400000,NetCashProvidedByUsedInFinancingActivities,USD,2024-08-02,10-Q,2023-06-30,-2137500000,NetCashProvidedByUsedInInvestingActivities,USD,2024-08-02,10-Q,2023-06-30,2034300000,NetCashProvidedByUsedInOperatingActivities,USD,2024-08-02,10-Q,2023-06-30,through_ocf,True,,,0.331861,0.417892,4.66931,-0.056984,-0.439092
2024Q4,2024-11-06,VSAT,797721,"VIASAT, INC.",$500M-$1B,,779791000,RevenueFromContractWithCustomerExcludingAssessedTax,USD,2024-08-09,10-Q,2023-06-30,-77004000,NetIncomeLoss,USD,2024-08-09,10-Q,2023-06-30,16329364000,Assets,USD,2024-08-09,10-Q,2024-03-31,1278348000,NetCashProvidedByUsedInFinancingActivities,USD,2024-08-09,10-Q,2023-06-30,-769547000,NetCashProvidedByUsedInInvestingActivities,USD,2024-08-09,10-Q,2023-06-30,103666000,NetCashProvidedByUsedInOperatingActivities,USD,2024-08-09,10-Q,2023-06-30,through_ocf,True,,,-0.09875,0.132941,20.940693,1.639347,-0.986863
2024Q4,2024-12-05,VSCO,1856437,Victoria's Secret & Co.,$2B-$10B,,2834000000,RevenueFromContractWithCustomerExcludingAssessedTax,USD,2024-09-06,10-Q,2023-07-29,-1000000,NetIncomeLoss,USD,2024-09-06,10-Q,2023-07-29,4525000000,Assets,USD,2024-09-06,10-Q,2023-07-29,-133000000,NetCashProvidedByUsedInFinancingActivities,USD,2024-09-06,10-Q,2023-07-29,-143000000,NetCashProvidedByUsedInInvestingActivities,USD,2024-09-06,10-Q,2023-07-29,-19000000,NetCashProvidedByUsedInOperatingActivities,USD,2024-09-06,10-Q,2023-07-29,through_ocf,True,,,-0.000353,-0.006704,1.596683,-0.04693,-0.050459
2024Q4,2024-10-15,VSEC,102752,VSE CORPORATION,$100M-$500M,,393810000,RevenueFromContractWithCustomerExcludingAssessedTax,USD,2024-08-01,10-Q,2023-06-30,17972000,NetIncomeLoss,USD,2024-08-01,10-Q,2023-06-30,1350338000,Assets,USD,2024-08-01,10-Q,2023-12-31,85244000,NetCashProvidedByUsedInFinancingActivities,USD,2024-08-01,10-Q,2023-06-30,-16291000,NetCashProvidedByUsedInInvestingActivities,USD,2024-08-01,10-Q,2023-06-30,-65091000,NetCashProvidedByUsedInOperatingActivities,USD,2024-08-01,10-Q,2023-06-30,through_ocf,True,,,0.045636,-0.165285,3.428907,0.21646,-0.041368
2024Q4,2024-11-06,VSH,103730,VISHAY INTERTECHNOLOGY INC,$2B-$10B,,2616809000,Revenues,USD,2024-11-06,10-Q,2023-09-30,272348000,NetIncomeLoss,USD,2024-11-06,10-Q,2023-09-30,4239923000,Assets,USD,2024-11-06,10-Q,2023-12-31,96150000,NetCashProvidedByUsedInFinancingActivities,USD,2024-11-06,10-Q,2023-09-30,36588000,NetCashProvidedByUsedInInvestingActivities,USD,2024-11-06,10-Q,2023-09-30,359435000,NetCashProvidedByUsedInOperatingActivities,USD,2024-11-06,10-Q,2023-09-30,through_ocf,True,,,0.104076,0.137356,1.620265,0.036743,0.013982
2024Q4,2024-11-07,VST,1692819,Vistra Corp.,$2B-$10B,,7614000000,Revenues,USD,2024-08-09,10-Q,2023-06-30,1175000000,NetIncomeLoss,USD,2024-08-09,10-Q,2023-06-30,32966000000,Assets,USD,2024-08-09,10-Q,2023-12-31,-1872000000,NetCashProvidedByUsedInFinancingActivities,USD,2024-08-09,10-Q,2023-06-30,-967000000,NetCashProvidedByUsedInInvestingActivities,USD,2024-08-09,10-Q,2023-06-30,3012000000,NetCashProvidedByUsedInOperatingActivities,USD,2024-08-09,10-Q,2023-06-30,through_ocf,True,,,0.154321,0.395587,4.329656,-0.245863,-0.127003
2024Q4,2024-11-21,VSTS,0001967649,Vestis Corp,$2B-$10B,,2109385000,RevenueFromContractWithCustomerExcludingAssessedTax,USD,2024-08-07,10-Q,2023-06-30,33468000,NetIncomeLoss,USD,2024-08-07,10-Q,2022-12-30,3157124000,Assets,USD,2024-08-07,10-Q,2023-09-29,-112509000,NetCashProvidedByUsedInFinancingActivities,USD,2024-08-07,10-Q,2023-06-30,-41598000,NetCashProvidedByUsedInInvestingActivities,USD,2024-08-07,10-Q,2023-06-30,143937000,NetCashProvidedByUsedInOperatingActivities,USD,2024-08-07,10-Q,2023-06-30,through_ocf,True,,,0.015866,0.068236,1.496704,-0.053337,-0.01972
2024Q4,2024-11-05,VTOL,1525221,Bristow Group Inc.,$500M-$1B,,621405000,Revenues,USD,2024-08-07,10-Q,2023-06-30,-3159000,NetIncomeLoss,USD,2024-08-07,10-Q,2023-06-30,1937278000,Assets,USD,2024-08-07,10-Q,2023-12-31,28871000,NetCashProvidedByUsedInFinancingActivities,USD,2024-08-07,10-Q,2023-06-30,-16992000,NetCashProvidedByUsedInInvestingActivities,USD,2024-08-07,10-Q,2023-06-30,24825000,NetCashProvidedByUsedInOperatingActivities,USD,2024-08-07,10-Q,2023-06-30,through_ocf,True,,,-0.005084,0.03995,3.117577,0.046461,-0.027344
2024Q4,2024-10-30,VTR,740260,"Ventas, Inc.",$2B-$10B,,2183603000,Revenues,USD,2024-08-02,10-Q,2023-06-30,123978000,ProfitLoss,USD,2024-08-02,10-Q,2023-06-30,24725433000,Assets,USD,2024-08-02,10-Q,2023-12-31,-388085000,NetCashProvidedByUsedInFinancingActivities,USD,2024-08-02,10-Q,2023-06-30,-127607000,NetCashProvidedByUsedInInvestingActivities,USD,2024-08-02,10-Q,2023-06-30,554644000,NetCashProvidedByUsedInOperatingActivities,USD,2024-08-02,10-Q,2023-06-30,through_ocf,True,,,0.056777,0.254004,11.323227,-0.177727,-0.058439
2024Q4,2024-11-07,VTRS,1792044,VIATRIS INC.,>$10B,,11589600000,Revenues,USD,2024-11-07,10-Q,2023-09-30,-1269100000,ProfitLoss,USD,2024-02-28,10-K,2021-12-31,47685500000,Assets,USD,2024-11-07,10-Q,2023-12-31,-1375800000,NetCashProvidedByUsedInFinancingActivities,USD,2024-11-07,10-Q,2023-09-30,-891200000,NetCashProvidedByUsedInInvestingActivities,USD,2024-11-07,10-Q,2023-09-30,2331500000,NetCashProvidedByUsedInOperatingActivities,USD,2024-11-07,10-Q,2023-09-30,through_ocf,True,,,-0.109503,0.201172,4.114508,-0.11871,-0.076897
2024Q4,2024-11-04,VVX,1601548,"V2X, Inc.",$2B-$10B,,2922819000,RevenueFromContractWithCustomerExcludingAssessedTax,USD,2024-11-04,10-Q,2023-09-29,-17480000,NetIncomeLoss,USD,2024-11-04,10-Q,2023-03-31,3081900000,Assets,USD,2024-11-04,10-Q,2023-12-31,-155734000,NetCashProvidedByUsedInFinancingActivities,USD,2024-11-04,10-Q,2023-09-29,-15709000,NetCashProvidedByUsedInInvestingActivities,USD,2024-11-04,10-Q,2023-09-29,135175000,NetCashProvidedByUsedInOperatingActivities,USD,2024-11-04,10-Q,2023-09-29,through_ocf,True,,,-0.005981,0.046248,1.054427,-0.053282,-0.005375
2024Q4,2024-11-12,VYGR,1640266,"Voyager Therapeutics, Inc.",$100M-$500M,,159947000,RevenueFromContractWithCustomerExcludingAssessedTax,USD,2024-11-12,10-Q,2023-09-30,124044000,NetIncomeLoss,USD,2024-11-12,10-Q,2023-03-31,351281000,Assets,USD,2024-11-12,10-Q,2023-12-31,33185000,NetCashProvidedByUsedInFinancingActivities,USD,2024-11-12,10-Q,2023-09-30,-168476000,NetCashProvidedByUsedInInvestingActivities,USD,2024-11-12,10-Q,2023-09-30,101679000,NetCashProvidedByUsedInOperatingActivities,USD,2024-11-12,10-Q,2023-09-30,through_ocf,True,,,0.775532,0.635704,2.196234,0.207475,-1.053324
2024Q4,2024-11-07,VYX,70866,NCR VOYIX CORPORATION,$2B-$10B,,2382000000,RevenueFromContractWithCustomerExcludingAssessedTax,USD,2024-11-07,10-Q,2023-09-30,-105000000,NetIncomeLoss,USD,2024-11-07,10-Q,2023-09-30,4990000000,Assets,USD,2024-11-07,10-Q,2023-12-31,1879000000,NetCashProvidedByUsedInFinancingActivities,USD,2024-11-07,10-Q,2023-09-30,-305000000,NetCashProvidedByUsedInInvestingActivities,USD,2024-11-07,10-Q,2023-09-30,727000000,NetCashProvidedByUsedInOperatingActivities,USD,2024-11-07,10-Q,2023-09-30,through_ocf,True,,,-0.044081,0.305206,2.094878,0.788833,-0.128044
2024Q4,2024-10-23,WAB,943452,WESTINGHOUSE AIR BRAKE TECHNOLOGIES CORPORATION,$2B-$10B,,7151000000,RevenueFromContractWithCustomerExcludingAssessedTax,USD,2024-10-23,10-Q,2023-09-30,600000000,NetIncomeLoss,USD,2024-10-23,10-Q,2023-09-30,18988000000,Assets,USD,2024-10-23,10-Q,2023-12-31,-323000000,NetCashProvidedByUsedInFinancingActivities,USD,2024-10-23,10-Q,2023-09-30,-336000000,NetCashProvidedByUsedInInvestingActivities,USD,2024-10-23,10-Q,2023-09-30,515000000,NetCashProvidedByUsedInOperatingActivities,USD,2024-10-23,10-Q,2023-09-30,through_ocf,True,,,0.083904,0.072018,2.655293,-0.045169,-0.046986
2024Q4,2024-11-01,WAT,1000697,Waters Corporation,$2B-$10B,,2136942000,RevenueFromContractWithCustomerExcludingAssessedTax,USD,2024-11-01,10-Q,2023-09-30,426029000,ProfitLoss,USD,2024-11-01,10-Q,2023-09-30,4626854000,Assets,USD,2024-11-01,10-Q,2023-12-31,885438000,NetCashProvidedByUsedInFinancingActivities,USD,2024-11-01,10-Q,2023-09-30,-1404321000,NetCashProvidedByUsedInInvestingActivities,USD,2024-11-01,10-Q,2023-09-30,372687000,NetCashProvidedByUsedInOperatingActivities,USD,2024-11-01,10-Q,2023-09-30,through_ocf,True,,,0.199364,0.174402,2.165175,0.414348,-0.657164
2024Q4,2024-11-07,WD,1497770,"Walker & Dunlop, Inc.",$500M-$1B,,780104000,Revenues,USD,2024-11-07,10-Q,2023-09-30,26665000,NetIncomeLoss,USD,2024-11-07,10-Q,2023-03-31,4277851000,Assets,USD,2024-11-07,10-Q,2023-09-30,228207000,NetCashProvidedByUsedInFinancingActivities,USD,2024-11-07,10-Q,2023-09-30,146569000,NetCashProvidedByUsedInInvestingActivities,USD,2024-11-07,10-Q,2023-09-30,-332412000,NetCashProvidedByUsedInOperatingActivities,USD,2024-11-07,10-Q,2023-09-30,through_ocf,True,,,0.034181,-0.426112,5.483693,0.292534,0.187884
2024Q4,2024-10-24,WDC,106040,WESTERN DIGITAL CORP,>$10B,,18793000000,RevenueFromContractWithCustomerExcludingAssessedTax,USD,2024-08-20,10-K,2022-07-01,1546000000,NetIncomeLoss,USD,2024-08-20,10-K,2022-07-01,24546000000,Assets,USD,2024-08-20,10-K,2023-06-30,-1718000000,NetCashProvidedByUsedInFinancingActivities,USD,2024-08-20,10-K,2022-07-01,-1192000000,NetCashProvidedByUsedInInvestingActivities,USD,2024-08-20,10-K,2022-07-01,1880000000,NetCashProvidedByUsedInOperatingActivities,USD,2024-08-20,10-K,2022-07-01,through_ocf,True,,,0.082265,0.100037,1.306125,-0.091417,-0.063428
2024Q4,2024-10-31,WEC,783325,"WEC ENERGY GROUP, INC.",$2B-$10B,,4718100000,Revenues,USD,2024-07-31,10-Q,2023-06-30,797600000,ProfitLoss,USD,2024-07-31,10-Q,2023-06-30,43939700000,Assets,USD,2024-07-31,10-Q,2023-12-31,305000000,NetCashProvidedByUsedInFinancingActivities,USD,2024-07-31,10-Q,2023-06-30,-2101400000,NetCashProvidedByUsedInInvestingActivities,USD,2024-07-31,10-Q,2023-06-30,1754300000,NetCashProvidedByUsedInOperatingActivities,USD,2024-07-31,10-Q,2023-06-30,through_ocf,True,,,0.169051,0.371823,9.313007,0.064645,-0.445391
2024Q4,2024-10-28,WELL,766704,Welltower Inc,$2B-$10B,,3226207000,Revenues,USD,2024-07-30,10-Q,2023-06-30,134977000,ProfitLoss,USD,2024-07-30,10-Q,2023-06-30,44012166000,Assets,USD,2024-07-30,10-Q,2023-12-31,2102311000,NetCashProvidedByUsedInFinancingActivities,USD,2024-07-30,10-Q,2023-06-30,-1326216000,NetCashProvidedByUsedInInvestingActivities,USD,2024-07-30,10-Q,2023-06-30,792303000,NetCashProvidedByUsedInOperatingActivities,USD,2024-07-30,10-Q,2023-06-30,through_ocf,True,,,0.041838,0.245583,13.642078,0.651635,-0.411076
2024Q4,2024-10-31,WEN,30697,THE WENDY’S COMPANY,$1B-$2B,,1640927000,Revenues,USD,2024-10-31,10-Q,2023-10-01,39821000,NetIncomeLoss,USD,2024-10-31,10-Q,2023-04-02,5182826000,Assets,USD,2024-10-31,10-Q,2023-12-31,-373225000,NetCashProvidedByUsedInFinancingActivities,USD,2024-10-31,10-Q,2023-10-01,-55531000,NetCashProvidedByUsedInInvestingActivities,USD,2024-10-31,10-Q,2023-10-01,269525000,NetCashProvidedByUsedInOperatingActivities,USD,2024-10-31,10-Q,2023-10-01,through_ocf,True,,,0.024267,0.164252,3.158474,-0.227448,-0.033841
2024Q4,2024-10-29,WERN,793074,"WERNER ENTERPRISES, INC.",$1B-$2B,,1643810000,Revenues,USD,2024-08-08,10-Q,2023-06-30,65105000,NetIncomeLoss,USD,2024-08-08,10-Q,2023-06-30,3157936000,Assets,USD,2024-08-08,10-Q,2023-12-31,-64196000,NetCashProvidedByUsedInFinancingActivities,USD,2024-08-08,10-Q,2023-06-30,-280317000,NetCashProvidedByUsedInInvestingActivities,USD,2024-08-08,10-Q,2023-06-30,281790000,NetCashProvidedByUsedInOperatingActivities,USD,2024-08-08,10-Q,2023-06-30,through_ocf,True,,,0.039606,0.171425,1.921108,-0.039053,-0.170529
2024Q4,2024-11-07,WEST,0001806347,WESTROCK COFFEE COMPANY,$500M-$1B,,649748000,RevenueFromContractWithCustomerExcludingAssessedTax,USD,2024-11-07,10-Q,2023-09-30,-14531000,NetIncomeLoss,USD,2024-11-07,10-Q,2023-09-30,891071000,Assets,USD,2024-11-07,10-Q,2023-09-30,223147000,NetCashProvidedByUsedInFinancingActivities,USD,2024-11-07,10-Q,2023-09-30,-125271000,NetCashProvidedByUsedInInvestingActivities,USD,2024-11-07,10-Q,2023-09-30,-75131000,NetCashProvidedByUsedInOperatingActivities,USD,2024-11-07,10-Q,2023-09-30,through_ocf,True,,,-0.022364,-0.115631,1.37141,0.343436,-0.192799
2024Q4,2024-10-22,WFRD,1603923,Weatherford International plc,$2B-$10B,,2460000000,Revenues,USD,2024-07-24,10-Q,2023-06-30,154000000,NetIncomeLoss,USD,2024-07-24,10-Q,2023-06-30,5068000000,Assets,USD,2024-07-24,10-Q,2023-12-31,-297000000,NetCashProvidedByUsedInFinancingActivities,USD,2024-07-24,10-Q,2023-06-30,-122000000,NetCashProvidedByUsedInInvestingActivities,USD,2024-07-24,10-Q,2023-06-30,285000000,NetCashProvidedByUsedInOperatingActivities,USD,2024-07-24,10-Q,2023-06-30,through_ocf,True,,,0.062602,0.115854,2.060163,-0.120732,-0.049593
2024Q4,2024-10-31,WHD,1699136,"Cactus, Inc.",$500M-$1B,,822094000,RevenueFromContractWithCustomerExcludingAssessedTax,USD,2024-10-31,10-Q,2023-09-30,120224000,NetIncomeLoss,USD,2024-10-31,10-Q,2023-09-30,1522561000,Assets,USD,2024-10-31,10-Q,2023-12-31,116651000,NetCashProvidedByUsedInFinancingActivities,USD,2024-10-31,10-Q,2023-09-30,-645242000,NetCashProvidedByUsedInInvestingActivities,USD,2024-10-31,10-Q,2023-09-30,248602000,NetCashProvidedByUsedInOperatingActivities,USD,2024-10-31,10-Q,2023-09-30,through_ocf,True,,,0.146241,0.302401,1.852052,0.141895,-0.784876
2024Q4,2024-10-30,WING,1636222,WINGSTOP INC.,$100M-$500M,,332998000,Revenues,USD,2024-10-30,10-Q,2023-09-30,15669000,NetIncomeLoss,USD,2024-10-30,10-Q,2023-04-01,377825000,Assets,USD,2024-10-30,10-Q,2023-12-30,-149017000,NetCashProvidedByUsedInFinancingActivities,USD,2024-10-30,10-Q,2023-09-30,-33499000,NetCashProvidedByUsedInInvestingActivities,USD,2024-10-30,10-Q,2023-09-30,83747000,NetCashProvidedByUsedInOperatingActivities,USD,2024-10-30,10-Q,2023-09-30,through_ocf,True,,,0.047054,0.251494,1.134616,-0.447501,-0.100598
2024Q4,2024-11-06,WK,1445305,WORKIVA INC,$100M-$500M,,463386000,RevenueFromContractWithCustomerExcludingAssessedTax,USD,2024-11-06,10-Q,2023-09-30,-46150000,NetIncomeLoss,USD,2024-11-06,10-Q,2023-03-31,1218860000,Assets,USD,2024-11-06,10-Q,2023-12-31,300281000,NetCashProvidedByUsedInFinancingActivities,USD,2024-11-06,10-Q,2023-09-30,-182044000,NetCashProvidedByUsedInInvestingActivities,USD,2024-11-06,10-Q,2023-09-30,46533000,NetCashProvidedByUsedInOperatingActivities,USD,2024-11-06,10-Q,2023-09-30,through_ocf,True,,,-0.099593,0.10042,2.630334,0.648015,-0.392856
2024Q4,2024-10-31,WLDN,1370450,"WILLDAN GROUP, INC.",$100M-$500M,,221680000,RevenueFromContractWithCustomerExcludingAssessedTax,USD,2024-08-02,10-Q,2023-06-30,932000,NetIncomeLoss,USD,2024-08-02,10-Q,2023-03-31,394820000,Assets,USD,2024-08-02,10-Q,2023-06-30,-19038000,NetCashProvidedByUsedInFinancingActivities,USD,2024-08-02,10-Q,2023-06-30,-5707000,NetCashProvidedByUsedInInvestingActivities,USD,2024-08-02,10-Q,2023-06-30,18909000,NetCashProvidedByUsedInOperatingActivities,USD,2024-08-02,10-Q,2023-06-30,through_ocf,True,,,0.004204,0.085299,1.781036,-0.085881,-0.025744
2024Q4,2024-11-05,WLKP,1604665,Westlake Chemical Partners LP,$500M-$1B,,571854000,Revenues,USD,2024-08-09,10-Q,2023-06-30,26778000,NetIncomeLoss,USD,2024-08-09,10-Q,2023-06-30,1316842000,Assets,USD,2024-08-09,10-Q,2023-12-31,-202466000,NetCashProvidedByUsedInFinancingActivities,USD,2024-08-09,10-Q,2023-06-30,-46285000,NetCashProvidedByUsedInInvestingActivities,USD,2024-08-09,10-Q,2023-06-30,243403000,NetCashProvidedByUsedInOperatingActivities,USD,2024-08-09,10-Q,2023-06-30,through_ocf,True,,,0.046827,0.425638,2.302759,-0.354052,-0.080938
2024Q4,2024-12-05,WLY,107140,"JOHN WILEY & SONS, INC.",$100M-$500M,,451013000,RevenueFromContractWithCustomerExcludingAssessedTax,USD,2024-09-06,10-Q,2023-07-31,-92264000,NetIncomeLoss,USD,2024-09-06,10-Q,2023-07-31,2725495000,Assets,USD,2024-09-06,10-Q,2024-04-30,105814000,NetCashProvidedByUsedInFinancingActivities,USD,2024-09-06,10-Q,2023-07-31,-25742000,NetCashProvidedByUsedInInvestingActivities,USD,2024-09-06,10-Q,2023-07-31,-82335000,NetCashProvidedByUsedInOperatingActivities,USD,2024-09-06,10-Q,2023-07-31,through_ocf,True,,,-0.204571,-0.182556,6.043052,0.234614,-0.057076
2024Q4,2024-10-28,WM,823768,WASTE MANAGEMENT INC,>$10B,,15209000000,RevenueFromContractWithCustomerExcludingAssessedTax,USD,2024-10-28,10-Q,2023-09-30,1811000000,NetIncomeLoss,USD,2024-10-28,10-Q,2023-09-30,32823000000,Assets,USD,2024-10-28,10-Q,2023-12-31,-1525000000,NetCashProvidedByUsedInFinancingActivities,USD,2024-10-28,10-Q,2023-09-30,-2007000000,NetCashProvidedByUsedInInvestingActivities,USD,2024-10-28,10-Q,2023-09-30,3337000000,NetCashProvidedByUsedInOperatingActivities,USD,2024-10-28,10-Q,2023-09-30,through_ocf,True,,,0.119074,0.21941,2.15813,-0.10027,-0.131961
2024Q4,2024-11-21,WMG,1319161,Warner Music Group Corp.,$2B-$10B,,5919000000,RevenueFromContractWithCustomerExcludingAssessedTax,USD,2024-11-21,10-K,2022-09-30,551000000,NetIncomeLoss,USD,2024-11-21,10-K,2022-09-30,8545000000,Assets,USD,2024-11-21,10-K,2023-09-30,188000000,NetCashProvidedByUsedInFinancingActivities,USD,2024-11-21,10-K,2022-09-30,-824000000,NetCashProvidedByUsedInInvestingActivities,USD,2024-11-21,10-K,2022-09-30,742000000,NetCashProvidedByUsedInOperatingActivities,USD,2024-11-21,10-K,2022-09-30,through_ocf,True,,,0.09309,0.125359,1.443656,0.031762,-0.139213
2024Q4,2024-11-05,WMK,105418,"WEIS MARKETS, INC.",$2B-$10B,,2323669000,RevenueFromContractWithCustomerExcludingAssessedTax,USD,2024-08-08,10-Q,2023-07-01,60079000,NetIncomeLoss,USD,2024-08-08,10-Q,2023-07-01,2039632000,Assets,USD,2024-08-08,10-Q,2023-12-30,-18291000,NetCashProvidedByUsedInFinancingActivities,USD,2024-08-08,10-Q,2023-07-01,-80798000,NetCashProvidedByUsedInInvestingActivities,USD,2024-08-08,10-Q,2023-07-01,80430000,NetCashProvidedByUsedInOperatingActivities,USD,2024-08-08,10-Q,2023-07-01,through_ocf,True,,,0.025855,0.034613,0.877764,-0.007872,-0.034772
2024Q4,2024-10-24,WNC,879526,WABASH NATIONAL CORPORATION,$1B-$2B,,1940400000,RevenueFromContractWithCustomerExcludingAssessedTax,USD,2024-10-24,10-Q,2023-09-30,51213000,NetIncomeLoss,USD,2024-10-24,10-Q,2023-03-31,1362814000,Assets,USD,2024-10-24,10-Q,2023-12-31,-68523000,NetCashProvidedByUsedInFinancingActivities,USD,2024-10-24,10-Q,2023-09-30,-89032000,NetCashProvidedByUsedInInvestingActivities,USD,2024-10-24,10-Q,2023-09-30,204598000,NetCashProvidedByUsedInOperatingActivities,USD,2024-10-24,10-Q,2023-09-30,through_ocf,True,,,0.026393,0.105441,0.702337,-0.035314,-0.045883
2024Q4,2024-12-05,WOOF,1826470,"Petco Health and Wellness Company, Inc.",$2B-$10B,,3086642000,RevenueFromContractWithCustomerExcludingAssessedTax,USD,2024-09-10,10-Q,2023-07-29,-16498000,NetIncomeLoss,USD,2024-09-10,10-Q,2023-07-29,5363152000,Assets,USD,2024-09-10,10-Q,2024-02-03,-65768000,NetCashProvidedByUsedInFinancingActivities,USD,2024-09-10,10-Q,2023-07-29,-105815000,NetCashProvidedByUsedInInvestingActivities,USD,2024-09-10,10-Q,2023-07-29,134265000,NetCashProvidedByUsedInOperatingActivities,USD,2024-09-10,10-Q,2023-07-29,through_ocf,True,,,-0.005345,0.043499,1.737536,-0.021307,-0.034282
2024Q4,2024-12-17,WOR,108516,"WORTHINGTON ENTERPRISES, INC",$100M-$500M,,311918000,Revenues,USD,2024-10-07,10-Q,2023-08-31,96106000,NetIncomeLoss,USD,2024-10-07,10-Q,2023-08-31,1638637000,Assets,USD,2024-10-07,10-Q,2024-05-31,-269346000,NetCashProvidedByUsedInFinancingActivities,USD,2024-10-07,10-Q,2023-08-31,-44287000,NetCashProvidedByUsedInInvestingActivities,USD,2024-10-07,10-Q,2023-08-31,59696000,NetCashProvidedByUsedInOperatingActivities,USD,2024-10-07,10-Q,2023-08-31,through_ocf,True,,,0.308113,0.191384,5.253422,-0.863515,-0.141983
2024Q4,2024-10-21,WRB,11544,BERKLEY W R CORP,$2B-$10B,,5890918000,Revenues,USD,2024-08-02,10-Q,2023-06-30,650434000,NetIncomeLoss,USD,2024-08-02,10-Q,2023-06-30,37111830000,Assets,USD,2024-08-02,10-Q,2023-12-31,-616010000,NetCashProvidedByUsedInFinancingActivities,USD,2024-08-02,10-Q,2023-06-30,-161191000,NetCashProvidedByUsedInInvestingActivities,USD,2024-08-02,10-Q,2023-06-30,1154069000,NetCashProvidedByUsedInOperatingActivities,USD,2024-08-02,10-Q,2023-06-30,through_ocf,True,,,0.110413,0.195906,6.299838,-0.104569,-0.027363
2024Q4,2024-11-07,WRBY,1504776,Warby Parker Inc.,$500M-$1B,,507910000,RevenueFromContractWithCustomerExcludingAssessedTax,USD,2024-11-07,10-Q,2023-09-30,-10812000,NetIncomeLoss,USD,2024-11-07,10-Q,2023-03-31,580312000,Assets,USD,2024-11-07,10-Q,2023-12-31,2141000,NetCashProvidedByUsedInFinancingActivities,USD,2024-11-07,10-Q,2023-09-30,-41098000,NetCashProvidedByUsedInInvestingActivities,USD,2024-11-07,10-Q,2023-09-30,47326000,NetCashProvidedByUsedInOperatingActivities,USD,2024-11-07,10-Q,2023-09-30,through_ocf,True,,,-0.021287,0.093178,1.142549,0.004215,-0.080916
2024Q4,2024-12-20,WS,0001968487,"WORTHINGTON STEEL, INC.",$500M-$1B,,905800000,Revenues,USD,2024-10-15,10-Q,2023-08-31,58500000,NetIncomeLoss,USD,2024-10-15,10-Q,2023-08-31,1866400000,Assets,USD,2024-10-15,10-Q,2024-05-31,32700000,NetCashProvidedByUsedInFinancingActivities,USD,2024-10-15,10-Q,2023-08-31,-17300000,NetCashProvidedByUsedInInvestingActivities,USD,2024-10-15,10-Q,2023-08-31,-20700000,NetCashProvidedByUsedInOperatingActivities,USD,2024-10-15,10-Q,2023-08-31,through_ocf,True,,,0.064584,-0.022853,2.060499,0.036101,-0.019099
2024Q4,2024-10-30,WSC,1647088,WILLSCOT HOLDINGS CORPORATION,$1B-$2B,,1752391000,Revenues,USD,2024-10-30,10-Q,2023-09-30,210884000,NetIncomeLoss,USD,2024-10-30,10-Q,2023-03-31,6137915000,Assets,USD,2024-10-30,10-Q,2023-12-31,-337082000,NetCashProvidedByUsedInFinancingActivities,USD,2024-10-30,10-Q,2023-09-30,-217522000,NetCashProvidedByUsedInInvestingActivities,USD,2024-10-30,10-Q,2023-09-30,541918000,NetCashProvidedByUsedInOperatingActivities,USD,2024-10-30,10-Q,2023-09-30,through_ocf,True,,,0.120341,0.309245,3.502594,-0.192355,-0.124129
2024Q4,2024-10-24,WSFS,828944,WSFS Financial Corporation,$100M-$500M,,469182000,Revenues,USD,2023-08-03,10-Q,2022-06-30,131082000,NetIncomeLoss,USD,2024-08-02,10-Q,2023-06-30,20594672000,Assets,USD,2024-08-02,10-Q,2023-12-31,344937000,NetCashProvidedByUsedInFinancingActivities,USD,2024-08-02,10-Q,2023-06-30,-189193000,NetCashProvidedByUsedInInvestingActivities,USD,2024-08-02,10-Q,2023-06-30,122558000,NetCashProvidedByUsedInOperatingActivities,USD,2024-08-02,10-Q,2023-06-30,through_ocf,True,,,0.279384,0.261216,43.894847,0.735188,-0.40324
2024Q4,2024-11-20,WSM,719955,"WILLIAMS-SONOMA, INC.",$2B-$10B,,3618065000,RevenueFromContractWithCustomerExcludingAssessedTax,USD,2024-08-23,10-Q,2023-07-30,156531000,NetIncomeLoss,USD,2024-08-23,10-Q,2023-04-30,4571811000,Assets,USD,2024-08-23,10-Q,2023-07-30,-476593000,NetCashProvidedByUsedInFinancingActivities,USD,2024-08-23,10-Q,2023-07-30,-92669000,NetCashProvidedByUsedInInvestingActivities,USD,2024-08-23,10-Q,2023-07-30,714985000,NetCashProvidedByUsedInOperatingActivities,USD,2024-08-23,10-Q,2023-07-30,through_ocf,True,,,0.043264,0.197615,1.263607,-0.131726,-0.025613
2024Q4,2024-10-24,WST,105770,"WEST PHARMACEUTICAL SERVICES, INC.",$2B-$10B,,2217800000,RevenueFromContractWithCustomerExcludingAssessedTax,USD,2024-10-24,10-Q,2023-09-30,140000000,NetIncomeLoss,USD,2024-10-24,10-Q,2023-03-31,3829500000,Assets,USD,2024-10-24,10-Q,2023-12-31,-270100000,NetCashProvidedByUsedInFinancingActivities,USD,2024-10-24,10-Q,2023-09-30,-259900000,NetCashProvidedByUsedInInvestingActivities,USD,2024-10-24,10-Q,2023-09-30,537400000,NetCashProvidedByUsedInOperatingActivities,USD,2024-10-24,10-Q,2023-09-30,through_ocf,True,,,0.063126,0.242312,1.726711,-0.121787,-0.117188
2024Q4,2024-10-21,WTFC,1015328,Wintrust Financial Corporation,$1B-$2B,,1126331000,Revenues,USD,2024-08-08,10-Q,2023-06-30,334948000,NetIncomeLoss,USD,2024-08-08,10-Q,2023-06-30,54286176000,Assets,USD,2024-08-08,10-Q,2023-06-30,846375000,NetCashProvidedByUsedInFinancingActivities,USD,2024-08-08,10-Q,2023-06-30,-1231616000,NetCashProvidedByUsedInInvestingActivities,USD,2024-08-08,10-Q,2023-06-30,408192000,NetCashProvidedByUsedInOperatingActivities,USD,2024-08-08,10-Q,2023-06-30,through_ocf,True,,,0.29738,0.362409,48.197356,0.751444,-1.093476
2024Q4,2024-11-07,WTI,1288403,"W&T Offshore, Inc.",$100M-$500M,,257906000,RevenueFromContractWithCustomerExcludingAssessedTax,USD,2024-08-07,10-Q,2023-06-30,13896000,NetIncomeLoss,USD,2024-08-07,10-Q,2023-06-30,1114005000,Assets,USD,2024-08-07,10-Q,2023-12-31,-304824000,NetCashProvidedByUsedInFinancingActivities,USD,2024-08-07,10-Q,2023-06-30,-34538000,NetCashProvidedByUsedInInvestingActivities,USD,2024-08-07,10-Q,2023-06-30,49632000,NetCashProvidedByUsedInOperatingActivities,USD,2024-08-07,10-Q,2023-06-30,through_ocf,True,,,0.05388,0.192442,4.319423,-1.181919,-0.133917
2024Q4,2024-10-30,WTS,795403,WATTS WATER TECHNOLOGIES INC,$1B-$2B,,1004500000,RevenueFromContractWithCustomerExcludingAssessedTax,USD,2024-08-08,10-Q,2023-06-25,140600000,NetIncomeLoss,USD,2024-08-08,10-Q,2023-06-25,2309400000,Assets,USD,2024-08-08,10-Q,2023-06-25,-96900000,NetCashProvidedByUsedInFinancingActivities,USD,2024-08-08,10-Q,2023-06-25,-23300000,NetCashProvidedByUsedInInvestingActivities,USD,2024-08-08,10-Q,2023-06-25,100500000,NetCashProvidedByUsedInOperatingActivities,USD,2024-08-08,10-Q,2023-06-25,through_ocf,True,,,0.13997,0.10005,2.299054,-0.096466,-0.023196
2024Q4,2024-11-05,WTTR,1693256,"Select Water Solutions, Inc.",$500M-$1B,,821220000,RevenueFromContractWithCustomerExcludingAssessedTax,USD,2024-07-31,10-Q,2023-06-30,32462000,NetIncomeLoss,USD,2024-07-31,10-Q,2023-06-30,1218190000,Assets,USD,2024-07-31,10-Q,2023-12-31,-9356000,NetCashProvidedByUsedInFinancingActivities,USD,2024-07-31,10-Q,2023-06-30,-71352000,NetCashProvidedByUsedInInvestingActivities,USD,2024-07-31,10-Q,2023-06-30,83949000,NetCashProvidedByUsedInOperatingActivities,USD,2024-07-31,10-Q,2023-06-30,through_ocf,True,,,0.039529,0.102225,1.483391,-0.011393,-0.086885
2024Q4,2024-11-07,WWW,110471,"WOLVERINE WORLD WIDE, INC.",$1B-$2B,,1716200000,RevenueFromContractWithCustomerExcludingAssessedTax,USD,2024-11-07,10-Q,2023-09-30,51600000,NetIncomeLoss,USD,2024-11-07,10-Q,2023-09-30,2231300000,Assets,USD,2024-11-07,10-Q,2023-09-30,-91500000,NetCashProvidedByUsedInFinancingActivities,USD,2024-11-07,10-Q,2023-09-30,116200000,NetCashProvidedByUsedInInvestingActivities,USD,2024-11-07,10-Q,2023-09-30,7000000,NetCashProvidedByUsedInOperatingActivities,USD,2024-11-07,10-Q,2023-09-30,through_ocf,True,,,0.030066,0.004079,1.30014,-0.053315,0.067708
2024Q4,2024-10-24,WY,106535,WEYERHAEUSER CO,$2B-$10B,,3878000000,Revenues,USD,2024-07-26,10-Q,2023-06-30,381000000,NetIncomeLoss,USD,2024-07-26,10-Q,2023-06-30,16983000000,Assets,USD,2024-07-26,10-Q,2023-12-31,-290000000,NetCashProvidedByUsedInFinancingActivities,USD,2024-07-26,10-Q,2023-06-30,-818000000,NetCashProvidedByUsedInInvestingActivities,USD,2024-07-26,10-Q,2023-06-30,622000000,NetCashProvidedByUsedInOperatingActivities,USD,2024-07-26,10-Q,2023-06-30,through_ocf,True,,,0.098247,0.160392,4.379319,-0.074781,-0.210933
2024Q4,2024-11-04,WYNN,1174922,"WYNN RESORTS, LIMITED",$2B-$10B,,4345797000,Revenues,USD,2019-02-28,10-K,2016-12-31,838000,NetIncomeLoss,USD,2024-11-04,10-Q,2023-09-30,13996223000,Assets,USD,2024-11-04,10-Q,2023-12-31,-527855000,NetCashProvidedByUsedInFinancingActivities,USD,2024-11-04,10-Q,2023-09-30,-1178378000,NetCashProvidedByUsedInInvestingActivities,USD,2024-11-04,10-Q,2023-09-30,806550000,NetCashProvidedByUsedInOperatingActivities,USD,2024-11-04,10-Q,2023-09-30,through_ocf,True,,,0.000193,0.185593,3.220634,-0.121463,-0.271153
2024Q4,2024-10-31,XEL,72903,XCEL ENERGY INC,$2B-$10B,,8657000000,Revenues,USD,2019-10-25,10-Q,2018-09-30,1362000000,NetIncomeLoss,USD,2024-10-31,10-Q,2023-09-30,64079000000,Assets,USD,2024-10-31,10-Q,2023-12-31,422000000,NetCashProvidedByUsedInFinancingActivities,USD,2024-10-31,10-Q,2023-09-30,-4292000000,NetCashProvidedByUsedInInvestingActivities,USD,2024-10-31,10-Q,2023-09-30,4353000000,NetCashProvidedByUsedInOperatingActivities,USD,2024-10-31,10-Q,2023-09-30,through_ocf,True,,,0.157329,0.50283,7.401987,0.048747,-0.495784
2024Q4,2024-11-06,XHR,1616000,"Xenia Hotels & Resorts, Inc.",$500M-$1B,,540039000,RevenueFromContractWithCustomerExcludingAssessedTax,USD,2024-08-02,10-Q,2023-06-30,20072000,NetIncomeLoss,USD,2024-08-02,10-Q,2023-06-30,2902227000,Assets,USD,2024-08-02,10-Q,2023-12-31,-118049000,NetCashProvidedByUsedInFinancingActivities,USD,2024-08-02,10-Q,2023-06-30,-32222000,NetCashProvidedByUsedInInvestingActivities,USD,2024-08-02,10-Q,2023-06-30,100673000,NetCashProvidedByUsedInOperatingActivities,USD,2024-08-02,10-Q,2023-06-30,through_ocf,True,,,0.037168,0.186418,5.374106,-0.218593,-0.059666
2024Q4,2024-11-05,XMTR,1657573,"Xometry, Inc.",$100M-$500M,,335261000,RevenueFromContractWithCustomerExcludingAssessedTax,USD,2024-11-05,10-Q,2023-09-30,-56921000,NetIncomeLoss,USD,2024-11-05,10-Q,2023-09-30,707387000,Assets,USD,2024-11-05,10-Q,2023-12-31,1428000,NetCashProvidedByUsedInFinancingActivities,USD,2024-11-05,10-Q,2023-09-30,6181000,NetCashProvidedByUsedInInvestingActivities,USD,2024-11-05,10-Q,2023-09-30,-28583000,NetCashProvidedByUsedInOperatingActivities,USD,2024-11-05,10-Q,2023-09-30,through_ocf,True,,,-0.169781,-0.085256,2.109959,0.004259,0.018436
2024Q4,2024-11-06,XPER,0001788999,XPERI INC.,$100M-$500M,,253711000,Revenues,USD,2024-08-08,10-Q,2023-06-30,-70395000,NetIncomeLoss,USD,2024-08-08,10-Q,2023-06-30,673635000,Assets,USD,2024-08-08,10-Q,2023-12-31,2723000,NetCashProvidedByUsedInFinancingActivities,USD,2024-08-08,10-Q,2023-06-30,-6199000,NetCashProvidedByUsedInInvestingActivities,USD,2024-08-08,10-Q,2023-06-30,-44629000,NetCashProvidedByUsedInOperatingActivities,USD,2024-08-08,10-Q,2023-06-30,through_ocf,True,,,-0.277461,-0.175905,2.655127,0.010733,-0.024433
2024Q4,2024-10-24,XRAY,818479,DENTSPLY SIRONA Inc.,$2B-$10B,,2006000000,RevenueFromContractWithCustomerExcludingAssessedTax,USD,2024-07-31,10-Q,2023-06-30,67000000,NetIncomeLoss,USD,2024-07-31,10-Q,2023-06-30,7370000000,Assets,USD,2024-07-31,10-Q,2023-12-31,-70000000,NetCashProvidedByUsedInFinancingActivities,USD,2024-07-31,10-Q,2023-06-30,-67000000,NetCashProvidedByUsedInInvestingActivities,USD,2024-07-31,10-Q,2023-06-30,83000000,NetCashProvidedByUsedInOperatingActivities,USD,2024-07-31,10-Q,2023-06-30,through_ocf,True,,,0.0334,0.041376,3.673978,-0.034895,-0.0334
2024Q4,2024-10-29,XRX,1770450,XEROX HOLDINGS CORPORATION,$2B-$10B,,3469000000,RevenueFromContractWithCustomerExcludingAssessedTax,USD,2024-08-01,10-Q,2023-06-30,10000000,NetIncomeLoss,USD,2024-08-01,10-Q,2023-06-30,10008000000,Assets,USD,2024-08-01,10-Q,2023-12-31,-725000000,NetCashProvidedByUsedInFinancingActivities,USD,2024-08-01,10-Q,2023-06-30,-22000000,NetCashProvidedByUsedInInvestingActivities,USD,2024-08-01,10-Q,2023-06-30,173000000,NetCashProvidedByUsedInOperatingActivities,USD,2024-08-01,10-Q,2023-06-30,through_ocf,True,,,0.002883,0.04987,2.884981,-0.208994,-0.006342
2024Q4,2024-10-31,XYL,1524472,XYLEM INC.,$2B-$10B,,5246000000,Revenues,USD,2024-10-31,10-Q,2023-09-30,343000000,NetIncomeLoss,USD,2024-10-31,10-Q,2023-09-30,16112000000,Assets,USD,2024-10-31,10-Q,2023-12-31,-71000000,NetCashProvidedByUsedInFinancingActivities,USD,2024-10-31,10-Q,2023-09-30,-539000000,NetCashProvidedByUsedInInvestingActivities,USD,2024-10-31,10-Q,2023-09-30,382000000,NetCashProvidedByUsedInOperatingActivities,USD,2024-10-31,10-Q,2023-09-30,through_ocf,True,,,0.065383,0.072817,3.071292,-0.013534,-0.102745
2024Q4,2024-11-07,XYZ,1512673,"BLOCK, INC.",>$10B,,16142581000,Revenues,USD,2024-11-07,10-Q,2023-09-30,-92464000,NetIncomeLoss,USD,2024-11-07,10-Q,2023-09-30,34069893000,Assets,USD,2024-11-07,10-Q,2023-12-31,-1040573000,NetCashProvidedByUsedInFinancingActivities,USD,2024-11-07,10-Q,2023-09-30,404968000,NetCashProvidedByUsedInInvestingActivities,USD,2024-11-07,10-Q,2023-09-30,898884000,NetCashProvidedByUsedInOperatingActivities,USD,2024-11-07,10-Q,2023-09-30,through_ocf,True,,,-0.005728,0.055684,2.11056,-0.064461,0.025087
2024Q4,2024-11-07,YELP,1345016,YELP INC,$500M-$1B,,649564000,RevenueFromContractWithCustomerExcludingAssessedTax,USD,2024-08-09,10-Q,2023-06-30,13551000,NetIncomeLoss,USD,2024-08-09,10-Q,2023-06-30,1014723000,Assets,USD,2024-08-09,10-Q,2023-12-31,-112905000,NetCashProvidedByUsedInFinancingActivities,USD,2024-08-09,10-Q,2023-06-30,-46885000,NetCashProvidedByUsedInInvestingActivities,USD,2024-08-09,10-Q,2023-06-30,122251000,NetCashProvidedByUsedInOperatingActivities,USD,2024-08-09,10-Q,2023-06-30,through_ocf,True,,,0.020862,0.188205,1.56216,-0.173817,-0.072179
2024Q4,2024-11-07,YOU,1856314,"CLEAR SECURE, INC.",$100M-$500M,,442614000,RevenueFromContractWithCustomerExcludingAssessedTax,USD,2024-11-07,10-Q,2023-09-30,14133000,NetIncomeLoss,USD,2024-11-07,10-Q,2023-09-30,1045009000,Assets,USD,2024-11-07,10-Q,2023-12-31,-103914000,NetCashProvidedByUsedInFinancingActivities,USD,2024-11-07,10-Q,2023-09-30,-27365000,NetCashProvidedByUsedInInvestingActivities,USD,2024-11-07,10-Q,2023-09-30,130902000,NetCashProvidedByUsedInOperatingActivities,USD,2024-11-07,10-Q,2023-09-30,through_ocf,True,,,0.031931,0.295748,2.360994,-0.234773,-0.061826
2024Q4,2024-11-05,YUM,1041061,"YUM! BRANDS, INC.",$2B-$10B,,3332000000,Revenues,USD,2024-08-08,10-Q,2023-06-30,718000000,NetIncomeLoss,USD,2024-08-08,10-Q,2023-06-30,6231000000,Assets,USD,2024-08-08,10-Q,2023-12-31,-698000000,NetCashProvidedByUsedInFinancingActivities,USD,2024-08-08,10-Q,2023-06-30,26000000,NetCashProvidedByUsedInInvestingActivities,USD,2024-08-08,10-Q,2023-06-30,678000000,NetCashProvidedByUsedInOperatingActivities,USD,2024-08-08,10-Q,2023-06-30,through_ocf,True,,,0.215486,0.203481,1.870048,-0.209484,0.007803
2024Q4,2024-11-06,Z,1617640,"ZILLOW GROUP, INC.",$1B-$2B,,1471000000,RevenueFromContractWithCustomerExcludingAssessedTax,USD,2024-11-06,10-Q,2023-09-30,-85000000,NetIncomeLoss,USD,2024-11-06,10-Q,2023-09-30,6652000000,Assets,USD,2024-11-06,10-Q,2023-12-31,-226000000,NetCashProvidedByUsedInFinancingActivities,USD,2024-11-06,10-Q,2023-09-30,339000000,NetCashProvidedByUsedInInvestingActivities,USD,2024-11-06,10-Q,2023-09-30,268000000,NetCashProvidedByUsedInOperatingActivities,USD,2024-11-06,10-Q,2023-09-30,through_ocf,True,,,-0.057784,0.182189,4.522094,-0.153637,0.230455
2024Q4,2024-10-30,ZBH,1136869,"ZIMMER BIOMET HOLDINGS, INC.",$2B-$10B,,5454100000,RevenueFromContractWithCustomerExcludingAssessedTax,USD,2024-10-30,10-Q,2023-09-30,604800000,NetIncomeLoss,USD,2024-10-30,10-Q,2023-09-30,21496900000,Assets,USD,2024-10-30,10-Q,2023-12-31,-512100000,NetCashProvidedByUsedInFinancingActivities,USD,2024-10-30,10-Q,2023-09-30,-558100000,NetCashProvidedByUsedInInvestingActivities,USD,2024-10-30,10-Q,2023-09-30,993200000,NetCashProvidedByUsedInOperatingActivities,USD,2024-10-30,10-Q,2023-09-30,through_ocf,True,,,0.110889,0.182102,3.94142,-0.093893,-0.102327
2024Q4,2024-10-29,ZBRA,877212,Zebra Technologies Corporation,$2B-$10B,,3575000000,RevenueFromContractWithCustomerExcludingAssessedTax,USD,2024-10-29,10-Q,2023-09-30,150000000,NetIncomeLoss,USD,2024-10-29,10-Q,2023-04-01,7306000000,Assets,USD,2024-10-29,10-Q,2023-12-31,140000000,NetCashProvidedByUsedInFinancingActivities,USD,2024-10-29,10-Q,2023-09-30,-49000000,NetCashProvidedByUsedInInvestingActivities,USD,2024-10-29,10-Q,2023-09-30,-145000000,NetCashProvidedByUsedInOperatingActivities,USD,2024-10-29,10-Q,2023-09-30,through_ocf,True,,,0.041958,-0.040559,2.043636,0.039161,-0.013706
2024Q4,2024-11-08,ZD,1084048,"Ziff Davis, Inc.",$500M-$1B,,974143000,RevenueFromContractWithCustomerExcludingAssessedTax,USD,2024-11-08,10-Q,2023-09-30,-21919000,NetIncomeLoss,USD,2024-11-08,10-Q,2023-09-30,3471022000,Assets,USD,2024-11-08,10-Q,2023-12-31,-116810000,NetCashProvidedByUsedInFinancingActivities,USD,2024-11-08,10-Q,2023-09-30,-104738000,NetCashProvidedByUsedInInvestingActivities,USD,2024-11-08,10-Q,2023-09-30,227843000,NetCashProvidedByUsedInOperatingActivities,USD,2024-11-08,10-Q,2023-09-30,through_ocf,True,,,-0.022501,0.233891,3.563154,-0.119911,-0.107518
2024Q4,2024-11-12,ZETA,1851003,ZETA GLOBAL HOLDINGS CORP.,$500M-$1B,,518403000,RevenueFromContractWithCustomerExcludingAssessedTax,USD,2024-11-12,10-Q,2023-09-30,-56955000,NetIncomeLoss,USD,2024-11-12,10-Q,2023-03-31,550714000,Assets,USD,2024-11-12,10-Q,2023-12-31,-18406000,NetCashProvidedByUsedInFinancingActivities,USD,2024-11-12,10-Q,2023-09-30,-45476000,NetCashProvidedByUsedInInvestingActivities,USD,2024-11-12,10-Q,2023-09-30,63561000,NetCashProvidedByUsedInOperatingActivities,USD,2024-11-12,10-Q,2023-09-30,through_ocf,True,,,-0.109866,0.122609,1.062328,-0.035505,-0.087723
2024Q4,2024-11-06,ZG,1617640,"ZILLOW GROUP, INC.",$1B-$2B,,1471000000,RevenueFromContractWithCustomerExcludingAssessedTax,USD,2024-11-06,10-Q,2023-09-30,-85000000,NetIncomeLoss,USD,2024-11-06,10-Q,2023-09-30,6652000000,Assets,USD,2024-11-06,10-Q,2023-12-31,-226000000,NetCashProvidedByUsedInFinancingActivities,USD,2024-11-06,10-Q,2023-09-30,339000000,NetCashProvidedByUsedInInvestingActivities,USD,2024-11-06,10-Q,2023-09-30,268000000,NetCashProvidedByUsedInOperatingActivities,USD,2024-11-06,10-Q,2023-09-30,through_ocf,True,,,-0.057784,0.182189,4.522094,-0.153637,0.230455
2024Q4,2024-10-21,ZION,109380,"ZIONS BANCORPORATION, NATIONAL ASSOCIATION",$100M-$500M,,313000000,Revenues,USD,2024-08-07,10-Q,2023-06-30,379000000,NetIncomeLoss,USD,2024-08-07,10-Q,2023-06-30,87203000000,Assets,USD,2024-08-07,10-Q,2023-12-31,-2555000000,NetCashProvidedByUsedInFinancingActivities,USD,2024-08-07,10-Q,2023-06-30,1780000000,NetCashProvidedByUsedInInvestingActivities,USD,2024-08-07,10-Q,2023-06-30,819000000,NetCashProvidedByUsedInOperatingActivities,USD,2024-08-07,10-Q,2023-06-30,through_ocf,True,,,1.210863,2.616613,278.603834,-8.162939,5.686901
2024Q4,2024-11-06,ZIP,1617553,"ZIPRECRUITER, INC.",$500M-$1B,,509800000,RevenueFromContractWithCustomerExcludingAssessedTax,USD,2024-11-06,10-Q,2023-09-30,5011000,NetIncomeLoss,USD,2024-11-06,10-Q,2023-03-31,659500000,Assets,USD,2024-11-06,10-Q,2023-12-31,-142185000,NetCashProvidedByUsedInFinancingActivities,USD,2024-11-06,10-Q,2023-09-30,89391000,NetCashProvidedByUsedInInvestingActivities,USD,2024-11-06,10-Q,2023-09-30,68753000,NetCashProvidedByUsedInOperatingActivities,USD,2024-11-06,10-Q,2023-09-30,through_ocf,True,,,0.009829,0.134863,1.293645,-0.278903,0.175345
2024Q4,2024-11-25,ZM,1585521,"Zoom Communications, Inc.",$2B-$10B,,2244040000,RevenueFromContractWithCustomerExcludingAssessedTax,USD,2024-08-23,10-Q,2023-07-31,197418000,NetIncomeLoss,USD,2024-08-23,10-Q,2023-07-31,9929793000,Assets,USD,2024-08-23,10-Q,2024-01-31,41458000,NetCashProvidedByUsedInFinancingActivities,USD,2024-08-23,10-Q,2023-07-31,-500146000,NetCashProvidedByUsedInInvestingActivities,USD,2024-08-23,10-Q,2023-07-31,754458000,NetCashProvidedByUsedInOperatingActivities,USD,2024-08-23,10-Q,2023-07-31,through_ocf,True,,,0.087974,0.336205,4.424963,0.018475,-0.222877
2024Q4,2024-11-04,ZTS,1555280,Zoetis Inc.,$2B-$10B,,6331000000,Revenues,USD,2024-11-04,10-Q,2023-09-30,1819000000,NetIncomeLoss,USD,2024-11-04,10-Q,2023-09-30,14286000000,Assets,USD,2024-11-04,10-Q,2023-12-31,-2712000000,NetCashProvidedByUsedInFinancingActivities,USD,2024-11-04,10-Q,2023-09-30,-567000000,NetCashProvidedByUsedInInvestingActivities,USD,2024-11-04,10-Q,2023-09-30,1456000000,NetCashProvidedByUsedInOperatingActivities,USD,2024-11-04,10-Q,2023-09-30,through_ocf,True,,,0.287316,0.229979,2.256516,-0.428368,-0.089559
2024Q4,2024-10-29,ZWS,1439288,ZURN ELKAY WATER SOLUTIONS CORPORATION,$1B-$2B,,1173700000,RevenueFromContractWithCustomerExcludingAssessedTax,USD,2024-10-29,10-Q,2023-09-30,98800000,NetIncomeLoss,USD,2024-10-29,10-Q,2023-09-30,2667000000,Assets,USD,2024-10-29,10-Q,2023-12-31,-141500000,NetCashProvidedByUsedInFinancingActivities,USD,2024-10-29,10-Q,2023-09-30,-6600000,NetCashProvidedByUsedInInvestingActivities,USD,2024-10-29,10-Q,2023-09-30,195700000,NetCashProvidedByUsedInOperatingActivities,USD,2024-10-29,10-Q,2023-09-30,through_ocf,True,,,0.084178,0.166738,2.272301,-0.120559,-0.005623
2024Q4,2024-10-16,ABT,1800,ABBOTT LABORATORIES,>$10B,,19725000000,RevenueFromContractWithCustomerExcludingAssessedTax,USD,2024-07-31,10-Q,2023-06-30,2693000000,NetIncomeLoss,USD,2024-07-31,10-Q,2023-06-30,73214000000,Assets,USD,2024-07-31,10-Q,2023-12-31,-2699000000,NetCashProvidedByUsedInFinancingActivities,USD,2024-07-31,10-Q,2023-06-30,-1675000000,NetCashProvidedByUsedInInvestingActivities,USD,2024-07-31,10-Q,2023-06-30,2346000000,NetCashProvidedByUsedInOperatingActivities,USD,2024-07-31,10-Q,2023-06-30,through_ocf,True,,,0.136527,0.118935,3.711736,-0.136831,-0.084918
2024Q4,2024-10-16,AIZ,1267238,"Assurant, Inc.",$2B-$10B,,5374400000,Revenues,USD,2024-08-08,10-Q,2023-06-30,269900000,NetIncomeLoss,USD,2024-08-08,10-Q,2023-06-30,33635200000,Assets,USD,2024-08-08,10-Q,2023-12-31,-100400000,NetCashProvidedByUsedInFinancingActivities,USD,2024-08-08,10-Q,2023-06-30,-483800000,NetCashProvidedByUsedInInvestingActivities,USD,2024-08-08,10-Q,2023-06-30,445000000,NetCashProvidedByUsedInOperatingActivities,USD,2024-08-08,10-Q,2023-06-30,through_ocf,True,,,0.05022,0.0828,6.25841,-0.018681,-0.090019
2024Q4,2024-10-23,AMP,820027,"AMERIPRISE FINANCIAL, INC.",$2B-$10B,,7852000000,Revenues,USD,2024-08-06,10-Q,2023-06-30,1307000000,NetIncomeLoss,USD,2024-08-06,10-Q,2023-06-30,175191000000,Assets,USD,2024-08-06,10-Q,2023-12-31,4352000000,NetCashProvidedByUsedInFinancingActivities,USD,2024-08-06,10-Q,2023-06-30,-6020000000,NetCashProvidedByUsedInInvestingActivities,USD,2024-08-06,10-Q,2023-06-30,1617000000,NetCashProvidedByUsedInOperatingActivities,USD,2024-08-06,10-Q,2023-06-30,through_ocf,True,,,0.166454,0.205935,22.31164,0.554254,-0.766684
2024Q4,2024-12-05,BF-B,14693,Brown-Forman Corporation,$2B-$10B,,2145000000,RevenueFromContractWithCustomerExcludingAssessedTax,USD,2024-12-05,10-Q,2023-10-31,231000000,NetIncomeLoss,USD,2024-12-05,10-Q,2023-07-31,8166000000,Assets,USD,2024-12-05,10-Q,2024-04-30,-23000000,NetCashProvidedByUsedInFinancingActivities,USD,2024-12-05,10-Q,2023-10-31,-61000000,NetCashProvidedByUsedInInvestingActivities,USD,2024-12-05,10-Q,2023-10-31,97000000,NetCashProvidedByUsedInOperatingActivities,USD,2024-12-05,10-Q,2023-10-31,through_ocf,True,,,0.107692,0.045221,3.806993,-0.010723,-0.028438
2024Q4,2024-10-24,CBRE,1138118,"CBRE GROUP, INC.",>$10B,,22999000000,Revenues,USD,2024-10-24,10-Q,2023-09-30,509000000,NetIncomeLoss,USD,2024-10-24,10-Q,2023-09-30,22548000000,Assets,USD,2024-10-24,10-Q,2023-12-31,906000000,NetCashProvidedByUsedInFinancingActivities,USD,2024-10-24,10-Q,2023-09-30,-537000000,NetCashProvidedByUsedInInvestingActivities,USD,2024-10-24,10-Q,2023-09-30,-373000000,NetCashProvidedByUsedInOperatingActivities,USD,2024-10-24,10-Q,2023-09-30,through_ocf,True,,,0.022131,-0.016218,0.98039,0.039393,-0.023349
2024Q4,2024-11-04,CEG,0001868275,CONSTELLATION ENERGY CORPORATION,>$10B,,19122000000,Revenues,USD,2024-11-04,10-Q,2023-09-30,1660000000,NetIncomeLoss,USD,2024-11-04,10-Q,2023-09-30,50758000000,Assets,USD,2024-11-04,10-Q,2023-12-31,1389000000,NetCashProvidedByUsedInFinancingActivities,USD,2024-11-04,10-Q,2023-09-30,2179000000,NetCashProvidedByUsedInInvestingActivities,USD,2024-11-04,10-Q,2023-09-30,-2119000000,NetCashProvidedByUsedInOperatingActivities,USD,2024-11-04,10-Q,2023-09-30,through_ocf,True,,,0.086811,-0.110815,2.654429,0.072639,0.113953
2024Q4,2024-11-21,CPRT,900075,"COPART, INC.",$100M-$500M,,461368000,Revenues,USD,2020-09-28,10-K,2018-10-31,1090130000,NetIncomeLoss,USD,2024-09-30,10-K,2022-07-31,5308864000,Assets,USD,2024-09-30,10-K,2022-07-31,-382693000,NetCashProvidedByUsedInFinancingActivities,USD,2024-09-30,10-K,2022-07-31,-442310000,NetCashProvidedByUsedInInvestingActivities,USD,2024-09-30,10-K,2022-07-31,1176683000,NetCashProvidedByUsedInOperatingActivities,USD,2024-09-30,10-K,2022-07-31,through_ocf,True,,,2.362821,2.550422,11.506789,-0.829475,-0.958692
2024Q4,2024-10-24,DXCM,1093557,"DEXCOM, INC.",$2B-$10B,,2587800000,RevenueFromContractWithCustomerExcludingAssessedTax,USD,2024-10-24,10-Q,2023-09-30,285200000,NetIncomeLoss,USD,2024-10-24,10-Q,2023-09-30,6264500000,Assets,USD,2024-10-24,10-Q,2023-12-31,313300000,NetCashProvidedByUsedInFinancingActivities,USD,2024-10-24,10-Q,2023-09-30,-922100000,NetCashProvidedByUsedInInvestingActivities,USD,2024-10-24,10-Q,2023-09-30,614900000,NetCashProvidedByUsedInOperatingActivities,USD,2024-10-24,10-Q,2023-09-30,through_ocf,True,,,0.110209,0.237615,2.420782,0.121068,-0.356326
2024Q4,2024-11-07,EOG,821189,"EOG RESOURCES, INC.",>$10B,,17829000000,Revenues,USD,2024-11-07,10-Q,2023-09-30,5606000000,NetIncomeLoss,USD,2024-11-07,10-Q,2023-09-30,43857000000,Assets,USD,2024-11-07,10-Q,2023-12-31,-4041000000,NetCashProvidedByUsedInFinancingActivities,USD,2024-11-07,10-Q,2023-09-30,-4841000000,NetCashProvidedByUsedInInvestingActivities,USD,2024-11-07,10-Q,2023-09-30,8236000000,NetCashProvidedByUsedInOperatingActivities,USD,2024-11-07,10-Q,2023-09-30,through_ocf,True,,,0.314432,0.461944,2.459869,-0.226653,-0.271524
2024Q4,2024-10-17,EQT,33213,EQT CORPORATION,$2B-$10B,,3679822000,Revenues,USD,2024-07-24,10-Q,2023-06-30,1151922000,NetIncomeLoss,USD,2024-07-24,10-Q,2023-06-30,25285098000,Assets,USD,2024-07-24,10-Q,2023-12-31,-1359202000,NetCashProvidedByUsedInFinancingActivities,USD,2024-07-24,10-Q,2023-06-30,-983831000,NetCashProvidedByUsedInInvestingActivities,USD,2024-07-24,10-Q,2023-06-30,2099881000,NetCashProvidedByUsedInOperatingActivities,USD,2024-07-24,10-Q,2023-06-30,through_ocf,True,,,0.313037,0.570647,6.871283,-0.369366,-0.267358
2024Q4,2024-10-01,FANG,1539838,"DIAMONDBACK ENERGY, INC.",$2B-$10B,,3844000000,Revenues,USD,2024-08-07,10-Q,2023-06-30,1268000000,NetIncomeLoss,USD,2024-08-07,10-Q,2023-06-30,29001000000,Assets,USD,2024-08-07,10-Q,2023-06-30,-1207000000,NetCashProvidedByUsedInFinancingActivities,USD,2024-08-07,10-Q,2023-06-30,-1874000000,NetCashProvidedByUsedInInvestingActivities,USD,2024-08-07,10-Q,2023-06-30,2938000000,NetCashProvidedByUsedInOperatingActivities,USD,2024-08-07,10-Q,2023-06-30,through_ocf,True,,,0.329865,0.764308,7.544485,-0.313996,-0.487513
2024Q4,2024-10-22,FCX,831259,Freeport-McMoRan Inc.,>$10B,,11126000000,Revenues,USD,2024-08-07,10-Q,2023-06-30,1780000000,ProfitLoss,USD,2024-08-07,10-Q,2023-06-30,50907000000,Assets,USD,2024-08-07,10-Q,2023-06-30,-1812000000,NetCashProvidedByUsedInFinancingActivities,USD,2024-08-07,10-Q,2023-06-30,-2365000000,NetCashProvidedByUsedInInvestingActivities,USD,2024-08-07,10-Q,2023-06-30,2723000000,NetCashProvidedByUsedInOperatingActivities,USD,2024-08-07,10-Q,2023-06-30,through_ocf,True,,,0.159986,0.244742,4.575499,-0.162862,-0.212565
2024Q4,2024-10-31,GNRC,1474735,GENERAC HOLDINGS INC.,$1B-$2B,,1888330000,RevenueFromContractWithCustomerExcludingAssessedTax,USD,2024-08-06,10-Q,2023-06-30,57628000,NetIncomeLoss,USD,2024-08-06,10-Q,2023-06-30,5093312000,Assets,USD,2024-08-06,10-Q,2023-12-31,69496000,NetCashProvidedByUsedInFinancingActivities,USD,2024-08-06,10-Q,2023-06-30,-75442000,NetCashProvidedByUsedInInvestingActivities,USD,2024-08-06,10-Q,2023-06-30,64588000,NetCashProvidedByUsedInOperatingActivities,USD,2024-08-06,10-Q,2023-06-30,through_ocf,True,,,0.030518,0.034204,2.697257,0.036803,-0.039952
2024Q4,2024-10-30,HOOD,1783879,"Robinhood Markets, Inc.",$500M-$1B,,927000000,Revenues,USD,2024-08-08,10-Q,2023-06-30,-486000000,NetIncomeLoss,USD,2024-08-08,10-Q,2023-06-30,32332000000,Assets,USD,2024-08-08,10-Q,2023-12-31,-4000000,NetCashProvidedByUsedInFinancingActivities,USD,2024-08-08,10-Q,2023-06-30,-482000000,NetCashProvidedByUsedInInvestingActivities,USD,2024-08-08,10-Q,2023-06-30,1198000000,NetCashProvidedByUsedInOperatingActivities,USD,2024-08-08,10-Q,2023-06-30,through_ocf,True,,,-0.524272,1.292341,34.878101,-0.004315,-0.519957
2024Q4,2024-10-15,IBKR,1381197,"INTERACTIVE BROKERS GROUP, INC.",$500M-$1B,,769000000,RevenueFromContractWithCustomerExcludingAssessedTax,USD,2024-08-05,10-Q,2023-06-30,1301000000,ProfitLoss,USD,2024-08-05,10-Q,2023-06-30,128423000000,Assets,USD,2024-08-05,10-Q,2023-12-31,-389000000,NetCashProvidedByUsedInFinancingActivities,USD,2024-08-05,10-Q,2023-06-30,-9000000,NetCashProvidedByUsedInInvestingActivities,USD,2024-08-05,10-Q,2023-06-30,1196000000,NetCashProvidedByUsedInOperatingActivities,USD,2024-08-05,10-Q,2023-06-30,through_ocf,True,,,1.691808,1.555267,167.0,-0.505852,-0.011704
2024Q4,2024-10-29,INCY,879169,INCYTE CORPORATION,$2B-$10B,,2682308000,RevenueFromContractWithCustomerExcludingAssessedTax,USD,2024-10-29,10-Q,2023-09-30,21703000,NetIncomeLoss,USD,2024-10-29,10-Q,2023-03-31,6782107000,Assets,USD,2024-10-29,10-Q,2023-12-31,-20379000,NetCashProvidedByUsedInFinancingActivities,USD,2024-10-29,10-Q,2023-09-30,-53177000,NetCashProvidedByUsedInInvestingActivities,USD,2024-10-29,10-Q,2023-09-30,348758000,NetCashProvidedByUsedInOperatingActivities,USD,2024-10-29,10-Q,2023-09-30,through_ocf,True,,,0.008091,0.130022,2.528459,-0.007598,-0.019825
2024Q4,2024-10-30,INVH,1687229,Invitation Homes Inc.,$1B-$2B,,1190262000,Revenues,USD,2024-07-25,10-Q,2023-06-30,258106000,NetIncomeLoss,USD,2024-07-25,10-Q,2023-06-30,19220967000,Assets,USD,2024-07-25,10-Q,2023-12-31,-341150000,NetCashProvidedByUsedInFinancingActivities,USD,2024-07-25,10-Q,2023-06-30,-91985000,NetCashProvidedByUsedInInvestingActivities,USD,2024-07-25,10-Q,2023-06-30,598741000,NetCashProvidedByUsedInOperatingActivities,USD,2024-07-25,10-Q,2023-06-30,through_ocf,True,,,0.216848,0.503033,16.148518,-0.286618,-0.077281
2024Q4,2024-10-15,JBHT,728535,"J.B. HUNT TRANSPORT SERVICES, INC.",$2B-$10B,,6187646000,Revenues,USD,2018-02-23,10-K,2015-12-31,387320000,NetIncomeLoss,USD,2024-07-26,10-Q,2023-06-30,8538260000,Assets,USD,2024-07-26,10-Q,2023-12-31,490000,NetCashProvidedByUsedInFinancingActivities,USD,2024-07-26,10-Q,2023-06-30,-853778000,NetCashProvidedByUsedInInvestingActivities,USD,2024-07-26,10-Q,2023-06-30,1097290000,NetCashProvidedByUsedInOperatingActivities,USD,2024-07-26,10-Q,2023-06-30,through_ocf,True,,,0.062596,0.177336,1.379888,7.9e-05,-0.137981
2024Q4,2024-10-22,KMB,55785,KIMBERLY-CLARK CORPORATION,>$10B,,15461000000,Revenues,USD,2024-10-22,10-Q,2023-09-30,1255000000,NetIncomeLoss,USD,2024-10-22,10-Q,2023-09-30,17344000000,Assets,USD,2024-10-22,10-Q,2023-12-31,-1620000000,NetCashProvidedByUsedInFinancingActivities,USD,2024-10-22,10-Q,2023-09-30,-266000000,NetCashProvidedByUsedInInvestingActivities,USD,2024-10-22,10-Q,2023-09-30,2327000000,NetCashProvidedByUsedInOperatingActivities,USD,2024-10-22,10-Q,2023-09-30,through_ocf,True,,,0.081172,0.150508,1.12179,-0.10478,-0.017205
2024Q4,2024-10-22,MMM,66740,3M COMPANY,>$10B,,18608000000,Revenues,USD,2024-10-22,10-Q,2023-09-30,-7940000000,NetIncomeLoss,USD,2024-10-22,10-Q,2023-09-30,50580000000,Assets,USD,2024-10-22,10-Q,2023-12-31,-2223000000,NetCashProvidedByUsedInFinancingActivities,USD,2024-10-22,10-Q,2023-09-30,-906000000,NetCashProvidedByUsedInInvestingActivities,USD,2024-10-22,10-Q,2023-09-30,4694000000,NetCashProvidedByUsedInOperatingActivities,USD,2024-10-22,10-Q,2023-09-30,through_ocf,True,,,-0.426698,0.252257,2.718186,-0.119465,-0.048689
2024Q4,2024-10-30,MPWR,1280452,MONOLITHIC POWER SYSTEMS INC,$500M-$1B,,892193000,RevenueFromContractWithCustomerExcludingAssessedTax,USD,2024-08-02,10-Q,2023-06-30,209306000,NetIncomeLoss,USD,2024-08-02,10-Q,2023-06-30,2434353000,Assets,USD,2024-08-02,10-Q,2023-12-31,-82204000,NetCashProvidedByUsedInFinancingActivities,USD,2024-08-02,10-Q,2023-06-30,263000,NetCashProvidedByUsedInInvestingActivities,USD,2024-08-02,10-Q,2023-06-30,308992000,NetCashProvidedByUsedInOperatingActivities,USD,2024-08-02,10-Q,2023-06-30,through_ocf,True,,,0.234597,0.346329,2.728505,-0.092137,0.000295
2024Q4,2024-10-31,NCLH,1513761,NORWEGIAN CRUISE LINE HOLDINGS LTD.,$1B-$2B,,1150781000,Revenues,USD,2018-05-07,10-Q,2017-03-31,-73205000,NetIncomeLoss,USD,2024-08-08,10-Q,2023-06-30,19492990000,Assets,USD,2024-08-08,10-Q,2023-12-31,-592265000,NetCashProvidedByUsedInFinancingActivities,USD,2024-08-08,10-Q,2023-06-30,-992202000,NetCashProvidedByUsedInInvestingActivities,USD,2024-08-08,10-Q,2023-06-30,1536615000,NetCashProvidedByUsedInOperatingActivities,USD,2024-08-08,10-Q,2023-06-30,through_ocf,True,,,-0.063613,1.33528,16.938922,-0.514664,-0.862199
2024Q4,2024-11-04,O,726728,REALTY INCOME CORPORATION,$1B-$2B,,1963604000,Revenues,USD,2024-08-06,10-Q,2023-06-30,420431000,NetIncomeLoss,USD,2024-08-06,10-Q,2023-06-30,57779357000,Assets,USD,2024-08-06,10-Q,2023-12-31,3247401000,NetCashProvidedByUsedInFinancingActivities,USD,2024-08-06,10-Q,2023-06-30,-4646608000,NetCashProvidedByUsedInInvestingActivities,USD,2024-08-06,10-Q,2023-06-30,1466113000,NetCashProvidedByUsedInOperatingActivities,USD,2024-08-06,10-Q,2023-06-30,through_ocf,True,,,0.214112,0.746644,29.425158,1.653796,-2.366367
2024Q4,2024-10-15,PNC,713676,"PNC FINANCIAL SERVICES GROUP, INC.",>$10B,,10896000000,Revenues,USD,2024-08-02,10-Q,2023-06-30,3194000000,ProfitLoss,USD,2024-08-02,10-Q,2023-06-30,561580000000,Assets,USD,2024-08-02,10-Q,2023-12-31,-2582000000,NetCashProvidedByUsedInFinancingActivities,USD,2024-08-02,10-Q,2023-06-30,7537000000,NetCashProvidedByUsedInInvestingActivities,USD,2024-08-02,10-Q,2023-06-30,5132000000,NetCashProvidedByUsedInOperatingActivities,USD,2024-08-02,10-Q,2023-06-30,through_ocf,True,,,0.293135,0.470999,51.540015,-0.236968,0.691722
2024Q4,2024-10-24,POOL,945841,POOL CORPORATION,$2B-$10B,,3064138000,Revenues,USD,2024-07-30,10-Q,2023-06-30,101699000,NetIncomeLoss,USD,2024-07-30,10-Q,2023-03-31,3680579000,Assets,USD,2024-07-30,10-Q,2023-06-30,-328542000,NetCashProvidedByUsedInFinancingActivities,USD,2024-07-30,10-Q,2023-06-30,-41860000,NetCashProvidedByUsedInInvestingActivities,USD,2024-07-30,10-Q,2023-06-30,376777000,NetCashProvidedByUsedInOperatingActivities,USD,2024-07-30,10-Q,2023-06-30,through_ocf,True,,,0.03319,0.122963,1.201179,-0.107222,-0.013661
2024Q4,2024-10-07,REGN,872589,"REGENERON PHARMACEUTICALS, INC.",$2B-$10B,,6320200000,RevenueFromContractWithCustomerExcludingAssessedTax,USD,2024-08-01,10-Q,2023-06-30,817800000,NetIncomeLoss,USD,2024-08-01,10-Q,2023-03-31,33080200000,Assets,USD,2024-08-01,10-Q,2023-12-31,-936700000,NetCashProvidedByUsedInFinancingActivities,USD,2024-08-01,10-Q,2023-06-30,-2622600000,NetCashProvidedByUsedInInvestingActivities,USD,2024-08-01,10-Q,2023-06-30,2390000000,NetCashProvidedByUsedInOperatingActivities,USD,2024-08-01,10-Q,2023-06-30,through_ocf,True,,,0.129395,0.378153,5.234043,-0.148207,-0.414955
2024Q4,2024-11-07,SOLV,0001964738,SOLVENTUM CORPORATION,$2B-$10B,,4087000000,Revenues,USD,2024-08-09,10-Q,2023-06-30,614000000,NetIncomeLoss,USD,2024-08-09,10-Q,2023-06-30,13943000000,Assets,USD,2024-08-09,10-Q,2023-12-31,-761000000,NetCashProvidedByUsedInFinancingActivities,USD,2024-08-09,10-Q,2023-06-30,-136000000,NetCashProvidedByUsedInInvestingActivities,USD,2024-08-09,10-Q,2023-06-30,875000000,NetCashProvidedByUsedInOperatingActivities,USD,2024-08-09,10-Q,2023-06-30,through_ocf,True,,,0.150232,0.214093,3.411549,-0.1862,-0.033276
2024Q4,2024-11-06,SRE,1032208,SEMPRA,>$10B,,13229000000,Revenues,USD,2024-11-06,10-Q,2023-09-30,2327000000,NetIncomeLoss,USD,2024-11-06,10-Q,2023-09-30,87181000000,Assets,USD,2024-11-06,10-Q,2023-12-31,2198000000,NetCashProvidedByUsedInFinancingActivities,USD,2024-11-06,10-Q,2023-09-30,-6304000000,NetCashProvidedByUsedInInvestingActivities,USD,2024-11-06,10-Q,2023-09-30,5129000000,NetCashProvidedByUsedInOperatingActivities,USD,2024-11-06,10-Q,2023-09-30,through_ocf,True,,,0.175901,0.387709,6.590143,0.16615,-0.476529
2024Q4,2024-11-07,TTD,1671933,"TRADE DESK, INC.",$1B-$2B,,1340323000,RevenueFromContractWithCustomerExcludingAssessedTax,USD,2024-11-07,10-Q,2023-09-30,9326000,NetIncomeLoss,USD,2024-11-07,10-Q,2023-03-31,4888687000,Assets,USD,2024-11-07,10-Q,2023-12-31,-415402000,NetCashProvidedByUsedInFinancingActivities,USD,2024-11-07,10-Q,2023-09-30,-50542000,NetCashProvidedByUsedInInvestingActivities,USD,2024-11-07,10-Q,2023-09-30,507202000,NetCashProvidedByUsedInOperatingActivities,USD,2024-11-07,10-Q,2023-09-30,through_ocf,True,,,0.006958,0.378418,3.647395,-0.309927,-0.037709
2024Q4,2024-10-24,UNP,100885,UNION PACIFIC CORP,>$10B,,17960000000,RevenueFromContractWithCustomerExcludingAssessedTax,USD,2024-10-24,10-Q,2023-09-30,4727000000,NetIncomeLoss,USD,2024-10-24,10-Q,2023-09-30,67132000000,Assets,USD,2024-10-24,10-Q,2023-12-31,-3540000000,NetCashProvidedByUsedInFinancingActivities,USD,2024-10-24,10-Q,2023-09-30,-2650000000,NetCashProvidedByUsedInInvestingActivities,USD,2024-10-24,10-Q,2023-09-30,5984000000,NetCashProvidedByUsedInOperatingActivities,USD,2024-10-24,10-Q,2023-09-30,through_ocf,True,,,0.263196,0.333185,3.737862,-0.197105,-0.14755
2024Q4,2024-10-30,VRSK,1442145,"VERISK ANALYTICS, INC.",$2B-$10B,,2004200000,RevenueFromContractWithCustomerExcludingAssessedTax,USD,2024-10-30,10-Q,2023-09-30,440600000,NetIncomeLoss,USD,2024-10-30,10-Q,2023-09-30,4366100000,Assets,USD,2024-10-30,10-Q,2023-12-31,-3491400000,NetCashProvidedByUsedInFinancingActivities,USD,2024-10-30,10-Q,2023-09-30,2803500000,NetCashProvidedByUsedInInvestingActivities,USD,2024-10-30,10-Q,2023-09-30,808300000,NetCashProvidedByUsedInOperatingActivities,USD,2024-10-30,10-Q,2023-09-30,through_ocf,True,,,0.219838,0.403303,2.178475,-1.742042,1.398812
2024Q4,2024-11-26,WDAY,1327811,"WORKDAY, INC.",$2B-$10B,,3471000000,RevenueFromContractWithCustomerExcludingAssessedTax,USD,2024-08-28,10-Q,2023-07-31,79000000,NetIncomeLoss,USD,2024-08-28,10-Q,2023-07-31,16452000000,Assets,USD,2024-08-28,10-Q,2024-01-31,-52000000,NetCashProvidedByUsedInFinancingActivities,USD,2024-08-28,10-Q,2023-07-31,-1098000000,NetCashProvidedByUsedInInvestingActivities,USD,2024-08-28,10-Q,2023-07-31,703000000,NetCashProvidedByUsedInOperatingActivities,USD,2024-08-28,10-Q,2023-07-31,through_ocf,True,,,0.02276,0.202535,4.739844,-0.014981,-0.316335
2024Q4,2024-11-06,WMB,107263,"Williams Companies, Inc.",$2B-$10B,,8123000000,Revenues,USD,2024-11-06,10-Q,2023-09-30,2041000000,NetIncomeLoss,USD,2024-11-06,10-Q,2023-09-30,52627000000,Assets,USD,2024-11-06,10-Q,2023-12-31,428000000,NetCashProvidedByUsedInFinancingActivities,USD,2024-11-06,10-Q,2023-09-30,-2631000000,NetCashProvidedByUsedInInvestingActivities,USD,2024-11-06,10-Q,2023-09-30,4125000000,NetCashProvidedByUsedInOperatingActivities,USD,2024-11-06,10-Q,2023-09-30,through_ocf,True,,,0.251262,0.507817,6.478764,0.05269,-0.323895
2024Q4,2024-10-31,WTW,1140536,WILLIS TOWERS WATSON PLC,$2B-$10B,,6569000000,Revenues,USD,2024-10-31,10-Q,2023-09-30,433000000,NetIncomeLoss,USD,2024-10-31,10-Q,2023-09-30,29090000000,Assets,USD,2024-10-31,10-Q,2023-12-31,-728000000,NetCashProvidedByUsedInFinancingActivities,USD,2024-10-31,10-Q,2023-09-30,-1030000000,NetCashProvidedByUsedInInvestingActivities,USD,2024-10-31,10-Q,2023-09-30,823000000,NetCashProvidedByUsedInOperatingActivities,USD,2024-10-31,10-Q,2023-09-30,through_ocf,True,,,0.065916,0.125285,4.428376,-0.110824,-0.156797
2024Q4,2024-12-02,ZS,1713683,"ZSCALER, INC.",$1B-$2B,,1090946000,RevenueFromContractWithCustomerExcludingAssessedTax,USD,2024-09-12,10-K,2022-07-31,-390278000,NetIncomeLoss,USD,2024-09-12,10-K,2022-07-31,3608317000,Assets,USD,2024-09-12,10-K,2023-07-31,41337000,NetCashProvidedByUsedInFinancingActivities,USD,2024-09-12,10-K,2022-07-31,374063000,NetCashProvidedByUsedInInvestingActivities,USD,2024-09-12,10-K,2022-07-31,321912000,NetCashProvidedByUsedInOperatingActivities,USD,2024-09-12,10-K,2022-07-31,through_ocf,True,,,-0.357743,0.295076,3.307512,0.037891,0.342879
