quarter,asof_date,ticker,cik,entity_name,revenue_bucket,revenue_filter_keep_under_10b,revenue_value,revenue_fact_name,revenue_unit,revenue_filed,revenue_form,revenue_period_end,net_income_value,net_income_fact_name,net_income_unit,net_income_filed,net_income_form,net_income_period_end,assets_value,assets_fact_name,assets_unit,assets_filed,assets_form,assets_period_end,financing_cash_flow_value,financing_cash_flow_fact_name,financing_cash_flow_unit,financing_cash_flow_filed,financing_cash_flow_form,financing_cash_flow_period_end,investing_cash_flow_value,investing_cash_flow_fact_name,investing_cash_flow_unit,investing_cash_flow_filed,investing_cash_flow_form,investing_cash_flow_period_end,operating_cash_flow_value,operating_cash_flow_fact_name,operating_cash_flow_unit,operating_cash_flow_filed,operating_cash_flow_form,operating_cash_flow_period_end,universal_feature_set,universal_feature_complete,universal_feature_complete_through_eps,missing_universal_features,net_income_margin,operating_cash_flow_to_revenue,assets_to_revenue,financing_cash_flow_to_revenue,investing_cash_flow_to_revenue
2023Q3,2023-08-15,A,1090872,"AGILENT TECHNOLOGIES, INC.",$2B-$10B,,3281000000,RevenueFromContractWithCustomerExcludingAssessedTax,USD,2023-05-26,10-Q,2022-04-30,557000000,NetIncomeLoss,USD,2023-05-26,10-Q,2022-04-30,10532000000,Assets,USD,2023-05-26,10-Q,2022-10-31,-669000000,NetCashProvidedByUsedInFinancingActivities,USD,2023-05-26,10-Q,2022-04-30,-155000000,NetCashProvidedByUsedInInvestingActivities,USD,2023-05-26,10-Q,2022-04-30,538000000,NetCashProvidedByUsedInOperatingActivities,USD,2023-05-26,10-Q,2022-04-30,through_ocf,True,,,0.169765,0.163974,3.209997,-0.203901,-0.047242
2023Q3,2023-08-23,AAP,1158449,"Advance Auto Parts, Inc.",$2B-$10B,,6039636000,RevenueFromContractWithCustomerExcludingAssessedTax,USD,2023-08-23,10-Q,2022-07-16,284193000,NetIncomeLoss,USD,2023-08-23,10-Q,2022-07-16,12018482000,Assets,USD,2023-08-23,10-Q,2022-12-31,-465560000,NetCashProvidedByUsedInFinancingActivities,USD,2023-08-23,10-Q,2022-07-16,-210382000,NetCashProvidedByUsedInInvestingActivities,USD,2023-08-23,10-Q,2022-07-16,308543000,NetCashProvidedByUsedInOperatingActivities,USD,2023-08-23,10-Q,2022-07-16,through_ocf,True,,,0.047055,0.051086,1.989935,-0.077084,-0.034834
2023Q3,2023-07-25,AAT,1500217,"AMERICAN ASSETS TRUST, INC.",$100M-$500M,,101470000,Revenues,USD,2023-04-28,10-Q,2022-03-31,13514000,ProfitLoss,USD,2023-04-28,10-Q,2022-03-31,2987881000,Assets,USD,2023-04-28,10-Q,2022-12-31,-27805000,NetCashProvidedByUsedInFinancingActivities,USD,2023-04-28,10-Q,2022-03-31,-77295000,NetCashProvidedByUsedInInvestingActivities,USD,2023-04-28,10-Q,2022-03-31,39149000,NetCashProvidedByUsedInOperatingActivities,USD,2023-04-28,10-Q,2022-03-31,through_ocf,True,,,0.133182,0.385818,29.445954,-0.274022,-0.761752
2023Q3,2023-07-25,ABG,1144980,"ASBURY AUTOMOTIVE GROUP, INC",$2B-$10B,,3911800000,Revenues,USD,2023-04-28,10-Q,2022-03-31,237700000,NetIncomeLoss,USD,2023-04-28,10-Q,2022-03-31,8021400000,Assets,USD,2023-04-28,10-Q,2022-12-31,-534900000,NetCashProvidedByUsedInFinancingActivities,USD,2023-04-28,10-Q,2022-03-31,231300000,NetCashProvidedByUsedInInvestingActivities,USD,2023-04-28,10-Q,2022-03-31,409000000,NetCashProvidedByUsedInOperatingActivities,USD,2023-04-28,10-Q,2022-03-31,through_ocf,True,,,0.060765,0.104555,2.050565,-0.13674,0.059129
2023Q3,2023-09-07,ABM,771497,ABM INDUSTRIES INCORPORATED,$2B-$10B,,5795500000,RevenueFromContractWithCustomerExcludingAssessedTax,USD,2023-09-07,10-Q,2022-07-31,181600000,NetIncomeLoss,USD,2023-09-07,10-Q,2022-07-31,4868900000,Assets,USD,2023-09-07,10-Q,2022-10-31,194200000,NetCashProvidedByUsedInFinancingActivities,USD,2023-09-07,10-Q,2022-07-31,-93300000,NetCashProvidedByUsedInInvestingActivities,USD,2023-09-07,10-Q,2022-07-31,-96700000,NetCashProvidedByUsedInOperatingActivities,USD,2023-09-07,10-Q,2022-07-31,through_ocf,True,,,0.031335,-0.016685,0.840117,0.033509,-0.016099
2023Q3,2023-08-03,ABNB,1559720,"Airbnb, Inc.",$2B-$10B,,3613000000,RevenueFromContractWithCustomerExcludingAssessedTax,USD,2023-08-03,10-Q,2022-06-30,-19000000,NetIncomeLoss,USD,2023-08-03,10-Q,2022-03-31,16038000000,Assets,USD,2023-08-03,10-Q,2022-12-31,3649000000,NetCashProvidedByUsedInFinancingActivities,USD,2023-08-03,10-Q,2022-06-30,171000000,NetCashProvidedByUsedInInvestingActivities,USD,2023-08-03,10-Q,2022-06-30,2003000000,NetCashProvidedByUsedInOperatingActivities,USD,2023-08-03,10-Q,2022-06-30,through_ocf,True,,,-0.005259,0.554387,4.43897,1.009964,0.047329
2023Q3,2023-07-20,ABT,1800,ABBOTT LABORATORIES,>$10B,,11895000000,RevenueFromContractWithCustomerExcludingAssessedTax,USD,2023-05-04,10-Q,2022-03-31,2447000000,NetIncomeLoss,USD,2023-05-04,10-Q,2022-03-31,74438000000,Assets,USD,2023-05-04,10-Q,2022-12-31,-3823000000,NetCashProvidedByUsedInFinancingActivities,USD,2023-05-04,10-Q,2022-03-31,-360000000,NetCashProvidedByUsedInInvestingActivities,USD,2023-05-04,10-Q,2022-03-31,2065000000,NetCashProvidedByUsedInOperatingActivities,USD,2023-05-04,10-Q,2022-03-31,through_ocf,True,,,0.205717,0.173602,6.257923,-0.321396,-0.030265
2023Q3,2023-08-03,ACA,1739445,"Arcosa, Inc.",$500M-$1B,,535800000,Revenues,USD,2023-04-28,10-Q,2022-03-31,20200000,NetIncomeLoss,USD,2023-04-28,10-Q,2022-03-31,3340600000,Assets,USD,2023-04-28,10-Q,2022-12-31,-3500000,NetCashProvidedByUsedInFinancingActivities,USD,2023-04-28,10-Q,2022-03-31,-5300000,NetCashProvidedByUsedInInvestingActivities,USD,2023-04-28,10-Q,2022-03-31,24500000,NetCashProvidedByUsedInOperatingActivities,USD,2023-04-28,10-Q,2022-03-31,through_ocf,True,,,0.037701,0.045726,6.234789,-0.006532,-0.009892
2023Q3,2023-07-18,ACAD,1070494,Acadia Pharmaceuticals Inc.,$100M-$500M,,115468000,RevenueFromContractWithCustomerExcludingAssessedTax,USD,2023-05-08,10-Q,2022-03-31,-113056000,NetIncomeLoss,USD,2023-05-08,10-Q,2022-03-31,587812000,Assets,USD,2023-05-08,10-Q,2022-12-31,2467000,NetCashProvidedByUsedInFinancingActivities,USD,2023-05-08,10-Q,2022-03-31,131345000,NetCashProvidedByUsedInInvestingActivities,USD,2023-05-08,10-Q,2022-03-31,-76329000,NetCashProvidedByUsedInOperatingActivities,USD,2023-05-08,10-Q,2022-03-31,through_ocf,True,,,-0.979111,-0.66104,5.090692,0.021365,1.137501
2023Q3,2023-08-08,ACCO,712034,ACCO Brands Corporation,$100M-$500M,,441600000,Revenues,USD,2023-05-05,10-Q,2022-03-31,-2700000,NetIncomeLoss,USD,2023-05-05,10-Q,2022-03-31,2794700000,Assets,USD,2023-05-05,10-Q,2022-12-31,153500000,NetCashProvidedByUsedInFinancingActivities,USD,2023-05-05,10-Q,2022-03-31,-3400000,NetCashProvidedByUsedInInvestingActivities,USD,2023-05-05,10-Q,2022-03-31,-104200000,NetCashProvidedByUsedInOperatingActivities,USD,2023-05-05,10-Q,2022-03-31,through_ocf,True,,,-0.006114,-0.23596,6.328578,0.3476,-0.007699
2023Q3,2023-08-10,ACDC,0001881487,ProFrac Holding Corp.,$100M-$500M,,345000000,RevenueFromContractWithCustomerExcludingAssessedTax,USD,2023-05-12,10-Q,2022-03-31,22000000,NetIncomeLoss,USD,2023-05-12,10-Q,2023-03-31,2933600000,Assets,USD,2023-05-12,10-Q,2022-12-31,316300000,NetCashProvidedByUsedInFinancingActivities,USD,2023-05-12,10-Q,2022-03-31,-334700000,NetCashProvidedByUsedInInvestingActivities,USD,2023-05-12,10-Q,2022-03-31,43700000,NetCashProvidedByUsedInOperatingActivities,USD,2023-05-12,10-Q,2022-03-31,through_ocf,True,,,0.063768,0.126667,8.503188,0.916812,-0.970145
2023Q3,2023-07-26,ACGL,947484,Arch Capital Group Ltd.,$1B-$2B,,1942000000,Revenues,USD,2023-05-04,10-Q,2022-03-31,196000000,NetIncomeLoss,USD,2023-05-04,10-Q,2022-03-31,47990000000,Assets,USD,2023-05-04,10-Q,2022-12-31,-233000000,NetCashProvidedByUsedInFinancingActivities,USD,2023-05-04,10-Q,2022-03-31,-313000000,NetCashProvidedByUsedInInvestingActivities,USD,2023-05-04,10-Q,2022-03-31,552000000,NetCashProvidedByUsedInOperatingActivities,USD,2023-05-04,10-Q,2022-03-31,through_ocf,True,,,0.100927,0.284243,24.711637,-0.119979,-0.161174
2023Q3,2023-08-04,ACH,75252,"Accendra Health, Inc.",$2B-$10B,,4906967000,RevenueFromContractWithCustomerExcludingAssessedTax,USD,2023-08-04,10-Q,2022-06-30,39279000,NetIncomeLoss,USD,2023-08-04,10-Q,2022-03-31,5386283000,Assets,USD,2023-08-04,10-Q,2022-12-31,1580633000,NetCashProvidedByUsedInFinancingActivities,USD,2023-08-04,10-Q,2022-06-30,-1745299000,NetCashProvidedByUsedInInvestingActivities,USD,2023-08-04,10-Q,2022-06-30,169524000,NetCashProvidedByUsedInOperatingActivities,USD,2023-08-04,10-Q,2022-06-30,through_ocf,True,,,0.008005,0.034548,1.097681,0.32212,-0.355678
2023Q3,2023-08-03,ACIW,935036,"ACI WORLDWIDE, INC.",$500M-$1B,,663505000,RevenueFromContractWithCustomerExcludingAssessedTax,USD,2023-08-03,10-Q,2022-06-30,28832000,NetIncomeLoss,USD,2023-08-03,10-Q,2022-06-30,3209895000,Assets,USD,2023-08-03,10-Q,2022-12-31,-60313000,NetCashProvidedByUsedInFinancingActivities,USD,2023-08-03,10-Q,2022-06-30,-14395000,NetCashProvidedByUsedInInvestingActivities,USD,2023-08-03,10-Q,2022-06-30,67763000,NetCashProvidedByUsedInOperatingActivities,USD,2023-08-03,10-Q,2022-06-30,through_ocf,True,,,0.043454,0.102129,4.837786,-0.090901,-0.021695
2023Q3,2023-08-02,ACLS,1113232,AXCELIS TECHNOLOGIES INC,$100M-$500M,,203595000,Revenues,USD,2023-05-05,10-Q,2022-03-31,41614000,ProfitLoss,USD,2023-05-05,10-Q,2022-03-31,1013641000,Assets,USD,2023-05-05,10-Q,2022-12-31,-23053000,NetCashProvidedByUsedInFinancingActivities,USD,2023-05-05,10-Q,2022-03-31,-1503000,NetCashProvidedByUsedInInvestingActivities,USD,2023-05-05,10-Q,2022-03-31,25770000,NetCashProvidedByUsedInOperatingActivities,USD,2023-05-05,10-Q,2022-03-31,through_ocf,True,,,0.204396,0.126575,4.978713,-0.11323,-0.007382
2023Q3,2023-08-01,ACT,1823529,"Enact Holdings, Inc.",$100M-$500M,,269588000,Revenues,USD,2023-05-05,10-Q,2022-03-31,255943000,NetIncomeLoss,USD,2022-08-04,10-Q,2021-06-30,5709149000,Assets,USD,2023-05-05,10-Q,2022-12-31,0,NetCashProvidedByUsedInFinancingActivities,USD,2023-05-05,10-Q,2022-03-31,-146497000,NetCashProvidedByUsedInInvestingActivities,USD,2023-05-05,10-Q,2022-03-31,160829000,NetCashProvidedByUsedInOperatingActivities,USD,2023-05-05,10-Q,2022-03-31,through_ocf,True,,,0.949386,0.596573,21.177311,0.0,-0.543411
2023Q3,2023-08-07,ACVA,1637873,ACV Auctions Inc.,$100M-$500M,,218137000,Revenues,USD,2023-08-07,10-Q,2022-06-30,-54010000,NetIncomeLoss,USD,2023-08-07,10-Q,2022-06-30,914922000,Assets,USD,2023-08-07,10-Q,2022-12-31,69133000,NetCashProvidedByUsedInFinancingActivities,USD,2023-08-07,10-Q,2022-06-30,-258615000,NetCashProvidedByUsedInInvestingActivities,USD,2023-08-07,10-Q,2022-06-30,-72552000,NetCashProvidedByUsedInOperatingActivities,USD,2023-08-07,10-Q,2022-06-30,through_ocf,True,,,-0.247597,-0.332598,4.194254,0.316925,-1.185562
2023Q3,2023-09-14,ADBE,796343,ADOBE INC.,$2B-$10B,,8648000000,Revenues,USD,2023-06-28,10-Q,2022-06-03,2444000000,NetIncomeLoss,USD,2023-06-28,10-Q,2022-06-03,27165000000,Assets,USD,2023-06-28,10-Q,2022-12-02,-3854000000,NetCashProvidedByUsedInFinancingActivities,USD,2023-06-28,10-Q,2022-06-03,-398000000,NetCashProvidedByUsedInInvestingActivities,USD,2023-06-28,10-Q,2022-06-03,3809000000,NetCashProvidedByUsedInOperatingActivities,USD,2023-06-28,10-Q,2022-06-03,through_ocf,True,,,0.282609,0.440449,3.141189,-0.445652,-0.046022
2023Q3,2023-08-07,ADEA,1803696,ADEIA INC.,$100M-$500M,,246347000,Revenues,USD,2023-08-07,10-Q,2022-06-30,19319000,NetIncomeLoss,USD,2023-08-07,10-Q,2022-06-30,1210526000,Assets,USD,2023-08-07,10-Q,2022-12-31,-51344000,NetCashProvidedByUsedInFinancingActivities,USD,2023-08-07,10-Q,2022-06-30,40800000,NetCashProvidedByUsedInInvestingActivities,USD,2023-08-07,10-Q,2022-06-30,87033000,NetCashProvidedByUsedInOperatingActivities,USD,2023-08-07,10-Q,2022-06-30,through_ocf,True,,,0.078422,0.353294,4.913906,-0.208421,0.16562
2023Q3,2023-08-23,ADI,6281,"Analog Devices, Inc.",$2B-$10B,,8766237000,RevenueFromContractWithCustomerExcludingAssessedTax,USD,2023-08-23,10-Q,2022-07-30,1812335000,NetIncomeLoss,USD,2023-08-23,10-Q,2022-07-30,50302350000,Assets,USD,2023-08-23,10-Q,2022-10-29,-3403860000,NetCashProvidedByUsedInFinancingActivities,USD,2023-08-23,10-Q,2022-07-30,-351035000,NetCashProvidedByUsedInInvestingActivities,USD,2023-08-23,10-Q,2022-07-30,3326066000,NetCashProvidedByUsedInOperatingActivities,USD,2023-08-23,10-Q,2022-07-30,through_ocf,True,,,0.20674,0.379418,5.738192,-0.388292,-0.040044
2023Q3,2023-08-02,ADNT,1670541,ADIENT PLC,>$10B,,10471000000,RevenueFromContractWithCustomerExcludingAssessedTax,USD,2023-08-02,10-Q,2022-06-30,-165000000,NetIncomeLoss,USD,2023-08-02,10-Q,2022-06-30,9158000000,Assets,USD,2023-08-02,10-Q,2022-09-30,-1164000000,NetCashProvidedByUsedInFinancingActivities,USD,2023-08-02,10-Q,2022-06-30,539000000,NetCashProvidedByUsedInInvestingActivities,USD,2023-08-02,10-Q,2022-06-30,38000000,NetCashProvidedByUsedInOperatingActivities,USD,2023-08-02,10-Q,2022-06-30,through_ocf,True,,,-0.015758,0.003629,0.874606,-0.111164,0.051476
2023Q3,2023-08-23,ADSK,769397,"AUTODESK, INC.",$1B-$2B,,1170000000,RevenueFromContractWithCustomerExcludingAssessedTax,USD,2023-06-01,10-Q,2022-04-30,146000000,NetIncomeLoss,USD,2023-06-01,10-Q,2022-04-30,9438000000,Assets,USD,2023-06-01,10-Q,2023-01-31,-460000000,NetCashProvidedByUsedInFinancingActivities,USD,2023-06-01,10-Q,2022-04-30,31000000,NetCashProvidedByUsedInInvestingActivities,USD,2023-06-01,10-Q,2022-04-30,434000000,NetCashProvidedByUsedInOperatingActivities,USD,2023-06-01,10-Q,2022-04-30,through_ocf,True,,,0.124786,0.37094,8.066667,-0.393162,0.026496
2023Q3,2023-08-07,ADTN,926282,"ADTRAN Holdings, Inc.",$100M-$500M,,154518000,RevenueFromContractWithCustomerExcludingAssessedTax,USD,2023-05-10,10-Q,2022-03-31,-1127000,NetIncomeLoss,USD,2023-05-10,10-Q,2022-03-31,1943494000,Assets,USD,2023-05-10,10-Q,2022-12-31,-3924000,NetCashProvidedByUsedInFinancingActivities,USD,2023-05-10,10-Q,2022-03-31,-2700000,NetCashProvidedByUsedInInvestingActivities,USD,2023-05-10,10-Q,2022-03-31,4869000,NetCashProvidedByUsedInOperatingActivities,USD,2023-05-10,10-Q,2022-03-31,through_ocf,True,,,-0.007294,0.031511,12.577784,-0.025395,-0.017474
2023Q3,2023-07-31,ADUS,1468328,Addus HomeCare Corp,$100M-$500M,,226634000,RevenueFromContractWithCustomerExcludingAssessedTax,USD,2023-05-02,10-Q,2022-03-31,8470000,NetIncomeLoss,USD,2023-05-02,10-Q,2022-03-31,937994000,Assets,USD,2023-05-02,10-Q,2022-12-31,35479000,NetCashProvidedByUsedInFinancingActivities,USD,2023-05-02,10-Q,2022-03-31,-85594000,NetCashProvidedByUsedInInvestingActivities,USD,2023-05-02,10-Q,2022-03-31,5983000,NetCashProvidedByUsedInOperatingActivities,USD,2023-05-02,10-Q,2022-03-31,through_ocf,True,,,0.037373,0.026399,4.138805,0.156548,-0.377675
2023Q3,2023-08-04,ADV,1776661,Advantage Solutions Inc.,$1B-$2B,,1895884000,Revenues,USD,2023-08-04,10-Q,2022-06-30,22336000,NetIncomeLoss,USD,2023-08-04,10-Q,2022-06-30,4262371000,Assets,USD,2023-08-04,10-Q,2022-12-31,18781000,NetCashProvidedByUsedInFinancingActivities,USD,2023-08-04,10-Q,2022-06-30,-89144000,NetCashProvidedByUsedInInvestingActivities,USD,2023-08-04,10-Q,2022-06-30,29992000,NetCashProvidedByUsedInOperatingActivities,USD,2023-08-04,10-Q,2022-06-30,through_ocf,True,,,0.011781,0.01582,2.248224,0.009906,-0.04702
2023Q3,2023-08-02,AEE,1002910,AMEREN CORPORATION,$1B-$2B,,1879000000,Revenues,USD,2023-05-05,10-Q,2022-03-31,253000000,ProfitLoss,USD,2023-05-05,10-Q,2022-03-31,37904000000,Assets,USD,2023-05-05,10-Q,2022-12-31,391000000,NetCashProvidedByUsedInFinancingActivities,USD,2023-05-05,10-Q,2022-03-31,-780000000,NetCashProvidedByUsedInInvestingActivities,USD,2023-05-05,10-Q,2022-03-31,388000000,NetCashProvidedByUsedInOperatingActivities,USD,2023-05-05,10-Q,2022-03-31,through_ocf,True,,,0.134646,0.206493,20.172432,0.208089,-0.415114
2023Q3,2023-08-03,AEIS,927003,ADVANCED ENERGY INDUSTRIES INC,$500M-$1B,,838408000,RevenueFromContractWithCustomerExcludingAssessedTax,USD,2023-08-03,10-Q,2022-06-30,81748000,NetIncomeLoss,USD,2023-08-03,10-Q,2022-06-30,1992168000,Assets,USD,2023-08-03,10-Q,2022-12-31,-42840000,NetCashProvidedByUsedInFinancingActivities,USD,2023-08-03,10-Q,2022-06-30,-171255000,NetCashProvidedByUsedInInvestingActivities,USD,2023-08-03,10-Q,2022-06-30,47596000,NetCashProvidedByUsedInOperatingActivities,USD,2023-08-03,10-Q,2022-06-30,through_ocf,True,,,0.097504,0.056769,2.376132,-0.051097,-0.204262
2023Q3,2023-08-03,AEO,919012,AMERICAN EAGLE OUTFITTERS INC,$1B-$2B,,1055037000,RevenueFromContractWithCustomerExcludingAssessedTax,USD,2023-05-25,10-Q,2022-04-30,31740000,NetIncomeLoss,USD,2023-05-25,10-Q,2022-04-30,3701518000,Assets,USD,2023-05-25,10-Q,2022-04-30,-38355000,NetCashProvidedByUsedInFinancingActivities,USD,2023-05-25,10-Q,2021-04-30,-58660000,NetCashProvidedByUsedInInvestingActivities,USD,2023-05-25,10-Q,2021-04-30,-108247000,NetCashProvidedByUsedInOperatingActivities,USD,2023-05-25,10-Q,2021-04-30,through_ocf,True,,,0.030084,-0.1026,3.508425,-0.036354,-0.0556
2023Q3,2023-07-27,AEP,4904,"AMERICAN ELECTRIC POWER COMPANY, INC.",$2B-$10B,,9232300000,Revenues,USD,2023-07-27,10-Q,2022-06-30,1238900000,NetIncomeLoss,USD,2023-07-27,10-Q,2022-06-30,93403300000,Assets,USD,2023-07-27,10-Q,2022-12-31,1378100000,NetCashProvidedByUsedInFinancingActivities,USD,2023-07-27,10-Q,2022-06-30,-4199000000,NetCashProvidedByUsedInInvestingActivities,USD,2023-07-27,10-Q,2022-06-30,2990700000,NetCashProvidedByUsedInOperatingActivities,USD,2023-07-27,10-Q,2022-06-30,through_ocf,True,,,0.134192,0.323939,10.117013,0.149269,-0.454816
2023Q3,2023-08-03,AES,874761,AES CORP,$2B-$10B,,5930000000,Revenues,USD,2023-08-03,10-Q,2022-06-30,-64000000,NetIncomeLoss,USD,2023-08-03,10-Q,2022-06-30,38363000000,Assets,USD,2023-08-03,10-Q,2022-12-31,1924000000,NetCashProvidedByUsedInFinancingActivities,USD,2023-08-03,10-Q,2022-06-30,-2583000000,NetCashProvidedByUsedInInvestingActivities,USD,2023-08-03,10-Q,2022-06-30,865000000,NetCashProvidedByUsedInOperatingActivities,USD,2023-08-03,10-Q,2022-06-30,through_ocf,True,,,-0.010793,0.145868,6.469309,0.324452,-0.435582
2023Q3,2023-08-01,AFL,4977,AFLAC INC,$2B-$10B,,5173000000,Revenues,USD,2023-05-01,10-Q,2022-03-31,1047000000,NetIncomeLoss,USD,2023-05-01,10-Q,2022-03-31,131738000000,Assets,USD,2023-05-01,10-Q,2022-12-31,-737000000,NetCashProvidedByUsedInFinancingActivities,USD,2023-05-01,10-Q,2022-03-31,-1210000000,NetCashProvidedByUsedInInvestingActivities,USD,2023-05-01,10-Q,2022-03-31,1260000000,NetCashProvidedByUsedInOperatingActivities,USD,2023-05-01,10-Q,2022-03-31,through_ocf,True,,,0.202397,0.243572,25.46646,-0.142471,-0.233907
2023Q3,2023-08-24,AFRM,1820953,"Affirm Holdings, Inc.",$500M-$1B,,985158000,Revenues,USD,2023-05-09,10-Q,2022-03-31,-306615000,NetIncomeLoss,USD,2023-05-09,10-Q,2021-09-30,6973792000,Assets,USD,2023-05-09,10-Q,2022-06-30,2066000000,NetCashProvidedByUsedInFinancingActivities,USD,2023-05-09,10-Q,2022-03-31,-985621000,NetCashProvidedByUsedInInvestingActivities,USD,2023-05-09,10-Q,2022-03-31,-103085000,NetCashProvidedByUsedInOperatingActivities,USD,2023-05-09,10-Q,2022-03-31,through_ocf,True,,,-0.311234,-0.104638,7.078856,2.097126,-1.00047
2023Q3,2023-09-06,AGX,100591,ARGAN INC,$100M-$500M,,218387000,RevenueFromContractWithCustomerExcludingAssessedTax,USD,2023-09-06,10-Q,2022-07-31,11707000,NetIncomeLoss,USD,2023-09-06,10-Q,2022-07-31,423070000,Assets,USD,2023-09-06,10-Q,2022-07-31,-60294000,NetCashProvidedByUsedInFinancingActivities,USD,2023-09-06,10-Q,2022-07-31,-85638000,NetCashProvidedByUsedInInvestingActivities,USD,2023-09-06,10-Q,2022-07-31,-56776000,NetCashProvidedByUsedInOperatingActivities,USD,2023-09-06,10-Q,2022-07-31,through_ocf,True,,,0.053607,-0.259979,1.937249,-0.276088,-0.392139
2023Q3,2023-07-24,AGYS,78749,"AGILYSYS, INC.",$100M-$500M,,137176000,RevenueFromContractWithCustomerExcludingAssessedTax,USD,2023-05-19,10-K,2021-03-31,-21001000,NetIncomeLoss,USD,2023-05-19,10-K,2021-03-31,214162000,Assets,USD,2023-05-19,10-K,2022-03-31,25316000,NetCashProvidedByUsedInFinancingActivities,USD,2023-05-19,10-K,2021-03-31,-1391000,NetCashProvidedByUsedInInvestingActivities,USD,2023-05-19,10-K,2021-03-31,28407000,NetCashProvidedByUsedInOperatingActivities,USD,2023-05-19,10-K,2021-03-31,through_ocf,True,,,-0.153095,0.207084,1.561221,0.184551,-0.01014
2023Q3,2023-08-08,AHCO,1725255,AdaptHealth Corp.,$1B-$2B,,1433817000,RevenueFromContractWithCustomerExcludingAssessedTax,USD,2023-08-08,10-Q,2022-06-30,55782000,NetIncomeLoss,USD,2023-08-08,10-Q,2022-06-30,5219587000,Assets,USD,2023-08-08,10-Q,2022-12-31,-30711000,NetCashProvidedByUsedInFinancingActivities,USD,2023-08-08,10-Q,2022-06-30,-170031000,NetCashProvidedByUsedInInvestingActivities,USD,2023-08-08,10-Q,2022-06-30,169924000,NetCashProvidedByUsedInOperatingActivities,USD,2023-08-08,10-Q,2022-06-30,through_ocf,True,,,0.038905,0.118512,3.640344,-0.021419,-0.118586
2023Q3,2023-08-03,AHRT,1569187,"AH REALTY TRUST, INC.",<$100M,,82853000,Revenues,USD,2023-05-10,10-Q,2022-03-31,9993000,NetIncomeLoss,USD,2023-05-10,10-Q,2022-03-31,2242310000,Assets,USD,2023-05-10,10-Q,2022-12-31,106085000,NetCashProvidedByUsedInFinancingActivities,USD,2023-05-10,10-Q,2022-03-31,-137624000,NetCashProvidedByUsedInInvestingActivities,USD,2023-05-10,10-Q,2022-03-31,30582000,NetCashProvidedByUsedInOperatingActivities,USD,2023-05-10,10-Q,2022-03-31,through_ocf,True,,,0.120611,0.369112,27.063715,1.2804,-1.661062
2023Q3,2023-09-06,AI,1577526,"C3.AI, INC.",$100M-$500M,,183217000,RevenueFromContractWithCustomerExcludingAssessedTax,USD,2023-06-22,10-K,2021-04-30,-55696000,NetIncomeLoss,USD,2023-06-22,10-K,2021-04-30,1170882000,Assets,USD,2023-06-22,10-K,2022-04-30,887356000,NetCashProvidedByUsedInFinancingActivities,USD,2023-06-22,10-K,2021-04-30,-767152000,NetCashProvidedByUsedInInvestingActivities,USD,2023-06-22,10-K,2021-04-30,-37553000,NetCashProvidedByUsedInOperatingActivities,USD,2023-06-22,10-K,2021-04-30,through_ocf,True,,,-0.303989,-0.204965,6.390684,4.843197,-4.187122
2023Q3,2023-08-08,AIOT,1774170,"POWERFLEET, INC.",<$100M,,33161000,RevenueFromContractWithCustomerExcludingAssessedTax,USD,2023-05-10,10-Q,2022-03-31,-2928000,NetIncomeLoss,USD,2023-05-10,10-Q,2022-03-31,217435000,Assets,USD,2023-05-10,10-Q,2022-12-31,-1678000,NetCashProvidedByUsedInFinancingActivities,USD,2023-05-10,10-Q,2022-03-31,-610000,NetCashProvidedByUsedInInvestingActivities,USD,2023-05-10,10-Q,2022-03-31,-2125000,NetCashProvidedByUsedInOperatingActivities,USD,2023-05-10,10-Q,2022-03-31,through_ocf,True,,,-0.088296,-0.064081,6.556949,-0.050602,-0.018395
2023Q3,2023-08-01,AIZ,1267238,"Assurant, Inc.",$2B-$10B,,2482700000,Revenues,USD,2023-05-04,10-Q,2022-03-31,149000000,NetIncomeLoss,USD,2023-05-04,10-Q,2022-03-31,33117300000,Assets,USD,2023-05-04,10-Q,2022-12-31,-277500000,NetCashProvidedByUsedInFinancingActivities,USD,2023-05-04,10-Q,2022-03-31,-13300000,NetCashProvidedByUsedInInvestingActivities,USD,2023-05-04,10-Q,2022-03-31,-501100000,NetCashProvidedByUsedInOperatingActivities,USD,2023-05-04,10-Q,2022-03-31,through_ocf,True,,,0.060015,-0.201837,13.339227,-0.111773,-0.005357
2023Q3,2023-07-27,AJG,354190,ARTHUR J. GALLAGHER & CO.,$2B-$10B,,2435300000,RevenueFromContractWithCustomerExcludingAssessedTax,USD,2023-05-08,10-Q,2022-03-31,438700000,NetIncomeLoss,USD,2023-05-08,10-Q,2022-03-31,42897500000,Assets,USD,2023-05-08,10-Q,2022-03-31,17700000,NetCashProvidedByUsedInFinancingActivities,USD,2023-05-08,10-Q,2022-03-31,-94300000,NetCashProvidedByUsedInInvestingActivities,USD,2023-05-08,10-Q,2022-03-31,216600000,NetCashProvidedByUsedInOperatingActivities,USD,2023-05-08,10-Q,2022-03-31,through_ocf,True,,,0.180142,0.088942,17.614873,0.007268,-0.038722
2023Q3,2023-08-08,AKAM,1086222,"Akamai Technologies, Inc.",$500M-$1B,,600293000,Revenues,USD,2018-05-09,10-Q,2017-03-31,271216000,NetIncomeLoss,USD,2023-08-08,10-Q,2022-06-30,8303400000,Assets,USD,2023-08-08,10-Q,2022-12-31,-226743000,NetCashProvidedByUsedInFinancingActivities,USD,2023-08-08,10-Q,2022-06-30,-432124000,NetCashProvidedByUsedInInvestingActivities,USD,2023-08-08,10-Q,2022-06-30,563882000,NetCashProvidedByUsedInOperatingActivities,USD,2023-08-08,10-Q,2022-06-30,through_ocf,True,,,0.451806,0.939345,13.832245,-0.377721,-0.719855
2023Q3,2023-08-02,ALB,915913,ALBEMARLE CORPORATION,$2B-$10B,,2607321000,Revenues,USD,2023-08-02,10-Q,2022-06-30,660156000,NetIncomeLoss,USD,2023-08-02,10-Q,2022-06-30,15456522000,Assets,USD,2023-08-02,10-Q,2022-12-31,976529000,NetCashProvidedByUsedInFinancingActivities,USD,2023-08-02,10-Q,2022-06-30,-499972000,NetCashProvidedByUsedInInvestingActivities,USD,2023-08-02,10-Q,2022-06-30,60311000,NetCashProvidedByUsedInOperatingActivities,USD,2023-08-02,10-Q,2022-06-30,through_ocf,True,,,0.253193,0.023131,5.928124,0.374533,-0.191757
2023Q3,2023-08-02,ALG,897077,ALAMO GROUP INC.,$500M-$1B,,758219000,RevenueFromContractWithCustomerExcludingAssessedTax,USD,2023-08-02,10-Q,2022-06-30,46942000,NetIncomeLoss,USD,2023-08-02,10-Q,2022-06-30,1308508000,Assets,USD,2023-08-02,10-Q,2022-12-31,97042000,NetCashProvidedByUsedInFinancingActivities,USD,2023-08-02,10-Q,2022-06-30,-16784000,NetCashProvidedByUsedInInvestingActivities,USD,2023-08-02,10-Q,2022-06-30,-43389000,NetCashProvidedByUsedInOperatingActivities,USD,2023-08-02,10-Q,2022-06-30,through_ocf,True,,,0.061911,-0.057225,1.725765,0.127987,-0.022136
2023Q3,2023-08-01,ALGM,866291,"ALLEGRO MICROSYSTEMS, INC.",$500M-$1B,,591207000,RevenueFromContractWithCustomerExcludingAssessedTax,USD,2023-05-25,10-K,2021-03-26,17953000,NetIncomeLoss,USD,2023-05-25,10-K,2021-03-26,892620000,Assets,USD,2023-05-25,10-K,2022-03-25,-72186000,NetCashProvidedByUsedInFinancingActivities,USD,2023-05-25,10-K,2021-03-26,-68245000,NetCashProvidedByUsedInInvestingActivities,USD,2023-05-25,10-K,2021-03-26,120570000,NetCashProvidedByUsedInOperatingActivities,USD,2023-05-25,10-K,2021-03-26,through_ocf,True,,,0.030367,0.203939,1.509827,-0.122099,-0.115433
2023Q3,2023-07-26,ALGN,1097149,"ALIGN TECHNOLOGY, INC.",$500M-$1B,,973219000,RevenueFromContractWithCustomerExcludingAssessedTax,USD,2023-05-05,10-Q,2022-03-31,134298000,NetIncomeLoss,USD,2023-05-05,10-Q,2022-03-31,5947947000,Assets,USD,2023-05-05,10-Q,2022-12-31,-111742000,NetCashProvidedByUsedInFinancingActivities,USD,2023-05-05,10-Q,2022-03-31,-90198000,NetCashProvidedByUsedInInvestingActivities,USD,2023-05-05,10-Q,2022-03-31,30498000,NetCashProvidedByUsedInOperatingActivities,USD,2023-05-05,10-Q,2022-03-31,through_ocf,True,,,0.137994,0.031337,6.111622,-0.114817,-0.09268
2023Q3,2023-08-02,ALGT,1362468,Allegiant Travel Co,$500M-$1B,,500109000,Revenues,USD,2023-05-08,10-Q,2022-03-31,-7881000,NetIncomeLoss,USD,2023-05-08,10-Q,2022-03-31,4511297000,Assets,USD,2023-05-08,10-Q,2022-12-31,-37643000,NetCashProvidedByUsedInFinancingActivities,USD,2023-05-08,10-Q,2022-03-31,-109754000,NetCashProvidedByUsedInInvestingActivities,USD,2023-05-08,10-Q,2022-03-31,176001000,NetCashProvidedByUsedInOperatingActivities,USD,2023-05-08,10-Q,2022-03-31,through_ocf,True,,,-0.015759,0.351925,9.020628,-0.07527,-0.21946
2023Q3,2023-07-26,ALKS,1520262,Alkermes plc.,$500M-$1B,,554764000,RevenueFromContractWithCustomerExcludingAssessedTax,USD,2023-07-26,10-Q,2022-06-30,-35903000,NetIncomeLoss,USD,2023-07-26,10-Q,2022-03-31,1963978000,Assets,USD,2023-07-26,10-Q,2022-12-31,-1091000,NetCashProvidedByUsedInFinancingActivities,USD,2023-07-26,10-Q,2022-06-30,-101179000,NetCashProvidedByUsedInInvestingActivities,USD,2023-07-26,10-Q,2022-06-30,19372000,NetCashProvidedByUsedInOperatingActivities,USD,2023-07-26,10-Q,2022-06-30,through_ocf,True,,,-0.064718,0.034919,3.540204,-0.001967,-0.182382
2023Q3,2023-07-26,ALLE,1579241,Allegion plc,$1B-$2B,,1496700000,Revenues,USD,2023-07-26,10-Q,2022-06-30,208100000,NetIncomeLoss,USD,2023-07-26,10-Q,2022-06-30,3991200000,Assets,USD,2023-07-26,10-Q,2022-12-31,448400000,NetCashProvidedByUsedInFinancingActivities,USD,2023-07-26,10-Q,2022-06-30,-23900000,NetCashProvidedByUsedInInvestingActivities,USD,2023-07-26,10-Q,2022-06-30,109100000,NetCashProvidedByUsedInOperatingActivities,USD,2023-07-26,10-Q,2022-06-30,through_ocf,True,,,0.139039,0.072894,2.666667,0.299592,-0.015968
2023Q3,2023-08-09,ALRM,1459200,"ALARM.COM HOLDINGS, INC.",$100M-$500M,,418282000,RevenueFromContractWithCustomerExcludingAssessedTax,USD,2023-08-09,10-Q,2022-06-30,19731000,ProfitLoss,USD,2023-08-09,10-Q,2022-06-30,1329375000,Assets,USD,2023-08-09,10-Q,2022-12-31,-49836000,NetCashProvidedByUsedInFinancingActivities,USD,2023-08-09,10-Q,2022-06-30,-29130000,NetCashProvidedByUsedInInvestingActivities,USD,2023-08-09,10-Q,2022-06-30,12258000,NetCashProvidedByUsedInOperatingActivities,USD,2023-08-09,10-Q,2022-06-30,through_ocf,True,,,0.047172,0.029306,3.178179,-0.119145,-0.069642
2023Q3,2023-08-09,ALTG,1759824,ALTA EQUIPMENT GROUP INC.,$500M-$1B,,738200000,RevenueFromContractWithCustomerExcludingAssessedTax,USD,2023-08-09,10-Q,2022-06-30,4900000,NetIncomeLoss,USD,2023-08-09,10-Q,2022-06-30,1290600000,Assets,USD,2023-08-09,10-Q,2022-12-31,32200000,NetCashProvidedByUsedInFinancingActivities,USD,2023-08-09,10-Q,2022-06-30,-37400000,NetCashProvidedByUsedInInvestingActivities,USD,2023-08-09,10-Q,2022-06-30,3400000,NetCashProvidedByUsedInOperatingActivities,USD,2023-08-09,10-Q,2022-06-30,through_ocf,True,,,0.006638,0.004606,1.748307,0.04362,-0.050664
2023Q3,2023-08-08,AMC,1411579,"AMC ENTERTAINMENT HOLDINGS, INC.",$1B-$2B,,1952100000,Revenues,USD,2023-08-08,10-Q,2022-06-30,-337400000,NetIncomeLoss,USD,2023-08-08,10-Q,2022-03-31,9135600000,Assets,USD,2023-08-08,10-Q,2022-12-31,-136000000,NetCashProvidedByUsedInFinancingActivities,USD,2023-08-08,10-Q,2022-06-30,-102900000,NetCashProvidedByUsedInInvestingActivities,USD,2023-08-08,10-Q,2022-06-30,-371600000,NetCashProvidedByUsedInOperatingActivities,USD,2023-08-08,10-Q,2022-06-30,through_ocf,True,,,-0.17284,-0.190359,4.679883,-0.069669,-0.052712
2023Q3,2023-08-04,AMCX,1514991,AMC Networks Inc.,$1B-$2B,,1450182000,RevenueFromContractWithCustomerExcludingAssessedTax,USD,2023-08-04,10-Q,2022-06-30,187617000,NetIncomeLoss,USD,2023-08-04,10-Q,2022-06-30,5633836000,Assets,USD,2023-08-04,10-Q,2022-12-31,-66486000,NetCashProvidedByUsedInFinancingActivities,USD,2023-08-04,10-Q,2022-06-30,-9929000,NetCashProvidedByUsedInInvestingActivities,USD,2023-08-04,10-Q,2022-06-30,17174000,NetCashProvidedByUsedInOperatingActivities,USD,2023-08-04,10-Q,2022-06-30,through_ocf,True,,,0.129375,0.011843,3.884917,-0.045847,-0.006847
2023Q3,2023-08-01,AMD,2488,"ADVANCED MICRO DEVICES, INC.",$2B-$10B,,5887000000,RevenueFromContractWithCustomerExcludingAssessedTax,USD,2023-05-03,10-Q,2022-03-26,786000000,NetIncomeLoss,USD,2023-05-03,10-Q,2022-03-26,67580000000,Assets,USD,2023-05-03,10-Q,2022-12-31,-1948000000,NetCashProvidedByUsedInFinancingActivities,USD,2023-05-03,10-Q,2022-03-26,3158000000,NetCashProvidedByUsedInInvestingActivities,USD,2023-05-03,10-Q,2022-03-26,995000000,NetCashProvidedByUsedInOperatingActivities,USD,2023-05-03,10-Q,2022-03-26,through_ocf,True,,,0.133515,0.169016,11.479531,-0.330899,0.536436
2023Q3,2023-08-01,AME,1037868,"AMETEK, Inc.",$2B-$10B,,2973077000,RevenueFromContractWithCustomerExcludingAssessedTax,USD,2023-08-01,10-Q,2022-06-30,554820000,NetIncomeLoss,USD,2023-08-01,10-Q,2022-06-30,12431120000,Assets,USD,2023-08-01,10-Q,2022-12-31,-370393000,NetCashProvidedByUsedInFinancingActivities,USD,2023-08-01,10-Q,2022-06-30,-41033000,NetCashProvidedByUsedInInvestingActivities,USD,2023-08-01,10-Q,2022-06-30,437237000,NetCashProvidedByUsedInOperatingActivities,USD,2023-08-01,10-Q,2022-06-30,through_ocf,True,,,0.186615,0.147065,4.18123,-0.124582,-0.013802
2023Q3,2023-08-03,AMGN,318154,AMGEN INC.,$2B-$10B,,6238000000,RevenueFromContractWithCustomerExcludingAssessedTax,USD,2023-04-28,10-Q,2022-03-31,1476000000,NetIncomeLoss,USD,2023-04-28,10-Q,2022-03-31,65121000000,Assets,USD,2023-04-28,10-Q,2022-12-31,-3514000000,NetCashProvidedByUsedInFinancingActivities,USD,2023-04-28,10-Q,2022-03-31,-111000000,NetCashProvidedByUsedInInvestingActivities,USD,2023-04-28,10-Q,2022-03-31,2164000000,NetCashProvidedByUsedInOperatingActivities,USD,2023-04-28,10-Q,2022-03-31,through_ocf,True,,,0.236614,0.346906,10.439404,-0.563322,-0.017794
2023Q3,2023-07-31,AMKR,1047127,"Amkor Technology, Inc.",$1B-$2B,,1596816000,RevenueFromContractWithCustomerExcludingAssessedTax,USD,2023-05-03,10-Q,2022-03-31,170663000,NetIncomeLoss,USD,2023-05-03,10-Q,2022-03-31,6821757000,Assets,USD,2023-05-03,10-Q,2022-12-31,109236000,NetCashProvidedByUsedInFinancingActivities,USD,2023-05-03,10-Q,2022-03-31,-240009000,NetCashProvidedByUsedInInvestingActivities,USD,2023-05-03,10-Q,2022-03-31,166178000,NetCashProvidedByUsedInOperatingActivities,USD,2023-05-03,10-Q,2022-03-31,through_ocf,True,,,0.106877,0.104068,4.2721,0.068409,-0.150305
2023Q3,2023-08-03,AMN,1142750,"AMN HEALTHCARE SERVICES, INC.",$1B-$2B,,1552538000,RevenueFromContractWithCustomerExcludingAssessedTax,USD,2023-05-05,10-Q,2022-03-31,146008000,NetIncomeLoss,USD,2023-05-05,10-Q,2022-03-31,2888351000,Assets,USD,2023-05-05,10-Q,2022-12-31,-237455000,NetCashProvidedByUsedInFinancingActivities,USD,2023-05-05,10-Q,2022-03-31,-23239000,NetCashProvidedByUsedInInvestingActivities,USD,2023-05-05,10-Q,2022-03-31,200215000,NetCashProvidedByUsedInOperatingActivities,USD,2023-05-05,10-Q,2022-03-31,through_ocf,True,,,0.094045,0.12896,1.860406,-0.152946,-0.014968
2023Q3,2023-07-26,AMP,820027,"AMERIPRISE FINANCIAL, INC.",$2B-$10B,,3346000000,Revenues,USD,2023-05-02,10-Q,2021-03-31,1435000000,NetIncomeLoss,USD,2023-05-02,10-Q,2021-03-31,177735000000,Assets,USD,2023-05-02,10-Q,2021-12-31,518000000,NetCashProvidedByUsedInFinancingActivities,USD,2023-05-02,10-Q,2022-03-31,-1665000000,NetCashProvidedByUsedInInvestingActivities,USD,2023-05-02,10-Q,2022-03-31,409000000,NetCashProvidedByUsedInOperatingActivities,USD,2023-05-02,10-Q,2022-03-31,through_ocf,True,,,0.42887,0.122236,53.118649,0.154812,-0.497609
2023Q3,2023-08-08,AMPH,1297184,"Amphastar Pharmaceuticals, Inc.",$100M-$500M,,120368000,Revenues,USD,2023-05-09,10-Q,2022-03-31,24253000,NetIncomeLoss,USD,2023-05-09,10-Q,2022-03-31,741987000,Assets,USD,2023-05-09,10-Q,2022-12-31,4648000,NetCashProvidedByUsedInFinancingActivities,USD,2023-05-09,10-Q,2022-03-31,-9110000,NetCashProvidedByUsedInInvestingActivities,USD,2023-05-09,10-Q,2022-03-31,50765000,NetCashProvidedByUsedInOperatingActivities,USD,2023-05-09,10-Q,2022-03-31,through_ocf,True,,,0.20149,0.421748,6.164321,0.038615,-0.075685
2023Q3,2023-08-04,AMR,1704715,"ALPHA METALLURGICAL RESOURCES, INC.",$2B-$10B,,2408376000,Revenues,USD,2023-08-04,10-Q,2022-06-30,400891000,NetIncomeLoss,USD,2023-08-04,10-Q,2022-03-31,2312479000,Assets,USD,2023-08-04,10-Q,2022-12-31,-641021000,NetCashProvidedByUsedInFinancingActivities,USD,2023-08-04,10-Q,2022-06-30,-147149000,NetCashProvidedByUsedInInvestingActivities,USD,2023-08-04,10-Q,2022-06-30,802056000,NetCashProvidedByUsedInOperatingActivities,USD,2023-08-04,10-Q,2022-06-30,through_ocf,True,,,0.166457,0.333028,0.960182,-0.266163,-0.061099
2023Q3,2023-08-04,AMRX,1723128,"Amneal Pharmaceuticals, Inc.",$100M-$500M,,497633000,RevenueFromContractWithCustomerExcludingAssessedTax,USD,2023-05-09,10-Q,2022-03-31,-8817000,NetIncomeLoss,USD,2023-05-09,10-Q,2022-03-31,3799341000,Assets,USD,2023-05-09,10-Q,2022-12-31,-61570000,NetCashProvidedByUsedInFinancingActivities,USD,2023-05-09,10-Q,2022-03-31,-97395000,NetCashProvidedByUsedInInvestingActivities,USD,2023-05-09,10-Q,2022-03-31,120343000,NetCashProvidedByUsedInOperatingActivities,USD,2023-05-09,10-Q,2022-03-31,through_ocf,True,,,-0.017718,0.241831,7.634825,-0.123726,-0.195717
2023Q3,2023-07-27,AMT,1053507,AMERICAN TOWER CORP /MA/,$2B-$10B,,5334600000,Revenues,USD,2023-07-27,10-Q,2022-06-30,1593600000,ProfitLoss,USD,2023-07-27,10-Q,2022-06-30,68116800000,Assets,USD,2023-07-27,10-Q,2022-06-30,-755400000,NetCashProvidedByUsedInFinancingActivities,USD,2023-07-27,10-Q,2022-06-30,-903500000,NetCashProvidedByUsedInInvestingActivities,USD,2023-07-27,10-Q,2022-06-30,1578900000,NetCashProvidedByUsedInOperatingActivities,USD,2023-07-27,10-Q,2022-06-30,through_ocf,True,,,0.298729,0.295973,12.768867,-0.141604,-0.169366
2023Q3,2023-08-29,AMWD,794619,American Woodmark Corp,$500M-$1B,,542893000,RevenueFromContractWithCustomerExcludingAssessedTax,USD,2023-08-29,10-Q,2022-07-31,20070000,NetIncomeLoss,USD,2023-08-29,10-Q,2022-07-31,1518798000,Assets,USD,2023-08-29,10-Q,2023-04-30,-21364000,NetCashProvidedByUsedInFinancingActivities,USD,2023-08-29,10-Q,2022-07-31,-4560000,NetCashProvidedByUsedInInvestingActivities,USD,2023-08-29,10-Q,2022-07-31,37295000,NetCashProvidedByUsedInOperatingActivities,USD,2023-08-29,10-Q,2022-07-31,through_ocf,True,,,0.036969,0.068697,2.797601,-0.039352,-0.008399
2023Q3,2023-08-01,ANDE,821026,"Andersons, Inc.",$2B-$10B,,3977954000,Revenues,USD,2023-05-04,10-Q,2022-03-31,5503000,NetIncomeLoss,USD,2023-05-04,10-Q,2022-03-31,5142936000,Assets,USD,2023-05-04,10-Q,2022-03-31,919757000,NetCashProvidedByUsedInFinancingActivities,USD,2023-05-04,10-Q,2022-03-31,-24921000,NetCashProvidedByUsedInInvestingActivities,USD,2023-05-04,10-Q,2022-03-31,-1074998000,NetCashProvidedByUsedInOperatingActivities,USD,2023-05-04,10-Q,2022-03-31,through_ocf,True,,,0.001383,-0.270239,1.29286,0.231214,-0.006265
2023Q3,2023-07-31,ANET,1596532,"ARISTA NETWORKS, INC.",$500M-$1B,,877066000,RevenueFromContractWithCustomerExcludingAssessedTax,USD,2023-05-02,10-Q,2022-03-31,272259000,NetIncomeLoss,USD,2023-05-02,10-Q,2022-03-31,6775410000,Assets,USD,2023-05-02,10-Q,2022-12-31,-129809000,NetCashProvidedByUsedInFinancingActivities,USD,2023-05-02,10-Q,2022-03-31,-72615000,NetCashProvidedByUsedInInvestingActivities,USD,2023-05-02,10-Q,2022-03-31,217138000,NetCashProvidedByUsedInOperatingActivities,USD,2023-05-02,10-Q,2022-03-31,through_ocf,True,,,0.31042,0.247573,7.725086,-0.148004,-0.082793
2023Q3,2023-08-24,ANF,1018840,Abercrombie & Fitch Co.,$500M-$1B,,812762000,Revenues,USD,2023-06-06,10-Q,2022-04-30,-16469000,NetIncomeLoss,USD,2023-06-06,10-Q,2022-04-30,2713100000,Assets,USD,2023-06-06,10-Q,2023-01-28,-116945000,NetCashProvidedByUsedInFinancingActivities,USD,2023-06-06,10-Q,2022-04-30,-18541000,NetCashProvidedByUsedInInvestingActivities,USD,2023-06-06,10-Q,2022-04-30,-217787000,NetCashProvidedByUsedInOperatingActivities,USD,2023-06-06,10-Q,2022-04-30,through_ocf,True,,,-0.020263,-0.267959,3.338124,-0.143886,-0.022812
2023Q3,2023-08-08,ANGI,1705110,Angi Inc.,$500M-$1B,,951941000,RevenueFromContractWithCustomerExcludingAssessedTax,USD,2023-08-08,10-Q,2022-06-30,9851000,ProfitLoss,USD,2021-02-16,10-K,2019-03-31,1907778000,Assets,USD,2023-08-08,10-Q,2022-12-31,-11657000,NetCashProvidedByUsedInFinancingActivities,USD,2023-08-08,10-Q,2022-06-30,-61974000,NetCashProvidedByUsedInInvestingActivities,USD,2023-08-08,10-Q,2022-06-30,7079000,NetCashProvidedByUsedInOperatingActivities,USD,2023-08-08,10-Q,2022-06-30,through_ocf,True,,,0.010348,0.007436,2.004093,-0.012246,-0.065103
2023Q3,2023-07-12,ANGO,1275187,"AngioDynamics, Inc.",$100M-$500M,,229221000,RevenueFromContractWithCustomerExcludingAssessedTax,USD,2023-03-31,10-Q,2022-02-28,-6972000,NetIncomeLoss,USD,2023-03-31,10-Q,2021-08-31,552751000,Assets,USD,2023-03-31,10-Q,2022-05-31,7354000,NetCashProvidedByUsedInFinancingActivities,USD,2023-03-31,10-Q,2022-02-28,-15534000,NetCashProvidedByUsedInInvestingActivities,USD,2023-03-31,10-Q,2022-02-28,-15754000,NetCashProvidedByUsedInOperatingActivities,USD,2023-03-31,10-Q,2022-02-28,through_ocf,True,,,-0.030416,-0.068728,2.411433,0.032083,-0.067769
2023Q3,2023-07-28,AON,315293,Aon plc,$2B-$10B,,6653000000,RevenueFromContractWithCustomerExcludingAssessedTax,USD,2023-07-28,10-Q,2022-06-30,1524000000,NetIncomeLoss,USD,2023-07-28,10-Q,2022-06-30,32704000000,Assets,USD,2023-07-28,10-Q,2022-12-31,-37000000,NetCashProvidedByUsedInFinancingActivities,USD,2023-07-28,10-Q,2022-06-30,-125000000,NetCashProvidedByUsedInInvestingActivities,USD,2023-07-28,10-Q,2022-06-30,1131000000,NetCashProvidedByUsedInOperatingActivities,USD,2023-07-28,10-Q,2022-06-30,through_ocf,True,,,0.22907,0.169998,4.915677,-0.005561,-0.018789
2023Q3,2023-07-27,AOS,91142,A. O. Smith Corporation,$500M-$1B,,977700000,RevenueFromContractWithCustomerExcludingAssessedTax,USD,2023-04-28,10-Q,2022-03-31,119800000,NetIncomeLoss,USD,2023-04-28,10-Q,2022-03-31,3332300000,Assets,USD,2023-04-28,10-Q,2022-12-31,-56100000,NetCashProvidedByUsedInFinancingActivities,USD,2023-04-28,10-Q,2022-03-31,2100000,NetCashProvidedByUsedInInvestingActivities,USD,2023-04-28,10-Q,2022-03-31,16500000,NetCashProvidedByUsedInOperatingActivities,USD,2023-04-28,10-Q,2022-03-31,through_ocf,True,,,0.122532,0.016876,3.408305,-0.05738,0.002148
2023Q3,2023-08-09,AOSL,1387467,Alpha and Omega Semiconductor Limited,$500M-$1B,,583593000,RevenueFromContractWithCustomerExcludingAssessedTax,USD,2023-05-08,10-Q,2022-03-31,438072000,NetIncomeLoss,USD,2023-05-08,10-Q,2022-03-31,1298629000,Assets,USD,2023-05-08,10-Q,2022-06-30,16351000,NetCashProvidedByUsedInFinancingActivities,USD,2023-05-08,10-Q,2022-03-31,-91142000,NetCashProvidedByUsedInInvestingActivities,USD,2023-05-08,10-Q,2022-03-31,193196000,NetCashProvidedByUsedInOperatingActivities,USD,2023-05-08,10-Q,2022-03-31,through_ocf,True,,,0.750646,0.331046,2.225231,0.028018,-0.156174
2023Q3,2023-08-01,APAM,1517302,Artisan Partners Asset Management Inc.,$100M-$500M,,281598000,Revenues,USD,2023-05-05,10-Q,2022-03-31,65433000,NetIncomeLoss,USD,2023-05-05,10-Q,2022-03-31,1234608000,Assets,USD,2023-05-05,10-Q,2022-12-31,-132195000,NetCashProvidedByUsedInFinancingActivities,USD,2023-05-05,10-Q,2022-03-31,-56403000,NetCashProvidedByUsedInInvestingActivities,USD,2023-05-05,10-Q,2022-03-31,191497000,NetCashProvidedByUsedInOperatingActivities,USD,2023-05-05,10-Q,2022-03-31,through_ocf,True,,,0.232363,0.680037,4.384293,-0.469446,-0.200296
2023Q3,2023-08-03,APD,2969,"AIR PRODUCTS AND CHEMICALS, INC.",$2B-$10B,,9128600000,Revenues,USD,2023-08-03,10-Q,2022-06-30,1673000000,NetIncomeLoss,USD,2023-08-03,10-Q,2022-06-30,27192600000,Assets,USD,2023-08-03,10-Q,2022-09-30,-812100000,NetCashProvidedByUsedInFinancingActivities,USD,2023-08-03,10-Q,2022-06-30,-2844100000,NetCashProvidedByUsedInInvestingActivities,USD,2023-08-03,10-Q,2022-06-30,2213200000,NetCashProvidedByUsedInOperatingActivities,USD,2023-08-03,10-Q,2022-06-30,through_ocf,True,,,0.18327,0.242447,2.978836,-0.088962,-0.311559
2023Q3,2023-08-08,APEI,1201792,"AMERICAN PUBLIC EDUCATION, INC.",$100M-$500M,,304355000,RevenueFromContractWithCustomerExcludingAssessedTax,USD,2023-08-08,10-Q,2022-06-30,5333000,NetIncomeLoss,USD,2023-08-08,10-Q,2022-03-31,615056000,Assets,USD,2023-08-08,10-Q,2022-12-31,-5887000,NetCashProvidedByUsedInFinancingActivities,USD,2023-08-08,10-Q,2022-06-30,-4612000,NetCashProvidedByUsedInInvestingActivities,USD,2023-08-08,10-Q,2022-06-30,45391000,NetCashProvidedByUsedInOperatingActivities,USD,2023-08-08,10-Q,2022-06-30,through_ocf,True,,,0.017522,0.149138,2.020851,-0.019343,-0.015153
2023Q3,2023-07-26,APH,820313,AMPHENOL CORPORATION,$2B-$10B,,2951900000,RevenueFromContractWithCustomerExcludingAssessedTax,USD,2023-04-28,10-Q,2022-03-31,425700000,NetIncomeLoss,USD,2023-04-28,10-Q,2022-03-31,15326200000,Assets,USD,2023-04-28,10-Q,2022-12-31,-151200000,NetCashProvidedByUsedInFinancingActivities,USD,2023-04-28,10-Q,2022-03-31,-144100000,NetCashProvidedByUsedInInvestingActivities,USD,2023-04-28,10-Q,2022-03-31,350800000,NetCashProvidedByUsedInOperatingActivities,USD,2023-04-28,10-Q,2022-03-31,through_ocf,True,,,0.144212,0.118839,5.191978,-0.051221,-0.048816
2023Q3,2023-08-03,APLE,1418121,"APPLE HOSPITALITY REIT, INC.",$500M-$1B,,598146000,RevenueFromContractWithCustomerExcludingAssessedTax,USD,2023-08-03,10-Q,2022-06-30,83347000,NetIncomeLoss,USD,2023-08-03,10-Q,2022-06-30,4772714000,Assets,USD,2023-08-03,10-Q,2022-12-31,-119891000,NetCashProvidedByUsedInFinancingActivities,USD,2023-08-03,10-Q,2022-06-30,-25019000,NetCashProvidedByUsedInInvestingActivities,USD,2023-08-03,10-Q,2022-06-30,152209000,NetCashProvidedByUsedInOperatingActivities,USD,2023-08-03,10-Q,2022-06-30,through_ocf,True,,,0.139342,0.254468,7.979179,-0.200438,-0.041828
2023Q3,2023-08-03,APO,0001858681,"APOLLO GLOBAL MANAGEMENT, INC.",$500M-$1B,,862000000,Revenues,USD,2023-05-09,10-Q,2022-03-31,-1059000000,ProfitLoss,USD,2023-05-09,10-Q,2022-03-31,257217000000,Assets,USD,2023-05-09,10-Q,2022-12-31,11240000000,NetCashProvidedByUsedInFinancingActivities,USD,2023-05-09,10-Q,2022-03-31,3103000000,NetCashProvidedByUsedInInvestingActivities,USD,2023-05-09,10-Q,2022-03-31,-3993000000,NetCashProvidedByUsedInOperatingActivities,USD,2023-05-09,10-Q,2022-03-31,through_ocf,True,,,-1.228538,-4.632251,298.395592,13.039443,3.599768
2023Q3,2023-08-09,APP,1751008,AppLovin Corporation,$1B-$2B,,1401652000,RevenueFromContractWithCustomerExcludingAssessedTax,USD,2023-08-09,10-Q,2022-06-30,-115257000,NetIncomeLoss,USD,2023-08-09,10-Q,2022-03-31,5847846000,Assets,USD,2023-08-09,10-Q,2022-12-31,-335046000,NetCashProvidedByUsedInFinancingActivities,USD,2023-08-09,10-Q,2022-06-30,-1351744000,NetCashProvidedByUsedInInvestingActivities,USD,2023-08-09,10-Q,2022-06-30,75092000,NetCashProvidedByUsedInOperatingActivities,USD,2023-08-09,10-Q,2022-06-30,through_ocf,True,,,-0.082229,0.053574,4.17211,-0.239037,-0.964393
2023Q3,2023-07-27,APPF,1433195,"AppFolio, Inc.",$100M-$500M,,105296000,RevenueFromContractWithCustomerExcludingAssessedTax,USD,2023-04-28,10-Q,2022-03-31,-14287000,NetIncomeLoss,USD,2023-04-28,10-Q,2022-03-31,381217000,Assets,USD,2023-04-28,10-Q,2022-12-31,-973000,NetCashProvidedByUsedInFinancingActivities,USD,2023-04-28,10-Q,2022-03-31,-5280000,NetCashProvidedByUsedInInvestingActivities,USD,2023-04-28,10-Q,2022-03-31,-2244000,NetCashProvidedByUsedInOperatingActivities,USD,2023-04-28,10-Q,2022-03-31,through_ocf,True,,,-0.135684,-0.021311,3.620432,-0.009241,-0.050144
2023Q3,2023-08-03,APPN,1441683,APPIAN CORPORATION,$100M-$500M,,224329000,RevenueFromContractWithCustomerExcludingAssessedTax,USD,2023-08-03,10-Q,2022-06-30,-23154000,NetIncomeLoss,USD,2023-08-03,10-Q,2022-03-31,594214000,Assets,USD,2023-08-03,10-Q,2022-12-31,25030000,NetCashProvidedByUsedInFinancingActivities,USD,2023-08-03,10-Q,2022-06-30,574000,NetCashProvidedByUsedInInvestingActivities,USD,2023-08-03,10-Q,2022-06-30,-50261000,NetCashProvidedByUsedInOperatingActivities,USD,2023-08-03,10-Q,2022-06-30,through_ocf,True,,,-0.103214,-0.22405,2.648851,0.111577,0.002559
2023Q3,2023-08-03,APTV,1521332,Aptiv PLC,$2B-$10B,,8235000000,Revenues,USD,2023-08-03,10-Q,2022-06-30,44000000,NetIncomeLoss,USD,2023-08-03,10-Q,2022-06-30,21884000000,Assets,USD,2023-08-03,10-Q,2022-12-31,2394000000,NetCashProvidedByUsedInFinancingActivities,USD,2023-08-03,10-Q,2022-06-30,-705000000,NetCashProvidedByUsedInInvestingActivities,USD,2023-08-03,10-Q,2022-06-30,-107000000,NetCashProvidedByUsedInOperatingActivities,USD,2023-08-03,10-Q,2022-06-30,through_ocf,True,,,0.005343,-0.012993,2.657438,0.29071,-0.08561
2023Q3,2023-07-28,ARCB,894405,ARCBEST CORPORATION,$1B-$2B,,1268091000,RevenueFromContractWithCustomerExcludingAssessedTax,USD,2023-05-05,10-Q,2022-03-31,69569000,NetIncomeLoss,USD,2023-05-05,10-Q,2022-03-31,2494286000,Assets,USD,2023-05-05,10-Q,2022-12-31,6137000,NetCashProvidedByUsedInFinancingActivities,USD,2023-05-05,10-Q,2022-03-31,-7396000,NetCashProvidedByUsedInInvestingActivities,USD,2023-05-05,10-Q,2022-03-31,-11253000,NetCashProvidedByUsedInOperatingActivities,USD,2023-05-05,10-Q,2022-03-31,through_ocf,True,,,0.054861,-0.008874,1.966961,0.00484,-0.005832
2023Q3,2023-08-01,ARES,1176948,ARES MANAGEMENT CORPORATION,$500M-$1B,,553479000,Revenues,USD,2023-05-08,10-Q,2022-03-31,140898000,ProfitLoss,USD,2023-05-08,10-Q,2022-03-31,22002839000,Assets,USD,2023-05-08,10-Q,2022-12-31,93037000,NetCashProvidedByUsedInFinancingActivities,USD,2023-05-08,10-Q,2022-03-31,-310148000,NetCashProvidedByUsedInInvestingActivities,USD,2023-05-08,10-Q,2022-03-31,224150000,NetCashProvidedByUsedInOperatingActivities,USD,2023-05-08,10-Q,2022-03-31,through_ocf,True,,,0.254568,0.404984,39.753702,0.168095,-0.560361
2023Q3,2023-08-10,ARLO,1736946,"ARLO TECHNOLOGIES, INC.",$100M-$500M,,140997000,Revenues,USD,2018-08-27,10-Q,2017-07-02,-20036000,NetIncomeLoss,USD,2023-08-10,10-Q,2022-07-03,272201000,Assets,USD,2023-08-10,10-Q,2022-12-31,-10384000,NetCashProvidedByUsedInFinancingActivities,USD,2023-08-10,10-Q,2022-07-03,-50429000,NetCashProvidedByUsedInInvestingActivities,USD,2023-08-10,10-Q,2022-07-03,-29381000,NetCashProvidedByUsedInOperatingActivities,USD,2023-08-10,10-Q,2022-07-03,through_ocf,True,,,-0.142102,-0.20838,1.930545,-0.073647,-0.35766
2023Q3,2023-07-31,ARLP,1086600,ALLIANCE RESOURCE PARTNERS LP,$100M-$500M,,463422000,RevenueFromContractWithCustomerExcludingAssessedTax,USD,2023-05-09,10-Q,2022-03-31,38083000,NetIncomeLoss,USD,2023-05-09,10-Q,2022-03-31,2293463000,Assets,USD,2023-05-09,10-Q,2022-03-31,-39313000,NetCashProvidedByUsedInFinancingActivities,USD,2023-05-09,10-Q,2022-03-31,-45525000,NetCashProvidedByUsedInInvestingActivities,USD,2023-05-09,10-Q,2022-03-31,90626000,NetCashProvidedByUsedInOperatingActivities,USD,2023-05-09,10-Q,2022-03-31,through_ocf,True,,,0.082178,0.195558,4.948973,-0.084832,-0.098237
2023Q3,2023-08-08,ARRY,1820721,"ARRAY TECHNOLOGIES, INC.",$500M-$1B,,720451000,RevenueFromContractWithCustomerExcludingAssessedTax,USD,2023-08-08,10-Q,2022-06-30,-30961000,NetIncomeLoss,USD,2023-08-08,10-Q,2022-06-30,1706052000,Assets,USD,2023-08-08,10-Q,2022-12-31,122697000,NetCashProvidedByUsedInFinancingActivities,USD,2023-08-08,10-Q,2022-06-30,-377713000,NetCashProvidedByUsedInInvestingActivities,USD,2023-08-08,10-Q,2022-06-30,-60764000,NetCashProvidedByUsedInOperatingActivities,USD,2023-08-08,10-Q,2022-06-30,through_ocf,True,,,-0.042974,-0.084342,2.368033,0.170306,-0.524273
2023Q3,2023-08-07,ARWR,879407,"ARROWHEAD PHARMACEUTICALS, INC.",$100M-$500M,,211656000,RevenueFromContractWithCustomerExcludingAssessedTax,USD,2023-08-07,10-Q,2022-06-30,-62872000,NetIncomeLoss,USD,2023-08-07,10-Q,2021-12-31,691939000,Assets,USD,2023-08-07,10-Q,2022-09-30,64331000,NetCashProvidedByUsedInFinancingActivities,USD,2023-08-07,10-Q,2022-06-30,-41862000,NetCashProvidedByUsedInInvestingActivities,USD,2023-08-07,10-Q,2022-06-30,-67394000,NetCashProvidedByUsedInOperatingActivities,USD,2023-08-07,10-Q,2022-06-30,through_ocf,True,,,-0.297048,-0.318413,3.269168,0.303941,-0.197783
2023Q3,2023-09-05,ASAN,1477720,"Asana, Inc.",$100M-$500M,,255542000,RevenueFromContractWithCustomerExcludingAssessedTax,USD,2023-09-05,10-Q,2022-07-31,-211837000,NetIncomeLoss,USD,2023-09-05,10-Q,2022-07-31,954963000,Assets,USD,2023-09-05,10-Q,2023-01-31,11134000,NetCashProvidedByUsedInFinancingActivities,USD,2023-09-05,10-Q,2022-07-31,-18081000,NetCashProvidedByUsedInInvestingActivities,USD,2023-09-05,10-Q,2022-07-31,-82781000,NetCashProvidedByUsedInOperatingActivities,USD,2023-09-05,10-Q,2022-07-31,through_ocf,True,,,-0.828971,-0.323943,3.73701,0.04357,-0.070755
2023Q3,2023-07-20,ASB,7789,ASSOCIATED BANC-CORP,$100M-$500M,,262214000,Revenues,USD,2023-04-27,10-Q,2022-03-31,74262000,NetIncomeLoss,USD,2023-04-27,10-Q,2022-03-31,39405727000,Assets,USD,2023-04-27,10-Q,2022-12-31,-130521000,NetCashProvidedByUsedInFinancingActivities,USD,2023-04-27,10-Q,2022-03-31,-640045000,NetCashProvidedByUsedInInvestingActivities,USD,2023-04-27,10-Q,2022-03-31,246119000,NetCashProvidedByUsedInOperatingActivities,USD,2023-04-27,10-Q,2022-03-31,through_ocf,True,,,0.283211,0.938619,150.28079,-0.497765,-2.440926
2023Q3,2023-07-26,ASGN,890564,ASGN Inc,$1B-$2B,,1091000000,Revenues,USD,2023-05-04,10-Q,2022-03-31,66800000,NetIncomeLoss,USD,2023-05-04,10-Q,2022-03-31,3585700000,Assets,USD,2023-05-04,10-Q,2022-12-31,-83400000,NetCashProvidedByUsedInFinancingActivities,USD,2023-05-04,10-Q,2022-03-31,200000,NetCashProvidedByUsedInInvestingActivities,USD,2023-05-04,10-Q,2022-03-31,56000000,NetCashProvidedByUsedInOperatingActivities,USD,2023-05-04,10-Q,2022-03-31,through_ocf,True,,,0.061228,0.051329,3.286618,-0.076444,0.000183
2023Q3,2023-08-04,ASIX,1673985,AdvanSix Inc.,$1B-$2B,,1297393000,RevenueFromContractWithCustomerExcludingAssessedTax,USD,2022-02-18,10-K,2019-12-31,63073000,NetIncomeLoss,USD,2023-08-04,10-Q,2022-03-31,1495331000,Assets,USD,2023-08-04,10-Q,2022-12-31,-5400000,NetCashProvidedByUsedInFinancingActivities,USD,2023-08-04,10-Q,2022-06-30,-137456000,NetCashProvidedByUsedInInvestingActivities,USD,2023-08-04,10-Q,2022-06-30,145053000,NetCashProvidedByUsedInOperatingActivities,USD,2023-08-04,10-Q,2022-06-30,through_ocf,True,,,0.048615,0.111803,1.152566,-0.004162,-0.105948
2023Q3,2023-08-31,ASO,1817358,"Academy Sports and Outdoors, Inc.",$2B-$10B,,3154645000,RevenueFromContractWithCustomerExcludingAssessedTax,USD,2023-08-31,10-Q,2022-07-30,149806000,NetIncomeLoss,USD,2023-08-31,10-Q,2022-04-30,4653969000,Assets,USD,2023-08-31,10-Q,2022-07-30,-296413000,NetCashProvidedByUsedInFinancingActivities,USD,2023-08-31,10-Q,2022-07-30,-48134000,NetCashProvidedByUsedInInvestingActivities,USD,2023-08-31,10-Q,2022-07-30,258406000,NetCashProvidedByUsedInOperatingActivities,USD,2023-08-31,10-Q,2022-07-30,through_ocf,True,,,0.047487,0.081913,1.475275,-0.093961,-0.015258
2023Q3,2023-08-07,ASTH,1083446,"ASTRANA HEALTH, INC.",$100M-$500M,,263258000,RevenueFromContractWithCustomerExcludingAssessedTax,USD,2023-05-10,10-Q,2022-03-31,14264000,NetIncomeLoss,USD,2023-05-10,10-Q,2022-03-31,963905000,Assets,USD,2023-05-10,10-Q,2022-12-31,532000,NetCashProvidedByUsedInFinancingActivities,USD,2023-05-10,10-Q,2022-03-31,-19725000,NetCashProvidedByUsedInInvestingActivities,USD,2023-05-10,10-Q,2022-03-31,24038000,NetCashProvidedByUsedInOperatingActivities,USD,2023-05-10,10-Q,2022-03-31,through_ocf,True,,,0.054183,0.09131,3.661446,0.002021,-0.074926
2023Q3,2023-08-08,ATKR,1666138,Atkore Inc.,$2B-$10B,,2884963000,RevenueFromContractWithCustomerExcludingAssessedTax,USD,2023-08-08,10-Q,2022-06-24,204843000,NetIncomeLoss,USD,2023-08-08,10-Q,2021-12-24,2598996000,Assets,USD,2023-08-08,10-Q,2022-09-30,-421241000,NetCashProvidedByUsedInFinancingActivities,USD,2023-08-08,10-Q,2022-06-24,-336693000,NetCashProvidedByUsedInInvestingActivities,USD,2023-08-08,10-Q,2022-06-24,371776000,NetCashProvidedByUsedInOperatingActivities,USD,2023-08-08,10-Q,2022-06-24,through_ocf,True,,,0.071004,0.128867,0.900877,-0.146013,-0.116706
2023Q3,2023-08-08,ATMU,0001921963,Atmus Filtration Technologies Inc.,,,,,,,,,,,,,,,,,,,,,,,,,,,,,,,,,,,,,,,through_ocf,False,,revenue;net_income;assets;financing_cash_flow;investing_cash_flow;operating_cash_flow,,,,,
2023Q3,2023-07-27,ATNI,879585,"ATN INTERNATIONAL, INC.",$100M-$500M,,172019000,Revenues,USD,2023-05-10,10-Q,2022-03-31,-1957000,ProfitLoss,USD,2023-05-10,10-Q,2022-03-31,1707869000,Assets,USD,2023-05-10,10-Q,2022-12-31,19228000,NetCashProvidedByUsedInFinancingActivities,USD,2023-05-10,10-Q,2022-03-31,-34468000,NetCashProvidedByUsedInInvestingActivities,USD,2023-05-10,10-Q,2022-03-31,11388000,NetCashProvidedByUsedInOperatingActivities,USD,2023-05-10,10-Q,2022-03-31,through_ocf,True,,,-0.011377,0.066202,9.928374,0.111778,-0.200373
2023Q3,2023-08-02,ATO,731802,ATMOS ENERGY CORP,$2B-$10B,,3479034000,Revenues,USD,2023-08-02,10-Q,2022-06-30,249209000,NetIncomeLoss,USD,2023-08-02,10-Q,2021-12-31,22192989000,Assets,USD,2023-08-02,10-Q,2022-09-30,996605000,NetCashProvidedByUsedInFinancingActivities,USD,2023-08-02,10-Q,2022-06-30,-1714569000,NetCashProvidedByUsedInInvestingActivities,USD,2023-08-02,10-Q,2022-06-30,929316000,NetCashProvidedByUsedInOperatingActivities,USD,2023-08-02,10-Q,2022-06-30,through_ocf,True,,,0.071632,0.267119,6.379066,0.28646,-0.492829
2023Q3,2023-07-17,ATRO,8063,Astronics Corporation,$100M-$500M,,116176000,RevenueFromContractWithCustomerExcludingAssessedTax,USD,2023-05-10,10-Q,2022-04-02,-3101000,NetIncomeLoss,USD,2023-05-10,10-Q,2022-04-02,615031000,Assets,USD,2023-05-10,10-Q,2022-12-31,-26686000,NetCashProvidedByUsedInFinancingActivities,USD,2023-05-10,10-Q,2022-04-02,20801000,NetCashProvidedByUsedInInvestingActivities,USD,2023-05-10,10-Q,2022-04-02,316000,NetCashProvidedByUsedInOperatingActivities,USD,2023-05-10,10-Q,2022-04-02,through_ocf,True,,,-0.026692,0.00272,5.293959,-0.229703,0.179047
2023Q3,2023-08-02,AVA,104918,AVISTA CORP,$500M-$1B,,840612000,Revenues,USD,2023-08-02,10-Q,2022-06-30,83018000,NetIncomeLoss,USD,2023-08-02,10-Q,2022-06-30,7417350000,Assets,USD,2023-08-02,10-Q,2022-12-31,12929000,NetCashProvidedByUsedInFinancingActivities,USD,2023-08-02,10-Q,2022-06-30,-219419000,NetCashProvidedByUsedInInvestingActivities,USD,2023-08-02,10-Q,2022-06-30,205941000,NetCashProvidedByUsedInOperatingActivities,USD,2023-08-02,10-Q,2022-06-30,through_ocf,True,,,0.098759,0.244989,8.82375,0.01538,-0.261023
2023Q3,2023-09-05,AVAV,1368622,"AEROVIRONMENT, INC.",$100M-$500M,,232073000,Revenues,USD,2021-03-10,10-Q,2020-01-25,23345000,ProfitLoss,USD,2023-06-28,10-K,2021-04-30,914200000,Assets,USD,2023-06-28,10-K,2022-04-30,194160000,NetCashProvidedByUsedInFinancingActivities,USD,2023-06-28,10-K,2021-04-30,-378771000,NetCashProvidedByUsedInInvestingActivities,USD,2023-06-28,10-K,2021-04-30,86532000,NetCashProvidedByUsedInOperatingActivities,USD,2023-06-28,10-K,2021-04-30,through_ocf,True,,,0.100593,0.372865,3.939278,0.836633,-1.63212
2023Q3,2023-08-01,AVB,915912,"AVALONBAY COMMUNITIES, INC.",$500M-$1B,,613927000,Revenues,USD,2023-05-05,10-Q,2022-03-31,262076000,ProfitLoss,USD,2023-05-05,10-Q,2022-03-31,20457764000,Assets,USD,2023-05-05,10-Q,2022-12-31,-339857000,NetCashProvidedByUsedInFinancingActivities,USD,2023-05-05,10-Q,2022-03-31,-90200000,NetCashProvidedByUsedInInvestingActivities,USD,2023-05-05,10-Q,2022-03-31,343680000,NetCashProvidedByUsedInOperatingActivities,USD,2023-05-05,10-Q,2022-03-31,through_ocf,True,,,0.426885,0.559806,33.322796,-0.553579,-0.146923
2023Q3,2023-08-09,AVD,5981,AMERICAN VANGUARD CORPORATION,$100M-$500M,,297797000,RevenueFromContractWithCustomerExcludingAssessedTax,USD,2023-08-09,10-Q,2022-06-30,16765000,NetIncomeLoss,USD,2023-08-09,10-Q,2022-06-30,726313000,Assets,USD,2023-08-09,10-Q,2022-12-31,40027000,NetCashProvidedByUsedInFinancingActivities,USD,2023-08-09,10-Q,2022-06-30,-6671000,NetCashProvidedByUsedInInvestingActivities,USD,2023-08-09,10-Q,2022-06-30,-27230000,NetCashProvidedByUsedInOperatingActivities,USD,2023-08-09,10-Q,2022-06-30,through_ocf,True,,,0.056297,-0.091438,2.438953,0.13441,-0.022401
2023Q3,2023-08-09,AVNS,1606498,"AVANOS MEDICAL, INC.",$100M-$500M,,330200000,RevenueFromContractWithCustomerExcludingAssessedTax,USD,2023-08-09,10-Q,2022-06-30,17900000,NetIncomeLoss,USD,2023-08-09,10-Q,2022-06-30,1786900000,Assets,USD,2023-08-09,10-Q,2022-12-31,88800000,NetCashProvidedByUsedInFinancingActivities,USD,2023-08-09,10-Q,2022-06-30,-125800000,NetCashProvidedByUsedInInvestingActivities,USD,2023-08-09,10-Q,2022-06-30,28800000,NetCashProvidedByUsedInOperatingActivities,USD,2023-08-09,10-Q,2022-06-30,through_ocf,True,,,0.05421,0.08722,5.411569,0.268928,-0.380981
2023Q3,2023-07-27,AVNT,1122976,Avient Corporation,$1B-$2B,,1783200000,RevenueFromContractWithCustomerExcludingAssessedTax,USD,2023-07-27,10-Q,2022-06-30,168900000,NetIncomeLoss,USD,2023-07-27,10-Q,2022-06-30,6085000000,Assets,USD,2023-07-27,10-Q,2022-12-31,-88400000,NetCashProvidedByUsedInFinancingActivities,USD,2023-07-27,10-Q,2022-06-30,41100000,NetCashProvidedByUsedInInvestingActivities,USD,2023-07-27,10-Q,2022-06-30,106700000,NetCashProvidedByUsedInOperatingActivities,USD,2023-07-27,10-Q,2022-06-30,through_ocf,True,,,0.094717,0.059836,3.412405,-0.049574,0.023048
2023Q3,2023-08-23,AVNW,1377789,"AVIAT NETWORKS, INC.",$100M-$500M,,243858000,RevenueFromContractWithCustomerExcludingAssessedTax,USD,2021-08-25,10-K,2019-06-28,16627000,NetIncomeLoss,USD,2023-05-03,10-Q,2022-04-01,323904000,Assets,USD,2023-05-03,10-Q,2022-07-01,-4038000,NetCashProvidedByUsedInFinancingActivities,USD,2023-05-03,10-Q,2022-04-01,-1236000,NetCashProvidedByUsedInInvestingActivities,USD,2023-05-03,10-Q,2022-04-01,-10788000,NetCashProvidedByUsedInOperatingActivities,USD,2023-05-03,10-Q,2022-04-01,through_ocf,True,,,0.068183,-0.044239,1.328248,-0.016559,-0.005069
2023Q3,2023-07-25,AVY,8818,AVERY DENNISON CORPORATION,$2B-$10B,,2349300000,RevenueFromContractWithCustomerExcludingAssessedTax,USD,2023-05-02,10-Q,2022-04-02,198200000,NetIncomeLoss,USD,2023-05-02,10-Q,2022-04-02,7950500000,Assets,USD,2023-05-02,10-Q,2022-12-31,-55100000,NetCashProvidedByUsedInFinancingActivities,USD,2023-05-02,10-Q,2022-04-02,-86600000,NetCashProvidedByUsedInInvestingActivities,USD,2023-05-02,10-Q,2022-04-02,126200000,NetCashProvidedByUsedInOperatingActivities,USD,2023-05-02,10-Q,2022-04-02,through_ocf,True,,,0.084366,0.053718,3.3842,-0.023454,-0.036862
2023Q3,2023-07-26,AWK,1410636,"American Water Works Company, Inc.",$2B-$10B,,3743000000,RevenueFromContractWithCustomerExcludingAssessedTax,USD,2023-02-15,10-K,2020-12-31,158000000,NetIncomeLoss,USD,2023-07-26,10-Q,2022-03-31,26574000000,Assets,USD,2023-07-26,10-Q,2022-06-30,441000000,NetCashProvidedByUsedInFinancingActivities,USD,2023-07-26,10-Q,2022-06-30,-676000000,NetCashProvidedByUsedInInvestingActivities,USD,2023-07-26,10-Q,2022-06-30,196000000,NetCashProvidedByUsedInOperatingActivities,USD,2023-07-26,10-Q,2022-06-30,through_ocf,True,,,0.042212,0.052364,7.099653,0.11782,-0.180604
2023Q3,2023-08-07,AWR,1056903,AMERICAN STATES WATER COMPANY,$100M-$500M,,231177000,Revenues,USD,2023-08-07,10-Q,2022-06-30,14162000,NetIncomeLoss,USD,2023-08-07,10-Q,2022-03-31,1949646000,Assets,USD,2023-08-07,10-Q,2022-06-30,25373000,NetCashProvidedByUsedInFinancingActivities,USD,2023-08-07,10-Q,2022-06-30,-76416000,NetCashProvidedByUsedInInvestingActivities,USD,2023-08-07,10-Q,2022-06-30,56905000,NetCashProvidedByUsedInOperatingActivities,USD,2023-08-07,10-Q,2022-06-30,through_ocf,True,,,0.06126,0.246153,8.433564,0.109756,-0.330552
2023Q3,2023-08-08,AXON,1069183,"Axon Enterprise, Inc.",$500M-$1B,,542039000,RevenueFromContractWithCustomerExcludingAssessedTax,USD,2023-08-08,10-Q,2022-06-30,54871000,NetIncomeLoss,USD,2023-08-08,10-Q,2022-03-31,2851894000,Assets,USD,2023-08-08,10-Q,2022-12-31,-2393000,NetCashProvidedByUsedInFinancingActivities,USD,2023-08-08,10-Q,2022-06-30,-198786000,NetCashProvidedByUsedInInvestingActivities,USD,2023-08-08,10-Q,2022-06-30,63340000,NetCashProvidedByUsedInOperatingActivities,USD,2023-08-08,10-Q,2022-06-30,through_ocf,True,,,0.101231,0.116855,5.261418,-0.004415,-0.366737
2023Q3,2023-07-21,AXP,4962,AMERICAN EXPRESS CO,$2B-$10B,,7640000000,RevenueFromContractWithCustomerExcludingAssessedTax,USD,2023-04-21,10-Q,2022-03-31,2099000000,NetIncomeLoss,USD,2023-04-21,10-Q,2022-03-31,196000000000,Assets,USD,2023-04-21,10-Q,2022-03-31,4533000000,NetCashProvidedByUsedInFinancingActivities,USD,2023-04-21,10-Q,2022-03-31,-2777000000,NetCashProvidedByUsedInInvestingActivities,USD,2023-04-21,10-Q,2022-03-31,3880000000,NetCashProvidedByUsedInOperatingActivities,USD,2023-04-21,10-Q,2022-03-31,through_ocf,True,,,0.274738,0.507853,25.65445,0.593325,-0.363482
2023Q3,2023-07-07,AZZ,8947,AZZ Inc.,$100M-$500M,,207134000,RevenueFromContractWithCustomerExcludingAssessedTax,USD,2023-07-07,10-Q,2022-05-31,24077000,NetIncomeLoss,USD,2023-07-07,10-Q,2022-05-31,2221479000,Assets,USD,2023-07-07,10-Q,2023-02-28,-5610000,NetCashProvidedByUsedInFinancingActivities,USD,2022-07-11,10-Q,2021-05-31,-7466000,NetCashProvidedByUsedInInvestingActivities,USD,2022-07-11,10-Q,2021-05-31,11060000,NetCashProvidedByUsedInOperatingActivities,USD,2022-07-11,10-Q,2021-05-31,through_ocf,True,,,0.116239,0.053395,10.72484,-0.027084,-0.036044
2023Q3,2023-08-03,BALL,9389,Ball Corporation,$2B-$10B,,5328000000,RevenueFromContractWithCustomerExcludingAssessedTax,USD,2018-08-03,10-Q,2017-06-30,282000000,ProfitLoss,USD,2023-08-03,10-Q,2022-06-30,19909000000,Assets,USD,2023-08-03,10-Q,2022-12-31,834000000,NetCashProvidedByUsedInFinancingActivities,USD,2023-08-03,10-Q,2022-06-30,-496000000,NetCashProvidedByUsedInInvestingActivities,USD,2023-08-03,10-Q,2022-06-30,-398000000,NetCashProvidedByUsedInOperatingActivities,USD,2023-08-03,10-Q,2022-06-30,through_ocf,True,,,0.052928,-0.0747,3.736674,0.156532,-0.093093
2023Q3,2023-07-25,BANC,1169770,"BANC OF CALIFORNIA, INC.",<$100M,,3972000,RevenueFromContractWithCustomerExcludingAssessedTax,USD,2022-03-01,10-K,2019-12-31,48512000,NetIncomeLoss,USD,2023-05-08,10-Q,2022-03-31,9197016000,Assets,USD,2023-05-08,10-Q,2022-12-31,175826000,NetCashProvidedByUsedInFinancingActivities,USD,2023-05-08,10-Q,2022-03-31,-154973000,NetCashProvidedByUsedInInvestingActivities,USD,2023-05-08,10-Q,2022-03-31,5265000,NetCashProvidedByUsedInOperatingActivities,USD,2023-05-08,10-Q,2022-03-31,through_ocf,True,,,12.213494,1.325529,2315.462236,44.266365,-39.016365
2023Q3,2023-08-08,BARK,1819574,"BARK, Inc.",$100M-$500M,,131150000,RevenueFromContractWithCustomerExcludingAssessedTax,USD,2023-08-08,10-Q,2022-06-30,-15408000,NetIncomeLoss,USD,2023-08-08,10-Q,2022-06-30,400420000,Assets,USD,2023-08-08,10-Q,2023-03-31,1000,NetCashProvidedByUsedInFinancingActivities,USD,2023-08-08,10-Q,2022-06-30,-4735000,NetCashProvidedByUsedInInvestingActivities,USD,2023-08-08,10-Q,2022-06-30,-17425000,NetCashProvidedByUsedInOperatingActivities,USD,2023-08-08,10-Q,2022-06-30,through_ocf,True,,,-0.117484,-0.132863,3.053145,8e-06,-0.036104
2023Q3,2023-07-27,BAX,10456,BAXTER INTERNATIONAL INC,$2B-$10B,,7152000000,RevenueFromContractWithCustomerExcludingAssessedTax,USD,2023-07-27,10-Q,2022-06-30,323000000,NetIncomeLoss,USD,2023-07-27,10-Q,2022-06-30,28287000000,Assets,USD,2023-07-27,10-Q,2022-12-31,-1017000000,NetCashProvidedByUsedInFinancingActivities,USD,2023-07-27,10-Q,2022-06-30,-491000000,NetCashProvidedByUsedInInvestingActivities,USD,2023-07-27,10-Q,2022-06-30,482000000,NetCashProvidedByUsedInOperatingActivities,USD,2023-07-27,10-Q,2022-06-30,through_ocf,True,,,0.045162,0.067394,3.955117,-0.142198,-0.068652
2023Q3,2023-07-27,BBBY,1130713,"Bed Bath & Beyond, Inc.",$500M-$1B,,536037000,RevenueFromContractWithCustomerExcludingAssessedTax,USD,2023-05-02,10-Q,2022-03-31,10123000,ProfitLoss,USD,2023-05-02,10-Q,2022-03-31,878546000,Assets,USD,2023-05-02,10-Q,2022-12-31,-29286000,NetCashProvidedByUsedInFinancingActivities,USD,2023-05-02,10-Q,2022-03-31,-13795000,NetCashProvidedByUsedInInvestingActivities,USD,2023-05-02,10-Q,2022-03-31,33193000,NetCashProvidedByUsedInOperatingActivities,USD,2023-05-02,10-Q,2022-03-31,through_ocf,True,,,0.018885,0.061923,1.638965,-0.054634,-0.025735
2023Q3,2023-08-02,BBSI,902791,"BARRETT BUSINESS SERVICES, INC.",$100M-$500M,,209997000,Revenues,USD,2018-05-08,10-Q,2017-03-31,288000,NetIncomeLoss,USD,2023-05-04,10-Q,2022-03-31,686938000,Assets,USD,2023-05-04,10-Q,2022-12-31,-14088000,NetCashProvidedByUsedInFinancingActivities,USD,2023-05-04,10-Q,2022-03-31,20505000,NetCashProvidedByUsedInInvestingActivities,USD,2023-05-04,10-Q,2022-03-31,-30209000,NetCashProvidedByUsedInOperatingActivities,USD,2023-05-04,10-Q,2022-03-31,through_ocf,True,,,0.001371,-0.143854,3.27118,-0.067087,0.097644
2023Q3,2023-07-20,BBT,1108134,BEACON FINANCIAL CORPORATION,<$100M,,89744000,Revenues,USD,2023-05-10,10-Q,2022-03-31,20196000,NetIncomeLoss,USD,2023-05-10,10-Q,2022-03-31,11662864000,Assets,USD,2023-05-10,10-Q,2022-12-31,638168000,NetCashProvidedByUsedInFinancingActivities,USD,2023-05-10,10-Q,2022-03-31,-672075000,NetCashProvidedByUsedInInvestingActivities,USD,2023-05-10,10-Q,2022-03-31,13351000,NetCashProvidedByUsedInOperatingActivities,USD,2023-05-10,10-Q,2022-03-31,through_ocf,True,,,0.22504,0.148768,129.957033,7.110982,-7.488801
2023Q3,2023-08-29,BBY,764478,"BEST BUY CO., INC.",>$10B,,10647000000,Revenues,USD,2023-06-02,10-Q,2022-04-30,341000000,NetIncomeLoss,USD,2023-06-02,10-Q,2022-04-30,15251000000,Assets,USD,2023-06-02,10-Q,2022-04-30,-650000000,NetCashProvidedByUsedInFinancingActivities,USD,2023-06-02,10-Q,2022-04-30,-213000000,NetCashProvidedByUsedInInvestingActivities,USD,2023-06-02,10-Q,2022-04-30,-1384000000,NetCashProvidedByUsedInOperatingActivities,USD,2023-06-02,10-Q,2022-04-30,through_ocf,True,,,0.032028,-0.12999,1.432422,-0.06105,-0.020006
2023Q3,2023-07-31,BCC,1328581,Boise Cascade Company,$2B-$10B,,4604354000,RevenueFromContractWithCustomerExcludingAssessedTax,USD,2023-07-31,10-Q,2022-06-30,520711000,ProfitLoss,USD,2023-07-31,10-Q,2022-06-30,3240514000,Assets,USD,2023-07-31,10-Q,2022-12-31,-114032000,NetCashProvidedByUsedInFinancingActivities,USD,2023-07-31,10-Q,2022-06-30,-37944000,NetCashProvidedByUsedInInvestingActivities,USD,2023-07-31,10-Q,2022-06-30,436056000,NetCashProvidedByUsedInOperatingActivities,USD,2023-07-31,10-Q,2022-06-30,through_ocf,True,,,0.113091,0.094705,0.703793,-0.024766,-0.008241
2023Q3,2023-08-09,BCO,78890,THE BRINK’S COMPANY,$2B-$10B,,2207900000,RevenueFromContractWithCustomerExcludingAssessedTax,USD,2023-08-09,10-Q,2022-06-30,106400000,NetIncomeLoss,USD,2023-08-09,10-Q,2022-06-30,6366000000,Assets,USD,2023-08-09,10-Q,2022-12-31,136500000,NetCashProvidedByUsedInFinancingActivities,USD,2023-08-09,10-Q,2022-06-30,-102500000,NetCashProvidedByUsedInInvestingActivities,USD,2023-08-09,10-Q,2022-06-30,41100000,NetCashProvidedByUsedInOperatingActivities,USD,2023-08-09,10-Q,2022-06-30,through_ocf,True,,,0.048191,0.018615,2.883283,0.061823,-0.046424
2023Q3,2023-07-28,BCPC,9326,Balchem Corporation,$100M-$500M,,465560000,RevenueFromContractWithCustomerExcludingAssessedTax,USD,2023-07-28,10-Q,2022-06-30,28930000,NetIncomeLoss,USD,2023-07-28,10-Q,2022-03-31,1624512000,Assets,USD,2023-07-28,10-Q,2022-12-31,239694000,NetCashProvidedByUsedInFinancingActivities,USD,2023-07-28,10-Q,2022-06-30,-316412000,NetCashProvidedByUsedInInvestingActivities,USD,2023-07-28,10-Q,2022-06-30,55261000,NetCashProvidedByUsedInOperatingActivities,USD,2023-07-28,10-Q,2022-06-30,through_ocf,True,,,0.06214,0.118698,3.489372,0.514851,-0.679637
2023Q3,2023-08-03,BDC,913142,BELDEN INC.,$1B-$2B,,1276922000,Revenues,USD,2023-08-03,10-Q,2022-07-03,94402000,NetIncomeLoss,USD,2023-08-03,10-Q,2022-07-03,3161675000,Assets,USD,2023-08-03,10-Q,2022-12-31,-303251000,NetCashProvidedByUsedInFinancingActivities,USD,2023-08-03,10-Q,2022-07-03,204977000,NetCashProvidedByUsedInInvestingActivities,USD,2023-08-03,10-Q,2022-07-03,-8581000,NetCashProvidedByUsedInOperatingActivities,USD,2023-08-03,10-Q,2022-07-03,through_ocf,True,,,0.073929,-0.00672,2.476013,-0.237486,0.160524
2023Q3,2023-07-26,BDN,790816,Brandywine Realty Trust,$100M-$500M,,127505000,Revenues,USD,2023-05-01,10-Q,2022-03-31,6093000,NetIncomeLoss,USD,2023-05-01,10-Q,2022-03-31,3874505000,Assets,USD,2023-05-01,10-Q,2022-12-31,94130000,NetCashProvidedByUsedInFinancingActivities,USD,2023-05-01,10-Q,2022-03-31,-110787000,NetCashProvidedByUsedInInvestingActivities,USD,2023-05-01,10-Q,2022-03-31,28515000,NetCashProvidedByUsedInOperatingActivities,USD,2023-05-01,10-Q,2022-03-31,through_ocf,True,,,0.047786,0.223638,30.387083,0.738246,-0.868884
2023Q3,2023-08-03,BDX,10795,"BECTON, DICKINSON AND COMPANY",>$10B,,14109000000,Revenues,USD,2023-08-03,10-Q,2022-06-30,1491000000,NetIncomeLoss,USD,2023-08-03,10-Q,2022-06-30,52934000000,Assets,USD,2023-08-03,10-Q,2022-09-30,-327000000,NetCashProvidedByUsedInFinancingActivities,USD,2023-02-02,10-Q,2021-12-31,-863000000,NetCashProvidedByUsedInInvestingActivities,USD,2022-05-05,10-Q,2021-03-31,2721000000,NetCashProvidedByUsedInOperatingActivities,USD,2022-05-05,10-Q,2021-03-31,through_ocf,True,,,0.105677,0.192856,3.75179,-0.023177,-0.061167
2023Q3,2023-08-03,BE,1664703,BLOOM ENERGY CORPORATION,$100M-$500M,,444275000,Revenues,USD,2023-08-03,10-Q,2022-06-30,-203912000,ProfitLoss,USD,2023-08-03,10-Q,2022-06-30,1946627000,Assets,USD,2023-08-03,10-Q,2022-12-31,-56946000,NetCashProvidedByUsedInFinancingActivities,USD,2023-08-03,10-Q,2022-06-30,-44728000,NetCashProvidedByUsedInInvestingActivities,USD,2023-08-03,10-Q,2022-06-30,-98514000,NetCashProvidedByUsedInOperatingActivities,USD,2023-08-03,10-Q,2022-06-30,through_ocf,True,,,-0.458977,-0.221741,4.381581,-0.128177,-0.100676
2023Q3,2023-07-28,BEN,38777,"FRANKLIN RESOURCES, INC.",$2B-$10B,,6336300000,RevenueFromContractWithCustomerExcludingAssessedTax,USD,2023-07-28,10-Q,2022-06-30,1059200000,NetIncomeLoss,USD,2023-07-28,10-Q,2022-06-30,28060600000,Assets,USD,2023-07-28,10-Q,2022-09-30,1489200000,NetCashProvidedByUsedInFinancingActivities,USD,2023-07-28,10-Q,2022-06-30,-2679900000,NetCashProvidedByUsedInInvestingActivities,USD,2023-07-28,10-Q,2022-06-30,1090300000,NetCashProvidedByUsedInOperatingActivities,USD,2023-07-28,10-Q,2022-06-30,through_ocf,True,,,0.167164,0.172072,4.428547,0.235027,-0.422944
2023Q3,2023-08-30,BF-B,14693,Brown-Forman Corporation,$1B-$2B,,1007000000,RevenueFromContractWithCustomerExcludingAssessedTax,USD,2023-08-30,10-Q,2022-07-31,249000000,NetIncomeLoss,USD,2023-08-30,10-Q,2022-07-31,7777000000,Assets,USD,2023-08-30,10-Q,2023-04-30,-94000000,NetCashProvidedByUsedInFinancingActivities,USD,2023-08-30,10-Q,2022-07-31,-34000000,NetCashProvidedByUsedInInvestingActivities,USD,2023-08-30,10-Q,2022-07-31,173000000,NetCashProvidedByUsedInOperatingActivities,USD,2023-08-30,10-Q,2022-07-31,through_ocf,True,,,0.247269,0.171797,7.722939,-0.093347,-0.033764
2023Q3,2023-07-27,BFH,1101215,"Bread Financial Holdings, Inc.",$2B-$10B,,3411500000,Revenues,USD,2021-11-03,10-Q,2020-09-30,210000000,NetIncomeLoss,USD,2023-05-02,10-Q,2022-03-31,25407000000,Assets,USD,2023-05-02,10-Q,2022-12-31,-1096000000,NetCashProvidedByUsedInFinancingActivities,USD,2023-05-02,10-Q,2022-03-31,310000000,NetCashProvidedByUsedInInvestingActivities,USD,2023-05-02,10-Q,2022-03-31,497000000,NetCashProvidedByUsedInOperatingActivities,USD,2023-05-02,10-Q,2022-03-31,through_ocf,True,,,0.061557,0.145684,7.447457,-0.321266,0.090869
2023Q3,2023-08-03,BGS,1278027,"B&G FOODS, INC.",$1B-$2B,,1011372000,RevenueFromContractWithCustomerExcludingAssessedTax,USD,2023-08-03,10-Q,2022-07-02,23656000,NetIncomeLoss,USD,2023-08-03,10-Q,2022-04-02,3841609000,Assets,USD,2023-08-03,10-Q,2022-12-31,18464000,NetCashProvidedByUsedInFinancingActivities,USD,2023-08-03,10-Q,2022-07-02,-30061000,NetCashProvidedByUsedInInvestingActivities,USD,2023-08-03,10-Q,2022-07-02,21127000,NetCashProvidedByUsedInOperatingActivities,USD,2023-08-03,10-Q,2022-07-02,through_ocf,True,,,0.02339,0.020889,3.798413,0.018256,-0.029723
2023Q3,2023-07-31,BHE,863436,"BENCHMARK ELECTRONICS, INC.",$500M-$1B,,636083000,Revenues,USD,2023-05-05,10-Q,2022-03-31,10960000,NetIncomeLoss,USD,2023-05-05,10-Q,2022-03-31,2227331000,Assets,USD,2023-05-05,10-Q,2022-12-31,-59134000,NetCashProvidedByUsedInFinancingActivities,USD,2023-05-05,10-Q,2022-03-31,-16645000,NetCashProvidedByUsedInInvestingActivities,USD,2023-05-05,10-Q,2022-03-31,-68025000,NetCashProvidedByUsedInOperatingActivities,USD,2023-05-05,10-Q,2022-03-31,through_ocf,True,,,0.01723,-0.106944,3.501636,-0.092966,-0.026168
2023Q3,2023-08-08,BHF,1685040,"Brighthouse Financial, Inc.",$2B-$10B,,4976000000,Revenues,USD,2023-05-09,10-Q,2021-12-31,1585000000,NetIncomeLoss,USD,2023-05-09,10-Q,2022-03-31,262257000000,Assets,USD,2023-05-09,10-Q,2021-12-31,2345000000,NetCashProvidedByUsedInFinancingActivities,USD,2023-05-09,10-Q,2022-03-31,-2519000000,NetCashProvidedByUsedInInvestingActivities,USD,2023-05-09,10-Q,2022-03-31,-199000000,NetCashProvidedByUsedInOperatingActivities,USD,2023-05-09,10-Q,2022-03-31,through_ocf,True,,,0.318529,-0.039992,52.704381,0.471262,-0.50623
2023Q3,2023-08-08,BHFAL,1685040,"Brighthouse Financial, Inc.",$2B-$10B,,4976000000,Revenues,USD,2023-05-09,10-Q,2021-12-31,1585000000,NetIncomeLoss,USD,2023-05-09,10-Q,2022-03-31,262257000000,Assets,USD,2023-05-09,10-Q,2021-12-31,2345000000,NetCashProvidedByUsedInFinancingActivities,USD,2023-05-09,10-Q,2022-03-31,-2519000000,NetCashProvidedByUsedInInvestingActivities,USD,2023-05-09,10-Q,2022-03-31,-199000000,NetCashProvidedByUsedInOperatingActivities,USD,2023-05-09,10-Q,2022-03-31,through_ocf,True,,,0.318529,-0.039992,52.704381,0.471262,-0.50623
2023Q3,2023-08-08,BHFAM,1685040,"Brighthouse Financial, Inc.",$2B-$10B,,4976000000,Revenues,USD,2023-05-09,10-Q,2021-12-31,1585000000,NetIncomeLoss,USD,2023-05-09,10-Q,2022-03-31,262257000000,Assets,USD,2023-05-09,10-Q,2021-12-31,2345000000,NetCashProvidedByUsedInFinancingActivities,USD,2023-05-09,10-Q,2022-03-31,-2519000000,NetCashProvidedByUsedInInvestingActivities,USD,2023-05-09,10-Q,2022-03-31,-199000000,NetCashProvidedByUsedInOperatingActivities,USD,2023-05-09,10-Q,2022-03-31,through_ocf,True,,,0.318529,-0.039992,52.704381,0.471262,-0.50623
2023Q3,2023-08-08,BHFAN,1685040,"Brighthouse Financial, Inc.",$2B-$10B,,4976000000,Revenues,USD,2023-05-09,10-Q,2021-12-31,1585000000,NetIncomeLoss,USD,2023-05-09,10-Q,2022-03-31,262257000000,Assets,USD,2023-05-09,10-Q,2021-12-31,2345000000,NetCashProvidedByUsedInFinancingActivities,USD,2023-05-09,10-Q,2022-03-31,-2519000000,NetCashProvidedByUsedInInvestingActivities,USD,2023-05-09,10-Q,2022-03-31,-199000000,NetCashProvidedByUsedInOperatingActivities,USD,2023-05-09,10-Q,2022-03-31,through_ocf,True,,,0.318529,-0.039992,52.704381,0.471262,-0.50623
2023Q3,2023-08-08,BHFAO,1685040,"Brighthouse Financial, Inc.",$2B-$10B,,4976000000,Revenues,USD,2023-05-09,10-Q,2021-12-31,1585000000,NetIncomeLoss,USD,2023-05-09,10-Q,2022-03-31,262257000000,Assets,USD,2023-05-09,10-Q,2021-12-31,2345000000,NetCashProvidedByUsedInFinancingActivities,USD,2023-05-09,10-Q,2022-03-31,-2519000000,NetCashProvidedByUsedInInvestingActivities,USD,2023-05-09,10-Q,2022-03-31,-199000000,NetCashProvidedByUsedInOperatingActivities,USD,2023-05-09,10-Q,2022-03-31,through_ocf,True,,,0.318529,-0.039992,52.704381,0.471262,-0.50623
2023Q3,2023-08-08,BHFAP,1685040,"Brighthouse Financial, Inc.",$2B-$10B,,4976000000,Revenues,USD,2023-05-09,10-Q,2021-12-31,1585000000,NetIncomeLoss,USD,2023-05-09,10-Q,2022-03-31,262257000000,Assets,USD,2023-05-09,10-Q,2021-12-31,2345000000,NetCashProvidedByUsedInFinancingActivities,USD,2023-05-09,10-Q,2022-03-31,-2519000000,NetCashProvidedByUsedInInvestingActivities,USD,2023-05-09,10-Q,2022-03-31,-199000000,NetCashProvidedByUsedInOperatingActivities,USD,2023-05-09,10-Q,2022-03-31,through_ocf,True,,,0.318529,-0.039992,52.704381,0.471262,-0.50623
2023Q3,2023-08-02,BHR,1574085,BRAEMAR HOTELS & RESORTS INC.,$100M-$500M,,161880000,RevenueFromContractWithCustomerExcludingAssessedTax,USD,2023-05-08,10-Q,2022-03-31,14663000,NetIncomeLoss,USD,2023-05-08,10-Q,2022-03-31,2397714000,Assets,USD,2023-05-08,10-Q,2022-12-31,31919000,NetCashProvidedByUsedInFinancingActivities,USD,2023-05-08,10-Q,2022-03-31,-97749000,NetCashProvidedByUsedInInvestingActivities,USD,2023-05-08,10-Q,2022-03-31,28794000,NetCashProvidedByUsedInOperatingActivities,USD,2023-05-08,10-Q,2022-03-31,through_ocf,True,,,0.090579,0.177872,14.811675,0.197177,-0.603836
2023Q3,2023-07-25,BIIB,875045,Biogen Inc.,$2B-$10B,,5120900000,Revenues,USD,2023-07-25,10-Q,2022-06-30,1361800000,NetIncomeLoss,USD,2023-07-25,10-Q,2022-06-30,24554100000,Assets,USD,2023-07-25,10-Q,2022-12-31,-488000000,NetCashProvidedByUsedInFinancingActivities,USD,2023-07-25,10-Q,2022-06-30,45500000,NetCashProvidedByUsedInInvestingActivities,USD,2023-07-25,10-Q,2022-06-30,898300000,NetCashProvidedByUsedInOperatingActivities,USD,2023-07-25,10-Q,2022-06-30,through_ocf,True,,,0.26593,0.175418,4.79488,-0.095296,0.008885
2023Q3,2023-08-02,BKH,1130464,Black Hills Corporation,$500M-$1B,,823570000,Revenues,USD,2023-05-04,10-Q,2022-03-31,117526000,NetIncomeLoss,USD,2023-05-04,10-Q,2022-03-31,9618230000,Assets,USD,2023-05-04,10-Q,2022-12-31,-118740000,NetCashProvidedByUsedInFinancingActivities,USD,2023-05-04,10-Q,2022-03-31,-137844000,NetCashProvidedByUsedInInvestingActivities,USD,2023-05-04,10-Q,2022-03-31,264121000,NetCashProvidedByUsedInOperatingActivities,USD,2023-05-04,10-Q,2022-03-31,through_ocf,True,,,0.142703,0.320703,11.678704,-0.144177,-0.167374
2023Q3,2023-08-03,BKNG,1075531,Booking Holdings Inc.,$2B-$10B,,6989000000,Revenues,USD,2023-08-03,10-Q,2022-06-30,1892798000,ProfitLoss,USD,2016-02-17,10-K,2013-12-31,25361000000,Assets,USD,2023-08-03,10-Q,2022-12-31,-3377000000,NetCashProvidedByUsedInFinancingActivities,USD,2023-08-03,10-Q,2022-06-30,-243000000,NetCashProvidedByUsedInInvestingActivities,USD,2023-08-03,10-Q,2022-06-30,4379000000,NetCashProvidedByUsedInOperatingActivities,USD,2023-08-03,10-Q,2022-06-30,through_ocf,True,,,0.270825,0.626556,3.628702,-0.483188,-0.034769
2023Q3,2023-07-19,BKR,1701605,Baker Hughes Co,$2B-$10B,,9882000000,RevenueFromContractWithCustomerExcludingAssessedTax,USD,2023-07-19,10-Q,2022-06-30,-767000000,NetIncomeLoss,USD,2023-07-19,10-Q,2022-06-30,34181000000,Assets,USD,2023-07-19,10-Q,2022-12-31,-868000000,NetCashProvidedByUsedInFinancingActivities,USD,2023-07-19,10-Q,2022-06-30,-430000000,NetCashProvidedByUsedInInvestingActivities,USD,2023-07-19,10-Q,2022-06-30,393000000,NetCashProvidedByUsedInOperatingActivities,USD,2023-07-19,10-Q,2022-06-30,through_ocf,True,,,-0.077616,0.039769,3.458915,-0.087836,-0.043513
2023Q3,2023-08-09,BLBD,1589526,BLUE BIRD CORPORATION,$500M-$1B,,542965000,RevenueFromContractWithCustomerExcludingAssessedTax,USD,2023-08-09,10-Q,2022-07-02,-22664000,NetIncomeLoss,USD,2023-08-09,10-Q,2022-07-02,366126000,Assets,USD,2023-08-09,10-Q,2022-10-01,73999000,NetCashProvidedByUsedInFinancingActivities,USD,2023-08-09,10-Q,2022-07-02,-4748000,NetCashProvidedByUsedInInvestingActivities,USD,2023-08-09,10-Q,2022-07-02,-54451000,NetCashProvidedByUsedInOperatingActivities,USD,2023-08-09,10-Q,2022-07-02,through_ocf,True,,,-0.041741,-0.100285,0.674309,0.136287,-0.008745
2023Q3,2023-08-02,BLDR,1316835,"BUILDERS FIRSTSOURCE, INC.",>$10B,,12607391000,RevenueFromContractWithCustomerExcludingAssessedTax,USD,2023-08-02,10-Q,2022-06-30,639640000,NetIncomeLoss,USD,2023-08-02,10-Q,2022-03-31,10595160000,Assets,USD,2023-08-02,10-Q,2022-12-31,-696400000,NetCashProvidedByUsedInFinancingActivities,USD,2023-08-02,10-Q,2022-06-30,-307088000,NetCashProvidedByUsedInInvestingActivities,USD,2023-08-02,10-Q,2022-06-30,1127070000,NetCashProvidedByUsedInOperatingActivities,USD,2023-08-02,10-Q,2022-06-30,through_ocf,True,,,0.050735,0.089398,0.840393,-0.055237,-0.024358
2023Q3,2023-08-01,BLKB,1280058,"Blackbaud, Inc.",$100M-$500M,,257124000,RevenueFromContractWithCustomerExcludingAssessedTax,USD,2023-05-04,10-Q,2022-03-31,-10407000,NetIncomeLoss,USD,2023-05-04,10-Q,2022-03-31,2992703000,Assets,USD,2023-05-04,10-Q,2022-12-31,-325448000,NetCashProvidedByUsedInFinancingActivities,USD,2023-05-04,10-Q,2022-03-31,-36934000,NetCashProvidedByUsedInInvestingActivities,USD,2023-05-04,10-Q,2022-03-31,24504000,NetCashProvidedByUsedInOperatingActivities,USD,2023-05-04,10-Q,2022-03-31,through_ocf,True,,,-0.040475,0.0953,11.639143,-1.265724,-0.143643
2023Q3,2023-08-01,BLMN,1546417,"BLOOMIN’ BRANDS, INC.",$2B-$10B,,2265697000,RevenueFromContractWithCustomerExcludingAssessedTax,USD,2023-08-01,10-Q,2022-06-26,11876000,NetIncomeLoss,USD,2023-08-01,10-Q,2022-06-26,3320425000,Assets,USD,2023-08-01,10-Q,2022-12-25,-140922000,NetCashProvidedByUsedInFinancingActivities,USD,2023-08-01,10-Q,2022-06-26,-75738000,NetCashProvidedByUsedInInvestingActivities,USD,2023-08-01,10-Q,2022-06-26,218818000,NetCashProvidedByUsedInOperatingActivities,USD,2023-08-01,10-Q,2022-06-26,through_ocf,True,,,0.005242,0.096579,1.46552,-0.062198,-0.033428
2023Q3,2023-08-08,BMBL,1830043,Bumble Inc.,$100M-$500M,,210030000,RevenueFromContractWithCustomerExcludingAssessedTax,USD,2023-05-05,10-Q,2022-03-31,16201000,NetIncomeLoss,USD,2023-05-05,10-Q,2022-03-31,3692621000,Assets,USD,2023-05-05,10-Q,2022-12-31,-7146000,NetCashProvidedByUsedInFinancingActivities,USD,2023-05-05,10-Q,2022-03-31,-74716000,NetCashProvidedByUsedInInvestingActivities,USD,2023-05-05,10-Q,2022-03-31,19358000,NetCashProvidedByUsedInOperatingActivities,USD,2023-05-05,10-Q,2022-03-31,through_ocf,True,,,0.077137,0.092168,17.581398,-0.034024,-0.35574
2023Q3,2023-07-20,BMI,9092,"BADGER METER, INC.",$100M-$500M,,132402000,RevenueFromContractWithCustomerExcludingAssessedTax,USD,2023-04-25,10-Q,2022-03-31,14360000,NetIncomeLoss,USD,2023-04-25,10-Q,2022-03-31,603047000,Assets,USD,2023-04-25,10-Q,2022-12-31,-5869000,NetCashProvidedByUsedInFinancingActivities,USD,2023-04-25,10-Q,2022-03-31,-1141000,NetCashProvidedByUsedInInvestingActivities,USD,2023-04-25,10-Q,2022-03-31,9250000,NetCashProvidedByUsedInOperatingActivities,USD,2023-04-25,10-Q,2022-03-31,through_ocf,True,,,0.108458,0.069863,4.554667,-0.044327,-0.008618
2023Q3,2023-07-31,BMRN,1048477,BioMarin Pharmaceutical Inc,$500M-$1B,,519359000,RevenueFromContractWithCustomerExcludingAssessedTax,USD,2023-04-28,10-Q,2022-03-31,120798000,NetIncomeLoss,USD,2023-04-28,10-Q,2022-03-31,6375074000,Assets,USD,2023-04-28,10-Q,2022-12-31,-25280000,NetCashProvidedByUsedInFinancingActivities,USD,2023-04-28,10-Q,2022-03-31,87782000,NetCashProvidedByUsedInInvestingActivities,USD,2023-04-28,10-Q,2022-03-31,-45431000,NetCashProvidedByUsedInOperatingActivities,USD,2023-04-28,10-Q,2022-03-31,through_ocf,True,,,0.232591,-0.087475,12.274889,-0.048675,0.16902
2023Q3,2023-08-04,BNED,1634117,"BARNES & NOBLE EDUCATION, INC.",$1B-$2B,,1406516000,Revenues,USD,2023-07-31,10-K,2021-05-01,-139810000,NetIncomeLoss,USD,2023-07-31,10-K,2021-05-01,1071553000,Assets,USD,2023-07-31,10-K,2022-04-30,11799000,NetCashProvidedByUsedInFinancingActivities,USD,2023-07-31,10-K,2021-05-01,-36888000,NetCashProvidedByUsedInInvestingActivities,USD,2023-07-31,10-K,2021-05-01,32896000,NetCashProvidedByUsedInOperatingActivities,USD,2023-07-31,10-K,2021-05-01,through_ocf,True,,,-0.099402,0.023388,0.761849,0.008389,-0.026227
2023Q3,2023-08-02,BNL,1424182,"BROADSTONE NET LEASE, INC.",<$100M,,93841000,Revenues,USD,2023-05-04,10-Q,2022-03-31,26758000,NetIncomeLoss,USD,2023-05-04,10-Q,2022-03-31,5457609000,Assets,USD,2023-05-04,10-Q,2022-12-31,186352000,NetCashProvidedByUsedInFinancingActivities,USD,2023-05-04,10-Q,2022-03-31,-207678000,NetCashProvidedByUsedInInvestingActivities,USD,2023-05-04,10-Q,2022-03-31,59104000,NetCashProvidedByUsedInOperatingActivities,USD,2023-05-04,10-Q,2022-03-31,through_ocf,True,,,0.285142,0.629831,58.158044,1.985827,-2.213084
2023Q3,2023-08-02,BOOT,1610250,"Boot Barn Holdings, Inc.",$500M-$1B,,893491000,RevenueFromContractWithCustomerExcludingAssessedTax,USD,2023-05-18,10-K,2021-03-27,59386000,NetIncomeLoss,USD,2023-05-18,10-K,2021-03-27,1199855000,Assets,USD,2023-05-18,10-K,2022-03-26,-123913000,NetCashProvidedByUsedInFinancingActivities,USD,2023-05-18,10-K,2021-03-27,-28424000,NetCashProvidedByUsedInInvestingActivities,USD,2023-05-18,10-K,2021-03-27,155922000,NetCashProvidedByUsedInOperatingActivities,USD,2023-05-18,10-K,2021-03-27,through_ocf,True,,,0.066465,0.174509,1.342884,-0.138684,-0.031812
2023Q3,2023-08-29,BOX,1372612,"Box, Inc.",$100M-$500M,,238432000,RevenueFromContractWithCustomerExcludingAssessedTax,USD,2023-05-31,10-Q,2022-04-30,-4699000,NetIncomeLoss,USD,2023-05-31,10-Q,2022-04-30,1207165000,Assets,USD,2023-05-31,10-Q,2023-01-31,-162191000,NetCashProvidedByUsedInFinancingActivities,USD,2023-05-31,10-Q,2022-04-30,38412000,NetCashProvidedByUsedInInvestingActivities,USD,2023-05-31,10-Q,2022-04-30,107730000,NetCashProvidedByUsedInOperatingActivities,USD,2023-05-31,10-Q,2022-04-30,through_ocf,True,,,-0.019708,0.451827,5.062932,-0.68024,0.161103
2023Q3,2023-07-26,BPOP,763901,"POPULAR, INC.",$100M-$500M,,448734000,Revenues,USD,2013-02-28,10-K,2010-12-31,211686000,NetIncomeLoss,USD,2023-05-10,10-Q,2022-03-31,69525082000,Assets,USD,2023-05-10,10-Q,2022-03-31,-4676695000,NetCashProvidedByUsedInFinancingActivities,USD,2023-05-10,10-Q,2022-03-31,4490445000,NetCashProvidedByUsedInInvestingActivities,USD,2023-05-10,10-Q,2022-03-31,197186000,NetCashProvidedByUsedInOperatingActivities,USD,2023-05-10,10-Q,2022-03-31,through_ocf,True,,,0.47174,0.439427,154.936069,-10.421976,10.006919
2023Q3,2023-08-08,BR,1383312,"BROADRIDGE FINANCIAL SOLUTIONS, INC.",$2B-$10B,,4993700000,RevenueFromContractWithCustomerExcludingAssessedTax,USD,2023-08-08,10-K,2021-06-30,547500000,NetIncomeLoss,USD,2023-08-08,10-K,2021-06-30,8119800000,Assets,USD,2023-08-08,10-K,2021-06-30,1797800000,NetCashProvidedByUsedInFinancingActivities,USD,2023-08-08,10-K,2021-06-30,-2653700000,NetCashProvidedByUsedInInvestingActivities,USD,2023-08-08,10-K,2021-06-30,640100000,NetCashProvidedByUsedInOperatingActivities,USD,2023-08-08,10-K,2021-06-30,through_ocf,True,,,0.109638,0.128182,1.626009,0.360014,-0.53141
2023Q3,2023-08-03,BRKR,1109354,Bruker Corporation,$500M-$1B,,595000000,RevenueFromContractWithCustomerExcludingAssessedTax,USD,2023-05-10,10-Q,2022-03-31,61600000,NetIncomeLoss,USD,2023-05-10,10-Q,2022-03-31,3611800000,Assets,USD,2023-05-10,10-Q,2022-12-31,-217400000,NetCashProvidedByUsedInFinancingActivities,USD,2023-05-10,10-Q,2022-03-31,-101800000,NetCashProvidedByUsedInInvestingActivities,USD,2023-05-10,10-Q,2022-03-31,77800000,NetCashProvidedByUsedInOperatingActivities,USD,2023-05-10,10-Q,2022-03-31,through_ocf,True,,,0.103529,0.130756,6.070252,-0.365378,-0.171092
2023Q3,2023-08-02,BRSP,1717547,"BrightSpire Capital, Inc.",$100M-$500M,,163785000,Revenues,USD,2023-08-02,10-Q,2022-06-30,62010000,NetIncomeLoss,USD,2023-08-02,10-Q,2022-06-30,4750389000,Assets,USD,2023-08-02,10-Q,2022-12-31,243885000,NetCashProvidedByUsedInFinancingActivities,USD,2023-08-02,10-Q,2022-06-30,-234920000,NetCashProvidedByUsedInInvestingActivities,USD,2023-08-02,10-Q,2022-06-30,54614000,NetCashProvidedByUsedInOperatingActivities,USD,2023-08-02,10-Q,2022-06-30,through_ocf,True,,,0.378606,0.333449,29.00381,1.489056,-1.434319
2023Q3,2023-07-27,BSX,885725,BOSTON SCIENTIFIC CORPORATION,$2B-$10B,,3026000000,RevenueFromContractWithCustomerExcludingAssessedTax,USD,2023-05-04,10-Q,2022-03-31,110000000,ProfitLoss,USD,2023-05-04,10-Q,2022-03-31,32469000000,Assets,USD,2023-05-04,10-Q,2022-12-31,-6000000,NetCashProvidedByUsedInFinancingActivities,USD,2023-05-04,10-Q,2022-03-31,-1574000000,NetCashProvidedByUsedInInvestingActivities,USD,2023-05-04,10-Q,2022-03-31,-58000000,NetCashProvidedByUsedInOperatingActivities,USD,2023-05-04,10-Q,2022-03-31,through_ocf,True,,,0.036352,-0.019167,10.730007,-0.001983,-0.520159
2023Q3,2023-08-08,BSY,1031308,"BENTLEY SYSTEMS, INCORPORATED",$500M-$1B,,543802000,RevenueFromContractWithCustomerExcludingAssessedTax,USD,2023-08-08,10-Q,2022-06-30,112061000,NetIncomeLoss,USD,2023-08-08,10-Q,2022-06-30,3165005000,Assets,USD,2023-08-08,10-Q,2022-12-31,325773000,NetCashProvidedByUsedInFinancingActivities,USD,2023-08-08,10-Q,2022-06-30,-723967000,NetCashProvidedByUsedInInvestingActivities,USD,2023-08-08,10-Q,2022-06-30,168730000,NetCashProvidedByUsedInOperatingActivities,USD,2023-08-08,10-Q,2022-06-30,through_ocf,True,,,0.206069,0.310278,5.820142,0.599065,-1.331306
2023Q3,2023-07-27,BTU,1064728,PEABODY ENERGY CORPORATION,$500M-$1B,,691400000,Revenues,USD,2023-05-04,10-Q,2022-03-31,-119500000,NetIncomeLoss,USD,2023-05-04,10-Q,2022-03-31,5610800000,Assets,USD,2023-05-04,10-Q,2022-12-31,132200000,NetCashProvidedByUsedInFinancingActivities,USD,2023-05-04,10-Q,2022-03-31,35200000,NetCashProvidedByUsedInInvestingActivities,USD,2023-05-04,10-Q,2022-03-31,-273700000,NetCashProvidedByUsedInOperatingActivities,USD,2023-05-04,10-Q,2022-03-31,through_ocf,True,,,-0.172838,-0.395863,8.115129,0.191206,0.050911
2023Q3,2023-08-03,BV,1734713,"BrightView Holdings, Inc.",$1B-$2B,,1658864000,RevenueFromContractWithCustomerExcludingAssessedTax,USD,2018-08-09,10-Q,2017-06-30,-1300000,NetIncomeLoss,USD,2023-08-03,10-Q,2022-06-30,3305500000,Assets,USD,2023-08-03,10-Q,2022-09-30,9000000,NetCashProvidedByUsedInFinancingActivities,USD,2023-08-03,10-Q,2022-06-30,-172100000,NetCashProvidedByUsedInInvestingActivities,USD,2023-08-03,10-Q,2022-06-30,65700000,NetCashProvidedByUsedInOperatingActivities,USD,2023-08-03,10-Q,2022-06-30,through_ocf,True,,,-0.000784,0.039605,1.992629,0.005425,-0.103746
2023Q3,2023-08-08,BVS,1665988,BIOVENTUS INC.,$100M-$500M,,257621000,RevenueFromContractWithCustomerExcludingAssessedTax,USD,2023-08-08,10-Q,2022-07-02,-18529000,NetIncomeLoss,USD,2023-08-08,10-Q,2022-07-02,1372649000,Assets,USD,2023-08-08,10-Q,2022-12-31,16860000,NetCashProvidedByUsedInFinancingActivities,USD,2023-08-08,10-Q,2022-07-02,-56699000,NetCashProvidedByUsedInInvestingActivities,USD,2023-08-08,10-Q,2022-07-02,-18080000,NetCashProvidedByUsedInOperatingActivities,USD,2023-08-08,10-Q,2022-07-02,through_ocf,True,,,-0.071923,-0.070181,5.328172,0.065445,-0.220087
2023Q3,2023-08-09,BWIN,1781755,"The Baldwin Insurance Group, Inc.",,,,,,,,,31511000,NetIncomeLoss,USD,2023-08-09,10-Q,2022-06-30,3462182000,Assets,USD,2023-08-09,10-Q,2022-12-31,450730000,NetCashProvidedByUsedInFinancingActivities,USD,2023-08-09,10-Q,2022-06-30,-389895000,NetCashProvidedByUsedInInvestingActivities,USD,2023-08-09,10-Q,2022-06-30,-4641000,NetCashProvidedByUsedInOperatingActivities,USD,2023-08-09,10-Q,2022-06-30,through_ocf,False,,revenue,,,,,
2023Q3,2023-08-03,BWXT,1486957,"BWX TECHNOLOGIES, INC.",$1B-$2B,,1084946000,RevenueFromContractWithCustomerExcludingAssessedTax,USD,2023-08-03,10-Q,2022-06-30,133623000,NetIncomeLoss,USD,2023-08-03,10-Q,2022-06-30,2618939000,Assets,USD,2023-08-03,10-Q,2022-12-31,125046000,NetCashProvidedByUsedInFinancingActivities,USD,2023-08-03,10-Q,2022-06-30,-164751000,NetCashProvidedByUsedInInvestingActivities,USD,2023-08-03,10-Q,2022-06-30,72038000,NetCashProvidedByUsedInOperatingActivities,USD,2023-08-03,10-Q,2022-06-30,through_ocf,True,,,0.123161,0.066398,2.413889,0.115256,-0.151852
2023Q3,2023-07-20,BX,1393818,Blackstone Inc.,$2B-$10B,,5126280000,Revenues,USD,2023-05-05,10-Q,2022-03-31,1216874000,NetIncomeLoss,USD,2023-05-05,10-Q,2022-03-31,42524227000,Assets,USD,2023-05-05,10-Q,2022-12-31,-908114000,NetCashProvidedByUsedInFinancingActivities,USD,2023-05-05,10-Q,2022-03-31,-56152000,NetCashProvidedByUsedInInvestingActivities,USD,2023-05-05,10-Q,2022-03-31,2748501000,NetCashProvidedByUsedInOperatingActivities,USD,2023-05-05,10-Q,2022-03-31,through_ocf,True,,,0.23738,0.536159,8.295338,-0.177149,-0.010954
2023Q3,2023-08-01,BXC,1301787,BlueLinx Holdings Inc.,$2B-$10B,,2541684000,RevenueFromContractWithCustomerExcludingAssessedTax,USD,2023-08-01,10-Q,2022-07-02,133409000,NetIncomeLoss,USD,2023-08-01,10-Q,2022-04-02,1490042000,Assets,USD,2023-08-01,10-Q,2022-12-31,-77330000,NetCashProvidedByUsedInFinancingActivities,USD,2023-08-01,10-Q,2022-07-02,-6351000,NetCashProvidedByUsedInInvestingActivities,USD,2023-08-01,10-Q,2022-07-02,103430000,NetCashProvidedByUsedInOperatingActivities,USD,2023-08-01,10-Q,2022-07-02,through_ocf,True,,,0.052488,0.040693,0.586242,-0.030425,-0.002499
2023Q3,2023-08-01,BXP,1037540,"BXP, INC.",$500M-$1B,,754307000,Revenues,USD,2023-05-03,10-Q,2022-03-31,143047000,NetIncomeLoss,USD,2023-05-03,10-Q,2022-03-31,24207669000,Assets,USD,2023-05-03,10-Q,2022-12-31,-86970000,NetCashProvidedByUsedInFinancingActivities,USD,2023-05-03,10-Q,2022-03-31,-151335000,NetCashProvidedByUsedInInvestingActivities,USD,2023-05-03,10-Q,2022-03-31,219490000,NetCashProvidedByUsedInOperatingActivities,USD,2023-05-03,10-Q,2022-03-31,through_ocf,True,,,0.18964,0.290982,32.092595,-0.115298,-0.200628
2023Q3,2023-07-27,BZH,915840,"BEAZER HOMES USA, INC.",$1B-$2B,,1489321000,RevenueFromContractWithCustomerExcludingAssessedTax,USD,2023-07-27,10-Q,2022-06-30,133881000,NetIncomeLoss,USD,2023-07-27,10-Q,2022-06-30,2251963000,Assets,USD,2023-07-27,10-Q,2022-09-30,-16903000,NetCashProvidedByUsedInFinancingActivities,USD,2023-07-27,10-Q,2022-06-30,-10935000,NetCashProvidedByUsedInInvestingActivities,USD,2023-07-27,10-Q,2022-06-30,-164504000,NetCashProvidedByUsedInOperatingActivities,USD,2023-07-27,10-Q,2022-06-30,through_ocf,True,,,0.089894,-0.110456,1.512074,-0.011349,-0.007342
2023Q3,2023-08-03,CABO,1632127,"Cable One, Inc.",$500M-$1B,,807266000,SalesRevenueNet,USD,2018-03-01,10-K,2015-12-31,171476000,NetIncomeLoss,USD,2023-05-05,10-Q,2022-03-31,6913890000,Assets,USD,2023-05-05,10-Q,2022-12-31,-99709000,NetCashProvidedByUsedInFinancingActivities,USD,2023-05-05,10-Q,2022-03-31,-109646000,NetCashProvidedByUsedInInvestingActivities,USD,2023-05-05,10-Q,2022-03-31,188719000,NetCashProvidedByUsedInOperatingActivities,USD,2023-05-05,10-Q,2022-03-31,through_ocf,True,,,0.212416,0.233775,8.564575,-0.123514,-0.135824
2023Q3,2023-08-01,CACC,885550,CREDIT ACCEPTANCE CORP,$500M-$1B,,913100000,Revenues,USD,2023-08-01,10-Q,2022-06-30,321700000,NetIncomeLoss,USD,2023-08-01,10-Q,2022-06-30,6904700000,Assets,USD,2023-08-01,10-Q,2022-12-31,-462600000,NetCashProvidedByUsedInFinancingActivities,USD,2023-08-01,10-Q,2022-06-30,-166400000,NetCashProvidedByUsedInInvestingActivities,USD,2023-08-01,10-Q,2022-06-30,625600000,NetCashProvidedByUsedInOperatingActivities,USD,2023-08-01,10-Q,2022-06-30,through_ocf,True,,,0.352316,0.685139,7.561822,-0.506626,-0.182236
2023Q3,2023-07-13,CAG,23217,"CONAGRA BRANDS, INC.",>$10B,,11184700000,RevenueFromContractWithCustomerExcludingAssessedTax,USD,2023-07-13,10-K,2021-05-30,1298800000,NetIncomeLoss,USD,2023-07-13,10-K,2021-05-30,22435100000,Assets,USD,2023-07-13,10-K,2022-05-29,-1609600000,NetCashProvidedByUsedInFinancingActivities,USD,2023-07-13,10-K,2021-05-30,-340300000,NetCashProvidedByUsedInInvestingActivities,USD,2023-07-13,10-K,2021-05-30,1468100000,NetCashProvidedByUsedInOperatingActivities,USD,2023-07-13,10-K,2021-05-30,through_ocf,True,,,0.116123,0.13126,2.005874,-0.143911,-0.030425
2023Q3,2023-08-02,CAKE,887596,THE CHEESECAKE FACTORY INCORPORATED,$2B-$10B,,2100609000,SalesRevenueNet,USD,2018-02-28,10-K,2015-12-29,23163000,NetIncomeLoss,USD,2023-05-10,10-Q,2022-03-29,2775220000,Assets,USD,2023-05-10,10-Q,2023-01-03,-11042000,NetCashProvidedByUsedInFinancingActivities,USD,2023-05-10,10-Q,2022-03-29,-28632000,NetCashProvidedByUsedInInvestingActivities,USD,2023-05-10,10-Q,2022-03-29,33512000,NetCashProvidedByUsedInOperatingActivities,USD,2023-05-10,10-Q,2022-03-29,through_ocf,True,,,0.011027,0.015953,1.32115,-0.005257,-0.01363
2023Q3,2023-08-31,CAL,14707,"CALERES, INC.",$500M-$1B,,632142000,Revenues,USD,2019-06-13,10-Q,2018-05-05,50509000,NetIncomeLoss,USD,2023-06-06,10-Q,2022-04-30,1928298000,Assets,USD,2023-06-06,10-Q,2022-04-30,-4420000,NetCashProvidedByUsedInFinancingActivities,USD,2023-06-06,10-Q,2022-04-30,-11650000,NetCashProvidedByUsedInInvestingActivities,USD,2023-06-06,10-Q,2022-04-30,19686000,NetCashProvidedByUsedInOperatingActivities,USD,2023-06-06,10-Q,2022-04-30,through_ocf,True,,,0.079901,0.031142,3.050419,-0.006992,-0.018429
2023Q3,2023-07-25,CALM,16160,"Cal-Maine Foods, Inc.",$1B-$2B,,1348987000,RevenueFromContractWithCustomerExcludingAssessedTax,USD,2023-07-25,10-K,2021-05-29,2060000,NetIncomeLoss,USD,2023-07-25,10-K,2021-05-29,1427489000,Assets,USD,2023-07-25,10-K,2022-05-28,-2723000,NetCashProvidedByUsedInFinancingActivities,USD,2023-07-25,10-K,2021-05-29,-44191000,NetCashProvidedByUsedInInvestingActivities,USD,2023-07-25,10-K,2021-05-29,26136000,NetCashProvidedByUsedInOperatingActivities,USD,2023-07-25,10-K,2021-05-29,through_ocf,True,,,0.001527,0.019375,1.058193,-0.002019,-0.032759
2023Q3,2023-07-19,CALX,1406666,"Calix, Inc.",$100M-$500M,,184948000,RevenueFromContractWithCustomerExcludingAssessedTax,USD,2023-04-24,10-Q,2022-04-02,8119000,NetIncomeLoss,USD,2023-04-24,10-Q,2022-04-02,884835000,Assets,USD,2023-04-24,10-Q,2022-12-31,5886000,NetCashProvidedByUsedInFinancingActivities,USD,2023-04-24,10-Q,2022-04-02,-20146000,NetCashProvidedByUsedInInvestingActivities,USD,2023-04-24,10-Q,2022-04-02,7365000,NetCashProvidedByUsedInOperatingActivities,USD,2023-04-24,10-Q,2022-04-02,through_ocf,True,,,0.043899,0.039822,4.784237,0.031825,-0.108928
2023Q3,2023-08-08,CALY,837465,Callaway Golf Company,$2B-$10B,,2155900000,RevenueFromContractWithCustomerExcludingAssessedTax,USD,2023-08-08,10-Q,2022-06-30,192100000,NetIncomeLoss,USD,2023-08-08,10-Q,2022-06-30,8590400000,Assets,USD,2023-08-08,10-Q,2022-12-31,121800000,NetCashProvidedByUsedInFinancingActivities,USD,2023-08-08,10-Q,2022-06-30,-243000000,NetCashProvidedByUsedInInvestingActivities,USD,2023-08-08,10-Q,2022-06-30,-48100000,NetCashProvidedByUsedInOperatingActivities,USD,2023-08-08,10-Q,2022-06-30,through_ocf,True,,,0.089104,-0.022311,3.9846,0.056496,-0.112714
2023Q3,2023-07-31,CAR,723612,"Avis Budget Group, Inc.",$2B-$10B,,2432000000,Revenues,USD,2023-05-02,10-Q,2022-03-31,529000000,NetIncomeLoss,USD,2023-05-02,10-Q,2022-03-31,25927000000,Assets,USD,2023-05-02,10-Q,2022-12-31,30000000,NetCashProvidedByUsedInFinancingActivities,USD,2023-05-02,10-Q,2022-03-31,-1165000000,NetCashProvidedByUsedInInvestingActivities,USD,2023-05-02,10-Q,2022-03-31,1148000000,NetCashProvidedByUsedInOperatingActivities,USD,2023-05-02,10-Q,2022-03-31,through_ocf,True,,,0.217516,0.472039,10.660773,0.012336,-0.47903
2023Q3,2023-08-09,CARG,1494259,"CARGURUS, INC.",$500M-$1B,,941837000,RevenueFromContractWithCustomerExcludingAssessedTax,USD,2023-08-09,10-Q,2022-06-30,19910000,NetIncomeLoss,USD,2023-08-09,10-Q,2022-03-31,927102000,Assets,USD,2023-08-09,10-Q,2022-12-31,-25644000,NetCashProvidedByUsedInFinancingActivities,USD,2023-08-09,10-Q,2022-06-30,51837000,NetCashProvidedByUsedInInvestingActivities,USD,2023-08-09,10-Q,2022-06-30,87595000,NetCashProvidedByUsedInOperatingActivities,USD,2023-08-09,10-Q,2022-06-30,through_ocf,True,,,0.02114,0.093004,0.984355,-0.027228,0.055038
2023Q3,2023-07-27,CARR,1783180,CARRIER GLOBAL CORPORATION,$2B-$10B,,9865000000,RevenueFromContractWithCustomerExcludingAssessedTax,USD,2023-07-27,10-Q,2022-06-30,1387000000,ProfitLoss,USD,2023-07-27,10-Q,2022-03-31,26086000000,Assets,USD,2023-07-27,10-Q,2022-12-31,-2434000000,NetCashProvidedByUsedInFinancingActivities,USD,2023-07-27,10-Q,2022-06-30,2645000000,NetCashProvidedByUsedInInvestingActivities,USD,2023-07-27,10-Q,2022-06-30,-170000000,NetCashProvidedByUsedInOperatingActivities,USD,2023-07-27,10-Q,2022-06-30,through_ocf,True,,,0.140598,-0.017233,2.644298,-0.246731,0.26812
2023Q3,2023-08-03,CARS,1683606,Cars.com Inc.,$100M-$500M,,321080000,RevenueFromContractWithCustomerExcludingAssessedTax,USD,2023-08-03,10-Q,2022-06-30,4340000,NetIncomeLoss,USD,2023-08-03,10-Q,2022-03-31,1024870000,Assets,USD,2023-08-03,10-Q,2022-12-31,10110000,NetCashProvidedByUsedInFinancingActivities,USD,2023-08-03,10-Q,2022-06-30,-73325000,NetCashProvidedByUsedInInvestingActivities,USD,2023-08-03,10-Q,2022-06-30,42280000,NetCashProvidedByUsedInOperatingActivities,USD,2023-08-03,10-Q,2022-06-30,through_ocf,True,,,0.013517,0.131681,3.191946,0.031487,-0.22837
2023Q3,2023-07-26,CASH,907471,"PATHWARD FINANCIAL, INC",$100M-$500M,,351770000,Revenues,USD,2023-05-09,10-Q,2022-03-31,110575000,NetIncomeLoss,USD,2023-05-09,10-Q,2022-03-31,6887239000,Assets,USD,2023-05-09,10-Q,2022-03-31,164941000,NetCashProvidedByUsedInFinancingActivities,USD,2023-05-09,10-Q,2022-03-31,-532838000,NetCashProvidedByUsedInInvestingActivities,USD,2023-05-09,10-Q,2022-03-31,291349000,NetCashProvidedByUsedInOperatingActivities,USD,2023-05-09,10-Q,2022-03-31,through_ocf,True,,,0.314339,0.828237,19.578813,0.468889,-1.514734
2023Q3,2023-08-09,CBL,910612,"CBL & ASSOCIATES PROPERTIES, INC.",$100M-$500M,,277120000,Revenues,USD,2023-08-09,10-Q,2022-06-30,-82110000,NetIncomeLoss,USD,2023-08-09,10-Q,2022-06-30,2678243000,Assets,USD,2023-08-09,10-Q,2022-12-31,-68119000,NetCashProvidedByUsedInFinancingActivities,USD,2023-08-09,10-Q,2022-06-30,2690000,NetCashProvidedByUsedInInvestingActivities,USD,2023-08-09,10-Q,2022-06-30,88089000,NetCashProvidedByUsedInOperatingActivities,USD,2023-08-09,10-Q,2022-06-30,through_ocf,True,,,-0.296298,0.317873,9.66456,-0.24581,0.009707
2023Q3,2023-08-04,CBOE,1374310,"Cboe Global Markets, Inc.",$500M-$1B,,663800000,Revenues,USD,2018-02-22,10-K,2015-12-31,109600000,ProfitLoss,USD,2023-08-04,10-Q,2022-03-31,6998900000,Assets,USD,2023-08-04,10-Q,2022-12-31,435800000,NetCashProvidedByUsedInFinancingActivities,USD,2023-08-04,10-Q,2022-06-30,-772900000,NetCashProvidedByUsedInInvestingActivities,USD,2023-08-04,10-Q,2022-06-30,625400000,NetCashProvidedByUsedInOperatingActivities,USD,2023-08-04,10-Q,2022-06-30,through_ocf,True,,,0.16511,0.942151,10.543688,0.656523,-1.164357
2023Q3,2023-07-27,CBRE,1138118,"CBRE GROUP, INC.",>$10B,,15104211000,Revenues,USD,2023-07-27,10-Q,2022-06-30,879619000,NetIncomeLoss,USD,2023-07-27,10-Q,2022-06-30,20513389000,Assets,USD,2023-07-27,10-Q,2022-12-31,-760496000,NetCashProvidedByUsedInFinancingActivities,USD,2023-07-27,10-Q,2022-06-30,-328942000,NetCashProvidedByUsedInInvestingActivities,USD,2023-07-27,10-Q,2022-06-30,60916000,NetCashProvidedByUsedInOperatingActivities,USD,2023-07-27,10-Q,2022-06-30,through_ocf,True,,,0.058237,0.004033,1.358124,-0.05035,-0.021778
2023Q3,2023-09-13,CBRL,1067294,"CRACKER BARREL OLD COUNTRY STORE, INC.",$2B-$10B,,2437386000,RevenueFromContractWithCustomerExcludingAssessedTax,USD,2023-06-06,10-Q,2022-04-29,33376000,NetIncomeLoss,USD,2023-06-06,10-Q,2021-10-29,2294911000,Assets,USD,2023-06-06,10-Q,2022-07-29,-165913000,NetCashProvidedByUsedInFinancingActivities,USD,2023-06-06,10-Q,2022-04-29,-60263000,NetCashProvidedByUsedInInvestingActivities,USD,2023-06-06,10-Q,2022-04-29,106356000,NetCashProvidedByUsedInOperatingActivities,USD,2023-06-06,10-Q,2022-04-29,through_ocf,True,,,0.013693,0.043635,0.941546,-0.06807,-0.024724
2023Q3,2023-08-07,CBT,16040,CABOT CORPORATION,$2B-$10B,,2060000000,Revenues,USD,2023-05-09,10-Q,2022-03-31,18000000,NetIncomeLoss,USD,2023-05-09,10-Q,2022-03-31,3525000000,Assets,USD,2023-05-09,10-Q,2022-09-30,85000000,NetCashProvidedByUsedInFinancingActivities,USD,2023-05-09,10-Q,2022-03-31,15000000,NetCashProvidedByUsedInInvestingActivities,USD,2023-05-09,10-Q,2022-03-31,-39000000,NetCashProvidedByUsedInOperatingActivities,USD,2023-05-09,10-Q,2022-03-31,through_ocf,True,,,0.008738,-0.018932,1.711165,0.041262,0.007282
2023Q3,2023-07-27,CBZ,944148,"CBIZ, INC.",$500M-$1B,,753674000,RevenueFromContractWithCustomerExcludingAssessedTax,USD,2023-07-27,10-Q,2022-06-30,89382000,NetIncomeLoss,USD,2023-07-27,10-Q,2022-06-30,1879124000,Assets,USD,2023-07-27,10-Q,2022-12-31,91655000,NetCashProvidedByUsedInFinancingActivities,USD,2023-07-27,10-Q,2022-06-30,-89756000,NetCashProvidedByUsedInInvestingActivities,USD,2023-07-27,10-Q,2022-06-30,28508000,NetCashProvidedByUsedInOperatingActivities,USD,2023-07-27,10-Q,2022-06-30,through_ocf,True,,,0.118595,0.037825,2.493285,0.121611,-0.119091
2023Q3,2023-07-28,CC,1627223,The Chemours Company,$2B-$10B,,3679000000,RevenueFromContractWithCustomerExcludingAssessedTax,USD,2023-07-28,10-Q,2022-06-30,434000000,NetIncomeLoss,USD,2023-07-28,10-Q,2022-06-30,7640000000,Assets,USD,2023-07-28,10-Q,2022-12-31,-320000000,NetCashProvidedByUsedInFinancingActivities,USD,2023-07-28,10-Q,2022-06-30,-145000000,NetCashProvidedByUsedInInvestingActivities,USD,2023-07-28,10-Q,2022-06-30,293000000,NetCashProvidedByUsedInOperatingActivities,USD,2023-07-28,10-Q,2022-06-30,through_ocf,True,,,0.117967,0.079641,2.076651,-0.08698,-0.039413
2023Q3,2023-08-01,CCC,1818201,CCC Intelligent Solutions Holdings Inc.,$100M-$500M,,379609000,Revenues,USD,2023-08-01,10-Q,2022-06-30,27539000,NetIncomeLoss,USD,2023-08-01,10-Q,2022-06-30,3350921000,Assets,USD,2023-08-01,10-Q,2022-12-31,11511000,NetCashProvidedByUsedInFinancingActivities,USD,2023-08-01,10-Q,2022-06-30,-53819000,NetCashProvidedByUsedInInvestingActivities,USD,2023-08-01,10-Q,2022-06-30,87685000,NetCashProvidedByUsedInOperatingActivities,USD,2023-08-01,10-Q,2022-06-30,through_ocf,True,,,0.072546,0.230988,8.827296,0.030323,-0.141775
2023Q3,2023-07-19,CCI,1051470,Crown Castle Inc.,$1B-$2B,,1742000000,Revenues,USD,2023-05-03,10-Q,2022-03-31,421000000,NetIncomeLoss,USD,2023-05-03,10-Q,2022-03-31,38921000000,Assets,USD,2023-05-03,10-Q,2022-12-31,-253000000,NetCashProvidedByUsedInFinancingActivities,USD,2023-05-03,10-Q,2022-03-31,-289000000,NetCashProvidedByUsedInInvestingActivities,USD,2023-05-03,10-Q,2022-03-31,558000000,NetCashProvidedByUsedInOperatingActivities,USD,2023-05-03,10-Q,2022-03-31,through_ocf,True,,,0.241676,0.320321,22.34271,-0.145235,-0.165901
2023Q3,2023-09-29,CCL,815097,Carnival Corporation,$2B-$10B,,8329000000,RevenueFromContractWithCustomerExcludingAssessedTax,USD,2023-09-29,10-Q,2022-08-31,-4495000000,NetIncomeLoss,USD,2023-09-29,10-Q,2022-08-31,51703000000,Assets,USD,2023-09-29,10-Q,2022-11-30,3217000000,NetCashProvidedByUsedInFinancingActivities,USD,2023-09-29,10-Q,2022-08-31,-3467000000,NetCashProvidedByUsedInInvestingActivities,USD,2023-09-29,10-Q,2022-08-31,-1553000000,NetCashProvidedByUsedInOperatingActivities,USD,2023-09-29,10-Q,2022-08-31,through_ocf,True,,,-0.539681,-0.186457,6.207588,0.386241,-0.416256
2023Q3,2023-08-10,CCOI,1158324,"COGENT COMMUNICATIONS HOLDINGS, INC.",$100M-$500M,,359949000,SalesRevenueNet,USD,2018-11-01,10-Q,2017-09-30,12301000,ProfitLoss,USD,2023-08-09,10-Q,2022-06-30,1010182000,Assets,USD,2023-08-09,10-Q,2022-12-31,-24052000,NetCashProvidedByUsedInFinancingActivities,USD,2023-08-09,10-Q,2022-06-30,-35409000,NetCashProvidedByUsedInInvestingActivities,USD,2023-08-09,10-Q,2022-06-30,83814000,NetCashProvidedByUsedInOperatingActivities,USD,2023-08-09,10-Q,2022-06-30,through_ocf,True,,,0.034174,0.23285,2.806459,-0.066821,-0.098372
2023Q3,2023-08-02,CCRN,1141103,"Cross Country Healthcare, Inc",$500M-$1B,,788732000,RevenueFromContractWithCustomerExcludingAssessedTax,USD,2023-05-04,10-Q,2022-03-31,61983000,NetIncomeLoss,USD,2023-05-04,10-Q,2022-03-31,947839000,Assets,USD,2023-05-04,10-Q,2022-12-31,31308000,NetCashProvidedByUsedInFinancingActivities,USD,2023-05-04,10-Q,2022-03-31,-2096000,NetCashProvidedByUsedInInvestingActivities,USD,2023-05-04,10-Q,2022-03-31,-29038000,NetCashProvidedByUsedInOperatingActivities,USD,2023-05-04,10-Q,2022-03-31,through_ocf,True,,,0.078586,-0.036816,1.201725,0.039694,-0.002657
2023Q3,2023-07-26,CCS,1576940,"Century Communities, Inc.",$1B-$2B,,1016350000,Revenues,USD,2023-04-27,10-Q,2022-03-31,142496000,NetIncomeLoss,USD,2023-04-27,10-Q,2022-03-31,3773767000,Assets,USD,2023-04-27,10-Q,2022-12-31,-208426000,NetCashProvidedByUsedInFinancingActivities,USD,2023-04-27,10-Q,2022-03-31,-5091000,NetCashProvidedByUsedInInvestingActivities,USD,2023-04-27,10-Q,2022-03-31,109433000,NetCashProvidedByUsedInOperatingActivities,USD,2023-04-27,10-Q,2022-03-31,through_ocf,True,,,0.140204,0.107673,3.713058,-0.205073,-0.005009
2023Q3,2023-08-09,CDE,215466,"Coeur Mining, Inc.",$100M-$500M,,392527000,RevenueFromContractWithCustomerExcludingAssessedTax,USD,2023-08-09,10-Q,2022-06-30,7682000,NetIncomeLoss,USD,2023-08-09,10-Q,2022-03-31,1846143000,Assets,USD,2023-08-09,10-Q,2022-12-31,127468000,NetCashProvidedByUsedInFinancingActivities,USD,2023-08-09,10-Q,2022-06-30,-126678000,NetCashProvidedByUsedInInvestingActivities,USD,2023-08-09,10-Q,2022-06-30,16217000,NetCashProvidedByUsedInOperatingActivities,USD,2023-08-09,10-Q,2022-06-30,through_ocf,True,,,0.019571,0.041314,4.703226,0.324737,-0.322724
2023Q3,2023-07-24,CDNS,813672,"CADENCE DESIGN SYSTEMS, INC.",$1B-$2B,,1759287000,RevenueFromContractWithCustomerExcludingAssessedTax,USD,2023-07-24,10-Q,2022-07-02,422255000,NetIncomeLoss,USD,2023-07-24,10-Q,2022-07-02,5137071000,Assets,USD,2023-07-24,10-Q,2022-12-31,-613369000,NetCashProvidedByUsedInFinancingActivities,USD,2023-07-24,10-Q,2022-07-02,-68952000,NetCashProvidedByUsedInInvestingActivities,USD,2023-07-24,10-Q,2022-07-02,661149000,NetCashProvidedByUsedInOperatingActivities,USD,2023-07-24,10-Q,2022-07-02,through_ocf,True,,,0.240015,0.375805,2.919973,-0.348646,-0.039193
2023Q3,2023-07-27,CDP,860546,COPT DEFENSE PROPERTIES,$100M-$500M,,195480000,Revenues,USD,2023-05-03,10-Q,2022-03-31,60824000,ProfitLoss,USD,2023-05-03,10-Q,2022-03-31,4132026000,Assets,USD,2023-05-03,10-Q,2022-03-31,-150403000,NetCashProvidedByUsedInFinancingActivities,USD,2023-05-03,10-Q,2022-03-31,104220000,NetCashProvidedByUsedInInvestingActivities,USD,2023-05-03,10-Q,2022-03-31,52711000,NetCashProvidedByUsedInOperatingActivities,USD,2023-05-03,10-Q,2022-03-31,through_ocf,True,,,0.311152,0.269649,21.137845,-0.769404,0.533149
2023Q3,2023-08-08,CDRE,1860543,"CADRE HOLDINGS, INC.",$100M-$500M,,222638000,RevenueFromContractWithCustomerExcludingAssessedTax,USD,2023-08-08,10-Q,2022-06-30,-10165000,NetIncomeLoss,USD,2023-08-08,10-Q,2022-03-31,391952000,Assets,USD,2023-08-08,10-Q,2022-12-31,27355000,NetCashProvidedByUsedInFinancingActivities,USD,2023-08-08,10-Q,2022-06-30,-57512000,NetCashProvidedByUsedInInvestingActivities,USD,2023-08-08,10-Q,2022-06-30,25018000,NetCashProvidedByUsedInOperatingActivities,USD,2023-08-08,10-Q,2022-06-30,through_ocf,True,,,-0.045657,0.112371,1.76049,0.122868,-0.258321
2023Q3,2023-08-02,CDW,1402057,CDW CORP,>$10B,,12094900000,RevenueFromContractWithCustomerExcludingAssessedTax,USD,2023-08-02,10-Q,2022-06-30,529500000,NetIncomeLoss,USD,2023-08-02,10-Q,2022-06-30,13131500000,Assets,USD,2023-08-02,10-Q,2022-12-31,-374900000,NetCashProvidedByUsedInFinancingActivities,USD,2023-08-02,10-Q,2022-06-30,-91600000,NetCashProvidedByUsedInInvestingActivities,USD,2023-08-02,10-Q,2022-06-30,761100000,NetCashProvidedByUsedInOperatingActivities,USD,2023-08-02,10-Q,2022-06-30,through_ocf,True,,,0.043779,0.062927,1.085706,-0.030997,-0.007573
2023Q3,2023-08-08,CECO,3197,CECO ENVIRONMENTAL CORP.,$100M-$500M,,197811000,RevenueFromContractWithCustomerExcludingAssessedTax,USD,2023-08-08,10-Q,2022-06-30,7180000,NetIncomeLoss,USD,2023-08-08,10-Q,2022-06-30,504721000,Assets,USD,2023-08-08,10-Q,2022-12-31,26655000,NetCashProvidedByUsedInFinancingActivities,USD,2023-08-08,10-Q,2022-06-30,-38797000,NetCashProvidedByUsedInInvestingActivities,USD,2023-08-08,10-Q,2022-06-30,-18691000,NetCashProvidedByUsedInOperatingActivities,USD,2023-08-08,10-Q,2022-06-30,through_ocf,True,,,0.036297,-0.094489,2.551532,0.13475,-0.196132
2023Q3,2023-08-03,CEG,0001868275,CONSTELLATION ENERGY CORPORATION,>$10B,,11056000000,Revenues,USD,2023-08-03,10-Q,2022-06-30,-5000000,NetIncomeLoss,USD,2023-08-03,10-Q,2022-06-30,46909000000,Assets,USD,2023-08-03,10-Q,2022-12-31,-1614000000,NetCashProvidedByUsedInFinancingActivities,USD,2023-08-03,10-Q,2022-06-30,701000000,NetCashProvidedByUsedInInvestingActivities,USD,2023-08-03,10-Q,2022-06-30,1263000000,NetCashProvidedByUsedInOperatingActivities,USD,2023-08-03,10-Q,2022-06-30,through_ocf,True,,,-0.000452,0.114237,4.242855,-0.145984,0.063404
2023Q3,2023-08-08,CELH,1341766,"CELSIUS HOLDINGS, INC.",$100M-$500M,,287408000,Revenues,USD,2023-08-08,10-Q,2022-06-30,15838000,NetIncomeLoss,USD,2023-08-08,10-Q,2022-06-30,1222069000,Assets,USD,2023-08-08,10-Q,2022-12-31,1223000,NetCashProvidedByUsedInFinancingActivities,USD,2023-08-08,10-Q,2022-06-30,136000,NetCashProvidedByUsedInInvestingActivities,USD,2023-08-08,10-Q,2022-06-30,42296000,NetCashProvidedByUsedInOperatingActivities,USD,2023-08-08,10-Q,2022-06-30,through_ocf,True,,,0.055106,0.147164,4.252035,0.004255,0.000473
2023Q3,2023-08-09,CENX,949157,CENTURY ALUMINUM COMPANY,$1B-$2B,,1610200000,RevenueFromContractWithCustomerExcludingAssessedTax,USD,2023-08-09,10-Q,2022-06-30,55100000,NetIncomeLoss,USD,2023-08-09,10-Q,2022-06-30,1472000000,Assets,USD,2023-08-09,10-Q,2022-12-31,-25100000,NetCashProvidedByUsedInFinancingActivities,USD,2023-08-09,10-Q,2022-06-30,-51700000,NetCashProvidedByUsedInInvestingActivities,USD,2023-08-09,10-Q,2022-06-30,68600000,NetCashProvidedByUsedInOperatingActivities,USD,2023-08-09,10-Q,2022-06-30,through_ocf,True,,,0.034219,0.042603,0.914172,-0.015588,-0.032108
2023Q3,2023-08-02,CF,1324404,"CF Industries Holdings, Inc.",$2B-$10B,,2868000000,Revenues,USD,2023-05-02,10-Q,2022-03-31,1051000000,ProfitLoss,USD,2023-05-02,10-Q,2022-03-31,13313000000,Assets,USD,2023-05-02,10-Q,2022-12-31,-339000000,NetCashProvidedByUsedInFinancingActivities,USD,2023-05-02,10-Q,2022-03-31,-62000000,NetCashProvidedByUsedInInvestingActivities,USD,2023-05-02,10-Q,2022-03-31,1391000000,NetCashProvidedByUsedInOperatingActivities,USD,2023-05-02,10-Q,2022-03-31,through_ocf,True,,,0.366457,0.485007,4.641911,-0.118201,-0.021618
2023Q3,2023-07-19,CFG,759944,CITIZENS FINANCIAL GROUP INC/RI,$1B-$2B,,1645000000,Revenues,USD,2023-05-10,10-Q,2022-03-31,420000000,NetIncomeLoss,USD,2023-05-10,10-Q,2022-03-31,226733000000,Assets,USD,2023-05-10,10-Q,2022-12-31,3138000000,NetCashProvidedByUsedInFinancingActivities,USD,2023-05-10,10-Q,2022-03-31,-3914000000,NetCashProvidedByUsedInInvestingActivities,USD,2023-05-10,10-Q,2022-03-31,1554000000,NetCashProvidedByUsedInOperatingActivities,USD,2023-05-10,10-Q,2022-03-31,through_ocf,True,,,0.255319,0.944681,137.831611,1.907599,-2.379331
2023Q3,2023-08-02,CFLT,1699838,"CONFLUENT, INC.",$100M-$500M,,265546000,RevenueFromContractWithCustomerExcludingAssessedTax,USD,2023-08-02,10-Q,2022-06-30,-230618000,NetIncomeLoss,USD,2023-08-02,10-Q,2022-06-30,2344849000,Assets,USD,2023-08-02,10-Q,2022-12-31,45803000,NetCashProvidedByUsedInFinancingActivities,USD,2023-08-02,10-Q,2022-06-30,-803539000,NetCashProvidedByUsedInInvestingActivities,USD,2023-08-02,10-Q,2022-06-30,-88503000,NetCashProvidedByUsedInOperatingActivities,USD,2023-08-02,10-Q,2022-06-30,through_ocf,True,,,-0.868467,-0.333287,8.830293,0.172486,-3.025988
2023Q3,2023-08-03,CGNX,851205,Cognex Corporation,$500M-$1B,,557035000,RevenueFromContractWithCustomerExcludingAssessedTax,USD,2023-08-03,10-Q,2022-07-03,126234000,NetIncomeLoss,USD,2023-08-03,10-Q,2022-07-03,1958140000,Assets,USD,2023-08-03,10-Q,2022-12-31,-172476000,NetCashProvidedByUsedInFinancingActivities,USD,2023-08-03,10-Q,2022-07-03,75597000,NetCashProvidedByUsedInInvestingActivities,USD,2023-08-03,10-Q,2022-07-03,93629000,NetCashProvidedByUsedInOperatingActivities,USD,2023-08-03,10-Q,2022-07-03,through_ocf,True,,,0.226618,0.168085,3.515291,-0.309632,0.135713
2023Q3,2023-07-28,CHD,313927,"CHURCH & DWIGHT CO., INC.",$2B-$10B,,2622300000,RevenueFromContractWithCustomerExcludingAssessedTax,USD,2023-07-28,10-Q,2022-06-30,204400000,NetIncomeLoss,USD,2023-07-28,10-Q,2022-03-31,8345600000,Assets,USD,2023-07-28,10-Q,2022-12-31,132200000,NetCashProvidedByUsedInFinancingActivities,USD,2023-07-28,10-Q,2022-06-30,-39800000,NetCashProvidedByUsedInInvestingActivities,USD,2023-07-28,10-Q,2022-06-30,310400000,NetCashProvidedByUsedInOperatingActivities,USD,2023-07-28,10-Q,2022-06-30,through_ocf,True,,,0.077947,0.118369,3.18255,0.050414,-0.015178
2023Q3,2023-07-26,CHDN,20212,Churchill Downs Inc,$500M-$1B,,946600000,Revenues,USD,2023-07-26,10-Q,2022-06-30,42100000,NetIncomeLoss,USD,2023-07-26,10-Q,2022-03-31,6206800000,Assets,USD,2023-07-26,10-Q,2022-12-31,1058500000,NetCashProvidedByUsedInFinancingActivities,USD,2023-07-26,10-Q,2022-06-30,104600000,NetCashProvidedByUsedInInvestingActivities,USD,2023-07-26,10-Q,2022-06-30,135200000,NetCashProvidedByUsedInOperatingActivities,USD,2023-04-26,10-Q,2022-03-31,through_ocf,True,,,0.044475,0.142827,6.556941,1.118213,0.110501
2023Q3,2023-08-02,CHEF,1517175,"THE CHEFS’ WAREHOUSE, INC.",$1B-$2B,,1160207000,RevenueFromContractWithCustomerExcludingAssessedTax,USD,2023-08-02,10-Q,2022-06-24,1385000,NetIncomeLoss,USD,2023-08-02,10-Q,2022-03-25,1509296000,Assets,USD,2023-08-02,10-Q,2022-12-30,-7733000,NetCashProvidedByUsedInFinancingActivities,USD,2023-08-02,10-Q,2022-06-24,-75497000,NetCashProvidedByUsedInInvestingActivities,USD,2023-08-02,10-Q,2022-06-24,19781000,NetCashProvidedByUsedInOperatingActivities,USD,2023-08-02,10-Q,2022-06-24,through_ocf,True,,,0.001194,0.01705,1.300885,-0.006665,-0.065072
2023Q3,2023-08-02,CHRD,1486159,Chord Energy Corporation,$500M-$1B,,652969000,RevenueFromContractWithCustomerExcludingAssessedTax,USD,2023-05-04,10-Q,2022-03-31,466003000,NetIncomeLoss,USD,2023-05-04,10-Q,2022-03-31,6631081000,Assets,USD,2023-05-04,10-Q,2022-12-31,-59492000,NetCashProvidedByUsedInFinancingActivities,USD,2023-05-04,10-Q,2022-03-31,29303000,NetCashProvidedByUsedInInvestingActivities,USD,2023-05-04,10-Q,2022-03-31,265580000,NetCashProvidedByUsedInOperatingActivities,USD,2023-05-04,10-Q,2022-03-31,through_ocf,True,,,0.713668,0.406727,10.155277,-0.09111,0.044877
2023Q3,2023-08-02,CHRW,1043277,"C.H. ROBINSON WORLDWIDE, INC.",$2B-$10B,,6815953000,RevenueFromContractWithCustomerExcludingAssessedTax,USD,2023-04-28,10-Q,2022-03-31,270348000,NetIncomeLoss,USD,2023-04-28,10-Q,2022-03-31,7521338000,Assets,USD,2023-04-28,10-Q,2022-03-31,21770000,NetCashProvidedByUsedInFinancingActivities,USD,2023-04-28,10-Q,2022-03-31,-23979000,NetCashProvidedByUsedInInvestingActivities,USD,2023-04-28,10-Q,2022-03-31,-13928000,NetCashProvidedByUsedInOperatingActivities,USD,2023-04-28,10-Q,2022-03-31,through_ocf,True,,,0.039664,-0.002043,1.10349,0.003194,-0.003518
2023Q3,2023-08-31,CIEN,936395,Ciena Corp,$1B-$2B,,1793670000,Revenues,USD,2023-06-07,10-Q,2022-04-30,84745000,NetIncomeLoss,USD,2023-06-07,10-Q,2022-04-30,5069632000,Assets,USD,2023-06-07,10-Q,2022-10-29,37142000,NetCashProvidedByUsedInFinancingActivities,USD,2023-06-07,10-Q,2022-04-30,-483132000,NetCashProvidedByUsedInInvestingActivities,USD,2023-06-07,10-Q,2022-04-30,52141000,NetCashProvidedByUsedInOperatingActivities,USD,2023-06-07,10-Q,2022-04-30,through_ocf,True,,,0.047247,0.029069,2.826402,0.020707,-0.269354
2023Q3,2023-07-27,CINF,20286,Cincinnati Financial Corporation,$2B-$10B,,2038000000,Revenues,USD,2023-07-27,10-Q,2022-06-30,-1084000000,NetIncomeLoss,USD,2023-07-27,10-Q,2022-06-30,29732000000,Assets,USD,2023-07-27,10-Q,2022-12-31,-472000000,NetCashProvidedByUsedInFinancingActivities,USD,2023-07-27,10-Q,2022-06-30,-324000000,NetCashProvidedByUsedInInvestingActivities,USD,2023-07-27,10-Q,2022-06-30,755000000,NetCashProvidedByUsedInOperatingActivities,USD,2023-07-27,10-Q,2022-06-30,through_ocf,True,,,-0.531894,0.370461,14.588813,-0.2316,-0.158979
2023Q3,2023-07-28,CL,21665,COLGATE-PALMOLIVE COMPANY,$2B-$10B,,8883000000,RevenueFromContractWithCustomerExcludingAssessedTax,USD,2023-07-28,10-Q,2022-06-30,1162000000,NetIncomeLoss,USD,2023-07-28,10-Q,2022-06-30,15731000000,Assets,USD,2023-07-28,10-Q,2022-12-31,-385000000,NetCashProvidedByUsedInFinancingActivities,USD,2023-07-28,10-Q,2022-06-30,-482000000,NetCashProvidedByUsedInInvestingActivities,USD,2023-07-28,10-Q,2022-06-30,914000000,NetCashProvidedByUsedInOperatingActivities,USD,2023-07-28,10-Q,2022-06-30,through_ocf,True,,,0.130812,0.102893,1.770911,-0.043341,-0.054261
2023Q3,2023-07-26,CLB,0001958086,CORE LABORATORIES INC.,,,,,,,,,,,,,,,,,,,,,,,,,,,,,,,,,,,,,,,through_ocf,False,,revenue;net_income;assets;financing_cash_flow;investing_cash_flow;operating_cash_flow,,,,,
2023Q3,2023-08-09,CLNE,1368265,CLEAN ENERGY FUELS CORP.,$100M-$500M,,180721000,RevenueFromContractWithCustomerExcludingAssessedTax,USD,2023-08-09,10-Q,2022-06-30,-37426000,NetIncomeLoss,USD,2023-08-09,10-Q,2022-06-30,1082357000,Assets,USD,2023-08-09,10-Q,2022-12-31,-10735000,NetCashProvidedByUsedInFinancingActivities,USD,2023-08-09,10-Q,2022-06-30,-70398000,NetCashProvidedByUsedInInvestingActivities,USD,2023-08-09,10-Q,2022-06-30,32238000,NetCashProvidedByUsedInOperatingActivities,USD,2023-08-09,10-Q,2022-06-30,through_ocf,True,,,-0.207093,0.178385,5.989105,-0.059401,-0.38954
2023Q3,2023-08-01,CLW,1441236,CLEARWATER PAPER CORPORATION,$1B-$2B,,1014600000,Revenues,USD,2023-08-01,10-Q,2022-06-30,16600000,NetIncomeLoss,USD,2023-08-01,10-Q,2022-03-31,1703500000,Assets,USD,2023-08-01,10-Q,2022-12-31,-61900000,NetCashProvidedByUsedInFinancingActivities,USD,2023-08-01,10-Q,2022-06-30,-13200000,NetCashProvidedByUsedInInvestingActivities,USD,2023-08-01,10-Q,2022-06-30,119500000,NetCashProvidedByUsedInOperatingActivities,USD,2023-08-01,10-Q,2022-06-30,through_ocf,True,,,0.016361,0.11778,1.678987,-0.061009,-0.01301
2023Q3,2023-08-02,CLX,21076,THE CLOROX COMPANY,$2B-$10B,,5306000000,RevenueFromContractWithCustomerExcludingAssessedTax,USD,2023-05-02,10-Q,2022-03-31,361000000,NetIncomeLoss,USD,2023-05-02,10-Q,2022-03-31,6158000000,Assets,USD,2023-05-02,10-Q,2022-06-30,-363000000,NetCashProvidedByUsedInFinancingActivities,USD,2023-05-02,10-Q,2022-03-31,-167000000,NetCashProvidedByUsedInInvestingActivities,USD,2023-05-02,10-Q,2022-03-31,451000000,NetCashProvidedByUsedInOperatingActivities,USD,2023-05-02,10-Q,2022-03-31,through_ocf,True,,,0.068036,0.084998,1.160573,-0.068413,-0.031474
2023Q3,2023-08-02,CMCO,1005229,COLUMBUS MCKINNON CORPORATION,$100M-$500M,,220287000,RevenueFromContractWithCustomerExcludingAssessedTax,USD,2023-08-02,10-Q,2022-06-30,8391000,ProfitLoss,USD,2023-08-02,10-Q,2022-06-30,1698455000,Assets,USD,2023-08-02,10-Q,2023-03-31,-12881000,NetCashProvidedByUsedInFinancingActivities,USD,2023-08-02,10-Q,2022-06-30,-4832000,NetCashProvidedByUsedInInvestingActivities,USD,2023-08-02,10-Q,2022-06-30,-11177000,NetCashProvidedByUsedInOperatingActivities,USD,2023-08-02,10-Q,2022-06-30,through_ocf,True,,,0.038091,-0.050738,7.710192,-0.058474,-0.021935
2023Q3,2023-07-26,CME,1156375,CME GROUP INC.,$1B-$2B,,1346600000,Revenues,USD,2023-05-03,10-Q,2022-03-31,711000000,ProfitLoss,USD,2023-05-03,10-Q,2022-03-31,174175700000,Assets,USD,2023-05-03,10-Q,2022-12-31,8221600000,NetCashProvidedByUsedInFinancingActivities,USD,2023-05-03,10-Q,2022-03-31,-22900000,NetCashProvidedByUsedInInvestingActivities,USD,2023-05-03,10-Q,2022-03-31,799100000,NetCashProvidedByUsedInOperatingActivities,USD,2023-05-03,10-Q,2022-03-31,through_ocf,True,,,0.527996,0.59342,129.344794,6.105451,-0.017006
2023Q3,2023-07-26,CMG,1058090,"CHIPOTLE MEXICAN GRILL, INC.",$2B-$10B,,2020539000,Revenues,USD,2023-04-27,10-Q,2022-03-31,158294000,NetIncomeLoss,USD,2023-04-27,10-Q,2022-03-31,6927504000,Assets,USD,2023-04-27,10-Q,2022-12-31,-349478000,NetCashProvidedByUsedInFinancingActivities,USD,2023-04-27,10-Q,2022-03-31,-133066000,NetCashProvidedByUsedInInvestingActivities,USD,2023-04-27,10-Q,2022-03-31,282902000,NetCashProvidedByUsedInOperatingActivities,USD,2023-04-27,10-Q,2022-03-31,through_ocf,True,,,0.078342,0.140013,3.428543,-0.172963,-0.065857
2023Q3,2023-08-03,CMI,26172,CUMMINS INC.,>$10B,,12971000000,Revenues,USD,2023-08-03,10-Q,2022-06-30,1130000000,ProfitLoss,USD,2023-08-03,10-Q,2022-06-30,30299000000,Assets,USD,2023-08-03,10-Q,2022-12-31,-391000000,NetCashProvidedByUsedInFinancingActivities,USD,2023-08-03,10-Q,2022-06-30,-576000000,NetCashProvidedByUsedInInvestingActivities,USD,2023-08-03,10-Q,2022-06-30,763000000,NetCashProvidedByUsedInOperatingActivities,USD,2023-08-03,10-Q,2022-06-30,through_ocf,True,,,0.087117,0.058824,2.335903,-0.030144,-0.044407
2023Q3,2023-07-27,CMS,811156,CMS ENERGY CORPORATION,$2B-$10B,,4294000000,Revenues,USD,2023-07-27,10-Q,2022-06-30,501000000,NetIncomeLoss,USD,2023-07-27,10-Q,2022-06-30,31353000000,Assets,USD,2023-07-27,10-Q,2022-12-31,-300000000,NetCashProvidedByUsedInFinancingActivities,USD,2023-07-27,10-Q,2022-06-30,-1139000000,NetCashProvidedByUsedInInvestingActivities,USD,2023-07-27,10-Q,2022-06-30,1059000000,NetCashProvidedByUsedInOperatingActivities,USD,2023-07-27,10-Q,2022-06-30,through_ocf,True,,,0.116674,0.246623,7.301584,-0.069865,-0.265254
2023Q3,2023-08-02,CNDT,1677703,CONDUENT INC,$1B-$2B,,1895000000,Revenues,USD,2023-08-02,10-Q,2022-06-30,136000000,NetIncomeLoss,USD,2023-08-02,10-Q,2022-06-30,3571000000,Assets,USD,2023-08-02,10-Q,2022-12-31,-121000000,NetCashProvidedByUsedInFinancingActivities,USD,2023-08-02,10-Q,2022-06-30,242000000,NetCashProvidedByUsedInInvestingActivities,USD,2023-08-02,10-Q,2022-06-30,-5000000,NetCashProvidedByUsedInOperatingActivities,USD,2023-08-02,10-Q,2022-06-30,through_ocf,True,,,0.071768,-0.002639,1.884433,-0.063852,0.127704
2023Q3,2023-08-04,CNK,1385280,"Cinemark Holdings, Inc.",$1B-$2B,,1204600000,RevenueFromContractWithCustomerExcludingAssessedTax,USD,2023-08-04,10-Q,2022-06-30,147400000,NetIncomeLoss,USD,2023-08-04,10-Q,2022-06-30,5230600000,Assets,USD,2022-11-04,10-Q,2021-12-31,-12900000,NetCashProvidedByUsedInFinancingActivities,USD,2022-11-04,10-Q,2021-09-30,-55000000,NetCashProvidedByUsedInInvestingActivities,USD,2022-11-04,10-Q,2021-09-30,-42200000,NetCashProvidedByUsedInOperatingActivities,USD,2022-11-04,10-Q,2021-09-30,through_ocf,True,,,0.122364,-0.035032,4.342188,-0.010709,-0.045658
2023Q3,2023-07-26,CNMD,816956,CONMED CORPORATION,$100M-$500M,,242327000,Revenues,USD,2023-04-27,10-Q,2022-03-31,14975000,NetIncomeLoss,USD,2023-04-27,10-Q,2022-03-31,2297592000,Assets,USD,2023-04-27,10-Q,2022-12-31,7489000,NetCashProvidedByUsedInFinancingActivities,USD,2023-04-27,10-Q,2022-03-31,-3687000,NetCashProvidedByUsedInInvestingActivities,USD,2023-04-27,10-Q,2022-03-31,328000,NetCashProvidedByUsedInOperatingActivities,USD,2023-04-27,10-Q,2022-03-31,through_ocf,True,,,0.061797,0.001354,9.48137,0.030905,-0.015215
2023Q3,2023-08-09,CNNE,1704720,"CANNAE HOLDINGS, INC.",<$100M,,-116800000,Revenues,USD,2023-08-09,10-Q,2022-06-30,-510900000,NetIncomeLoss,USD,2023-08-09,10-Q,2022-06-30,3188100000,Assets,USD,2023-08-09,10-Q,2022-06-30,-53900000,NetCashProvidedByUsedInFinancingActivities,USD,2023-08-09,10-Q,2022-06-30,201700000,NetCashProvidedByUsedInInvestingActivities,USD,2023-08-09,10-Q,2022-06-30,-133000000,NetCashProvidedByUsedInOperatingActivities,USD,2023-08-09,10-Q,2022-06-30,through_ocf,True,,,4.374144,1.138699,-27.295377,0.461473,-1.726884
2023Q3,2023-07-31,CNO,1224608,"CNO Financial Group, Inc.",$500M-$1B,,842900000,Revenues,USD,2023-05-10,10-Q,2022-03-31,183400000,NetIncomeLoss,USD,2023-05-10,10-Q,2022-03-31,35339900000,Assets,USD,2023-05-10,10-Q,2020-12-31,816200000,NetCashProvidedByUsedInFinancingActivities,USD,2023-05-10,10-Q,2022-03-31,-1010300000,NetCashProvidedByUsedInInvestingActivities,USD,2023-05-10,10-Q,2022-03-31,56400000,NetCashProvidedByUsedInOperatingActivities,USD,2023-05-10,10-Q,2022-03-31,through_ocf,True,,,0.217582,0.066912,41.926563,0.968324,-1.1986
2023Q3,2023-07-27,CNP,1130310,"CenterPoint Energy, Inc.",$2B-$10B,,4707000000,Revenues,USD,2023-07-27,10-Q,2022-06-30,721000000,NetIncomeLoss,USD,2023-07-27,10-Q,2022-06-30,38546000000,Assets,USD,2023-07-27,10-Q,2022-12-31,-1597000000,NetCashProvidedByUsedInFinancingActivities,USD,2023-07-27,10-Q,2022-06-30,942000000,NetCashProvidedByUsedInInvestingActivities,USD,2023-07-27,10-Q,2022-06-30,978000000,NetCashProvidedByUsedInOperatingActivities,USD,2023-07-27,10-Q,2022-06-30,through_ocf,True,,,0.153176,0.207776,8.18908,-0.339282,0.200127
2023Q3,2023-08-08,CNR,1710366,"Core Natural Resources, Inc.",$500M-$1B,,903148000,Revenues,USD,2023-08-08,10-Q,2022-06-30,-4450000,NetIncomeLoss,USD,2023-08-08,10-Q,2022-03-31,2720486000,Assets,USD,2023-08-08,10-Q,2022-06-30,-161979000,NetCashProvidedByUsedInFinancingActivities,USD,2023-08-08,10-Q,2022-06-30,-70126000,NetCashProvidedByUsedInInvestingActivities,USD,2023-08-08,10-Q,2022-06-30,346558000,NetCashProvidedByUsedInOperatingActivities,USD,2023-08-08,10-Q,2022-06-30,through_ocf,True,,,-0.004927,0.383722,3.012226,-0.179349,-0.077646
2023Q3,2023-08-08,CNTY,911147,"CENTURY CASINOS, INC.",$100M-$500M,,214224000,Revenues,USD,2023-08-08,10-Q,2022-06-30,9074000,NetIncomeLoss,USD,2023-08-08,10-Q,2022-06-30,884967000,Assets,USD,2023-08-08,10-Q,2022-12-31,160748000,NetCashProvidedByUsedInFinancingActivities,USD,2023-08-08,10-Q,2022-06-30,-97428000,NetCashProvidedByUsedInInvestingActivities,USD,2023-08-08,10-Q,2022-06-30,26082000,NetCashProvidedByUsedInOperatingActivities,USD,2023-08-08,10-Q,2022-06-30,through_ocf,True,,,0.042358,0.121751,4.131036,0.750373,-0.454795
2023Q3,2023-07-27,CNX,1070412,CNX Resources Corporation,<$100M,,-492680000,Revenues,USD,2023-07-27,10-Q,2022-06-30,-889585000,NetIncomeLoss,USD,2023-07-27,10-Q,2022-06-30,8695890000,Assets,USD,2023-07-27,10-Q,2022-06-30,-299235000,NetCashProvidedByUsedInFinancingActivities,USD,2023-07-27,10-Q,2022-06-30,-232454000,NetCashProvidedByUsedInInvestingActivities,USD,2023-07-27,10-Q,2022-06-30,528362000,NetCashProvidedByUsedInOperatingActivities,USD,2023-07-27,10-Q,2022-06-30,through_ocf,True,,,1.805604,-1.072424,-17.650179,0.607362,0.471815
2023Q3,2023-09-27,CNXC,1803599,CONCENTRIX CORPORATION,$2B-$10B,,3104153000,RevenueFromContractWithCustomerExcludingAssessedTax,USD,2023-07-07,10-Q,2022-05-31,223415000,NetIncomeLoss,USD,2023-07-07,10-Q,2022-05-31,6669768000,Assets,USD,2023-07-07,10-Q,2022-11-30,1415405000,NetCashProvidedByUsedInFinancingActivities,USD,2023-07-07,10-Q,2022-05-31,-1637418000,NetCashProvidedByUsedInInvestingActivities,USD,2023-07-07,10-Q,2022-05-31,212484000,NetCashProvidedByUsedInOperatingActivities,USD,2023-07-07,10-Q,2022-05-31,through_ocf,True,,,0.071973,0.068452,2.14866,0.455971,-0.527493
2023Q3,2023-08-02,CNXN,1050377,"PC CONNECTION, INC.",$1B-$2B,,1616853000,RevenueFromContractWithCustomerExcludingAssessedTax,USD,2023-08-02,10-Q,2022-06-30,47190000,NetIncomeLoss,USD,2023-08-02,10-Q,2022-06-30,1123633000,Assets,USD,2023-08-02,10-Q,2022-06-30,-454000,NetCashProvidedByUsedInFinancingActivities,USD,2023-08-02,10-Q,2022-06-30,-4565000,NetCashProvidedByUsedInInvestingActivities,USD,2023-08-02,10-Q,2022-06-30,-8395000,NetCashProvidedByUsedInOperatingActivities,USD,2023-08-02,10-Q,2022-06-30,through_ocf,True,,,0.029186,-0.005192,0.694951,-0.000281,-0.002823
2023Q3,2023-08-02,COCO,1482981,"The Vita Coco Company, Inc.",$100M-$500M,,241127000,Revenues,USD,2021-11-17,10-Q,2020-09-30,2227000,NetIncomeLoss,USD,2023-05-05,10-Q,2022-03-31,197757000,Assets,USD,2023-05-05,10-Q,2022-12-31,12144000,NetCashProvidedByUsedInFinancingActivities,USD,2023-05-05,10-Q,2022-03-31,-244000,NetCashProvidedByUsedInInvestingActivities,USD,2023-05-05,10-Q,2022-03-31,-22548000,NetCashProvidedByUsedInOperatingActivities,USD,2023-05-05,10-Q,2022-03-31,through_ocf,True,,,0.009236,-0.093511,0.820136,0.050364,-0.001012
2023Q3,2023-08-02,CODI,1345126,COMPASS DIVERSIFIED HOLDINGS,$1B-$2B,,1026110000,RevenueFromContractWithCustomerExcludingAssessedTax,USD,2023-08-02,10-Q,2022-06-30,50129000,NetIncomeLoss,USD,2023-08-02,10-Q,2022-06-30,3849631000,Assets,USD,2023-08-02,10-Q,2022-12-31,3597000,NetCashProvidedByUsedInFinancingActivities,USD,2023-08-02,10-Q,2022-06-30,-22238000,NetCashProvidedByUsedInInvestingActivities,USD,2023-08-02,10-Q,2022-06-30,-35337000,NetCashProvidedByUsedInOperatingActivities,USD,2023-08-02,10-Q,2022-06-30,through_ocf,True,,,0.048853,-0.034438,3.751675,0.003505,-0.021672
2023Q3,2023-07-20,COF,927628,CAPITAL ONE FINANCIAL CORP,$2B-$10B,,8173000000,Revenues,USD,2023-05-05,10-Q,2022-03-31,2403000000,NetIncomeLoss,USD,2023-05-05,10-Q,2022-03-31,455249000000,Assets,USD,2023-05-05,10-Q,2022-12-31,3337000000,NetCashProvidedByUsedInFinancingActivities,USD,2023-05-05,10-Q,2022-03-31,1773000000,NetCashProvidedByUsedInInvestingActivities,USD,2023-05-05,10-Q,2022-03-31,-79000000,NetCashProvidedByUsedInOperatingActivities,USD,2023-05-05,10-Q,2022-03-31,through_ocf,True,,,0.294017,-0.009666,55.701578,0.408296,0.216934
2023Q3,2023-08-16,COHR,820318,Coherent Corp.,$2B-$10B,,2429654000,RevenueFromContractWithCustomerExcludingAssessedTax,USD,2023-05-10,10-Q,2022-03-31,74464000,NetIncomeLoss,USD,2023-05-10,10-Q,2021-09-30,7844846000,Assets,USD,2023-05-10,10-Q,2022-06-30,891283000,NetCashProvidedByUsedInFinancingActivities,USD,2023-05-10,10-Q,2022-03-31,-201741000,NetCashProvidedByUsedInInvestingActivities,USD,2023-05-10,10-Q,2022-03-31,276007000,NetCashProvidedByUsedInOperatingActivities,USD,2023-05-10,10-Q,2022-03-31,through_ocf,True,,,0.030648,0.113599,3.228791,0.366835,-0.083033
2023Q3,2023-08-03,COIN,1679788,"Coinbase Global, Inc.",$1B-$2B,,1974761000,Revenues,USD,2023-08-03,10-Q,2022-06-30,-1523313000,NetIncomeLoss,USD,2023-08-03,10-Q,2022-06-30,89724873000,Assets,USD,2023-08-03,10-Q,2022-12-31,-3607444000,NetCashProvidedByUsedInFinancingActivities,USD,2023-08-03,10-Q,2022-06-30,-618620000,NetCashProvidedByUsedInInvestingActivities,USD,2023-08-03,10-Q,2022-06-30,-442488000,NetCashProvidedByUsedInOperatingActivities,USD,2023-08-03,10-Q,2022-06-30,through_ocf,True,,,-0.771391,-0.224072,45.435814,-1.826775,-0.313263
2023Q3,2023-08-02,COKE,317540,"COCA-COLA CONSOLIDATED, INC.",$2B-$10B,,2999573000,RevenueFromContractWithCustomerExcludingAssessedTax,USD,2023-08-02,10-Q,2022-07-01,192952000,NetIncomeLoss,USD,2023-08-02,10-Q,2022-07-01,3709545000,Assets,USD,2023-08-02,10-Q,2022-12-31,-25432000,NetCashProvidedByUsedInFinancingActivities,USD,2023-08-02,10-Q,2022-07-01,-171614000,NetCashProvidedByUsedInInvestingActivities,USD,2023-08-02,10-Q,2022-07-01,243535000,NetCashProvidedByUsedInOperatingActivities,USD,2023-08-02,10-Q,2022-07-01,through_ocf,True,,,0.064326,0.08119,1.236691,-0.008479,-0.057213
2023Q3,2023-08-03,COLL,1267565,"Collegium Pharmaceutical, Inc.",$100M-$500M,,207300000,RevenueFromContractWithCustomerExcludingAssessedTax,USD,2023-08-03,10-Q,2022-06-30,-13069000,NetIncomeLoss,USD,2023-08-03,10-Q,2022-03-31,1174131000,Assets,USD,2023-08-03,10-Q,2022-12-31,493798000,NetCashProvidedByUsedInFinancingActivities,USD,2023-08-03,10-Q,2022-06-30,-572638000,NetCashProvidedByUsedInInvestingActivities,USD,2023-08-03,10-Q,2022-06-30,15136000,NetCashProvidedByUsedInOperatingActivities,USD,2023-08-03,10-Q,2022-06-30,through_ocf,True,,,-0.063044,0.073015,5.663922,2.382045,-2.762364
2023Q3,2023-08-01,COLM,1050797,COLUMBIA SPORTSWEAR COMPANY,$500M-$1B,,761510000,RevenueFromContractWithCustomerExcludingAssessedTax,USD,2023-05-04,10-Q,2022-03-31,66837000,ProfitLoss,USD,2023-05-04,10-Q,2021-03-31,2787979000,Assets,USD,2023-05-04,10-Q,2022-03-31,-237915000,NetCashProvidedByUsedInFinancingActivities,USD,2023-05-04,10-Q,2021-03-31,-56778000,NetCashProvidedByUsedInInvestingActivities,USD,2023-05-04,10-Q,2021-03-31,-33788000,NetCashProvidedByUsedInOperatingActivities,USD,2023-05-04,10-Q,2021-03-31,through_ocf,True,,,0.087769,-0.04437,3.661119,-0.312425,-0.07456
2023Q3,2023-08-07,COMP,1563190,"COMPASS, INC.",$1B-$2B,,1397000000,Revenues,USD,2023-05-10,10-Q,2022-03-31,-188000000,NetIncomeLoss,USD,2023-05-10,10-Q,2022-03-31,1533100000,Assets,USD,2023-05-10,10-Q,2022-12-31,-1800000,NetCashProvidedByUsedInFinancingActivities,USD,2023-05-10,10-Q,2022-03-31,-29600000,NetCashProvidedByUsedInInvestingActivities,USD,2023-05-10,10-Q,2022-03-31,-111000000,NetCashProvidedByUsedInOperatingActivities,USD,2023-05-10,10-Q,2022-03-31,through_ocf,True,,,-0.134574,-0.079456,1.097423,-0.001288,-0.021188
2023Q3,2023-08-30,COO,711404,"The Cooper Companies, Inc.",$1B-$2B,,1616900000,RevenueFromContractWithCustomerExcludingAssessedTax,USD,2023-06-02,10-Q,2022-04-30,95300000,NetIncomeLoss,USD,2023-06-02,10-Q,2022-01-31,11492300000,Assets,USD,2023-06-02,10-Q,2022-10-31,1696500000,NetCashProvidedByUsedInFinancingActivities,USD,2023-06-02,10-Q,2022-04-30,-1685000000,NetCashProvidedByUsedInInvestingActivities,USD,2023-06-02,10-Q,2022-04-30,297800000,NetCashProvidedByUsedInOperatingActivities,USD,2023-06-02,10-Q,2022-04-30,through_ocf,True,,,0.05894,0.18418,7.107613,1.04923,-1.042118
2023Q3,2023-08-02,COOK,1857853,"TRAEGER, INC.",$100M-$500M,,223710000,RevenueFromContractWithCustomerExcludingAssessedTax,USD,2023-05-10,10-Q,2022-03-31,-8960000,NetIncomeLoss,USD,2023-05-10,10-Q,2022-03-31,946715000,Assets,USD,2023-05-10,10-Q,2022-12-31,45917000,NetCashProvidedByUsedInFinancingActivities,USD,2023-05-10,10-Q,2022-03-31,-4648000,NetCashProvidedByUsedInInvestingActivities,USD,2023-05-10,10-Q,2022-03-31,-46911000,NetCashProvidedByUsedInOperatingActivities,USD,2023-05-10,10-Q,2022-03-31,through_ocf,True,,,-0.040052,-0.209696,4.231885,0.205252,-0.020777
2023Q3,2023-08-02,CORT,1088856,CORCEPT THERAPEUTICS INC,$100M-$500M,,197074000,RevenueFromContractWithCustomerExcludingAssessedTax,USD,2023-08-02,10-Q,2022-06-30,22797000,NetIncomeLoss,USD,2023-08-02,10-Q,2022-03-31,583430000,Assets,USD,2023-08-02,10-Q,2022-12-31,-3262000,NetCashProvidedByUsedInFinancingActivities,USD,2023-08-02,10-Q,2022-06-30,-92296000,NetCashProvidedByUsedInInvestingActivities,USD,2023-08-02,10-Q,2022-06-30,53287000,NetCashProvidedByUsedInOperatingActivities,USD,2023-08-02,10-Q,2022-06-30,through_ocf,True,,,0.115677,0.270391,2.960462,-0.016552,-0.468332
2023Q3,2023-08-08,CPAY,1175454,"Corpay, Inc.",$500M-$1B,,789241000,Revenues,USD,2023-05-10,10-Q,2022-03-31,217952000,NetIncomeLoss,USD,2023-05-10,10-Q,2021-03-31,14089260000,Assets,USD,2023-05-10,10-Q,2022-12-31,-49821000,NetCashProvidedByUsedInFinancingActivities,USD,2023-05-10,10-Q,2022-03-31,-67251000,NetCashProvidedByUsedInInvestingActivities,USD,2023-05-10,10-Q,2022-03-31,-112253000,NetCashProvidedByUsedInOperatingActivities,USD,2023-05-10,10-Q,2022-03-31,through_ocf,True,,,0.276154,-0.142229,17.851657,-0.063125,-0.08521
2023Q3,2023-08-31,CPB,16732,THE CAMPBELL'S COMPANY,$2B-$10B,,6575000000,Revenues,USD,2023-06-07,10-Q,2022-05-01,661000000,NetIncomeLoss,USD,2023-06-07,10-Q,2022-05-01,11892000000,Assets,USD,2023-06-07,10-Q,2022-07-31,-805000000,NetCashProvidedByUsedInFinancingActivities,USD,2023-06-07,10-Q,2022-05-01,-168000000,NetCashProvidedByUsedInInvestingActivities,USD,2023-06-07,10-Q,2022-05-01,1101000000,NetCashProvidedByUsedInOperatingActivities,USD,2023-06-07,10-Q,2022-05-01,through_ocf,True,,,0.100532,0.167452,1.808669,-0.122433,-0.025551
2023Q3,2023-08-03,CPK,19745,CHESAPEAKE UTILITIES CORPORATION,$100M-$500M,,362350000,Revenues,USD,2023-08-03,10-Q,2022-06-30,53985000,NetIncomeLoss,USD,2023-08-03,10-Q,2022-06-30,2215037000,Assets,USD,2023-08-03,10-Q,2022-12-31,-60418000,NetCashProvidedByUsedInFinancingActivities,USD,2023-08-03,10-Q,2022-06-30,-64167000,NetCashProvidedByUsedInInvestingActivities,USD,2023-08-03,10-Q,2022-06-30,123795000,NetCashProvidedByUsedInOperatingActivities,USD,2023-08-03,10-Q,2022-06-30,through_ocf,True,,,0.148986,0.341645,6.112976,-0.166739,-0.177086
2023Q3,2023-09-14,CPRT,900075,"COPART, INC.",$100M-$500M,,461368000,Revenues,USD,2020-09-28,10-K,2018-10-31,260363000,NetIncomeLoss,USD,2023-05-25,10-Q,2021-10-31,5308864000,Assets,USD,2023-05-25,10-Q,2022-07-31,18578000,NetCashProvidedByUsedInFinancingActivities,USD,2023-05-25,10-Q,2022-04-30,-457570000,NetCashProvidedByUsedInInvestingActivities,USD,2023-05-25,10-Q,2022-04-30,863854000,NetCashProvidedByUsedInOperatingActivities,USD,2023-05-25,10-Q,2022-04-30,through_ocf,True,,,0.564328,1.872375,11.506789,0.040267,-0.991768
2023Q3,2023-08-03,CRAI,1053706,"CRA International, Inc.",$100M-$500M,,297484000,RevenueFromContractWithCustomerExcludingAssessedTax,USD,2023-08-03,10-Q,2022-07-02,11426000,NetIncomeLoss,USD,2023-08-03,10-Q,2022-04-02,550917000,Assets,USD,2023-08-03,10-Q,2022-12-31,42100000,NetCashProvidedByUsedInFinancingActivities,USD,2023-08-03,10-Q,2022-07-02,-12252000,NetCashProvidedByUsedInInvestingActivities,USD,2023-08-03,10-Q,2022-07-02,-78812000,NetCashProvidedByUsedInOperatingActivities,USD,2023-08-03,10-Q,2022-07-02,through_ocf,True,,,0.038409,-0.264929,1.851921,0.14152,-0.041185
2023Q3,2023-07-31,CRC,1609253,California Resources Corp,$100M-$500M,,153000000,Revenues,USD,2023-05-02,10-Q,2022-03-31,-175000000,NetIncomeLoss,USD,2023-05-02,10-Q,2022-03-31,3967000000,Assets,USD,2023-05-02,10-Q,2022-12-31,-84000000,NetCashProvidedByUsedInFinancingActivities,USD,2023-05-02,10-Q,2022-03-31,-53000000,NetCashProvidedByUsedInInvestingActivities,USD,2023-05-02,10-Q,2022-03-31,160000000,NetCashProvidedByUsedInOperatingActivities,USD,2023-05-02,10-Q,2022-03-31,through_ocf,True,,,-1.143791,1.045752,25.928105,-0.54902,-0.346405
2023Q3,2023-08-08,CRCT,1828962,"Cricut, Inc.",$100M-$500M,,244783000,RevenueFromContractWithCustomerExcludingAssessedTax,USD,2023-05-10,10-Q,2022-03-31,23504000,NetIncomeLoss,USD,2023-05-10,10-Q,2022-03-31,949627000,Assets,USD,2023-05-10,10-Q,2022-12-31,-1642000,NetCashProvidedByUsedInFinancingActivities,USD,2023-05-10,10-Q,2022-03-31,-9807000,NetCashProvidedByUsedInInvestingActivities,USD,2023-05-10,10-Q,2022-03-31,15579000,NetCashProvidedByUsedInOperatingActivities,USD,2023-05-10,10-Q,2022-03-31,through_ocf,True,,,0.09602,0.063644,3.879465,-0.006708,-0.040064
2023Q3,2023-08-24,CRDO,0001807794,Credo Technology Group Holding Ltd,<$100M,,58697000,RevenueFromContractWithCustomerExcludingAssessedTax,USD,2023-06-23,10-K,2021-04-30,-27511000,NetIncomeLoss,USD,2023-06-23,10-K,2021-04-30,375689000,Assets,USD,2023-06-23,10-K,2022-04-30,77888000,NetCashProvidedByUsedInFinancingActivities,USD,2023-06-23,10-K,2021-04-30,-6056000,NetCashProvidedByUsedInInvestingActivities,USD,2023-06-23,10-K,2021-04-30,-42361000,NetCashProvidedByUsedInOperatingActivities,USD,2023-06-23,10-K,2021-04-30,through_ocf,True,,,-0.468695,-0.721689,6.40048,1.32695,-0.103174
2023Q3,2023-07-28,CRI,1060822,"CARTER’S, INC",$1B-$2B,,1481980000,RevenueFromContractWithCustomerExcludingAssessedTax,USD,2023-07-28,10-Q,2022-07-02,104903000,NetIncomeLoss,USD,2023-07-28,10-Q,2022-07-02,2560650000,Assets,USD,2023-07-28,10-Q,2022-07-02,-641555000,NetCashProvidedByUsedInFinancingActivities,USD,2023-07-28,10-Q,2022-07-02,-16313000,NetCashProvidedByUsedInInvestingActivities,USD,2023-07-28,10-Q,2022-07-02,-93595000,NetCashProvidedByUsedInOperatingActivities,USD,2023-07-28,10-Q,2022-07-02,through_ocf,True,,,0.070786,-0.063155,1.727857,-0.432904,-0.011008
2023Q3,2023-07-31,CRK,23194,"COMSTOCK RESOURCES, INC.",$500M-$1B,,524841000,RevenueFromContractWithCustomerExcludingAssessedTax,USD,2023-05-04,10-Q,2022-03-31,-111424000,NetIncomeLoss,USD,2023-05-04,10-Q,2022-03-31,5694255000,Assets,USD,2023-05-04,10-Q,2022-12-31,-89333000,NetCashProvidedByUsedInFinancingActivities,USD,2023-05-04,10-Q,2022-03-31,-214811000,NetCashProvidedByUsedInInvestingActivities,USD,2023-05-04,10-Q,2022-03-31,285618000,NetCashProvidedByUsedInOperatingActivities,USD,2023-05-04,10-Q,2022-03-31,through_ocf,True,,,-0.2123,0.544199,10.849486,-0.17021,-0.409288
2023Q3,2023-08-09,CRL,1100682,"CHARLES RIVER LABORATORIES INTERNATIONAL, INC.",$1B-$2B,,1887060000,RevenueFromContractWithCustomerExcludingAssessedTax,USD,2023-08-09,10-Q,2022-06-25,202343000,NetIncomeLoss,USD,2023-08-09,10-Q,2022-06-25,7602770000,Assets,USD,2023-08-09,10-Q,2022-12-31,258153000,NetCashProvidedByUsedInFinancingActivities,USD,2023-08-09,10-Q,2022-06-25,-560119000,NetCashProvidedByUsedInInvestingActivities,USD,2023-08-09,10-Q,2022-06-25,252104000,NetCashProvidedByUsedInOperatingActivities,USD,2023-08-09,10-Q,2022-06-25,through_ocf,True,,,0.107227,0.133596,4.028897,0.136802,-0.296821
2023Q3,2023-08-30,CRM,1108524,"Salesforce, Inc.",$2B-$10B,,7411000000,RevenueFromContractWithCustomerExcludingAssessedTax,USD,2023-06-01,10-Q,2022-04-30,28000000,NetIncomeLoss,USD,2023-06-01,10-Q,2022-04-30,98849000000,Assets,USD,2023-06-01,10-Q,2023-01-31,201000000,NetCashProvidedByUsedInFinancingActivities,USD,2023-06-01,10-Q,2022-04-30,-2457000000,NetCashProvidedByUsedInInvestingActivities,USD,2023-06-01,10-Q,2022-04-30,3676000000,NetCashProvidedByUsedInOperatingActivities,USD,2023-06-01,10-Q,2022-04-30,through_ocf,True,,,0.003778,0.496019,13.338146,0.027122,-0.331534
2023Q3,2023-08-08,CRNC,1768267,CERENCE INC.,$100M-$500M,,180706000,RevenueFromContractWithCustomerExcludingAssessedTax,USD,2023-05-09,10-Q,2022-03-31,18568000,NetIncomeLoss,USD,2023-05-09,10-Q,2022-03-31,1318493000,Assets,USD,2023-05-09,10-Q,2022-09-30,-16336000,NetCashProvidedByUsedInFinancingActivities,USD,2023-05-09,10-Q,2022-03-31,-5965000,NetCashProvidedByUsedInInvestingActivities,USD,2023-05-09,10-Q,2022-03-31,6743000,NetCashProvidedByUsedInOperatingActivities,USD,2023-05-09,10-Q,2022-03-31,through_ocf,True,,,0.102753,0.037315,7.296343,-0.090401,-0.033009
2023Q3,2023-07-27,CROX,1334036,"CROCS, INC.",$1B-$2B,,1624729000,RevenueFromContractWithCustomerExcludingAssessedTax,USD,2023-07-27,10-Q,2022-06-30,233075000,NetIncomeLoss,USD,2023-07-27,10-Q,2022-06-30,4501797000,Assets,USD,2023-07-27,10-Q,2022-12-31,1987621000,NetCashProvidedByUsedInFinancingActivities,USD,2023-07-27,10-Q,2022-06-30,-2097029000,NetCashProvidedByUsedInInvestingActivities,USD,2023-07-27,10-Q,2022-06-30,84744000,NetCashProvidedByUsedInOperatingActivities,USD,2023-07-27,10-Q,2022-06-30,through_ocf,True,,,0.143455,0.052159,2.770799,1.223355,-1.290695
2023Q3,2023-08-07,CRSP,1674416,CRISPR THERAPEUTICS AG,<$100M,,1098000,RevenueFromContractWithCustomerExcludingAssessedTax,USD,2023-08-07,10-Q,2022-06-30,-179217000,NetIncomeLoss,USD,2023-08-07,10-Q,2022-03-31,2243057000,Assets,USD,2023-08-07,10-Q,2022-12-31,21002000,NetCashProvidedByUsedInFinancingActivities,USD,2023-08-07,10-Q,2022-06-30,-170587000,NetCashProvidedByUsedInInvestingActivities,USD,2023-08-07,10-Q,2022-06-30,-277195000,NetCashProvidedByUsedInOperatingActivities,USD,2023-08-07,10-Q,2022-06-30,through_ocf,True,,,-163.221311,-252.454463,2042.857013,19.127505,-155.361566
2023Q3,2023-08-03,CRSR,1743759,"Corsair Gaming, Inc.",$500M-$1B,,664599000,RevenueFromContractWithCustomerExcludingAssessedTax,USD,2023-08-03,10-Q,2022-06-30,-54886000,NetIncomeLoss,USD,2023-08-03,10-Q,2022-06-30,1297245000,Assets,USD,2023-08-03,10-Q,2022-12-31,-677000,NetCashProvidedByUsedInFinancingActivities,USD,2023-08-03,10-Q,2022-06-30,-32550000,NetCashProvidedByUsedInInvestingActivities,USD,2023-08-03,10-Q,2022-06-30,10051000,NetCashProvidedByUsedInOperatingActivities,USD,2023-08-03,10-Q,2022-06-30,through_ocf,True,,,-0.082585,0.015123,1.951921,-0.001019,-0.048977
2023Q3,2023-08-02,CRTO,1576427,CRITEO S.A.,$1B-$2B,,1005657000,RevenueFromContractWithCustomerExcludingAssessedTax,USD,2023-08-02,10-Q,2022-06-30,-13027000,NetIncomeLoss,USD,2023-08-02,10-Q,2022-06-30,2348894000,Assets,USD,2023-08-02,10-Q,2022-12-31,-14509000,NetCashProvidedByUsedInFinancingActivities,USD,2023-08-02,10-Q,2022-06-30,23295000,NetCashProvidedByUsedInInvestingActivities,USD,2023-08-02,10-Q,2022-06-30,88902000,NetCashProvidedByUsedInOperatingActivities,USD,2023-08-02,10-Q,2022-06-30,through_ocf,True,,,-0.012954,0.088402,2.335681,-0.014427,0.023164
2023Q3,2023-08-03,CRUS,772406,"CIRRUS LOGIC, INC.",$100M-$500M,,393639000,RevenueFromContractWithCustomerExcludingAssessedTax,USD,2023-08-03,10-Q,2022-06-25,39707000,NetIncomeLoss,USD,2023-08-03,10-Q,2022-06-25,2063966000,Assets,USD,2023-08-03,10-Q,2023-03-25,-57128000,NetCashProvidedByUsedInFinancingActivities,USD,2023-08-03,10-Q,2022-06-25,-7716000,NetCashProvidedByUsedInInvestingActivities,USD,2023-08-03,10-Q,2022-06-25,74365000,NetCashProvidedByUsedInOperatingActivities,USD,2023-08-03,10-Q,2022-06-25,through_ocf,True,,,0.100872,0.188917,5.243297,-0.145128,-0.019602
2023Q3,2023-08-01,CRVL,874866,CORVEL CORPORATION,$500M-$1B,,552644000,RevenueFromContractWithCustomerExcludingAssessedTax,USD,2023-05-26,10-K,2021-03-31,46356000,NetIncomeLoss,USD,2023-05-26,10-K,2021-03-31,415246000,Assets,USD,2023-05-26,10-K,2022-03-31,-20643000,NetCashProvidedByUsedInFinancingActivities,USD,2023-05-26,10-K,2021-03-31,-17243000,NetCashProvidedByUsedInInvestingActivities,USD,2023-05-26,10-K,2021-03-31,94379000,NetCashProvidedByUsedInOperatingActivities,USD,2023-05-26,10-K,2021-03-31,through_ocf,True,,,0.08388,0.170777,0.751381,-0.037353,-0.031201
2023Q3,2023-07-25,CSGP,1057352,"CoStar Group, Inc.",$500M-$1B,,515825000,RevenueFromContractWithCustomerExcludingAssessedTax,USD,2023-04-26,10-Q,2022-03-31,89318000,NetIncomeLoss,USD,2023-04-26,10-Q,2022-03-31,8402470000,Assets,USD,2023-04-26,10-Q,2022-12-31,-15754000,NetCashProvidedByUsedInFinancingActivities,USD,2023-04-26,10-Q,2022-03-31,-12401000,NetCashProvidedByUsedInInvestingActivities,USD,2023-04-26,10-Q,2022-03-31,130707000,NetCashProvidedByUsedInOperatingActivities,USD,2023-04-26,10-Q,2022-03-31,through_ocf,True,,,0.173156,0.253394,16.289381,-0.030541,-0.024041
2023Q3,2023-08-02,CSGS,1005757,"CSG SYSTEMS INTERNATIONAL, INC.",$100M-$500M,,264400000,RevenueFromContractWithCustomerExcludingAssessedTax,USD,2023-05-04,10-Q,2022-03-31,6113000,NetIncomeLoss,USD,2023-05-04,10-Q,2022-03-31,1348553000,Assets,USD,2023-05-04,10-Q,2022-12-31,-54614000,NetCashProvidedByUsedInFinancingActivities,USD,2023-05-04,10-Q,2022-03-31,11512000,NetCashProvidedByUsedInInvestingActivities,USD,2023-05-04,10-Q,2022-03-31,-5549000,NetCashProvidedByUsedInOperatingActivities,USD,2023-05-04,10-Q,2022-03-31,through_ocf,True,,,0.02312,-0.020987,5.100427,-0.206558,0.04354
2023Q3,2023-07-20,CSX,277948,CSX CORPORATION,$2B-$10B,,7228000000,RevenueFromContractWithCustomerExcludingAssessedTax,USD,2023-07-20,10-Q,2022-06-30,859000000,NetIncomeLoss,USD,2023-07-20,10-Q,2022-03-31,41912000000,Assets,USD,2023-07-20,10-Q,2022-12-31,-3026000000,NetCashProvidedByUsedInFinancingActivities,USD,2023-07-20,10-Q,2022-06-30,-1019000000,NetCashProvidedByUsedInInvestingActivities,USD,2023-07-20,10-Q,2022-06-30,2530000000,NetCashProvidedByUsedInOperatingActivities,USD,2023-07-20,10-Q,2022-06-30,through_ocf,True,,,0.118843,0.350028,5.798561,-0.41865,-0.14098
2023Q3,2023-07-13,CTAS,723254,Cintas Corporation,$2B-$10B,,5779773000,RevenueFromContractWithCustomerExcludingAssessedTax,USD,2023-04-06,10-Q,2022-02-28,331179000,NetIncomeLoss,USD,2023-04-06,10-Q,2021-08-31,8168600000,Assets,USD,2023-04-06,10-Q,2022-02-28,-1078574000,NetCashProvidedByUsedInFinancingActivities,USD,2023-04-06,10-Q,2022-02-28,-316311000,NetCashProvidedByUsedInInvestingActivities,USD,2023-04-06,10-Q,2022-02-28,987055000,NetCashProvidedByUsedInOperatingActivities,USD,2023-04-06,10-Q,2022-02-28,through_ocf,True,,,0.0573,0.170777,1.413308,-0.186612,-0.054727
2023Q3,2023-08-02,CTEV,1793229,CLARITEV CORPORATION,$100M-$500M,,298046000,RevenueFromContractWithCustomerExcludingAssessedTax,USD,2023-05-10,10-Q,2022-03-31,43978000,NetIncomeLoss,USD,2023-05-10,10-Q,2022-03-31,7371104000,Assets,USD,2023-05-10,10-Q,2022-12-31,-5270000,NetCashProvidedByUsedInFinancingActivities,USD,2023-05-10,10-Q,2022-03-31,-24165000,NetCashProvidedByUsedInInvestingActivities,USD,2023-05-10,10-Q,2022-03-31,194844000,NetCashProvidedByUsedInOperatingActivities,USD,2023-05-10,10-Q,2022-03-31,through_ocf,True,,,0.147554,0.653738,24.731431,-0.017682,-0.081078
2023Q3,2023-09-06,CTLP,896429,"Cantaloupe, Inc.",$100M-$500M,,147171000,RevenueFromContractWithCustomerExcludingAssessedTax,USD,2023-05-09,10-Q,2022-03-31,-1291000,NetIncomeLoss,USD,2023-05-09,10-Q,2021-09-30,255632000,Assets,USD,2023-05-09,10-Q,2022-06-30,1043000,NetCashProvidedByUsedInFinancingActivities,USD,2023-05-09,10-Q,2022-03-31,-10164000,NetCashProvidedByUsedInInvestingActivities,USD,2023-05-09,10-Q,2022-03-31,-3929000,NetCashProvidedByUsedInOperatingActivities,USD,2023-05-09,10-Q,2022-03-31,through_ocf,True,,,-0.008772,-0.026697,1.736973,0.007087,-0.069063
2023Q3,2023-08-08,CTOS,1709682,"CUSTOM TRUCK ONE SOURCE, INC.",$500M-$1B,,728582000,Revenues,USD,2023-08-08,10-Q,2022-06-30,-3273000,NetIncomeLoss,USD,2023-08-08,10-Q,2022-03-31,2938212000,Assets,USD,2023-08-08,10-Q,2022-12-31,106654000,NetCashProvidedByUsedInFinancingActivities,USD,2023-08-08,10-Q,2022-06-30,-92689000,NetCashProvidedByUsedInInvestingActivities,USD,2023-08-08,10-Q,2022-06-30,-21364000,NetCashProvidedByUsedInOperatingActivities,USD,2023-08-08,10-Q,2022-06-30,through_ocf,True,,,-0.004492,-0.029323,4.032781,0.146386,-0.127218
2023Q3,2023-08-07,CTRA,858470,COTERRA ENERGY INC.,$1B-$2B,,1679000000,Revenues,USD,2023-05-05,10-Q,2022-03-31,608000000,NetIncomeLoss,USD,2023-05-05,10-Q,2022-03-31,20154000000,Assets,USD,2023-05-05,10-Q,2022-12-31,-642000000,NetCashProvidedByUsedInFinancingActivities,USD,2023-05-05,10-Q,2022-03-31,-269000000,NetCashProvidedByUsedInInvestingActivities,USD,2023-05-05,10-Q,2022-03-31,1322000000,NetCashProvidedByUsedInOperatingActivities,USD,2023-05-05,10-Q,2022-03-31,through_ocf,True,,,0.36212,0.787373,12.003574,-0.38237,-0.160214
2023Q3,2023-08-22,CTRN,1318484,"Citi Trends, Inc.",$100M-$500M,,208215000,Revenues,USD,2023-06-07,10-Q,2022-04-30,30203000,ProfitLoss,USD,2023-06-07,10-Q,2022-04-30,544258000,Assets,USD,2023-06-07,10-Q,2023-01-28,-7444000,NetCashProvidedByUsedInFinancingActivities,USD,2023-06-07,10-Q,2022-04-30,38192000,NetCashProvidedByUsedInInvestingActivities,USD,2023-06-07,10-Q,2022-04-30,-18879000,NetCashProvidedByUsedInOperatingActivities,USD,2023-06-07,10-Q,2022-04-30,through_ocf,True,,,0.145057,-0.090671,2.613923,-0.035752,0.183426
2023Q3,2023-07-25,CTS,26058,CTS CORPORATION,$100M-$500M,,292677000,Revenues,USD,2023-07-25,10-Q,2022-06-30,20239000,NetIncomeLoss,USD,2023-07-25,10-Q,2022-03-31,748487000,Assets,USD,2023-07-25,10-Q,2022-12-31,24392000,NetCashProvidedByUsedInFinancingActivities,USD,2023-07-25,10-Q,2022-06-30,-103519000,NetCashProvidedByUsedInInvestingActivities,USD,2023-07-25,10-Q,2022-06-30,35352000,NetCashProvidedByUsedInOperatingActivities,USD,2023-07-25,10-Q,2022-06-30,through_ocf,True,,,0.069151,0.120788,2.557382,0.083341,-0.353697
2023Q3,2023-08-02,CTSH,1058290,Cognizant Technology Solutions Corporation,$2B-$10B,,4826000000,Revenues,USD,2023-05-04,10-Q,2022-03-31,563000000,NetIncomeLoss,USD,2023-05-04,10-Q,2022-03-31,17852000000,Assets,USD,2023-05-04,10-Q,2022-12-31,-600000000,NetCashProvidedByUsedInFinancingActivities,USD,2023-05-04,10-Q,2022-03-31,700000000,NetCashProvidedByUsedInInvestingActivities,USD,2023-05-04,10-Q,2022-03-31,306000000,NetCashProvidedByUsedInOperatingActivities,USD,2023-05-04,10-Q,2022-03-31,through_ocf,True,,,0.11666,0.063407,3.69913,-0.124327,0.145048
2023Q3,2023-08-03,CTVA,1755672,"Corteva, Inc.",$2B-$10B,,4601000000,Revenues,USD,2023-05-04,10-Q,2022-03-31,564000000,NetIncomeLoss,USD,2023-05-04,10-Q,2022-03-31,42633000000,Assets,USD,2023-05-04,10-Q,2022-03-31,714000000,NetCashProvidedByUsedInFinancingActivities,USD,2023-05-04,10-Q,2022-03-31,-404000000,NetCashProvidedByUsedInInvestingActivities,USD,2023-05-04,10-Q,2022-03-31,-2730000000,NetCashProvidedByUsedInOperatingActivities,USD,2023-05-04,10-Q,2022-03-31,through_ocf,True,,,0.122582,-0.593349,9.266029,0.155184,-0.087807
2023Q3,2023-08-03,CVCO,278166,"CAVCO INDUSTRIES, INC.",$1B-$2B,,1108051000,Revenues,USD,2023-05-19,10-K,2021-04-03,76646000,NetIncomeLoss,USD,2023-05-19,10-K,2021-04-03,1154972000,Assets,USD,2023-05-19,10-K,2022-04-02,-6982000,NetCashProvidedByUsedInFinancingActivities,USD,2023-05-19,10-K,2021-04-03,-23349000,NetCashProvidedByUsedInInvestingActivities,USD,2023-05-19,10-K,2021-04-03,114031000,NetCashProvidedByUsedInOperatingActivities,USD,2023-05-19,10-K,2021-04-03,through_ocf,True,,,0.069172,0.102911,1.042346,-0.006301,-0.021072
2023Q3,2023-08-01,CVGI,1290900,"Commercial Vehicle Group, Inc.",$100M-$500M,,244374000,RevenueFromContractWithCustomerExcludingAssessedTax,USD,2023-05-02,10-Q,2022-03-31,3982000,NetIncomeLoss,USD,2023-05-02,10-Q,2022-03-31,470268000,Assets,USD,2023-05-02,10-Q,2022-12-31,28406000,NetCashProvidedByUsedInFinancingActivities,USD,2023-05-02,10-Q,2022-03-31,-3590000,NetCashProvidedByUsedInInvestingActivities,USD,2023-05-02,10-Q,2022-03-31,-21398000,NetCashProvidedByUsedInOperatingActivities,USD,2023-05-02,10-Q,2022-03-31,through_ocf,True,,,0.016295,-0.087563,1.924378,0.11624,-0.014691
2023Q3,2023-09-06,CVGW,1133470,"CALAVO GROWERS, INC",$500M-$1B,,947501000,RevenueFromContractWithCustomerExcludingAssessedTax,USD,2023-09-06,10-Q,2022-07-31,-2933000,NetIncomeLoss,USD,2023-09-06,10-Q,2022-07-31,385746000,Assets,USD,2023-09-06,10-Q,2022-10-31,-33835000,NetCashProvidedByUsedInFinancingActivities,USD,2023-09-06,10-Q,2022-07-31,-7738000,NetCashProvidedByUsedInInvestingActivities,USD,2023-09-06,10-Q,2022-07-31,42184000,NetCashProvidedByUsedInOperatingActivities,USD,2023-09-06,10-Q,2022-07-31,through_ocf,True,,,-0.003096,0.044521,0.407119,-0.03571,-0.008167
2023Q3,2023-07-31,CVI,1376139,"CVR ENERGY, INC.",$2B-$10B,,2373000000,Revenues,USD,2023-05-02,10-Q,2022-03-31,94000000,NetIncomeLoss,USD,2023-05-02,10-Q,2022-03-31,4119000000,Assets,USD,2023-05-02,10-Q,2022-12-31,-115000000,NetCashProvidedByUsedInFinancingActivities,USD,2023-05-02,10-Q,2022-03-31,-41000000,NetCashProvidedByUsedInInvestingActivities,USD,2023-05-02,10-Q,2022-03-31,322000000,NetCashProvidedByUsedInOperatingActivities,USD,2023-05-02,10-Q,2022-03-31,through_ocf,True,,,0.039612,0.135693,1.735777,-0.048462,-0.017278
2023Q3,2023-07-26,CVLG,928658,"COVENANT LOGISTICS GROUP, INC.",$100M-$500M,,158744000,Revenues,USD,2019-03-13,10-K,2017-03-31,22167000,NetIncomeLoss,USD,2023-05-05,10-Q,2022-03-31,796645000,Assets,USD,2023-05-05,10-Q,2022-12-31,4314000,NetCashProvidedByUsedInFinancingActivities,USD,2023-05-05,10-Q,2022-03-31,-44998000,NetCashProvidedByUsedInInvestingActivities,USD,2023-05-05,10-Q,2022-03-31,39416000,NetCashProvidedByUsedInOperatingActivities,USD,2023-05-05,10-Q,2022-03-31,through_ocf,True,,,0.13964,0.248299,5.018426,0.027176,-0.283463
2023Q3,2023-08-01,CVLT,1169561,"Commvault Systems, Inc",$100M-$500M,,197981000,RevenueFromContractWithCustomerExcludingAssessedTax,USD,2023-08-01,10-Q,2022-06-30,3511000,NetIncomeLoss,USD,2023-08-01,10-Q,2022-06-30,782574000,Assets,USD,2023-08-01,10-Q,2023-03-31,-18299000,NetCashProvidedByUsedInFinancingActivities,USD,2023-08-01,10-Q,2022-06-30,-1882000,NetCashProvidedByUsedInInvestingActivities,USD,2023-08-01,10-Q,2022-06-30,22433000,NetCashProvidedByUsedInOperatingActivities,USD,2023-08-01,10-Q,2022-06-30,through_ocf,True,,,0.017734,0.113309,3.952773,-0.092428,-0.009506
2023Q3,2023-07-19,CVNA,1690820,CARVANA CO.,$2B-$10B,,7381000000,RevenueFromContractWithCustomerExcludingAssessedTax,USD,2023-07-19,10-Q,2022-06-30,-498000000,NetIncomeLoss,USD,2023-07-19,10-Q,2022-06-30,8698000000,Assets,USD,2023-07-19,10-Q,2022-12-31,3573000000,NetCashProvidedByUsedInFinancingActivities,USD,2023-07-19,10-Q,2022-06-30,-2525000000,NetCashProvidedByUsedInInvestingActivities,USD,2023-07-19,10-Q,2022-06-30,-487000000,NetCashProvidedByUsedInOperatingActivities,USD,2023-07-19,10-Q,2022-06-30,through_ocf,True,,,-0.067471,-0.06598,1.178431,0.484081,-0.342095
2023Q3,2023-08-10,CVSA,730464,Covista Inc.,$500M-$1B,,899248000,Revenues,USD,2023-08-10,10-K,2021-06-30,70027000,NetIncomeLoss,USD,2023-08-10,10-K,2021-06-30,3030240000,Assets,USD,2023-08-10,10-K,2022-06-30,676466000,NetCashProvidedByUsedInFinancingActivities,USD,2023-08-10,10-K,2021-06-30,-56688000,NetCashProvidedByUsedInInvestingActivities,USD,2023-08-10,10-K,2021-06-30,192199000,NetCashProvidedByUsedInOperatingActivities,USD,2023-08-10,10-K,2021-06-30,through_ocf,True,,,0.077873,0.213733,3.369749,0.752257,-0.063039
2023Q3,2023-08-01,CWH,1669779,"CAMPING WORLD HOLDINGS, INC.",$1B-$2B,,1662396000,RevenueFromContractWithCustomerExcludingAssessedTax,USD,2023-05-03,10-Q,2022-03-31,44730000,NetIncomeLoss,USD,2023-05-03,10-Q,2022-03-31,4727535000,Assets,USD,2023-05-03,10-Q,2022-03-31,166209000,NetCashProvidedByUsedInFinancingActivities,USD,2023-05-03,10-Q,2022-03-31,-84007000,NetCashProvidedByUsedInInvestingActivities,USD,2023-05-03,10-Q,2022-03-31,-210054000,NetCashProvidedByUsedInOperatingActivities,USD,2023-05-03,10-Q,2022-03-31,through_ocf,True,,,0.026907,-0.126356,2.843808,0.099982,-0.050534
2023Q3,2023-07-31,CWK,1628369,Cushman & Wakefield Ltd.,$2B-$10B,,2331000000,RevenueFromContractWithCustomerExcludingAssessedTax,USD,2023-05-05,10-Q,2022-03-31,45500000,NetIncomeLoss,USD,2023-05-05,10-Q,2022-03-31,7949300000,Assets,USD,2023-05-05,10-Q,2022-12-31,-35900000,NetCashProvidedByUsedInFinancingActivities,USD,2023-05-05,10-Q,2022-03-31,36300000,NetCashProvidedByUsedInInvestingActivities,USD,2023-05-05,10-Q,2022-03-31,-158200000,NetCashProvidedByUsedInOperatingActivities,USD,2023-05-05,10-Q,2022-03-31,through_ocf,True,,,0.01952,-0.067868,3.410253,-0.015401,0.015573
2023Q3,2023-07-27,CWST,911177,"CASELLA WASTE SYSTEMS, INC.",$100M-$500M,,234027000,Revenues,USD,2023-04-28,10-Q,2022-03-31,4190000,NetIncomeLoss,USD,2023-04-28,10-Q,2022-03-31,1306971000,Assets,USD,2023-04-28,10-Q,2022-03-31,16593000,NetCashProvidedByUsedInFinancingActivities,USD,2023-04-28,10-Q,2022-03-31,-62522000,NetCashProvidedByUsedInInvestingActivities,USD,2023-04-28,10-Q,2022-03-31,24714000,NetCashProvidedByUsedInOperatingActivities,USD,2023-04-28,10-Q,2022-03-31,through_ocf,True,,,0.017904,0.105603,5.584702,0.070902,-0.267157
2023Q3,2023-07-27,CWT,1035201,CALIFORNIA WATER SERVICE GROUP,$100M-$500M,,357592000,RevenueFromContractWithCustomerExcludingAssessedTax,USD,2023-07-27,10-Q,2022-06-30,20570000,NetIncomeLoss,USD,2023-07-27,10-Q,2022-06-30,3850752000,Assets,USD,2023-07-27,10-Q,2022-12-31,44574000,NetCashProvidedByUsedInFinancingActivities,USD,2023-07-27,10-Q,2022-06-30,-150907000,NetCashProvidedByUsedInInvestingActivities,USD,2023-07-27,10-Q,2022-06-30,89910000,NetCashProvidedByUsedInOperatingActivities,USD,2023-07-27,10-Q,2022-06-30,through_ocf,True,,,0.057524,0.251432,10.768563,0.12465,-0.422009
2023Q3,2023-09-06,CXM,1569345,"Sprinklr, Inc.",$100M-$500M,,295608000,RevenueFromContractWithCustomerExcludingAssessedTax,USD,2023-09-06,10-Q,2022-07-31,-49215000,NetIncomeLoss,USD,2023-09-06,10-Q,2022-07-31,1024991000,Assets,USD,2023-09-06,10-Q,2023-01-31,16642000,NetCashProvidedByUsedInFinancingActivities,USD,2023-09-06,10-Q,2022-07-31,-184915000,NetCashProvidedByUsedInInvestingActivities,USD,2023-09-06,10-Q,2022-07-31,2974000,NetCashProvidedByUsedInOperatingActivities,USD,2023-09-06,10-Q,2022-07-31,through_ocf,True,,,-0.166487,0.010061,3.467399,0.056298,-0.625541
2023Q3,2023-08-08,CXW,1070985,"CORECIVIC, INC.",$500M-$1B,,909685000,Revenues,USD,2023-08-08,10-Q,2022-06-30,19003000,ProfitLoss,USD,2023-08-08,10-Q,2022-03-31,3244769000,Assets,USD,2023-08-08,10-Q,2022-12-31,-254870000,NetCashProvidedByUsedInFinancingActivities,USD,2023-08-08,10-Q,2022-06-30,-22746000,NetCashProvidedByUsedInInvestingActivities,USD,2023-08-08,10-Q,2022-06-30,94314000,NetCashProvidedByUsedInOperatingActivities,USD,2023-08-08,10-Q,2022-06-30,through_ocf,True,,,0.02089,0.103678,3.566915,-0.280174,-0.025004
2023Q3,2023-08-02,CYH,1108109,"COMMUNITY HEALTH SYSTEMS, INC.",$2B-$10B,,3111000000,Revenues,USD,2023-05-02,10-Q,2022-03-31,-1000000,NetIncomeLoss,USD,2023-05-02,10-Q,2022-03-31,14669000000,Assets,USD,2023-05-02,10-Q,2022-12-31,-27000000,NetCashProvidedByUsedInFinancingActivities,USD,2023-05-02,10-Q,2022-03-31,-121000000,NetCashProvidedByUsedInInvestingActivities,USD,2023-05-02,10-Q,2022-03-31,101000000,NetCashProvidedByUsedInOperatingActivities,USD,2023-05-02,10-Q,2022-03-31,through_ocf,True,,,-0.000321,0.032465,4.715204,-0.008679,-0.038894
2023Q3,2023-08-01,CZR,1590895,"CAESARS ENTERTAINMENT, INC.",$2B-$10B,,5113000000,RevenueFromContractWithCustomerExcludingAssessedTax,USD,2023-08-01,10-Q,2022-06-30,-803000000,NetIncomeLoss,USD,2023-08-01,10-Q,2022-06-30,33527000000,Assets,USD,2023-08-01,10-Q,2022-12-31,-30000000,NetCashProvidedByUsedInFinancingActivities,USD,2022-05-04,10-Q,2021-03-31,-13000000,NetCashProvidedByUsedInInvestingActivities,USD,2021-05-05,10-Q,2020-03-31,127858000,NetCashProvidedByUsedInOperatingActivities,USD,2020-08-06,10-Q,2019-06-30,through_ocf,True,,,-0.157051,0.025006,6.557207,-0.005867,-0.002543
2023Q3,2023-08-04,D,715957,"DOMINION ENERGY, INC.",$2B-$10B,,7875000000,Revenues,USD,2023-08-04,10-Q,2022-06-30,258000000,NetIncomeLoss,USD,2023-08-04,10-Q,2022-06-30,104243000000,Assets,USD,2023-08-04,10-Q,2022-12-31,3786000000,NetCashProvidedByUsedInFinancingActivities,USD,2023-08-04,10-Q,2022-06-30,-5148000000,NetCashProvidedByUsedInInvestingActivities,USD,2023-08-04,10-Q,2022-06-30,1361000000,NetCashProvidedByUsedInOperatingActivities,USD,2023-08-04,10-Q,2022-06-30,through_ocf,True,,,0.032762,0.172825,13.237206,0.480762,-0.653714
2023Q3,2023-07-28,DAN,26780,DANA Inc,$2B-$10B,,5066000000,RevenueFromContractWithCustomerExcludingAssessedTax,USD,2023-07-28,10-Q,2022-06-30,25000000,NetIncomeLoss,USD,2023-07-28,10-Q,2022-06-30,7449000000,Assets,USD,2023-07-28,10-Q,2022-12-31,152000000,NetCashProvidedByUsedInFinancingActivities,USD,2023-07-28,10-Q,2022-06-30,-215000000,NetCashProvidedByUsedInInvestingActivities,USD,2023-07-28,10-Q,2022-06-30,136000000,NetCashProvidedByUsedInOperatingActivities,USD,2023-07-28,10-Q,2022-06-30,through_ocf,True,,,0.004935,0.026846,1.470391,0.030004,-0.04244
2023Q3,2023-08-02,DASH,1792789,"DOORDASH, INC.",$2B-$10B,,3064000000,RevenueFromContractWithCustomerExcludingAssessedTax,USD,2023-08-02,10-Q,2022-06-30,-167000000,NetIncomeLoss,USD,2023-08-02,10-Q,2022-03-31,9789000000,Assets,USD,2023-08-02,10-Q,2022-12-31,8000000,NetCashProvidedByUsedInFinancingActivities,USD,2023-08-02,10-Q,2022-06-30,80000000,NetCashProvidedByUsedInInvestingActivities,USD,2023-08-02,10-Q,2022-06-30,145000000,NetCashProvidedByUsedInOperatingActivities,USD,2023-08-02,10-Q,2022-06-30,through_ocf,True,,,-0.054504,0.047324,3.194843,0.002611,0.02611
2023Q3,2023-08-09,DBD,28823,"Diebold Nixdorf, Incorporated",$1B-$2B,,1681500000,Revenues,USD,2023-08-09,10-Q,2022-06-30,-382300000,NetIncomeLoss,USD,2023-08-09,10-Q,2022-06-30,3065000000,Assets,USD,2023-08-09,10-Q,2022-12-31,180300000,NetCashProvidedByUsedInFinancingActivities,USD,2023-08-09,10-Q,2022-06-30,-6900000,NetCashProvidedByUsedInInvestingActivities,USD,2023-08-09,10-Q,2022-06-30,-306600000,NetCashProvidedByUsedInOperatingActivities,USD,2023-08-09,10-Q,2022-06-30,through_ocf,True,,,-0.227357,-0.182337,1.822777,0.107226,-0.004103
2023Q3,2023-09-07,DBI,1319947,Designer Brands Inc.,$1B-$2B,,1689862000,Revenues,USD,2023-09-07,10-Q,2022-07-30,72395000,NetIncomeLoss,USD,2023-09-07,10-Q,2022-07-30,2102439000,Assets,USD,2023-09-07,10-Q,2022-07-30,7398000,NetCashProvidedByUsedInFinancingActivities,USD,2023-09-07,10-Q,2022-07-30,-40234000,NetCashProvidedByUsedInInvestingActivities,USD,2023-09-07,10-Q,2022-07-30,10864000,NetCashProvidedByUsedInOperatingActivities,USD,2023-09-07,10-Q,2022-07-30,through_ocf,True,,,0.042841,0.006429,1.244148,0.004378,-0.023809
2023Q3,2023-08-03,DBX,1467623,"Dropbox, Inc.",$500M-$1B,,562400000,RevenueFromContractWithCustomerExcludingAssessedTax,USD,2023-05-09,10-Q,2022-03-31,79700000,NetIncomeLoss,USD,2023-05-09,10-Q,2022-03-31,3110100000,Assets,USD,2023-05-09,10-Q,2022-12-31,-328800000,NetCashProvidedByUsedInFinancingActivities,USD,2023-05-09,10-Q,2022-03-31,101000000,NetCashProvidedByUsedInInvestingActivities,USD,2023-05-09,10-Q,2022-03-31,141400000,NetCashProvidedByUsedInOperatingActivities,USD,2023-05-09,10-Q,2022-03-31,through_ocf,True,,,0.141714,0.251422,5.53005,-0.584637,0.179587
2023Q3,2023-08-07,DCGO,1822359,DOCGO INC.,$100M-$500M,,117891552,Revenues,USD,2023-05-09,10-Q,2022-03-31,10629694,NetIncomeLoss,USD,2023-05-09,10-Q,2022-03-31,393277628,Assets,USD,2023-05-09,10-Q,2022-12-31,2496798,NetCashProvidedByUsedInFinancingActivities,USD,2023-05-09,10-Q,2022-03-31,-1137040,NetCashProvidedByUsedInInvestingActivities,USD,2023-05-09,10-Q,2022-03-31,18264682,NetCashProvidedByUsedInOperatingActivities,USD,2023-05-09,10-Q,2022-03-31,through_ocf,True,,,0.090165,0.154928,3.335927,0.021179,-0.009645
2023Q3,2023-08-04,DCH,1062231,DAUCH CORPORATION,$2B-$10B,,2874500000,RevenueFromContractWithCustomerExcludingAssessedTax,USD,2023-08-04,10-Q,2022-06-30,23900000,NetIncomeLoss,USD,2023-08-04,10-Q,2022-06-30,5469400000,Assets,USD,2023-08-04,10-Q,2022-12-31,-86700000,NetCashProvidedByUsedInFinancingActivities,USD,2023-08-04,10-Q,2022-06-30,-150200000,NetCashProvidedByUsedInInvestingActivities,USD,2023-08-04,10-Q,2022-06-30,215200000,NetCashProvidedByUsedInOperatingActivities,USD,2023-08-04,10-Q,2022-06-30,through_ocf,True,,,0.008314,0.074865,1.902731,-0.030162,-0.052253
2023Q3,2023-08-03,DCO,30305,DUCOMMUN INCORPORATED,$100M-$500M,,337679000,RevenueFromContractWithCustomerExcludingAssessedTax,USD,2023-08-03,10-Q,2022-07-02,8099000,NetIncomeLoss,USD,2023-08-03,10-Q,2022-04-02,1021506000,Assets,USD,2023-08-03,10-Q,2022-12-31,-36263000,NetCashProvidedByUsedInFinancingActivities,USD,2023-08-03,10-Q,2022-07-02,-8652000,NetCashProvidedByUsedInInvestingActivities,USD,2023-08-03,10-Q,2022-07-02,6118000,NetCashProvidedByUsedInOperatingActivities,USD,2023-08-03,10-Q,2022-07-02,through_ocf,True,,,0.023984,0.018118,3.02508,-0.107389,-0.025622
2023Q3,2023-08-02,DD,1666700,"DUPONT DE NEMOURS, INC.",$2B-$10B,,3274000000,RevenueFromContractWithCustomerExcludingAssessedTax,USD,2023-05-03,10-Q,2022-03-31,488000000,NetIncomeLoss,USD,2023-05-03,10-Q,2022-03-31,41355000000,Assets,USD,2023-05-03,10-Q,2022-12-31,-258000000,NetCashProvidedByUsedInFinancingActivities,USD,2023-05-03,10-Q,2022-03-31,-229000000,NetCashProvidedByUsedInInvestingActivities,USD,2023-05-03,10-Q,2022-03-31,209000000,NetCashProvidedByUsedInOperatingActivities,USD,2023-05-03,10-Q,2022-03-31,through_ocf,True,,,0.149053,0.063836,12.631338,-0.078803,-0.069945
2023Q3,2023-08-09,DDD,910638,3D SYSTEMS CORPORATION,$100M-$500M,,273046000,RevenueFromContractWithCustomerExcludingAssessedTax,USD,2023-08-09,10-Q,2022-06-30,-59760000,NetIncomeLoss,USD,2023-08-09,10-Q,2022-06-30,1446613000,Assets,USD,2023-08-09,10-Q,2022-12-31,-12687000,NetCashProvidedByUsedInFinancingActivities,USD,2023-08-09,10-Q,2022-06-30,-437086000,NetCashProvidedByUsedInInvestingActivities,USD,2023-08-09,10-Q,2022-06-30,-38211000,NetCashProvidedByUsedInOperatingActivities,USD,2023-08-09,10-Q,2022-06-30,through_ocf,True,,,-0.218864,-0.139943,5.298056,-0.046465,-1.600778
2023Q3,2023-08-08,DDOG,1561550,"Datadog, Inc.",$100M-$500M,,363030000,RevenueFromContractWithCustomerExcludingAssessedTax,USD,2023-05-05,10-Q,2022-03-31,9738000,NetIncomeLoss,USD,2023-05-05,10-Q,2022-03-31,3004852000,Assets,USD,2023-05-05,10-Q,2022-12-31,4242000,NetCashProvidedByUsedInFinancingActivities,USD,2023-05-05,10-Q,2022-03-31,-150354000,NetCashProvidedByUsedInInvestingActivities,USD,2023-05-05,10-Q,2022-03-31,147388000,NetCashProvidedByUsedInOperatingActivities,USD,2023-05-05,10-Q,2022-03-31,through_ocf,True,,,0.026824,0.405994,8.277145,0.011685,-0.414164
2023Q3,2023-07-27,DECK,910521,DECKERS OUTDOOR CORP,$2B-$10B,,2545641000,RevenueFromContractWithCustomerExcludingAssessedTax,USD,2023-05-26,10-K,2021-03-31,382575000,NetIncomeLoss,USD,2023-05-26,10-K,2021-03-31,2332250000,Assets,USD,2023-05-26,10-K,2022-03-31,-129581000,NetCashProvidedByUsedInFinancingActivities,USD,2023-05-26,10-K,2021-03-31,-32169000,NetCashProvidedByUsedInInvestingActivities,USD,2023-05-26,10-K,2021-03-31,596217000,NetCashProvidedByUsedInOperatingActivities,USD,2023-05-26,10-K,2021-03-31,through_ocf,True,,,0.150286,0.234211,0.916174,-0.050903,-0.012637
2023Q3,2023-08-01,DEI,1364250,"Douglas Emmett, Inc.",$100M-$500M,,238882000,Revenues,USD,2023-05-04,10-Q,2022-03-31,25514000,NetIncomeLoss,USD,2023-05-04,10-Q,2022-03-31,9747446000,Assets,USD,2023-05-04,10-Q,2022-12-31,-65157000,NetCashProvidedByUsedInFinancingActivities,USD,2023-05-04,10-Q,2022-03-31,-72944000,NetCashProvidedByUsedInInvestingActivities,USD,2023-05-04,10-Q,2022-03-31,139470000,NetCashProvidedByUsedInOperatingActivities,USD,2023-05-04,10-Q,2022-03-31,through_ocf,True,,,0.106806,0.583845,40.804439,-0.272758,-0.305356
2023Q3,2023-08-02,DFIN,1669811,"Donnelley Financial Solutions, Inc.",$100M-$500M,,477200000,RevenueFromContractWithCustomerExcludingAssessedTax,USD,2023-08-02,10-Q,2022-06-30,72400000,NetIncomeLoss,USD,2023-08-02,10-Q,2022-06-30,925200000,Assets,USD,2023-08-02,10-Q,2022-06-30,-7200000,NetCashProvidedByUsedInFinancingActivities,USD,2023-08-02,10-Q,2022-06-30,-24800000,NetCashProvidedByUsedInInvestingActivities,USD,2023-08-02,10-Q,2022-06-30,-6400000,NetCashProvidedByUsedInOperatingActivities,USD,2023-08-02,10-Q,2022-06-30,through_ocf,True,,,0.151718,-0.013412,1.93881,-0.015088,-0.05197
2023Q3,2023-08-31,DG,29534,DOLLAR GENERAL CORPORATION,>$10B,,18177065000,RevenueFromContractWithCustomerExcludingAssessedTax,USD,2023-08-31,10-Q,2022-07-29,1230687000,NetIncomeLoss,USD,2023-08-31,10-Q,2022-07-29,29083367000,Assets,USD,2023-08-31,10-Q,2023-02-03,-309964000,NetCashProvidedByUsedInFinancingActivities,USD,2023-08-31,10-Q,2022-07-29,-656618000,NetCashProvidedByUsedInInvestingActivities,USD,2023-08-31,10-Q,2022-07-29,948016000,NetCashProvidedByUsedInOperatingActivities,USD,2023-08-31,10-Q,2022-07-29,through_ocf,True,,,0.067705,0.052155,1.600003,-0.017052,-0.036123
2023Q3,2023-08-03,DGII,854775,Digi International Inc,$100M-$500M,,178970000,Revenues,USD,2023-05-05,10-Q,2022-03-31,4034000,NetIncomeLoss,USD,2023-05-05,10-Q,2022-03-31,853895000,Assets,USD,2023-05-05,10-Q,2022-09-30,227048000,NetCashProvidedByUsedInFinancingActivities,USD,2023-05-05,10-Q,2022-03-31,-349186000,NetCashProvidedByUsedInInvestingActivities,USD,2023-05-05,10-Q,2022-03-31,11758000,NetCashProvidedByUsedInOperatingActivities,USD,2023-05-05,10-Q,2022-03-31,through_ocf,True,,,0.02254,0.065698,4.771163,1.268637,-1.951087
2023Q3,2023-07-26,DGX,1022079,Quest Diagnostics Inc,$2B-$10B,,2611000000,RevenueFromContractWithCustomerExcludingAssessedTax,USD,2023-04-28,10-Q,2022-03-31,355000000,NetIncomeLoss,USD,2023-04-28,10-Q,2022-03-31,12837000000,Assets,USD,2023-04-28,10-Q,2022-12-31,-471000000,NetCashProvidedByUsedInFinancingActivities,USD,2023-04-28,10-Q,2022-03-31,-169000000,NetCashProvidedByUsedInInvestingActivities,USD,2023-04-28,10-Q,2022-03-31,480000000,NetCashProvidedByUsedInOperatingActivities,USD,2023-04-28,10-Q,2022-03-31,through_ocf,True,,,0.135963,0.183838,4.916507,-0.180391,-0.064726
2023Q3,2023-07-25,DHR,313616,DANAHER CORPORATION,>$10B,,15439000000,RevenueFromContractWithCustomerExcludingAssessedTax,USD,2023-07-25,10-Q,2022-07-01,3405000000,NetIncomeLoss,USD,2023-07-25,10-Q,2022-07-01,84350000000,Assets,USD,2023-07-25,10-Q,2022-12-31,-1434000000,NetCashProvidedByUsedInFinancingActivities,USD,2023-07-25,10-Q,2022-07-01,-903000000,NetCashProvidedByUsedInInvestingActivities,USD,2023-07-25,10-Q,2022-07-01,3968000000,NetCashProvidedByUsedInOperatingActivities,USD,2023-07-25,10-Q,2022-07-01,through_ocf,True,,,0.220545,0.257011,5.463437,-0.092882,-0.058488
2023Q3,2023-08-03,DIN,49754,"Dine Brands Global, Inc.",$100M-$500M,,468217000,Revenues,USD,2023-08-03,10-Q,2022-06-30,48812000,NetIncomeLoss,USD,2023-08-03,10-Q,2022-06-30,1881491000,Assets,USD,2023-08-03,10-Q,2022-12-31,-124743000,NetCashProvidedByUsedInFinancingActivities,USD,2023-08-03,10-Q,2022-06-30,-777000,NetCashProvidedByUsedInInvestingActivities,USD,2023-08-03,10-Q,2022-06-30,29879000,NetCashProvidedByUsedInOperatingActivities,USD,2023-08-03,10-Q,2022-06-30,through_ocf,True,,,0.104251,0.063814,4.018417,-0.266421,-0.001659
2023Q3,2023-08-08,DIOD,29002,DIODES INCORPORATED,$500M-$1B,,983095000,RevenueFromContractWithCustomerExcludingAssessedTax,USD,2023-08-08,10-Q,2022-06-30,152846000,NetIncomeLoss,USD,2023-08-08,10-Q,2022-06-30,2285044000,Assets,USD,2023-08-08,10-Q,2022-06-30,-38790000,NetCashProvidedByUsedInFinancingActivities,USD,2023-08-08,10-Q,2022-06-30,-164568000,NetCashProvidedByUsedInInvestingActivities,USD,2023-08-08,10-Q,2022-06-30,157339000,NetCashProvidedByUsedInOperatingActivities,USD,2023-08-08,10-Q,2022-06-30,through_ocf,True,,,0.155474,0.160045,2.324337,-0.039457,-0.167398
2023Q3,2023-08-07,DK,1694426,"DELEK US HOLDINGS, INC.",$2B-$10B,,4459100000,RevenueFromContractWithCustomerExcludingAssessedTax,USD,2023-05-09,10-Q,2022-03-31,6600000,NetIncomeLoss,USD,2023-05-09,10-Q,2022-03-31,8192800000,Assets,USD,2023-05-09,10-Q,2022-12-31,1000000,NetCashProvidedByUsedInFinancingActivities,USD,2023-05-09,10-Q,2022-03-31,-30200000,NetCashProvidedByUsedInInvestingActivities,USD,2023-05-09,10-Q,2022-03-31,26800000,NetCashProvidedByUsedInOperatingActivities,USD,2023-05-09,10-Q,2022-03-31,through_ocf,True,,,0.00148,0.00601,1.837321,0.000224,-0.006773
2023Q3,2023-07-27,DLR,1297996,"DIGITAL REALTY TRUST, INC.",$1B-$2B,,1127322000,Revenues,USD,2023-05-04,10-Q,2022-03-31,73281000,NetIncomeLoss,USD,2023-05-04,10-Q,2022-03-31,41484998000,Assets,USD,2023-05-04,10-Q,2022-12-31,478296000,NetCashProvidedByUsedInFinancingActivities,USD,2023-05-04,10-Q,2022-03-31,-719092000,NetCashProvidedByUsedInInvestingActivities,USD,2023-05-04,10-Q,2022-03-31,277685000,NetCashProvidedByUsedInOperatingActivities,USD,2023-05-04,10-Q,2022-03-31,through_ocf,True,,,0.065004,0.246323,36.799599,0.424276,-0.637876
2023Q3,2023-08-24,DLTR,935703,"DOLLAR TREE, INC.",>$10B,,13671100000,Revenues,USD,2023-08-24,10-Q,2022-07-30,896300000,NetIncomeLoss,USD,2023-08-24,10-Q,2022-07-30,22676300000,Assets,USD,2023-08-24,10-Q,2022-07-30,-283300000,NetCashProvidedByUsedInFinancingActivities,USD,2023-08-24,10-Q,2022-07-30,-533400000,NetCashProvidedByUsedInInvestingActivities,USD,2023-08-24,10-Q,2022-07-30,520600000,NetCashProvidedByUsedInOperatingActivities,USD,2023-08-24,10-Q,2022-07-30,through_ocf,True,,,0.065562,0.03808,1.658703,-0.020723,-0.039017
2023Q3,2023-08-03,DLX,27996,DELUXE CORPORATION,$500M-$1B,,556015000,Revenues,USD,2023-05-09,10-Q,2022-03-31,9644000,NetIncomeLoss,USD,2023-05-09,10-Q,2022-03-31,3076520000,Assets,USD,2023-05-09,10-Q,2022-12-31,-109968000,NetCashProvidedByUsedInFinancingActivities,USD,2023-05-09,10-Q,2022-03-31,-20329000,NetCashProvidedByUsedInInvestingActivities,USD,2023-05-09,10-Q,2022-03-31,34265000,NetCashProvidedByUsedInOperatingActivities,USD,2023-05-09,10-Q,2022-03-31,through_ocf,True,,,0.017345,0.061626,5.53316,-0.197779,-0.036562
2023Q3,2023-08-02,DNOW,1599617,DNOW INC.,$1B-$2B,,1012000000,RevenueFromContractWithCustomerExcludingAssessedTax,USD,2023-08-02,10-Q,2022-06-30,56000000,NetIncomeLoss,USD,2023-08-02,10-Q,2022-06-30,1320000000,Assets,USD,2023-08-02,10-Q,2022-12-31,0,NetCashProvidedByUsedInFinancingActivities,USD,2023-08-02,10-Q,2022-06-30,-25000000,NetCashProvidedByUsedInInvestingActivities,USD,2023-08-02,10-Q,2022-06-30,-51000000,NetCashProvidedByUsedInOperatingActivities,USD,2023-08-02,10-Q,2022-06-30,through_ocf,True,,,0.055336,-0.050395,1.304348,0.0,-0.024704
2023Q3,2023-08-10,DNUT,1857154,"Krispy Kreme, Inc.",$500M-$1B,,747777000,RevenueFromContractWithCustomerExcludingAssessedTax,USD,2023-08-10,10-Q,2022-07-03,153000,NetIncomeLoss,USD,2023-08-10,10-Q,2022-07-03,3148537000,Assets,USD,2023-08-10,10-Q,2023-01-01,-14156000,NetCashProvidedByUsedInFinancingActivities,USD,2023-08-10,10-Q,2022-07-03,-48279000,NetCashProvidedByUsedInInvestingActivities,USD,2023-08-10,10-Q,2022-07-03,53923000,NetCashProvidedByUsedInOperatingActivities,USD,2023-08-10,10-Q,2022-07-03,through_ocf,True,,,0.000205,0.072111,4.210529,-0.018931,-0.064563
2023Q3,2023-07-27,DOC,765880,"Healthpeak Properties, Inc.",$100M-$500M,,498372000,Revenues,USD,2023-04-28,10-Q,2022-03-31,71613000,NetIncomeLoss,USD,2023-04-28,10-Q,2022-03-31,15771229000,Assets,USD,2023-04-28,10-Q,2022-12-31,-18511000,NetCashProvidedByUsedInFinancingActivities,USD,2023-04-28,10-Q,2022-03-31,-245962000,NetCashProvidedByUsedInInvestingActivities,USD,2023-04-28,10-Q,2022-03-31,194183000,NetCashProvidedByUsedInOperatingActivities,USD,2023-04-28,10-Q,2022-03-31,through_ocf,True,,,0.143694,0.389635,31.645496,-0.037143,-0.493531
2023Q3,2023-07-06,DOCN,1582961,"DigitalOcean Holdings, Inc.",$100M-$500M,,127327000,RevenueFromContractWithCustomerExcludingAssessedTax,USD,2023-05-09,10-Q,2022-03-31,-18568000,NetIncomeLoss,USD,2023-05-09,10-Q,2022-03-31,1815908000,Assets,USD,2023-05-09,10-Q,2022-12-31,-157879000,NetCashProvidedByUsedInFinancingActivities,USD,2023-05-09,10-Q,2022-03-31,-1121024000,NetCashProvidedByUsedInInvestingActivities,USD,2023-05-09,10-Q,2022-03-31,30401000,NetCashProvidedByUsedInOperatingActivities,USD,2023-05-09,10-Q,2022-03-31,through_ocf,True,,,-0.145829,0.238763,14.261767,-1.239949,-8.804291
2023Q3,2023-09-07,DOCU,1261333,"DOCUSIGN, INC.",$1B-$2B,,1210876000,RevenueFromContractWithCustomerExcludingAssessedTax,USD,2023-09-07,10-Q,2022-07-31,-72451000,NetIncomeLoss,USD,2023-09-07,10-Q,2022-07-31,3012720000,Assets,USD,2023-09-07,10-Q,2023-01-31,-34103000,NetCashProvidedByUsedInFinancingActivities,USD,2023-09-07,10-Q,2022-07-31,-145852000,NetCashProvidedByUsedInInvestingActivities,USD,2023-09-07,10-Q,2022-07-31,317165000,NetCashProvidedByUsedInOperatingActivities,USD,2023-09-07,10-Q,2022-07-31,through_ocf,True,,,-0.059834,0.26193,2.48805,-0.028164,-0.120452
2023Q3,2023-07-25,DOV,29905,DOVER Corp,$2B-$10B,,4210616000,RevenueFromContractWithCustomerExcludingAssessedTax,USD,2023-07-25,10-Q,2022-06-30,515771000,NetIncomeLoss,USD,2023-07-25,10-Q,2022-06-30,10896519000,Assets,USD,2023-07-25,10-Q,2022-12-31,45265000,NetCashProvidedByUsedInFinancingActivities,USD,2023-07-25,10-Q,2022-06-30,-115853000,NetCashProvidedByUsedInInvestingActivities,USD,2023-07-25,10-Q,2022-06-30,202456000,NetCashProvidedByUsedInOperatingActivities,USD,2023-07-25,10-Q,2022-06-30,through_ocf,True,,,0.122493,0.048082,2.587868,0.01075,-0.027515
2023Q3,2023-07-24,DPZ,1286681,"Domino’s Pizza, Inc.",$2B-$10B,,2076331000,Revenues,USD,2023-07-24,10-Q,2022-06-19,193457000,NetIncomeLoss,USD,2023-07-24,10-Q,2022-06-19,1602221000,Assets,USD,2023-07-24,10-Q,2023-01-01,-166720000,NetCashProvidedByUsedInFinancingActivities,USD,2023-07-24,10-Q,2022-06-19,-39913000,NetCashProvidedByUsedInInvestingActivities,USD,2023-07-24,10-Q,2022-06-19,153415000,NetCashProvidedByUsedInOperatingActivities,USD,2023-07-24,10-Q,2022-06-19,through_ocf,True,,,0.093173,0.073888,0.77166,-0.080295,-0.019223
2023Q3,2023-08-03,DRH,1298946,DiamondRock Hospitality Co,$100M-$500M,,196833000,RevenueFromContractWithCustomerExcludingAssessedTax,USD,2023-05-05,10-Q,2022-03-31,10028000,NetIncomeLoss,USD,2023-05-05,10-Q,2022-03-31,3207540000,Assets,USD,2023-05-05,10-Q,2022-12-31,102671000,NetCashProvidedByUsedInFinancingActivities,USD,2023-05-05,10-Q,2022-03-31,-110869000,NetCashProvidedByUsedInInvestingActivities,USD,2023-05-05,10-Q,2022-03-31,13154000,NetCashProvidedByUsedInOperatingActivities,USD,2023-05-05,10-Q,2022-03-31,through_ocf,True,,,0.050947,0.066828,16.295743,0.521615,-0.563264
2023Q3,2023-09-21,DRI,940944,"DARDEN RESTAURANTS, INC.",$2B-$10B,,7196100000,RevenueFromContractWithCustomerExcludingAssessedTax,USD,2023-07-21,10-K,2021-05-30,629300000,NetIncomeLoss,USD,2023-07-21,10-K,2021-05-30,10135800000,Assets,USD,2023-07-21,10-K,2022-05-29,-478900000,NetCashProvidedByUsedInFinancingActivities,USD,2023-07-21,10-K,2021-05-30,-263700000,NetCashProvidedByUsedInInvestingActivities,USD,2023-07-21,10-K,2021-05-30,,,,,,,through_ocf,False,,operating_cash_flow,0.08745,,1.408513,-0.06655,-0.036645
2023Q3,2023-07-28,DRS,1833756,"Leonardo DRS, Inc.",$500M-$1B,,612000000,RevenueFromContractWithCustomerExcludingAssessedTax,USD,2023-05-04,10-Q,2022-03-31,36000000,NetIncomeLoss,USD,2023-05-04,10-Q,2022-03-31,3677000000,Assets,USD,2023-05-04,10-Q,2022-12-31,141000000,NetCashProvidedByUsedInFinancingActivities,USD,2023-05-04,10-Q,2022-03-31,-13000000,NetCashProvidedByUsedInInvestingActivities,USD,2023-05-04,10-Q,2022-03-31,-255000000,NetCashProvidedByUsedInOperatingActivities,USD,2023-05-04,10-Q,2022-03-31,through_ocf,True,,,0.058824,-0.416667,6.00817,0.230392,-0.021242
2023Q3,2023-08-02,DRVN,1804745,Driven Brands Holdings Inc.,$100M-$500M,,468323000,RevenueFromContractWithCustomerExcludingAssessedTax,USD,2023-05-09,10-Q,2022-03-26,34443000,NetIncomeLoss,USD,2023-05-09,10-Q,2022-03-26,6499898000,Assets,USD,2023-05-09,10-Q,2022-12-31,-5719000,NetCashProvidedByUsedInFinancingActivities,USD,2023-05-09,10-Q,2022-03-26,-253332000,NetCashProvidedByUsedInInvestingActivities,USD,2023-05-09,10-Q,2022-03-26,9040000,NetCashProvidedByUsedInOperatingActivities,USD,2023-05-09,10-Q,2022-03-26,through_ocf,True,,,0.073545,0.019303,13.879092,-0.012212,-0.540934
2023Q3,2023-08-03,DSGR,703604,"DISTRIBUTION SOLUTIONS GROUP, INC.",$100M-$500M,,475421000,RevenueFromContractWithCustomerExcludingAssessedTax,USD,2023-08-03,10-Q,2022-06-30,-2537000,NetIncomeLoss,USD,2023-08-03,10-Q,2022-03-31,1215610000,Assets,USD,2023-08-03,10-Q,2022-12-31,157043000,NetCashProvidedByUsedInFinancingActivities,USD,2023-08-03,10-Q,2022-06-30,-115286000,NetCashProvidedByUsedInInvestingActivities,USD,2023-08-03,10-Q,2022-06-30,-39543000,NetCashProvidedByUsedInOperatingActivities,USD,2023-08-03,10-Q,2022-06-30,through_ocf,True,,,-0.005336,-0.083175,2.556913,0.330324,-0.242492
2023Q3,2023-07-27,DTE,936340,DTE Energy Co,$2B-$10B,,3236000000,Revenues,USD,2018-04-25,10-Q,2017-03-31,431000000,NetIncomeLoss,USD,2023-07-27,10-Q,2022-06-30,42683000000,Assets,USD,2023-07-27,10-Q,2022-12-31,479000000,NetCashProvidedByUsedInFinancingActivities,USD,2023-07-27,10-Q,2022-06-30,-1568000000,NetCashProvidedByUsedInInvestingActivities,USD,2023-07-27,10-Q,2022-06-30,1136000000,NetCashProvidedByUsedInOperatingActivities,USD,2023-07-27,10-Q,2022-06-30,through_ocf,True,,,0.133189,0.351051,13.190049,0.148022,-0.484549
2023Q3,2023-08-08,DUK,1326160,DUKE ENERGY CORPORATION,$2B-$10B,,5928000000,RevenueFromContractWithCustomerExcludingAssessedTax,USD,2018-05-10,10-Q,2018-03-31,1764000000,NetIncomeLoss,USD,2023-08-08,10-Q,2022-06-30,178086000000,Assets,USD,2023-08-08,10-Q,2022-12-31,1576000000,NetCashProvidedByUsedInFinancingActivities,USD,2023-08-08,10-Q,2022-06-30,-5492000000,NetCashProvidedByUsedInInvestingActivities,USD,2023-08-08,10-Q,2022-06-30,4035000000,NetCashProvidedByUsedInOperatingActivities,USD,2023-08-08,10-Q,2022-06-30,through_ocf,True,,,0.297571,0.680668,30.041498,0.265857,-0.926451
2023Q3,2023-08-08,DUOL,1562088,"Duolingo, Inc.",<$100M,,81220000,RevenueFromContractWithCustomerExcludingAssessedTax,USD,2023-05-10,10-Q,2022-03-31,-12154000,NetIncomeLoss,USD,2023-05-10,10-Q,2022-03-31,747347000,Assets,USD,2023-05-10,10-Q,2022-12-31,5226000,NetCashProvidedByUsedInFinancingActivities,USD,2023-05-10,10-Q,2022-03-31,-2444000,NetCashProvidedByUsedInInvestingActivities,USD,2023-05-10,10-Q,2022-03-31,20627000,NetCashProvidedByUsedInOperatingActivities,USD,2023-05-10,10-Q,2022-03-31,through_ocf,True,,,-0.149643,0.253965,9.201514,0.064344,-0.030091
2023Q3,2023-08-03,DVA,927066,DAVITA INC.,$2B-$10B,,5744312000,Revenues,USD,2023-08-03,10-Q,2022-06-30,386931000,NetIncomeLoss,USD,2023-08-03,10-Q,2022-06-30,16928252000,Assets,USD,2023-08-03,10-Q,2022-12-31,-444965000,NetCashProvidedByUsedInFinancingActivities,USD,2023-08-03,10-Q,2022-06-30,-263232000,NetCashProvidedByUsedInInvestingActivities,USD,2023-08-03,10-Q,2022-06-30,510316000,NetCashProvidedByUsedInOperatingActivities,USD,2023-08-03,10-Q,2022-06-30,through_ocf,True,,,0.067359,0.088838,2.946959,-0.077462,-0.045825
2023Q3,2023-08-01,DVN,1090012,DEVON ENERGY CORP/DE,$2B-$10B,,3812000000,Revenues,USD,2023-05-09,10-Q,2022-03-31,989000000,NetIncomeLoss,USD,2023-05-09,10-Q,2022-03-31,23721000000,Assets,USD,2023-05-09,10-Q,2022-12-31,-959000000,NetCashProvidedByUsedInFinancingActivities,USD,2023-05-09,10-Q,2022-03-31,-526000000,NetCashProvidedByUsedInInvestingActivities,USD,2023-05-09,10-Q,2022-03-31,1837000000,NetCashProvidedByUsedInOperatingActivities,USD,2023-05-09,10-Q,2022-03-31,through_ocf,True,,,0.259444,0.481899,6.222718,-0.251574,-0.137985
2023Q3,2023-07-27,DXCM,1093557,"DEXCOM, INC.",$1B-$2B,,1325000000,RevenueFromContractWithCustomerExcludingAssessedTax,USD,2023-07-27,10-Q,2022-06-30,148200000,NetIncomeLoss,USD,2023-07-27,10-Q,2022-06-30,5391700000,Assets,USD,2023-07-27,10-Q,2022-12-31,1000000,NetCashProvidedByUsedInFinancingActivities,USD,2023-07-27,10-Q,2022-06-30,-556700000,NetCashProvidedByUsedInInvestingActivities,USD,2023-07-27,10-Q,2022-06-30,243800000,NetCashProvidedByUsedInOperatingActivities,USD,2023-07-27,10-Q,2022-06-30,through_ocf,True,,,0.111849,0.184,4.069208,0.000755,-0.420151
2023Q3,2023-08-24,DXLG,813298,"DESTINATION XL GROUP, INC.",$100M-$500M,,272289000,RevenueFromContractWithCustomerExcludingAssessedTax,USD,2023-08-24,10-Q,2022-07-30,13388000,NetIncomeLoss,USD,2023-08-24,10-Q,2022-04-30,350598000,Assets,USD,2023-08-24,10-Q,2023-01-28,-13123000,NetCashProvidedByUsedInFinancingActivities,USD,2023-08-24,10-Q,2022-07-30,-4056000,NetCashProvidedByUsedInInvestingActivities,USD,2023-08-24,10-Q,2022-07-30,23849000,NetCashProvidedByUsedInOperatingActivities,USD,2023-08-24,10-Q,2022-07-30,through_ocf,True,,,0.049168,0.087587,1.287595,-0.048195,-0.014896
2023Q3,2023-08-09,DXPE,1020710,"DXP Enterprises, Inc.",$500M-$1B,,687223000,RevenueFromContractWithCustomerExcludingAssessedTax,USD,2023-08-09,10-Q,2022-06-30,27074000,NetIncomeLoss,USD,2023-08-09,10-Q,2022-06-30,1037280000,Assets,USD,2023-08-09,10-Q,2022-12-31,12023000,NetCashProvidedByUsedInFinancingActivities,USD,2023-08-09,10-Q,2022-06-30,-45965000,NetCashProvidedByUsedInInvestingActivities,USD,2023-08-09,10-Q,2022-06-30,5686000,NetCashProvidedByUsedInOperatingActivities,USD,2023-08-09,10-Q,2022-06-30,through_ocf,True,,,0.039396,0.008274,1.509379,0.017495,-0.066885
2023Q3,2023-08-23,DY,67215,"DYCOM INDUSTRIES, INC.",$500M-$1B,,876300000,RevenueFromContractWithCustomerExcludingAssessedTax,USD,2023-05-25,10-Q,2022-04-30,19536000,NetIncomeLoss,USD,2023-05-25,10-Q,2022-04-30,2313254000,Assets,USD,2023-05-25,10-Q,2023-01-28,-27244000,NetCashProvidedByUsedInFinancingActivities,USD,2023-05-25,10-Q,2022-04-30,-33030000,NetCashProvidedByUsedInInvestingActivities,USD,2023-05-25,10-Q,2022-04-30,-64915000,NetCashProvidedByUsedInOperatingActivities,USD,2023-05-25,10-Q,2022-04-30,through_ocf,True,,,0.022294,-0.074079,2.639797,-0.03109,-0.037693
2023Q3,2023-08-01,EA,712515,ELECTRONIC ARTS INC.,$2B-$10B,,5629000000,Revenues,USD,2023-05-24,10-K,2021-03-31,837000000,NetIncomeLoss,USD,2023-05-24,10-K,2021-03-31,13800000000,Assets,USD,2023-05-24,10-K,2022-03-31,-15000000,NetCashProvidedByUsedInFinancingActivities,USD,2023-05-24,10-K,2021-03-31,-505000000,NetCashProvidedByUsedInInvestingActivities,USD,2023-05-24,10-K,2021-03-31,1934000000,NetCashProvidedByUsedInOperatingActivities,USD,2023-05-24,10-K,2021-03-31,through_ocf,True,,,0.148694,0.343578,2.45159,-0.002665,-0.089714
2023Q3,2023-08-16,EAT,703351,"BRINKER INTERNATIONAL, INC.",$2B-$10B,,2782600000,Revenues,USD,2023-05-03,10-Q,2022-03-30,13200000,NetIncomeLoss,USD,2023-05-03,10-Q,2021-09-29,2484400000,Assets,USD,2023-05-03,10-Q,2022-06-29,-29200000,NetCashProvidedByUsedInFinancingActivities,USD,2023-05-03,10-Q,2022-03-30,-193400000,NetCashProvidedByUsedInInvestingActivities,USD,2023-05-03,10-Q,2022-03-30,211600000,NetCashProvidedByUsedInOperatingActivities,USD,2023-05-03,10-Q,2022-03-30,through_ocf,True,,,0.004744,0.076044,0.892834,-0.010494,-0.069503
2023Q3,2023-07-26,EBAY,1065088,eBay Inc.,$2B-$10B,,2483000000,RevenueFromContractWithCustomerExcludingAssessedTax,USD,2023-04-27,10-Q,2022-03-31,-1341000000,NetIncomeLoss,USD,2023-04-27,10-Q,2022-03-31,20850000000,Assets,USD,2023-04-27,10-Q,2022-12-31,-1952000000,NetCashProvidedByUsedInFinancingActivities,USD,2023-04-27,10-Q,2022-03-31,1772000000,NetCashProvidedByUsedInInvestingActivities,USD,2023-04-27,10-Q,2022-03-31,613000000,NetCashProvidedByUsedInOperatingActivities,USD,2023-04-27,10-Q,2022-03-31,through_ocf,True,,,-0.540072,0.246879,8.3971,-0.786146,0.713653
2023Q3,2023-09-18,EBF,33002,"ENNIS, INC.",$100M-$500M,,107667000,RevenueFromContractWithCustomerExcludingAssessedTax,USD,2023-07-05,10-Q,2022-05-31,11627000,NetIncomeLoss,USD,2023-07-05,10-Q,2022-05-31,393835000,Assets,USD,2023-07-05,10-Q,2023-02-28,-7586000,NetCashProvidedByUsedInFinancingActivities,USD,2023-07-05,10-Q,2022-05-31,-1036000,NetCashProvidedByUsedInInvestingActivities,USD,2023-07-05,10-Q,2022-05-31,14237000,NetCashProvidedByUsedInOperatingActivities,USD,2023-07-05,10-Q,2022-05-31,through_ocf,True,,,0.10799,0.132232,3.657899,-0.070458,-0.009622
2023Q3,2023-08-08,EBS,1367644,EMERGENT BIOSOLUTIONS INC.,$100M-$500M,,307500000,Revenues,USD,2023-05-10,10-Q,2022-03-31,-3700000,NetIncomeLoss,USD,2023-05-10,10-Q,2022-03-31,3166600000,Assets,USD,2023-05-10,10-Q,2022-12-31,-70500000,NetCashProvidedByUsedInFinancingActivities,USD,2023-05-10,10-Q,2022-03-31,-32200000,NetCashProvidedByUsedInInvestingActivities,USD,2023-05-10,10-Q,2022-03-31,-37300000,NetCashProvidedByUsedInOperatingActivities,USD,2023-05-10,10-Q,2022-03-31,through_ocf,True,,,-0.012033,-0.121301,10.297886,-0.229268,-0.104715
2023Q3,2023-08-01,ECL,31462,ECOLAB INC.,$2B-$10B,,3266700000,RevenueFromContractWithCustomerExcludingAssessedTax,USD,2023-05-04,10-Q,2022-03-31,171900000,NetIncomeLoss,USD,2023-05-04,10-Q,2022-03-31,21464300000,Assets,USD,2023-05-04,10-Q,2022-12-31,-305300000,NetCashProvidedByUsedInFinancingActivities,USD,2023-05-04,10-Q,2022-03-31,-129200000,NetCashProvidedByUsedInInvestingActivities,USD,2023-05-04,10-Q,2022-03-31,170100000,NetCashProvidedByUsedInOperatingActivities,USD,2023-05-04,10-Q,2022-03-31,through_ocf,True,,,0.052622,0.052071,6.570637,-0.093458,-0.039551
2023Q3,2023-08-02,ECPG,1084961,"ENCORE CAPITAL GROUP, INC.",$500M-$1B,,856599000,Revenues,USD,2023-08-02,10-Q,2022-06-30,236188000,NetIncomeLoss,USD,2023-08-02,10-Q,2022-06-30,4508360000,Assets,USD,2023-08-02,10-Q,2022-12-31,-155600000,NetCashProvidedByUsedInFinancingActivities,USD,2023-08-02,10-Q,2022-06-30,35107000,NetCashProvidedByUsedInInvestingActivities,USD,2023-08-02,10-Q,2022-06-30,98530000,NetCashProvidedByUsedInOperatingActivities,USD,2023-08-02,10-Q,2022-06-30,through_ocf,True,,,0.275728,0.115025,5.263093,-0.181649,0.040984
2023Q3,2023-08-03,ECVT,1708035,Ecovyst Inc.,$100M-$500M,,179714000,RevenueFromContractWithCustomerExcludingAssessedTax,USD,2023-05-05,10-Q,2022-03-31,7875000,NetIncomeLoss,USD,2023-05-05,10-Q,2022-03-31,1884553000,Assets,USD,2023-05-05,10-Q,2022-12-31,-2555000,NetCashProvidedByUsedInFinancingActivities,USD,2023-05-05,10-Q,2022-03-31,-14413000,NetCashProvidedByUsedInInvestingActivities,USD,2023-05-05,10-Q,2022-03-31,6423000,NetCashProvidedByUsedInOperatingActivities,USD,2023-05-05,10-Q,2022-03-31,through_ocf,True,,,0.04382,0.03574,10.486401,-0.014217,-0.0802
2023Q3,2023-08-03,ED,1047862,"Consolidated Edison, Inc.",$2B-$10B,,7475000000,Revenues,USD,2023-08-03,10-Q,2022-06-30,857000000,NetIncomeLoss,USD,2023-08-03,10-Q,2022-06-30,69065000000,Assets,USD,2023-08-03,10-Q,2022-12-31,255000000,NetCashProvidedByUsedInFinancingActivities,USD,2023-08-03,10-Q,2022-06-30,-2118000000,NetCashProvidedByUsedInInvestingActivities,USD,2023-08-03,10-Q,2022-06-30,1957000000,NetCashProvidedByUsedInOperatingActivities,USD,2023-08-03,10-Q,2022-06-30,through_ocf,True,,,0.114649,0.261806,9.239465,0.034114,-0.283344
2023Q3,2023-08-09,EE,0001888447,"Excelerate Energy, Inc.",$500M-$1B,,591673000,Revenues,USD,2023-05-11,10-Q,2022-03-31,38023000,ProfitLoss,USD,2022-11-14,10-Q,2021-03-31,2866822000,Assets,USD,2023-05-11,10-Q,2022-12-31,53774000,NetCashProvidedByUsedInFinancingActivities,USD,2023-05-11,10-Q,2022-03-31,-11029000,NetCashProvidedByUsedInInvestingActivities,USD,2023-05-11,10-Q,2022-03-31,-31353000,NetCashProvidedByUsedInOperatingActivities,USD,2023-05-11,10-Q,2022-03-31,through_ocf,True,,,0.064264,-0.05299,4.845281,0.090885,-0.01864
2023Q3,2023-07-26,EEFT,1029199,"Euronet Worldwide, Inc.",$500M-$1B,,718500000,Revenues,USD,2023-05-09,10-Q,2022-03-31,8200000,NetIncomeLoss,USD,2023-05-09,10-Q,2022-03-31,5403600000,Assets,USD,2023-05-09,10-Q,2022-12-31,235300000,NetCashProvidedByUsedInFinancingActivities,USD,2023-05-09,10-Q,2022-03-31,-356900000,NetCashProvidedByUsedInInvestingActivities,USD,2023-05-09,10-Q,2022-03-31,5700000,NetCashProvidedByUsedInOperatingActivities,USD,2023-05-09,10-Q,2022-03-31,through_ocf,True,,,0.011413,0.007933,7.520668,0.327488,-0.496729
2023Q3,2023-08-02,EEX,1579214,"Emerald Holding, Inc.",<$100M,,98500000,RevenueFromContractWithCustomerExcludingAssessedTax,USD,2023-05-04,10-Q,2022-03-31,16100000,ProfitLoss,USD,2023-05-04,10-Q,2022-03-31,1098400000,Assets,USD,2023-05-04,10-Q,2022-12-31,-6600000,NetCashProvidedByUsedInFinancingActivities,USD,2023-05-04,10-Q,2022-03-31,-3200000,NetCashProvidedByUsedInInvestingActivities,USD,2023-05-04,10-Q,2022-03-31,33000000,NetCashProvidedByUsedInOperatingActivities,USD,2023-05-04,10-Q,2022-03-31,through_ocf,True,,,0.163452,0.335025,11.151269,-0.067005,-0.032487
2023Q3,2023-07-19,EFX,33185,EQUIFAX INC.,$1B-$2B,,1363200000,RevenueFromContractWithCustomerExcludingAssessedTax,USD,2023-04-20,10-Q,2022-03-31,221800000,NetIncomeLoss,USD,2023-04-20,10-Q,2022-03-31,11547900000,Assets,USD,2023-04-20,10-Q,2022-12-31,444300000,NetCashProvidedByUsedInFinancingActivities,USD,2023-04-20,10-Q,2022-03-31,-268200000,NetCashProvidedByUsedInInvestingActivities,USD,2023-04-20,10-Q,2022-03-31,-198500000,NetCashProvidedByUsedInOperatingActivities,USD,2023-04-20,10-Q,2022-03-31,through_ocf,True,,,0.162705,-0.145613,8.471171,0.325924,-0.196743
2023Q3,2023-07-26,EG,1095073,"Everest Group, Ltd.",$2B-$10B,,2896000000,Revenues,USD,2023-05-04,10-Q,2022-03-31,298000000,NetIncomeLoss,USD,2023-05-04,10-Q,2022-03-31,39966000000,Assets,USD,2023-05-04,10-Q,2022-12-31,-94000000,NetCashProvidedByUsedInFinancingActivities,USD,2023-05-04,10-Q,2022-03-31,-421000000,NetCashProvidedByUsedInInvestingActivities,USD,2023-05-04,10-Q,2022-03-31,846000000,NetCashProvidedByUsedInOperatingActivities,USD,2023-05-04,10-Q,2022-03-31,through_ocf,True,,,0.102901,0.292127,13.800414,-0.032459,-0.145373
2023Q3,2023-08-09,EHAB,0001803737,"Enhabit, Inc.",$100M-$500M,,274300000,RevenueFromContractWithCustomerExcludingAssessedTax,USD,2023-05-12,10-Q,2022-03-31,26100000,NetIncomeLoss,USD,2023-05-12,10-Q,2022-03-31,1526800000,Assets,USD,2023-05-12,10-Q,2022-12-31,-26800000,NetCashProvidedByUsedInFinancingActivities,USD,2023-05-12,10-Q,2022-03-31,-1400000,NetCashProvidedByUsedInInvestingActivities,USD,2023-05-12,10-Q,2022-03-31,41400000,NetCashProvidedByUsedInOperatingActivities,USD,2023-05-12,10-Q,2022-03-31,through_ocf,True,,,0.095151,0.15093,5.566168,-0.097703,-0.005104
2023Q3,2023-07-26,EIG,1379041,"EMPLOYERS HOLDINGS, INC.",$100M-$500M,,152000000,Revenues,USD,2023-04-28,10-Q,2022-03-31,-2300000,NetIncomeLoss,USD,2023-04-28,10-Q,2022-03-31,3716700000,Assets,USD,2023-04-28,10-Q,2022-12-31,44700000,NetCashProvidedByUsedInFinancingActivities,USD,2023-04-28,10-Q,2022-03-31,-6100000,NetCashProvidedByUsedInInvestingActivities,USD,2023-04-28,10-Q,2022-03-31,16800000,NetCashProvidedByUsedInOperatingActivities,USD,2023-04-28,10-Q,2022-03-31,through_ocf,True,,,-0.015132,0.110526,24.451974,0.294079,-0.040132
2023Q3,2023-07-27,EIX,827052,EDISON INTERNATIONAL,$2B-$10B,,7976000000,Revenues,USD,2023-07-27,10-Q,2022-06-30,136000000,ProfitLoss,USD,2023-07-27,10-Q,2022-03-31,78041000000,Assets,USD,2023-07-27,10-Q,2022-12-31,1119000000,NetCashProvidedByUsedInFinancingActivities,USD,2023-07-27,10-Q,2022-06-30,-2628000000,NetCashProvidedByUsedInInvestingActivities,USD,2023-07-27,10-Q,2022-06-30,1238000000,NetCashProvidedByUsedInOperatingActivities,USD,2023-07-27,10-Q,2022-06-30,through_ocf,True,,,0.017051,0.155216,9.784478,0.140296,-0.329488
2023Q3,2023-08-08,EMBC,0001872789,EMBECTA CORP.,$500M-$1B,,854900000,RevenueFromContractWithCustomerExcludingAssessedTax,USD,2023-08-08,10-Q,2022-06-30,240800000,NetIncomeLoss,USD,2023-08-08,10-Q,2022-06-30,1086400000,Assets,USD,2023-08-08,10-Q,2022-09-30,-40900000,NetCashProvidedByUsedInFinancingActivities,USD,2023-08-08,10-Q,2022-06-30,-15400000,NetCashProvidedByUsedInInvestingActivities,USD,2023-08-08,10-Q,2022-06-30,354200000,NetCashProvidedByUsedInOperatingActivities,USD,2023-08-08,10-Q,2022-06-30,through_ocf,True,,,0.28167,0.414317,1.270792,-0.047842,-0.018014
2023Q3,2023-07-27,EME,105634,"EMCOR Group, Inc.",$2B-$10B,,5299937000,Revenues,USD,2023-07-27,10-Q,2022-06-30,174050000,NetIncomeLoss,USD,2023-07-27,10-Q,2022-06-30,5524607000,Assets,USD,2023-07-27,10-Q,2022-12-31,-475090000,NetCashProvidedByUsedInFinancingActivities,USD,2023-07-27,10-Q,2022-06-30,-53328000,NetCashProvidedByUsedInInvestingActivities,USD,2023-07-27,10-Q,2022-06-30,-18851000,NetCashProvidedByUsedInOperatingActivities,USD,2023-07-27,10-Q,2022-06-30,through_ocf,True,,,0.03284,-0.003557,1.042391,-0.089641,-0.010062
2023Q3,2023-08-02,EMR,32604,Emerson Electric Co.,$1B-$2B,,1660000000,Revenues,USD,2023-08-02,10-Q,2022-12-31,2491000000,NetIncomeLoss,USD,2023-08-02,10-Q,2022-06-30,35672000000,Assets,USD,2023-08-02,10-Q,2022-09-30,3557000000,NetCashProvidedByUsedInFinancingActivities,USD,2023-08-02,10-Q,2022-06-30,-4975000000,NetCashProvidedByUsedInInvestingActivities,USD,2023-08-02,10-Q,2022-06-30,1705000000,NetCashProvidedByUsedInOperatingActivities,USD,2023-08-02,10-Q,2022-06-30,through_ocf,True,,,1.500602,1.027108,21.489157,2.142771,-2.996988
2023Q3,2023-08-03,ENOV,1420800,ENOVIS CORPORATION,$500M-$1B,,770574000,RevenueFromContractWithCustomerExcludingAssessedTax,USD,2023-08-03,10-Q,2022-07-01,91923000,NetIncomeLoss,USD,2023-08-03,10-Q,2022-07-01,4273248000,Assets,USD,2023-08-03,10-Q,2022-12-31,-506299000,NetCashProvidedByUsedInFinancingActivities,USD,2023-08-03,10-Q,2022-07-01,-80173000,NetCashProvidedByUsedInInvestingActivities,USD,2023-08-03,10-Q,2022-07-01,-39313000,NetCashProvidedByUsedInOperatingActivities,USD,2023-08-03,10-Q,2022-07-01,through_ocf,True,,,0.119292,-0.051018,5.545539,-0.657041,-0.104043
2023Q3,2023-07-27,ENPH,1463101,"Enphase Energy, Inc.",$500M-$1B,,971488000,RevenueFromContractWithCustomerExcludingAssessedTax,USD,2023-07-27,10-Q,2022-06-30,128797000,NetIncomeLoss,USD,2023-07-27,10-Q,2022-06-30,3084280000,Assets,USD,2023-07-27,10-Q,2022-12-31,-10220000,NetCashProvidedByUsedInFinancingActivities,USD,2023-07-27,10-Q,2022-06-30,84226000,NetCashProvidedByUsedInInvestingActivities,USD,2023-07-27,10-Q,2022-06-30,303093000,NetCashProvidedByUsedInOperatingActivities,USD,2023-07-27,10-Q,2022-06-30,through_ocf,True,,,0.132577,0.311988,3.1748,-0.01052,0.086698
2023Q3,2023-08-08,ENR,1632790,"ENERGIZER HOLDINGS, INC.",$2B-$10B,,2259700000,RevenueFromContractWithCustomerExcludingAssessedTax,USD,2023-08-08,10-Q,2022-06-30,131400000,NetIncomeLoss,USD,2023-08-08,10-Q,2022-06-30,4572100000,Assets,USD,2023-08-08,10-Q,2022-09-30,158400000,NetCashProvidedByUsedInFinancingActivities,USD,2023-08-08,10-Q,2022-06-30,-78900000,NetCashProvidedByUsedInInvestingActivities,USD,2023-08-08,10-Q,2022-06-30,-106200000,NetCashProvidedByUsedInOperatingActivities,USD,2023-08-08,10-Q,2022-06-30,through_ocf,True,,,0.058149,-0.046997,2.023322,0.070098,-0.034916
2023Q3,2023-08-09,ENS,1289308,EnerSys,$100M-$500M,,186052000,Revenues,USD,2020-06-01,10-K,2018-03-31,30978000,NetIncomeLoss,USD,2023-08-09,10-Q,2022-07-03,3616674000,Assets,USD,2023-08-09,10-Q,2023-03-31,97537000,NetCashProvidedByUsedInFinancingActivities,USD,2023-08-09,10-Q,2022-07-03,-22875000,NetCashProvidedByUsedInInvestingActivities,USD,2023-08-09,10-Q,2022-07-03,-71891000,NetCashProvidedByUsedInOperatingActivities,USD,2023-08-09,10-Q,2022-07-03,through_ocf,True,,,0.166502,-0.386403,19.439049,0.524246,-0.122949
2023Q3,2023-07-27,ENSG,1125376,"Ensign Group, Inc",$1B-$2B,,1445931000,RevenueFromContractWithCustomerExcludingAssessedTax,USD,2023-07-27,10-Q,2022-06-30,50340000,NetIncomeLoss,USD,2023-07-27,10-Q,2022-03-31,3452022000,Assets,USD,2023-07-27,10-Q,2022-12-31,-29838000,NetCashProvidedByUsedInFinancingActivities,USD,2023-07-27,10-Q,2022-06-30,-76596000,NetCashProvidedByUsedInInvestingActivities,USD,2023-07-27,10-Q,2022-06-30,129813000,NetCashProvidedByUsedInOperatingActivities,USD,2023-07-27,10-Q,2022-06-30,through_ocf,True,,,0.034815,0.089778,2.387404,-0.020636,-0.052973
2023Q3,2023-08-03,ENTG,1101302,"Entegris, Inc.",$1B-$2B,,1342135000,RevenueFromContractWithCustomerExcludingAssessedTax,USD,2023-08-03,10-Q,2022-07-02,125705000,NetIncomeLoss,USD,2023-08-03,10-Q,2022-04-02,10138857000,Assets,USD,2023-08-03,10-Q,2022-12-31,2367324000,NetCashProvidedByUsedInFinancingActivities,USD,2023-08-03,10-Q,2022-07-02,-190974000,NetCashProvidedByUsedInInvestingActivities,USD,2023-08-03,10-Q,2022-07-02,174698000,NetCashProvidedByUsedInOperatingActivities,USD,2023-08-03,10-Q,2022-07-02,through_ocf,True,,,0.09366,0.130164,7.554275,1.763849,-0.142291
2023Q3,2023-07-25,ENVA,1529864,"Enova International, Inc.",$100M-$500M,,385731000,Revenues,USD,2023-04-28,10-Q,2022-03-31,52443000,NetIncomeLoss,USD,2023-04-28,10-Q,2022-03-31,3047144000,Assets,USD,2023-04-28,10-Q,2022-03-31,234529000,NetCashProvidedByUsedInFinancingActivities,USD,2023-04-28,10-Q,2022-03-31,-386495000,NetCashProvidedByUsedInInvestingActivities,USD,2023-04-28,10-Q,2022-03-31,153539000,NetCashProvidedByUsedInOperatingActivities,USD,2023-04-28,10-Q,2022-03-31,through_ocf,True,,,0.135957,0.398047,7.899661,0.608012,-1.001981
2023Q3,2023-08-03,EOG,821189,"EOG RESOURCES, INC.",>$10B,,11390000000,Revenues,USD,2023-08-03,10-Q,2022-06-30,2628000000,NetIncomeLoss,USD,2023-08-03,10-Q,2022-06-30,41371000000,Assets,USD,2023-08-03,10-Q,2022-12-31,-2569000000,NetCashProvidedByUsedInFinancingActivities,USD,2023-08-03,10-Q,2022-06-30,-2443000000,NetCashProvidedByUsedInInvestingActivities,USD,2023-08-03,10-Q,2022-06-30,2876000000,NetCashProvidedByUsedInOperatingActivities,USD,2023-08-03,10-Q,2022-06-30,through_ocf,True,,,0.230729,0.252502,3.632221,-0.225549,-0.214486
2023Q3,2023-08-03,EPAM,1352010,"EPAM SYSTEMS, INC.",$2B-$10B,,2366475000,RevenueFromContractWithCustomerExcludingAssessedTax,USD,2023-08-03,10-Q,2022-06-30,89719000,NetIncomeLoss,USD,2023-08-03,10-Q,2022-03-31,4009151000,Assets,USD,2023-08-03,10-Q,2022-12-31,-10634000,NetCashProvidedByUsedInFinancingActivities,USD,2023-08-03,10-Q,2022-06-30,-123088000,NetCashProvidedByUsedInInvestingActivities,USD,2023-08-03,10-Q,2022-06-30,25667000,NetCashProvidedByUsedInOperatingActivities,USD,2023-08-03,10-Q,2022-06-30,through_ocf,True,,,0.037913,0.010846,1.694145,-0.004494,-0.052013
2023Q3,2023-08-03,EPC,1096752,EDGEWELL PERSONAL CARE COMPANY,$1B-$2B,,1634800000,Revenues,USD,2023-08-03,10-Q,2022-06-30,11200000,NetIncomeLoss,USD,2023-08-03,10-Q,2021-12-31,3713100000,Assets,USD,2023-08-03,10-Q,2022-09-30,-21400000,NetCashProvidedByUsedInFinancingActivities,USD,2023-08-03,10-Q,2022-06-30,-337600000,NetCashProvidedByUsedInInvestingActivities,USD,2023-08-03,10-Q,2022-06-30,72400000,NetCashProvidedByUsedInOperatingActivities,USD,2023-08-03,10-Q,2022-06-30,through_ocf,True,,,0.006851,0.044287,2.271287,-0.01309,-0.206508
2023Q3,2023-09-12,EPM,1006655,Evolution Petroleum Corp,<$100M,,66906000,RevenueFromContractWithCustomerExcludingAssessedTax,USD,2023-05-10,10-Q,2022-03-31,17756000,NetIncomeLoss,USD,2023-05-10,10-Q,2022-03-31,148047000,Assets,USD,2023-05-10,10-Q,2022-06-30,7541000,NetCashProvidedByUsedInFinancingActivities,USD,2023-05-10,10-Q,2022-03-31,-28140000,NetCashProvidedByUsedInInvestingActivities,USD,2023-05-10,10-Q,2022-03-31,28691000,NetCashProvidedByUsedInOperatingActivities,USD,2023-05-10,10-Q,2022-03-31,through_ocf,True,,,0.265387,0.428826,2.212761,0.11271,-0.42059
2023Q3,2023-08-02,EQIX,1101239,"EQUINIX, INC.",$1B-$2B,,1734447000,RevenueFromContractWithCustomerExcludingAssessedTax,USD,2023-05-05,10-Q,2022-03-31,147453000,NetIncomeLoss,USD,2023-05-05,10-Q,2022-03-31,30310742000,Assets,USD,2023-05-05,10-Q,2022-12-31,-168915000,NetCashProvidedByUsedInFinancingActivities,USD,2023-05-05,10-Q,2022-03-31,-258759000,NetCashProvidedByUsedInInvestingActivities,USD,2023-05-05,10-Q,2022-03-31,581123000,NetCashProvidedByUsedInOperatingActivities,USD,2023-05-05,10-Q,2022-03-31,through_ocf,True,,,0.085014,0.335048,17.475738,-0.097388,-0.149188
2023Q3,2023-07-27,EQR,906107,EQUITY RESIDENTIAL,$500M-$1B,,662494000,Revenues,USD,2020-05-07,10-Q,2019-03-31,70765000,NetIncomeLoss,USD,2023-04-28,10-Q,2022-03-31,20218262000,Assets,USD,2023-04-28,10-Q,2022-12-31,-419555000,NetCashProvidedByUsedInFinancingActivities,USD,2023-04-28,10-Q,2022-03-31,-197037000,NetCashProvidedByUsedInInvestingActivities,USD,2023-04-28,10-Q,2022-03-31,368056000,NetCashProvidedByUsedInOperatingActivities,USD,2023-04-28,10-Q,2022-03-31,through_ocf,True,,,0.106816,0.555561,30.518408,-0.633296,-0.297417
2023Q3,2023-07-13,EQT,33213,EQT CORPORATION,<$100M,,-579110000,Revenues,USD,2023-04-27,10-Q,2022-03-31,-1516048000,NetIncomeLoss,USD,2023-04-27,10-Q,2022-03-31,22669926000,Assets,USD,2023-04-27,10-Q,2022-12-31,-827097000,NetCashProvidedByUsedInFinancingActivities,USD,2023-04-27,10-Q,2022-03-31,-291172000,NetCashProvidedByUsedInInvestingActivities,USD,2023-04-27,10-Q,2022-03-31,1021219000,NetCashProvidedByUsedInOperatingActivities,USD,2023-04-27,10-Q,2022-03-31,through_ocf,True,,,2.617893,-1.763428,-39.146148,1.428221,0.502792
2023Q3,2023-07-27,ERIE,922621,ERIE INDEMNITY COMPANY,$1B-$2B,,1398253000,RevenueFromContractWithCustomerExcludingAssessedTax,USD,2023-07-27,10-Q,2022-06-30,68619000,NetIncomeLoss,USD,2023-07-27,10-Q,2022-03-31,2239456000,Assets,USD,2023-07-27,10-Q,2022-12-31,-157456000,NetCashProvidedByUsedInFinancingActivities,USD,2023-07-27,10-Q,2022-06-30,-42196000,NetCashProvidedByUsedInInvestingActivities,USD,2023-07-27,10-Q,2022-06-30,106274000,NetCashProvidedByUsedInOperatingActivities,USD,2023-07-27,10-Q,2022-06-30,through_ocf,True,,,0.049075,0.076005,1.60161,-0.112609,-0.030178
2023Q3,2023-07-31,ES,72741,EVERSOURCE                                    ENERGY,$2B-$10B,,3471310000,Revenues,USD,2023-05-05,10-Q,2022-03-31,445326000,NetIncomeLoss,USD,2023-05-05,10-Q,2022-03-31,53230900000,Assets,USD,2023-05-05,10-Q,2022-12-31,429888000,NetCashProvidedByUsedInFinancingActivities,USD,2023-05-05,10-Q,2022-03-31,-858247000,NetCashProvidedByUsedInInvestingActivities,USD,2023-05-05,10-Q,2022-03-31,371940000,NetCashProvidedByUsedInOperatingActivities,USD,2023-05-05,10-Q,2022-03-31,through_ocf,True,,,0.128288,0.107147,15.334528,0.12384,-0.24724
2023Q3,2023-08-08,ESE,866706,ESCO TECHNOLOGIES INC.,$100M-$500M,,381938000,RevenueFromContractWithCustomerExcludingAssessedTax,USD,2023-05-10,10-Q,2022-03-31,28107000,NetIncomeLoss,USD,2023-05-10,10-Q,2022-03-31,1654456000,Assets,USD,2023-05-10,10-Q,2022-09-30,17253000,NetCashProvidedByUsedInFinancingActivities,USD,2023-05-10,10-Q,2022-03-31,-41034000,NetCashProvidedByUsedInInvestingActivities,USD,2023-05-10,10-Q,2022-03-31,23003000,NetCashProvidedByUsedInOperatingActivities,USD,2023-05-10,10-Q,2022-03-31,through_ocf,True,,,0.07359,0.060227,4.33174,0.045172,-0.107436
2023Q3,2023-07-26,ESRT,1541401,"EMPIRE STATE REALTY TRUST, INC.",$100M-$500M,,164034000,Revenues,USD,2023-05-04,10-Q,2022-03-31,-17221000,ProfitLoss,USD,2023-05-04,10-Q,2022-03-31,4243330000,Assets,USD,2023-05-04,10-Q,2022-03-31,-24688000,NetCashProvidedByUsedInFinancingActivities,USD,2023-05-04,10-Q,2022-03-31,-34976000,NetCashProvidedByUsedInInvestingActivities,USD,2023-05-04,10-Q,2022-03-31,67693000,NetCashProvidedByUsedInOperatingActivities,USD,2023-05-04,10-Q,2022-03-31,through_ocf,True,,,-0.104984,0.412677,25.8686,-0.150505,-0.213224
2023Q3,2023-07-27,ESS,920522,"ESSEX PROPERTY TRUST, INC.",$100M-$500M,,381905000,Revenues,USD,2023-04-28,10-Q,2022-03-31,78375000,ProfitLoss,USD,2023-04-28,10-Q,2022-03-31,12372905000,Assets,USD,2023-04-28,10-Q,2022-12-31,-370946000,NetCashProvidedByUsedInFinancingActivities,USD,2023-04-28,10-Q,2022-03-31,105718000,NetCashProvidedByUsedInInvestingActivities,USD,2023-04-28,10-Q,2022-03-31,315143000,NetCashProvidedByUsedInOperatingActivities,USD,2023-04-28,10-Q,2022-03-31,through_ocf,True,,,0.205221,0.825187,32.397861,-0.971304,0.276818
2023Q3,2023-08-01,ETN,1551182,EATON CORPORATION plc,>$10B,,10054000000,RevenueFromContractWithCustomerExcludingAssessedTax,USD,2023-08-01,10-Q,2022-06-30,1133000000,NetIncomeLoss,USD,2023-08-01,10-Q,2022-06-30,35014000000,Assets,USD,2023-08-01,10-Q,2022-12-31,492000000,NetCashProvidedByUsedInFinancingActivities,USD,2023-08-01,10-Q,2022-06-30,-822000000,NetCashProvidedByUsedInInvestingActivities,USD,2023-08-01,10-Q,2022-06-30,382000000,NetCashProvidedByUsedInOperatingActivities,USD,2023-08-01,10-Q,2022-06-30,through_ocf,True,,,0.112691,0.037995,3.482594,0.048936,-0.081759
2023Q3,2023-08-02,ETR,65984,Entergy Corporation,$2B-$10B,,2877925000,RevenueFromContractWithCustomerExcludingAssessedTax,USD,2023-05-04,10-Q,2022-03-31,279593000,ProfitLoss,USD,2023-05-04,10-Q,2022-03-31,58595191000,Assets,USD,2023-05-04,10-Q,2022-12-31,1272285000,NetCashProvidedByUsedInFinancingActivities,USD,2023-05-04,10-Q,2022-03-31,-1551219000,NetCashProvidedByUsedInInvestingActivities,USD,2023-05-04,10-Q,2022-03-31,537966000,NetCashProvidedByUsedInOperatingActivities,USD,2023-05-04,10-Q,2022-03-31,through_ocf,True,,,0.097151,0.186928,20.360222,0.442084,-0.539006
2023Q3,2023-08-07,EVCM,1853145,EverCommerce Inc.,$100M-$500M,,143576000,RevenueFromContractWithCustomerExcludingAssessedTax,USD,2023-05-10,10-Q,2022-03-31,-13309000,NetIncomeLoss,USD,2023-05-10,10-Q,2022-03-31,1591728000,Assets,USD,2023-05-10,10-Q,2022-12-31,-652000,NetCashProvidedByUsedInFinancingActivities,USD,2023-05-10,10-Q,2022-03-31,-4392000,NetCashProvidedByUsedInInvestingActivities,USD,2023-05-10,10-Q,2022-03-31,12854000,NetCashProvidedByUsedInOperatingActivities,USD,2023-05-10,10-Q,2022-03-31,through_ocf,True,,,-0.092697,0.089527,11.08631,-0.004541,-0.03059
2023Q3,2023-08-07,EVER,1640428,"EverQuote, Inc.",$100M-$500M,,110681000,RevenueFromContractWithCustomerExcludingAssessedTax,USD,2023-05-09,10-Q,2022-03-31,-5715000,NetIncomeLoss,USD,2023-05-09,10-Q,2022-03-31,156519000,Assets,USD,2023-05-09,10-Q,2022-12-31,15558000,NetCashProvidedByUsedInFinancingActivities,USD,2023-05-09,10-Q,2022-03-31,-681000,NetCashProvidedByUsedInInvestingActivities,USD,2023-05-09,10-Q,2022-03-31,-3845000,NetCashProvidedByUsedInOperatingActivities,USD,2023-05-09,10-Q,2022-03-31,through_ocf,True,,,-0.051635,-0.034739,1.414145,0.140566,-0.006153
2023Q3,2023-08-02,EVH,1628908,"Evolent Health, Inc.",$100M-$500M,,297057000,RevenueFromContractWithCustomerExcludingAssessedTax,USD,2023-05-04,10-Q,2022-03-31,-5350000,NetIncomeLoss,USD,2023-05-04,10-Q,2022-03-31,1817293000,Assets,USD,2023-05-04,10-Q,2022-12-31,-51376000,NetCashProvidedByUsedInFinancingActivities,USD,2023-05-04,10-Q,2022-03-31,16766000,NetCashProvidedByUsedInInvestingActivities,USD,2023-05-04,10-Q,2022-03-31,-57442000,NetCashProvidedByUsedInOperatingActivities,USD,2023-05-04,10-Q,2022-03-31,through_ocf,True,,,-0.01801,-0.19337,6.117658,-0.17295,0.05644
2023Q3,2023-08-04,EVRG,1711269,"EVERGY, INC.",$2B-$10B,,2670400000,Revenues,USD,2023-08-04,10-Q,2022-06-30,317000000,NetIncomeLoss,USD,2023-08-04,10-Q,2022-06-30,29489900000,Assets,USD,2023-08-04,10-Q,2022-12-31,536200000,NetCashProvidedByUsedInFinancingActivities,USD,2023-08-04,10-Q,2022-06-30,-1128900000,NetCashProvidedByUsedInInvestingActivities,USD,2023-08-04,10-Q,2022-06-30,588900000,NetCashProvidedByUsedInOperatingActivities,USD,2023-08-04,10-Q,2022-06-30,through_ocf,True,,,0.118709,0.220529,11.043252,0.200794,-0.422746
2023Q3,2023-07-21,EVTC,1559865,"EVERTEC, Inc.",$100M-$500M,,150248000,RevenueFromContractWithCustomerExcludingAssessedTax,USD,2023-04-28,10-Q,2022-03-31,38898000,NetIncomeLoss,USD,2023-04-28,10-Q,2022-03-31,1131743000,Assets,USD,2023-04-28,10-Q,2022-12-31,-36169000,NetCashProvidedByUsedInFinancingActivities,USD,2023-04-28,10-Q,2022-03-31,-14290000,NetCashProvidedByUsedInInvestingActivities,USD,2023-04-28,10-Q,2022-03-31,67681000,NetCashProvidedByUsedInOperatingActivities,USD,2023-04-28,10-Q,2022-03-31,through_ocf,True,,,0.258892,0.450462,7.5325,-0.240729,-0.095109
2023Q3,2023-07-26,EW,1099800,EDWARDS LIFESCIENCES CORPORATION,$1B-$2B,,1341200000,RevenueFromContractWithCustomerExcludingAssessedTax,USD,2023-04-28,10-Q,2022-03-31,105200000,ProfitLoss,USD,2011-08-08,10-Q,2010-06-30,8292500000,Assets,USD,2023-04-28,10-Q,2022-12-31,-368100000,NetCashProvidedByUsedInFinancingActivities,USD,2023-04-28,10-Q,2022-03-31,229500000,NetCashProvidedByUsedInInvestingActivities,USD,2023-04-28,10-Q,2022-03-31,293300000,NetCashProvidedByUsedInOperatingActivities,USD,2023-04-28,10-Q,2022-03-31,through_ocf,True,,,0.078437,0.218685,6.182896,-0.274456,0.171115
2023Q3,2023-08-01,EXAS,1124140,EXACT SCIENCES CORP,$1B-$2B,,1008211000,RevenueFromContractWithCustomerExcludingAssessedTax,USD,2023-08-01,10-Q,2022-06-30,-180937000,NetIncomeLoss,USD,2023-08-01,10-Q,2022-03-31,6226873000,Assets,USD,2023-08-01,10-Q,2022-12-31,66147000,NetCashProvidedByUsedInFinancingActivities,USD,2023-08-01,10-Q,2022-06-30,67220000,NetCashProvidedByUsedInInvestingActivities,USD,2023-08-01,10-Q,2022-06-30,-234670000,NetCashProvidedByUsedInOperatingActivities,USD,2023-08-01,10-Q,2022-06-30,through_ocf,True,,,-0.179463,-0.232759,6.176161,0.065608,0.066673
2023Q3,2023-08-02,EXC,1109357,EXELON CORPORATION,$2B-$10B,,9566000000,Revenues,USD,2023-08-02,10-Q,2022-06-30,598000000,ProfitLoss,USD,2023-08-02,10-Q,2022-03-31,95349000000,Assets,USD,2023-08-02,10-Q,2022-12-31,323000000,NetCashProvidedByUsedInFinancingActivities,USD,2023-08-02,10-Q,2022-06-30,-3346000000,NetCashProvidedByUsedInInvestingActivities,USD,2023-08-02,10-Q,2022-06-30,3240000000,NetCashProvidedByUsedInOperatingActivities,USD,2023-08-02,10-Q,2022-06-30,through_ocf,True,,,0.062513,0.3387,9.967489,0.033765,-0.34978
2023Q3,2023-08-01,EXE,895126,EXPAND ENERGY CORPORATION,$2B-$10B,,4455000000,Revenues,USD,2023-08-01,10-Q,2022-06-30,-764000000,NetIncomeLoss,USD,2023-08-01,10-Q,2022-03-31,15468000000,Assets,USD,2023-08-01,10-Q,2022-12-31,-288000000,NetCashProvidedByUsedInFinancingActivities,USD,2023-08-01,10-Q,2022-06-30,-2362000000,NetCashProvidedByUsedInInvestingActivities,USD,2023-08-01,10-Q,2022-06-30,1762000000,NetCashProvidedByUsedInOperatingActivities,USD,2023-08-01,10-Q,2022-06-30,through_ocf,True,,,-0.171493,0.395511,3.472054,-0.064646,-0.530191
2023Q3,2023-08-01,EXEL,939767,"EXELIXIS, INC.",$500M-$1B,,775407000,RevenueFromContractWithCustomerExcludingAssessedTax,USD,2023-08-01,10-Q,2022-07-01,139245000,NetIncomeLoss,USD,2023-08-01,10-Q,2022-07-01,3071489000,Assets,USD,2023-08-01,10-Q,2022-12-30,4627000,NetCashProvidedByUsedInFinancingActivities,USD,2023-08-01,10-Q,2022-07-01,-209681000,NetCashProvidedByUsedInInvestingActivities,USD,2023-08-01,10-Q,2022-07-01,178849000,NetCashProvidedByUsedInOperatingActivities,USD,2023-08-01,10-Q,2022-07-01,through_ocf,True,,,0.179577,0.230652,3.961131,0.005967,-0.270414
2023Q3,2023-07-27,EXLS,1297989,"EXLSERVICE HOLDINGS, INC.",$500M-$1B,,675990000,RevenueFromContractWithCustomerExcludingAssessedTax,USD,2023-07-27,10-Q,2022-06-30,72024000,NetIncomeLoss,USD,2023-07-27,10-Q,2022-06-30,1346119000,Assets,USD,2023-07-27,10-Q,2022-12-31,-35266000,NetCashProvidedByUsedInFinancingActivities,USD,2023-07-27,10-Q,2022-06-30,-40987000,NetCashProvidedByUsedInInvestingActivities,USD,2023-07-27,10-Q,2022-06-30,53008000,NetCashProvidedByUsedInOperatingActivities,USD,2023-07-27,10-Q,2022-06-30,through_ocf,True,,,0.106546,0.078415,1.99133,-0.052169,-0.060633
2023Q3,2023-08-08,EXPD,746515,"EXPEDITORS INTERNATIONAL OF WASHINGTON, INC.",$2B-$10B,,9267610000,RevenueFromContractWithCustomerExcludingAssessedTax,USD,2023-08-08,10-Q,2022-06-30,723914000,NetIncomeLoss,USD,2023-08-08,10-Q,2022-06-30,7361142000,Assets,USD,2023-08-08,10-Q,2022-06-30,-618732000,NetCashProvidedByUsedInFinancingActivities,USD,2023-08-08,10-Q,2022-06-30,-52625000,NetCashProvidedByUsedInInvestingActivities,USD,2023-08-08,10-Q,2022-06-30,972592000,NetCashProvidedByUsedInOperatingActivities,USD,2023-08-08,10-Q,2022-06-30,through_ocf,True,,,0.078112,0.104945,0.794287,-0.066763,-0.005678
2023Q3,2023-08-03,EXPE,1324424,"EXPEDIA GROUP, INC.",$2B-$10B,,5430000000,RevenueFromContractWithCustomerExcludingAssessedTax,USD,2023-08-03,10-Q,2022-06-30,-307000000,NetIncomeLoss,USD,2023-08-03,10-Q,2022-06-30,21561000000,Assets,USD,2023-08-03,10-Q,2022-12-31,-1687000000,NetCashProvidedByUsedInFinancingActivities,USD,2023-08-03,10-Q,2022-06-30,-248000000,NetCashProvidedByUsedInInvestingActivities,USD,2023-08-03,10-Q,2022-06-30,4619000000,NetCashProvidedByUsedInOperatingActivities,USD,2023-08-03,10-Q,2022-06-30,through_ocf,True,,,-0.056538,0.850645,3.970718,-0.310681,-0.045672
2023Q3,2023-08-03,EXPI,1495932,"eXp World Holdings, Inc.",$2B-$10B,,2425791000,RevenueFromContractWithCustomerExcludingAssessedTax,USD,2023-08-03,10-Q,2022-06-30,18241000,NetIncomeLoss,USD,2023-08-03,10-Q,2022-06-30,381682000,Assets,USD,2023-08-03,10-Q,2022-12-31,-91209000,NetCashProvidedByUsedInFinancingActivities,USD,2023-08-03,10-Q,2022-06-30,-8077000,NetCashProvidedByUsedInInvestingActivities,USD,2023-08-03,10-Q,2022-06-30,165298000,NetCashProvidedByUsedInOperatingActivities,USD,2023-08-03,10-Q,2022-06-30,through_ocf,True,,,0.00752,0.068142,0.157343,-0.0376,-0.00333
2023Q3,2023-08-03,EXR,1289490,EXTRA SPACE STORAGE INC.,$100M-$500M,,443562000,Revenues,USD,2023-05-04,10-Q,2022-03-31,203579000,NetIncomeLoss,USD,2023-05-04,10-Q,2022-03-31,12167458000,Assets,USD,2023-05-04,10-Q,2022-12-31,-169621000,NetCashProvidedByUsedInFinancingActivities,USD,2023-05-04,10-Q,2022-03-31,-121372000,NetCashProvidedByUsedInInvestingActivities,USD,2023-05-04,10-Q,2022-03-31,287465000,NetCashProvidedByUsedInOperatingActivities,USD,2023-05-04,10-Q,2022-03-31,through_ocf,True,,,0.458964,0.648083,27.431245,-0.382407,-0.27363
2023Q3,2023-08-02,EXTR,1078271,"EXTREME NETWORKS, INC.",$500M-$1B,,834125000,RevenueFromContractWithCustomerExcludingAssessedTax,USD,2023-04-27,10-Q,2022-03-31,38861000,NetIncomeLoss,USD,2023-04-27,10-Q,2022-03-31,1068510000,Assets,USD,2023-04-27,10-Q,2022-06-30,-63211000,NetCashProvidedByUsedInFinancingActivities,USD,2023-04-27,10-Q,2022-03-31,-80647000,NetCashProvidedByUsedInInvestingActivities,USD,2023-04-27,10-Q,2022-03-31,64055000,NetCashProvidedByUsedInOperatingActivities,USD,2023-04-27,10-Q,2022-03-31,through_ocf,True,,,0.046589,0.076793,1.280995,-0.075781,-0.096685
2023Q3,2023-07-26,EYE,1710155,"National Vision Holdings, Inc.",$500M-$1B,,527711000,RevenueFromContractWithCustomerExcludingAssessedTax,USD,2023-05-11,10-Q,2022-04-02,30147000,NetIncomeLoss,USD,2023-05-11,10-Q,2022-04-02,2291246000,Assets,USD,2023-05-11,10-Q,2022-12-31,-9941000,NetCashProvidedByUsedInFinancingActivities,USD,2023-05-11,10-Q,2022-04-02,-28077000,NetCashProvidedByUsedInInvestingActivities,USD,2023-05-11,10-Q,2022-04-02,47117000,NetCashProvidedByUsedInOperatingActivities,USD,2023-05-11,10-Q,2022-04-02,through_ocf,True,,,0.057128,0.089286,4.341858,-0.018838,-0.053205
2023Q3,2023-08-02,EZPW,876523,"EZCORP, Inc.",$500M-$1B,,652818000,RevenueFromContractWithCustomerExcludingAssessedTax,USD,2023-08-02,10-Q,2022-06-30,42823000,NetIncomeLoss,USD,2023-08-02,10-Q,2022-06-30,1330827000,Assets,USD,2023-08-02,10-Q,2022-06-30,-792000,NetCashProvidedByUsedInFinancingActivities,USD,2023-08-02,10-Q,2022-06-30,-81589000,NetCashProvidedByUsedInInvestingActivities,USD,2023-08-02,10-Q,2022-06-30,48494000,NetCashProvidedByUsedInOperatingActivities,USD,2023-08-02,10-Q,2022-06-30,through_ocf,True,,,0.065597,0.074284,2.038588,-0.001213,-0.12498
2023Q3,2023-08-09,FA,1210677,First Advantage Corporation,$100M-$500M,,391442000,Revenues,USD,2023-08-09,10-Q,2022-06-30,13013000,NetIncomeLoss,USD,2023-08-09,10-Q,2022-03-31,1885825000,Assets,USD,2023-08-09,10-Q,2022-12-31,187000,NetCashProvidedByUsedInFinancingActivities,USD,2023-08-09,10-Q,2022-06-30,-34363000,NetCashProvidedByUsedInInvestingActivities,USD,2023-08-09,10-Q,2022-06-30,96412000,NetCashProvidedByUsedInOperatingActivities,USD,2023-08-09,10-Q,2022-06-30,through_ocf,True,,,0.033244,0.2463,4.817636,0.000478,-0.087786
2023Q3,2023-07-11,FANG,1539838,"DIAMONDBACK ENERGY, INC.",$2B-$10B,,2408000000,Revenues,USD,2023-05-03,10-Q,2022-03-31,779000000,NetIncomeLoss,USD,2023-05-03,10-Q,2022-03-31,26209000000,Assets,USD,2023-05-03,10-Q,2022-12-31,-1041000000,NetCashProvidedByUsedInFinancingActivities,USD,2023-05-03,10-Q,2022-03-31,-716000000,NetCashProvidedByUsedInInvestingActivities,USD,2023-05-03,10-Q,2022-03-31,1252000000,NetCashProvidedByUsedInOperatingActivities,USD,2023-05-03,10-Q,2022-03-31,through_ocf,True,,,0.323505,0.519934,10.884136,-0.432309,-0.297342
2023Q3,2023-07-13,FAST,815556,FASTENAL CO,$1B-$2B,,1704100000,RevenueFromContractWithCustomerExcludingAssessedTax,USD,2023-04-18,10-Q,2022-03-31,269600000,NetIncomeLoss,USD,2023-04-18,10-Q,2022-03-31,4548600000,Assets,USD,2023-04-18,10-Q,2022-12-31,-199500000,NetCashProvidedByUsedInFinancingActivities,USD,2023-04-18,10-Q,2022-03-31,-33200000,NetCashProvidedByUsedInInvestingActivities,USD,2023-04-18,10-Q,2022-03-31,230000000,NetCashProvidedByUsedInOperatingActivities,USD,2023-04-18,10-Q,2022-03-31,through_ocf,True,,,0.158207,0.134969,2.66921,-0.117071,-0.019482
2023Q3,2023-07-27,FBP,1057706,FIRST BANCORP.,$100M-$500M,,218482000,RevenueFromContractWithCustomerExcludingAssessedTax,USD,2023-05-10,10-Q,2022-03-31,82600000,NetIncomeLoss,USD,2023-05-10,10-Q,2022-03-31,18634484000,Assets,USD,2023-05-10,10-Q,2022-12-31,-628651000,NetCashProvidedByUsedInFinancingActivities,USD,2023-05-10,10-Q,2022-03-31,-332992000,NetCashProvidedByUsedInInvestingActivities,USD,2023-05-10,10-Q,2022-03-31,114834000,NetCashProvidedByUsedInOperatingActivities,USD,2023-05-10,10-Q,2022-03-31,through_ocf,True,,,0.378063,0.525599,85.290706,-2.877358,-1.524116
2023Q3,2023-07-20,FCX,831259,Freeport-McMoRan Inc.,$2B-$10B,,6603000000,Revenues,USD,2023-05-04,10-Q,2022-03-31,1904000000,ProfitLoss,USD,2023-05-04,10-Q,2022-03-31,48832000000,Assets,USD,2023-05-04,10-Q,2022-03-31,-703000000,NetCashProvidedByUsedInFinancingActivities,USD,2023-05-04,10-Q,2022-03-31,-714000000,NetCashProvidedByUsedInInvestingActivities,USD,2023-05-04,10-Q,2022-03-31,1691000000,NetCashProvidedByUsedInOperatingActivities,USD,2023-05-04,10-Q,2022-03-31,through_ocf,True,,,0.288354,0.256096,7.395426,-0.106467,-0.108133
2023Q3,2023-08-02,FDP,1047340,FRESH DEL MONTE PRODUCE INC.,$2B-$10B,,2348900000,Revenues,USD,2023-08-02,10-Q,2022-07-01,46900000,NetIncomeLoss,USD,2023-08-02,10-Q,2022-07-01,3458900000,Assets,USD,2023-08-02,10-Q,2022-12-30,-72400000,NetCashProvidedByUsedInFinancingActivities,USD,2023-08-02,10-Q,2022-07-01,-25100000,NetCashProvidedByUsedInInvestingActivities,USD,2023-08-02,10-Q,2022-07-01,95100000,NetCashProvidedByUsedInOperatingActivities,USD,2023-08-02,10-Q,2022-07-01,through_ocf,True,,,0.019967,0.040487,1.472562,-0.030823,-0.010686
2023Q3,2023-09-21,FDS,1013237,FACTSET RESEARCH SYSTEMS INC.,$1B-$2B,,1344595000,RevenueFromContractWithCustomerExcludingAssessedTax,USD,2023-07-03,10-Q,2022-05-31,292495000,NetIncomeLoss,USD,2023-07-03,10-Q,2022-05-31,4014305000,Assets,USD,2023-07-03,10-Q,2022-08-31,1488556000,NetCashProvidedByUsedInFinancingActivities,USD,2023-07-03,10-Q,2022-05-31,-2018269000,NetCashProvidedByUsedInInvestingActivities,USD,2023-07-03,10-Q,2022-05-31,386924000,NetCashProvidedByUsedInOperatingActivities,USD,2023-07-03,10-Q,2022-05-31,through_ocf,True,,,0.217534,0.287762,2.985512,1.107066,-1.501024
2023Q3,2023-08-01,FE,1031296,FIRSTENERGY CORP.,$2B-$10B,,5807000000,Revenues,USD,2023-08-01,10-Q,2022-06-30,475000000,NetIncomeLoss,USD,2023-08-01,10-Q,2022-06-30,46108000000,Assets,USD,2023-08-01,10-Q,2022-12-31,-981000000,NetCashProvidedByUsedInFinancingActivities,USD,2023-08-01,10-Q,2022-06-30,-1281000000,NetCashProvidedByUsedInInvestingActivities,USD,2023-08-01,10-Q,2022-06-30,1283000000,NetCashProvidedByUsedInOperatingActivities,USD,2023-08-01,10-Q,2022-06-30,through_ocf,True,,,0.081798,0.22094,7.940072,-0.168934,-0.220596
2023Q3,2023-07-25,FELE,38725,"FRANKLIN ELECTRIC CO., INC.",$100M-$500M,,451470000,RevenueFromContractWithCustomerExcludingAssessedTax,USD,2023-05-05,10-Q,2022-03-31,29765000,NetIncomeLoss,USD,2023-05-05,10-Q,2022-03-31,1694201000,Assets,USD,2023-05-05,10-Q,2022-12-31,68745000,NetCashProvidedByUsedInFinancingActivities,USD,2023-05-05,10-Q,2022-03-31,-8903000,NetCashProvidedByUsedInInvestingActivities,USD,2023-05-05,10-Q,2022-03-31,-61311000,NetCashProvidedByUsedInOperatingActivities,USD,2023-05-05,10-Q,2022-03-31,through_ocf,True,,,0.065929,-0.135803,3.752633,0.152269,-0.01972
2023Q3,2023-08-04,FET,1401257,"FORUM ENERGY TECHNOLOGIES, INC.",$100M-$500M,,327420000,RevenueFromContractWithCustomerExcludingAssessedTax,USD,2023-08-04,10-Q,2022-06-30,-9199000,NetIncomeLoss,USD,2023-08-04,10-Q,2022-03-31,834757000,Assets,USD,2023-08-04,10-Q,2022-12-31,32642000,NetCashProvidedByUsedInFinancingActivities,USD,2023-08-04,10-Q,2022-06-30,-1447000,NetCashProvidedByUsedInInvestingActivities,USD,2023-08-04,10-Q,2022-06-30,-50559000,NetCashProvidedByUsedInOperatingActivities,USD,2023-08-04,10-Q,2022-06-30,through_ocf,True,,,-0.028095,-0.154416,2.549499,0.099695,-0.004419
2023Q3,2023-07-24,FFIV,1048695,"F5, INC.",$1B-$2B,,1321324000,RevenueFromContractWithCustomerExcludingAssessedTax,USD,2023-05-05,10-Q,2022-03-31,149795000,NetIncomeLoss,USD,2023-05-05,10-Q,2022-03-31,5276194000,Assets,USD,2023-05-05,10-Q,2022-09-30,-248211000,NetCashProvidedByUsedInFinancingActivities,USD,2023-05-05,10-Q,2022-03-31,37919000,NetCashProvidedByUsedInInvestingActivities,USD,2023-05-05,10-Q,2022-03-31,216875000,NetCashProvidedByUsedInOperatingActivities,USD,2023-05-05,10-Q,2022-03-31,through_ocf,True,,,0.113367,0.164135,3.993111,-0.18785,0.028698
2023Q3,2023-08-08,FG,0001934850,"F&G Annuities & Life, Inc.",$500M-$1B,,750000000,Revenues,USD,2023-05-09,10-Q,2022-03-31,239000000,NetIncomeLoss,USD,2023-05-09,10-Q,2022-03-31,54628000000,Assets,USD,2023-05-09,10-Q,2022-12-31,1400000000,NetCashProvidedByUsedInFinancingActivities,USD,2023-05-09,10-Q,2022-03-31,-2188000000,NetCashProvidedByUsedInInvestingActivities,USD,2023-05-09,10-Q,2022-03-31,423000000,NetCashProvidedByUsedInOperatingActivities,USD,2023-05-09,10-Q,2022-03-31,through_ocf,True,,,0.318667,0.564,72.837333,1.866667,-2.917333
2023Q3,2023-07-28,FHB,36377,"FIRST HAWAIIAN, INC.",$100M-$500M,,175252000,Revenues,USD,2023-05-08,10-Q,2022-03-31,57719000,NetIncomeLoss,USD,2023-05-08,10-Q,2022-03-31,24577223000,Assets,USD,2023-05-08,10-Q,2022-12-31,417936000,NetCashProvidedByUsedInFinancingActivities,USD,2023-05-08,10-Q,2022-03-31,-116507000,NetCashProvidedByUsedInInvestingActivities,USD,2023-05-08,10-Q,2022-03-31,66262000,NetCashProvidedByUsedInOperatingActivities,USD,2023-05-08,10-Q,2022-03-31,through_ocf,True,,,0.329349,0.378096,140.23933,2.384772,-0.664797
2023Q3,2023-08-02,FICO,814547,FAIR ISAAC CORP,$1B-$2B,,1028522000,RevenueFromContractWithCustomerExcludingAssessedTax,USD,2023-08-02,10-Q,2022-06-30,282842000,NetIncomeLoss,USD,2023-08-02,10-Q,2022-06-30,1442034000,Assets,USD,2023-08-02,10-Q,2022-09-30,-390256000,NetCashProvidedByUsedInFinancingActivities,USD,2023-08-02,10-Q,2022-06-30,-4422000,NetCashProvidedByUsedInInvestingActivities,USD,2023-08-02,10-Q,2022-06-30,364624000,NetCashProvidedByUsedInOperatingActivities,USD,2023-08-02,10-Q,2022-06-30,through_ocf,True,,,0.274998,0.354513,1.402045,-0.379434,-0.004299
2023Q3,2023-08-03,FIGS,1846576,"FIGS, Inc.",$100M-$500M,,232348000,RevenueFromContractWithCustomerExcludingAssessedTax,USD,2023-08-03,10-Q,2022-06-30,8899000,NetIncomeLoss,USD,2023-08-03,10-Q,2022-03-31,395064000,Assets,USD,2023-08-03,10-Q,2022-12-31,1552000,NetCashProvidedByUsedInFinancingActivities,USD,2023-08-03,10-Q,2022-06-30,-2227000,NetCashProvidedByUsedInInvestingActivities,USD,2023-08-03,10-Q,2022-06-30,-26535000,NetCashProvidedByUsedInOperatingActivities,USD,2023-08-03,10-Q,2022-06-30,through_ocf,True,,,0.0383,-0.114204,1.700312,0.00668,-0.009585
2023Q3,2023-08-02,FIS,1136893,"Fidelity National Information Services, Inc.",$2B-$10B,,7210000000,RevenueFromContractWithCustomerExcludingAssessedTax,USD,2023-08-02,10-Q,2022-06-30,397000000,NetIncomeLoss,USD,2023-08-02,10-Q,2022-06-30,63278000000,Assets,USD,2023-08-02,10-Q,2022-12-31,-1602000000,NetCashProvidedByUsedInFinancingActivities,USD,2023-08-02,10-Q,2022-06-30,-129000000,NetCashProvidedByUsedInInvestingActivities,USD,2023-08-02,10-Q,2022-06-30,1920000000,NetCashProvidedByUsedInOperatingActivities,USD,2023-08-02,10-Q,2022-06-30,through_ocf,True,,,0.055062,0.266297,8.776422,-0.222191,-0.017892
2023Q3,2023-07-26,FISV,798354,FISERV INC,$2B-$10B,,4138000000,Revenues,USD,2023-04-26,10-Q,2022-03-31,669000000,NetIncomeLoss,USD,2023-04-26,10-Q,2022-03-31,83869000000,Assets,USD,2023-04-26,10-Q,2022-12-31,-1077000000,NetCashProvidedByUsedInFinancingActivities,USD,2023-04-26,10-Q,2022-03-31,-100000000,NetCashProvidedByUsedInInvestingActivities,USD,2023-04-26,10-Q,2022-03-31,815000000,NetCashProvidedByUsedInOperatingActivities,USD,2023-04-26,10-Q,2022-03-31,through_ocf,True,,,0.161672,0.196955,20.268004,-0.260271,-0.024166
2023Q3,2023-08-30,FIVE,1177609,"FIVE BELOW, INC",$500M-$1B,,639596000,RevenueFromContractWithCustomerExcludingAssessedTax,USD,2023-06-02,10-Q,2022-04-30,32718000,NetIncomeLoss,USD,2023-06-02,10-Q,2022-04-30,2960780000,Assets,USD,2023-06-02,10-Q,2022-04-30,-44034000,NetCashProvidedByUsedInFinancingActivities,USD,2023-06-02,10-Q,2022-04-30,57445000,NetCashProvidedByUsedInInvestingActivities,USD,2023-06-02,10-Q,2022-04-30,42117000,NetCashProvidedByUsedInOperatingActivities,USD,2023-06-02,10-Q,2022-04-30,through_ocf,True,,,0.051154,0.065849,4.629141,-0.068847,0.089815
2023Q3,2023-08-07,FIVN,1288847,"FIVE9, INC.",$100M-$500M,,372159000,RevenueFromContractWithCustomerExcludingAssessedTax,USD,2023-08-07,10-Q,2022-06-30,-57790000,NetIncomeLoss,USD,2023-08-07,10-Q,2022-06-30,1244485000,Assets,USD,2023-08-07,10-Q,2022-12-31,-40791000,NetCashProvidedByUsedInFinancingActivities,USD,2023-08-07,10-Q,2022-06-30,25607000,NetCashProvidedByUsedInInvestingActivities,USD,2023-08-07,10-Q,2022-06-30,25599000,NetCashProvidedByUsedInOperatingActivities,USD,2023-08-07,10-Q,2022-06-30,through_ocf,True,,,-0.155283,0.068785,3.343961,-0.109606,0.068807
2023Q3,2023-07-26,FIX,1035983,"Comfort Systems USA, Inc.",$1B-$2B,,1903164000,Revenues,USD,2023-07-26,10-Q,2022-06-30,129008000,NetIncomeLoss,USD,2023-07-26,10-Q,2022-06-30,2597478000,Assets,USD,2023-07-26,10-Q,2022-12-31,-38674000,NetCashProvidedByUsedInFinancingActivities,USD,2023-07-26,10-Q,2022-06-30,-59265000,NetCashProvidedByUsedInInvestingActivities,USD,2023-07-26,10-Q,2022-06-30,108292000,NetCashProvidedByUsedInOperatingActivities,USD,2023-07-26,10-Q,2022-06-30,through_ocf,True,,,0.067786,0.056901,1.364821,-0.020321,-0.03114
2023Q3,2023-08-09,FLNC,0001868941,"Fluence Energy, Inc.",$500M-$1B,,517611000,RevenueFromContractWithCustomerExcludingAssessedTax,USD,2023-05-11,10-Q,2022-03-31,-47990000,NetIncomeLoss,USD,2023-05-11,10-Q,2022-03-31,1745654000,Assets,USD,2023-05-11,10-Q,2022-09-30,828044000,NetCashProvidedByUsedInFinancingActivities,USD,2023-05-11,10-Q,2022-03-31,-2395000,NetCashProvidedByUsedInInvestingActivities,USD,2023-05-11,10-Q,2022-03-31,-140996000,NetCashProvidedByUsedInOperatingActivities,USD,2023-05-11,10-Q,2022-03-31,through_ocf,True,,,-0.092714,-0.272398,3.372521,1.599742,-0.004627
2023Q3,2023-08-04,FLR,1124198,FLUOR CORPORATION,$2B-$10B,,6422000000,Revenues,USD,2023-08-04,10-Q,2022-06-30,114000000,NetIncomeLoss,USD,2023-08-04,10-Q,2022-06-30,6827000000,Assets,USD,2023-08-04,10-Q,2022-12-31,-54000000,NetCashProvidedByUsedInFinancingActivities,USD,2023-08-04,10-Q,2022-06-30,77000000,NetCashProvidedByUsedInInvestingActivities,USD,2023-08-04,10-Q,2022-06-30,-133000000,NetCashProvidedByUsedInOperatingActivities,USD,2023-08-04,10-Q,2022-06-30,through_ocf,True,,,0.017751,-0.02071,1.063064,-0.008409,0.01199
2023Q3,2023-08-21,FLXS,37472,"FLEXSTEEL INDUSTRIES, INC.",$100M-$500M,,419765000,RevenueFromContractWithCustomerExcludingAssessedTax,USD,2023-05-03,10-Q,2022-03-31,4353000,NetIncomeLoss,USD,2023-05-03,10-Q,2021-09-30,268741000,Assets,USD,2023-05-03,10-Q,2022-06-30,6900000,NetCashProvidedByUsedInFinancingActivities,USD,2023-05-03,10-Q,2022-03-31,-930000,NetCashProvidedByUsedInInvestingActivities,USD,2023-05-03,10-Q,2022-03-31,-3909000,NetCashProvidedByUsedInOperatingActivities,USD,2023-05-03,10-Q,2022-03-31,through_ocf,True,,,0.01037,-0.009312,0.640218,0.016438,-0.002216
2023Q3,2023-08-21,FN,1408710,FABRINET,$1B-$2B,,1674350000,Revenues,USD,2023-05-09,10-Q,2022-03-25,144191000,NetIncomeLoss,USD,2023-05-09,10-Q,2022-03-25,1835641000,Assets,USD,2023-05-09,10-Q,2022-06-24,-58204000,NetCashProvidedByUsedInFinancingActivities,USD,2023-05-09,10-Q,2022-03-25,-83218000,NetCashProvidedByUsedInInvestingActivities,USD,2023-05-09,10-Q,2022-03-25,107897000,NetCashProvidedByUsedInOperatingActivities,USD,2023-05-09,10-Q,2022-03-25,through_ocf,True,,,0.086118,0.064441,1.096331,-0.034762,-0.049702
2023Q3,2023-08-03,FNKO,1704711,"FUNKO, INC.",$500M-$1B,,624059000,RevenueFromContractWithCustomerExcludingAssessedTax,USD,2023-08-03,10-Q,2022-06-30,24554000,NetIncomeLoss,USD,2023-08-03,10-Q,2022-06-30,1091145000,Assets,USD,2023-08-03,10-Q,2022-12-31,51335000,NetCashProvidedByUsedInFinancingActivities,USD,2023-08-03,10-Q,2022-06-30,-47620000,NetCashProvidedByUsedInInvestingActivities,USD,2023-08-03,10-Q,2022-06-30,-30139000,NetCashProvidedByUsedInOperatingActivities,USD,2023-08-03,10-Q,2022-06-30,through_ocf,True,,,0.039346,-0.048295,1.748464,0.08226,-0.076307
2023Q3,2023-07-20,FOR,1406587,FORESTAR GROUP INC.,$500M-$1B,,829200000,Revenues,USD,2023-04-24,10-Q,2022-03-31,88300000,NetIncomeLoss,USD,2023-04-24,10-Q,2022-03-31,2343000000,Assets,USD,2023-04-24,10-Q,2022-09-30,1300000,NetCashProvidedByUsedInFinancingActivities,USD,2023-04-24,10-Q,2022-03-31,2200000,NetCashProvidedByUsedInInvestingActivities,USD,2023-04-24,10-Q,2022-03-31,76600000,NetCashProvidedByUsedInOperatingActivities,USD,2023-04-24,10-Q,2022-03-31,through_ocf,True,,,0.106488,0.092378,2.825615,0.001568,0.002653
2023Q3,2023-08-02,FORM,1039399,"FormFactor, Inc.",$100M-$500M,,197174000,RevenueFromContractWithCustomerExcludingAssessedTax,USD,2023-05-09,10-Q,2022-03-26,29872000,NetIncomeLoss,USD,2023-05-09,10-Q,2022-03-26,1008228000,Assets,USD,2023-05-09,10-Q,2022-12-31,-6016000,NetCashProvidedByUsedInFinancingActivities,USD,2023-05-09,10-Q,2022-03-26,-21078000,NetCashProvidedByUsedInInvestingActivities,USD,2023-05-09,10-Q,2022-03-26,44155000,NetCashProvidedByUsedInOperatingActivities,USD,2023-05-09,10-Q,2022-03-26,through_ocf,True,,,0.151501,0.223939,5.113392,-0.030511,-0.106901
2023Q3,2023-07-27,FORR,1023313,"FORRESTER RESEARCH, INC.",$100M-$500M,,124971000,RevenueFromContractWithCustomerExcludingAssessedTax,USD,2023-05-09,10-Q,2022-03-31,4148000,NetIncomeLoss,USD,2023-05-09,10-Q,2022-03-31,608438000,Assets,USD,2023-05-09,10-Q,2022-12-31,-22737000,NetCashProvidedByUsedInFinancingActivities,USD,2023-05-09,10-Q,2022-03-31,-1912000,NetCashProvidedByUsedInInvestingActivities,USD,2023-05-09,10-Q,2022-03-31,22666000,NetCashProvidedByUsedInOperatingActivities,USD,2023-05-09,10-Q,2022-03-31,through_ocf,True,,,0.033192,0.18137,4.868634,-0.181938,-0.0153
2023Q3,2023-08-03,FOXF,1424929,Fox Factory Holding Corp.,$100M-$500M,,377977000,RevenueFromContractWithCustomerExcludingAssessedTax,USD,2023-05-04,10-Q,2022-04-01,48050000,NetIncomeLoss,USD,2023-05-04,10-Q,2021-10-01,1618336000,Assets,USD,2023-05-04,10-Q,2022-12-30,38632000,NetCashProvidedByUsedInFinancingActivities,USD,2023-05-04,10-Q,2022-04-01,-8191000,NetCashProvidedByUsedInInvestingActivities,USD,2023-05-04,10-Q,2022-04-01,-143125000,NetCashProvidedByUsedInOperatingActivities,USD,2023-05-04,10-Q,2022-04-01,through_ocf,True,,,0.127124,-0.378661,4.281573,0.102207,-0.021671
2023Q3,2023-08-01,FRSH,1544522,FRESHWORKS INC.,$100M-$500M,,114637000,RevenueFromContractWithCustomerExcludingAssessedTax,USD,2023-05-04,10-Q,2022-03-31,-49059000,NetIncomeLoss,USD,2023-05-04,10-Q,2022-03-31,1380216000,Assets,USD,2023-05-04,10-Q,2022-12-31,-120029000,NetCashProvidedByUsedInFinancingActivities,USD,2023-05-04,10-Q,2022-03-31,-25646000,NetCashProvidedByUsedInInvestingActivities,USD,2023-05-04,10-Q,2022-03-31,1355000,NetCashProvidedByUsedInOperatingActivities,USD,2023-05-04,10-Q,2022-03-31,through_ocf,True,,,-0.427951,0.01182,12.039882,-1.047035,-0.223715
2023Q3,2023-08-02,FRT,34903,FEDERAL REALTY INVESTMENT TRUST,$500M-$1B,,520870000,Revenues,USD,2023-08-02,10-Q,2022-06-30,113660000,NetIncomeLoss,USD,2023-08-02,10-Q,2022-06-30,8233991000,Assets,USD,2023-08-02,10-Q,2022-12-31,58932000,NetCashProvidedByUsedInFinancingActivities,USD,2023-08-02,10-Q,2022-06-30,-300059000,NetCashProvidedByUsedInInvestingActivities,USD,2023-08-02,10-Q,2022-06-30,260521000,NetCashProvidedByUsedInOperatingActivities,USD,2023-08-02,10-Q,2022-06-30,through_ocf,True,,,0.218212,0.500165,15.80815,0.113141,-0.576073
2023Q3,2023-07-27,FSLR,1274494,"First Solar, Inc.",$500M-$1B,,987995000,Revenues,USD,2023-07-27,10-Q,2022-06-30,12550000,NetIncomeLoss,USD,2023-07-27,10-Q,2022-06-30,8251228000,Assets,USD,2023-07-27,10-Q,2022-12-31,125616000,NetCashProvidedByUsedInFinancingActivities,USD,2023-07-27,10-Q,2022-06-30,138287000,NetCashProvidedByUsedInInvestingActivities,USD,2023-07-27,10-Q,2022-06-30,-50821000,NetCashProvidedByUsedInOperatingActivities,USD,2023-07-27,10-Q,2022-06-30,through_ocf,True,,,0.012702,-0.051439,8.351488,0.127142,0.139967
2023Q3,2023-08-08,FSTR,352825,L.B. FOSTER COMPANY,$100M-$500M,,118702000,SalesRevenueGoodsNet,USD,2019-03-18,10-K,2017-03-31,444000,NetIncomeLoss,USD,2023-08-08,10-Q,2022-06-30,365310000,Assets,USD,2023-08-08,10-Q,2022-12-31,18476000,NetCashProvidedByUsedInFinancingActivities,USD,2023-08-08,10-Q,2022-06-30,-7328000,NetCashProvidedByUsedInInvestingActivities,USD,2023-08-08,10-Q,2022-06-30,-13382000,NetCashProvidedByUsedInOperatingActivities,USD,2023-08-08,10-Q,2022-06-30,through_ocf,True,,,0.00374,-0.112736,3.077539,0.15565,-0.061734
2023Q3,2023-07-26,FTAI,1590364,FTAI Aviation Ltd.,<$100M,,91691000,Revenues,USD,2023-04-27,10-Q,2022-03-31,-229659000,ProfitLoss,USD,2023-04-27,10-Q,2022-03-31,2429577000,Assets,USD,2023-04-27,10-Q,2022-12-31,145810000,NetCashProvidedByUsedInFinancingActivities,USD,2023-04-27,10-Q,2022-03-31,-228127000,NetCashProvidedByUsedInInvestingActivities,USD,2023-04-27,10-Q,2022-03-31,1923000,NetCashProvidedByUsedInOperatingActivities,USD,2023-04-27,10-Q,2022-03-31,through_ocf,True,,,-2.504706,0.020973,26.497442,1.590232,-2.487998
2023Q3,2023-08-02,FTDR,1727263,"Frontdoor, Inc.",$500M-$1B,,838000000,Revenues,USD,2023-08-02,10-Q,2022-06-30,35000000,NetIncomeLoss,USD,2023-08-02,10-Q,2022-06-30,1082000000,Assets,USD,2023-08-02,10-Q,2022-12-31,-69000000,NetCashProvidedByUsedInFinancingActivities,USD,2023-08-02,10-Q,2022-06-30,-19000000,NetCashProvidedByUsedInInvestingActivities,USD,2023-08-02,10-Q,2022-06-30,94000000,NetCashProvidedByUsedInOperatingActivities,USD,2023-08-02,10-Q,2022-06-30,through_ocf,True,,,0.041766,0.112172,1.291169,-0.082339,-0.022673
2023Q3,2023-08-03,FTNT,1262039,"FORTINET, INC.",$500M-$1B,,954800000,RevenueFromContractWithCustomerExcludingAssessedTax,USD,2023-05-08,10-Q,2022-03-31,138400000,NetIncomeLoss,USD,2023-05-08,10-Q,2022-03-31,6228000000,Assets,USD,2023-05-08,10-Q,2022-12-31,-746000000,NetCashProvidedByUsedInFinancingActivities,USD,2023-05-08,10-Q,2022-03-31,-45400000,NetCashProvidedByUsedInInvestingActivities,USD,2023-05-08,10-Q,2022-03-31,396100000,NetCashProvidedByUsedInOperatingActivities,USD,2023-05-08,10-Q,2022-03-31,through_ocf,True,,,0.144952,0.414851,6.522832,-0.781315,-0.047549
2023Q3,2023-08-14,FTRE,0001965040,Fortrea Holdings Inc.,$1B-$2B,,1572100000,RevenueFromContractWithCustomerExcludingAssessedTax,USD,2023-08-14,10-Q,2022-06-30,32500000,NetIncomeLoss,USD,2023-08-14,10-Q,2022-03-31,4287900000,Assets,USD,2023-08-14,10-Q,2022-12-31,46100000,NetCashProvidedByUsedInFinancingActivities,USD,2023-08-14,10-Q,2022-06-30,-18700000,NetCashProvidedByUsedInInvestingActivities,USD,2023-08-14,10-Q,2022-06-30,-21700000,NetCashProvidedByUsedInOperatingActivities,USD,2023-08-14,10-Q,2022-06-30,through_ocf,True,,,0.020673,-0.013803,2.727498,0.029324,-0.011895
2023Q3,2023-07-26,FTV,1659166,FORTIVE CORPORATION,$2B-$10B,,2839800000,RevenueFromContractWithCustomerExcludingAssessedTax,USD,2023-07-26,10-Q,2022-07-01,338100000,ProfitLoss,USD,2023-07-26,10-Q,2022-07-01,15890600000,Assets,USD,2023-07-26,10-Q,2022-12-31,-582900000,NetCashProvidedByUsedInFinancingActivities,USD,2023-07-26,10-Q,2022-07-01,-38700000,NetCashProvidedByUsedInInvestingActivities,USD,2023-07-26,10-Q,2022-07-01,509200000,NetCashProvidedByUsedInOperatingActivities,USD,2023-07-26,10-Q,2022-07-01,through_ocf,True,,,0.119058,0.179308,5.595676,-0.205261,-0.013628
2023Q3,2023-08-04,FUBO,1484769,FUBOTV INC.,$100M-$500M,,242320000,RevenueFromContractWithCustomerExcludingAssessedTax,USD,2023-05-08,10-Q,2022-03-31,-140724000,NetIncomeLoss,USD,2023-05-08,10-Q,2022-03-31,1277774000,Assets,USD,2023-05-08,10-Q,2022-12-31,209208000,NetCashProvidedByUsedInFinancingActivities,USD,2023-05-08,10-Q,2022-03-31,-5895000,NetCashProvidedByUsedInInvestingActivities,USD,2023-05-08,10-Q,2022-03-31,-124875000,NetCashProvidedByUsedInOperatingActivities,USD,2023-05-08,10-Q,2022-03-31,through_ocf,True,,,-0.580736,-0.515331,5.273085,0.863354,-0.024327
2023Q3,2023-08-04,FWONA,1560385,LIBERTY MEDIA CORPORATION,$2B-$10B,,5827000000,RevenueFromContractWithCustomerExcludingAssessedTax,USD,2023-08-04,10-Q,2022-06-30,862000000,NetIncomeLoss,USD,2023-08-04,10-Q,2022-06-30,42464000000,Assets,USD,2023-08-04,10-Q,2022-12-31,-1043000000,NetCashProvidedByUsedInFinancingActivities,USD,2023-08-04,10-Q,2022-06-30,-375000000,NetCashProvidedByUsedInInvestingActivities,USD,2023-08-04,10-Q,2022-06-30,1221000000,NetCashProvidedByUsedInOperatingActivities,USD,2023-08-04,10-Q,2022-06-30,through_ocf,True,,,0.147932,0.209542,7.287455,-0.178994,-0.064356
2023Q3,2023-08-04,FWONK,1560385,LIBERTY MEDIA CORPORATION,$2B-$10B,,5827000000,RevenueFromContractWithCustomerExcludingAssessedTax,USD,2023-08-04,10-Q,2022-06-30,862000000,NetIncomeLoss,USD,2023-08-04,10-Q,2022-06-30,42464000000,Assets,USD,2023-08-04,10-Q,2022-12-31,-1043000000,NetCashProvidedByUsedInFinancingActivities,USD,2023-08-04,10-Q,2022-06-30,-375000000,NetCashProvidedByUsedInInvestingActivities,USD,2023-08-04,10-Q,2022-06-30,1221000000,NetCashProvidedByUsedInOperatingActivities,USD,2023-08-04,10-Q,2022-06-30,through_ocf,True,,,0.147932,0.209542,7.287455,-0.178994,-0.064356
2023Q3,2023-08-02,FWRD,912728,FORWARD AIR CORP,$100M-$500M,,466961000,RevenueFromContractWithCustomerExcludingAssessedTax,USD,2023-05-10,10-Q,2022-03-31,42686000,NetIncomeLoss,USD,2023-05-10,10-Q,2022-03-31,1208076000,Assets,USD,2023-05-10,10-Q,2022-12-31,-28775000,NetCashProvidedByUsedInFinancingActivities,USD,2023-05-10,10-Q,2022-03-31,-9397000,NetCashProvidedByUsedInInvestingActivities,USD,2023-05-10,10-Q,2022-03-31,62486000,NetCashProvidedByUsedInOperatingActivities,USD,2023-05-10,10-Q,2022-03-31,through_ocf,True,,,0.091412,0.133814,2.587103,-0.061622,-0.020124
2023Q3,2023-08-01,FWRG,1789940,"First Watch Restaurant Group, Inc.",$100M-$500M,,357565000,RevenueFromContractWithCustomerExcludingAssessedTax,USD,2023-08-01,10-Q,2022-06-26,7347000,NetIncomeLoss,USD,2023-08-01,10-Q,2022-06-26,1104446000,Assets,USD,2023-08-01,10-Q,2022-12-25,-3165000,NetCashProvidedByUsedInFinancingActivities,USD,2023-08-01,10-Q,2022-06-26,-26945000,NetCashProvidedByUsedInInvestingActivities,USD,2023-08-01,10-Q,2022-06-26,31812000,NetCashProvidedByUsedInOperatingActivities,USD,2023-08-01,10-Q,2022-06-26,through_ocf,True,,,0.020547,0.088968,3.088798,-0.008852,-0.075357
2023Q3,2023-07-25,GATX,40211,GATX Corporation,$100M-$500M,,316600000,Revenues,USD,2023-04-28,10-Q,2022-03-31,75800000,NetIncomeLoss,USD,2023-04-28,10-Q,2022-03-31,10072000000,Assets,USD,2023-04-28,10-Q,2022-12-31,385600000,NetCashProvidedByUsedInFinancingActivities,USD,2023-04-28,10-Q,2022-03-31,-179000000,NetCashProvidedByUsedInInvestingActivities,USD,2023-04-28,10-Q,2022-03-31,100200000,NetCashProvidedByUsedInOperatingActivities,USD,2023-04-28,10-Q,2022-03-31,through_ocf,True,,,0.239419,0.316488,31.813013,1.217941,-0.565382
2023Q3,2023-08-10,GBTG,1820872,"Global Business Travel Group, Inc.",$500M-$1B,,836000000,RevenueFromContractWithCustomerExcludingAssessedTax,USD,2023-08-10,10-Q,2022-06-30,-91000000,ProfitLoss,USD,2023-08-10,10-Q,2022-03-31,3728000000,Assets,USD,2023-08-10,10-Q,2022-12-31,298000000,NetCashProvidedByUsedInFinancingActivities,USD,2023-08-10,10-Q,2022-06-30,-42000000,NetCashProvidedByUsedInInvestingActivities,USD,2023-08-10,10-Q,2022-06-30,-309000000,NetCashProvidedByUsedInOperatingActivities,USD,2023-08-10,10-Q,2022-06-30,through_ocf,True,,,-0.108852,-0.369617,4.45933,0.356459,-0.050239
2023Q3,2023-09-21,GBX,923120,GREENBRIER COMPANIES INC,$2B-$10B,,2027000000,Revenues,USD,2023-06-29,10-Q,2022-05-31,26700000,NetIncomeLoss,USD,2023-06-29,10-Q,2022-05-31,3851500000,Assets,USD,2023-06-29,10-Q,2022-08-31,199000000,NetCashProvidedByUsedInFinancingActivities,USD,2023-06-29,10-Q,2022-05-31,-96100000,NetCashProvidedByUsedInInvestingActivities,USD,2023-06-29,10-Q,2022-05-31,-328400000,NetCashProvidedByUsedInOperatingActivities,USD,2023-06-29,10-Q,2022-05-31,through_ocf,True,,,0.013172,-0.162013,1.900099,0.098175,-0.04741
2023Q3,2023-08-31,GCO,18498,Genesco Inc.,$500M-$1B,,520748000,RevenueFromContractWithCustomerExcludingAssessedTax,USD,2023-06-08,10-Q,2022-04-30,4947000,NetIncomeLoss,USD,2023-06-08,10-Q,2022-04-30,1548442000,Assets,USD,2023-06-08,10-Q,2022-04-30,-11282000,NetCashProvidedByUsedInFinancingActivities,USD,2023-06-08,10-Q,2022-04-30,-15397000,NetCashProvidedByUsedInInvestingActivities,USD,2023-06-08,10-Q,2022-04-30,-92067000,NetCashProvidedByUsedInOperatingActivities,USD,2023-06-08,10-Q,2022-04-30,through_ocf,True,,,0.0095,-0.176798,2.973496,-0.021665,-0.029567
2023Q3,2023-07-26,GD,40533,GENERAL DYNAMICS CORPORATION,>$10B,,18581000000,RevenueFromContractWithCustomerExcludingAssessedTax,USD,2023-07-26,10-Q,2022-07-03,1496000000,NetIncomeLoss,USD,2023-07-26,10-Q,2022-07-03,51585000000,Assets,USD,2023-07-26,10-Q,2022-12-31,-1663000000,NetCashProvidedByUsedInFinancingActivities,USD,2023-07-26,10-Q,2022-07-03,-365000000,NetCashProvidedByUsedInInvestingActivities,USD,2023-07-26,10-Q,2022-07-03,2627000000,NetCashProvidedByUsedInOperatingActivities,USD,2023-07-26,10-Q,2022-07-03,through_ocf,True,,,0.080512,0.141381,2.776223,-0.0895,-0.019644
2023Q3,2023-08-03,GDDY,1609711,GoDaddy Inc.,$1B-$2B,,1002700000,RevenueFromContractWithCustomerExcludingAssessedTax,USD,2023-05-05,10-Q,2022-03-31,68400000,NetIncomeLoss,USD,2023-05-05,10-Q,2022-03-31,6973500000,Assets,USD,2023-05-05,10-Q,2022-12-31,-750600000,NetCashProvidedByUsedInFinancingActivities,USD,2023-05-05,10-Q,2022-03-31,-12500000,NetCashProvidedByUsedInInvestingActivities,USD,2023-05-05,10-Q,2022-03-31,250900000,NetCashProvidedByUsedInOperatingActivities,USD,2023-05-05,10-Q,2022-03-31,through_ocf,True,,,0.068216,0.250224,6.954722,-0.748579,-0.012466
2023Q3,2023-07-31,GDEN,1071255,"GOLDEN ENTERTAINMENT, INC.",$100M-$500M,,273644000,RevenueFromContractWithCustomerExcludingAssessedTax,USD,2023-05-10,10-Q,2022-03-31,36066000,NetIncomeLoss,USD,2023-05-10,10-Q,2022-03-31,1508670000,Assets,USD,2023-05-10,10-Q,2022-12-31,-51052000,NetCashProvidedByUsedInFinancingActivities,USD,2023-05-10,10-Q,2022-03-31,-10723000,NetCashProvidedByUsedInInvestingActivities,USD,2023-05-10,10-Q,2022-03-31,43518000,NetCashProvidedByUsedInOperatingActivities,USD,2023-05-10,10-Q,2022-03-31,through_ocf,True,,,0.131799,0.159031,5.513258,-0.186564,-0.039186
2023Q3,2023-08-03,GDOT,1386278,GREEN DOT CORP,$100M-$500M,,400617000,Revenues,USD,2023-05-09,10-Q,2022-03-31,38624000,NetIncomeLoss,USD,2023-05-09,10-Q,2022-03-31,4789176000,Assets,USD,2023-05-09,10-Q,2022-12-31,185974000,NetCashProvidedByUsedInFinancingActivities,USD,2023-05-09,10-Q,2022-03-31,-300614000,NetCashProvidedByUsedInInvestingActivities,USD,2023-05-09,10-Q,2022-03-31,115642000,NetCashProvidedByUsedInOperatingActivities,USD,2023-05-09,10-Q,2022-03-31,through_ocf,True,,,0.096411,0.28866,11.9545,0.464219,-0.750378
2023Q3,2023-08-09,GDRX,1809519,"GoodRx Holdings, Inc.",$100M-$500M,,395127000,RevenueFromContractWithCustomerExcludingAssessedTax,USD,2023-08-09,10-Q,2022-06-30,12293000,NetIncomeLoss,USD,2023-08-09,10-Q,2022-03-31,1604631000,Assets,USD,2023-08-09,10-Q,2022-12-31,-93729000,NetCashProvidedByUsedInFinancingActivities,USD,2023-08-09,10-Q,2022-06-30,-198009000,NetCashProvidedByUsedInInvestingActivities,USD,2023-08-09,10-Q,2022-06-30,81169000,NetCashProvidedByUsedInOperatingActivities,USD,2023-08-09,10-Q,2022-06-30,through_ocf,True,,,0.031112,0.205425,4.061051,-0.237212,-0.501127
2023Q3,2023-09-05,GEF,43920,"GREIF, INC.",$1B-$2B,,1708300000,SalesRevenueNet,USD,2018-06-08,10-Q,2017-04-30,277200000,NetIncomeLoss,USD,2023-08-31,10-Q,2022-07-31,5469900000,Assets,USD,2023-08-31,10-Q,2022-10-31,-343800000,NetCashProvidedByUsedInFinancingActivities,USD,2023-08-31,10-Q,2022-07-31,34700000,NetCashProvidedByUsedInInvestingActivities,USD,2023-08-31,10-Q,2022-07-31,370900000,NetCashProvidedByUsedInOperatingActivities,USD,2023-08-31,10-Q,2022-07-31,through_ocf,True,,,0.162267,0.217116,3.201955,-0.201253,0.020313
2023Q3,2023-07-25,GEHC,0001932393,GE HEALTHCARE TECHNOLOGIES INC.,$2B-$10B,,8827000000,RevenueFromContractWithCustomerExcludingAssessedTax,USD,2023-07-25,10-Q,2022-06-30,874000000,NetIncomeLoss,USD,2023-07-25,10-Q,2022-06-30,27539000000,Assets,USD,2023-07-25,10-Q,2022-12-31,-280000000,NetCashProvidedByUsedInFinancingActivities,USD,2023-07-25,10-Q,2022-06-30,-185000000,NetCashProvidedByUsedInInvestingActivities,USD,2023-07-25,10-Q,2022-06-30,449000000,NetCashProvidedByUsedInOperatingActivities,USD,2023-07-25,10-Q,2022-06-30,through_ocf,True,,,0.099014,0.050867,3.11986,-0.031721,-0.020958
2023Q3,2023-08-03,GEN,849399,Gen Digital Inc.,$2B-$10B,,2551000000,RevenueFromContractWithCustomerExcludingAssessedTax,USD,2023-05-25,10-K,2021-04-02,554000000,NetIncomeLoss,USD,2023-05-25,10-K,2021-04-02,6943000000,Assets,USD,2023-05-25,10-K,2022-04-01,-1903000000,NetCashProvidedByUsedInFinancingActivities,USD,2023-05-25,10-K,2021-04-02,-69000000,NetCashProvidedByUsedInInvestingActivities,USD,2023-05-25,10-K,2021-04-02,706000000,NetCashProvidedByUsedInOperatingActivities,USD,2023-05-25,10-K,2021-04-02,through_ocf,True,,,0.21717,0.276754,2.721678,-0.745982,-0.027048
2023Q3,2023-08-15,GEO,923796,GEO GROUP INC,$1B-$2B,,1139362000,RevenueFromContractWithCustomerExcludingAssessedTax,USD,2023-08-09,10-Q,2022-06-30,91946000,NetIncomeLoss,USD,2023-08-09,10-Q,2022-06-30,3760383000,Assets,USD,2023-08-09,10-Q,2022-12-31,-59860000,NetCashProvidedByUsedInFinancingActivities,USD,2023-08-09,10-Q,2022-06-30,-19316000,NetCashProvidedByUsedInInvestingActivities,USD,2023-08-09,10-Q,2022-06-30,171979000,NetCashProvidedByUsedInOperatingActivities,USD,2023-08-09,10-Q,2022-06-30,through_ocf,True,,,0.0807,0.150943,3.300429,-0.052538,-0.016953
2023Q3,2023-08-14,GETY,0001898496,"Getty Images Holdings, Inc.",$100M-$500M,,230978000,RevenueFromContractWithCustomerExcludingAssessedTax,USD,2023-05-11,10-Q,2022-03-31,25107000,NetIncomeLoss,USD,2023-05-11,10-Q,2022-03-31,2468183000,Assets,USD,2023-05-11,10-Q,2022-12-31,-5652000,NetCashProvidedByUsedInFinancingActivities,USD,2023-05-11,10-Q,2022-03-31,-16235000,NetCashProvidedByUsedInInvestingActivities,USD,2023-05-11,10-Q,2022-03-31,49365000,NetCashProvidedByUsedInOperatingActivities,USD,2023-05-11,10-Q,2022-03-31,through_ocf,True,,,0.108699,0.213722,10.685793,-0.02447,-0.070288
2023Q3,2023-08-02,GFF,50725,GRIFFON CORPORATION,$1B-$2B,,1371366000,RevenueFromContractWithCustomerExcludingAssessedTax,USD,2023-05-04,10-Q,2022-03-31,19298000,NetIncomeLoss,USD,2023-05-04,10-Q,2021-12-31,2816474000,Assets,USD,2023-05-04,10-Q,2022-09-30,899924000,NetCashProvidedByUsedInFinancingActivities,USD,2023-05-04,10-Q,2022-03-31,-27621000,NetCashProvidedByUsedInInvestingActivities,USD,2011-08-03,10-Q,2010-06-30,83125000,NetCashProvidedByUsedInOperatingActivities,USD,2012-11-16,10-K,2010-09-30,through_ocf,True,,,0.014072,0.060615,2.053773,0.656225,-0.020141
2023Q3,2023-08-03,GH,1576280,"GUARDANT HEALTH, INC.",$100M-$500M,,205243000,Revenues,USD,2023-08-03,10-Q,2022-06-30,-352660000,NetIncomeLoss,USD,2023-08-03,10-Q,2022-06-30,1609985000,Assets,USD,2023-08-03,10-Q,2022-12-31,-172099000,NetCashProvidedByUsedInFinancingActivities,USD,2023-08-03,10-Q,2022-06-30,37915000,NetCashProvidedByUsedInInvestingActivities,USD,2023-08-03,10-Q,2022-06-30,-140554000,NetCashProvidedByUsedInOperatingActivities,USD,2023-08-03,10-Q,2022-06-30,through_ocf,True,,,-1.718256,-0.684818,7.844287,-0.838513,0.184732
2023Q3,2023-08-02,GHC,104889,GRAHAM HOLDINGS CO,$1B-$2B,,1848023000,RevenueFromContractWithCustomerExcludingAssessedTax,USD,2023-08-02,10-Q,2022-06-30,28139000,NetIncomeLoss,USD,2023-08-02,10-Q,2022-06-30,6582215000,Assets,USD,2023-08-02,10-Q,2022-12-31,-89571000,NetCashProvidedByUsedInFinancingActivities,USD,2023-08-02,10-Q,2022-06-30,-17916000,NetCashProvidedByUsedInInvestingActivities,USD,2023-08-02,10-Q,2022-06-30,99408000,NetCashProvidedByUsedInOperatingActivities,USD,2023-08-02,10-Q,2022-06-30,through_ocf,True,,,0.015227,0.053792,3.56176,-0.048469,-0.009695
2023Q3,2023-08-07,GHM,716314,GRAHAM CORP,<$100M,,36075000,RevenueFromContractWithCustomerExcludingAssessedTax,USD,2023-08-07,10-Q,2022-06-30,676000,NetIncomeLoss,USD,2023-08-07,10-Q,2022-06-30,203918000,Assets,USD,2023-08-07,10-Q,2023-03-31,-717000,NetCashProvidedByUsedInFinancingActivities,USD,2023-08-07,10-Q,2022-06-30,-284000,NetCashProvidedByUsedInInvestingActivities,USD,2023-08-07,10-Q,2022-06-30,-689000,NetCashProvidedByUsedInOperatingActivities,USD,2023-08-07,10-Q,2022-06-30,through_ocf,True,,,0.018739,-0.019099,5.652613,-0.019875,-0.007872
2023Q3,2023-08-01,GIC,945114,Global Industrial Company,$500M-$1B,,607100000,RevenueFromContractWithCustomerExcludingAssessedTax,USD,2023-08-01,10-Q,2022-06-30,22000000,NetIncomeLoss,USD,2023-08-01,10-Q,2022-03-31,455200000,Assets,USD,2023-08-01,10-Q,2022-12-31,12500000,NetCashProvidedByUsedInFinancingActivities,USD,2023-08-01,10-Q,2022-06-30,-2100000,NetCashProvidedByUsedInInvestingActivities,USD,2023-08-01,10-Q,2022-06-30,-2100000,NetCashProvidedByUsedInOperatingActivities,USD,2023-08-01,10-Q,2022-06-30,through_ocf,True,,,0.036238,-0.003459,0.749794,0.02059,-0.003459
2023Q3,2023-09-07,GIII,821002,G III APPAREL GROUP LTD /DE/,$500M-$1B,,529042000,SalesRevenueGoodsNet,USD,2018-06-11,10-Q,2017-04-30,66953000,NetIncomeLoss,USD,2023-09-07,10-Q,2022-07-31,3082354000,Assets,USD,2023-09-07,10-Q,2022-07-31,22868000,NetCashProvidedByUsedInFinancingActivities,USD,2023-09-07,10-Q,2022-07-31,-224583000,NetCashProvidedByUsedInInvestingActivities,USD,2023-09-07,10-Q,2022-07-31,-109894000,NetCashProvidedByUsedInOperatingActivities,USD,2023-09-07,10-Q,2022-07-31,through_ocf,True,,,0.126555,-0.207723,5.826294,0.043225,-0.424509
2023Q3,2023-08-03,GILD,882095,"GILEAD SCIENCES, INC.",$2B-$10B,,6590000000,RevenueFromContractWithCustomerExcludingAssessedTax,USD,2023-05-03,10-Q,2022-03-31,19000000,NetIncomeLoss,USD,2023-05-03,10-Q,2022-03-31,63171000000,Assets,USD,2023-05-03,10-Q,2022-12-31,-1794000000,NetCashProvidedByUsedInFinancingActivities,USD,2023-05-03,10-Q,2022-03-31,-1070000000,NetCashProvidedByUsedInInvestingActivities,USD,2023-05-03,10-Q,2022-03-31,1840000000,NetCashProvidedByUsedInOperatingActivities,USD,2023-05-03,10-Q,2022-03-31,through_ocf,True,,,0.002883,0.279211,9.585888,-0.272231,-0.162367
2023Q3,2023-09-20,GIS,40704,GENERAL MILLS INC,$2B-$10B,,4717600000,RevenueFromContractWithCustomerExcludingAssessedTax,USD,2023-09-20,10-Q,2022-08-28,820000000,NetIncomeLoss,USD,2023-09-20,10-Q,2022-08-28,31451700000,Assets,USD,2023-09-20,10-Q,2023-05-28,-609100000,NetCashProvidedByUsedInFinancingActivities,USD,2023-09-20,10-Q,2022-08-28,265800000,NetCashProvidedByUsedInInvestingActivities,USD,2023-09-20,10-Q,2022-08-28,388800000,NetCashProvidedByUsedInOperatingActivities,USD,2023-09-20,10-Q,2022-08-28,through_ocf,True,,,0.173817,0.082415,6.666886,-0.129112,0.056342
2023Q3,2023-07-26,GL,320335,GLOBE LIFE INC.,$1B-$2B,,1302626000,Revenues,USD,2023-05-09,10-Q,2022-03-31,237484000,NetIncomeLoss,USD,2023-05-09,10-Q,2022-03-31,25927141000,Assets,USD,2023-05-09,10-Q,2022-12-31,-84700000,NetCashProvidedByUsedInFinancingActivities,USD,2023-05-09,10-Q,2022-03-31,-275324000,NetCashProvidedByUsedInInvestingActivities,USD,2023-05-09,10-Q,2022-03-31,397133000,NetCashProvidedByUsedInOperatingActivities,USD,2023-05-09,10-Q,2022-03-31,through_ocf,True,,,0.182312,0.304871,19.903749,-0.065023,-0.211361
2023Q3,2023-07-28,GLPI,1575965,"Gaming & Leisure Properties, Inc.",$500M-$1B,,641479000,Revenues,USD,2023-07-27,10-Q,2022-06-30,270582000,NetIncomeLoss,USD,2023-07-27,10-Q,2022-06-30,10930386000,Assets,USD,2023-07-27,10-Q,2022-12-31,-887695000,NetCashProvidedByUsedInFinancingActivities,USD,2023-07-27,10-Q,2022-06-30,-289076000,NetCashProvidedByUsedInInvestingActivities,USD,2023-07-27,10-Q,2022-06-30,458462000,NetCashProvidedByUsedInOperatingActivities,USD,2023-07-27,10-Q,2022-06-30,through_ocf,True,,,0.42181,0.714695,17.039351,-1.383826,-0.45064
2023Q3,2023-07-25,GLW,24741,CORNING INC /NY,$2B-$10B,,3680000000,Revenues,USD,2023-04-28,10-Q,2022-03-31,581000000,NetIncomeLoss,USD,2023-04-28,10-Q,2022-03-31,29499000000,Assets,USD,2023-04-28,10-Q,2022-12-31,-375000000,NetCashProvidedByUsedInFinancingActivities,USD,2023-04-28,10-Q,2022-03-31,-278000000,NetCashProvidedByUsedInInvestingActivities,USD,2023-04-28,10-Q,2022-03-31,534000000,NetCashProvidedByUsedInOperatingActivities,USD,2023-04-28,10-Q,2022-03-31,through_ocf,True,,,0.15788,0.145109,8.016033,-0.101902,-0.075543
2023Q3,2023-08-07,GNE,1528356,GENIE ENERGY LTD.,<$100M,,85926000,Revenues,USD,2023-05-09,10-Q,2022-03-31,17889000,NetIncomeLoss,USD,2023-05-09,10-Q,2022-03-31,277615000,Assets,USD,2023-05-09,10-Q,2022-12-31,-2375000,NetCashProvidedByUsedInFinancingActivities,USD,2023-05-09,10-Q,2022-03-31,-23460000,NetCashProvidedByUsedInInvestingActivities,USD,2023-05-09,10-Q,2022-03-31,18340000,NetCashProvidedByUsedInOperatingActivities,USD,2023-05-09,10-Q,2022-03-31,through_ocf,True,,,0.208191,0.213439,3.230861,-0.02764,-0.273026
2023Q3,2023-08-02,GNRC,1474735,GENERAC HOLDINGS INC.,$1B-$2B,,1135856000,RevenueFromContractWithCustomerExcludingAssessedTax,USD,2023-05-09,10-Q,2022-03-31,113858000,NetIncomeLoss,USD,2023-05-09,10-Q,2022-03-31,5169462000,Assets,USD,2023-05-09,10-Q,2022-12-31,95601000,NetCashProvidedByUsedInFinancingActivities,USD,2023-05-09,10-Q,2022-03-31,-27375000,NetCashProvidedByUsedInInvestingActivities,USD,2023-05-09,10-Q,2022-03-31,-10142000,NetCashProvidedByUsedInOperatingActivities,USD,2023-05-09,10-Q,2022-03-31,through_ocf,True,,,0.10024,-0.008929,4.55116,0.084166,-0.024101
2023Q3,2023-07-28,GNTX,355811,GENTEX CORPORATION,$100M-$500M,,468250776,RevenueFromContractWithCustomerExcludingAssessedTax,USD,2023-05-04,10-Q,2022-03-31,87528626,NetIncomeLoss,USD,2023-05-04,10-Q,2022-03-31,2327229924,Assets,USD,2023-05-04,10-Q,2022-12-31,-96517500,NetCashProvidedByUsedInFinancingActivities,USD,2023-05-04,10-Q,2022-03-31,-2044300,NetCashProvidedByUsedInInvestingActivities,USD,2023-05-04,10-Q,2022-03-31,115958543,NetCashProvidedByUsedInOperatingActivities,USD,2023-05-04,10-Q,2022-03-31,through_ocf,True,,,0.186927,0.247642,4.97005,-0.206124,-0.004366
2023Q3,2023-08-01,GNW,1276520,"Genworth Financial, Inc.",$1B-$2B,,1893000000,Revenues,USD,2023-05-05,10-Q,2022-03-31,191000000,NetIncomeLoss,USD,2023-05-05,10-Q,2022-03-31,122335000000,Assets,USD,2023-05-05,10-Q,2021-01-01,-326000000,NetCashProvidedByUsedInFinancingActivities,USD,2023-05-05,10-Q,2022-03-31,138000000,NetCashProvidedByUsedInInvestingActivities,USD,2023-05-05,10-Q,2022-03-31,-92000000,NetCashProvidedByUsedInOperatingActivities,USD,2023-05-05,10-Q,2022-03-31,through_ocf,True,,,0.100898,-0.0486,64.624934,-0.172213,0.0729
2023Q3,2023-08-08,GO,1771515,Grocery Outlet Holding Corp.,$500M-$1B,,831427000,RevenueFromContractWithCustomerExcludingAssessedTax,USD,2023-05-10,10-Q,2022-04-02,11574000,NetIncomeLoss,USD,2023-05-10,10-Q,2022-04-02,2772404000,Assets,USD,2023-05-10,10-Q,2022-12-31,-2896000,NetCashProvidedByUsedInFinancingActivities,USD,2023-05-10,10-Q,2022-04-02,-35522000,NetCashProvidedByUsedInInvestingActivities,USD,2023-05-10,10-Q,2022-04-02,36329000,NetCashProvidedByUsedInOperatingActivities,USD,2023-05-10,10-Q,2022-04-02,through_ocf,True,,,0.013921,0.043695,3.334513,-0.003483,-0.042724
2023Q3,2023-09-05,GOLD,1591588,"GOLD.COM, INC.",$2B-$10B,,6069450000,Revenues,USD,2023-05-10,10-Q,2022-03-31,95200000,NetIncomeLoss,USD,2023-05-10,10-Q,2022-03-31,1442659000,Assets,USD,2023-05-10,10-Q,2022-06-30,43567000,NetCashProvidedByUsedInFinancingActivities,USD,2023-05-10,10-Q,2022-03-31,-40721000,NetCashProvidedByUsedInInvestingActivities,USD,2023-05-10,10-Q,2022-03-31,-75702000,NetCashProvidedByUsedInOperatingActivities,USD,2023-05-10,10-Q,2022-03-31,through_ocf,True,,,0.015685,-0.012473,0.237692,0.007178,-0.006709
2023Q3,2023-08-03,GOLF,1672013,Acushnet Holdings Corp.,$1B-$2B,,1264686000,RevenueFromContractWithCustomerExcludingAssessedTax,USD,2023-08-03,10-Q,2022-06-30,147499000,NetIncomeLoss,USD,2023-08-03,10-Q,2022-06-30,2193807000,Assets,USD,2023-08-03,10-Q,2022-12-31,-56825000,NetCashProvidedByUsedInFinancingActivities,USD,2023-08-03,10-Q,2022-06-30,-20457000,NetCashProvidedByUsedInInvestingActivities,USD,2023-08-03,10-Q,2022-06-30,-90645000,NetCashProvidedByUsedInOperatingActivities,USD,2023-08-03,10-Q,2022-06-30,through_ocf,True,,,0.116629,-0.071674,1.734665,-0.044932,-0.016176
2023Q3,2023-07-20,GPC,40987,GENUINE PARTS CO,>$10B,,10897049000,RevenueFromContractWithCustomerExcludingAssessedTax,USD,2023-07-20,10-Q,2022-06-30,618367000,NetIncomeLoss,USD,2023-07-20,10-Q,2022-06-30,16495379000,Assets,USD,2023-07-20,10-Q,2022-12-31,584511000,NetCashProvidedByUsedInFinancingActivities,USD,2023-07-20,10-Q,2022-06-30,-1543453000,NetCashProvidedByUsedInInvestingActivities,USD,2023-07-20,10-Q,2022-06-30,790985000,NetCashProvidedByUsedInOperatingActivities,USD,2023-07-20,10-Q,2022-06-30,through_ocf,True,,,0.056746,0.072587,1.513747,0.053639,-0.14164
2023Q3,2023-07-26,GPI,1031203,"Group 1 Automotive, Inc",$2B-$10B,,3844400000,RevenueFromContractWithCustomerExcludingAssessedTax,USD,2023-04-28,10-Q,2022-03-31,202900000,NetIncomeLoss,USD,2023-04-28,10-Q,2022-03-31,6717500000,Assets,USD,2023-04-28,10-Q,2022-12-31,-9700000,NetCashProvidedByUsedInFinancingActivities,USD,2023-04-28,10-Q,2022-03-31,-204500000,NetCashProvidedByUsedInInvestingActivities,USD,2023-04-28,10-Q,2022-03-31,226800000,NetCashProvidedByUsedInOperatingActivities,USD,2023-04-28,10-Q,2022-03-31,through_ocf,True,,,0.052778,0.058995,1.747347,-0.002523,-0.053194
2023Q3,2023-08-01,GPN,1123360,Global Payments Inc.,$2B-$10B,,4437160000,RevenueFromContractWithCustomerExcludingAssessedTax,USD,2023-08-01,10-Q,2022-06-30,-428266000,NetIncomeLoss,USD,2023-08-01,10-Q,2022-06-30,44809014000,Assets,USD,2023-08-01,10-Q,2022-12-31,-742650000,NetCashProvidedByUsedInFinancingActivities,USD,2023-08-01,10-Q,2022-06-30,-363697000,NetCashProvidedByUsedInInvestingActivities,USD,2023-08-01,10-Q,2022-06-30,1198133000,NetCashProvidedByUsedInOperatingActivities,USD,2023-08-01,10-Q,2022-06-30,through_ocf,True,,,-0.096518,0.270022,10.09858,-0.167371,-0.081966
2023Q3,2023-08-01,GPOR,874499,Gulfport Energy Corporation,<$100M,,-307816000,Revenues,USD,2023-05-03,10-Q,2022-03-31,-491975000,NetIncomeLoss,USD,2023-05-03,10-Q,2022-03-31,2534479000,Assets,USD,2023-05-03,10-Q,2022-12-31,-170780000,NetCashProvidedByUsedInFinancingActivities,USD,2023-05-03,10-Q,2022-03-31,-80278000,NetCashProvidedByUsedInInvestingActivities,USD,2023-05-03,10-Q,2022-03-31,253696000,NetCashProvidedByUsedInOperatingActivities,USD,2023-05-03,10-Q,2022-03-31,through_ocf,True,,,1.598276,-0.824181,-8.233747,0.554812,0.260799
2023Q3,2023-08-02,GRBK,1373670,"Green Brick Partners, Inc.",$500M-$1B,,918760000,Revenues,USD,2023-08-02,10-Q,2022-06-30,162833000,NetIncomeLoss,USD,2023-08-02,10-Q,2022-06-30,1655675000,Assets,USD,2023-08-02,10-Q,2022-12-31,-51121000,NetCashProvidedByUsedInFinancingActivities,USD,2023-08-02,10-Q,2022-06-30,-2199000,NetCashProvidedByUsedInInvestingActivities,USD,2023-08-02,10-Q,2022-06-30,49420000,NetCashProvidedByUsedInOperatingActivities,USD,2023-08-02,10-Q,2022-06-30,through_ocf,True,,,0.177231,0.05379,1.802076,-0.055641,-0.002393
2023Q3,2023-07-28,GRC,42682,THE GORMAN-RUPP COMPANY,$100M-$500M,,406150000,SalesRevenueNet,USD,2018-02-23,10-K,2015-12-31,7543000,NetIncomeLoss,USD,2023-05-01,10-Q,2022-03-31,872830000,Assets,USD,2023-05-01,10-Q,2022-12-31,-5386000,NetCashProvidedByUsedInFinancingActivities,USD,2023-05-01,10-Q,2022-03-31,-3384000,NetCashProvidedByUsedInInvestingActivities,USD,2023-05-01,10-Q,2022-03-31,6165000,NetCashProvidedByUsedInOperatingActivities,USD,2023-05-01,10-Q,2022-03-31,through_ocf,True,,,0.018572,0.015179,2.149034,-0.013261,-0.008332
2023Q3,2023-08-02,GRMN,1121788,GARMIN LTD,$2B-$10B,,2413496000,RevenueFromContractWithCustomerExcludingAssessedTax,USD,2023-08-02,10-Q,2022-06-25,469464000,NetIncomeLoss,USD,2023-08-02,10-Q,2022-06-25,7731170000,Assets,USD,2023-08-02,10-Q,2022-12-31,-257038000,NetCashProvidedByUsedInFinancingActivities,USD,2023-08-02,10-Q,2022-06-25,-397155000,NetCashProvidedByUsedInInvestingActivities,USD,2023-08-02,10-Q,2022-06-25,265476000,NetCashProvidedByUsedInOperatingActivities,USD,2023-08-02,10-Q,2022-06-25,through_ocf,True,,,0.194516,0.109996,3.203308,-0.1065,-0.164556
2023Q3,2023-08-09,GRPN,1490281,"Groupon, Inc.",$100M-$500M,,306536000,RevenueFromContractWithCustomerExcludingAssessedTax,USD,2023-08-09,10-Q,2022-06-30,-126079000,NetIncomeLoss,USD,2023-08-09,10-Q,2022-06-30,793117000,Assets,USD,2023-08-09,10-Q,2022-12-31,-46304000,NetCashProvidedByUsedInFinancingActivities,USD,2023-08-09,10-Q,2022-06-30,-23695000,NetCashProvidedByUsedInInvestingActivities,USD,2023-08-09,10-Q,2022-06-30,-124000000,NetCashProvidedByUsedInOperatingActivities,USD,2023-08-09,10-Q,2021-12-31,through_ocf,True,,,-0.411302,-0.40452,2.587354,-0.151056,-0.077299
2023Q3,2023-08-02,GT,42582,The Goodyear Tire & Rubber Company,$2B-$10B,,4908000000,RevenueFromContractWithCustomerExcludingAssessedTax,USD,2023-05-05,10-Q,2022-03-31,96000000,NetIncomeLoss,USD,2023-05-05,10-Q,2022-03-31,22431000000,Assets,USD,2023-05-05,10-Q,2022-12-31,982000000,NetCashProvidedByUsedInFinancingActivities,USD,2023-05-05,10-Q,2022-03-31,-300000000,NetCashProvidedByUsedInInvestingActivities,USD,2023-05-05,10-Q,2022-03-31,-711000000,NetCashProvidedByUsedInOperatingActivities,USD,2023-05-05,10-Q,2022-03-31,through_ocf,True,,,0.01956,-0.144866,4.570293,0.200081,-0.061125
2023Q3,2023-09-05,GTLB,1653482,GITLAB INC.,<$100M,,87407000,RevenueFromContractWithCustomerExcludingAssessedTax,USD,2023-06-06,10-Q,2022-04-30,-26099000,NetIncomeLoss,USD,2023-06-06,10-Q,2022-04-30,1169200000,Assets,USD,2023-06-06,10-Q,2023-01-31,43723000,NetCashProvidedByUsedInFinancingActivities,USD,2023-06-06,10-Q,2022-04-30,-8824000,NetCashProvidedByUsedInInvestingActivities,USD,2023-06-06,10-Q,2022-04-30,-28156000,NetCashProvidedByUsedInOperatingActivities,USD,2023-06-06,10-Q,2022-04-30,through_ocf,True,,,-0.298592,-0.322125,13.376503,0.500223,-0.100953
2023Q3,2023-07-28,GTLS,892553,"CHART INDUSTRIES, INC",$500M-$1B,,758900000,RevenueFromContractWithCustomerExcludingAssessedTax,USD,2023-07-28,10-Q,2022-06-30,23200000,NetIncomeLoss,USD,2023-07-28,10-Q,2022-06-30,5901900000,Assets,USD,2023-07-28,10-Q,2022-12-31,70200000,NetCashProvidedByUsedInFinancingActivities,USD,2023-07-28,10-Q,2022-06-30,-55700000,NetCashProvidedByUsedInInvestingActivities,USD,2023-07-28,10-Q,2022-06-30,12500000,NetCashProvidedByUsedInOperatingActivities,USD,2023-07-28,10-Q,2022-06-30,through_ocf,True,,,0.030571,0.016471,7.776914,0.092502,-0.073396
2023Q3,2023-07-31,GTM,1794515,ZoomInfo Technologies Inc.,$500M-$1B,,508800000,RevenueFromContractWithCustomerExcludingAssessedTax,USD,2023-07-31,10-Q,2022-06-30,6200000,NetIncomeLoss,USD,2023-07-31,10-Q,2022-03-31,7136400000,Assets,USD,2023-07-31,10-Q,2022-12-31,-13800000,NetCashProvidedByUsedInFinancingActivities,USD,2023-07-31,10-Q,2022-06-30,-153000000,NetCashProvidedByUsedInInvestingActivities,USD,2023-07-31,10-Q,2022-06-30,211200000,NetCashProvidedByUsedInOperatingActivities,USD,2023-07-31,10-Q,2022-06-30,through_ocf,True,,,0.012186,0.415094,14.025943,-0.027123,-0.300708
2023Q3,2023-07-27,GTX,1735707,Garrett Motion Inc.,$1B-$2B,,1760000000,Revenues,USD,2023-07-27,10-Q,2022-06-30,88000000,NetIncomeLoss,USD,2023-07-27,10-Q,2022-03-31,2637000000,Assets,USD,2023-07-27,10-Q,2022-12-31,-393000000,NetCashProvidedByUsedInFinancingActivities,USD,2023-07-27,10-Q,2022-06-30,-52000000,NetCashProvidedByUsedInInvestingActivities,USD,2023-07-27,10-Q,2022-06-30,177000000,NetCashProvidedByUsedInOperatingActivities,USD,2023-07-27,10-Q,2022-06-30,through_ocf,True,,,0.05,0.100568,1.498295,-0.223295,-0.029545
2023Q3,2023-07-27,GWW,277135,"W.W. Grainger, Inc.",$2B-$10B,,7484000000,RevenueFromContractWithCustomerExcludingAssessedTax,USD,2023-07-27,10-Q,2022-06-30,737000000,NetIncomeLoss,USD,2023-07-27,10-Q,2022-06-30,7588000000,Assets,USD,2023-07-27,10-Q,2022-12-31,-388000000,NetCashProvidedByUsedInFinancingActivities,USD,2023-07-27,10-Q,2022-06-30,-172000000,NetCashProvidedByUsedInInvestingActivities,USD,2023-07-27,10-Q,2022-06-30,593000000,NetCashProvidedByUsedInOperatingActivities,USD,2023-07-27,10-Q,2022-06-30,through_ocf,True,,,0.098477,0.079236,1.013896,-0.051844,-0.022982
2023Q3,2023-08-08,HAE,313143,HAEMONETICS CORPORATION,$100M-$500M,,261458000,RevenueFromContractWithCustomerExcludingAssessedTax,USD,2023-08-08,10-Q,2022-07-02,19877000,NetIncomeLoss,USD,2023-08-08,10-Q,2022-07-02,1934825000,Assets,USD,2023-08-08,10-Q,2023-04-01,-23395000,NetCashProvidedByUsedInFinancingActivities,USD,2023-08-08,10-Q,2022-07-02,-58214000,NetCashProvidedByUsedInInvestingActivities,USD,2023-08-08,10-Q,2022-07-02,41993000,NetCashProvidedByUsedInOperatingActivities,USD,2023-08-08,10-Q,2022-07-02,through_ocf,True,,,0.076024,0.160611,7.400137,-0.089479,-0.222651
2023Q3,2023-08-24,HAIN,910406,"The Hain Celestial Group, Inc.",$1B-$2B,,1970302000,RevenueFromContractWithCustomerExcludingAssessedTax,USD,2023-08-24,10-K,2021-06-30,77364000,NetIncomeLoss,USD,2023-08-24,10-K,2021-06-30,2458384000,Assets,USD,2023-08-24,10-K,2022-06-30,-162443000,NetCashProvidedByUsedInFinancingActivities,USD,2023-08-24,10-K,2021-06-30,-2364000,NetCashProvidedByUsedInInvestingActivities,USD,2023-08-24,10-K,2021-06-30,196759000,NetCashProvidedByUsedInOperatingActivities,USD,2023-08-24,10-K,2021-06-30,through_ocf,True,,,0.039265,0.099862,1.247719,-0.082446,-0.0012
2023Q3,2023-07-19,HAL,45012,HALLIBURTON COMPANY,$2B-$10B,,9236000000,SalesRevenueNet,USD,2018-07-27,10-Q,2017-06-30,263000000,NetIncomeLoss,USD,2023-04-26,10-Q,2022-03-31,23255000000,Assets,USD,2023-04-26,10-Q,2022-12-31,-668000000,NetCashProvidedByUsedInFinancingActivities,USD,2023-04-26,10-Q,2022-03-31,-155000000,NetCashProvidedByUsedInInvestingActivities,USD,2023-04-26,10-Q,2022-03-31,-50000000,NetCashProvidedByUsedInOperatingActivities,USD,2023-04-26,10-Q,2022-03-31,through_ocf,True,,,0.028476,-0.005414,2.517865,-0.072326,-0.016782
2023Q3,2023-08-08,HALO,1159036,"HALOZYME THERAPEUTICS, INC.",$100M-$500M,,269644000,RevenueFromContractWithCustomerExcludingAssessedTax,USD,2023-08-08,10-Q,2022-06-30,82793000,NetIncomeLoss,USD,2023-08-08,10-Q,2022-06-30,1841511000,Assets,USD,2023-08-08,10-Q,2022-12-31,368442000,NetCashProvidedByUsedInFinancingActivities,USD,2023-08-08,10-Q,2022-06-30,-484251000,NetCashProvidedByUsedInInvestingActivities,USD,2023-08-08,10-Q,2022-06-30,88022000,NetCashProvidedByUsedInOperatingActivities,USD,2023-08-08,10-Q,2022-06-30,through_ocf,True,,,0.307046,0.326438,6.829416,1.366402,-1.79589
2023Q3,2023-08-03,HAS,46080,"HASBRO, INC.",$1B-$2B,,1163100000,Revenues,USD,2023-05-03,10-Q,2022-03-27,61200000,NetIncomeLoss,USD,2023-05-03,10-Q,2022-03-27,9518700000,Assets,USD,2023-05-03,10-Q,2022-03-27,-77500000,NetCashProvidedByUsedInFinancingActivities,USD,2023-05-03,10-Q,2022-03-27,-23900000,NetCashProvidedByUsedInInvestingActivities,USD,2023-05-03,10-Q,2022-03-27,134700000,NetCashProvidedByUsedInOperatingActivities,USD,2023-05-03,10-Q,2022-03-27,through_ocf,True,,,0.052618,0.115811,8.183905,-0.066632,-0.020549
2023Q3,2023-07-21,HBAN,49196,Huntington Bancshares Incorporated,$100M-$500M,,308000000,RevenueFromContractWithCustomerExcludingAssessedTax,USD,2023-04-28,10-Q,2022-03-31,460000000,NetIncomeLoss,USD,2023-04-28,10-Q,2022-03-31,182906000000,Assets,USD,2023-04-28,10-Q,2022-12-31,3508000000,NetCashProvidedByUsedInFinancingActivities,USD,2023-04-28,10-Q,2022-03-31,-5355000000,NetCashProvidedByUsedInInvestingActivities,USD,2023-04-28,10-Q,2022-03-31,849000000,NetCashProvidedByUsedInOperatingActivities,USD,2023-04-28,10-Q,2022-03-31,through_ocf,True,,,1.493506,2.756494,593.850649,11.38961,-17.386364
2023Q3,2023-07-21,HBANL,49196,Huntington Bancshares Incorporated,$100M-$500M,,308000000,RevenueFromContractWithCustomerExcludingAssessedTax,USD,2023-04-28,10-Q,2022-03-31,460000000,NetIncomeLoss,USD,2023-04-28,10-Q,2022-03-31,182906000000,Assets,USD,2023-04-28,10-Q,2022-12-31,3508000000,NetCashProvidedByUsedInFinancingActivities,USD,2023-04-28,10-Q,2022-03-31,-5355000000,NetCashProvidedByUsedInInvestingActivities,USD,2023-04-28,10-Q,2022-03-31,849000000,NetCashProvidedByUsedInOperatingActivities,USD,2023-04-28,10-Q,2022-03-31,through_ocf,True,,,1.493506,2.756494,593.850649,11.38961,-17.386364
2023Q3,2023-07-21,HBANP,49196,Huntington Bancshares Incorporated,$100M-$500M,,308000000,RevenueFromContractWithCustomerExcludingAssessedTax,USD,2023-04-28,10-Q,2022-03-31,460000000,NetIncomeLoss,USD,2023-04-28,10-Q,2022-03-31,182906000000,Assets,USD,2023-04-28,10-Q,2022-12-31,3508000000,NetCashProvidedByUsedInFinancingActivities,USD,2023-04-28,10-Q,2022-03-31,-5355000000,NetCashProvidedByUsedInInvestingActivities,USD,2023-04-28,10-Q,2022-03-31,849000000,NetCashProvidedByUsedInOperatingActivities,USD,2023-04-28,10-Q,2022-03-31,through_ocf,True,,,1.493506,2.756494,593.850649,11.38961,-17.386364
2023Q3,2023-08-02,HBB,1709164,HAMILTON BEACH BRANDS HOLDING COMPANY,$100M-$500M,,293878000,RevenueFromContractWithCustomerExcludingAssessedTax,USD,2023-08-02,10-Q,2022-06-30,7173000,NetIncomeLoss,USD,2023-08-02,10-Q,2022-03-31,449929000,Assets,USD,2023-08-02,10-Q,2022-06-30,25727000,NetCashProvidedByUsedInFinancingActivities,USD,2023-08-02,10-Q,2022-06-30,-661000,NetCashProvidedByUsedInInvestingActivities,USD,2023-08-02,10-Q,2022-06-30,-25456000,NetCashProvidedByUsedInOperatingActivities,USD,2023-08-02,10-Q,2022-06-30,through_ocf,True,,,0.024408,-0.086621,1.531006,0.087543,-0.002249
2023Q3,2023-08-02,HCC,1691303,"Warrior Met Coal, Inc.",$100M-$500M,,253964000,SalesRevenueNet,USD,2018-05-02,10-Q,2017-03-31,443241000,NetIncomeLoss,USD,2023-08-02,10-Q,2022-06-30,2028095000,Assets,USD,2023-08-02,10-Q,2022-12-31,-49918000,NetCashProvidedByUsedInFinancingActivities,USD,2023-08-02,10-Q,2022-06-30,-100798000,NetCashProvidedByUsedInInvestingActivities,USD,2023-08-02,10-Q,2022-06-30,399726000,NetCashProvidedByUsedInOperatingActivities,USD,2023-08-02,10-Q,2022-06-30,through_ocf,True,,,1.745291,1.573947,7.985758,-0.196555,-0.396899
2023Q3,2023-08-08,HCI,1400810,"HCI Group, Inc.",$100M-$500M,,127040000,Revenues,USD,2023-05-10,10-Q,2022-03-31,903000,NetIncomeLoss,USD,2023-05-10,10-Q,2022-03-31,1803328000,Assets,USD,2023-05-10,10-Q,2022-12-31,-7328000,NetCashProvidedByUsedInFinancingActivities,USD,2023-05-10,10-Q,2022-03-31,-109899000,NetCashProvidedByUsedInInvestingActivities,USD,2023-05-10,10-Q,2022-03-31,57349000,NetCashProvidedByUsedInOperatingActivities,USD,2023-05-10,10-Q,2022-03-31,through_ocf,True,,,0.007108,0.451425,14.194962,-0.057683,-0.865074
2023Q3,2023-07-26,HCSG,731012,"HEALTHCARE SERVICES GROUP, INC.",$100M-$500M,,426811000,RevenueFromContractWithCustomerExcludingAssessedTax,USD,2023-04-28,10-Q,2022-03-31,11329000,NetIncomeLoss,USD,2023-04-28,10-Q,2022-03-31,718334000,Assets,USD,2023-04-28,10-Q,2022-12-31,-6338000,NetCashProvidedByUsedInFinancingActivities,USD,2023-04-28,10-Q,2022-03-31,-1375000,NetCashProvidedByUsedInInvestingActivities,USD,2023-04-28,10-Q,2022-03-31,-30182000,NetCashProvidedByUsedInOperatingActivities,USD,2023-04-28,10-Q,2022-03-31,through_ocf,True,,,0.026543,-0.070715,1.683026,-0.01485,-0.003222
2023Q3,2023-08-07,HE,354707,"Hawaiian Electric Industries, Inc.",$1B-$2B,,1680675000,Revenues,USD,2023-08-07,10-Q,2022-06-30,122654000,NetIncomeLoss,USD,2023-08-07,10-Q,2022-06-30,16284244000,Assets,USD,2023-08-07,10-Q,2022-12-31,275985000,NetCashProvidedByUsedInFinancingActivities,USD,2023-08-07,10-Q,2022-06-30,-497031000,NetCashProvidedByUsedInInvestingActivities,USD,2023-08-07,10-Q,2022-06-30,74642000,NetCashProvidedByUsedInOperatingActivities,USD,2023-08-07,10-Q,2022-06-30,through_ocf,True,,,0.072979,0.044412,9.689109,0.164211,-0.295733
2023Q3,2023-07-12,HELE,916789,HELEN OF TROY LIMITED,$500M-$1B,,508078000,RevenueFromContractWithCustomerExcludingAssessedTax,USD,2023-07-10,10-Q,2022-05-31,24595000,NetIncomeLoss,USD,2023-07-10,10-Q,2022-05-31,2913715000,Assets,USD,2023-07-10,10-Q,2023-02-28,276810000,NetCashProvidedByUsedInFinancingActivities,USD,2023-07-10,10-Q,2022-05-31,-222509000,NetCashProvidedByUsedInInvestingActivities,USD,2023-07-10,10-Q,2022-05-31,-38428000,NetCashProvidedByUsedInOperatingActivities,USD,2023-07-10,10-Q,2022-05-31,through_ocf,True,,,0.048408,-0.075634,5.734779,0.544818,-0.437943
2023Q3,2023-08-03,HGV,1674168,Hilton Grand Vacations Inc.,$1B-$2B,,1727000000,Revenues,USD,2023-08-03,10-Q,2022-06-30,51000000,NetIncomeLoss,USD,2023-08-03,10-Q,2022-03-31,8004000000,Assets,USD,2023-08-03,10-Q,2022-12-31,-518000000,NetCashProvidedByUsedInFinancingActivities,USD,2023-08-03,10-Q,2022-06-30,-35000000,NetCashProvidedByUsedInInvestingActivities,USD,2023-08-03,10-Q,2022-06-30,530000000,NetCashProvidedByUsedInOperatingActivities,USD,2023-08-03,10-Q,2022-06-30,through_ocf,True,,,0.029531,0.306891,4.634627,-0.299942,-0.020266
2023Q3,2023-07-27,HIG,874766,"The Hartford Insurance Group, Inc.",>$10B,,10766000000,Revenues,USD,2023-07-27,10-Q,2022-06-30,887000000,NetIncomeLoss,USD,2023-07-27,10-Q,2022-06-30,73008000000,Assets,USD,2023-07-27,10-Q,2022-12-31,-1773000000,NetCashProvidedByUsedInFinancingActivities,USD,2023-07-27,10-Q,2022-06-30,387000000,NetCashProvidedByUsedInInvestingActivities,USD,2023-07-27,10-Q,2022-06-30,1403000000,NetCashProvidedByUsedInOperatingActivities,USD,2023-07-27,10-Q,2022-06-30,through_ocf,True,,,0.082389,0.130318,6.781349,-0.164685,0.035946
2023Q3,2023-08-03,HII,1501585,"HUNTINGTON INGALLS INDUSTRIES, INC.",$2B-$10B,,5238000000,Revenues,USD,2023-08-03,10-Q,2022-06-30,318000000,NetIncomeLoss,USD,2023-08-03,10-Q,2022-06-30,10857000000,Assets,USD,2023-08-03,10-Q,2022-12-31,-335000000,NetCashProvidedByUsedInFinancingActivities,USD,2023-08-03,10-Q,2022-06-30,-101000000,NetCashProvidedByUsedInInvestingActivities,USD,2023-08-03,10-Q,2022-06-30,184000000,NetCashProvidedByUsedInOperatingActivities,USD,2023-08-03,10-Q,2022-06-30,through_ocf,True,,,0.06071,0.035128,2.072738,-0.063956,-0.019282
2023Q3,2023-08-07,HIMS,1773751,"HIMS & HERS HEALTH, INC.",$100M-$500M,,214877000,RevenueFromContractWithCustomerExcludingAssessedTax,USD,2023-08-07,10-Q,2022-06-30,-16252000,NetIncomeLoss,USD,2023-08-07,10-Q,2022-03-31,366341000,Assets,USD,2023-08-07,10-Q,2022-12-31,-22174000,NetCashProvidedByUsedInFinancingActivities,USD,2023-08-07,10-Q,2022-06-30,31272000,NetCashProvidedByUsedInInvestingActivities,USD,2023-08-07,10-Q,2022-06-30,-25797000,NetCashProvidedByUsedInOperatingActivities,USD,2023-08-07,10-Q,2022-06-30,through_ocf,True,,,-0.075634,-0.120055,1.704887,-0.103194,0.145534
2023Q3,2023-08-02,HLF,1180262,Herbalife Ltd.,$2B-$10B,,2728500000,RevenueFromContractWithCustomerExcludingAssessedTax,USD,2023-08-02,10-Q,2022-06-30,184700000,NetIncomeLoss,USD,2023-08-02,10-Q,2022-06-30,2732000000,Assets,USD,2023-08-02,10-Q,2022-12-31,-159000000,NetCashProvidedByUsedInFinancingActivities,USD,2023-08-02,10-Q,2022-06-30,-75800000,NetCashProvidedByUsedInInvestingActivities,USD,2023-08-02,10-Q,2022-06-30,229300000,NetCashProvidedByUsedInOperatingActivities,USD,2023-08-02,10-Q,2022-06-30,through_ocf,True,,,0.067693,0.084039,1.001283,-0.058274,-0.027781
2023Q3,2023-08-07,HLIO,1024795,"HELIOS TECHNOLOGIES, INC.",$100M-$500M,,240500000,RevenueFromContractWithCustomerExcludingAssessedTax,USD,2023-05-09,10-Q,2022-04-02,30500000,NetIncomeLoss,USD,2023-05-09,10-Q,2022-04-02,1463700000,Assets,USD,2023-05-09,10-Q,2022-12-31,-8800000,NetCashProvidedByUsedInFinancingActivities,USD,2023-05-09,10-Q,2022-04-02,-2700000,NetCashProvidedByUsedInInvestingActivities,USD,2023-05-09,10-Q,2022-04-02,14700000,NetCashProvidedByUsedInOperatingActivities,USD,2023-05-09,10-Q,2022-04-02,through_ocf,True,,,0.126819,0.061123,6.086071,-0.03659,-0.011227
2023Q3,2023-07-31,HLIT,851310,HARMONIC INC.,$100M-$500M,,147439000,RevenueFromContractWithCustomerExcludingAssessedTax,USD,2023-05-09,10-Q,2022-04-01,-1529000,NetIncomeLoss,USD,2023-05-09,10-Q,2022-04-01,710018000,Assets,USD,2023-05-09,10-Q,2022-12-31,-1967000,NetCashProvidedByUsedInFinancingActivities,USD,2023-05-09,10-Q,2022-04-01,-2438000,NetCashProvidedByUsedInInvestingActivities,USD,2023-05-09,10-Q,2022-04-01,-27482000,NetCashProvidedByUsedInOperatingActivities,USD,2023-05-09,10-Q,2022-04-01,through_ocf,True,,,-0.01037,-0.186396,4.815673,-0.013341,-0.016536
2023Q3,2023-08-08,HLMN,1822492,Hillman Solutions Corp.,$500M-$1B,,757127000,RevenueFromContractWithCustomerExcludingAssessedTax,USD,2023-08-08,10-Q,2022-06-25,-1887000,NetIncomeLoss,USD,2023-08-08,10-Q,2022-03-26,2470690000,Assets,USD,2023-08-08,10-Q,2022-12-31,19290000,NetCashProvidedByUsedInFinancingActivities,USD,2023-08-08,10-Q,2022-06-25,-31421000,NetCashProvidedByUsedInInvestingActivities,USD,2023-08-08,10-Q,2022-06-25,14773000,NetCashProvidedByUsedInOperatingActivities,USD,2023-08-08,10-Q,2022-06-25,through_ocf,True,,,-0.002492,0.019512,3.263244,0.025478,-0.0415
2023Q3,2023-08-01,HLNE,1433642,Hamilton Lane Inc,$100M-$500M,,135509000,RevenueFromContractWithCustomerExcludingAssessedTax,USD,2023-08-01,10-Q,2022-06-30,33484000,NetIncomeLoss,USD,2023-08-01,10-Q,2022-06-30,1140543000,Assets,USD,2023-08-01,10-Q,2023-03-31,6496000,NetCashProvidedByUsedInFinancingActivities,USD,2023-08-01,10-Q,2022-06-30,-56453000,NetCashProvidedByUsedInInvestingActivities,USD,2023-08-01,10-Q,2022-06-30,60952000,NetCashProvidedByUsedInOperatingActivities,USD,2023-08-01,10-Q,2022-06-30,through_ocf,True,,,0.247098,0.4498,8.416732,0.047938,-0.4166
2023Q3,2023-07-26,HLT,1585689,Hilton Worldwide Holdings Inc.,$2B-$10B,,3961000000,RevenueFromContractWithCustomerExcludingAssessedTax,USD,2023-07-26,10-Q,2022-06-30,580000000,NetIncomeLoss,USD,2023-07-26,10-Q,2022-06-30,15512000000,Assets,USD,2023-07-26,10-Q,2022-12-31,-679000000,NetCashProvidedByUsedInFinancingActivities,USD,2023-07-26,10-Q,2022-06-30,-94000000,NetCashProvidedByUsedInInvestingActivities,USD,2023-07-26,10-Q,2022-06-30,528000000,NetCashProvidedByUsedInOperatingActivities,USD,2023-07-26,10-Q,2022-06-30,through_ocf,True,,,0.146428,0.1333,3.916183,-0.171421,-0.023731
2023Q3,2023-07-27,HLX,866829,"HELIX ENERGY SOLUTIONS GROUP, INC.",$100M-$500M,,312737000,RevenueFromContractWithCustomerExcludingAssessedTax,USD,2023-07-27,10-Q,2022-06-30,-71730000,NetIncomeLoss,USD,2023-07-27,10-Q,2022-06-30,2389338000,Assets,USD,2023-07-27,10-Q,2022-12-31,-40319000,NetCashProvidedByUsedInFinancingActivities,USD,2023-07-27,10-Q,2022-06-30,5653000,NetCashProvidedByUsedInInvestingActivities,USD,2023-07-27,10-Q,2022-06-30,-23254000,NetCashProvidedByUsedInOperatingActivities,USD,2023-07-27,10-Q,2022-06-30,through_ocf,True,,,-0.229362,-0.074356,7.640087,-0.128923,0.018076
2023Q3,2023-07-20,HMN,850141,Horace Mann Educators Corporation,$100M-$500M,,346700000,Revenues,USD,2023-05-10,10-Q,2022-03-31,20300000,NetIncomeLoss,USD,2023-05-10,10-Q,2022-03-31,13306100000,Assets,USD,2023-05-10,10-Q,2022-12-31,37400000,NetCashProvidedByUsedInFinancingActivities,USD,2023-05-10,10-Q,2022-03-31,-217700000,NetCashProvidedByUsedInInvestingActivities,USD,2023-05-10,10-Q,2022-03-31,95700000,NetCashProvidedByUsedInOperatingActivities,USD,2023-05-10,10-Q,2022-03-31,through_ocf,True,,,0.058552,0.276031,38.37929,0.107874,-0.62792
2023Q3,2023-08-08,HNI,48287,HNI Corporation,$1B-$2B,,1194100000,RevenueFromContractWithCustomerExcludingAssessedTax,USD,2023-08-08,10-Q,2022-07-02,44500000,NetIncomeLoss,USD,2023-08-08,10-Q,2022-07-02,1414500000,Assets,USD,2023-08-08,10-Q,2022-12-31,41500000,NetCashProvidedByUsedInFinancingActivities,USD,2023-08-08,10-Q,2022-07-02,-42800000,NetCashProvidedByUsedInInvestingActivities,USD,2023-08-08,10-Q,2022-07-02,-25200000,NetCashProvidedByUsedInOperatingActivities,USD,2023-08-08,10-Q,2022-07-02,through_ocf,True,,,0.037267,-0.021104,1.184574,0.034754,-0.035843
2023Q3,2023-07-27,HON,773840,HONEYWELL INTERNATIONAL INC,>$10B,,17329000000,RevenueFromContractWithCustomerExcludingAssessedTax,USD,2023-07-27,10-Q,2022-06-30,2395000000,NetIncomeLoss,USD,2023-07-27,10-Q,2022-06-30,62275000000,Assets,USD,2023-07-27,10-Q,2022-12-31,-3832000000,NetCashProvidedByUsedInFinancingActivities,USD,2023-07-27,10-Q,2022-06-30,414000000,NetCashProvidedByUsedInInvestingActivities,USD,2023-07-27,10-Q,2022-06-30,825000000,NetCashProvidedByUsedInOperatingActivities,USD,2023-07-27,10-Q,2022-06-30,through_ocf,True,,,0.138208,0.047608,3.593687,-0.221132,0.023891
2023Q3,2023-07-31,HOOD,1783879,"Robinhood Markets, Inc.",$100M-$500M,,299000000,Revenues,USD,2023-05-10,10-Q,2022-03-31,-392000000,NetIncomeLoss,USD,2023-05-10,10-Q,2022-03-31,23337000000,Assets,USD,2023-05-10,10-Q,2022-12-31,0,NetCashProvidedByUsedInFinancingActivities,USD,2023-05-10,10-Q,2022-03-31,-34000000,NetCashProvidedByUsedInInvestingActivities,USD,2023-05-10,10-Q,2022-03-31,437000000,NetCashProvidedByUsedInOperatingActivities,USD,2023-05-10,10-Q,2022-03-31,through_ocf,True,,,-1.311037,1.461538,78.050167,0.0,-0.113712
2023Q3,2023-08-30,HOV,357294,HOVNANIAN ENTERPRISES INC,$1B-$2B,,1267850000,Revenues,USD,2023-06-05,10-Q,2022-04-30,87243000,ProfitLoss,USD,2023-06-05,10-Q,2022-04-30,2562030000,Assets,USD,2023-06-05,10-Q,2022-10-31,-39244000,NetCashProvidedByUsedInFinancingActivities,USD,2023-06-05,10-Q,2022-04-30,-3100000,NetCashProvidedByUsedInInvestingActivities,USD,2023-06-05,10-Q,2022-04-30,-62203000,NetCashProvidedByUsedInOperatingActivities,USD,2023-06-05,10-Q,2022-04-30,through_ocf,True,,,0.068812,-0.049062,2.020767,-0.030953,-0.002445
2023Q3,2023-07-26,HP,46765,"HELMERICH & PAYNE, INC.",$1B-$2B,,1427612000,Revenues,USD,2023-07-26,10-Q,2022-06-30,-51362000,NetIncomeLoss,USD,2023-07-26,10-Q,2021-12-31,4355531000,Assets,USD,2023-07-26,10-Q,2022-09-30,-707622000,NetCashProvidedByUsedInFinancingActivities,USD,2023-07-26,10-Q,2022-06-30,-123146000,NetCashProvidedByUsedInInvestingActivities,USD,2023-07-26,10-Q,2022-06-30,116641000,NetCashProvidedByUsedInOperatingActivities,USD,2023-07-26,10-Q,2022-06-30,through_ocf,True,,,-0.035978,0.081704,3.050921,-0.495668,-0.08626
2023Q3,2023-08-01,HPP,1482512,"Hudson Pacific Properties, Inc.",$100M-$500M,,244513000,Revenues,USD,2023-05-09,10-Q,2022-03-31,-7615000,ProfitLoss,USD,2023-05-09,10-Q,2022-03-31,9319140000,Assets,USD,2023-05-09,10-Q,2022-12-31,-22280000,NetCashProvidedByUsedInFinancingActivities,USD,2023-05-09,10-Q,2022-03-31,-72269000,NetCashProvidedByUsedInInvestingActivities,USD,2023-05-09,10-Q,2022-03-31,95454000,NetCashProvidedByUsedInOperatingActivities,USD,2023-05-09,10-Q,2022-03-31,through_ocf,True,,,-0.031144,0.390384,38.113066,-0.09112,-0.295563
2023Q3,2023-09-05,HQY,1428336,"HEALTHEQUITY, INC.",$100M-$500M,,411821000,RevenueFromContractWithCustomerExcludingAssessedTax,USD,2023-09-05,10-Q,2022-07-31,-24293000,NetIncomeLoss,USD,2023-09-05,10-Q,2022-07-31,3088900000,Assets,USD,2023-09-05,10-Q,2023-01-31,-430000,NetCashProvidedByUsedInFinancingActivities,USD,2023-09-05,10-Q,2022-07-31,-95324000,NetCashProvidedByUsedInInvestingActivities,USD,2023-09-05,10-Q,2022-07-31,47226000,NetCashProvidedByUsedInOperatingActivities,USD,2023-09-05,10-Q,2022-07-31,through_ocf,True,,,-0.058989,0.114676,7.500589,-0.001044,-0.231469
2023Q3,2023-07-25,HRI,1364479,HERC HOLDINGS INC.,$100M-$500M,,389400000,SalesRevenueNet,USD,2018-05-09,10-Q,2017-03-31,58000000,NetIncomeLoss,USD,2023-07-25,10-Q,2022-03-31,5957000000,Assets,USD,2023-07-25,10-Q,2022-12-31,532000000,NetCashProvidedByUsedInFinancingActivities,USD,2023-07-25,10-Q,2022-06-30,-874000000,NetCashProvidedByUsedInInvestingActivities,USD,2023-07-25,10-Q,2022-06-30,359000000,NetCashProvidedByUsedInOperatingActivities,USD,2023-07-25,10-Q,2022-06-30,through_ocf,True,,,0.148947,0.921931,15.297894,1.366204,-2.244479
2023Q3,2023-08-31,HRL,48465,HORMEL FOODS CORPORATION,$2B-$10B,,6674911000,SalesRevenueNet,USD,2018-09-07,10-Q,2017-07-30,720103000,NetIncomeLoss,USD,2023-08-31,10-Q,2022-07-31,13306919000,Assets,USD,2023-08-31,10-Q,2022-10-30,-344463000,NetCashProvidedByUsedInFinancingActivities,USD,2023-08-31,10-Q,2022-07-31,-171827000,NetCashProvidedByUsedInInvestingActivities,USD,2023-08-31,10-Q,2022-07-31,763157000,NetCashProvidedByUsedInOperatingActivities,USD,2023-08-31,10-Q,2022-07-31,through_ocf,True,,,0.107882,0.114332,1.993572,-0.051606,-0.025742
2023Q3,2023-08-01,HRMY,1802665,"HARMONY BIOSCIENCES HOLDINGS, INC.",$100M-$500M,,192341000,RevenueFromContractWithCustomerExcludingAssessedTax,USD,2023-08-01,10-Q,2022-06-30,45016000,NetIncomeLoss,USD,2023-08-01,10-Q,2022-06-30,673870000,Assets,USD,2023-08-01,10-Q,2022-12-31,2133000,NetCashProvidedByUsedInFinancingActivities,USD,2023-08-01,10-Q,2022-06-30,-62492000,NetCashProvidedByUsedInInvestingActivities,USD,2023-08-01,10-Q,2022-06-30,62583000,NetCashProvidedByUsedInOperatingActivities,USD,2023-08-01,10-Q,2022-06-30,through_ocf,True,,,0.234043,0.325375,3.503517,0.01109,-0.324902
2023Q3,2023-08-09,HRTG,1598665,"HERITAGE INSURANCE HOLDINGS, INC.",$100M-$500M,,322378000,Revenues,USD,2023-08-09,10-Q,2022-06-30,-30759000,NetIncomeLoss,USD,2023-08-09,10-Q,2022-03-31,2392600000,Assets,USD,2023-08-09,10-Q,2022-12-31,-6823000,NetCashProvidedByUsedInFinancingActivities,USD,2023-08-09,10-Q,2022-06-30,-14046000,NetCashProvidedByUsedInInvestingActivities,USD,2023-08-09,10-Q,2022-06-30,-47535000,NetCashProvidedByUsedInOperatingActivities,USD,2023-08-09,10-Q,2022-06-30,through_ocf,True,,,-0.095413,-0.147451,7.421722,-0.021165,-0.04357
2023Q3,2023-08-07,HSIC,1000228,"HENRY SCHEIN, INC.",$2B-$10B,,6209000000,RevenueFromContractWithCustomerExcludingAssessedTax,USD,2023-08-07,10-Q,2022-06-25,341000000,NetIncomeLoss,USD,2023-08-07,10-Q,2022-06-25,8607000000,Assets,USD,2023-08-07,10-Q,2022-12-31,-195000000,NetCashProvidedByUsedInFinancingActivities,USD,2023-08-07,10-Q,2022-06-25,-59000000,NetCashProvidedByUsedInInvestingActivities,USD,2023-08-07,10-Q,2022-06-25,250000000,NetCashProvidedByUsedInOperatingActivities,USD,2023-08-07,10-Q,2022-06-25,through_ocf,True,,,0.05492,0.040264,1.386214,-0.031406,-0.009502
2023Q3,2023-08-02,HST,1070750,"HOST HOTELS & RESORTS, INC.",$1B-$2B,,1074000000,RevenueFromContractWithCustomerExcludingAssessedTax,USD,2023-05-05,10-Q,2022-03-31,116000000,NetIncomeLoss,USD,2023-05-05,10-Q,2022-03-31,12269000000,Assets,USD,2023-05-05,10-Q,2022-12-31,693000000,NetCashProvidedByUsedInFinancingActivities,USD,2023-05-05,10-Q,2022-03-31,-92000000,NetCashProvidedByUsedInInvestingActivities,USD,2023-05-05,10-Q,2022-03-31,261000000,NetCashProvidedByUsedInOperatingActivities,USD,2023-05-05,10-Q,2022-03-31,through_ocf,True,,,0.108007,0.243017,11.42365,0.645251,-0.085661
2023Q3,2023-07-27,HSY,47111,HERSHEY CO,$2B-$10B,,5038803000,RevenueFromContractWithCustomerExcludingAssessedTax,USD,2023-07-27,10-Q,2022-07-03,849034000,NetIncomeLoss,USD,2023-07-27,10-Q,2022-07-03,10948820000,Assets,USD,2023-07-27,10-Q,2022-12-31,-755405000,NetCashProvidedByUsedInFinancingActivities,USD,2023-07-27,10-Q,2022-07-03,-350985000,NetCashProvidedByUsedInInvestingActivities,USD,2023-07-27,10-Q,2022-07-03,1113773000,NetCashProvidedByUsedInOperatingActivities,USD,2023-07-27,10-Q,2022-07-03,through_ocf,True,,,0.168499,0.221039,2.172901,-0.149918,-0.069656
2023Q3,2023-07-20,HTH,1265131,Hilltop Holdings Inc.,$100M-$500M,,111812000,Revenues,USD,2012-11-02,10-Q,2011-09-30,22250000,NetIncomeLoss,USD,2023-04-24,10-Q,2022-03-31,16259282000,Assets,USD,2023-04-24,10-Q,2022-12-31,-135814000,NetCashProvidedByUsedInFinancingActivities,USD,2023-04-24,10-Q,2022-03-31,-282480000,NetCashProvidedByUsedInInvestingActivities,USD,2023-04-24,10-Q,2022-03-31,388634000,NetCashProvidedByUsedInOperatingActivities,USD,2023-04-24,10-Q,2022-03-31,through_ocf,True,,,0.198995,3.475781,145.416252,-1.214664,-2.526384
2023Q3,2023-08-03,HTLD,799233,"HEARTLAND EXPRESS, INC.",$100M-$500M,,151275000,Revenues,USD,2023-05-08,10-Q,2022-03-31,16775000,NetIncomeLoss,USD,2023-05-08,10-Q,2022-03-31,1669488000,Assets,USD,2023-05-08,10-Q,2022-12-31,-41000,NetCashProvidedByUsedInFinancingActivities,USD,2023-05-08,10-Q,2022-03-31,-8381000,NetCashProvidedByUsedInInvestingActivities,USD,2023-05-08,10-Q,2022-03-31,37593000,NetCashProvidedByUsedInOperatingActivities,USD,2023-05-08,10-Q,2022-03-31,through_ocf,True,,,0.110891,0.248508,11.036113,-0.000271,-0.055402
2023Q3,2023-07-31,HTO,766829,H2O America,$100M-$500M,,273343000,Revenues,USD,2023-07-31,10-Q,2022-06-30,3737000,NetIncomeLoss,USD,2023-07-31,10-Q,2022-03-31,3541047000,Assets,USD,2023-07-31,10-Q,2022-06-30,34065000,NetCashProvidedByUsedInFinancingActivities,USD,2023-07-31,10-Q,2022-06-30,-117131000,NetCashProvidedByUsedInInvestingActivities,USD,2023-07-31,10-Q,2022-06-30,83598000,NetCashProvidedByUsedInOperatingActivities,USD,2023-07-31,10-Q,2022-06-30,through_ocf,True,,,0.013671,0.305836,12.954592,0.124624,-0.428513
2023Q3,2023-07-27,HTZ,1657853,"HERTZ GLOBAL HOLDINGS, INC",$2B-$10B,,4154000000,Revenues,USD,2023-07-27,10-Q,2022-06-30,426000000,NetIncomeLoss,USD,2023-07-27,10-Q,2022-03-31,22497000000,Assets,USD,2023-07-27,10-Q,2022-12-31,859000000,NetCashProvidedByUsedInFinancingActivities,USD,2023-07-27,10-Q,2022-06-30,-3251000000,NetCashProvidedByUsedInInvestingActivities,USD,2023-07-27,10-Q,2022-06-30,1329000000,NetCashProvidedByUsedInOperatingActivities,USD,2023-07-27,10-Q,2022-06-30,through_ocf,True,,,0.102552,0.319933,5.415744,0.206789,-0.782619
2023Q3,2023-07-25,HUBB,48898,HUBBELL INC,$1B-$2B,,1156100000,RevenueFromContractWithCustomerExcludingAssessedTax,USD,2023-04-28,10-Q,2022-03-31,180200000,NetIncomeLoss,USD,2023-04-28,10-Q,2022-03-31,5402600000,Assets,USD,2023-04-28,10-Q,2022-12-31,-210400000,NetCashProvidedByUsedInFinancingActivities,USD,2023-04-28,10-Q,2022-03-31,-46400000,NetCashProvidedByUsedInInvestingActivities,USD,2021-10-27,10-Q,2020-09-30,455600000,NetCashProvidedByUsedInOperatingActivities,USD,2021-10-27,10-Q,2020-09-30,through_ocf,True,,,0.155869,0.394084,4.673125,-0.181991,-0.040135
2023Q3,2023-08-02,HUBS,1404655,"HubSpot, Inc.",$500M-$1B,,817354000,RevenueFromContractWithCustomerExcludingAssessedTax,USD,2023-08-02,10-Q,2022-06-30,-9341000,NetIncomeLoss,USD,2023-08-02,10-Q,2022-03-31,2544738000,Assets,USD,2023-08-02,10-Q,2022-12-31,-9008000,NetCashProvidedByUsedInFinancingActivities,USD,2023-08-02,10-Q,2022-06-30,-176013000,NetCashProvidedByUsedInInvestingActivities,USD,2023-08-02,10-Q,2022-06-30,123146000,NetCashProvidedByUsedInOperatingActivities,USD,2023-08-02,10-Q,2022-06-30,through_ocf,True,,,-0.011428,0.150664,3.113385,-0.011021,-0.215345
2023Q3,2023-09-08,HURC,315374,"HURCO COMPANIES, INC.",$100M-$500M,,187352000,Revenues,USD,2023-09-08,10-Q,2022-07-31,6802000,NetIncomeLoss,USD,2023-09-08,10-Q,2022-07-31,306237000,Assets,USD,2023-09-08,10-Q,2022-10-31,-5908000,NetCashProvidedByUsedInFinancingActivities,USD,2023-09-08,10-Q,2022-07-31,-1525000,NetCashProvidedByUsedInInvestingActivities,USD,2023-09-08,10-Q,2022-07-31,2441000,NetCashProvidedByUsedInOperatingActivities,USD,2023-09-08,10-Q,2022-07-31,through_ocf,True,,,0.036306,0.013029,1.634554,-0.031534,-0.00814
2023Q3,2023-08-01,HVT,216085,"HAVERTY FURNITURE COMPANIES, INC",$100M-$500M,,238946000,RevenueFromContractWithCustomerExcludingAssessedTax,USD,2023-05-05,10-Q,2022-03-31,19361000,NetIncomeLoss,USD,2023-05-05,10-Q,2022-03-31,649049000,Assets,USD,2023-05-05,10-Q,2022-12-31,-17278000,NetCashProvidedByUsedInFinancingActivities,USD,2023-05-05,10-Q,2022-03-31,-7107000,NetCashProvidedByUsedInInvestingActivities,USD,2023-05-05,10-Q,2022-03-31,20578000,NetCashProvidedByUsedInOperatingActivities,USD,2023-05-05,10-Q,2022-03-31,through_ocf,True,,,0.081027,0.08612,2.7163,-0.072309,-0.029743
2023Q3,2023-08-02,HWKN,46250,"HAWKINS, INC.",$100M-$500M,,246543000,Revenues,USD,2023-08-02,10-Q,2022-07-03,19695000,NetIncomeLoss,USD,2023-08-02,10-Q,2022-07-03,590535000,Assets,USD,2023-08-02,10-Q,2023-04-02,23421000,NetCashProvidedByUsedInFinancingActivities,USD,2023-08-02,10-Q,2022-07-03,-11527000,NetCashProvidedByUsedInInvestingActivities,USD,2023-08-02,10-Q,2022-07-03,-9395000,NetCashProvidedByUsedInOperatingActivities,USD,2023-08-02,10-Q,2022-07-03,through_ocf,True,,,0.079885,-0.038107,2.395262,0.094998,-0.046755
2023Q3,2023-08-01,HWM,4281,HOWMET AEROSPACE INC.,$2B-$10B,,2717000000,RevenueFromContractWithCustomerExcludingAssessedTax,USD,2023-08-01,10-Q,2022-06-30,278000000,NetIncomeLoss,USD,2023-08-01,10-Q,2022-06-30,10255000000,Assets,USD,2023-08-01,10-Q,2022-12-31,-331000000,NetCashProvidedByUsedInFinancingActivities,USD,2023-08-01,10-Q,2022-06-30,-65000000,NetCashProvidedByUsedInInvestingActivities,USD,2023-08-01,10-Q,2022-06-30,213000000,NetCashProvidedByUsedInOperatingActivities,USD,2023-08-01,10-Q,2022-06-30,through_ocf,True,,,0.102319,0.078395,3.774384,-0.121826,-0.023923
2023Q3,2023-08-01,HY,1173514,"HYSTER-YALE, INC.",$1B-$2B,,1723000000,Revenues,USD,2023-08-01,10-Q,2022-06-30,-44400000,NetIncomeLoss,USD,2023-08-01,10-Q,2022-06-30,2026200000,Assets,USD,2023-08-01,10-Q,2022-12-31,33500000,NetCashProvidedByUsedInFinancingActivities,USD,2023-08-01,10-Q,2022-06-30,-22900000,NetCashProvidedByUsedInInvestingActivities,USD,2023-08-01,10-Q,2022-06-30,200000,NetCashProvidedByUsedInOperatingActivities,USD,2023-08-01,10-Q,2022-06-30,through_ocf,True,,,-0.025769,0.000116,1.175972,0.019443,-0.013291
2023Q3,2023-07-27,HZO,1057060,"MarineMax, Inc.",$1B-$2B,,1771334000,RevenueFromContractWithCustomerExcludingAssessedTax,USD,2023-07-27,10-Q,2022-06-30,159629000,NetIncomeLoss,USD,2023-07-27,10-Q,2022-06-30,1352771000,Assets,USD,2023-07-27,10-Q,2022-09-30,50868000,NetCashProvidedByUsedInFinancingActivities,USD,2023-07-27,10-Q,2022-06-30,-113161000,NetCashProvidedByUsedInInvestingActivities,USD,2023-07-27,10-Q,2022-06-30,123036000,NetCashProvidedByUsedInOperatingActivities,USD,2023-07-27,10-Q,2022-06-30,through_ocf,True,,,0.090118,0.06946,0.763702,0.028717,-0.063885
2023Q3,2023-08-08,IAC,1800227,IAC Inc.,$2B-$10B,,2687926000,Revenues,USD,2023-08-08,10-Q,2022-06-30,-1104928000,NetIncomeLoss,USD,2023-08-08,10-Q,2022-06-30,10393635000,Assets,USD,2023-08-08,10-Q,2022-12-31,-63792000,NetCashProvidedByUsedInFinancingActivities,USD,2023-08-08,10-Q,2022-06-30,-225265000,NetCashProvidedByUsedInInvestingActivities,USD,2023-08-08,10-Q,2022-06-30,-7905000,NetCashProvidedByUsedInOperatingActivities,USD,2023-08-08,10-Q,2022-06-30,through_ocf,True,,,-0.411071,-0.002941,3.866786,-0.023733,-0.083806
2023Q3,2023-07-27,IART,917520,INTEGRA LIFESCIENCES HOLDINGS CORPORATION,$500M-$1B,,774453000,RevenueFromContractWithCustomerExcludingAssessedTax,USD,2023-07-27,10-Q,2022-06-30,32901000,NetIncomeLoss,USD,2023-07-27,10-Q,2022-03-31,3889758000,Assets,USD,2023-07-27,10-Q,2022-12-31,-146612000,NetCashProvidedByUsedInFinancingActivities,USD,2023-07-27,10-Q,2022-06-30,-18565000,NetCashProvidedByUsedInInvestingActivities,USD,2023-07-27,10-Q,2022-06-30,110822000,NetCashProvidedByUsedInOperatingActivities,USD,2023-07-27,10-Q,2022-06-30,through_ocf,True,,,0.042483,0.143097,5.022588,-0.18931,-0.023972
2023Q3,2023-07-18,IBKR,1381197,"INTERACTIVE BROKERS GROUP, INC.",$100M-$500M,,402000000,RevenueFromContractWithCustomerExcludingAssessedTax,USD,2023-05-08,10-Q,2022-03-31,366000000,ProfitLoss,USD,2023-05-08,10-Q,2022-03-31,115143000000,Assets,USD,2023-05-08,10-Q,2022-12-31,-105000000,NetCashProvidedByUsedInFinancingActivities,USD,2023-05-08,10-Q,2022-03-31,-14000000,NetCashProvidedByUsedInInvestingActivities,USD,2023-05-08,10-Q,2022-03-31,2125000000,NetCashProvidedByUsedInOperatingActivities,USD,2023-05-08,10-Q,2022-03-31,through_ocf,True,,,0.910448,5.28607,286.425373,-0.261194,-0.034826
2023Q3,2023-08-02,IBP,1580905,"Installed Building Products, Inc.",$1B-$2B,,1264241000,RevenueFromContractWithCustomerExcludingAssessedTax,USD,2023-08-02,10-Q,2022-06-30,93726000,NetIncomeLoss,USD,2023-08-02,10-Q,2022-06-30,1778932000,Assets,USD,2023-08-02,10-Q,2022-12-31,-165100000,NetCashProvidedByUsedInFinancingActivities,USD,2023-08-02,10-Q,2022-06-30,-197905000,NetCashProvidedByUsedInInvestingActivities,USD,2023-08-02,10-Q,2022-06-30,99459000,NetCashProvidedByUsedInOperatingActivities,USD,2023-08-02,10-Q,2022-06-30,through_ocf,True,,,0.074136,0.078671,1.407115,-0.130592,-0.156541
2023Q3,2023-08-03,ICE,1571949,"INTERCONTINENTAL EXCHANGE, INC.",$2B-$10B,,4872000000,RevenueFromContractWithCustomerExcludingAssessedTax,USD,2023-08-03,10-Q,2022-06-30,1212000000,NetIncomeLoss,USD,2023-08-03,10-Q,2022-06-30,194338000000,Assets,USD,2023-08-03,10-Q,2022-12-31,19238000000,NetCashProvidedByUsedInFinancingActivities,USD,2023-08-03,10-Q,2022-06-30,2843000000,NetCashProvidedByUsedInInvestingActivities,USD,2023-08-03,10-Q,2022-06-30,1725000000,NetCashProvidedByUsedInOperatingActivities,USD,2023-08-03,10-Q,2022-06-30,through_ocf,True,,,0.248768,0.354064,39.888752,3.948686,0.583539
2023Q3,2023-08-03,ICFI,1362004,"ICF International, Inc.",$100M-$500M,,413468000,RevenueFromContractWithCustomerExcludingAssessedTax,USD,2023-05-10,10-Q,2022-03-31,17862000,NetIncomeLoss,USD,2023-05-10,10-Q,2022-03-31,2092258000,Assets,USD,2023-05-10,10-Q,2022-12-31,2674000,NetCashProvidedByUsedInFinancingActivities,USD,2023-05-10,10-Q,2022-03-31,-6454000,NetCashProvidedByUsedInInvestingActivities,USD,2023-05-10,10-Q,2022-03-31,-7055000,NetCashProvidedByUsedInOperatingActivities,USD,2023-05-10,10-Q,2022-03-31,through_ocf,True,,,0.0432,-0.017063,5.060266,0.006467,-0.015609
2023Q3,2023-08-08,ICHR,1652535,"ICHOR HOLDINGS, LTD.",$100M-$500M,,293146000,RevenueFromContractWithCustomerExcludingAssessedTax,USD,2023-05-10,10-Q,2022-03-31,8039000,NetIncomeLoss,USD,2023-05-10,10-Q,2022-03-31,1083742000,Assets,USD,2023-05-10,10-Q,2022-12-31,-1284000,NetCashProvidedByUsedInFinancingActivities,USD,2023-05-10,10-Q,2022-03-31,-3417000,NetCashProvidedByUsedInInvestingActivities,USD,2023-05-10,10-Q,2022-03-31,-36278000,NetCashProvidedByUsedInOperatingActivities,USD,2023-05-10,10-Q,2022-03-31,through_ocf,True,,,0.027423,-0.123754,3.696936,-0.00438,-0.011656
2023Q3,2023-08-07,ICUI,883984,ICU MEDICAL INC/DE,$1B-$2B,,1104126000,Revenues,USD,2023-08-07,10-Q,2022-06-30,-38068000,NetIncomeLoss,USD,2023-08-07,10-Q,2022-03-31,4515641000,Assets,USD,2023-08-07,10-Q,2022-12-31,1644887000,NetCashProvidedByUsedInFinancingActivities,USD,2023-08-07,10-Q,2022-06-30,-1872942000,NetCashProvidedByUsedInInvestingActivities,USD,2023-08-07,10-Q,2022-06-30,-62727000,NetCashProvidedByUsedInOperatingActivities,USD,2023-08-07,10-Q,2022-06-30,through_ocf,True,,,-0.034478,-0.056811,4.089788,1.489764,-1.696312
2023Q3,2023-08-03,IDCC,1405495,"INTERDIGITAL, INC.",$100M-$500M,,225975000,RevenueFromContractWithCustomerExcludingAssessedTax,USD,2023-08-03,10-Q,2022-06-30,17994000,NetIncomeLoss,USD,2023-08-03,10-Q,2022-03-31,1900105000,Assets,USD,2023-08-03,10-Q,2022-12-31,40993000,NetCashProvidedByUsedInFinancingActivities,USD,2023-08-03,10-Q,2022-06-30,142715000,NetCashProvidedByUsedInInvestingActivities,USD,2023-08-03,10-Q,2022-06-30,-51740000,NetCashProvidedByUsedInOperatingActivities,USD,2023-08-03,10-Q,2022-06-30,through_ocf,True,,,0.079628,-0.228963,8.408474,0.181405,0.631552
2023Q3,2023-08-01,IDXX,874716,IDEXX LABORATORIES INC /DE,$1B-$2B,,1697095000,RevenueFromContractWithCustomerExcludingAssessedTax,USD,2023-08-01,10-Q,2022-06-30,193965000,NetIncomeLoss,USD,2023-08-01,10-Q,2022-03-31,2746765000,Assets,USD,2023-08-01,10-Q,2022-12-31,-105387000,NetCashProvidedByUsedInFinancingActivities,USD,2023-08-01,10-Q,2022-06-30,-96924000,NetCashProvidedByUsedInInvestingActivities,USD,2023-08-01,10-Q,2022-06-30,180556000,NetCashProvidedByUsedInOperatingActivities,USD,2023-08-01,10-Q,2022-06-30,through_ocf,True,,,0.114292,0.106391,1.61851,-0.062098,-0.057112
2023Q3,2023-08-04,IEP,813762,ICAHN ENTERPRISES L.P.,$2B-$10B,,7596000000,Revenues,USD,2023-08-04,10-Q,2022-06-30,195000000,NetIncomeLoss,USD,2023-08-04,10-Q,2022-06-30,27914000000,Assets,USD,2023-08-04,10-Q,2022-12-31,-333000000,NetCashProvidedByUsedInFinancingActivities,USD,2023-08-04,10-Q,2022-06-30,-69000000,NetCashProvidedByUsedInInvestingActivities,USD,2023-08-04,10-Q,2022-06-30,2629000000,NetCashProvidedByUsedInOperatingActivities,USD,2023-08-04,10-Q,2022-06-30,through_ocf,True,,,0.025671,0.346103,3.674829,-0.043839,-0.009084
2023Q3,2023-08-04,IESC,1048268,"IES Holdings, Inc.",$1B-$2B,,1549403000,Revenues,USD,2023-08-04,10-Q,2022-06-30,18517000,NetIncomeLoss,USD,2023-08-04,10-Q,2022-06-30,884392000,Assets,USD,2023-08-04,10-Q,2022-06-30,38687000,NetCashProvidedByUsedInFinancingActivities,USD,2023-08-04,10-Q,2022-06-30,-26934000,NetCashProvidedByUsedInInvestingActivities,USD,2023-08-04,10-Q,2022-06-30,-17799000,NetCashProvidedByUsedInOperatingActivities,USD,2023-08-04,10-Q,2022-06-30,through_ocf,True,,,0.011951,-0.011488,0.570795,0.024969,-0.017383
2023Q3,2023-07-27,IEX,832101,IDEX CORP,$1B-$2B,,1547200000,Revenues,USD,2023-07-27,10-Q,2022-06-30,278200000,NetIncomeLoss,USD,2023-07-27,10-Q,2022-06-30,5511900000,Assets,USD,2023-07-27,10-Q,2022-12-31,-197100000,NetCashProvidedByUsedInFinancingActivities,USD,2023-07-27,10-Q,2022-06-30,-260100000,NetCashProvidedByUsedInInvestingActivities,USD,2023-07-27,10-Q,2022-06-30,192000000,NetCashProvidedByUsedInOperatingActivities,USD,2023-07-27,10-Q,2022-06-30,through_ocf,True,,,0.179809,0.124095,3.5625,-0.127391,-0.16811
2023Q3,2023-08-07,IFF,51253,INTERNATIONAL FLAVORS & FRAGRANCES INC,$2B-$10B,,3226000000,RevenueFromContractWithCustomerExcludingAssessedTax,USD,2023-05-10,10-Q,2022-03-31,244000000,NetIncomeLoss,USD,2023-05-10,10-Q,2022-03-31,35407000000,Assets,USD,2023-05-10,10-Q,2022-12-31,95000000,NetCashProvidedByUsedInFinancingActivities,USD,2023-05-10,10-Q,2022-03-31,-121000000,NetCashProvidedByUsedInInvestingActivities,USD,2023-05-10,10-Q,2022-03-31,-4000000,NetCashProvidedByUsedInOperatingActivities,USD,2023-05-10,10-Q,2022-03-31,through_ocf,True,,,0.075635,-0.00124,10.975511,0.029448,-0.037508
2023Q3,2023-08-08,IIIV,1728688,"i3 Verticals, Inc.",$100M-$500M,,152059000,RevenueFromContractWithCustomerExcludingAssessedTax,USD,2023-05-10,10-Q,2022-03-31,-9901000,NetIncomeLoss,USD,2023-05-10,10-Q,2022-03-31,772656000,Assets,USD,2023-05-10,10-Q,2022-03-31,77767000,NetCashProvidedByUsedInFinancingActivities,USD,2023-05-10,10-Q,2022-03-31,-99598000,NetCashProvidedByUsedInInvestingActivities,USD,2023-05-10,10-Q,2022-03-31,31213000,NetCashProvidedByUsedInOperatingActivities,USD,2023-05-10,10-Q,2022-03-31,through_ocf,True,,,-0.065113,0.205269,5.081291,0.511426,-0.654996
2023Q3,2023-08-09,ILMN,1110803,"Illumina, Inc.",$1B-$2B,,1223000000,RevenueFromContractWithCustomerExcludingAssessedTax,USD,2023-05-05,10-Q,2022-04-03,86000000,NetIncomeLoss,USD,2023-05-05,10-Q,2022-04-03,12252000000,Assets,USD,2023-05-05,10-Q,2023-01-01,21000000,NetCashProvidedByUsedInFinancingActivities,USD,2023-05-05,10-Q,2022-04-03,-74000000,NetCashProvidedByUsedInInvestingActivities,USD,2023-05-05,10-Q,2022-04-03,172000000,NetCashProvidedByUsedInOperatingActivities,USD,2023-05-05,10-Q,2022-04-03,through_ocf,True,,,0.070319,0.140638,10.017989,0.017171,-0.060507
2023Q3,2023-08-01,INCY,879169,INCYTE CORPORATION,$1B-$2B,,1644632000,RevenueFromContractWithCustomerExcludingAssessedTax,USD,2023-08-01,10-Q,2022-06-30,37992000,NetIncomeLoss,USD,2023-08-01,10-Q,2022-03-31,5840984000,Assets,USD,2023-08-01,10-Q,2022-12-31,15997000,NetCashProvidedByUsedInFinancingActivities,USD,2023-08-01,10-Q,2022-06-30,-29228000,NetCashProvidedByUsedInInvestingActivities,USD,2023-08-01,10-Q,2022-06-30,389898000,NetCashProvidedByUsedInOperatingActivities,USD,2023-08-01,10-Q,2022-06-30,through_ocf,True,,,0.023101,0.237073,3.551545,0.009727,-0.017772
2023Q3,2023-08-09,INSW,1679049,"INTERNATIONAL SEAWAYS, INC.",$100M-$500M,,289679000,Revenues,USD,2023-08-09,10-Q,2022-06-30,56035000,NetIncomeLoss,USD,2023-08-09,10-Q,2022-06-30,2364241000,Assets,USD,2023-08-09,10-Q,2022-06-30,-46593000,NetCashProvidedByUsedInFinancingActivities,USD,2023-08-09,10-Q,2022-06-30,164535000,NetCashProvidedByUsedInInvestingActivities,USD,2023-08-09,10-Q,2022-06-30,14845000,NetCashProvidedByUsedInOperatingActivities,USD,2023-08-09,10-Q,2022-06-30,through_ocf,True,,,0.193438,0.051246,8.161589,-0.160844,0.567991
2023Q3,2023-09-06,INTA,1565687,"Intapp, Inc.",$100M-$500M,,196550000,RevenueFromContractWithCustomerExcludingAssessedTax,USD,2023-05-09,10-Q,2022-03-31,-78091000,NetIncomeLoss,USD,2023-05-09,10-Q,2022-03-31,494413000,Assets,USD,2023-05-09,10-Q,2022-06-30,3353000,NetCashProvidedByUsedInFinancingActivities,USD,2023-05-09,10-Q,2022-03-31,-3333000,NetCashProvidedByUsedInInvestingActivities,USD,2023-05-09,10-Q,2022-03-31,4570000,NetCashProvidedByUsedInOperatingActivities,USD,2023-05-09,10-Q,2022-03-31,through_ocf,True,,,-0.397309,0.023251,2.515457,0.017059,-0.016958
2023Q3,2023-07-26,INVH,1687229,Invitation Homes Inc.,$500M-$1B,,532310000,Revenues,USD,2023-05-02,10-Q,2022-03-31,92615000,NetIncomeLoss,USD,2023-05-02,10-Q,2022-03-31,18536708000,Assets,USD,2023-05-02,10-Q,2022-12-31,-81517000,NetCashProvidedByUsedInFinancingActivities,USD,2023-05-02,10-Q,2022-03-31,-289226000,NetCashProvidedByUsedInInvestingActivities,USD,2023-05-02,10-Q,2022-03-31,235034000,NetCashProvidedByUsedInOperatingActivities,USD,2023-05-02,10-Q,2022-03-31,through_ocf,True,,,0.173987,0.441536,34.823144,-0.153138,-0.543341
2023Q3,2023-08-09,IONS,874015,"IONIS PHARMACEUTICALS, INC.",$100M-$500M,,275710000,RevenueFromContractWithCustomerExcludingAssessedTax,USD,2023-08-09,10-Q,2022-06-30,-170300000,NetIncomeLoss,USD,2023-08-09,10-Q,2022-06-30,2533876000,Assets,USD,2023-08-09,10-Q,2022-12-31,-6110000,NetCashProvidedByUsedInFinancingActivities,USD,2023-08-09,10-Q,2022-06-30,-290853000,NetCashProvidedByUsedInInvestingActivities,USD,2023-08-09,10-Q,2022-06-30,-49746000,NetCashProvidedByUsedInOperatingActivities,USD,2023-08-09,10-Q,2022-06-30,through_ocf,True,,,-0.617678,-0.180429,9.190367,-0.022161,-1.054924
2023Q3,2023-08-08,IOSP,1054905,INNOSPEC INC.,$100M-$500M,,472400000,RevenueFromContractWithCustomerExcludingAssessedTax,USD,2023-05-04,10-Q,2022-03-31,36500000,ProfitLoss,USD,2023-05-04,10-Q,2022-03-31,1603700000,Assets,USD,2023-05-04,10-Q,2022-12-31,900000,NetCashProvidedByUsedInFinancingActivities,USD,2023-05-04,10-Q,2022-03-31,-8400000,NetCashProvidedByUsedInInvestingActivities,USD,2023-05-04,10-Q,2022-03-31,-29000000,NetCashProvidedByUsedInOperatingActivities,USD,2023-05-04,10-Q,2022-03-31,through_ocf,True,,,0.077265,-0.061389,3.394793,0.001905,-0.017782
2023Q3,2023-07-27,IP,51434,INTERNATIONAL PAPER COMPANY,$2B-$10B,,5237000000,RevenueFromContractWithCustomerExcludingAssessedTax,USD,2023-04-28,10-Q,2022-03-31,360000000,ProfitLoss,USD,2023-04-28,10-Q,2022-03-31,23940000000,Assets,USD,2023-04-28,10-Q,2022-12-31,-583000000,NetCashProvidedByUsedInFinancingActivities,USD,2023-04-28,10-Q,2022-03-31,-180000000,NetCashProvidedByUsedInInvestingActivities,USD,2023-04-28,10-Q,2022-03-31,588000000,NetCashProvidedByUsedInOperatingActivities,USD,2023-04-28,10-Q,2022-03-31,through_ocf,True,,,0.068742,0.112278,4.571319,-0.111323,-0.034371
2023Q3,2023-07-25,IPAR,822663,"Interparfums, Inc.",$500M-$1B,,539000000,Revenues,USD,2023-02-28,10-K,2020-12-31,35299000,NetIncomeLoss,USD,2023-05-08,10-Q,2022-03-31,1308542000,Assets,USD,2023-05-08,10-Q,2022-12-31,-20032000,NetCashProvidedByUsedInFinancingActivities,USD,2023-05-08,10-Q,2022-03-31,-11803000,NetCashProvidedByUsedInInvestingActivities,USD,2023-05-08,10-Q,2022-03-31,-23944000,NetCashProvidedByUsedInOperatingActivities,USD,2023-05-08,10-Q,2022-03-31,through_ocf,True,,,0.06549,-0.044423,2.427722,-0.037165,-0.021898
2023Q3,2023-08-01,IPGP,1111928,IPG PHOTONICS CORP,$500M-$1B,,747002000,RevenueFromContractWithCustomerExcludingAssessedTax,USD,2023-08-01,10-Q,2022-06-30,126540000,NetIncomeLoss,USD,2023-08-01,10-Q,2022-06-30,2743280000,Assets,USD,2023-08-01,10-Q,2022-12-31,-311450000,NetCashProvidedByUsedInFinancingActivities,USD,2023-08-01,10-Q,2022-06-30,280221000,NetCashProvidedByUsedInInvestingActivities,USD,2023-08-01,10-Q,2022-06-30,95161000,NetCashProvidedByUsedInOperatingActivities,USD,2023-08-01,10-Q,2022-06-30,through_ocf,True,,,0.169397,0.127391,3.672386,-0.416933,0.375128
2023Q3,2023-08-01,IQV,1478242,IQVIA HOLDINGS INC.,$2B-$10B,,7109000000,RevenueFromContractWithCustomerExcludingAssessedTax,USD,2023-08-01,10-Q,2022-06-30,581000000,NetIncomeLoss,USD,2023-08-01,10-Q,2022-06-30,25337000000,Assets,USD,2023-08-01,10-Q,2022-12-31,115000000,NetCashProvidedByUsedInFinancingActivities,USD,2023-08-01,10-Q,2022-06-30,-812000000,NetCashProvidedByUsedInInvestingActivities,USD,2023-08-01,10-Q,2022-06-30,837000000,NetCashProvidedByUsedInOperatingActivities,USD,2023-08-01,10-Q,2022-06-30,through_ocf,True,,,0.081727,0.117738,3.564074,0.016177,-0.114221
2023Q3,2023-08-02,IR,1699150,Ingersoll Rand Inc.,$1B-$2B,,1337000000,RevenueFromContractWithCustomerExcludingAssessedTax,USD,2023-05-05,10-Q,2022-03-31,103700000,NetIncomeLoss,USD,2023-05-05,10-Q,2022-03-31,14765900000,Assets,USD,2023-05-05,10-Q,2022-12-31,-116100000,NetCashProvidedByUsedInFinancingActivities,USD,2023-05-05,10-Q,2022-03-31,-48200000,NetCashProvidedByUsedInInvestingActivities,USD,2023-05-05,10-Q,2022-03-31,444500000,NetCashProvidedByUsedInOperatingActivities,USD,2021-02-26,10-K,2018-12-31,through_ocf,True,,,0.077562,0.332461,11.044054,-0.086836,-0.036051
2023Q3,2023-07-25,IRDM,1418819,Iridium Communications Inc.,$100M-$500M,,343138000,RevenueFromContractWithCustomerExcludingAssessedTax,USD,2023-07-25,10-Q,2022-06-30,7381000,NetIncomeLoss,USD,2023-07-25,10-Q,2022-06-30,2954011000,Assets,USD,2023-07-25,10-Q,2022-12-31,-180768000,NetCashProvidedByUsedInFinancingActivities,USD,2023-07-25,10-Q,2022-06-30,-81018000,NetCashProvidedByUsedInInvestingActivities,USD,2023-07-25,10-Q,2022-06-30,165565000,NetCashProvidedByUsedInOperatingActivities,USD,2023-07-25,10-Q,2022-06-30,through_ocf,True,,,0.02151,0.482503,8.608813,-0.526808,-0.236109
2023Q3,2023-08-03,IRM,1020569,IRON MOUNTAIN INC,$2B-$10B,,2537580000,RevenueFromContractWithCustomerExcludingAssessedTax,USD,2023-08-03,10-Q,2022-06-30,243565000,ProfitLoss,USD,2023-08-03,10-Q,2022-06-30,16140514000,Assets,USD,2023-08-03,10-Q,2022-12-31,542000000,NetCashProvidedByUsedInFinancingActivities,USD,2023-08-03,10-Q,2022-06-30,-991103000,NetCashProvidedByUsedInInvestingActivities,USD,2023-08-03,10-Q,2022-06-30,345924000,NetCashProvidedByUsedInOperatingActivities,USD,2023-08-03,10-Q,2022-06-30,through_ocf,True,,,0.095983,0.13632,6.360593,0.213589,-0.39057
2023Q3,2023-07-26,IRT,1466085,"Independence Realty Trust, Inc.",$100M-$500M,,150362000,Revenues,USD,2023-04-28,10-Q,2022-03-31,74600000,NetIncomeLoss,USD,2023-04-28,10-Q,2022-03-31,6532095000,Assets,USD,2023-04-28,10-Q,2022-12-31,-182557000,NetCashProvidedByUsedInFinancingActivities,USD,2023-04-28,10-Q,2022-03-31,127066000,NetCashProvidedByUsedInInvestingActivities,USD,2023-04-28,10-Q,2022-03-31,40580000,NetCashProvidedByUsedInOperatingActivities,USD,2023-04-28,10-Q,2022-03-31,through_ocf,True,,,0.496136,0.269882,43.442459,-1.214117,0.845067
2023Q3,2023-08-03,IRTC,1388658,"iRhythm Holdings, Inc.",<$100M,,92378000,RevenueFromContractWithCustomerExcludingAssessedTax,USD,2023-05-04,10-Q,2022-03-31,-50609000,NetIncomeLoss,USD,2023-05-04,10-Q,2022-03-31,448222000,Assets,USD,2023-05-04,10-Q,2022-12-31,14636000,NetCashProvidedByUsedInFinancingActivities,USD,2023-05-04,10-Q,2022-03-31,-8527000,NetCashProvidedByUsedInInvestingActivities,USD,2023-05-04,10-Q,2022-03-31,-38885000,NetCashProvidedByUsedInOperatingActivities,USD,2023-05-04,10-Q,2022-03-31,through_ocf,True,,,-0.547847,-0.420934,4.852043,0.158436,-0.092306
2023Q3,2023-08-08,IRWD,1446847,"IRONWOOD PHARMACEUTICALS, INC.",<$100M,,97529000,RevenueFromContractWithCustomerExcludingAssessedTax,USD,2023-05-04,10-Q,2022-03-31,38801000,NetIncomeLoss,USD,2023-05-04,10-Q,2022-03-31,1100519000,Assets,USD,2023-05-04,10-Q,2022-12-31,-90873000,NetCashProvidedByUsedInFinancingActivities,USD,2023-05-04,10-Q,2022-03-31,-9000,NetCashProvidedByUsedInInvestingActivities,USD,2023-05-04,10-Q,2022-03-31,64124000,NetCashProvidedByUsedInOperatingActivities,USD,2023-05-04,10-Q,2022-03-31,through_ocf,True,,,0.397841,0.657486,11.284018,-0.931754,-9.2e-05
2023Q3,2023-07-20,ISRG,1035267,"INTUITIVE SURGICAL, INC.",$1B-$2B,,1487700000,RevenueFromContractWithCustomerExcludingAssessedTax,USD,2023-04-20,10-Q,2022-03-31,365600000,NetIncomeLoss,USD,2023-04-20,10-Q,2022-03-31,12974000000,Assets,USD,2023-04-20,10-Q,2022-12-31,-199900000,NetCashProvidedByUsedInFinancingActivities,USD,2023-04-20,10-Q,2022-03-31,-214700000,NetCashProvidedByUsedInInvestingActivities,USD,2023-04-20,10-Q,2022-03-31,223000000,NetCashProvidedByUsedInOperatingActivities,USD,2023-04-20,10-Q,2022-03-31,through_ocf,True,,,0.245748,0.149896,8.720844,-0.134368,-0.144317
2023Q3,2023-08-01,IT,749251,"GARTNER, INC.",$2B-$10B,,2639261000,RevenueFromContractWithCustomerExcludingAssessedTax,USD,2023-08-01,10-Q,2022-06-30,172515000,NetIncomeLoss,USD,2023-08-01,10-Q,2022-03-31,7299736000,Assets,USD,2023-08-01,10-Q,2022-12-31,-920548000,NetCashProvidedByUsedInFinancingActivities,USD,2023-08-01,10-Q,2022-06-30,-38385000,NetCashProvidedByUsedInInvestingActivities,USD,2023-08-01,10-Q,2022-06-30,583392000,NetCashProvidedByUsedInOperatingActivities,USD,2023-08-01,10-Q,2022-06-30,through_ocf,True,,,0.065365,0.221044,2.765826,-0.34879,-0.014544
2023Q3,2023-08-01,ITW,49826,ILLINOIS TOOL WORKS INC,>$10B,,12574000000,RevenueFromContractWithCustomerExcludingAssessedTax,USD,2023-02-10,10-K,2020-12-31,662000000,ProfitLoss,USD,2023-05-04,10-Q,2022-03-31,15422000000,Assets,USD,2023-05-04,10-Q,2022-12-31,-489000000,NetCashProvidedByUsedInFinancingActivities,USD,2023-05-04,10-Q,2022-03-31,-73000000,NetCashProvidedByUsedInInvestingActivities,USD,2023-05-04,10-Q,2022-03-31,323000000,NetCashProvidedByUsedInOperatingActivities,USD,2023-05-04,10-Q,2022-03-31,through_ocf,True,,,0.052648,0.025688,1.226499,-0.03889,-0.005806
2023Q3,2023-07-25,IVZ,914208,Invesco Ltd.,$1B-$2B,,1629400000,RevenueFromContractWithCustomerExcludingAssessedTax,USD,2023-05-03,10-Q,2022-03-31,197700000,NetIncomeLoss,USD,2023-05-03,10-Q,2022-03-31,29756800000,Assets,USD,2023-05-03,10-Q,2022-12-31,-55300000,NetCashProvidedByUsedInFinancingActivities,USD,2023-05-03,10-Q,2022-03-31,-79100000,NetCashProvidedByUsedInInvestingActivities,USD,2023-05-03,10-Q,2022-03-31,-375400000,NetCashProvidedByUsedInOperatingActivities,USD,2023-05-03,10-Q,2022-03-31,through_ocf,True,,,0.121333,-0.230392,18.262428,-0.033939,-0.048545
2023Q3,2023-08-08,J,52988,Jacobs Solutions Inc.,$2B-$10B,,2847934000,Revenues,USD,2018-11-21,10-K,2016-01-01,418832000,NetIncomeLoss,USD,2023-08-08,10-Q,2022-07-01,14660419000,Assets,USD,2023-08-08,10-Q,2022-09-30,461828000,NetCashProvidedByUsedInFinancingActivities,USD,2023-08-08,10-Q,2022-07-01,-491232000,NetCashProvidedByUsedInInvestingActivities,USD,2023-08-08,10-Q,2022-07-01,197169000,NetCashProvidedByUsedInOperatingActivities,USD,2023-08-08,10-Q,2022-07-01,through_ocf,True,,,0.147065,0.069232,5.147738,0.162162,-0.172487
2023Q3,2023-08-09,JACK,807882,JACK IN THE BOX INC.,$1B-$2B,,1065310000,Revenues,USD,2023-08-09,10-Q,2022-07-10,39270000,NetIncomeLoss,USD,2023-08-09,10-Q,2022-01-23,2922506000,Assets,USD,2023-08-09,10-Q,2022-10-02,519930000,NetCashProvidedByUsedInFinancingActivities,USD,2023-08-09,10-Q,2022-07-10,-604395000,NetCashProvidedByUsedInInvestingActivities,USD,2023-08-09,10-Q,2022-07-10,103812000,NetCashProvidedByUsedInOperatingActivities,USD,2023-08-09,10-Q,2022-07-10,through_ocf,True,,,0.036863,0.097448,2.743339,0.488055,-0.567342
2023Q3,2023-08-09,JAZZ,1232524,Jazz Pharmaceuticals plc,$1B-$2B,,1746599000,RevenueFromContractWithCustomerExcludingAssessedTax,USD,2023-08-09,10-Q,2022-06-30,1647000,NetIncomeLoss,USD,2023-08-09,10-Q,2022-03-31,10835255000,Assets,USD,2023-08-09,10-Q,2022-12-31,-260034000,NetCashProvidedByUsedInFinancingActivities,USD,2023-08-09,10-Q,2022-06-30,-126454000,NetCashProvidedByUsedInInvestingActivities,USD,2023-08-09,10-Q,2022-06-30,512015000,NetCashProvidedByUsedInOperatingActivities,USD,2023-08-09,10-Q,2022-06-30,through_ocf,True,,,0.000943,0.29315,6.203631,-0.14888,-0.0724
2023Q3,2023-08-08,JBGS,1689796,JBG SMITH PROPERTIES,$100M-$500M,,307470000,Revenues,USD,2023-08-08,10-Q,2022-06-30,123243000,NetIncomeLoss,USD,2023-08-08,10-Q,2022-06-30,5903438000,Assets,USD,2023-08-08,10-Q,2022-12-31,-819930000,NetCashProvidedByUsedInFinancingActivities,USD,2023-08-08,10-Q,2022-06-30,785304000,NetCashProvidedByUsedInInvestingActivities,USD,2023-08-08,10-Q,2022-06-30,107649000,NetCashProvidedByUsedInOperatingActivities,USD,2023-08-08,10-Q,2022-06-30,through_ocf,True,,,0.400829,0.350112,19.200046,-2.666699,2.554083
2023Q3,2023-07-18,JBHT,728535,"J.B. HUNT TRANSPORT SERVICES, INC.",$2B-$10B,,6187646000,Revenues,USD,2018-02-23,10-K,2015-12-31,243325000,NetIncomeLoss,USD,2023-04-28,10-Q,2022-03-31,7786582000,Assets,USD,2023-04-28,10-Q,2022-12-31,-126740000,NetCashProvidedByUsedInFinancingActivities,USD,2023-04-28,10-Q,2022-03-31,-376065000,NetCashProvidedByUsedInInvestingActivities,USD,2023-04-28,10-Q,2022-03-31,291785000,NetCashProvidedByUsedInOperatingActivities,USD,2023-04-28,10-Q,2022-03-31,through_ocf,True,,,0.039324,0.047156,1.258408,-0.020483,-0.060777
2023Q3,2023-08-10,JBI,1839839,"Janus International Group, Inc.",$100M-$500M,,477234000,RevenueFromContractWithCustomerExcludingAssessedTax,USD,2023-08-10,10-Q,2022-07-02,19704000,NetIncomeLoss,USD,2023-08-10,10-Q,2022-04-02,1270618000,Assets,USD,2023-08-10,10-Q,2022-12-31,-10469000,NetCashProvidedByUsedInFinancingActivities,USD,2023-08-10,10-Q,2022-07-02,-5223000,NetCashProvidedByUsedInInvestingActivities,USD,2023-08-10,10-Q,2022-07-02,43152000,NetCashProvidedByUsedInOperatingActivities,USD,2023-08-10,10-Q,2022-07-02,through_ocf,True,,,0.041288,0.090421,2.662463,-0.021937,-0.010944
2023Q3,2023-08-01,JBLU,1158463,JETBLUE AIRWAYS CORP,$2B-$10B,,4181000000,RevenueFromContractWithCustomerExcludingAssessedTax,USD,2023-08-01,10-Q,2022-06-30,-443000000,NetIncomeLoss,USD,2023-08-01,10-Q,2022-06-30,13045000000,Assets,USD,2023-08-01,10-Q,2022-12-31,-201000000,NetCashProvidedByUsedInFinancingActivities,USD,2023-08-01,10-Q,2022-06-30,-485000000,NetCashProvidedByUsedInInvestingActivities,USD,2023-08-01,10-Q,2022-06-30,299000000,NetCashProvidedByUsedInOperatingActivities,USD,2023-08-01,10-Q,2022-06-30,through_ocf,True,,,-0.105956,0.071514,3.120067,-0.048075,-0.116001
2023Q3,2023-08-23,JBSS,880117,SANFILIPPO JOHN B & SON INC,$500M-$1B,,858482000,Revenues,USD,2023-08-23,10-K,2021-06-24,59741000,NetIncomeLoss,USD,2023-08-23,10-K,2021-06-24,447262000,Assets,USD,2023-08-23,10-K,2022-06-30,-82610000,NetCashProvidedByUsedInFinancingActivities,USD,2023-08-23,10-K,2021-06-24,-22950000,NetCashProvidedByUsedInInvestingActivities,USD,2023-08-23,10-K,2021-06-24,104697000,NetCashProvidedByUsedInOperatingActivities,USD,2023-08-23,10-K,2021-06-24,through_ocf,True,,,0.069589,0.121956,0.520992,-0.096228,-0.026733
2023Q3,2023-08-01,JBTM,1433660,JBT Marel Corporation,$100M-$500M,,469200000,RevenueFromContractWithCustomerExcludingAssessedTax,USD,2023-04-26,10-Q,2022-03-31,25600000,NetIncomeLoss,USD,2023-04-26,10-Q,2022-03-31,2584100000,Assets,USD,2023-04-26,10-Q,2022-12-31,-7600000,NetCashProvidedByUsedInFinancingActivities,USD,2023-04-26,10-Q,2022-03-31,-27000000,NetCashProvidedByUsedInInvestingActivities,USD,2023-04-26,10-Q,2022-03-31,39100000,NetCashProvidedByUsedInOperatingActivities,USD,2023-04-26,10-Q,2022-03-31,through_ocf,True,,,0.054561,0.083333,5.50746,-0.016198,-0.057545
2023Q3,2023-08-07,JELD,1674335,"JELD-WEN Holding, Inc.",$1B-$2B,,1171022000,RevenueFromContractWithCustomerExcludingAssessedTax,USD,2023-05-09,10-Q,2022-03-26,-528000,NetIncomeLoss,USD,2023-05-09,10-Q,2022-03-26,3501361000,Assets,USD,2023-05-09,10-Q,2022-12-31,71283000,NetCashProvidedByUsedInFinancingActivities,USD,2023-05-09,10-Q,2022-03-26,-9266000,NetCashProvidedByUsedInInvestingActivities,USD,2023-05-09,10-Q,2022-03-26,-186867000,NetCashProvidedByUsedInOperatingActivities,USD,2023-05-09,10-Q,2022-03-26,through_ocf,True,,,-0.000451,-0.159576,2.990004,0.060872,-0.007913
2023Q3,2023-08-31,JILL,1687932,"J.JILL, INC.",$100M-$500M,,317412000,RevenueFromContractWithCustomerExcludingAssessedTax,USD,2023-08-31,10-Q,2022-07-30,14415000,NetIncomeLoss,USD,2023-08-31,10-Q,2022-04-30,466417000,Assets,USD,2023-08-31,10-Q,2023-01-28,-7397000,NetCashProvidedByUsedInFinancingActivities,USD,2023-08-31,10-Q,2022-07-30,-2161000,NetCashProvidedByUsedInInvestingActivities,USD,2023-08-31,10-Q,2022-07-30,35457000,NetCashProvidedByUsedInOperatingActivities,USD,2023-08-31,10-Q,2022-07-30,through_ocf,True,,,0.045414,0.111707,1.469437,-0.023304,-0.006808
2023Q3,2023-08-15,JKHY,779152,"JACK HENRY & ASSOCIATES, INC.",$1B-$2B,,1460212000,RevenueFromContractWithCustomerExcludingAssessedTax,USD,2023-05-08,10-Q,2022-03-31,282490000,NetIncomeLoss,USD,2023-05-08,10-Q,2022-03-31,2455564000,Assets,USD,2023-05-08,10-Q,2022-06-30,-167568000,NetCashProvidedByUsedInFinancingActivities,USD,2023-05-08,10-Q,2022-03-31,-145024000,NetCashProvidedByUsedInInvestingActivities,USD,2023-05-08,10-Q,2022-03-31,301397000,NetCashProvidedByUsedInOperatingActivities,USD,2023-05-08,10-Q,2022-03-31,through_ocf,True,,,0.193458,0.206406,1.681649,-0.114756,-0.099317
2023Q3,2023-08-07,JRVR,1620459,"JAMES RIVER GROUP HOLDINGS, INC.",$100M-$500M,,201948000,Revenues,USD,2023-05-03,10-Q,2022-03-31,10205000,NetIncomeLoss,USD,2023-05-03,10-Q,2022-03-31,5267218000,Assets,USD,2023-05-03,10-Q,2022-03-31,101855000,NetCashProvidedByUsedInFinancingActivities,USD,2023-05-03,10-Q,2022-03-31,-87134000,NetCashProvidedByUsedInInvestingActivities,USD,2023-05-03,10-Q,2022-03-31,65355000,NetCashProvidedByUsedInOperatingActivities,USD,2023-05-03,10-Q,2022-03-31,through_ocf,True,,,0.050533,0.323623,26.082051,0.504363,-0.431468
2023Q3,2023-08-01,KAI,886346,KADANT INC.,$100M-$500M,,226480000,RevenueFromContractWithCustomerExcludingAssessedTax,USD,2023-05-10,10-Q,2022-04-02,41192000,NetIncomeLoss,USD,2023-05-10,10-Q,2022-04-02,1149881000,Assets,USD,2023-05-10,10-Q,2022-12-31,-27003000,NetCashProvidedByUsedInFinancingActivities,USD,2023-05-10,10-Q,2022-04-02,-1291000,NetCashProvidedByUsedInInvestingActivities,USD,2023-05-10,10-Q,2022-04-02,23768000,NetCashProvidedByUsedInOperatingActivities,USD,2023-05-10,10-Q,2022-04-02,through_ocf,True,,,0.181879,0.104945,5.077186,-0.119229,-0.0057
2023Q3,2023-07-25,KALU,811596,KAISER ALUMINUM CORPORATION,$500M-$1B,,948800000,RevenueFromContractWithCustomerExcludingAssessedTax,USD,2023-04-28,10-Q,2022-03-31,8100000,NetIncomeLoss,USD,2023-04-28,10-Q,2022-03-31,2288800000,Assets,USD,2023-04-28,10-Q,2022-12-31,-14900000,NetCashProvidedByUsedInFinancingActivities,USD,2023-04-28,10-Q,2022-03-31,-28300000,NetCashProvidedByUsedInInvestingActivities,USD,2023-04-28,10-Q,2022-03-31,1400000,NetCashProvidedByUsedInOperatingActivities,USD,2023-04-28,10-Q,2022-03-31,through_ocf,True,,,0.008537,0.001476,2.41231,-0.015704,-0.029827
2023Q3,2023-09-20,KBH,795266,KB HOME,$2B-$10B,,3118851000,RevenueFromContractWithCustomerExcludingAssessedTax,USD,2023-07-07,10-Q,2022-05-31,344927000,NetIncomeLoss,USD,2023-07-07,10-Q,2022-05-31,6651930000,Assets,USD,2023-07-07,10-Q,2022-11-30,306500000,NetCashProvidedByUsedInFinancingActivities,USD,2023-07-07,10-Q,2022-05-31,-37243000,NetCashProvidedByUsedInInvestingActivities,USD,2023-07-07,10-Q,2022-05-31,-314812000,NetCashProvidedByUsedInOperatingActivities,USD,2023-07-07,10-Q,2022-05-31,through_ocf,True,,,0.110594,-0.100938,2.132814,0.098273,-0.011941
2023Q3,2023-07-27,KDP,1418135,Keurig Dr Pepper Inc.,$2B-$10B,,6632000000,RevenueFromContractWithCustomerExcludingAssessedTax,USD,2023-07-27,10-Q,2022-06-30,585000000,NetIncomeLoss,USD,2023-07-27,10-Q,2022-03-31,51837000000,Assets,USD,2023-07-27,10-Q,2022-12-31,-1221000000,NetCashProvidedByUsedInFinancingActivities,USD,2023-07-27,10-Q,2022-06-30,-131000000,NetCashProvidedByUsedInInvestingActivities,USD,2023-07-27,10-Q,2022-06-30,1339000000,NetCashProvidedByUsedInOperatingActivities,USD,2023-07-27,10-Q,2022-06-30,through_ocf,True,,,0.088209,0.2019,7.816194,-0.184107,-0.019753
2023Q3,2023-08-16,KE,1606757,"KIMBALL ELECTRONICS, INC.",$500M-$1B,,976038000,RevenueFromContractWithCustomerExcludingAssessedTax,USD,2023-05-05,10-Q,2022-03-31,21315000,NetIncomeLoss,USD,2023-05-05,10-Q,2022-03-31,1035767000,Assets,USD,2023-05-05,10-Q,2022-06-30,64856000,NetCashProvidedByUsedInFinancingActivities,USD,2023-05-05,10-Q,2022-03-31,-50023000,NetCashProvidedByUsedInInvestingActivities,USD,2023-05-05,10-Q,2022-03-31,-84665000,NetCashProvidedByUsedInOperatingActivities,USD,2023-05-05,10-Q,2022-03-31,through_ocf,True,,,0.021838,-0.086744,1.061195,0.066448,-0.051251
2023Q3,2023-08-10,KELYA,55135,"KELLY SERVICES, INC.",$2B-$10B,,2563700000,RevenueFromContractWithCustomerExcludingAssessedTax,USD,2023-08-10,10-Q,2022-07-03,-45400000,NetIncomeLoss,USD,2023-08-10,10-Q,2022-07-03,2663800000,Assets,USD,2023-08-10,10-Q,2023-01-01,-33900000,NetCashProvidedByUsedInFinancingActivities,USD,2023-08-10,10-Q,2022-07-03,175600000,NetCashProvidedByUsedInInvestingActivities,USD,2023-08-10,10-Q,2022-07-03,-107300000,NetCashProvidedByUsedInOperatingActivities,USD,2023-08-10,10-Q,2022-07-03,through_ocf,True,,,-0.017709,-0.041854,1.039045,-0.013223,0.068495
2023Q3,2023-09-01,KEQU,55529,KEWAUNEE SCIENTIFIC CORP /DE/,<$100M,,50123000,RevenueFromContractWithCustomerExcludingAssessedTax,USD,2023-09-01,10-Q,2022-07-31,-747000,NetIncomeLoss,USD,2023-09-01,10-Q,2022-07-31,118898000,Assets,USD,2023-09-01,10-Q,2023-04-30,11670000,NetCashProvidedByUsedInFinancingActivities,USD,2023-09-01,10-Q,2022-07-31,-390000,NetCashProvidedByUsedInInvestingActivities,USD,2023-09-01,10-Q,2022-07-31,3685000,NetCashProvidedByUsedInOperatingActivities,USD,2023-09-01,10-Q,2022-07-31,through_ocf,True,,,-0.014903,0.073519,2.372125,0.232827,-0.007781
2023Q3,2023-07-20,KEY,91576,KeyCorp,$1B-$2B,,1696000000,Revenues,USD,2023-05-04,10-Q,2022-03-31,448000000,NetIncomeLoss,USD,2023-05-04,10-Q,2022-03-31,189813000000,Assets,USD,2023-05-04,10-Q,2022-12-31,-3084000000,NetCashProvidedByUsedInFinancingActivities,USD,2023-05-04,10-Q,2022-03-31,1974000000,NetCashProvidedByUsedInInvestingActivities,USD,2023-05-04,10-Q,2022-03-31,881000000,NetCashProvidedByUsedInOperatingActivities,USD,2023-05-04,10-Q,2022-03-31,through_ocf,True,,,0.264151,0.519458,111.918042,-1.818396,1.163915
2023Q3,2023-08-17,KEYS,1601046,"KEYSIGHT TECHNOLOGIES, INC.",$2B-$10B,,2601000000,Revenues,USD,2023-05-31,10-Q,2022-04-30,487000000,ProfitLoss,USD,2023-05-31,10-Q,2022-04-30,8098000000,Assets,USD,2023-05-31,10-Q,2022-10-31,-527000000,NetCashProvidedByUsedInFinancingActivities,USD,2023-05-31,10-Q,2022-04-30,-142000000,NetCashProvidedByUsedInInvestingActivities,USD,2023-05-31,10-Q,2022-04-30,522000000,NetCashProvidedByUsedInOperatingActivities,USD,2023-05-31,10-Q,2022-04-30,through_ocf,True,,,0.187236,0.200692,3.113418,-0.202614,-0.054594
2023Q3,2023-07-31,KFRC,930420,Kforce Inc.,$100M-$500M,,416967000,RevenueFromContractWithCustomerExcludingAssessedTax,USD,2023-05-09,10-Q,2022-03-31,19181000,NetIncomeLoss,USD,2023-05-09,10-Q,2022-03-31,392004000,Assets,USD,2023-05-09,10-Q,2022-12-31,-16383000,NetCashProvidedByUsedInFinancingActivities,USD,2023-05-09,10-Q,2022-03-31,-2721000,NetCashProvidedByUsedInInvestingActivities,USD,2023-05-09,10-Q,2022-03-31,38742000,NetCashProvidedByUsedInOperatingActivities,USD,2023-05-09,10-Q,2022-03-31,through_ocf,True,,,0.046001,0.092914,0.940132,-0.039291,-0.006526
2023Q3,2023-09-07,KFY,56679,KORN FERRY,$1B-$2B,,1819946000,RevenueFromContractWithCustomerExcludingAssessedTax,USD,2023-06-28,10-K,2021-04-30,114454000,NetIncomeLoss,USD,2023-06-28,10-K,2021-04-30,3464546000,Assets,USD,2023-06-28,10-K,2022-04-30,-66886000,NetCashProvidedByUsedInFinancingActivities,USD,2023-06-28,10-K,2021-04-30,-61379000,NetCashProvidedByUsedInInvestingActivities,USD,2023-06-28,10-K,2021-04-30,251433000,NetCashProvidedByUsedInOperatingActivities,USD,2023-06-28,10-K,2021-04-30,through_ocf,True,,,0.062889,0.138154,1.903653,-0.036752,-0.033726
2023Q3,2023-08-09,KGS,0001767042,"Kodiak Gas Services, Inc.",,,,,,,,,,,,,,,,,,,,,,,,,,,,,,,,,,,,,,,through_ocf,False,,revenue;net_income;assets;financing_cash_flow;investing_cash_flow;operating_cash_flow,,,,,
2023Q3,2023-07-27,KIM,879101,KIMCO     REALTY CORP,$100M-$500M,,427249000,Revenues,USD,2023-04-28,10-Q,2022-03-31,237302000,NetIncomeLoss,USD,2023-04-28,10-Q,2022-03-31,17826122000,Assets,USD,2023-04-28,10-Q,2022-12-31,-123280000,NetCashProvidedByUsedInFinancingActivities,USD,2023-04-28,10-Q,2022-03-31,-35616000,NetCashProvidedByUsedInInvestingActivities,USD,2023-04-28,10-Q,2022-03-31,194551000,NetCashProvidedByUsedInOperatingActivities,USD,2023-04-28,10-Q,2022-03-31,through_ocf,True,,,0.555419,0.455357,41.723028,-0.288544,-0.083361
2023Q3,2023-08-07,KKR,1404912,KKR & CO. INC.,$500M-$1B,,999363000,Revenues,USD,2023-05-10,10-Q,2022-03-31,7464000,NetIncomeLoss,USD,2023-05-10,10-Q,2022-03-31,229234863000,Assets,USD,2022-08-05,10-Q,2021-06-30,4146476000,NetCashProvidedByUsedInFinancingActivities,USD,2023-05-10,10-Q,2022-03-31,-1997829000,NetCashProvidedByUsedInInvestingActivities,USD,2023-05-10,10-Q,2022-03-31,916818000,NetCashProvidedByUsedInOperatingActivities,USD,2023-05-10,10-Q,2022-03-31,through_ocf,True,,,0.007469,0.917402,229.380979,4.149119,-1.999102
2023Q3,2023-07-27,KLAC,319201,KLA CORP,$2B-$10B,,6725144000,RevenueFromContractWithCustomerExcludingAssessedTax,USD,2023-04-28,10-Q,2022-03-31,1068417000,NetIncomeLoss,USD,2023-04-28,10-Q,2021-09-30,12597088000,Assets,USD,2023-04-28,10-Q,2022-06-30,-1653279000,NetCashProvidedByUsedInFinancingActivities,USD,2023-04-28,10-Q,2022-03-31,-851064000,NetCashProvidedByUsedInInvestingActivities,USD,2023-04-28,10-Q,2022-03-31,2493473000,NetCashProvidedByUsedInOperatingActivities,USD,2023-04-28,10-Q,2022-03-31,through_ocf,True,,,0.158869,0.370769,1.873133,-0.245835,-0.12655
2023Q3,2023-08-08,KLIC,56978,KULICKE & SOFFA INDUSTRIES INC,$500M-$1B,,845170000,Revenues,USD,2023-05-04,10-Q,2022-04-02,133606000,NetIncomeLoss,USD,2023-05-04,10-Q,2022-01-01,1588599000,Assets,USD,2023-05-04,10-Q,2022-10-01,-211064000,NetCashProvidedByUsedInFinancingActivities,USD,2023-05-04,10-Q,2022-04-02,141461000,NetCashProvidedByUsedInInvestingActivities,USD,2023-05-04,10-Q,2022-04-02,169009000,NetCashProvidedByUsedInOperatingActivities,USD,2023-05-04,10-Q,2022-04-02,through_ocf,True,,,0.158082,0.19997,1.879621,-0.24973,0.167376
2023Q3,2023-08-09,KLXE,1738827,"KLX Energy Services Holdings, Inc.",$100M-$500M,,152300000,RevenueFromContractWithCustomerExcludingAssessedTax,USD,2023-05-11,10-Q,2022-03-31,-19900000,NetIncomeLoss,USD,2023-05-11,10-Q,2022-03-31,465900000,Assets,USD,2023-05-11,10-Q,2022-12-31,800000,NetCashProvidedByUsedInFinancingActivities,USD,2023-05-11,10-Q,2022-03-31,-3200000,NetCashProvidedByUsedInInvestingActivities,USD,2023-05-11,10-Q,2022-03-31,-6200000,NetCashProvidedByUsedInOperatingActivities,USD,2023-05-11,10-Q,2022-03-31,through_ocf,True,,,-0.130663,-0.040709,3.059094,0.005253,-0.021011
2023Q3,2023-07-25,KMB,55785,KIMBERLY-CLARK CORPORATION,>$10B,,10158000000,Revenues,USD,2023-07-25,10-Q,2022-06-30,960000000,NetIncomeLoss,USD,2023-07-25,10-Q,2022-06-30,17970000000,Assets,USD,2023-07-25,10-Q,2022-12-31,-620000000,NetCashProvidedByUsedInFinancingActivities,USD,2023-07-25,10-Q,2022-06-30,-277000000,NetCashProvidedByUsedInInvestingActivities,USD,2023-07-25,10-Q,2022-06-30,944000000,NetCashProvidedByUsedInOperatingActivities,USD,2023-07-25,10-Q,2022-06-30,through_ocf,True,,,0.094507,0.092932,1.769049,-0.061036,-0.027269
2023Q3,2023-07-19,KMI,1506307,"KINDER MORGAN, INC.",$2B-$10B,,4293000000,Revenues,USD,2023-04-21,10-Q,2022-03-31,667000000,NetIncomeLoss,USD,2023-04-21,10-Q,2022-03-31,70078000000,Assets,USD,2023-04-21,10-Q,2022-12-31,-1512000000,NetCashProvidedByUsedInFinancingActivities,USD,2023-04-21,10-Q,2022-03-31,-371000000,NetCashProvidedByUsedInInvestingActivities,USD,2023-04-21,10-Q,2022-03-31,1084000000,NetCashProvidedByUsedInOperatingActivities,USD,2023-04-21,10-Q,2022-03-31,through_ocf,True,,,0.155369,0.252504,16.323783,-0.352201,-0.08642
2023Q3,2023-08-01,KMT,55242,KENNAMETAL INC.,$1B-$2B,,1482441000,Revenues,USD,2023-05-03,10-Q,2022-03-31,102913000,NetIncomeLoss,USD,2023-05-03,10-Q,2022-03-31,2573524000,Assets,USD,2023-05-03,10-Q,2022-06-30,-87766000,NetCashProvidedByUsedInFinancingActivities,USD,2023-05-03,10-Q,2022-03-31,-58323000,NetCashProvidedByUsedInInvestingActivities,USD,2023-05-03,10-Q,2022-03-31,93023000,NetCashProvidedByUsedInOperatingActivities,USD,2023-05-03,10-Q,2022-03-31,through_ocf,True,,,0.069421,0.06275,1.736004,-0.059204,-0.039343
2023Q3,2023-08-02,KN,1587523,Knowles Corporation,$100M-$500M,,389400000,Revenues,USD,2023-08-02,10-Q,2022-06-30,-224800000,NetIncomeLoss,USD,2023-08-02,10-Q,2022-06-30,1183900000,Assets,USD,2023-08-02,10-Q,2022-12-31,-26200000,NetCashProvidedByUsedInFinancingActivities,USD,2023-08-02,10-Q,2022-06-30,-14600000,NetCashProvidedByUsedInInvestingActivities,USD,2023-08-02,10-Q,2022-06-30,20400000,NetCashProvidedByUsedInOperatingActivities,USD,2023-08-02,10-Q,2022-06-30,through_ocf,True,,,-0.577298,0.052388,3.040318,-0.067283,-0.037494
2023Q3,2023-08-08,KNF,0001955520,Knife River Corporation,$1B-$2B,,1021778000,Revenues,USD,2023-08-08,10-Q,2022-06-30,-40010000,NetIncomeLoss,USD,2023-08-08,10-Q,2022-03-31,2294319000,Assets,USD,2023-08-08,10-Q,2022-12-31,224766000,NetCashProvidedByUsedInFinancingActivities,USD,2023-08-08,10-Q,2022-06-30,-78092000,NetCashProvidedByUsedInInvestingActivities,USD,2023-08-08,10-Q,2022-06-30,-147809000,NetCashProvidedByUsedInOperatingActivities,USD,2023-08-08,10-Q,2022-06-30,through_ocf,True,,,-0.039157,-0.144659,2.245418,0.219975,-0.076428
2023Q3,2023-08-08,KNTK,1692787,KINETIK HOLDINGS INC.,$500M-$1B,,592821000,RevenueFromContractWithCustomerExcludingAssessedTax,USD,2023-08-08,10-Q,2022-06-30,348709000,NetIncomeLoss,USD,2023-08-08,10-Q,2022-06-30,5919711000,Assets,USD,2023-08-08,10-Q,2022-12-31,-213269000,NetCashProvidedByUsedInFinancingActivities,USD,2023-08-08,10-Q,2022-06-30,-69059000,NetCashProvidedByUsedInInvestingActivities,USD,2023-08-08,10-Q,2022-06-30,268918000,NetCashProvidedByUsedInOperatingActivities,USD,2023-08-08,10-Q,2022-06-30,through_ocf,True,,,0.58822,0.453624,9.985663,-0.359753,-0.116492
2023Q3,2023-08-03,KOP,1315257,KOPPERS HOLDINGS INC.,$500M-$1B,,961800000,RevenueFromContractWithCustomerExcludingAssessedTax,USD,2023-08-03,10-Q,2022-06-30,30500000,NetIncomeLoss,USD,2023-08-03,10-Q,2022-06-30,1711400000,Assets,USD,2023-08-03,10-Q,2022-12-31,28500000,NetCashProvidedByUsedInFinancingActivities,USD,2023-08-03,10-Q,2022-06-30,-51100000,NetCashProvidedByUsedInInvestingActivities,USD,2023-08-03,10-Q,2022-06-30,21200000,NetCashProvidedByUsedInOperatingActivities,USD,2023-08-03,10-Q,2022-06-30,through_ocf,True,,,0.031711,0.022042,1.779372,0.029632,-0.05313
2023Q3,2023-08-07,KOS,1509991,Kosmos Energy Ltd.,$1B-$2B,,1279383000,Revenues,USD,2023-08-07,10-Q,2022-06-30,1400000,NetIncomeLoss,USD,2023-08-07,10-Q,2022-03-31,4931190000,Assets,USD,2023-08-07,10-Q,2022-06-30,-324696000,NetCashProvidedByUsedInFinancingActivities,USD,2023-08-07,10-Q,2022-06-30,-234727000,NetCashProvidedByUsedInInvestingActivities,USD,2023-08-07,10-Q,2022-06-30,608186000,NetCashProvidedByUsedInOperatingActivities,USD,2023-08-07,10-Q,2022-06-30,through_ocf,True,,,0.001094,0.475374,3.85435,-0.253791,-0.183469
2023Q3,2023-07-31,KRG,1286043,KITE REALTY GROUP TRUST,$100M-$500M,,194391000,Revenues,USD,2023-05-03,10-Q,2022-03-31,-16804000,NetIncomeLoss,USD,2023-05-03,10-Q,2022-03-31,7341982000,Assets,USD,2023-05-03,10-Q,2022-12-31,-5573000,NetCashProvidedByUsedInFinancingActivities,USD,2023-05-03,10-Q,2022-03-31,-62183000,NetCashProvidedByUsedInInvestingActivities,USD,2023-05-03,10-Q,2022-03-31,49583000,NetCashProvidedByUsedInOperatingActivities,USD,2023-05-03,10-Q,2022-03-31,through_ocf,True,,,-0.086444,0.255068,37.769146,-0.028669,-0.319886
2023Q3,2023-08-02,KRO,1257640,"KRONOS WORLDWIDE, INC.",$1B-$2B,,1128200000,RevenueFromContractWithCustomerExcludingAssessedTax,USD,2023-08-02,10-Q,2022-06-30,103400000,NetIncomeLoss,USD,2023-08-02,10-Q,2022-06-30,1934400000,Assets,USD,2023-08-02,10-Q,2022-12-31,-45300000,NetCashProvidedByUsedInFinancingActivities,USD,2023-08-02,10-Q,2022-06-30,-30400000,NetCashProvidedByUsedInInvestingActivities,USD,2023-08-02,10-Q,2022-06-30,49300000,NetCashProvidedByUsedInOperatingActivities,USD,2023-08-02,10-Q,2022-06-30,through_ocf,True,,,0.09165,0.043698,1.71459,-0.040152,-0.026946
2023Q3,2023-08-23,KSS,885639,KOHLS Corp,$2B-$10B,,3715000000,RevenueFromContractWithCustomerExcludingAssessedTax,USD,2023-06-01,10-Q,2022-04-30,14000000,NetIncomeLoss,USD,2023-06-01,10-Q,2022-04-30,15253000000,Assets,USD,2023-06-01,10-Q,2022-04-30,-264000000,NetCashProvidedByUsedInFinancingActivities,USD,2023-06-01,10-Q,2022-04-30,-217000000,NetCashProvidedByUsedInInvestingActivities,USD,2023-06-01,10-Q,2022-04-30,-460000000,NetCashProvidedByUsedInOperatingActivities,USD,2023-06-01,10-Q,2022-04-30,through_ocf,True,,,0.003769,-0.123822,4.105787,-0.071063,-0.058412
2023Q3,2023-08-03,KTB,1760965,"KONTOOR BRANDS, INC.",$1B-$2B,,1293315000,RevenueFromContractWithCustomerExcludingAssessedTax,USD,2023-08-03,10-Q,2022-07-02,80810000,NetIncomeLoss,USD,2023-08-03,10-Q,2022-04-02,1543148000,Assets,USD,2023-08-03,10-Q,2022-07-02,-120696000,NetCashProvidedByUsedInFinancingActivities,USD,2023-08-03,10-Q,2022-07-02,-11608000,NetCashProvidedByUsedInInvestingActivities,USD,2023-08-03,10-Q,2022-07-02,99388000,NetCashProvidedByUsedInOperatingActivities,USD,2023-08-03,10-Q,2022-07-02,through_ocf,True,,,0.062483,0.076847,1.193173,-0.093323,-0.008975
2023Q3,2023-08-03,KTOS,1069258,"KRATOS DEFENSE & SECURITY SOLUTIONS, INC.",$100M-$500M,,420400000,RevenueFromContractWithCustomerExcludingAssessedTax,USD,2023-08-03,10-Q,2022-06-26,-20600000,NetIncomeLoss,USD,2023-08-03,10-Q,2022-06-26,1551500000,Assets,USD,2023-08-03,10-Q,2022-12-25,-22200000,NetCashProvidedByUsedInFinancingActivities,USD,2023-08-03,10-Q,2022-06-26,-153700000,NetCashProvidedByUsedInInvestingActivities,USD,2023-08-03,10-Q,2022-06-26,,,,,,,through_ocf,False,,operating_cash_flow,-0.049001,,3.690533,-0.052807,-0.365604
2023Q3,2023-07-20,KVUE,0001944048,Kenvue Inc.,$2B-$10B,,3590000000,RevenueFromContractWithCustomerExcludingAssessedTax,USD,2023-06-02,10-Q,2022-04-03,528000000,NetIncomeLoss,USD,2023-06-02,10-Q,2022-04-03,27316000000,Assets,USD,2023-06-02,10-Q,2023-01-01,-210000000,NetCashProvidedByUsedInFinancingActivities,USD,2023-06-02,10-Q,2022-04-03,-42000000,NetCashProvidedByUsedInInvestingActivities,USD,2023-06-02,10-Q,2022-04-03,338000000,NetCashProvidedByUsedInOperatingActivities,USD,2023-06-02,10-Q,2022-04-03,through_ocf,True,,,0.147075,0.09415,7.608914,-0.058496,-0.011699
2023Q3,2023-08-02,KW,1408100,"KENNEDY-WILSON HOLDINGS, INC.",$100M-$500M,,124700000,RevenueFromContractWithCustomerExcludingAssessedTax,USD,2023-05-04,10-Q,2022-03-31,40000000,ProfitLoss,USD,2023-05-04,10-Q,2022-03-31,8271800000,Assets,USD,2023-05-04,10-Q,2022-12-31,251400000,NetCashProvidedByUsedInFinancingActivities,USD,2023-05-04,10-Q,2022-03-31,-246300000,NetCashProvidedByUsedInInvestingActivities,USD,2023-05-04,10-Q,2022-03-31,-58900000,NetCashProvidedByUsedInOperatingActivities,USD,2023-05-04,10-Q,2022-03-31,through_ocf,True,,,0.32077,-0.472334,66.333601,2.016038,-1.97514
2023Q3,2023-08-01,KWR,81362,QUAKER CHEMICAL CORPORATION,$500M-$1B,,966559000,RevenueFromContractWithCustomerExcludingAssessedTax,USD,2023-08-01,10-Q,2022-06-30,34159000,NetIncomeLoss,USD,2023-08-01,10-Q,2022-06-30,2821622000,Assets,USD,2023-08-01,10-Q,2022-12-31,78631000,NetCashProvidedByUsedInFinancingActivities,USD,2023-08-01,10-Q,2022-06-30,-24436000,NetCashProvidedByUsedInInvestingActivities,USD,2023-08-01,10-Q,2022-06-30,-8423000,NetCashProvidedByUsedInOperatingActivities,USD,2023-08-01,10-Q,2022-06-30,through_ocf,True,,,0.035341,-0.008714,2.919244,0.081351,-0.025281
2023Q3,2023-07-31,L,60086,LOEWS CORPORATION,$2B-$10B,,6790000000,Revenues,USD,2023-07-31,10-Q,2022-06-30,489000000,NetIncomeLoss,USD,2023-07-31,10-Q,2022-06-30,75567000000,Assets,USD,2023-07-31,10-Q,2022-12-31,-318000000,NetCashProvidedByUsedInFinancingActivities,USD,2023-07-31,10-Q,2022-06-30,-786000000,NetCashProvidedByUsedInInvestingActivities,USD,2023-07-31,10-Q,2022-06-30,1446000000,NetCashProvidedByUsedInOperatingActivities,USD,2023-07-31,10-Q,2022-06-30,through_ocf,True,,,0.072018,0.21296,11.129161,-0.046834,-0.115758
2023Q3,2023-08-03,LAUR,912766,"Laureate Education, Inc.",$500M-$1B,,594944000,RevenueFromContractWithCustomerExcludingAssessedTax,USD,2023-08-03,10-Q,2022-06-30,-788000,NetIncomeLoss,USD,2023-08-03,10-Q,2022-06-30,1972237000,Assets,USD,2023-08-03,10-Q,2022-12-31,-226184000,NetCashProvidedByUsedInFinancingActivities,USD,2023-08-03,10-Q,2022-06-30,2038000,NetCashProvidedByUsedInInvestingActivities,USD,2023-08-03,10-Q,2022-06-30,45638000,NetCashProvidedByUsedInOperatingActivities,USD,2023-08-03,10-Q,2022-06-30,through_ocf,True,,,-0.001324,0.07671,3.314996,-0.380177,0.003426
2023Q3,2023-08-04,LBRDA,1611983,LIBERTY BROADBAND CORPORATION,$100M-$500M,,477000000,RevenueFromContractWithCustomerExcludingAssessedTax,USD,2023-08-04,10-Q,2022-06-30,764000000,NetIncomeLoss,USD,2023-08-04,10-Q,2022-06-30,15142000000,Assets,USD,2023-08-04,10-Q,2022-12-31,-1796000000,NetCashProvidedByUsedInFinancingActivities,USD,2023-08-04,10-Q,2022-06-30,1895000000,NetCashProvidedByUsedInInvestingActivities,USD,2023-08-04,10-Q,2022-06-30,18000000,NetCashProvidedByUsedInOperatingActivities,USD,2023-08-04,10-Q,2022-06-30,through_ocf,True,,,1.601677,0.037736,31.744235,-3.765199,3.972746
2023Q3,2023-08-04,LBRDK,1611983,LIBERTY BROADBAND CORPORATION,$100M-$500M,,477000000,RevenueFromContractWithCustomerExcludingAssessedTax,USD,2023-08-04,10-Q,2022-06-30,764000000,NetIncomeLoss,USD,2023-08-04,10-Q,2022-06-30,15142000000,Assets,USD,2023-08-04,10-Q,2022-12-31,-1796000000,NetCashProvidedByUsedInFinancingActivities,USD,2023-08-04,10-Q,2022-06-30,1895000000,NetCashProvidedByUsedInInvestingActivities,USD,2023-08-04,10-Q,2022-06-30,18000000,NetCashProvidedByUsedInOperatingActivities,USD,2023-08-04,10-Q,2022-06-30,through_ocf,True,,,1.601677,0.037736,31.744235,-3.765199,3.972746
2023Q3,2023-07-24,LBTYA,1570585,Liberty Global Ltd.,$2B-$10B,,3607500000,RevenueFromContractWithCustomerExcludingAssessedTax,USD,2023-07-24,10-Q,2022-06-30,3824900000,NetIncomeLoss,USD,2023-07-24,10-Q,2022-06-30,42895000000,Assets,USD,2023-07-24,10-Q,2022-12-31,-2434600000,NetCashProvidedByUsedInFinancingActivities,USD,2023-07-24,10-Q,2022-06-30,2565700000,NetCashProvidedByUsedInInvestingActivities,USD,2023-07-24,10-Q,2022-06-30,1414100000,NetCashProvidedByUsedInOperatingActivities,USD,2023-07-24,10-Q,2022-06-30,through_ocf,True,,,1.060263,0.391989,11.890506,-0.674872,0.711213
2023Q3,2023-07-24,LBTYK,1570585,Liberty Global Ltd.,$2B-$10B,,3607500000,RevenueFromContractWithCustomerExcludingAssessedTax,USD,2023-07-24,10-Q,2022-06-30,3824900000,NetIncomeLoss,USD,2023-07-24,10-Q,2022-06-30,42895000000,Assets,USD,2023-07-24,10-Q,2022-12-31,-2434600000,NetCashProvidedByUsedInFinancingActivities,USD,2023-07-24,10-Q,2022-06-30,2565700000,NetCashProvidedByUsedInInvestingActivities,USD,2023-07-24,10-Q,2022-06-30,1414100000,NetCashProvidedByUsedInOperatingActivities,USD,2023-07-24,10-Q,2022-06-30,through_ocf,True,,,1.060263,0.391989,11.890506,-0.674872,0.711213
2023Q3,2023-07-26,LC,1409970,LendingClub Corporation,$500M-$1B,,694812000,Revenues,USD,2021-03-11,10-K,2018-12-31,-187538000,NetIncomeLoss,USD,2023-02-09,10-K,2020-12-31,7979747000,Assets,USD,2023-05-02,10-Q,2022-12-31,669697000,NetCashProvidedByUsedInFinancingActivities,USD,2023-05-02,10-Q,2022-03-31,-360224000,NetCashProvidedByUsedInInvestingActivities,USD,2023-05-02,10-Q,2022-03-31,40673000,NetCashProvidedByUsedInOperatingActivities,USD,2023-05-02,10-Q,2022-03-31,through_ocf,True,,,-0.269912,0.058538,11.484757,0.963854,-0.518448
2023Q3,2023-07-12,LCID,1811210,"Lucid Group, Inc.",<$100M,,57675000,Revenues,USD,2023-05-08,10-Q,2022-03-31,-81286000,NetIncomeLoss,USD,2023-05-08,10-Q,2022-03-31,7879238000,Assets,USD,2023-05-08,10-Q,2022-12-31,-187301000,NetCashProvidedByUsedInFinancingActivities,USD,2023-05-08,10-Q,2022-03-31,-185082000,NetCashProvidedByUsedInInvestingActivities,USD,2023-05-08,10-Q,2022-03-31,-494649000,NetCashProvidedByUsedInOperatingActivities,USD,2023-05-08,10-Q,2022-03-31,through_ocf,True,,,-1.40938,-8.576489,136.614443,-3.247525,-3.209051
2023Q3,2023-08-08,LCII,763744,LCI INDUSTRIES,$2B-$10B,,3180718000,Revenues,USD,2023-08-08,10-Q,2022-06-30,196181000,NetIncomeLoss,USD,2023-08-08,10-Q,2022-03-31,3246912000,Assets,USD,2023-08-08,10-Q,2022-12-31,-234390000,NetCashProvidedByUsedInFinancingActivities,USD,2023-08-08,10-Q,2022-06-30,-120422000,NetCashProvidedByUsedInInvestingActivities,USD,2023-08-08,10-Q,2022-06-30,347971000,NetCashProvidedByUsedInOperatingActivities,USD,2023-08-08,10-Q,2022-06-30,through_ocf,True,,,0.061678,0.1094,1.020811,-0.073691,-0.03786
2023Q3,2023-08-03,LCUT,874396,"LIFETIME BRANDS, INC.",$100M-$500M,,334031000,RevenueFromContractWithCustomerExcludingAssessedTax,USD,2023-08-03,10-Q,2022-06-30,380000,NetIncomeLoss,USD,2023-08-03,10-Q,2022-03-31,725888000,Assets,USD,2023-08-03,10-Q,2022-12-31,7745000,NetCashProvidedByUsedInFinancingActivities,USD,2023-08-03,10-Q,2022-06-30,-19435000,NetCashProvidedByUsedInInvestingActivities,USD,2023-08-03,10-Q,2022-06-30,-8857000,NetCashProvidedByUsedInOperatingActivities,USD,2023-08-03,10-Q,2022-06-30,through_ocf,True,,,0.001138,-0.026516,2.173116,0.023186,-0.058183
2023Q3,2023-08-01,LDOS,1336920,"LEIDOS HOLDINGS, INC.",$2B-$10B,,7091000000,Revenues,USD,2023-08-01,10-Q,2022-07-01,346000000,NetIncomeLoss,USD,2023-08-01,10-Q,2022-07-01,13071000000,Assets,USD,2023-08-01,10-Q,2022-12-30,-513000000,NetCashProvidedByUsedInFinancingActivities,USD,2023-08-01,10-Q,2022-07-01,-29000000,NetCashProvidedByUsedInInvestingActivities,USD,2023-08-01,10-Q,2022-07-01,138000000,NetCashProvidedByUsedInOperatingActivities,USD,2023-08-01,10-Q,2022-07-01,through_ocf,True,,,0.048794,0.019461,1.843323,-0.072345,-0.00409
2023Q3,2023-08-31,LE,799288,"LANDS’ END, INC.",$500M-$1B,,654843000,RevenueFromContractWithCustomerExcludingAssessedTax,USD,2023-08-31,10-Q,2022-07-29,-2371000,NetIncomeLoss,USD,2023-08-31,10-Q,2022-04-29,1199155000,Assets,USD,2023-08-31,10-Q,2022-07-29,121458000,NetCashProvidedByUsedInFinancingActivities,USD,2023-08-31,10-Q,2022-07-29,-14776000,NetCashProvidedByUsedInInvestingActivities,USD,2023-08-31,10-Q,2022-07-29,-117525000,NetCashProvidedByUsedInOperatingActivities,USD,2023-08-31,10-Q,2022-07-29,through_ocf,True,,,-0.003621,-0.17947,1.83121,0.185477,-0.022564
2023Q3,2023-07-27,LECO,59527,LINCOLN ELECTRIC HOLDINGS INC,$1B-$2B,,1895037000,RevenueFromContractWithCustomerExcludingAssessedTax,USD,2023-07-27,10-Q,2022-06-30,253853000,NetIncomeLoss,USD,2023-07-27,10-Q,2022-06-30,3180546000,Assets,USD,2023-07-27,10-Q,2022-12-31,-122366000,NetCashProvidedByUsedInFinancingActivities,USD,2023-07-27,10-Q,2022-06-30,-55005000,NetCashProvidedByUsedInInvestingActivities,USD,2023-07-27,10-Q,2022-06-30,141301000,NetCashProvidedByUsedInOperatingActivities,USD,2023-07-27,10-Q,2022-06-30,through_ocf,True,,,0.133957,0.074564,1.678356,-0.064572,-0.029026
2023Q3,2023-07-31,LEG,58492,"Leggett & Platt, Incorporated",$1B-$2B,,1339500000,Revenues,USD,2023-05-04,10-Q,2022-03-31,90400000,NetIncomeLoss,USD,2023-05-04,10-Q,2022-03-31,5186100000,Assets,USD,2023-05-04,10-Q,2022-12-31,-57100000,NetCashProvidedByUsedInFinancingActivities,USD,2023-05-04,10-Q,2022-03-31,-16300000,NetCashProvidedByUsedInInvestingActivities,USD,2023-05-04,10-Q,2022-03-31,39000000,NetCashProvidedByUsedInOperatingActivities,USD,2023-05-04,10-Q,2022-03-31,through_ocf,True,,,0.067488,0.029115,3.871669,-0.042628,-0.012169
2023Q3,2023-07-13,LESL,1821806,"LESLIE’S, INC.",$100M-$500M,,412896000,RevenueFromContractWithCustomerExcludingAssessedTax,USD,2023-05-05,10-Q,2022-04-02,-21891000,NetIncomeLoss,USD,2023-05-05,10-Q,2022-04-02,930195000,Assets,USD,2023-05-05,10-Q,2022-04-02,-110867000,NetCashProvidedByUsedInFinancingActivities,USD,2023-05-05,10-Q,2022-04-02,-43903000,NetCashProvidedByUsedInInvestingActivities,USD,2023-05-05,10-Q,2022-04-02,-136757000,NetCashProvidedByUsedInOperatingActivities,USD,2023-05-05,10-Q,2022-04-02,through_ocf,True,,,-0.053018,-0.331214,2.252855,-0.268511,-0.106329
2023Q3,2023-08-31,LFCR,1005286,"LIFECORE BIOMEDICAL, INC.",$100M-$500M,,115781000,Revenues,USD,2019-08-01,10-K,2017-08-27,-9509000,NetIncomeLoss,USD,2023-06-02,10-Q,2021-08-29,277806000,Assets,USD,2023-06-02,10-Q,2022-05-29,-76163000,NetCashProvidedByUsedInFinancingActivities,USD,2023-06-02,10-Q,2022-02-27,98767000,NetCashProvidedByUsedInInvestingActivities,USD,2023-06-02,10-Q,2022-02-27,-22045000,NetCashProvidedByUsedInOperatingActivities,USD,2023-06-02,10-Q,2022-02-27,through_ocf,True,,,-0.082129,-0.190403,2.399409,-0.65782,0.85305
2023Q3,2023-08-09,LFST,1845257,"LifeStance Health Group, Inc.",$100M-$500M,,412622000,Revenues,USD,2023-08-09,10-Q,2022-06-30,-131055000,NetIncomeLoss,USD,2023-08-09,10-Q,2022-06-30,2173871000,Assets,USD,2023-08-09,10-Q,2022-12-31,26409000,NetCashProvidedByUsedInFinancingActivities,USD,2023-08-09,10-Q,2022-06-30,-88893000,NetCashProvidedByUsedInInvestingActivities,USD,2023-08-09,10-Q,2022-06-30,11141000,NetCashProvidedByUsedInOperatingActivities,USD,2023-08-09,10-Q,2022-06-30,through_ocf,True,,,-0.317615,0.027,5.268432,0.064003,-0.215434
2023Q3,2023-08-01,LFUS,889331,LITTELFUSE INC /DE,$500M-$1B,,867864000,SalesRevenueNet,USD,2018-02-23,10-K,2016-01-02,117518000,NetIncomeLoss,USD,2023-05-03,10-Q,2022-04-02,3903734000,Assets,USD,2023-05-03,10-Q,2022-12-31,-37070000,NetCashProvidedByUsedInFinancingActivities,USD,2023-05-03,10-Q,2022-04-02,-29788000,NetCashProvidedByUsedInInvestingActivities,USD,2023-05-03,10-Q,2022-04-02,51731000,NetCashProvidedByUsedInOperatingActivities,USD,2023-05-03,10-Q,2022-04-02,through_ocf,True,,,0.135411,0.059607,4.498094,-0.042714,-0.034323
2023Q3,2023-08-01,LGIH,1580670,"LGI HOMES, INC.",$500M-$1B,,546050000,Revenues,USD,2023-05-02,10-Q,2022-03-31,78686000,NetIncomeLoss,USD,2023-05-02,10-Q,2022-03-31,3124828000,Assets,USD,2023-05-02,10-Q,2022-12-31,141971000,NetCashProvidedByUsedInFinancingActivities,USD,2023-05-02,10-Q,2022-03-31,-1373000,NetCashProvidedByUsedInInvestingActivities,USD,2023-05-02,10-Q,2022-03-31,-137787000,NetCashProvidedByUsedInOperatingActivities,USD,2023-05-02,10-Q,2022-03-31,through_ocf,True,,,0.1441,-0.252334,5.722604,0.259996,-0.002514
2023Q3,2023-07-27,LH,920148,Labcorp Holdings Inc.,$2B-$10B,,3899600000,Revenues,USD,2023-05-04,10-Q,2022-03-31,491600000,NetIncomeLoss,USD,2023-05-04,10-Q,2022-03-31,20155100000,Assets,USD,2023-05-04,10-Q,2022-12-31,-17700000,NetCashProvidedByUsedInFinancingActivities,USD,2023-05-04,10-Q,2022-03-31,-573100000,NetCashProvidedByUsedInInvestingActivities,USD,2023-05-04,10-Q,2022-03-31,356000000,NetCashProvidedByUsedInOperatingActivities,USD,2023-05-04,10-Q,2022-03-31,through_ocf,True,,,0.126064,0.091291,5.168504,-0.004539,-0.146964
2023Q3,2023-07-26,LHX,202058,"L3HARRIS TECHNOLOGIES, INC.",$2B-$10B,,8238000000,RevenueFromContractWithCustomerExcludingAssessedTax,USD,2023-07-26,10-Q,2022-07-01,946000000,NetIncomeLoss,USD,2023-07-26,10-Q,2022-07-01,33524000000,Assets,USD,2023-07-26,10-Q,2022-12-30,-1174000000,NetCashProvidedByUsedInFinancingActivities,USD,2023-07-26,10-Q,2022-07-01,-121000000,NetCashProvidedByUsedInInvestingActivities,USD,2023-07-26,10-Q,2022-07-01,788000000,NetCashProvidedByUsedInOperatingActivities,USD,2023-07-26,10-Q,2022-07-01,through_ocf,True,,,0.114834,0.095654,4.069434,-0.14251,-0.014688
2023Q3,2023-07-27,LII,1069202,LENNOX INTERNATIONAL INC.,$2B-$10B,,2379700000,Revenues,USD,2023-07-27,10-Q,2022-06-30,260800000,NetIncomeLoss,USD,2023-07-27,10-Q,2022-06-30,2567600000,Assets,USD,2023-07-27,10-Q,2022-12-31,75400000,NetCashProvidedByUsedInFinancingActivities,USD,2023-07-27,10-Q,2022-06-30,-46200000,NetCashProvidedByUsedInInvestingActivities,USD,2023-07-27,10-Q,2022-06-30,-800000,NetCashProvidedByUsedInOperatingActivities,USD,2023-07-27,10-Q,2022-06-30,through_ocf,True,,,0.109594,-0.000336,1.07896,0.031685,-0.019414
2023Q3,2023-08-08,LILA,1712184,LIBERTY LATIN AMERICA LTD.,$500M-$1B,,910900000,SalesRevenueServicesNet,USD,2018-05-08,10-Q,2017-03-31,-394400000,NetIncomeLoss,USD,2023-08-08,10-Q,2022-06-30,13575200000,Assets,USD,2023-08-08,10-Q,2022-12-31,31100000,NetCashProvidedByUsedInFinancingActivities,USD,2023-08-08,10-Q,2022-06-30,-342900000,NetCashProvidedByUsedInInvestingActivities,USD,2023-08-08,10-Q,2022-06-30,347100000,NetCashProvidedByUsedInOperatingActivities,USD,2023-08-08,10-Q,2022-06-30,through_ocf,True,,,-0.432978,0.381052,14.903063,0.034142,-0.376441
2023Q3,2023-08-08,LILAK,1712184,LIBERTY LATIN AMERICA LTD.,$500M-$1B,,910900000,SalesRevenueServicesNet,USD,2018-05-08,10-Q,2017-03-31,-394400000,NetIncomeLoss,USD,2023-08-08,10-Q,2022-06-30,13575200000,Assets,USD,2023-08-08,10-Q,2022-12-31,31100000,NetCashProvidedByUsedInFinancingActivities,USD,2023-08-08,10-Q,2022-06-30,-342900000,NetCashProvidedByUsedInInvestingActivities,USD,2023-08-08,10-Q,2022-06-30,347100000,NetCashProvidedByUsedInOperatingActivities,USD,2023-08-08,10-Q,2022-06-30,through_ocf,True,,,-0.432978,0.381052,14.903063,0.034142,-0.376441
2023Q3,2023-07-27,LIN,1707925,LINDE PLC,>$10B,,16668000000,RevenueFromContractWithCustomerExcludingAssessedTax,USD,2023-07-27,10-Q,2022-06-30,1546000000,NetIncomeLoss,USD,2023-07-27,10-Q,2022-06-30,79658000000,Assets,USD,2023-07-27,10-Q,2022-12-31,-1759000000,NetCashProvidedByUsedInFinancingActivities,USD,2023-07-27,10-Q,2022-06-30,-1507000000,NetCashProvidedByUsedInInvestingActivities,USD,2023-07-27,10-Q,2022-06-30,4133000000,NetCashProvidedByUsedInOperatingActivities,USD,2023-07-27,10-Q,2022-06-30,through_ocf,True,,,0.092753,0.24796,4.779098,-0.105532,-0.090413
2023Q3,2023-08-17,LITE,1633978,Lumentum Holdings Inc.,$1B-$2B,,1290500000,RevenueFromContractWithCustomerExcludingAssessedTax,USD,2023-05-09,10-Q,2022-04-02,81500000,NetIncomeLoss,USD,2023-05-09,10-Q,2021-10-02,4162200000,Assets,USD,2023-05-09,10-Q,2022-07-02,380000000,NetCashProvidedByUsedInFinancingActivities,USD,2023-05-09,10-Q,2022-04-02,-369000000,NetCashProvidedByUsedInInvestingActivities,USD,2023-05-09,10-Q,2022-04-02,345000000,NetCashProvidedByUsedInOperatingActivities,USD,2023-05-09,10-Q,2022-04-02,through_ocf,True,,,0.063154,0.267338,3.225262,0.29446,-0.285936
2023Q3,2023-07-26,LIVN,1639691,LivaNova PLC,$100M-$500M,,494326000,RevenueFromContractWithCustomerExcludingAssessedTax,USD,2023-07-26,10-Q,2022-06-30,19437000,NetIncomeLoss,USD,2023-07-26,10-Q,2022-06-30,2294773000,Assets,USD,2023-07-26,10-Q,2022-12-31,208557000,NetCashProvidedByUsedInFinancingActivities,USD,2023-07-26,10-Q,2022-06-30,-21630000,NetCashProvidedByUsedInInvestingActivities,USD,2023-07-26,10-Q,2022-06-30,15580000,NetCashProvidedByUsedInOperatingActivities,USD,2023-07-26,10-Q,2022-06-30,through_ocf,True,,,0.03932,0.031518,4.642226,0.421902,-0.043757
2023Q3,2023-07-27,LKQ,1065696,LKQ CORPORATION,$2B-$10B,,6689000000,Revenues,USD,2023-07-27,10-Q,2022-06-30,693000000,NetIncomeLoss,USD,2023-07-27,10-Q,2022-06-30,12038000000,Assets,USD,2023-07-27,10-Q,2022-12-31,-985000000,NetCashProvidedByUsedInFinancingActivities,USD,2023-07-27,10-Q,2022-06-30,265000000,NetCashProvidedByUsedInInvestingActivities,USD,2023-07-27,10-Q,2022-06-30,737000000,NetCashProvidedByUsedInOperatingActivities,USD,2023-07-27,10-Q,2022-06-30,through_ocf,True,,,0.103603,0.110181,1.799671,-0.147257,0.039617
2023Q3,2023-08-08,LLY,59478,ELI LILLY AND COMPANY,>$10B,,14298000000,Revenues,USD,2023-08-08,10-Q,2022-06-30,2855400000,NetIncomeLoss,USD,2023-08-08,10-Q,2022-06-30,49489800000,Assets,USD,2023-08-08,10-Q,2022-12-31,-3002000000,NetCashProvidedByUsedInFinancingActivities,USD,2023-08-08,10-Q,2022-06-30,-1864100000,NetCashProvidedByUsedInInvestingActivities,USD,2023-08-08,10-Q,2022-06-30,3706300000,NetCashProvidedByUsedInOperatingActivities,USD,2023-08-08,10-Q,2022-06-30,through_ocf,True,,,0.199706,0.259218,3.461309,-0.209959,-0.130375
2023Q3,2023-08-09,LMB,1606163,"LIMBACH HOLDINGS, INC.",$100M-$500M,,230942000,Revenues,USD,2023-08-09,10-Q,2022-06-30,-1516000,NetIncomeLoss,USD,2023-08-09,10-Q,2022-03-31,294556000,Assets,USD,2023-08-09,10-Q,2022-12-31,-7182000,NetCashProvidedByUsedInFinancingActivities,USD,2023-08-09,10-Q,2022-06-30,-284000,NetCashProvidedByUsedInInvestingActivities,USD,2023-08-09,10-Q,2022-06-30,12620000,NetCashProvidedByUsedInOperatingActivities,USD,2023-08-09,10-Q,2022-06-30,through_ocf,True,,,-0.006564,0.054646,1.275454,-0.031099,-0.00123
2023Q3,2023-08-04,LNT,352541,ALLIANT ENERGY CORP,$2B-$10B,,2012000000,RevenueFromContractWithCustomerExcludingAssessedTax,USD,2023-08-04,10-Q,2022-06-30,351000000,NetIncomeLoss,USD,2023-08-04,10-Q,2022-06-30,20163000000,Assets,USD,2023-08-04,10-Q,2022-12-31,50000000,NetCashProvidedByUsedInFinancingActivities,USD,2023-08-04,10-Q,2022-06-30,-370000000,NetCashProvidedByUsedInInvestingActivities,USD,2023-08-04,10-Q,2022-06-30,300000000,NetCashProvidedByUsedInOperatingActivities,USD,2023-08-04,10-Q,2022-06-30,through_ocf,True,,,0.174453,0.149105,10.021372,0.024851,-0.183897
2023Q3,2023-08-03,LNTH,1521036,"LANTHEUS HOLDINGS, INC.",$100M-$500M,,432603000,RevenueFromContractWithCustomerExcludingAssessedTax,USD,2023-08-03,10-Q,2022-06-30,42962000,NetIncomeLoss,USD,2023-08-03,10-Q,2022-03-31,1321258000,Assets,USD,2023-08-03,10-Q,2022-12-31,-4190000,NetCashProvidedByUsedInFinancingActivities,USD,2023-08-03,10-Q,2022-06-30,-5733000,NetCashProvidedByUsedInInvestingActivities,USD,2023-08-03,10-Q,2022-06-30,82861000,NetCashProvidedByUsedInOperatingActivities,USD,2023-08-03,10-Q,2022-06-30,through_ocf,True,,,0.09931,0.191541,3.054204,-0.009686,-0.013252
2023Q3,2023-08-03,LOCO,1606366,"El Pollo Loco Holdings, Inc.",$100M-$500M,,401701000,RevenueFromContractWithCustomerExcludingAssessedTax,USD,2020-03-06,10-K,2017-12-27,2115000,NetIncomeLoss,USD,2023-05-05,10-Q,2022-03-30,597218000,Assets,USD,2023-05-05,10-Q,2022-12-28,1482000,NetCashProvidedByUsedInFinancingActivities,USD,2023-05-05,10-Q,2022-03-30,-3772000,NetCashProvidedByUsedInInvestingActivities,USD,2023-05-05,10-Q,2022-03-30,-2305000,NetCashProvidedByUsedInOperatingActivities,USD,2023-05-05,10-Q,2022-03-30,through_ocf,True,,,0.005265,-0.005738,1.486723,0.003689,-0.00939
2023Q3,2023-07-25,LOGI,1032975,LOGITECH INTERNATIONAL S.A.,$2B-$10B,,5252279000,RevenueFromContractWithCustomerExcludingAssessedTax,USD,2023-05-17,10-K,2021-03-31,947257000,NetIncomeLoss,USD,2023-05-17,10-K,2021-03-31,4035405000,Assets,USD,2023-05-17,10-K,2022-03-31,-299929000,NetCashProvidedByUsedInFinancingActivities,USD,2023-05-17,10-K,2021-03-31,-119982000,NetCashProvidedByUsedInInvestingActivities,USD,2023-05-17,10-K,2021-03-31,1458638000,NetCashProvidedByUsedInOperatingActivities,USD,2023-05-17,10-K,2021-03-31,through_ocf,True,,,0.180352,0.277715,0.768315,-0.057105,-0.022844
2023Q3,2023-08-03,LOPE,1434588,"GRAND CANYON EDUCATION, INC.",$100M-$500M,,443886000,RevenueFromContractWithCustomerExcludingAssessedTax,USD,2023-08-03,10-Q,2022-06-30,83640000,NetIncomeLoss,USD,2023-08-03,10-Q,2022-06-30,832749000,Assets,USD,2023-08-03,10-Q,2022-12-31,-528012000,NetCashProvidedByUsedInFinancingActivities,USD,2023-08-03,10-Q,2022-06-30,-79617000,NetCashProvidedByUsedInInvestingActivities,USD,2023-08-03,10-Q,2022-06-30,146089000,NetCashProvidedByUsedInOperatingActivities,USD,2023-08-03,10-Q,2022-06-30,through_ocf,True,,,0.188427,0.329114,1.876042,-1.189522,-0.179364
2023Q3,2023-08-16,LOVE,1701758,THE LOVESAC COMPANY,$100M-$500M,,129380000,Revenues,USD,2023-06-09,10-Q,2022-05-01,1895000,NetIncomeLoss,USD,2023-06-09,10-Q,2022-05-01,418054000,Assets,USD,2023-06-09,10-Q,2023-01-29,-208000,NetCashProvidedByUsedInFinancingActivities,USD,2023-06-09,10-Q,2022-05-01,-6018000,NetCashProvidedByUsedInInvestingActivities,USD,2023-06-09,10-Q,2022-05-01,-21786000,NetCashProvidedByUsedInOperatingActivities,USD,2023-06-09,10-Q,2022-05-01,through_ocf,True,,,0.014647,-0.168388,3.23121,-0.001608,-0.046514
2023Q3,2023-07-27,LPG,1596993,DORIAN LPG LTD.,$100M-$500M,,315938812,Revenues,USD,2023-06-02,10-K,2021-03-31,92564653,ProfitLoss,USD,2023-06-02,10-K,2021-03-31,1607362093,Assets,USD,2023-06-02,10-K,2022-03-31,-174484467,NetCashProvidedByUsedInFinancingActivities,USD,2023-06-02,10-K,2021-03-31,1021090,NetCashProvidedByUsedInInvestingActivities,USD,2023-06-02,10-K,2021-03-31,170595696,NetCashProvidedByUsedInOperatingActivities,USD,2023-06-02,10-K,2021-03-31,through_ocf,True,,,0.292983,0.539964,5.087574,-0.552273,0.003232
2023Q3,2023-07-27,LPLA,1397911,LPL Financial Holdings Inc.,$2B-$10B,,2065693000,Revenues,USD,2023-05-02,10-Q,2022-03-31,133744000,NetIncomeLoss,USD,2023-05-02,10-Q,2022-03-31,9482226000,Assets,USD,2023-05-02,10-Q,2022-12-31,-175446000,NetCashProvidedByUsedInFinancingActivities,USD,2023-05-02,10-Q,2022-03-31,-74729000,NetCashProvidedByUsedInInvestingActivities,USD,2023-05-02,10-Q,2022-03-31,-75117000,NetCashProvidedByUsedInOperatingActivities,USD,2023-05-02,10-Q,2022-03-31,through_ocf,True,,,0.064745,-0.036364,4.590337,-0.084933,-0.036176
2023Q3,2023-08-08,LPSN,1102993,"LivePerson, Inc.",$100M-$500M,,130197000,RevenueFromContractWithCustomerExcludingAssessedTax,USD,2023-05-11,10-Q,2022-03-31,-65364000,NetIncomeLoss,USD,2023-05-11,10-Q,2022-03-31,1088940000,Assets,USD,2023-05-11,10-Q,2022-12-31,1001000,NetCashProvidedByUsedInFinancingActivities,USD,2023-05-11,10-Q,2022-03-31,-19899000,NetCashProvidedByUsedInInvestingActivities,USD,2023-05-11,10-Q,2022-03-31,-22872000,NetCashProvidedByUsedInOperatingActivities,USD,2023-05-11,10-Q,2022-03-31,through_ocf,True,,,-0.502039,-0.175672,8.363787,0.007688,-0.152838
2023Q3,2023-08-03,LQDT,1235468,"Liquidity Services, Inc.",$100M-$500M,,204848000,RevenueFromContractWithCustomerExcludingAssessedTax,USD,2023-08-03,10-Q,2022-06-30,3602000,NetIncomeLoss,USD,2023-08-03,10-Q,2021-12-31,288104000,Assets,USD,2023-08-03,10-Q,2022-09-30,-31014000,NetCashProvidedByUsedInFinancingActivities,USD,2023-08-03,10-Q,2022-06-30,-17433000,NetCashProvidedByUsedInInvestingActivities,USD,2023-08-03,10-Q,2022-06-30,31137000,NetCashProvidedByUsedInOperatingActivities,USD,2023-08-03,10-Q,2022-06-30,through_ocf,True,,,0.017584,0.152001,1.406428,-0.1514,-0.085102
2023Q3,2023-07-26,LSTR,853816,"Landstar System, Inc.",$1B-$2B,,1970599000,Revenues,USD,2023-05-05,10-Q,2022-03-26,124839000,NetIncomeLoss,USD,2023-05-05,10-Q,2022-03-26,1931879000,Assets,USD,2023-05-05,10-Q,2022-12-31,-163965000,NetCashProvidedByUsedInFinancingActivities,USD,2023-05-05,10-Q,2022-03-26,-3974000,NetCashProvidedByUsedInInvestingActivities,USD,2023-05-05,10-Q,2022-03-26,94965000,NetCashProvidedByUsedInOperatingActivities,USD,2023-05-05,10-Q,2022-03-26,through_ocf,True,,,0.063351,0.048191,0.980351,-0.083206,-0.002017
2023Q3,2023-07-25,LTH,1869198,"Life Time Group Holdings, Inc.",$100M-$500M,,392254000,RevenueFromContractWithCustomerExcludingAssessedTax,USD,2023-05-01,10-Q,2022-03-31,-37966000,NetIncomeLoss,USD,2023-05-01,10-Q,2022-03-31,6625363000,Assets,USD,2023-05-01,10-Q,2022-12-31,26619000,NetCashProvidedByUsedInFinancingActivities,USD,2023-05-01,10-Q,2022-03-31,-26283000,NetCashProvidedByUsedInInvestingActivities,USD,2023-05-01,10-Q,2022-03-31,9062000,NetCashProvidedByUsedInOperatingActivities,USD,2023-05-01,10-Q,2022-03-31,through_ocf,True,,,-0.096789,0.023102,16.890492,0.067862,-0.067005
2023Q3,2023-08-31,LULU,1397187,lululemon athletica inc.,$2B-$10B,,3481791000,RevenueFromContractWithCustomerExcludingAssessedTax,USD,2023-08-31,10-Q,2022-07-31,479519000,NetIncomeLoss,USD,2023-08-31,10-Q,2022-07-31,5607038000,Assets,USD,2023-08-31,10-Q,2023-01-29,-384576000,NetCashProvidedByUsedInFinancingActivities,USD,2023-08-31,10-Q,2022-07-31,-224944000,NetCashProvidedByUsedInInvestingActivities,USD,2023-08-31,10-Q,2022-07-31,-145618000,NetCashProvidedByUsedInOperatingActivities,USD,2023-08-31,10-Q,2022-07-31,through_ocf,True,,,0.137722,-0.041823,1.610389,-0.110453,-0.064606
2023Q3,2023-07-27,LUV,92380,SOUTHWEST AIRLINES CO.,$2B-$10B,,4694000000,RevenueFromContractWithCustomerExcludingAssessedTax,USD,2023-04-28,10-Q,2022-03-31,-278000000,NetIncomeLoss,USD,2023-04-28,10-Q,2022-03-31,35369000000,Assets,USD,2023-04-28,10-Q,2022-12-31,-314000000,NetCashProvidedByUsedInFinancingActivities,USD,2023-04-28,10-Q,2022-03-31,-139000000,NetCashProvidedByUsedInInvestingActivities,USD,2023-04-28,10-Q,2022-03-31,1071000000,NetCashProvidedByUsedInOperatingActivities,USD,2023-04-28,10-Q,2022-03-31,through_ocf,True,,,-0.059225,0.228164,7.534938,-0.066894,-0.029612
2023Q3,2023-07-19,LVS,1300514,LAS VEGAS SANDS CORP.,$500M-$1B,,943000000,Revenues,USD,2023-04-21,10-Q,2022-03-31,2530000000,NetIncomeLoss,USD,2023-04-21,10-Q,2022-03-31,22039000000,Assets,USD,2023-04-21,10-Q,2022-12-31,-1522000000,NetCashProvidedByUsedInFinancingActivities,USD,2021-02-05,10-K,2018-12-31,-930000000,NetCashProvidedByUsedInInvestingActivities,USD,2021-02-05,10-K,2018-12-31,4701000000,NetCashProvidedByUsedInOperatingActivities,USD,2021-02-05,10-K,2018-12-31,through_ocf,True,,,2.682927,4.985154,23.371156,-1.613998,-0.986214
2023Q3,2023-07-26,LXU,60714,"LSB INDUSTRIES, INC.",$100M-$500M,,198981000,RevenueFromContractWithCustomerExcludingAssessedTax,USD,2023-05-03,10-Q,2022-03-31,58766000,NetIncomeLoss,USD,2023-05-03,10-Q,2022-03-31,1439819000,Assets,USD,2023-05-03,10-Q,2022-12-31,184177000,NetCashProvidedByUsedInFinancingActivities,USD,2023-05-03,10-Q,2022-03-31,-97514000,NetCashProvidedByUsedInInvestingActivities,USD,2023-05-03,10-Q,2022-03-31,85492000,NetCashProvidedByUsedInOperatingActivities,USD,2023-05-03,10-Q,2022-03-31,through_ocf,True,,,0.295335,0.429649,7.235962,0.925601,-0.490067
2023Q3,2023-08-08,LYFT,1759509,"Lyft, Inc.",$500M-$1B,,875575000,Revenues,USD,2023-05-08,10-Q,2022-03-31,-196932000,NetIncomeLoss,USD,2023-05-08,10-Q,2022-03-31,4556431000,Assets,USD,2023-05-08,10-Q,2022-12-31,-22014000,NetCashProvidedByUsedInFinancingActivities,USD,2023-05-08,10-Q,2022-03-31,-74242000,NetCashProvidedByUsedInInvestingActivities,USD,2023-05-08,10-Q,2022-03-31,-152343000,NetCashProvidedByUsedInOperatingActivities,USD,2023-05-08,10-Q,2022-03-31,through_ocf,True,,,-0.224917,-0.173992,5.20393,-0.025142,-0.084792
2023Q3,2023-07-27,LYV,1335258,"LIVE NATION ENTERTAINMENT, INC.",$2B-$10B,,6236982000,Revenues,USD,2023-07-27,10-Q,2022-06-30,137618000,NetIncomeLoss,USD,2023-07-27,10-Q,2022-06-30,16460841000,Assets,USD,2023-07-27,10-Q,2022-12-31,-137635000,NetCashProvidedByUsedInFinancingActivities,USD,2023-07-27,10-Q,2022-06-30,-244736000,NetCashProvidedByUsedInInvestingActivities,USD,2023-07-27,10-Q,2022-06-30,1547438000,NetCashProvidedByUsedInOperatingActivities,USD,2023-07-27,10-Q,2022-06-30,through_ocf,True,,,0.022065,0.248107,2.639232,-0.022068,-0.039239
2023Q3,2023-08-08,LZ,1286139,"LegalZoom.com, Inc.",$100M-$500M,,318076000,RevenueFromContractWithCustomerExcludingAssessedTax,USD,2023-08-08,10-Q,2022-06-30,-25753000,NetIncomeLoss,USD,2023-08-08,10-Q,2022-03-31,417439000,Assets,USD,2023-08-08,10-Q,2022-06-30,-38298000,NetCashProvidedByUsedInFinancingActivities,USD,2023-08-08,10-Q,2022-06-30,-10072000,NetCashProvidedByUsedInInvestingActivities,USD,2023-08-08,10-Q,2022-06-30,24757000,NetCashProvidedByUsedInOperatingActivities,USD,2023-08-08,10-Q,2022-06-30,through_ocf,True,,,-0.080965,0.077834,1.312388,-0.120405,-0.031665
2023Q3,2023-08-22,LZB,57131,LA-Z-BOY INCORPORATED,$500M-$1B,,604091000,RevenueFromContractWithCustomerExcludingAssessedTax,USD,2023-08-22,10-Q,2022-07-30,38488000,NetIncomeLoss,USD,2023-08-22,10-Q,2022-07-30,1866263000,Assets,USD,2023-08-22,10-Q,2023-04-29,-13835000,NetCashProvidedByUsedInFinancingActivities,USD,2023-08-22,10-Q,2022-07-30,-25938000,NetCashProvidedByUsedInInvestingActivities,USD,2023-08-22,10-Q,2022-07-30,33104000,NetCashProvidedByUsedInOperatingActivities,USD,2023-08-22,10-Q,2022-07-30,through_ocf,True,,,0.063712,0.0548,3.089374,-0.022902,-0.042937
2023Q3,2023-07-27,MA,1141391,Mastercard Incorporated,>$10B,,10664000000,Revenues,USD,2023-07-27,10-Q,2022-06-30,4906000000,ProfitLoss,USD,2023-07-27,10-Q,2022-06-30,38724000000,Assets,USD,2023-07-27,10-Q,2022-12-31,-4975000000,NetCashProvidedByUsedInFinancingActivities,USD,2023-07-27,10-Q,2022-06-30,-812000000,NetCashProvidedByUsedInInvestingActivities,USD,2023-07-27,10-Q,2022-06-30,4239000000,NetCashProvidedByUsedInOperatingActivities,USD,2023-07-27,10-Q,2022-06-30,through_ocf,True,,,0.460053,0.397506,3.631283,-0.466523,-0.076144
2023Q3,2023-07-26,MAA,912595,"MID-AMERICA APARTMENT COMMUNITIES, INC.",$100M-$500M,,476078000,Revenues,USD,2023-04-27,10-Q,2022-03-31,110802000,NetIncomeLoss,USD,2023-04-27,10-Q,2022-03-31,11241165000,Assets,USD,2023-04-27,10-Q,2022-12-31,-154065000,NetCashProvidedByUsedInFinancingActivities,USD,2023-04-27,10-Q,2022-03-31,-83532000,NetCashProvidedByUsedInInvestingActivities,USD,2023-04-27,10-Q,2022-03-31,179623000,NetCashProvidedByUsedInOperatingActivities,USD,2023-04-27,10-Q,2022-03-31,through_ocf,True,,,0.232739,0.377297,23.612024,-0.323613,-0.175459
2023Q3,2023-08-08,MAC,912242,MACERICH CO,$100M-$500M,,216144000,Revenues,USD,2023-05-08,10-Q,2022-03-31,-37182000,NetIncomeLoss,USD,2023-05-08,10-Q,2022-03-31,8094139000,Assets,USD,2023-05-08,10-Q,2022-12-31,-95192000,NetCashProvidedByUsedInFinancingActivities,USD,2023-05-08,10-Q,2022-03-31,46954000,NetCashProvidedByUsedInInvestingActivities,USD,2023-05-08,10-Q,2022-03-31,65444000,NetCashProvidedByUsedInOperatingActivities,USD,2023-05-08,10-Q,2022-03-31,through_ocf,True,,,-0.172024,0.30278,37.4479,-0.44041,0.217235
2023Q3,2023-08-03,MAGN,41719,Magnera Corporation,$100M-$500M,,390713000,RevenueFromContractWithCustomerExcludingAssessedTax,USD,2018-05-01,10-Q,2017-03-31,-110379000,NetIncomeLoss,USD,2023-08-03,10-Q,2022-06-30,1647353000,Assets,USD,2023-08-03,10-Q,2022-12-31,33546000,NetCashProvidedByUsedInFinancingActivities,USD,2023-08-03,10-Q,2022-06-30,-18136000,NetCashProvidedByUsedInInvestingActivities,USD,2023-08-03,10-Q,2022-06-30,-79535000,NetCashProvidedByUsedInOperatingActivities,USD,2023-08-03,10-Q,2022-06-30,through_ocf,True,,,-0.282507,-0.203564,4.216274,0.085858,-0.046418
2023Q3,2023-07-25,MANH,1056696,"MANHATTAN ASSOCIATES, INC.",$100M-$500M,,178956000,RevenueFromContractWithCustomerExcludingAssessedTax,USD,2023-04-28,10-Q,2022-03-31,30592000,NetIncomeLoss,USD,2023-04-28,10-Q,2022-03-31,570178000,Assets,USD,2023-04-28,10-Q,2022-12-31,-77108000,NetCashProvidedByUsedInFinancingActivities,USD,2023-04-28,10-Q,2022-03-31,-1159000,NetCashProvidedByUsedInInvestingActivities,USD,2023-04-28,10-Q,2022-03-31,31792000,NetCashProvidedByUsedInOperatingActivities,USD,2023-04-28,10-Q,2022-03-31,through_ocf,True,,,0.170947,0.177653,3.186135,-0.430877,-0.006476
2023Q3,2023-08-01,MAR,1048286,MARRIOTT INTERNATIONAL INC /MD/,$2B-$10B,,9537000000,Revenues,USD,2023-08-01,10-Q,2022-06-30,377000000,NetIncomeLoss,USD,2023-08-01,10-Q,2022-03-31,24815000000,Assets,USD,2023-08-01,10-Q,2022-12-31,-1811000000,NetCashProvidedByUsedInFinancingActivities,USD,2023-08-01,10-Q,2022-06-30,-91000000,NetCashProvidedByUsedInInvestingActivities,USD,2023-08-01,10-Q,2022-06-30,1048000000,NetCashProvidedByUsedInOperatingActivities,USD,2023-08-01,10-Q,2022-06-30,through_ocf,True,,,0.03953,0.109888,2.601971,-0.189892,-0.009542
2023Q3,2023-07-27,MAS,62996,Masco Corporation,$2B-$10B,,4553000000,RevenueFromContractWithCustomerExcludingAssessedTax,USD,2023-07-27,10-Q,2022-06-30,511000000,NetIncomeLoss,USD,2023-07-27,10-Q,2022-06-30,5187000000,Assets,USD,2023-07-27,10-Q,2022-12-31,-568000000,NetCashProvidedByUsedInFinancingActivities,USD,2023-07-27,10-Q,2022-06-30,-74000000,NetCashProvidedByUsedInInvestingActivities,USD,2023-07-27,10-Q,2022-06-30,174000000,NetCashProvidedByUsedInOperatingActivities,USD,2023-07-27,10-Q,2022-06-30,through_ocf,True,,,0.112234,0.038217,1.139249,-0.124753,-0.016253
2023Q3,2023-07-17,MASI,937556,MASIMO CORP,$100M-$500M,,304200000,RevenueFromContractWithCustomerExcludingAssessedTax,USD,2023-05-10,10-Q,2022-04-02,46600000,ProfitLoss,USD,2023-05-10,10-Q,2022-04-02,3210600000,Assets,USD,2023-05-10,10-Q,2022-12-31,-22200000,NetCashProvidedByUsedInFinancingActivities,USD,2023-05-10,10-Q,2022-04-02,-23900000,NetCashProvidedByUsedInInvestingActivities,USD,2023-05-10,10-Q,2022-04-02,23200000,NetCashProvidedByUsedInOperatingActivities,USD,2023-05-10,10-Q,2022-04-02,through_ocf,True,,,0.153189,0.076266,10.554241,-0.072978,-0.078567
2023Q3,2023-07-26,MAT,63276,MATTEL INC /DE/,$1B-$2B,,1041301000,RevenueFromContractWithCustomerExcludingAssessedTax,USD,2023-05-02,10-Q,2022-03-31,21454000,NetIncomeLoss,USD,2023-05-02,10-Q,2022-03-31,6147367000,Assets,USD,2023-05-02,10-Q,2022-03-31,-4213000,NetCashProvidedByUsedInFinancingActivities,USD,2023-05-02,10-Q,2022-03-31,-54983000,NetCashProvidedByUsedInInvestingActivities,USD,2023-05-02,10-Q,2022-03-31,-143796000,NetCashProvidedByUsedInOperatingActivities,USD,2023-05-02,10-Q,2022-03-31,through_ocf,True,,,0.020603,-0.138093,5.903545,-0.004046,-0.052802
2023Q3,2023-08-09,MATV,1000623,"MATIV HOLDINGS, INC.",$500M-$1B,,833200000,RevenueFromContractWithCustomerExcludingAssessedTax,USD,2023-08-09,10-Q,2022-06-30,13400000,NetIncomeLoss,USD,2023-08-09,10-Q,2022-06-30,3669200000,Assets,USD,2023-08-09,10-Q,2022-12-31,-51500000,NetCashProvidedByUsedInFinancingActivities,USD,2023-08-09,10-Q,2022-06-30,18000000,NetCashProvidedByUsedInInvestingActivities,USD,2023-08-09,10-Q,2022-06-30,18000000,NetCashProvidedByUsedInOperatingActivities,USD,2023-08-09,10-Q,2022-06-30,through_ocf,True,,,0.016083,0.021603,4.403745,-0.06181,0.021603
2023Q3,2023-07-28,MATW,63296,MATTHEWS INTERNATIONAL CORP,$1B-$2B,,1498306000,RevenueFromContractWithCustomerExcludingAssessedTax,USD,2022-11-18,10-K,2020-09-30,-18815000,NetIncomeLoss,USD,2023-07-28,10-Q,2022-06-30,1882771000,Assets,USD,2023-07-28,10-Q,2022-09-30,-43776000,NetCashProvidedByUsedInFinancingActivities,USD,2023-07-28,10-Q,2022-06-30,-38929000,NetCashProvidedByUsedInInvestingActivities,USD,2023-07-28,10-Q,2022-06-30,84367000,NetCashProvidedByUsedInOperatingActivities,USD,2023-07-28,10-Q,2022-06-30,through_ocf,True,,,-0.012558,0.056308,1.2566,-0.029217,-0.025982
2023Q3,2023-07-20,MATX,3453,"Matson, Inc.",$1B-$2B,,1165500000,RevenueFromContractWithCustomerExcludingAssessedTax,USD,2023-05-05,10-Q,2022-03-31,339200000,NetIncomeLoss,USD,2023-05-05,10-Q,2022-03-31,4330000000,Assets,USD,2023-05-05,10-Q,2022-12-31,-117100000,NetCashProvidedByUsedInFinancingActivities,USD,2023-05-05,10-Q,2022-03-31,-46400000,NetCashProvidedByUsedInInvestingActivities,USD,2023-05-05,10-Q,2022-03-31,273900000,NetCashProvidedByUsedInOperatingActivities,USD,2023-05-05,10-Q,2022-03-31,through_ocf,True,,,0.291034,0.235006,3.715144,-0.100472,-0.039811
2023Q3,2023-08-02,MAX,1818383,"MediaAlpha, Inc.",$100M-$500M,,142599000,RevenueFromContractWithCustomerExcludingAssessedTax,USD,2023-05-05,10-Q,2022-03-31,-7076000,NetIncomeLoss,USD,2023-05-05,10-Q,2022-03-31,170081000,Assets,USD,2023-05-05,10-Q,2022-12-31,-3541000,NetCashProvidedByUsedInFinancingActivities,USD,2023-05-05,10-Q,2022-03-31,-40000,NetCashProvidedByUsedInInvestingActivities,USD,2023-05-05,10-Q,2022-03-31,8305000,NetCashProvidedByUsedInOperatingActivities,USD,2023-05-05,10-Q,2022-03-31,through_ocf,True,,,-0.049622,0.05824,1.192722,-0.024832,-0.000281
2023Q3,2023-08-08,MBC,0001941365,"MasterBrand, Inc.",$500M-$1B,,777100000,Revenues,USD,2023-05-10,10-Q,2022-03-27,46900000,NetIncomeLoss,USD,2023-05-10,10-Q,2022-03-27,2529400000,Assets,USD,2023-05-10,10-Q,2022-12-25,11000000,NetCashProvidedByUsedInFinancingActivities,USD,2023-05-10,10-Q,2022-03-27,-11000000,NetCashProvidedByUsedInInvestingActivities,USD,2023-05-10,10-Q,2022-03-27,-2900000,NetCashProvidedByUsedInOperatingActivities,USD,2023-05-10,10-Q,2022-03-27,through_ocf,True,,,0.060353,-0.003732,3.254922,0.014155,-0.014155
2023Q3,2023-07-27,MBLY,0001910139,Mobileye Global Inc.,$100M-$500M,,394000000,RevenueFromContractWithCustomerExcludingAssessedTax,USD,2023-05-11,10-Q,2022-04-02,-60000000,NetIncomeLoss,USD,2023-05-11,10-Q,2022-04-02,15441000000,Assets,USD,2023-05-11,10-Q,2022-12-31,-91000000,NetCashProvidedByUsedInFinancingActivities,USD,2023-05-11,10-Q,2022-04-02,173000000,NetCashProvidedByUsedInInvestingActivities,USD,2023-05-11,10-Q,2022-04-02,51000000,NetCashProvidedByUsedInOperatingActivities,USD,2023-05-11,10-Q,2022-04-02,through_ocf,True,,,-0.152284,0.129442,39.190355,-0.230964,0.439086
2023Q3,2023-07-03,MBUU,1590976,"MALIBU BOATS, INC.",$500M-$1B,,861671000,RevenueFromContractWithCustomerExcludingAssessedTax,USD,2023-05-03,10-Q,2022-03-31,109713000,NetIncomeLoss,USD,2023-05-03,10-Q,2022-03-31,851326000,Assets,USD,2023-05-03,10-Q,2022-06-30,-56932000,NetCashProvidedByUsedInFinancingActivities,USD,2023-05-03,10-Q,2022-03-31,-46636000,NetCashProvidedByUsedInInvestingActivities,USD,2023-05-03,10-Q,2022-03-31,119042000,NetCashProvidedByUsedInOperatingActivities,USD,2023-05-03,10-Q,2022-03-31,through_ocf,True,,,0.127326,0.138152,0.987994,-0.066072,-0.054123
2023Q3,2023-07-27,MCD,63908,McDonald’s Corporation,$2B-$10B,,5665600000,Revenues,USD,2023-05-04,10-Q,2022-03-31,1104400000,NetIncomeLoss,USD,2023-05-04,10-Q,2022-03-31,50435600000,Assets,USD,2023-05-04,10-Q,2022-12-31,-3830100000,NetCashProvidedByUsedInFinancingActivities,USD,2023-05-04,10-Q,2022-03-31,-554500000,NetCashProvidedByUsedInInvestingActivities,USD,2023-05-04,10-Q,2022-03-31,2133300000,NetCashProvidedByUsedInOperatingActivities,USD,2023-05-04,10-Q,2022-03-31,through_ocf,True,,,0.194931,0.376536,8.902076,-0.676027,-0.097871
2023Q3,2023-08-30,MCFT,1638290,"MasterCraft Boat Holdings, Inc.",$100M-$500M,,465962000,RevenueFromContractWithCustomerExcludingAssessedTax,USD,2023-08-30,10-K,2021-06-30,56170000,NetIncomeLoss,USD,2023-08-30,10-K,2021-06-30,297052000,Assets,USD,2023-08-30,10-K,2022-06-30,-17773000,NetCashProvidedByUsedInFinancingActivities,USD,2023-08-30,10-K,2021-06-30,-27832000,NetCashProvidedByUsedInInvestingActivities,USD,2023-08-30,10-K,2021-06-30,68538000,NetCashProvidedByUsedInOperatingActivities,USD,2023-08-30,10-K,2021-06-30,through_ocf,True,,,0.120546,0.147089,0.637503,-0.038143,-0.05973
2023Q3,2023-08-03,MCHP,827054,MICROCHIP TECHNOLOGY INCORPORATED,$1B-$2B,,1963600000,RevenueFromContractWithCustomerExcludingAssessedTax,USD,2023-08-03,10-Q,2022-06-30,507200000,NetIncomeLoss,USD,2023-08-03,10-Q,2022-06-30,16370300000,Assets,USD,2023-08-03,10-Q,2023-03-31,-626900000,NetCashProvidedByUsedInFinancingActivities,USD,2023-08-03,10-Q,2022-06-30,-153800000,NetCashProvidedByUsedInInvestingActivities,USD,2023-08-03,10-Q,2022-06-30,840400000,NetCashProvidedByUsedInOperatingActivities,USD,2023-08-03,10-Q,2022-06-30,through_ocf,True,,,0.258301,0.427989,8.336881,-0.319261,-0.078326
2023Q3,2023-07-25,MCO,1059556,Moody’s Corporation,$1B-$2B,,1522000000,RevenueFromContractWithCustomerExcludingAssessedTax,USD,2023-04-26,10-Q,2022-03-31,498000000,NetIncomeLoss,USD,2023-04-26,10-Q,2022-03-31,14349000000,Assets,USD,2023-04-26,10-Q,2022-12-31,-352000000,NetCashProvidedByUsedInFinancingActivities,USD,2023-04-26,10-Q,2022-03-31,-161000000,NetCashProvidedByUsedInInvestingActivities,USD,2023-04-26,10-Q,2022-03-31,470000000,NetCashProvidedByUsedInOperatingActivities,USD,2023-04-26,10-Q,2022-03-31,through_ocf,True,,,0.327201,0.308804,9.427727,-0.231275,-0.105782
2023Q3,2023-08-02,MCS,62234,MARCUS CORP,$100M-$500M,,132242000,Revenues,USD,2023-05-04,10-Q,2022-03-31,-14902000,NetIncomeLoss,USD,2023-05-04,10-Q,2022-03-31,1064598000,Assets,USD,2023-05-04,10-Q,2022-12-29,-3169000,NetCashProvidedByUsedInFinancingActivities,USD,2023-05-04,10-Q,2022-03-31,-3103000,NetCashProvidedByUsedInInvestingActivities,USD,2023-05-04,10-Q,2022-03-31,6471000,NetCashProvidedByUsedInOperatingActivities,USD,2023-05-04,10-Q,2022-03-31,through_ocf,True,,,-0.112687,0.048933,8.050377,-0.023964,-0.023465
2023Q3,2023-08-03,MCW,1853513,"Mister Car Wash, Inc.",$100M-$500M,,219419000,RevenueFromContractWithCustomerExcludingAssessedTax,USD,2023-05-03,10-Q,2022-03-31,35488000,NetIncomeLoss,USD,2023-05-03,10-Q,2022-03-31,2686232000,Assets,USD,2023-05-03,10-Q,2022-12-31,-953000,NetCashProvidedByUsedInFinancingActivities,USD,2023-05-03,10-Q,2022-03-31,-30014000,NetCashProvidedByUsedInInvestingActivities,USD,2023-05-03,10-Q,2022-03-31,81544000,NetCashProvidedByUsedInOperatingActivities,USD,2023-05-03,10-Q,2022-03-31,through_ocf,True,,,0.161736,0.371636,12.242477,-0.004343,-0.136789
2023Q3,2023-08-01,MCY,64996,MERCURY GENERAL CORPORATION,$1B-$2B,,1591086000,Revenues,USD,2023-08-01,10-Q,2022-06-30,-407599000,NetIncomeLoss,USD,2023-08-01,10-Q,2022-06-30,6514188000,Assets,USD,2023-08-01,10-Q,2022-12-31,-71258000,NetCashProvidedByUsedInFinancingActivities,USD,2023-08-01,10-Q,2022-06-30,-169203000,NetCashProvidedByUsedInInvestingActivities,USD,2023-08-01,10-Q,2022-06-30,194906000,NetCashProvidedByUsedInOperatingActivities,USD,2023-08-01,10-Q,2022-06-30,through_ocf,True,,,-0.256177,0.122499,4.094177,-0.044786,-0.106344
2023Q3,2023-08-31,MDB,1441816,"MONGODB, INC.",$100M-$500M,,285447000,RevenueFromContractWithCustomerExcludingAssessedTax,USD,2023-06-02,10-Q,2022-04-30,-77294000,NetIncomeLoss,USD,2023-06-02,10-Q,2022-04-30,2588893000,Assets,USD,2023-06-02,10-Q,2023-01-31,1061000,NetCashProvidedByUsedInFinancingActivities,USD,2023-06-02,10-Q,2022-04-30,-28803000,NetCashProvidedByUsedInInvestingActivities,USD,2023-06-02,10-Q,2022-04-30,11574000,NetCashProvidedByUsedInOperatingActivities,USD,2023-06-02,10-Q,2022-04-30,through_ocf,True,,,-0.270782,0.040547,9.06961,0.003717,-0.100905
2023Q3,2023-07-27,MDLZ,1103982,"MONDELEZ INTERNATIONAL, INC.",>$10B,,15038000000,Revenues,USD,2023-07-27,10-Q,2022-06-30,1602000000,NetIncomeLoss,USD,2023-07-27,10-Q,2022-06-30,71161000000,Assets,USD,2023-07-27,10-Q,2022-12-31,-2516000000,NetCashProvidedByUsedInFinancingActivities,USD,2023-07-27,10-Q,2022-06-30,-999000000,NetCashProvidedByUsedInInvestingActivities,USD,2023-07-27,10-Q,2022-06-30,1967000000,NetCashProvidedByUsedInOperatingActivities,USD,2023-07-27,10-Q,2022-06-30,through_ocf,True,,,0.10653,0.130802,4.732079,-0.167309,-0.066432
2023Q3,2023-08-01,MEC,1766368,"Mayville Engineering Company, Inc.",$100M-$500M,,136252000,RevenueFromContractWithCustomerExcludingAssessedTax,USD,2023-05-03,10-Q,2022-03-31,3822000,NetIncomeLoss,USD,2023-05-03,10-Q,2022-03-31,440581000,Assets,USD,2023-05-03,10-Q,2022-12-31,13047000,NetCashProvidedByUsedInFinancingActivities,USD,2023-05-03,10-Q,2022-03-31,-12620000,NetCashProvidedByUsedInInvestingActivities,USD,2023-05-03,10-Q,2022-03-31,-425000,NetCashProvidedByUsedInOperatingActivities,USD,2023-05-03,10-Q,2022-03-31,through_ocf,True,,,0.028051,-0.003119,3.233575,0.095756,-0.092622
2023Q3,2023-08-07,MED,910329,"Medifast, Inc.",$500M-$1B,,870933000,RevenueFromContractWithCustomerExcludingAssessedTax,USD,2023-08-07,10-Q,2022-06-30,41781000,NetIncomeLoss,USD,2023-08-07,10-Q,2022-03-31,316213000,Assets,USD,2023-08-07,10-Q,2022-12-31,-130144000,NetCashProvidedByUsedInFinancingActivities,USD,2023-08-07,10-Q,2022-06-30,-582000,NetCashProvidedByUsedInInvestingActivities,USD,2023-08-07,10-Q,2022-06-30,87435000,NetCashProvidedByUsedInOperatingActivities,USD,2023-08-07,10-Q,2022-06-30,through_ocf,True,,,0.047973,0.100392,0.363074,-0.149431,-0.000668
2023Q3,2023-08-08,MEG,1643615,"Montrose Environmental Group, Inc.",$100M-$500M,,134680000,RevenueFromContractWithCustomerExcludingAssessedTax,USD,2023-05-10,10-Q,2022-03-31,-7536000,NetIncomeLoss,USD,2023-05-10,10-Q,2022-03-31,791914000,Assets,USD,2023-05-10,10-Q,2022-12-31,-19715000,NetCashProvidedByUsedInFinancingActivities,USD,2023-05-10,10-Q,2022-03-31,-15005000,NetCashProvidedByUsedInInvestingActivities,USD,2023-05-10,10-Q,2022-03-31,-18328000,NetCashProvidedByUsedInOperatingActivities,USD,2023-05-10,10-Q,2022-03-31,through_ocf,True,,,-0.055955,-0.136086,5.879967,-0.146384,-0.111412
2023Q3,2023-09-07,MEI,65270,"METHODE ELECTRONICS, INC.",$100M-$500M,,282400000,RevenueFromContractWithCustomerExcludingAssessedTax,USD,2023-09-07,10-Q,2022-07-30,21500000,NetIncomeLoss,USD,2023-09-07,10-Q,2022-07-30,1579100000,Assets,USD,2023-09-07,10-Q,2023-04-29,-20800000,NetCashProvidedByUsedInFinancingActivities,USD,2023-09-07,10-Q,2022-07-30,-9600000,NetCashProvidedByUsedInInvestingActivities,USD,2023-09-07,10-Q,2022-07-30,12700000,NetCashProvidedByUsedInOperatingActivities,USD,2023-09-07,10-Q,2022-07-30,through_ocf,True,,,0.076133,0.044972,5.591714,-0.073654,-0.033994
2023Q3,2023-08-02,MELI,1099590,"MercadoLibre, Inc.",$2B-$10B,,2248000000,RevenueFromContractWithCustomerExcludingAssessedTax,USD,2023-05-04,10-Q,2022-03-31,65000000,NetIncomeLoss,USD,2023-05-04,10-Q,2022-03-31,13736000000,Assets,USD,2023-05-04,10-Q,2022-12-31,152000000,NetCashProvidedByUsedInFinancingActivities,USD,2023-05-04,10-Q,2022-03-31,-1224000000,NetCashProvidedByUsedInInvestingActivities,USD,2023-05-04,10-Q,2022-03-31,-233000000,NetCashProvidedByUsedInOperatingActivities,USD,2023-05-04,10-Q,2022-03-31,through_ocf,True,,,0.028915,-0.103648,6.11032,0.067616,-0.544484
2023Q3,2023-08-03,MERC,1333274,MERCER INTERNATIONAL INC.,$500M-$1B,,592741000,RevenueFromContractWithCustomerExcludingAssessedTax,USD,2023-05-04,10-Q,2022-03-31,88897000,NetIncomeLoss,USD,2023-05-04,10-Q,2022-03-31,2725037000,Assets,USD,2023-05-04,10-Q,2022-12-31,24609000,NetCashProvidedByUsedInFinancingActivities,USD,2023-05-04,10-Q,2022-03-31,-26790000,NetCashProvidedByUsedInInvestingActivities,USD,2023-05-04,10-Q,2022-03-31,68810000,NetCashProvidedByUsedInOperatingActivities,USD,2023-05-04,10-Q,2022-03-31,through_ocf,True,,,0.149976,0.116088,4.597349,0.041517,-0.045197
2023Q3,2023-08-02,MG,1436126,"Mistras Group, Inc.",$100M-$500M,,161662000,RevenueFromContractWithCustomerExcludingAssessedTax,USD,2023-05-05,10-Q,2022-03-31,-5363000,NetIncomeLoss,USD,2023-05-05,10-Q,2022-03-31,534904000,Assets,USD,2023-05-05,10-Q,2022-12-31,4323000,NetCashProvidedByUsedInFinancingActivities,USD,2023-05-05,10-Q,2022-03-31,-2737000,NetCashProvidedByUsedInInvestingActivities,USD,2023-05-05,10-Q,2022-03-31,-5399000,NetCashProvidedByUsedInOperatingActivities,USD,2023-05-05,10-Q,2022-03-31,through_ocf,True,,,-0.033174,-0.033397,3.30878,0.026741,-0.01693
2023Q3,2023-08-02,MGM,789570,MGM Resorts International,$2B-$10B,,6119197000,RevenueFromContractWithCustomerExcludingAssessedTax,USD,2023-08-02,10-Q,2022-06-30,1765921000,NetIncomeLoss,USD,2023-08-02,10-Q,2022-06-30,45692206000,Assets,USD,2023-08-02,10-Q,2022-12-31,-2539431000,NetCashProvidedByUsedInFinancingActivities,USD,2023-08-02,10-Q,2022-06-30,2226681000,NetCashProvidedByUsedInInvestingActivities,USD,2023-08-02,10-Q,2022-06-30,932713000,NetCashProvidedByUsedInOperatingActivities,USD,2023-08-02,10-Q,2022-06-30,through_ocf,True,,,0.288587,0.152424,7.467026,-0.414994,0.363885
2023Q3,2023-08-09,MGNI,1595974,"MAGNITE, INC.",$100M-$500M,,255855000,RevenueFromContractWithCustomerExcludingAssessedTax,USD,2023-08-09,10-Q,2022-06-30,-44593000,NetIncomeLoss,USD,2023-08-09,10-Q,2022-03-31,2712213000,Assets,USD,2023-08-09,10-Q,2022-12-31,-23568000,NetCashProvidedByUsedInFinancingActivities,USD,2023-08-09,10-Q,2022-06-30,-36743000,NetCashProvidedByUsedInInvestingActivities,USD,2023-08-09,10-Q,2022-06-30,63952000,NetCashProvidedByUsedInOperatingActivities,USD,2023-08-09,10-Q,2022-06-30,through_ocf,True,,,-0.17429,0.249954,10.600586,-0.092115,-0.143609
2023Q3,2023-08-03,MGPI,835011,"MGP Ingredients, Inc.",$100M-$500M,,390217000,RevenueFromContractWithCustomerExcludingAssessedTax,USD,2023-08-03,10-Q,2022-06-30,62997000,NetIncomeLoss,USD,2023-08-03,10-Q,2022-06-30,1158211000,Assets,USD,2023-08-03,10-Q,2022-12-31,-7649000,NetCashProvidedByUsedInFinancingActivities,USD,2023-08-03,10-Q,2022-06-30,-19484000,NetCashProvidedByUsedInInvestingActivities,USD,2023-08-03,10-Q,2022-06-30,43019000,NetCashProvidedByUsedInOperatingActivities,USD,2023-08-03,10-Q,2022-06-30,through_ocf,True,,,0.161441,0.110244,2.96812,-0.019602,-0.049931
2023Q3,2023-07-27,MGRC,752714,McGRATH RENTCORP,$100M-$500M,,278421000,Revenues,USD,2023-07-27,10-Q,2022-06-30,18793000,NetIncomeLoss,USD,2023-07-27,10-Q,2022-03-31,1707844000,Assets,USD,2023-07-27,10-Q,2022-12-31,-13211000,NetCashProvidedByUsedInFinancingActivities,USD,2023-07-27,10-Q,2022-06-30,-69584000,NetCashProvidedByUsedInInvestingActivities,USD,2023-07-27,10-Q,2022-06-30,82043000,NetCashProvidedByUsedInOperatingActivities,USD,2023-07-27,10-Q,2022-06-30,through_ocf,True,,,0.067499,0.294672,6.134034,-0.04745,-0.249924
2023Q3,2023-08-01,MGY,1698990,Magnolia Oil & Gas Corp,$100M-$500M,,377839000,Revenues,USD,2023-05-04,10-Q,2022-03-31,166039000,NetIncomeLoss,USD,2023-05-04,10-Q,2022-03-31,2572585000,Assets,USD,2023-05-04,10-Q,2022-12-31,-188247000,NetCashProvidedByUsedInFinancingActivities,USD,2023-05-04,10-Q,2022-03-31,-71208000,NetCashProvidedByUsedInInvestingActivities,USD,2023-05-04,10-Q,2022-03-31,238869000,NetCashProvidedByUsedInOperatingActivities,USD,2023-05-04,10-Q,2022-03-31,through_ocf,True,,,0.439444,0.632198,6.80868,-0.49822,-0.188461
2023Q3,2023-07-26,MHO,799292,"M/I HOMES, INC.",$500M-$1B,,860811000,Revenues,USD,2023-04-28,10-Q,2022-03-31,91839000,NetIncomeLoss,USD,2023-04-28,10-Q,2022-03-31,3714923000,Assets,USD,2023-04-28,10-Q,2022-12-31,-80454000,NetCashProvidedByUsedInFinancingActivities,USD,2023-04-28,10-Q,2022-03-31,-6634000,NetCashProvidedByUsedInInvestingActivities,USD,2023-04-28,10-Q,2022-03-31,69326000,NetCashProvidedByUsedInOperatingActivities,USD,2023-04-28,10-Q,2022-03-31,through_ocf,True,,,0.106689,0.080536,4.315608,-0.093463,-0.007707
2023Q3,2023-08-03,MIDD,769520,MIDDLEBY Corp,$500M-$1B,,994676000,RevenueFromContractWithCustomerExcludingAssessedTax,USD,2023-05-11,10-Q,2022-04-02,85755000,NetIncomeLoss,USD,2023-05-11,10-Q,2022-04-02,6474165000,Assets,USD,2023-05-11,10-Q,2022-04-02,8721000,NetCashProvidedByUsedInFinancingActivities,USD,2023-05-11,10-Q,2022-04-02,-24126000,NetCashProvidedByUsedInInvestingActivities,USD,2023-05-11,10-Q,2022-04-02,-15344000,NetCashProvidedByUsedInOperatingActivities,USD,2023-05-11,10-Q,2022-04-02,through_ocf,True,,,0.086214,-0.015426,6.508818,0.008768,-0.024255
2023Q3,2023-08-02,MIR,1809987,"Mirion Technologies, Inc.",$100M-$500M,,163200000,RevenueFromContractWithCustomerExcludingAssessedTax,USD,2023-05-03,10-Q,2022-03-31,-17700000,NetIncomeLoss,USD,2023-05-03,10-Q,2022-03-31,2738700000,Assets,USD,2023-05-03,10-Q,2022-12-31,-600000,NetCashProvidedByUsedInFinancingActivities,USD,2023-05-03,10-Q,2022-03-31,-7900000,NetCashProvidedByUsedInInvestingActivities,USD,2023-05-03,10-Q,2022-03-31,11400000,NetCashProvidedByUsedInOperatingActivities,USD,2023-05-03,10-Q,2022-03-31,through_ocf,True,,,-0.108456,0.069853,16.78125,-0.003676,-0.048407
2023Q3,2023-08-02,MKSI,1049502,MKS INC.,$500M-$1B,,742000000,RevenueFromContractWithCustomerExcludingAssessedTax,USD,2023-05-05,10-Q,2022-03-31,143000000,NetIncomeLoss,USD,2023-05-05,10-Q,2022-03-31,11495000000,Assets,USD,2023-05-05,10-Q,2022-12-31,-17000000,NetCashProvidedByUsedInFinancingActivities,USD,2023-05-05,10-Q,2022-03-31,23000000,NetCashProvidedByUsedInInvestingActivities,USD,2023-05-05,10-Q,2022-03-31,41000000,NetCashProvidedByUsedInOperatingActivities,USD,2023-05-05,10-Q,2022-03-31,through_ocf,True,,,0.192722,0.055256,15.491914,-0.022911,0.030997
2023Q3,2023-07-20,MKTX,1278021,MARKETAXESS HOLDINGS INC.,$100M-$500M,,186057000,RevenueFromContractWithCustomerExcludingAssessedTax,USD,2023-04-27,10-Q,2022-03-31,64769000,NetIncomeLoss,USD,2023-04-27,10-Q,2022-03-31,1607775000,Assets,USD,2023-04-27,10-Q,2022-12-31,-86467000,NetCashProvidedByUsedInFinancingActivities,USD,2023-04-27,10-Q,2022-03-31,-10821000,NetCashProvidedByUsedInInvestingActivities,USD,2023-04-27,10-Q,2022-03-31,-23730000,NetCashProvidedByUsedInOperatingActivities,USD,2023-04-27,10-Q,2022-03-31,through_ocf,True,,,0.348114,-0.127542,8.641303,-0.464734,-0.05816
2023Q3,2023-07-12,MLKN,66382,"MillerKnoll, Inc.",$2B-$10B,,2845500000,RevenueFromContractWithCustomerExcludingAssessedTax,USD,2023-04-12,10-Q,2022-02-26,-48700000,NetIncomeLoss,USD,2023-04-12,10-Q,2022-02-26,4514000000,Assets,USD,2023-04-12,10-Q,2022-05-28,1061400000,NetCashProvidedByUsedInFinancingActivities,USD,2023-04-12,10-Q,2022-02-26,-1145000000,NetCashProvidedByUsedInInvestingActivities,USD,2023-04-12,10-Q,2022-02-26,-57900000,NetCashProvidedByUsedInOperatingActivities,USD,2023-04-12,10-Q,2022-02-26,through_ocf,True,,,-0.017115,-0.020348,1.586364,0.37301,-0.40239
2023Q3,2023-07-27,MLM,916076,"Martin Marietta Materials, Inc.",$2B-$10B,,2872500000,RevenueFromContractWithCustomerExcludingAssessedTax,USD,2023-07-27,10-Q,2022-06-30,387900000,NetIncomeLoss,USD,2023-07-27,10-Q,2022-06-30,14993600000,Assets,USD,2023-07-27,10-Q,2022-12-31,-206500000,NetCashProvidedByUsedInFinancingActivities,USD,2023-07-27,10-Q,2022-06-30,433500000,NetCashProvidedByUsedInInvestingActivities,USD,2023-07-27,10-Q,2022-06-30,286200000,NetCashProvidedByUsedInOperatingActivities,USD,2023-07-27,10-Q,2022-06-30,through_ocf,True,,,0.135039,0.099634,5.219704,-0.071889,0.150914
2023Q3,2023-08-09,MLR,924822,"MILLER INDUSTRIES, INC.",$100M-$500M,,148933000,SalesRevenueNet,USD,2018-05-09,10-Q,2017-03-31,2065000,NetIncomeLoss,USD,2023-08-09,10-Q,2022-03-31,501429000,Assets,USD,2023-08-09,10-Q,2022-12-31,35880000,NetCashProvidedByUsedInFinancingActivities,USD,2023-08-09,10-Q,2022-06-30,-22832000,NetCashProvidedByUsedInInvestingActivities,USD,2023-08-09,10-Q,2022-06-30,-34827000,NetCashProvidedByUsedInOperatingActivities,USD,2023-08-09,10-Q,2022-06-30,through_ocf,True,,,0.013865,-0.233843,3.366809,0.240914,-0.153304
2023Q3,2023-08-04,MMI,1578732,"MARCUS & MILLICHAP, INC.",$500M-$1B,,715421000,RevenueFromContractWithCustomerExcludingAssessedTax,USD,2023-08-04,10-Q,2022-06-30,74951000,NetIncomeLoss,USD,2023-08-04,10-Q,2022-06-30,1003708000,Assets,USD,2023-08-04,10-Q,2022-12-31,-61899000,NetCashProvidedByUsedInFinancingActivities,USD,2023-08-04,10-Q,2022-06-30,-56575000,NetCashProvidedByUsedInInvestingActivities,USD,2023-08-04,10-Q,2022-06-30,-51840000,NetCashProvidedByUsedInOperatingActivities,USD,2023-08-04,10-Q,2022-06-30,through_ocf,True,,,0.104765,-0.072461,1.402961,-0.086521,-0.079079
2023Q3,2023-07-25,MMM,66740,3M COMPANY,>$10B,,17531000000,Revenues,USD,2023-07-25,10-Q,2022-06-30,1377000000,NetIncomeLoss,USD,2023-07-25,10-Q,2022-06-30,46455000000,Assets,USD,2023-07-25,10-Q,2022-12-31,-3102000000,NetCashProvidedByUsedInFinancingActivities,USD,2023-07-25,10-Q,2022-06-30,-814000000,NetCashProvidedByUsedInInvestingActivities,USD,2023-07-25,10-Q,2022-06-30,2138000000,NetCashProvidedByUsedInOperatingActivities,USD,2023-07-25,10-Q,2022-06-30,through_ocf,True,,,0.078547,0.121955,2.649877,-0.176944,-0.046432
2023Q3,2023-08-03,MMS,1032220,"Maximus, Inc.",$2B-$10B,,3453987000,RevenueFromContractWithCustomerExcludingAssessedTax,USD,2023-08-03,10-Q,2022-06-30,53330000,NetIncomeLoss,USD,2023-08-03,10-Q,2021-12-31,3992714000,Assets,USD,2023-08-03,10-Q,2022-09-30,-163272000,NetCashProvidedByUsedInFinancingActivities,USD,2023-08-03,10-Q,2022-06-30,-48080000,NetCashProvidedByUsedInInvestingActivities,USD,2023-08-03,10-Q,2022-06-30,169776000,NetCashProvidedByUsedInOperatingActivities,USD,2023-08-03,10-Q,2022-06-30,through_ocf,True,,,0.01544,0.049154,1.155973,-0.047271,-0.01392
2023Q3,2023-07-25,MMSI,856982,MERIT MEDICAL SYSTEMS INC,$100M-$500M,,275415000,RevenueFromContractWithCustomerExcludingAssessedTax,USD,2023-04-28,10-Q,2022-03-31,10545000,NetIncomeLoss,USD,2023-04-28,10-Q,2022-03-31,1663966000,Assets,USD,2023-04-28,10-Q,2022-12-31,-14240000,NetCashProvidedByUsedInFinancingActivities,USD,2023-04-28,10-Q,2022-03-31,-9868000,NetCashProvidedByUsedInInvestingActivities,USD,2023-04-28,10-Q,2022-03-31,12010000,NetCashProvidedByUsedInOperatingActivities,USD,2023-04-28,10-Q,2022-03-31,through_ocf,True,,,0.038288,0.043607,6.041668,-0.051704,-0.03583
2023Q3,2023-07-26,MNRO,876427,"MONRO, INC.",$100M-$500M,,349535000,RevenueFromContractWithCustomerExcludingAssessedTax,USD,2023-07-26,10-Q,2022-06-25,12484000,NetIncomeLoss,USD,2023-07-26,10-Q,2022-06-25,1776877000,Assets,USD,2023-07-26,10-Q,2023-03-25,-103361000,NetCashProvidedByUsedInFinancingActivities,USD,2023-07-26,10-Q,2022-06-25,48856000,NetCashProvidedByUsedInInvestingActivities,USD,2023-07-26,10-Q,2022-06-25,77205000,NetCashProvidedByUsedInOperatingActivities,USD,2023-07-26,10-Q,2022-06-25,through_ocf,True,,,0.035716,0.220879,5.083545,-0.29571,0.139774
2023Q3,2023-08-03,MNST,865752,Monster Beverage Corp,$1B-$2B,,1518574000,RevenueFromContractWithCustomerExcludingAssessedTax,USD,2023-05-05,10-Q,2022-03-31,294203000,ProfitLoss,USD,2023-05-05,10-Q,2022-03-31,8293105000,Assets,USD,2023-05-05,10-Q,2022-12-31,-4223000,NetCashProvidedByUsedInFinancingActivities,USD,2023-05-05,10-Q,2022-03-31,-303630000,NetCashProvidedByUsedInInvestingActivities,USD,2023-05-05,10-Q,2022-03-31,-351000,NetCashProvidedByUsedInOperatingActivities,USD,2023-05-05,10-Q,2022-03-31,through_ocf,True,,,0.193736,-0.000231,5.461114,-0.002781,-0.199944
2023Q3,2023-08-01,MO,764180,"ALTRIA GROUP, INC.",>$10B,,12435000000,RevenueFromContractWithCustomerExcludingAssessedTax,USD,2023-08-01,10-Q,2022-06-30,2850000000,NetIncomeLoss,USD,2023-08-01,10-Q,2022-06-30,36954000000,Assets,USD,2023-08-01,10-Q,2022-12-31,-4373000000,NetCashProvidedByUsedInFinancingActivities,USD,2023-08-01,10-Q,2022-06-30,-150000000,NetCashProvidedByUsedInInvestingActivities,USD,2023-08-01,10-Q,2022-06-30,2561000000,NetCashProvidedByUsedInOperatingActivities,USD,2023-08-01,10-Q,2022-06-30,through_ocf,True,,,0.229192,0.205951,2.971773,-0.351669,-0.012063
2023Q3,2023-08-02,MOD,67347,Modine Manufacturing Company,$1B-$2B,,1808400000,RevenueFromContractWithCustomerExcludingAssessedTax,USD,2023-05-25,10-K,2021-03-31,-210700000,NetIncomeLoss,USD,2023-05-25,10-K,2021-03-31,1427000000,Assets,USD,2023-05-25,10-K,2022-03-31,-145100000,NetCashProvidedByUsedInFinancingActivities,USD,2023-05-25,10-K,2021-03-31,-31300000,NetCashProvidedByUsedInInvestingActivities,USD,2023-05-25,10-K,2021-03-31,149800000,NetCashProvidedByUsedInOperatingActivities,USD,2023-05-25,10-K,2021-03-31,through_ocf,True,,,-0.116512,0.082836,0.789095,-0.080237,-0.017308
2023Q3,2023-07-28,MORN,1289419,"MORNINGSTAR, INC.",$500M-$1B,,927400000,Revenues,USD,2023-07-28,10-Q,2022-06-30,46100000,ProfitLoss,USD,2023-07-28,10-Q,2022-03-31,3474800000,Assets,USD,2023-07-28,10-Q,2022-12-31,548900000,NetCashProvidedByUsedInFinancingActivities,USD,2023-07-28,10-Q,2022-06-30,-725000000,NetCashProvidedByUsedInInvestingActivities,USD,2023-07-28,10-Q,2022-06-30,92200000,NetCashProvidedByUsedInOperatingActivities,USD,2023-07-28,10-Q,2022-06-30,through_ocf,True,,,0.049709,0.099418,3.746819,0.59187,-0.781755
2023Q3,2023-08-01,MOS,1285785,The Mosaic Company,$2B-$10B,,3922300000,RevenueFromContractWithCustomerExcludingAssessedTax,USD,2023-05-04,10-Q,2022-03-31,1182000000,NetIncomeLoss,USD,2023-05-04,10-Q,2022-03-31,23386000000,Assets,USD,2023-05-04,10-Q,2022-12-31,-125000000,NetCashProvidedByUsedInFinancingActivities,USD,2023-05-04,10-Q,2022-03-31,-297200000,NetCashProvidedByUsedInInvestingActivities,USD,2023-05-04,10-Q,2022-03-31,506200000,NetCashProvidedByUsedInOperatingActivities,USD,2023-05-04,10-Q,2022-03-31,through_ocf,True,,,0.301354,0.129057,5.962318,-0.031869,-0.075772
2023Q3,2023-08-24,MOV,72573,"MOVADO GROUP, INC.",$100M-$500M,,346228000,RevenueFromContractWithCustomerExcludingAssessedTax,USD,2023-08-24,10-Q,2022-07-31,42516000,NetIncomeLoss,USD,2023-08-24,10-Q,2022-07-31,766136000,Assets,USD,2023-08-24,10-Q,2022-07-31,-37826000,NetCashProvidedByUsedInFinancingActivities,USD,2023-08-24,10-Q,2022-07-31,-5327000,NetCashProvidedByUsedInInvestingActivities,USD,2023-08-24,10-Q,2022-07-31,-25392000,NetCashProvidedByUsedInOperatingActivities,USD,2023-08-24,10-Q,2022-07-31,through_ocf,True,,,0.122798,-0.073339,2.212808,-0.109252,-0.015386
2023Q3,2023-08-09,MPAA,918251,"MOTORCAR PARTS OF AMERICA, INC.",$100M-$500M,,163985000,RevenueFromContractWithCustomerExcludingAssessedTax,USD,2023-08-09,10-Q,2022-06-30,-175000,NetIncomeLoss,USD,2023-08-09,10-Q,2022-06-30,1028565000,Assets,USD,2023-08-09,10-Q,2023-03-31,-11266000,NetCashProvidedByUsedInFinancingActivities,USD,2023-08-09,10-Q,2022-06-30,-1461000,NetCashProvidedByUsedInInvestingActivities,USD,2023-08-09,10-Q,2022-06-30,-982000,NetCashProvidedByUsedInOperatingActivities,USD,2023-08-09,10-Q,2022-06-30,through_ocf,True,,,-0.001067,-0.005988,6.272311,-0.068701,-0.008909
2023Q3,2023-07-31,MPWR,1280452,MONOLITHIC POWER SYSTEMS INC,$100M-$500M,,377714000,RevenueFromContractWithCustomerExcludingAssessedTax,USD,2023-05-05,10-Q,2022-03-31,79566000,NetIncomeLoss,USD,2023-05-05,10-Q,2022-03-31,2058885000,Assets,USD,2023-05-05,10-Q,2022-12-31,-24249000,NetCashProvidedByUsedInFinancingActivities,USD,2023-05-05,10-Q,2022-03-31,-11613000,NetCashProvidedByUsedInInvestingActivities,USD,2023-05-05,10-Q,2022-03-31,107419000,NetCashProvidedByUsedInOperatingActivities,USD,2023-05-05,10-Q,2022-03-31,through_ocf,True,,,0.210651,0.284392,5.45091,-0.064199,-0.030745
2023Q3,2023-08-08,MQ,1522540,"Marqeta, Inc.",$100M-$500M,,352780000,RevenueFromContractWithCustomerExcludingAssessedTax,USD,2023-08-08,10-Q,2022-06-30,-60598000,NetIncomeLoss,USD,2023-08-08,10-Q,2022-03-31,1770346000,Assets,USD,2023-08-08,10-Q,2022-12-31,-2398000,NetCashProvidedByUsedInFinancingActivities,USD,2023-08-08,10-Q,2022-06-30,-967000,NetCashProvidedByUsedInInvestingActivities,USD,2023-08-08,10-Q,2022-06-30,-23943000,NetCashProvidedByUsedInOperatingActivities,USD,2023-08-08,10-Q,2022-06-30,through_ocf,True,,,-0.171773,-0.067869,5.018272,-0.006797,-0.002741
2023Q3,2023-08-15,MRCY,1049521,"MERCURY SYSTEMS, INC.",$500M-$1B,,923996000,Revenues,USD,2023-08-15,10-K,2021-07-02,62044000,NetIncomeLoss,USD,2023-08-15,10-K,2021-07-02,2304415000,Assets,USD,2023-08-15,10-K,2022-07-01,206229000,NetCashProvidedByUsedInFinancingActivities,USD,2023-08-15,10-K,2021-07-02,-416887000,NetCashProvidedByUsedInInvestingActivities,USD,2023-08-15,10-K,2021-07-02,97247000,NetCashProvidedByUsedInOperatingActivities,USD,2023-08-15,10-K,2021-07-02,through_ocf,True,,,0.067147,0.105246,2.493966,0.223193,-0.451178
2023Q3,2023-08-03,MRNA,1682852,"MODERNA, INC.",>$10B,,10815000000,Revenues,USD,2023-08-03,10-Q,2022-06-30,5854000000,NetIncomeLoss,USD,2023-08-03,10-Q,2022-06-30,25858000000,Assets,USD,2023-08-03,10-Q,2022-12-31,-1969000000,NetCashProvidedByUsedInFinancingActivities,USD,2023-08-03,10-Q,2022-06-30,-5073000000,NetCashProvidedByUsedInInvestingActivities,USD,2023-08-03,10-Q,2022-06-30,3067000000,NetCashProvidedByUsedInOperatingActivities,USD,2023-08-03,10-Q,2022-06-30,through_ocf,True,,,0.541285,0.283588,2.390939,-0.182062,-0.469071
2023Q3,2023-07-20,MRSH,62709,"Marsh & McLennan Companies, Inc.",$2B-$10B,,3503000000,SalesRevenueServicesNet,USD,2018-04-27,10-Q,2017-03-31,2038000000,NetIncomeLoss,USD,2023-07-20,10-Q,2022-06-30,44114000000,Assets,USD,2023-07-20,10-Q,2022-12-31,498000000,NetCashProvidedByUsedInFinancingActivities,USD,2023-07-20,10-Q,2022-06-30,-258000000,NetCashProvidedByUsedInInvestingActivities,USD,2023-07-20,10-Q,2022-06-30,580000000,NetCashProvidedByUsedInOperatingActivities,USD,2023-07-20,10-Q,2022-06-30,through_ocf,True,,,0.581787,0.165572,12.593206,0.142164,-0.073651
2023Q3,2023-08-24,MRVL,1835632,"Marvell Technology, Inc.",$1B-$2B,,1446900000,RevenueFromContractWithCustomerExcludingAssessedTax,USD,2023-05-26,10-Q,2022-04-30,-165700000,NetIncomeLoss,USD,2023-05-26,10-Q,2022-04-30,22522100000,Assets,USD,2023-05-26,10-Q,2023-01-28,-260900000,NetCashProvidedByUsedInFinancingActivities,USD,2023-05-26,10-Q,2022-04-30,-82400000,NetCashProvidedByUsedInInvestingActivities,USD,2023-05-26,10-Q,2022-04-30,194800000,NetCashProvidedByUsedInOperatingActivities,USD,2023-05-26,10-Q,2022-04-30,through_ocf,True,,,-0.114521,0.134633,15.565761,-0.180317,-0.056949
2023Q3,2023-07-25,MSCI,1408198,MSCI INC.,$1B-$2B,,1111751000,RevenueFromContractWithCustomerExcludingAssessedTax,USD,2023-07-25,10-Q,2022-06-30,228423000,NetIncomeLoss,USD,2023-07-25,10-Q,2022-03-31,4997535000,Assets,USD,2023-07-25,10-Q,2022-12-31,-982936000,NetCashProvidedByUsedInFinancingActivities,USD,2023-07-25,10-Q,2022-06-30,-34413000,NetCashProvidedByUsedInInvestingActivities,USD,2023-07-25,10-Q,2022-06-30,456873000,NetCashProvidedByUsedInOperatingActivities,USD,2023-07-25,10-Q,2022-06-30,through_ocf,True,,,0.205462,0.410949,4.495193,-0.884133,-0.030954
2023Q3,2023-08-18,MSGE,0001952073,MADISON SQUARE GARDEN ENTERTAINMENT CORP.,<$100M,,81812000,Revenues,USD,2023-08-18,10-K,2021-06-30,-218614000,NetIncomeLoss,USD,2023-08-18,10-K,2021-06-30,1526701000,Assets,USD,2023-08-18,10-K,2022-06-30,473488000,NetCashProvidedByUsedInFinancingActivities,USD,2023-08-18,10-K,2021-06-30,-10339000,NetCashProvidedByUsedInInvestingActivities,USD,2023-08-18,10-K,2021-06-30,-148118000,NetCashProvidedByUsedInOperatingActivities,USD,2023-08-18,10-K,2021-06-30,through_ocf,True,,,-2.672151,-1.810468,18.661089,5.787513,-0.126375
2023Q3,2023-08-03,MSI,68505,"Motorola Solutions, Inc.",$2B-$10B,,4032000000,RevenueFromContractWithCustomerExcludingAssessedTax,USD,2023-08-03,10-Q,2022-07-02,495000000,NetIncomeLoss,USD,2023-08-03,10-Q,2022-07-02,12814000000,Assets,USD,2023-08-03,10-Q,2022-12-31,-564000000,NetCashProvidedByUsedInFinancingActivities,USD,2023-08-03,10-Q,2022-07-02,-673000000,NetCashProvidedByUsedInInvestingActivities,USD,2023-08-03,10-Q,2022-07-02,162000000,NetCashProvidedByUsedInOperatingActivities,USD,2023-08-03,10-Q,2022-07-02,through_ocf,True,,,0.122768,0.040179,3.178075,-0.139881,-0.166915
2023Q3,2023-07-19,MTB,36270,M&T Bank Corporation,$2B-$10B,,5954761000,Revenues,USD,2023-02-22,10-K,2020-12-31,362174000,NetIncomeLoss,USD,2023-05-05,10-Q,2022-03-31,200729841000,Assets,USD,2023-05-05,10-Q,2022-12-31,-5417467000,NetCashProvidedByUsedInFinancingActivities,USD,2023-05-05,10-Q,2022-03-31,4195580000,NetCashProvidedByUsedInInvestingActivities,USD,2023-05-05,10-Q,2022-03-31,1295770000,NetCashProvidedByUsedInOperatingActivities,USD,2023-05-05,10-Q,2022-03-31,through_ocf,True,,,0.060821,0.217602,33.709135,-0.909771,0.704576
2023Q3,2023-08-01,MTCH,891103,"MATCH GROUP, INC.",$500M-$1B,,798631000,Revenues,USD,2023-05-05,10-Q,2022-03-31,180607000,ProfitLoss,USD,2023-05-05,10-Q,2022-03-31,4182764000,Assets,USD,2023-05-05,10-Q,2022-12-31,-116613000,NetCashProvidedByUsedInFinancingActivities,USD,2023-05-05,10-Q,2022-03-31,-14660000,NetCashProvidedByUsedInInvestingActivities,USD,2023-05-05,10-Q,2022-03-31,232517000,NetCashProvidedByUsedInOperatingActivities,USD,2023-05-05,10-Q,2022-03-31,through_ocf,True,,,0.226146,0.291144,5.237418,-0.146016,-0.018356
2023Q3,2023-07-27,MTD,1037646,Mettler-Toledo International Inc.,$500M-$1B,,897791000,Revenues,USD,2023-05-05,10-Q,2022-03-31,174001000,NetIncomeLoss,USD,2023-05-05,10-Q,2022-03-31,3492395000,Assets,USD,2023-05-05,10-Q,2022-12-31,-64485000,NetCashProvidedByUsedInFinancingActivities,USD,2023-05-05,10-Q,2022-03-31,-7112000,NetCashProvidedByUsedInInvestingActivities,USD,2023-05-05,10-Q,2022-03-31,90837000,NetCashProvidedByUsedInOperatingActivities,USD,2023-05-05,10-Q,2022-03-31,through_ocf,True,,,0.19381,0.101178,3.889987,-0.071826,-0.007922
2023Q3,2023-07-27,MTH,833079,MERITAGE HOMES CORPORATION,$2B-$10B,,2361380000,RevenueFromContractWithCustomerExcludingAssessedTax,USD,2022-07-29,10-Q,2021-06-30,217254000,NetIncomeLoss,USD,2023-04-28,10-Q,2022-03-31,5772101000,Assets,USD,2023-04-28,10-Q,2022-12-31,-103883000,NetCashProvidedByUsedInFinancingActivities,USD,2023-04-28,10-Q,2022-03-31,-6245000,NetCashProvidedByUsedInInvestingActivities,USD,2023-04-28,10-Q,2022-03-31,12188000,NetCashProvidedByUsedInOperatingActivities,USD,2023-04-28,10-Q,2022-03-31,through_ocf,True,,,0.092003,0.005161,2.444376,-0.043992,-0.002645
2023Q3,2023-08-02,MTRN,1104657,MATERION CORPORATION,$500M-$1B,,894340000,RevenueFromContractWithCustomerExcludingAssessedTax,USD,2023-08-02,10-Q,2022-07-01,37274000,NetIncomeLoss,USD,2023-08-02,10-Q,2022-07-01,1691979000,Assets,USD,2023-08-02,10-Q,2022-12-31,38418000,NetCashProvidedByUsedInFinancingActivities,USD,2023-08-02,10-Q,2022-07-01,-40596000,NetCashProvidedByUsedInInvestingActivities,USD,2023-08-02,10-Q,2022-07-01,21415000,NetCashProvidedByUsedInOperatingActivities,USD,2023-08-02,10-Q,2022-07-01,through_ocf,True,,,0.041678,0.023945,1.891874,0.042957,-0.045392
2023Q3,2023-09-11,MTRX,866273,MATRIX SERVICE CO,$500M-$1B,,507061000,Revenues,USD,2023-05-09,10-Q,2022-03-31,-77356000,ProfitLoss,USD,2023-05-09,10-Q,2022-03-31,440793000,Assets,USD,2023-05-09,10-Q,2022-06-30,-1850000,NetCashProvidedByUsedInFinancingActivities,USD,2023-05-09,10-Q,2022-03-31,-85000,NetCashProvidedByUsedInInvestingActivities,USD,2023-05-09,10-Q,2022-03-31,-22517000,NetCashProvidedByUsedInOperatingActivities,USD,2023-05-09,10-Q,2022-03-31,through_ocf,True,,,-0.152558,-0.044407,0.86931,-0.003648,-0.000168
2023Q3,2023-08-03,MTSI,1493594,"MACOM Technology Solutions Holdings, Inc.",$100M-$500M,,497027000,Revenues,USD,2023-08-03,10-Q,2022-07-01,200619000,NetIncomeLoss,USD,2023-08-03,10-Q,2022-07-01,1571817000,Assets,USD,2023-08-03,10-Q,2022-09-30,-28609000,NetCashProvidedByUsedInFinancingActivities,USD,2023-08-03,10-Q,2022-07-01,-111809000,NetCashProvidedByUsedInInvestingActivities,USD,2023-08-03,10-Q,2022-07-01,116989000,NetCashProvidedByUsedInOperatingActivities,USD,2023-08-03,10-Q,2022-07-01,through_ocf,True,,,0.403638,0.235378,3.162438,-0.05756,-0.224956
2023Q3,2023-08-03,MTUS,1598428,METALLUS INC.,$500M-$1B,,767700000,RevenueFromContractWithCustomerExcludingAssessedTax,USD,2023-08-03,10-Q,2022-06-30,37100000,NetIncomeLoss,USD,2023-08-03,10-Q,2022-03-31,1082000000,Assets,USD,2023-08-03,10-Q,2022-12-31,-74200000,NetCashProvidedByUsedInFinancingActivities,USD,2023-08-03,10-Q,2022-06-30,-9900000,NetCashProvidedByUsedInInvestingActivities,USD,2023-08-03,10-Q,2022-06-30,64000000,NetCashProvidedByUsedInOperatingActivities,USD,2023-08-03,10-Q,2022-06-30,through_ocf,True,,,0.048326,0.083366,1.409405,-0.096652,-0.012896
2023Q3,2023-08-07,MTW,61986,"The Manitowoc Company, Inc.",$100M-$500M,,459000000,RevenueFromContractWithCustomerExcludingAssessedTax,USD,2023-05-03,10-Q,2022-03-31,3100000,NetIncomeLoss,USD,2023-05-03,10-Q,2022-03-31,1615500000,Assets,USD,2023-05-03,10-Q,2022-12-31,-20700000,NetCashProvidedByUsedInFinancingActivities,USD,2023-05-03,10-Q,2022-03-31,-8700000,NetCashProvidedByUsedInInvestingActivities,USD,2023-05-03,10-Q,2022-03-31,5600000,NetCashProvidedByUsedInOperatingActivities,USD,2023-05-03,10-Q,2022-03-31,through_ocf,True,,,0.006754,0.0122,3.519608,-0.045098,-0.018954
2023Q3,2023-07-27,MTX,891014,MINERALS TECHNOLOGIES INC.,$500M-$1B,,519100000,RevenueFromContractWithCustomerExcludingAssessedTax,USD,2023-04-28,10-Q,2022-04-03,44100000,NetIncomeLoss,USD,2023-04-28,10-Q,2022-04-03,3401600000,Assets,USD,2023-04-28,10-Q,2022-12-31,8900000,NetCashProvidedByUsedInFinancingActivities,USD,2023-04-28,10-Q,2022-04-03,-17100000,NetCashProvidedByUsedInInvestingActivities,USD,2023-04-28,10-Q,2022-04-03,300000,NetCashProvidedByUsedInOperatingActivities,USD,2023-04-28,10-Q,2022-04-03,through_ocf,True,,,0.084955,0.000578,6.55288,0.017145,-0.032942
2023Q3,2023-08-03,MUR,717423,MURPHY OIL CORPORATION,$1B-$2B,,1654018000,Revenues,USD,2023-08-03,10-Q,2022-06-30,237221000,NetIncomeLoss,USD,2023-08-03,10-Q,2022-06-30,10308952000,Assets,USD,2023-08-03,10-Q,2022-12-31,-447542000,NetCashProvidedByUsedInFinancingActivities,USD,2023-08-03,10-Q,2022-06-30,-599269000,NetCashProvidedByUsedInInvestingActivities,USD,2023-08-03,10-Q,2022-06-30,686282000,NetCashProvidedByUsedInOperatingActivities,USD,2022-08-04,10-Q,2021-06-30,through_ocf,True,,,0.143421,0.414918,6.232672,-0.270579,-0.362311
2023Q3,2023-08-03,MWA,1350593,"MUELLER WATER PRODUCTS, INC.",$500M-$1B,,582800000,Revenues,USD,2023-05-09,10-Q,2022-03-31,19400000,NetIncomeLoss,USD,2023-05-09,10-Q,2021-12-31,1498100000,Assets,USD,2023-05-09,10-Q,2022-09-30,-39100000,NetCashProvidedByUsedInFinancingActivities,USD,2023-05-09,10-Q,2022-03-31,-25800000,NetCashProvidedByUsedInInvestingActivities,USD,2023-05-09,10-Q,2022-03-31,800000,NetCashProvidedByUsedInOperatingActivities,USD,2023-05-09,10-Q,2022-03-31,through_ocf,True,,,0.033288,0.001373,2.570522,-0.06709,-0.044269
2023Q3,2023-07-26,MXL,1288469,"MaxLinear, Inc.",$100M-$500M,,263927000,RevenueFromContractWithCustomerExcludingAssessedTax,USD,2023-04-26,10-Q,2022-03-31,33586000,NetIncomeLoss,USD,2023-04-26,10-Q,2022-03-31,1180025000,Assets,USD,2023-04-26,10-Q,2022-12-31,-70659000,NetCashProvidedByUsedInFinancingActivities,USD,2023-04-26,10-Q,2022-03-31,-42762000,NetCashProvidedByUsedInInvestingActivities,USD,2023-04-26,10-Q,2022-03-31,134166000,NetCashProvidedByUsedInOperatingActivities,USD,2023-04-26,10-Q,2022-03-31,through_ocf,True,,,0.127255,0.508345,4.471028,-0.267722,-0.162022
2023Q3,2023-08-03,MYE,69488,"MYERS INDUSTRIES, INC.",$100M-$500M,,458642000,RevenueFromContractWithCustomerExcludingAssessedTax,USD,2023-08-03,10-Q,2022-06-30,33168000,NetIncomeLoss,USD,2023-08-03,10-Q,2022-06-30,542634000,Assets,USD,2023-08-03,10-Q,2022-12-31,4308000,NetCashProvidedByUsedInFinancingActivities,USD,2023-08-03,10-Q,2022-06-30,-33697000,NetCashProvidedByUsedInInvestingActivities,USD,2023-08-03,10-Q,2022-06-30,34299000,NetCashProvidedByUsedInOperatingActivities,USD,2023-08-03,10-Q,2022-06-30,through_ocf,True,,,0.072318,0.074784,1.183132,0.009393,-0.073471
2023Q3,2023-08-03,MYGN,899923,"MYRIAD GENETICS, INC.",$100M-$500M,,164900000,RevenueFromContractWithCustomerExcludingAssessedTax,USD,2023-05-04,10-Q,2022-03-31,-20500000,NetIncomeLoss,USD,2023-05-04,10-Q,2022-03-31,1198700000,Assets,USD,2023-05-04,10-Q,2022-12-31,-4800000,NetCashProvidedByUsedInFinancingActivities,USD,2023-05-04,10-Q,2022-03-31,-41300000,NetCashProvidedByUsedInInvestingActivities,USD,2023-05-04,10-Q,2022-03-31,-46500000,NetCashProvidedByUsedInOperatingActivities,USD,2023-05-04,10-Q,2022-03-31,through_ocf,True,,,-0.124318,-0.281989,7.269254,-0.029109,-0.250455
2023Q3,2023-08-23,MZTI,57515,MARZETTI CO,$1B-$2B,,1467067000,RevenueFromContractWithCustomerExcludingAssessedTax,USD,2023-08-23,10-K,2021-06-30,142332000,NetIncomeLoss,USD,2023-08-23,10-K,2021-06-30,1101285000,Assets,USD,2023-08-23,10-K,2021-06-30,-95430000,NetCashProvidedByUsedInFinancingActivities,USD,2023-08-23,10-K,2021-06-30,-88977000,NetCashProvidedByUsedInInvestingActivities,USD,2023-08-23,10-K,2021-06-30,174189000,NetCashProvidedByUsedInOperatingActivities,USD,2023-08-23,10-K,2021-06-30,through_ocf,True,,,0.097018,0.118733,0.750671,-0.065048,-0.06065
2023Q3,2023-08-10,NATR,275053,"NATURE’S SUNSHINE PRODUCTS, INC.",$100M-$500M,,214655000,RevenueFromContractWithCustomerExcludingAssessedTax,USD,2023-08-09,10-Q,2022-06-30,-2434000,NetIncomeLoss,USD,2023-08-09,10-Q,2022-06-30,229778000,Assets,USD,2023-08-09,10-Q,2022-12-31,-14018000,NetCashProvidedByUsedInFinancingActivities,USD,2023-08-09,10-Q,2022-06-30,-3757000,NetCashProvidedByUsedInInvestingActivities,USD,2023-08-09,10-Q,2022-06-30,-9343000,NetCashProvidedByUsedInOperatingActivities,USD,2023-08-09,10-Q,2022-06-30,through_ocf,True,,,-0.011339,-0.043526,1.070453,-0.065305,-0.017503
2023Q3,2023-08-01,NBIX,914475,"NEUROCRINE BIOSCIENCES, INC.",$500M-$1B,,688800000,RevenueFromContractWithCustomerExcludingAssessedTax,USD,2023-08-01,10-Q,2022-06-30,-3000000,NetIncomeLoss,USD,2023-08-01,10-Q,2022-06-30,2368700000,Assets,USD,2023-08-01,10-Q,2022-12-31,-270300000,NetCashProvidedByUsedInFinancingActivities,USD,2023-08-01,10-Q,2022-06-30,-200000,NetCashProvidedByUsedInInvestingActivities,USD,2023-08-01,10-Q,2022-06-30,97600000,NetCashProvidedByUsedInOperatingActivities,USD,2023-08-01,10-Q,2022-06-30,through_ocf,True,,,-0.004355,0.141696,3.438879,-0.392422,-0.00029
2023Q3,2023-07-25,NBR,1163739,NABORS INDUSTRIES LTD.,$500M-$1B,,568539000,RevenueFromContractWithCustomerExcludingAssessedTax,USD,2023-04-27,10-Q,2022-03-31,-184496000,NetIncomeLoss,USD,2023-04-27,10-Q,2022-03-31,4729854000,Assets,USD,2023-04-27,10-Q,2022-12-31,-555256000,NetCashProvidedByUsedInFinancingActivities,USD,2023-04-27,10-Q,2022-03-31,-82107000,NetCashProvidedByUsedInInvestingActivities,USD,2023-04-27,10-Q,2022-03-31,41354000,NetCashProvidedByUsedInOperatingActivities,USD,2023-04-27,10-Q,2022-03-31,through_ocf,True,,,-0.324509,0.072737,8.319313,-0.976637,-0.144418
2023Q3,2023-07-31,NBTB,790359,NBT Bancorp Inc.,$100M-$500M,,140921000,RevenueFromContractWithCustomerExcludingAssessedTax,USD,2023-03-01,10-K,2020-12-31,39126000,NetIncomeLoss,USD,2023-05-10,10-Q,2022-03-31,11739296000,Assets,USD,2023-05-10,10-Q,2022-12-31,172912000,NetCashProvidedByUsedInFinancingActivities,USD,2023-05-10,10-Q,2022-03-31,-383207000,NetCashProvidedByUsedInInvestingActivities,USD,2023-05-10,10-Q,2022-03-31,35404000,NetCashProvidedByUsedInOperatingActivities,USD,2023-05-10,10-Q,2022-03-31,through_ocf,True,,,0.277645,0.251233,83.304092,1.227014,-2.719304
2023Q3,2023-08-01,NCLH,1513761,NORWEGIAN CRUISE LINE HOLDINGS LTD.,$1B-$2B,,1150781000,Revenues,USD,2018-05-07,10-Q,2017-03-31,-982714000,NetIncomeLoss,USD,2023-05-05,10-Q,2022-03-31,18557694000,Assets,USD,2023-05-05,10-Q,2022-12-31,921548000,NetCashProvidedByUsedInFinancingActivities,USD,2023-05-05,10-Q,2022-03-31,79656000,NetCashProvidedByUsedInInvestingActivities,USD,2023-05-05,10-Q,2022-03-31,-371011000,NetCashProvidedByUsedInOperatingActivities,USD,2023-05-05,10-Q,2022-03-31,through_ocf,True,,,-0.853954,-0.322399,16.126173,0.800802,0.069219
2023Q3,2023-08-29,NCNO,0001902733,"nCino, Inc.",$100M-$500M,,193838000,RevenueFromContractWithCustomerExcludingAssessedTax,USD,2023-08-29,10-Q,2022-07-31,-57933000,NetIncomeLoss,USD,2023-08-29,10-Q,2022-07-31,1327269000,Assets,USD,2023-08-29,10-Q,2023-01-31,3610000,NetCashProvidedByUsedInFinancingActivities,USD,2023-08-29,10-Q,2022-07-31,-9303000,NetCashProvidedByUsedInInvestingActivities,USD,2023-08-29,10-Q,2022-07-31,10719000,NetCashProvidedByUsedInOperatingActivities,USD,2023-08-29,10-Q,2022-07-31,through_ocf,True,,,-0.298873,0.055299,6.847311,0.018624,-0.047994
2023Q3,2023-07-19,NDAQ,1120193,"Nasdaq, Inc.",$1B-$2B,,1535000000,RevenueFromContractWithCustomerExcludingAssessedTax,USD,2023-05-04,10-Q,2022-03-31,284000000,NetIncomeLoss,USD,2023-05-04,10-Q,2022-03-31,20868000000,Assets,USD,2023-05-04,10-Q,2022-12-31,368000000,NetCashProvidedByUsedInFinancingActivities,USD,2023-05-04,10-Q,2022-03-31,-390000000,NetCashProvidedByUsedInInvestingActivities,USD,2023-05-04,10-Q,2022-03-31,605000000,NetCashProvidedByUsedInOperatingActivities,USD,2023-05-04,10-Q,2022-03-31,through_ocf,True,,,0.185016,0.394137,13.594788,0.239739,-0.254072
2023Q3,2023-08-09,NDLS,1275158,NOODLES & COMPANY,$100M-$500M,,112562000,RevenueFromContractWithCustomerExcludingAssessedTax,USD,2023-05-11,10-Q,2022-03-29,-6429000,NetIncomeLoss,USD,2023-05-11,10-Q,2022-03-29,343843000,Assets,USD,2023-05-11,10-Q,2023-01-03,12241000,NetCashProvidedByUsedInFinancingActivities,USD,2023-05-11,10-Q,2022-03-29,-6835000,NetCashProvidedByUsedInInvestingActivities,USD,2023-05-11,10-Q,2022-03-29,-6060000,NetCashProvidedByUsedInOperatingActivities,USD,2023-05-11,10-Q,2022-03-29,through_ocf,True,,,-0.057115,-0.053837,3.054699,0.108749,-0.060722
2023Q3,2023-08-21,NDSN,72331,NORDSON CORPORATION,$1B-$2B,,1244569000,RevenueFromContractWithCustomerExcludingAssessedTax,USD,2023-05-25,10-Q,2022-04-30,120409000,NetIncomeLoss,USD,2023-05-25,10-Q,2022-01-31,3820375000,Assets,USD,2023-05-25,10-Q,2022-10-31,-192935000,NetCashProvidedByUsedInFinancingActivities,USD,2023-05-25,10-Q,2022-04-30,-196374000,NetCashProvidedByUsedInInvestingActivities,USD,2023-05-25,10-Q,2022-04-30,214501000,NetCashProvidedByUsedInOperatingActivities,USD,2023-05-25,10-Q,2022-04-30,through_ocf,True,,,0.096748,0.17235,3.069637,-0.155022,-0.157785
2023Q3,2023-08-02,NE,0001895262,Noble Corporation plc,$100M-$500M,,210230000,RevenueFromContractWithCustomerExcludingAssessedTax,USD,2023-05-04,10-Q,2022-03-31,-36656000,NetIncomeLoss,USD,2023-05-04,10-Q,2022-03-31,5234864000,Assets,USD,2023-05-04,10-Q,2022-12-31,-4808000,NetCashProvidedByUsedInFinancingActivities,USD,2023-05-04,10-Q,2022-03-31,-32798000,NetCashProvidedByUsedInInvestingActivities,USD,2023-05-04,10-Q,2022-03-31,-51813000,NetCashProvidedByUsedInOperatingActivities,USD,2023-05-04,10-Q,2022-03-31,through_ocf,True,,,-0.174361,-0.246459,24.900652,-0.02287,-0.15601
2023Q3,2023-07-20,NEM,1164727,NEWMONT CORPORATION,$2B-$10B,,6081000000,RevenueFromContractWithCustomerExcludingAssessedTax,USD,2023-07-20,10-Q,2022-06-30,835000000,NetIncomeLoss,USD,2023-07-20,10-Q,2022-06-30,38482000000,Assets,USD,2023-07-20,10-Q,2022-12-31,-1417000000,NetCashProvidedByUsedInFinancingActivities,USD,2023-07-20,10-Q,2022-06-30,-1034000000,NetCashProvidedByUsedInInvestingActivities,USD,2023-07-20,10-Q,2022-06-30,1737000000,NetCashProvidedByUsedInOperatingActivities,USD,2023-07-20,10-Q,2022-06-30,through_ocf,True,,,0.137313,0.285644,6.328235,-0.233021,-0.170038
2023Q3,2023-08-08,NEO,1077183,"NEOGENOMICS, INC.",$100M-$500M,,119693000,Revenues,USD,2018-08-06,10-Q,2017-06-30,-49408000,NetIncomeLoss,USD,2023-08-08,10-Q,2022-03-31,1740034000,Assets,USD,2023-08-08,10-Q,2022-12-31,7068000,NetCashProvidedByUsedInFinancingActivities,USD,2023-08-08,10-Q,2022-06-30,5778000,NetCashProvidedByUsedInInvestingActivities,USD,2023-08-08,10-Q,2022-06-30,-46036000,NetCashProvidedByUsedInOperatingActivities,USD,2023-08-08,10-Q,2022-06-30,through_ocf,True,,,-0.412789,-0.384617,14.537475,0.059051,0.048273
2023Q3,2023-07-27,NEOG,711377,Neogen Corporation,$100M-$500M,,387066000,RevenueFromContractWithCustomerExcludingAssessedTax,USD,2023-04-04,10-Q,2022-02-28,33348000,NetIncomeLoss,USD,2023-04-04,10-Q,2022-02-28,981205000,Assets,USD,2023-04-04,10-Q,2022-02-28,7842000,NetCashProvidedByUsedInFinancingActivities,USD,2023-04-04,10-Q,2022-02-28,-80130000,NetCashProvidedByUsedInInvestingActivities,USD,2023-04-04,10-Q,2022-02-28,47648000,NetCashProvidedByUsedInOperatingActivities,USD,2023-04-04,10-Q,2022-02-28,through_ocf,True,,,0.086156,0.1231,2.534981,0.02026,-0.207019
2023Q3,2023-08-03,NET,1477333,"Cloudflare, Inc.",$100M-$500M,,446684000,RevenueFromContractWithCustomerExcludingAssessedTax,USD,2023-08-03,10-Q,2022-06-30,-104918000,NetIncomeLoss,USD,2023-08-03,10-Q,2022-06-30,2587908000,Assets,USD,2023-08-03,10-Q,2022-12-31,-3111000,NetCashProvidedByUsedInFinancingActivities,USD,2023-08-03,10-Q,2022-06-30,-166853000,NetCashProvidedByUsedInInvestingActivities,USD,2023-08-03,10-Q,2022-06-30,2784000,NetCashProvidedByUsedInOperatingActivities,USD,2023-08-03,10-Q,2022-06-30,through_ocf,True,,,-0.234882,0.006233,5.793599,-0.006965,-0.373537
2023Q3,2023-07-06,NEWT,1587987,"NEWTEKONE, INC.",$100M-$500M,,105929000,Revenues,USD,2014-11-14,10-Q,2013-09-30,9652000,NetIncomeLoss,USD,2023-05-11,10-Q,2022-03-31,998902000,Assets,USD,2023-05-11,10-Q,2022-12-31,-29884000,NetCashProvidedByUsedInFinancingActivities,USD,2023-05-11,10-Q,2022-03-31,0,NetCashProvidedByUsedInInvestingActivities,USD,2023-05-11,10-Q,2022-03-31,6478000,NetCashProvidedByUsedInOperatingActivities,USD,2023-05-11,10-Q,2022-03-31,through_ocf,True,,,0.091118,0.061154,9.42992,-0.282113,0.0
2023Q3,2023-07-06,NEWTG,1587987,"NEWTEKONE, INC.",$100M-$500M,,105929000,Revenues,USD,2014-11-14,10-Q,2013-09-30,9652000,NetIncomeLoss,USD,2023-05-11,10-Q,2022-03-31,998902000,Assets,USD,2023-05-11,10-Q,2022-12-31,-29884000,NetCashProvidedByUsedInFinancingActivities,USD,2023-05-11,10-Q,2022-03-31,0,NetCashProvidedByUsedInInvestingActivities,USD,2023-05-11,10-Q,2022-03-31,6478000,NetCashProvidedByUsedInOperatingActivities,USD,2023-05-11,10-Q,2022-03-31,through_ocf,True,,,0.091118,0.061154,9.42992,-0.282113,0.0
2023Q3,2023-08-08,NFE,1749723,New Fortress Energy Inc.,$1B-$2B,,1089973000,Revenues,USD,2023-08-08,10-Q,2022-06-30,68504000,NetIncomeLoss,USD,2023-08-08,10-Q,2022-06-30,7251376000,Assets,USD,2023-08-08,10-Q,2022-06-30,226654000,NetCashProvidedByUsedInFinancingActivities,USD,2023-08-08,10-Q,2022-06-30,-441708000,NetCashProvidedByUsedInInvestingActivities,USD,2023-08-08,10-Q,2022-06-30,170933000,NetCashProvidedByUsedInOperatingActivities,USD,2023-08-08,10-Q,2022-06-30,through_ocf,True,,,0.062849,0.156823,6.652803,0.207945,-0.405247
2023Q3,2023-07-19,NFLX,1065280,"Netflix, Inc.",$2B-$10B,,7867767000,Revenues,USD,2023-04-21,10-Q,2022-03-31,1597447000,NetIncomeLoss,USD,2023-04-21,10-Q,2022-03-31,48594768000,Assets,USD,2023-04-21,10-Q,2022-12-31,-686322000,NetCashProvidedByUsedInFinancingActivities,USD,2023-04-21,10-Q,2022-03-31,-245679000,NetCashProvidedByUsedInInvestingActivities,USD,2023-04-21,10-Q,2022-03-31,922839000,NetCashProvidedByUsedInOperatingActivities,USD,2023-04-21,10-Q,2022-03-31,through_ocf,True,,,0.203037,0.117294,6.176437,-0.087232,-0.031226
2023Q3,2023-08-02,NGVT,1653477,INGEVITY CORPORATION,$100M-$500M,,382800000,RevenueFromContractWithCustomerExcludingAssessedTax,USD,2023-05-04,10-Q,2022-03-31,60800000,NetIncomeLoss,USD,2023-05-04,10-Q,2022-03-31,2736500000,Assets,USD,2023-05-04,10-Q,2022-12-31,-46300000,NetCashProvidedByUsedInFinancingActivities,USD,2023-05-04,10-Q,2022-03-31,-30200000,NetCashProvidedByUsedInInvestingActivities,USD,2023-05-04,10-Q,2022-03-31,24300000,NetCashProvidedByUsedInOperatingActivities,USD,2023-05-04,10-Q,2022-03-31,through_ocf,True,,,0.15883,0.06348,7.148642,-0.120951,-0.078892
2023Q3,2023-08-02,NI,1111711,NiSource Inc.,$2B-$10B,,3056500000,Revenues,USD,2023-08-02,10-Q,2022-06-30,493800000,NetIncomeLoss,USD,2023-08-02,10-Q,2022-06-30,26736600000,Assets,USD,2023-08-02,10-Q,2022-12-31,48500000,NetCashProvidedByUsedInFinancingActivities,USD,2023-08-02,10-Q,2022-06-30,-951100000,NetCashProvidedByUsedInInvestingActivities,USD,2023-08-02,10-Q,2022-06-30,907200000,NetCashProvidedByUsedInOperatingActivities,USD,2023-08-02,10-Q,2022-06-30,through_ocf,True,,,0.161557,0.29681,8.747456,0.015868,-0.311173
2023Q3,2023-08-03,NJR,356309,NEW JERSEY RESOURCES CORPORATION,$500M-$1B,,716733000,RevenueFromContractWithCustomerExcludingAssessedTax,USD,2023-05-04,10-Q,2022-03-31,111312000,NetIncomeLoss,USD,2023-05-04,10-Q,2021-12-31,6261416000,Assets,USD,2023-05-04,10-Q,2022-09-30,-24463000,NetCashProvidedByUsedInFinancingActivities,USD,2023-05-04,10-Q,2022-03-31,-296832000,NetCashProvidedByUsedInInvestingActivities,USD,2023-05-04,10-Q,2022-03-31,330452000,NetCashProvidedByUsedInOperatingActivities,USD,2023-05-04,10-Q,2022-03-31,through_ocf,True,,,0.155305,0.461053,8.736051,-0.034131,-0.414146
2023Q3,2023-08-01,NMIH,1547903,"NMI Holdings, Inc.",$100M-$500M,,127441000,Revenues,USD,2023-05-03,10-Q,2022-03-31,67680000,NetIncomeLoss,USD,2023-05-03,10-Q,2022-03-31,2516030000,Assets,USD,2023-05-03,10-Q,2022-12-31,-4680000,NetCashProvidedByUsedInFinancingActivities,USD,2023-05-03,10-Q,2022-03-31,-21370000,NetCashProvidedByUsedInInvestingActivities,USD,2023-05-03,10-Q,2022-03-31,80310000,NetCashProvidedByUsedInOperatingActivities,USD,2023-05-03,10-Q,2022-03-31,through_ocf,True,,,0.531069,0.630174,19.742704,-0.036723,-0.167685
2023Q3,2023-07-28,NMRK,1690680,"NEWMARK GROUP, INC.",$500M-$1B,,678247000,Revenues,USD,2023-05-09,10-Q,2022-03-31,362000,NetIncomeLoss,USD,2023-05-09,10-Q,2022-03-31,3940759000,Assets,USD,2023-05-09,10-Q,2022-12-31,-677492000,NetCashProvidedByUsedInFinancingActivities,USD,2023-05-09,10-Q,2022-03-31,426796000,NetCashProvidedByUsedInInvestingActivities,USD,2023-05-09,10-Q,2022-03-31,502155000,NetCashProvidedByUsedInOperatingActivities,USD,2023-05-09,10-Q,2022-03-31,through_ocf,True,,,0.000534,0.740372,5.810212,-0.998887,0.629263
2023Q3,2023-08-03,NNBR,918541,"NN, Inc.",$100M-$500M,,128067000,RevenueFromContractWithCustomerExcludingAssessedTax,USD,2023-05-05,10-Q,2022-03-31,-3302000,NetIncomeLoss,USD,2023-05-05,10-Q,2022-03-31,546127000,Assets,USD,2023-05-05,10-Q,2022-12-31,-1516000,NetCashProvidedByUsedInFinancingActivities,USD,2023-05-05,10-Q,2022-03-31,-4226000,NetCashProvidedByUsedInInvestingActivities,USD,2023-05-05,10-Q,2022-03-31,-5223000,NetCashProvidedByUsedInOperatingActivities,USD,2023-05-05,10-Q,2022-03-31,through_ocf,True,,,-0.025783,-0.040783,4.264385,-0.011838,-0.032998
2023Q3,2023-07-27,NOC,1133421,NORTHROP GRUMMAN CORP /DE/,>$10B,,17598000000,Revenues,USD,2023-07-27,10-Q,2022-06-30,1901000000,NetIncomeLoss,USD,2023-07-27,10-Q,2022-06-30,43755000000,Assets,USD,2023-07-27,10-Q,2022-12-31,-1208000000,NetCashProvidedByUsedInFinancingActivities,USD,2023-07-27,10-Q,2022-06-30,-468000000,NetCashProvidedByUsedInInvestingActivities,USD,2023-07-27,10-Q,2022-06-30,-685000000,NetCashProvidedByUsedInOperatingActivities,USD,2023-07-27,10-Q,2022-06-30,through_ocf,True,,,0.108024,-0.038925,2.486362,-0.068644,-0.026594
2023Q3,2023-07-25,NOG,1104485,"NORTHERN OIL AND GAS, INC.",<$100M,,-32930000,Revenues,USD,2023-05-05,10-Q,2022-03-31,-206560000,NetIncomeLoss,USD,2023-05-05,10-Q,2022-03-31,2875178000,Assets,USD,2023-05-05,10-Q,2022-12-31,257380000,NetCashProvidedByUsedInFinancingActivities,USD,2023-05-05,10-Q,2022-03-31,-417599000,NetCashProvidedByUsedInInvestingActivities,USD,2023-05-05,10-Q,2022-03-31,154034000,NetCashProvidedByUsedInOperatingActivities,USD,2023-05-05,10-Q,2022-03-31,through_ocf,True,,,6.2727,-4.677619,-87.311813,-7.815973,12.681415
2023Q3,2023-08-08,NOVT,1076930,NOVANTA INC.,$100M-$500M,,419572000,RevenueFromContractWithCustomerExcludingAssessedTax,USD,2023-08-08,10-Q,2022-07-01,36299000,NetIncomeLoss,USD,2023-08-08,10-Q,2022-07-01,1241212000,Assets,USD,2023-08-08,10-Q,2022-12-31,-35473000,NetCashProvidedByUsedInFinancingActivities,USD,2023-08-08,10-Q,2022-07-01,-12616000,NetCashProvidedByUsedInInvestingActivities,USD,2023-08-08,10-Q,2022-07-01,35408000,NetCashProvidedByUsedInOperatingActivities,USD,2023-08-08,10-Q,2022-07-01,through_ocf,True,,,0.086514,0.084391,2.958281,-0.084546,-0.030069
2023Q3,2023-07-26,NOW,1373715,"SERVICENOW, INC.",$1B-$2B,,1722000000,RevenueFromContractWithCustomerExcludingAssessedTax,USD,2023-04-27,10-Q,2022-03-31,75000000,NetIncomeLoss,USD,2023-04-27,10-Q,2022-03-31,13299000000,Assets,USD,2023-04-27,10-Q,2022-12-31,-51000000,NetCashProvidedByUsedInFinancingActivities,USD,2023-04-27,10-Q,2022-03-31,-280000000,NetCashProvidedByUsedInInvestingActivities,USD,2023-04-27,10-Q,2022-03-31,863000000,NetCashProvidedByUsedInOperatingActivities,USD,2023-04-27,10-Q,2022-03-31,through_ocf,True,,,0.043554,0.501161,7.722997,-0.029617,-0.162602
2023Q3,2023-08-01,NPKI,71829,NPK International Inc.,$100M-$500M,,176438000,RevenueFromContractWithCustomerExcludingAssessedTax,USD,2023-05-03,10-Q,2022-03-31,2521000,NetIncomeLoss,USD,2023-05-03,10-Q,2022-03-31,714875000,Assets,USD,2023-05-03,10-Q,2022-12-31,1271000,NetCashProvidedByUsedInFinancingActivities,USD,2023-05-03,10-Q,2022-03-31,-7046000,NetCashProvidedByUsedInInvestingActivities,USD,2023-05-03,10-Q,2022-03-31,2790000,NetCashProvidedByUsedInOperatingActivities,USD,2023-05-03,10-Q,2022-03-31,through_ocf,True,,,0.014288,0.015813,4.051707,0.007204,-0.039935
2023Q3,2023-08-08,NPO,1164863,ENPRO INC.,$1B-$2B,,1150600000,Revenues,USD,2019-11-05,10-Q,2018-09-30,16800000,NetIncomeLoss,USD,2023-05-02,10-Q,2022-03-31,2647800000,Assets,USD,2023-05-02,10-Q,2022-12-31,-60400000,NetCashProvidedByUsedInFinancingActivities,USD,2023-05-02,10-Q,2022-03-31,-12000000,NetCashProvidedByUsedInInvestingActivities,USD,2022-08-02,10-Q,2021-06-30,58500000,NetCashProvidedByUsedInOperatingActivities,USD,2022-08-02,10-Q,2021-06-30,through_ocf,True,,,0.014601,0.050843,2.301234,-0.052494,-0.010429
2023Q3,2023-08-02,NRDS,0001625278,"NerdWallet, Inc.",$100M-$500M,,254300000,RevenueFromContractWithCustomerExcludingAssessedTax,USD,2023-08-02,10-Q,2022-06-30,-10500000,NetIncomeLoss,USD,2023-08-02,10-Q,2022-03-31,425700000,Assets,USD,2023-08-02,10-Q,2022-12-31,-11500000,NetCashProvidedByUsedInFinancingActivities,USD,2023-08-02,10-Q,2022-06-30,-15900000,NetCashProvidedByUsedInInvestingActivities,USD,2023-08-02,10-Q,2022-06-30,-14400000,NetCashProvidedByUsedInOperatingActivities,USD,2023-08-02,10-Q,2022-06-30,through_ocf,True,,,-0.04129,-0.056626,1.674007,-0.045222,-0.062525
2023Q3,2023-08-08,NRG,1013871,"NRG ENERGY, INC.",>$10B,,15178000000,Revenues,USD,2023-08-08,10-Q,2022-06-30,2249000000,NetIncomeLoss,USD,2023-08-08,10-Q,2022-06-30,29146000000,Assets,USD,2023-08-08,10-Q,2022-12-31,414000000,NetCashProvidedByUsedInFinancingActivities,USD,2023-08-08,10-Q,2022-06-30,-119000000,NetCashProvidedByUsedInInvestingActivities,USD,2023-08-08,10-Q,2022-06-30,3189000000,NetCashProvidedByUsedInOperatingActivities,USD,2023-08-08,10-Q,2022-06-30,through_ocf,True,,,0.148175,0.210107,1.920279,0.027276,-0.00784
2023Q3,2023-07-27,NSC,702165,NORFOLK SOUTHERN CORPORATION,$2B-$10B,,6165000000,RevenueFromContractWithCustomerExcludingAssessedTax,USD,2023-07-27,10-Q,2022-06-30,703000000,NetIncomeLoss,USD,2023-07-27,10-Q,2022-03-31,38885000000,Assets,USD,2023-07-27,10-Q,2022-12-31,-877000000,NetCashProvidedByUsedInFinancingActivities,USD,2023-07-27,10-Q,2022-06-30,-714000000,NetCashProvidedByUsedInInvestingActivities,USD,2023-07-27,10-Q,2022-06-30,2011000000,NetCashProvidedByUsedInOperatingActivities,USD,2023-07-27,10-Q,2022-06-30,through_ocf,True,,,0.114031,0.326196,6.30738,-0.142255,-0.115815
2023Q3,2023-08-03,NSIT,932696,"INSIGHT ENTERPRISES, INC.",$2B-$10B,,5394227000,RevenueFromContractWithCustomerExcludingAssessedTax,USD,2023-08-03,10-Q,2022-06-30,145815000,NetIncomeLoss,USD,2023-08-03,10-Q,2022-06-30,5112581000,Assets,USD,2023-08-03,10-Q,2022-12-31,598418000,NetCashProvidedByUsedInFinancingActivities,USD,2023-08-03,10-Q,2022-06-30,-114154000,NetCashProvidedByUsedInInvestingActivities,USD,2023-08-03,10-Q,2022-06-30,-441997000,NetCashProvidedByUsedInOperatingActivities,USD,2023-08-03,10-Q,2022-06-30,through_ocf,True,,,0.027032,-0.081939,0.947788,0.110937,-0.021162
2023Q3,2023-08-01,NSP,1000753,"Insperity, Inc.",$2B-$10B,,3009944000,RevenueFromContractWithCustomerExcludingAssessedTax,USD,2023-08-01,10-Q,2022-06-30,103483000,NetIncomeLoss,USD,2023-08-01,10-Q,2022-06-30,2039261000,Assets,USD,2023-08-01,10-Q,2022-12-31,-91632000,NetCashProvidedByUsedInFinancingActivities,USD,2023-08-01,10-Q,2022-06-30,-8646000,NetCashProvidedByUsedInInvestingActivities,USD,2023-08-01,10-Q,2022-06-30,22785000,NetCashProvidedByUsedInOperatingActivities,USD,2023-08-01,10-Q,2022-06-30,through_ocf,True,,,0.03438,0.00757,0.677508,-0.030443,-0.002872
2023Q3,2023-08-18,NSSC,69633,"NAPCO SECURITY TECHNOLOGIES, INC",$100M-$500M,,100364000,Revenues,USD,2023-05-08,10-Q,2022-03-31,7752000,NetIncomeLoss,USD,2023-05-08,10-Q,2021-09-30,148576000,Assets,USD,2023-05-08,10-Q,2022-06-30,155000,NetCashProvidedByUsedInFinancingActivities,USD,2023-05-08,10-Q,2022-03-31,-1247000,NetCashProvidedByUsedInInvestingActivities,USD,2023-05-08,10-Q,2022-03-31,8413000,NetCashProvidedByUsedInOperatingActivities,USD,2023-05-08,10-Q,2022-03-31,through_ocf,True,,,0.077239,0.083825,1.480371,0.001544,-0.012425
2023Q3,2023-08-23,NTAP,1002047,"NetApp, Inc.",$2B-$10B,,5744000000,RevenueFromContractWithCustomerExcludingAssessedTax,USD,2023-06-14,10-K,2021-04-30,730000000,NetIncomeLoss,USD,2023-06-14,10-K,2021-04-30,10026000000,Assets,USD,2023-06-14,10-K,2022-04-29,444000000,NetCashProvidedByUsedInFinancingActivities,USD,2023-06-14,10-K,2021-04-30,21000000,NetCashProvidedByUsedInInvestingActivities,USD,2023-06-14,10-K,2021-04-30,1333000000,NetCashProvidedByUsedInOperatingActivities,USD,2023-06-14,10-K,2021-04-30,through_ocf,True,,,0.127089,0.232068,1.745474,0.077298,0.003656
2023Q3,2023-07-27,NTCT,1078075,"NETSCOUT SYSTEMS, INC.",$500M-$1B,,831282000,RevenueFromContractWithCustomerExcludingAssessedTax,USD,2023-05-16,10-K,2021-03-31,19352000,NetIncomeLoss,USD,2023-05-16,10-K,2021-03-31,3194709000,Assets,USD,2023-05-16,10-K,2022-03-31,-118307000,NetCashProvidedByUsedInFinancingActivities,USD,2023-05-16,10-K,2021-03-31,24698000,NetCashProvidedByUsedInInvestingActivities,USD,2023-05-16,10-K,2021-03-31,213921000,NetCashProvidedByUsedInOperatingActivities,USD,2023-05-16,10-K,2021-03-31,through_ocf,True,,,0.02328,0.257339,3.843111,-0.142319,0.029711
2023Q3,2023-07-26,NTGR,1122904,"NETGEAR, Inc.",$100M-$500M,,210558000,RevenueFromContractWithCustomerExcludingAssessedTax,USD,2023-05-05,10-Q,2022-04-03,-57210000,NetIncomeLoss,USD,2023-05-05,10-Q,2022-04-03,1019785000,Assets,USD,2023-05-05,10-Q,2022-12-31,-7288000,NetCashProvidedByUsedInFinancingActivities,USD,2023-05-05,10-Q,2022-04-03,-50952000,NetCashProvidedByUsedInInvestingActivities,USD,2023-05-05,10-Q,2022-04-03,1294000,NetCashProvidedByUsedInOperatingActivities,USD,2023-05-05,10-Q,2022-04-03,through_ocf,True,,,-0.271707,0.006146,4.84325,-0.034613,-0.241986
2023Q3,2023-08-31,NTNX,1618732,"NUTANIX, INC.",$1B-$2B,,1195256000,RevenueFromContractWithCustomerExcludingAssessedTax,USD,2023-06-02,10-Q,2022-04-30,-420206000,NetIncomeLoss,USD,2023-06-02,10-Q,2021-10-31,2365749000,Assets,USD,2023-06-02,10-Q,2022-07-31,102916000,NetCashProvidedByUsedInFinancingActivities,USD,2023-06-02,10-Q,2022-04-30,-31546000,NetCashProvidedByUsedInInvestingActivities,USD,2023-06-02,10-Q,2022-04-30,29539000,NetCashProvidedByUsedInOperatingActivities,USD,2023-06-02,10-Q,2022-04-30,through_ocf,True,,,-0.351562,0.024714,1.979282,0.086104,-0.026393
2023Q3,2023-08-03,NTRA,1604821,"NATERA, INC.",$100M-$500M,,194133000,RevenueFromContractWithCustomerExcludingAssessedTax,USD,2023-05-10,10-Q,2022-03-31,-138595000,NetIncomeLoss,USD,2023-05-10,10-Q,2022-03-31,1394474000,Assets,USD,2023-05-10,10-Q,2022-12-31,4156000,NetCashProvidedByUsedInFinancingActivities,USD,2023-05-10,10-Q,2022-03-31,207033000,NetCashProvidedByUsedInInvestingActivities,USD,2023-05-10,10-Q,2022-03-31,-137277000,NetCashProvidedByUsedInOperatingActivities,USD,2023-05-10,10-Q,2022-03-31,through_ocf,True,,,-0.713918,-0.707129,7.183086,0.021408,1.066449
2023Q3,2023-07-19,NTRS,73124,NORTHERN TRUST CORPORATION,$1B-$2B,,1168400000,RevenueFromContractWithCustomerExcludingAssessedTax,USD,2023-05-02,10-Q,2022-03-31,389300000,NetIncomeLoss,USD,2023-05-02,10-Q,2022-03-31,155036700000,Assets,USD,2023-05-02,10-Q,2022-12-31,-10316600000,NetCashProvidedByUsedInFinancingActivities,USD,2023-05-02,10-Q,2022-03-31,10325600000,NetCashProvidedByUsedInInvestingActivities,USD,2023-05-02,10-Q,2022-03-31,746900000,NetCashProvidedByUsedInOperatingActivities,USD,2023-05-02,10-Q,2022-03-31,through_ocf,True,,,0.333191,0.63925,132.691458,-8.829682,8.837384
2023Q3,2023-07-24,NUE,73309,NUCOR CORP,>$10B,,10493282000,Revenues,USD,2023-05-10,10-Q,2022-04-02,2095623000,NetIncomeLoss,USD,2023-05-10,10-Q,2022-04-02,32479210000,Assets,USD,2023-05-10,10-Q,2022-12-31,-189309000,NetCashProvidedByUsedInFinancingActivities,USD,2023-05-10,10-Q,2022-04-02,-981681000,NetCashProvidedByUsedInInvestingActivities,USD,2023-05-10,10-Q,2022-04-02,2472168000,NetCashProvidedByUsedInOperatingActivities,USD,2023-05-10,10-Q,2022-04-02,through_ocf,True,,,0.199711,0.235595,3.095238,-0.018041,-0.093553
2023Q3,2023-08-01,NUS,1021561,"NU SKIN ENTERPRISES, INC.",$500M-$1B,,604899000,RevenueFromContractWithCustomerExcludingAssessedTax,USD,2023-05-04,10-Q,2022-03-31,38716000,NetIncomeLoss,USD,2023-05-04,10-Q,2022-03-31,1820970000,Assets,USD,2023-05-04,10-Q,2022-12-31,-33759000,NetCashProvidedByUsedInFinancingActivities,USD,2023-05-04,10-Q,2022-03-31,-10133000,NetCashProvidedByUsedInInvestingActivities,USD,2023-05-04,10-Q,2022-03-31,7541000,NetCashProvidedByUsedInOperatingActivities,USD,2023-05-04,10-Q,2022-03-31,through_ocf,True,,,0.064004,0.012467,3.01037,-0.055809,-0.016752
2023Q3,2023-07-27,NVCR,1645113,NovoCure Limited,$100M-$500M,,278413000,Revenues,USD,2023-07-27,10-Q,2022-06-30,-4647000,NetIncomeLoss,USD,2023-07-27,10-Q,2022-03-31,1191648000,Assets,USD,2023-07-27,10-Q,2022-12-31,7877000,NetCashProvidedByUsedInFinancingActivities,USD,2023-07-27,10-Q,2022-06-30,138347000,NetCashProvidedByUsedInInvestingActivities,USD,2023-07-27,10-Q,2022-06-30,12075000,NetCashProvidedByUsedInOperatingActivities,USD,2023-07-27,10-Q,2022-06-30,through_ocf,True,,,-0.016691,0.043371,4.280145,0.028293,0.496913
2023Q3,2023-08-23,NVDA,1045810,NVIDIA CORP,$2B-$10B,,8288000000,Revenues,USD,2023-05-26,10-Q,2022-05-01,1618000000,NetIncomeLoss,USD,2023-05-26,10-Q,2022-05-01,41182000000,Assets,USD,2023-05-26,10-Q,2023-01-29,-2446000000,NetCashProvidedByUsedInFinancingActivities,USD,2023-05-26,10-Q,2022-05-01,2612000000,NetCashProvidedByUsedInInvestingActivities,USD,2023-05-26,10-Q,2022-05-01,1731000000,NetCashProvidedByUsedInOperatingActivities,USD,2023-05-26,10-Q,2022-05-01,through_ocf,True,,,0.195222,0.208856,4.968871,-0.295125,0.315154
2023Q3,2023-07-25,NVR,906163,"NVR, Inc.",$2B-$10B,,2378409000,Revenues,USD,2023-05-02,10-Q,2022-03-31,426100000,NetIncomeLoss,USD,2023-05-02,10-Q,2022-03-31,5660973000,Assets,USD,2023-05-02,10-Q,2022-12-31,-714903000,NetCashProvidedByUsedInFinancingActivities,USD,2023-05-02,10-Q,2022-03-31,-4318000,NetCashProvidedByUsedInInvestingActivities,USD,2023-05-02,10-Q,2022-03-31,309326000,NetCashProvidedByUsedInOperatingActivities,USD,2023-05-02,10-Q,2022-03-31,through_ocf,True,,,0.179153,0.130056,2.380151,-0.30058,-0.001815
2023Q3,2023-08-02,NVRI,45876,ENVIRI CORPORATION,$500M-$1B,,933849000,Revenues,USD,2023-08-02,10-Q,2022-06-30,-145430000,NetIncomeLoss,USD,2023-08-02,10-Q,2022-06-30,2790854000,Assets,USD,2023-08-02,10-Q,2022-12-31,-54643000,NetCashProvidedByUsedInFinancingActivities,USD,2023-08-02,10-Q,2022-06-30,-43666000,NetCashProvidedByUsedInInvestingActivities,USD,2023-08-02,10-Q,2022-06-30,117739000,NetCashProvidedByUsedInOperatingActivities,USD,2023-08-02,10-Q,2022-06-30,through_ocf,True,,,-0.155732,0.126079,2.98855,-0.058514,-0.046759
2023Q3,2023-07-28,NWL,814453,NEWELL BRANDS INC.,$2B-$10B,,4922000000,RevenueFromContractWithCustomerExcludingAssessedTax,USD,2023-07-28,10-Q,2022-06-30,427000000,NetIncomeLoss,USD,2023-07-28,10-Q,2022-06-30,13262000000,Assets,USD,2023-07-28,10-Q,2022-12-31,-185000000,NetCashProvidedByUsedInFinancingActivities,USD,2023-07-28,10-Q,2022-06-30,499000000,NetCashProvidedByUsedInInvestingActivities,USD,2023-07-28,10-Q,2022-06-30,-450000000,NetCashProvidedByUsedInOperatingActivities,USD,2023-07-28,10-Q,2022-06-30,through_ocf,True,,,0.086753,-0.091426,2.694433,-0.037586,0.101382
2023Q3,2023-08-03,NWN,1733998,NORTHWEST NATURAL HOLDING COMPANY,$500M-$1B,,545261000,Revenues,USD,2023-08-03,10-Q,2022-06-30,57954000,NetIncomeLoss,USD,2023-08-03,10-Q,2022-06-30,4100518000,Assets,USD,2023-08-03,10-Q,2022-06-30,-23962000,NetCashProvidedByUsedInFinancingActivities,USD,2023-08-03,10-Q,2022-06-30,-169687000,NetCashProvidedByUsedInInvestingActivities,USD,2023-08-03,10-Q,2022-06-30,196564000,NetCashProvidedByUsedInOperatingActivities,USD,2023-08-03,10-Q,2022-06-30,through_ocf,True,,,0.106287,0.360495,7.520285,-0.043946,-0.311203
2023Q3,2023-08-10,NWS,1564708,NEWS CORPORATION,$2B-$10B,,7711000000,RevenueFromContractWithCustomerExcludingAssessedTax,USD,2023-05-12,10-Q,2022-03-31,513000000,NetIncomeLoss,USD,2023-05-12,10-Q,2022-03-31,17221000000,Assets,USD,2023-05-12,10-Q,2022-06-30,174000000,NetCashProvidedByUsedInFinancingActivities,USD,2023-05-12,10-Q,2022-03-31,-1554000000,NetCashProvidedByUsedInInvestingActivities,USD,2023-05-12,10-Q,2022-03-31,1030000000,NetCashProvidedByUsedInOperatingActivities,USD,2023-05-12,10-Q,2022-03-31,through_ocf,True,,,0.066528,0.133575,2.233303,0.022565,-0.20153
2023Q3,2023-08-10,NWSA,1564708,NEWS CORPORATION,$2B-$10B,,7711000000,RevenueFromContractWithCustomerExcludingAssessedTax,USD,2023-05-12,10-Q,2022-03-31,513000000,NetIncomeLoss,USD,2023-05-12,10-Q,2022-03-31,17221000000,Assets,USD,2023-05-12,10-Q,2022-06-30,174000000,NetCashProvidedByUsedInFinancingActivities,USD,2023-05-12,10-Q,2022-03-31,-1554000000,NetCashProvidedByUsedInInvestingActivities,USD,2023-05-12,10-Q,2022-03-31,1030000000,NetCashProvidedByUsedInOperatingActivities,USD,2023-05-12,10-Q,2022-03-31,through_ocf,True,,,0.066528,0.133575,2.233303,0.022565,-0.20153
2023Q3,2023-07-25,NXPI,1413447,NXP Semiconductors N.V.,$2B-$10B,,6448000000,RevenueFromContractWithCustomerExcludingAssessedTax,USD,2023-07-25,10-Q,2022-07-03,1327000000,NetIncomeLoss,USD,2023-07-25,10-Q,2022-07-03,23236000000,Assets,USD,2023-07-25,10-Q,2022-12-31,-332000000,NetCashProvidedByUsedInFinancingActivities,USD,2023-07-25,10-Q,2022-07-03,-617000000,NetCashProvidedByUsedInInvestingActivities,USD,2023-07-25,10-Q,2022-07-03,1675000000,NetCashProvidedByUsedInOperatingActivities,USD,2023-07-25,10-Q,2022-07-03,through_ocf,True,,,0.2058,0.25977,3.603598,-0.051489,-0.095689
2023Q3,2023-08-08,NXST,1142417,"NEXSTAR MEDIA GROUP, INC.",$2B-$10B,,2455000000,RevenueFromContractWithCustomerExcludingAssessedTax,USD,2023-08-08,10-Q,2022-06-30,479000000,NetIncomeLoss,USD,2023-08-08,10-Q,2022-06-30,12679000000,Assets,USD,2023-08-08,10-Q,2022-12-31,-709000000,NetCashProvidedByUsedInFinancingActivities,USD,2023-08-08,10-Q,2022-06-30,-15000000,NetCashProvidedByUsedInInvestingActivities,USD,2023-08-08,10-Q,2022-06-30,809000000,NetCashProvidedByUsedInOperatingActivities,USD,2023-08-08,10-Q,2022-06-30,through_ocf,True,,,0.195112,0.329532,5.164562,-0.288798,-0.00611
2023Q3,2023-07-26,NXT,0001852131,Nextpower Inc.,$1B-$2B,,1195617000,Revenues,USD,2023-06-09,10-K,2021-03-31,0,NetIncomeLoss,USD,2023-06-09,10-K,2021-03-31,1017289000,Assets,USD,2023-06-09,10-K,2022-03-31,96329000,NetCashProvidedByUsedInFinancingActivities,USD,2023-06-09,10-K,2021-03-31,-2963000,NetCashProvidedByUsedInInvestingActivities,USD,2023-06-09,10-K,2021-03-31,94273000,NetCashProvidedByUsedInOperatingActivities,USD,2023-06-09,10-K,2021-03-31,through_ocf,True,,,0.0,0.078849,0.850849,0.080568,-0.002478
2023Q3,2023-08-02,O,726728,REALTY INCOME CORPORATION,$500M-$1B,,807343000,Revenues,USD,2023-05-04,10-Q,2022-03-31,199369000,NetIncomeLoss,USD,2023-05-04,10-Q,2022-03-31,49673092000,Assets,USD,2023-05-04,10-Q,2022-12-31,821073000,NetCashProvidedByUsedInFinancingActivities,USD,2023-05-04,10-Q,2022-03-31,-1418008000,NetCashProvidedByUsedInInvestingActivities,USD,2023-05-04,10-Q,2022-03-31,513479000,NetCashProvidedByUsedInOperatingActivities,USD,2023-05-04,10-Q,2022-03-31,through_ocf,True,,,0.246945,0.636011,61.526627,1.017006,-1.756389
2023Q3,2023-07-26,ODFL,878927,"OLD DOMINION FREIGHT LINE, INC.",$500M-$1B,,754096000,SalesRevenueServicesNet,USD,2018-05-07,10-Q,2017-03-31,299751000,NetIncomeLoss,USD,2023-05-08,10-Q,2022-03-31,4838610000,Assets,USD,2023-05-08,10-Q,2022-12-31,-480713000,NetCashProvidedByUsedInFinancingActivities,USD,2023-05-08,10-Q,2022-03-31,-108454000,NetCashProvidedByUsedInInvestingActivities,USD,2023-05-08,10-Q,2022-03-31,388725000,NetCashProvidedByUsedInOperatingActivities,USD,2023-05-08,10-Q,2022-03-31,through_ocf,True,,,0.397497,0.515485,6.416438,-0.637469,-0.14382
2023Q3,2023-08-09,OEC,1609804,ORION S.A.,$1B-$2B,,1025700000,RevenueFromContractWithCustomerExcludingAssessedTax,USD,2023-08-09,10-Q,2022-06-30,32500000,NetIncomeLoss,USD,2023-08-09,10-Q,2022-03-31,1888700000,Assets,USD,2023-08-09,10-Q,2022-12-31,138100000,NetCashProvidedByUsedInFinancingActivities,USD,2023-08-09,10-Q,2022-06-30,-108700000,NetCashProvidedByUsedInInvestingActivities,USD,2023-08-09,10-Q,2022-06-30,-50900000,NetCashProvidedByUsedInOperatingActivities,USD,2023-08-09,10-Q,2022-06-30,through_ocf,True,,,0.031686,-0.049625,1.841377,0.13464,-0.105976
2023Q3,2023-08-08,OFIX,884624,ORTHOFIX MEDICAL INC.,$100M-$500M,,224488000,RevenueFromContractWithCustomerExcludingAssessedTax,USD,2023-08-08,10-Q,2022-06-30,-4460000,NetIncomeLoss,USD,2023-08-08,10-Q,2022-03-31,458629000,Assets,USD,2023-08-08,10-Q,2022-12-31,-1324000,NetCashProvidedByUsedInFinancingActivities,USD,2023-08-08,10-Q,2022-06-30,-13161000,NetCashProvidedByUsedInInvestingActivities,USD,2023-08-08,10-Q,2022-06-30,-12622000,NetCashProvidedByUsedInOperatingActivities,USD,2023-08-08,10-Q,2022-06-30,through_ocf,True,,,-0.019867,-0.056226,2.043,-0.005898,-0.058627
2023Q3,2023-07-31,OGS,1587732,"ONE Gas, Inc.",$1B-$2B,,1530268000,Revenues,USD,2023-02-23,10-K,2020-12-31,98934000,NetIncomeLoss,USD,2023-05-02,10-Q,2022-03-31,7776396000,Assets,USD,2023-05-02,10-Q,2022-12-31,9325000,NetCashProvidedByUsedInFinancingActivities,USD,2023-05-02,10-Q,2022-03-31,-113366000,NetCashProvidedByUsedInInvestingActivities,USD,2023-05-02,10-Q,2022-03-31,107636000,NetCashProvidedByUsedInOperatingActivities,USD,2023-05-02,10-Q,2022-03-31,through_ocf,True,,,0.064651,0.070338,5.081722,0.006094,-0.074082
2023Q3,2023-08-01,OI,812074,"O-I GLASS, INC.",$2B-$10B,,3366000000,Revenues,USD,2018-07-24,10-Q,2017-06-30,88000000,NetIncomeLoss,USD,2023-04-26,10-Q,2022-03-31,8877000000,Assets,USD,2023-04-26,10-Q,2022-03-31,-152000000,NetCashProvidedByUsedInFinancingActivities,USD,2023-04-26,10-Q,2022-03-31,-2000000,NetCashProvidedByUsedInInvestingActivities,USD,2023-04-26,10-Q,2022-03-31,-73000000,NetCashProvidedByUsedInOperatingActivities,USD,2023-04-26,10-Q,2022-03-31,through_ocf,True,,,0.026144,-0.021687,2.637255,-0.045157,-0.000594
2023Q3,2023-07-26,OII,73756,OCEANEERING INTERNATIONAL INC,$100M-$500M,,446159000,Revenues,USD,2023-04-28,10-Q,2022-03-31,-19210000,ProfitLoss,USD,2023-04-28,10-Q,2022-03-31,2031683000,Assets,USD,2023-04-28,10-Q,2022-12-31,-2202000,NetCashProvidedByUsedInFinancingActivities,USD,2023-04-28,10-Q,2022-03-31,-19283000,NetCashProvidedByUsedInInvestingActivities,USD,2023-04-28,10-Q,2022-03-31,-80501000,NetCashProvidedByUsedInOperatingActivities,USD,2023-04-28,10-Q,2022-03-31,through_ocf,True,,,-0.043056,-0.180431,4.55372,-0.004935,-0.04322
2023Q3,2023-08-07,OKE,1039684,"ONEOK, Inc.",$2B-$10B,,5445000000,Revenues,USD,2023-05-03,10-Q,2022-03-31,391000000,ProfitLoss,USD,2023-05-03,10-Q,2022-03-31,23993000000,Assets,USD,2023-05-03,10-Q,2022-03-31,-350000000,NetCashProvidedByUsedInFinancingActivities,USD,2023-05-03,10-Q,2022-03-31,-244000000,NetCashProvidedByUsedInInvestingActivities,USD,2023-05-03,10-Q,2022-03-31,463000000,NetCashProvidedByUsedInOperatingActivities,USD,2023-05-03,10-Q,2022-03-31,through_ocf,True,,,0.071809,0.085032,4.406428,-0.064279,-0.044812
2023Q3,2023-08-30,OKTA,1660134,"Okta, Inc.",$100M-$500M,,415000000,RevenueFromContractWithCustomerExcludingAssessedTax,USD,2023-06-01,10-Q,2022-04-30,-243000000,NetIncomeLoss,USD,2023-06-01,10-Q,2022-04-30,9307000000,Assets,USD,2023-06-01,10-Q,2023-01-31,5000000,NetCashProvidedByUsedInFinancingActivities,USD,2023-06-01,10-Q,2022-04-30,-88000000,NetCashProvidedByUsedInInvestingActivities,USD,2023-06-01,10-Q,2022-04-30,19000000,NetCashProvidedByUsedInOperatingActivities,USD,2023-06-01,10-Q,2022-04-30,through_ocf,True,,,-0.585542,0.045783,22.426506,0.012048,-0.212048
2023Q3,2023-08-03,OLED,1005284,UNIVERSAL DISPLAY CORPORATION,$100M-$500M,,287031000,Revenues,USD,2023-08-03,10-Q,2022-06-30,91472000,NetIncomeLoss,USD,2023-08-03,10-Q,2022-06-30,1532820000,Assets,USD,2023-08-03,10-Q,2022-12-31,-36490000,NetCashProvidedByUsedInFinancingActivities,USD,2023-08-03,10-Q,2022-06-30,-147737000,NetCashProvidedByUsedInInvestingActivities,USD,2023-08-03,10-Q,2022-06-30,86130000,NetCashProvidedByUsedInOperatingActivities,USD,2023-08-03,10-Q,2022-06-30,through_ocf,True,,,0.318683,0.300072,5.340259,-0.127129,-0.514707
2023Q3,2023-08-31,OLLI,1639300,"Ollie’s Bargain Outlet Holdings, Inc.",$500M-$1B,,859148000,RevenueFromContractWithCustomerExcludingAssessedTax,USD,2023-08-31,10-Q,2022-07-30,26620000,NetIncomeLoss,USD,2023-08-31,10-Q,2022-07-30,1999186000,Assets,USD,2023-08-31,10-Q,2022-07-30,-9386000,NetCashProvidedByUsedInFinancingActivities,USD,2023-08-31,10-Q,2022-07-30,-23503000,NetCashProvidedByUsedInInvestingActivities,USD,2023-08-31,10-Q,2022-07-30,3955000,NetCashProvidedByUsedInOperatingActivities,USD,2023-08-31,10-Q,2022-07-30,through_ocf,True,,,0.030984,0.004603,2.32694,-0.010925,-0.027356
2023Q3,2023-07-18,OMC,29989,OMNICOM GROUP INC.,$2B-$10B,,3410300000,Revenues,USD,2023-04-19,10-Q,2022-03-31,173800000,NetIncomeLoss,USD,2023-04-19,10-Q,2022-03-31,27002500000,Assets,USD,2023-04-19,10-Q,2022-12-31,-476300000,NetCashProvidedByUsedInFinancingActivities,USD,2023-04-19,10-Q,2022-03-31,-361800000,NetCashProvidedByUsedInInvestingActivities,USD,2023-04-19,10-Q,2022-03-31,-544500000,NetCashProvidedByUsedInOperatingActivities,USD,2023-04-19,10-Q,2022-03-31,through_ocf,True,,,0.050963,-0.159663,7.917925,-0.139665,-0.10609
2023Q3,2023-08-01,OMCL,926326,"OMNICELL, INC.",$100M-$500M,,318828000,RevenueFromContractWithCustomerExcludingAssessedTax,USD,2023-05-05,10-Q,2022-03-31,8213000,NetIncomeLoss,USD,2023-05-05,10-Q,2022-03-31,2210758000,Assets,USD,2023-05-05,10-Q,2022-12-31,-32119000,NetCashProvidedByUsedInFinancingActivities,USD,2023-05-05,10-Q,2022-03-31,-18733000,NetCashProvidedByUsedInInvestingActivities,USD,2023-05-05,10-Q,2022-03-31,-15996000,NetCashProvidedByUsedInOperatingActivities,USD,2023-05-05,10-Q,2022-03-31,through_ocf,True,,,0.02576,-0.050171,6.934015,-0.100741,-0.058756
2023Q3,2023-07-31,ON,1097864,ON Semiconductor Corporation,$2B-$10B,,4030000000,RevenueFromContractWithCustomerExcludingAssessedTax,USD,2023-07-31,10-Q,2022-07-01,986000000,NetIncomeLoss,USD,2023-07-31,10-Q,2022-07-01,11978500000,Assets,USD,2023-07-31,10-Q,2022-12-31,-160400000,NetCashProvidedByUsedInFinancingActivities,USD,2023-07-31,10-Q,2022-07-01,-299500000,NetCashProvidedByUsedInInvestingActivities,USD,2023-07-31,10-Q,2022-07-01,899400000,NetCashProvidedByUsedInOperatingActivities,USD,2023-07-31,10-Q,2022-07-01,through_ocf,True,,,0.244665,0.223176,2.972333,-0.039801,-0.074318
2023Q3,2023-07-25,ONB,707179,Old National Bancorp /IN/,$100M-$500M,,130804000,RevenueFromContractWithCustomerExcludingAssessedTax,USD,2022-02-10,10-K,2019-12-31,-27586000,NetIncomeLoss,USD,2023-05-03,10-Q,2022-03-31,46763372000,Assets,USD,2023-05-03,10-Q,2022-12-31,-114110000,NetCashProvidedByUsedInFinancingActivities,USD,2023-05-03,10-Q,2022-03-31,1107583000,NetCashProvidedByUsedInInvestingActivities,USD,2023-05-03,10-Q,2022-03-31,161060000,NetCashProvidedByUsedInOperatingActivities,USD,2023-05-03,10-Q,2022-03-31,through_ocf,True,,,-0.210896,1.231308,357.507202,-0.872374,8.467501
2023Q3,2023-08-02,ONC,1651308,BEONE MEDICINES LTD.,$500M-$1B,,648198000,RevenueFromContractWithCustomerExcludingAssessedTax,USD,2023-08-02,10-Q,2022-06-30,-435198000,NetIncomeLoss,USD,2023-08-02,10-Q,2022-03-31,6379290000,Assets,USD,2023-08-02,10-Q,2022-12-31,-28847000,NetCashProvidedByUsedInFinancingActivities,USD,2023-08-02,10-Q,2022-06-30,869103000,NetCashProvidedByUsedInInvestingActivities,USD,2023-08-02,10-Q,2022-06-30,-616522000,NetCashProvidedByUsedInOperatingActivities,USD,2023-08-02,10-Q,2022-06-30,through_ocf,True,,,-0.671397,-0.951132,9.841576,-0.044503,1.340799
2023Q3,2023-08-03,ONEW,1772921,OneWater Marine Inc.,$500M-$1B,,778399000,RevenueFromContractWithCustomerExcludingAssessedTax,USD,2023-05-08,10-Q,2022-03-31,56316000,NetIncomeLoss,USD,2023-05-08,10-Q,2022-03-31,1497428000,Assets,USD,2023-05-08,10-Q,2022-09-30,355295000,NetCashProvidedByUsedInFinancingActivities,USD,2023-05-08,10-Q,2022-03-31,-296865000,NetCashProvidedByUsedInInvestingActivities,USD,2023-05-08,10-Q,2022-03-31,-43422000,NetCashProvidedByUsedInOperatingActivities,USD,2023-05-08,10-Q,2022-03-31,through_ocf,True,,,0.072348,-0.055784,1.923728,0.456443,-0.381379
2023Q3,2023-08-10,ONTO,704532,ONTO INNOVATION INC.,$100M-$500M,,497660000,RevenueFromContractWithCustomerExcludingAssessedTax,USD,2023-08-10,10-Q,2022-07-02,53330000,NetIncomeLoss,USD,2023-08-10,10-Q,2022-04-02,1794863000,Assets,USD,2023-08-10,10-Q,2022-12-31,-6125000,NetCashProvidedByUsedInFinancingActivities,USD,2023-08-10,10-Q,2022-07-02,-33206000,NetCashProvidedByUsedInInvestingActivities,USD,2023-08-10,10-Q,2022-07-02,55388000,NetCashProvidedByUsedInOperatingActivities,USD,2023-08-10,10-Q,2022-07-02,through_ocf,True,,,0.107162,0.111297,3.606605,-0.012308,-0.066724
2023Q3,2023-07-27,OPCH,1014739,"OPTION CARE HEALTH, INC.",$1B-$2B,,1896604000,RevenueFromContractWithCustomerExcludingAssessedTax,USD,2023-07-27,10-Q,2022-06-30,30275000,NetIncomeLoss,USD,2023-07-27,10-Q,2022-03-31,3112936000,Assets,USD,2023-07-27,10-Q,2022-12-31,17621000,NetCashProvidedByUsedInFinancingActivities,USD,2023-07-27,10-Q,2022-06-30,-69952000,NetCashProvidedByUsedInInvestingActivities,USD,2023-07-27,10-Q,2022-06-30,136954000,NetCashProvidedByUsedInOperatingActivities,USD,2023-07-27,10-Q,2022-06-30,through_ocf,True,,,0.015963,0.07221,1.641321,0.009291,-0.036883
2023Q3,2023-08-02,OPLN,1395942,"OPENLANE, Inc.",$100M-$500M,,369400000,Revenues,USD,2023-05-03,10-Q,2022-03-31,-300000,NetIncomeLoss,USD,2023-05-03,10-Q,2022-03-31,5119800000,Assets,USD,2023-05-03,10-Q,2022-12-31,88900000,NetCashProvidedByUsedInFinancingActivities,USD,2021-11-03,10-Q,2020-09-30,263600000,NetCashProvidedByUsedInInvestingActivities,USD,2021-11-03,10-Q,2020-09-30,431900000,NetCashProvidedByUsedInOperatingActivities,USD,2021-11-03,10-Q,2020-09-30,through_ocf,True,,,-0.000812,1.169193,13.859773,0.240661,0.71359
2023Q3,2023-08-02,OPTU,1702780,"Optimum Communications, Inc.",$2B-$10B,,2421897000,Revenues,USD,2023-05-03,10-Q,2022-03-31,196551000,NetIncomeLoss,USD,2023-05-03,10-Q,2022-03-31,33664966000,Assets,USD,2023-05-03,10-Q,2022-12-31,-208629000,NetCashProvidedByUsedInFinancingActivities,USD,2023-05-03,10-Q,2022-03-31,-391483000,NetCashProvidedByUsedInInvestingActivities,USD,2023-05-03,10-Q,2022-03-31,600219000,NetCashProvidedByUsedInOperatingActivities,USD,2023-05-03,10-Q,2022-03-31,through_ocf,True,,,0.081156,0.24783,13.900247,-0.086143,-0.161643
2023Q3,2023-08-09,ORGO,1661181,ORGANOGENESIS HOLDINGS INC.,$100M-$500M,,218518000,Revenues,USD,2023-08-09,10-Q,2022-06-30,7831000,NetIncomeLoss,USD,2023-08-09,10-Q,2022-06-30,449359000,Assets,USD,2023-08-09,10-Q,2022-12-31,-350000,NetCashProvidedByUsedInFinancingActivities,USD,2023-08-09,10-Q,2022-06-30,-12840000,NetCashProvidedByUsedInInvestingActivities,USD,2023-08-09,10-Q,2022-06-30,11606000,NetCashProvidedByUsedInOperatingActivities,USD,2023-08-09,10-Q,2022-06-30,through_ocf,True,,,0.035837,0.053112,2.056394,-0.001602,-0.058759
2023Q3,2023-07-26,ORLY,898173,O Reilly Automotive Inc,$2B-$10B,,3296011000,RevenueFromContractWithCustomerExcludingAssessedTax,USD,2023-05-09,10-Q,2022-03-31,481880000,NetIncomeLoss,USD,2023-05-09,10-Q,2022-03-31,12627979000,Assets,USD,2023-05-09,10-Q,2022-12-31,-755619000,NetCashProvidedByUsedInFinancingActivities,USD,2023-05-09,10-Q,2022-03-31,-104981000,NetCashProvidedByUsedInInvestingActivities,USD,2023-05-09,10-Q,2022-03-31,689886000,NetCashProvidedByUsedInOperatingActivities,USD,2023-05-09,10-Q,2022-03-31,through_ocf,True,,,0.146201,0.209309,3.831292,-0.229253,-0.031851
2023Q3,2023-07-27,ORN,1402829,"ORION GROUP HOLDINGS, INC.",$100M-$500M,,174931000,RevenueFromContractWithCustomerExcludingAssessedTax,USD,2023-05-15,10-Q,2022-03-31,-4856000,NetIncomeLoss,USD,2023-05-15,10-Q,2022-03-31,367155000,Assets,USD,2023-05-15,10-Q,2022-12-31,-12817000,NetCashProvidedByUsedInFinancingActivities,USD,2023-05-15,10-Q,2022-03-31,-2810000,NetCashProvidedByUsedInInvestingActivities,USD,2023-05-15,10-Q,2022-03-31,10060000,NetCashProvidedByUsedInOperatingActivities,USD,2023-05-15,10-Q,2022-03-31,through_ocf,True,,,-0.02776,0.057508,2.098856,-0.073269,-0.016063
2023Q3,2023-08-08,OSCR,1568651,"Oscar Health, Inc.",$500M-$1B,,972765000,Revenues,USD,2023-05-10,10-Q,2022-03-31,-75152000,NetIncomeLoss,USD,2023-05-10,10-Q,2022-03-31,4526601000,Assets,USD,2023-05-10,10-Q,2022-12-31,298775000,NetCashProvidedByUsedInFinancingActivities,USD,2023-05-10,10-Q,2022-03-31,102811000,NetCashProvidedByUsedInInvestingActivities,USD,2023-05-10,10-Q,2022-03-31,562849000,NetCashProvidedByUsedInOperatingActivities,USD,2023-05-10,10-Q,2022-03-31,through_ocf,True,,,-0.077256,0.578607,4.653335,0.30714,0.105689
2023Q3,2023-08-24,OSIS,1039065,"OSI SYSTEMS, INC.",$500M-$1B,,829660000,Revenues,USD,2018-08-28,10-K,2016-06-30,81584000,ProfitLoss,USD,2023-04-28,10-Q,2022-03-31,1443150000,Assets,USD,2023-04-28,10-Q,2022-06-30,-30857000,NetCashProvidedByUsedInFinancingActivities,USD,2023-04-28,10-Q,2022-03-31,-6587000,NetCashProvidedByUsedInInvestingActivities,USD,2023-04-28,10-Q,2022-03-31,41813000,NetCashProvidedByUsedInOperatingActivities,USD,2023-04-28,10-Q,2022-03-31,through_ocf,True,,,0.098334,0.050398,1.739447,-0.037192,-0.007939
2023Q3,2023-08-03,OSUR,1116463,"ORASURE TECHNOLOGIES, INC",<$100M,,67707000,RevenueFromContractWithCustomerExcludingAssessedTax,USD,2023-05-10,10-Q,2022-03-31,-19940000,NetIncomeLoss,USD,2023-05-10,10-Q,2022-03-31,444180000,Assets,USD,2023-05-10,10-Q,2022-12-31,-1395000,NetCashProvidedByUsedInFinancingActivities,USD,2023-05-10,10-Q,2022-03-31,-9939000,NetCashProvidedByUsedInInvestingActivities,USD,2023-05-10,10-Q,2022-03-31,-35821000,NetCashProvidedByUsedInOperatingActivities,USD,2023-05-10,10-Q,2022-03-31,through_ocf,True,,,-0.294504,-0.529059,6.560326,-0.020603,-0.146794
2023Q3,2023-08-02,OSW,1758488,OneSpaWorld Holdings Limited,<$100M,,87663000,Revenues,USD,2023-05-05,10-Q,2022-03-31,-6316000,NetIncomeLoss,USD,2023-05-05,10-Q,2022-03-31,717435000,Assets,USD,2023-05-05,10-Q,2022-12-31,-157000,NetCashProvidedByUsedInFinancingActivities,USD,2023-05-05,10-Q,2022-03-31,-919000,NetCashProvidedByUsedInInvestingActivities,USD,2023-05-05,10-Q,2022-03-31,-561000,NetCashProvidedByUsedInOperatingActivities,USD,2023-05-05,10-Q,2022-03-31,through_ocf,True,,,-0.072049,-0.0064,8.184011,-0.001791,-0.010483
2023Q3,2023-08-03,OTEX,1002638,Open Text Corp,$2B-$10B,,3386115000,RevenueFromContractWithCustomerExcludingAssessedTax,USD,2023-08-03,10-K,2021-06-30,310672000,NetIncomeLoss,USD,2023-08-03,10-K,2021-06-30,10178973000,Assets,USD,2023-08-03,10-K,2022-06-30,-924547000,NetCashProvidedByUsedInFinancingActivities,USD,2023-08-03,10-K,2021-06-30,-68770000,NetCashProvidedByUsedInInvestingActivities,USD,2023-08-03,10-K,2021-06-30,876120000,NetCashProvidedByUsedInOperatingActivities,USD,2023-08-03,10-K,2021-06-30,through_ocf,True,,,0.091749,0.258739,3.006092,-0.273041,-0.020309
2023Q3,2023-07-26,OTIS,1781335,OTIS WORLDWIDE CORPORATION,$2B-$10B,,3414000000,RevenueFromContractWithCustomerExcludingAssessedTax,USD,2023-04-27,10-Q,2022-03-31,311000000,NetIncomeLoss,USD,2023-04-27,10-Q,2022-03-31,9819000000,Assets,USD,2023-04-27,10-Q,2022-12-31,-823000000,NetCashProvidedByUsedInFinancingActivities,USD,2023-04-27,10-Q,2022-03-31,-17000000,NetCashProvidedByUsedInInvestingActivities,USD,2023-04-27,10-Q,2022-03-31,504000000,NetCashProvidedByUsedInOperatingActivities,USD,2023-04-27,10-Q,2022-03-31,through_ocf,True,,,0.091095,0.147627,2.876098,-0.241066,-0.004979
2023Q3,2023-08-01,OTTR,1466593,OTTER TAIL CORPORATION,$100M-$500M,,374904000,Revenues,USD,2023-05-03,10-Q,2022-03-31,72003000,NetIncomeLoss,USD,2023-05-03,10-Q,2022-03-31,2901661000,Assets,USD,2023-05-03,10-Q,2022-12-31,-14133000,NetCashProvidedByUsedInFinancingActivities,USD,2023-05-03,10-Q,2022-03-31,-31449000,NetCashProvidedByUsedInInvestingActivities,USD,2023-05-03,10-Q,2022-03-31,45416000,NetCashProvidedByUsedInOperatingActivities,USD,2023-05-03,10-Q,2022-03-31,through_ocf,True,,,0.192057,0.12114,7.739744,-0.037698,-0.083885
2023Q3,2023-08-03,OUT,1579877,OUTFRONT Media Inc.,$100M-$500M,,373500000,Revenues,USD,2023-05-08,10-Q,2022-03-31,-100000,NetIncomeLoss,USD,2023-05-08,10-Q,2022-03-31,5990000000,Assets,USD,2023-05-08,10-Q,2022-12-31,-62400000,NetCashProvidedByUsedInFinancingActivities,USD,2023-05-08,10-Q,2022-03-31,-27800000,NetCashProvidedByUsedInInvestingActivities,USD,2023-05-08,10-Q,2022-03-31,20500000,NetCashProvidedByUsedInOperatingActivities,USD,2023-05-08,10-Q,2022-03-31,through_ocf,True,,,-0.000268,0.054886,16.037483,-0.167068,-0.074431
2023Q3,2023-08-02,OXY,797468,OCCIDENTAL PETROLEUM CORP /DE/,>$10B,,19025000000,Revenues,USD,2023-08-02,10-Q,2022-06-30,8631000000,NetIncomeLoss,USD,2023-08-02,10-Q,2022-06-30,72609000000,Assets,USD,2023-08-02,10-Q,2022-12-31,-8015000000,NetCashProvidedByUsedInFinancingActivities,USD,2023-08-02,10-Q,2022-06-30,-1955000000,NetCashProvidedByUsedInInvestingActivities,USD,2023-08-02,10-Q,2022-06-30,8568000000,NetCashProvidedByUsedInOperatingActivities,USD,2023-08-02,10-Q,2022-06-30,through_ocf,True,,,0.453666,0.450355,3.816505,-0.421288,-0.10276
2023Q3,2023-08-30,PAHC,1069899,Phibro Animal Health Corporation,$500M-$1B,,833350000,RevenueFromContractWithCustomerExcludingAssessedTax,USD,2023-08-30,10-K,2021-06-30,54385000,NetIncomeLoss,USD,2023-08-30,10-K,2021-06-30,931699000,Assets,USD,2023-08-30,10-K,2022-06-30,-16995000,NetCashProvidedByUsedInFinancingActivities,USD,2023-08-30,10-K,2021-06-30,-18580000,NetCashProvidedByUsedInInvestingActivities,USD,2023-08-30,10-K,2021-06-30,48306000,NetCashProvidedByUsedInOperatingActivities,USD,2023-08-30,10-K,2021-06-30,through_ocf,True,,,0.065261,0.057966,1.118016,-0.020394,-0.022296
2023Q3,2023-08-09,PANL,1606909,PANGAEA LOGISTICS SOLUTIONS LTD.,$100M-$500M,,387306359,RevenueFromContractWithCustomerExcludingAssessedTax,USD,2023-08-09,10-Q,2022-06-30,45200398,NetIncomeLoss,USD,2023-08-09,10-Q,2022-06-30,748241470,Assets,USD,2023-08-09,10-Q,2022-12-31,-13066781,NetCashProvidedByUsedInFinancingActivities,USD,2023-08-09,10-Q,2022-06-30,-10191796,NetCashProvidedByUsedInInvestingActivities,USD,2023-08-09,10-Q,2022-06-30,69225065,NetCashProvidedByUsedInOperatingActivities,USD,2023-08-09,10-Q,2022-06-30,through_ocf,True,,,0.116705,0.178735,1.931911,-0.033738,-0.026315
2023Q3,2023-08-18,PANW,1327567,Palo Alto Networks Inc,$2B-$10B,,3951000000,RevenueFromContractWithCustomerExcludingAssessedTax,USD,2023-05-24,10-Q,2022-04-30,-270300000,NetIncomeLoss,USD,2023-05-24,10-Q,2022-04-30,12253600000,Assets,USD,2023-05-24,10-Q,2022-07-31,-453500000,NetCashProvidedByUsedInFinancingActivities,USD,2023-05-24,10-Q,2022-04-30,-461300000,NetCashProvidedByUsedInInvestingActivities,USD,2023-05-24,10-Q,2022-04-30,1461000000,NetCashProvidedByUsedInOperatingActivities,USD,2023-05-24,10-Q,2022-04-30,through_ocf,True,,,-0.068413,0.36978,3.101392,-0.114781,-0.116755
2023Q3,2023-08-09,PAR,708821,PAR TECHNOLOGY CORPORATION,$100M-$500M,,165378000,RevenueFromContractWithCustomerExcludingAssessedTax,USD,2023-08-09,10-Q,2022-06-30,-15650000,NetIncomeLoss,USD,2023-08-09,10-Q,2022-03-31,854858000,Assets,USD,2023-08-09,10-Q,2022-12-31,-1778000,NetCashProvidedByUsedInFinancingActivities,USD,2023-08-09,10-Q,2022-06-30,-4963000,NetCashProvidedByUsedInInvestingActivities,USD,2023-08-09,10-Q,2022-06-30,-31589000,NetCashProvidedByUsedInOperatingActivities,USD,2023-08-09,10-Q,2022-06-30,through_ocf,True,,,-0.094632,-0.191011,5.169116,-0.010751,-0.03001
2023Q3,2023-08-07,PARR,821483,"PAR PACIFIC HOLDINGS, INC.",$1B-$2B,,1350293000,RevenueFromContractWithCustomerExcludingAssessedTax,USD,2023-05-05,10-Q,2022-03-31,-137051000,NetIncomeLoss,USD,2023-05-05,10-Q,2022-03-31,3280647000,Assets,USD,2023-05-05,10-Q,2022-12-31,52611000,NetCashProvidedByUsedInFinancingActivities,USD,2023-05-05,10-Q,2022-03-31,-16273000,NetCashProvidedByUsedInInvestingActivities,USD,2023-05-05,10-Q,2022-03-31,-7685000,NetCashProvidedByUsedInOperatingActivities,USD,2023-05-05,10-Q,2022-03-31,through_ocf,True,,,-0.101497,-0.005691,2.429582,0.038963,-0.012051
2023Q3,2023-07-27,PATK,76605,"PATRICK INDUSTRIES, INC.",$1B-$2B,,1342175000,RevenueFromContractWithCustomerExcludingAssessedTax,USD,2023-05-11,10-Q,2022-03-27,112673000,NetIncomeLoss,USD,2023-05-11,10-Q,2022-03-27,2782471000,Assets,USD,2023-05-11,10-Q,2022-12-31,107155000,NetCashProvidedByUsedInFinancingActivities,USD,2023-05-11,10-Q,2022-03-27,-143119000,NetCashProvidedByUsedInInvestingActivities,USD,2023-05-11,10-Q,2022-03-27,-23039000,NetCashProvidedByUsedInOperatingActivities,USD,2023-05-11,10-Q,2022-03-27,through_ocf,True,,,0.083948,-0.017165,2.073106,0.079837,-0.106632
2023Q3,2023-08-01,PAYC,1590955,"Paycom Software, Inc.",$100M-$500M,,353519000,RevenueFromContractWithCustomerExcludingAssessedTax,USD,2023-05-04,10-Q,2022-03-31,91930000,NetIncomeLoss,USD,2023-05-04,10-Q,2022-03-31,3902513000,Assets,USD,2023-05-04,10-Q,2022-12-31,2098868000,NetCashProvidedByUsedInFinancingActivities,USD,2023-05-04,10-Q,2022-03-31,-67626000,NetCashProvidedByUsedInInvestingActivities,USD,2023-05-04,10-Q,2022-03-31,117231000,NetCashProvidedByUsedInOperatingActivities,USD,2023-05-04,10-Q,2022-03-31,through_ocf,True,,,0.260043,0.331612,11.039047,5.937073,-0.191294
2023Q3,2023-08-08,PAYO,1845815,Payoneer Global Inc.,$100M-$500M,,285148000,Revenues,USD,2023-08-08,10-Q,2022-06-30,24633000,NetIncomeLoss,USD,2023-08-08,10-Q,2022-06-30,6594651000,Assets,USD,2023-08-08,10-Q,2022-12-31,751803000,NetCashProvidedByUsedInFinancingActivities,USD,2023-08-08,10-Q,2022-06-30,-34523000,NetCashProvidedByUsedInInvestingActivities,USD,2023-08-08,10-Q,2022-06-30,28874000,NetCashProvidedByUsedInOperatingActivities,USD,2023-08-08,10-Q,2022-06-30,through_ocf,True,,,0.086387,0.10126,23.127116,2.636536,-0.12107
2023Q3,2023-08-03,PBF,1534504,PBF ENERGY INC.,>$10B,,23219400000,RevenueFromContractWithCustomerExcludingAssessedTax,USD,2023-08-03,10-Q,2022-06-30,1182600000,NetIncomeLoss,USD,2023-08-03,10-Q,2022-06-30,13549100000,Assets,USD,2023-08-03,10-Q,2022-12-31,-999300000,NetCashProvidedByUsedInFinancingActivities,USD,2023-08-03,10-Q,2022-06-30,-436900000,NetCashProvidedByUsedInInvestingActivities,USD,2023-08-03,10-Q,2022-06-30,2269000000,NetCashProvidedByUsedInOperatingActivities,USD,2023-08-03,10-Q,2022-06-30,through_ocf,True,,,0.050932,0.09772,0.583525,-0.043037,-0.018816
2023Q3,2023-08-03,PBH,1295947,PRESTIGE CONSUMER HEALTHCARE INC.,$100M-$500M,,277059000,RevenueFromContractWithCustomerExcludingAssessedTax,USD,2023-08-03,10-Q,2022-06-30,55272000,NetIncomeLoss,USD,2023-08-03,10-Q,2022-06-30,3353729000,Assets,USD,2023-08-03,10-Q,2023-03-31,-47374000,NetCashProvidedByUsedInFinancingActivities,USD,2023-08-03,10-Q,2022-06-30,-1047000,NetCashProvidedByUsedInInvestingActivities,USD,2023-08-03,10-Q,2022-06-30,58247000,NetCashProvidedByUsedInOperatingActivities,USD,2023-08-03,10-Q,2022-06-30,through_ocf,True,,,0.199495,0.210233,12.104747,-0.170989,-0.003779
2023Q3,2023-08-03,PBI,78814,PITNEY BOWES INC /DE/,$1B-$2B,,1798437000,Revenues,USD,2023-08-03,10-Q,2022-06-30,25157000,NetIncomeLoss,USD,2023-08-03,10-Q,2022-06-30,4741355000,Assets,USD,2023-08-03,10-Q,2022-12-31,-166504000,NetCashProvidedByUsedInFinancingActivities,USD,2023-08-03,10-Q,2022-06-30,-27518000,NetCashProvidedByUsedInInvestingActivities,USD,2023-08-03,10-Q,2022-06-30,45694000,NetCashProvidedByUsedInOperatingActivities,USD,2023-08-03,10-Q,2022-06-30,through_ocf,True,,,0.013988,0.025408,2.636375,-0.092583,-0.015301
2023Q3,2023-07-25,PCAR,75362,PACCAR Inc,$2B-$10B,,6472600000,Revenues,USD,2023-05-02,10-Q,2022-03-31,600500000,NetIncomeLoss,USD,2023-05-02,10-Q,2022-03-31,33275500000,Assets,USD,2023-05-02,10-Q,2022-12-31,-156400000,NetCashProvidedByUsedInFinancingActivities,USD,2023-05-02,10-Q,2022-03-31,-406100000,NetCashProvidedByUsedInInvestingActivities,USD,2023-05-02,10-Q,2022-03-31,459300000,NetCashProvidedByUsedInOperatingActivities,USD,2023-05-02,10-Q,2022-03-31,through_ocf,True,,,0.092776,0.070961,5.140979,-0.024163,-0.062741
2023Q3,2023-07-27,PCG,1004980,PG&E CORPORATION,>$10B,,10916000000,Revenues,USD,2023-07-27,10-Q,2022-06-30,478000000,ProfitLoss,USD,2023-07-27,10-Q,2022-03-31,118644000000,Assets,USD,2023-07-27,10-Q,2022-12-31,3349000000,NetCashProvidedByUsedInFinancingActivities,USD,2023-07-27,10-Q,2022-06-30,-4980000000,NetCashProvidedByUsedInInvestingActivities,USD,2023-07-27,10-Q,2022-06-30,1639000000,NetCashProvidedByUsedInOperatingActivities,USD,2023-07-27,10-Q,2022-06-30,through_ocf,True,,,0.043789,0.150147,10.868816,0.306797,-0.456211
2023Q3,2023-08-03,PCTY,1591698,PAYLOCITY HOLDING CORPORATION,$500M-$1B,,623704000,Revenues,USD,2023-05-05,10-Q,2022-03-31,75631000,NetIncomeLoss,USD,2023-05-05,10-Q,2022-03-31,4809014000,Assets,USD,2023-05-05,10-Q,2022-06-30,2503472000,NetCashProvidedByUsedInFinancingActivities,USD,2023-05-05,10-Q,2022-03-31,-281379000,NetCashProvidedByUsedInInvestingActivities,USD,2023-05-05,10-Q,2022-03-31,105394000,NetCashProvidedByUsedInOperatingActivities,USD,2023-05-05,10-Q,2022-03-31,through_ocf,True,,,0.121261,0.168981,7.710411,4.013878,-0.451142
2023Q3,2023-08-31,PD,1568100,"PAGERDUTY, INC.",<$100M,,85371000,RevenueFromContractWithCustomerExcludingAssessedTax,USD,2023-06-02,10-Q,2022-04-30,-32820000,NetIncomeLoss,USD,2023-06-02,10-Q,2022-04-30,817873000,Assets,USD,2023-06-02,10-Q,2023-01-31,-2584000,NetCashProvidedByUsedInFinancingActivities,USD,2023-06-02,10-Q,2022-04-30,-70357000,NetCashProvidedByUsedInInvestingActivities,USD,2023-06-02,10-Q,2022-04-30,-2985000,NetCashProvidedByUsedInOperatingActivities,USD,2023-06-02,10-Q,2022-04-30,through_ocf,True,,,-0.38444,-0.034965,9.58022,-0.030268,-0.824132
2023Q3,2023-07-20,PDM,1042776,"Piedmont Realty Trust, Inc.",$100M-$500M,,272458000,Revenues,USD,2023-07-18,10-Q,2022-06-30,67930000,NetIncomeLoss,USD,2023-07-18,10-Q,2022-06-30,4085525000,Assets,USD,2023-07-18,10-Q,2022-12-31,-286077000,NetCashProvidedByUsedInFinancingActivities,USD,2023-07-18,10-Q,2022-06-30,193295000,NetCashProvidedByUsedInInvestingActivities,USD,2023-07-18,10-Q,2022-06-30,91778000,NetCashProvidedByUsedInOperatingActivities,USD,2023-07-18,10-Q,2022-06-30,through_ocf,True,,,0.249323,0.336852,14.995063,-1.049986,0.709449
2023Q3,2023-07-27,PEB,1474098,PEBBLEBROOK HOTEL TRUST,$500M-$1B,,655592000,RevenueFromContractWithCustomerExcludingAssessedTax,USD,2023-07-27,10-Q,2022-06-30,-71541000,NetIncomeLoss,USD,2023-07-27,10-Q,2022-06-30,6133540000,Assets,USD,2023-07-27,10-Q,2022-12-31,44605000,NetCashProvidedByUsedInFinancingActivities,USD,2023-07-27,10-Q,2022-06-30,-216691000,NetCashProvidedByUsedInInvestingActivities,USD,2023-07-27,10-Q,2022-06-30,142629000,NetCashProvidedByUsedInOperatingActivities,USD,2023-07-27,10-Q,2022-06-30,through_ocf,True,,,-0.109124,0.217558,9.355727,0.068038,-0.330527
2023Q3,2023-08-01,PECO,1476204,"Phillips Edison & Company, Inc.",$100M-$500M,,142163000,Revenues,USD,2023-05-03,10-Q,2022-03-31,10079000,NetIncomeLoss,USD,2023-05-03,10-Q,2022-03-31,4735492000,Assets,USD,2023-05-03,10-Q,2022-12-31,-51784000,NetCashProvidedByUsedInFinancingActivities,USD,2023-05-03,10-Q,2022-03-31,-106497000,NetCashProvidedByUsedInInvestingActivities,USD,2023-05-03,10-Q,2022-03-31,60221000,NetCashProvidedByUsedInOperatingActivities,USD,2023-05-03,10-Q,2022-03-31,through_ocf,True,,,0.070897,0.423605,33.310299,-0.364258,-0.749119
2023Q3,2023-08-01,PEG,788784,Public Service Enterprise Group Incorporated,$2B-$10B,,4389000000,Revenues,USD,2023-08-01,10-Q,2022-06-30,129000000,NetIncomeLoss,USD,2023-08-01,10-Q,2022-06-30,48718000000,Assets,USD,2023-08-01,10-Q,2022-12-31,496000000,NetCashProvidedByUsedInFinancingActivities,USD,2023-08-01,10-Q,2022-06-30,531000000,NetCashProvidedByUsedInInvestingActivities,USD,2023-08-01,10-Q,2022-06-30,356000000,NetCashProvidedByUsedInOperatingActivities,USD,2023-08-01,10-Q,2022-06-30,through_ocf,True,,,0.029392,0.081112,11.100023,0.11301,0.120984
2023Q3,2023-07-26,PEGA,1013857,PEGASYSTEMS INC.,$500M-$1B,,650644000,RevenueFromContractWithCustomerExcludingAssessedTax,USD,2023-07-26,10-Q,2022-06-30,-379000,NetIncomeLoss,USD,2023-07-26,10-Q,2022-03-31,1357672000,Assets,USD,2023-07-26,10-Q,2022-12-31,-41191000,NetCashProvidedByUsedInFinancingActivities,USD,2023-07-26,10-Q,2022-06-30,-1523000,NetCashProvidedByUsedInInvestingActivities,USD,2023-07-26,10-Q,2022-06-30,-5069000,NetCashProvidedByUsedInOperatingActivities,USD,2023-07-26,10-Q,2022-06-30,through_ocf,True,,,-0.000582,-0.007791,2.086659,-0.063308,-0.002341
2023Q3,2023-08-09,PENN,921738,"PENN ENTERTAINMENT, INC.",$2B-$10B,,3191100000,Revenues,USD,2023-08-09,10-Q,2022-06-30,77800000,NetIncomeLoss,USD,2023-08-09,10-Q,2022-06-30,17502100000,Assets,USD,2023-08-09,10-Q,2022-12-31,-477300000,NetCashProvidedByUsedInFinancingActivities,USD,2023-08-09,10-Q,2022-06-30,-113700000,NetCashProvidedByUsedInInvestingActivities,USD,2023-08-09,10-Q,2022-06-30,436400000,NetCashProvidedByUsedInOperatingActivities,USD,2023-08-09,10-Q,2022-06-30,through_ocf,True,,,0.02438,0.136755,5.48466,-0.149572,-0.03563
2023Q3,2023-07-27,PFG,1126328,"PRINCIPAL FINANCIAL GROUP, INC.",$2B-$10B,,3095500000,Revenues,USD,2023-05-03,10-Q,2022-03-31,338700000,NetIncomeLoss,USD,2023-05-03,10-Q,2022-03-31,290578300000,Assets,USD,2023-05-03,10-Q,2022-12-31,250900000,NetCashProvidedByUsedInFinancingActivities,USD,2023-05-03,10-Q,2022-03-31,126800000,NetCashProvidedByUsedInInvestingActivities,USD,2023-05-03,10-Q,2022-03-31,31500000,NetCashProvidedByUsedInOperatingActivities,USD,2023-05-03,10-Q,2022-03-31,through_ocf,True,,,0.109417,0.010176,93.8712,0.081053,0.040963
2023Q3,2023-08-03,PGNY,1551306,"Progyny, Inc.",$100M-$500M,,344858000,RevenueFromContractWithCustomerExcludingAssessedTax,USD,2023-03-01,10-K,2020-12-31,4971000,NetIncomeLoss,USD,2023-05-09,10-Q,2022-03-31,542986000,Assets,USD,2023-05-09,10-Q,2022-12-31,-1772000,NetCashProvidedByUsedInFinancingActivities,USD,2023-05-09,10-Q,2022-03-31,-39558000,NetCashProvidedByUsedInInvestingActivities,USD,2023-05-09,10-Q,2022-03-31,-11262000,NetCashProvidedByUsedInOperatingActivities,USD,2023-05-09,10-Q,2022-03-31,through_ocf,True,,,0.014415,-0.032657,1.574521,-0.005138,-0.114708
2023Q3,2023-08-07,PHIN,0001968915,PHINIA INC.,$1B-$2B,,1638000000,RevenueFromContractWithCustomerExcludingAssessedTax,USD,2023-08-07,10-Q,2022-06-30,98000000,NetIncomeLoss,USD,2023-08-07,10-Q,2022-06-30,4074000000,Assets,USD,2023-08-07,10-Q,2022-12-31,-103000000,NetCashProvidedByUsedInFinancingActivities,USD,2023-08-07,10-Q,2022-06-30,-58000000,NetCashProvidedByUsedInInvestingActivities,USD,2023-08-07,10-Q,2022-06-30,77000000,NetCashProvidedByUsedInOperatingActivities,USD,2023-08-07,10-Q,2022-06-30,through_ocf,True,,,0.059829,0.047009,2.487179,-0.062882,-0.035409
2023Q3,2023-07-25,PHM,822416,"PULTEGROUP, INC.",$2B-$10B,,7029271000,Revenues,USD,2023-07-25,10-Q,2022-06-30,1107158000,NetIncomeLoss,USD,2023-07-25,10-Q,2022-06-30,14796515000,Assets,USD,2023-07-25,10-Q,2022-12-31,-1080664000,NetCashProvidedByUsedInFinancingActivities,USD,2023-07-25,10-Q,2022-06-30,-123140000,NetCashProvidedByUsedInInvestingActivities,USD,2023-07-25,10-Q,2022-06-30,102343000,NetCashProvidedByUsedInOperatingActivities,USD,2023-07-25,10-Q,2022-06-30,through_ocf,True,,,0.157507,0.01456,2.104986,-0.153738,-0.017518
2023Q3,2023-07-25,PII,931015,POLARIS INC.,$2B-$10B,,3844300000,RevenueFromContractWithCustomerExcludingAssessedTax,USD,2023-07-25,10-Q,2022-06-30,65300000,NetIncomeLoss,USD,2023-07-25,10-Q,2022-06-30,5217900000,Assets,USD,2023-07-25,10-Q,2022-12-31,-13000000,NetCashProvidedByUsedInFinancingActivities,USD,2023-07-25,10-Q,2022-06-30,-107900000,NetCashProvidedByUsedInInvestingActivities,USD,2023-07-25,10-Q,2022-06-30,-57000000,NetCashProvidedByUsedInOperatingActivities,USD,2023-07-25,10-Q,2022-06-30,through_ocf,True,,,0.016986,-0.014827,1.357308,-0.003382,-0.028068
2023Q3,2023-07-25,PJT,1626115,PJT Partners Inc.,$100M-$500M,,246319000,Revenues,USD,2023-05-03,10-Q,2022-03-31,25704000,NetIncomeLoss,USD,2023-05-03,10-Q,2022-03-31,1050652000,Assets,USD,2023-05-03,10-Q,2022-12-31,-59763000,NetCashProvidedByUsedInFinancingActivities,USD,2023-05-03,10-Q,2022-03-31,-20785000,NetCashProvidedByUsedInInvestingActivities,USD,2023-05-03,10-Q,2022-03-31,-42239000,NetCashProvidedByUsedInOperatingActivities,USD,2023-05-03,10-Q,2022-03-31,through_ocf,True,,,0.104352,-0.171481,4.265412,-0.242624,-0.084382
2023Q3,2023-07-25,PKG,75677,PACKAGING CORP OF AMERICA,$2B-$10B,,2136400000,RevenueFromContractWithCustomerExcludingAssessedTax,USD,2023-05-03,10-Q,2022-03-31,254200000,NetIncomeLoss,USD,2023-05-03,10-Q,2022-03-31,8003800000,Assets,USD,2023-05-03,10-Q,2022-12-31,-94200000,NetCashProvidedByUsedInFinancingActivities,USD,2023-05-03,10-Q,2022-03-31,-221200000,NetCashProvidedByUsedInInvestingActivities,USD,2023-05-03,10-Q,2022-03-31,325300000,NetCashProvidedByUsedInOperatingActivities,USD,2023-05-03,10-Q,2022-03-31,through_ocf,True,,,0.118985,0.152265,3.746396,-0.044093,-0.103539
2023Q3,2023-08-02,PKOH,76282,PARK-OHIO HOLDINGS CORP.,$100M-$500M,,357700000,RevenueFromContractWithCustomerExcludingAssessedTax,USD,2023-05-04,10-Q,2022-03-31,6100000,NetIncomeLoss,USD,2023-05-04,10-Q,2022-03-31,1436600000,Assets,USD,2023-05-04,10-Q,2022-12-31,62000000,NetCashProvidedByUsedInFinancingActivities,USD,2022-11-08,10-Q,2021-09-30,-30300000,NetCashProvidedByUsedInInvestingActivities,USD,2022-11-08,10-Q,2021-09-30,-25900000,NetCashProvidedByUsedInOperatingActivities,USD,2022-11-08,10-Q,2021-09-30,through_ocf,True,,,0.017053,-0.072407,4.016215,0.17333,-0.084708
2023Q3,2023-09-06,PLAB,810136,"PHOTRONICS, INC.",$100M-$500M,,394336000,RevenueFromContractWithCustomerExcludingAssessedTax,USD,2023-06-08,10-Q,2022-05-01,50496000,NetIncomeLoss,USD,2023-06-08,10-Q,2022-05-01,1315830000,Assets,USD,2023-06-08,10-Q,2022-10-31,-2166000,NetCashProvidedByUsedInFinancingActivities,USD,2023-06-08,10-Q,2022-05-01,-33614000,NetCashProvidedByUsedInInvestingActivities,USD,2023-06-08,10-Q,2022-05-01,103289000,NetCashProvidedByUsedInOperatingActivities,USD,2023-06-08,10-Q,2022-05-01,through_ocf,True,,,0.128053,0.261931,3.336824,-0.005493,-0.085242
2023Q3,2023-08-17,PLCE,1041859,"THE CHILDREN’S PLACE, INC.",$100M-$500M,,362350000,Revenues,USD,2023-06-07,10-Q,2022-04-30,19831000,NetIncomeLoss,USD,2023-06-07,10-Q,2022-04-30,1145026000,Assets,USD,2023-06-07,10-Q,2022-04-30,33856000,NetCashProvidedByUsedInFinancingActivities,USD,2023-06-07,10-Q,2022-04-30,-10983000,NetCashProvidedByUsedInInvestingActivities,USD,2023-06-07,10-Q,2022-04-30,-18837000,NetCashProvidedByUsedInOperatingActivities,USD,2023-06-07,10-Q,2022-04-30,through_ocf,True,,,0.054729,-0.051986,3.16,0.093435,-0.03031
2023Q3,2023-07-18,PLD,1045609,"Prologis, Inc.",$1B-$2B,,1219128000,Revenues,USD,2023-05-01,10-Q,2022-03-31,1150785000,NetIncomeLoss,USD,2023-05-01,10-Q,2022-03-31,87897448000,Assets,USD,2023-05-01,10-Q,2022-12-31,242484000,NetCashProvidedByUsedInFinancingActivities,USD,2023-05-01,10-Q,2022-03-31,283429000,NetCashProvidedByUsedInInvestingActivities,USD,2023-05-01,10-Q,2022-03-31,841527000,NetCashProvidedByUsedInOperatingActivities,USD,2023-05-01,10-Q,2022-03-31,through_ocf,True,,,0.943941,0.69027,72.098621,0.1989,0.232485
2023Q3,2023-08-02,PLPC,80035,Preformed Line Products Company,$100M-$500M,,138223000,RevenueFromContractWithCustomerExcludingAssessedTax,USD,2023-05-04,10-Q,2022-03-31,12285000,NetIncomeLoss,USD,2023-05-04,10-Q,2022-03-31,568479000,Assets,USD,2023-05-04,10-Q,2022-12-31,15098000,NetCashProvidedByUsedInFinancingActivities,USD,2023-05-04,10-Q,2022-03-31,-10934000,NetCashProvidedByUsedInInvestingActivities,USD,2023-05-04,10-Q,2022-03-31,-5175000,NetCashProvidedByUsedInOperatingActivities,USD,2023-05-04,10-Q,2022-03-31,through_ocf,True,,,0.088878,-0.037439,4.112767,0.109229,-0.079104
2023Q3,2023-08-08,PLTK,1828016,PLAYTIKA HOLDING CORP.,$1B-$2B,,1336500000,RevenueFromContractWithCustomerExcludingAssessedTax,USD,2023-08-08,10-Q,2022-06-30,83200000,NetIncomeLoss,USD,2023-08-08,10-Q,2022-03-31,2697600000,Assets,USD,2023-08-08,10-Q,2022-12-31,-11600000,NetCashProvidedByUsedInFinancingActivities,USD,2023-08-08,10-Q,2022-06-30,-67300000,NetCashProvidedByUsedInInvestingActivities,USD,2023-08-08,10-Q,2022-06-30,241100000,NetCashProvidedByUsedInOperatingActivities,USD,2023-08-08,10-Q,2022-06-30,through_ocf,True,,,0.062252,0.180397,2.018406,-0.008679,-0.050355
2023Q3,2023-08-07,PLTR,1321655,Palantir Technologies Inc.,$100M-$500M,,446357000,RevenueFromContractWithCustomerExcludingAssessedTax,USD,2023-05-09,10-Q,2022-03-31,-101379000,NetIncomeLoss,USD,2023-05-09,10-Q,2022-03-31,3461239000,Assets,USD,2023-05-09,10-Q,2022-12-31,27241000,NetCashProvidedByUsedInFinancingActivities,USD,2023-05-09,10-Q,2022-03-31,-96468000,NetCashProvidedByUsedInInvestingActivities,USD,2023-05-09,10-Q,2022-03-31,35477000,NetCashProvidedByUsedInOperatingActivities,USD,2023-05-09,10-Q,2022-03-31,through_ocf,True,,,-0.227125,0.079481,7.754419,0.06103,-0.216123
2023Q3,2023-08-09,PLUS,1022408,ePlus inc.,$100M-$500M,,458359000,Revenues,USD,2023-08-07,10-Q,2022-06-30,22339000,NetIncomeLoss,USD,2023-08-07,10-Q,2022-06-30,1414826000,Assets,USD,2023-08-07,10-Q,2023-03-31,31111000,NetCashProvidedByUsedInFinancingActivities,USD,2023-08-07,10-Q,2022-06-30,-1692000,NetCashProvidedByUsedInInvestingActivities,USD,2023-08-07,10-Q,2022-06-30,-102943000,NetCashProvidedByUsedInOperatingActivities,USD,2023-08-07,10-Q,2022-06-30,through_ocf,True,,,0.048737,-0.22459,3.08672,0.067875,-0.003691
2023Q3,2023-07-26,PLXS,785786,PLEXUS CORP.,$1B-$2B,,1760673000,RevenueFromContractWithCustomerExcludingAssessedTax,USD,2023-04-26,10-Q,2022-04-02,50292000,NetIncomeLoss,USD,2023-04-26,10-Q,2022-04-02,3393225000,Assets,USD,2023-04-26,10-Q,2022-10-01,107801000,NetCashProvidedByUsedInFinancingActivities,USD,2023-04-26,10-Q,2022-04-02,-64258000,NetCashProvidedByUsedInInvestingActivities,USD,2023-04-26,10-Q,2022-04-02,-4653000,NetCashProvidedByUsedInOperatingActivities,USD,2023-04-26,10-Q,2022-04-02,through_ocf,True,,,0.028564,-0.002643,1.927232,0.061227,-0.036496
2023Q3,2023-07-20,PM,1413329,Philip Morris International Inc.,$2B-$10B,,7746000000,RevenueFromContractWithCustomerExcludingAssessedTax,USD,2023-04-26,10-Q,2022-03-31,2331000000,NetIncomeLoss,USD,2023-04-26,10-Q,2022-03-31,61681000000,Assets,USD,2023-04-26,10-Q,2022-12-31,-701000000,NetCashProvidedByUsedInFinancingActivities,USD,2023-04-26,10-Q,2022-03-31,-196000000,NetCashProvidedByUsedInInvestingActivities,USD,2023-04-26,10-Q,2022-03-31,1118000000,NetCashProvidedByUsedInOperatingActivities,USD,2023-04-26,10-Q,2022-03-31,through_ocf,True,,,0.30093,0.144333,7.962949,-0.090498,-0.025303
2023Q3,2023-08-08,PMTS,1641614,CPI Card Group Inc.,$100M-$500M,,224732000,RevenueFromContractWithCustomerExcludingAssessedTax,USD,2023-08-08,10-Q,2022-06-30,12153000,NetIncomeLoss,USD,2023-08-08,10-Q,2022-06-30,296666000,Assets,USD,2023-08-08,10-Q,2022-12-31,4717000,NetCashProvidedByUsedInFinancingActivities,USD,2023-08-08,10-Q,2022-06-30,-8164000,NetCashProvidedByUsedInInvestingActivities,USD,2023-08-08,10-Q,2022-06-30,-8148000,NetCashProvidedByUsedInOperatingActivities,USD,2023-08-08,10-Q,2022-06-30,through_ocf,True,,,0.054078,-0.036257,1.320088,0.020989,-0.036328
2023Q3,2023-07-18,PNC,713676,"PNC FINANCIAL SERVICES GROUP, INC.",$2B-$10B,,4692000000,Revenues,USD,2023-05-02,10-Q,2022-03-31,1429000000,ProfitLoss,USD,2023-05-02,10-Q,2022-03-31,557263000000,Assets,USD,2023-05-02,10-Q,2022-12-31,-12150000000,NetCashProvidedByUsedInFinancingActivities,USD,2023-05-02,10-Q,2022-03-31,12707000000,NetCashProvidedByUsedInInvestingActivities,USD,2023-05-02,10-Q,2022-03-31,-989000000,NetCashProvidedByUsedInOperatingActivities,USD,2023-05-02,10-Q,2022-03-31,through_ocf,True,,,0.304561,-0.210784,118.768755,-2.589514,2.708227
2023Q3,2023-07-27,PNR,77360,Pentair plc,$2B-$10B,,2063800000,Revenues,USD,2023-07-27,10-Q,2022-06-30,270500000,NetIncomeLoss,USD,2023-07-27,10-Q,2022-06-30,6447500000,Assets,USD,2023-07-27,10-Q,2022-12-31,-113800000,NetCashProvidedByUsedInFinancingActivities,USD,2023-07-27,10-Q,2022-06-30,-29800000,NetCashProvidedByUsedInInvestingActivities,USD,2023-07-27,10-Q,2022-06-30,175300000,NetCashProvidedByUsedInOperatingActivities,USD,2023-07-27,10-Q,2022-06-30,through_ocf,True,,,0.131069,0.08494,3.124091,-0.055141,-0.014439
2023Q3,2023-08-08,PNTG,1766400,"THE PENNANT GROUP, INC.",$100M-$500M,,230226000,RevenueFromContractWithCustomerExcludingAssessedTax,USD,2023-08-08,10-Q,2022-06-30,1014000,NetIncomeLoss,USD,2023-08-08,10-Q,2022-03-31,512119000,Assets,USD,2023-08-08,10-Q,2022-12-31,1861000,NetCashProvidedByUsedInFinancingActivities,USD,2023-08-08,10-Q,2022-06-30,-8750000,NetCashProvidedByUsedInInvestingActivities,USD,2023-08-08,10-Q,2022-06-30,4899000,NetCashProvidedByUsedInOperatingActivities,USD,2023-08-08,10-Q,2022-06-30,through_ocf,True,,,0.004404,0.021279,2.224419,0.008083,-0.038006
2023Q3,2023-08-03,PNW,764622,PINNACLE     WEST CAPITAL CORPORATION,$1B-$2B,,1845200000,Revenues,USD,2023-08-03,10-Q,2022-06-30,189880000,ProfitLoss,USD,2023-08-03,10-Q,2022-06-30,22723405000,Assets,USD,2023-08-03,10-Q,2022-12-31,225184000,NetCashProvidedByUsedInFinancingActivities,USD,2023-08-03,10-Q,2022-06-30,-794250000,NetCashProvidedByUsedInInvestingActivities,USD,2023-08-03,10-Q,2022-06-30,588286000,NetCashProvidedByUsedInOperatingActivities,USD,2023-08-03,10-Q,2022-06-30,through_ocf,True,,,0.102905,0.31882,12.314874,0.122038,-0.430441
2023Q3,2023-08-08,PODD,1145197,INSULET CORPORATION,$100M-$500M,,295400000,Revenues,USD,2023-05-05,10-Q,2022-03-31,27800000,NetIncomeLoss,USD,2023-05-05,10-Q,2022-03-31,2251100000,Assets,USD,2023-05-05,10-Q,2022-12-31,-20300000,NetCashProvidedByUsedInFinancingActivities,USD,2023-05-05,10-Q,2022-03-31,-46900000,NetCashProvidedByUsedInInvestingActivities,USD,2023-05-05,10-Q,2022-03-31,-13700000,NetCashProvidedByUsedInOperatingActivities,USD,2023-05-05,10-Q,2022-03-31,through_ocf,True,,,0.09411,-0.046378,7.620515,-0.06872,-0.158768
2023Q3,2023-07-20,POOL,945841,POOL CORPORATION,$1B-$2B,,1412650000,Revenues,USD,2023-04-27,10-Q,2022-03-31,179261000,NetIncomeLoss,USD,2023-04-27,10-Q,2022-03-31,3882141000,Assets,USD,2023-04-27,10-Q,2022-03-31,228717000,NetCashProvidedByUsedInFinancingActivities,USD,2023-04-27,10-Q,2022-03-31,-9159000,NetCashProvidedByUsedInInvestingActivities,USD,2023-04-27,10-Q,2022-03-31,-208109000,NetCashProvidedByUsedInOperatingActivities,USD,2023-04-27,10-Q,2022-03-31,through_ocf,True,,,0.126897,-0.147318,2.748127,0.161906,-0.006484
2023Q3,2023-07-28,POR,784977,PORTLAND GENERAL ELECTRIC COMPANY,$1B-$2B,,1217000000,Revenues,USD,2023-07-28,10-Q,2022-06-30,60000000,ProfitLoss,USD,2023-07-28,10-Q,2022-03-31,10459000000,Assets,USD,2023-07-28,10-Q,2022-12-31,-78000000,NetCashProvidedByUsedInFinancingActivities,USD,2023-07-28,10-Q,2022-06-30,-334000000,NetCashProvidedByUsedInInvestingActivities,USD,2023-07-28,10-Q,2022-06-30,451000000,NetCashProvidedByUsedInOperatingActivities,USD,2023-07-28,10-Q,2022-06-30,through_ocf,True,,,0.049302,0.370583,8.594084,-0.064092,-0.274445
2023Q3,2023-08-03,POWI,833640,"POWER INTEGRATIONS, INC.",$100M-$500M,,366135000,Revenues,USD,2023-08-03,10-Q,2022-06-30,102072000,NetIncomeLoss,USD,2023-08-03,10-Q,2022-06-30,840096000,Assets,USD,2023-08-03,10-Q,2022-12-31,-310228000,NetCashProvidedByUsedInFinancingActivities,USD,2023-08-03,10-Q,2022-06-30,78075000,NetCashProvidedByUsedInInvestingActivities,USD,2023-08-03,10-Q,2022-06-30,141419000,NetCashProvidedByUsedInOperatingActivities,USD,2023-08-03,10-Q,2022-06-30,through_ocf,True,,,0.278782,0.386248,2.294498,-0.847305,0.213241
2023Q3,2023-08-01,POWL,80420,"POWELL INDUSTRIES, INC.",$100M-$500M,,234423000,RevenueFromContractWithCustomerExcludingAssessedTax,USD,2023-05-03,10-Q,2022-03-31,-2846000,NetIncomeLoss,USD,2023-05-03,10-Q,2021-12-31,493380000,Assets,USD,2023-05-03,10-Q,2022-09-30,-7166000,NetCashProvidedByUsedInFinancingActivities,USD,2023-05-03,10-Q,2022-03-31,-7624000,NetCashProvidedByUsedInInvestingActivities,USD,2023-05-03,10-Q,2022-03-31,-13008000,NetCashProvidedByUsedInOperatingActivities,USD,2023-05-03,10-Q,2022-03-31,through_ocf,True,,,-0.01214,-0.055489,2.104657,-0.030569,-0.032522
2023Q3,2023-07-27,PPC,802481,PILGRIM’S PRIDE CORPORATION,$2B-$10B,,8872043000,RevenueFromContractWithCustomerExcludingAssessedTax,USD,2023-07-27,10-Q,2022-06-26,642554000,NetIncomeLoss,USD,2023-07-27,10-Q,2022-06-26,9255769000,Assets,USD,2023-07-27,10-Q,2022-12-25,56041000,NetCashProvidedByUsedInFinancingActivities,USD,2023-07-27,10-Q,2022-06-26,-198690000,NetCashProvidedByUsedInInvestingActivities,USD,2023-07-27,10-Q,2022-06-26,421219000,NetCashProvidedByUsedInOperatingActivities,USD,2023-07-27,10-Q,2022-06-26,through_ocf,True,,,0.072425,0.047477,1.043251,0.006317,-0.022395
2023Q3,2023-07-20,PPG,79879,"PPG INDUSTRIES, INC.",$2B-$10B,,4308000000,RevenueFromContractWithCustomerExcludingAssessedTax,USD,2023-04-21,10-Q,2022-03-31,18000000,NetIncomeLoss,USD,2023-04-21,10-Q,2022-03-31,20744000000,Assets,USD,2023-04-21,10-Q,2022-12-31,443000000,NetCashProvidedByUsedInFinancingActivities,USD,2023-04-21,10-Q,2022-03-31,-183000000,NetCashProvidedByUsedInInvestingActivities,USD,2023-04-21,10-Q,2022-03-31,-304000000,NetCashProvidedByUsedInOperatingActivities,USD,2023-04-21,10-Q,2022-03-31,through_ocf,True,,,0.004178,-0.070566,4.815227,0.102832,-0.042479
2023Q3,2023-08-04,PPL,922224,PPL Corporation,$2B-$10B,,3478000000,Revenues,USD,2023-08-04,10-Q,2022-06-30,392000000,NetIncomeLoss,USD,2023-08-04,10-Q,2022-06-30,37837000000,Assets,USD,2023-08-04,10-Q,2022-12-31,469000000,NetCashProvidedByUsedInFinancingActivities,USD,2023-08-04,10-Q,2022-06-30,-4683000000,NetCashProvidedByUsedInInvestingActivities,USD,2023-08-04,10-Q,2022-06-30,979000000,NetCashProvidedByUsedInOperatingActivities,USD,2023-08-04,10-Q,2022-06-30,through_ocf,True,,,0.112708,0.281484,10.878953,0.134848,-1.346463
2023Q3,2023-09-26,PRGS,876167,PROGRESS SOFTWARE CORP /MA,$100M-$500M,,293669000,RevenueFromContractWithCustomerExcludingAssessedTax,USD,2023-07-07,10-Q,2022-05-31,49564000,NetIncomeLoss,USD,2023-07-07,10-Q,2022-05-31,1411479000,Assets,USD,2023-07-07,10-Q,2022-11-30,-62598000,NetCashProvidedByUsedInFinancingActivities,USD,2023-07-07,10-Q,2022-05-31,24919000,NetCashProvidedByUsedInInvestingActivities,USD,2023-07-07,10-Q,2022-05-31,112353000,NetCashProvidedByUsedInOperatingActivities,USD,2023-07-07,10-Q,2022-05-31,through_ocf,True,,,0.168775,0.382584,4.80636,-0.213158,0.084854
2023Q3,2023-08-03,PRSU,884219,"Pursuit Attractions & Hospitality, Inc.",$100M-$500M,,177360000,RevenueFromContractWithCustomerExcludingAssessedTax,USD,2023-05-05,10-Q,2022-03-31,-29001000,NetIncomeLoss,USD,2023-05-05,10-Q,2022-03-31,1090346000,Assets,USD,2023-05-05,10-Q,2022-12-31,-6617000,NetCashProvidedByUsedInFinancingActivities,USD,2023-05-05,10-Q,2022-03-31,-12494000,NetCashProvidedByUsedInInvestingActivities,USD,2023-05-05,10-Q,2022-03-31,17923000,NetCashProvidedByUsedInOperatingActivities,USD,2023-05-05,10-Q,2022-03-31,through_ocf,True,,,-0.163515,0.101054,6.147643,-0.037308,-0.070444
2023Q3,2023-08-02,PSA,1393311,Public Storage,$2B-$10B,,2005490000,Revenues,USD,2023-08-02,10-Q,2022-06-30,1167793000,NetIncomeLoss,USD,2023-08-02,10-Q,2022-06-30,17552307000,Assets,USD,2023-08-02,10-Q,2022-12-31,-577859000,NetCashProvidedByUsedInFinancingActivities,USD,2023-08-02,10-Q,2022-06-30,-595816000,NetCashProvidedByUsedInInvestingActivities,USD,2023-08-02,10-Q,2022-06-30,1453773000,NetCashProvidedByUsedInOperatingActivities,USD,2023-08-02,10-Q,2022-06-30,through_ocf,True,,,0.582298,0.724897,8.752129,-0.288139,-0.297092
2023Q3,2023-07-26,PTC,857005,PTC Inc.,$500M-$1B,,962948000,RevenueFromContractWithCustomerExcludingAssessedTax,USD,2023-05-03,10-Q,2022-03-31,135768000,NetIncomeLoss,USD,2023-05-03,10-Q,2022-03-31,4687268000,Assets,USD,2023-05-03,10-Q,2022-09-30,-339977000,NetCashProvidedByUsedInFinancingActivities,USD,2023-05-03,10-Q,2022-03-31,44037000,NetCashProvidedByUsedInInvestingActivities,USD,2023-05-03,10-Q,2022-03-31,280061000,NetCashProvidedByUsedInOperatingActivities,USD,2023-05-03,10-Q,2022-03-31,through_ocf,True,,,0.140992,0.290837,4.867623,-0.353059,0.045731
2023Q3,2023-08-03,PTCT,1070081,"PTC THERAPEUTICS, INC.",$100M-$500M,,314262000,RevenueFromContractWithCustomerExcludingAssessedTax,USD,2023-08-03,10-Q,2022-06-30,-278813000,NetIncomeLoss,USD,2023-08-03,10-Q,2022-06-30,1705619000,Assets,USD,2023-08-03,10-Q,2022-12-31,5029000,NetCashProvidedByUsedInFinancingActivities,USD,2023-08-03,10-Q,2022-06-30,121297000,NetCashProvidedByUsedInInvestingActivities,USD,2023-08-03,10-Q,2022-06-30,-152646000,NetCashProvidedByUsedInOperatingActivities,USD,2023-08-03,10-Q,2022-06-30,through_ocf,True,,,-0.887199,-0.485728,5.427379,0.016003,0.385974
2023Q3,2023-07-26,PTEN,889900,"Patterson-UTI Energy, Inc.",$500M-$1B,,509375000,RevenueFromContractWithCustomerExcludingAssessedTax,USD,2023-05-01,10-Q,2022-03-31,-28777000,NetIncomeLoss,USD,2023-05-01,10-Q,2022-03-31,3143823000,Assets,USD,2023-05-01,10-Q,2022-12-31,-8624000,NetCashProvidedByUsedInFinancingActivities,USD,2023-05-01,10-Q,2022-03-31,-93368000,NetCashProvidedByUsedInInvestingActivities,USD,2023-05-01,10-Q,2022-03-31,33674000,NetCashProvidedByUsedInOperatingActivities,USD,2023-05-01,10-Q,2022-03-31,through_ocf,True,,,-0.056495,0.066108,6.171922,-0.016931,-0.183299
2023Q3,2023-08-03,PTLO,1871509,PORTILLO'S INC.,$100M-$500M,,285105000,RevenueFromContractWithCustomerExcludingAssessedTax,USD,2023-08-03,10-Q,2022-06-26,5305000,NetIncomeLoss,USD,2023-08-03,10-Q,2022-06-26,1280083000,Assets,USD,2023-08-03,10-Q,2022-12-25,-982000,NetCashProvidedByUsedInFinancingActivities,USD,2023-08-03,10-Q,2022-06-26,-13910000,NetCashProvidedByUsedInInvestingActivities,USD,2023-08-03,10-Q,2022-06-26,25359000,NetCashProvidedByUsedInOperatingActivities,USD,2023-08-03,10-Q,2022-06-26,through_ocf,True,,,0.018607,0.088946,4.489865,-0.003444,-0.048789
2023Q3,2023-08-23,PTON,1639825,"Peloton Interactive, Inc.",$2B-$10B,,4021800000,RevenueFromContractWithCustomerExcludingAssessedTax,USD,2023-08-23,10-K,2021-06-30,-189000000,NetIncomeLoss,USD,2023-08-23,10-K,2021-06-30,4028500000,Assets,USD,2023-08-23,10-K,2022-06-30,916800000,NetCashProvidedByUsedInFinancingActivities,USD,2023-08-23,10-K,2021-06-30,-585100000,NetCashProvidedByUsedInInvestingActivities,USD,2023-08-23,10-K,2021-06-30,-239700000,NetCashProvidedByUsedInOperatingActivities,USD,2023-08-23,10-K,2021-06-30,through_ocf,True,,,-0.046994,-0.0596,1.001666,0.227958,-0.145482
2023Q3,2023-08-02,PUMP,1680247,ProPetro Holding Corp.,$100M-$500M,,282680000,RevenueFromContractWithCustomerExcludingAssessedTax,USD,2023-05-04,10-Q,2022-03-31,11817000,NetIncomeLoss,USD,2023-05-04,10-Q,2022-03-31,1335786000,Assets,USD,2023-05-04,10-Q,2022-12-31,-2272000,NetCashProvidedByUsedInFinancingActivities,USD,2023-05-04,10-Q,2022-03-31,-64048000,NetCashProvidedByUsedInInvestingActivities,USD,2023-05-04,10-Q,2022-03-31,25170000,NetCashProvidedByUsedInOperatingActivities,USD,2023-05-04,10-Q,2022-03-31,through_ocf,True,,,0.041803,0.089041,4.725435,-0.008037,-0.226574
2023Q3,2023-08-03,PWP,1777835,PERELLA WEINBERG PARTNERS,$100M-$500M,,151876000,RevenueFromContractWithCustomerExcludingAssessedTax,USD,2023-05-04,10-Q,2022-03-31,8894000,NetIncomeLoss,USD,2023-05-04,10-Q,2022-03-31,717093000,Assets,USD,2023-05-04,10-Q,2022-12-31,-27319000,NetCashProvidedByUsedInFinancingActivities,USD,2023-05-04,10-Q,2022-03-31,-1389000,NetCashProvidedByUsedInInvestingActivities,USD,2023-05-04,10-Q,2022-03-31,-248373000,NetCashProvidedByUsedInOperatingActivities,USD,2023-05-04,10-Q,2022-03-31,through_ocf,True,,,0.058561,-1.635367,4.721569,-0.179877,-0.009146
2023Q3,2023-08-03,PWR,1050915,"Quanta Services, Inc.",$2B-$10B,,8197528000,RevenueFromContractWithCustomerExcludingAssessedTax,USD,2023-08-03,10-Q,2022-06-30,172661000,NetIncomeLoss,USD,2023-08-03,10-Q,2022-06-30,13464337000,Assets,USD,2023-08-03,10-Q,2022-12-31,-70916000,NetCashProvidedByUsedInFinancingActivities,USD,2023-08-03,10-Q,2022-06-30,-211018000,NetCashProvidedByUsedInInvestingActivities,USD,2023-08-03,10-Q,2022-06-30,203821000,NetCashProvidedByUsedInOperatingActivities,USD,2023-08-03,10-Q,2022-06-30,through_ocf,True,,,0.021063,0.024864,1.642487,-0.008651,-0.025742
2023Q3,2023-08-02,PYPL,1633917,"PAYPAL HOLDINGS, INC.",$2B-$10B,,6483000000,Revenues,USD,2023-05-09,10-Q,2022-03-31,509000000,NetIncomeLoss,USD,2023-05-09,10-Q,2022-03-31,78717000000,Assets,USD,2023-05-09,10-Q,2022-12-31,-669000000,NetCashProvidedByUsedInFinancingActivities,USD,2023-05-09,10-Q,2022-03-31,-752000000,NetCashProvidedByUsedInInvestingActivities,USD,2023-05-09,10-Q,2022-03-31,1217000000,NetCashProvidedByUsedInOperatingActivities,USD,2023-05-09,10-Q,2022-03-31,through_ocf,True,,,0.078513,0.187722,12.142064,-0.103193,-0.115996
2023Q3,2023-08-03,PZZA,901491,"PAPA JOHN’S INTERNATIONAL, INC.",$1B-$2B,,1065357000,RevenueFromContractWithCustomerExcludingAssessedTax,USD,2023-08-03,10-Q,2022-06-26,35927000,NetIncomeLoss,USD,2023-08-03,10-Q,2022-06-26,864227000,Assets,USD,2023-08-03,10-Q,2022-12-25,-50677000,NetCashProvidedByUsedInFinancingActivities,USD,2023-08-03,10-Q,2022-06-26,-12523000,NetCashProvidedByUsedInInvestingActivities,USD,2023-08-03,10-Q,2022-06-26,45585000,NetCashProvidedByUsedInOperatingActivities,USD,2023-08-03,10-Q,2022-06-26,through_ocf,True,,,0.033723,0.042788,0.811209,-0.047568,-0.011755
2023Q3,2023-08-08,QDEL,0001906324,QUIDELORTHO CORP,$1B-$2B,,1002300000,Revenues,USD,2023-05-04,10-Q,2022-04-03,479900000,NetIncomeLoss,USD,2023-05-04,10-Q,2022-04-03,8855800000,Assets,USD,2023-05-04,10-Q,2023-01-01,-3400000,NetCashProvidedByUsedInFinancingActivities,USD,2023-05-04,10-Q,2022-04-03,-24700000,NetCashProvidedByUsedInInvestingActivities,USD,2023-05-04,10-Q,2022-04-03,500900000,NetCashProvidedByUsedInOperatingActivities,USD,2023-05-04,10-Q,2022-04-03,through_ocf,True,,,0.478799,0.499751,8.835478,-0.003392,-0.024643
2023Q3,2023-08-03,QLYS,1107843,"QUALYS, INC.",$100M-$500M,,233313000,RevenueFromContractWithCustomerExcludingAssessedTax,USD,2023-08-03,10-Q,2022-06-30,25410000,NetIncomeLoss,USD,2023-08-03,10-Q,2022-03-31,700941000,Assets,USD,2023-08-03,10-Q,2022-12-31,-114815000,NetCashProvidedByUsedInFinancingActivities,USD,2023-08-03,10-Q,2022-06-30,-14399000,NetCashProvidedByUsedInInvestingActivities,USD,2023-08-03,10-Q,2022-06-30,112851000,NetCashProvidedByUsedInOperatingActivities,USD,2023-08-03,10-Q,2022-06-30,through_ocf,True,,,0.108909,0.483689,3.004295,-0.492107,-0.061715
2023Q3,2023-08-09,QNST,1117297,"QuinStreet, Inc.",$100M-$500M,,435597000,RevenueFromContractWithCustomerExcludingAssessedTax,USD,2023-05-05,10-Q,2022-03-31,-305000,NetIncomeLoss,USD,2023-05-05,10-Q,2022-03-31,419909000,Assets,USD,2023-05-05,10-Q,2022-06-30,-15052000,NetCashProvidedByUsedInFinancingActivities,USD,2023-05-05,10-Q,2022-03-31,-6775000,NetCashProvidedByUsedInInvestingActivities,USD,2023-05-05,10-Q,2022-03-31,20981000,NetCashProvidedByUsedInOperatingActivities,USD,2023-05-05,10-Q,2022-03-31,through_ocf,True,,,-0.0007,0.048166,0.963985,-0.034555,-0.015553
2023Q3,2023-08-02,QRVO,1604778,"Qorvo, Inc.",$2B-$10B,,4015307000,Revenues,USD,2023-05-19,10-K,2021-04-03,733611000,NetIncomeLoss,USD,2023-05-19,10-K,2021-04-03,7509072000,Assets,USD,2023-05-19,10-K,2022-04-02,-401923000,NetCashProvidedByUsedInFinancingActivities,USD,2023-05-19,10-K,2021-04-03,-218658000,NetCashProvidedByUsedInInvestingActivities,USD,2023-05-19,10-K,2021-04-03,1301853000,NetCashProvidedByUsedInOperatingActivities,USD,2023-05-19,10-K,2021-04-03,through_ocf,True,,,0.182704,0.324223,1.870112,-0.100098,-0.054456
2023Q3,2023-08-02,QTWO,1410384,"Q2 Holdings, Inc.",$100M-$500M,,274380000,RevenueFromContractWithCustomerExcludingAssessedTax,USD,2023-08-02,10-Q,2022-06-30,-48781000,NetIncomeLoss,USD,2023-08-02,10-Q,2022-06-30,1349726000,Assets,USD,2023-08-02,10-Q,2022-12-31,2803000,NetCashProvidedByUsedInFinancingActivities,USD,2023-08-02,10-Q,2022-06-30,-100137000,NetCashProvidedByUsedInInvestingActivities,USD,2023-08-02,10-Q,2022-06-30,-13820000,NetCashProvidedByUsedInOperatingActivities,USD,2023-08-02,10-Q,2022-06-30,through_ocf,True,,,-0.177786,-0.050368,4.919185,0.010216,-0.364957
2023Q3,2023-08-01,QUAD,1481792,"Quad/Graphics, Inc.",$500M-$1B,,744200000,RevenueFromContractWithCustomerExcludingAssessedTax,USD,2023-05-03,10-Q,2022-03-31,-1000000,NetIncomeLoss,USD,2023-05-03,10-Q,2022-03-31,1701800000,Assets,USD,2023-05-03,10-Q,2022-12-31,-6100000,NetCashProvidedByUsedInFinancingActivities,USD,2023-05-03,10-Q,2022-03-31,-18700000,NetCashProvidedByUsedInInvestingActivities,USD,2023-05-03,10-Q,2022-03-31,-16900000,NetCashProvidedByUsedInOperatingActivities,USD,2023-05-03,10-Q,2022-03-31,through_ocf,True,,,-0.001344,-0.022709,2.286751,-0.008197,-0.025128
2023Q3,2023-08-04,QVCGA,1355096,"QVC GROUP, INC.",$2B-$10B,,5836000000,RevenueFromContractWithCustomerExcludingAssessedTax,USD,2023-08-04,10-Q,2022-06-30,204000000,NetIncomeLoss,USD,2023-08-04,10-Q,2022-06-30,12571000000,Assets,USD,2023-08-04,10-Q,2022-12-31,-166000000,NetCashProvidedByUsedInFinancingActivities,USD,2023-08-04,10-Q,2022-06-30,237000000,NetCashProvidedByUsedInInvestingActivities,USD,2023-08-04,10-Q,2022-06-30,-58000000,NetCashProvidedByUsedInOperatingActivities,USD,2023-08-04,10-Q,2022-06-30,through_ocf,True,,,0.034955,-0.009938,2.154044,-0.028444,0.04061
2023Q3,2023-08-04,QVCGP,1355096,"QVC GROUP, INC.",$2B-$10B,,5836000000,RevenueFromContractWithCustomerExcludingAssessedTax,USD,2023-08-04,10-Q,2022-06-30,204000000,NetIncomeLoss,USD,2023-08-04,10-Q,2022-06-30,12571000000,Assets,USD,2023-08-04,10-Q,2022-12-31,-166000000,NetCashProvidedByUsedInFinancingActivities,USD,2023-08-04,10-Q,2022-06-30,237000000,NetCashProvidedByUsedInInvestingActivities,USD,2023-08-04,10-Q,2022-06-30,-58000000,NetCashProvidedByUsedInOperatingActivities,USD,2023-08-04,10-Q,2022-06-30,through_ocf,True,,,0.034955,-0.009938,2.154044,-0.028444,0.04061
2023Q3,2023-08-09,RAMP,733269,"LIVERAMP HOLDINGS, INC.",$100M-$500M,,142243000,RevenueFromContractWithCustomerExcludingAssessedTax,USD,2023-08-09,10-Q,2022-06-30,-27218000,NetIncomeLoss,USD,2023-08-09,10-Q,2022-06-30,1172703000,Assets,USD,2023-08-09,10-Q,2023-03-31,-56046000,NetCashProvidedByUsedInFinancingActivities,USD,2023-08-09,10-Q,2022-06-30,-1741000,NetCashProvidedByUsedInInvestingActivities,USD,2023-08-09,10-Q,2022-06-30,-33369000,NetCashProvidedByUsedInOperatingActivities,USD,2023-08-09,10-Q,2022-06-30,through_ocf,True,,,-0.191349,-0.234592,8.244364,-0.394016,-0.01224
2023Q3,2023-08-03,RARE,1515673,Ultragenyx Pharmaceutical Inc.,<$100M,,79935000,RevenueFromContractWithCustomerExcludingAssessedTax,USD,2023-05-05,10-Q,2022-03-31,-152320000,NetIncomeLoss,USD,2023-05-05,10-Q,2022-03-31,1545444000,Assets,USD,2023-05-05,10-Q,2022-12-31,1612000,NetCashProvidedByUsedInFinancingActivities,USD,2023-05-05,10-Q,2022-03-31,-37362000,NetCashProvidedByUsedInInvestingActivities,USD,2023-05-05,10-Q,2022-03-31,-117521000,NetCashProvidedByUsedInOperatingActivities,USD,2023-05-05,10-Q,2022-03-31,through_ocf,True,,,-1.905548,-1.470207,19.333759,0.020166,-0.467405
2023Q3,2023-07-26,RBBN,1708055,RIBBON COMMUNICATIONS INC.,$100M-$500M,,173198000,RevenueFromContractWithCustomerExcludingAssessedTax,USD,2023-04-28,10-Q,2022-03-31,-69975000,NetIncomeLoss,USD,2023-04-28,10-Q,2022-03-31,1255564000,Assets,USD,2023-04-28,10-Q,2022-12-31,-22395000,NetCashProvidedByUsedInFinancingActivities,USD,2023-04-28,10-Q,2022-03-31,-3471000,NetCashProvidedByUsedInInvestingActivities,USD,2023-04-28,10-Q,2022-03-31,15030000,NetCashProvidedByUsedInOperatingActivities,USD,2023-04-28,10-Q,2022-03-31,through_ocf,True,,,-0.404017,0.086779,7.249298,-0.129303,-0.020041
2023Q3,2023-07-21,RBCAA,921557,"REPUBLIC BANCORP, INC.",<$100M,,94176000,Revenues,USD,2023-05-05,10-Q,2022-03-31,28350000,NetIncomeLoss,USD,2023-05-05,10-Q,2022-03-31,6349869000,Assets,USD,2023-05-05,10-Q,2022-03-31,232555000,NetCashProvidedByUsedInFinancingActivities,USD,2023-05-05,10-Q,2022-03-31,7188000,NetCashProvidedByUsedInInvestingActivities,USD,2023-05-05,10-Q,2022-03-31,80868000,NetCashProvidedByUsedInOperatingActivities,USD,2023-05-05,10-Q,2022-03-31,through_ocf,True,,,0.301032,0.85869,67.425554,2.469366,0.076325
2023Q3,2023-08-09,RBLX,1315098,Roblox Corporation,$1B-$2B,,1128341000,RevenueFromContractWithCustomerExcludingAssessedTax,USD,2023-08-09,10-Q,2022-06-30,-336642000,NetIncomeLoss,USD,2023-08-09,10-Q,2022-06-30,5375487000,Assets,USD,2023-08-09,10-Q,2022-12-31,29152000,NetCashProvidedByUsedInFinancingActivities,USD,2023-08-09,10-Q,2022-06-30,-141767000,NetCashProvidedByUsedInInvestingActivities,USD,2023-08-09,10-Q,2022-06-30,182933000,NetCashProvidedByUsedInOperatingActivities,USD,2023-08-09,10-Q,2022-06-30,through_ocf,True,,,-0.298351,0.162126,4.764062,0.025836,-0.125642
2023Q3,2023-07-27,RCL,884887,ROYAL CARIBBEAN CRUISES LTD.,$2B-$10B,,3243473000,RevenueFromContractWithCustomerExcludingAssessedTax,USD,2023-07-27,10-Q,2022-06-30,-1688724000,NetIncomeLoss,USD,2023-07-27,10-Q,2022-06-30,33776361000,Assets,USD,2023-07-27,10-Q,2022-12-31,1979763000,NetCashProvidedByUsedInFinancingActivities,USD,2023-07-27,10-Q,2022-06-30,-2527547000,NetCashProvidedByUsedInInvestingActivities,USD,2023-07-27,10-Q,2022-06-30,-50207000,NetCashProvidedByUsedInOperatingActivities,USD,2023-07-27,10-Q,2022-06-30,through_ocf,True,,,-0.520653,-0.015479,10.41364,0.610384,-0.779272
2023Q3,2023-08-03,RDN,890926,RADIAN GROUP INC,$100M-$500M,,292980000,Revenues,USD,2023-05-05,10-Q,2022-03-31,181131000,NetIncomeLoss,USD,2023-05-05,10-Q,2022-03-31,7063729000,Assets,USD,2023-05-05,10-Q,2022-12-31,-63996000,NetCashProvidedByUsedInFinancingActivities,USD,2023-05-05,10-Q,2022-03-31,-71795000,NetCashProvidedByUsedInInvestingActivities,USD,2023-05-05,10-Q,2022-03-31,116675000,NetCashProvidedByUsedInOperatingActivities,USD,2023-05-05,10-Q,2022-03-31,through_ocf,True,,,0.618237,0.398235,24.109936,-0.218431,-0.245051
2023Q3,2023-08-09,RDNT,790526,"RadNet, Inc.",$500M-$1B,,696141000,Revenues,USD,2023-08-09,10-Q,2022-06-30,10918000,NetIncomeLoss,USD,2023-08-09,10-Q,2022-06-30,2433907000,Assets,USD,2023-08-09,10-Q,2022-12-31,-6625000,NetCashProvidedByUsedInFinancingActivities,USD,2023-08-09,10-Q,2022-06-30,-95988000,NetCashProvidedByUsedInInvestingActivities,USD,2023-08-09,10-Q,2022-06-30,65744000,NetCashProvidedByUsedInOperatingActivities,USD,2023-08-09,10-Q,2022-06-30,through_ocf,True,,,0.015684,0.094441,3.496285,-0.009517,-0.137886
2023Q3,2023-08-09,RDNW,1596961,"RideNow Group, Inc.",$500M-$1B,,746686000,RevenueFromContractWithCustomerExcludingAssessedTax,USD,2023-08-09,10-Q,2022-06-30,23174000,NetIncomeLoss,USD,2023-08-09,10-Q,2022-06-30,1271557000,Assets,USD,2023-08-09,10-Q,2022-06-30,53601000,NetCashProvidedByUsedInFinancingActivities,USD,2023-05-10,10-Q,2022-03-31,-69114000,NetCashProvidedByUsedInInvestingActivities,USD,2023-08-09,10-Q,2022-06-30,31274000,NetCashProvidedByUsedInOperatingActivities,USD,2023-05-10,10-Q,2022-03-31,through_ocf,True,,,0.031036,0.041884,1.702934,0.071785,-0.092561
2023Q3,2023-08-08,REAL,1573221,"TheRealReal, Inc.",$100M-$500M,,301135000,RevenueFromContractWithCustomerExcludingAssessedTax,USD,2023-08-08,10-Q,2022-06-30,-57412000,NetIncomeLoss,USD,2023-08-08,10-Q,2022-03-31,615641000,Assets,USD,2023-08-08,10-Q,2022-12-31,1842000,NetCashProvidedByUsedInFinancingActivities,USD,2023-08-08,10-Q,2022-06-30,-16219000,NetCashProvidedByUsedInInvestingActivities,USD,2023-08-08,10-Q,2022-06-30,-87904000,NetCashProvidedByUsedInOperatingActivities,USD,2023-08-08,10-Q,2022-06-30,through_ocf,True,,,-0.190652,-0.291909,2.044402,0.006117,-0.05386
2023Q3,2023-08-03,REG,910606,REGENCY CENTERS CORPORATION,$100M-$500M,,303433000,Revenues,USD,2023-05-05,10-Q,2022-03-31,195228000,NetIncomeLoss,USD,2023-05-05,10-Q,2022-03-31,10860220000,Assets,USD,2023-05-05,10-Q,2022-12-31,-117543000,NetCashProvidedByUsedInFinancingActivities,USD,2023-05-05,10-Q,2022-03-31,58354000,NetCashProvidedByUsedInInvestingActivities,USD,2023-05-05,10-Q,2022-03-31,142892000,NetCashProvidedByUsedInOperatingActivities,USD,2023-05-05,10-Q,2022-03-31,through_ocf,True,,,0.643397,0.470918,35.791163,-0.387377,0.192313
2023Q3,2023-08-03,REGN,872589,"REGENERON PHARMACEUTICALS, INC.",$2B-$10B,,5822300000,RevenueFromContractWithCustomerExcludingAssessedTax,USD,2023-08-03,10-Q,2022-06-30,973500000,NetIncomeLoss,USD,2023-08-03,10-Q,2022-03-31,29214500000,Assets,USD,2023-08-03,10-Q,2022-12-31,-36400000,NetCashProvidedByUsedInFinancingActivities,USD,2023-08-03,10-Q,2022-06-30,-2119200000,NetCashProvidedByUsedInInvestingActivities,USD,2023-08-03,10-Q,2022-06-30,2666100000,NetCashProvidedByUsedInOperatingActivities,USD,2023-08-03,10-Q,2022-06-30,through_ocf,True,,,0.167202,0.457912,5.017691,-0.006252,-0.36398
2023Q3,2023-07-19,RELL,355948,"RICHARDSON ELECTRONICS, LTD.",$100M-$500M,,162991000,RevenueFromContractWithCustomerExcludingAssessedTax,USD,2023-04-06,10-Q,2022-02-26,9644000,NetIncomeLoss,USD,2023-04-06,10-Q,2022-02-26,179819000,Assets,USD,2023-04-06,10-Q,2022-05-28,110000,NetCashProvidedByUsedInFinancingActivities,USD,2023-04-06,10-Q,2022-02-26,-2161000,NetCashProvidedByUsedInInvestingActivities,USD,2023-04-06,10-Q,2022-02-26,-1456000,NetCashProvidedByUsedInOperatingActivities,USD,2023-04-06,10-Q,2022-02-26,through_ocf,True,,,0.059169,-0.008933,1.103245,0.000675,-0.013258
2023Q3,2023-08-02,RELY,1782170,"Remitly Global, Inc.",$100M-$500M,,136014000,RevenueFromContractWithCustomerExcludingAssessedTax,USD,2023-05-08,10-Q,2022-03-31,-23310000,NetIncomeLoss,USD,2023-05-08,10-Q,2022-03-31,695953000,Assets,USD,2023-05-08,10-Q,2022-12-31,2601000,NetCashProvidedByUsedInFinancingActivities,USD,2023-05-08,10-Q,2022-03-31,-1625000,NetCashProvidedByUsedInInvestingActivities,USD,2023-05-08,10-Q,2022-03-31,40250000,NetCashProvidedByUsedInOperatingActivities,USD,2023-05-08,10-Q,2022-03-31,through_ocf,True,,,-0.171379,0.295925,5.116775,0.019123,-0.011947
2023Q3,2023-07-26,RES,742278,"RPC, INC.",$100M-$500M,,436334000,RevenueFromContractWithCustomerExcludingAssessedTax,USD,2019-05-02,10-Q,2018-03-31,15079000,NetIncomeLoss,USD,2023-04-28,10-Q,2022-03-31,891168000,Assets,USD,2023-04-28,10-Q,2022-03-31,-2233000,NetCashProvidedByUsedInFinancingActivities,USD,2023-04-28,10-Q,2022-03-31,-15259000,NetCashProvidedByUsedInInvestingActivities,USD,2023-04-28,10-Q,2022-03-31,8248000,NetCashProvidedByUsedInOperatingActivities,USD,2023-04-28,10-Q,2022-03-31,through_ocf,True,,,0.034558,0.018903,2.042399,-0.005118,-0.034971
2023Q3,2023-08-30,REX,744187,REX AMERICAN RESOURCES CORPORATION,$100M-$500M,,194228000,Revenues,USD,2023-05-26,10-Q,2022-04-30,5182000,NetIncomeLoss,USD,2023-05-26,10-Q,2022-04-30,579579000,Assets,USD,2023-05-26,10-Q,2023-01-31,-1000,NetCashProvidedByUsedInFinancingActivities,USD,2023-05-26,10-Q,2022-04-30,-142783000,NetCashProvidedByUsedInInvestingActivities,USD,2023-05-26,10-Q,2022-04-30,-17679000,NetCashProvidedByUsedInOperatingActivities,USD,2023-05-26,10-Q,2022-04-30,through_ocf,True,,,0.02668,-0.091022,2.984014,-5e-06,-0.735131
2023Q3,2023-08-09,REYN,1786431,REYNOLDS CONSUMER PRODUCTS INC.,$1B-$2B,,1762000000,Revenues,USD,2023-08-09,10-Q,2022-06-30,52000000,NetIncomeLoss,USD,2023-08-09,10-Q,2022-03-31,4929000000,Assets,USD,2023-08-09,10-Q,2022-12-31,-108000000,NetCashProvidedByUsedInFinancingActivities,USD,2023-08-09,10-Q,2022-06-30,-56000000,NetCashProvidedByUsedInInvestingActivities,USD,2023-08-09,10-Q,2022-06-30,101000000,NetCashProvidedByUsedInOperatingActivities,USD,2023-08-09,10-Q,2022-06-30,through_ocf,True,,,0.029512,0.057321,2.797389,-0.061294,-0.031782
2023Q3,2023-07-24,RGP,1084765,"RESOURCES CONNECTION, INC.",$500M-$1B,,587987000,RevenueFromContractWithCustomerExcludingAssessedTax,USD,2023-04-06,10-Q,2022-02-26,46648000,NetIncomeLoss,USD,2023-04-06,10-Q,2022-02-26,581473000,Assets,USD,2023-04-06,10-Q,2022-05-28,-10444000,NetCashProvidedByUsedInFinancingActivities,USD,2023-04-06,10-Q,2022-02-26,-2363000,NetCashProvidedByUsedInInvestingActivities,USD,2023-04-06,10-Q,2022-02-26,22676000,NetCashProvidedByUsedInOperatingActivities,USD,2023-04-06,10-Q,2022-02-26,through_ocf,True,,,0.079335,0.038565,0.988922,-0.017762,-0.004019
2023Q3,2023-08-02,RGR,95029,"STURM, RUGER & COMPANY, INC.",$100M-$500M,,307228000,Revenues,USD,2023-08-02,10-Q,2022-07-02,50989000,NetIncomeLoss,USD,2023-08-02,10-Q,2022-07-02,484763000,Assets,USD,2023-08-02,10-Q,2022-12-31,-30541000,NetCashProvidedByUsedInFinancingActivities,USD,2023-08-02,10-Q,2022-07-02,20657000,NetCashProvidedByUsedInInvestingActivities,USD,2023-08-02,10-Q,2022-07-02,32379000,NetCashProvidedByUsedInOperatingActivities,USD,2023-08-02,10-Q,2022-07-02,through_ocf,True,,,0.165965,0.105391,1.577861,-0.099408,0.067237
2023Q3,2023-08-04,RHP,1040829,"RYMAN HOSPITALITY PROPERTIES, INC.",$500M-$1B,,769339000,RevenueFromContractWithCustomerExcludingAssessedTax,USD,2023-08-04,10-Q,2022-06-30,26127000,ProfitLoss,USD,2023-08-04,10-Q,2022-06-30,4040623000,Assets,USD,2023-08-04,10-Q,2022-12-31,62752000,NetCashProvidedByUsedInFinancingActivities,USD,2023-08-04,10-Q,2022-06-30,-121596000,NetCashProvidedByUsedInInvestingActivities,USD,2023-08-04,10-Q,2022-06-30,127613000,NetCashProvidedByUsedInOperatingActivities,USD,2023-08-04,10-Q,2022-06-30,through_ocf,True,,,0.03396,0.165874,5.252071,0.081566,-0.158053
2023Q3,2023-07-12,RICK,935419,"RCI HOSPITALITY HOLDINGS, INC.",$100M-$500M,,125528000,RevenueFromContractWithCustomerExcludingAssessedTax,USD,2023-05-10,10-Q,2022-03-31,21527000,NetIncomeLoss,USD,2023-05-10,10-Q,2022-03-31,530738000,Assets,USD,2023-05-10,10-Q,2022-09-30,24335000,NetCashProvidedByUsedInFinancingActivities,USD,2023-05-10,10-Q,2022-03-31,-49815000,NetCashProvidedByUsedInInvestingActivities,USD,2023-05-10,10-Q,2022-03-31,27861000,NetCashProvidedByUsedInOperatingActivities,USD,2023-05-10,10-Q,2022-03-31,through_ocf,True,,,0.171492,0.22195,4.228045,0.193861,-0.396844
2023Q3,2023-07-31,RIG,1451505,TRANSOCEAN LTD,$500M-$1B,,586000000,RevenueFromContractWithCustomerExcludingAssessedTax,USD,2023-05-02,10-Q,2022-03-31,-175000000,NetIncomeLoss,USD,2023-05-02,10-Q,2022-03-31,20436000000,Assets,USD,2023-05-02,10-Q,2022-12-31,-65000000,NetCashProvidedByUsedInFinancingActivities,USD,2023-05-02,10-Q,2022-03-31,-120000000,NetCashProvidedByUsedInInvestingActivities,USD,2023-05-02,10-Q,2022-03-31,-1000000,NetCashProvidedByUsedInOperatingActivities,USD,2023-05-02,10-Q,2022-03-31,through_ocf,True,,,-0.298635,-0.001706,34.87372,-0.110922,-0.204778
2023Q3,2023-07-25,RILY,1464790,"BRC Group Holdings, Inc.",$100M-$500M,,246840000,Revenues,USD,2023-05-08,10-Q,2022-03-31,-10062000,NetIncomeLoss,USD,2023-05-08,10-Q,2022-03-31,6111202000,Assets,USD,2023-05-08,10-Q,2022-12-31,-14441000,NetCashProvidedByUsedInFinancingActivities,USD,2023-05-08,10-Q,2022-03-31,-35513000,NetCashProvidedByUsedInInvestingActivities,USD,2023-05-08,10-Q,2022-03-31,-14898000,NetCashProvidedByUsedInOperatingActivities,USD,2023-05-08,10-Q,2022-03-31,through_ocf,True,,,-0.040763,-0.060355,24.757746,-0.058503,-0.143871
2023Q3,2023-07-25,RILYN,1464790,"BRC Group Holdings, Inc.",$100M-$500M,,246840000,Revenues,USD,2023-05-08,10-Q,2022-03-31,-10062000,NetIncomeLoss,USD,2023-05-08,10-Q,2022-03-31,6111202000,Assets,USD,2023-05-08,10-Q,2022-12-31,-14441000,NetCashProvidedByUsedInFinancingActivities,USD,2023-05-08,10-Q,2022-03-31,-35513000,NetCashProvidedByUsedInInvestingActivities,USD,2023-05-08,10-Q,2022-03-31,-14898000,NetCashProvidedByUsedInOperatingActivities,USD,2023-05-08,10-Q,2022-03-31,through_ocf,True,,,-0.040763,-0.060355,24.757746,-0.058503,-0.143871
2023Q3,2023-07-25,RILYZ,1464790,"BRC Group Holdings, Inc.",$100M-$500M,,246840000,Revenues,USD,2023-05-08,10-Q,2022-03-31,-10062000,NetIncomeLoss,USD,2023-05-08,10-Q,2022-03-31,6111202000,Assets,USD,2023-05-08,10-Q,2022-12-31,-14441000,NetCashProvidedByUsedInFinancingActivities,USD,2023-05-08,10-Q,2022-03-31,-35513000,NetCashProvidedByUsedInInvestingActivities,USD,2023-05-08,10-Q,2022-03-31,-14898000,NetCashProvidedByUsedInOperatingActivities,USD,2023-05-08,10-Q,2022-03-31,through_ocf,True,,,-0.040763,-0.060355,24.757746,-0.058503,-0.143871
2023Q3,2023-08-08,RIVN,1874178,"Rivian Automotive, Inc. / DE",$100M-$500M,,459000000,RevenueFromContractWithCustomerExcludingAssessedTax,USD,2023-08-08,10-Q,2022-06-30,-1593000000,NetIncomeLoss,USD,2023-08-08,10-Q,2022-03-31,17876000000,Assets,USD,2023-08-08,10-Q,2022-12-31,56000000,NetCashProvidedByUsedInFinancingActivities,USD,2023-08-08,10-Q,2022-06-30,-777000000,NetCashProvidedByUsedInInvestingActivities,USD,2023-08-08,10-Q,2022-06-30,-2238000000,NetCashProvidedByUsedInOperatingActivities,USD,2023-08-08,10-Q,2022-06-30,through_ocf,True,,,-3.470588,-4.875817,38.945534,0.122004,-1.69281
2023Q3,2023-07-26,RJF,720005,"RAYMOND JAMES FINANCIAL, INC.",$2B-$10B,,5529000000,Revenues,USD,2023-05-08,10-Q,2022-03-31,769000000,NetIncomeLoss,USD,2023-05-08,10-Q,2022-03-31,80951000000,Assets,USD,2023-05-08,10-Q,2022-09-30,2025000000,NetCashProvidedByUsedInFinancingActivities,USD,2023-05-08,10-Q,2022-03-31,-2403000000,NetCashProvidedByUsedInInvestingActivities,USD,2023-05-08,10-Q,2022-03-31,-1170000000,NetCashProvidedByUsedInOperatingActivities,USD,2023-05-08,10-Q,2022-03-31,through_ocf,True,,,0.139085,-0.211612,14.641165,0.366251,-0.434617
2023Q3,2023-08-10,RL,1037038,Ralph Lauren Corporation,$1B-$2B,,1490600000,Revenues,USD,2023-08-10,10-Q,2022-07-02,123400000,NetIncomeLoss,USD,2023-08-10,10-Q,2022-07-02,6789500000,Assets,USD,2023-08-10,10-Q,2023-04-01,-788600000,NetCashProvidedByUsedInFinancingActivities,USD,2023-08-10,10-Q,2022-07-02,365600000,NetCashProvidedByUsedInInvestingActivities,USD,2023-08-10,10-Q,2022-07-02,45300000,NetCashProvidedByUsedInOperatingActivities,USD,2023-08-10,10-Q,2022-07-02,through_ocf,True,,,0.082785,0.03039,4.554877,-0.529049,0.24527
2023Q3,2023-09-13,RLGT,1171155,"RADIANT LOGISTICS, INC.",$1B-$2B,,1459419000,RevenueFromContractWithCustomerExcludingAssessedTax,USD,2023-09-13,10-K,2022-06-30,44464000,NetIncomeLoss,USD,2023-09-13,10-K,2022-06-30,497351000,Assets,USD,2023-09-13,10-K,2022-06-30,28934000,NetCashProvidedByUsedInFinancingActivities,USD,2023-09-13,10-K,2022-06-30,-45678000,NetCashProvidedByUsedInInvestingActivities,USD,2023-09-13,10-K,2022-06-30,24877000,NetCashProvidedByUsedInOperatingActivities,USD,2023-09-13,10-K,2022-06-30,through_ocf,True,,,0.030467,0.017046,0.340787,0.019826,-0.031299
2023Q3,2023-08-04,RLJ,1511337,RLJ LODGING TRUST,$500M-$1B,,573400000,Revenues,USD,2023-08-04,10-Q,2022-06-30,17718000,NetIncomeLoss,USD,2023-08-04,10-Q,2022-06-30,4978225000,Assets,USD,2023-08-04,10-Q,2022-12-31,-269578000,NetCashProvidedByUsedInFinancingActivities,USD,2023-08-04,10-Q,2022-06-30,-4833000,NetCashProvidedByUsedInInvestingActivities,USD,2023-08-04,10-Q,2022-06-30,116304000,NetCashProvidedByUsedInOperatingActivities,USD,2023-08-04,10-Q,2022-06-30,through_ocf,True,,,0.0309,0.202832,8.681941,-0.47014,-0.008429
2023Q3,2023-08-02,RM,1519401,Regional Management Corp.,$100M-$500M,,120848000,Revenues,USD,2023-05-05,10-Q,2022-03-31,26783000,NetIncomeLoss,USD,2023-05-05,10-Q,2022-03-31,1724987000,Assets,USD,2023-05-05,10-Q,2022-12-31,10933000,NetCashProvidedByUsedInFinancingActivities,USD,2023-05-05,10-Q,2022-03-31,-49355000,NetCashProvidedByUsedInInvestingActivities,USD,2023-05-05,10-Q,2022-03-31,45787000,NetCashProvidedByUsedInOperatingActivities,USD,2023-05-05,10-Q,2022-03-31,through_ocf,True,,,0.221626,0.378881,14.274022,0.090469,-0.408406
2023Q3,2023-07-31,RMBS,917273,RAMBUS INC,$100M-$500M,,192071000,SalesRevenueNet,USD,2018-08-03,10-Q,2017-06-30,-66218000,NetIncomeLoss,USD,2023-05-05,10-Q,2022-03-31,1012594000,Assets,USD,2023-05-05,10-Q,2022-12-31,-175907000,NetCashProvidedByUsedInFinancingActivities,USD,2023-05-05,10-Q,2022-03-31,204756000,NetCashProvidedByUsedInInvestingActivities,USD,2023-05-05,10-Q,2022-03-31,42614000,NetCashProvidedByUsedInOperatingActivities,USD,2023-05-05,10-Q,2022-03-31,through_ocf,True,,,-0.344758,0.221866,5.271978,-0.915844,1.066043
2023Q3,2023-08-03,RMD,943819,ResMed Inc.,$2B-$10B,,2663390000,RevenueFromContractWithCustomerExcludingAssessedTax,USD,2023-04-28,10-Q,2022-03-31,203613000,NetIncomeLoss,USD,2023-04-28,10-Q,2021-09-30,5095853000,Assets,USD,2023-04-28,10-Q,2022-06-30,-185862000,NetCashProvidedByUsedInFinancingActivities,USD,2023-04-28,10-Q,2022-03-31,-174677000,NetCashProvidedByUsedInInvestingActivities,USD,2023-04-28,10-Q,2022-03-31,271661000,NetCashProvidedByUsedInOperatingActivities,USD,2023-04-28,10-Q,2022-03-31,through_ocf,True,,,0.076449,0.101998,1.913296,-0.069784,-0.065584
2023Q3,2023-08-02,RMNI,1635282,"Rimini Street, Inc.",$100M-$500M,,199110000,RevenueFromContractWithCustomerExcludingAssessedTax,USD,2023-08-02,10-Q,2022-06-30,3197000,NetIncomeLoss,USD,2023-08-02,10-Q,2022-06-30,391041000,Assets,USD,2023-08-02,10-Q,2022-12-31,-10731000,NetCashProvidedByUsedInFinancingActivities,USD,2023-08-02,10-Q,2022-06-30,-1722000,NetCashProvidedByUsedInInvestingActivities,USD,2023-08-02,10-Q,2022-06-30,60773000,NetCashProvidedByUsedInOperatingActivities,USD,2023-08-02,10-Q,2022-06-30,through_ocf,True,,,0.016056,0.305223,1.963945,-0.053895,-0.008648
2023Q3,2023-08-09,RMR,1644378,RMR GROUP INC.,$500M-$1B,,590310000,RevenueFromContractWithCustomerExcludingAssessedTax,USD,2023-08-09,10-Q,2022-06-30,22004000,NetIncomeLoss,USD,2023-08-09,10-Q,2022-06-30,542405000,Assets,USD,2023-08-09,10-Q,2022-09-30,-43371000,NetCashProvidedByUsedInFinancingActivities,USD,2023-08-09,10-Q,2022-06-30,-10384000,NetCashProvidedByUsedInInvestingActivities,USD,2023-08-09,10-Q,2022-06-30,89856000,NetCashProvidedByUsedInOperatingActivities,USD,2023-08-09,10-Q,2022-06-30,through_ocf,True,,,0.037275,0.152218,0.918848,-0.073472,-0.017591
2023Q3,2023-08-07,RNGR,1699039,"RANGER ENERGY SERVICES, INC.",$100M-$500M,,123600000,Revenues,USD,2023-05-05,10-Q,2022-03-31,-5700000,NetIncomeLoss,USD,2023-05-05,10-Q,2022-03-31,381600000,Assets,USD,2023-05-05,10-Q,2022-12-31,10300000,NetCashProvidedByUsedInFinancingActivities,USD,2023-05-05,10-Q,2022-03-31,5000000,NetCashProvidedByUsedInInvestingActivities,USD,2023-05-05,10-Q,2022-03-31,-12100000,NetCashProvidedByUsedInOperatingActivities,USD,2023-05-05,10-Q,2022-03-31,through_ocf,True,,,-0.046117,-0.097896,3.087379,0.083333,0.040453
2023Q3,2023-08-02,ROAD,1718227,"CONSTRUCTION PARTNERS, INC.",$500M-$1B,,528349000,RevenueFromContractWithCustomerExcludingAssessedTax,USD,2023-05-09,10-Q,2022-03-31,5511000,NetIncomeLoss,USD,2023-05-09,10-Q,2021-12-31,1095521000,Assets,USD,2023-05-09,10-Q,2022-09-30,110961000,NetCashProvidedByUsedInFinancingActivities,USD,2023-05-09,10-Q,2022-03-31,-140177000,NetCashProvidedByUsedInInvestingActivities,USD,2023-05-09,10-Q,2022-03-31,3294000,NetCashProvidedByUsedInOperatingActivities,USD,2023-05-09,10-Q,2022-03-31,through_ocf,True,,,0.010431,0.006235,2.07348,0.210015,-0.265311
2023Q3,2023-08-02,ROCK,912562,"GIBRALTAR INDUSTRIES, INC.",$500M-$1B,,684814000,Revenues,USD,2023-08-02,10-Q,2022-06-30,44763000,NetIncomeLoss,USD,2023-08-02,10-Q,2022-06-30,1210613000,Assets,USD,2023-08-02,10-Q,2022-12-31,16032000,NetCashProvidedByUsedInFinancingActivities,USD,2023-08-02,10-Q,2022-06-30,-11202000,NetCashProvidedByUsedInInvestingActivities,USD,2023-08-02,10-Q,2022-06-30,544000,NetCashProvidedByUsedInOperatingActivities,USD,2023-08-02,10-Q,2022-06-30,through_ocf,True,,,0.065365,0.000794,1.767798,0.023411,-0.016358
2023Q3,2023-08-03,ROG,84748,ROGERS CORP,$100M-$500M,,248266000,RevenueFromContractWithCustomerExcludingAssessedTax,USD,2023-04-28,10-Q,2022-03-31,16600000,NetIncomeLoss,USD,2023-04-28,10-Q,2022-03-31,1646214000,Assets,USD,2023-04-28,10-Q,2022-12-31,-9694000,NetCashProvidedByUsedInFinancingActivities,USD,2023-04-28,10-Q,2022-03-31,-25987000,NetCashProvidedByUsedInInvestingActivities,USD,2023-04-28,10-Q,2022-03-31,-13723000,NetCashProvidedByUsedInOperatingActivities,USD,2023-04-28,10-Q,2022-03-31,through_ocf,True,,,0.066864,-0.055275,6.630848,-0.039047,-0.104674
2023Q3,2023-08-01,ROK,1024478,"ROCKWELL AUTOMATION, INC",$2B-$10B,,5634100000,RevenueFromContractWithCustomerExcludingAssessedTax,USD,2023-08-01,10-Q,2022-06-30,593300000,NetIncomeLoss,USD,2023-08-01,10-Q,2022-06-30,10758700000,Assets,USD,2023-08-01,10-Q,2022-09-30,-478500000,NetCashProvidedByUsedInFinancingActivities,USD,2023-08-01,10-Q,2022-06-30,-99200000,NetCashProvidedByUsedInInvestingActivities,USD,2023-08-01,10-Q,2022-06-30,423700000,NetCashProvidedByUsedInOperatingActivities,USD,2023-08-01,10-Q,2022-06-30,through_ocf,True,,,0.105305,0.075203,1.909569,-0.084929,-0.017607
2023Q3,2023-07-27,ROKU,1428439,"Roku, Inc.",$500M-$1B,,733699000,RevenueFromContractWithCustomerExcludingAssessedTax,USD,2023-04-27,10-Q,2022-03-31,-26306000,NetIncomeLoss,USD,2023-04-27,10-Q,2022-03-31,4412601000,Assets,USD,2023-04-27,10-Q,2022-12-31,2102000,NetCashProvidedByUsedInFinancingActivities,USD,2023-04-27,10-Q,2022-03-31,-14764000,NetCashProvidedByUsedInInvestingActivities,USD,2023-04-27,10-Q,2022-03-31,101798000,NetCashProvidedByUsedInOperatingActivities,USD,2023-04-27,10-Q,2022-03-31,through_ocf,True,,,-0.035854,0.138746,6.014184,0.002865,-0.020123
2023Q3,2023-07-26,ROL,84839,"ROLLINS, INC.",$500M-$1B,,590680000,RevenueFromContractWithCustomerExcludingAssessedTax,USD,2023-04-27,10-Q,2022-03-31,73766000,NetIncomeLoss,USD,2023-04-27,10-Q,2022-03-31,2122028000,Assets,USD,2023-04-27,10-Q,2022-12-31,82093000,NetCashProvidedByUsedInFinancingActivities,USD,2023-04-27,10-Q,2022-03-31,-19928000,NetCashProvidedByUsedInInvestingActivities,USD,2023-04-27,10-Q,2022-03-31,87532000,NetCashProvidedByUsedInOperatingActivities,USD,2023-04-27,10-Q,2022-03-31,through_ocf,True,,,0.124883,0.148189,3.592517,0.13898,-0.033737
2023Q3,2023-07-21,ROP,882835,"ROPER TECHNOLOGIES, INC.",$1B-$2B,,1279800000,RevenueFromContractWithCustomerExcludingAssessedTax,USD,2023-05-03,10-Q,2022-03-31,2020500000,NetIncomeLoss,USD,2023-05-03,10-Q,2022-03-31,26980800000,Assets,USD,2023-05-03,10-Q,2022-12-31,-520200000,NetCashProvidedByUsedInFinancingActivities,USD,2023-05-03,10-Q,2022-03-31,2938200000,NetCashProvidedByUsedInInvestingActivities,USD,2023-05-03,10-Q,2022-03-31,475300000,NetCashProvidedByUsedInOperatingActivities,USD,2023-05-03,10-Q,2022-03-31,through_ocf,True,,,1.578762,0.371386,21.082044,-0.40647,2.295827
2023Q3,2023-08-17,ROST,745732,"ROSS STORES, INC.",$2B-$10B,,4333100000,RevenueFromContractWithCustomerExcludingAssessedTax,USD,2023-06-07,10-Q,2022-04-30,338445000,NetIncomeLoss,USD,2023-06-07,10-Q,2022-04-30,13233698000,Assets,USD,2023-06-07,10-Q,2022-04-30,-380669000,NetCashProvidedByUsedInFinancingActivities,USD,2023-06-07,10-Q,2022-04-30,-109848000,NetCashProvidedByUsedInInvestingActivities,USD,2023-06-07,10-Q,2022-04-30,-416267000,NetCashProvidedByUsedInOperatingActivities,USD,2023-06-07,10-Q,2022-04-30,through_ocf,True,,,0.078107,-0.096067,3.054095,-0.087851,-0.025351
2023Q3,2023-08-08,RPD,1560327,"RAPID7, INC.",$100M-$500M,,157384000,Revenues,USD,2023-05-10,10-Q,2022-03-31,-44999000,NetIncomeLoss,USD,2023-05-10,10-Q,2022-03-31,1358991000,Assets,USD,2023-05-10,10-Q,2022-12-31,3208000,NetCashProvidedByUsedInFinancingActivities,USD,2023-05-10,10-Q,2022-03-31,-35911000,NetCashProvidedByUsedInInvestingActivities,USD,2023-05-10,10-Q,2022-03-31,10403000,NetCashProvidedByUsedInOperatingActivities,USD,2023-05-10,10-Q,2022-03-31,through_ocf,True,,,-0.285919,0.066099,8.634874,0.020383,-0.228174
2023Q3,2023-08-08,RPRX,1802768,Royalty Pharma plc,$1B-$2B,,1098004000,Revenues,USD,2023-08-08,10-Q,2022-06-30,356265000,NetIncomeLoss,USD,2023-08-08,10-Q,2022-06-30,16813466000,Assets,USD,2023-08-08,10-Q,2022-12-31,-449220000,NetCashProvidedByUsedInFinancingActivities,USD,2023-08-08,10-Q,2022-06-30,-19013000,NetCashProvidedByUsedInInvestingActivities,USD,2023-08-08,10-Q,2022-06-30,1035222000,NetCashProvidedByUsedInOperatingActivities,USD,2023-08-08,10-Q,2022-06-30,through_ocf,True,,,0.324466,0.942822,15.312755,-0.409124,-0.017316
2023Q3,2023-08-17,RRGB,1171759,"RED ROBIN GOURMET BURGERS, INC.",$500M-$1B,,689130000,RevenueFromContractWithCustomerExcludingAssessedTax,USD,2023-08-17,10-Q,2022-07-10,-3581000,NetIncomeLoss,USD,2023-08-17,10-Q,2022-04-17,832145000,Assets,USD,2023-08-17,10-Q,2022-12-25,15455000,NetCashProvidedByUsedInFinancingActivities,USD,2023-08-17,10-Q,2022-07-10,-15624000,NetCashProvidedByUsedInInvestingActivities,USD,2023-08-17,10-Q,2022-07-10,36439000,NetCashProvidedByUsedInOperatingActivities,USD,2023-08-17,10-Q,2022-07-10,through_ocf,True,,,-0.005196,0.052877,1.20753,0.022427,-0.022672
2023Q3,2023-08-03,RRR,1653653,"RED ROCK RESORTS, INC.",$100M-$500M,,401636000,Revenues,USD,2023-05-08,10-Q,2022-03-31,48346000,NetIncomeLoss,USD,2023-05-08,10-Q,2022-03-31,3345750000,Assets,USD,2023-05-08,10-Q,2022-12-31,-56049000,NetCashProvidedByUsedInFinancingActivities,USD,2023-05-08,10-Q,2022-03-31,-40131000,NetCashProvidedByUsedInInvestingActivities,USD,2023-05-08,10-Q,2022-03-31,157465000,NetCashProvidedByUsedInOperatingActivities,USD,2023-05-08,10-Q,2022-03-31,through_ocf,True,,,0.120373,0.392059,8.330304,-0.139552,-0.099919
2023Q3,2023-07-31,RSG,1060391,"REPUBLIC SERVICES, INC.",$2B-$10B,,3466100000,Revenues,USD,2023-04-28,10-Q,2022-03-31,352019000,NetIncomeLoss,USD,2023-04-28,10-Q,2022-03-31,24880100000,Assets,USD,2023-04-28,10-Q,2022-03-31,-314700000,NetCashProvidedByUsedInFinancingActivities,USD,2023-04-28,10-Q,2022-03-31,-399400000,NetCashProvidedByUsedInInvestingActivities,USD,2023-04-28,10-Q,2022-03-31,705600000,NetCashProvidedByUsedInOperatingActivities,USD,2023-04-28,10-Q,2022-03-31,through_ocf,True,,,0.101561,0.203572,7.178125,-0.090794,-0.11523
2023Q3,2023-08-02,RSI,1793659,"RUSH STREET INTERACTIVE, INC.",$100M-$500M,,134938000,RevenueFromContractWithCustomerExcludingAssessedTax,USD,2023-05-04,10-Q,2022-03-31,-14697000,NetIncomeLoss,USD,2023-05-04,10-Q,2022-03-31,350346000,Assets,USD,2023-05-04,10-Q,2022-12-31,-432000,NetCashProvidedByUsedInFinancingActivities,USD,2023-05-04,10-Q,2022-03-31,-3372000,NetCashProvidedByUsedInInvestingActivities,USD,2023-05-04,10-Q,2022-03-31,-37007000,NetCashProvidedByUsedInOperatingActivities,USD,2023-05-04,10-Q,2022-03-31,through_ocf,True,,,-0.108917,-0.274252,2.596348,-0.003201,-0.024989
2023Q3,2023-08-02,RSVR,1824403,"RESERVOIR MEDIA, INC.",<$100M,,24278770,Revenues,USD,2023-08-02,10-Q,2022-06-30,76039,NetIncomeLoss,USD,2023-08-02,10-Q,2022-06-30,754082929,Assets,USD,2023-08-02,10-Q,2023-03-31,6517167,NetCashProvidedByUsedInFinancingActivities,USD,2023-08-02,10-Q,2022-06-30,-12772573,NetCashProvidedByUsedInInvestingActivities,USD,2023-08-02,10-Q,2022-06-30,1802957,NetCashProvidedByUsedInOperatingActivities,USD,2023-08-02,10-Q,2022-06-30,through_ocf,True,,,0.003132,0.074261,31.059355,0.268431,-0.52608
2023Q3,2023-08-02,RUN,1469367,Sunrun Inc.,$1B-$2B,,1080364000,RevenueFromContractWithCustomerExcludingAssessedTax,USD,2023-08-02,10-Q,2022-06-30,-100204000,NetIncomeLoss,USD,2023-08-02,10-Q,2022-06-30,19268805000,Assets,USD,2023-08-02,10-Q,2022-12-31,1487256000,NetCashProvidedByUsedInFinancingActivities,USD,2023-08-02,10-Q,2022-06-30,-1020298000,NetCashProvidedByUsedInInvestingActivities,USD,2023-08-02,10-Q,2022-06-30,-454261000,NetCashProvidedByUsedInOperatingActivities,USD,2023-08-02,10-Q,2022-06-30,through_ocf,True,,,-0.09275,-0.42047,17.835475,1.376625,-0.944402
2023Q3,2023-08-02,RVLV,1746618,"REVOLVE GROUP, INC.",$500M-$1B,,573552000,RevenueFromContractWithCustomerExcludingAssessedTax,USD,2023-08-02,10-Q,2022-06-30,38841000,NetIncomeLoss,USD,2023-08-02,10-Q,2022-06-30,579318000,Assets,USD,2023-08-02,10-Q,2022-12-31,368000,NetCashProvidedByUsedInFinancingActivities,USD,2023-08-02,10-Q,2022-06-30,-2516000,NetCashProvidedByUsedInInvestingActivities,USD,2023-08-02,10-Q,2022-06-30,24445000,NetCashProvidedByUsedInOperatingActivities,USD,2023-08-02,10-Q,2022-06-30,through_ocf,True,,,0.06772,0.04262,1.010053,0.000642,-0.004387
2023Q3,2023-08-01,RVTY,31791,"REVVITY, INC.",$500M-$1B,,963163000,RevenueFromContractWithCustomerExcludingAssessedTax,USD,2023-05-12,10-Q,2022-04-03,176962000,NetIncomeLoss,USD,2023-05-12,10-Q,2022-04-03,14129855000,Assets,USD,2023-05-12,10-Q,2023-01-01,-164858000,NetCashProvidedByUsedInFinancingActivities,USD,2023-05-12,10-Q,2022-04-03,-56306000,NetCashProvidedByUsedInInvestingActivities,USD,2023-05-12,10-Q,2022-04-03,283215000,NetCashProvidedByUsedInOperatingActivities,USD,2023-05-12,10-Q,2022-04-03,through_ocf,True,,,0.18373,0.294047,14.670263,-0.171163,-0.058459
2023Q3,2023-08-02,RXO,0001929561,"RXO, INC.",$2B-$10B,,2538000000,RevenueFromContractWithCustomerExcludingAssessedTax,USD,2023-08-02,10-Q,2022-06-30,83000000,NetIncomeLoss,USD,2023-08-02,10-Q,2022-06-30,2031000000,Assets,USD,2023-08-02,10-Q,2022-12-31,30000000,NetCashProvidedByUsedInFinancingActivities,USD,2023-08-02,10-Q,2022-06-30,-24000000,NetCashProvidedByUsedInInvestingActivities,USD,2023-08-02,10-Q,2022-06-30,177000000,NetCashProvidedByUsedInOperatingActivities,USD,2023-08-02,10-Q,2022-06-30,through_ocf,True,,,0.032703,0.06974,0.800236,0.01182,-0.009456
2023Q3,2023-08-08,RYAM,1597672,RAYONIER ADVANCED MATERIALS INC.,$100M-$500M,,351716000,RevenueFromContractWithCustomerExcludingAssessedTax,USD,2023-05-10,10-Q,2022-03-26,-24851000,NetIncomeLoss,USD,2023-05-10,10-Q,2022-03-26,2347528000,Assets,USD,2023-05-10,10-Q,2022-12-31,-4414000,NetCashProvidedByUsedInFinancingActivities,USD,2023-05-10,10-Q,2022-03-26,-45167000,NetCashProvidedByUsedInInvestingActivities,USD,2023-05-10,10-Q,2022-03-26,-23520000,NetCashProvidedByUsedInOperatingActivities,USD,2023-05-10,10-Q,2022-03-26,through_ocf,True,,,-0.070656,-0.066872,6.674499,-0.01255,-0.128419
2023Q3,2023-07-31,RYZ,1481582,Ryerson Holding Corporation,$2B-$10B,,3492300000,RevenueFromContractWithCustomerExcludingAssessedTax,USD,2023-07-31,10-Q,2022-06-30,360000000,NetIncomeLoss,USD,2023-07-31,10-Q,2022-06-30,2334300000,Assets,USD,2023-07-31,10-Q,2022-12-31,-136100000,NetCashProvidedByUsedInFinancingActivities,USD,2023-07-31,10-Q,2022-06-30,-43400000,NetCashProvidedByUsedInInvestingActivities,USD,2023-07-31,10-Q,2022-06-30,168000000,NetCashProvidedByUsedInOperatingActivities,USD,2023-07-31,10-Q,2022-06-30,through_ocf,True,,,0.103084,0.048106,0.668413,-0.038971,-0.012427
2023Q3,2023-08-03,SABR,1597033,Sabre Corp,$1B-$2B,,1242442000,RevenueFromContractWithCustomerExcludingAssessedTax,USD,2023-08-03,10-Q,2022-06-30,-139981000,NetIncomeLoss,USD,2023-08-03,10-Q,2022-06-30,4962875000,Assets,USD,2023-08-03,10-Q,2022-12-31,-40408000,NetCashProvidedByUsedInFinancingActivities,USD,2023-08-03,10-Q,2022-06-30,271898000,NetCashProvidedByUsedInInvestingActivities,USD,2023-08-03,10-Q,2022-06-30,455906000,NetCashProvidedByUsedInOperatingActivities,USD,2018-10-30,10-Q,2017-09-30,through_ocf,True,,,-0.112666,0.366943,3.994452,-0.032523,0.218842
2023Q3,2023-08-02,SAFT,1172052,"SAFETY INSURANCE GROUP, INC.",$100M-$500M,,195003000,Revenues,USD,2023-05-05,10-Q,2022-03-31,7838000,NetIncomeLoss,USD,2023-05-05,10-Q,2022-03-31,1972569000,Assets,USD,2023-05-05,10-Q,2022-12-31,-28220000,NetCashProvidedByUsedInFinancingActivities,USD,2023-05-05,10-Q,2022-03-31,15124000,NetCashProvidedByUsedInInvestingActivities,USD,2023-05-05,10-Q,2022-03-31,-15276000,NetCashProvidedByUsedInOperatingActivities,USD,2023-05-05,10-Q,2022-03-31,through_ocf,True,,,0.040194,-0.078337,10.115583,-0.144716,0.077558
2023Q3,2023-07-27,SAH,1043509,"SONIC AUTOMOTIVE, INC.",$2B-$10B,,6962400000,RevenueFromContractWithCustomerExcludingAssessedTax,USD,2023-07-27,10-Q,2022-06-30,192100000,NetIncomeLoss,USD,2023-07-27,10-Q,2022-06-30,4978300000,Assets,USD,2023-07-27,10-Q,2022-12-31,-159800000,NetCashProvidedByUsedInFinancingActivities,USD,2023-07-27,10-Q,2022-06-30,-118800000,NetCashProvidedByUsedInInvestingActivities,USD,2023-07-27,10-Q,2022-06-30,306300000,NetCashProvidedByUsedInOperatingActivities,USD,2023-07-27,10-Q,2022-06-30,through_ocf,True,,,0.027591,0.043993,0.715026,-0.022952,-0.017063
2023Q3,2023-07-28,SAIA,1177702,"SAIA, INC.",$1B-$2B,,1406770000,RevenueFromContractWithCustomerExcludingAssessedTax,USD,2023-07-28,10-Q,2022-06-30,79424000,NetIncomeLoss,USD,2023-07-28,10-Q,2022-03-31,2174710000,Assets,USD,2023-07-28,10-Q,2022-12-31,-21331000,NetCashProvidedByUsedInFinancingActivities,USD,2023-07-28,10-Q,2022-06-30,-155291000,NetCashProvidedByUsedInInvestingActivities,USD,2023-07-28,10-Q,2022-06-30,207905000,NetCashProvidedByUsedInOperatingActivities,USD,2023-07-28,10-Q,2022-06-30,through_ocf,True,,,0.056458,0.147789,1.545889,-0.015163,-0.110388
2023Q3,2023-09-07,SAIC,1571123,Science Applications International Corp,$2B-$10B,,3827000000,Revenues,USD,2023-09-07,10-Q,2022-07-29,146000000,NetIncomeLoss,USD,2023-09-07,10-Q,2022-07-29,5543000000,Assets,USD,2023-09-07,10-Q,2023-02-03,-249000000,NetCashProvidedByUsedInFinancingActivities,USD,2023-09-07,10-Q,2022-07-29,-17000000,NetCashProvidedByUsedInInvestingActivities,USD,2023-09-07,10-Q,2022-07-29,259000000,NetCashProvidedByUsedInOperatingActivities,USD,2023-09-07,10-Q,2022-07-29,through_ocf,True,,,0.03815,0.067677,1.448393,-0.065064,-0.004442
2023Q3,2023-07-31,SBAC,1034054,SBA Communications Corporation,$500M-$1B,,619770000,Revenues,USD,2023-05-09,10-Q,2022-03-31,188623000,NetIncomeLoss,USD,2023-05-09,10-Q,2022-03-31,10585041000,Assets,USD,2023-05-09,10-Q,2022-12-31,-151750000,NetCashProvidedByUsedInFinancingActivities,USD,2023-05-09,10-Q,2022-03-31,-255881000,NetCashProvidedByUsedInInvestingActivities,USD,2023-05-09,10-Q,2022-03-31,292482000,NetCashProvidedByUsedInOperatingActivities,USD,2023-05-09,10-Q,2022-03-31,through_ocf,True,,,0.304344,0.47192,17.078983,-0.244849,-0.412864
2023Q3,2023-08-02,SBGI,0001971213,"Sinclair, Inc.",,,,,,,,,,,,,,,,,,,,,,,,,,,,,,,,,,,,,,,through_ocf,False,,revenue;net_income;assets;financing_cash_flow;investing_cash_flow;operating_cash_flow,,,,,
2023Q3,2023-08-03,SBH,1368458,"SALLY BEAUTY HOLDINGS, INC.",$2B-$10B,,2853105000,RevenueFromContractWithCustomerExcludingAssessedTax,USD,2023-08-03,10-Q,2022-06-30,68838000,NetIncomeLoss,USD,2023-08-03,10-Q,2021-12-31,2576867000,Assets,USD,2023-08-03,10-Q,2022-09-30,-273837000,NetCashProvidedByUsedInFinancingActivities,USD,2023-08-03,10-Q,2022-06-30,-67899000,NetCashProvidedByUsedInInvestingActivities,USD,2023-08-03,10-Q,2022-06-30,49227000,NetCashProvidedByUsedInOperatingActivities,USD,2023-08-03,10-Q,2022-06-30,through_ocf,True,,,0.024127,0.017254,0.90318,-0.095979,-0.023798
2023Q3,2023-08-07,SBRA,1492298,"SABRA HEALTH CARE REIT, INC.",$100M-$500M,,319062000,Revenues,USD,2023-08-07,10-Q,2022-06-30,57407000,NetIncomeLoss,USD,2023-08-07,10-Q,2022-06-30,5747672000,Assets,USD,2023-08-07,10-Q,2022-12-31,-56568000,NetCashProvidedByUsedInFinancingActivities,USD,2023-08-07,10-Q,2022-06-30,-128099000,NetCashProvidedByUsedInInvestingActivities,USD,2023-08-07,10-Q,2022-06-30,139683000,NetCashProvidedByUsedInOperatingActivities,USD,2023-08-07,10-Q,2022-06-30,through_ocf,True,,,0.179924,0.437793,18.014279,-0.177295,-0.401486
2023Q3,2023-07-28,SCCO,1001838,SOUTHERN COPPER CORP/,$2B-$10B,,2763800000,RevenueFromContractWithCustomerExcludingAssessedTax,USD,2023-05-02,10-Q,2022-03-31,787800000,ProfitLoss,USD,2023-05-02,10-Q,2022-03-31,17898900000,Assets,USD,2023-05-02,10-Q,2022-03-31,-774800000,NetCashProvidedByUsedInFinancingActivities,USD,2023-05-02,10-Q,2022-03-31,-124900000,NetCashProvidedByUsedInInvestingActivities,USD,2023-05-02,10-Q,2022-03-31,820700000,NetCashProvidedByUsedInOperatingActivities,USD,2023-05-02,10-Q,2022-03-31,through_ocf,True,,,0.285042,0.296946,6.476192,-0.280339,-0.045191
2023Q3,2023-07-20,SCHL,866729,SCHOLASTIC CORPORATION,$1B-$2B,,1128500000,RevenueFromContractWithCustomerExcludingAssessedTax,USD,2023-03-24,10-Q,2022-02-28,28800000,NetIncomeLoss,USD,2023-03-24,10-Q,2022-02-28,1940500000,Assets,USD,2023-03-24,10-Q,2022-02-28,-202900000,NetCashProvidedByUsedInFinancingActivities,USD,2023-03-24,10-Q,2022-02-28,-30500000,NetCashProvidedByUsedInInvestingActivities,USD,2023-03-24,10-Q,2022-02-28,178500000,NetCashProvidedByUsedInOperatingActivities,USD,2023-03-24,10-Q,2022-02-28,through_ocf,True,,,0.025521,0.158175,1.719539,-0.179796,-0.027027
2023Q3,2023-07-18,SCHW,316709,SCHWAB CHARLES CORP,$2B-$10B,,4672000000,Revenues,USD,2023-05-08,10-Q,2022-03-31,1402000000,NetIncomeLoss,USD,2023-05-08,10-Q,2022-03-31,551772000000,Assets,USD,2023-05-08,10-Q,2022-12-31,24609000000,NetCashProvidedByUsedInFinancingActivities,USD,2023-05-08,10-Q,2022-03-31,-3642000000,NetCashProvidedByUsedInInvestingActivities,USD,2023-05-08,10-Q,2022-03-31,3053000000,NetCashProvidedByUsedInOperatingActivities,USD,2023-05-08,10-Q,2022-03-31,through_ocf,True,,,0.300086,0.653467,118.101884,5.267337,-0.779538
2023Q3,2023-07-26,SCL,94049,STEPAN COMPANY,$500M-$1B,,675276000,RevenueFromContractWithCustomerExcludingAssessedTax,USD,2023-05-04,10-Q,2022-03-31,44809000,NetIncomeLoss,USD,2023-05-04,10-Q,2022-03-31,2433172000,Assets,USD,2023-05-04,10-Q,2022-12-31,154833000,NetCashProvidedByUsedInFinancingActivities,USD,2023-05-04,10-Q,2022-03-31,-57132000,NetCashProvidedByUsedInInvestingActivities,USD,2023-05-04,10-Q,2022-03-31,-20930000,NetCashProvidedByUsedInOperatingActivities,USD,2023-05-04,10-Q,2022-03-31,through_ocf,True,,,0.066357,-0.030995,3.603226,0.229288,-0.084605
2023Q3,2023-08-22,SCSC,918965,"ScanSource, Inc.",$2B-$10B,,3150806000,RevenueFromContractWithCustomerExcludingAssessedTax,USD,2023-08-22,10-K,2021-06-30,10795000,NetIncomeLoss,USD,2023-08-22,10-K,2021-06-30,1937428000,Assets,USD,2023-08-22,10-K,2022-06-30,27730000,NetCashProvidedByUsedInFinancingActivities,USD,2023-05-09,10-Q,2022-03-31,-201000,NetCashProvidedByUsedInInvestingActivities,USD,2023-05-09,10-Q,2022-03-31,-45671000,NetCashProvidedByUsedInOperatingActivities,USD,2023-05-09,10-Q,2022-03-31,through_ocf,True,,,0.003426,-0.014495,0.614899,0.008801,-6.4e-05
2023Q3,2023-08-29,SCVL,895447,"SHOE CARNIVAL, INC.",$100M-$500M,,317527000,Revenues,USD,2023-06-02,10-Q,2022-04-30,26897000,NetIncomeLoss,USD,2023-06-02,10-Q,2022-04-30,861734000,Assets,USD,2023-06-02,10-Q,2022-04-30,-25094000,NetCashProvidedByUsedInFinancingActivities,USD,2023-06-02,10-Q,2022-04-30,-23873000,NetCashProvidedByUsedInInvestingActivities,USD,2023-06-02,10-Q,2022-04-30,17703000,NetCashProvidedByUsedInOperatingActivities,USD,2023-06-02,10-Q,2022-04-30,through_ocf,True,,,0.084708,0.055753,2.713892,-0.079029,-0.075184
2023Q3,2023-08-08,SEAT,1856031,Vivid Seats Inc.,$100M-$500M,,240430000,RevenueFromContractWithCustomerExcludingAssessedTax,USD,2023-08-08,10-Q,2022-06-30,1259000,NetIncomeLoss,USD,2023-08-08,10-Q,2022-03-31,1151431000,Assets,USD,2023-08-08,10-Q,2022-12-31,-196255000,NetCashProvidedByUsedInFinancingActivities,USD,2023-08-08,10-Q,2022-06-30,-6931000,NetCashProvidedByUsedInInvestingActivities,USD,2023-08-08,10-Q,2022-06-30,1406000,NetCashProvidedByUsedInOperatingActivities,USD,2023-08-08,10-Q,2022-06-30,through_ocf,True,,,0.005236,0.005848,4.789049,-0.816267,-0.028828
2023Q3,2023-08-01,SEDG,1419612,"SOLAREDGE TECHNOLOGIES, INC.",$500M-$1B,,655080000,Revenues,USD,2023-05-08,10-Q,2022-03-31,33123000,NetIncomeLoss,USD,2023-05-08,10-Q,2022-03-31,4265949000,Assets,USD,2023-05-08,10-Q,2022-12-31,652335000,NetCashProvidedByUsedInFinancingActivities,USD,2023-05-08,10-Q,2022-03-31,-15134000,NetCashProvidedByUsedInInvestingActivities,USD,2023-05-08,10-Q,2022-03-31,-162989000,NetCashProvidedByUsedInOperatingActivities,USD,2023-05-08,10-Q,2022-03-31,through_ocf,True,,,0.050563,-0.248808,6.512104,0.99581,-0.023103
2023Q3,2023-07-26,SEIC,350894,SEI INVESTMENTS COMPANY,$500M-$1B,,581443000,Revenues,USD,2023-04-24,10-Q,2022-03-31,190308000,NetIncomeLoss,USD,2023-04-24,10-Q,2022-03-31,2383553000,Assets,USD,2023-04-24,10-Q,2022-12-31,-146652000,NetCashProvidedByUsedInFinancingActivities,USD,2023-04-24,10-Q,2022-03-31,-31760000,NetCashProvidedByUsedInInvestingActivities,USD,2023-04-24,10-Q,2022-03-31,260427000,NetCashProvidedByUsedInOperatingActivities,USD,2023-04-24,10-Q,2022-03-31,through_ocf,True,,,0.327303,0.447898,4.099375,-0.252221,-0.054623
2023Q3,2023-07-19,SEM,1320414,SELECT MEDICAL HOLDINGS CORPORATION,$1B-$2B,,1599547000,RevenueFromContractWithCustomerExcludingAssessedTax,USD,2023-05-04,10-Q,2022-03-31,49117000,NetIncomeLoss,USD,2023-05-04,10-Q,2022-03-31,7535944000,Assets,USD,2023-05-04,10-Q,2022-03-31,105565000,NetCashProvidedByUsedInFinancingActivities,USD,2023-05-04,10-Q,2022-03-31,-55331000,NetCashProvidedByUsedInInvestingActivities,USD,2023-05-04,10-Q,2022-03-31,6337000,NetCashProvidedByUsedInOperatingActivities,USD,2023-05-04,10-Q,2022-03-31,through_ocf,True,,,0.030707,0.003962,4.711299,0.065997,-0.034592
2023Q3,2023-09-18,SFIX,1576942,"STITCH FIX, INC.",$1B-$2B,,1590909000,RevenueFromContractWithCustomerExcludingAssessedTax,USD,2023-06-07,10-Q,2022-04-30,-110779000,NetIncomeLoss,USD,2023-06-07,10-Q,2022-04-30,764535000,Assets,USD,2023-06-07,10-Q,2022-07-30,-56444000,NetCashProvidedByUsedInFinancingActivities,USD,2023-06-07,10-Q,2022-04-30,-27014000,NetCashProvidedByUsedInInvestingActivities,USD,2023-06-07,10-Q,2022-04-30,94455000,NetCashProvidedByUsedInOperatingActivities,USD,2023-06-07,10-Q,2022-04-30,through_ocf,True,,,-0.069633,0.059372,0.480565,-0.035479,-0.01698
2023Q3,2023-08-01,SFM,1575515,"Sprouts Farmers Market, Inc.",$2B-$10B,,3236643000,RevenueFromContractWithCustomerExcludingAssessedTax,USD,2023-08-01,10-Q,2022-07-03,150304000,NetIncomeLoss,USD,2023-08-01,10-Q,2022-07-03,3070380000,Assets,USD,2023-08-01,10-Q,2023-01-01,-112119000,NetCashProvidedByUsedInFinancingActivities,USD,2023-08-01,10-Q,2022-07-03,-53098000,NetCashProvidedByUsedInInvestingActivities,USD,2023-08-01,10-Q,2022-07-03,208963000,NetCashProvidedByUsedInOperatingActivities,USD,2023-08-01,10-Q,2022-07-03,through_ocf,True,,,0.046438,0.064562,0.948631,-0.034641,-0.016405
2023Q3,2023-07-27,SG,0001477815,"SWEETGREEN, INC.",$100M-$500M,,102591000,RevenueFromContractWithCustomerExcludingAssessedTax,USD,2023-05-05,10-Q,2022-03-27,-49652000,NetIncomeLoss,USD,2023-05-05,10-Q,2022-03-27,908935000,Assets,USD,2023-05-05,10-Q,2022-12-25,849000,NetCashProvidedByUsedInFinancingActivities,USD,2023-05-05,10-Q,2022-03-27,-19065000,NetCashProvidedByUsedInInvestingActivities,USD,2023-05-05,10-Q,2022-03-27,-17293000,NetCashProvidedByUsedInOperatingActivities,USD,2023-05-05,10-Q,2022-03-27,through_ocf,True,,,-0.48398,-0.168563,8.859793,0.008276,-0.185835
2023Q3,2023-08-01,SGRY,1638833,"Surgery Partners, Inc.",$100M-$500M,,417369000,Revenues,USD,2018-05-10,10-Q,2018-03-31,-6200000,NetIncomeLoss,USD,2023-08-01,10-Q,2022-06-30,6682100000,Assets,USD,2023-08-01,10-Q,2022-12-31,-103000000,NetCashProvidedByUsedInFinancingActivities,USD,2023-08-01,10-Q,2022-06-30,-181400000,NetCashProvidedByUsedInInvestingActivities,USD,2023-08-01,10-Q,2022-06-30,121900000,NetCashProvidedByUsedInOperatingActivities,USD,2023-08-01,10-Q,2022-06-30,through_ocf,True,,,-0.014855,0.292068,16.010053,-0.246784,-0.434627
2023Q3,2023-08-03,SHAK,1620533,SHAKE SHACK INC.,$100M-$500M,,203391000,RevenueFromContractWithCustomerExcludingAssessedTax,USD,2023-05-05,10-Q,2022-03-30,-10162000,NetIncomeLoss,USD,2023-05-05,10-Q,2022-03-30,1494862000,Assets,USD,2023-05-05,10-Q,2022-12-28,-3073000,NetCashProvidedByUsedInFinancingActivities,USD,2023-05-05,10-Q,2022-03-30,-28051000,NetCashProvidedByUsedInInvestingActivities,USD,2023-05-05,10-Q,2022-03-30,7970000,NetCashProvidedByUsedInOperatingActivities,USD,2023-05-05,10-Q,2022-03-30,through_ocf,True,,,-0.049963,0.039186,7.349696,-0.015109,-0.137917
2023Q3,2023-08-03,SHC,1822479,Sotera Health Co,$500M-$1B,,503393000,RevenueFromContractWithCustomerExcludingAssessedTax,USD,2023-08-03,10-Q,2022-06-30,61059000,NetIncomeLoss,USD,2023-08-03,10-Q,2022-06-30,3117705000,Assets,USD,2023-08-03,10-Q,2022-12-31,-1083000,NetCashProvidedByUsedInFinancingActivities,USD,2023-08-03,10-Q,2022-06-30,-71192000,NetCashProvidedByUsedInInvestingActivities,USD,2023-08-03,10-Q,2022-06-30,108256000,NetCashProvidedByUsedInOperatingActivities,USD,2023-08-03,10-Q,2022-06-30,through_ocf,True,,,0.121295,0.215053,6.193382,-0.002151,-0.141424
2023Q3,2023-08-01,SHLS,1831651,"Shoals Technologies Group, Inc.",$100M-$500M,,141466000,RevenueFromContractWithCustomerExcludingAssessedTax,USD,2023-08-01,10-Q,2022-06-30,7042000,NetIncomeLoss,USD,2023-08-01,10-Q,2022-06-30,594895000,Assets,USD,2023-08-01,10-Q,2022-12-31,23137000,NetCashProvidedByUsedInFinancingActivities,USD,2023-08-01,10-Q,2022-06-30,-2149000,NetCashProvidedByUsedInInvestingActivities,USD,2023-08-01,10-Q,2022-06-30,-6743000,NetCashProvidedByUsedInOperatingActivities,USD,2023-08-01,10-Q,2022-06-30,through_ocf,True,,,0.049779,-0.047665,4.205215,0.163552,-0.015191
2023Q3,2023-08-04,SHO,1295810,"Sunstone Hotel Investors, Inc.",$100M-$500M,,423595000,RevenueFromContractWithCustomerExcludingAssessedTax,USD,2023-08-04,10-Q,2022-06-30,15123000,ProfitLoss,USD,2023-08-04,10-Q,2022-03-31,3082817000,Assets,USD,2023-08-04,10-Q,2022-12-31,-963000,NetCashProvidedByUsedInFinancingActivities,USD,2023-08-04,10-Q,2022-06-30,-99467000,NetCashProvidedByUsedInInvestingActivities,USD,2023-08-04,10-Q,2022-06-30,90653000,NetCashProvidedByUsedInOperatingActivities,USD,2023-08-04,10-Q,2022-06-30,through_ocf,True,,,0.035702,0.214009,7.277746,-0.002273,-0.234816
2023Q3,2023-08-02,SHOO,913241,"Steven Madden, Ltd.",$500M-$1B,,559734000,Revenues,USD,2023-05-10,10-Q,2022-03-31,74593000,ProfitLoss,USD,2023-05-10,10-Q,2022-03-31,1278526000,Assets,USD,2023-05-10,10-Q,2022-03-31,-58898000,NetCashProvidedByUsedInFinancingActivities,USD,2023-05-10,10-Q,2022-03-31,29224000,NetCashProvidedByUsedInInvestingActivities,USD,2023-05-10,10-Q,2022-03-31,-19446000,NetCashProvidedByUsedInOperatingActivities,USD,2023-05-10,10-Q,2022-03-31,through_ocf,True,,,0.133265,-0.034742,2.284167,-0.105225,0.052211
2023Q3,2023-07-25,SHW,89800,THE SHERWIN-WILLIAMS COMPANY,>$10B,,10871000000,RevenueFromContractWithCustomerExcludingAssessedTax,USD,2023-07-25,10-Q,2022-06-30,370800000,NetIncomeLoss,USD,2023-07-25,10-Q,2022-03-31,22052800000,Assets,USD,2023-07-25,10-Q,2022-06-30,-8000000,NetCashProvidedByUsedInFinancingActivities,USD,2023-07-25,10-Q,2022-06-30,-473900000,NetCashProvidedByUsedInInvestingActivities,USD,2023-07-25,10-Q,2022-06-30,639700000,NetCashProvidedByUsedInOperatingActivities,USD,2023-07-25,10-Q,2022-06-30,through_ocf,True,,,0.034109,0.058845,2.02859,-0.000736,-0.043593
2023Q3,2023-08-31,SIG,832988,SIGNET JEWELERS LIMITED,$2B-$10B,,3593200000,RevenueFromContractWithCustomerExcludingAssessedTax,USD,2023-08-31,10-Q,2022-07-30,-83500000,NetIncomeLoss,USD,2023-08-31,10-Q,2022-04-30,6164400000,Assets,USD,2023-08-31,10-Q,2022-07-30,-367100000,NetCashProvidedByUsedInFinancingActivities,USD,2023-08-31,10-Q,2022-07-30,-75000000,NetCashProvidedByUsedInInvestingActivities,USD,2023-08-31,10-Q,2022-07-30,-114900000,NetCashProvidedByUsedInOperatingActivities,USD,2023-08-31,10-Q,2022-07-30,through_ocf,True,,,-0.023238,-0.031977,1.715574,-0.102165,-0.020873
2023Q3,2023-07-24,SIGI,230557,"SELECTIVE INSURANCE GROUP, INC",$500M-$1B,,846062000,Revenues,USD,2023-05-04,10-Q,2022-03-31,56330000,NetIncomeLoss,USD,2023-05-04,10-Q,2022-03-31,10802261000,Assets,USD,2023-05-04,10-Q,2022-12-31,-23952000,NetCashProvidedByUsedInFinancingActivities,USD,2023-05-04,10-Q,2022-03-31,-95906000,NetCashProvidedByUsedInInvestingActivities,USD,2023-05-04,10-Q,2022-03-31,92679000,NetCashProvidedByUsedInOperatingActivities,USD,2023-05-04,10-Q,2022-03-31,through_ocf,True,,,0.066579,0.109542,12.767694,-0.02831,-0.113356
2023Q3,2023-08-01,SIRI,908937,Sirius XM Holdings Inc.,$2B-$10B,,4440000000,RevenueFromContractWithCustomerExcludingAssessedTax,USD,2023-08-01,10-Q,2022-06-30,601000000,NetIncomeLoss,USD,2023-08-01,10-Q,2022-06-30,10022000000,Assets,USD,2023-08-01,10-Q,2022-12-31,-620000000,NetCashProvidedByUsedInFinancingActivities,USD,2023-08-01,10-Q,2022-06-30,-333000000,NetCashProvidedByUsedInInvestingActivities,USD,2023-08-01,10-Q,2022-06-30,888000000,NetCashProvidedByUsedInOperatingActivities,USD,2023-08-01,10-Q,2022-06-30,through_ocf,True,,,0.13536,0.2,2.257207,-0.13964,-0.075
2023Q3,2023-07-25,SITC,894315,SITE Centers Corp.,$100M-$500M,,134320000,Revenues,USD,2023-04-27,10-Q,2022-03-31,13937000,NetIncomeLoss,USD,2023-04-27,10-Q,2022-03-31,4045017000,Assets,USD,2023-04-27,10-Q,2022-12-31,80445000,NetCashProvidedByUsedInFinancingActivities,USD,2023-04-27,10-Q,2022-03-31,-154504000,NetCashProvidedByUsedInInvestingActivities,USD,2023-04-27,10-Q,2022-03-31,50021000,NetCashProvidedByUsedInOperatingActivities,USD,2023-04-27,10-Q,2022-03-31,through_ocf,True,,,0.10376,0.372402,30.114778,0.598906,-1.150268
2023Q3,2023-08-29,SJM,91419,THE J. M. SMUCKER COMPANY,$2B-$10B,,5575800000,SalesRevenueGoodsNet,USD,2019-02-26,10-Q,2018-01-31,109800000,NetIncomeLoss,USD,2023-08-29,10-Q,2022-07-31,14991400000,Assets,USD,2023-08-29,10-Q,2023-04-30,91900000,NetCashProvidedByUsedInFinancingActivities,USD,2023-08-29,10-Q,2022-07-31,-71500000,NetCashProvidedByUsedInInvestingActivities,USD,2023-08-29,10-Q,2022-07-31,-39000000,NetCashProvidedByUsedInOperatingActivities,USD,2023-08-29,10-Q,2022-07-31,through_ocf,True,,,0.019692,-0.006995,2.688655,0.016482,-0.012823
2023Q3,2023-08-03,SKT,899715,TANGER INC.,$100M-$500M,,108868000,Revenues,USD,2023-04-28,10-Q,2022-03-31,20518000,NetIncomeLoss,USD,2023-04-28,10-Q,2022-03-31,2217665000,Assets,USD,2023-04-28,10-Q,2022-12-31,-23914000,NetCashProvidedByUsedInFinancingActivities,USD,2023-04-28,10-Q,2022-03-31,-3340000,NetCashProvidedByUsedInInvestingActivities,USD,2023-04-28,10-Q,2022-03-31,18854000,NetCashProvidedByUsedInOperatingActivities,USD,2023-04-28,10-Q,2022-03-31,through_ocf,True,,,0.188467,0.173182,20.370219,-0.219661,-0.030679
2023Q3,2023-08-08,SKWD,0001519449,"SKYWARD SPECIALTY INSURANCE GROUP, INC.",$100M-$500M,,152667000,Revenues,USD,2023-05-11,10-Q,2022-03-31,16311000,NetIncomeLoss,USD,2023-05-11,10-Q,2022-03-31,2363439000,Assets,USD,2023-05-11,10-Q,2022-12-31,186000,NetCashProvidedByUsedInFinancingActivities,USD,2023-05-11,10-Q,2022-03-31,-55596000,NetCashProvidedByUsedInInvestingActivities,USD,2023-05-11,10-Q,2022-03-31,45882000,NetCashProvidedByUsedInOperatingActivities,USD,2023-05-11,10-Q,2022-03-31,through_ocf,True,,,0.10684,0.300536,15.481008,0.001218,-0.364165
2023Q3,2023-08-01,SKY,90896,"CHAMPION HOMES, INC.",$1B-$2B,,1420881000,RevenueFromContractWithCustomerExcludingAssessedTax,USD,2023-05-30,10-K,2021-04-03,84899000,NetIncomeLoss,USD,2023-05-30,10-K,2021-04-03,1234619000,Assets,USD,2023-05-30,10-K,2022-04-02,-47813000,NetCashProvidedByUsedInFinancingActivities,USD,2023-05-30,10-K,2021-04-03,-56808000,NetCashProvidedByUsedInInvestingActivities,USD,2023-05-30,10-K,2021-04-03,153897000,NetCashProvidedByUsedInOperatingActivities,USD,2023-05-30,10-K,2021-04-03,through_ocf,True,,,0.059751,0.108311,0.868911,-0.03365,-0.039981
2023Q3,2023-07-27,SKYW,793733,SKYWEST INC,$2B-$10B,,3122592000,Revenues,USD,2020-02-18,10-K,2017-12-31,-8515000,ProfitLoss,USD,2023-02-16,10-K,2020-12-31,7148958000,Assets,USD,2023-05-04,10-Q,2022-03-31,91739000,NetCashProvidedByUsedInFinancingActivities,USD,2023-05-04,10-Q,2022-03-31,-124667000,NetCashProvidedByUsedInInvestingActivities,USD,2023-05-04,10-Q,2022-03-31,20508000,NetCashProvidedByUsedInOperatingActivities,USD,2023-05-04,10-Q,2022-03-31,through_ocf,True,,,-0.002727,0.006568,2.289431,0.029379,-0.039924
2023Q3,2023-07-26,SLAB,1038074,SILICON LABORATORIES INC.,$100M-$500M,,496964000,RevenueFromContractWithCustomerExcludingAssessedTax,USD,2023-07-26,10-Q,2022-07-02,45042000,ProfitLoss,USD,2023-07-26,10-Q,2022-07-02,2169428000,Assets,USD,2023-07-26,10-Q,2022-12-31,-586654000,NetCashProvidedByUsedInFinancingActivities,USD,2023-07-26,10-Q,2022-07-02,-27889000,NetCashProvidedByUsedInInvestingActivities,USD,2023-07-26,10-Q,2022-07-02,59700000,NetCashProvidedByUsedInOperatingActivities,USD,2021-04-28,10-Q,2020-04-04,through_ocf,True,,,0.090634,0.120129,4.365362,-1.180476,-0.056119
2023Q3,2023-07-21,SLB,87347,SLB LIMITED/NV,$2B-$10B,,5962000000,RevenueFromContractWithCustomerExcludingAssessedTax,USD,2023-04-26,10-Q,2022-03-31,510000000,NetIncomeLoss,USD,2023-04-26,10-Q,2022-03-31,43135000000,Assets,USD,2023-04-26,10-Q,2022-12-31,-170000000,NetCashProvidedByUsedInFinancingActivities,USD,2023-04-26,10-Q,2022-03-31,-115000000,NetCashProvidedByUsedInInvestingActivities,USD,2023-04-26,10-Q,2022-03-31,131000000,NetCashProvidedByUsedInOperatingActivities,USD,2023-04-26,10-Q,2022-03-31,through_ocf,True,,,0.085542,0.021972,7.234988,-0.028514,-0.019289
2023Q3,2023-07-20,SLG,1040971,SL Green Realty Corp.,$100M-$500M,,187964000,Revenues,USD,2023-05-05,10-Q,2022-03-31,11489000,NetIncomeLoss,USD,2023-05-05,10-Q,2022-03-31,12355794000,Assets,USD,2023-05-05,10-Q,2022-12-31,-124564000,NetCashProvidedByUsedInFinancingActivities,USD,2023-05-05,10-Q,2022-03-31,13496000,NetCashProvidedByUsedInInvestingActivities,USD,2023-05-05,10-Q,2022-03-31,81402000,NetCashProvidedByUsedInOperatingActivities,USD,2023-05-05,10-Q,2022-03-31,through_ocf,True,,,0.061123,0.433072,65.734896,-0.662701,0.071801
2023Q3,2023-09-13,SLQT,1794783,"SelectQuote, Inc.",$500M-$1B,,929981000,RevenueFromContractWithCustomerExcludingAssessedTax,USD,2023-09-13,10-K,2021-06-30,124859000,NetIncomeLoss,USD,2023-09-13,10-K,2021-06-30,1290052000,Assets,USD,2023-09-13,10-K,2022-06-30,97042000,NetCashProvidedByUsedInFinancingActivities,USD,2023-09-13,10-K,2021-06-30,-64016000,NetCashProvidedByUsedInInvestingActivities,USD,2023-09-13,10-K,2021-06-30,-115442000,NetCashProvidedByUsedInOperatingActivities,USD,2023-09-13,10-K,2021-06-30,through_ocf,True,,,0.13426,-0.124134,1.387181,0.104348,-0.068836
2023Q3,2023-08-09,SLVM,1856485,SYLVAMO CORPORATION,$1B-$2B,,1733000000,RevenueFromContractWithCustomerExcludingAssessedTax,USD,2023-08-09,10-Q,2022-06-30,-33000000,NetIncomeLoss,USD,2023-08-09,10-Q,2022-06-30,2710000000,Assets,USD,2023-08-09,10-Q,2022-12-31,-92000000,NetCashProvidedByUsedInFinancingActivities,USD,2023-08-09,10-Q,2022-06-30,-64000000,NetCashProvidedByUsedInInvestingActivities,USD,2023-08-09,10-Q,2022-06-30,175000000,NetCashProvidedByUsedInOperatingActivities,USD,2023-08-09,10-Q,2022-06-30,through_ocf,True,,,-0.019042,0.100981,1.563762,-0.053087,-0.03693
2023Q3,2023-08-02,SM,893538,SM Energy Company,$500M-$1B,,859776000,Revenues,USD,2023-04-28,10-Q,2022-03-31,48764000,NetIncomeLoss,USD,2023-04-28,10-Q,2022-03-31,5716039000,Assets,USD,2023-04-28,10-Q,2022-12-31,-104794000,NetCashProvidedByUsedInFinancingActivities,USD,2023-04-28,10-Q,2022-03-31,-150127000,NetCashProvidedByUsedInInvestingActivities,USD,2023-04-28,10-Q,2022-03-31,342092000,NetCashProvidedByUsedInOperatingActivities,USD,2023-04-28,10-Q,2022-03-31,through_ocf,True,,,0.056717,0.397885,6.648289,-0.121885,-0.174612
2023Q3,2023-07-20,SMCI,1375365,"Super Micro Computer, Inc.",$2B-$10B,,3560639000,RevenueFromContractWithCustomerExcludingAssessedTax,USD,2023-05-05,10-Q,2022-03-31,144341000,NetIncomeLoss,USD,2023-05-05,10-Q,2022-03-31,3205077000,Assets,USD,2023-05-05,10-Q,2022-06-30,466365000,NetCashProvidedByUsedInFinancingActivities,USD,2023-05-05,10-Q,2022-03-31,-35257000,NetCashProvidedByUsedInInvestingActivities,USD,2023-05-05,10-Q,2022-03-31,-415658000,NetCashProvidedByUsedInOperatingActivities,USD,2023-05-05,10-Q,2022-03-31,through_ocf,True,,,0.040538,-0.116737,0.900141,0.130978,-0.009902
2023Q3,2023-08-02,SMHI,1690334,SEACOR Marine Holdings Inc.,$100M-$500M,,368868000,Revenues,USD,2018-03-22,10-K,2015-12-31,-33957000,NetIncomeLoss,USD,2023-08-02,10-Q,2022-06-30,815630000,Assets,USD,2023-08-02,10-Q,2022-12-31,-17204000,NetCashProvidedByUsedInFinancingActivities,USD,2023-08-02,10-Q,2022-06-30,6995000,NetCashProvidedByUsedInInvestingActivities,USD,2023-08-02,10-Q,2022-06-30,-5103000,NetCashProvidedByUsedInOperatingActivities,USD,2023-08-02,10-Q,2022-06-30,through_ocf,True,,,-0.092057,-0.013834,2.21117,-0.04664,0.018963
2023Q3,2023-08-02,SMP,93389,"STANDARD MOTOR PRODUCTS, INC.",$500M-$1B,,682243000,RevenueFromContractWithCustomerExcludingAssessedTax,USD,2023-08-02,10-Q,2022-06-30,38572000,NetIncomeLoss,USD,2023-08-02,10-Q,2022-06-30,1254929000,Assets,USD,2023-08-02,10-Q,2022-12-31,101667000,NetCashProvidedByUsedInFinancingActivities,USD,2023-08-02,10-Q,2022-06-30,-13203000,NetCashProvidedByUsedInInvestingActivities,USD,2023-08-02,10-Q,2022-06-30,-95333000,NetCashProvidedByUsedInOperatingActivities,USD,2023-08-02,10-Q,2022-06-30,through_ocf,True,,,0.056537,-0.139735,1.839416,0.149019,-0.019352
2023Q3,2023-07-20,SNA,91440,Snap-on Inc,$2B-$10B,,2408500000,Revenues,USD,2023-07-20,10-Q,2022-07-02,448900000,NetIncomeLoss,USD,2023-07-20,10-Q,2022-07-02,6972800000,Assets,USD,2023-07-20,10-Q,2022-12-31,-218500000,NetCashProvidedByUsedInFinancingActivities,USD,2023-07-20,10-Q,2022-07-02,-80400000,NetCashProvidedByUsedInInvestingActivities,USD,2023-07-20,10-Q,2022-07-02,334700000,NetCashProvidedByUsedInOperatingActivities,USD,2023-07-20,10-Q,2022-07-02,through_ocf,True,,,0.186382,0.138966,2.89508,-0.09072,-0.033382
2023Q3,2023-07-27,SNBR,827187,SLEEP NUMBER CORP,$500M-$1B,,527130000,RevenueFromContractWithCustomerExcludingAssessedTax,USD,2023-05-09,10-Q,2022-04-02,2074000,NetIncomeLoss,USD,2023-05-09,10-Q,2022-04-02,953936000,Assets,USD,2023-05-09,10-Q,2022-12-31,-5797000,NetCashProvidedByUsedInFinancingActivities,USD,2023-05-09,10-Q,2022-04-02,-19594000,NetCashProvidedByUsedInInvestingActivities,USD,2023-05-09,10-Q,2022-04-02,24558000,NetCashProvidedByUsedInOperatingActivities,USD,2023-05-09,10-Q,2022-04-02,through_ocf,True,,,0.003935,0.046588,1.809679,-0.010997,-0.037171
2023Q3,2023-08-03,SNCY,1743907,"Sun Country Airlines Holdings, Inc.",$100M-$500M,,226525000,RevenueFromContractWithCustomerExcludingAssessedTax,USD,2023-04-28,10-Q,2022-03-31,3637000,NetIncomeLoss,USD,2023-04-28,10-Q,2022-03-31,1524412000,Assets,USD,2023-04-28,10-Q,2022-12-31,-5883000,NetCashProvidedByUsedInFinancingActivities,USD,2023-04-28,10-Q,2022-03-31,-49628000,NetCashProvidedByUsedInInvestingActivities,USD,2023-04-28,10-Q,2022-03-31,18213000,NetCashProvidedByUsedInOperatingActivities,USD,2023-04-28,10-Q,2022-03-31,through_ocf,True,,,0.016056,0.080402,6.729553,-0.025971,-0.219084
2023Q3,2023-08-03,SNDX,1395937,"Syndax Pharmaceuticals, Inc.",<$100M,,1517000,RevenueFromContractWithCustomerExcludingAssessedTax,USD,2023-02-28,10-K,2020-12-31,-37169000,NetIncomeLoss,USD,2023-08-03,10-Q,2022-03-31,497236000,Assets,USD,2023-08-03,10-Q,2022-12-31,22277000,NetCashProvidedByUsedInFinancingActivities,USD,2023-08-03,10-Q,2022-06-30,-41766000,NetCashProvidedByUsedInInvestingActivities,USD,2023-08-03,10-Q,2022-06-30,-82237000,NetCashProvidedByUsedInOperatingActivities,USD,2023-08-03,10-Q,2022-06-30,through_ocf,True,,,-24.501648,-54.210283,327.775873,14.684904,-27.531971
2023Q3,2023-08-16,SNPS,883241,SYNOPSYS INC,$2B-$10B,,2549484000,RevenueFromContractWithCustomerExcludingAssessedTax,USD,2023-05-19,10-Q,2022-04-30,608468000,NetIncomeLoss,USD,2023-05-19,10-Q,2022-04-30,9418087000,Assets,USD,2023-05-19,10-Q,2022-10-31,-559063000,NetCashProvidedByUsedInFinancingActivities,USD,2023-05-19,10-Q,2022-04-30,-186015000,NetCashProvidedByUsedInInvestingActivities,USD,2023-05-19,10-Q,2022-04-30,905701000,NetCashProvidedByUsedInOperatingActivities,USD,2023-05-19,10-Q,2022-04-30,through_ocf,True,,,0.238663,0.355249,3.694115,-0.219285,-0.072962
2023Q3,2023-08-03,SO,92122,The Southern Company,>$10B,,13854000000,Revenues,USD,2023-08-03,10-Q,2022-06-30,2079000000,ProfitLoss,USD,2023-08-03,10-Q,2022-06-30,134891000000,Assets,USD,2023-08-03,10-Q,2022-12-31,-213000000,NetCashProvidedByUsedInFinancingActivities,USD,2023-08-03,10-Q,2022-06-30,-3460000000,NetCashProvidedByUsedInInvestingActivities,USD,2023-08-03,10-Q,2022-06-30,3579000000,NetCashProvidedByUsedInOperatingActivities,USD,2023-08-03,10-Q,2022-06-30,through_ocf,True,,,0.150065,0.258337,9.73661,-0.015375,-0.249747
2023Q3,2023-08-09,SONO,1314727,"SONOS, INC.",$1B-$2B,,1064262000,RevenueFromContractWithCustomerExcludingAssessedTax,USD,2023-05-11,10-Q,2022-04-02,123481000,NetIncomeLoss,USD,2023-05-11,10-Q,2022-01-01,1188388000,Assets,USD,2023-05-11,10-Q,2022-10-01,-68758000,NetCashProvidedByUsedInFinancingActivities,USD,2023-05-11,10-Q,2022-04-02,-42766000,NetCashProvidedByUsedInInvestingActivities,USD,2023-05-11,10-Q,2022-04-02,82374000,NetCashProvidedByUsedInOperatingActivities,USD,2023-05-11,10-Q,2022-04-02,through_ocf,True,,,0.116025,0.0774,1.116631,-0.064606,-0.040184
2023Q3,2023-08-11,SPB,109177,"Spectrum Brands Holdings, Inc.",$2B-$10B,,2383000000,RevenueFromContractWithCustomerExcludingAssessedTax,USD,2023-08-11,10-Q,2022-07-03,56800000,NetIncomeLoss,USD,2023-08-11,10-Q,2022-07-03,5775600000,Assets,USD,2023-08-11,10-Q,2022-09-30,543000000,NetCashProvidedByUsedInFinancingActivities,USD,2023-08-11,10-Q,2022-07-03,-335400000,NetCashProvidedByUsedInInvestingActivities,USD,2023-08-11,10-Q,2022-07-03,-138400000,NetCashProvidedByUsedInOperatingActivities,USD,2023-08-11,10-Q,2022-07-03,through_ocf,True,,,0.023836,-0.058078,2.423668,0.227864,-0.140747
2023Q3,2023-08-02,SPG,1063761,"SIMON PROPERTY GROUP, INC.",$1B-$2B,,1295922000,Revenues,USD,2023-05-04,10-Q,2022-03-31,488310000,ProfitLoss,USD,2023-05-04,10-Q,2022-03-31,33011274000,Assets,USD,2023-05-04,10-Q,2022-12-31,-710977000,NetCashProvidedByUsedInFinancingActivities,USD,2023-05-04,10-Q,2022-03-31,-99899000,NetCashProvidedByUsedInInvestingActivities,USD,2023-05-04,10-Q,2022-03-31,791869000,NetCashProvidedByUsedInOperatingActivities,USD,2023-05-04,10-Q,2022-03-31,through_ocf,True,,,0.376805,0.611047,25.473195,-0.548626,-0.077087
2023Q3,2023-07-27,SPGI,64040,S&P Global Inc.,$2B-$10B,,5383000000,RevenueFromContractWithCustomerExcludingAssessedTax,USD,2023-07-27,10-Q,2022-06-30,2207000000,NetIncomeLoss,USD,2023-07-27,10-Q,2022-06-30,61784000000,Assets,USD,2023-07-27,10-Q,2022-12-31,-7268000000,NetCashProvidedByUsedInFinancingActivities,USD,2023-07-27,10-Q,2022-06-30,3745000000,NetCashProvidedByUsedInInvestingActivities,USD,2023-07-27,10-Q,2022-06-30,676000000,NetCashProvidedByUsedInOperatingActivities,USD,2023-07-27,10-Q,2022-06-30,through_ocf,True,,,0.409994,0.125581,11.477615,-1.350176,0.695709
2023Q3,2023-08-22,SPHR,1795250,SPHERE ENTERTAINMENT CO.,$500M-$1B,,647510000,Revenues,USD,2023-08-22,10-K,2021-06-30,-148151000,NetIncomeLoss,USD,2023-08-22,10-K,2021-06-30,5522160000,Assets,USD,2023-08-22,10-K,2022-06-30,592685000,NetCashProvidedByUsedInFinancingActivities,USD,2023-08-22,10-K,2021-06-30,-123183000,NetCashProvidedByUsedInInvestingActivities,USD,2023-08-22,10-K,2021-06-30,-58694000,NetCashProvidedByUsedInOperatingActivities,USD,2023-08-22,10-K,2021-06-30,through_ocf,True,,,-0.228801,-0.090646,8.528301,0.915329,-0.190241
2023Q3,2023-08-02,SPNT,1576018,SIRIUSPOINT LTD.,$500M-$1B,,834500000,Revenues,USD,2023-08-02,10-Q,2022-06-30,-269800000,NetIncomeLoss,USD,2023-08-02,10-Q,2022-06-30,11036300000,Assets,USD,2023-08-02,10-Q,2022-12-31,-11000000,NetCashProvidedByUsedInFinancingActivities,USD,2023-08-02,10-Q,2022-06-30,-605400000,NetCashProvidedByUsedInInvestingActivities,USD,2023-08-02,10-Q,2022-06-30,45200000,NetCashProvidedByUsedInOperatingActivities,USD,2023-08-02,10-Q,2022-06-30,through_ocf,True,,,-0.323307,0.054164,13.225045,-0.013182,-0.725464
2023Q3,2023-08-02,SPXC,88205,"SPX Technologies, Inc.",$100M-$500M,,307100000,RevenueFromContractWithCustomerExcludingAssessedTax,USD,2023-05-05,10-Q,2022-04-02,11400000,NetIncomeLoss,USD,2023-05-05,10-Q,2022-04-02,1930900000,Assets,USD,2023-05-05,10-Q,2022-12-31,-11400000,NetCashProvidedByUsedInFinancingActivities,USD,2023-05-05,10-Q,2022-04-02,-57800000,NetCashProvidedByUsedInInvestingActivities,USD,2023-05-05,10-Q,2022-04-02,-57200000,NetCashProvidedByUsedInOperatingActivities,USD,2023-05-05,10-Q,2022-04-02,through_ocf,True,,,0.037121,-0.186259,6.287528,-0.037121,-0.188212
2023Q3,2023-08-02,SR,1126956,Spire Inc.,$1B-$2B,,1884300000,RevenueFromContractWithCustomerExcludingAssessedTax,USD,2023-08-02,10-Q,2022-06-30,227900000,NetIncomeLoss,USD,2023-08-02,10-Q,2022-06-30,9783900000,Assets,USD,2023-08-02,10-Q,2022-06-30,212500000,NetCashProvidedByUsedInFinancingActivities,USD,2023-08-02,10-Q,2022-06-30,-398300000,NetCashProvidedByUsedInInvestingActivities,USD,2023-08-02,10-Q,2022-06-30,204600000,NetCashProvidedByUsedInOperatingActivities,USD,2023-08-02,10-Q,2022-06-30,through_ocf,True,,,0.120947,0.108581,5.192326,0.112774,-0.211378
2023Q3,2023-08-03,SRE,1032208,SEMPRA,$2B-$10B,,7367000000,Revenues,USD,2023-08-03,10-Q,2022-06-30,1316000000,ProfitLoss,USD,2023-08-03,10-Q,2022-06-30,78574000000,Assets,USD,2023-08-03,10-Q,2022-12-31,1685000000,NetCashProvidedByUsedInFinancingActivities,USD,2023-08-03,10-Q,2022-06-30,-2535000000,NetCashProvidedByUsedInInvestingActivities,USD,2023-08-03,10-Q,2022-06-30,2364000000,NetCashProvidedByUsedInOperatingActivities,USD,2023-08-03,10-Q,2022-06-30,through_ocf,True,,,0.178634,0.32089,10.665671,0.228723,-0.344102
2023Q3,2023-07-27,SSNC,1402436,"SS&C TECHNOLOGIES HOLDINGS, INC.",$1B-$2B,,1295000000,RevenueFromContractWithCustomerExcludingAssessedTax,USD,2023-05-03,10-Q,2022-03-31,172100000,NetIncomeLoss,USD,2023-05-03,10-Q,2022-03-31,16653300000,Assets,USD,2023-05-03,10-Q,2022-12-31,1240900000,NetCashProvidedByUsedInFinancingActivities,USD,2023-05-03,10-Q,2022-03-31,-1583500000,NetCashProvidedByUsedInInvestingActivities,USD,2023-05-03,10-Q,2022-03-31,183500000,NetCashProvidedByUsedInOperatingActivities,USD,2023-05-03,10-Q,2022-03-31,through_ocf,True,,,0.132896,0.141699,12.859691,0.958224,-1.22278
2023Q3,2023-08-04,SSP,832428,THE E.W. SCRIPPS COMPANY,$1B-$2B,,1160173000,RevenueFromContractWithCustomerExcludingAssessedTax,USD,2023-08-04,10-Q,2022-06-30,64105000,ProfitLoss,USD,2023-08-04,10-Q,2022-06-30,6431005000,Assets,USD,2023-08-04,10-Q,2022-12-31,-101585000,NetCashProvidedByUsedInFinancingActivities,USD,2023-08-04,10-Q,2022-06-30,-47243000,NetCashProvidedByUsedInInvestingActivities,USD,2023-08-04,10-Q,2022-06-30,106585000,NetCashProvidedByUsedInOperatingActivities,USD,2023-08-04,10-Q,2022-06-30,through_ocf,True,,,0.055255,0.09187,5.543143,-0.08756,-0.040721
2023Q3,2023-08-01,SSTK,1549346,"Shutterstock, Inc.",$100M-$500M,,406004000,RevenueFromContractWithCustomerExcludingAssessedTax,USD,2023-08-01,10-Q,2022-06-30,46017000,NetIncomeLoss,USD,2023-08-01,10-Q,2022-06-30,881184000,Assets,USD,2023-08-01,10-Q,2022-12-31,-45397000,NetCashProvidedByUsedInFinancingActivities,USD,2023-08-01,10-Q,2022-06-30,-240323000,NetCashProvidedByUsedInInvestingActivities,USD,2023-08-01,10-Q,2022-06-30,59574000,NetCashProvidedByUsedInOperatingActivities,USD,2023-08-01,10-Q,2022-06-30,through_ocf,True,,,0.113341,0.146733,2.170383,-0.111814,-0.591923
2023Q3,2023-07-26,STC,94344,STEWART INFORMATION SERVICES CORP,$500M-$1B,,852916000,Revenues,USD,2023-05-08,10-Q,2022-03-31,57897000,NetIncomeLoss,USD,2023-05-08,10-Q,2022-03-31,2737879000,Assets,USD,2023-05-08,10-Q,2022-12-31,-58562000,NetCashProvidedByUsedInFinancingActivities,USD,2023-05-08,10-Q,2022-03-31,-65216000,NetCashProvidedByUsedInInvestingActivities,USD,2023-05-08,10-Q,2022-03-31,34875000,NetCashProvidedByUsedInOperatingActivities,USD,2023-05-08,10-Q,2022-03-31,through_ocf,True,,,0.067881,0.040889,3.210022,-0.068661,-0.076462
2023Q3,2023-08-01,STE,1757898,STERIS plc,$2B-$10B,,3107519000,Revenues,USD,2023-05-26,10-K,2021-03-31,397400000,NetIncomeLoss,USD,2023-05-26,10-K,2021-03-31,11423594000,Assets,USD,2023-05-26,10-K,2022-03-31,345620000,NetCashProvidedByUsedInFinancingActivities,USD,2023-05-26,10-K,2021-03-31,-1154159000,NetCashProvidedByUsedInInvestingActivities,USD,2023-05-26,10-K,2021-03-31,689640000,NetCashProvidedByUsedInOperatingActivities,USD,2023-05-26,10-K,2021-03-31,through_ocf,True,,,0.127883,0.221926,3.676114,0.111221,-0.371409
2023Q3,2023-08-03,STEP,1796022,STEPSTONE GROUP INC.,$500M-$1B,,787716000,Revenues,USD,2023-05-26,10-K,2021-03-31,62634000,NetIncomeLoss,USD,2023-05-26,10-K,2021-03-31,4188125000,Assets,USD,2023-05-26,10-K,2022-03-31,-45306000,NetCashProvidedByUsedInFinancingActivities,USD,2023-05-26,10-K,2021-03-31,-11166000,NetCashProvidedByUsedInInvestingActivities,USD,2023-05-26,10-K,2021-03-31,149299000,NetCashProvidedByUsedInOperatingActivities,USD,2023-05-26,10-K,2021-03-31,through_ocf,True,,,0.079513,0.189534,5.316796,-0.057516,-0.014175
2023Q3,2023-08-08,STGW,876883,Stagwell Inc.,$1B-$2B,,1315816000,Revenues,USD,2023-08-08,10-Q,2022-06-30,23138000,NetIncomeLoss,USD,2023-08-08,10-Q,2022-06-30,3993332000,Assets,USD,2023-08-08,10-Q,2022-12-31,65206000,NetCashProvidedByUsedInFinancingActivities,USD,2023-08-08,10-Q,2022-06-30,-54937000,NetCashProvidedByUsedInInvestingActivities,USD,2023-08-08,10-Q,2022-06-30,-107271000,NetCashProvidedByUsedInOperatingActivities,USD,2023-08-08,10-Q,2022-06-30,through_ocf,True,,,0.017585,-0.081524,3.034871,0.049556,-0.041751
2023Q3,2023-08-09,STKL,351834,SUNOPTA INC.,$100M-$500M,,240173000,Revenues,USD,2023-05-10,10-Q,2022-04-02,4568000,ProfitLoss,USD,2023-05-10,10-Q,2022-04-02,855852000,Assets,USD,2023-05-10,10-Q,2022-12-31,9243000,NetCashProvidedByUsedInFinancingActivities,USD,2023-05-10,10-Q,2022-04-02,-24518000,NetCashProvidedByUsedInInvestingActivities,USD,2023-05-10,10-Q,2022-04-02,15543000,NetCashProvidedByUsedInOperatingActivities,USD,2023-05-10,10-Q,2022-04-02,through_ocf,True,,,0.01902,0.064716,3.563481,0.038485,-0.102085
2023Q3,2023-07-20,STLD,1022671,"Steel Dynamics, Inc.",$2B-$10B,,5569902000,Revenues,USD,2023-05-05,10-Q,2022-03-31,1107354000,ProfitLoss,USD,2023-05-05,10-Q,2022-03-31,14159984000,Assets,USD,2023-05-05,10-Q,2022-12-31,-491909000,NetCashProvidedByUsedInFinancingActivities,USD,2023-05-05,10-Q,2022-03-31,-381400000,NetCashProvidedByUsedInInvestingActivities,USD,2023-05-05,10-Q,2022-03-31,818968000,NetCashProvidedByUsedInOperatingActivities,USD,2023-05-05,10-Q,2022-03-31,through_ocf,True,,,0.19881,0.147035,2.542232,-0.088316,-0.068475
2023Q3,2023-07-27,STRA,1013934,"STRATEGIC EDUCATION, INC.",$500M-$1B,,532419000,RevenueFromContractWithCustomerExcludingAssessedTax,USD,2023-07-27,10-Q,2022-06-30,22249000,NetIncomeLoss,USD,2023-07-27,10-Q,2022-06-30,2161747000,Assets,USD,2023-07-27,10-Q,2022-12-31,-57739000,NetCashProvidedByUsedInFinancingActivities,USD,2023-07-27,10-Q,2022-06-30,-20811000,NetCashProvidedByUsedInInvestingActivities,USD,2023-07-27,10-Q,2022-06-30,80676000,NetCashProvidedByUsedInOperatingActivities,USD,2023-07-27,10-Q,2022-06-30,through_ocf,True,,,0.041789,0.151527,4.060236,-0.108447,-0.039088
2023Q3,2023-08-07,STRL,874238,"STERLING INFRASTRUCTURE, INC.",$100M-$500M,,365962000,RevenueFromContractWithCustomerExcludingAssessedTax,USD,2023-05-02,10-Q,2022-03-31,19252000,NetIncomeLoss,USD,2023-05-02,10-Q,2022-03-31,1441620000,Assets,USD,2023-05-02,10-Q,2022-12-31,-13313000,NetCashProvidedByUsedInFinancingActivities,USD,2023-05-02,10-Q,2022-03-31,-14563000,NetCashProvidedByUsedInInvestingActivities,USD,2023-05-02,10-Q,2022-03-31,26568000,NetCashProvidedByUsedInOperatingActivities,USD,2023-05-02,10-Q,2022-03-31,through_ocf,True,,,0.052607,0.072598,3.939261,-0.036378,-0.039794
2023Q3,2023-07-14,STT,93751,STATE STREET CORP,$2B-$10B,,3081000000,Revenues,USD,2023-04-27,10-Q,2022-03-31,604000000,NetIncomeLoss,USD,2023-04-27,10-Q,2022-03-31,301450000000,Assets,USD,2023-04-27,10-Q,2022-12-31,-905000000,NetCashProvidedByUsedInFinancingActivities,USD,2023-04-27,10-Q,2022-03-31,-4336000000,NetCashProvidedByUsedInInvestingActivities,USD,2023-04-27,10-Q,2022-03-31,4586000000,NetCashProvidedByUsedInOperatingActivities,USD,2023-04-27,10-Q,2022-03-31,through_ocf,True,,,0.19604,1.488478,97.84161,-0.293736,-1.407335
2023Q3,2023-07-26,STX,1137789,Seagate Technology Holdings plc,$2B-$10B,,9033000000,RevenueFromContractWithCustomerExcludingAssessedTax,USD,2023-04-26,10-Q,2022-04-01,1373000000,NetIncomeLoss,USD,2023-04-26,10-Q,2022-04-01,8944000000,Assets,USD,2023-04-26,10-Q,2022-07-01,-1255000000,NetCashProvidedByUsedInFinancingActivities,USD,2023-04-26,10-Q,2022-04-01,-293000000,NetCashProvidedByUsedInInvestingActivities,USD,2023-04-26,10-Q,2022-04-01,1477000000,NetCashProvidedByUsedInOperatingActivities,USD,2023-04-26,10-Q,2022-04-01,through_ocf,True,,,0.151998,0.163512,0.990147,-0.138935,-0.032437
2023Q3,2023-07-24,SUPN,1356576,"SUPERNUS PHARMACEUTICALS, INC.",$100M-$500M,,152506000,RevenueFromContractWithCustomerExcludingAssessedTax,USD,2023-05-09,10-Q,2022-03-31,25616000,NetIncomeLoss,USD,2023-05-09,10-Q,2022-03-31,1702508000,Assets,USD,2023-05-09,10-Q,2022-12-31,-22034000,NetCashProvidedByUsedInFinancingActivities,USD,2023-05-09,10-Q,2022-03-31,-69987000,NetCashProvidedByUsedInInvestingActivities,USD,2023-05-09,10-Q,2022-03-31,4302000,NetCashProvidedByUsedInOperatingActivities,USD,2023-05-09,10-Q,2022-03-31,through_ocf,True,,,0.167967,0.028209,11.163548,-0.14448,-0.458913
2023Q3,2023-08-10,SVV,0001883313,"Savers Value Village, Inc.",,,,,,,,,,,,,,,,,,,,,,,,,,,,,,,,,,,,,,,through_ocf,False,,revenue;net_income;assets;financing_cash_flow;investing_cash_flow;operating_cash_flow,,,,,
2023Q3,2023-09-07,SWBI,1092796,"Smith & Wesson Brands, Inc.",<$100M,,84394000,RevenueFromContractWithCustomerExcludingAssessedTax,USD,2023-09-07,10-Q,2022-07-31,3312000,NetIncomeLoss,USD,2023-09-07,10-Q,2022-07-31,541294000,Assets,USD,2023-09-07,10-Q,2023-04-30,-5835000,NetCashProvidedByUsedInFinancingActivities,USD,2023-09-07,10-Q,2022-07-31,-11586000,NetCashProvidedByUsedInInvestingActivities,USD,2023-09-07,10-Q,2022-07-31,7145000,NetCashProvidedByUsedInOperatingActivities,USD,2023-09-07,10-Q,2022-07-31,through_ocf,True,,,0.039244,0.084662,6.413892,-0.06914,-0.137285
2023Q3,2023-08-08,SWIM,1833197,"Latham Group, Inc.",$100M-$500M,,398414000,RevenueFromContractWithCustomerExcludingAssessedTax,USD,2023-08-08,10-Q,2022-07-02,-2840000,NetIncomeLoss,USD,2023-08-08,10-Q,2022-04-02,869683000,Assets,USD,2023-08-08,10-Q,2022-12-31,13438000,NetCashProvidedByUsedInFinancingActivities,USD,2023-08-08,10-Q,2022-07-02,-17111000,NetCashProvidedByUsedInInvestingActivities,USD,2023-08-08,10-Q,2022-07-02,-15086000,NetCashProvidedByUsedInOperatingActivities,USD,2023-08-08,10-Q,2022-07-02,through_ocf,True,,,-0.007128,-0.037865,2.182863,0.033729,-0.042948
2023Q3,2023-08-01,SWK,93556,"STANLEY BLACK & DECKER, INC.",$2B-$10B,,8841000000,Revenues,USD,2023-08-01,10-Q,2022-07-02,262900000,NetIncomeLoss,USD,2023-08-01,10-Q,2022-07-02,24963300000,Assets,USD,2023-08-01,10-Q,2022-12-31,2033600000,NetCashProvidedByUsedInFinancingActivities,USD,2023-08-01,10-Q,2022-07-02,-317700000,NetCashProvidedByUsedInInvestingActivities,USD,2023-08-01,10-Q,2022-07-02,-1685000000,NetCashProvidedByUsedInOperatingActivities,USD,2023-08-01,10-Q,2022-07-02,through_ocf,True,,,0.029736,-0.190589,2.823583,0.230019,-0.035935
2023Q3,2023-08-07,SWKS,4127,"Skyworks Solutions, Inc.",$2B-$10B,,2846000000,Revenues,USD,2023-05-09,10-Q,2022-04-01,399900000,NetIncomeLoss,USD,2023-05-09,10-Q,2021-12-31,8873800000,Assets,USD,2023-05-09,10-Q,2022-09-30,-986600000,NetCashProvidedByUsedInFinancingActivities,USD,2023-05-09,10-Q,2022-04-01,-214400000,NetCashProvidedByUsedInInvestingActivities,USD,2023-05-09,10-Q,2022-04-01,974500000,NetCashProvidedByUsedInOperatingActivities,USD,2023-05-09,10-Q,2022-04-01,through_ocf,True,,,0.140513,0.34241,3.11799,-0.346662,-0.075334
2023Q3,2023-08-09,SWX,1692115,"Southwest Gas Holdings, Inc.",$2B-$10B,,4386652000,Revenues,USD,2023-08-09,10-Q,2022-06-30,147970000,NetIncomeLoss,USD,2023-08-09,10-Q,2022-06-30,13196614000,Assets,USD,2023-08-09,10-Q,2022-12-31,2874805000,NetCashProvidedByUsedInFinancingActivities,USD,2023-08-09,10-Q,2022-06-30,-3080058000,NetCashProvidedByUsedInInvestingActivities,USD,2023-08-09,10-Q,2022-06-30,373644000,NetCashProvidedByUsedInOperatingActivities,USD,2023-08-09,10-Q,2022-06-30,through_ocf,True,,,0.033732,0.085177,3.008357,0.655353,-0.702143
2023Q3,2023-08-01,SXC,1514705,"SunCoke Energy, Inc.",$500M-$1B,,941700000,RevenueFromContractWithCustomerExcludingAssessedTax,USD,2023-08-01,10-Q,2022-06-30,47500000,NetIncomeLoss,USD,2023-08-01,10-Q,2022-06-30,1654600000,Assets,USD,2023-08-01,10-Q,2022-12-31,-32600000,NetCashProvidedByUsedInFinancingActivities,USD,2023-08-01,10-Q,2022-06-30,-34000000,NetCashProvidedByUsedInInvestingActivities,USD,2023-08-01,10-Q,2022-06-30,66200000,NetCashProvidedByUsedInOperatingActivities,USD,2023-08-01,10-Q,2022-06-30,through_ocf,True,,,0.050441,0.070298,1.757035,-0.034618,-0.036105
2023Q3,2023-07-21,SXT,310142,Sensient Technologies Corp,$100M-$500M,,355521000,RevenueFromContractWithCustomerExcludingAssessedTax,USD,2023-05-02,10-Q,2022-03-31,37071000,NetIncomeLoss,USD,2023-05-02,10-Q,2022-03-31,1981614000,Assets,USD,2023-05-02,10-Q,2022-12-31,14934000,NetCashProvidedByUsedInFinancingActivities,USD,2023-05-02,10-Q,2022-03-31,-12213000,NetCashProvidedByUsedInInvestingActivities,USD,2023-05-02,10-Q,2022-03-31,-892000,NetCashProvidedByUsedInOperatingActivities,USD,2023-05-02,10-Q,2022-03-31,through_ocf,True,,,0.104272,-0.002509,5.573831,0.042006,-0.034352
2023Q3,2023-08-03,SYK,310764,STRYKER CORP,$2B-$10B,,4275000000,Revenues,USD,2023-05-02,10-Q,2022-03-31,323000000,NetIncomeLoss,USD,2023-05-02,10-Q,2022-03-31,36884000000,Assets,USD,2023-05-02,10-Q,2022-12-31,993000000,NetCashProvidedByUsedInFinancingActivities,USD,2023-05-02,10-Q,2022-03-31,-2682000000,NetCashProvidedByUsedInInvestingActivities,USD,2023-05-02,10-Q,2022-03-31,203000000,NetCashProvidedByUsedInOperatingActivities,USD,2023-05-02,10-Q,2022-03-31,through_ocf,True,,,0.075556,0.047485,8.627836,0.232281,-0.627368
2023Q3,2023-07-31,SYM,1837240,SYMBOTIC INC.,$100M-$500M,,173348000,RevenueFromContractWithCustomerExcludingAssessedTax,USD,2023-05-05,10-Q,2022-03-26,-52956000,NetIncomeLoss,USD,2023-05-05,10-Q,2022-03-26,631263000,Assets,USD,2023-05-05,10-Q,2022-09-24,173796000,NetCashProvidedByUsedInFinancingActivities,USD,2023-05-05,10-Q,2022-03-26,-8560000,NetCashProvidedByUsedInInvestingActivities,USD,2023-05-05,10-Q,2022-03-26,-62902000,NetCashProvidedByUsedInOperatingActivities,USD,2023-05-05,10-Q,2022-03-26,through_ocf,True,,,-0.30549,-0.362865,3.641594,1.002584,-0.04938
2023Q3,2023-08-03,SYNA,817720,SYNAPTICS INCORPORATED,$1B-$2B,,1263300000,RevenueFromContractWithCustomerExcludingAssessedTax,USD,2023-05-04,10-Q,2022-03-26,40200000,NetIncomeLoss,USD,2023-05-04,10-Q,2021-09-25,2858100000,Assets,USD,2023-05-04,10-Q,2022-06-25,16900000,NetCashProvidedByUsedInFinancingActivities,USD,2023-05-04,10-Q,2022-03-26,-469400000,NetCashProvidedByUsedInInvestingActivities,USD,2023-05-04,10-Q,2022-03-26,308400000,NetCashProvidedByUsedInOperatingActivities,USD,2023-05-04,10-Q,2022-03-26,through_ocf,True,,,0.031821,0.244123,2.262408,0.013378,-0.371567
2023Q3,2023-08-08,TALO,1724965,Talos Energy Inc.,$100M-$500M,,413566000,Revenues,USD,2023-05-09,10-Q,2022-03-31,-66441000,NetIncomeLoss,USD,2023-05-09,10-Q,2022-03-31,3058626000,Assets,USD,2023-05-09,10-Q,2022-12-31,-45732000,NetCashProvidedByUsedInFinancingActivities,USD,2023-05-09,10-Q,2022-03-31,-59382000,NetCashProvidedByUsedInInvestingActivities,USD,2023-05-09,10-Q,2022-03-31,113610000,NetCashProvidedByUsedInOperatingActivities,USD,2023-05-09,10-Q,2022-03-31,through_ocf,True,,,-0.160654,0.274708,7.395739,-0.11058,-0.143585
2023Q3,2023-08-01,TAP,24545,MOLSON COORS BEVERAGE COMPANY,$2B-$10B,,6144700000,RevenueFromContractWithCustomerExcludingAssessedTax,USD,2023-08-01,10-Q,2022-06-30,198800000,NetIncomeLoss,USD,2023-08-01,10-Q,2022-06-30,25868300000,Assets,USD,2023-08-01,10-Q,2022-12-31,-469800000,NetCashProvidedByUsedInFinancingActivities,USD,2023-08-01,10-Q,2022-06-30,-369500000,NetCashProvidedByUsedInInvestingActivities,USD,2023-08-01,10-Q,2022-06-30,666800000,NetCashProvidedByUsedInOperatingActivities,USD,2023-08-01,10-Q,2022-06-30,through_ocf,True,,,0.032353,0.108516,4.209856,-0.076456,-0.060133
2023Q3,2023-08-09,TASK,1829864,"TaskUs, Inc.",$100M-$500M,,486139000,RevenueFromContractWithCustomerExcludingAssessedTax,USD,2023-08-09,10-Q,2022-06-30,11586000,NetIncomeLoss,USD,2023-08-09,10-Q,2022-03-31,902015000,Assets,USD,2023-08-09,10-Q,2022-12-31,25393000,NetCashProvidedByUsedInFinancingActivities,USD,2023-08-09,10-Q,2022-06-30,-52592000,NetCashProvidedByUsedInInvestingActivities,USD,2023-08-09,10-Q,2022-06-30,72966000,NetCashProvidedByUsedInOperatingActivities,USD,2023-08-09,10-Q,2022-06-30,through_ocf,True,,,0.023833,0.150093,1.855467,0.052234,-0.108183
2023Q3,2023-07-24,TBI,768899,"TrueBlue, Inc.",$500M-$1B,,568244000,SalesRevenueServicesNet,USD,2018-04-30,10-Q,2017-04-02,34532000,NetIncomeLoss,USD,2023-07-24,10-Q,2022-06-26,1019408000,Assets,USD,2023-07-24,10-Q,2022-12-25,-64682000,NetCashProvidedByUsedInFinancingActivities,USD,2023-07-24,10-Q,2022-06-26,-1116000,NetCashProvidedByUsedInInvestingActivities,USD,2023-07-24,10-Q,2022-06-26,53102000,NetCashProvidedByUsedInOperatingActivities,USD,2023-07-24,10-Q,2022-06-26,through_ocf,True,,,0.06077,0.093449,1.793962,-0.113828,-0.001964
2023Q3,2023-08-09,TBLA,0001840502,TABOOLA.COM LTD.,$500M-$1B,,697421000,RevenueFromContractWithCustomerExcludingAssessedTax,USD,2023-08-09,10-Q,2022-06-30,-1133000,NetIncomeLoss,USD,2023-08-09,10-Q,2022-06-30,1529623000,Assets,USD,2023-08-09,10-Q,2022-12-31,2347000,NetCashProvidedByUsedInFinancingActivities,USD,2023-08-09,10-Q,2022-06-30,-93817000,NetCashProvidedByUsedInInvestingActivities,USD,2023-08-09,10-Q,2022-06-30,10207000,NetCashProvidedByUsedInOperatingActivities,USD,2023-08-09,10-Q,2022-06-30,through_ocf,True,,,-0.001625,0.014635,2.193256,0.003365,-0.13452
2023Q3,2023-08-03,TDAY,1579684,"USA TODAY CO., INC.",$1B-$2B,,1496737000,RevenueFromContractWithCustomerExcludingAssessedTax,USD,2023-08-03,10-Q,2022-06-30,-56655000,NetIncomeLoss,USD,2023-08-03,10-Q,2022-06-30,2393555000,Assets,USD,2023-08-03,10-Q,2022-12-31,-35047000,NetCashProvidedByUsedInFinancingActivities,USD,2023-08-03,10-Q,2022-06-30,-9649000,NetCashProvidedByUsedInInvestingActivities,USD,2023-08-03,10-Q,2022-06-30,1688000,NetCashProvidedByUsedInOperatingActivities,USD,2023-08-03,10-Q,2022-06-30,through_ocf,True,,,-0.037852,0.001128,1.599182,-0.023416,-0.006447
2023Q3,2023-08-08,TDG,1260221,TransDigm Group Incorporated,$2B-$10B,,3919000000,Revenues,USD,2023-08-08,10-Q,2022-07-02,163000000,NetIncomeLoss,USD,2023-08-08,10-Q,2022-01-01,18107000000,Assets,USD,2023-08-08,10-Q,2022-09-30,-1116000000,NetCashProvidedByUsedInFinancingActivities,USD,2023-08-08,10-Q,2022-07-02,-505000000,NetCashProvidedByUsedInInvestingActivities,USD,2023-08-08,10-Q,2022-07-02,675000000,NetCashProvidedByUsedInOperatingActivities,USD,2023-08-08,10-Q,2022-07-02,through_ocf,True,,,0.041592,0.172238,4.620311,-0.284767,-0.128859
2023Q3,2023-07-26,TDY,1094285,Teledyne Technologies Inc,$1B-$2B,,1321000000,RevenueFromContractWithCustomerExcludingAssessedTax,USD,2023-04-28,10-Q,2022-04-03,212600000,NetIncomeLoss,USD,2023-04-28,10-Q,2022-04-03,14354000000,Assets,USD,2023-04-28,10-Q,2023-01-01,42600000,NetCashProvidedByUsedInFinancingActivities,USD,2023-04-28,10-Q,2022-04-03,-19600000,NetCashProvidedByUsedInInvestingActivities,USD,2023-04-28,10-Q,2022-04-03,-216700000,NetCashProvidedByUsedInOperatingActivities,USD,2023-04-28,10-Q,2022-04-03,through_ocf,True,,,0.160939,-0.164042,10.866011,0.032248,-0.014837
2023Q3,2023-08-08,TEAD,1454938,Teads Holding Co.,$500M-$1B,,505099000,Revenues,USD,2023-08-08,10-Q,2022-06-30,-1890000,NetIncomeLoss,USD,2023-08-08,10-Q,2022-03-31,781148000,Assets,USD,2023-08-08,10-Q,2022-12-31,-7690000,NetCashProvidedByUsedInFinancingActivities,USD,2023-08-08,10-Q,2022-06-30,-51309000,NetCashProvidedByUsedInInvestingActivities,USD,2023-08-08,10-Q,2022-06-30,-1130000,NetCashProvidedByUsedInOperatingActivities,USD,2023-08-08,10-Q,2022-06-30,through_ocf,True,,,-0.003742,-0.002237,1.546525,-0.015225,-0.101582
2023Q3,2023-08-08,TECH,842023,BIO-TECHNE CORPORATION,$500M-$1B,,817371000,RevenueFromContractWithCustomerExcludingAssessedTax,USD,2023-05-08,10-Q,2022-03-31,210527000,NetIncomeLoss,USD,2023-05-08,10-Q,2022-03-31,2294805000,Assets,USD,2023-05-08,10-Q,2022-06-30,-177125000,NetCashProvidedByUsedInFinancingActivities,USD,2023-05-08,10-Q,2022-03-31,-78281000,NetCashProvidedByUsedInInvestingActivities,USD,2023-05-08,10-Q,2022-03-31,222555000,NetCashProvidedByUsedInOperatingActivities,USD,2023-05-08,10-Q,2022-03-31,through_ocf,True,,,0.257566,0.272281,2.807544,-0.216701,-0.095772
2023Q3,2023-07-26,TEL,1385157,TE CONNECTIVITY PLC,$2B-$10B,,7825000000,RevenueFromContractWithCustomerExcludingAssessedTax,USD,2023-04-28,10-Q,2022-03-25,1126000000,NetIncomeLoss,USD,2023-04-28,10-Q,2022-03-25,20782000000,Assets,USD,2023-04-28,10-Q,2022-09-30,-1012000000,NetCashProvidedByUsedInFinancingActivities,USD,2023-04-28,10-Q,2022-03-25,-383000000,NetCashProvidedByUsedInInvestingActivities,USD,2023-04-28,10-Q,2022-03-25,945000000,NetCashProvidedByUsedInOperatingActivities,USD,2023-04-28,10-Q,2022-03-25,through_ocf,True,,,0.143898,0.120767,2.655847,-0.129329,-0.048946
2023Q3,2023-07-25,TENB,1660280,"TENABLE HOLDINGS, INC.",$100M-$500M,,159368000,RevenueFromContractWithCustomerExcludingAssessedTax,USD,2023-05-03,10-Q,2022-03-31,-24506000,NetIncomeLoss,USD,2023-05-03,10-Q,2022-03-31,1439530000,Assets,USD,2023-05-03,10-Q,2022-12-31,10528000,NetCashProvidedByUsedInFinancingActivities,USD,2023-05-03,10-Q,2022-03-31,-33486000,NetCashProvidedByUsedInInvestingActivities,USD,2023-05-03,10-Q,2022-03-31,32862000,NetCashProvidedByUsedInOperatingActivities,USD,2023-05-03,10-Q,2022-03-31,through_ocf,True,,,-0.15377,0.206202,9.032742,0.066061,-0.210117
2023Q3,2023-07-27,TER,97210,"TERADYNE, INC.",$500M-$1B,,755370000,Revenues,USD,2023-05-05,10-Q,2022-04-03,161928000,NetIncomeLoss,USD,2023-05-05,10-Q,2022-04-03,3609154000,Assets,USD,2023-05-05,10-Q,2022-04-03,-254627000,NetCashProvidedByUsedInFinancingActivities,USD,2023-05-05,10-Q,2022-04-03,-82713000,NetCashProvidedByUsedInInvestingActivities,USD,2023-05-05,10-Q,2022-04-03,7462000,NetCashProvidedByUsedInOperatingActivities,USD,2023-05-05,10-Q,2022-04-03,through_ocf,True,,,0.214369,0.009879,4.777995,-0.337089,-0.1095
2023Q3,2023-08-01,TEX,97216,TEREX CORP,$1B-$2B,,1002500000,RevenueFromContractWithCustomerExcludingAssessedTax,USD,2023-05-02,10-Q,2022-03-31,51900000,NetIncomeLoss,USD,2023-05-02,10-Q,2022-03-31,3118100000,Assets,USD,2023-05-02,10-Q,2022-12-31,28000000,NetCashProvidedByUsedInFinancingActivities,USD,2023-05-02,10-Q,2022-03-31,-23200000,NetCashProvidedByUsedInInvestingActivities,USD,2023-05-02,10-Q,2022-03-31,-51700000,NetCashProvidedByUsedInOperatingActivities,USD,2023-05-02,10-Q,2022-03-31,through_ocf,True,,,0.051771,-0.051571,3.110324,0.02793,-0.023142
2023Q3,2023-08-09,TG,850429,TREDEGAR CORP,$100M-$500M,,468372000,SalesRevenueGoodsNet,USD,2018-08-01,10-Q,2017-06-30,31292000,NetIncomeLoss,USD,2023-08-09,10-Q,2022-06-30,542093000,Assets,USD,2023-08-09,10-Q,2022-12-31,18724000,NetCashProvidedByUsedInFinancingActivities,USD,2023-08-09,10-Q,2022-06-30,-12108000,NetCashProvidedByUsedInInvestingActivities,USD,2023-08-09,10-Q,2022-06-30,-9429000,NetCashProvidedByUsedInOperatingActivities,USD,2023-08-09,10-Q,2022-06-30,through_ocf,True,,,0.06681,-0.020131,1.157398,0.039977,-0.025851
2023Q3,2023-08-08,TGLS,1534675,TECNOGLASS INC.,$100M-$500M,,134548000,RevenueFromContractWithCustomerExcludingAssessedTax,USD,2023-05-08,10-Q,2022-03-31,20853000,NetIncomeLoss,USD,2023-05-08,10-Q,2022-03-31,734308000,Assets,USD,2023-05-08,10-Q,2022-12-31,-18318000,NetCashProvidedByUsedInFinancingActivities,USD,2023-05-08,10-Q,2022-03-31,-10394000,NetCashProvidedByUsedInInvestingActivities,USD,2023-05-08,10-Q,2022-03-31,27135000,NetCashProvidedByUsedInOperatingActivities,USD,2023-05-08,10-Q,2022-03-31,through_ocf,True,,,0.154986,0.201675,5.457591,-0.136145,-0.077251
2023Q3,2023-08-03,TGNA,39899,TEGNA INC.,$1B-$2B,,1559004000,RevenueFromContractWithCustomerExcludingAssessedTax,USD,2023-08-03,10-Q,2022-06-30,265803000,NetIncomeLoss,USD,2023-08-03,10-Q,2022-06-30,7328896000,Assets,USD,2023-08-03,10-Q,2022-12-31,-223787000,NetCashProvidedByUsedInFinancingActivities,USD,2023-08-03,10-Q,2022-06-30,-23819000,NetCashProvidedByUsedInInvestingActivities,USD,2023-08-03,10-Q,2022-06-30,391387000,NetCashProvidedByUsedInOperatingActivities,USD,2023-08-03,10-Q,2022-06-30,through_ocf,True,,,0.170495,0.251049,4.701012,-0.143545,-0.015278
2023Q3,2023-08-09,TH,1712189,TARGET HOSPITALITY CORP.,$100M-$500M,,189982000,Revenues,USD,2023-08-09,10-Q,2022-06-30,494000,NetIncomeLoss,USD,2023-08-09,10-Q,2022-03-31,771727000,Assets,USD,2023-08-09,10-Q,2022-12-31,20426000,NetCashProvidedByUsedInFinancingActivities,USD,2023-08-09,10-Q,2022-06-30,-30764000,NetCashProvidedByUsedInInvestingActivities,USD,2023-08-09,10-Q,2022-06-30,-3367000,NetCashProvidedByUsedInOperatingActivities,USD,2023-08-09,10-Q,2022-06-30,through_ocf,True,,,0.0026,-0.017723,4.062106,0.107515,-0.161931
2023Q3,2023-08-03,THR,1489096,"THERMON GROUP HOLDINGS, INC.",<$100M,,95442000,RevenueFromContractWithCustomerExcludingAssessedTax,USD,2023-08-03,10-Q,2022-06-30,6556000,ProfitLoss,USD,2023-08-03,10-Q,2022-06-30,649629000,Assets,USD,2023-08-03,10-Q,2023-03-31,22763000,NetCashProvidedByUsedInFinancingActivities,USD,2023-08-03,10-Q,2022-06-30,-36893000,NetCashProvidedByUsedInInvestingActivities,USD,2023-08-03,10-Q,2022-06-30,11860000,NetCashProvidedByUsedInOperatingActivities,USD,2023-08-03,10-Q,2022-06-30,through_ocf,True,,,0.068691,0.124264,6.806532,0.238501,-0.386549
2023Q3,2023-08-01,THRM,903129,Gentherm Inc,$500M-$1B,,528372000,RevenueFromContractWithCustomerExcludingAssessedTax,USD,2023-08-01,10-Q,2022-06-30,11747000,ProfitLoss,USD,2023-08-01,10-Q,2022-03-31,1239300000,Assets,USD,2023-08-01,10-Q,2022-12-31,-5145000,NetCashProvidedByUsedInFinancingActivities,USD,2023-08-01,10-Q,2022-06-30,-15717000,NetCashProvidedByUsedInInvestingActivities,USD,2023-08-01,10-Q,2022-06-30,-3686000,NetCashProvidedByUsedInOperatingActivities,USD,2023-08-01,10-Q,2022-06-30,through_ocf,True,,,0.022232,-0.006976,2.345507,-0.009737,-0.029746
2023Q3,2023-08-03,THRY,1556739,"THRYV HOLDINGS, INC.",$500M-$1B,,642370000,RevenueFromContractWithCustomerExcludingAssessedTax,USD,2023-08-03,10-Q,2022-06-30,91513000,NetIncomeLoss,USD,2023-08-03,10-Q,2022-06-30,1177877000,Assets,USD,2023-08-03,10-Q,2022-12-31,-21481000,NetCashProvidedByUsedInFinancingActivities,USD,2023-08-03,10-Q,2022-06-30,-32425000,NetCashProvidedByUsedInInvestingActivities,USD,2023-08-03,10-Q,2022-06-30,56903000,NetCashProvidedByUsedInOperatingActivities,USD,2023-08-03,10-Q,2022-06-30,through_ocf,True,,,0.142462,0.088583,1.833643,-0.03344,-0.050477
2023Q3,2023-08-04,TILE,715787,INTERFACE INC,$100M-$500M,,288002000,RevenueFromContractWithCustomerExcludingAssessedTax,USD,2023-05-09,10-Q,2022-04-03,13293000,NetIncomeLoss,USD,2023-05-09,10-Q,2022-04-03,1266503000,Assets,USD,2023-05-09,10-Q,2023-01-01,2894000,NetCashProvidedByUsedInFinancingActivities,USD,2023-05-09,10-Q,2022-04-03,-4781000,NetCashProvidedByUsedInInvestingActivities,USD,2023-05-09,10-Q,2022-04-03,-17696000,NetCashProvidedByUsedInOperatingActivities,USD,2023-05-09,10-Q,2022-04-03,through_ocf,True,,,0.046156,-0.061444,4.397549,0.010049,-0.016601
2023Q3,2023-08-02,TIPT,1393726,Tiptree Inc.,$500M-$1B,,664746000,Revenues,USD,2023-08-02,10-Q,2022-06-30,-23368000,NetIncomeLoss,USD,2023-08-02,10-Q,2022-06-30,4039563000,Assets,USD,2023-08-02,10-Q,2022-12-31,-101671000,NetCashProvidedByUsedInFinancingActivities,USD,2023-08-02,10-Q,2022-06-30,-23611000,NetCashProvidedByUsedInInvestingActivities,USD,2023-08-02,10-Q,2022-06-30,284513000,NetCashProvidedByUsedInOperatingActivities,USD,2023-08-02,10-Q,2022-06-30,through_ocf,True,,,-0.035153,0.428003,6.076852,-0.152947,-0.035519
2023Q3,2023-08-31,TITN,1409171,TITAN MACHINERY INC.,$100M-$500M,,461007000,Revenues,USD,2023-06-01,10-Q,2022-04-30,17540000,NetIncomeLoss,USD,2023-06-01,10-Q,2022-04-30,1188695000,Assets,USD,2023-06-01,10-Q,2023-01-31,7989000,NetCashProvidedByUsedInFinancingActivities,USD,2023-06-01,10-Q,2022-04-30,-11944000,NetCashProvidedByUsedInInvestingActivities,USD,2023-06-01,10-Q,2022-04-30,5321000,NetCashProvidedByUsedInOperatingActivities,USD,2023-06-01,10-Q,2022-04-30,through_ocf,True,,,0.038047,0.011542,2.578475,0.017329,-0.025909
2023Q3,2023-08-16,TJX,109198,"THE TJX COMPANIES, INC.",$2B-$10B,,7784024000,SalesRevenueNet,USD,2018-06-01,10-Q,2017-04-29,587000000,NetIncomeLoss,USD,2023-05-26,10-Q,2022-04-30,27710000000,Assets,USD,2023-05-26,10-Q,2022-04-30,-931000000,NetCashProvidedByUsedInFinancingActivities,USD,2023-05-26,10-Q,2022-04-30,-324000000,NetCashProvidedByUsedInInvestingActivities,USD,2023-05-26,10-Q,2022-04-30,-634000000,NetCashProvidedByUsedInOperatingActivities,USD,2023-05-26,10-Q,2022-04-30,through_ocf,True,,,0.075411,-0.081449,3.559855,-0.119604,-0.041624
2023Q3,2023-07-26,TMHC,1562476,TAYLOR MORRISON HOME CORP,$2B-$10B,,3698147000,RevenueFromContractWithCustomerExcludingAssessedTax,USD,2023-07-26,10-Q,2022-06-30,467690000,NetIncomeLoss,USD,2023-07-26,10-Q,2022-06-30,8470724000,Assets,USD,2023-07-26,10-Q,2022-12-31,-656730000,NetCashProvidedByUsedInFinancingActivities,USD,2023-07-26,10-Q,2022-06-30,4193000,NetCashProvidedByUsedInInvestingActivities,USD,2023-07-26,10-Q,2022-06-30,195490000,NetCashProvidedByUsedInOperatingActivities,USD,2023-07-26,10-Q,2022-06-30,through_ocf,True,,,0.126466,0.052862,2.290532,-0.177584,0.001134
2023Q3,2023-08-03,TNDM,1438133,"Tandem Diabetes Care, Inc.",$100M-$500M,,376169000,RevenueFromContractWithCustomerExcludingAssessedTax,USD,2023-08-03,10-Q,2022-06-30,-29771000,NetIncomeLoss,USD,2023-08-03,10-Q,2022-06-30,1052785000,Assets,USD,2023-08-03,10-Q,2022-12-31,11551000,NetCashProvidedByUsedInFinancingActivities,USD,2023-08-03,10-Q,2022-06-30,11554000,NetCashProvidedByUsedInInvestingActivities,USD,2023-08-03,10-Q,2022-06-30,20701000,NetCashProvidedByUsedInOperatingActivities,USD,2023-08-03,10-Q,2022-06-30,through_ocf,True,,,-0.079143,0.055031,2.798702,0.030707,0.030715
2023Q3,2023-07-26,TNET,937098,"TRINET GROUP, INC",$2B-$10B,,2418000000,RevenueFromContractWithCustomerExcludingAssessedTax,USD,2023-07-26,10-Q,2022-06-30,230000000,NetIncomeLoss,USD,2023-07-26,10-Q,2022-06-30,3443000000,Assets,USD,2023-07-26,10-Q,2022-12-31,-385000000,NetCashProvidedByUsedInFinancingActivities,USD,2023-07-26,10-Q,2022-06-30,-191000000,NetCashProvidedByUsedInInvestingActivities,USD,2023-07-26,10-Q,2022-06-30,125000000,NetCashProvidedByUsedInOperatingActivities,USD,2023-07-26,10-Q,2022-06-30,through_ocf,True,,,0.09512,0.051696,1.423904,-0.159222,-0.078991
2023Q3,2023-08-02,TPB,1290677,"Turning Point Brands, Inc.",$100M-$500M,,197256000,SalesRevenueNet,USD,2018-03-08,10-K,2015-12-31,16422000,NetIncomeLoss,USD,2023-08-02,10-Q,2022-06-30,572106000,Assets,USD,2023-08-02,10-Q,2022-12-31,-22507000,NetCashProvidedByUsedInFinancingActivities,USD,2023-08-02,10-Q,2022-06-30,-15709000,NetCashProvidedByUsedInInvestingActivities,USD,2023-08-02,10-Q,2022-06-30,7149000,NetCashProvidedByUsedInOperatingActivities,USD,2023-08-02,10-Q,2022-06-30,through_ocf,True,,,0.083252,0.036242,2.900322,-0.1141,-0.079638
2023Q3,2023-08-03,TPC,77543,Tutor Perini Corporation,$500M-$1B,,952154000,RevenueFromContractWithCustomerExcludingAssessedTax,USD,2023-05-04,10-Q,2022-03-31,-21634000,NetIncomeLoss,USD,2023-05-04,10-Q,2022-03-31,4542800000,Assets,USD,2023-05-04,10-Q,2022-12-31,4094000,NetCashProvidedByUsedInFinancingActivities,USD,2023-05-04,10-Q,2022-03-31,-14868000,NetCashProvidedByUsedInInvestingActivities,USD,2023-05-04,10-Q,2022-03-31,120747000,NetCashProvidedByUsedInOperatingActivities,USD,2023-05-04,10-Q,2022-03-31,through_ocf,True,,,-0.022721,0.126815,4.771077,0.0043,-0.015615
2023Q3,2023-08-08,TPG,0001880661,TPG Inc.,$1B-$2B,,1002428000,Revenues,USD,2023-08-08,10-Q,2022-06-30,31425000,NetIncomeLoss,USD,2023-08-08,10-Q,2022-06-30,7941738000,Assets,USD,2023-08-08,10-Q,2022-12-31,-496533000,NetCashProvidedByUsedInFinancingActivities,USD,2023-08-08,10-Q,2022-06-30,-2708000,NetCashProvidedByUsedInInvestingActivities,USD,2023-08-08,10-Q,2022-06-30,704337000,NetCashProvidedByUsedInOperatingActivities,USD,2023-08-08,10-Q,2022-06-30,through_ocf,True,,,0.031349,0.702631,7.922502,-0.49533,-0.002701
2023Q3,2023-08-08,TPGXL,0001880661,TPG Inc.,$1B-$2B,,1002428000,Revenues,USD,2023-08-08,10-Q,2022-06-30,31425000,NetIncomeLoss,USD,2023-08-08,10-Q,2022-06-30,7941738000,Assets,USD,2023-08-08,10-Q,2022-12-31,-496533000,NetCashProvidedByUsedInFinancingActivities,USD,2023-08-08,10-Q,2022-06-30,-2708000,NetCashProvidedByUsedInInvestingActivities,USD,2023-08-08,10-Q,2022-06-30,704337000,NetCashProvidedByUsedInOperatingActivities,USD,2023-08-08,10-Q,2022-06-30,through_ocf,True,,,0.031349,0.702631,7.922502,-0.49533,-0.002701
2023Q3,2023-07-27,TPH,1561680,"Tri Pointe Homes, Inc.",$1B-$2B,,1753933000,RevenueFromContractWithCustomerExcludingAssessedTax,USD,2023-07-27,10-Q,2022-06-30,223861000,NetIncomeLoss,USD,2023-07-27,10-Q,2022-06-30,4719940000,Assets,USD,2023-07-27,10-Q,2022-12-31,-199631000,NetCashProvidedByUsedInFinancingActivities,USD,2023-07-27,10-Q,2022-06-30,-43942000,NetCashProvidedByUsedInInvestingActivities,USD,2023-07-27,10-Q,2022-06-30,-167831000,NetCashProvidedByUsedInOperatingActivities,USD,2023-07-27,10-Q,2022-06-30,through_ocf,True,,,0.127634,-0.095688,2.691061,-0.113819,-0.025053
2023Q3,2023-08-02,TPL,1811074,Texas Pacific Land Corporation,$100M-$500M,,323605000,RevenueFromContractWithCustomerExcludingAssessedTax,USD,2023-08-02,10-Q,2022-06-30,97900000,NetIncomeLoss,USD,2023-08-02,10-Q,2022-03-31,877427000,Assets,USD,2023-08-02,10-Q,2022-12-31,-225590000,NetCashProvidedByUsedInFinancingActivities,USD,2023-08-02,10-Q,2022-06-30,-8263000,NetCashProvidedByUsedInInvestingActivities,USD,2023-08-02,10-Q,2022-06-30,195405000,NetCashProvidedByUsedInOperatingActivities,USD,2023-08-02,10-Q,2022-06-30,through_ocf,True,,,0.302529,0.603838,2.711414,-0.697115,-0.025534
2023Q3,2023-08-10,TPR,1116132,"Tapestry, Inc.",$2B-$10B,,5059600000,RevenueFromContractWithCustomerExcludingAssessedTax,USD,2023-05-11,10-Q,2022-04-02,226900000,NetIncomeLoss,USD,2023-05-11,10-Q,2021-10-02,7265300000,Assets,USD,2023-05-11,10-Q,2022-07-02,-1468300000,NetCashProvidedByUsedInFinancingActivities,USD,2023-05-11,10-Q,2022-04-02,-337500000,NetCashProvidedByUsedInInvestingActivities,USD,2023-05-11,10-Q,2022-04-02,616400000,NetCashProvidedByUsedInOperatingActivities,USD,2023-05-11,10-Q,2022-04-02,through_ocf,True,,,0.044845,0.121828,1.435944,-0.290201,-0.066705
2023Q3,2023-07-26,TR,98677,TOOTSIE ROLL INDUSTRIES INC,$100M-$500M,,140637000,RevenueFromContractWithCustomerExcludingAssessedTax,USD,2023-05-10,10-Q,2022-03-31,12027000,NetIncomeLoss,USD,2023-05-10,10-Q,2022-03-31,1012854000,Assets,USD,2023-05-10,10-Q,2022-03-31,-13065000,NetCashProvidedByUsedInFinancingActivities,USD,2023-05-10,10-Q,2022-03-31,-23104000,NetCashProvidedByUsedInInvestingActivities,USD,2023-05-10,10-Q,2022-03-31,16807000,NetCashProvidedByUsedInOperatingActivities,USD,2023-05-10,10-Q,2022-03-31,through_ocf,True,,,0.085518,0.119506,7.201903,-0.092899,-0.164281
2023Q3,2023-08-03,TRGP,1389170,TARGA RESOURCES CORP.,>$10B,,11014900000,Revenues,USD,2023-08-03,10-Q,2022-06-30,684400000,NetIncomeLoss,USD,2023-08-03,10-Q,2022-06-30,19560000000,Assets,USD,2023-08-03,10-Q,2022-12-31,-1636600000,NetCashProvidedByUsedInFinancingActivities,USD,2023-08-03,10-Q,2022-06-30,248400000,NetCashProvidedByUsedInInvestingActivities,USD,2023-08-03,10-Q,2022-06-30,1383700000,NetCashProvidedByUsedInOperatingActivities,USD,2023-08-03,10-Q,2022-06-30,through_ocf,True,,,0.062134,0.125621,1.775776,-0.148581,0.022551
2023Q3,2023-08-02,TRIP,1526520,"TRIPADVISOR, INC.",$500M-$1B,,679000000,RevenueFromContractWithCustomerExcludingAssessedTax,USD,2023-08-02,10-Q,2022-06-30,-3000000,NetIncomeLoss,USD,2023-08-02,10-Q,2022-06-30,2569000000,Assets,USD,2023-08-02,10-Q,2022-12-31,-13000000,NetCashProvidedByUsedInFinancingActivities,USD,2023-08-02,10-Q,2022-06-30,-26000000,NetCashProvidedByUsedInInvestingActivities,USD,2023-08-02,10-Q,2022-06-30,380000000,NetCashProvidedByUsedInOperatingActivities,USD,2023-08-02,10-Q,2022-06-30,through_ocf,True,,,-0.004418,0.559647,3.783505,-0.019146,-0.038292
2023Q3,2023-08-03,TRMB,864749,Trimble Inc.,$500M-$1B,,993700000,RevenueFromContractWithCustomerExcludingAssessedTax,USD,2023-05-03,10-Q,2022-04-01,110300000,NetIncomeLoss,USD,2023-05-03,10-Q,2022-04-01,7269000000,Assets,USD,2023-05-03,10-Q,2022-12-30,-109700000,NetCashProvidedByUsedInFinancingActivities,USD,2023-05-03,10-Q,2022-04-01,-13400000,NetCashProvidedByUsedInInvestingActivities,USD,2023-05-03,10-Q,2022-04-01,153000000,NetCashProvidedByUsedInOperatingActivities,USD,2023-05-03,10-Q,2022-04-01,through_ocf,True,,,0.110999,0.15397,7.315085,-0.110395,-0.013485
2023Q3,2023-08-01,TRN,99780,"Trinity Industries, Inc.",$500M-$1B,,889500000,Revenues,USD,2023-08-01,10-Q,2022-06-30,3000000,NetIncomeLoss,USD,2023-08-01,10-Q,2022-06-30,8724300000,Assets,USD,2023-08-01,10-Q,2022-12-31,278600000,NetCashProvidedByUsedInFinancingActivities,USD,2023-08-01,10-Q,2022-06-30,-201200000,NetCashProvidedByUsedInInvestingActivities,USD,2023-08-01,10-Q,2022-06-30,-73300000,NetCashProvidedByUsedInOperatingActivities,USD,2023-08-01,10-Q,2022-06-30,through_ocf,True,,,0.003373,-0.082406,9.808094,0.31321,-0.226194
2023Q3,2023-07-28,TROW,1113169,PRICE T ROWE GROUP INC,$2B-$10B,,3376000000,RevenueFromContractWithCustomerExcludingAssessedTax,USD,2023-07-28,10-Q,2022-06-30,907500000,NetIncomeLoss,USD,2023-07-28,10-Q,2022-06-30,11643300000,Assets,USD,2023-07-28,10-Q,2022-12-31,-1131000000,NetCashProvidedByUsedInFinancingActivities,USD,2023-07-28,10-Q,2022-06-30,-25700000,NetCashProvidedByUsedInInvestingActivities,USD,2023-07-28,10-Q,2022-06-30,1727000000,NetCashProvidedByUsedInOperatingActivities,USD,2023-07-28,10-Q,2022-06-30,through_ocf,True,,,0.268809,0.511552,3.448845,-0.335012,-0.007613
2023Q3,2023-07-27,TROX,1530804,TRONOX HOLDINGS PLC,$1B-$2B,,1910000000,RevenueFromContractWithCustomerExcludingAssessedTax,USD,2023-07-27,10-Q,2022-06-30,391000000,NetIncomeLoss,USD,2023-07-27,10-Q,2022-06-30,6306000000,Assets,USD,2023-07-27,10-Q,2022-12-31,-143000000,NetCashProvidedByUsedInFinancingActivities,USD,2023-07-27,10-Q,2022-06-30,-201000000,NetCashProvidedByUsedInInvestingActivities,USD,2023-07-27,10-Q,2022-06-30,221000000,NetCashProvidedByUsedInOperatingActivities,USD,2023-07-27,10-Q,2022-06-30,through_ocf,True,,,0.204712,0.115707,3.301571,-0.074869,-0.105236
2023Q3,2023-07-27,TRS,842633,TRIMAS CORPORATION,$100M-$500M,,461990000,Revenues,USD,2023-07-27,10-Q,2022-06-30,14170000,NetIncomeLoss,USD,2023-07-27,10-Q,2022-03-31,1305000000,Assets,USD,2023-07-27,10-Q,2022-12-31,-33630000,NetCashProvidedByUsedInFinancingActivities,USD,2023-07-27,10-Q,2022-06-30,-85710000,NetCashProvidedByUsedInInvestingActivities,USD,2023-07-27,10-Q,2022-06-30,27690000,NetCashProvidedByUsedInOperatingActivities,USD,2023-07-27,10-Q,2022-06-30,through_ocf,True,,,0.030672,0.059936,2.824736,-0.072794,-0.185523
2023Q3,2023-08-03,TRUP,1371285,"TRUPANION, INC.",$100M-$500M,,205999000,Revenues,USD,2023-05-05,10-Q,2022-03-31,-6410000,NetIncomeLoss,USD,2015-02-24,10-K,2012-12-31,671627000,Assets,USD,2023-05-05,10-Q,2022-12-31,52765000,NetCashProvidedByUsedInFinancingActivities,USD,2023-05-05,10-Q,2022-03-31,-14251000,NetCashProvidedByUsedInInvestingActivities,USD,2023-05-05,10-Q,2022-03-31,-3590000,NetCashProvidedByUsedInOperatingActivities,USD,2023-05-05,10-Q,2022-03-31,through_ocf,True,,,-0.031117,-0.017427,3.260341,0.256142,-0.06918
2023Q3,2023-07-20,TRV,86312,"Travelers Companies, Inc.",>$10B,,17945000000,Revenues,USD,2023-07-20,10-Q,2022-06-30,1569000000,NetIncomeLoss,USD,2023-07-20,10-Q,2022-06-30,115717000000,Assets,USD,2023-07-20,10-Q,2022-12-31,-1301000000,NetCashProvidedByUsedInFinancingActivities,USD,2023-07-20,10-Q,2022-06-30,-1367000000,NetCashProvidedByUsedInInvestingActivities,USD,2023-07-20,10-Q,2022-06-30,2641000000,NetCashProvidedByUsedInOperatingActivities,USD,2023-07-20,10-Q,2022-06-30,through_ocf,True,,,0.087434,0.147172,6.448426,-0.072499,-0.076177
2023Q3,2023-07-27,TSCO,916365,TRACTOR SUPPLY CO /DE/,$2B-$10B,,3024132000,Revenues,USD,2023-04-27,10-Q,2022-03-26,187227000,NetIncomeLoss,USD,2023-04-27,10-Q,2022-03-26,7686808000,Assets,USD,2023-04-27,10-Q,2022-03-26,-419376000,NetCashProvidedByUsedInFinancingActivities,USD,2023-04-27,10-Q,2022-03-26,-112288000,NetCashProvidedByUsedInInvestingActivities,USD,2023-04-27,10-Q,2022-03-26,59066000,NetCashProvidedByUsedInOperatingActivities,USD,2023-04-27,10-Q,2022-03-26,through_ocf,True,,,0.061911,0.019532,2.541823,-0.138676,-0.037131
2023Q3,2023-08-03,TSEOF,1519061,Trinseo PLC,$1B-$2B,,1386700000,RevenueFromContractWithCustomerExcludingAssessedTax,USD,2023-05-05,10-Q,2022-03-31,16700000,NetIncomeLoss,USD,2023-05-05,10-Q,2022-03-31,3760200000,Assets,USD,2023-05-05,10-Q,2022-12-31,-70600000,NetCashProvidedByUsedInFinancingActivities,USD,2023-05-05,10-Q,2022-03-31,-47000000,NetCashProvidedByUsedInInvestingActivities,USD,2023-05-05,10-Q,2022-03-31,-5000000,NetCashProvidedByUsedInOperatingActivities,USD,2023-05-05,10-Q,2022-03-31,through_ocf,True,,,0.012043,-0.003606,2.711618,-0.050912,-0.033893
2023Q3,2023-08-02,TT,1466258,Trane Technologies plc,$2B-$10B,,7545900000,RevenueFromContractWithCustomerExcludingAssessedTax,USD,2023-08-02,10-Q,2022-06-30,769500000,NetIncomeLoss,USD,2023-08-02,10-Q,2022-06-30,18081600000,Assets,USD,2023-08-02,10-Q,2022-12-31,-1001600000,NetCashProvidedByUsedInFinancingActivities,USD,2023-08-02,10-Q,2022-06-30,-258700000,NetCashProvidedByUsedInInvestingActivities,USD,2023-08-02,10-Q,2022-06-30,233500000,NetCashProvidedByUsedInOperatingActivities,USD,2023-08-02,10-Q,2022-06-30,through_ocf,True,,,0.101976,0.030944,2.396215,-0.132734,-0.034284
2023Q3,2023-08-09,TTD,1671933,"TRADE DESK, INC.",$500M-$1B,,692285000,RevenueFromContractWithCustomerExcludingAssessedTax,USD,2023-08-09,10-Q,2022-06-30,-14598000,NetIncomeLoss,USD,2023-08-09,10-Q,2022-03-31,4380679000,Assets,USD,2023-08-09,10-Q,2022-12-31,34146000,NetCashProvidedByUsedInFinancingActivities,USD,2023-08-09,10-Q,2022-06-30,-93575000,NetCashProvidedByUsedInInvestingActivities,USD,2023-08-09,10-Q,2022-06-30,237958000,NetCashProvidedByUsedInOperatingActivities,USD,2023-08-09,10-Q,2022-06-30,through_ocf,True,,,-0.021087,0.343728,6.327855,0.049324,-0.135168
2023Q3,2023-08-04,TTEC,1013880,"TTEC Holdings, Inc.",$1B-$2B,,1192976000,RevenueFromContractWithCustomerExcludingAssessedTax,USD,2023-08-04,10-Q,2022-06-30,58638000,NetIncomeLoss,USD,2023-08-04,10-Q,2022-06-30,2153962000,Assets,USD,2023-08-04,10-Q,2022-12-31,93721000,NetCashProvidedByUsedInFinancingActivities,USD,2023-08-04,10-Q,2022-06-30,-178108000,NetCashProvidedByUsedInInvestingActivities,USD,2023-08-04,10-Q,2022-06-30,91272000,NetCashProvidedByUsedInOperatingActivities,USD,2023-08-04,10-Q,2022-06-30,through_ocf,True,,,0.049153,0.076508,1.805537,0.078561,-0.149297
2023Q3,2023-08-09,TTEK,831641,"TETRA TECH, INC.",$1B-$2B,,1711255000,RevenueFromContractWithCustomerExcludingAssessedTax,USD,2023-05-11,10-Q,2022-04-03,121548000,ProfitLoss,USD,2023-05-11,10-Q,2022-04-03,2622776000,Assets,USD,2023-05-11,10-Q,2022-10-02,-115794000,NetCashProvidedByUsedInFinancingActivities,USD,2023-05-11,10-Q,2022-04-03,-35566000,NetCashProvidedByUsedInInvestingActivities,USD,2023-05-11,10-Q,2022-04-03,177549000,NetCashProvidedByUsedInOperatingActivities,USD,2023-05-11,10-Q,2022-04-03,through_ocf,True,,,0.071029,0.103754,1.532662,-0.067666,-0.020784
2023Q3,2023-08-02,TTMI,1116942,"TTM TECHNOLOGIES, INC.",$500M-$1B,,581260000,RevenueFromContractWithCustomerExcludingAssessedTax,USD,2023-05-09,10-Q,2022-04-04,17246000,NetIncomeLoss,USD,2023-05-09,10-Q,2022-04-04,3323604000,Assets,USD,2023-05-09,10-Q,2023-01-02,-31119000,NetCashProvidedByUsedInFinancingActivities,USD,2023-05-09,10-Q,2022-04-04,-23420000,NetCashProvidedByUsedInInvestingActivities,USD,2023-05-09,10-Q,2022-04-04,35991000,NetCashProvidedByUsedInOperatingActivities,USD,2023-05-09,10-Q,2022-04-04,through_ocf,True,,,0.02967,0.061919,5.71793,-0.053537,-0.040292
2023Q3,2023-08-03,TTSH,1552800,"TILE SHOP HOLDINGS, INC.",$100M-$500M,,210075000,RevenueFromContractWithCustomerExcludingAssessedTax,USD,2023-08-03,10-Q,2022-06-30,10427000,NetIncomeLoss,USD,2023-08-03,10-Q,2022-06-30,345822000,Assets,USD,2023-08-03,10-Q,2022-12-31,-676000,NetCashProvidedByUsedInFinancingActivities,USD,2023-08-03,10-Q,2022-06-30,-7361000,NetCashProvidedByUsedInInvestingActivities,USD,2023-08-03,10-Q,2022-06-30,9223000,NetCashProvidedByUsedInOperatingActivities,USD,2023-08-03,10-Q,2022-06-30,through_ocf,True,,,0.049635,0.043903,1.646184,-0.003218,-0.03504
2023Q3,2023-08-08,TTWO,946581,"TAKE-TWO INTERACTIVE SOFTWARE, INC.",$2B-$10B,,3372800000,RevenueFromContractWithCustomerExcludingAssessedTax,USD,2023-05-26,10-K,2021-03-31,588900000,NetIncomeLoss,USD,2023-05-26,10-K,2021-03-31,6546300000,Assets,USD,2023-05-26,10-K,2022-03-31,-57400000,NetCashProvidedByUsedInFinancingActivities,USD,2023-05-26,10-K,2021-03-31,-806800000,NetCashProvidedByUsedInInvestingActivities,USD,2023-05-26,10-K,2021-03-31,912300000,NetCashProvidedByUsedInOperatingActivities,USD,2023-05-26,10-K,2021-03-31,through_ocf,True,,,0.174603,0.270487,1.94091,-0.017019,-0.239208
2023Q3,2023-07-27,TW,1758730,Tradeweb Markets Inc.,$500M-$1B,,608624000,RevenueFromContractWithCustomerExcludingAssessedTax,USD,2023-07-27,10-Q,2022-06-30,151309000,NetIncomeLoss,USD,2023-07-27,10-Q,2022-06-30,6260131000,Assets,USD,2023-07-27,10-Q,2022-12-31,-193134000,NetCashProvidedByUsedInFinancingActivities,USD,2023-07-27,10-Q,2022-06-30,-33087000,NetCashProvidedByUsedInInvestingActivities,USD,2023-07-27,10-Q,2022-06-30,223315000,NetCashProvidedByUsedInOperatingActivities,USD,2023-07-27,10-Q,2022-06-30,through_ocf,True,,,0.248608,0.366918,10.285712,-0.317329,-0.054364
2023Q3,2023-08-02,TWI,899751,"TITAN INTERNATIONAL, INC.",$1B-$2B,,1128892000,RevenueFromContractWithCustomerExcludingAssessedTax,USD,2023-08-02,10-Q,2022-06-30,91093000,NetIncomeLoss,USD,2023-08-02,10-Q,2022-06-30,1284630000,Assets,USD,2023-08-02,10-Q,2022-12-31,-22617000,NetCashProvidedByUsedInFinancingActivities,USD,2023-08-02,10-Q,2022-06-30,-9874000,NetCashProvidedByUsedInInvestingActivities,USD,2023-08-02,10-Q,2022-06-30,48918000,NetCashProvidedByUsedInOperatingActivities,USD,2023-08-02,10-Q,2022-06-30,through_ocf,True,,,0.080692,0.043333,1.137957,-0.020035,-0.008747
2023Q3,2023-08-04,TXNM,1108426,"TXNM Energy, Inc.",$500M-$1B,,943848000,Revenues,USD,2023-08-04,10-Q,2022-06-30,38341000,ProfitLoss,USD,2023-08-04,10-Q,2022-06-30,8911105000,Assets,USD,2023-08-04,10-Q,2022-06-30,263704000,NetCashProvidedByUsedInFinancingActivities,USD,2023-08-04,10-Q,2022-06-30,-479188000,NetCashProvidedByUsedInInvestingActivities,USD,2023-08-04,10-Q,2022-06-30,217864000,NetCashProvidedByUsedInOperatingActivities,USD,2023-08-04,10-Q,2022-06-30,through_ocf,True,,,0.040622,0.230825,9.44125,0.279392,-0.507696
2023Q3,2023-07-27,TXRH,1289460,"TEXAS ROADHOUSE, INC.",$500M-$1B,,987486000,RevenueFromContractWithCustomerExcludingAssessedTax,USD,2023-05-05,10-Q,2022-03-29,75202000,NetIncomeLoss,USD,2023-05-05,10-Q,2022-03-29,2525665000,Assets,USD,2023-05-05,10-Q,2022-12-27,-124413000,NetCashProvidedByUsedInFinancingActivities,USD,2023-05-05,10-Q,2022-03-29,-73278000,NetCashProvidedByUsedInInvestingActivities,USD,2023-05-05,10-Q,2022-03-29,187769000,NetCashProvidedByUsedInOperatingActivities,USD,2023-05-05,10-Q,2022-03-29,through_ocf,True,,,0.076155,0.190149,2.557672,-0.12599,-0.074207
2023Q3,2023-07-27,TXT,217346,Textron Inc.,$2B-$10B,,6155000000,Revenues,USD,2023-07-27,10-Q,2022-07-02,410000000,NetIncomeLoss,USD,2023-07-27,10-Q,2022-07-02,16293000000,Assets,USD,2023-07-27,10-Q,2022-12-31,-658000000,NetCashProvidedByUsedInFinancingActivities,USD,2023-07-27,10-Q,2022-07-02,-204000000,NetCashProvidedByUsedInInvestingActivities,USD,2023-07-27,10-Q,2022-07-02,613000000,NetCashProvidedByUsedInOperatingActivities,USD,2023-07-27,10-Q,2022-07-02,through_ocf,True,,,0.066613,0.099594,2.647116,-0.106905,-0.033144
2023Q3,2023-07-26,TYL,860731,"TYLER TECHNOLOGIES, INC.",$500M-$1B,,924792000,RevenueFromContractWithCustomerExcludingAssessedTax,USD,2023-07-26,10-Q,2022-06-30,79930000,NetIncomeLoss,USD,2023-07-26,10-Q,2022-06-30,4687417000,Assets,USD,2023-07-26,10-Q,2022-12-31,-75951000,NetCashProvidedByUsedInFinancingActivities,USD,2023-07-26,10-Q,2022-06-30,-110378000,NetCashProvidedByUsedInInvestingActivities,USD,2023-07-26,10-Q,2022-06-30,130220000,NetCashProvidedByUsedInOperatingActivities,USD,2023-07-26,10-Q,2022-06-30,through_ocf,True,,,0.08643,0.14081,5.068618,-0.082128,-0.119354
2023Q3,2023-08-01,UBER,1543151,"UBER TECHNOLOGIES, INC.",$2B-$10B,,6854000000,Revenues,USD,2023-05-03,10-Q,2022-03-31,-5930000000,NetIncomeLoss,USD,2023-05-03,10-Q,2022-03-31,32109000000,Assets,USD,2023-05-03,10-Q,2022-12-31,-113000000,NetCashProvidedByUsedInFinancingActivities,USD,2023-05-03,10-Q,2022-03-31,-135000000,NetCashProvidedByUsedInInvestingActivities,USD,2023-05-03,10-Q,2022-03-31,15000000,NetCashProvidedByUsedInOperatingActivities,USD,2023-05-03,10-Q,2022-03-31,through_ocf,True,,,-0.865188,0.002189,4.68471,-0.016487,-0.019697
2023Q3,2023-07-27,UBSI,729986,UNITED BANKSHARES INC/WV,$100M-$500M,,263249000,Revenues,USD,2023-03-01,10-K,2020-12-31,81664000,NetIncomeLoss,USD,2023-05-10,10-Q,2022-03-31,29489380000,Assets,USD,2023-05-10,10-Q,2022-12-31,64913000,NetCashProvidedByUsedInFinancingActivities,USD,2023-05-10,10-Q,2022-03-31,-1303597000,NetCashProvidedByUsedInInvestingActivities,USD,2023-05-10,10-Q,2022-03-31,283607000,NetCashProvidedByUsedInOperatingActivities,USD,2023-05-10,10-Q,2022-03-31,through_ocf,True,,,0.310216,1.077334,112.020862,0.246584,-4.951954
2023Q3,2023-07-18,UCB,857855,"UNITED COMMUNITY BANKS, INC.",$100M-$500M,,179679000,Revenues,USD,2023-05-05,10-Q,2022-03-31,48019000,NetIncomeLoss,USD,2023-05-05,10-Q,2022-03-31,24008884000,Assets,USD,2023-05-05,10-Q,2022-12-31,290043000,NetCashProvidedByUsedInFinancingActivities,USD,2023-05-05,10-Q,2022-03-31,-902365000,NetCashProvidedByUsedInInvestingActivities,USD,2023-05-05,10-Q,2022-03-31,200476000,NetCashProvidedByUsedInOperatingActivities,USD,2023-05-05,10-Q,2022-03-31,through_ocf,True,,,0.267249,1.115745,133.62098,1.614229,-5.022095
2023Q3,2023-07-26,UDR,74208,"UDR, Inc.",$100M-$500M,,357266000,Revenues,USD,2023-04-27,10-Q,2022-03-31,13705000,NetIncomeLoss,USD,2023-04-27,10-Q,2022-03-31,11038470000,Assets,USD,2023-04-27,10-Q,2022-12-31,-75700000,NetCashProvidedByUsedInFinancingActivities,USD,2023-04-27,10-Q,2022-03-31,-86811000,NetCashProvidedByUsedInInvestingActivities,USD,2023-04-27,10-Q,2022-03-31,161020000,NetCashProvidedByUsedInOperatingActivities,USD,2023-04-27,10-Q,2022-03-31,through_ocf,True,,,0.038361,0.450701,30.897063,-0.211887,-0.242987
2023Q3,2023-08-03,UEIC,101984,UNIVERSAL ELECTRONICS INC.,$100M-$500M,,132410000,RevenueFromContractWithCustomerExcludingAssessedTax,USD,2023-05-09,10-Q,2022-03-31,-2910000,NetIncomeLoss,USD,2023-05-09,10-Q,2022-03-31,504163000,Assets,USD,2023-05-09,10-Q,2022-12-31,21646000,NetCashProvidedByUsedInFinancingActivities,USD,2023-05-09,10-Q,2022-03-31,-11621000,NetCashProvidedByUsedInInvestingActivities,USD,2023-05-09,10-Q,2022-03-31,-17969000,NetCashProvidedByUsedInOperatingActivities,USD,2023-05-09,10-Q,2022-03-31,through_ocf,True,,,-0.021977,-0.135707,3.80759,0.163477,-0.087765
2023Q3,2023-07-31,UFCS,101199,"UNITED FIRE GROUP, INC",$100M-$500M,,245014000,Revenues,USD,2023-05-09,10-Q,2022-03-31,28349000,NetIncomeLoss,USD,2023-05-09,10-Q,2022-03-31,2882286000,Assets,USD,2023-05-09,10-Q,2022-12-31,-4116000,NetCashProvidedByUsedInFinancingActivities,USD,2023-05-09,10-Q,2022-03-31,-20061000,NetCashProvidedByUsedInInvestingActivities,USD,2023-05-09,10-Q,2022-03-31,1595000,NetCashProvidedByUsedInOperatingActivities,USD,2023-05-09,10-Q,2022-03-31,through_ocf,True,,,0.115704,0.00651,11.76376,-0.016799,-0.081877
2023Q3,2023-08-02,UFPI,912767,"UFP INDUSTRIES, INC.",$2B-$10B,,2975091000,Revenues,USD,2018-11-07,10-Q,2017-09-30,189703000,NetIncomeLoss,USD,2023-05-10,10-Q,2022-03-26,3673966000,Assets,USD,2023-05-10,10-Q,2022-03-26,86330000,NetCashProvidedByUsedInFinancingActivities,USD,2023-05-10,10-Q,2022-03-26,-59736000,NetCashProvidedByUsedInInvestingActivities,USD,2023-05-10,10-Q,2022-03-26,-245031000,NetCashProvidedByUsedInOperatingActivities,USD,2023-05-10,10-Q,2022-03-26,through_ocf,True,,,0.063764,-0.082361,1.234909,0.029018,-0.020079
2023Q3,2023-07-26,UHS,352915,"UNIVERSAL HEALTH SERVICES, INC.",$2B-$10B,,3292956000,RevenueFromContractWithCustomerExcludingAssessedTax,USD,2023-05-08,10-Q,2022-03-31,153913000,NetIncomeLoss,USD,2023-05-08,10-Q,2022-03-31,13144446000,Assets,USD,2023-05-08,10-Q,2022-03-31,-278039000,NetCashProvidedByUsedInFinancingActivities,USD,2023-05-08,10-Q,2022-03-31,-168960000,NetCashProvidedByUsedInInvestingActivities,USD,2023-05-08,10-Q,2022-03-31,445433000,NetCashProvidedByUsedInOperatingActivities,USD,2023-05-08,10-Q,2022-03-31,through_ocf,True,,,0.04674,0.135268,3.991686,-0.084434,-0.05131
2023Q3,2023-08-01,UIS,746838,UNISYS CORP,$100M-$500M,,446700000,Revenues,USD,2023-05-02,10-Q,2022-03-31,-57300000,NetIncomeLoss,USD,2023-05-02,10-Q,2022-03-31,2065600000,Assets,USD,2023-05-02,10-Q,2022-12-31,-11200000,NetCashProvidedByUsedInFinancingActivities,USD,2023-05-02,10-Q,2022-03-31,-21700000,NetCashProvidedByUsedInInvestingActivities,USD,2023-05-02,10-Q,2022-03-31,-33000000,NetCashProvidedByUsedInOperatingActivities,USD,2023-05-02,10-Q,2022-03-31,through_ocf,True,,,-0.128274,-0.073875,4.624133,-0.025073,-0.048578
2023Q3,2023-08-01,ULCC,1670076,"Frontier Group Holdings, Inc.",$1B-$2B,,1514000000,RevenueFromContractWithCustomerExcludingAssessedTax,USD,2023-08-01,10-Q,2022-06-30,-121000000,NetIncomeLoss,USD,2023-08-01,10-Q,2022-03-31,4499000000,Assets,USD,2023-08-01,10-Q,2022-12-31,-28000000,NetCashProvidedByUsedInFinancingActivities,USD,2023-08-01,10-Q,2022-06-30,-57000000,NetCashProvidedByUsedInInvestingActivities,USD,2023-08-01,10-Q,2022-06-30,-67000000,NetCashProvidedByUsedInOperatingActivities,USD,2023-08-01,10-Q,2022-06-30,through_ocf,True,,,-0.079921,-0.044254,2.971598,-0.018494,-0.037649
2023Q3,2023-07-27,ULH,1308208,"UNIVERSAL LOGISTICS HOLDINGS, INC.",$500M-$1B,,523861000,RevenueFromContractWithCustomerExcludingAssessedTax,USD,2023-05-11,10-Q,2022-04-02,42008000,NetIncomeLoss,USD,2023-05-11,10-Q,2022-04-02,1203678000,Assets,USD,2023-05-11,10-Q,2022-12-31,-36668000,NetCashProvidedByUsedInFinancingActivities,USD,2023-05-11,10-Q,2022-04-02,-3440000,NetCashProvidedByUsedInInvestingActivities,USD,2023-05-11,10-Q,2022-04-02,41120000,NetCashProvidedByUsedInOperatingActivities,USD,2023-05-11,10-Q,2022-04-02,through_ocf,True,,,0.080189,0.078494,2.297705,-0.069996,-0.006567
2023Q3,2023-08-24,ULTA,1403568,"ULTA BEAUTY, INC.",$2B-$10B,,4643014000,Revenues,USD,2023-08-24,10-Q,2022-07-30,331395000,NetIncomeLoss,USD,2023-08-24,10-Q,2022-04-30,4945994000,Assets,USD,2023-08-24,10-Q,2022-07-30,-416252000,NetCashProvidedByUsedInFinancingActivities,USD,2023-08-24,10-Q,2022-07-30,-121749000,NetCashProvidedByUsedInInvestingActivities,USD,2023-08-24,10-Q,2022-07-30,540667000,NetCashProvidedByUsedInOperatingActivities,USD,2023-08-24,10-Q,2022-07-30,through_ocf,True,,,0.071375,0.116447,1.065255,-0.089651,-0.026222
2023Q3,2023-07-26,UNP,100885,UNION PACIFIC CORP,>$10B,,12129000000,RevenueFromContractWithCustomerExcludingAssessedTax,USD,2023-07-26,10-Q,2022-06-30,3465000000,NetIncomeLoss,USD,2023-07-26,10-Q,2022-06-30,65449000000,Assets,USD,2023-07-26,10-Q,2022-12-31,-2796000000,NetCashProvidedByUsedInFinancingActivities,USD,2023-07-26,10-Q,2022-06-30,-1540000000,NetCashProvidedByUsedInInvestingActivities,USD,2023-07-26,10-Q,2022-06-30,4167000000,NetCashProvidedByUsedInOperatingActivities,USD,2023-07-26,10-Q,2022-06-30,through_ocf,True,,,0.285679,0.343557,5.396076,-0.230522,-0.126968
2023Q3,2023-08-03,UPBD,933036,"Upbound Group, Inc.",$1B-$2B,,1159722000,Revenues,USD,2023-05-04,10-Q,2022-03-31,-4237000,NetIncomeLoss,USD,2023-05-04,10-Q,2022-03-31,2763619000,Assets,USD,2023-05-04,10-Q,2022-12-31,-201283000,NetCashProvidedByUsedInFinancingActivities,USD,2023-05-04,10-Q,2022-03-31,-16721000,NetCashProvidedByUsedInInvestingActivities,USD,2023-05-04,10-Q,2022-03-31,205291000,NetCashProvidedByUsedInOperatingActivities,USD,2023-05-04,10-Q,2022-03-31,through_ocf,True,,,-0.003653,0.177017,2.383001,-0.173561,-0.014418
2023Q3,2023-08-08,UPST,1647639,"Upstart Holdings, Inc.",$100M-$500M,,310136000,Revenues,USD,2023-05-10,10-Q,2022-03-31,32692000,NetIncomeLoss,USD,2023-05-10,10-Q,2022-03-31,1936054000,Assets,USD,2023-05-10,10-Q,2022-12-31,83071000,NetCashProvidedByUsedInFinancingActivities,USD,2023-05-10,10-Q,2022-03-31,5177000,NetCashProvidedByUsedInInvestingActivities,USD,2023-05-10,10-Q,2022-03-31,-266795000,NetCashProvidedByUsedInOperatingActivities,USD,2023-05-10,10-Q,2022-03-31,through_ocf,True,,,0.105412,-0.860252,6.242597,0.267853,0.016693
2023Q3,2023-08-02,UPWK,1627475,UPWORK INC.,$100M-$500M,,298235000,RevenueFromContractWithCustomerExcludingAssessedTax,USD,2023-08-02,10-Q,2022-06-30,-48558000,NetIncomeLoss,USD,2023-08-02,10-Q,2022-06-30,1080245000,Assets,USD,2023-08-02,10-Q,2022-12-31,31138000,NetCashProvidedByUsedInFinancingActivities,USD,2023-08-02,10-Q,2022-06-30,-43169000,NetCashProvidedByUsedInInvestingActivities,USD,2023-08-02,10-Q,2022-06-30,-11922000,NetCashProvidedByUsedInOperatingActivities,USD,2023-08-02,10-Q,2022-06-30,through_ocf,True,,,-0.162818,-0.039975,3.622127,0.104408,-0.144748
2023Q3,2023-07-26,URI,1067701,"UNITED RENTALS, INC.",$2B-$10B,,5295000000,Revenues,USD,2023-07-26,10-Q,2022-06-30,860000000,NetIncomeLoss,USD,2023-07-26,10-Q,2022-06-30,24183000000,Assets,USD,2023-07-26,10-Q,2022-12-31,-722000000,NetCashProvidedByUsedInFinancingActivities,USD,2023-07-26,10-Q,2022-06-30,-1392000000,NetCashProvidedByUsedInInvestingActivities,USD,2023-07-26,10-Q,2022-06-30,2040000000,NetCashProvidedByUsedInOperatingActivities,USD,2023-07-26,10-Q,2022-06-30,through_ocf,True,,,0.162417,0.385269,4.567139,-0.136355,-0.26289
2023Q3,2023-07-19,USB,36104,US BANCORP \DE\,>$10B,,16808000000,Revenues,USD,2019-11-08,10-Q,2018-09-30,1557000000,NetIncomeLoss,USD,2023-05-08,10-Q,2022-03-31,674805000000,Assets,USD,2023-05-08,10-Q,2022-12-31,14285000000,NetCashProvidedByUsedInFinancingActivities,USD,2023-05-08,10-Q,2022-03-31,-7364000000,NetCashProvidedByUsedInInvestingActivities,USD,2023-05-08,10-Q,2022-03-31,8477000000,NetCashProvidedByUsedInOperatingActivities,USD,2023-05-08,10-Q,2022-03-31,through_ocf,True,,,0.092634,0.504343,40.147846,0.849893,-0.438125
2023Q3,2023-07-25,USNA,896264,"USANA HEALTH SCIENCES, INC.",$100M-$500M,,272867000,RevenueFromContractWithCustomerExcludingAssessedTax,USD,2023-05-09,10-Q,2022-04-02,22469000,NetIncomeLoss,USD,2023-05-09,10-Q,2022-04-02,596549000,Assets,USD,2023-05-09,10-Q,2022-12-31,-19593000,NetCashProvidedByUsedInFinancingActivities,USD,2023-05-09,10-Q,2022-04-02,-1786000,NetCashProvidedByUsedInInvestingActivities,USD,2023-05-09,10-Q,2022-04-02,19701000,NetCashProvidedByUsedInOperatingActivities,USD,2023-05-09,10-Q,2022-04-02,through_ocf,True,,,0.082344,0.0722,2.186226,-0.071804,-0.006545
2023Q3,2023-08-02,UTHR,1082554,United Therapeutics Corporation,$500M-$1B,,928800000,RevenueFromContractWithCustomerExcludingAssessedTax,USD,2023-08-02,10-Q,2022-06-30,355900000,NetIncomeLoss,USD,2023-08-02,10-Q,2022-06-30,6044500000,Assets,USD,2023-08-02,10-Q,2022-12-31,12900000,NetCashProvidedByUsedInFinancingActivities,USD,2023-08-02,10-Q,2022-06-30,-528200000,NetCashProvidedByUsedInInvestingActivities,USD,2023-08-02,10-Q,2022-06-30,415700000,NetCashProvidedByUsedInOperatingActivities,USD,2023-08-02,10-Q,2022-06-30,through_ocf,True,,,0.383183,0.447567,6.50786,0.013889,-0.568691
2023Q3,2023-08-08,UTI,1261654,"UNIVERSAL TECHNICAL INSTITUTE, INC",$100M-$500M,,308127000,RevenueFromContractWithCustomerExcludingAssessedTax,USD,2023-08-08,10-Q,2022-06-30,14822000,NetIncomeLoss,USD,2023-08-08,10-Q,2021-12-31,552911000,Assets,USD,2023-08-08,10-Q,2022-09-30,15391000,NetCashProvidedByUsedInFinancingActivities,USD,2023-08-08,10-Q,2022-06-30,-95934000,NetCashProvidedByUsedInInvestingActivities,USD,2023-08-08,10-Q,2022-06-30,7906000,NetCashProvidedByUsedInOperatingActivities,USD,2023-08-08,10-Q,2022-06-30,through_ocf,True,,,0.048104,0.025658,1.794426,0.04995,-0.311346
2023Q3,2023-08-10,UTZ,1739566,"Utz Brands, Inc.",$500M-$1B,,690914000,RevenueFromContractWithCustomerExcludingAssessedTax,USD,2023-08-10,10-Q,2022-07-03,-14391000,NetIncomeLoss,USD,2023-08-10,10-Q,2022-07-03,2840366000,Assets,USD,2023-08-10,10-Q,2023-01-01,51754000,NetCashProvidedByUsedInFinancingActivities,USD,2023-08-10,10-Q,2022-07-03,-47251000,NetCashProvidedByUsedInInvestingActivities,USD,2023-08-10,10-Q,2022-07-03,-26268000,NetCashProvidedByUsedInOperatingActivities,USD,2023-08-10,10-Q,2022-07-03,through_ocf,True,,,-0.020829,-0.038019,4.111027,0.074907,-0.068389
2023Q3,2023-08-02,UVV,102037,UNIVERSAL CORP /VA/,$100M-$500M,,429122000,RevenueFromContractWithCustomerExcludingAssessedTax,USD,2023-08-02,10-Q,2022-06-30,6830000,NetIncomeLoss,USD,2023-08-02,10-Q,2022-06-30,2779378000,Assets,USD,2023-08-02,10-Q,2022-06-30,245471000,NetCashProvidedByUsedInFinancingActivities,USD,2023-08-02,10-Q,2022-06-30,-13610000,NetCashProvidedByUsedInInvestingActivities,USD,2023-08-02,10-Q,2022-06-30,-225771000,NetCashProvidedByUsedInOperatingActivities,USD,2023-08-02,10-Q,2022-06-30,through_ocf,True,,,0.015916,-0.526123,6.476895,0.572031,-0.031716
2023Q3,2023-08-02,VAC,1524358,Marriott Vacations Worldwide Corp,$1B-$2B,,1052000000,Revenues,USD,2023-05-05,10-Q,2022-03-31,58000000,NetIncomeLoss,USD,2023-05-05,10-Q,2022-03-31,9639000000,Assets,USD,2023-05-05,10-Q,2022-12-31,-272000000,NetCashProvidedByUsedInFinancingActivities,USD,2023-05-05,10-Q,2022-03-31,-10000000,NetCashProvidedByUsedInInvestingActivities,USD,2023-05-05,10-Q,2022-03-31,129000000,NetCashProvidedByUsedInOperatingActivities,USD,2023-05-05,10-Q,2022-03-31,through_ocf,True,,,0.055133,0.122624,9.162548,-0.258555,-0.009506
2023Q3,2023-08-02,VAL,314808,Valaris Limited,$500M-$1B,,731700000,Revenues,USD,2023-08-02,10-Q,2022-06-30,73000000,NetIncomeLoss,USD,2023-08-02,10-Q,2022-06-30,2860300000,Assets,USD,2023-08-02,10-Q,2022-12-31,-200000,NetCashProvidedByUsedInFinancingActivities,USD,2023-08-02,10-Q,2022-06-30,46900000,NetCashProvidedByUsedInInvestingActivities,USD,2023-08-02,10-Q,2022-06-30,-114000000,NetCashProvidedByUsedInOperatingActivities,USD,2023-08-02,10-Q,2022-06-30,through_ocf,True,,,0.099768,-0.155802,3.909116,-0.000273,0.064097
2023Q3,2023-08-03,VC,1111335,VISTEON CORP,<$100M,,12000000,RevenueFromContractWithCustomerExcludingAssessedTax,USD,2023-08-03,10-Q,2014-05-31,46000000,NetIncomeLoss,USD,2023-08-03,10-Q,2022-06-30,2450000000,Assets,USD,2023-08-03,10-Q,2022-12-31,-4000000,NetCashProvidedByUsedInFinancingActivities,USD,2023-08-03,10-Q,2022-06-30,-31000000,NetCashProvidedByUsedInInvestingActivities,USD,2023-08-03,10-Q,2022-06-30,-72000000,NetCashProvidedByUsedInOperatingActivities,USD,2023-08-03,10-Q,2022-06-30,through_ocf,True,,,3.833333,-6.0,204.166667,-0.333333,-2.583333
2023Q3,2023-08-03,VCTR,1570827,"Victory Capital Holdings, Inc.",$100M-$500M,,230019000,RevenueFromContractWithCustomerExcludingAssessedTax,USD,2023-05-08,10-Q,2022-03-31,71273000,NetIncomeLoss,USD,2023-05-08,10-Q,2022-03-31,2540899000,Assets,USD,2023-05-08,10-Q,2022-12-31,-101645000,NetCashProvidedByUsedInFinancingActivities,USD,2023-05-08,10-Q,2022-03-31,-4119000,NetCashProvidedByUsedInInvestingActivities,USD,2023-05-08,10-Q,2022-03-31,74813000,NetCashProvidedByUsedInOperatingActivities,USD,2023-05-08,10-Q,2022-03-31,through_ocf,True,,,0.309857,0.325247,11.046474,-0.441898,-0.017907
2023Q3,2023-08-07,VECO,103145,VEECO INSTRUMENTS INC,$100M-$500M,,477038000,SalesRevenueNet,USD,2018-02-21,10-K,2015-12-31,13330000,NetIncomeLoss,USD,2023-08-07,10-Q,2022-03-31,1128183000,Assets,USD,2023-08-07,10-Q,2022-12-31,-4986000,NetCashProvidedByUsedInFinancingActivities,USD,2023-08-07,10-Q,2022-06-30,-25961000,NetCashProvidedByUsedInInvestingActivities,USD,2023-08-07,10-Q,2022-06-30,28169000,NetCashProvidedByUsedInOperatingActivities,USD,2023-08-07,10-Q,2022-06-30,through_ocf,True,,,0.027943,0.05905,2.364975,-0.010452,-0.054421
2023Q3,2023-08-09,VERX,1806837,"Vertex, Inc.",$100M-$500M,,234260000,RevenueFromContractWithCustomerExcludingAssessedTax,USD,2023-08-09,10-Q,2022-06-30,-334000,NetIncomeLoss,USD,2023-08-09,10-Q,2022-03-31,719192000,Assets,USD,2023-08-09,10-Q,2022-12-31,34489000,NetCashProvidedByUsedInFinancingActivities,USD,2023-08-09,10-Q,2022-06-30,-294778000,NetCashProvidedByUsedInInvestingActivities,USD,2023-08-09,10-Q,2021-12-31,90289000,NetCashProvidedByUsedInOperatingActivities,USD,2023-08-09,10-Q,2021-12-31,through_ocf,True,,,-0.001426,0.385422,3.070059,0.147225,-1.258337
2023Q3,2023-08-10,VIAV,912093,Viavi Solutions Inc.,$500M-$1B,,957100000,RevenueFromContractWithCustomerExcludingAssessedTax,USD,2023-05-03,10-Q,2022-04-02,-1000000,NetIncomeLoss,USD,2023-05-03,10-Q,2022-04-02,1827900000,Assets,USD,2023-05-03,10-Q,2022-07-02,-151300000,NetCashProvidedByUsedInFinancingActivities,USD,2023-05-03,10-Q,2022-04-02,-51200000,NetCashProvidedByUsedInInvestingActivities,USD,2023-05-03,10-Q,2022-04-02,104500000,NetCashProvidedByUsedInOperatingActivities,USD,2023-05-03,10-Q,2022-04-02,through_ocf,True,,,-0.001045,0.109184,1.909832,-0.158082,-0.053495
2023Q3,2023-08-03,VITL,1579733,"Vital Farms, Inc.",$100M-$500M,,159929000,RevenueFromContractWithCustomerExcludingAssessedTax,USD,2023-08-03,10-Q,2022-06-26,-1536000,NetIncomeLoss,USD,2023-08-03,10-Q,2022-03-27,214666000,Assets,USD,2023-08-03,10-Q,2022-12-25,98000,NetCashProvidedByUsedInFinancingActivities,USD,2023-08-03,10-Q,2022-06-26,-5977000,NetCashProvidedByUsedInInvestingActivities,USD,2023-08-03,10-Q,2022-06-26,-3005000,NetCashProvidedByUsedInOperatingActivities,USD,2023-08-03,10-Q,2022-06-26,through_ocf,True,,,-0.009604,-0.01879,1.342258,0.000613,-0.037373
2023Q3,2023-08-03,VMC,1396009,VULCAN MATERIALS COMPANY,$1B-$2B,,1540700000,Revenues,USD,2023-05-05,10-Q,2022-03-31,91800000,NetIncomeLoss,USD,2023-05-05,10-Q,2022-03-31,13860800000,Assets,USD,2023-05-05,10-Q,2022-03-31,18400000,NetCashProvidedByUsedInFinancingActivities,USD,2023-05-05,10-Q,2022-03-31,-302500000,NetCashProvidedByUsedInInvestingActivities,USD,2023-05-05,10-Q,2022-03-31,175600000,NetCashProvidedByUsedInOperatingActivities,USD,2023-05-05,10-Q,2022-03-31,through_ocf,True,,,0.059583,0.113974,8.99643,0.011943,-0.196339
2023Q3,2023-08-01,VREX,1681622,VAREX IMAGING CORPORATION,$500M-$1B,,628000000,RevenueFromContractWithCustomerExcludingAssessedTax,USD,2023-08-01,10-Q,2022-07-01,17200000,NetIncomeLoss,USD,2023-08-01,10-Q,2022-07-01,1184400000,Assets,USD,2023-08-01,10-Q,2022-09-30,-24000000,NetCashProvidedByUsedInFinancingActivities,USD,2023-08-01,10-Q,2022-07-01,-20900000,NetCashProvidedByUsedInInvestingActivities,USD,2023-08-01,10-Q,2022-07-01,-200000,NetCashProvidedByUsedInOperatingActivities,USD,2023-08-01,10-Q,2022-07-01,through_ocf,True,,,0.027389,-0.000318,1.885987,-0.038217,-0.03328
2023Q3,2023-08-02,VRSK,1442145,"VERISK ANALYTICS, INC.",$1B-$2B,,1256400000,RevenueFromContractWithCustomerExcludingAssessedTax,USD,2023-08-02,10-Q,2022-06-30,703400000,NetIncomeLoss,USD,2023-08-02,10-Q,2022-06-30,6961100000,Assets,USD,2023-08-02,10-Q,2022-12-31,-761000000,NetCashProvidedByUsedInFinancingActivities,USD,2023-08-02,10-Q,2022-06-30,451100000,NetCashProvidedByUsedInInvestingActivities,USD,2023-08-02,10-Q,2022-06-30,529800000,NetCashProvidedByUsedInOperatingActivities,USD,2023-08-02,10-Q,2022-06-30,through_ocf,True,,,0.559854,0.421681,5.540513,-0.605699,0.359042
2023Q3,2023-07-27,VRSN,1014473,VERISIGN INC/CA,$500M-$1B,,698800000,Revenues,USD,2023-07-27,10-Q,2022-06-30,324800000,NetIncomeLoss,USD,2023-07-27,10-Q,2022-06-30,1733400000,Assets,USD,2023-07-27,10-Q,2022-12-31,-547900000,NetCashProvidedByUsedInFinancingActivities,USD,2023-07-27,10-Q,2022-06-30,579400000,NetCashProvidedByUsedInInvestingActivities,USD,2023-07-27,10-Q,2022-06-30,352000000,NetCashProvidedByUsedInOperatingActivities,USD,2023-07-27,10-Q,2022-06-30,through_ocf,True,,,0.464797,0.503721,2.480538,-0.784058,0.829136
2023Q3,2023-08-02,VRT,1674101,VERTIV HOLDINGS CO,$2B-$10B,,2555800000,RevenueFromContractWithCustomerExcludingAssessedTax,USD,2023-08-02,10-Q,2022-06-30,8500000,NetIncomeLoss,USD,2023-08-02,10-Q,2022-03-31,7095700000,Assets,USD,2023-08-02,10-Q,2022-12-31,153500000,NetCashProvidedByUsedInFinancingActivities,USD,2023-08-02,10-Q,2022-06-30,-49900000,NetCashProvidedByUsedInInvestingActivities,USD,2023-08-02,10-Q,2022-06-30,-337900000,NetCashProvidedByUsedInOperatingActivities,USD,2023-08-02,10-Q,2022-06-30,through_ocf,True,,,0.003326,-0.132209,2.776313,0.060059,-0.019524
2023Q3,2023-07-28,VRTS,883237,"VIRTUS INVESTMENT PARTNERS, INC.",$100M-$500M,,252440000,RevenueFromContractWithCustomerExcludingAssessedTax,USD,2023-05-09,10-Q,2022-03-31,39119000,ProfitLoss,USD,2023-05-09,10-Q,2022-03-31,3952934000,Assets,USD,2023-05-09,10-Q,2022-12-31,-145777000,NetCashProvidedByUsedInFinancingActivities,USD,2023-05-09,10-Q,2022-03-31,-22575000,NetCashProvidedByUsedInInvestingActivities,USD,2023-05-09,10-Q,2022-03-31,-81775000,NetCashProvidedByUsedInOperatingActivities,USD,2023-05-09,10-Q,2022-03-31,through_ocf,True,,,0.154964,-0.323938,15.658905,-0.577472,-0.089427
2023Q3,2023-08-01,VRTX,875320,VERTEX PHARMACEUTICALS INC / MA,$2B-$10B,,2097500000,RevenueFromContractWithCustomerExcludingAssessedTax,USD,2023-05-02,10-Q,2022-03-31,762100000,NetIncomeLoss,USD,2023-05-02,10-Q,2022-03-31,18150900000,Assets,USD,2023-05-02,10-Q,2022-12-31,-95400000,NetCashProvidedByUsedInFinancingActivities,USD,2023-05-02,10-Q,2022-03-31,-51000000,NetCashProvidedByUsedInInvestingActivities,USD,2023-05-02,10-Q,2022-03-31,956200000,NetCashProvidedByUsedInOperatingActivities,USD,2023-05-02,10-Q,2022-03-31,through_ocf,True,,,0.363337,0.455876,8.653588,-0.045483,-0.024315
2023Q3,2023-08-09,VSAT,797721,"VIASAT, INC.",$500M-$1B,,575056000,RevenueFromContractWithCustomerExcludingAssessedTax,USD,2023-08-09,10-Q,2022-06-30,-21564000,NetIncomeLoss,USD,2023-08-09,10-Q,2022-06-30,7730337000,Assets,USD,2023-08-09,10-Q,2023-03-31,144211000,NetCashProvidedByUsedInFinancingActivities,USD,2023-08-09,10-Q,2022-06-30,-270857000,NetCashProvidedByUsedInInvestingActivities,USD,2023-08-09,10-Q,2022-06-30,39637000,NetCashProvidedByUsedInOperatingActivities,USD,2023-08-09,10-Q,2022-06-30,through_ocf,True,,,-0.037499,0.068927,13.442755,0.250777,-0.47101
2023Q3,2023-08-30,VSCO,1856437,Victoria's Secret & Co.,$1B-$2B,,1484000000,RevenueFromContractWithCustomerExcludingAssessedTax,USD,2023-06-02,10-Q,2022-04-30,81000000,NetIncomeLoss,USD,2023-06-02,10-Q,2022-04-30,4065000000,Assets,USD,2023-06-02,10-Q,2022-04-30,-91000000,NetCashProvidedByUsedInFinancingActivities,USD,2023-06-02,10-Q,2022-04-30,-48000000,NetCashProvidedByUsedInInvestingActivities,USD,2023-06-02,10-Q,2022-04-30,-146000000,NetCashProvidedByUsedInOperatingActivities,USD,2023-06-02,10-Q,2022-04-30,through_ocf,True,,,0.054582,-0.098383,2.739218,-0.061321,-0.032345
2023Q3,2023-07-19,VSEC,102752,VSE CORPORATION,$100M-$500M,,231239000,RevenueFromContractWithCustomerExcludingAssessedTax,USD,2023-05-03,10-Q,2022-03-31,6244000,NetIncomeLoss,USD,2023-05-03,10-Q,2022-03-31,999789000,Assets,USD,2023-05-03,10-Q,2022-12-31,16761000,NetCashProvidedByUsedInFinancingActivities,USD,2023-05-03,10-Q,2022-03-31,1393000,NetCashProvidedByUsedInInvestingActivities,USD,2023-05-03,10-Q,2022-03-31,-18174000,NetCashProvidedByUsedInOperatingActivities,USD,2023-05-03,10-Q,2022-03-31,through_ocf,True,,,0.027002,-0.078594,4.323618,0.072483,0.006024
2023Q3,2023-08-09,VSH,103730,VISHAY INTERTECHNOLOGY INC,$1B-$2B,,1717305000,Revenues,USD,2023-08-09,10-Q,2022-07-02,215961000,NetIncomeLoss,USD,2023-08-09,10-Q,2022-07-02,3865653000,Assets,USD,2023-08-09,10-Q,2022-12-31,-61825000,NetCashProvidedByUsedInFinancingActivities,USD,2023-08-09,10-Q,2022-07-02,-36528000,NetCashProvidedByUsedInInvestingActivities,USD,2023-08-09,10-Q,2022-07-02,108312000,NetCashProvidedByUsedInOperatingActivities,USD,2023-08-09,10-Q,2022-07-02,through_ocf,True,,,0.125756,0.063071,2.251,-0.036001,-0.021271
2023Q3,2023-08-09,VST,1692819,Vistra Corp.,$2B-$10B,,4713000000,Revenues,USD,2023-08-09,10-Q,2022-06-30,-1650000000,NetIncomeLoss,USD,2023-08-09,10-Q,2022-06-30,32787000000,Assets,USD,2023-08-09,10-Q,2022-12-31,1880000000,NetCashProvidedByUsedInFinancingActivities,USD,2023-08-09,10-Q,2022-06-30,-609000000,NetCashProvidedByUsedInInvestingActivities,USD,2023-08-09,10-Q,2022-06-30,-723000000,NetCashProvidedByUsedInOperatingActivities,USD,2023-08-09,10-Q,2022-06-30,through_ocf,True,,,-0.350095,-0.153405,6.956715,0.398897,-0.129217
2023Q3,2023-08-02,VTOL,1525221,Bristow Group Inc.,$100M-$500M,,287399000,Revenues,USD,2023-05-04,10-Q,2022-03-31,-4313000,NetIncomeLoss,USD,2023-05-04,10-Q,2022-03-31,1812001000,Assets,USD,2023-05-04,10-Q,2022-12-31,-3891000,NetCashProvidedByUsedInFinancingActivities,USD,2023-05-04,10-Q,2022-03-31,-7842000,NetCashProvidedByUsedInInvestingActivities,USD,2023-05-04,10-Q,2022-03-31,5577000,NetCashProvidedByUsedInOperatingActivities,USD,2023-05-04,10-Q,2022-03-31,through_ocf,True,,,-0.015007,0.019405,6.304827,-0.013539,-0.027286
2023Q3,2023-08-03,VTR,740260,"Ventas, Inc.",$1B-$2B,,1017554000,Revenues,USD,2023-05-09,10-Q,2022-03-31,40592000,ProfitLoss,USD,2023-05-09,10-Q,2022-03-31,24157840000,Assets,USD,2023-05-09,10-Q,2022-12-31,165382000,NetCashProvidedByUsedInFinancingActivities,USD,2023-05-09,10-Q,2022-03-31,-437326000,NetCashProvidedByUsedInInvestingActivities,USD,2023-05-09,10-Q,2022-03-31,274553000,NetCashProvidedByUsedInOperatingActivities,USD,2023-05-09,10-Q,2022-03-31,through_ocf,True,,,0.039892,0.269817,23.741089,0.162529,-0.429782
2023Q3,2023-08-07,VTRS,1792044,VIATRIS INC.,$2B-$10B,,8308500000,Revenues,USD,2023-08-07,10-Q,2022-06-30,-669900000,ProfitLoss,USD,2023-02-27,10-K,2020-12-31,50022200000,Assets,USD,2023-08-07,10-Q,2022-12-31,-1788600000,NetCashProvidedByUsedInFinancingActivities,USD,2023-08-07,10-Q,2022-06-30,-149000000,NetCashProvidedByUsedInInvestingActivities,USD,2023-08-07,10-Q,2022-06-30,1941000000,NetCashProvidedByUsedInOperatingActivities,USD,2023-08-07,10-Q,2022-06-30,through_ocf,True,,,-0.080628,0.233616,6.020605,-0.215274,-0.017933
2023Q3,2023-08-08,VVX,1601548,"V2X, Inc.",$500M-$1B,,954537000,RevenueFromContractWithCustomerExcludingAssessedTax,USD,2023-08-08,10-Q,2022-07-01,2855000,NetIncomeLoss,USD,2023-08-08,10-Q,2022-04-01,3233103000,Assets,USD,2023-08-08,10-Q,2022-12-31,-16984000,NetCashProvidedByUsedInFinancingActivities,USD,2023-08-08,10-Q,2022-07-01,-5587000,NetCashProvidedByUsedInInvestingActivities,USD,2023-08-08,10-Q,2022-07-01,19636000,NetCashProvidedByUsedInOperatingActivities,USD,2023-08-08,10-Q,2022-07-01,through_ocf,True,,,0.002991,0.020571,3.38709,-0.017793,-0.005853
2023Q3,2023-08-03,VYGR,1640266,"Voyager Therapeutics, Inc.",<$100M,,1371000,RevenueFromContractWithCustomerExcludingAssessedTax,USD,2023-08-03,10-Q,2022-06-30,-21319000,NetIncomeLoss,USD,2023-08-03,10-Q,2022-03-31,159356000,Assets,USD,2023-08-03,10-Q,2022-12-31,819000,NetCashProvidedByUsedInFinancingActivities,USD,2023-08-03,10-Q,2022-06-30,-56128000,NetCashProvidedByUsedInInvestingActivities,USD,2023-08-03,10-Q,2022-06-30,15941000,NetCashProvidedByUsedInOperatingActivities,USD,2023-08-03,10-Q,2022-06-30,through_ocf,True,,,-15.549964,11.627279,116.233406,0.597374,-40.93946
2023Q3,2023-08-02,VYX,70866,NCR VOYIX CORPORATION,$2B-$10B,,3863000000,RevenueFromContractWithCustomerExcludingAssessedTax,USD,2023-08-02,10-Q,2022-06-30,7000000,NetIncomeLoss,USD,2023-08-02,10-Q,2022-06-30,11507000000,Assets,USD,2023-08-02,10-Q,2022-12-31,-7000000,NetCashProvidedByUsedInFinancingActivities,USD,2023-08-02,10-Q,2022-06-30,-177000000,NetCashProvidedByUsedInInvestingActivities,USD,2023-08-02,10-Q,2022-06-30,641000000,NetCashProvidedByUsedInOperatingActivities,USD,2023-02-27,10-K,2020-12-31,through_ocf,True,,,0.001812,0.165933,2.978773,-0.001812,-0.045819
2023Q3,2023-07-27,WAB,943452,WESTINGHOUSE AIR BRAKE TECHNOLOGIES CORPORATION,$2B-$10B,,3975000000,RevenueFromContractWithCustomerExcludingAssessedTax,USD,2023-07-27,10-Q,2022-06-30,315000000,NetIncomeLoss,USD,2023-07-27,10-Q,2022-06-30,18516000000,Assets,USD,2023-07-27,10-Q,2022-12-31,-256000000,NetCashProvidedByUsedInFinancingActivities,USD,2023-07-27,10-Q,2022-06-30,-117000000,NetCashProvidedByUsedInInvestingActivities,USD,2023-07-27,10-Q,2022-06-30,424000000,NetCashProvidedByUsedInOperatingActivities,USD,2023-07-27,10-Q,2022-06-30,through_ocf,True,,,0.079245,0.106667,4.658113,-0.064403,-0.029434
2023Q3,2023-08-02,WAT,1000697,Waters Corporation,$1B-$2B,,1404891000,RevenueFromContractWithCustomerExcludingAssessedTax,USD,2023-08-02,10-Q,2022-07-02,324695000,ProfitLoss,USD,2023-08-02,10-Q,2022-07-02,3281453000,Assets,USD,2023-08-02,10-Q,2022-12-31,-310181000,NetCashProvidedByUsedInFinancingActivities,USD,2023-08-02,10-Q,2022-07-02,-7403000,NetCashProvidedByUsedInInvestingActivities,USD,2023-08-02,10-Q,2022-07-02,254863000,NetCashProvidedByUsedInOperatingActivities,USD,2023-08-02,10-Q,2022-07-02,through_ocf,True,,,0.231118,0.181411,2.335735,-0.220787,-0.005269
2023Q3,2023-08-03,WD,1497770,"Walker & Dunlop, Inc.",$500M-$1B,,660292000,Revenues,USD,2023-08-03,10-Q,2022-06-30,71209000,NetIncomeLoss,USD,2023-08-03,10-Q,2022-03-31,4534772000,Assets,USD,2023-08-03,10-Q,2022-06-30,-937359000,NetCashProvidedByUsedInFinancingActivities,USD,2023-08-03,10-Q,2022-06-30,-113928000,NetCashProvidedByUsedInInvestingActivities,USD,2023-08-03,10-Q,2022-06-30,853869000,NetCashProvidedByUsedInOperatingActivities,USD,2023-08-03,10-Q,2022-06-30,through_ocf,True,,,0.107845,1.293169,6.867828,-1.419613,-0.172542
2023Q3,2023-08-24,WDAY,1327811,"WORKDAY, INC.",$2B-$10B,,2970455000,RevenueFromContractWithCustomerExcludingAssessedTax,USD,2023-08-24,10-Q,2022-07-31,-166331000,NetIncomeLoss,USD,2023-08-24,10-Q,2022-07-31,13486238000,Assets,USD,2023-08-24,10-Q,2023-01-31,2360789000,NetCashProvidedByUsedInFinancingActivities,USD,2023-08-24,10-Q,2022-07-31,-1957736000,NetCashProvidedByUsedInInvestingActivities,USD,2023-08-24,10-Q,2022-07-31,554075000,NetCashProvidedByUsedInOperatingActivities,USD,2023-08-24,10-Q,2022-07-31,through_ocf,True,,,-0.055995,0.186529,4.540125,0.794757,-0.659069
2023Q3,2023-07-31,WDC,106040,WESTERN DIGITAL CORP,>$10B,,14265000000,RevenueFromContractWithCustomerExcludingAssessedTax,USD,2023-05-10,10-Q,2022-04-01,610000000,NetIncomeLoss,USD,2023-05-10,10-Q,2021-10-01,26259000000,Assets,USD,2023-05-10,10-Q,2022-07-01,-1623000000,NetCashProvidedByUsedInFinancingActivities,USD,2023-05-10,10-Q,2022-04-01,-822000000,NetCashProvidedByUsedInInvestingActivities,USD,2023-05-10,10-Q,2022-04-01,1585000000,NetCashProvidedByUsedInOperatingActivities,USD,2023-05-10,10-Q,2022-04-01,through_ocf,True,,,0.042762,0.111111,1.840799,-0.113775,-0.057624
2023Q3,2023-08-01,WEC,783325,"WEC ENERGY GROUP, INC.",$2B-$10B,,2908100000,Revenues,USD,2023-05-04,10-Q,2022-03-31,568000000,ProfitLoss,USD,2023-05-04,10-Q,2022-03-31,41872100000,Assets,USD,2023-05-04,10-Q,2022-12-31,-706500000,NetCashProvidedByUsedInFinancingActivities,USD,2023-05-04,10-Q,2022-03-31,-338200000,NetCashProvidedByUsedInInvestingActivities,USD,2023-05-04,10-Q,2022-03-31,1076800000,NetCashProvidedByUsedInOperatingActivities,USD,2023-05-04,10-Q,2022-03-31,through_ocf,True,,,0.195317,0.370276,14.398439,-0.242942,-0.116296
2023Q3,2023-07-31,WELL,766704,Welltower Inc,$1B-$2B,,1395704000,Revenues,USD,2023-05-03,10-Q,2022-03-31,65751000,ProfitLoss,USD,2023-05-03,10-Q,2022-03-31,37893233000,Assets,USD,2023-05-03,10-Q,2022-12-31,505105000,NetCashProvidedByUsedInFinancingActivities,USD,2023-05-03,10-Q,2022-03-31,-808547000,NetCashProvidedByUsedInInvestingActivities,USD,2023-05-03,10-Q,2022-03-31,324520000,NetCashProvidedByUsedInOperatingActivities,USD,2023-05-03,10-Q,2022-03-31,through_ocf,True,,,0.04711,0.232513,27.149906,0.3619,-0.579311
2023Q3,2023-08-09,WEN,30697,THE WENDY’S COMPANY,$1B-$2B,,1026426000,Revenues,USD,2023-08-09,10-Q,2022-07-03,37402000,NetIncomeLoss,USD,2023-08-09,10-Q,2022-04-03,5499344000,Assets,USD,2023-08-09,10-Q,2023-01-01,362707000,NetCashProvidedByUsedInFinancingActivities,USD,2023-08-09,10-Q,2022-07-03,-28792000,NetCashProvidedByUsedInInvestingActivities,USD,2023-08-09,10-Q,2022-07-03,98195000,NetCashProvidedByUsedInOperatingActivities,USD,2023-08-09,10-Q,2022-07-03,through_ocf,True,,,0.036439,0.095667,5.35776,0.353369,-0.028051
2023Q3,2023-08-03,WERN,793074,"WERNER ENTERPRISES, INC.",$500M-$1B,,764605000,Revenues,USD,2023-05-09,10-Q,2022-03-31,53749000,NetIncomeLoss,USD,2023-05-09,10-Q,2022-03-31,3097255000,Assets,USD,2023-05-09,10-Q,2022-12-31,-48983000,NetCashProvidedByUsedInFinancingActivities,USD,2023-05-09,10-Q,2022-03-31,-34538000,NetCashProvidedByUsedInInvestingActivities,USD,2023-05-09,10-Q,2022-03-31,154957000,NetCashProvidedByUsedInOperatingActivities,USD,2023-05-09,10-Q,2022-03-31,through_ocf,True,,,0.070296,0.202663,4.050791,-0.064063,-0.045171
2023Q3,2023-08-09,WEST,0001806347,WESTROCK COFFEE COMPANY,$100M-$500M,,186428000,RevenueFromContractWithCustomerExcludingAssessedTax,USD,2023-05-11,10-Q,2022-03-31,-4876000,NetIncomeLoss,USD,2023-05-11,10-Q,2022-03-31,645364000,Assets,USD,2023-05-11,10-Q,2022-03-31,41659000,NetCashProvidedByUsedInFinancingActivities,USD,2023-05-11,10-Q,2022-03-31,-7836000,NetCashProvidedByUsedInInvestingActivities,USD,2023-05-11,10-Q,2022-03-31,-38400000,NetCashProvidedByUsedInOperatingActivities,USD,2023-05-11,10-Q,2022-03-31,through_ocf,True,,,-0.026155,-0.205978,3.461733,0.223459,-0.042032
2023Q3,2023-07-25,WFRD,1603923,Weatherford International plc,$500M-$1B,,938000000,Revenues,USD,2023-04-26,10-Q,2022-03-31,-80000000,NetIncomeLoss,USD,2023-04-26,10-Q,2022-03-31,4720000000,Assets,USD,2023-04-26,10-Q,2022-12-31,-5000000,NetCashProvidedByUsedInFinancingActivities,USD,2023-04-26,10-Q,2022-03-31,9000000,NetCashProvidedByUsedInInvestingActivities,USD,2023-04-26,10-Q,2022-03-31,-64000000,NetCashProvidedByUsedInOperatingActivities,USD,2023-04-26,10-Q,2022-03-31,through_ocf,True,,,-0.085288,-0.06823,5.031983,-0.00533,0.009595
2023Q3,2023-08-07,WHD,1699136,"Cactus, Inc.",$100M-$500M,,145899000,RevenueFromContractWithCustomerExcludingAssessedTax,USD,2023-05-10,10-Q,2022-03-31,20616000,NetIncomeLoss,USD,2023-05-10,10-Q,2022-03-31,1118896000,Assets,USD,2023-05-10,10-Q,2022-12-31,-14180000,NetCashProvidedByUsedInFinancingActivities,USD,2023-05-10,10-Q,2022-03-31,-7294000,NetCashProvidedByUsedInInvestingActivities,USD,2023-05-10,10-Q,2022-03-31,17209000,NetCashProvidedByUsedInOperatingActivities,USD,2023-05-10,10-Q,2022-03-31,through_ocf,True,,,0.141303,0.117951,7.668976,-0.097191,-0.049993
2023Q3,2023-08-02,WING,1636222,WINGSTOP INC.,$100M-$500M,,159982000,Revenues,USD,2023-08-02,10-Q,2022-06-25,8676000,NetIncomeLoss,USD,2023-08-02,10-Q,2022-03-26,424190000,Assets,USD,2023-08-02,10-Q,2022-12-31,116313000,NetCashProvidedByUsedInFinancingActivities,USD,2023-08-02,10-Q,2022-06-25,-9058000,NetCashProvidedByUsedInInvestingActivities,USD,2023-08-02,10-Q,2022-06-25,29464000,NetCashProvidedByUsedInOperatingActivities,USD,2023-08-02,10-Q,2022-06-25,through_ocf,True,,,0.054231,0.184171,2.651486,0.727038,-0.056619
2023Q3,2023-08-03,WK,1445305,WORKIVA INC,$100M-$500M,,261223000,RevenueFromContractWithCustomerExcludingAssessedTax,USD,2023-08-03,10-Q,2022-06-30,-18493000,NetIncomeLoss,USD,2023-08-03,10-Q,2022-03-31,819620000,Assets,USD,2023-08-03,10-Q,2022-12-31,-3614000,NetCashProvidedByUsedInFinancingActivities,USD,2023-08-03,10-Q,2022-06-30,-76614000,NetCashProvidedByUsedInInvestingActivities,USD,2023-08-03,10-Q,2022-06-30,7747000,NetCashProvidedByUsedInOperatingActivities,USD,2023-08-03,10-Q,2022-06-30,through_ocf,True,,,-0.070794,0.029657,3.137626,-0.013835,-0.29329
2023Q3,2023-08-03,WLDN,1370450,"WILLDAN GROUP, INC.",<$100M,,91838000,RevenueFromContractWithCustomerExcludingAssessedTax,USD,2023-05-05,10-Q,2022-04-01,-3773000,NetIncomeLoss,USD,2023-05-05,10-Q,2022-04-01,372737000,Assets,USD,2023-05-05,10-Q,2022-04-01,6248000,NetCashProvidedByUsedInFinancingActivities,USD,2023-05-05,10-Q,2022-04-01,-2064000,NetCashProvidedByUsedInInvestingActivities,USD,2023-05-05,10-Q,2022-04-01,-7754000,NetCashProvidedByUsedInOperatingActivities,USD,2023-05-05,10-Q,2022-04-01,through_ocf,True,,,-0.041083,-0.084431,4.058636,0.068033,-0.022474
2023Q3,2023-08-03,WLKP,1604665,Westlake Chemical Partners LP,$500M-$1B,,811185000,Revenues,USD,2023-08-03,10-Q,2022-06-30,32632000,NetIncomeLoss,USD,2023-08-03,10-Q,2022-06-30,1371979000,Assets,USD,2023-08-03,10-Q,2022-12-31,-169021000,NetCashProvidedByUsedInFinancingActivities,USD,2023-08-03,10-Q,2022-06-30,-55334000,NetCashProvidedByUsedInInvestingActivities,USD,2023-08-03,10-Q,2022-06-30,225667000,NetCashProvidedByUsedInOperatingActivities,USD,2023-08-03,10-Q,2022-06-30,through_ocf,True,,,0.040228,0.278194,1.691327,-0.208363,-0.068214
2023Q3,2023-09-07,WLY,107140,"JOHN WILEY & SONS, INC.",$1B-$2B,,1941501000,RevenueFromContractWithCustomerExcludingAssessedTax,USD,2023-06-26,10-K,2021-04-30,148256000,NetIncomeLoss,USD,2023-06-26,10-K,2021-04-30,3361695000,Assets,USD,2023-06-26,10-K,2022-04-30,-47086000,NetCashProvidedByUsedInFinancingActivities,USD,2023-06-26,10-K,2021-04-30,-433154000,NetCashProvidedByUsedInInvestingActivities,USD,2023-06-26,10-K,2021-04-30,359923000,NetCashProvidedByUsedInOperatingActivities,USD,2023-06-26,10-K,2021-04-30,through_ocf,True,,,0.076362,0.185384,1.731493,-0.024252,-0.223103
2023Q3,2023-07-25,WM,823768,WASTE MANAGEMENT INC,$2B-$10B,,4661000000,RevenueFromContractWithCustomerExcludingAssessedTax,USD,2023-04-27,10-Q,2022-03-31,513000000,NetIncomeLoss,USD,2023-04-27,10-Q,2022-03-31,31367000000,Assets,USD,2023-04-27,10-Q,2022-12-31,-635000000,NetCashProvidedByUsedInFinancingActivities,USD,2023-04-27,10-Q,2022-03-31,-572000000,NetCashProvidedByUsedInInvestingActivities,USD,2023-04-27,10-Q,2022-03-31,1258000000,NetCashProvidedByUsedInOperatingActivities,USD,2023-04-27,10-Q,2022-03-31,through_ocf,True,,,0.110062,0.269899,6.729672,-0.136237,-0.12272
2023Q3,2023-08-02,WMB,107263,"Williams Companies, Inc.",$2B-$10B,,5014000000,Revenues,USD,2023-08-02,10-Q,2022-06-30,780000000,NetIncomeLoss,USD,2023-08-02,10-Q,2022-06-30,48433000000,Assets,USD,2023-08-02,10-Q,2022-12-31,-2075000000,NetCashProvidedByUsedInFinancingActivities,USD,2023-08-02,10-Q,2022-06-30,-1652000000,NetCashProvidedByUsedInInvestingActivities,USD,2023-08-02,10-Q,2022-06-30,2180000000,NetCashProvidedByUsedInOperatingActivities,USD,2023-08-02,10-Q,2022-06-30,through_ocf,True,,,0.155564,0.434783,9.659553,-0.413841,-0.329477
2023Q3,2023-08-08,WMG,1319161,Warner Music Group Corp.,$2B-$10B,,4422000000,RevenueFromContractWithCustomerExcludingAssessedTax,USD,2023-08-08,10-Q,2022-06-30,403000000,NetIncomeLoss,USD,2023-08-08,10-Q,2022-06-30,7828000000,Assets,USD,2023-08-08,10-Q,2022-09-30,280000000,NetCashProvidedByUsedInFinancingActivities,USD,2023-08-08,10-Q,2022-06-30,-763000000,NetCashProvidedByUsedInInvestingActivities,USD,2023-08-08,10-Q,2022-06-30,336000000,NetCashProvidedByUsedInOperatingActivities,USD,2023-08-08,10-Q,2022-06-30,through_ocf,True,,,0.091135,0.075984,1.77024,0.06332,-0.172546
2023Q3,2023-08-07,WMK,105418,"WEIS MARKETS, INC.",$1B-$2B,,1104069000,RevenueFromContractWithCustomerExcludingAssessedTax,USD,2023-05-11,10-Q,2022-03-26,31389000,NetIncomeLoss,USD,2023-05-11,10-Q,2022-03-26,1959150000,Assets,USD,2023-05-11,10-Q,2022-12-31,-8608000,NetCashProvidedByUsedInFinancingActivities,USD,2023-05-11,10-Q,2022-03-26,-18828000,NetCashProvidedByUsedInInvestingActivities,USD,2023-05-11,10-Q,2022-03-26,34480000,NetCashProvidedByUsedInOperatingActivities,USD,2023-05-11,10-Q,2022-03-26,through_ocf,True,,,0.02843,0.03123,1.774481,-0.007797,-0.017053
2023Q3,2023-07-26,WNC,879526,WABASH NATIONAL CORPORATION,$1B-$2B,,1189530000,RevenueFromContractWithCustomerExcludingAssessedTax,USD,2023-07-26,10-Q,2022-06-30,12074000,NetIncomeLoss,USD,2023-07-26,10-Q,2022-03-31,1203523000,Assets,USD,2023-07-26,10-Q,2022-12-31,4956000,NetCashProvidedByUsedInFinancingActivities,USD,2023-07-26,10-Q,2022-06-30,-20924000,NetCashProvidedByUsedInInvestingActivities,USD,2023-07-26,10-Q,2022-06-30,82674000,NetCashProvidedByUsedInOperatingActivities,USD,2023-07-26,10-Q,2022-06-30,through_ocf,True,,,0.01015,0.069501,1.011763,0.004166,-0.01759
2023Q3,2023-08-24,WOOF,1826470,"Petco Health and Wellness Company, Inc.",$1B-$2B,,1475991000,RevenueFromContractWithCustomerExcludingAssessedTax,USD,2023-06-07,10-Q,2022-04-30,24693000,NetIncomeLoss,USD,2023-06-07,10-Q,2022-04-30,6612829000,Assets,USD,2023-06-07,10-Q,2023-01-28,-15260000,NetCashProvidedByUsedInFinancingActivities,USD,2023-06-07,10-Q,2022-04-30,-65910000,NetCashProvidedByUsedInInvestingActivities,USD,2023-06-07,10-Q,2022-04-30,57519000,NetCashProvidedByUsedInOperatingActivities,USD,2023-06-07,10-Q,2022-04-30,through_ocf,True,,,0.01673,0.03897,4.480264,-0.010339,-0.044655
2023Q3,2023-07-06,WOR,108516,"WORTHINGTON ENTERPRISES, INC",$2B-$10B,,3721914000,Revenues,USD,2023-04-10,10-Q,2022-02-28,299134000,NetIncomeLoss,USD,2023-04-10,10-Q,2022-02-28,3643023000,Assets,USD,2023-04-10,10-Q,2022-05-31,-88100000,NetCashProvidedByUsedInFinancingActivities,USD,2023-04-10,10-Q,2022-02-28,-413161000,NetCashProvidedByUsedInInvestingActivities,USD,2023-04-10,10-Q,2022-02-28,-94726000,NetCashProvidedByUsedInOperatingActivities,USD,2023-04-10,10-Q,2022-02-28,through_ocf,True,,,0.080371,-0.025451,0.978804,-0.023671,-0.111008
2023Q3,2023-07-20,WRB,11544,BERKLEY W R CORP,$2B-$10B,,2915409000,Revenues,USD,2023-05-04,10-Q,2022-03-31,590638000,NetIncomeLoss,USD,2023-05-04,10-Q,2022-03-31,33815103000,Assets,USD,2023-05-04,10-Q,2022-12-31,-451330000,NetCashProvidedByUsedInFinancingActivities,USD,2023-05-04,10-Q,2022-03-31,518563000,NetCashProvidedByUsedInInvestingActivities,USD,2023-05-04,10-Q,2022-03-31,477682000,NetCashProvidedByUsedInOperatingActivities,USD,2023-05-04,10-Q,2022-03-31,through_ocf,True,,,0.202592,0.163847,11.598751,-0.154808,0.17787
2023Q3,2023-08-09,WRBY,1504776,Warby Parker Inc.,$100M-$500M,,302842000,RevenueFromContractWithCustomerExcludingAssessedTax,USD,2023-08-09,10-Q,2022-06-30,-34133000,NetIncomeLoss,USD,2023-08-09,10-Q,2022-03-31,568707000,Assets,USD,2023-08-09,10-Q,2022-12-31,1982000,NetCashProvidedByUsedInFinancingActivities,USD,2023-08-09,10-Q,2022-06-30,-31869000,NetCashProvidedByUsedInInvestingActivities,USD,2023-08-09,10-Q,2022-06-30,-14624000,NetCashProvidedByUsedInOperatingActivities,USD,2023-08-09,10-Q,2022-06-30,through_ocf,True,,,-0.112709,-0.048289,1.8779,0.006545,-0.105233
2023Q3,2023-08-02,WSC,1647088,WILLSCOT HOLDINGS CORPORATION,$100M-$500M,,451171000,Revenues,USD,2023-04-27,10-Q,2022-03-31,51171000,NetIncomeLoss,USD,2023-04-27,10-Q,2022-03-31,5827651000,Assets,USD,2023-04-27,10-Q,2022-12-31,1586000,NetCashProvidedByUsedInFinancingActivities,USD,2023-04-27,10-Q,2022-03-31,-148360000,NetCashProvidedByUsedInInvestingActivities,USD,2023-04-27,10-Q,2022-03-31,145527000,NetCashProvidedByUsedInOperatingActivities,USD,2023-04-27,10-Q,2022-03-31,through_ocf,True,,,0.113418,0.322554,12.916723,0.003515,-0.328833
2023Q3,2023-07-24,WSFS,828944,WSFS Financial Corporation,$100M-$500M,,204711000,Revenues,USD,2023-05-05,10-Q,2022-03-31,3804000,NetIncomeLoss,USD,2023-05-05,10-Q,2022-03-31,19914755000,Assets,USD,2023-05-05,10-Q,2022-12-31,204637000,NetCashProvidedByUsedInFinancingActivities,USD,2023-05-05,10-Q,2022-03-31,488002000,NetCashProvidedByUsedInInvestingActivities,USD,2023-05-05,10-Q,2022-03-31,58191000,NetCashProvidedByUsedInOperatingActivities,USD,2023-05-05,10-Q,2022-03-31,through_ocf,True,,,0.018582,0.284259,97.282291,0.999639,2.383858
2023Q3,2023-08-23,WSM,719955,"WILLIAMS-SONOMA, INC.",$1B-$2B,,1891227000,RevenueFromContractWithCustomerExcludingAssessedTax,USD,2023-05-26,10-Q,2022-05-01,254113000,NetIncomeLoss,USD,2023-05-26,10-Q,2022-05-01,4210713000,Assets,USD,2023-05-26,10-Q,2022-05-01,-637733000,NetCashProvidedByUsedInFinancingActivities,USD,2023-05-26,10-Q,2022-05-01,-71100000,NetCashProvidedByUsedInInvestingActivities,USD,2023-05-26,10-Q,2022-05-01,184519000,NetCashProvidedByUsedInOperatingActivities,USD,2023-05-26,10-Q,2022-05-01,through_ocf,True,,,0.134364,0.097566,2.226445,-0.337206,-0.037595
2023Q3,2023-07-27,WST,105770,"WEST PHARMACEUTICAL SERVICES, INC.",$1B-$2B,,1491300000,RevenueFromContractWithCustomerExcludingAssessedTax,USD,2023-07-27,10-Q,2022-06-30,173800000,NetIncomeLoss,USD,2023-07-27,10-Q,2022-03-31,3616800000,Assets,USD,2023-07-27,10-Q,2022-12-31,-208900000,NetCashProvidedByUsedInFinancingActivities,USD,2023-07-27,10-Q,2022-06-30,-134300000,NetCashProvidedByUsedInInvestingActivities,USD,2023-07-27,10-Q,2022-06-30,324300000,NetCashProvidedByUsedInOperatingActivities,USD,2023-07-27,10-Q,2022-06-30,through_ocf,True,,,0.116543,0.217461,2.425267,-0.140079,-0.090056
2023Q3,2023-07-20,WTFC,1015328,Wintrust Financial Corporation,$100M-$500M,,462084000,Revenues,USD,2023-05-09,10-Q,2022-03-31,127391000,NetIncomeLoss,USD,2023-05-09,10-Q,2022-03-31,50250661000,Assets,USD,2023-05-09,10-Q,2022-03-31,87182000,NetCashProvidedByUsedInFinancingActivities,USD,2023-05-09,10-Q,2022-03-31,-493839000,NetCashProvidedByUsedInInvestingActivities,USD,2023-05-09,10-Q,2022-03-31,458024000,NetCashProvidedByUsedInOperatingActivities,USD,2023-05-09,10-Q,2022-03-31,through_ocf,True,,,0.275688,0.991214,108.747892,0.188671,-1.068721
2023Q3,2023-08-01,WTI,1288403,"W&T Offshore, Inc.",$100M-$500M,,191004000,RevenueFromContractWithCustomerExcludingAssessedTax,USD,2023-05-10,10-Q,2022-03-31,-2457000,NetIncomeLoss,USD,2023-05-10,10-Q,2022-03-31,1431790000,Assets,USD,2023-05-10,10-Q,2022-12-31,-12899000,NetCashProvidedByUsedInFinancingActivities,USD,2023-05-10,10-Q,2022-03-31,-44962000,NetCashProvidedByUsedInInvestingActivities,USD,2023-05-10,10-Q,2022-03-31,27537000,NetCashProvidedByUsedInOperatingActivities,USD,2023-05-10,10-Q,2022-03-31,through_ocf,True,,,-0.012864,0.14417,7.496126,-0.067533,-0.235398
2023Q3,2023-08-02,WTS,795403,WATTS WATER TECHNOLOGIES INC,$100M-$500M,,463200000,RevenueFromContractWithCustomerExcludingAssessedTax,USD,2023-05-04,10-Q,2022-03-27,54500000,NetIncomeLoss,USD,2023-05-04,10-Q,2022-03-27,1903300000,Assets,USD,2023-05-04,10-Q,2022-03-27,-4700000,NetCashProvidedByUsedInFinancingActivities,USD,2023-05-04,10-Q,2022-03-27,-5600000,NetCashProvidedByUsedInInvestingActivities,USD,2023-05-04,10-Q,2022-03-27,-2000000,NetCashProvidedByUsedInOperatingActivities,USD,2023-05-04,10-Q,2022-03-27,through_ocf,True,,,0.11766,-0.004318,4.109024,-0.010147,-0.01209
2023Q3,2023-08-03,WTTR,1693256,"Select Water Solutions, Inc.",$500M-$1B,,630672000,RevenueFromContractWithCustomerExcludingAssessedTax,USD,2023-08-03,10-Q,2022-06-30,19305000,NetIncomeLoss,USD,2023-08-03,10-Q,2022-06-30,1222853000,Assets,USD,2023-08-03,10-Q,2022-12-31,-40697000,NetCashProvidedByUsedInFinancingActivities,USD,2023-08-03,10-Q,2022-06-30,-11888000,NetCashProvidedByUsedInInvestingActivities,USD,2023-08-03,10-Q,2022-06-30,-7468000,NetCashProvidedByUsedInOperatingActivities,USD,2023-08-03,10-Q,2022-06-30,through_ocf,True,,,0.03061,-0.011841,1.938968,-0.06453,-0.01885
2023Q3,2023-07-27,WTW,1140536,WILLIS TOWERS WATSON PLC,$2B-$10B,,4191000000,Revenues,USD,2023-07-27,10-Q,2022-06-30,231000000,NetIncomeLoss,USD,2023-07-27,10-Q,2022-06-30,31769000000,Assets,USD,2023-07-27,10-Q,2022-12-31,-2690000000,NetCashProvidedByUsedInFinancingActivities,USD,2023-07-27,10-Q,2022-06-30,19000000,NetCashProvidedByUsedInInvestingActivities,USD,2023-07-27,10-Q,2022-06-30,258000000,NetCashProvidedByUsedInOperatingActivities,USD,2023-07-27,10-Q,2022-06-30,through_ocf,True,,,0.055118,0.06156,7.580291,-0.641852,0.004534
2023Q3,2023-08-10,WWW,110471,"WOLVERINE WORLD WIDE, INC.",$1B-$2B,,1328400000,RevenueFromContractWithCustomerExcludingAssessedTax,USD,2023-08-10,10-Q,2022-07-02,134300000,NetIncomeLoss,USD,2023-08-10,10-Q,2022-07-02,2949000000,Assets,USD,2023-08-10,10-Q,2022-07-02,163100000,NetCashProvidedByUsedInFinancingActivities,USD,2023-08-10,10-Q,2022-07-02,78700000,NetCashProvidedByUsedInInvestingActivities,USD,2023-08-10,10-Q,2022-07-02,-247900000,NetCashProvidedByUsedInOperatingActivities,USD,2023-08-10,10-Q,2022-07-02,through_ocf,True,,,0.101099,-0.186615,2.219964,0.122779,0.059244
2023Q3,2023-07-27,WY,106535,WEYERHAEUSER CO,$2B-$10B,,3112000000,Revenues,USD,2023-04-28,10-Q,2022-03-31,771000000,NetIncomeLoss,USD,2023-04-28,10-Q,2022-03-31,17340000000,Assets,USD,2023-04-28,10-Q,2022-12-31,-1664000000,NetCashProvidedByUsedInFinancingActivities,USD,2023-04-28,10-Q,2022-03-31,-87000000,NetCashProvidedByUsedInInvestingActivities,USD,2023-04-28,10-Q,2022-03-31,957000000,NetCashProvidedByUsedInOperatingActivities,USD,2023-04-28,10-Q,2022-03-31,through_ocf,True,,,0.247751,0.307519,5.571979,-0.534704,-0.027956
2023Q3,2023-08-09,WYNN,1174922,"WYNN RESORTS, LIMITED",$2B-$10B,,4345797000,Revenues,USD,2019-02-28,10-K,2016-12-31,-313375000,NetIncomeLoss,USD,2023-08-09,10-Q,2022-06-30,13415100000,Assets,USD,2023-08-09,10-Q,2022-12-31,-150906000,NetCashProvidedByUsedInFinancingActivities,USD,2023-08-09,10-Q,2022-06-30,-195384000,NetCashProvidedByUsedInInvestingActivities,USD,2023-08-09,10-Q,2022-06-30,-157451000,NetCashProvidedByUsedInOperatingActivities,USD,2023-08-09,10-Q,2022-06-30,through_ocf,True,,,-0.07211,-0.036231,3.086914,-0.034725,-0.044959
2023Q3,2023-07-27,XEL,72903,XCEL ENERGY INC,$2B-$10B,,8657000000,Revenues,USD,2019-10-25,10-Q,2018-09-30,708000000,NetIncomeLoss,USD,2023-07-27,10-Q,2022-06-30,61188000000,Assets,USD,2023-07-27,10-Q,2022-12-31,236000000,NetCashProvidedByUsedInFinancingActivities,USD,2023-07-27,10-Q,2022-06-30,-2055000000,NetCashProvidedByUsedInInvestingActivities,USD,2023-07-27,10-Q,2022-06-30,1988000000,NetCashProvidedByUsedInOperatingActivities,USD,2023-07-27,10-Q,2022-06-30,through_ocf,True,,,0.081784,0.229641,7.068037,0.027261,-0.23738
2023Q3,2023-08-02,XHR,1616000,"Xenia Hotels & Resorts, Inc.",$100M-$500M,,493798000,RevenueFromContractWithCustomerExcludingAssessedTax,USD,2023-08-02,10-Q,2022-06-30,22324000,NetIncomeLoss,USD,2023-08-02,10-Q,2022-06-30,3080055000,Assets,USD,2023-08-02,10-Q,2022-12-31,-67507000,NetCashProvidedByUsedInFinancingActivities,USD,2023-08-02,10-Q,2022-06-30,-314680000,NetCashProvidedByUsedInInvestingActivities,USD,2023-08-02,10-Q,2022-06-30,98635000,NetCashProvidedByUsedInOperatingActivities,USD,2023-08-02,10-Q,2022-06-30,through_ocf,True,,,0.045209,0.199748,6.23748,-0.13671,-0.637265
2023Q3,2023-08-09,XMTR,1657573,"Xometry, Inc.",$100M-$500M,,179286000,RevenueFromContractWithCustomerExcludingAssessedTax,USD,2023-08-09,10-Q,2022-06-30,-36565000,NetIncomeLoss,USD,2023-08-09,10-Q,2022-06-30,736925000,Assets,USD,2023-08-09,10-Q,2022-12-31,280659000,NetCashProvidedByUsedInFinancingActivities,USD,2023-08-09,10-Q,2022-06-30,-285826000,NetCashProvidedByUsedInInvestingActivities,USD,2023-08-09,10-Q,2022-06-30,-34196000,NetCashProvidedByUsedInOperatingActivities,USD,2023-08-09,10-Q,2022-06-30,through_ocf,True,,,-0.203948,-0.190734,4.110332,1.565426,-1.594246
2023Q3,2023-08-09,XPER,0001788999,XPERI INC.,$100M-$500M,,118888000,Revenues,USD,2023-05-12,10-Q,2022-03-31,-29523000,NetIncomeLoss,USD,2023-05-12,10-Q,2022-03-31,736911000,Assets,USD,2023-05-12,10-Q,2022-12-31,25754000,NetCashProvidedByUsedInFinancingActivities,USD,2023-05-12,10-Q,2022-03-31,-4365000,NetCashProvidedByUsedInInvestingActivities,USD,2023-05-12,10-Q,2022-03-31,-18364000,NetCashProvidedByUsedInOperatingActivities,USD,2023-05-12,10-Q,2022-03-31,through_ocf,True,,,-0.248326,-0.154465,6.198363,0.216624,-0.036715
2023Q3,2023-08-02,XRAY,818479,DENTSPLY SIRONA Inc.,$500M-$1B,,969000000,RevenueFromContractWithCustomerExcludingAssessedTax,USD,2023-05-03,10-Q,2022-03-31,69000000,NetIncomeLoss,USD,2023-05-03,10-Q,2022-03-31,7643000000,Assets,USD,2023-05-03,10-Q,2022-12-31,-10000000,NetCashProvidedByUsedInFinancingActivities,USD,2023-05-03,10-Q,2022-03-31,-43000000,NetCashProvidedByUsedInInvestingActivities,USD,2023-05-03,10-Q,2022-03-31,93000000,NetCashProvidedByUsedInOperatingActivities,USD,2023-05-03,10-Q,2022-03-31,through_ocf,True,,,0.071207,0.095975,7.887513,-0.01032,-0.044376
2023Q3,2023-07-25,XRX,1770450,XEROX HOLDINGS CORPORATION,$1B-$2B,,1668000000,RevenueFromContractWithCustomerExcludingAssessedTax,USD,2023-05-01,10-Q,2022-03-31,-56000000,NetIncomeLoss,USD,2023-05-01,10-Q,2022-03-31,11543000000,Assets,USD,2023-05-01,10-Q,2022-12-31,-149000000,NetCashProvidedByUsedInFinancingActivities,USD,2023-05-01,10-Q,2022-03-31,-75000000,NetCashProvidedByUsedInInvestingActivities,USD,2023-05-01,10-Q,2022-03-31,66000000,NetCashProvidedByUsedInOperatingActivities,USD,2023-05-01,10-Q,2022-03-31,through_ocf,True,,,-0.033573,0.039568,6.920264,-0.089329,-0.044964
2023Q3,2023-08-02,XYL,1524472,XYLEM INC.,$1B-$2B,,1272000000,Revenues,USD,2023-05-04,10-Q,2022-03-31,82000000,NetIncomeLoss,USD,2023-05-04,10-Q,2022-03-31,7952000000,Assets,USD,2023-05-04,10-Q,2022-12-31,-106000000,NetCashProvidedByUsedInFinancingActivities,USD,2023-05-04,10-Q,2022-03-31,-43000000,NetCashProvidedByUsedInInvestingActivities,USD,2023-05-04,10-Q,2022-03-31,-81000000,NetCashProvidedByUsedInOperatingActivities,USD,2023-05-04,10-Q,2022-03-31,through_ocf,True,,,0.064465,-0.063679,6.251572,-0.083333,-0.033805
2023Q3,2023-08-03,XYZ,1512673,"BLOCK, INC.",$2B-$10B,,8365144000,Revenues,USD,2023-08-03,10-Q,2022-06-30,-412213000,NetIncomeLoss,USD,2023-08-03,10-Q,2022-06-30,31364340000,Assets,USD,2023-08-03,10-Q,2022-12-31,-1240199000,NetCashProvidedByUsedInFinancingActivities,USD,2023-08-03,10-Q,2022-06-30,1340283000,NetCashProvidedByUsedInInvestingActivities,USD,2023-08-03,10-Q,2022-06-30,114797000,NetCashProvidedByUsedInOperatingActivities,USD,2023-08-03,10-Q,2022-06-30,through_ocf,True,,,-0.049277,0.013723,3.749408,-0.148258,0.160222
2023Q3,2023-08-03,YELP,1345016,YELP INC,$100M-$500M,,276628000,RevenueFromContractWithCustomerExcludingAssessedTax,USD,2023-05-05,10-Q,2022-03-31,-915000,NetIncomeLoss,USD,2023-05-05,10-Q,2022-03-31,1015922000,Assets,USD,2023-05-05,10-Q,2022-12-31,-67953000,NetCashProvidedByUsedInFinancingActivities,USD,2023-05-05,10-Q,2022-03-31,-6575000,NetCashProvidedByUsedInInvestingActivities,USD,2023-05-05,10-Q,2022-03-31,59903000,NetCashProvidedByUsedInOperatingActivities,USD,2023-05-05,10-Q,2022-03-31,through_ocf,True,,,-0.003308,0.216547,3.67252,-0.245648,-0.023768
2023Q3,2023-08-02,YOU,1856314,"CLEAR SECURE, INC.",$100M-$500M,,193262000,RevenueFromContractWithCustomerExcludingAssessedTax,USD,2023-08-02,10-Q,2022-06-30,-17482000,NetIncomeLoss,USD,2023-08-02,10-Q,2022-06-30,1037517000,Assets,USD,2023-08-02,10-Q,2022-12-31,-333000,NetCashProvidedByUsedInFinancingActivities,USD,2023-08-02,10-Q,2022-06-30,-15471000,NetCashProvidedByUsedInInvestingActivities,USD,2023-08-02,10-Q,2022-06-30,75855000,NetCashProvidedByUsedInOperatingActivities,USD,2023-08-02,10-Q,2022-06-30,through_ocf,True,,,-0.090458,0.392498,5.368448,-0.001723,-0.080052
2023Q3,2023-08-02,YUM,1041061,"YUM! BRANDS, INC.",$1B-$2B,,1547000000,Revenues,USD,2023-05-09,10-Q,2022-03-31,399000000,NetIncomeLoss,USD,2023-05-09,10-Q,2022-03-31,5846000000,Assets,USD,2023-05-09,10-Q,2022-12-31,-377000000,NetCashProvidedByUsedInFinancingActivities,USD,2023-05-09,10-Q,2022-03-31,-29000000,NetCashProvidedByUsedInInvestingActivities,USD,2023-05-09,10-Q,2022-03-31,253000000,NetCashProvidedByUsedInOperatingActivities,USD,2023-05-09,10-Q,2022-03-31,through_ocf,True,,,0.257919,0.163542,3.778927,-0.243697,-0.018746
2023Q3,2023-08-02,Z,1617640,"ZILLOW GROUP, INC.",$1B-$2B,,1040000000,RevenueFromContractWithCustomerExcludingAssessedTax,USD,2023-08-02,10-Q,2022-06-30,24000000,NetIncomeLoss,USD,2023-08-02,10-Q,2022-06-30,6563000000,Assets,USD,2023-08-02,10-Q,2022-12-31,-3976000000,NetCashProvidedByUsedInFinancingActivities,USD,2023-08-02,10-Q,2022-06-30,-934000000,NetCashProvidedByUsedInInvestingActivities,USD,2023-08-02,10-Q,2022-06-30,4255000000,NetCashProvidedByUsedInOperatingActivities,USD,2023-08-02,10-Q,2022-06-30,through_ocf,True,,,0.023077,4.091346,6.310577,-3.823077,-0.898077
2023Q3,2023-08-01,ZBH,1136869,"ZIMMER BIOMET HOLDINGS, INC.",$2B-$10B,,3445000000,RevenueFromContractWithCustomerExcludingAssessedTax,USD,2023-08-01,10-Q,2022-06-30,167900000,NetIncomeLoss,USD,2023-08-01,10-Q,2022-06-30,21066000000,Assets,USD,2023-08-01,10-Q,2022-12-31,-779900000,NetCashProvidedByUsedInFinancingActivities,USD,2022-02-25,10-K,2019-12-31,-729300000,NetCashProvidedByUsedInInvestingActivities,USD,2022-02-25,10-K,2019-12-31,1585800000,NetCashProvidedByUsedInOperatingActivities,USD,2022-02-25,10-K,2019-12-31,through_ocf,True,,,0.048737,0.460319,6.114949,-0.226386,-0.211698
2023Q3,2023-08-01,ZBRA,877212,Zebra Technologies Corporation,$2B-$10B,,2900000000,RevenueFromContractWithCustomerExcludingAssessedTax,USD,2023-08-01,10-Q,2022-07-02,205000000,NetIncomeLoss,USD,2023-08-01,10-Q,2022-04-02,7529000000,Assets,USD,2023-08-01,10-Q,2022-12-31,518000000,NetCashProvidedByUsedInFinancingActivities,USD,2023-08-01,10-Q,2022-07-02,-912000000,NetCashProvidedByUsedInInvestingActivities,USD,2023-08-01,10-Q,2022-07-02,154000000,NetCashProvidedByUsedInOperatingActivities,USD,2023-08-01,10-Q,2022-07-02,through_ocf,True,,,0.07069,0.053103,2.596207,0.178621,-0.314483
2023Q3,2023-08-04,ZD,1084048,"Ziff Davis, Inc.",$500M-$1B,,652424000,Revenues,USD,2023-08-04,10-Q,2022-06-30,-21899000,NetIncomeLoss,USD,2023-08-04,10-Q,2022-06-30,3533270000,Assets,USD,2023-08-04,10-Q,2022-12-31,-61679000,NetCashProvidedByUsedInFinancingActivities,USD,2023-08-04,10-Q,2022-06-30,-161301000,NetCashProvidedByUsedInInvestingActivities,USD,2023-08-04,10-Q,2022-06-30,192484000,NetCashProvidedByUsedInOperatingActivities,USD,2023-08-04,10-Q,2022-06-30,through_ocf,True,,,-0.033566,0.295029,5.415604,-0.094538,-0.247233
2023Q3,2023-08-02,ZETA,1851003,ZETA GLOBAL HOLDINGS CORP.,$100M-$500M,,126268000,RevenueFromContractWithCustomerExcludingAssessedTax,USD,2023-05-05,10-Q,2022-03-31,-72037000,NetIncomeLoss,USD,2023-05-05,10-Q,2022-03-31,466502000,Assets,USD,2023-05-05,10-Q,2022-12-31,-582000,NetCashProvidedByUsedInFinancingActivities,USD,2023-05-05,10-Q,2022-03-31,-20365000,NetCashProvidedByUsedInInvestingActivities,USD,2023-05-05,10-Q,2022-03-31,21183000,NetCashProvidedByUsedInOperatingActivities,USD,2023-05-05,10-Q,2022-03-31,through_ocf,True,,,-0.570509,0.167762,3.694539,-0.004609,-0.161284
2023Q3,2023-08-02,ZG,1617640,"ZILLOW GROUP, INC.",$1B-$2B,,1040000000,RevenueFromContractWithCustomerExcludingAssessedTax,USD,2023-08-02,10-Q,2022-06-30,24000000,NetIncomeLoss,USD,2023-08-02,10-Q,2022-06-30,6563000000,Assets,USD,2023-08-02,10-Q,2022-12-31,-3976000000,NetCashProvidedByUsedInFinancingActivities,USD,2023-08-02,10-Q,2022-06-30,-934000000,NetCashProvidedByUsedInInvestingActivities,USD,2023-08-02,10-Q,2022-06-30,4255000000,NetCashProvidedByUsedInOperatingActivities,USD,2023-08-02,10-Q,2022-06-30,through_ocf,True,,,0.023077,4.091346,6.310577,-3.823077,-0.898077
2023Q3,2023-07-19,ZION,109380,"ZIONS BANCORPORATION, NATIONAL ASSOCIATION",$100M-$500M,,151000000,Revenues,USD,2023-05-05,10-Q,2022-03-31,203000000,NetIncomeLoss,USD,2023-05-05,10-Q,2022-03-31,89545000000,Assets,USD,2023-05-05,10-Q,2022-12-31,-1114000000,NetCashProvidedByUsedInFinancingActivities,USD,2023-05-05,10-Q,2022-03-31,931000000,NetCashProvidedByUsedInInvestingActivities,USD,2023-05-05,10-Q,2022-03-31,288000000,NetCashProvidedByUsedInOperatingActivities,USD,2023-05-05,10-Q,2022-03-31,through_ocf,True,,,1.344371,1.907285,593.013245,-7.377483,6.165563
2023Q3,2023-08-08,ZIP,1617553,"ZIPRECRUITER, INC.",$100M-$500M,,467203000,RevenueFromContractWithCustomerExcludingAssessedTax,USD,2023-08-08,10-Q,2022-06-30,8417000,NetIncomeLoss,USD,2023-08-08,10-Q,2022-03-31,714563000,Assets,USD,2023-08-08,10-Q,2022-12-31,394518000,NetCashProvidedByUsedInFinancingActivities,USD,2023-08-08,10-Q,2022-06-30,-4313000,NetCashProvidedByUsedInInvestingActivities,USD,2023-08-08,10-Q,2022-06-30,55097000,NetCashProvidedByUsedInOperatingActivities,USD,2023-08-08,10-Q,2022-06-30,through_ocf,True,,,0.018016,0.117929,1.529449,0.844425,-0.009232
2023Q3,2023-08-21,ZM,1585521,"Zoom Communications, Inc.",$1B-$2B,,1073800000,RevenueFromContractWithCustomerExcludingAssessedTax,USD,2023-05-25,10-Q,2022-04-30,113658000,NetIncomeLoss,USD,2023-05-25,10-Q,2022-04-30,8128065000,Assets,USD,2023-05-25,10-Q,2023-01-31,-133243000,NetCashProvidedByUsedInFinancingActivities,USD,2023-05-25,10-Q,2022-04-30,-42334000,NetCashProvidedByUsedInInvestingActivities,USD,2023-05-25,10-Q,2022-04-30,526151000,NetCashProvidedByUsedInOperatingActivities,USD,2023-05-25,10-Q,2022-04-30,through_ocf,True,,,0.105847,0.48999,7.56944,-0.124085,-0.039424
2023Q3,2023-09-05,ZS,1713683,"ZSCALER, INC.",$500M-$1B,,772887000,RevenueFromContractWithCustomerExcludingAssessedTax,USD,2023-06-07,10-Q,2022-04-30,-292626000,NetIncomeLoss,USD,2023-06-07,10-Q,2022-04-30,2832665000,Assets,USD,2023-06-07,10-Q,2022-07-31,17646000,NetCashProvidedByUsedInFinancingActivities,USD,2023-06-07,10-Q,2022-04-30,82575000,NetCashProvidedByUsedInInvestingActivities,USD,2023-06-07,10-Q,2022-04-30,218774000,NetCashProvidedByUsedInOperatingActivities,USD,2023-06-07,10-Q,2022-04-30,through_ocf,True,,,-0.378614,0.283061,3.665044,0.022831,0.10684
2023Q3,2023-08-08,ZTS,1555280,Zoetis Inc.,$2B-$10B,,4038000000,Revenues,USD,2023-08-08,10-Q,2022-06-30,1124000000,NetIncomeLoss,USD,2023-08-08,10-Q,2022-06-30,14925000000,Assets,USD,2023-08-08,10-Q,2022-12-31,-1155000000,NetCashProvidedByUsedInFinancingActivities,USD,2023-08-08,10-Q,2022-06-30,-321000000,NetCashProvidedByUsedInInvestingActivities,USD,2023-08-08,10-Q,2022-06-30,645000000,NetCashProvidedByUsedInOperatingActivities,USD,2023-08-08,10-Q,2022-06-30,through_ocf,True,,,0.278356,0.159733,3.696137,-0.286033,-0.079495
2023Q3,2023-07-24,ZWS,1439288,ZURN ELKAY WATER SOLUTIONS CORPORATION,$500M-$1B,,523800000,RevenueFromContractWithCustomerExcludingAssessedTax,USD,2023-07-24,10-Q,2022-06-30,66600000,NetIncomeLoss,USD,2023-07-24,10-Q,2022-06-30,2864000000,Assets,USD,2023-07-24,10-Q,2022-12-31,-9300000,NetCashProvidedByUsedInFinancingActivities,USD,2023-07-24,10-Q,2022-06-30,35400000,NetCashProvidedByUsedInInvestingActivities,USD,2023-07-24,10-Q,2022-06-30,-12000000,NetCashProvidedByUsedInOperatingActivities,USD,2023-07-24,10-Q,2022-06-30,through_ocf,True,,,0.127148,-0.02291,5.467736,-0.017755,0.067583
