quarter,asof_date,ticker,cik,entity_name,revenue_bucket,revenue_filter_keep_under_10b,revenue_value,revenue_fact_name,revenue_unit,revenue_filed,revenue_form,revenue_period_end,net_income_value,net_income_fact_name,net_income_unit,net_income_filed,net_income_form,net_income_period_end,assets_value,assets_fact_name,assets_unit,assets_filed,assets_form,assets_period_end,financing_cash_flow_value,financing_cash_flow_fact_name,financing_cash_flow_unit,financing_cash_flow_filed,financing_cash_flow_form,financing_cash_flow_period_end,investing_cash_flow_value,investing_cash_flow_fact_name,investing_cash_flow_unit,investing_cash_flow_filed,investing_cash_flow_form,investing_cash_flow_period_end,operating_cash_flow_value,operating_cash_flow_fact_name,operating_cash_flow_unit,operating_cash_flow_filed,operating_cash_flow_form,operating_cash_flow_period_end,universal_feature_set,universal_feature_complete,universal_feature_complete_through_eps,missing_universal_features,net_income_margin,operating_cash_flow_to_revenue,assets_to_revenue,financing_cash_flow_to_revenue,investing_cash_flow_to_revenue
2023Q1,2023-02-28,A,1090872,"AGILENT TECHNOLOGIES, INC.",$2B-$10B,,5339000000,RevenueFromContractWithCustomerExcludingAssessedTax,USD,2022-12-21,10-K,2020-10-31,719000000,NetIncomeLoss,USD,2022-12-21,10-K,2020-10-31,10705000000,Assets,USD,2022-12-21,10-K,2021-10-31,-717000000,NetCashProvidedByUsedInFinancingActivities,USD,2022-12-21,10-K,2020-10-31,-147000000,NetCashProvidedByUsedInInvestingActivities,USD,2022-12-21,10-K,2020-10-31,921000000,NetCashProvidedByUsedInOperatingActivities,USD,2022-12-21,10-K,2020-10-31,through_ocf,True,,,0.134669,0.172504,2.005057,-0.134295,-0.027533
2023Q1,2023-02-28,AAP,1158449,"Advance Auto Parts, Inc.",>$10B,,10106321000,RevenueFromContractWithCustomerExcludingAssessedTax,USD,2023-02-28,10-K,2021-01-02,493021000,NetIncomeLoss,USD,2023-02-28,10-K,2021-01-02,12194209000,Assets,USD,2023-02-28,10-K,2022-01-01,-285997000,NetCashProvidedByUsedInFinancingActivities,USD,2023-02-28,10-K,2021-01-02,-266897000,NetCashProvidedByUsedInInvestingActivities,USD,2023-02-28,10-K,2021-01-02,969688000,NetCashProvidedByUsedInOperatingActivities,USD,2023-02-28,10-K,2021-01-02,through_ocf,True,,,0.048783,0.095949,1.206592,-0.028299,-0.026409
2023Q1,2023-02-07,AAT,1500217,"AMERICAN ASSETS TRUST, INC.",$100M-$500M,,274081000,Revenues,USD,2022-10-28,10-Q,2021-09-30,1733000,ProfitLoss,USD,2022-10-28,10-Q,2021-03-31,3017927000,Assets,USD,2022-10-28,10-Q,2021-12-31,168303000,NetCashProvidedByUsedInFinancingActivities,USD,2022-10-28,10-Q,2021-09-30,-263345000,NetCashProvidedByUsedInInvestingActivities,USD,2022-10-28,10-Q,2021-09-30,129632000,NetCashProvidedByUsedInOperatingActivities,USD,2022-10-28,10-Q,2021-09-30,through_ocf,True,,,0.006323,0.47297,11.011077,0.614063,-0.960829
2023Q1,2023-02-02,ABG,1144980,"ASBURY AUTOMOTIVE GROUP, INC",$2B-$10B,,7182900000,Revenues,USD,2022-10-28,10-Q,2021-09-30,92800000,NetIncomeLoss,USD,2022-10-28,10-Q,2021-03-31,8002600000,Assets,USD,2022-10-28,10-Q,2021-12-31,-380800000,NetCashProvidedByUsedInFinancingActivities,USD,2022-10-28,10-Q,2021-09-30,-248600000,NetCashProvidedByUsedInInvestingActivities,USD,2022-10-28,10-Q,2021-09-30,958600000,NetCashProvidedByUsedInOperatingActivities,USD,2022-10-28,10-Q,2021-09-30,through_ocf,True,,,0.01292,0.133456,1.114118,-0.053015,-0.03461
2023Q1,2023-03-08,ABM,771497,ABM INDUSTRIES INCORPORATED,$1B-$2B,,1936200000,RevenueFromContractWithCustomerExcludingAssessedTax,USD,2023-03-08,10-Q,2022-01-31,76000000,NetIncomeLoss,USD,2023-03-08,10-Q,2022-01-31,4868900000,Assets,USD,2023-03-08,10-Q,2022-10-31,90300000,NetCashProvidedByUsedInFinancingActivities,USD,2023-03-08,10-Q,2022-01-31,-12400000,NetCashProvidedByUsedInInvestingActivities,USD,2023-03-08,10-Q,2022-01-31,-93600000,NetCashProvidedByUsedInOperatingActivities,USD,2023-03-08,10-Q,2022-01-31,through_ocf,True,,,0.039252,-0.048342,2.514668,0.046638,-0.006404
2023Q1,2023-02-14,ABNB,1559720,"Airbnb, Inc.",$2B-$10B,,4459564000,RevenueFromContractWithCustomerExcludingAssessedTax,USD,2022-11-03,10-Q,2021-09-30,-406535000,NetIncomeLoss,USD,2022-11-03,10-Q,2021-09-30,13708474000,Assets,USD,2022-11-03,10-Q,2021-12-31,1455727000,NetCashProvidedByUsedInFinancingActivities,USD,2022-11-03,10-Q,2021-09-30,-1022519000,NetCashProvidedByUsedInInvestingActivities,USD,2022-11-03,10-Q,2021-09-30,1930764000,NetCashProvidedByUsedInOperatingActivities,USD,2022-11-03,10-Q,2021-09-30,through_ocf,True,,,-0.09116,0.432949,3.073949,0.326428,-0.229287
2023Q1,2023-02-23,ACA,1739445,"Arcosa, Inc.",$1B-$2B,,1514600000,Revenues,USD,2022-11-03,10-Q,2021-09-30,60400000,NetIncomeLoss,USD,2022-11-03,10-Q,2021-09-30,3188100000,Assets,USD,2022-11-03,10-Q,2021-12-31,462800000,NetCashProvidedByUsedInFinancingActivities,USD,2022-11-03,10-Q,2021-09-30,-569300000,NetCashProvidedByUsedInInvestingActivities,USD,2022-11-03,10-Q,2021-09-30,76800000,NetCashProvidedByUsedInOperatingActivities,USD,2022-11-03,10-Q,2021-09-30,through_ocf,True,,,0.039879,0.050706,2.104912,0.305559,-0.375875
2023Q1,2023-02-28,ACAD,1070494,Acadia Pharmaceuticals Inc.,$100M-$500M,,106554000,Revenues,USD,2023-02-28,10-K,2021-03-31,-281584000,NetIncomeLoss,USD,2023-02-28,10-K,2020-12-31,700122000,Assets,USD,2023-02-28,10-K,2021-12-31,80996000,NetCashProvidedByUsedInFinancingActivities,USD,2023-02-28,10-K,2020-12-31,192509000,NetCashProvidedByUsedInInvestingActivities,USD,2023-02-28,10-K,2020-12-31,-136166000,NetCashProvidedByUsedInOperatingActivities,USD,2023-02-28,10-K,2020-12-31,through_ocf,True,,,-2.642641,-1.277906,6.570584,0.76014,1.80668
2023Q1,2023-02-23,ACCO,712034,ACCO Brands Corporation,$1B-$2B,,1455000000,Revenues,USD,2022-11-08,10-Q,2021-09-30,-20400000,NetIncomeLoss,USD,2022-11-08,10-Q,2021-03-31,3091300000,Assets,USD,2022-11-08,10-Q,2021-12-31,-22500000,NetCashProvidedByUsedInFinancingActivities,USD,2022-11-08,10-Q,2021-09-30,1500000,NetCashProvidedByUsedInInvestingActivities,USD,2022-11-08,10-Q,2021-09-30,44000000,NetCashProvidedByUsedInOperatingActivities,USD,2022-11-08,10-Q,2021-09-30,through_ocf,True,,,-0.014021,0.030241,2.124605,-0.015464,0.001031
2023Q1,2023-03-21,ACDC,0001881487,ProFrac Holding Corp.,$500M-$1B,,520336000,RevenueFromContractWithCustomerExcludingAssessedTax,USD,2022-11-14,10-Q,2021-09-30,51488000,NetIncomeLoss,USD,2022-11-14,10-Q,2022-09-30,664570000,Assets,USD,2022-11-14,10-Q,2021-12-31,31253000,NetCashProvidedByUsedInFinancingActivities,USD,2022-11-14,10-Q,2021-09-30,-55528000,NetCashProvidedByUsedInInvestingActivities,USD,2022-11-14,10-Q,2021-09-30,37690000,NetCashProvidedByUsedInOperatingActivities,USD,2022-11-14,10-Q,2021-09-30,through_ocf,True,,,0.098951,0.072434,1.277194,0.060063,-0.106716
2023Q1,2023-02-13,ACGL,947484,Arch Capital Group Ltd.,$2B-$10B,,6936994000,Revenues,USD,2022-11-03,10-Q,2021-09-30,1533584000,NetIncomeLoss,USD,2022-11-03,10-Q,2021-09-30,45100945000,Assets,USD,2022-11-03,10-Q,2021-12-31,-881879000,NetCashProvidedByUsedInFinancingActivities,USD,2022-11-03,10-Q,2021-09-30,-1453284000,NetCashProvidedByUsedInInvestingActivities,USD,2022-11-03,10-Q,2021-09-30,2627551000,NetCashProvidedByUsedInOperatingActivities,USD,2022-11-03,10-Q,2021-09-30,through_ocf,True,,,0.221073,0.378774,6.501511,-0.127127,-0.209498
2023Q1,2023-02-28,ACH,75252,"Accendra Health, Inc.",$2B-$10B,,8480177000,RevenueFromContractWithCustomerExcludingAssessedTax,USD,2023-02-28,10-K,2020-12-31,29871000,NetIncomeLoss,USD,2023-02-28,10-K,2020-12-31,3536551000,Assets,USD,2023-02-28,10-K,2021-12-31,-379386000,NetCashProvidedByUsedInFinancingActivities,USD,2023-02-28,10-K,2020-12-31,80073000,NetCashProvidedByUsedInInvestingActivities,USD,2023-02-28,10-K,2020-12-31,339223000,NetCashProvidedByUsedInOperatingActivities,USD,2023-02-28,10-K,2020-12-31,through_ocf,True,,,0.003522,0.040002,0.417037,-0.044738,0.009442
2023Q1,2023-03-01,ACIW,935036,"ACI WORLDWIDE, INC.",$1B-$2B,,1294322000,RevenueFromContractWithCustomerExcludingAssessedTax,USD,2023-03-01,10-K,2020-12-31,72660000,NetIncomeLoss,USD,2023-03-01,10-K,2020-12-31,3158741000,Assets,USD,2023-03-01,10-K,2021-12-31,-159889000,NetCashProvidedByUsedInFinancingActivities,USD,2023-03-01,10-K,2020-12-31,-30699000,NetCashProvidedByUsedInInvestingActivities,USD,2023-03-01,10-K,2020-12-31,314895000,NetCashProvidedByUsedInOperatingActivities,USD,2023-03-01,10-K,2020-12-31,through_ocf,True,,,0.056137,0.24329,2.44046,-0.123531,-0.023718
2023Q1,2023-02-08,ACLS,1113232,AXCELIS TECHNOLOGIES INC,$100M-$500M,,456744000,Revenues,USD,2022-11-03,10-Q,2021-09-30,62901000,ProfitLoss,USD,2022-11-03,10-Q,2021-09-30,753240000,Assets,USD,2022-11-03,10-Q,2021-12-31,-40670000,NetCashProvidedByUsedInFinancingActivities,USD,2022-11-03,10-Q,2021-09-30,-5701000,NetCashProvidedByUsedInInvestingActivities,USD,2022-11-03,10-Q,2021-09-30,112081000,NetCashProvidedByUsedInOperatingActivities,USD,2022-11-03,10-Q,2021-09-30,through_ocf,True,,,0.137716,0.245391,1.649151,-0.089043,-0.012482
2023Q1,2023-02-06,ACT,1823529,"Enact Holdings, Inc.",$500M-$1B,,845013000,Revenues,USD,2022-11-03,10-Q,2021-09-30,255943000,NetIncomeLoss,USD,2022-08-04,10-Q,2021-06-30,5865773000,Assets,USD,2022-11-03,10-Q,2021-12-31,0,NetCashProvidedByUsedInFinancingActivities,USD,2022-11-03,10-Q,2021-09-30,-412294000,NetCashProvidedByUsedInInvestingActivities,USD,2022-11-03,10-Q,2021-09-30,411082000,NetCashProvidedByUsedInOperatingActivities,USD,2022-11-03,10-Q,2021-09-30,through_ocf,True,,,0.302886,0.48648,6.941636,0.0,-0.487914
2023Q1,2023-02-22,ACVA,1637873,ACV Auctions Inc.,$100M-$500M,,258258000,Revenues,USD,2022-11-09,10-Q,2021-09-30,-51870000,NetIncomeLoss,USD,2022-11-09,10-Q,2021-09-30,982960000,Assets,USD,2022-11-09,10-Q,2021-12-31,377155000,NetCashProvidedByUsedInFinancingActivities,USD,2022-11-09,10-Q,2021-09-30,-97646000,NetCashProvidedByUsedInInvestingActivities,USD,2022-11-09,10-Q,2021-09-30,88417000,NetCashProvidedByUsedInOperatingActivities,USD,2022-11-09,10-Q,2021-09-30,through_ocf,True,,,-0.200846,0.342359,3.806116,1.460381,-0.378095
2023Q1,2023-03-15,ADBE,796343,ADOBE INC.,>$10B,,12868000000,Revenues,USD,2023-01-17,10-K,2020-11-27,5260000000,NetIncomeLoss,USD,2023-01-17,10-K,2020-11-27,27241000000,Assets,USD,2023-01-17,10-K,2021-12-03,-3488000000,NetCashProvidedByUsedInFinancingActivities,USD,2023-01-17,10-K,2020-11-27,-414000000,NetCashProvidedByUsedInInvestingActivities,USD,2023-01-17,10-K,2020-11-27,5727000000,NetCashProvidedByUsedInOperatingActivities,USD,2023-01-17,10-K,2020-11-27,through_ocf,True,,,0.408766,0.445058,2.116957,-0.27106,-0.032173
2023Q1,2023-02-22,ADEA,1803696,ADEIA INC.,$500M-$1B,,663247000,Revenues,USD,2022-11-09,10-Q,2021-09-30,-40898000,NetIncomeLoss,USD,2022-11-09,10-Q,2021-09-30,2470022000,Assets,USD,2022-11-09,10-Q,2021-12-31,-157914000,NetCashProvidedByUsedInFinancingActivities,USD,2022-11-09,10-Q,2021-09-30,-11560000,NetCashProvidedByUsedInInvestingActivities,USD,2022-11-09,10-Q,2021-09-30,165913000,NetCashProvidedByUsedInOperatingActivities,USD,2022-11-09,10-Q,2021-09-30,through_ocf,True,,,-0.061663,0.250153,3.724136,-0.238092,-0.017429
2023Q1,2023-02-15,ADI,6281,"Analog Devices, Inc.",$2B-$10B,,2684293000,RevenueFromContractWithCustomerExcludingAssessedTax,USD,2023-02-15,10-Q,2022-01-29,280077000,NetIncomeLoss,USD,2023-02-15,10-Q,2022-01-29,50302350000,Assets,USD,2023-02-15,10-Q,2022-10-29,-937268000,NetCashProvidedByUsedInFinancingActivities,USD,2023-02-15,10-Q,2022-01-29,-103309000,NetCashProvidedByUsedInInvestingActivities,USD,2023-02-15,10-Q,2022-01-29,856413000,NetCashProvidedByUsedInOperatingActivities,USD,2023-02-15,10-Q,2022-01-29,through_ocf,True,,,0.104339,0.319046,18.739515,-0.349168,-0.038486
2023Q1,2023-02-07,ADNT,1670541,ADIENT PLC,$2B-$10B,,3480000000,RevenueFromContractWithCustomerExcludingAssessedTax,USD,2023-02-07,10-Q,2021-12-31,-54000000,NetIncomeLoss,USD,2023-02-07,10-Q,2021-12-31,9158000000,Assets,USD,2023-02-07,10-Q,2022-09-30,-79000000,NetCashProvidedByUsedInFinancingActivities,USD,2023-02-07,10-Q,2021-12-31,652000000,NetCashProvidedByUsedInInvestingActivities,USD,2023-02-07,10-Q,2021-12-31,-14000000,NetCashProvidedByUsedInOperatingActivities,USD,2023-02-07,10-Q,2021-12-31,through_ocf,True,,,-0.015517,-0.004023,2.631609,-0.022701,0.187356
2023Q1,2023-02-23,ADSK,769397,"AUTODESK, INC.",$2B-$10B,,3175000000,RevenueFromContractWithCustomerExcludingAssessedTax,USD,2022-12-06,10-Q,2021-10-31,156000000,NetIncomeLoss,USD,2022-12-06,10-Q,2021-04-30,8607000000,Assets,USD,2022-12-06,10-Q,2022-01-31,473000000,NetCashProvidedByUsedInFinancingActivities,USD,2022-12-06,10-Q,2021-10-31,-1299000000,NetCashProvidedByUsedInInvestingActivities,USD,2022-12-06,10-Q,2021-10-31,809000000,NetCashProvidedByUsedInOperatingActivities,USD,2022-12-06,10-Q,2021-10-31,through_ocf,True,,,0.049134,0.254803,2.710866,0.148976,-0.409134
2023Q1,2023-02-21,ADTN,926282,"ADTRAN Holdings, Inc.",$100M-$500M,,408846000,RevenueFromContractWithCustomerExcludingAssessedTax,USD,2022-11-09,10-Q,2021-09-30,-4445000,NetIncomeLoss,USD,2022-11-09,10-Q,2021-09-30,569017000,Assets,USD,2022-11-09,10-Q,2021-12-31,-7126000,NetCashProvidedByUsedInFinancingActivities,USD,2022-11-09,10-Q,2021-09-30,-3620000,NetCashProvidedByUsedInInvestingActivities,USD,2022-11-09,10-Q,2021-09-30,28891000,NetCashProvidedByUsedInOperatingActivities,USD,2022-11-09,10-Q,2021-09-30,through_ocf,True,,,-0.010872,0.070665,1.391764,-0.01743,-0.008854
2023Q1,2023-02-27,ADUS,1468328,Addus HomeCare Corp,$500M-$1B,,639857000,RevenueFromContractWithCustomerExcludingAssessedTax,USD,2022-11-01,10-Q,2021-09-30,32068000,NetIncomeLoss,USD,2022-11-01,10-Q,2021-09-30,947585000,Assets,USD,2022-11-01,10-Q,2021-12-31,25447000,NetCashProvidedByUsedInFinancingActivities,USD,2022-11-01,10-Q,2021-09-30,-32433000,NetCashProvidedByUsedInInvestingActivities,USD,2022-11-01,10-Q,2021-09-30,14287000,NetCashProvidedByUsedInOperatingActivities,USD,2022-11-01,10-Q,2021-09-30,through_ocf,True,,,0.050117,0.022328,1.480932,0.03977,-0.050688
2023Q1,2023-03-01,ADV,1776661,Advantage Solutions Inc.,$2B-$10B,,3155671000,Revenues,USD,2023-03-01,10-K,2020-12-31,-175806000,NetIncomeLoss,USD,2023-03-01,10-K,2020-12-31,5854268000,Assets,USD,2023-03-01,10-K,2021-12-31,-230152000,NetCashProvidedByUsedInFinancingActivities,USD,2023-03-01,10-K,2020-12-31,-99003000,NetCashProvidedByUsedInInvestingActivities,USD,2023-03-01,10-K,2020-12-31,345730000,NetCashProvidedByUsedInOperatingActivities,USD,2023-03-01,10-K,2020-12-31,through_ocf,True,,,-0.055711,0.109558,1.855158,-0.072933,-0.031373
2023Q1,2023-02-15,AEE,1002910,AMEREN CORPORATION,$2B-$10B,,4849000000,Revenues,USD,2022-11-04,10-Q,2021-09-30,869000000,ProfitLoss,USD,2022-11-04,10-Q,2021-09-30,35735000000,Assets,USD,2022-11-04,10-Q,2021-12-31,1298000000,NetCashProvidedByUsedInFinancingActivities,USD,2022-11-04,10-Q,2021-09-30,-2646000000,NetCashProvidedByUsedInInvestingActivities,USD,2022-11-04,10-Q,2021-09-30,1192000000,NetCashProvidedByUsedInOperatingActivities,USD,2022-11-04,10-Q,2021-09-30,through_ocf,True,,,0.179212,0.245824,7.369561,0.267684,-0.54568
2023Q1,2023-02-08,AEIS,927003,ADVANCED ENERGY INDUSTRIES INC,$1B-$2B,,1059024000,RevenueFromContractWithCustomerExcludingAssessedTax,USD,2022-11-01,10-Q,2021-09-30,95081000,NetIncomeLoss,USD,2022-11-01,10-Q,2021-09-30,1817340000,Assets,USD,2022-11-01,10-Q,2021-12-31,3554000,NetCashProvidedByUsedInFinancingActivities,USD,2022-11-01,10-Q,2021-09-30,-39121000,NetCashProvidedByUsedInInvestingActivities,USD,2022-11-01,10-Q,2021-09-30,105887000,NetCashProvidedByUsedInOperatingActivities,USD,2022-11-01,10-Q,2021-09-30,through_ocf,True,,,0.089782,0.099985,1.716052,0.003356,-0.036941
2023Q1,2023-03-01,AEO,919012,AMERICAN EAGLE OUTFITTERS INC,$2B-$10B,,3502848000,RevenueFromContractWithCustomerExcludingAssessedTax,USD,2022-11-23,10-Q,2021-10-30,369201000,NetIncomeLoss,USD,2022-11-23,10-Q,2021-10-30,3750015000,Assets,USD,2022-11-23,10-Q,2021-10-30,-94820000,NetCashProvidedByUsedInFinancingActivities,USD,2022-11-23,10-Q,2021-10-30,-148777000,NetCashProvidedByUsedInInvestingActivities,USD,2022-11-23,10-Q,2021-10-30,133701000,NetCashProvidedByUsedInOperatingActivities,USD,2022-11-23,10-Q,2021-10-30,through_ocf,True,,,0.1054,0.038169,1.070562,-0.027069,-0.042473
2023Q1,2023-02-23,AEP,4904,"AMERICAN ELECTRIC POWER COMPANY, INC.",>$10B,,14918500000,Revenues,USD,2023-02-23,10-K,2020-12-31,2196700000,ProfitLoss,USD,2023-02-23,10-K,2020-12-31,87668700000,Assets,USD,2023-02-23,10-K,2021-12-31,2406700000,NetCashProvidedByUsedInFinancingActivities,USD,2023-02-23,10-K,2020-12-31,-6233900000,NetCashProvidedByUsedInInvestingActivities,USD,2023-02-23,10-K,2020-12-31,3832900000,NetCashProvidedByUsedInOperatingActivities,USD,2023-02-23,10-K,2020-12-31,through_ocf,True,,,0.147247,0.256923,5.876509,0.161323,-0.417864
2023Q1,2023-02-27,AES,874761,AES CORP,$2B-$10B,,8371000000,Revenues,USD,2022-11-04,10-Q,2021-09-30,223000000,NetIncomeLoss,USD,2022-11-04,10-Q,2021-09-30,32963000000,Assets,USD,2022-11-04,10-Q,2021-12-31,521000000,NetCashProvidedByUsedInFinancingActivities,USD,2022-11-04,10-Q,2021-09-30,-1728000000,NetCashProvidedByUsedInInvestingActivities,USD,2022-11-04,10-Q,2021-09-30,1379000000,NetCashProvidedByUsedInOperatingActivities,USD,2022-11-04,10-Q,2021-09-30,through_ocf,True,,,0.02664,0.164735,3.937761,0.062239,-0.206427
2023Q1,2023-02-01,AFL,4977,AFLAC INC,>$10B,,16670000000,Revenues,USD,2022-11-02,10-Q,2021-09-30,1293000000,NetIncomeLoss,USD,2022-11-02,10-Q,2021-03-31,157542000000,Assets,USD,2022-11-02,10-Q,2021-12-31,-1897000000,NetCashProvidedByUsedInFinancingActivities,USD,2022-11-02,10-Q,2021-09-30,-1171000000,NetCashProvidedByUsedInInvestingActivities,USD,2022-11-02,10-Q,2021-09-30,4181000000,NetCashProvidedByUsedInOperatingActivities,USD,2022-11-02,10-Q,2021-09-30,through_ocf,True,,,0.077564,0.25081,9.45063,-0.113797,-0.070246
2023Q1,2023-02-08,AFRM,1820953,"Affirm Holdings, Inc.",$500M-$1B,,630396000,Revenues,USD,2023-02-08,10-Q,2021-12-31,-306615000,NetIncomeLoss,USD,2023-02-08,10-Q,2021-09-30,6973792000,Assets,USD,2023-02-08,10-Q,2022-06-30,2010213000,NetCashProvidedByUsedInFinancingActivities,USD,2023-02-08,10-Q,2021-12-31,-819573000,NetCashProvidedByUsedInInvestingActivities,USD,2023-02-08,10-Q,2021-12-31,-75104000,NetCashProvidedByUsedInOperatingActivities,USD,2023-02-08,10-Q,2021-12-31,through_ocf,True,,,-0.486385,-0.119138,11.062558,3.18881,-1.300092
2023Q1,2023-01-24,AGYS,78749,"AGILYSYS, INC.",<$100M,,76617000,RevenueFromContractWithCustomerExcludingAssessedTax,USD,2022-10-28,10-Q,2021-09-30,2954000,NetIncomeLoss,USD,2022-10-28,10-Q,2021-09-30,214162000,Assets,USD,2022-10-28,10-Q,2022-03-31,-3638000,NetCashProvidedByUsedInFinancingActivities,USD,2022-10-28,10-Q,2021-09-30,-788000,NetCashProvidedByUsedInInvestingActivities,USD,2022-10-28,10-Q,2021-09-30,11673000,NetCashProvidedByUsedInOperatingActivities,USD,2022-10-28,10-Q,2021-09-30,through_ocf,True,,,0.038555,0.152355,2.795228,-0.047483,-0.010285
2023Q1,2023-01-11,AHCO,1725255,AdaptHealth Corp.,$1B-$2B,,1752429000,RevenueFromContractWithCustomerExcludingAssessedTax,USD,2022-11-08,10-Q,2021-09-30,133233000,NetIncomeLoss,USD,2022-11-08,10-Q,2021-09-30,5250484000,Assets,USD,2022-11-08,10-Q,2021-12-31,1620449000,NetCashProvidedByUsedInFinancingActivities,USD,2022-11-08,10-Q,2021-09-30,-1558507000,NetCashProvidedByUsedInInvestingActivities,USD,2022-11-08,10-Q,2021-09-30,174750000,NetCashProvidedByUsedInOperatingActivities,USD,2022-11-08,10-Q,2021-09-30,through_ocf,True,,,0.076028,0.099719,2.996118,0.924687,-0.889341
2023Q1,2023-02-14,AHRT,1569187,"AH REALTY TRUST, INC.",$100M-$500M,,214152000,Revenues,USD,2022-11-09,10-Q,2021-09-30,18735000,NetIncomeLoss,USD,2022-11-09,10-Q,2021-09-30,1938063000,Assets,USD,2022-11-09,10-Q,2021-12-31,15154000,NetCashProvidedByUsedInFinancingActivities,USD,2022-11-09,10-Q,2021-09-30,-101353000,NetCashProvidedByUsedInInvestingActivities,USD,2022-11-09,10-Q,2021-09-30,69222000,NetCashProvidedByUsedInOperatingActivities,USD,2022-11-09,10-Q,2021-09-30,through_ocf,True,,,0.087485,0.323238,9.049941,0.070763,-0.473276
2023Q1,2023-03-02,AI,1577526,"C3.AI, INC.",$100M-$500M,,110669000,RevenueFromContractWithCustomerExcludingAssessedTax,USD,2022-12-08,10-Q,2021-10-31,-94198000,NetIncomeLoss,USD,2022-12-08,10-Q,2021-10-31,1170882000,Assets,USD,2022-12-08,10-Q,2022-04-30,11200000,NetCashProvidedByUsedInFinancingActivities,USD,2022-12-08,10-Q,2021-10-31,70849000,NetCashProvidedByUsedInInvestingActivities,USD,2022-12-08,10-Q,2021-10-31,-17876000,NetCashProvidedByUsedInOperatingActivities,USD,2022-12-08,10-Q,2021-10-31,through_ocf,True,,,-0.851169,-0.161527,10.580036,0.101203,0.640188
2023Q1,2023-03-09,AIOT,1774170,"POWERFLEET, INC.",<$100M,,91785000,RevenueFromContractWithCustomerExcludingAssessedTax,USD,2022-11-09,10-Q,2021-09-30,-6569000,NetIncomeLoss,USD,2022-11-09,10-Q,2021-09-30,229867000,Assets,USD,2022-11-09,10-Q,2021-12-31,19664000,NetCashProvidedByUsedInFinancingActivities,USD,2022-11-09,10-Q,2021-09-30,-2534000,NetCashProvidedByUsedInInvestingActivities,USD,2022-11-09,10-Q,2021-09-30,-1247000,NetCashProvidedByUsedInOperatingActivities,USD,2022-11-09,10-Q,2021-09-30,through_ocf,True,,,-0.071569,-0.013586,2.504407,0.21424,-0.027608
2023Q1,2023-01-26,AJG,354190,ARTHUR J. GALLAGHER & CO.,$2B-$10B,,6236700000,RevenueFromContractWithCustomerExcludingAssessedTax,USD,2022-11-02,10-Q,2021-09-30,797400000,NetIncomeLoss,USD,2022-11-02,10-Q,2021-09-30,26915800000,Assets,USD,2022-11-02,10-Q,2021-09-30,2001600000,NetCashProvidedByUsedInFinancingActivities,USD,2022-11-02,10-Q,2021-09-30,-790800000,NetCashProvidedByUsedInInvestingActivities,USD,2022-11-02,10-Q,2021-09-30,1210300000,NetCashProvidedByUsedInOperatingActivities,USD,2022-11-02,10-Q,2021-09-30,through_ocf,True,,,0.127856,0.194061,4.315712,0.320939,-0.126798
2023Q1,2023-02-14,AKAM,1086222,"Akamai Technologies, Inc.",$500M-$1B,,600293000,Revenues,USD,2018-05-09,10-Q,2017-03-31,491108000,NetIncomeLoss,USD,2022-11-08,10-Q,2021-09-30,8138673000,Assets,USD,2022-11-08,10-Q,2021-12-31,-292778000,NetCashProvidedByUsedInFinancingActivities,USD,2022-11-08,10-Q,2021-09-30,197055000,NetCashProvidedByUsedInInvestingActivities,USD,2022-11-08,10-Q,2021-09-30,1017663000,NetCashProvidedByUsedInOperatingActivities,USD,2022-11-08,10-Q,2021-09-30,through_ocf,True,,,0.818114,1.695277,13.557834,-0.487725,0.328265
2023Q1,2023-01-24,ALB,915913,ALBEMARLE CORPORATION,$2B-$10B,,2433753000,Revenues,USD,2022-11-02,10-Q,2021-09-30,127496000,NetIncomeLoss,USD,2022-11-02,10-Q,2021-09-30,10974118000,Assets,USD,2022-11-02,10-Q,2021-12-31,-258437000,NetCashProvidedByUsedInFinancingActivities,USD,2022-11-02,10-Q,2021-09-30,-358827000,NetCashProvidedByUsedInInvestingActivities,USD,2022-11-02,10-Q,2021-09-30,490586000,NetCashProvidedByUsedInOperatingActivities,USD,2022-11-02,10-Q,2021-09-30,through_ocf,True,,,0.052387,0.201576,4.509134,-0.106189,-0.147438
2023Q1,2023-02-23,ALG,897077,ALAMO GROUP INC.,$1B-$2B,,1163466000,Revenues,USD,2023-02-23,10-K,2020-12-31,57804000,NetIncomeLoss,USD,2023-02-23,10-K,2020-12-31,1205742000,Assets,USD,2023-02-23,10-K,2021-12-31,-164242000,NetCashProvidedByUsedInFinancingActivities,USD,2023-02-23,10-K,2020-12-31,-14171000,NetCashProvidedByUsedInInvestingActivities,USD,2023-02-23,10-K,2020-12-31,184333000,NetCashProvidedByUsedInOperatingActivities,USD,2023-02-23,10-K,2020-12-31,through_ocf,True,,,0.049683,0.158434,1.036336,-0.141166,-0.01218
2023Q1,2023-01-31,ALGM,866291,"ALLEGRO MICROSYSTEMS, INC.",$100M-$500M,,381752000,RevenueFromContractWithCustomerExcludingAssessedTax,USD,2022-10-31,10-Q,2021-09-24,60855000,NetIncomeLoss,USD,2022-10-31,10-Q,2021-09-24,892620000,Assets,USD,2022-10-31,10-Q,2022-03-25,1291000,NetCashProvidedByUsedInFinancingActivities,USD,2022-10-31,10-Q,2021-09-24,-23297000,NetCashProvidedByUsedInInvestingActivities,USD,2022-10-31,10-Q,2021-09-24,69876000,NetCashProvidedByUsedInOperatingActivities,USD,2022-10-31,10-Q,2021-09-24,through_ocf,True,,,0.15941,0.18304,2.33822,0.003382,-0.061027
2023Q1,2023-02-01,ALGN,1097149,"ALIGN TECHNOLOGY, INC.",$2B-$10B,,2921485000,RevenueFromContractWithCustomerExcludingAssessedTax,USD,2022-11-04,10-Q,2021-09-30,581059000,NetIncomeLoss,USD,2022-11-04,10-Q,2021-09-30,5942110000,Assets,USD,2022-11-04,10-Q,2021-12-31,-356759000,NetCashProvidedByUsedInFinancingActivities,USD,2022-11-04,10-Q,2021-09-30,-255719000,NetCashProvidedByUsedInInvestingActivities,USD,2022-11-04,10-Q,2021-09-30,899695000,NetCashProvidedByUsedInOperatingActivities,USD,2022-11-04,10-Q,2021-09-30,through_ocf,True,,,0.198892,0.307958,2.033935,-0.122116,-0.08753
2023Q1,2023-02-01,ALGT,1362468,Allegiant Travel Co,$1B-$2B,,1211026000,Revenues,USD,2022-11-03,10-Q,2021-09-30,141150000,NetIncomeLoss,USD,2022-11-03,10-Q,2021-09-30,3991073000,Assets,USD,2022-11-03,10-Q,2021-12-31,205383000,NetCashProvidedByUsedInFinancingActivities,USD,2022-11-03,10-Q,2021-09-30,-513333000,NetCashProvidedByUsedInInvestingActivities,USD,2022-11-03,10-Q,2021-09-30,373595000,NetCashProvidedByUsedInOperatingActivities,USD,2022-11-03,10-Q,2021-09-30,through_ocf,True,,,0.116554,0.308495,3.295613,0.169594,-0.423883
2023Q1,2023-02-16,ALKS,1520262,Alkermes plc.,$1B-$2B,,1038756000,RevenueFromContractWithCustomerExcludingAssessedTax,USD,2023-02-16,10-K,2020-12-31,-110861000,NetIncomeLoss,USD,2023-02-16,10-K,2020-12-31,2024484000,Assets,USD,2023-02-16,10-K,2021-12-31,-2171000,NetCashProvidedByUsedInFinancingActivities,USD,2023-02-16,10-K,2020-12-31,-11481000,NetCashProvidedByUsedInInvestingActivities,USD,2023-02-16,10-K,2020-12-31,82842000,NetCashProvidedByUsedInOperatingActivities,USD,2023-02-16,10-K,2020-12-31,through_ocf,True,,,-0.106725,0.079751,1.94895,-0.00209,-0.011053
2023Q1,2023-02-22,ALLE,1579241,Allegion plc,$2B-$10B,,2719900000,RevenueFromContractWithCustomerExcludingAssessedTax,USD,2023-02-22,10-K,2020-12-31,314300000,NetIncomeLoss,USD,2023-02-22,10-K,2020-12-31,3069400000,Assets,USD,2023-02-22,10-K,2020-12-31,-321900000,NetCashProvidedByUsedInFinancingActivities,USD,2023-02-22,10-K,2020-12-31,-56700000,NetCashProvidedByUsedInInvestingActivities,USD,2023-02-22,10-K,2020-12-31,490300000,NetCashProvidedByUsedInOperatingActivities,USD,2023-02-22,10-K,2020-12-31,through_ocf,True,,,0.115556,0.180264,1.128497,-0.11835,-0.020846
2023Q1,2023-02-23,ALRM,1459200,"ALARM.COM HOLDINGS, INC.",$500M-$1B,,553679000,RevenueFromContractWithCustomerExcludingAssessedTax,USD,2022-11-09,10-Q,2021-09-30,14830000,NetIncomeLoss,USD,2022-11-09,10-Q,2021-03-31,1232015000,Assets,USD,2022-11-09,10-Q,2021-12-31,377551000,NetCashProvidedByUsedInFinancingActivities,USD,2022-11-09,10-Q,2021-09-30,-13897000,NetCashProvidedByUsedInInvestingActivities,USD,2022-11-09,10-Q,2021-09-30,83194000,NetCashProvidedByUsedInOperatingActivities,USD,2022-11-09,10-Q,2021-09-30,through_ocf,True,,,0.026784,0.150257,2.225143,0.681895,-0.025099
2023Q1,2023-03-09,ALTG,1759824,ALTA EQUIPMENT GROUP INC.,$500M-$1B,,873600000,RevenueFromContractWithCustomerExcludingAssessedTax,USD,2023-03-09,10-K,2020-12-31,-24000000,NetIncomeLoss,USD,2023-03-09,10-K,2020-12-31,982600000,Assets,USD,2023-03-09,10-K,2021-12-31,264100000,NetCashProvidedByUsedInFinancingActivities,USD,2023-03-09,10-K,2020-12-31,-227900000,NetCashProvidedByUsedInInvestingActivities,USD,2023-03-09,10-K,2020-12-31,-35000000,NetCashProvidedByUsedInOperatingActivities,USD,2023-03-09,10-K,2020-12-31,through_ocf,True,,,-0.027473,-0.040064,1.124771,0.302312,-0.260875
2023Q1,2023-02-28,AMC,1411579,"AMC ENTERTAINMENT HOLDINGS, INC.",$1B-$2B,,1242400000,Revenues,USD,2023-02-28,10-K,2020-12-31,-4589100000,NetIncomeLoss,USD,2023-02-28,10-K,2020-12-31,10821500000,Assets,USD,2023-02-28,10-K,2021-12-31,1330300000,NetCashProvidedByUsedInFinancingActivities,USD,2023-02-28,10-K,2020-12-31,-154600000,NetCashProvidedByUsedInInvestingActivities,USD,2023-02-28,10-K,2020-12-31,-1129500000,NetCashProvidedByUsedInOperatingActivities,USD,2023-02-28,10-K,2020-12-31,through_ocf,True,,,-3.693738,-0.909127,8.710158,1.07075,-0.124437
2023Q1,2023-02-17,AMCX,1514991,AMC Networks Inc.,$2B-$10B,,2814956000,RevenueFromContractWithCustomerExcludingAssessedTax,USD,2023-02-17,10-K,2020-12-31,239979000,NetIncomeLoss,USD,2023-02-17,10-K,2020-12-31,5748946000,Assets,USD,2023-02-17,10-K,2021-12-31,-647998000,NetCashProvidedByUsedInFinancingActivities,USD,2023-02-17,10-K,2020-12-31,-35163000,NetCashProvidedByUsedInInvestingActivities,USD,2023-02-17,10-K,2020-12-31,748736000,NetCashProvidedByUsedInOperatingActivities,USD,2023-02-17,10-K,2020-12-31,through_ocf,True,,,0.085251,0.265985,2.042286,-0.230198,-0.012491
2023Q1,2023-01-31,AMD,2488,"ADVANCED MICRO DEVICES, INC.",>$10B,,11608000000,RevenueFromContractWithCustomerExcludingAssessedTax,USD,2022-11-02,10-Q,2021-09-25,2188000000,NetIncomeLoss,USD,2022-11-02,10-Q,2021-09-25,12419000000,Assets,USD,2022-11-02,10-Q,2021-12-25,-1168000000,NetCashProvidedByUsedInFinancingActivities,USD,2022-11-02,10-Q,2021-09-25,-686000000,NetCashProvidedByUsedInInvestingActivities,USD,2022-11-02,10-Q,2021-09-25,2699000000,NetCashProvidedByUsedInOperatingActivities,USD,2022-11-02,10-Q,2021-09-25,through_ocf,True,,,0.188491,0.232512,1.069866,-0.10062,-0.059097
2023Q1,2023-02-02,AME,1037868,"AMETEK, Inc.",$2B-$10B,,4042769000,RevenueFromContractWithCustomerExcludingAssessedTax,USD,2022-11-01,10-Q,2021-09-30,708372000,NetIncomeLoss,USD,2022-11-01,10-Q,2021-09-30,11898187000,Assets,USD,2022-11-01,10-Q,2021-12-31,171201000,NetCashProvidedByUsedInFinancingActivities,USD,2022-11-01,10-Q,2021-09-30,-1895184000,NetCashProvidedByUsedInInvestingActivities,USD,2022-11-01,10-Q,2021-09-30,878560000,NetCashProvidedByUsedInOperatingActivities,USD,2022-11-01,10-Q,2021-09-30,through_ocf,True,,,0.17522,0.217316,2.943079,0.042347,-0.468784
2023Q1,2023-01-31,AMGN,318154,AMGEN INC.,>$10B,,19133000000,RevenueFromContractWithCustomerExcludingAssessedTax,USD,2022-11-04,10-Q,2021-09-30,1646000000,NetIncomeLoss,USD,2022-11-04,10-Q,2021-03-31,61165000000,Assets,USD,2022-11-04,10-Q,2021-12-31,-1713000000,NetCashProvidedByUsedInFinancingActivities,USD,2022-11-04,10-Q,2021-09-30,963000000,NetCashProvidedByUsedInInvestingActivities,USD,2022-11-04,10-Q,2021-09-30,6453000000,NetCashProvidedByUsedInOperatingActivities,USD,2022-11-04,10-Q,2021-09-30,through_ocf,True,,,0.086029,0.337271,3.196833,-0.089531,0.050332
2023Q1,2023-02-16,AMN,1142750,"AMN HEALTHCARE SERVICES, INC.",$2B-$10B,,2621190000,RevenueFromContractWithCustomerExcludingAssessedTax,USD,2022-11-04,10-Q,2021-09-30,211171000,NetIncomeLoss,USD,2022-11-04,10-Q,2021-09-30,3131906000,Assets,USD,2022-11-04,10-Q,2021-12-31,-31230000,NetCashProvidedByUsedInFinancingActivities,USD,2022-11-04,10-Q,2021-09-30,-79017000,NetCashProvidedByUsedInInvestingActivities,USD,2022-11-04,10-Q,2021-09-30,227371000,NetCashProvidedByUsedInOperatingActivities,USD,2022-11-04,10-Q,2021-09-30,through_ocf,True,,,0.080563,0.086743,1.194841,-0.011914,-0.030145
2023Q1,2023-02-28,AMPH,1297184,"Amphastar Pharmaceuticals, Inc.",$100M-$500M,,316881000,Revenues,USD,2022-11-08,10-Q,2021-09-30,5041000,NetIncomeLoss,USD,2022-11-08,10-Q,2021-03-31,671529000,Assets,USD,2022-11-08,10-Q,2021-12-31,-28322000,NetCashProvidedByUsedInFinancingActivities,USD,2022-11-08,10-Q,2021-09-30,-16718000,NetCashProvidedByUsedInInvestingActivities,USD,2022-11-08,10-Q,2021-09-30,57553000,NetCashProvidedByUsedInOperatingActivities,USD,2022-11-08,10-Q,2021-09-30,through_ocf,True,,,0.015908,0.181623,2.119184,-0.089377,-0.052758
2023Q1,2023-01-30,AMR,1704715,"ALPHA METALLURGICAL RESOURCES, INC.",$1B-$2B,,1430369000,Revenues,USD,2022-11-07,10-Q,2021-09-30,-32928000,NetIncomeLoss,USD,2022-11-07,10-Q,2021-03-31,1857712000,Assets,USD,2022-11-07,10-Q,2021-12-31,-82916000,NetCashProvidedByUsedInFinancingActivities,USD,2022-11-07,10-Q,2021-09-30,-62302000,NetCashProvidedByUsedInInvestingActivities,USD,2022-11-07,10-Q,2021-09-30,70573000,NetCashProvidedByUsedInOperatingActivities,USD,2022-11-07,10-Q,2021-09-30,through_ocf,True,,,-0.023021,0.049339,1.298764,-0.057968,-0.043557
2023Q1,2023-01-10,AMRX,1723128,"Amneal Pharmaceuticals, Inc.",$1B-$2B,,1556773000,RevenueFromContractWithCustomerExcludingAssessedTax,USD,2022-11-07,10-Q,2021-09-30,34959000,NetIncomeLoss,USD,2022-11-07,10-Q,2021-09-30,3939664000,Assets,USD,2022-11-07,10-Q,2021-12-31,-107772000,NetCashProvidedByUsedInFinancingActivities,USD,2022-11-07,10-Q,2021-09-30,-107213000,NetCashProvidedByUsedInInvestingActivities,USD,2022-11-07,10-Q,2021-09-30,178559000,NetCashProvidedByUsedInOperatingActivities,USD,2022-11-07,10-Q,2021-09-30,through_ocf,True,,,0.022456,0.114698,2.530661,-0.069228,-0.068869
2023Q1,2023-02-23,AMT,1053507,AMERICAN TOWER CORP /MA/,$2B-$10B,,8041500000,Revenues,USD,2023-02-23,10-K,2020-12-31,1691500000,ProfitLoss,USD,2023-02-23,10-K,2020-12-31,69887900000,Assets,USD,2023-02-23,10-K,2021-12-31,1215300000,NetCashProvidedByUsedInFinancingActivities,USD,2023-02-23,10-K,2020-12-31,-4784600000,NetCashProvidedByUsedInInvestingActivities,USD,2023-02-23,10-K,2020-12-31,3881400000,NetCashProvidedByUsedInOperatingActivities,USD,2023-02-23,10-K,2020-12-31,through_ocf,True,,,0.210346,0.482671,8.690903,0.151129,-0.594988
2023Q1,2023-02-28,AMWD,794619,American Woodmark Corp,$1B-$2B,,1355480000,RevenueFromContractWithCustomerExcludingAssessedTax,USD,2023-02-28,10-Q,2022-01-31,2981000,NetIncomeLoss,USD,2023-02-28,10-Q,2021-07-31,1632496000,Assets,USD,2023-02-28,10-Q,2022-04-30,-41383000,NetCashProvidedByUsedInFinancingActivities,USD,2023-02-28,10-Q,2022-01-31,-35766000,NetCashProvidedByUsedInInvestingActivities,USD,2023-02-28,10-Q,2022-01-31,-13051000,NetCashProvidedByUsedInOperatingActivities,USD,2023-02-28,10-Q,2022-01-31,through_ocf,True,,,0.002199,-0.009628,1.204367,-0.03053,-0.026386
2023Q1,2023-02-14,ANDE,821026,"Andersons, Inc.",$2B-$10B,,8829348000,Revenues,USD,2022-11-03,10-Q,2021-09-30,74344000,NetIncomeLoss,USD,2022-11-03,10-Q,2021-09-30,3708142000,Assets,USD,2022-11-03,10-Q,2021-09-30,-450647000,NetCashProvidedByUsedInFinancingActivities,USD,2022-11-03,10-Q,2021-09-30,519523000,NetCashProvidedByUsedInInvestingActivities,USD,2022-11-03,10-Q,2021-09-30,119067000,NetCashProvidedByUsedInOperatingActivities,USD,2022-11-03,10-Q,2021-09-30,through_ocf,True,,,0.00842,0.013485,0.419979,-0.05104,0.05884
2023Q1,2023-02-13,ANET,1596532,"ARISTA NETWORKS, INC.",$2B-$10B,,2123578000,RevenueFromContractWithCustomerExcludingAssessedTax,USD,2022-11-01,10-Q,2021-09-30,601559000,NetIncomeLoss,USD,2022-11-01,10-Q,2021-09-30,5734429000,Assets,USD,2022-11-01,10-Q,2021-12-31,-189980000,NetCashProvidedByUsedInFinancingActivities,USD,2022-11-01,10-Q,2021-09-30,-861363000,NetCashProvidedByUsedInInvestingActivities,USD,2022-11-01,10-Q,2021-09-30,790620000,NetCashProvidedByUsedInOperatingActivities,USD,2022-11-01,10-Q,2021-09-30,through_ocf,True,,,0.283276,0.372306,2.700362,-0.089462,-0.405619
2023Q1,2023-03-02,ANF,1018840,Abercrombie & Fitch Co.,$2B-$10B,,2551415000,Revenues,USD,2022-12-06,10-Q,2021-10-30,197501000,NetIncomeLoss,USD,2022-12-06,10-Q,2021-10-30,2939491000,Assets,USD,2022-12-06,10-Q,2022-01-29,-304358000,NetCashProvidedByUsedInFinancingActivities,USD,2022-12-06,10-Q,2021-10-30,-62223000,NetCashProvidedByUsedInInvestingActivities,USD,2022-12-06,10-Q,2021-10-30,131287000,NetCashProvidedByUsedInOperatingActivities,USD,2022-12-06,10-Q,2021-10-30,through_ocf,True,,,0.077408,0.051457,1.152102,-0.11929,-0.024388
2023Q1,2023-01-11,ANGI,1705110,Angi Inc.,$1B-$2B,,1269582000,RevenueFromContractWithCustomerExcludingAssessedTax,USD,2022-11-09,10-Q,2021-09-30,9851000,ProfitLoss,USD,2021-02-16,10-K,2019-03-31,2010141000,Assets,USD,2022-11-09,10-Q,2021-12-31,-335046000,NetCashProvidedByUsedInFinancingActivities,USD,2022-11-09,10-Q,2021-09-30,-26663000,NetCashProvidedByUsedInInvestingActivities,USD,2022-11-09,10-Q,2021-09-30,25888000,NetCashProvidedByUsedInOperatingActivities,USD,2022-11-09,10-Q,2021-09-30,through_ocf,True,,,0.007759,0.020391,1.583309,-0.263903,-0.021001
2023Q1,2023-01-05,ANGO,1275187,"AngioDynamics, Inc.",<$100M,,76971000,RevenueFromContractWithCustomerExcludingAssessedTax,USD,2022-10-11,10-Q,2021-08-31,-6972000,NetIncomeLoss,USD,2022-10-11,10-Q,2021-08-31,552751000,Assets,USD,2022-10-11,10-Q,2022-05-31,5446000,NetCashProvidedByUsedInFinancingActivities,USD,2022-10-11,10-Q,2021-08-31,-9092000,NetCashProvidedByUsedInInvestingActivities,USD,2022-10-11,10-Q,2021-08-31,-8904000,NetCashProvidedByUsedInOperatingActivities,USD,2022-10-11,10-Q,2021-08-31,through_ocf,True,,,-0.09058,-0.11568,7.181289,0.070754,-0.118122
2023Q1,2023-02-03,AON,315293,Aon plc,$2B-$10B,,9113000000,RevenueFromContractWithCustomerExcludingAssessedTax,USD,2022-10-28,10-Q,2021-09-30,392000000,NetIncomeLoss,USD,2022-10-28,10-Q,2021-09-30,31917000000,Assets,USD,2022-10-28,10-Q,2021-12-31,-594000000,NetCashProvidedByUsedInFinancingActivities,USD,2022-10-28,10-Q,2021-09-30,-116000000,NetCashProvidedByUsedInInvestingActivities,USD,2022-10-28,10-Q,2021-09-30,1251000000,NetCashProvidedByUsedInOperatingActivities,USD,2022-10-28,10-Q,2021-09-30,through_ocf,True,,,0.043015,0.137276,3.502359,-0.065182,-0.012729
2023Q1,2023-01-31,AOS,91142,A. O. Smith Corporation,$2B-$10B,,2543400000,RevenueFromContractWithCustomerExcludingAssessedTax,USD,2022-10-28,10-Q,2021-09-30,347500000,NetIncomeLoss,USD,2022-10-28,10-Q,2021-09-30,3474400000,Assets,USD,2022-10-28,10-Q,2021-12-31,-328500000,NetCashProvidedByUsedInFinancingActivities,USD,2022-10-28,10-Q,2021-09-30,-135300000,NetCashProvidedByUsedInInvestingActivities,USD,2022-10-28,10-Q,2021-09-30,376800000,NetCashProvidedByUsedInOperatingActivities,USD,2022-10-28,10-Q,2021-09-30,through_ocf,True,,,0.136628,0.148148,1.366045,-0.129158,-0.053197
2023Q1,2023-02-06,AOSL,1387467,Alpha and Omega Semiconductor Limited,$100M-$500M,,187035000,RevenueFromContractWithCustomerExcludingAssessedTax,USD,2022-11-07,10-Q,2021-09-30,23424000,NetIncomeLoss,USD,2022-11-07,10-Q,2021-09-30,1298629000,Assets,USD,2022-11-07,10-Q,2022-06-30,-6535000,NetCashProvidedByUsedInFinancingActivities,USD,2022-11-07,10-Q,2021-09-30,-23911000,NetCashProvidedByUsedInInvestingActivities,USD,2022-11-07,10-Q,2021-09-30,80607000,NetCashProvidedByUsedInOperatingActivities,USD,2022-11-07,10-Q,2021-09-30,through_ocf,True,,,0.125239,0.430973,6.943241,-0.03494,-0.127842
2023Q1,2023-01-31,APAM,1517302,Artisan Partners Asset Management Inc.,$500M-$1B,,912200000,Revenues,USD,2022-11-03,10-Q,2021-09-30,251898000,NetIncomeLoss,USD,2022-11-03,10-Q,2021-09-30,1208047000,Assets,USD,2022-11-03,10-Q,2021-12-31,-252195000,NetCashProvidedByUsedInFinancingActivities,USD,2022-11-03,10-Q,2021-09-30,-26136000,NetCashProvidedByUsedInInvestingActivities,USD,2022-11-03,10-Q,2021-09-30,404168000,NetCashProvidedByUsedInOperatingActivities,USD,2022-11-03,10-Q,2021-09-30,through_ocf,True,,,0.276143,0.44307,1.324323,-0.276469,-0.028652
2023Q1,2023-02-02,APD,2969,"AIR PRODUCTS AND CHEMICALS, INC.",$2B-$10B,,2994200000,Revenues,USD,2023-02-02,10-Q,2021-12-31,560400000,NetIncomeLoss,USD,2023-02-02,10-Q,2021-12-31,27192600000,Assets,USD,2023-02-02,10-Q,2022-09-30,-585100000,NetCashProvidedByUsedInFinancingActivities,USD,2023-02-02,10-Q,2021-12-31,-1719100000,NetCashProvidedByUsedInInvestingActivities,USD,2023-02-02,10-Q,2021-12-31,785200000,NetCashProvidedByUsedInOperatingActivities,USD,2023-02-02,10-Q,2021-12-31,through_ocf,True,,,0.187162,0.26224,9.081758,-0.195411,-0.574143
2023Q1,2023-03-14,APEI,1201792,"AMERICAN PUBLIC EDUCATION, INC.",$100M-$500M,,321785000,RevenueFromContractWithCustomerExcludingAssessedTax,USD,2023-03-14,10-K,2020-12-31,18822000,NetIncomeLoss,USD,2023-03-14,10-K,2020-12-31,725608000,Assets,USD,2023-03-14,10-K,2021-12-31,-15705000,NetCashProvidedByUsedInFinancingActivities,USD,2023-03-14,10-K,2020-12-31,-4159000,NetCashProvidedByUsedInInvestingActivities,USD,2023-03-14,10-K,2020-12-31,44810000,NetCashProvidedByUsedInOperatingActivities,USD,2023-03-14,10-K,2020-12-31,through_ocf,True,,,0.058492,0.139254,2.254947,-0.048806,-0.012925
2023Q1,2023-01-25,APH,820313,AMPHENOL CORPORATION,$2B-$10B,,7849500000,RevenueFromContractWithCustomerExcludingAssessedTax,USD,2022-10-28,10-Q,2021-09-30,1125800000,NetIncomeLoss,USD,2022-10-28,10-Q,2021-09-30,14678400000,Assets,USD,2022-10-28,10-Q,2021-12-31,438300000,NetCashProvidedByUsedInFinancingActivities,USD,2022-10-28,10-Q,2021-09-30,-1814700000,NetCashProvidedByUsedInInvestingActivities,USD,2022-10-28,10-Q,2021-09-30,1069500000,NetCashProvidedByUsedInOperatingActivities,USD,2022-10-28,10-Q,2021-09-30,through_ocf,True,,,0.143423,0.136251,1.869979,0.055838,-0.231187
2023Q1,2023-02-21,APLE,1418121,"APPLE HOSPITALITY REIT, INC.",$500M-$1B,,601879000,RevenueFromContractWithCustomerExcludingAssessedTax,USD,2023-02-21,10-K,2020-12-31,-173207000,NetIncomeLoss,USD,2023-02-21,10-K,2020-12-31,4790527000,Assets,USD,2023-02-21,10-K,2021-12-31,55240000,NetCashProvidedByUsedInFinancingActivities,USD,2023-02-21,10-K,2020-12-31,-82261000,NetCashProvidedByUsedInInvestingActivities,USD,2023-02-21,10-K,2020-12-31,26728000,NetCashProvidedByUsedInOperatingActivities,USD,2023-02-21,10-K,2020-12-31,through_ocf,True,,,-0.287777,0.044408,7.959286,0.091779,-0.136674
2023Q1,2023-02-09,APO,0001858681,"APOLLO GLOBAL MANAGEMENT, INC.",$2B-$10B,,4756000000,Revenues,USD,2022-11-08,10-Q,2021-09-30,1595000000,NetIncomeLoss,USD,2022-11-08,10-Q,2021-09-30,30502000000,Assets,USD,2022-11-08,10-Q,2021-12-31,-444000000,NetCashProvidedByUsedInFinancingActivities,USD,2022-11-08,10-Q,2021-09-30,-344000000,NetCashProvidedByUsedInInvestingActivities,USD,2022-11-08,10-Q,2021-09-30,2137000000,NetCashProvidedByUsedInOperatingActivities,USD,2022-11-08,10-Q,2021-09-30,through_ocf,True,,,0.335366,0.449327,6.413373,-0.093356,-0.07233
2023Q1,2023-02-08,APP,1751008,AppLovin Corporation,$1B-$2B,,1999634000,RevenueFromContractWithCustomerExcludingAssessedTax,USD,2022-11-10,10-Q,2021-09-30,-10521000,NetIncomeLoss,USD,2022-11-10,10-Q,2021-03-31,6163579000,Assets,USD,2022-11-10,10-Q,2021-12-31,1662607000,NetCashProvidedByUsedInFinancingActivities,USD,2022-11-10,10-Q,2021-09-30,-1206252000,NetCashProvidedByUsedInInvestingActivities,USD,2022-11-10,10-Q,2021-09-30,276836000,NetCashProvidedByUsedInOperatingActivities,USD,2022-11-10,10-Q,2021-09-30,through_ocf,True,,,-0.005261,0.138443,3.082354,0.831456,-0.603236
2023Q1,2023-01-26,APPF,1433195,"AppFolio, Inc.",$100M-$500M,,263770000,RevenueFromContractWithCustomerExcludingAssessedTax,USD,2022-10-28,10-Q,2021-09-30,479000,NetIncomeLoss,USD,2022-10-28,10-Q,2021-03-31,408017000,Assets,USD,2022-10-28,10-Q,2021-12-31,-8512000,NetCashProvidedByUsedInFinancingActivities,USD,2022-10-28,10-Q,2021-09-30,-73766000,NetCashProvidedByUsedInInvestingActivities,USD,2022-10-28,10-Q,2021-09-30,26459000,NetCashProvidedByUsedInOperatingActivities,USD,2022-10-28,10-Q,2021-09-30,through_ocf,True,,,0.001816,0.100311,1.546867,-0.032271,-0.27966
2023Q1,2023-02-16,APPN,1441683,APPIAN CORPORATION,$100M-$500M,,304573000,RevenueFromContractWithCustomerExcludingAssessedTax,USD,2023-02-16,10-K,2020-12-31,-33477000,NetIncomeLoss,USD,2023-02-16,10-K,2020-12-31,504519000,Assets,USD,2023-02-16,10-K,2021-12-31,110468000,NetCashProvidedByUsedInFinancingActivities,USD,2023-02-16,10-K,2020-12-31,-153357000,NetCashProvidedByUsedInInvestingActivities,USD,2023-02-16,10-K,2020-12-31,-7620000,NetCashProvidedByUsedInOperatingActivities,USD,2023-02-16,10-K,2020-12-31,through_ocf,True,,,-0.109915,-0.025019,1.65648,0.362698,-0.503515
2023Q1,2023-02-02,APTV,1521332,Aptiv PLC,>$10B,,11484000000,Revenues,USD,2022-11-03,10-Q,2021-09-30,559000000,NetIncomeLoss,USD,2022-11-03,10-Q,2021-09-30,18007000000,Assets,USD,2022-11-03,10-Q,2021-12-31,-128000000,NetCashProvidedByUsedInFinancingActivities,USD,2022-11-03,10-Q,2021-09-30,-470000000,NetCashProvidedByUsedInInvestingActivities,USD,2022-11-03,10-Q,2021-09-30,553000000,NetCashProvidedByUsedInOperatingActivities,USD,2022-11-03,10-Q,2021-09-30,through_ocf,True,,,0.048676,0.048154,1.568008,-0.011146,-0.040927
2023Q1,2023-02-03,ARCB,894405,ARCBEST CORPORATION,$2B-$10B,,2794843000,RevenueFromContractWithCustomerExcludingAssessedTax,USD,2022-11-04,10-Q,2021-09-30,23361000,NetIncomeLoss,USD,2022-11-04,10-Q,2021-03-31,2112676000,Assets,USD,2022-11-04,10-Q,2021-12-31,-101960000,NetCashProvidedByUsedInFinancingActivities,USD,2022-11-04,10-Q,2021-09-30,-32129000,NetCashProvidedByUsedInInvestingActivities,USD,2022-11-04,10-Q,2021-09-30,238342000,NetCashProvidedByUsedInOperatingActivities,USD,2022-11-04,10-Q,2021-09-30,through_ocf,True,,,0.008359,0.085279,0.755919,-0.036481,-0.011496
2023Q1,2023-02-09,ARES,1176948,ARES MANAGEMENT CORPORATION,$1B-$2B,,1428143000,Revenues,USD,2022-11-07,10-Q,2021-09-30,284748000,NetIncomeLoss,USD,2022-11-07,10-Q,2021-09-30,21605164000,Assets,USD,2022-11-07,10-Q,2021-12-31,2692984000,NetCashProvidedByUsedInFinancingActivities,USD,2022-11-07,10-Q,2021-09-30,-1072578000,NetCashProvidedByUsedInInvestingActivities,USD,2022-11-07,10-Q,2021-09-30,-1843751000,NetCashProvidedByUsedInOperatingActivities,USD,2022-11-07,10-Q,2021-09-30,through_ocf,True,,,0.199383,-1.291013,15.128152,1.885654,-0.75103
2023Q1,2023-03-07,ARLO,1736946,"ARLO TECHNOLOGIES, INC.",$100M-$500M,,140997000,Revenues,USD,2018-08-27,10-Q,2017-07-02,-101251000,NetIncomeLoss,USD,2023-03-07,10-K,2020-12-31,347490000,Assets,USD,2023-03-07,10-K,2021-12-31,-23000,NetCashProvidedByUsedInFinancingActivities,USD,2023-03-07,10-K,2020-12-31,-3975000,NetCashProvidedByUsedInInvestingActivities,USD,2023-03-07,10-K,2020-12-31,-46530000,NetCashProvidedByUsedInOperatingActivities,USD,2023-03-07,10-K,2020-12-31,through_ocf,True,,,-0.718107,-0.330007,2.464521,-0.000163,-0.028192
2023Q1,2023-01-30,ARLP,1086600,ALLIANCE RESOURCE PARTNERS LP,$1B-$2B,,1096504000,RevenueFromContractWithCustomerExcludingAssessedTax,USD,2022-11-07,10-Q,2021-09-30,126331000,NetIncomeLoss,USD,2022-11-07,10-Q,2021-09-30,2148975000,Assets,USD,2022-11-07,10-Q,2021-09-30,-181530000,NetCashProvidedByUsedInFinancingActivities,USD,2022-11-07,10-Q,2021-09-30,-80410000,NetCashProvidedByUsedInInvestingActivities,USD,2022-11-07,10-Q,2021-09-30,310977000,NetCashProvidedByUsedInOperatingActivities,USD,2022-11-07,10-Q,2021-09-30,through_ocf,True,,,0.115213,0.283608,1.959842,-0.165553,-0.073333
2023Q1,2023-02-22,AROC,1389050,"Archrock, Inc",$500M-$1B,,874970000,RevenueFromContractWithCustomerExcludingAssessedTax,USD,2023-02-22,10-K,2020-12-31,-68445000,NetIncomeLoss,USD,2023-02-22,10-K,2020-12-31,2589966000,Assets,USD,2023-02-22,10-K,2021-12-31,-252835000,NetCashProvidedByUsedInFinancingActivities,USD,2023-02-22,10-K,2020-12-31,-85031000,NetCashProvidedByUsedInInvestingActivities,USD,2023-02-22,10-K,2020-12-31,335278000,NetCashProvidedByUsedInOperatingActivities,USD,2023-02-22,10-K,2020-12-31,through_ocf,True,,,-0.078226,0.383188,2.960063,-0.288964,-0.097182
2023Q1,2023-03-02,ARRY,1820721,"ARRAY TECHNOLOGIES, INC.",$500M-$1B,,633442000,RevenueFromContractWithCustomerExcludingAssessedTax,USD,2022-11-09,10-Q,2021-09-30,-28502000,NetIncomeLoss,USD,2022-11-09,10-Q,2021-09-30,1142979000,Assets,USD,2022-11-09,10-Q,2021-12-31,188014000,NetCashProvidedByUsedInFinancingActivities,USD,2022-11-09,10-Q,2021-09-30,-14227000,NetCashProvidedByUsedInInvestingActivities,USD,2022-11-09,10-Q,2021-09-30,-165837000,NetCashProvidedByUsedInOperatingActivities,USD,2022-11-09,10-Q,2021-09-30,through_ocf,True,,,-0.044995,-0.261803,1.804394,0.296813,-0.02246
2023Q1,2023-03-08,ASAN,1477720,"Asana, Inc.",$100M-$500M,,266488000,RevenueFromContractWithCustomerExcludingAssessedTax,USD,2022-12-01,10-Q,2021-10-31,-198293000,NetIncomeLoss,USD,2022-12-01,10-Q,2021-10-31,707035000,Assets,USD,2022-12-01,10-Q,2022-01-31,33974000,NetCashProvidedByUsedInFinancingActivities,USD,2022-12-01,10-Q,2021-10-31,22248000,NetCashProvidedByUsedInInvestingActivities,USD,2022-12-01,10-Q,2021-10-31,-44460000,NetCashProvidedByUsedInOperatingActivities,USD,2022-12-01,10-Q,2021-10-31,through_ocf,True,,,-0.744097,-0.166837,2.653159,0.127488,0.083486
2023Q1,2023-01-26,ASB,7789,ASSOCIATED BANC-CORP,$500M-$1B,,789954000,Revenues,USD,2022-10-27,10-Q,2021-09-30,94301000,NetIncomeLoss,USD,2022-10-27,10-Q,2021-03-31,35104253000,Assets,USD,2022-10-27,10-Q,2021-12-31,767695000,NetCashProvidedByUsedInFinancingActivities,USD,2022-10-27,10-Q,2021-09-30,-162040000,NetCashProvidedByUsedInInvestingActivities,USD,2022-10-27,10-Q,2021-09-30,364141000,NetCashProvidedByUsedInOperatingActivities,USD,2022-10-27,10-Q,2021-09-30,through_ocf,True,,,0.119375,0.460965,44.438351,0.971822,-0.205126
2023Q1,2023-02-08,ASGN,890564,ASGN Inc,$2B-$10B,,2955700000,Revenues,USD,2022-11-07,10-Q,2021-09-30,324900000,NetIncomeLoss,USD,2022-11-07,10-Q,2021-09-30,3502800000,Assets,USD,2022-11-07,10-Q,2021-12-31,-119400000,NetCashProvidedByUsedInFinancingActivities,USD,2022-11-07,10-Q,2021-09-30,249200000,NetCashProvidedByUsedInInvestingActivities,USD,2022-11-07,10-Q,2021-09-30,275900000,NetCashProvidedByUsedInOperatingActivities,USD,2022-11-07,10-Q,2021-09-30,through_ocf,True,,,0.109923,0.093345,1.1851,-0.040397,0.084312
2023Q1,2023-02-17,ASIX,1673985,AdvanSix Inc.,$1B-$2B,,1297393000,RevenueFromContractWithCustomerExcludingAssessedTax,USD,2022-02-18,10-K,2019-12-31,46077000,NetIncomeLoss,USD,2023-02-17,10-K,2020-12-31,1311999000,Assets,USD,2023-02-17,10-K,2021-12-31,-24188000,NetCashProvidedByUsedInFinancingActivities,USD,2023-02-17,10-K,2020-12-31,-84103000,NetCashProvidedByUsedInInvestingActivities,USD,2023-02-17,10-K,2020-12-31,111847000,NetCashProvidedByUsedInOperatingActivities,USD,2023-02-17,10-K,2020-12-31,through_ocf,True,,,0.035515,0.086209,1.011258,-0.018644,-0.064825
2023Q1,2023-03-16,ASO,1817358,"Academy Sports and Outdoors, Inc.",$2B-$10B,,5689233000,RevenueFromContractWithCustomerExcludingAssessedTax,USD,2023-03-16,10-K,2021-01-30,308764000,NetIncomeLoss,USD,2023-03-16,10-K,2021-01-30,4584940000,Assets,USD,2023-03-16,10-K,2022-01-29,-750234000,NetCashProvidedByUsedInFinancingActivities,USD,2023-03-16,10-K,2021-01-30,-33144000,NetCashProvidedByUsedInInvestingActivities,USD,2023-03-16,10-K,2021-01-30,1011597000,NetCashProvidedByUsedInOperatingActivities,USD,2023-03-16,10-K,2021-01-30,through_ocf,True,,,0.054272,0.177809,0.805898,-0.131869,-0.005826
2023Q1,2023-02-23,ASTH,1083446,"ASTRANA HEALTH, INC.",$500M-$1B,,578815000,RevenueFromContractWithCustomerExcludingAssessedTax,USD,2022-11-07,10-Q,2021-09-30,60088000,NetIncomeLoss,USD,2022-11-07,10-Q,2021-09-30,852363000,Assets,USD,2022-11-07,10-Q,2021-12-31,-49183000,NetCashProvidedByUsedInFinancingActivities,USD,2022-11-07,10-Q,2021-09-30,-22544000,NetCashProvidedByUsedInInvestingActivities,USD,2022-11-07,10-Q,2021-09-30,82525000,NetCashProvidedByUsedInOperatingActivities,USD,2022-11-07,10-Q,2021-09-30,through_ocf,True,,,0.103812,0.142576,1.4726,-0.084972,-0.038949
2023Q1,2023-02-01,ATKR,1666138,Atkore Inc.,$500M-$1B,,840801000,RevenueFromContractWithCustomerExcludingAssessedTax,USD,2023-02-01,10-Q,2021-12-24,204843000,NetIncomeLoss,USD,2023-02-01,10-Q,2021-12-24,2598996000,Assets,USD,2023-02-01,10-Q,2022-09-30,-129048000,NetCashProvidedByUsedInFinancingActivities,USD,2023-02-01,10-Q,2021-12-24,-45024000,NetCashProvidedByUsedInInvestingActivities,USD,2023-02-01,10-Q,2021-12-24,97192000,NetCashProvidedByUsedInOperatingActivities,USD,2023-02-01,10-Q,2021-12-24,through_ocf,True,,,0.243628,0.115595,3.091095,-0.153482,-0.053549
2023Q1,2023-02-23,ATNI,879585,"ATN INTERNATIONAL, INC.",$100M-$500M,,415135000,Revenues,USD,2022-11-09,10-Q,2021-09-30,3089000,ProfitLoss,USD,2022-11-09,10-Q,2021-09-30,1608604000,Assets,USD,2022-11-09,10-Q,2021-12-31,341433000,NetCashProvidedByUsedInFinancingActivities,USD,2022-11-09,10-Q,2021-09-30,-391782000,NetCashProvidedByUsedInInvestingActivities,USD,2022-11-09,10-Q,2021-09-30,47716000,NetCashProvidedByUsedInOperatingActivities,USD,2022-11-09,10-Q,2021-09-30,through_ocf,True,,,0.007441,0.114941,3.874894,0.822463,-0.943746
2023Q1,2023-02-07,ATO,731802,ATMOS ENERGY CORP,$1B-$2B,,1012786000,Revenues,USD,2023-02-07,10-Q,2021-12-31,249209000,NetIncomeLoss,USD,2023-02-07,10-Q,2021-12-31,22192989000,Assets,USD,2023-02-07,10-Q,2022-09-30,765206000,NetCashProvidedByUsedInFinancingActivities,USD,2023-02-07,10-Q,2021-12-31,-679748000,NetCashProvidedByUsedInInvestingActivities,USD,2023-02-07,10-Q,2021-12-31,61824000,NetCashProvidedByUsedInOperatingActivities,USD,2023-02-07,10-Q,2021-12-31,through_ocf,True,,,0.246063,0.061043,21.912812,0.755546,-0.671166
2023Q1,2023-01-19,ATRO,8063,Astronics Corporation,$100M-$500M,,328856000,RevenueFromContractWithCustomerExcludingAssessedTax,USD,2022-11-15,10-Q,2021-10-02,-27182000,NetIncomeLoss,USD,2022-11-15,10-Q,2021-10-02,609138000,Assets,USD,2022-11-15,10-Q,2021-12-31,12309000,NetCashProvidedByUsedInFinancingActivities,USD,2022-11-15,10-Q,2021-10-02,-4609000,NetCashProvidedByUsedInInvestingActivities,USD,2022-11-15,10-Q,2021-10-02,-18500000,NetCashProvidedByUsedInOperatingActivities,USD,2022-11-15,10-Q,2021-10-02,through_ocf,True,,,-0.082656,-0.056256,1.852294,0.03743,-0.014015
2023Q1,2023-02-22,AVA,104918,AVISTA CORP,$1B-$2B,,1321891000,Revenues,USD,2023-02-22,10-K,2020-12-31,129488000,NetIncomeLoss,USD,2023-02-22,10-K,2020-12-31,6402097000,Assets,USD,2023-02-22,10-K,2020-12-31,84039000,NetCashProvidedByUsedInFinancingActivities,USD,2023-02-22,10-K,2020-12-31,-410743000,NetCashProvidedByUsedInInvestingActivities,USD,2023-02-22,10-K,2020-12-31,331004000,NetCashProvidedByUsedInOperatingActivities,USD,2023-02-22,10-K,2020-12-31,through_ocf,True,,,0.097957,0.250402,4.843135,0.063575,-0.310724
2023Q1,2023-03-06,AVAV,1368622,"AEROVIRONMENT, INC.",$100M-$500M,,232073000,Revenues,USD,2021-03-10,10-Q,2020-01-25,-11397000,ProfitLoss,USD,2023-03-06,10-Q,2022-01-29,914200000,Assets,USD,2023-03-06,10-Q,2022-04-30,-11914000,NetCashProvidedByUsedInFinancingActivities,USD,2023-03-06,10-Q,2022-01-29,-37009000,NetCashProvidedByUsedInInvestingActivities,USD,2023-03-06,10-Q,2022-01-29,-23176000,NetCashProvidedByUsedInOperatingActivities,USD,2023-03-06,10-Q,2022-01-29,through_ocf,True,,,-0.04911,-0.099865,3.939278,-0.051337,-0.159471
2023Q1,2023-02-09,AVB,915912,"AVALONBAY COMMUNITIES, INC.",$1B-$2B,,1693653000,Revenues,USD,2022-11-08,10-Q,2021-09-30,669058000,ProfitLoss,USD,2022-11-08,10-Q,2021-09-30,19902016000,Assets,USD,2022-11-08,10-Q,2021-12-31,-473671000,NetCashProvidedByUsedInFinancingActivities,USD,2022-11-08,10-Q,2021-09-30,-315753000,NetCashProvidedByUsedInInvestingActivities,USD,2022-11-08,10-Q,2021-09-30,911742000,NetCashProvidedByUsedInOperatingActivities,USD,2022-11-08,10-Q,2021-09-30,through_ocf,True,,,0.395038,0.538329,11.750941,-0.279674,-0.186433
2023Q1,2023-02-07,AVD,5981,AMERICAN VANGUARD CORPORATION,$100M-$500M,,398063000,RevenueFromContractWithCustomerExcludingAssessedTax,USD,2022-11-08,10-Q,2021-09-30,13713000,NetIncomeLoss,USD,2022-11-08,10-Q,2021-09-30,694160000,Assets,USD,2022-11-08,10-Q,2021-12-31,19974000,NetCashProvidedByUsedInFinancingActivities,USD,2022-11-08,10-Q,2021-09-30,-18431000,NetCashProvidedByUsedInInvestingActivities,USD,2022-11-08,10-Q,2021-09-30,-174000,NetCashProvidedByUsedInOperatingActivities,USD,2022-11-08,10-Q,2021-09-30,through_ocf,True,,,0.034449,-0.000437,1.743845,0.050178,-0.046302
2023Q1,2023-02-21,AVNS,1606498,"AVANOS MEDICAL, INC.",$500M-$1B,,714800000,RevenueFromContractWithCustomerExcludingAssessedTax,USD,2023-02-21,10-K,2020-12-31,-29000000,NetIncomeLoss,USD,2023-02-21,10-K,2020-12-31,1603600000,Assets,USD,2023-02-21,10-K,2021-12-31,-70000000,NetCashProvidedByUsedInFinancingActivities,USD,2023-02-21,10-K,2020-12-31,-24200000,NetCashProvidedByUsedInInvestingActivities,USD,2023-02-21,10-K,2020-12-31,-2500000,NetCashProvidedByUsedInOperatingActivities,USD,2023-02-21,10-K,2020-12-31,through_ocf,True,,,-0.040571,-0.003497,2.243425,-0.097929,-0.033856
2023Q1,2023-02-15,AVNT,1122976,Avient Corporation,$2B-$10B,,2508500000,RevenueFromContractWithCustomerExcludingAssessedTax,USD,2022-11-02,10-Q,2021-09-30,201000000,NetIncomeLoss,USD,2022-11-02,10-Q,2021-09-30,4997200000,Assets,USD,2022-11-02,10-Q,2021-12-31,-91500000,NetCashProvidedByUsedInFinancingActivities,USD,2022-11-02,10-Q,2021-09-30,-112300000,NetCashProvidedByUsedInInvestingActivities,USD,2022-11-02,10-Q,2021-09-30,110000000,NetCashProvidedByUsedInOperatingActivities,USD,2022-11-02,10-Q,2021-09-30,through_ocf,True,,,0.080128,0.043851,1.992107,-0.036476,-0.044768
2023Q1,2023-02-01,AVNW,1377789,"AVIAT NETWORKS, INC.",$100M-$500M,,243858000,RevenueFromContractWithCustomerExcludingAssessedTax,USD,2021-08-25,10-K,2019-06-28,10598000,NetIncomeLoss,USD,2023-02-01,10-Q,2021-12-31,323904000,Assets,USD,2023-02-01,10-Q,2022-07-01,-2393000,NetCashProvidedByUsedInFinancingActivities,USD,2023-02-01,10-Q,2021-12-31,-798000,NetCashProvidedByUsedInInvestingActivities,USD,2023-02-01,10-Q,2021-12-31,-2163000,NetCashProvidedByUsedInOperatingActivities,USD,2023-02-01,10-Q,2021-12-31,through_ocf,True,,,0.04346,-0.00887,1.328248,-0.009813,-0.003272
2023Q1,2023-02-02,AVY,8818,AVERY DENNISON CORPORATION,$2B-$10B,,6225100000,RevenueFromContractWithCustomerExcludingAssessedTax,USD,2022-11-01,10-Q,2021-10-02,557400000,NetIncomeLoss,USD,2022-11-01,10-Q,2021-10-02,7971600000,Assets,USD,2022-11-01,10-Q,2022-01-01,800100000,NetCashProvidedByUsedInFinancingActivities,USD,2022-11-01,10-Q,2021-10-02,-1605700000,NetCashProvidedByUsedInInvestingActivities,USD,2022-11-01,10-Q,2021-10-02,762800000,NetCashProvidedByUsedInOperatingActivities,USD,2022-11-01,10-Q,2021-10-02,through_ocf,True,,,0.089541,0.122536,1.280558,0.128528,-0.25794
2023Q1,2023-02-15,AWK,1410636,"American Water Works Company, Inc.",$2B-$10B,,3743000000,RevenueFromContractWithCustomerExcludingAssessedTax,USD,2023-02-15,10-K,2020-12-31,709000000,NetIncomeLoss,USD,2023-02-15,10-K,2020-12-31,24766000000,Assets,USD,2023-02-15,10-K,2020-12-31,1120000000,NetCashProvidedByUsedInFinancingActivities,USD,2023-02-15,10-K,2020-12-31,-2061000000,NetCashProvidedByUsedInInvestingActivities,USD,2023-02-15,10-K,2020-12-31,1426000000,NetCashProvidedByUsedInOperatingActivities,USD,2023-02-15,10-K,2020-12-31,through_ocf,True,,,0.18942,0.380978,6.616618,0.299225,-0.550628
2023Q1,2023-03-01,AWR,1056903,AMERICAN STATES WATER COMPANY,$100M-$500M,,488243000,Revenues,USD,2023-03-01,10-K,2020-12-31,86425000,NetIncomeLoss,USD,2023-03-01,10-K,2020-12-31,1900983000,Assets,USD,2023-03-01,10-K,2021-12-31,44843000,NetCashProvidedByUsedInFinancingActivities,USD,2023-03-01,10-K,2020-12-31,-131610000,NetCashProvidedByUsedInInvestingActivities,USD,2023-03-01,10-K,2020-12-31,122170000,NetCashProvidedByUsedInOperatingActivities,USD,2023-03-01,10-K,2020-12-31,through_ocf,True,,,0.177012,0.250224,3.893518,0.091846,-0.269558
2023Q1,2023-02-28,AXON,1069183,"Axon Enterprise, Inc.",$500M-$1B,,681003000,RevenueFromContractWithCustomerExcludingAssessedTax,USD,2023-02-28,10-K,2020-12-31,-1724000,NetIncomeLoss,USD,2023-02-28,10-K,2020-12-31,1688210000,Assets,USD,2023-02-28,10-K,2021-12-31,299265000,NetCashProvidedByUsedInFinancingActivities,USD,2023-02-28,10-K,2020-12-31,-356526000,NetCashProvidedByUsedInInvestingActivities,USD,2023-02-28,10-K,2020-12-31,38481000,NetCashProvidedByUsedInOperatingActivities,USD,2023-02-28,10-K,2020-12-31,through_ocf,True,,,-0.002532,0.056506,2.479005,0.439447,-0.523531
2023Q1,2023-01-27,AXP,4962,AMERICAN EXPRESS CO,>$10B,,19553000000,RevenueFromContractWithCustomerExcludingAssessedTax,USD,2022-10-21,10-Q,2021-09-30,6341000000,NetIncomeLoss,USD,2022-10-21,10-Q,2021-09-30,184000000000,Assets,USD,2022-10-21,10-Q,2021-09-30,-15298000000,NetCashProvidedByUsedInFinancingActivities,USD,2022-10-21,10-Q,2021-09-30,793000000,NetCashProvidedByUsedInInvestingActivities,USD,2022-10-21,10-Q,2021-09-30,9637000000,NetCashProvidedByUsedInOperatingActivities,USD,2022-10-21,10-Q,2021-09-30,through_ocf,True,,,0.324298,0.492866,9.410321,-0.782386,0.040556
2023Q1,2023-01-09,AZZ,8947,AZZ Inc.,$100M-$500M,,395732000,RevenueFromContractWithCustomerExcludingAssessedTax,USD,2023-01-09,10-Q,2021-11-30,62400000,NetIncomeLoss,USD,2023-01-09,10-Q,2021-11-30,1133027000,Assets,USD,2023-01-09,10-Q,2022-02-28,-5610000,NetCashProvidedByUsedInFinancingActivities,USD,2022-07-11,10-Q,2021-05-31,-7466000,NetCashProvidedByUsedInInvestingActivities,USD,2022-07-11,10-Q,2021-05-31,11060000,NetCashProvidedByUsedInOperatingActivities,USD,2022-07-11,10-Q,2021-05-31,through_ocf,True,,,0.157682,0.027948,2.863117,-0.014176,-0.018866
2023Q1,2023-02-02,BALL,9389,Ball Corporation,$2B-$10B,,5328000000,RevenueFromContractWithCustomerExcludingAssessedTax,USD,2018-08-03,10-Q,2017-06-30,581000000,ProfitLoss,USD,2022-11-03,10-Q,2021-09-30,19714000000,Assets,USD,2022-11-03,10-Q,2021-12-31,327000000,NetCashProvidedByUsedInFinancingActivities,USD,2022-11-03,10-Q,2021-09-30,-1104000000,NetCashProvidedByUsedInInvestingActivities,USD,2022-11-03,10-Q,2021-09-30,876000000,NetCashProvidedByUsedInOperatingActivities,USD,2022-11-03,10-Q,2021-09-30,through_ocf,True,,,0.109047,0.164414,3.700075,0.061374,-0.207207
2023Q1,2023-01-19,BANC,1169770,"BANC OF CALIFORNIA, INC.",<$100M,,3972000,RevenueFromContractWithCustomerExcludingAssessedTax,USD,2022-03-01,10-K,2019-12-31,56595000,NetIncomeLoss,USD,2022-11-07,10-Q,2021-09-30,9393743000,Assets,USD,2022-11-07,10-Q,2021-12-31,306295000,NetCashProvidedByUsedInFinancingActivities,USD,2022-11-07,10-Q,2021-09-30,-416973000,NetCashProvidedByUsedInInvestingActivities,USD,2022-11-07,10-Q,2021-09-30,75699000,NetCashProvidedByUsedInOperatingActivities,USD,2022-11-07,10-Q,2021-09-30,through_ocf,True,,,14.248489,19.058157,2364.990685,77.113545,-104.978097
2023Q1,2023-02-09,BARK,1819574,"BARK, Inc.",$100M-$500M,,378580000,RevenueFromContractWithCustomerExcludingAssessedTax,USD,2023-02-09,10-Q,2021-12-31,-31589000,NetIncomeLoss,USD,2023-02-09,10-Q,2021-12-31,434061000,Assets,USD,2023-02-09,10-Q,2022-03-31,355382000,NetCashProvidedByUsedInFinancingActivities,USD,2023-02-09,10-Q,2021-12-31,-17605000,NetCashProvidedByUsedInInvestingActivities,USD,2023-02-09,10-Q,2021-12-31,-146537000,NetCashProvidedByUsedInOperatingActivities,USD,2023-02-09,10-Q,2021-12-31,through_ocf,True,,,-0.083441,-0.38707,1.14655,0.938724,-0.046503
2023Q1,2023-02-09,BAX,10456,BAXTER INTERNATIONAL INC,>$10B,,11673000000,RevenueFromContractWithCustomerExcludingAssessedTax,USD,2023-02-09,10-K,2020-12-31,1102000000,NetIncomeLoss,USD,2023-02-09,10-K,2020-12-31,33521000000,Assets,USD,2023-02-09,10-K,2021-12-31,-345000000,NetCashProvidedByUsedInFinancingActivities,USD,2023-02-09,10-K,2020-12-31,-1179000000,NetCashProvidedByUsedInInvestingActivities,USD,2023-02-09,10-K,2020-12-31,1868000000,NetCashProvidedByUsedInOperatingActivities,USD,2023-02-09,10-K,2020-12-31,through_ocf,True,,,0.094406,0.160027,2.87167,-0.029555,-0.101002
2023Q1,2023-02-22,BBBY,1130713,"Bed Bath & Beyond, Inc.",$2B-$10B,,2143787000,RevenueFromContractWithCustomerExcludingAssessedTax,USD,2022-11-01,10-Q,2021-09-30,356430000,NetIncomeLoss,USD,2022-11-01,10-Q,2021-09-30,1065966000,Assets,USD,2022-11-01,10-Q,2021-12-31,-7957000,NetCashProvidedByUsedInFinancingActivities,USD,2022-11-01,10-Q,2021-09-30,-81764000,NetCashProvidedByUsedInInvestingActivities,USD,2022-11-01,10-Q,2021-09-30,82956000,NetCashProvidedByUsedInOperatingActivities,USD,2022-11-01,10-Q,2021-09-30,through_ocf,True,,,0.166262,0.038696,0.497235,-0.003712,-0.03814
2023Q1,2023-03-01,BBSI,902791,"BARRETT BUSINESS SERVICES, INC.",$100M-$500M,,209997000,Revenues,USD,2018-05-08,10-Q,2017-03-31,-4554000,NetIncomeLoss,USD,2022-11-03,10-Q,2021-03-31,746952000,Assets,USD,2022-11-03,10-Q,2021-12-31,-18007000,NetCashProvidedByUsedInFinancingActivities,USD,2022-11-03,10-Q,2021-09-30,-133308000,NetCashProvidedByUsedInInvestingActivities,USD,2022-11-03,10-Q,2021-09-30,-60304000,NetCashProvidedByUsedInOperatingActivities,USD,2022-11-03,10-Q,2021-09-30,through_ocf,True,,,-0.021686,-0.287166,3.556965,-0.085749,-0.634809
2023Q1,2023-01-26,BBT,1108134,BEACON FINANCIAL CORPORATION,$100M-$500M,,343693000,Revenues,USD,2022-11-09,10-Q,2021-09-30,98416000,NetIncomeLoss,USD,2022-11-09,10-Q,2021-09-30,11554913000,Assets,USD,2022-11-09,10-Q,2021-12-31,-343962000,NetCashProvidedByUsedInFinancingActivities,USD,2022-11-09,10-Q,2021-09-30,828069000,NetCashProvidedByUsedInInvestingActivities,USD,2022-11-09,10-Q,2021-09-30,82548000,NetCashProvidedByUsedInOperatingActivities,USD,2022-11-09,10-Q,2021-09-30,through_ocf,True,,,0.286349,0.240179,33.619867,-1.000783,2.409328
2023Q1,2023-03-02,BBY,764478,"BEST BUY CO., INC.",>$10B,,35396000000,Revenues,USD,2022-12-06,10-Q,2021-10-30,1828000000,NetIncomeLoss,USD,2022-12-06,10-Q,2021-10-30,20102000000,Assets,USD,2022-12-06,10-Q,2021-10-30,-2347000000,NetCashProvidedByUsedInFinancingActivities,USD,2022-12-06,10-Q,2021-10-30,-707000000,NetCashProvidedByUsedInInvestingActivities,USD,2022-12-06,10-Q,2021-10-30,1061000000,NetCashProvidedByUsedInOperatingActivities,USD,2022-12-06,10-Q,2021-10-30,through_ocf,True,,,0.051644,0.029975,0.567917,-0.066307,-0.019974
2023Q1,2023-02-21,BCC,1328581,Boise Cascade Company,$2B-$10B,,5474838000,RevenueFromContractWithCustomerExcludingAssessedTax,USD,2023-02-21,10-K,2020-12-31,174979000,ProfitLoss,USD,2023-02-21,10-K,2020-12-31,2572640000,Assets,USD,2023-02-21,10-K,2021-12-31,-95655000,NetCashProvidedByUsedInFinancingActivities,USD,2023-02-21,10-K,2020-12-31,-78716000,NetCashProvidedByUsedInInvestingActivities,USD,2023-02-21,10-K,2020-12-31,294516000,NetCashProvidedByUsedInOperatingActivities,USD,2023-02-21,10-K,2020-12-31,through_ocf,True,,,0.031961,0.053794,0.469902,-0.017472,-0.014378
2023Q1,2023-02-22,BCO,78890,THE BRINK’S COMPANY,$2B-$10B,,3102000000,RevenueFromContractWithCustomerExcludingAssessedTax,USD,2022-10-26,10-Q,2021-09-30,55600000,NetIncomeLoss,USD,2022-10-26,10-Q,2021-09-30,5566700000,Assets,USD,2022-10-26,10-Q,2021-12-31,234600000,NetCashProvidedByUsedInFinancingActivities,USD,2022-10-26,10-Q,2021-09-30,-390300000,NetCashProvidedByUsedInInvestingActivities,USD,2022-10-26,10-Q,2021-09-30,273600000,NetCashProvidedByUsedInOperatingActivities,USD,2022-10-26,10-Q,2021-09-30,through_ocf,True,,,0.017924,0.088201,1.794552,0.075629,-0.125822
2023Q1,2023-02-24,BCPC,9326,Balchem Corporation,$500M-$1B,,703644000,RevenueFromContractWithCustomerExcludingAssessedTax,USD,2023-02-24,10-K,2020-12-31,84623000,NetIncomeLoss,USD,2023-02-24,10-K,2020-12-31,1199325000,Assets,USD,2023-02-24,10-K,2021-12-31,-101164000,NetCashProvidedByUsedInFinancingActivities,USD,2023-02-24,10-K,2020-12-31,-34591000,NetCashProvidedByUsedInInvestingActivities,USD,2023-02-24,10-K,2020-12-31,150494000,NetCashProvidedByUsedInOperatingActivities,USD,2023-02-24,10-K,2020-12-31,through_ocf,True,,,0.120264,0.213878,1.704449,-0.143772,-0.04916
2023Q1,2023-02-08,BDC,913142,BELDEN INC.,$1B-$2B,,1689301000,Revenues,USD,2022-11-07,10-Q,2021-10-03,113694000,NetIncomeLoss,USD,2022-11-07,10-Q,2021-10-03,3417677000,Assets,USD,2022-11-07,10-Q,2021-12-31,-24038000,NetCashProvidedByUsedInFinancingActivities,USD,2022-11-07,10-Q,2021-10-03,-118921000,NetCashProvidedByUsedInInvestingActivities,USD,2022-11-07,10-Q,2021-10-03,101919000,NetCashProvidedByUsedInOperatingActivities,USD,2022-11-07,10-Q,2021-10-03,through_ocf,True,,,0.067302,0.060332,2.023131,-0.01423,-0.070397
2023Q1,2023-02-02,BDN,790816,Brandywine Realty Trust,$100M-$500M,,361289000,Revenues,USD,2022-10-28,10-Q,2021-09-30,7721000,NetIncomeLoss,USD,2022-10-28,10-Q,2021-09-30,3846196000,Assets,USD,2022-10-28,10-Q,2021-12-31,-99578000,NetCashProvidedByUsedInFinancingActivities,USD,2022-10-28,10-Q,2021-09-30,-44921000,NetCashProvidedByUsedInInvestingActivities,USD,2022-10-28,10-Q,2021-09-30,140719000,NetCashProvidedByUsedInOperatingActivities,USD,2022-10-28,10-Q,2021-09-30,through_ocf,True,,,0.021371,0.389492,10.64576,-0.275619,-0.124335
2023Q1,2023-02-02,BDX,10795,"BECTON, DICKINSON AND COMPANY",$2B-$10B,,4718000000,Revenues,USD,2023-02-02,10-Q,2021-12-31,677000000,NetIncomeLoss,USD,2023-02-02,10-Q,2021-12-31,52934000000,Assets,USD,2023-02-02,10-Q,2022-09-30,-327000000,NetCashProvidedByUsedInFinancingActivities,USD,2023-02-02,10-Q,2021-12-31,-863000000,NetCashProvidedByUsedInInvestingActivities,USD,2022-05-05,10-Q,2021-03-31,2721000000,NetCashProvidedByUsedInOperatingActivities,USD,2022-05-05,10-Q,2021-03-31,through_ocf,True,,,0.143493,0.576727,11.219585,-0.069309,-0.182916
2023Q1,2023-02-09,BE,1664703,BLOOM ENERGY CORPORATION,$500M-$1B,,629705000,Revenues,USD,2022-11-03,10-Q,2021-09-30,-131131000,NetIncomeLoss,USD,2022-11-03,10-Q,2021-09-30,1725571000,Assets,USD,2022-11-03,10-Q,2021-12-31,53130000,NetCashProvidedByUsedInFinancingActivities,USD,2022-11-03,10-Q,2021-09-30,-41511000,NetCashProvidedByUsedInInvestingActivities,USD,2022-11-03,10-Q,2021-09-30,-107956000,NetCashProvidedByUsedInOperatingActivities,USD,2022-11-03,10-Q,2021-09-30,through_ocf,True,,,-0.208242,-0.171439,2.740285,0.084373,-0.065921
2023Q1,2023-01-30,BEN,38777,"FRANKLIN RESOURCES, INC.",$2B-$10B,,2224000000,RevenueFromContractWithCustomerExcludingAssessedTax,USD,2023-01-30,10-Q,2021-12-31,453200000,NetIncomeLoss,USD,2023-01-30,10-Q,2021-12-31,28060600000,Assets,USD,2023-01-30,10-Q,2022-09-30,467300000,NetCashProvidedByUsedInFinancingActivities,USD,2023-01-30,10-Q,2021-12-31,-728600000,NetCashProvidedByUsedInInvestingActivities,USD,2023-01-30,10-Q,2021-12-31,166400000,NetCashProvidedByUsedInOperatingActivities,USD,2023-01-30,10-Q,2021-12-31,through_ocf,True,,,0.203777,0.07482,12.617176,0.210117,-0.327608
2023Q1,2023-01-26,BFH,1101215,"Bread Financial Holdings, Inc.",$2B-$10B,,3411500000,Revenues,USD,2021-11-03,10-Q,2020-09-30,783000000,NetIncomeLoss,USD,2022-11-04,10-Q,2021-09-30,21746000000,Assets,USD,2022-11-04,10-Q,2021-12-31,-1157000000,NetCashProvidedByUsedInFinancingActivities,USD,2022-11-04,10-Q,2021-09-30,381000000,NetCashProvidedByUsedInInvestingActivities,USD,2022-11-04,10-Q,2021-09-30,1208000000,NetCashProvidedByUsedInOperatingActivities,USD,2022-11-04,10-Q,2021-09-30,through_ocf,True,,,0.229518,0.354096,6.374322,-0.339147,0.111681
2023Q1,2023-02-28,BGS,1278027,"B&G FOODS, INC.",$1B-$2B,,1967909000,RevenueFromContractWithCustomerExcludingAssessedTax,USD,2023-02-28,10-K,2021-01-02,131988000,NetIncomeLoss,USD,2023-02-28,10-K,2021-01-02,3828545000,Assets,USD,2023-02-28,10-K,2022-01-01,327952000,NetCashProvidedByUsedInFinancingActivities,USD,2023-02-28,10-K,2021-01-02,-568893000,NetCashProvidedByUsedInInvestingActivities,USD,2023-02-28,10-K,2021-01-02,281477000,NetCashProvidedByUsedInOperatingActivities,USD,2023-02-28,10-K,2021-01-02,through_ocf,True,,,0.06707,0.143034,1.945489,0.16665,-0.289085
2023Q1,2023-02-01,BHE,863436,"BENCHMARK ELECTRONICS, INC.",$1B-$2B,,1622265000,Revenues,USD,2022-11-04,10-Q,2021-09-30,23351000,NetIncomeLoss,USD,2022-11-04,10-Q,2021-09-30,1903880000,Assets,USD,2022-11-04,10-Q,2021-12-31,-66928000,NetCashProvidedByUsedInFinancingActivities,USD,2022-11-04,10-Q,2021-09-30,-32143000,NetCashProvidedByUsedInInvestingActivities,USD,2022-11-04,10-Q,2021-09-30,-1308000,NetCashProvidedByUsedInOperatingActivities,USD,2022-11-04,10-Q,2021-09-30,through_ocf,True,,,0.014394,-0.000806,1.173594,-0.041256,-0.019814
2023Q1,2023-02-09,BHF,1685040,"Brighthouse Financial, Inc.",$2B-$10B,,5126000000,Revenues,USD,2022-11-08,10-Q,2021-09-30,-171000000,NetIncomeLoss,USD,2022-11-08,10-Q,2021-09-30,259840000000,Assets,USD,2022-11-08,10-Q,2021-12-31,9021000000,NetCashProvidedByUsedInFinancingActivities,USD,2022-11-08,10-Q,2021-09-30,-9665000000,NetCashProvidedByUsedInInvestingActivities,USD,2022-11-08,10-Q,2021-09-30,644000000,NetCashProvidedByUsedInOperatingActivities,USD,2022-11-08,10-Q,2021-09-30,through_ocf,True,,,-0.033359,0.125634,50.690597,1.759852,-1.885486
2023Q1,2023-02-09,BHFAL,1685040,"Brighthouse Financial, Inc.",$2B-$10B,,5126000000,Revenues,USD,2022-11-08,10-Q,2021-09-30,-171000000,NetIncomeLoss,USD,2022-11-08,10-Q,2021-09-30,259840000000,Assets,USD,2022-11-08,10-Q,2021-12-31,9021000000,NetCashProvidedByUsedInFinancingActivities,USD,2022-11-08,10-Q,2021-09-30,-9665000000,NetCashProvidedByUsedInInvestingActivities,USD,2022-11-08,10-Q,2021-09-30,644000000,NetCashProvidedByUsedInOperatingActivities,USD,2022-11-08,10-Q,2021-09-30,through_ocf,True,,,-0.033359,0.125634,50.690597,1.759852,-1.885486
2023Q1,2023-02-09,BHFAM,1685040,"Brighthouse Financial, Inc.",$2B-$10B,,5126000000,Revenues,USD,2022-11-08,10-Q,2021-09-30,-171000000,NetIncomeLoss,USD,2022-11-08,10-Q,2021-09-30,259840000000,Assets,USD,2022-11-08,10-Q,2021-12-31,9021000000,NetCashProvidedByUsedInFinancingActivities,USD,2022-11-08,10-Q,2021-09-30,-9665000000,NetCashProvidedByUsedInInvestingActivities,USD,2022-11-08,10-Q,2021-09-30,644000000,NetCashProvidedByUsedInOperatingActivities,USD,2022-11-08,10-Q,2021-09-30,through_ocf,True,,,-0.033359,0.125634,50.690597,1.759852,-1.885486
2023Q1,2023-02-09,BHFAN,1685040,"Brighthouse Financial, Inc.",$2B-$10B,,5126000000,Revenues,USD,2022-11-08,10-Q,2021-09-30,-171000000,NetIncomeLoss,USD,2022-11-08,10-Q,2021-09-30,259840000000,Assets,USD,2022-11-08,10-Q,2021-12-31,9021000000,NetCashProvidedByUsedInFinancingActivities,USD,2022-11-08,10-Q,2021-09-30,-9665000000,NetCashProvidedByUsedInInvestingActivities,USD,2022-11-08,10-Q,2021-09-30,644000000,NetCashProvidedByUsedInOperatingActivities,USD,2022-11-08,10-Q,2021-09-30,through_ocf,True,,,-0.033359,0.125634,50.690597,1.759852,-1.885486
2023Q1,2023-02-09,BHFAO,1685040,"Brighthouse Financial, Inc.",$2B-$10B,,5126000000,Revenues,USD,2022-11-08,10-Q,2021-09-30,-171000000,NetIncomeLoss,USD,2022-11-08,10-Q,2021-09-30,259840000000,Assets,USD,2022-11-08,10-Q,2021-12-31,9021000000,NetCashProvidedByUsedInFinancingActivities,USD,2022-11-08,10-Q,2021-09-30,-9665000000,NetCashProvidedByUsedInInvestingActivities,USD,2022-11-08,10-Q,2021-09-30,644000000,NetCashProvidedByUsedInOperatingActivities,USD,2022-11-08,10-Q,2021-09-30,through_ocf,True,,,-0.033359,0.125634,50.690597,1.759852,-1.885486
2023Q1,2023-02-09,BHFAP,1685040,"Brighthouse Financial, Inc.",$2B-$10B,,5126000000,Revenues,USD,2022-11-08,10-Q,2021-09-30,-171000000,NetIncomeLoss,USD,2022-11-08,10-Q,2021-09-30,259840000000,Assets,USD,2022-11-08,10-Q,2021-12-31,9021000000,NetCashProvidedByUsedInFinancingActivities,USD,2022-11-08,10-Q,2021-09-30,-9665000000,NetCashProvidedByUsedInInvestingActivities,USD,2022-11-08,10-Q,2021-09-30,644000000,NetCashProvidedByUsedInOperatingActivities,USD,2022-11-08,10-Q,2021-09-30,through_ocf,True,,,-0.033359,0.125634,50.690597,1.759852,-1.885486
2023Q1,2023-01-06,BHR,1574085,BRAEMAR HOTELS & RESORTS INC.,$100M-$500M,,297135000,RevenueFromContractWithCustomerExcludingAssessedTax,USD,2022-11-07,10-Q,2021-09-30,-24887000,NetIncomeLoss,USD,2022-11-07,10-Q,2021-09-30,1879522000,Assets,USD,2022-11-07,10-Q,2021-12-31,95638000,NetCashProvidedByUsedInFinancingActivities,USD,2022-11-07,10-Q,2021-09-30,-23665000,NetCashProvidedByUsedInInvestingActivities,USD,2022-11-07,10-Q,2021-09-30,55147000,NetCashProvidedByUsedInOperatingActivities,USD,2022-11-07,10-Q,2021-09-30,through_ocf,True,,,-0.083757,0.185596,6.325482,0.321867,-0.079644
2023Q1,2023-02-15,BIIB,875045,Biogen Inc.,>$10B,,13444600000,Revenues,USD,2023-02-15,10-K,2020-12-31,4000600000,NetIncomeLoss,USD,2023-02-15,10-K,2020-12-31,23877300000,Assets,USD,2023-02-15,10-K,2021-12-31,-5272700000,NetCashProvidedByUsedInFinancingActivities,USD,2023-02-15,10-K,2020-12-31,-608600000,NetCashProvidedByUsedInInvestingActivities,USD,2023-02-15,10-K,2020-12-31,4229800000,NetCashProvidedByUsedInOperatingActivities,USD,2023-02-15,10-K,2020-12-31,through_ocf,True,,,0.297562,0.31461,1.775977,-0.39218,-0.045267
2023Q1,2023-02-07,BKH,1130464,Black Hills Corporation,$1B-$2B,,1386594000,Revenues,USD,2022-11-03,10-Q,2021-09-30,100487000,ProfitLoss,USD,2022-11-03,10-Q,2021-03-31,9131896000,Assets,USD,2022-11-03,10-Q,2021-12-31,633061000,NetCashProvidedByUsedInFinancingActivities,USD,2022-11-03,10-Q,2021-09-30,-484106000,NetCashProvidedByUsedInInvestingActivities,USD,2022-11-03,10-Q,2021-09-30,-144760000,NetCashProvidedByUsedInOperatingActivities,USD,2022-11-03,10-Q,2021-09-30,through_ocf,True,,,0.07247,-0.1044,6.585847,0.456558,-0.349133
2023Q1,2023-02-23,BKNG,1075531,Booking Holdings Inc.,$2B-$10B,,6796000000,Revenues,USD,2023-02-23,10-K,2020-12-31,1892798000,ProfitLoss,USD,2016-02-17,10-K,2013-12-31,23641000000,Assets,USD,2023-02-23,10-K,2021-12-31,1528000000,NetCashProvidedByUsedInFinancingActivities,USD,2023-02-23,10-K,2020-12-31,2637000000,NetCashProvidedByUsedInInvestingActivities,USD,2023-02-23,10-K,2020-12-31,85000000,NetCashProvidedByUsedInOperatingActivities,USD,2023-02-23,10-K,2020-12-31,through_ocf,True,,,0.278516,0.012507,3.478664,0.224838,0.388022
2023Q1,2023-01-23,BKR,1701605,Baker Hughes Co,>$10B,,15017000000,RevenueFromContractWithCustomerExcludingAssessedTax,USD,2022-10-20,10-Q,2021-09-30,-512000000,NetIncomeLoss,USD,2022-10-20,10-Q,2021-09-30,35308000000,Assets,USD,2022-10-20,10-Q,2021-12-31,-1585000000,NetCashProvidedByUsedInFinancingActivities,USD,2022-10-20,10-Q,2021-09-30,-212000000,NetCashProvidedByUsedInInvestingActivities,USD,2022-10-20,10-Q,2021-09-30,1600000000,NetCashProvidedByUsedInOperatingActivities,USD,2022-10-20,10-Q,2021-09-30,through_ocf,True,,,-0.034095,0.106546,2.351202,-0.105547,-0.014117
2023Q1,2023-02-08,BLBD,1589526,BLUE BIRD CORPORATION,$100M-$500M,,129223000,RevenueFromContractWithCustomerExcludingAssessedTax,USD,2023-02-08,10-Q,2022-01-01,-4082000,NetIncomeLoss,USD,2023-02-08,10-Q,2022-01-01,366126000,Assets,USD,2023-02-08,10-Q,2022-10-01,27007000,NetCashProvidedByUsedInFinancingActivities,USD,2023-02-08,10-Q,2022-01-01,-1570000,NetCashProvidedByUsedInInvestingActivities,USD,2023-02-08,10-Q,2022-01-01,-33077000,NetCashProvidedByUsedInOperatingActivities,USD,2023-02-08,10-Q,2022-01-01,through_ocf,True,,,-0.031589,-0.255968,2.833288,0.208995,-0.01215
2023Q1,2023-02-28,BLDR,1316835,"BUILDERS FIRSTSOURCE, INC.",$2B-$10B,,8558874000,RevenueFromContractWithCustomerExcludingAssessedTax,USD,2023-02-28,10-K,2020-12-31,313537000,NetIncomeLoss,USD,2023-02-28,10-K,2020-12-31,10714343000,Assets,USD,2023-02-28,10-K,2021-12-31,285868000,NetCashProvidedByUsedInFinancingActivities,USD,2023-02-28,10-K,2020-12-31,-136225000,NetCashProvidedByUsedInInvestingActivities,USD,2023-02-28,10-K,2020-12-31,260067000,NetCashProvidedByUsedInOperatingActivities,USD,2023-02-28,10-K,2020-12-31,through_ocf,True,,,0.036633,0.030386,1.25184,0.0334,-0.015916
2023Q1,2023-02-13,BLKB,1280058,"Blackbaud, Inc.",$500M-$1B,,679849000,RevenueFromContractWithCustomerExcludingAssessedTax,USD,2022-11-03,10-Q,2021-09-30,-164000,NetIncomeLoss,USD,2022-11-03,10-Q,2021-03-31,2971617000,Assets,USD,2022-11-03,10-Q,2021-12-31,-533148000,NetCashProvidedByUsedInFinancingActivities,USD,2022-11-03,10-Q,2021-09-30,-37993000,NetCashProvidedByUsedInInvestingActivities,USD,2022-11-03,10-Q,2021-09-30,169788000,NetCashProvidedByUsedInOperatingActivities,USD,2022-11-03,10-Q,2021-09-30,through_ocf,True,,,-0.000241,0.249744,4.370996,-0.784215,-0.055884
2023Q1,2023-02-16,BLMN,1546417,"BLOOMIN’ BRANDS, INC.",$2B-$10B,,3075302000,RevenueFromContractWithCustomerExcludingAssessedTax,USD,2022-11-01,10-Q,2021-09-26,154856000,NetIncomeLoss,USD,2022-11-01,10-Q,2021-09-26,3294271000,Assets,USD,2022-11-01,10-Q,2021-12-26,-265192000,NetCashProvidedByUsedInFinancingActivities,USD,2022-11-01,10-Q,2021-09-26,-69085000,NetCashProvidedByUsedInInvestingActivities,USD,2022-11-01,10-Q,2021-09-26,304246000,NetCashProvidedByUsedInOperatingActivities,USD,2022-11-01,10-Q,2021-09-26,through_ocf,True,,,0.050355,0.098932,1.071202,-0.086233,-0.022464
2023Q1,2023-02-22,BMBL,1830043,Bumble Inc.,$500M-$1B,,553865000,RevenueFromContractWithCustomerExcludingAssessedTax,USD,2022-11-16,10-Q,2021-09-30,322257000,NetIncomeLoss,USD,2022-11-16,10-Q,2021-09-30,3776996000,Assets,USD,2022-11-16,10-Q,2021-12-31,152924000,NetCashProvidedByUsedInFinancingActivities,USD,2022-11-16,10-Q,2021-09-30,-9357000,NetCashProvidedByUsedInInvestingActivities,USD,2022-11-16,10-Q,2021-09-30,20257000,NetCashProvidedByUsedInOperatingActivities,USD,2022-11-16,10-Q,2021-09-30,through_ocf,True,,,0.581833,0.036574,6.819344,0.276103,-0.016894
2023Q1,2023-01-27,BMI,9092,"BADGER METER, INC.",$100M-$500M,,369449000,RevenueFromContractWithCustomerExcludingAssessedTax,USD,2022-10-25,10-Q,2021-09-30,43608000,NetIncomeLoss,USD,2022-10-25,10-Q,2021-09-30,530818000,Assets,USD,2022-10-25,10-Q,2021-12-31,-14669000,NetCashProvidedByUsedInFinancingActivities,USD,2022-10-25,10-Q,2021-09-30,-50520000,NetCashProvidedByUsedInInvestingActivities,USD,2022-10-25,10-Q,2021-09-30,60434000,NetCashProvidedByUsedInOperatingActivities,USD,2022-10-25,10-Q,2021-09-30,through_ocf,True,,,0.118035,0.163579,1.436783,-0.039705,-0.136744
2023Q1,2023-01-11,BMRN,1048477,BioMarin Pharmaceutical Inc,$1B-$2B,,1396465000,RevenueFromContractWithCustomerExcludingAssessedTax,USD,2022-10-28,10-Q,2021-09-30,-6182000,NetIncomeLoss,USD,2022-10-28,10-Q,2021-09-30,6004772000,Assets,USD,2022-10-28,10-Q,2021-12-31,-14444000,NetCashProvidedByUsedInFinancingActivities,USD,2022-10-28,10-Q,2021-09-30,-310892000,NetCashProvidedByUsedInInvestingActivities,USD,2022-10-28,10-Q,2021-09-30,293356000,NetCashProvidedByUsedInOperatingActivities,USD,2022-10-28,10-Q,2021-09-30,through_ocf,True,,,-0.004427,0.21007,4.29998,-0.010343,-0.222628
2023Q1,2023-03-09,BNED,1634117,"BARNES & NOBLE EDUCATION, INC.",$1B-$2B,,1270569000,Revenues,USD,2023-03-09,10-Q,2022-01-29,-43628000,NetIncomeLoss,USD,2023-03-09,10-Q,2021-07-31,1266730000,Assets,USD,2023-03-09,10-Q,2022-01-29,20686000,NetCashProvidedByUsedInFinancingActivities,USD,2023-03-09,10-Q,2022-01-29,-32659000,NetCashProvidedByUsedInInvestingActivities,USD,2023-03-09,10-Q,2022-01-29,7901000,NetCashProvidedByUsedInOperatingActivities,USD,2023-03-09,10-Q,2022-01-29,through_ocf,True,,,-0.034337,0.006218,0.996979,0.016281,-0.025704
2023Q1,2023-01-11,BNL,1424182,"BROADSTONE NET LEASE, INC.",$100M-$500M,,290234000,Revenues,USD,2022-11-03,10-Q,2021-09-30,72135000,NetIncomeLoss,USD,2022-11-03,10-Q,2021-09-30,4618648000,Assets,USD,2022-11-03,10-Q,2021-12-31,170410000,NetCashProvidedByUsedInFinancingActivities,USD,2022-11-03,10-Q,2021-09-30,-448379000,NetCashProvidedByUsedInInvestingActivities,USD,2022-11-03,10-Q,2021-09-30,187318000,NetCashProvidedByUsedInOperatingActivities,USD,2022-11-03,10-Q,2021-09-30,through_ocf,True,,,0.248541,0.645403,15.913532,0.587147,-1.544888
2023Q1,2023-01-06,BOOT,1610250,"Boot Barn Holdings, Inc.",$500M-$1B,,619044000,RevenueFromContractWithCustomerExcludingAssessedTax,USD,2022-10-27,10-Q,2021-09-25,40645000,NetIncomeLoss,USD,2022-10-27,10-Q,2021-06-26,1199855000,Assets,USD,2022-10-27,10-Q,2022-03-26,-59980000,NetCashProvidedByUsedInFinancingActivities,USD,2022-10-27,10-Q,2021-09-25,-22251000,NetCashProvidedByUsedInInvestingActivities,USD,2022-10-27,10-Q,2021-09-25,48628000,NetCashProvidedByUsedInOperatingActivities,USD,2022-10-27,10-Q,2021-09-25,through_ocf,True,,,0.065658,0.078553,1.938239,-0.096891,-0.035944
2023Q1,2023-03-01,BOX,1372612,"Box, Inc.",$500M-$1B,,640971000,RevenueFromContractWithCustomerExcludingAssessedTax,USD,2022-12-02,10-Q,2021-10-31,-37134000,NetIncomeLoss,USD,2022-12-02,10-Q,2021-10-31,1392009000,Assets,USD,2022-12-02,10-Q,2022-01-31,-5463000,NetCashProvidedByUsedInFinancingActivities,USD,2022-12-02,10-Q,2021-10-31,-206046000,NetCashProvidedByUsedInInvestingActivities,USD,2022-12-02,10-Q,2021-10-31,185647000,NetCashProvidedByUsedInOperatingActivities,USD,2022-12-02,10-Q,2021-10-31,through_ocf,True,,,-0.057934,0.289634,2.171719,-0.008523,-0.321459
2023Q1,2023-01-25,BPOP,763901,"POPULAR, INC.",$100M-$500M,,448734000,Revenues,USD,2013-02-28,10-K,2010-12-31,728825000,NetIncomeLoss,USD,2022-11-09,10-Q,2021-09-30,74189163000,Assets,USD,2022-11-09,10-Q,2021-09-30,8605613000,NetCashProvidedByUsedInFinancingActivities,USD,2022-11-09,10-Q,2021-09-30,-9255302000,NetCashProvidedByUsedInInvestingActivities,USD,2022-11-09,10-Q,2021-09-30,697974000,NetCashProvidedByUsedInOperatingActivities,USD,2022-11-09,10-Q,2021-09-30,through_ocf,True,,,1.62418,1.555429,165.329935,19.177537,-20.625364
2023Q1,2023-02-02,BR,1383312,"BROADRIDGE FINANCIAL SOLUTIONS, INC.",$2B-$10B,,2452500000,RevenueFromContractWithCustomerExcludingAssessedTax,USD,2023-02-02,10-Q,2021-12-31,114400000,NetIncomeLoss,USD,2023-02-02,10-Q,2021-12-31,8168800000,Assets,USD,2023-02-02,10-Q,2022-06-30,159200000,NetCashProvidedByUsedInFinancingActivities,USD,2023-02-02,10-Q,2021-12-31,-53900000,NetCashProvidedByUsedInInvestingActivities,USD,2023-02-02,10-Q,2021-12-31,-94600000,NetCashProvidedByUsedInOperatingActivities,USD,2023-02-02,10-Q,2021-12-31,through_ocf,True,,,0.046646,-0.038573,3.330805,0.064913,-0.021978
2023Q1,2023-01-09,BRKR,1109354,Bruker Corporation,$1B-$2B,,1734400000,RevenueFromContractWithCustomerExcludingAssessedTax,USD,2022-11-04,10-Q,2021-09-30,201400000,NetIncomeLoss,USD,2022-11-04,10-Q,2021-09-30,3650000000,Assets,USD,2022-11-04,10-Q,2021-12-31,-85600000,NetCashProvidedByUsedInFinancingActivities,USD,2022-11-04,10-Q,2021-09-30,-143800000,NetCashProvidedByUsedInInvestingActivities,USD,2022-11-04,10-Q,2021-09-30,143800000,NetCashProvidedByUsedInOperatingActivities,USD,2022-11-04,10-Q,2021-09-30,through_ocf,True,,,0.116121,0.082911,2.104474,-0.049354,-0.082911
2023Q1,2023-01-24,BRO,79282,"BROWN & BROWN, INC.",$2B-$10B,,2312900000,Revenues,USD,2022-11-03,10-Q,2021-09-30,199700000,NetIncomeLoss,USD,2022-11-03,10-Q,2021-03-31,9629200000,Assets,USD,2022-11-03,10-Q,2021-09-30,-265100000,NetCashProvidedByUsedInFinancingActivities,USD,2022-11-03,10-Q,2021-09-30,-206400000,NetCashProvidedByUsedInInvestingActivities,USD,2022-11-03,10-Q,2021-09-30,627800000,NetCashProvidedByUsedInOperatingActivities,USD,2022-11-03,10-Q,2021-09-30,through_ocf,True,,,0.086342,0.271434,4.163258,-0.114618,-0.089239
2023Q1,2023-02-21,BRSP,1717547,"BrightSpire Capital, Inc.",$100M-$500M,,291012000,Revenues,USD,2023-02-21,10-K,2020-12-31,-353299000,NetIncomeLoss,USD,2023-02-21,10-K,2020-12-31,5638369000,Assets,USD,2023-02-21,10-K,2021-12-31,-754062000,NetCashProvidedByUsedInFinancingActivities,USD,2023-02-21,10-K,2020-12-31,1002742000,NetCashProvidedByUsedInInvestingActivities,USD,2023-02-21,10-K,2020-12-31,96356000,NetCashProvidedByUsedInOperatingActivities,USD,2023-02-21,10-K,2020-12-31,through_ocf,True,,,-1.214036,0.331107,19.37504,-2.591171,3.445707
2023Q1,2023-02-01,BSX,885725,BOSTON SCIENTIFIC CORPORATION,$2B-$10B,,8761000000,RevenueFromContractWithCustomerExcludingAssessedTax,USD,2022-11-03,10-Q,2021-09-30,946000000,ProfitLoss,USD,2022-11-03,10-Q,2021-09-30,32229000000,Assets,USD,2022-11-03,10-Q,2021-12-31,-87000000,NetCashProvidedByUsedInFinancingActivities,USD,2022-11-03,10-Q,2021-09-30,-1136000000,NetCashProvidedByUsedInInvestingActivities,USD,2022-11-03,10-Q,2021-09-30,1392000000,NetCashProvidedByUsedInOperatingActivities,USD,2022-11-03,10-Q,2021-09-30,through_ocf,True,,,0.107979,0.158886,3.67869,-0.00993,-0.129666
2023Q1,2023-02-28,BSY,1031308,"BENTLEY SYSTEMS, INCORPORATED",$500M-$1B,,801544000,RevenueFromContractWithCustomerExcludingAssessedTax,USD,2023-02-28,10-K,2020-12-31,126521000,NetIncomeLoss,USD,2023-02-28,10-K,2020-12-31,2659243000,Assets,USD,2023-02-28,10-K,2021-12-31,-136511000,NetCashProvidedByUsedInFinancingActivities,USD,2023-02-28,10-K,2020-12-31,-117333000,NetCashProvidedByUsedInInvestingActivities,USD,2023-02-28,10-K,2020-12-31,258340000,NetCashProvidedByUsedInOperatingActivities,USD,2023-02-28,10-K,2020-12-31,through_ocf,True,,,0.157847,0.322303,3.317651,-0.17031,-0.146384
2023Q1,2023-02-14,BTU,1064728,PEABODY ENERGY CORPORATION,$2B-$10B,,2053700000,Revenues,USD,2022-11-03,10-Q,2021-09-30,-152900000,NetIncomeLoss,USD,2022-11-03,10-Q,2021-09-30,4949800000,Assets,USD,2022-11-03,10-Q,2021-12-31,15900000,NetCashProvidedByUsedInFinancingActivities,USD,2022-11-03,10-Q,2021-09-30,-119700000,NetCashProvidedByUsedInInvestingActivities,USD,2022-11-03,10-Q,2021-09-30,-18400000,NetCashProvidedByUsedInOperatingActivities,USD,2022-11-03,10-Q,2021-09-30,through_ocf,True,,,-0.074451,-0.008959,2.410186,0.007742,-0.058285
2023Q1,2023-02-07,BV,1734713,"BrightView Holdings, Inc.",$1B-$2B,,1658864000,RevenueFromContractWithCustomerExcludingAssessedTax,USD,2018-08-09,10-Q,2017-06-30,-12800000,NetIncomeLoss,USD,2023-02-07,10-Q,2021-12-31,3305500000,Assets,USD,2023-02-07,10-Q,2022-09-30,65200000,NetCashProvidedByUsedInFinancingActivities,USD,2023-02-07,10-Q,2021-12-31,-33700000,NetCashProvidedByUsedInInvestingActivities,USD,2023-02-07,10-Q,2021-12-31,-22400000,NetCashProvidedByUsedInOperatingActivities,USD,2023-02-07,10-Q,2021-12-31,through_ocf,True,,,-0.007716,-0.013503,1.992629,0.039304,-0.020315
2023Q1,2023-03-31,BVS,1665988,BIOVENTUS INC.,$100M-$500M,,321161000,RevenueFromContractWithCustomerExcludingAssessedTax,USD,2023-03-31,10-K,2020-12-31,16411000,NetIncomeLoss,USD,2023-03-31,10-K,2020-12-31,1225862000,Assets,USD,2023-03-31,10-K,2021-12-31,-29569000,NetCashProvidedByUsedInFinancingActivities,USD,2023-03-31,10-K,2020-12-31,-20500000,NetCashProvidedByUsedInInvestingActivities,USD,2023-03-31,10-K,2020-12-31,71799000,NetCashProvidedByUsedInOperatingActivities,USD,2023-03-31,10-K,2020-12-31,through_ocf,True,,,0.051099,0.223561,3.81697,-0.092069,-0.063831
2023Q1,2023-02-28,BWIN,1781755,"The Baldwin Insurance Group, Inc.",,,,,,,,,-15696000,NetIncomeLoss,USD,2023-02-28,10-K,2020-12-31,2876307000,Assets,USD,2023-02-28,10-K,2021-12-31,711943000,NetCashProvidedByUsedInFinancingActivities,USD,2023-02-28,10-K,2020-12-31,-677809000,NetCashProvidedByUsedInInvestingActivities,USD,2023-02-28,10-K,2020-12-31,36817000,NetCashProvidedByUsedInOperatingActivities,USD,2023-02-28,10-K,2020-12-31,through_ocf,False,,revenue,,,,,
2023Q1,2023-02-23,BWXT,1486957,"BWX TECHNOLOGIES, INC.",$2B-$10B,,2123516000,RevenueFromContractWithCustomerExcludingAssessedTax,USD,2023-02-23,10-K,2020-12-31,278670000,NetIncomeLoss,USD,2023-02-23,10-K,2020-12-31,2501380000,Assets,USD,2023-02-23,10-K,2021-12-31,25046000,NetCashProvidedByUsedInFinancingActivities,USD,2023-02-23,10-K,2020-12-31,-265319000,NetCashProvidedByUsedInInvestingActivities,USD,2023-02-23,10-K,2020-12-31,196442000,NetCashProvidedByUsedInOperatingActivities,USD,2023-02-23,10-K,2020-12-31,through_ocf,True,,,0.13123,0.092508,1.177943,0.011795,-0.124943
2023Q1,2023-01-26,BX,1393818,Blackstone Inc.,>$10B,,16814491000,Revenues,USD,2022-11-04,10-Q,2021-09-30,4458919000,NetIncomeLoss,USD,2022-11-04,10-Q,2021-09-30,41196408000,Assets,USD,2022-11-04,10-Q,2021-12-31,-1686530000,NetCashProvidedByUsedInFinancingActivities,USD,2022-11-04,10-Q,2021-09-30,-44456000,NetCashProvidedByUsedInInvestingActivities,USD,2022-11-04,10-Q,2021-09-30,4799935000,NetCashProvidedByUsedInOperatingActivities,USD,2022-11-04,10-Q,2021-09-30,through_ocf,True,,,0.265183,0.285464,2.450054,-0.100302,-0.002644
2023Q1,2023-02-21,BXC,1301787,BlueLinx Holdings Inc.,$2B-$10B,,3097328000,RevenueFromContractWithCustomerExcludingAssessedTax,USD,2023-02-21,10-K,2021-01-02,80882000,NetIncomeLoss,USD,2023-02-21,10-K,2021-01-02,1317454000,Assets,USD,2023-02-21,10-K,2022-01-01,-75740000,NetCashProvidedByUsedInFinancingActivities,USD,2023-02-21,10-K,2021-01-02,9160000,NetCashProvidedByUsedInInvestingActivities,USD,2023-02-21,10-K,2021-01-02,55019000,NetCashProvidedByUsedInOperatingActivities,USD,2023-02-21,10-K,2021-01-02,through_ocf,True,,,0.026113,0.017763,0.425352,-0.024453,0.002957
2023Q1,2023-02-01,BXP,1037540,"BXP, INC.",$2B-$10B,,2157558000,Revenues,USD,2022-11-04,10-Q,2021-09-30,320652000,NetIncomeLoss,USD,2022-11-04,10-Q,2021-09-30,22365258000,Assets,USD,2022-11-04,10-Q,2021-12-31,-425899000,NetCashProvidedByUsedInFinancingActivities,USD,2022-11-04,10-Q,2021-09-30,-998368000,NetCashProvidedByUsedInInvestingActivities,USD,2022-11-04,10-Q,2021-09-30,786859000,NetCashProvidedByUsedInOperatingActivities,USD,2022-11-04,10-Q,2021-09-30,through_ocf,True,,,0.148618,0.364699,10.366005,-0.197399,-0.462731
2023Q1,2023-02-02,BZH,915840,"BEAZER HOMES USA, INC.",$100M-$500M,,454149000,RevenueFromContractWithCustomerExcludingAssessedTax,USD,2023-02-02,10-Q,2021-12-31,34885000,NetIncomeLoss,USD,2023-02-02,10-Q,2021-12-31,2251963000,Assets,USD,2023-02-02,10-Q,2022-09-30,-6618000,NetCashProvidedByUsedInFinancingActivities,USD,2023-02-02,10-Q,2021-12-31,-2811000,NetCashProvidedByUsedInInvestingActivities,USD,2023-02-02,10-Q,2021-12-31,-77817000,NetCashProvidedByUsedInOperatingActivities,USD,2023-02-02,10-Q,2021-12-31,through_ocf,True,,,0.076814,-0.171347,4.958644,-0.014572,-0.00619
2023Q1,2023-02-23,CABO,1632127,"Cable One, Inc.",$500M-$1B,,807266000,SalesRevenueNet,USD,2018-03-01,10-K,2015-12-31,226989000,NetIncomeLoss,USD,2022-11-04,10-Q,2021-09-30,6953994000,Assets,USD,2022-11-04,10-Q,2021-12-31,1607061000,NetCashProvidedByUsedInFinancingActivities,USD,2022-11-04,10-Q,2021-09-30,-2222719000,NetCashProvidedByUsedInInvestingActivities,USD,2022-11-04,10-Q,2021-09-30,530286000,NetCashProvidedByUsedInOperatingActivities,USD,2022-11-04,10-Q,2021-09-30,through_ocf,True,,,0.281182,0.656891,8.614254,1.990745,-2.753391
2023Q1,2023-01-31,CACC,885550,CREDIT ACCEPTANCE CORP,$1B-$2B,,1392800000,Revenues,USD,2022-11-01,10-Q,2021-09-30,740700000,NetIncomeLoss,USD,2022-11-01,10-Q,2021-09-30,7050900000,Assets,USD,2022-11-01,10-Q,2021-12-31,-1106400000,NetCashProvidedByUsedInFinancingActivities,USD,2022-11-01,10-Q,2021-09-30,214200000,NetCashProvidedByUsedInInvestingActivities,USD,2022-11-01,10-Q,2021-09-30,938300000,NetCashProvidedByUsedInOperatingActivities,USD,2022-11-01,10-Q,2021-09-30,through_ocf,True,,,0.531806,0.673679,5.062392,-0.794371,0.153791
2023Q1,2023-01-05,CAG,23217,"CONAGRA BRANDS, INC.",$2B-$10B,,5712200000,RevenueFromContractWithCustomerExcludingAssessedTax,USD,2023-01-05,10-Q,2021-11-28,235400000,NetIncomeLoss,USD,2023-01-05,10-Q,2021-08-29,22435100000,Assets,USD,2023-01-05,10-Q,2022-05-29,-23700000,NetCashProvidedByUsedInFinancingActivities,USD,2023-01-05,10-Q,2021-11-28,-244200000,NetCashProvidedByUsedInInvestingActivities,USD,2023-01-05,10-Q,2021-11-28,262100000,NetCashProvidedByUsedInOperatingActivities,USD,2023-01-05,10-Q,2021-11-28,through_ocf,True,,,0.04121,0.045884,3.927576,-0.004149,-0.042751
2023Q1,2023-02-22,CAKE,887596,THE CHEESECAKE FACTORY INCORPORATED,$2B-$10B,,2100609000,SalesRevenueNet,USD,2018-02-28,10-K,2015-12-29,3868000,NetIncomeLoss,USD,2022-11-02,10-Q,2021-03-30,2798125000,Assets,USD,2022-11-02,10-Q,2021-12-28,-91303000,NetCashProvidedByUsedInFinancingActivities,USD,2022-11-02,10-Q,2021-09-28,-50923000,NetCashProvidedByUsedInInvestingActivities,USD,2022-11-02,10-Q,2021-09-28,119160000,NetCashProvidedByUsedInOperatingActivities,USD,2022-11-02,10-Q,2021-09-28,through_ocf,True,,,0.001841,0.056726,1.332054,-0.043465,-0.024242
2023Q1,2023-02-15,CAL,14707,"CALERES, INC.",$500M-$1B,,632142000,Revenues,USD,2019-06-13,10-Q,2018-05-05,103165000,NetIncomeLoss,USD,2022-12-06,10-Q,2021-10-30,1874558000,Assets,USD,2022-12-06,10-Q,2021-10-30,-188656000,NetCashProvidedByUsedInFinancingActivities,USD,2022-12-06,10-Q,2021-10-30,-14559000,NetCashProvidedByUsedInInvestingActivities,USD,2022-12-06,10-Q,2021-10-30,189728000,NetCashProvidedByUsedInOperatingActivities,USD,2022-12-06,10-Q,2021-10-30,through_ocf,True,,,0.163199,0.300135,2.965407,-0.298439,-0.023031
2023Q1,2023-03-28,CALM,16160,"Cal-Maine Foods, Inc.",$1B-$2B,,1184195000,RevenueFromContractWithCustomerExcludingAssessedTax,USD,2023-03-28,10-Q,2022-02-26,22664000,NetIncomeLoss,USD,2023-03-28,10-Q,2022-02-26,1427489000,Assets,USD,2023-03-28,10-Q,2022-05-28,-1277000,NetCashProvidedByUsedInFinancingActivities,USD,2023-03-28,10-Q,2022-02-26,-61310000,NetCashProvidedByUsedInInvestingActivities,USD,2023-03-28,10-Q,2022-02-26,20824000,NetCashProvidedByUsedInOperatingActivities,USD,2023-03-28,10-Q,2022-02-26,through_ocf,True,,,0.019139,0.017585,1.205451,-0.001078,-0.051774
2023Q1,2023-01-25,CALX,1406666,"Calix, Inc.",$500M-$1B,,502975000,RevenueFromContractWithCustomerExcludingAssessedTax,USD,2022-10-25,10-Q,2021-10-02,218497000,NetIncomeLoss,USD,2022-10-25,10-Q,2021-10-02,742032000,Assets,USD,2022-10-25,10-Q,2021-12-31,18041000,NetCashProvidedByUsedInFinancingActivities,USD,2022-10-25,10-Q,2021-10-02,-82780000,NetCashProvidedByUsedInInvestingActivities,USD,2022-10-25,10-Q,2021-10-02,44175000,NetCashProvidedByUsedInOperatingActivities,USD,2022-10-25,10-Q,2021-10-02,through_ocf,True,,,0.434409,0.087827,1.475286,0.035869,-0.164581
2023Q1,2023-02-09,CALY,837465,Callaway Golf Company,$2B-$10B,,2421700000,RevenueFromContractWithCustomerExcludingAssessedTax,USD,2022-11-04,10-Q,2021-09-30,348200000,NetIncomeLoss,USD,2022-11-04,10-Q,2021-09-30,7747800000,Assets,USD,2022-11-04,10-Q,2021-12-31,-86300000,NetCashProvidedByUsedInFinancingActivities,USD,2022-11-04,10-Q,2021-09-30,-9000000,NetCashProvidedByUsedInInvestingActivities,USD,2022-11-04,10-Q,2021-09-30,246800000,NetCashProvidedByUsedInOperatingActivities,USD,2022-11-04,10-Q,2021-09-30,through_ocf,True,,,0.143783,0.101912,3.199323,-0.035636,-0.003716
2023Q1,2023-02-13,CAR,723612,"Avis Budget Group, Inc.",$2B-$10B,,6744000000,Revenues,USD,2022-11-01,10-Q,2021-09-30,903000000,NetIncomeLoss,USD,2022-11-01,10-Q,2021-09-30,22600000000,Assets,USD,2022-11-01,10-Q,2021-12-31,2578000000,NetCashProvidedByUsedInFinancingActivities,USD,2022-11-01,10-Q,2021-09-30,-4931000000,NetCashProvidedByUsedInInvestingActivities,USD,2022-11-01,10-Q,2021-09-30,2548000000,NetCashProvidedByUsedInOperatingActivities,USD,2022-11-01,10-Q,2021-09-30,through_ocf,True,,,0.133897,0.377817,3.351127,0.382266,-0.731168
2023Q1,2023-02-28,CARG,1494259,"CARGURUS, INC.",$500M-$1B,,612031000,RevenueFromContractWithCustomerExcludingAssessedTax,USD,2022-11-08,10-Q,2021-09-30,22361000,NetIncomeLoss,USD,2022-11-08,10-Q,2021-03-31,931574000,Assets,USD,2022-11-08,10-Q,2021-12-31,-25056000,NetCashProvidedByUsedInFinancingActivities,USD,2022-11-08,10-Q,2021-09-30,-63353000,NetCashProvidedByUsedInInvestingActivities,USD,2022-11-08,10-Q,2021-09-30,135063000,NetCashProvidedByUsedInOperatingActivities,USD,2022-11-08,10-Q,2021-09-30,through_ocf,True,,,0.036536,0.22068,1.522103,-0.040939,-0.103513
2023Q1,2023-02-07,CARR,1783180,CARRIER GLOBAL CORPORATION,>$10B,,17456000000,RevenueFromContractWithCustomerExcludingAssessedTax,USD,2023-02-07,10-K,2020-12-31,2006000000,ProfitLoss,USD,2023-02-07,10-K,2020-12-31,26172000000,Assets,USD,2023-02-07,10-K,2021-12-31,-681000000,NetCashProvidedByUsedInFinancingActivities,USD,2023-02-07,10-K,2020-12-31,1106000000,NetCashProvidedByUsedInInvestingActivities,USD,2023-02-07,10-K,2020-12-31,1692000000,NetCashProvidedByUsedInOperatingActivities,USD,2023-02-07,10-K,2020-12-31,through_ocf,True,,,0.114918,0.096929,1.499313,-0.039012,0.063359
2023Q1,2023-02-23,CARS,1683606,Cars.com Inc.,$500M-$1B,,547503000,RevenueFromContractWithCustomerExcludingAssessedTax,USD,2023-02-23,10-K,2020-12-31,-789106000,NetIncomeLoss,USD,2023-02-23,10-K,2020-12-31,1007205000,Assets,USD,2023-02-23,10-K,2021-12-31,-67734000,NetCashProvidedByUsedInFinancingActivities,USD,2023-02-23,10-K,2020-12-31,-16712000,NetCashProvidedByUsedInInvestingActivities,USD,2023-02-23,10-K,2020-12-31,138616000,NetCashProvidedByUsedInOperatingActivities,USD,2023-02-23,10-K,2020-12-31,through_ocf,True,,,-1.441282,0.253179,1.839634,-0.123714,-0.030524
2023Q1,2023-01-25,CASH,907471,"PATHWARD FINANCIAL, INC",$500M-$1B,,549895000,Revenues,USD,2022-11-22,10-K,2021-09-30,21068000,NetIncomeLoss,USD,2022-11-22,10-K,2019-12-31,6092074000,Assets,USD,2022-11-22,10-K,2020-09-30,40019000,NetCashProvidedByUsedInFinancingActivities,USD,2022-11-22,10-K,2020-09-30,-206316000,NetCashProvidedByUsedInInvestingActivities,USD,2022-11-22,10-K,2020-09-30,467220000,NetCashProvidedByUsedInOperatingActivities,USD,2022-11-22,10-K,2020-09-30,through_ocf,True,,,0.038313,0.849653,11.078613,0.072776,-0.375192
2023Q1,2023-02-21,CBL,910612,"CBL & ASSOCIATES PROPERTIES, INC.",$100M-$500M,,420120000,Revenues,USD,2022-11-14,10-Q,2021-09-30,-77365000,NetIncomeLoss,USD,2022-11-14,10-Q,2021-09-30,2945979000,Assets,USD,2022-11-14,10-Q,2021-12-31,-32168000,NetCashProvidedByUsedInFinancingActivities,USD,2022-11-14,10-Q,2021-09-30,139180000,NetCashProvidedByUsedInInvestingActivities,USD,2022-11-14,10-Q,2021-09-30,202170000,NetCashProvidedByUsedInOperatingActivities,USD,2022-11-14,10-Q,2021-09-30,through_ocf,True,,,-0.18415,0.48122,7.012232,-0.076569,0.331286
2023Q1,2023-02-03,CBOE,1374310,"Cboe Global Markets, Inc.",$500M-$1B,,663800000,Revenues,USD,2018-02-22,10-K,2015-12-31,137200000,NetIncomeLoss,USD,2022-11-04,10-Q,2021-03-31,6814500000,Assets,USD,2022-11-04,10-Q,2021-12-31,-146500000,NetCashProvidedByUsedInFinancingActivities,USD,2022-11-04,10-Q,2021-09-30,-136500000,NetCashProvidedByUsedInInvestingActivities,USD,2022-11-04,10-Q,2021-09-30,1285400000,NetCashProvidedByUsedInOperatingActivities,USD,2022-11-04,10-Q,2021-09-30,through_ocf,True,,,0.206689,1.936427,10.265893,-0.220699,-0.205634
2023Q1,2023-02-28,CBRL,1067294,"CRACKER BARREL OLD COUNTRY STORE, INC.",$1B-$2B,,1647190000,RevenueFromContractWithCustomerExcludingAssessedTax,USD,2023-02-28,10-Q,2022-01-28,33376000,NetIncomeLoss,USD,2023-02-28,10-Q,2021-10-29,2294911000,Assets,USD,2023-02-28,10-Q,2022-07-29,-141447000,NetCashProvidedByUsedInFinancingActivities,USD,2023-02-28,10-Q,2022-01-28,-31230000,NetCashProvidedByUsedInInvestingActivities,USD,2023-02-28,10-Q,2022-01-28,107793000,NetCashProvidedByUsedInOperatingActivities,USD,2023-02-28,10-Q,2022-01-28,through_ocf,True,,,0.020262,0.065441,1.393228,-0.085872,-0.01896
2023Q1,2023-02-09,CBT,16040,CABOT CORPORATION,$500M-$1B,,968000000,Revenues,USD,2023-02-09,10-Q,2021-12-31,-89000000,NetIncomeLoss,USD,2023-02-09,10-Q,2021-12-31,3525000000,Assets,USD,2023-02-09,10-Q,2022-09-30,103000000,NetCashProvidedByUsedInFinancingActivities,USD,2023-02-09,10-Q,2021-12-31,-29000000,NetCashProvidedByUsedInInvestingActivities,USD,2023-02-09,10-Q,2021-12-31,-49000000,NetCashProvidedByUsedInOperatingActivities,USD,2023-02-09,10-Q,2021-12-31,through_ocf,True,,,-0.091942,-0.05062,3.641529,0.106405,-0.029959
2023Q1,2023-02-17,CBZ,944148,"CBIZ, INC.",$500M-$1B,,862097000,RevenueFromContractWithCustomerExcludingAssessedTax,USD,2022-10-28,10-Q,2021-09-30,80507000,NetIncomeLoss,USD,2022-10-28,10-Q,2021-09-30,1627934000,Assets,USD,2022-10-28,10-Q,2021-12-31,1678000,NetCashProvidedByUsedInFinancingActivities,USD,2022-10-28,10-Q,2021-09-30,-70728000,NetCashProvidedByUsedInInvestingActivities,USD,2022-10-28,10-Q,2021-09-30,80946000,NetCashProvidedByUsedInOperatingActivities,USD,2022-10-28,10-Q,2021-09-30,through_ocf,True,,,0.093385,0.093894,1.888342,0.001946,-0.082042
2023Q1,2023-02-09,CC,1627223,The Chemours Company,$2B-$10B,,4770000000,RevenueFromContractWithCustomerExcludingAssessedTax,USD,2022-10-26,10-Q,2021-09-30,375000000,NetIncomeLoss,USD,2022-10-26,10-Q,2021-09-30,7550000000,Assets,USD,2022-10-26,10-Q,2021-12-31,-359000000,NetCashProvidedByUsedInFinancingActivities,USD,2022-10-26,10-Q,2021-09-30,-202000000,NetCashProvidedByUsedInInvestingActivities,USD,2022-10-26,10-Q,2021-09-30,606000000,NetCashProvidedByUsedInOperatingActivities,USD,2022-10-26,10-Q,2021-09-30,through_ocf,True,,,0.078616,0.127044,1.582809,-0.075262,-0.042348
2023Q1,2023-03-01,CCC,1818201,CCC Intelligent Solutions Holdings Inc.,$500M-$1B,,633063000,Revenues,USD,2023-03-01,10-K,2020-12-31,-16876000,NetIncomeLoss,USD,2023-03-01,10-K,2020-12-31,3237526000,Assets,USD,2023-03-01,10-K,2021-12-31,-4421000,NetCashProvidedByUsedInFinancingActivities,USD,2023-03-01,10-K,2020-12-31,-30667000,NetCashProvidedByUsedInInvestingActivities,USD,2023-03-01,10-K,2020-12-31,103943000,NetCashProvidedByUsedInOperatingActivities,USD,2023-03-01,10-K,2020-12-31,through_ocf,True,,,-0.026658,0.164191,5.114066,-0.006984,-0.048442
2023Q1,2023-01-25,CCI,1051470,Crown Castle Inc.,$2B-$10B,,4686000000,Revenues,USD,2022-11-04,10-Q,2021-09-30,743000000,ProfitLoss,USD,2022-11-04,10-Q,2021-09-30,39040000000,Assets,USD,2022-11-04,10-Q,2021-12-31,-921000000,NetCashProvidedByUsedInFinancingActivities,USD,2022-11-04,10-Q,2021-09-30,-911000000,NetCashProvidedByUsedInInvestingActivities,USD,2022-11-04,10-Q,2021-09-30,2055000000,NetCashProvidedByUsedInOperatingActivities,USD,2022-11-04,10-Q,2021-09-30,through_ocf,True,,,0.158557,0.43854,8.331199,-0.196543,-0.194409
2023Q1,2023-03-27,CCL,815097,Carnival Corporation,$2B-$10B,,5595000000,RevenueFromContractWithCustomerExcludingAssessedTax,USD,2023-01-27,10-K,2020-11-30,-10236000000,NetIncomeLoss,USD,2023-01-27,10-K,2020-11-30,53593000000,Assets,USD,2023-01-27,10-K,2020-11-30,18650000000,NetCashProvidedByUsedInFinancingActivities,USD,2023-01-27,10-K,2020-11-30,-3240000000,NetCashProvidedByUsedInInvestingActivities,USD,2023-01-27,10-K,2020-11-30,-6301000000,NetCashProvidedByUsedInOperatingActivities,USD,2023-01-27,10-K,2020-11-30,through_ocf,True,,,-1.829491,-1.126184,9.578731,3.333333,-0.579088
2023Q1,2023-02-23,CCOI,1158324,"COGENT COMMUNICATIONS HOLDINGS, INC.",$100M-$500M,,359949000,SalesRevenueNet,USD,2018-11-01,10-Q,2017-09-30,29678000,ProfitLoss,USD,2022-11-04,10-Q,2021-09-30,984557000,Assets,USD,2022-11-04,10-Q,2021-12-31,-94554000,NetCashProvidedByUsedInFinancingActivities,USD,2022-11-04,10-Q,2021-09-30,-54620000,NetCashProvidedByUsedInInvestingActivities,USD,2022-11-04,10-Q,2021-09-30,134273000,NetCashProvidedByUsedInOperatingActivities,USD,2022-11-04,10-Q,2021-09-30,through_ocf,True,,,0.082451,0.373033,2.735268,-0.262687,-0.151744
2023Q1,2023-02-22,CCRN,1141103,"Cross Country Healthcare, Inc",$1B-$2B,,1035973000,RevenueFromContractWithCustomerExcludingAssessedTax,USD,2022-11-03,10-Q,2021-09-30,54429000,NetIncomeLoss,USD,2022-11-03,10-Q,2021-09-30,732809000,Assets,USD,2022-11-03,10-Q,2021-12-31,40869000,NetCashProvidedByUsedInFinancingActivities,USD,2022-11-03,10-Q,2021-09-30,-29360000,NetCashProvidedByUsedInInvestingActivities,USD,2022-11-03,10-Q,2021-09-30,-12253000,NetCashProvidedByUsedInOperatingActivities,USD,2022-11-03,10-Q,2021-09-30,through_ocf,True,,,0.052539,-0.011828,0.707363,0.03945,-0.028341
2023Q1,2023-02-01,CCS,1576940,"Century Communities, Inc.",$2B-$10B,,3009512000,Revenues,USD,2022-10-27,10-Q,2021-09-30,333538000,NetIncomeLoss,USD,2022-10-27,10-Q,2021-09-30,3496876000,Assets,USD,2022-10-27,10-Q,2021-12-31,20553000,NetCashProvidedByUsedInFinancingActivities,USD,2022-10-27,10-Q,2021-09-30,-4329000,NetCashProvidedByUsedInInvestingActivities,USD,2022-10-27,10-Q,2021-09-30,82780000,NetCashProvidedByUsedInOperatingActivities,USD,2022-10-27,10-Q,2021-09-30,through_ocf,True,,,0.110828,0.027506,1.161941,0.006829,-0.001438
2023Q1,2023-02-22,CDE,215466,"Coeur Mining, Inc.",$500M-$1B,,785461000,RevenueFromContractWithCustomerExcludingAssessedTax,USD,2023-02-22,10-K,2020-12-31,25627000,NetIncomeLoss,USD,2023-02-22,10-K,2020-12-31,1734422000,Assets,USD,2023-02-22,10-K,2021-12-31,-46535000,NetCashProvidedByUsedInFinancingActivities,USD,2023-02-22,10-K,2020-12-31,-65671000,NetCashProvidedByUsedInInvestingActivities,USD,2023-02-22,10-K,2020-12-31,148709000,NetCashProvidedByUsedInOperatingActivities,USD,2023-02-22,10-K,2020-12-31,through_ocf,True,,,0.032627,0.189327,2.208158,-0.059245,-0.083608
2023Q1,2023-02-13,CDNS,813672,"CADENCE DESIGN SYSTEMS, INC.",$2B-$10B,,2682891000,RevenueFromContractWithCustomerExcludingAssessedTax,USD,2023-02-13,10-K,2021-01-02,590644000,NetIncomeLoss,USD,2023-02-13,10-K,2021-01-02,4386299000,Assets,USD,2023-02-13,10-K,2022-01-01,-415289000,NetCashProvidedByUsedInFinancingActivities,USD,2023-02-13,10-K,2021-01-02,-292158000,NetCashProvidedByUsedInInvestingActivities,USD,2023-02-13,10-K,2021-01-02,904922000,NetCashProvidedByUsedInOperatingActivities,USD,2023-02-13,10-K,2021-01-02,through_ocf,True,,,0.220152,0.337294,1.634915,-0.154792,-0.108897
2023Q1,2023-02-09,CDP,860546,COPT DEFENSE PROPERTIES,$100M-$500M,,478514000,Revenues,USD,2022-11-01,10-Q,2021-09-30,66613000,ProfitLoss,USD,2022-11-01,10-Q,2021-09-30,4151138000,Assets,USD,2022-11-01,10-Q,2021-09-30,-91799000,NetCashProvidedByUsedInFinancingActivities,USD,2022-11-01,10-Q,2021-09-30,-111992000,NetCashProvidedByUsedInInvestingActivities,USD,2022-11-01,10-Q,2021-09-30,199903000,NetCashProvidedByUsedInOperatingActivities,USD,2022-11-01,10-Q,2021-09-30,through_ocf,True,,,0.139208,0.417758,8.675061,-0.191842,-0.234041
2023Q1,2023-03-15,CDRE,1860543,"CADRE HOLDINGS, INC.",$100M-$500M,,427288000,RevenueFromContractWithCustomerExcludingAssessedTax,USD,2023-03-15,10-K,2021-12-31,12661000,NetIncomeLoss,USD,2023-03-15,10-K,2021-12-31,311796000,Assets,USD,2023-03-15,10-K,2021-12-31,-6596000,NetCashProvidedByUsedInFinancingActivities,USD,2023-03-15,10-K,2021-12-31,-2832000,NetCashProvidedByUsedInInvestingActivities,USD,2023-03-15,10-K,2021-12-31,40094000,NetCashProvidedByUsedInOperatingActivities,USD,2023-03-15,10-K,2021-12-31,through_ocf,True,,,0.029631,0.093834,0.729709,-0.015437,-0.006628
2023Q1,2023-02-08,CDW,1402057,CDW CORP,>$10B,,15283900000,RevenueFromContractWithCustomerExcludingAssessedTax,USD,2022-11-02,10-Q,2021-09-30,773300000,NetIncomeLoss,USD,2022-11-02,10-Q,2021-09-30,13199400000,Assets,USD,2022-11-02,10-Q,2021-12-31,-1431800000,NetCashProvidedByUsedInFinancingActivities,USD,2022-11-02,10-Q,2021-09-30,-369900000,NetCashProvidedByUsedInInvestingActivities,USD,2022-11-02,10-Q,2021-09-30,636700000,NetCashProvidedByUsedInOperatingActivities,USD,2022-11-02,10-Q,2021-09-30,through_ocf,True,,,0.050596,0.041658,0.863615,-0.09368,-0.024202
2023Q1,2023-01-10,CECO,3197,CECO ENVIRONMENTAL CORP.,$100M-$500M,,230551000,RevenueFromContractWithCustomerExcludingAssessedTax,USD,2022-11-07,10-Q,2021-09-30,224000,NetIncomeLoss,USD,2022-11-07,10-Q,2021-09-30,416197000,Assets,USD,2022-11-07,10-Q,2021-12-31,-11835000,NetCashProvidedByUsedInFinancingActivities,USD,2022-11-07,10-Q,2021-09-30,-1207000,NetCashProvidedByUsedInInvestingActivities,USD,2022-11-07,10-Q,2021-09-30,10232000,NetCashProvidedByUsedInOperatingActivities,USD,2022-11-07,10-Q,2021-09-30,through_ocf,True,,,0.000972,0.044381,1.805227,-0.051334,-0.005235
2023Q1,2023-02-23,CENX,949157,CENTURY ALUMINUM COMPANY,$1B-$2B,,1553400000,RevenueFromContractWithCustomerExcludingAssessedTax,USD,2022-11-07,10-Q,2021-09-30,-227500000,NetIncomeLoss,USD,2022-11-07,10-Q,2021-09-30,1569900000,Assets,USD,2022-11-07,10-Q,2021-12-31,42400000,NetCashProvidedByUsedInFinancingActivities,USD,2022-11-07,10-Q,2021-09-30,-45700000,NetCashProvidedByUsedInInvestingActivities,USD,2022-11-07,10-Q,2021-09-30,-12100000,NetCashProvidedByUsedInOperatingActivities,USD,2022-11-07,10-Q,2021-09-30,through_ocf,True,,,-0.146453,-0.007789,1.010622,0.027295,-0.029419
2023Q1,2023-02-15,CF,1324404,"CF Industries Holdings, Inc.",$2B-$10B,,3998000000,Revenues,USD,2022-11-03,10-Q,2021-09-30,401000000,ProfitLoss,USD,2022-11-03,10-Q,2021-09-30,12375000000,Assets,USD,2022-11-03,10-Q,2021-12-31,-936000000,NetCashProvidedByUsedInFinancingActivities,USD,2022-11-03,10-Q,2021-09-30,-383000000,NetCashProvidedByUsedInInvestingActivities,USD,2022-11-03,10-Q,2021-09-30,1393000000,NetCashProvidedByUsedInOperatingActivities,USD,2022-11-03,10-Q,2021-09-30,through_ocf,True,,,0.1003,0.348424,3.095298,-0.234117,-0.095798
2023Q1,2023-01-17,CFG,759944,CITIZENS FINANCIAL GROUP INC/RI,$2B-$10B,,4927000000,Revenues,USD,2022-11-04,10-Q,2021-09-30,1789000000,NetIncomeLoss,USD,2022-11-04,10-Q,2021-09-30,188409000000,Assets,USD,2022-11-04,10-Q,2021-12-31,2800000000,NetCashProvidedByUsedInFinancingActivities,USD,2022-11-04,10-Q,2021-09-30,-2987000000,NetCashProvidedByUsedInInvestingActivities,USD,2022-11-04,10-Q,2021-09-30,1170000000,NetCashProvidedByUsedInOperatingActivities,USD,2022-11-04,10-Q,2021-09-30,through_ocf,True,,,0.363101,0.237467,38.240106,0.568297,-0.606251
2023Q1,2023-01-26,CFLT,1699838,"CONFLUENT, INC.",$100M-$500M,,267936000,RevenueFromContractWithCustomerExcludingAssessedTax,USD,2022-11-02,10-Q,2021-09-30,-228362000,NetIncomeLoss,USD,2022-11-02,10-Q,2021-09-30,2342729000,Assets,USD,2022-11-02,10-Q,2021-12-31,831168000,NetCashProvidedByUsedInFinancingActivities,USD,2022-11-02,10-Q,2021-09-30,-204332000,NetCashProvidedByUsedInInvestingActivities,USD,2022-11-02,10-Q,2021-09-30,-81184000,NetCashProvidedByUsedInOperatingActivities,USD,2022-11-02,10-Q,2021-09-30,through_ocf,True,,,-0.852301,-0.302998,8.743614,3.102114,-0.762615
2023Q1,2023-02-16,CGNX,851205,Cognex Corporation,$500M-$1B,,811020000,RevenueFromContractWithCustomerExcludingAssessedTax,USD,2023-02-16,10-K,2020-12-31,176186000,NetIncomeLoss,USD,2023-02-16,10-K,2020-12-31,2003662000,Assets,USD,2023-02-16,10-K,2021-12-31,-316868000,NetCashProvidedByUsedInFinancingActivities,USD,2023-02-16,10-K,2020-12-31,169439000,NetCashProvidedByUsedInInvestingActivities,USD,2023-02-16,10-K,2020-12-31,242400000,NetCashProvidedByUsedInOperatingActivities,USD,2023-02-16,10-K,2020-12-31,through_ocf,True,,,0.21724,0.298883,2.470546,-0.390703,0.208921
2023Q1,2023-02-03,CHD,313927,"CHURCH & DWIGHT CO., INC.",$2B-$10B,,3821400000,RevenueFromContractWithCustomerExcludingAssessedTax,USD,2022-10-28,10-Q,2021-09-30,220700000,NetIncomeLoss,USD,2022-10-28,10-Q,2021-03-31,7996500000,Assets,USD,2022-10-28,10-Q,2021-12-31,-585400000,NetCashProvidedByUsedInFinancingActivities,USD,2022-10-28,10-Q,2021-09-30,-69700000,NetCashProvidedByUsedInInvestingActivities,USD,2022-10-28,10-Q,2021-09-30,653600000,NetCashProvidedByUsedInOperatingActivities,USD,2022-10-28,10-Q,2021-09-30,through_ocf,True,,,0.057754,0.171037,2.092558,-0.15319,-0.018239
2023Q1,2023-02-22,CHDN,20212,Churchill Downs Inc,$1B-$2B,,1054000000,Revenues,USD,2023-02-22,10-K,2020-12-31,-81900000,NetIncomeLoss,USD,2023-02-22,10-K,2020-12-31,2981600000,Assets,USD,2023-02-22,10-K,2021-12-31,76000000,NetCashProvidedByUsedInFinancingActivities,USD,2023-02-22,10-K,2020-12-31,-239400000,NetCashProvidedByUsedInInvestingActivities,USD,2023-02-22,10-K,2020-12-31,76900000,NetCashProvidedByUsedInOperatingActivities,USD,2021-07-28,10-Q,2020-06-30,through_ocf,True,,,-0.077704,0.07296,2.828843,0.072106,-0.227135
2023Q1,2023-02-15,CHEF,1517175,"THE CHEFS’ WAREHOUSE, INC.",$1B-$2B,,1187506000,RevenueFromContractWithCustomerExcludingAssessedTax,USD,2022-10-26,10-Q,2021-09-24,-17921000,NetIncomeLoss,USD,2022-10-26,10-Q,2021-03-26,1073795000,Assets,USD,2022-10-26,10-Q,2021-12-24,-7493000,NetCashProvidedByUsedInFinancingActivities,USD,2022-10-26,10-Q,2021-09-24,-25152000,NetCashProvidedByUsedInInvestingActivities,USD,2022-10-26,10-Q,2021-09-24,-26330000,NetCashProvidedByUsedInOperatingActivities,USD,2022-10-26,10-Q,2021-09-24,through_ocf,True,,,-0.015091,-0.022173,0.904244,-0.00631,-0.021181
2023Q1,2023-02-22,CHRD,1486159,Chord Energy Corporation,$1B-$2B,,1058350000,RevenueFromContractWithCustomerExcludingAssessedTax,USD,2022-11-03,10-Q,2021-09-30,101722000,NetIncomeLoss,USD,2022-11-03,10-Q,2021-09-30,3026787000,Assets,USD,2022-11-03,10-Q,2021-12-31,272667000,NetCashProvidedByUsedInFinancingActivities,USD,2022-11-03,10-Q,2021-09-30,-89031000,NetCashProvidedByUsedInInvestingActivities,USD,2022-11-03,10-Q,2021-09-30,644746000,NetCashProvidedByUsedInOperatingActivities,USD,2022-11-03,10-Q,2021-09-30,through_ocf,True,,,0.096114,0.609199,2.859911,0.257634,-0.084122
2023Q1,2023-02-01,CHRW,1043277,"C.H. ROBINSON WORLDWIDE, INC.",>$10B,,16600290000,RevenueFromContractWithCustomerExcludingAssessedTax,USD,2022-11-04,10-Q,2021-09-30,173305000,NetIncomeLoss,USD,2022-11-04,10-Q,2021-03-31,6602606000,Assets,USD,2022-11-04,10-Q,2021-09-30,9911000,NetCashProvidedByUsedInFinancingActivities,USD,2022-11-04,10-Q,2021-09-30,-67314000,NetCashProvidedByUsedInInvestingActivities,USD,2022-11-04,10-Q,2021-09-30,19100000,NetCashProvidedByUsedInOperatingActivities,USD,2022-11-04,10-Q,2021-09-30,through_ocf,True,,,0.01044,0.001151,0.39774,0.000597,-0.004055
2023Q1,2023-03-06,CIEN,936395,Ciena Corp,$2B-$10B,,3532157000,Revenues,USD,2022-12-16,10-K,2020-10-31,361291000,NetIncomeLoss,USD,2022-12-16,10-K,2020-10-31,4865227000,Assets,USD,2022-12-16,10-K,2021-10-30,-87222000,NetCashProvidedByUsedInFinancingActivities,USD,2022-12-16,10-K,2020-10-31,-220242000,NetCashProvidedByUsedInInvestingActivities,USD,2022-12-16,10-K,2020-10-31,493654000,NetCashProvidedByUsedInOperatingActivities,USD,2022-12-16,10-K,2020-10-31,through_ocf,True,,,0.102286,0.13976,1.37741,-0.024694,-0.062353
2023Q1,2023-01-30,CINF,20286,Cincinnati Financial Corporation,$2B-$10B,,6307000000,Revenues,USD,2022-10-31,10-Q,2021-09-30,1476000000,NetIncomeLoss,USD,2022-10-31,10-Q,2021-09-30,31387000000,Assets,USD,2022-10-31,10-Q,2021-12-31,-442000000,NetCashProvidedByUsedInFinancingActivities,USD,2022-10-31,10-Q,2021-09-30,-891000000,NetCashProvidedByUsedInInvestingActivities,USD,2022-10-31,10-Q,2021-09-30,1518000000,NetCashProvidedByUsedInOperatingActivities,USD,2022-10-31,10-Q,2021-09-30,through_ocf,True,,,0.234026,0.240685,4.976534,-0.070081,-0.141272
2023Q1,2023-01-27,CL,21665,COLGATE-PALMOLIVE COMPANY,>$10B,,13018000000,RevenueFromContractWithCustomerExcludingAssessedTax,USD,2022-10-28,10-Q,2021-09-30,2018000000,NetIncomeLoss,USD,2022-10-28,10-Q,2021-09-30,15040000000,Assets,USD,2022-10-28,10-Q,2021-12-31,-1668000000,NetCashProvidedByUsedInFinancingActivities,USD,2022-10-28,10-Q,2021-09-30,-462000000,NetCashProvidedByUsedInInvestingActivities,USD,2022-10-28,10-Q,2021-09-30,2219000000,NetCashProvidedByUsedInOperatingActivities,USD,2022-10-28,10-Q,2021-09-30,through_ocf,True,,,0.155016,0.170456,1.155323,-0.12813,-0.035489
2023Q1,2023-02-28,CLNE,1368265,CLEAN ENERGY FUELS CORP.,$100M-$500M,,291724000,RevenueFromContractWithCustomerExcludingAssessedTax,USD,2023-02-28,10-K,2020-12-31,-9864000,NetIncomeLoss,USD,2023-02-28,10-K,2020-12-31,957070000,Assets,USD,2023-02-28,10-K,2021-12-31,-18657000,NetCashProvidedByUsedInFinancingActivities,USD,2023-02-28,10-K,2020-12-31,24170000,NetCashProvidedByUsedInInvestingActivities,USD,2023-02-28,10-K,2020-12-31,61041000,NetCashProvidedByUsedInOperatingActivities,USD,2023-02-28,10-K,2020-12-31,through_ocf,True,,,-0.033813,0.209242,3.280738,-0.063954,0.082852
2023Q1,2023-02-14,CLW,1441236,CLEARWATER PAPER CORPORATION,$1B-$2B,,1868600000,Revenues,USD,2023-02-14,10-K,2020-12-31,77100000,NetIncomeLoss,USD,2023-02-14,10-K,2020-12-31,1800400000,Assets,USD,2023-02-14,10-K,2020-12-31,-192900000,NetCashProvidedByUsedInFinancingActivities,USD,2023-02-14,10-K,2020-12-31,-39600000,NetCashProvidedByUsedInInvestingActivities,USD,2023-02-14,10-K,2020-12-31,247000000,NetCashProvidedByUsedInOperatingActivities,USD,2023-02-14,10-K,2020-12-31,through_ocf,True,,,0.041261,0.132185,0.963502,-0.103232,-0.021192
2023Q1,2023-02-02,CLX,21076,THE CLOROX COMPANY,$2B-$10B,,3497000000,RevenueFromContractWithCustomerExcludingAssessedTax,USD,2023-02-02,10-Q,2021-12-31,211000000,NetIncomeLoss,USD,2023-02-02,10-Q,2021-12-31,6158000000,Assets,USD,2023-02-02,10-Q,2022-06-30,-235000000,NetCashProvidedByUsedInFinancingActivities,USD,2023-02-02,10-Q,2021-12-31,-112000000,NetCashProvidedByUsedInInvestingActivities,USD,2023-02-02,10-Q,2021-12-31,222000000,NetCashProvidedByUsedInOperatingActivities,USD,2023-02-02,10-Q,2021-12-31,through_ocf,True,,,0.060337,0.063483,1.760938,-0.0672,-0.032027
2023Q1,2023-02-01,CMCO,1005229,COLUMBUS MCKINNON CORPORATION,$500M-$1B,,653187000,RevenueFromContractWithCustomerExcludingAssessedTax,USD,2023-02-01,10-Q,2021-12-31,-7263000,ProfitLoss,USD,2023-02-01,10-Q,2021-06-30,1685707000,Assets,USD,2023-02-01,10-Q,2022-03-31,433252000,NetCashProvidedByUsedInFinancingActivities,USD,2023-02-01,10-Q,2021-12-31,-550933000,NetCashProvidedByUsedInInvestingActivities,USD,2023-02-01,10-Q,2021-12-31,23727000,NetCashProvidedByUsedInOperatingActivities,USD,2023-02-01,10-Q,2021-12-31,through_ocf,True,,,-0.011119,0.036325,2.580742,0.663289,-0.843454
2023Q1,2023-02-08,CME,1156375,CME GROUP INC.,$2B-$10B,,3542400000,Revenues,USD,2022-11-02,10-Q,2021-09-30,2011200000,NetIncomeLoss,USD,2022-11-02,10-Q,2021-09-30,196780300000,Assets,USD,2022-11-02,10-Q,2021-12-31,60513400000,NetCashProvidedByUsedInFinancingActivities,USD,2022-11-02,10-Q,2021-09-30,-9200000,NetCashProvidedByUsedInInvestingActivities,USD,2022-11-02,10-Q,2021-09-30,1734100000,NetCashProvidedByUsedInOperatingActivities,USD,2022-11-02,10-Q,2021-09-30,through_ocf,True,,,0.567751,0.489527,55.549994,17.082599,-0.002597
2023Q1,2023-02-07,CMG,1058090,"CHIPOTLE MEXICAN GRILL, INC.",$2B-$10B,,5586428000,Revenues,USD,2022-10-26,10-Q,2021-09-30,127101000,NetIncomeLoss,USD,2022-10-26,10-Q,2021-03-31,6652958000,Assets,USD,2022-10-26,10-Q,2021-12-31,-366567000,NetCashProvidedByUsedInFinancingActivities,USD,2022-10-26,10-Q,2021-09-30,-363142000,NetCashProvidedByUsedInInvestingActivities,USD,2022-10-26,10-Q,2021-09-30,843661000,NetCashProvidedByUsedInOperatingActivities,USD,2022-10-26,10-Q,2021-09-30,through_ocf,True,,,0.022752,0.15102,1.190914,-0.065617,-0.065004
2023Q1,2023-02-06,CMI,26172,CUMMINS INC.,>$10B,,18171000000,Revenues,USD,2022-11-04,10-Q,2021-10-03,1764000000,ProfitLoss,USD,2022-11-04,10-Q,2021-10-03,23710000000,Assets,USD,2022-11-04,10-Q,2021-12-31,-2079000000,NetCashProvidedByUsedInFinancingActivities,USD,2022-11-04,10-Q,2021-10-03,-278000000,NetCashProvidedByUsedInInvestingActivities,USD,2022-11-04,10-Q,2021-10-03,1524000000,NetCashProvidedByUsedInOperatingActivities,USD,2022-11-04,10-Q,2021-10-03,through_ocf,True,,,0.097078,0.08387,1.304826,-0.114413,-0.015299
2023Q1,2023-02-07,CMP,1227654,"Compass Minerals International, Inc.",$100M-$500M,,331500000,RevenueFromContractWithCustomerExcludingAssessedTax,USD,2023-02-07,10-Q,2021-12-31,2400000,NetIncomeLoss,USD,2023-02-07,10-Q,2021-12-31,1643500000,Assets,USD,2023-02-07,10-Q,2022-09-30,63300000,NetCashProvidedByUsedInFinancingActivities,USD,2023-02-07,10-Q,2021-12-31,-41200000,NetCashProvidedByUsedInInvestingActivities,USD,2023-02-07,10-Q,2021-12-31,-14300000,NetCashProvidedByUsedInOperatingActivities,USD,2023-02-07,10-Q,2021-12-31,through_ocf,True,,,0.00724,-0.043137,4.957768,0.19095,-0.124284
2023Q1,2023-02-02,CMS,811156,CMS ENERGY CORPORATION,$2B-$10B,,5296000000,Revenues,USD,2022-10-27,10-Q,2021-09-30,714000000,NetIncomeLoss,USD,2022-10-27,10-Q,2021-09-30,28753000000,Assets,USD,2022-10-27,10-Q,2021-12-31,28000000,NetCashProvidedByUsedInFinancingActivities,USD,2022-10-27,10-Q,2021-09-30,-1460000000,NetCashProvidedByUsedInInvestingActivities,USD,2022-10-27,10-Q,2021-09-30,1483000000,NetCashProvidedByUsedInOperatingActivities,USD,2022-10-27,10-Q,2021-09-30,through_ocf,True,,,0.134819,0.280023,5.429192,0.005287,-0.27568
2023Q1,2023-02-14,CNDT,1677703,CONDUENT INC,$2B-$10B,,3092000000,Revenues,USD,2022-11-01,10-Q,2021-09-30,12000000,NetIncomeLoss,USD,2022-11-01,10-Q,2021-09-30,4036000000,Assets,USD,2022-11-01,10-Q,2021-12-31,-112000000,NetCashProvidedByUsedInFinancingActivities,USD,2022-11-01,10-Q,2021-09-30,-97000000,NetCashProvidedByUsedInInvestingActivities,USD,2022-11-01,10-Q,2021-09-30,158000000,NetCashProvidedByUsedInOperatingActivities,USD,2022-11-01,10-Q,2021-09-30,through_ocf,True,,,0.003881,0.0511,1.305304,-0.036223,-0.031371
2023Q1,2023-02-24,CNK,1385280,"Cinemark Holdings, Inc.",$500M-$1B,,686300000,RevenueFromContractWithCustomerExcludingAssessedTax,USD,2023-02-24,10-K,2020-12-31,-616800000,NetIncomeLoss,USD,2023-02-24,10-K,2020-12-31,5230600000,Assets,USD,2022-11-04,10-Q,2021-12-31,-12900000,NetCashProvidedByUsedInFinancingActivities,USD,2022-11-04,10-Q,2021-09-30,-55000000,NetCashProvidedByUsedInInvestingActivities,USD,2022-11-04,10-Q,2021-09-30,-42200000,NetCashProvidedByUsedInOperatingActivities,USD,2022-11-04,10-Q,2021-09-30,through_ocf,True,,,-0.898732,-0.061489,7.621448,-0.018796,-0.08014
2023Q1,2023-02-02,CNMD,816956,CONMED CORPORATION,$500M-$1B,,736665000,Revenues,USD,2022-10-27,10-Q,2021-09-30,38098000,NetIncomeLoss,USD,2022-10-27,10-Q,2021-09-30,1766017000,Assets,USD,2022-10-27,10-Q,2021-12-31,-60759000,NetCashProvidedByUsedInFinancingActivities,USD,2022-10-27,10-Q,2021-09-30,-11678000,NetCashProvidedByUsedInInvestingActivities,USD,2022-10-27,10-Q,2021-09-30,77985000,NetCashProvidedByUsedInOperatingActivities,USD,2022-10-27,10-Q,2021-09-30,through_ocf,True,,,0.051717,0.105862,2.397314,-0.082478,-0.015853
2023Q1,2023-02-22,CNNE,1704720,"CANNAE HOLDINGS, INC.",$100M-$500M,,355700000,Revenues,USD,2022-11-09,10-Q,2021-09-30,-177700000,NetIncomeLoss,USD,2022-11-09,10-Q,2021-09-30,4313500000,Assets,USD,2022-11-09,10-Q,2021-09-30,88800000,NetCashProvidedByUsedInFinancingActivities,USD,2022-11-09,10-Q,2021-09-30,-437700000,NetCashProvidedByUsedInInvestingActivities,USD,2022-11-09,10-Q,2021-09-30,-141600000,NetCashProvidedByUsedInOperatingActivities,USD,2022-11-09,10-Q,2021-09-30,through_ocf,True,,,-0.499578,-0.398088,12.126792,0.249649,-1.230531
2023Q1,2023-02-07,CNO,1224608,"CNO Financial Group, Inc.",$2B-$10B,,3047400000,Revenues,USD,2022-11-04,10-Q,2021-09-30,325200000,NetIncomeLoss,USD,2022-11-04,10-Q,2021-09-30,36204400000,Assets,USD,2022-11-04,10-Q,2021-12-31,137100000,NetCashProvidedByUsedInFinancingActivities,USD,2022-11-04,10-Q,2021-09-30,-795400000,NetCashProvidedByUsedInInvestingActivities,USD,2022-11-04,10-Q,2021-09-30,479000000,NetCashProvidedByUsedInOperatingActivities,USD,2022-11-04,10-Q,2021-09-30,through_ocf,True,,,0.106714,0.157183,11.880423,0.044989,-0.261009
2023Q1,2023-02-17,CNP,1130310,"CenterPoint Energy, Inc.",$2B-$10B,,7418000000,Revenues,USD,2023-02-17,10-K,2020-12-31,-773000000,NetIncomeLoss,USD,2023-02-17,10-K,2020-12-31,37679000000,Assets,USD,2023-02-17,10-K,2021-12-31,-834000000,NetCashProvidedByUsedInFinancingActivities,USD,2023-02-17,10-K,2020-12-31,-1265000000,NetCashProvidedByUsedInInvestingActivities,USD,2023-02-17,10-K,2020-12-31,1995000000,NetCashProvidedByUsedInOperatingActivities,USD,2023-02-17,10-K,2020-12-31,through_ocf,True,,,-0.104206,0.26894,5.079401,-0.112429,-0.170531
2023Q1,2023-01-23,CNR,1710366,"Core Natural Resources, Inc.",$500M-$1B,,778322000,Revenues,USD,2022-11-01,10-Q,2021-09-30,26404000,NetIncomeLoss,USD,2022-11-01,10-Q,2021-03-31,2589747000,Assets,USD,2022-11-01,10-Q,2021-09-30,-84000,NetCashProvidedByUsedInFinancingActivities,USD,2022-11-01,10-Q,2021-09-30,-91603000,NetCashProvidedByUsedInInvestingActivities,USD,2022-11-01,10-Q,2021-09-30,253143000,NetCashProvidedByUsedInOperatingActivities,USD,2022-11-01,10-Q,2021-09-30,through_ocf,True,,,0.033924,0.325242,3.327347,-0.000108,-0.117693
2023Q1,2023-03-10,CNTY,911147,"CENTURY CASINOS, INC.",$100M-$500M,,304268000,Revenues,USD,2023-03-10,10-K,2020-12-31,-48002000,NetIncomeLoss,USD,2023-03-10,10-K,2020-12-31,703358000,Assets,USD,2023-03-10,10-K,2021-12-31,3129000,NetCashProvidedByUsedInFinancingActivities,USD,2023-03-10,10-K,2020-12-31,-5287000,NetCashProvidedByUsedInInvestingActivities,USD,2023-03-10,10-K,2020-12-31,9005000,NetCashProvidedByUsedInOperatingActivities,USD,2023-03-10,10-K,2020-12-31,through_ocf,True,,,-0.157762,0.029596,2.31164,0.010284,-0.017376
2023Q1,2023-01-26,CNX,1070412,CNX Resources Corporation,<$100M,,-534399000,Revenues,USD,2022-10-27,10-Q,2021-09-30,-1128956000,NetIncomeLoss,USD,2022-10-27,10-Q,2021-09-30,8228153000,Assets,USD,2022-10-27,10-Q,2021-09-30,-149217000,NetCashProvidedByUsedInFinancingActivities,USD,2022-10-27,10-Q,2021-09-30,-324916000,NetCashProvidedByUsedInInvestingActivities,USD,2022-10-27,10-Q,2021-09-30,673285000,NetCashProvidedByUsedInOperatingActivities,USD,2022-10-27,10-Q,2021-09-30,through_ocf,True,,,2.112571,-1.259892,-15.397022,0.279224,0.608003
2023Q1,2023-01-19,CNXC,1803599,CONCENTRIX CORPORATION,$2B-$10B,,4120407000,RevenueFromContractWithCustomerExcludingAssessedTax,USD,2022-10-07,10-Q,2021-08-31,281469000,NetIncomeLoss,USD,2022-10-07,10-Q,2021-08-31,5046367000,Assets,USD,2022-10-07,10-Q,2021-11-30,-288094000,NetCashProvidedByUsedInFinancingActivities,USD,2022-10-07,10-Q,2021-08-31,-42440000,NetCashProvidedByUsedInInvestingActivities,USD,2022-10-07,10-Q,2021-08-31,332125000,NetCashProvidedByUsedInOperatingActivities,USD,2022-10-07,10-Q,2021-08-31,through_ocf,True,,,0.068311,0.080605,1.224725,-0.069919,-0.0103
2023Q1,2023-02-09,CNXN,1050377,"PC CONNECTION, INC.",$2B-$10B,,2092421000,RevenueFromContractWithCustomerExcludingAssessedTax,USD,2022-11-04,10-Q,2021-09-30,47521000,NetIncomeLoss,USD,2022-11-04,10-Q,2021-09-30,1013926000,Assets,USD,2022-11-04,10-Q,2021-09-30,-9169000,NetCashProvidedByUsedInFinancingActivities,USD,2022-11-04,10-Q,2021-09-30,-5592000,NetCashProvidedByUsedInInvestingActivities,USD,2022-11-04,10-Q,2021-09-30,8834000,NetCashProvidedByUsedInOperatingActivities,USD,2022-11-04,10-Q,2021-09-30,through_ocf,True,,,0.022711,0.004222,0.484571,-0.004382,-0.002673
2023Q1,2023-03-08,COCO,1482981,"The Vita Coco Company, Inc.",$100M-$500M,,241127000,Revenues,USD,2021-11-17,10-Q,2020-09-30,22432000,NetIncomeLoss,USD,2022-11-10,10-Q,2021-09-30,197484000,Assets,USD,2022-11-10,10-Q,2021-12-31,-19676000,NetCashProvidedByUsedInFinancingActivities,USD,2022-11-10,10-Q,2021-09-30,-127000,NetCashProvidedByUsedInInvestingActivities,USD,2022-11-10,10-Q,2021-09-30,-16351000,NetCashProvidedByUsedInOperatingActivities,USD,2022-11-10,10-Q,2021-09-30,through_ocf,True,,,0.09303,-0.067811,0.819004,-0.0816,-0.000527
2023Q1,2023-03-01,CODI,1345126,COMPASS DIVERSIFIED HOLDINGS,$1B-$2B,,1447642000,RevenueFromContractWithCustomerExcludingAssessedTax,USD,2023-03-01,10-K,2020-12-31,22780000,NetIncomeLoss,USD,2023-03-01,10-K,2020-12-31,3144261000,Assets,USD,2023-03-01,10-K,2021-12-31,521725000,NetCashProvidedByUsedInFinancingActivities,USD,2023-03-01,10-K,2020-12-31,-700834000,NetCashProvidedByUsedInInvestingActivities,USD,2023-03-01,10-K,2020-12-31,148625000,NetCashProvidedByUsedInOperatingActivities,USD,2023-03-01,10-K,2020-12-31,through_ocf,True,,,0.015736,0.102667,2.171988,0.360396,-0.484121
2023Q1,2023-01-24,COF,927628,CAPITAL ONE FINANCIAL CORP,>$10B,,22317000000,Revenues,USD,2022-11-04,10-Q,2021-09-30,9965000000,NetIncomeLoss,USD,2022-11-04,10-Q,2021-09-30,432381000000,Assets,USD,2022-11-04,10-Q,2021-12-31,-6515000000,NetCashProvidedByUsedInFinancingActivities,USD,2022-11-04,10-Q,2021-09-30,-15046000000,NetCashProvidedByUsedInInvestingActivities,USD,2022-11-04,10-Q,2021-09-30,7648000000,NetCashProvidedByUsedInOperatingActivities,USD,2022-11-04,10-Q,2021-09-30,through_ocf,True,,,0.446521,0.342698,19.374513,-0.29193,-0.674195
2023Q1,2023-02-08,COHR,820318,Coherent Corp.,$1B-$2B,,1601930000,RevenueFromContractWithCustomerExcludingAssessedTax,USD,2023-02-08,10-Q,2021-12-31,74464000,NetIncomeLoss,USD,2023-02-08,10-Q,2021-09-30,7844846000,Assets,USD,2023-02-08,10-Q,2022-06-30,910872000,NetCashProvidedByUsedInFinancingActivities,USD,2023-02-08,10-Q,2021-12-31,-101689000,NetCashProvidedByUsedInInvestingActivities,USD,2023-02-08,10-Q,2021-12-31,240085000,NetCashProvidedByUsedInOperatingActivities,USD,2023-02-08,10-Q,2021-12-31,through_ocf,True,,,0.046484,0.149872,4.897122,0.568609,-0.063479
2023Q1,2023-01-10,COIN,1679788,"Coinbase Global, Inc.",$2B-$10B,,5340981000,Revenues,USD,2022-11-03,10-Q,2021-09-30,2783912000,NetIncomeLoss,USD,2022-11-03,10-Q,2021-09-30,21274425000,Assets,USD,2022-11-03,10-Q,2021-12-31,3393411000,NetCashProvidedByUsedInFinancingActivities,USD,2022-11-03,10-Q,2021-09-30,-644415000,NetCashProvidedByUsedInInvestingActivities,USD,2022-11-03,10-Q,2021-09-30,7736711000,NetCashProvidedByUsedInOperatingActivities,USD,2022-11-03,10-Q,2021-09-30,through_ocf,True,,,0.521236,1.448556,3.983243,0.635354,-0.120655
2023Q1,2023-02-22,COKE,317540,"COCA-COLA CONSOLIDATED, INC.",$2B-$10B,,5007357000,RevenueFromContractWithCustomerExcludingAssessedTax,USD,2023-02-22,10-K,2020-12-31,172493000,NetIncomeLoss,USD,2023-02-22,10-K,2020-12-31,3445570000,Assets,USD,2023-02-22,10-K,2021-12-31,-248863000,NetCashProvidedByUsedInFinancingActivities,USD,2023-02-22,10-K,2020-12-31,-200419000,NetCashProvidedByUsedInInvestingActivities,USD,2023-02-22,10-K,2020-12-31,494461000,NetCashProvidedByUsedInOperatingActivities,USD,2023-02-22,10-K,2020-12-31,through_ocf,True,,,0.034448,0.098747,0.688102,-0.049699,-0.040025
2023Q1,2023-02-06,COLL,1267565,"Collegium Pharmaceutical, Inc.",$100M-$500M,,249506000,RevenueFromContractWithCustomerExcludingAssessedTax,USD,2022-11-03,10-Q,2021-09-30,15662000,NetIncomeLoss,USD,2022-11-03,10-Q,2021-03-31,692077000,Assets,USD,2022-11-03,10-Q,2021-12-31,-46805000,NetCashProvidedByUsedInFinancingActivities,USD,2022-11-03,10-Q,2021-09-30,-1429000,NetCashProvidedByUsedInInvestingActivities,USD,2022-11-03,10-Q,2021-09-30,67359000,NetCashProvidedByUsedInOperatingActivities,USD,2022-11-03,10-Q,2021-09-30,through_ocf,True,,,0.062772,0.269969,2.773789,-0.187591,-0.005727
2023Q1,2023-02-02,COLM,1050797,COLUMBIA SPORTSWEAR COMPANY,$1B-$2B,,1996682000,RevenueFromContractWithCustomerExcludingAssessedTax,USD,2022-11-03,10-Q,2021-09-30,197147000,ProfitLoss,USD,2022-11-03,10-Q,2021-09-30,2889359000,Assets,USD,2022-11-03,10-Q,2021-09-30,-151433000,NetCashProvidedByUsedInFinancingActivities,USD,2022-11-03,10-Q,2021-09-30,-19229000,NetCashProvidedByUsedInInvestingActivities,USD,2022-11-03,10-Q,2021-09-30,-15638000,NetCashProvidedByUsedInOperatingActivities,USD,2022-11-03,10-Q,2021-09-30,through_ocf,True,,,0.098737,-0.007832,1.44708,-0.075842,-0.00963
2023Q1,2023-02-28,COMP,1563190,"COMPASS, INC.",$2B-$10B,,4808900000,Revenues,USD,2022-11-14,10-Q,2021-09-30,-319300000,NetIncomeLoss,USD,2022-11-14,10-Q,2021-09-30,1800600000,Assets,USD,2022-11-14,10-Q,2021-12-31,463900000,NetCashProvidedByUsedInFinancingActivities,USD,2022-11-14,10-Q,2021-09-30,-160900000,NetCashProvidedByUsedInInvestingActivities,USD,2022-11-14,10-Q,2021-09-30,48300000,NetCashProvidedByUsedInOperatingActivities,USD,2022-11-14,10-Q,2021-09-30,through_ocf,True,,,-0.066398,0.010044,0.374431,0.096467,-0.033459
2023Q1,2023-03-02,COO,711404,"The Cooper Companies, Inc.",$2B-$10B,,2430900000,RevenueFromContractWithCustomerExcludingAssessedTax,USD,2022-12-09,10-K,2020-10-31,238400000,NetIncomeLoss,USD,2022-12-09,10-K,2020-10-31,6737500000,Assets,USD,2022-12-09,10-K,2020-10-31,-95500000,NetCashProvidedByUsedInFinancingActivities,USD,2022-12-09,10-K,2020-10-31,-364500000,NetCashProvidedByUsedInInvestingActivities,USD,2022-12-09,10-K,2020-10-31,486600000,NetCashProvidedByUsedInOperatingActivities,USD,2022-12-09,10-K,2020-10-31,through_ocf,True,,,0.098071,0.200173,2.771607,-0.039286,-0.149944
2023Q1,2023-03-16,COOK,1857853,"TRAEGER, INC.",$500M-$1B,,545772000,RevenueFromContractWithCustomerExcludingAssessedTax,USD,2023-03-16,10-K,2020-12-31,31050000,NetIncomeLoss,USD,2023-03-16,10-K,2020-12-31,989029000,Assets,USD,2023-03-16,10-K,2020-12-31,-14777000,NetCashProvidedByUsedInFinancingActivities,USD,2023-03-16,10-K,2020-12-31,-27341000,NetCashProvidedByUsedInInvestingActivities,USD,2023-03-16,10-K,2020-12-31,46597000,NetCashProvidedByUsedInOperatingActivities,USD,2023-03-16,10-K,2020-12-31,through_ocf,True,,,0.056892,0.085378,1.812165,-0.027075,-0.050096
2023Q1,2023-02-28,CORT,1088856,CORCEPT THERAPEUTICS INC,$100M-$500M,,353874000,RevenueFromContractWithCustomerExcludingAssessedTax,USD,2023-02-28,10-K,2020-12-31,106011000,NetIncomeLoss,USD,2023-02-28,10-K,2020-12-31,423756000,Assets,USD,2023-02-28,10-K,2021-12-31,12214000,NetCashProvidedByUsedInFinancingActivities,USD,2023-02-28,10-K,2020-12-31,-119263000,NetCashProvidedByUsedInInvestingActivities,USD,2023-02-28,10-K,2020-12-31,151970000,NetCashProvidedByUsedInOperatingActivities,USD,2023-02-28,10-K,2020-12-31,through_ocf,True,,,0.299573,0.429447,1.197477,0.034515,-0.337021
2023Q1,2023-02-08,CPAY,1175454,"Corpay, Inc.",$2B-$10B,,2031481000,Revenues,USD,2022-11-08,10-Q,2021-09-30,184239000,NetIncomeLoss,USD,2022-11-08,10-Q,2021-03-31,13404653000,Assets,USD,2022-11-08,10-Q,2021-12-31,579225000,NetCashProvidedByUsedInFinancingActivities,USD,2022-11-08,10-Q,2021-09-30,-621788000,NetCashProvidedByUsedInInvestingActivities,USD,2022-11-08,10-Q,2021-09-30,599541000,NetCashProvidedByUsedInOperatingActivities,USD,2022-11-08,10-Q,2021-09-30,through_ocf,True,,,0.090692,0.295125,6.598463,0.285124,-0.306076
2023Q1,2023-03-08,CPB,16732,THE CAMPBELL'S COMPANY,$2B-$10B,,4445000000,Revenues,USD,2023-03-08,10-Q,2022-01-30,473000000,NetIncomeLoss,USD,2023-03-08,10-Q,2022-01-30,11892000000,Assets,USD,2023-03-08,10-Q,2022-07-31,-352000000,NetCashProvidedByUsedInFinancingActivities,USD,2023-03-08,10-Q,2022-01-30,-125000000,NetCashProvidedByUsedInInvestingActivities,USD,2023-03-08,10-Q,2022-01-30,766000000,NetCashProvidedByUsedInOperatingActivities,USD,2023-03-08,10-Q,2022-01-30,through_ocf,True,,,0.106412,0.172328,2.675366,-0.07919,-0.028121
2023Q1,2023-02-22,CPK,19745,CHESAPEAKE UTILITIES CORPORATION,$100M-$500M,,488198000,Revenues,USD,2023-02-22,10-K,2020-12-31,71498000,NetIncomeLoss,USD,2023-02-22,10-K,2020-12-31,2114869000,Assets,USD,2023-02-22,10-K,2021-12-31,19229000,NetCashProvidedByUsedInFinancingActivities,USD,2023-02-22,10-K,2020-12-31,-181631000,NetCashProvidedByUsedInInvestingActivities,USD,2023-02-22,10-K,2020-12-31,158916000,NetCashProvidedByUsedInOperatingActivities,USD,2023-02-22,10-K,2020-12-31,through_ocf,True,,,0.146453,0.325515,4.33199,0.039388,-0.372044
2023Q1,2023-03-02,CRAI,1053706,"CRA International, Inc.",$500M-$1B,,508373000,RevenueFromContractWithCustomerExcludingAssessedTax,USD,2023-03-02,10-K,2021-01-02,24507000,NetIncomeLoss,USD,2023-03-02,10-K,2021-01-02,555360000,Assets,USD,2023-03-02,10-K,2022-01-01,-19500000,NetCashProvidedByUsedInFinancingActivities,USD,2023-03-02,10-K,2021-01-02,-17094000,NetCashProvidedByUsedInInvestingActivities,USD,2023-03-02,10-K,2021-01-02,54663000,NetCashProvidedByUsedInOperatingActivities,USD,2023-03-02,10-K,2021-01-02,through_ocf,True,,,0.048207,0.107525,1.092426,-0.038358,-0.033625
2023Q1,2023-02-24,CRC,1609253,California Resources Corp,$1B-$2B,,1407000000,Revenues,USD,2023-02-24,10-K,2020-10-31,1889000000,NetIncomeLoss,USD,2023-02-24,10-K,2020-10-31,3288000000,Assets,USD,2023-02-24,10-K,2020-10-31,98000000,NetCashProvidedByUsedInFinancingActivities,USD,2023-02-24,10-K,2020-10-31,-30000000,NetCashProvidedByUsedInInvestingActivities,USD,2023-02-24,10-K,2020-10-31,118000000,NetCashProvidedByUsedInOperatingActivities,USD,2023-02-24,10-K,2020-10-31,through_ocf,True,,,1.342573,0.083866,2.336887,0.069652,-0.021322
2023Q1,2023-03-07,CRCT,1828962,"Cricut, Inc.",$500M-$1B,,918401000,RevenueFromContractWithCustomerExcludingAssessedTax,USD,2022-11-09,10-Q,2021-09-30,49418000,NetIncomeLoss,USD,2022-11-09,10-Q,2021-03-31,1006250000,Assets,USD,2022-11-09,10-Q,2021-12-31,261990000,NetCashProvidedByUsedInFinancingActivities,USD,2022-11-09,10-Q,2021-09-30,-28339000,NetCashProvidedByUsedInInvestingActivities,USD,2022-11-09,10-Q,2021-09-30,-131793000,NetCashProvidedByUsedInOperatingActivities,USD,2022-11-09,10-Q,2021-09-30,through_ocf,True,,,0.053809,-0.143503,1.095654,0.285268,-0.030857
2023Q1,2023-03-01,CRDO,0001807794,Credo Technology Group Holding Ltd,<$100M,,37151000,RevenueFromContractWithCustomerExcludingAssessedTax,USD,2022-12-01,10-Q,2021-10-31,-16677000,NetIncomeLoss,USD,2022-12-01,10-Q,2021-10-31,375689000,Assets,USD,2022-12-01,10-Q,2022-04-30,7166000,NetCashProvidedByUsedInFinancingActivities,USD,2022-12-01,10-Q,2021-10-31,-4985000,NetCashProvidedByUsedInInvestingActivities,USD,2022-12-01,10-Q,2021-10-31,-34919000,NetCashProvidedByUsedInOperatingActivities,USD,2022-12-01,10-Q,2021-10-31,through_ocf,True,,,-0.448898,-0.939921,10.112487,0.192888,-0.134182
2023Q1,2023-02-24,CRI,1060822,"CARTER’S, INC",$2B-$10B,,3024334000,RevenueFromContractWithCustomerExcludingAssessedTax,USD,2023-02-24,10-K,2021-01-02,109717000,NetIncomeLoss,USD,2023-02-24,10-K,2021-01-02,3187998000,Assets,USD,2023-02-24,10-K,2022-01-01,324843000,NetCashProvidedByUsedInFinancingActivities,USD,2023-02-24,10-K,2021-01-02,-31471000,NetCashProvidedByUsedInInvestingActivities,USD,2023-02-24,10-K,2021-01-02,588494000,NetCashProvidedByUsedInOperatingActivities,USD,2023-02-24,10-K,2021-01-02,through_ocf,True,,,0.036278,0.194586,1.054116,0.10741,-0.010406
2023Q1,2023-02-14,CRK,23194,"COMSTOCK RESOURCES, INC.",$1B-$2B,,1195354000,RevenueFromContractWithCustomerExcludingAssessedTax,USD,2022-11-03,10-Q,2021-09-30,-134125000,NetIncomeLoss,USD,2022-11-03,10-Q,2021-03-31,4668229000,Assets,USD,2022-11-03,10-Q,2021-12-31,-113194000,NetCashProvidedByUsedInFinancingActivities,USD,2022-11-03,10-Q,2021-09-30,-507790000,NetCashProvidedByUsedInInvestingActivities,USD,2022-11-03,10-Q,2021-09-30,618553000,NetCashProvidedByUsedInOperatingActivities,USD,2022-11-03,10-Q,2021-09-30,through_ocf,True,,,-0.112205,0.517464,3.905311,-0.094695,-0.424803
2023Q1,2023-02-22,CRL,1100682,"CHARLES RIVER LABORATORIES INTERNATIONAL, INC.",$2B-$10B,,2923933000,RevenueFromContractWithCustomerExcludingAssessedTax,USD,2023-02-22,10-K,2020-12-26,364304000,NetIncomeLoss,USD,2023-02-22,10-K,2020-12-26,7024292000,Assets,USD,2023-02-22,10-K,2021-12-25,47248000,NetCashProvidedByUsedInFinancingActivities,USD,2023-02-22,10-K,2020-12-26,-601544000,NetCashProvidedByUsedInInvestingActivities,USD,2023-02-22,10-K,2020-12-26,546575000,NetCashProvidedByUsedInOperatingActivities,USD,2023-02-22,10-K,2020-12-26,through_ocf,True,,,0.124594,0.186931,2.402344,0.016159,-0.205731
2023Q1,2023-03-01,CRM,1108524,"Salesforce, Inc.",>$10B,,19166000000,RevenueFromContractWithCustomerExcludingAssessedTax,USD,2022-12-01,10-Q,2021-10-31,469000000,NetIncomeLoss,USD,2022-12-01,10-Q,2021-04-30,95209000000,Assets,USD,2022-12-01,10-Q,2022-01-31,7635000000,NetCashProvidedByUsedInFinancingActivities,USD,2022-12-01,10-Q,2021-10-31,-13077000000,NetCashProvidedByUsedInInvestingActivities,USD,2022-12-01,10-Q,2021-10-31,4018000000,NetCashProvidedByUsedInOperatingActivities,USD,2022-12-01,10-Q,2021-10-31,through_ocf,True,,,0.02447,0.209642,4.967599,0.398362,-0.682302
2023Q1,2023-02-08,CRNC,1768267,CERENCE INC.,<$100M,,94426000,RevenueFromContractWithCustomerExcludingAssessedTax,USD,2023-02-08,10-Q,2021-12-31,19044000,NetIncomeLoss,USD,2023-02-08,10-Q,2021-12-31,1318493000,Assets,USD,2023-02-08,10-Q,2022-09-30,-14152000,NetCashProvidedByUsedInFinancingActivities,USD,2023-02-08,10-Q,2021-12-31,-1738000,NetCashProvidedByUsedInInvestingActivities,USD,2023-02-08,10-Q,2021-12-31,5145000,NetCashProvidedByUsedInOperatingActivities,USD,2023-02-08,10-Q,2021-12-31,through_ocf,True,,,0.201682,0.054487,13.963241,-0.149874,-0.018406
2023Q1,2023-01-10,CROX,1334036,"CROCS, INC.",$1B-$2B,,1726790000,RevenueFromContractWithCustomerExcludingAssessedTax,USD,2022-11-03,10-Q,2021-09-30,570841000,NetIncomeLoss,USD,2022-11-03,10-Q,2021-09-30,1545068000,Assets,USD,2022-11-03,10-Q,2021-12-31,-13020000,NetCashProvidedByUsedInFinancingActivities,USD,2022-11-03,10-Q,2021-09-30,-35767000,NetCashProvidedByUsedInInvestingActivities,USD,2022-11-03,10-Q,2021-09-30,355165000,NetCashProvidedByUsedInOperatingActivities,USD,2022-11-03,10-Q,2021-09-30,through_ocf,True,,,0.330579,0.205679,0.894763,-0.00754,-0.020713
2023Q1,2023-02-21,CRSP,1674416,CRISPR THERAPEUTICS AG,<$100M,,719000,RevenueFromContractWithCustomerExcludingAssessedTax,USD,2023-02-21,10-K,2020-12-31,-348865000,NetIncomeLoss,USD,2023-02-21,10-K,2020-12-31,2751877000,Assets,USD,2023-02-21,10-K,2021-12-31,1016152000,NetCashProvidedByUsedInFinancingActivities,USD,2023-02-21,10-K,2020-12-31,-541170000,NetCashProvidedByUsedInInvestingActivities,USD,2023-02-21,10-K,2020-12-31,-238366000,NetCashProvidedByUsedInOperatingActivities,USD,2023-02-21,10-K,2020-12-31,through_ocf,True,,,-485.208623,-331.524339,3827.367177,1413.285118,-752.670376
2023Q1,2023-02-09,CRSR,1743759,"Corsair Gaming, Inc.",$1B-$2B,,1393438000,RevenueFromContractWithCustomerExcludingAssessedTax,USD,2022-11-03,10-Q,2021-09-30,76245000,NetIncomeLoss,USD,2022-11-03,10-Q,2021-09-30,1337396000,Assets,USD,2022-11-03,10-Q,2021-12-31,-67183000,NetCashProvidedByUsedInFinancingActivities,USD,2022-11-03,10-Q,2021-09-30,-14039000,NetCashProvidedByUsedInInvestingActivities,USD,2022-11-03,10-Q,2021-09-30,25061000,NetCashProvidedByUsedInOperatingActivities,USD,2022-11-03,10-Q,2021-09-30,through_ocf,True,,,0.054717,0.017985,0.959781,-0.048214,-0.010075
2023Q1,2023-02-08,CRTO,1576427,CRITEO S.A.,$1B-$2B,,1600968000,RevenueFromContractWithCustomerExcludingAssessedTax,USD,2022-11-01,10-Q,2021-09-30,60691000,NetIncomeLoss,USD,2022-11-01,10-Q,2021-09-30,1983591000,Assets,USD,2022-11-01,10-Q,2021-12-31,-55821000,NetCashProvidedByUsedInFinancingActivities,USD,2022-11-01,10-Q,2021-09-30,-66195000,NetCashProvidedByUsedInInvestingActivities,USD,2022-11-01,10-Q,2021-09-30,154901000,NetCashProvidedByUsedInOperatingActivities,USD,2022-11-01,10-Q,2021-09-30,through_ocf,True,,,0.037909,0.096755,1.238995,-0.034867,-0.041347
2023Q1,2023-02-02,CRUS,772406,"CIRRUS LOGIC, INC.",$1B-$2B,,1291488000,RevenueFromContractWithCustomerExcludingAssessedTax,USD,2023-02-02,10-Q,2021-12-25,229941000,NetIncomeLoss,USD,2023-02-02,10-Q,2021-12-25,2123400000,Assets,USD,2023-02-02,10-Q,2022-03-26,-103993000,NetCashProvidedByUsedInFinancingActivities,USD,2023-02-02,10-Q,2021-12-25,-9572000,NetCashProvidedByUsedInInvestingActivities,USD,2023-02-02,10-Q,2021-12-25,-133478000,NetCashProvidedByUsedInOperatingActivities,USD,2023-02-02,10-Q,2021-12-25,through_ocf,True,,,0.178043,-0.103352,1.64415,-0.080522,-0.007412
2023Q1,2023-01-31,CRVL,874866,CORVEL CORPORATION,$100M-$500M,,310363000,RevenueFromContractWithCustomerExcludingAssessedTax,USD,2022-11-03,10-Q,2021-09-30,32915000,NetIncomeLoss,USD,2022-11-03,10-Q,2021-09-30,415246000,Assets,USD,2022-11-03,10-Q,2022-03-31,-32223000,NetCashProvidedByUsedInFinancingActivities,USD,2022-11-03,10-Q,2021-09-30,-11617000,NetCashProvidedByUsedInInvestingActivities,USD,2022-11-03,10-Q,2021-09-30,35199000,NetCashProvidedByUsedInOperatingActivities,USD,2022-11-03,10-Q,2021-09-30,through_ocf,True,,,0.106053,0.113412,1.337937,-0.103824,-0.03743
2023Q1,2023-02-21,CSGP,1057352,"CoStar Group, Inc.",$1B-$2B,,1437349000,RevenueFromContractWithCustomerExcludingAssessedTax,USD,2022-10-26,10-Q,2021-09-30,74212000,NetIncomeLoss,USD,2022-10-26,10-Q,2021-03-31,7256871000,Assets,USD,2022-10-26,10-Q,2021-12-31,-14338000,NetCashProvidedByUsedInFinancingActivities,USD,2022-10-26,10-Q,2021-09-30,-297505000,NetCashProvidedByUsedInInvestingActivities,USD,2022-10-26,10-Q,2021-09-30,319218000,NetCashProvidedByUsedInOperatingActivities,USD,2022-10-26,10-Q,2021-09-30,through_ocf,True,,,0.051631,0.222088,5.048788,-0.009975,-0.206982
2023Q1,2023-02-01,CSGS,1005757,"CSG SYSTEMS INTERNATIONAL, INC.",$500M-$1B,,771462000,RevenueFromContractWithCustomerExcludingAssessedTax,USD,2022-11-03,10-Q,2021-09-30,55082000,NetIncomeLoss,USD,2022-11-03,10-Q,2021-09-30,1387149000,Assets,USD,2022-11-03,10-Q,2021-12-31,-35593000,NetCashProvidedByUsedInFinancingActivities,USD,2022-11-03,10-Q,2021-09-30,-51284000,NetCashProvidedByUsedInInvestingActivities,USD,2022-11-03,10-Q,2021-09-30,88309000,NetCashProvidedByUsedInOperatingActivities,USD,2022-11-03,10-Q,2021-09-30,through_ocf,True,,,0.071399,0.11447,1.798078,-0.046137,-0.066476
2023Q1,2023-01-25,CSX,277948,CSX CORPORATION,$2B-$10B,,9095000000,RevenueFromContractWithCustomerExcludingAssessedTax,USD,2022-10-21,10-Q,2021-09-30,706000000,NetIncomeLoss,USD,2022-10-21,10-Q,2021-03-31,40531000000,Assets,USD,2022-10-21,10-Q,2021-12-31,-3306000000,NetCashProvidedByUsedInFinancingActivities,USD,2022-10-21,10-Q,2021-09-30,-1463000000,NetCashProvidedByUsedInInvestingActivities,USD,2022-10-21,10-Q,2021-09-30,3819000000,NetCashProvidedByUsedInOperatingActivities,USD,2022-10-21,10-Q,2021-09-30,through_ocf,True,,,0.077625,0.419901,4.456405,-0.363496,-0.160858
2023Q1,2023-03-29,CTAS,723254,Cintas Corporation,$2B-$10B,,3819231000,RevenueFromContractWithCustomerExcludingAssessedTax,USD,2023-01-06,10-Q,2021-11-30,331179000,NetIncomeLoss,USD,2023-01-06,10-Q,2021-08-31,8017410000,Assets,USD,2023-01-06,10-Q,2021-11-30,-819876000,NetCashProvidedByUsedInFinancingActivities,USD,2023-01-06,10-Q,2021-11-30,-151595000,NetCashProvidedByUsedInInvestingActivities,USD,2023-01-06,10-Q,2021-11-30,593782000,NetCashProvidedByUsedInOperatingActivities,USD,2023-01-06,10-Q,2021-11-30,through_ocf,True,,,0.086714,0.155472,2.099221,-0.21467,-0.039693
2023Q1,2023-02-28,CTEV,1793229,CLARITEV CORPORATION,$500M-$1B,,819348000,RevenueFromContractWithCustomerExcludingAssessedTax,USD,2022-11-09,10-Q,2021-09-30,77142000,NetIncomeLoss,USD,2022-11-09,10-Q,2021-09-30,8220407000,Assets,USD,2022-11-09,10-Q,2021-12-31,-71844000,NetCashProvidedByUsedInFinancingActivities,USD,2022-11-09,10-Q,2021-09-30,-201197000,NetCashProvidedByUsedInInvestingActivities,USD,2022-11-09,10-Q,2021-09-30,371426000,NetCashProvidedByUsedInOperatingActivities,USD,2022-11-09,10-Q,2021-09-30,through_ocf,True,,,0.09415,0.453319,10.032864,-0.087684,-0.245557
2023Q1,2023-02-07,CTLP,896429,"Cantaloupe, Inc.",<$100M,,45780000,RevenueFromContractWithCustomerExcludingAssessedTax,USD,2022-11-09,10-Q,2021-09-30,-1291000,NetIncomeLoss,USD,2022-11-09,10-Q,2021-09-30,255632000,Assets,USD,2022-11-09,10-Q,2022-06-30,-210000,NetCashProvidedByUsedInFinancingActivities,USD,2022-11-09,10-Q,2021-09-30,-4541000,NetCashProvidedByUsedInInvestingActivities,USD,2022-11-09,10-Q,2021-09-30,-874000,NetCashProvidedByUsedInOperatingActivities,USD,2022-11-09,10-Q,2021-09-30,through_ocf,True,,,-0.0282,-0.019091,5.583923,-0.004587,-0.099192
2023Q1,2023-03-14,CTOS,1709682,"CUSTOM TRUCK ONE SOURCE, INC.",$100M-$500M,,302739000,Revenues,USD,2023-03-14,10-K,2020-12-31,-21277000,NetIncomeLoss,USD,2023-03-14,10-K,2020-12-31,2683766000,Assets,USD,2023-03-14,10-K,2021-12-31,-16405000,NetCashProvidedByUsedInFinancingActivities,USD,2023-03-14,10-K,2020-12-31,-29314000,NetCashProvidedByUsedInInvestingActivities,USD,2023-03-14,10-K,2020-12-31,42829000,NetCashProvidedByUsedInOperatingActivities,USD,2023-03-14,10-K,2020-12-31,through_ocf,True,,,-0.070282,0.141472,8.86495,-0.054189,-0.096829
2023Q1,2023-02-23,CTRA,858470,COTERRA ENERGY INC.,$1B-$2B,,1224000000,Revenues,USD,2022-11-04,10-Q,2021-09-30,126000000,NetIncomeLoss,USD,2022-11-04,10-Q,2021-03-31,19900000000,Assets,USD,2022-11-04,10-Q,2021-12-31,-322000000,NetCashProvidedByUsedInFinancingActivities,USD,2022-11-04,10-Q,2021-09-30,-459000000,NetCashProvidedByUsedInInvestingActivities,USD,2022-11-04,10-Q,2021-09-30,716000000,NetCashProvidedByUsedInOperatingActivities,USD,2022-11-04,10-Q,2021-09-30,through_ocf,True,,,0.102941,0.584967,16.25817,-0.263072,-0.375
2023Q1,2023-03-21,CTRN,1318484,"Citi Trends, Inc.",$500M-$1B,,750621000,Revenues,USD,2022-12-08,10-Q,2021-10-30,52401000,ProfitLoss,USD,2022-12-08,10-Q,2021-10-30,474025000,Assets,USD,2022-12-08,10-Q,2022-01-29,-109929000,NetCashProvidedByUsedInFinancingActivities,USD,2022-12-08,10-Q,2021-10-30,-56078000,NetCashProvidedByUsedInInvestingActivities,USD,2022-12-08,10-Q,2021-10-30,54853000,NetCashProvidedByUsedInOperatingActivities,USD,2022-12-08,10-Q,2021-10-30,through_ocf,True,,,0.06981,0.073077,0.63151,-0.146451,-0.074709
2023Q1,2023-02-07,CTS,26058,CTS CORPORATION,$100M-$500M,,380394000,Revenues,USD,2022-10-26,10-Q,2021-09-30,11990000,NetIncomeLoss,USD,2022-10-26,10-Q,2021-03-31,664462000,Assets,USD,2022-10-26,10-Q,2021-12-31,-15411000,NetCashProvidedByUsedInFinancingActivities,USD,2022-10-26,10-Q,2021-09-30,-8395000,NetCashProvidedByUsedInInvestingActivities,USD,2022-10-26,10-Q,2021-09-30,60117000,NetCashProvidedByUsedInOperatingActivities,USD,2022-10-26,10-Q,2021-09-30,through_ocf,True,,,0.03152,0.158039,1.746773,-0.040513,-0.022069
2023Q1,2023-01-12,CTSH,1058290,Cognizant Technology Solutions Corporation,>$10B,,13730000000,Revenues,USD,2022-11-03,10-Q,2021-09-30,505000000,NetIncomeLoss,USD,2022-11-03,10-Q,2021-03-31,17852000000,Assets,USD,2022-11-03,10-Q,2021-12-31,-1007000000,NetCashProvidedByUsedInFinancingActivities,USD,2022-11-03,10-Q,2021-09-30,-1666000000,NetCashProvidedByUsedInInvestingActivities,USD,2022-11-03,10-Q,2021-09-30,1670000000,NetCashProvidedByUsedInOperatingActivities,USD,2022-11-03,10-Q,2021-09-30,through_ocf,True,,,0.036781,0.121631,1.300218,-0.073343,-0.12134
2023Q1,2023-02-01,CTVA,1755672,"Corteva, Inc.",>$10B,,12176000000,Revenues,USD,2022-11-04,10-Q,2021-09-30,1600000000,NetIncomeLoss,USD,2022-11-04,10-Q,2021-09-30,41122000000,Assets,USD,2022-11-04,10-Q,2021-09-30,365000000,NetCashProvidedByUsedInFinancingActivities,USD,2022-11-04,10-Q,2021-09-30,-201000000,NetCashProvidedByUsedInInvestingActivities,USD,2022-11-04,10-Q,2021-09-30,-819000000,NetCashProvidedByUsedInOperatingActivities,USD,2022-11-04,10-Q,2021-09-30,through_ocf,True,,,0.131406,-0.067263,3.3773,0.029977,-0.016508
2023Q1,2023-02-02,CVCO,278166,"CAVCO INDUSTRIES, INC.",$500M-$1B,,689965000,Revenues,USD,2022-11-04,10-Q,2021-10-02,27046000,NetIncomeLoss,USD,2022-11-04,10-Q,2021-07-03,1154972000,Assets,USD,2022-11-04,10-Q,2022-04-02,-18873000,NetCashProvidedByUsedInFinancingActivities,USD,2022-11-04,10-Q,2021-10-02,-156045000,NetCashProvidedByUsedInInvestingActivities,USD,2022-11-04,10-Q,2021-10-02,80087000,NetCashProvidedByUsedInOperatingActivities,USD,2022-11-04,10-Q,2021-10-02,through_ocf,True,,,0.039199,0.116074,1.673957,-0.027354,-0.226164
2023Q1,2023-03-06,CVGI,1290900,"Commercial Vehicle Group, Inc.",$500M-$1B,,717699000,RevenueFromContractWithCustomerExcludingAssessedTax,USD,2023-03-06,10-K,2020-12-31,-37049000,NetIncomeLoss,USD,2023-03-06,10-K,2020-12-31,507693000,Assets,USD,2023-03-06,10-K,2021-12-31,-19262000,NetCashProvidedByUsedInFinancingActivities,USD,2023-03-06,10-K,2020-12-31,-6420000,NetCashProvidedByUsedInInvestingActivities,USD,2023-03-06,10-K,2020-12-31,34372000,NetCashProvidedByUsedInOperatingActivities,USD,2023-03-06,10-K,2020-12-31,through_ocf,True,,,-0.051622,0.047892,0.70739,-0.026839,-0.008945
2023Q1,2023-03-06,CVGW,1133470,"CALAVO GROWERS, INC",$100M-$500M,,274092000,RevenueFromContractWithCustomerExcludingAssessedTax,USD,2023-03-06,10-Q,2022-01-31,-4043000,NetIncomeLoss,USD,2023-03-06,10-Q,2022-01-31,385746000,Assets,USD,2023-03-06,10-Q,2022-10-31,5597000,NetCashProvidedByUsedInFinancingActivities,USD,2023-03-06,10-Q,2022-01-31,-2044000,NetCashProvidedByUsedInInvestingActivities,USD,2023-03-06,10-Q,2022-01-31,2388000,NetCashProvidedByUsedInOperatingActivities,USD,2023-03-06,10-Q,2022-01-31,through_ocf,True,,,-0.014751,0.008712,1.40736,0.02042,-0.007457
2023Q1,2023-02-21,CVI,1376139,"CVR ENERGY, INC.",$2B-$10B,,5129000000,Revenues,USD,2022-11-01,10-Q,2021-09-30,39000000,NetIncomeLoss,USD,2022-11-01,10-Q,2021-09-30,3906000000,Assets,USD,2022-11-01,10-Q,2021-12-31,-279000000,NetCashProvidedByUsedInFinancingActivities,USD,2022-11-01,10-Q,2021-09-30,-204000000,NetCashProvidedByUsedInInvestingActivities,USD,2022-11-01,10-Q,2021-09-30,382000000,NetCashProvidedByUsedInOperatingActivities,USD,2022-11-01,10-Q,2021-09-30,through_ocf,True,,,0.007604,0.074478,0.761552,-0.054397,-0.039774
2023Q1,2023-01-25,CVLG,928658,"COVENANT LOGISTICS GROUP, INC.",$100M-$500M,,158744000,Revenues,USD,2019-03-13,10-K,2017-03-31,11140000,NetIncomeLoss,USD,2022-11-04,10-Q,2021-03-31,651662000,Assets,USD,2022-11-04,10-Q,2021-12-31,-76422000,NetCashProvidedByUsedInFinancingActivities,USD,2022-11-04,10-Q,2021-09-30,21965000,NetCashProvidedByUsedInInvestingActivities,USD,2022-11-04,10-Q,2021-09-30,68238000,NetCashProvidedByUsedInOperatingActivities,USD,2022-11-04,10-Q,2021-09-30,through_ocf,True,,,0.070176,0.429862,4.105113,-0.481417,0.138367
2023Q1,2023-01-10,CVLT,1169561,"Commvault Systems, Inc",$100M-$500M,,361261000,RevenueFromContractWithCustomerExcludingAssessedTax,USD,2022-11-01,10-Q,2021-09-30,15628000,NetIncomeLoss,USD,2022-11-01,10-Q,2021-09-30,816080000,Assets,USD,2022-11-01,10-Q,2022-03-31,-156831000,NetCashProvidedByUsedInFinancingActivities,USD,2022-11-01,10-Q,2021-09-30,-4699000,NetCashProvidedByUsedInInvestingActivities,USD,2022-11-01,10-Q,2021-09-30,63270000,NetCashProvidedByUsedInOperatingActivities,USD,2022-11-01,10-Q,2021-09-30,through_ocf,True,,,0.04326,0.175137,2.258976,-0.434121,-0.013007
2023Q1,2023-02-23,CVNA,1690820,CARVANA CO.,$2B-$10B,,5587000000,RevenueFromContractWithCustomerExcludingAssessedTax,USD,2023-02-23,10-K,2020-12-31,-171000000,NetIncomeLoss,USD,2023-02-23,10-K,2020-12-31,7015000000,Assets,USD,2023-02-23,10-K,2021-12-31,1165000000,NetCashProvidedByUsedInFinancingActivities,USD,2023-02-23,10-K,2020-12-31,-346000000,NetCashProvidedByUsedInInvestingActivities,USD,2023-02-23,10-K,2020-12-31,-608000000,NetCashProvidedByUsedInOperatingActivities,USD,2023-02-23,10-K,2020-12-31,through_ocf,True,,,-0.030607,-0.108824,1.255593,0.20852,-0.061929
2023Q1,2023-02-02,CVSA,730464,Covista Inc.,$500M-$1B,,660268000,Revenues,USD,2023-02-02,10-Q,2021-12-31,-40151000,NetIncomeLoss,USD,2023-02-02,10-Q,2021-12-31,3659773000,Assets,USD,2023-02-02,10-Q,2021-12-31,515373000,NetCashProvidedByUsedInFinancingActivities,USD,2023-02-02,10-Q,2021-12-31,-1505025000,NetCashProvidedByUsedInInvestingActivities,USD,2023-02-02,10-Q,2021-12-31,1094000,NetCashProvidedByUsedInOperatingActivities,USD,2023-02-02,10-Q,2021-12-31,through_ocf,True,,,-0.06081,0.001657,5.54286,0.780551,-2.279415
2023Q1,2023-02-21,CWH,1669779,"CAMPING WORLD HOLDINGS, INC.",$2B-$10B,,5536162000,RevenueFromContractWithCustomerExcludingAssessedTax,USD,2022-11-02,10-Q,2021-09-30,251213000,NetIncomeLoss,USD,2022-11-02,10-Q,2021-09-30,4372929000,Assets,USD,2022-11-02,10-Q,2021-12-31,-348838000,NetCashProvidedByUsedInFinancingActivities,USD,2022-11-02,10-Q,2021-09-30,-256315000,NetCashProvidedByUsedInInvestingActivities,USD,2022-11-02,10-Q,2021-09-30,571876000,NetCashProvidedByUsedInOperatingActivities,USD,2022-11-02,10-Q,2021-09-30,through_ocf,True,,,0.045377,0.103298,0.789885,-0.063011,-0.046298
2023Q1,2023-02-23,CWK,1628369,Cushman & Wakefield Ltd.,$2B-$10B,,6505000000,RevenueFromContractWithCustomerExcludingAssessedTax,USD,2022-11-04,10-Q,2021-09-30,104200000,NetIncomeLoss,USD,2022-11-04,10-Q,2021-09-30,7890400000,Assets,USD,2022-11-04,10-Q,2021-12-31,-37100000,NetCashProvidedByUsedInFinancingActivities,USD,2022-11-04,10-Q,2021-09-30,-57800000,NetCashProvidedByUsedInInvestingActivities,USD,2022-11-04,10-Q,2021-09-30,250300000,NetCashProvidedByUsedInOperatingActivities,USD,2022-11-04,10-Q,2021-09-30,through_ocf,True,,,0.016018,0.038478,1.212975,-0.005703,-0.008885
2023Q1,2023-02-16,CWST,911177,"CASELLA WASTE SYSTEMS, INC.",$500M-$1B,,647375000,Revenues,USD,2022-10-28,10-Q,2021-09-30,4311000,NetIncomeLoss,USD,2022-10-28,10-Q,2021-03-31,1280397000,Assets,USD,2022-10-28,10-Q,2021-09-30,-7854000,NetCashProvidedByUsedInFinancingActivities,USD,2022-10-28,10-Q,2021-09-30,-234096000,NetCashProvidedByUsedInInvestingActivities,USD,2022-10-28,10-Q,2021-09-30,134089000,NetCashProvidedByUsedInOperatingActivities,USD,2022-10-28,10-Q,2021-09-30,through_ocf,True,,,0.006659,0.207127,1.977829,-0.012132,-0.361608
2023Q1,2023-03-01,CWT,1035201,CALIFORNIA WATER SERVICE GROUP,$500M-$1B,,697577000,RevenueFromContractWithCustomerExcludingAssessedTax,USD,2023-03-01,10-K,2020-12-31,96831000,NetIncomeLoss,USD,2023-03-01,10-K,2020-12-31,3623271000,Assets,USD,2023-03-01,10-K,2021-12-31,229976000,NetCashProvidedByUsedInFinancingActivities,USD,2023-03-01,10-K,2020-12-31,-346069000,NetCashProvidedByUsedInInvestingActivities,USD,2023-03-01,10-K,2020-12-31,117924000,NetCashProvidedByUsedInOperatingActivities,USD,2023-03-01,10-K,2020-12-31,through_ocf,True,,,0.13881,0.169048,5.19408,0.329678,-0.496102
2023Q1,2023-03-29,CXM,1569345,"Sprinklr, Inc.",$100M-$500M,,356728000,RevenueFromContractWithCustomerExcludingAssessedTax,USD,2022-12-06,10-Q,2021-10-31,-74550000,NetIncomeLoss,USD,2022-12-06,10-Q,2021-10-31,920046000,Assets,USD,2022-12-06,10-Q,2022-01-31,293865000,NetCashProvidedByUsedInFinancingActivities,USD,2022-12-06,10-Q,2021-10-31,179477000,NetCashProvidedByUsedInInvestingActivities,USD,2022-12-06,10-Q,2021-10-31,-17933000,NetCashProvidedByUsedInOperatingActivities,USD,2022-12-06,10-Q,2021-10-31,through_ocf,True,,,-0.208983,-0.050271,2.579125,0.823779,0.50312
2023Q1,2023-02-09,CXW,1070985,"CORECIVIC, INC.",$1B-$2B,,1390483000,Revenues,USD,2022-11-03,10-Q,2021-09-30,-125568000,NetIncomeLoss,USD,2022-11-03,10-Q,2021-03-31,3498938000,Assets,USD,2022-11-03,10-Q,2021-12-31,-228754000,NetCashProvidedByUsedInFinancingActivities,USD,2022-11-03,10-Q,2021-09-30,274523000,NetCashProvidedByUsedInInvestingActivities,USD,2022-11-03,10-Q,2021-09-30,284141000,NetCashProvidedByUsedInOperatingActivities,USD,2022-11-03,10-Q,2021-09-30,through_ocf,True,,,-0.090305,0.204347,2.516347,-0.164514,0.19743
2023Q1,2023-02-15,CYH,1108109,"COMMUNITY HEALTH SYSTEMS, INC.",$2B-$10B,,9135000000,Revenues,USD,2022-10-27,10-Q,2021-09-30,52000000,NetIncomeLoss,USD,2022-10-27,10-Q,2021-09-30,15217000000,Assets,USD,2022-10-27,10-Q,2021-12-31,-469000000,NetCashProvidedByUsedInFinancingActivities,USD,2022-10-27,10-Q,2021-09-30,-313000000,NetCashProvidedByUsedInInvestingActivities,USD,2022-10-27,10-Q,2021-09-30,400000000,NetCashProvidedByUsedInOperatingActivities,USD,2022-10-27,10-Q,2021-09-30,through_ocf,True,,,0.005692,0.043788,1.665791,-0.051341,-0.034264
2023Q1,2023-01-24,CZR,1590895,"CAESARS ENTERTAINMENT, INC.",$2B-$10B,,6979000000,RevenueFromContractWithCustomerExcludingAssessedTax,USD,2022-11-02,10-Q,2021-09-30,-585000000,NetIncomeLoss,USD,2022-11-02,10-Q,2021-09-30,38031000000,Assets,USD,2022-11-02,10-Q,2021-12-31,-30000000,NetCashProvidedByUsedInFinancingActivities,USD,2022-05-04,10-Q,2021-03-31,-13000000,NetCashProvidedByUsedInInvestingActivities,USD,2021-05-05,10-Q,2020-03-31,127858000,NetCashProvidedByUsedInOperatingActivities,USD,2020-08-06,10-Q,2019-06-30,through_ocf,True,,,-0.083823,0.01832,5.449348,-0.004299,-0.001863
2023Q1,2023-02-08,D,715957,"DOMINION ENERGY, INC.",>$10B,,10084000000,Revenues,USD,2022-11-04,10-Q,2021-09-30,1947000000,NetIncomeLoss,USD,2022-11-04,10-Q,2021-09-30,99590000000,Assets,USD,2022-11-04,10-Q,2021-12-31,3092000000,NetCashProvidedByUsedInFinancingActivities,USD,2022-11-04,10-Q,2021-09-30,-6607000000,NetCashProvidedByUsedInInvestingActivities,USD,2022-11-04,10-Q,2021-09-30,3535000000,NetCashProvidedByUsedInOperatingActivities,USD,2022-11-04,10-Q,2021-09-30,through_ocf,True,,,0.193078,0.350555,9.876041,0.306624,-0.655196
2023Q1,2023-02-21,DAN,26780,DANA Inc,$2B-$10B,,7106000000,RevenueFromContractWithCustomerExcludingAssessedTax,USD,2023-02-21,10-K,2020-12-31,-31000000,NetIncomeLoss,USD,2023-02-21,10-K,2020-12-31,7632000000,Assets,USD,2023-02-21,10-K,2021-12-31,-12000000,NetCashProvidedByUsedInFinancingActivities,USD,2023-02-21,10-K,2020-12-31,-327000000,NetCashProvidedByUsedInInvestingActivities,USD,2023-02-21,10-K,2020-12-31,386000000,NetCashProvidedByUsedInOperatingActivities,USD,2023-02-21,10-K,2020-12-31,through_ocf,True,,,-0.004363,0.05432,1.074022,-0.001689,-0.046017
2023Q1,2023-02-16,DASH,1792789,"DOORDASH, INC.",$2B-$10B,,3588000000,RevenueFromContractWithCustomerExcludingAssessedTax,USD,2022-11-04,10-Q,2021-09-30,-110000000,NetIncomeLoss,USD,2022-11-04,10-Q,2021-03-31,6809000000,Assets,USD,2022-11-04,10-Q,2021-12-31,-487000000,NetCashProvidedByUsedInFinancingActivities,USD,2022-11-04,10-Q,2021-09-30,-1520000000,NetCashProvidedByUsedInInvestingActivities,USD,2022-11-04,10-Q,2021-09-30,525000000,NetCashProvidedByUsedInOperatingActivities,USD,2022-11-04,10-Q,2021-09-30,through_ocf,True,,,-0.030658,0.146321,1.897715,-0.13573,-0.423634
2023Q1,2023-02-09,DBD,28823,"Diebold Nixdorf, Incorporated",$2B-$10B,,2845600000,Revenues,USD,2022-11-09,10-Q,2021-09-30,-40500000,NetIncomeLoss,USD,2022-11-09,10-Q,2021-09-30,3507200000,Assets,USD,2022-11-09,10-Q,2021-12-31,189800000,NetCashProvidedByUsedInFinancingActivities,USD,2022-11-09,10-Q,2021-09-30,-4600000,NetCashProvidedByUsedInInvestingActivities,USD,2022-11-09,10-Q,2021-09-30,-291600000,NetCashProvidedByUsedInOperatingActivities,USD,2022-11-09,10-Q,2021-09-30,through_ocf,True,,,-0.014232,-0.102474,1.232499,0.066699,-0.001617
2023Q1,2023-03-16,DBI,1319947,Designer Brands Inc.,$2B-$10B,,2234719000,Revenues,USD,2023-03-16,10-K,2021-01-30,-488719000,NetIncomeLoss,USD,2023-03-16,10-K,2021-01-30,2014634000,Assets,USD,2023-03-16,10-K,2022-01-29,122954000,NetCashProvidedByUsedInFinancingActivities,USD,2023-03-16,10-K,2021-01-30,2631000,NetCashProvidedByUsedInInvestingActivities,USD,2023-03-16,10-K,2021-01-30,-153793000,NetCashProvidedByUsedInOperatingActivities,USD,2023-03-16,10-K,2021-01-30,through_ocf,True,,,-0.218694,-0.06882,0.901516,0.05502,0.001177
2023Q1,2023-02-16,DBX,1467623,"Dropbox, Inc.",$1B-$2B,,1592400000,RevenueFromContractWithCustomerExcludingAssessedTax,USD,2022-11-04,10-Q,2021-09-30,211200000,NetIncomeLoss,USD,2022-11-04,10-Q,2021-09-30,3091300000,Assets,USD,2022-11-04,10-Q,2021-12-31,368500000,NetCashProvidedByUsedInFinancingActivities,USD,2022-11-04,10-Q,2021-09-30,-560100000,NetCashProvidedByUsedInInvestingActivities,USD,2022-11-04,10-Q,2021-09-30,567100000,NetCashProvidedByUsedInOperatingActivities,USD,2022-11-04,10-Q,2021-09-30,through_ocf,True,,,0.13263,0.356129,1.941284,0.231412,-0.351733
2023Q1,2023-03-13,DCGO,1822359,DOCGO INC.,$100M-$500M,,197394379,Revenues,USD,2022-11-08,10-Q,2021-09-30,-1095427,NetIncomeLoss,USD,2022-11-08,10-Q,2021-09-30,309602652,Assets,USD,2022-11-08,10-Q,2021-12-31,6127746,NetCashProvidedByUsedInFinancingActivities,USD,2022-11-08,10-Q,2021-09-30,-4447371,NetCashProvidedByUsedInInvestingActivities,USD,2022-11-08,10-Q,2021-09-30,6853001,NetCashProvidedByUsedInOperatingActivities,USD,2022-11-08,10-Q,2021-09-30,through_ocf,True,,,-0.005549,0.034717,1.568447,0.031043,-0.02253
2023Q1,2023-02-17,DCH,1062231,DAUCH CORPORATION,$2B-$10B,,4710800000,Revenues,USD,2023-02-17,10-K,2020-12-31,-561300000,NetIncomeLoss,USD,2023-02-17,10-K,2020-12-31,5916300000,Assets,USD,2023-02-17,10-K,2020-12-31,-214500000,NetCashProvidedByUsedInFinancingActivities,USD,2023-02-17,10-K,2020-12-31,-218400000,NetCashProvidedByUsedInInvestingActivities,USD,2023-02-17,10-K,2020-12-31,454700000,NetCashProvidedByUsedInOperatingActivities,USD,2023-02-17,10-K,2020-12-31,through_ocf,True,,,-0.119152,0.096523,1.255901,-0.045534,-0.046362
2023Q1,2023-02-16,DCO,30305,DUCOMMUN INCORPORATED,$500M-$1B,,628941000,RevenueFromContractWithCustomerExcludingAssessedTax,USD,2023-02-16,10-K,2020-12-31,29174000,NetIncomeLoss,USD,2023-02-16,10-K,2020-12-31,978735000,Assets,USD,2023-02-16,10-K,2021-12-31,9743000,NetCashProvidedByUsedInFinancingActivities,USD,2023-02-16,10-K,2020-12-31,-5472000,NetCashProvidedByUsedInInvestingActivities,USD,2023-02-16,10-K,2020-12-31,12611000,NetCashProvidedByUsedInOperatingActivities,USD,2023-02-16,10-K,2020-12-31,through_ocf,True,,,0.046386,0.020051,1.556163,0.015491,-0.0087
2023Q1,2023-02-07,DD,1666700,"DUPONT DE NEMOURS, INC.",$2B-$10B,,9320000000,RevenueFromContractWithCustomerExcludingAssessedTax,USD,2022-11-08,10-Q,2021-09-30,6263000000,NetIncomeLoss,USD,2022-11-08,10-Q,2021-09-30,45707000000,Assets,USD,2022-11-08,10-Q,2021-12-31,-5921000000,NetCashProvidedByUsedInFinancingActivities,USD,2022-11-08,10-Q,2021-09-30,-2727000000,NetCashProvidedByUsedInInvestingActivities,USD,2022-11-08,10-Q,2021-09-30,1660000000,NetCashProvidedByUsedInOperatingActivities,USD,2022-11-08,10-Q,2021-09-30,through_ocf,True,,,0.671996,0.178112,4.904185,-0.6353,-0.292597
2023Q1,2023-03-01,DDD,910638,3D SYSTEMS CORPORATION,$100M-$500M,,464769000,RevenueFromContractWithCustomerExcludingAssessedTax,USD,2022-11-09,10-Q,2021-09-30,328252000,NetIncomeLoss,USD,2022-11-09,10-Q,2021-09-30,1549099000,Assets,USD,2022-11-09,10-Q,2021-12-31,-36202000,NetCashProvidedByUsedInFinancingActivities,USD,2022-11-09,10-Q,2021-09-30,399641000,NetCashProvidedByUsedInInvestingActivities,USD,2022-11-09,10-Q,2021-09-30,62652000,NetCashProvidedByUsedInOperatingActivities,USD,2022-11-09,10-Q,2021-09-30,through_ocf,True,,,0.706269,0.134802,3.333051,-0.077892,0.85987
2023Q1,2023-02-16,DDOG,1561550,"Datadog, Inc.",$500M-$1B,,702586000,RevenueFromContractWithCustomerExcludingAssessedTax,USD,2022-11-04,10-Q,2021-09-30,-27914000,NetIncomeLoss,USD,2022-11-04,10-Q,2021-09-30,2380794000,Assets,USD,2022-11-04,10-Q,2021-12-31,20200000,NetCashProvidedByUsedInFinancingActivities,USD,2022-11-04,10-Q,2021-09-30,-127705000,NetCashProvidedByUsedInInvestingActivities,USD,2022-11-04,10-Q,2021-09-30,170752000,NetCashProvidedByUsedInOperatingActivities,USD,2022-11-04,10-Q,2021-09-30,through_ocf,True,,,-0.03973,0.243034,3.388616,0.028751,-0.181764
2023Q1,2023-02-02,DECK,910521,DECKERS OUTDOOR CORP,$1B-$2B,,1226580000,RevenueFromContractWithCustomerExcludingAssessedTax,USD,2022-11-03,10-Q,2021-09-30,48124000,NetIncomeLoss,USD,2022-11-03,10-Q,2021-06-30,2332250000,Assets,USD,2022-11-03,10-Q,2022-03-31,-144270000,NetCashProvidedByUsedInFinancingActivities,USD,2022-11-03,10-Q,2021-09-30,-26719000,NetCashProvidedByUsedInInvestingActivities,USD,2022-11-03,10-Q,2021-09-30,-172674000,NetCashProvidedByUsedInOperatingActivities,USD,2022-11-03,10-Q,2021-09-30,through_ocf,True,,,0.039234,-0.140777,1.901425,-0.11762,-0.021783
2023Q1,2023-02-07,DEI,1364250,"Douglas Emmett, Inc.",$500M-$1B,,679545000,Revenues,USD,2022-11-04,10-Q,2021-09-30,45939000,NetIncomeLoss,USD,2022-11-04,10-Q,2021-09-30,9354032000,Assets,USD,2022-11-04,10-Q,2021-12-31,70889000,NetCashProvidedByUsedInFinancingActivities,USD,2022-11-04,10-Q,2021-09-30,-232393000,NetCashProvidedByUsedInInvestingActivities,USD,2022-11-04,10-Q,2021-09-30,339582000,NetCashProvidedByUsedInOperatingActivities,USD,2022-11-04,10-Q,2021-09-30,through_ocf,True,,,0.067603,0.49972,13.76514,0.104318,-0.341983
2023Q1,2023-02-21,DFIN,1669811,"Donnelley Financial Solutions, Inc.",$500M-$1B,,894500000,RevenueFromContractWithCustomerExcludingAssessedTax,USD,2023-02-21,10-K,2020-12-31,-25900000,NetIncomeLoss,USD,2023-02-21,10-K,2020-12-31,865600000,Assets,USD,2023-02-21,10-K,2020-12-31,-77500000,NetCashProvidedByUsedInFinancingActivities,USD,2023-02-21,10-K,2020-12-31,-19800000,NetCashProvidedByUsedInInvestingActivities,USD,2023-02-21,10-K,2020-12-31,154200000,NetCashProvidedByUsedInOperatingActivities,USD,2023-02-21,10-K,2020-12-31,through_ocf,True,,,-0.028955,0.172387,0.967691,-0.086641,-0.022135
2023Q1,2023-02-23,DG,29534,DOLLAR GENERAL CORPORATION,>$10B,,25569001000,RevenueFromContractWithCustomerExcludingAssessedTax,USD,2022-12-01,10-Q,2021-10-29,1801799000,NetIncomeLoss,USD,2022-12-01,10-Q,2021-10-29,26327371000,Assets,USD,2022-12-01,10-Q,2022-01-28,-2339193000,NetCashProvidedByUsedInFinancingActivities,USD,2022-12-01,10-Q,2021-10-29,-775438000,NetCashProvidedByUsedInInvestingActivities,USD,2022-12-01,10-Q,2021-10-29,2226716000,NetCashProvidedByUsedInOperatingActivities,USD,2022-12-01,10-Q,2021-10-29,through_ocf,True,,,0.070468,0.087087,1.02966,-0.091486,-0.030327
2023Q1,2023-02-02,DGII,854775,Digi International Inc,$100M-$500M,,279271000,Revenues,USD,2022-11-23,10-K,2020-09-30,8411000,NetIncomeLoss,USD,2022-11-23,10-K,2020-09-30,619531000,Assets,USD,2022-11-23,10-K,2021-09-30,63603000,NetCashProvidedByUsedInFinancingActivities,USD,2022-11-23,10-K,2020-09-30,-136997000,NetCashProvidedByUsedInInvestingActivities,USD,2022-11-23,10-K,2020-09-30,34478000,NetCashProvidedByUsedInOperatingActivities,USD,2022-11-23,10-K,2020-09-30,through_ocf,True,,,0.030118,0.123457,2.218386,0.227747,-0.490552
2023Q1,2023-02-02,DGX,1022079,Quest Diagnostics Inc,$2B-$10B,,8044000000,RevenueFromContractWithCustomerExcludingAssessedTax,USD,2022-10-21,10-Q,2021-09-30,1605000000,NetIncomeLoss,USD,2022-10-21,10-Q,2021-09-30,13611000000,Assets,USD,2022-10-21,10-Q,2021-12-31,-2171000000,NetCashProvidedByUsedInFinancingActivities,USD,2022-10-21,10-Q,2021-09-30,248000000,NetCashProvidedByUsedInInvestingActivities,USD,2022-10-21,10-Q,2021-09-30,1752000000,NetCashProvidedByUsedInOperatingActivities,USD,2022-10-21,10-Q,2021-09-30,through_ocf,True,,,0.199528,0.217802,1.692069,-0.269891,0.03083
2023Q1,2023-01-09,DHR,313616,DANAHER CORPORATION,>$10B,,21305000000,RevenueFromContractWithCustomerExcludingAssessedTax,USD,2022-10-20,10-Q,2021-10-01,4645000000,NetIncomeLoss,USD,2022-10-20,10-Q,2021-10-01,83184000000,Assets,USD,2022-10-20,10-Q,2021-12-31,2717000000,NetCashProvidedByUsedInFinancingActivities,USD,2022-10-20,10-Q,2021-10-01,-12108000000,NetCashProvidedByUsedInInvestingActivities,USD,2022-10-20,10-Q,2021-10-01,6025000000,NetCashProvidedByUsedInOperatingActivities,USD,2022-10-20,10-Q,2021-10-01,through_ocf,True,,,0.218024,0.282797,3.904436,0.127529,-0.568317
2023Q1,2023-02-06,DIN,49754,"Dine Brands Global, Inc.",$500M-$1B,,666537000,Revenues,USD,2022-11-02,10-Q,2021-09-30,78076000,NetIncomeLoss,USD,2022-11-02,10-Q,2021-09-30,1999366000,Assets,USD,2022-11-02,10-Q,2021-12-31,-223832000,NetCashProvidedByUsedInFinancingActivities,USD,2022-11-02,10-Q,2021-09-30,7461000,NetCashProvidedByUsedInInvestingActivities,USD,2022-11-02,10-Q,2021-09-30,145562000,NetCashProvidedByUsedInOperatingActivities,USD,2022-11-02,10-Q,2021-09-30,through_ocf,True,,,0.117137,0.218385,2.999632,-0.335813,0.011194
2023Q1,2023-02-06,DIOD,29002,DIODES INCORPORATED,$1B-$2B,,1324991000,RevenueFromContractWithCustomerExcludingAssessedTax,USD,2022-11-07,10-Q,2021-09-30,163250000,NetIncomeLoss,USD,2022-11-07,10-Q,2021-09-30,2041909000,Assets,USD,2022-11-07,10-Q,2021-09-30,-210259000,NetCashProvidedByUsedInFinancingActivities,USD,2022-11-07,10-Q,2021-09-30,-89299000,NetCashProvidedByUsedInInvestingActivities,USD,2022-11-07,10-Q,2021-09-30,260989000,NetCashProvidedByUsedInOperatingActivities,USD,2022-11-07,10-Q,2021-09-30,through_ocf,True,,,0.123208,0.196974,1.541074,-0.158687,-0.067396
2023Q1,2023-02-28,DK,1694426,"DELEK US HOLDINGS, INC.",$2B-$10B,,7540200000,Revenues,USD,2022-11-08,10-Q,2021-09-30,-114900000,NetIncomeLoss,USD,2022-11-08,10-Q,2021-09-30,6812600000,Assets,USD,2022-11-08,10-Q,2021-12-31,-23900000,NetCashProvidedByUsedInFinancingActivities,USD,2022-11-08,10-Q,2021-09-30,-143200000,NetCashProvidedByUsedInInvestingActivities,USD,2022-11-08,10-Q,2021-09-30,210200000,NetCashProvidedByUsedInOperatingActivities,USD,2022-11-08,10-Q,2021-09-30,through_ocf,True,,,-0.015238,0.027877,0.903504,-0.00317,-0.018992
2023Q1,2023-02-16,DLR,1297996,"DIGITAL REALTY TRUST, INC.",$2B-$10B,,3316715000,Revenues,USD,2022-11-04,10-Q,2021-09-30,641449000,NetIncomeLoss,USD,2022-11-04,10-Q,2021-09-30,36369560000,Assets,USD,2022-11-04,10-Q,2021-12-31,-77170000,NetCashProvidedByUsedInFinancingActivities,USD,2022-11-04,10-Q,2021-09-30,-1179817000,NetCashProvidedByUsedInInvestingActivities,USD,2022-11-04,10-Q,2021-09-30,1250289000,NetCashProvidedByUsedInOperatingActivities,USD,2022-11-04,10-Q,2021-09-30,through_ocf,True,,,0.193399,0.376966,10.965537,-0.023267,-0.355719
2023Q1,2023-03-01,DLTR,935703,"DOLLAR TREE, INC.",>$10B,,19240600000,Revenues,USD,2022-11-22,10-Q,2021-10-30,873700000,NetIncomeLoss,USD,2022-11-22,10-Q,2021-10-30,21390000000,Assets,USD,2022-11-22,10-Q,2021-10-30,-981600000,NetCashProvidedByUsedInFinancingActivities,USD,2022-11-22,10-Q,2021-10-30,-746300000,NetCashProvidedByUsedInInvestingActivities,USD,2022-11-22,10-Q,2021-10-30,1018700000,NetCashProvidedByUsedInOperatingActivities,USD,2022-11-22,10-Q,2021-10-30,through_ocf,True,,,0.045409,0.052945,1.111712,-0.051017,-0.038788
2023Q1,2023-02-02,DLX,27996,DELUXE CORPORATION,$1B-$2B,,1451622000,Revenues,USD,2022-11-04,10-Q,2021-09-30,48856000,NetIncomeLoss,USD,2022-11-04,10-Q,2021-09-30,3074384000,Assets,USD,2022-11-04,10-Q,2021-12-31,911620000,NetCashProvidedByUsedInFinancingActivities,USD,2022-11-04,10-Q,2021-09-30,-1036361000,NetCashProvidedByUsedInInvestingActivities,USD,2022-11-04,10-Q,2021-09-30,149229000,NetCashProvidedByUsedInOperatingActivities,USD,2022-11-04,10-Q,2021-09-30,through_ocf,True,,,0.033656,0.102802,2.117896,0.628001,-0.713933
2023Q1,2023-02-16,DNOW,1599617,DNOW INC.,$1B-$2B,,1619000000,RevenueFromContractWithCustomerExcludingAssessedTax,USD,2023-02-16,10-K,2020-12-31,-427000000,NetIncomeLoss,USD,2023-02-16,10-K,2020-12-31,1008000000,Assets,USD,2023-02-16,10-K,2020-12-31,-8000000,NetCashProvidedByUsedInFinancingActivities,USD,2023-02-16,10-K,2020-12-31,22000000,NetCashProvidedByUsedInInvestingActivities,USD,2023-02-16,10-K,2020-12-31,189000000,NetCashProvidedByUsedInOperatingActivities,USD,2023-02-16,10-K,2020-12-31,through_ocf,True,,,-0.263743,0.116739,0.622607,-0.004941,0.013589
2023Q1,2023-02-15,DNUT,1857154,"Krispy Kreme, Inc.",$1B-$2B,,1013794000,RevenueFromContractWithCustomerExcludingAssessedTax,USD,2022-11-15,10-Q,2021-10-03,-25862000,NetIncomeLoss,USD,2022-11-15,10-Q,2021-10-03,3145254000,Assets,USD,2022-11-15,10-Q,2022-01-02,27360000,NetCashProvidedByUsedInFinancingActivities,USD,2022-11-15,10-Q,2021-10-03,-116716000,NetCashProvidedByUsedInInvestingActivities,USD,2022-11-15,10-Q,2021-10-03,98788000,NetCashProvidedByUsedInOperatingActivities,USD,2022-11-15,10-Q,2021-10-03,through_ocf,True,,,-0.02551,0.097444,3.102459,0.026988,-0.115128
2023Q1,2023-02-07,DOC,765880,"Healthpeak Properties, Inc.",$1B-$2B,,1412979000,Revenues,USD,2022-11-02,10-Q,2021-09-30,476779000,NetIncomeLoss,USD,2022-11-02,10-Q,2021-09-30,15257519000,Assets,USD,2022-11-02,10-Q,2021-12-31,-1687889000,NetCashProvidedByUsedInFinancingActivities,USD,2022-11-02,10-Q,2021-09-30,1203675000,NetCashProvidedByUsedInInvestingActivities,USD,2022-11-02,10-Q,2021-09-30,571335000,NetCashProvidedByUsedInOperatingActivities,USD,2022-11-02,10-Q,2021-09-30,through_ocf,True,,,0.337428,0.404348,10.798122,-1.194561,0.85187
2023Q1,2023-02-16,DOCN,1582961,"DigitalOcean Holdings, Inc.",$100M-$500M,,308899000,RevenueFromContractWithCustomerExcludingAssessedTax,USD,2022-11-07,10-Q,2021-09-30,-7378000,NetIncomeLoss,USD,2022-11-07,10-Q,2021-09-30,2100995000,Assets,USD,2022-11-07,10-Q,2021-12-31,470267000,NetCashProvidedByUsedInFinancingActivities,USD,2022-11-07,10-Q,2021-09-30,-81204000,NetCashProvidedByUsedInInvestingActivities,USD,2022-11-07,10-Q,2021-09-30,100376000,NetCashProvidedByUsedInOperatingActivities,USD,2022-11-07,10-Q,2021-09-30,through_ocf,True,,,-0.023885,0.324948,6.80156,1.522397,-0.262882
2023Q1,2023-03-09,DOCU,1261333,"DOCUSIGN, INC.",$1B-$2B,,1526385000,RevenueFromContractWithCustomerExcludingAssessedTax,USD,2022-12-08,10-Q,2021-10-31,-39531000,NetIncomeLoss,USD,2022-12-08,10-Q,2021-10-31,2541265000,Assets,USD,2022-12-08,10-Q,2022-01-31,-320691000,NetCashProvidedByUsedInFinancingActivities,USD,2022-12-08,10-Q,2021-10-31,-157685000,NetCashProvidedByUsedInInvestingActivities,USD,2022-12-08,10-Q,2021-10-31,418675000,NetCashProvidedByUsedInOperatingActivities,USD,2022-12-08,10-Q,2021-10-31,through_ocf,True,,,-0.025898,0.274292,1.664891,-0.210098,-0.103306
2023Q1,2023-01-31,DOV,29905,DOVER Corp,$2B-$10B,,5917846000,RevenueFromContractWithCustomerExcludingAssessedTax,USD,2022-10-20,10-Q,2021-09-30,761033000,NetIncomeLoss,USD,2022-10-20,10-Q,2021-09-30,10403627000,Assets,USD,2022-10-20,10-Q,2021-12-31,-274798000,NetCashProvidedByUsedInFinancingActivities,USD,2022-10-20,10-Q,2021-09-30,-286642000,NetCashProvidedByUsedInInvestingActivities,USD,2022-10-20,10-Q,2021-09-30,788586000,NetCashProvidedByUsedInOperatingActivities,USD,2022-10-20,10-Q,2021-09-30,through_ocf,True,,,0.1286,0.133256,1.758009,-0.046435,-0.048437
2023Q1,2023-02-23,DPZ,1286681,"Domino’s Pizza, Inc.",$2B-$10B,,4117411000,Revenues,USD,2023-02-23,10-K,2021-01-03,491296000,NetIncomeLoss,USD,2023-02-23,10-K,2021-01-03,1671816000,Assets,USD,2023-02-23,10-K,2022-01-02,-446406000,NetCashProvidedByUsedInFinancingActivities,USD,2023-02-23,10-K,2021-01-03,-128927000,NetCashProvidedByUsedInInvestingActivities,USD,2023-02-23,10-K,2021-01-03,592794000,NetCashProvidedByUsedInOperatingActivities,USD,2023-02-23,10-K,2021-01-03,through_ocf,True,,,0.119322,0.143973,0.406036,-0.108419,-0.031313
2023Q1,2023-01-11,DRH,1298946,DiamondRock Hospitality Co,$100M-$500M,,377200000,RevenueFromContractWithCustomerExcludingAssessedTax,USD,2022-11-04,10-Q,2021-09-30,-191645000,NetIncomeLoss,USD,2022-11-04,10-Q,2021-09-30,2965306000,Assets,USD,2022-11-04,10-Q,2021-12-31,-76474000,NetCashProvidedByUsedInFinancingActivities,USD,2022-11-04,10-Q,2021-09-30,61797000,NetCashProvidedByUsedInInvestingActivities,USD,2022-11-04,10-Q,2021-09-30,-22337000,NetCashProvidedByUsedInOperatingActivities,USD,2022-11-04,10-Q,2021-09-30,through_ocf,True,,,-0.508073,-0.059218,7.861363,-0.202741,0.163831
2023Q1,2023-03-23,DRI,940944,"DARDEN RESTAURANTS, INC.",$2B-$10B,,4578200000,RevenueFromContractWithCustomerExcludingAssessedTax,USD,2023-01-04,10-Q,2021-11-28,424100000,NetIncomeLoss,USD,2023-01-04,10-Q,2021-11-28,10135800000,Assets,USD,2023-01-04,10-Q,2022-05-29,-721000000,NetCashProvidedByUsedInFinancingActivities,USD,2023-01-04,10-Q,2021-11-28,-177800000,NetCashProvidedByUsedInInvestingActivities,USD,2023-01-04,10-Q,2021-11-28,,,,,,,through_ocf,False,,operating_cash_flow,0.092635,,2.213927,-0.157485,-0.038836
2023Q1,2023-03-10,DRS,1833756,"Leonardo DRS, Inc.",$2B-$10B,,2059000000,RevenueFromContractWithCustomerExcludingAssessedTax,USD,2022-11-07,10-Q,2021-09-30,96000000,NetIncomeLoss,USD,2022-11-07,10-Q,2021-09-30,3069000000,Assets,USD,2022-11-07,10-Q,2021-12-31,70000000,NetCashProvidedByUsedInFinancingActivities,USD,2022-11-07,10-Q,2021-09-30,58000000,NetCashProvidedByUsedInInvestingActivities,USD,2022-11-07,10-Q,2021-09-30,-111000000,NetCashProvidedByUsedInOperatingActivities,USD,2022-11-07,10-Q,2021-09-30,through_ocf,True,,,0.046625,-0.05391,1.490529,0.033997,0.028169
2023Q1,2023-02-22,DRVN,1804745,Driven Brands Holdings Inc.,$1B-$2B,,1075395000,RevenueFromContractWithCustomerExcludingAssessedTax,USD,2022-11-04,10-Q,2021-09-25,48389000,NetIncomeLoss,USD,2022-11-04,10-Q,2021-09-25,5857369000,Assets,USD,2022-11-04,10-Q,2021-12-25,204845000,NetCashProvidedByUsedInFinancingActivities,USD,2022-11-04,10-Q,2021-09-25,-462721000,NetCashProvidedByUsedInInvestingActivities,USD,2022-11-04,10-Q,2021-09-25,198195000,NetCashProvidedByUsedInOperatingActivities,USD,2022-11-04,10-Q,2021-09-25,through_ocf,True,,,0.044996,0.1843,5.446714,0.190483,-0.43028
2023Q1,2023-03-09,DSGR,703604,"DISTRIBUTION SOLUTIONS GROUP, INC.",$100M-$500M,,391069000,RevenueFromContractWithCustomerExcludingAssessedTax,USD,2022-11-03,10-Q,2021-09-30,-1890000,NetIncomeLoss,USD,2022-11-03,10-Q,2021-03-31,493294000,Assets,USD,2022-11-03,10-Q,2021-12-31,11212000,NetCashProvidedByUsedInFinancingActivities,USD,2022-11-03,10-Q,2021-09-30,-26975000,NetCashProvidedByUsedInInvestingActivities,USD,2022-11-03,10-Q,2021-09-30,17137000,NetCashProvidedByUsedInOperatingActivities,USD,2022-11-03,10-Q,2021-09-30,through_ocf,True,,,-0.004833,0.043821,1.261399,0.02867,-0.068978
2023Q1,2023-02-23,DTE,936340,DTE Energy Co,$2B-$10B,,3236000000,Revenues,USD,2018-04-25,10-Q,2017-03-31,1368000000,NetIncomeLoss,USD,2023-02-23,10-K,2020-12-31,45496000000,Assets,USD,2023-02-23,10-K,2020-12-31,796000000,NetCashProvidedByUsedInFinancingActivities,USD,2023-02-23,10-K,2020-12-31,-4070000000,NetCashProvidedByUsedInInvestingActivities,USD,2023-02-23,10-K,2020-12-31,3697000000,NetCashProvidedByUsedInOperatingActivities,USD,2023-02-23,10-K,2020-12-31,through_ocf,True,,,0.422744,1.14246,14.059333,0.245983,-1.257726
2023Q1,2023-02-09,DUK,1326160,DUKE ENERGY CORPORATION,$2B-$10B,,5928000000,RevenueFromContractWithCustomerExcludingAssessedTax,USD,2018-05-10,10-Q,2018-03-31,3162000000,NetIncomeLoss,USD,2022-11-04,10-Q,2021-09-30,169587000000,Assets,USD,2022-11-04,10-Q,2021-12-31,1160000000,NetCashProvidedByUsedInFinancingActivities,USD,2022-11-04,10-Q,2021-09-30,-8200000000,NetCashProvidedByUsedInInvestingActivities,USD,2022-11-04,10-Q,2021-09-30,7227000000,NetCashProvidedByUsedInOperatingActivities,USD,2022-11-04,10-Q,2021-09-30,through_ocf,True,,,0.533401,1.21913,28.607794,0.195682,-1.383266
2023Q1,2023-02-28,DUOL,1562088,"Duolingo, Inc.",$100M-$500M,,177758000,RevenueFromContractWithCustomerExcludingAssessedTax,USD,2022-11-14,10-Q,2021-09-30,-42618000,NetIncomeLoss,USD,2022-11-14,10-Q,2021-09-30,661311000,Assets,USD,2022-11-14,10-Q,2021-12-31,425310000,NetCashProvidedByUsedInFinancingActivities,USD,2022-11-14,10-Q,2021-09-30,-5098000,NetCashProvidedByUsedInInvestingActivities,USD,2022-11-14,10-Q,2021-09-30,8738000,NetCashProvidedByUsedInOperatingActivities,USD,2022-11-14,10-Q,2021-09-30,through_ocf,True,,,-0.239753,0.049157,3.720288,2.392635,-0.028679
2023Q1,2023-02-22,DVA,927066,DAVITA INC.,>$10B,,11550604000,Revenues,USD,2023-02-22,10-K,2020-12-31,773642000,NetIncomeLoss,USD,2023-02-22,10-K,2020-12-31,17121488000,Assets,USD,2023-02-22,10-K,2021-12-31,-1846777000,NetCashProvidedByUsedInFinancingActivities,USD,2023-02-22,10-K,2020-12-31,-825371000,NetCashProvidedByUsedInInvestingActivities,USD,2023-02-22,10-K,2020-12-31,1979028000,NetCashProvidedByUsedInOperatingActivities,USD,2023-02-22,10-K,2020-12-31,through_ocf,True,,,0.066978,0.171335,1.482302,-0.159886,-0.071457
2023Q1,2023-02-14,DVN,1090012,DEVON ENERGY CORP/DE,$2B-$10B,,7933000000,Revenues,USD,2022-11-02,10-Q,2021-09-30,1307000000,NetIncomeLoss,USD,2022-11-02,10-Q,2021-09-30,21025000000,Assets,USD,2022-11-02,10-Q,2021-12-31,-2143000000,NetCashProvidedByUsedInFinancingActivities,USD,2022-11-02,10-Q,2021-09-30,-1056000000,NetCashProvidedByUsedInInvestingActivities,USD,2022-11-02,10-Q,2021-09-30,3283000000,NetCashProvidedByUsedInOperatingActivities,USD,2022-11-02,10-Q,2021-09-30,through_ocf,True,,,0.164755,0.413841,2.650321,-0.270137,-0.133115
2023Q1,2023-03-16,DXLG,813298,"DESTINATION XL GROUP, INC.",$100M-$500M,,318946000,RevenueFromContractWithCustomerExcludingAssessedTax,USD,2023-03-16,10-K,2021-01-30,-64538000,NetIncomeLoss,USD,2023-03-16,10-K,2021-01-30,279958000,Assets,USD,2023-03-16,10-K,2022-01-29,20130000,NetCashProvidedByUsedInFinancingActivities,USD,2023-03-16,10-K,2021-01-30,-4243000,NetCashProvidedByUsedInInvestingActivities,USD,2023-03-16,10-K,2021-01-30,-1228000,NetCashProvidedByUsedInOperatingActivities,USD,2023-03-16,10-K,2021-01-30,through_ocf,True,,,-0.202348,-0.00385,0.87776,0.063114,-0.013303
2023Q1,2023-03-01,DY,67215,"DYCOM INDUSTRIES, INC.",$2B-$10B,,2369038000,RevenueFromContractWithCustomerExcludingAssessedTax,USD,2022-11-23,10-Q,2021-10-30,47780000,NetIncomeLoss,USD,2022-11-23,10-Q,2021-10-30,2118224000,Assets,USD,2022-11-23,10-Q,2022-01-29,197069000,NetCashProvidedByUsedInFinancingActivities,USD,2022-11-23,10-Q,2021-10-30,-108251000,NetCashProvidedByUsedInInvestingActivities,USD,2022-11-23,10-Q,2021-10-30,163113000,NetCashProvidedByUsedInOperatingActivities,USD,2022-11-23,10-Q,2021-10-30,through_ocf,True,,,0.020169,0.068852,0.894128,0.083185,-0.045694
2023Q1,2023-01-31,EA,712515,ELECTRONIC ARTS INC.,$2B-$10B,,3377000000,Revenues,USD,2022-11-08,10-Q,2021-09-30,498000000,NetIncomeLoss,USD,2022-11-08,10-Q,2021-09-30,13800000000,Assets,USD,2022-11-08,10-Q,2022-03-31,-827000000,NetCashProvidedByUsedInFinancingActivities,USD,2022-11-08,10-Q,2021-09-30,-2722000000,NetCashProvidedByUsedInInvestingActivities,USD,2022-11-08,10-Q,2021-09-30,-79000000,NetCashProvidedByUsedInOperatingActivities,USD,2022-11-08,10-Q,2021-09-30,through_ocf,True,,,0.147468,-0.023394,4.086467,-0.244892,-0.806041
2023Q1,2023-02-22,EBAY,1065088,eBay Inc.,$2B-$10B,,7807000000,RevenueFromContractWithCustomerExcludingAssessedTax,USD,2022-11-03,10-Q,2021-09-30,11639000000,NetIncomeLoss,USD,2022-11-03,10-Q,2021-09-30,26626000000,Assets,USD,2022-11-03,10-Q,2021-12-31,-3245000000,NetCashProvidedByUsedInFinancingActivities,USD,2022-11-03,10-Q,2021-09-30,878000000,NetCashProvidedByUsedInInvestingActivities,USD,2022-11-03,10-Q,2021-09-30,2364000000,NetCashProvidedByUsedInOperatingActivities,USD,2022-11-03,10-Q,2021-09-30,through_ocf,True,,,1.490842,0.302805,3.410529,-0.415653,0.112463
2023Q1,2023-01-09,EBS,1367644,EMERGENT BIOSOLUTIONS INC.,$1B-$2B,,1069500000,Revenues,USD,2022-11-09,10-Q,2021-09-30,41600000,NetIncomeLoss,USD,2022-11-09,10-Q,2021-09-30,2959000000,Assets,USD,2022-11-09,10-Q,2021-12-31,-31000000,NetCashProvidedByUsedInFinancingActivities,USD,2022-11-09,10-Q,2021-09-30,-178300000,NetCashProvidedByUsedInInvestingActivities,USD,2022-11-09,10-Q,2021-09-30,-7900000,NetCashProvidedByUsedInOperatingActivities,USD,2022-11-09,10-Q,2021-09-30,through_ocf,True,,,0.038897,-0.007387,2.766713,-0.028986,-0.166713
2023Q1,2023-02-14,ECL,31462,ECOLAB INC.,$2B-$10B,,9368500000,RevenueFromContractWithCustomerExcludingAssessedTax,USD,2022-11-04,10-Q,2021-09-30,828900000,NetIncomeLoss,USD,2022-11-04,10-Q,2021-09-30,21206400000,Assets,USD,2022-11-04,10-Q,2021-12-31,-1159300000,NetCashProvidedByUsedInFinancingActivities,USD,2022-11-04,10-Q,2021-09-30,-638500000,NetCashProvidedByUsedInInvestingActivities,USD,2022-11-04,10-Q,2021-09-30,1421000000,NetCashProvidedByUsedInOperatingActivities,USD,2022-11-04,10-Q,2021-09-30,through_ocf,True,,,0.088477,0.151678,2.263585,-0.123744,-0.068154
2023Q1,2023-02-22,ECPG,1084961,"ENCORE CAPITAL GROUP, INC.",$1B-$2B,,1501400000,Revenues,USD,2023-02-22,10-K,2020-12-31,211848000,NetIncomeLoss,USD,2023-02-22,10-K,2020-12-31,4608125000,Assets,USD,2023-02-22,10-K,2021-12-31,-403200000,NetCashProvidedByUsedInFinancingActivities,USD,2023-02-22,10-K,2020-12-31,82826000,NetCashProvidedByUsedInInvestingActivities,USD,2023-02-22,10-K,2020-12-31,312864000,NetCashProvidedByUsedInOperatingActivities,USD,2023-02-22,10-K,2020-12-31,through_ocf,True,,,0.1411,0.208382,3.069219,-0.268549,0.055166
2023Q1,2023-02-28,ECVT,1708035,Ecovyst Inc.,$100M-$500M,,495920000,RevenueFromContractWithCustomerExcludingAssessedTax,USD,2023-02-28,10-K,2020-12-31,-278771000,NetIncomeLoss,USD,2023-02-28,10-K,2020-12-31,1931219000,Assets,USD,2023-02-28,10-K,2021-12-31,-722820000,NetCashProvidedByUsedInFinancingActivities,USD,2023-02-28,10-K,2020-12-31,551472000,NetCashProvidedByUsedInInvestingActivities,USD,2023-02-28,10-K,2020-12-31,223598000,NetCashProvidedByUsedInOperatingActivities,USD,2023-02-28,10-K,2020-12-31,through_ocf,True,,,-0.562129,0.450875,3.894215,-1.457533,1.112018
2023Q1,2023-02-16,ED,1047862,"Consolidated Edison, Inc.",>$10B,,12246000000,Revenues,USD,2023-02-16,10-K,2020-12-31,1101000000,NetIncomeLoss,USD,2023-02-16,10-K,2020-12-31,62895000000,Assets,USD,2023-02-16,10-K,2020-12-31,2245000000,NetCashProvidedByUsedInFinancingActivities,USD,2023-02-16,10-K,2020-12-31,-4224000000,NetCashProvidedByUsedInInvestingActivities,USD,2023-02-16,10-K,2020-12-31,2198000000,NetCashProvidedByUsedInOperatingActivities,USD,2023-02-16,10-K,2020-12-31,through_ocf,True,,,0.089907,0.179487,5.135963,0.183325,-0.344929
2023Q1,2023-03-28,EE,0001888447,"Excelerate Energy, Inc.",$500M-$1B,,549752000,Revenues,USD,2022-11-14,10-Q,2021-09-30,38023000,ProfitLoss,USD,2022-11-14,10-Q,2021-03-31,2500736000,Assets,USD,2022-11-14,10-Q,2021-12-31,-114133000,NetCashProvidedByUsedInFinancingActivities,USD,2022-11-14,10-Q,2021-09-30,-30837000,NetCashProvidedByUsedInInvestingActivities,USD,2022-11-14,10-Q,2021-09-30,130576000,NetCashProvidedByUsedInOperatingActivities,USD,2022-11-14,10-Q,2021-09-30,through_ocf,True,,,0.069164,0.237518,4.548844,-0.207608,-0.056093
2023Q1,2023-02-08,EEFT,1029199,"Euronet Worldwide, Inc.",$2B-$10B,,2183916000,Revenues,USD,2022-11-04,10-Q,2021-09-30,73852000,NetIncomeLoss,USD,2022-11-04,10-Q,2021-09-30,4744276000,Assets,USD,2022-11-04,10-Q,2021-12-31,-216291000,NetCashProvidedByUsedInFinancingActivities,USD,2022-11-04,10-Q,2021-09-30,-70952000,NetCashProvidedByUsedInInvestingActivities,USD,2022-11-04,10-Q,2021-09-30,304340000,NetCashProvidedByUsedInOperatingActivities,USD,2022-11-04,10-Q,2021-09-30,through_ocf,True,,,0.033816,0.139355,2.172371,-0.099038,-0.032488
2023Q1,2023-03-14,EEX,1579214,"Emerald Holding, Inc.",$100M-$500M,,104400000,RevenueFromContractWithCustomerExcludingAssessedTax,USD,2022-11-03,10-Q,2021-09-30,-70800000,ProfitLoss,USD,2022-11-03,10-Q,2021-09-30,1062400000,Assets,USD,2022-11-03,10-Q,2021-12-31,-16900000,NetCashProvidedByUsedInFinancingActivities,USD,2022-11-03,10-Q,2021-09-30,-11100000,NetCashProvidedByUsedInInvestingActivities,USD,2022-11-03,10-Q,2021-09-30,36300000,NetCashProvidedByUsedInOperatingActivities,USD,2022-11-03,10-Q,2021-09-30,through_ocf,True,,,-0.678161,0.347701,10.176245,-0.161877,-0.106322
2023Q1,2023-02-08,EFX,33185,EQUIFAX INC.,$2B-$10B,,3670700000,RevenueFromContractWithCustomerExcludingAssessedTax,USD,2022-10-20,10-Q,2021-09-30,622100000,NetIncomeLoss,USD,2022-10-20,10-Q,2021-09-30,11040900000,Assets,USD,2022-10-20,10-Q,2021-12-31,842400000,NetCashProvidedByUsedInFinancingActivities,USD,2022-10-20,10-Q,2021-09-30,-1440300000,NetCashProvidedByUsedInInvestingActivities,USD,2022-10-20,10-Q,2021-09-30,949500000,NetCashProvidedByUsedInOperatingActivities,USD,2022-10-20,10-Q,2021-09-30,through_ocf,True,,,0.169477,0.25867,3.007846,0.229493,-0.392377
2023Q1,2023-02-08,EG,1095073,"Everest Group, Ltd.",$2B-$10B,,8746000000,Revenues,USD,2022-11-03,10-Q,2021-09-30,948000000,ProfitLoss,USD,2022-11-03,10-Q,2021-09-30,38185000000,Assets,USD,2022-11-03,10-Q,2021-12-31,-413000000,NetCashProvidedByUsedInFinancingActivities,USD,2022-11-03,10-Q,2021-09-30,-2102000000,NetCashProvidedByUsedInInvestingActivities,USD,2022-11-03,10-Q,2021-09-30,2791000000,NetCashProvidedByUsedInOperatingActivities,USD,2022-11-03,10-Q,2021-09-30,through_ocf,True,,,0.108392,0.319117,4.365996,-0.047222,-0.240338
2023Q1,2023-02-15,EHAB,0001803737,"Enhabit, Inc.",$500M-$1B,,830500000,RevenueFromContractWithCustomerExcludingAssessedTax,USD,2022-11-14,10-Q,2021-09-30,81800000,NetIncomeLoss,USD,2022-11-14,10-Q,2021-09-30,1720000000,Assets,USD,2022-11-14,10-Q,2021-12-31,-9100000,NetCashProvidedByUsedInFinancingActivities,USD,2022-11-14,10-Q,2021-09-30,-99700000,NetCashProvidedByUsedInInvestingActivities,USD,2022-11-14,10-Q,2021-09-30,100200000,NetCashProvidedByUsedInOperatingActivities,USD,2022-11-14,10-Q,2021-09-30,through_ocf,True,,,0.098495,0.12065,2.071042,-0.010957,-0.120048
2023Q1,2023-02-16,EIG,1379041,"EMPLOYERS HOLDINGS, INC.",$500M-$1B,,503300000,Revenues,USD,2022-10-28,10-Q,2021-09-30,64500000,NetIncomeLoss,USD,2022-10-28,10-Q,2021-09-30,3783200000,Assets,USD,2022-10-28,10-Q,2021-12-31,-78000000,NetCashProvidedByUsedInFinancingActivities,USD,2022-10-28,10-Q,2021-09-30,22500000,NetCashProvidedByUsedInInvestingActivities,USD,2022-10-28,10-Q,2021-09-30,-9300000,NetCashProvidedByUsedInOperatingActivities,USD,2022-10-28,10-Q,2021-09-30,through_ocf,True,,,0.128154,-0.018478,7.516789,-0.154977,0.044705
2023Q1,2023-02-23,EIX,827052,EDISON INTERNATIONAL,>$10B,,13578000000,Revenues,USD,2023-02-23,10-K,2020-12-31,871000000,ProfitLoss,USD,2023-02-23,10-K,2020-12-31,74745000000,Assets,USD,2023-02-23,10-K,2021-12-31,3727000000,NetCashProvidedByUsedInFinancingActivities,USD,2023-02-23,10-K,2020-12-31,-4971000000,NetCashProvidedByUsedInInvestingActivities,USD,2023-02-23,10-K,2020-12-31,1263000000,NetCashProvidedByUsedInOperatingActivities,USD,2023-02-23,10-K,2020-12-31,through_ocf,True,,,0.064148,0.093018,5.504861,0.274488,-0.366107
2023Q1,2023-02-14,EMBC,0001872789,EMBECTA CORP.,$100M-$500M,,289300000,RevenueFromContractWithCustomerExcludingAssessedTax,USD,2023-02-14,10-Q,2021-12-31,98800000,NetIncomeLoss,USD,2023-02-14,10-Q,2021-12-31,1086400000,Assets,USD,2023-02-14,10-Q,2022-09-30,-134500000,NetCashProvidedByUsedInFinancingActivities,USD,2023-02-14,10-Q,2021-12-31,-4300000,NetCashProvidedByUsedInInvestingActivities,USD,2023-02-14,10-Q,2021-12-31,138800000,NetCashProvidedByUsedInOperatingActivities,USD,2023-02-14,10-Q,2021-12-31,through_ocf,True,,,0.341514,0.479779,3.755271,-0.464915,-0.014863
2023Q1,2023-02-23,EME,105634,"EMCOR Group, Inc.",$2B-$10B,,8797061000,Revenues,USD,2023-02-23,10-K,2020-12-31,132943000,NetIncomeLoss,USD,2023-02-23,10-K,2020-12-31,5063840000,Assets,USD,2023-02-23,10-K,2020-12-31,-171907000,NetCashProvidedByUsedInFinancingActivities,USD,2023-02-23,10-K,2020-12-31,-94863000,NetCashProvidedByUsedInInvestingActivities,USD,2023-02-23,10-K,2020-12-31,806366000,NetCashProvidedByUsedInOperatingActivities,USD,2023-02-23,10-K,2020-12-31,through_ocf,True,,,0.015112,0.091663,0.575629,-0.019541,-0.010783
2023Q1,2023-02-08,EMR,32604,Emerson Electric Co.,$2B-$10B,,3156000000,RevenueFromContractWithCustomerExcludingAssessedTax,USD,2023-02-08,10-Q,2021-12-31,896000000,NetIncomeLoss,USD,2023-02-08,10-Q,2021-12-31,35672000000,Assets,USD,2023-02-08,10-Q,2022-09-30,1601000000,NetCashProvidedByUsedInFinancingActivities,USD,2023-02-08,10-Q,2021-12-31,285000000,NetCashProvidedByUsedInInvestingActivities,USD,2023-02-08,10-Q,2021-12-31,523000000,NetCashProvidedByUsedInOperatingActivities,USD,2023-02-08,10-Q,2021-12-31,through_ocf,True,,,0.283904,0.165716,11.302915,0.507288,0.090304
2023Q1,2023-02-23,ENOV,1420800,ENOVIS CORPORATION,$1B-$2B,,1027130000,RevenueFromContractWithCustomerExcludingAssessedTax,USD,2022-11-02,10-Q,2021-10-01,73564000,NetIncomeLoss,USD,2022-11-02,10-Q,2021-10-01,8515912000,Assets,USD,2022-11-02,10-Q,2021-12-31,111837000,NetCashProvidedByUsedInFinancingActivities,USD,2022-11-02,10-Q,2021-10-01,-293648000,NetCashProvidedByUsedInInvestingActivities,USD,2022-11-02,10-Q,2021-10-01,259883000,NetCashProvidedByUsedInOperatingActivities,USD,2022-11-02,10-Q,2021-10-01,through_ocf,True,,,0.071621,0.253019,8.290978,0.108883,-0.285892
2023Q1,2023-02-07,ENPH,1463101,"Enphase Energy, Inc.",$500M-$1B,,969330000,RevenueFromContractWithCustomerExcludingAssessedTax,USD,2022-10-25,10-Q,2021-09-30,92858000,NetIncomeLoss,USD,2022-10-25,10-Q,2021-09-30,2079256000,Assets,USD,2022-10-25,10-Q,2021-12-31,615643000,NetCashProvidedByUsedInFinancingActivities,USD,2022-10-25,10-Q,2021-09-30,-663029000,NetCashProvidedByUsedInInvestingActivities,USD,2022-10-25,10-Q,2021-09-30,254855000,NetCashProvidedByUsedInOperatingActivities,USD,2022-10-25,10-Q,2021-09-30,through_ocf,True,,,0.095796,0.262919,2.145045,0.635122,-0.684008
2023Q1,2023-02-08,ENS,1289308,EnerSys,$100M-$500M,,186052000,Revenues,USD,2020-06-01,10-K,2018-03-31,115819000,NetIncomeLoss,USD,2023-02-08,10-Q,2022-01-02,3736646000,Assets,USD,2023-02-08,10-Q,2022-03-31,76343000,NetCashProvidedByUsedInFinancingActivities,USD,2023-02-08,10-Q,2022-01-02,-47650000,NetCashProvidedByUsedInInvestingActivities,USD,2023-02-08,10-Q,2022-01-02,-78030000,NetCashProvidedByUsedInOperatingActivities,USD,2023-02-08,10-Q,2022-01-02,through_ocf,True,,,0.622509,-0.419399,20.08388,0.410332,-0.256111
2023Q1,2023-02-02,ENSG,1125376,"Ensign Group, Inc",$2B-$10B,,2402596000,Revenues,USD,2023-02-02,10-K,2020-12-31,170478000,NetIncomeLoss,USD,2023-02-02,10-K,2020-12-31,2850623000,Assets,USD,2023-02-02,10-K,2021-12-31,-137298000,NetCashProvidedByUsedInFinancingActivities,USD,2023-02-02,10-K,2020-12-31,-58666000,NetCashProvidedByUsedInInvestingActivities,USD,2023-02-02,10-K,2020-12-31,373351000,NetCashProvidedByUsedInOperatingActivities,USD,2023-02-02,10-K,2020-12-31,through_ocf,True,,,0.070956,0.155395,1.186476,-0.057146,-0.024418
2023Q1,2023-02-14,ENTG,1101302,"Entegris, Inc.",$1B-$2B,,1663689000,RevenueFromContractWithCustomerExcludingAssessedTax,USD,2022-11-02,10-Q,2021-10-02,84676000,NetIncomeLoss,USD,2022-11-02,10-Q,2021-04-03,3191896000,Assets,USD,2022-11-02,10-Q,2021-12-31,-254513000,NetCashProvidedByUsedInFinancingActivities,USD,2022-11-02,10-Q,2021-10-02,-131820000,NetCashProvidedByUsedInInvestingActivities,USD,2022-11-02,10-Q,2021-10-02,284474000,NetCashProvidedByUsedInOperatingActivities,USD,2022-11-02,10-Q,2021-10-02,through_ocf,True,,,0.050897,0.17099,1.918565,-0.152981,-0.079234
2023Q1,2023-02-01,ENVA,1529864,"Enova International, Inc.",$500M-$1B,,844324000,Revenues,USD,2022-10-28,10-Q,2021-09-30,207645000,NetIncomeLoss,USD,2022-10-28,10-Q,2021-09-30,2467499000,Assets,USD,2022-10-28,10-Q,2021-09-30,115433000,NetCashProvidedByUsedInFinancingActivities,USD,2022-10-28,10-Q,2021-09-30,-521575000,NetCashProvidedByUsedInInvestingActivities,USD,2022-10-28,10-Q,2021-09-30,325157000,NetCashProvidedByUsedInOperatingActivities,USD,2022-10-28,10-Q,2021-09-30,through_ocf,True,,,0.24593,0.385109,2.922455,0.136716,-0.617743
2023Q1,2023-02-16,EPAM,1352010,"EPAM SYSTEMS, INC.",$2B-$10B,,2650680000,RevenueFromContractWithCustomerExcludingAssessedTax,USD,2022-11-04,10-Q,2021-09-30,109046000,NetIncomeLoss,USD,2022-11-04,10-Q,2021-03-31,3523227000,Assets,USD,2022-11-04,10-Q,2021-12-31,-14498000,NetCashProvidedByUsedInFinancingActivities,USD,2022-11-04,10-Q,2021-09-30,-158492000,NetCashProvidedByUsedInInvestingActivities,USD,2022-11-04,10-Q,2021-09-30,287713000,NetCashProvidedByUsedInOperatingActivities,USD,2022-11-04,10-Q,2021-09-30,through_ocf,True,,,0.041139,0.108543,1.329179,-0.00547,-0.059793
2023Q1,2023-02-08,EPC,1096752,EDGEWELL PERSONAL CARE COMPANY,$100M-$500M,,463300000,Revenues,USD,2023-02-08,10-Q,2021-12-31,11200000,NetIncomeLoss,USD,2023-02-08,10-Q,2021-12-31,3713100000,Assets,USD,2023-02-08,10-Q,2022-09-30,155500000,NetCashProvidedByUsedInFinancingActivities,USD,2023-02-08,10-Q,2021-12-31,-312700000,NetCashProvidedByUsedInInvestingActivities,USD,2023-02-08,10-Q,2021-12-31,-79000000,NetCashProvidedByUsedInOperatingActivities,USD,2023-02-08,10-Q,2021-12-31,through_ocf,True,,,0.024174,-0.170516,8.014461,0.335636,-0.674941
2023Q1,2023-02-07,EPM,1006655,Evolution Petroleum Corp,<$100M,,18879000,RevenueFromContractWithCustomerExcludingAssessedTax,USD,2022-11-09,10-Q,2021-09-30,5218000,NetIncomeLoss,USD,2022-11-09,10-Q,2021-09-30,148047000,Assets,USD,2022-11-09,10-Q,2022-06-30,-2524000,NetCashProvidedByUsedInFinancingActivities,USD,2022-11-09,10-Q,2021-09-30,-390000,NetCashProvidedByUsedInInvestingActivities,USD,2022-11-09,10-Q,2021-09-30,5592000,NetCashProvidedByUsedInOperatingActivities,USD,2022-11-09,10-Q,2021-09-30,through_ocf,True,,,0.276392,0.296202,7.841888,-0.133694,-0.020658
2023Q1,2023-02-15,EQIX,1101239,"EQUINIX, INC.",$2B-$10B,,4929159000,RevenueFromContractWithCustomerExcludingAssessedTax,USD,2022-11-04,10-Q,2021-09-30,376917000,NetIncomeLoss,USD,2022-11-04,10-Q,2021-09-30,27918698000,Assets,USD,2022-11-04,10-Q,2021-12-31,320943000,NetCashProvidedByUsedInFinancingActivities,USD,2022-11-04,10-Q,2021-09-30,-2186042000,NetCashProvidedByUsedInInvestingActivities,USD,2022-11-04,10-Q,2021-09-30,1655101000,NetCashProvidedByUsedInOperatingActivities,USD,2022-11-04,10-Q,2021-09-30,through_ocf,True,,,0.076467,0.335778,5.663988,0.065111,-0.443492
2023Q1,2023-02-09,EQR,906107,EQUITY RESIDENTIAL,$500M-$1B,,662494000,Revenues,USD,2020-05-07,10-Q,2019-03-31,805876000,NetIncomeLoss,USD,2022-10-28,10-Q,2021-09-30,21169241000,Assets,USD,2022-10-28,10-Q,2021-12-31,-541603000,NetCashProvidedByUsedInFinancingActivities,USD,2022-10-28,10-Q,2021-09-30,-309589000,NetCashProvidedByUsedInInvestingActivities,USD,2022-10-28,10-Q,2021-09-30,978213000,NetCashProvidedByUsedInOperatingActivities,USD,2022-10-28,10-Q,2021-09-30,through_ocf,True,,,1.216428,1.476561,31.953861,-0.817521,-0.467308
2023Q1,2023-03-01,ERIE,922621,ERIE INDEMNITY COMPANY,$2B-$10B,,2536489000,RevenueFromContractWithCustomerExcludingAssessedTax,USD,2023-03-01,10-K,2020-12-31,293304000,NetIncomeLoss,USD,2023-03-01,10-K,2020-12-31,2242057000,Assets,USD,2023-03-01,10-K,2021-12-31,-274869000,NetCashProvidedByUsedInFinancingActivities,USD,2023-03-01,10-K,2020-12-31,-243225000,NetCashProvidedByUsedInInvestingActivities,USD,2023-03-01,10-K,2020-12-31,342595000,NetCashProvidedByUsedInOperatingActivities,USD,2023-03-01,10-K,2020-12-31,through_ocf,True,,,0.115634,0.135067,0.883921,-0.108366,-0.09589
2023Q1,2023-02-13,ES,72741,EVERSOURCE                                    ENERGY,$2B-$10B,,7381172000,Revenues,USD,2022-11-04,10-Q,2021-09-30,368023000,NetIncomeLoss,USD,2022-11-04,10-Q,2021-03-31,48492144000,Assets,USD,2022-11-04,10-Q,2021-12-31,851193000,NetCashProvidedByUsedInFinancingActivities,USD,2022-11-04,10-Q,2021-09-30,-2418287000,NetCashProvidedByUsedInInvestingActivities,USD,2022-11-04,10-Q,2021-09-30,1520273000,NetCashProvidedByUsedInOperatingActivities,USD,2022-11-04,10-Q,2021-09-30,through_ocf,True,,,0.04986,0.205966,6.569708,0.115319,-0.327629
2023Q1,2023-02-08,ESE,866706,ESCO TECHNOLOGIES INC.,$500M-$1B,,730471000,RevenueFromContractWithCustomerExcludingAssessedTax,USD,2022-11-29,10-K,2020-09-30,99411000,NetIncomeLoss,USD,2022-11-29,10-K,2020-09-30,1577345000,Assets,USD,2022-11-29,10-K,2021-09-30,-236220000,NetCashProvidedByUsedInFinancingActivities,USD,2022-11-29,10-K,2020-09-30,140953000,NetCashProvidedByUsedInInvestingActivities,USD,2022-11-29,10-K,2020-09-30,82280000,NetCashProvidedByUsedInOperatingActivities,USD,2022-11-29,10-K,2020-09-30,through_ocf,True,,,0.136092,0.11264,2.159353,-0.32338,0.192962
2023Q1,2023-02-15,ESRT,1541401,"EMPIRE STATE REALTY TRUST, INC.",$100M-$500M,,463760000,Revenues,USD,2022-11-03,10-Q,2021-09-30,-8963000,ProfitLoss,USD,2022-11-03,10-Q,2021-09-30,4112163000,Assets,USD,2022-11-03,10-Q,2021-09-30,-43239000,NetCashProvidedByUsedInFinancingActivities,USD,2022-11-03,10-Q,2021-09-30,-70760000,NetCashProvidedByUsedInInvestingActivities,USD,2022-11-03,10-Q,2021-09-30,167027000,NetCashProvidedByUsedInOperatingActivities,USD,2022-11-03,10-Q,2021-09-30,through_ocf,True,,,-0.019327,0.360158,8.867007,-0.093236,-0.152579
2023Q1,2023-02-07,ESS,920522,"ESSEX PROPERTY TRUST, INC.",$1B-$2B,,1068960000,Revenues,USD,2022-10-27,10-Q,2021-09-30,371566000,ProfitLoss,USD,2022-10-27,10-Q,2021-09-30,12997873000,Assets,USD,2022-10-27,10-Q,2021-12-31,-627759000,NetCashProvidedByUsedInFinancingActivities,USD,2022-10-27,10-Q,2021-09-30,-95207000,NetCashProvidedByUsedInInvestingActivities,USD,2022-10-27,10-Q,2021-09-30,699877000,NetCashProvidedByUsedInOperatingActivities,USD,2022-10-27,10-Q,2021-09-30,through_ocf,True,,,0.347596,0.654727,12.159363,-0.587261,-0.089065
2023Q1,2023-02-08,ETN,1551182,EATON CORPORATION plc,>$10B,,14830000000,RevenueFromContractWithCustomerExcludingAssessedTax,USD,2022-11-01,10-Q,2021-09-30,1593000000,NetIncomeLoss,USD,2022-11-01,10-Q,2021-09-30,34027000000,Assets,USD,2022-11-01,10-Q,2021-12-31,166000000,NetCashProvidedByUsedInFinancingActivities,USD,2022-11-01,10-Q,2021-09-30,-1688000000,NetCashProvidedByUsedInInvestingActivities,USD,2022-11-01,10-Q,2021-09-30,1368000000,NetCashProvidedByUsedInOperatingActivities,USD,2022-11-01,10-Q,2021-09-30,through_ocf,True,,,0.107417,0.092245,2.294471,0.011194,-0.113823
2023Q1,2023-02-16,ETR,65984,Entergy Corporation,$2B-$10B,,9020440000,RevenueFromContractWithCustomerExcludingAssessedTax,USD,2022-11-03,10-Q,2021-09-30,339145000,ProfitLoss,USD,2022-11-03,10-Q,2021-03-31,59454242000,Assets,USD,2022-11-03,10-Q,2021-12-31,1091929000,NetCashProvidedByUsedInFinancingActivities,USD,2022-11-03,10-Q,2021-09-30,-3861975000,NetCashProvidedByUsedInInvestingActivities,USD,2022-11-03,10-Q,2021-09-30,2010983000,NetCashProvidedByUsedInOperatingActivities,USD,2022-11-03,10-Q,2021-09-30,through_ocf,True,,,0.037597,0.222936,6.591058,0.121051,-0.428136
2023Q1,2023-03-15,EVCM,1853145,EverCommerce Inc.,$100M-$500M,,354490000,RevenueFromContractWithCustomerExcludingAssessedTax,USD,2022-11-10,10-Q,2021-09-30,-15995000,NetIncomeLoss,USD,2022-11-10,10-Q,2021-03-31,1663373000,Assets,USD,2022-11-10,10-Q,2021-12-31,180514000,NetCashProvidedByUsedInFinancingActivities,USD,2022-11-10,10-Q,2021-09-30,-194239000,NetCashProvidedByUsedInInvestingActivities,USD,2022-11-10,10-Q,2021-09-30,13673000,NetCashProvidedByUsedInOperatingActivities,USD,2022-11-10,10-Q,2021-09-30,through_ocf,True,,,-0.045121,0.038571,4.692299,0.509222,-0.547939
2023Q1,2023-02-27,EVER,1640428,"EverQuote, Inc.",$100M-$500M,,346935000,RevenueFromContractWithCustomerExcludingAssessedTax,USD,2023-02-27,10-K,2020-12-31,-11202000,NetIncomeLoss,USD,2023-02-27,10-K,2020-12-31,143607000,Assets,USD,2023-02-27,10-K,2021-12-31,4907000,NetCashProvidedByUsedInFinancingActivities,USD,2023-02-27,10-K,2020-12-31,-18752000,NetCashProvidedByUsedInInvestingActivities,USD,2023-02-27,10-K,2020-12-31,10668000,NetCashProvidedByUsedInOperatingActivities,USD,2023-02-27,10-K,2020-12-31,through_ocf,True,,,-0.032288,0.030749,0.413931,0.014144,-0.05405
2023Q1,2023-01-11,EVH,1628908,"Evolent Health, Inc.",$500M-$1B,,659599000,RevenueFromContractWithCustomerExcludingAssessedTax,USD,2022-11-03,10-Q,2021-09-30,-31954000,NetIncomeLoss,USD,2022-11-03,10-Q,2021-09-30,1419458000,Assets,USD,2022-11-03,10-Q,2021-12-31,-90446000,NetCashProvidedByUsedInFinancingActivities,USD,2022-11-03,10-Q,2021-09-30,38582000,NetCashProvidedByUsedInInvestingActivities,USD,2022-11-03,10-Q,2021-09-30,-27909000,NetCashProvidedByUsedInOperatingActivities,USD,2022-11-03,10-Q,2021-09-30,through_ocf,True,,,-0.048445,-0.042312,2.152001,-0.137123,0.058493
2023Q1,2023-02-24,EVRG,1711269,"EVERGY, INC.",$2B-$10B,,4913400000,Revenues,USD,2023-02-24,10-K,2020-12-31,618300000,NetIncomeLoss,USD,2023-02-24,10-K,2020-12-31,28520500000,Assets,USD,2023-02-24,10-K,2021-12-31,-98400000,NetCashProvidedByUsedInFinancingActivities,USD,2023-02-24,10-K,2020-12-31,-1533700000,NetCashProvidedByUsedInInvestingActivities,USD,2023-02-24,10-K,2020-12-31,1753800000,NetCashProvidedByUsedInOperatingActivities,USD,2023-02-24,10-K,2020-12-31,through_ocf,True,,,0.12584,0.356942,5.804636,-0.020027,-0.312146
2023Q1,2023-02-22,EVTC,1559865,"EVERTEC, Inc.",$100M-$500M,,434559000,RevenueFromContractWithCustomerExcludingAssessedTax,USD,2022-11-04,10-Q,2021-09-30,120014000,NetIncomeLoss,USD,2022-11-04,10-Q,2021-09-30,1144756000,Assets,USD,2022-11-04,10-Q,2021-12-31,-74077000,NetCashProvidedByUsedInFinancingActivities,USD,2022-11-04,10-Q,2021-09-30,-60305000,NetCashProvidedByUsedInInvestingActivities,USD,2022-11-04,10-Q,2021-09-30,175855000,NetCashProvidedByUsedInOperatingActivities,USD,2022-11-04,10-Q,2021-09-30,through_ocf,True,,,0.276174,0.404675,2.634294,-0.170465,-0.138773
2023Q1,2023-01-31,EW,1099800,EDWARDS LIFESCIENCES CORPORATION,$2B-$10B,,3902800000,RevenueFromContractWithCustomerExcludingAssessedTax,USD,2022-10-28,10-Q,2021-09-30,105200000,ProfitLoss,USD,2011-08-08,10-Q,2010-06-30,8502600000,Assets,USD,2022-10-28,10-Q,2021-12-31,-294300000,NetCashProvidedByUsedInFinancingActivities,USD,2022-10-28,10-Q,2021-09-30,-756600000,NetCashProvidedByUsedInInvestingActivities,USD,2022-10-28,10-Q,2021-09-30,1358500000,NetCashProvidedByUsedInOperatingActivities,USD,2022-10-28,10-Q,2021-09-30,through_ocf,True,,,0.026955,0.348083,2.17859,-0.075407,-0.193861
2023Q1,2023-01-09,EXAS,1124140,EXACT SCIENCES CORP,$1B-$2B,,1293275000,RevenueFromContractWithCustomerExcludingAssessedTax,USD,2022-11-03,10-Q,2021-09-30,-31164000,NetIncomeLoss,USD,2022-11-03,10-Q,2021-03-31,6684884000,Assets,USD,2022-11-03,10-Q,2021-12-31,20668000,NetCashProvidedByUsedInFinancingActivities,USD,2022-11-03,10-Q,2021-09-30,-1160522000,NetCashProvidedByUsedInInvestingActivities,USD,2022-11-03,10-Q,2021-09-30,-77664000,NetCashProvidedByUsedInOperatingActivities,USD,2022-11-03,10-Q,2021-09-30,through_ocf,True,,,-0.024097,-0.060052,5.168958,0.015981,-0.897351
2023Q1,2023-02-14,EXC,1109357,EXELON CORPORATION,>$10B,,16663000000,Revenues,USD,2023-02-14,10-K,2020-12-31,1954000000,ProfitLoss,USD,2023-02-14,10-K,2020-12-31,133013000000,Assets,USD,2023-02-14,10-K,2021-12-31,145000000,NetCashProvidedByUsedInFinancingActivities,USD,2023-02-14,10-K,2020-12-31,-4336000000,NetCashProvidedByUsedInInvestingActivities,USD,2023-02-14,10-K,2020-12-31,4235000000,NetCashProvidedByUsedInOperatingActivities,USD,2023-02-14,10-K,2020-12-31,through_ocf,True,,,0.117266,0.254156,7.982536,0.008702,-0.260217
2023Q1,2023-02-21,EXE,895126,EXPAND ENERGY CORPORATION,$100M-$500M,,260000000,Revenues,USD,2022-11-01,10-Q,2021-02-09,5383000000,NetIncomeLoss,USD,2022-11-01,10-Q,2021-02-09,6814000000,Assets,USD,2022-11-01,10-Q,2021-02-09,-66000000,NetCashProvidedByUsedInFinancingActivities,USD,2022-11-01,10-Q,2021-02-09,-66000000,NetCashProvidedByUsedInInvestingActivities,USD,2022-11-01,10-Q,2021-02-09,-21000000,NetCashProvidedByUsedInOperatingActivities,USD,2022-11-01,10-Q,2021-02-09,through_ocf,True,,,20.703846,-0.080769,26.207692,-0.253846,-0.253846
2023Q1,2023-01-09,EXEL,939767,"EXELIXIS, INC.",$500M-$1B,,983830000,RevenueFromContractWithCustomerExcludingAssessedTax,USD,2022-11-01,10-Q,2021-10-01,135897000,NetIncomeLoss,USD,2022-11-01,10-Q,2021-10-01,2616239000,Assets,USD,2022-11-01,10-Q,2021-12-31,3193000,NetCashProvidedByUsedInFinancingActivities,USD,2022-11-01,10-Q,2021-10-01,-29829000,NetCashProvidedByUsedInInvestingActivities,USD,2022-11-01,10-Q,2021-10-01,304352000,NetCashProvidedByUsedInOperatingActivities,USD,2022-11-01,10-Q,2021-10-01,through_ocf,True,,,0.138131,0.309354,2.659239,0.003245,-0.030319
2023Q1,2023-02-23,EXLS,1297989,"EXLSERVICE HOLDINGS, INC.",$500M-$1B,,958434000,RevenueFromContractWithCustomerExcludingAssessedTax,USD,2023-02-23,10-K,2020-12-31,89476000,NetIncomeLoss,USD,2023-02-23,10-K,2020-12-31,1282904000,Assets,USD,2023-02-23,10-K,2021-12-31,-89564000,NetCashProvidedByUsedInFinancingActivities,USD,2023-02-23,10-K,2020-12-31,-18316000,NetCashProvidedByUsedInInvestingActivities,USD,2023-02-23,10-K,2020-12-31,202973000,NetCashProvidedByUsedInOperatingActivities,USD,2023-02-23,10-K,2020-12-31,through_ocf,True,,,0.093356,0.211776,1.338542,-0.093448,-0.01911
2023Q1,2023-02-21,EXPD,746515,"EXPEDITORS INTERNATIONAL OF WASHINGTON, INC.",>$10B,,11127174000,RevenueFromContractWithCustomerExcludingAssessedTax,USD,2022-11-08,10-Q,2021-09-30,962660000,NetIncomeLoss,USD,2022-11-08,10-Q,2021-09-30,7076383000,Assets,USD,2022-11-08,10-Q,2021-09-30,-233253000,NetCashProvidedByUsedInFinancingActivities,USD,2022-11-08,10-Q,2021-09-30,-24853000,NetCashProvidedByUsedInInvestingActivities,USD,2022-11-08,10-Q,2021-09-30,563497000,NetCashProvidedByUsedInOperatingActivities,USD,2022-11-08,10-Q,2021-09-30,through_ocf,True,,,0.086514,0.050642,0.635955,-0.020962,-0.002234
2023Q1,2023-02-09,EXPE,1324424,"EXPEDIA GROUP, INC.",$2B-$10B,,6319000000,RevenueFromContractWithCustomerExcludingAssessedTax,USD,2022-11-04,10-Q,2021-09-30,-374000000,NetIncomeLoss,USD,2022-11-04,10-Q,2021-09-30,21548000000,Assets,USD,2022-11-04,10-Q,2021-12-31,-351000000,NetCashProvidedByUsedInFinancingActivities,USD,2022-11-04,10-Q,2021-09-30,-506000000,NetCashProvidedByUsedInInvestingActivities,USD,2022-11-04,10-Q,2021-09-30,3463000000,NetCashProvidedByUsedInOperatingActivities,USD,2022-11-04,10-Q,2021-09-30,through_ocf,True,,,-0.059187,0.54803,3.410033,-0.055547,-0.080076
2023Q1,2023-02-28,EXPI,1495932,"eXp World Holdings, Inc.",$1B-$2B,,1798285000,RevenueFromContractWithCustomerExcludingAssessedTax,USD,2023-02-28,10-K,2020-12-31,31131000,NetIncomeLoss,USD,2023-02-28,10-K,2020-12-31,413826000,Assets,USD,2023-02-28,10-K,2021-12-31,-21893000,NetCashProvidedByUsedInFinancingActivities,USD,2023-02-28,10-K,2020-12-31,-16963000,NetCashProvidedByUsedInInvestingActivities,USD,2023-02-28,10-K,2020-12-31,119659000,NetCashProvidedByUsedInOperatingActivities,USD,2023-02-28,10-K,2020-12-31,through_ocf,True,,,0.017311,0.066541,0.230123,-0.012174,-0.009433
2023Q1,2023-02-22,EXR,1289490,EXTRA SPACE STORAGE INC.,$1B-$2B,,1149979000,Revenues,USD,2022-11-04,10-Q,2021-09-30,559222000,NetIncomeLoss,USD,2022-11-04,10-Q,2021-09-30,10474477000,Assets,USD,2022-11-04,10-Q,2021-12-31,-358204000,NetCashProvidedByUsedInFinancingActivities,USD,2022-11-04,10-Q,2021-09-30,-417792000,NetCashProvidedByUsedInInvestingActivities,USD,2022-11-04,10-Q,2021-09-30,729268000,NetCashProvidedByUsedInOperatingActivities,USD,2022-11-04,10-Q,2021-09-30,through_ocf,True,,,0.486289,0.634158,9.108407,-0.311487,-0.363304
2023Q1,2023-01-25,EXTR,1078271,"EXTREME NETWORKS, INC.",$100M-$500M,,267684000,RevenueFromContractWithCustomerExcludingAssessedTax,USD,2022-10-28,10-Q,2021-09-30,12696000,NetIncomeLoss,USD,2022-10-28,10-Q,2021-09-30,1068510000,Assets,USD,2022-10-28,10-Q,2022-06-30,-22681000,NetCashProvidedByUsedInFinancingActivities,USD,2022-10-28,10-Q,2021-09-30,-72927000,NetCashProvidedByUsedInInvestingActivities,USD,2022-10-28,10-Q,2021-09-30,40254000,NetCashProvidedByUsedInOperatingActivities,USD,2022-10-28,10-Q,2021-09-30,through_ocf,True,,,0.047429,0.150379,3.991684,-0.084731,-0.272437
2023Q1,2023-03-01,EYE,1710155,"National Vision Holdings, Inc.",$1B-$2B,,1711760000,RevenueFromContractWithCustomerExcludingAssessedTax,USD,2023-03-01,10-K,2021-01-02,36277000,NetIncomeLoss,USD,2023-03-01,10-K,2021-01-02,2293091000,Assets,USD,2023-03-01,10-K,2022-01-01,176281000,NetCashProvidedByUsedInFinancingActivities,USD,2023-03-01,10-K,2021-01-02,-76410000,NetCashProvidedByUsedInInvestingActivities,USD,2023-03-01,10-K,2021-01-02,234981000,NetCashProvidedByUsedInOperatingActivities,USD,2023-03-01,10-K,2021-01-02,through_ocf,True,,,0.021193,0.137275,1.33961,0.102982,-0.044638
2023Q1,2023-02-01,EZPW,876523,"EZCORP, Inc.",$100M-$500M,,220994000,RevenueFromContractWithCustomerExcludingAssessedTax,USD,2023-02-01,10-Q,2021-12-31,15721000,NetIncomeLoss,USD,2023-02-01,10-Q,2021-12-31,1280321000,Assets,USD,2023-02-01,10-Q,2021-12-31,-792000,NetCashProvidedByUsedInFinancingActivities,USD,2023-02-01,10-Q,2021-12-31,-30603000,NetCashProvidedByUsedInInvestingActivities,USD,2023-02-01,10-Q,2021-12-31,9018000,NetCashProvidedByUsedInOperatingActivities,USD,2023-02-01,10-Q,2021-12-31,through_ocf,True,,,0.071138,0.040807,5.793465,-0.003584,-0.138479
2023Q1,2023-02-28,FA,1210677,First Advantage Corporation,<$100M,,36785000,Revenues,USD,2023-02-28,10-K,2020-01-31,-36530000,NetIncomeLoss,USD,2023-02-28,10-K,2020-01-31,1886581000,Assets,USD,2023-02-28,10-K,2021-12-31,-11122000,NetCashProvidedByUsedInFinancingActivities,USD,2023-02-28,10-K,2020-01-31,-2043000,NetCashProvidedByUsedInInvestingActivities,USD,2023-02-28,10-K,2020-01-31,-19216000,NetCashProvidedByUsedInOperatingActivities,USD,2023-02-28,10-K,2020-01-31,through_ocf,True,,,-0.993068,-0.522387,51.286693,-0.302352,-0.055539
2023Q1,2023-01-19,FAST,815556,FASTENAL CO,$2B-$10B,,4479000000,RevenueFromContractWithCustomerExcludingAssessedTax,USD,2022-10-18,10-Q,2021-09-30,693800000,NetIncomeLoss,USD,2022-10-18,10-Q,2021-09-30,4299000000,Assets,USD,2022-10-18,10-Q,2021-12-31,-498200000,NetCashProvidedByUsedInFinancingActivities,USD,2022-10-18,10-Q,2021-09-30,-107000000,NetCashProvidedByUsedInInvestingActivities,USD,2022-10-18,10-Q,2021-09-30,613700000,NetCashProvidedByUsedInOperatingActivities,USD,2022-10-18,10-Q,2021-09-30,through_ocf,True,,,0.154901,0.137017,0.959812,-0.11123,-0.023889
2023Q1,2023-01-27,FBP,1057706,FIRST BANCORP.,$500M-$1B,,636577000,RevenueFromContractWithCustomerExcludingAssessedTax,USD,2022-11-08,10-Q,2021-09-30,207386000,NetIncomeLoss,USD,2022-11-08,10-Q,2021-09-30,20785275000,Assets,USD,2022-11-08,10-Q,2021-12-31,2343380000,NetCashProvidedByUsedInFinancingActivities,USD,2022-11-08,10-Q,2021-09-30,-1482595000,NetCashProvidedByUsedInInvestingActivities,USD,2022-11-08,10-Q,2021-09-30,303555000,NetCashProvidedByUsedInOperatingActivities,USD,2022-11-08,10-Q,2021-09-30,through_ocf,True,,,0.325783,0.476855,32.651627,3.68122,-2.329011
2023Q1,2023-02-02,FCFS,840489,"FIRSTCASH HOLDINGS, INC.",$1B-$2B,,1197191000,Revenues,USD,2022-10-31,10-Q,2021-09-30,33715000,NetIncomeLoss,USD,2022-10-31,10-Q,2021-03-31,2533483000,Assets,USD,2022-10-31,10-Q,2021-09-30,36704000,NetCashProvidedByUsedInFinancingActivities,USD,2022-10-31,10-Q,2021-09-30,-189935000,NetCashProvidedByUsedInInvestingActivities,USD,2022-10-31,10-Q,2021-09-30,137850000,NetCashProvidedByUsedInOperatingActivities,USD,2022-10-31,10-Q,2021-09-30,through_ocf,True,,,0.028162,0.115145,2.116189,0.030658,-0.158651
2023Q1,2023-02-22,FDP,1047340,FRESH DEL MONTE PRODUCE INC.,$2B-$10B,,4202300000,Revenues,USD,2023-02-22,10-K,2021-01-01,49200000,NetIncomeLoss,USD,2023-02-22,10-K,2021-01-01,3398100000,Assets,USD,2023-02-22,10-K,2021-12-31,-85800000,NetCashProvidedByUsedInFinancingActivities,USD,2023-02-22,10-K,2021-01-01,-108800000,NetCashProvidedByUsedInInvestingActivities,USD,2023-02-22,10-K,2021-01-01,180600000,NetCashProvidedByUsedInOperatingActivities,USD,2023-02-22,10-K,2021-01-01,through_ocf,True,,,0.011708,0.042976,0.808629,-0.020417,-0.025891
2023Q1,2023-03-23,FDS,1013237,FACTSET RESEARCH SYSTEMS INC.,$100M-$500M,,424725000,RevenueFromContractWithCustomerExcludingAssessedTax,USD,2023-01-05,10-Q,2021-11-30,107647000,NetIncomeLoss,USD,2023-01-05,10-Q,2021-11-30,4014305000,Assets,USD,2023-01-05,10-Q,2022-08-31,-16482000,NetCashProvidedByUsedInFinancingActivities,USD,2023-01-05,10-Q,2021-11-30,-58851000,NetCashProvidedByUsedInInvestingActivities,USD,2023-01-05,10-Q,2021-11-30,72918000,NetCashProvidedByUsedInOperatingActivities,USD,2023-01-05,10-Q,2021-11-30,through_ocf,True,,,0.253451,0.171683,9.451539,-0.038806,-0.138563
2023Q1,2023-02-13,FE,1031296,FIRSTENERGY CORP.,>$10B,,10790000000,Revenues,USD,2023-02-13,10-K,2020-12-31,1079000000,NetIncomeLoss,USD,2023-02-13,10-K,2020-12-31,45432000000,Assets,USD,2023-02-13,10-K,2021-12-31,2607000000,NetCashProvidedByUsedInFinancingActivities,USD,2023-02-13,10-K,2020-12-31,-2908000000,NetCashProvidedByUsedInInvestingActivities,USD,2023-02-13,10-K,2020-12-31,1423000000,NetCashProvidedByUsedInOperatingActivities,USD,2023-02-13,10-K,2020-12-31,through_ocf,True,,,0.1,0.131881,4.210565,0.241613,-0.269509
2023Q1,2023-02-14,FELE,38725,"FRANKLIN ELECTRIC CO., INC.",$1B-$2B,,1229345000,RevenueFromContractWithCustomerExcludingAssessedTax,USD,2022-11-01,10-Q,2021-09-30,113193000,NetIncomeLoss,USD,2022-11-01,10-Q,2021-09-30,1575165000,Assets,USD,2022-11-01,10-Q,2021-12-31,68148000,NetCashProvidedByUsedInFinancingActivities,USD,2022-11-01,10-Q,2021-09-30,-213384000,NetCashProvidedByUsedInInvestingActivities,USD,2022-11-01,10-Q,2021-09-30,93902000,NetCashProvidedByUsedInOperatingActivities,USD,2022-11-01,10-Q,2021-09-30,through_ocf,True,,,0.092076,0.076384,1.281304,0.055434,-0.173575
2023Q1,2023-02-21,FET,1401257,"FORUM ENERGY TECHNOLOGIES, INC.",$100M-$500M,,392921000,RevenueFromContractWithCustomerExcludingAssessedTax,USD,2022-11-09,10-Q,2021-09-30,-29663000,NetIncomeLoss,USD,2022-11-09,10-Q,2021-03-31,791336000,Assets,USD,2022-11-09,10-Q,2021-12-31,-74558000,NetCashProvidedByUsedInFinancingActivities,USD,2022-11-09,10-Q,2021-09-30,4544000,NetCashProvidedByUsedInInvestingActivities,USD,2022-11-09,10-Q,2021-09-30,-8100000,NetCashProvidedByUsedInOperatingActivities,USD,2022-11-09,10-Q,2021-09-30,through_ocf,True,,,-0.075494,-0.020615,2.013982,-0.189753,0.011565
2023Q1,2023-01-24,FFIV,1048695,"F5, INC.",$2B-$10B,,2350822000,RevenueFromContractWithCustomerExcludingAssessedTax,USD,2022-11-15,10-K,2020-09-30,307441000,NetIncomeLoss,USD,2022-11-15,10-K,2020-09-30,4997280000,Assets,USD,2022-11-15,10-K,2021-09-30,337243000,NetCashProvidedByUsedInFinancingActivities,USD,2022-11-15,10-K,2020-09-30,-747002000,NetCashProvidedByUsedInInvestingActivities,USD,2022-11-15,10-K,2020-09-30,660898000,NetCashProvidedByUsedInOperatingActivities,USD,2022-11-15,10-K,2020-09-30,through_ocf,True,,,0.13078,0.281135,2.125759,0.143457,-0.317762
2023Q1,2023-02-22,FG,0001934850,"F&G Annuities & Life, Inc.",,,,,,,,,,,,,,,,,,,,,,,,,,,,,,,,,,,,,,,through_ocf,False,,revenue;net_income;assets;financing_cash_flow;investing_cash_flow;operating_cash_flow,,,,,
2023Q1,2023-01-27,FHB,36377,"FIRST HAWAIIAN, INC.",$500M-$1B,,536575000,Revenues,USD,2022-11-07,10-Q,2021-09-30,208713000,NetIncomeLoss,USD,2022-11-07,10-Q,2021-09-30,24992410000,Assets,USD,2022-11-07,10-Q,2021-12-31,2734800000,NetCashProvidedByUsedInFinancingActivities,USD,2022-11-07,10-Q,2021-09-30,-1673315000,NetCashProvidedByUsedInInvestingActivities,USD,2022-11-07,10-Q,2021-09-30,296653000,NetCashProvidedByUsedInOperatingActivities,USD,2022-11-07,10-Q,2021-09-30,through_ocf,True,,,0.388973,0.552864,46.577664,5.096771,-3.118511
2023Q1,2023-01-26,FICO,814547,FAIR ISAAC CORP,$100M-$500M,,322361000,RevenueFromContractWithCustomerExcludingAssessedTax,USD,2023-01-26,10-Q,2021-12-31,84959000,NetIncomeLoss,USD,2023-01-26,10-Q,2021-12-31,1442034000,Assets,USD,2023-01-26,10-Q,2022-09-30,-155429000,NetCashProvidedByUsedInFinancingActivities,USD,2023-01-26,10-Q,2021-12-31,-1272000,NetCashProvidedByUsedInInvestingActivities,USD,2023-01-26,10-Q,2021-12-31,124881000,NetCashProvidedByUsedInOperatingActivities,USD,2023-01-26,10-Q,2021-12-31,through_ocf,True,,,0.263552,0.387395,4.473351,-0.482158,-0.003946
2023Q1,2023-02-28,FIGS,1846576,"FIGS, Inc.",$100M-$500M,,263112000,RevenueFromContractWithCustomerExcludingAssessedTax,USD,2023-02-28,10-K,2020-12-31,49758000,NetIncomeLoss,USD,2023-02-28,10-K,2020-12-31,311751000,Assets,USD,2023-02-28,10-K,2021-12-31,294000,NetCashProvidedByUsedInFinancingActivities,USD,2023-02-28,10-K,2020-12-31,-2262000,NetCashProvidedByUsedInInvestingActivities,USD,2023-02-28,10-K,2020-12-31,21748000,NetCashProvidedByUsedInOperatingActivities,USD,2023-02-28,10-K,2020-12-31,through_ocf,True,,,0.189113,0.082657,1.18486,0.001117,-0.008597
2023Q1,2023-02-13,FIS,1136893,"Fidelity National Information Services, Inc.",>$10B,,10205000000,RevenueFromContractWithCustomerExcludingAssessedTax,USD,2022-11-04,10-Q,2021-09-30,126000000,NetIncomeLoss,USD,2022-11-04,10-Q,2021-09-30,82931000000,Assets,USD,2022-11-04,10-Q,2021-12-31,-3037000000,NetCashProvidedByUsedInFinancingActivities,USD,2022-11-04,10-Q,2021-09-30,-597000000,NetCashProvidedByUsedInInvestingActivities,USD,2022-11-04,10-Q,2021-09-30,3697000000,NetCashProvidedByUsedInOperatingActivities,USD,2022-11-04,10-Q,2021-09-30,through_ocf,True,,,0.012347,0.362273,8.126507,-0.297599,-0.058501
2023Q1,2023-02-07,FISV,798354,FISERV INC,>$10B,,11969000000,RevenueFromContractWithCustomerExcludingAssessedTax,USD,2022-10-28,10-Q,2021-09-30,1001000000,NetIncomeLoss,USD,2022-10-28,10-Q,2021-09-30,76249000000,Assets,USD,2022-10-28,10-Q,2021-12-31,-1306000000,NetCashProvidedByUsedInFinancingActivities,USD,2022-10-28,10-Q,2021-09-30,-965000000,NetCashProvidedByUsedInInvestingActivities,USD,2022-10-28,10-Q,2021-09-30,2691000000,NetCashProvidedByUsedInOperatingActivities,USD,2022-10-28,10-Q,2021-09-30,through_ocf,True,,,0.083633,0.224831,6.370541,-0.109115,-0.080625
2023Q1,2023-03-15,FIVE,1177609,"FIVE BELOW, INC",$1B-$2B,,1852022000,RevenueFromContractWithCustomerExcludingAssessedTax,USD,2022-12-01,10-Q,2021-10-30,49596000,NetIncomeLoss,USD,2022-12-01,10-Q,2021-05-01,2823452000,Assets,USD,2022-12-01,10-Q,2021-10-30,-6346000,NetCashProvidedByUsedInFinancingActivities,USD,2022-12-01,10-Q,2021-10-30,-300349000,NetCashProvidedByUsedInInvestingActivities,USD,2022-12-01,10-Q,2021-10-30,124665000,NetCashProvidedByUsedInOperatingActivities,USD,2022-12-01,10-Q,2021-10-30,through_ocf,True,,,0.026779,0.067313,1.524524,-0.003427,-0.162174
2023Q1,2023-02-22,FIVN,1288847,"FIVE9, INC.",$100M-$500M,,435992000,RevenueFromContractWithCustomerExcludingAssessedTax,USD,2022-11-07,10-Q,2021-09-30,-49399000,NetIncomeLoss,USD,2022-11-07,10-Q,2021-09-30,1192942000,Assets,USD,2022-11-07,10-Q,2021-12-31,-8525000,NetCashProvidedByUsedInFinancingActivities,USD,2022-11-07,10-Q,2021-09-30,-149731000,NetCashProvidedByUsedInInvestingActivities,USD,2022-11-07,10-Q,2021-09-30,20349000,NetCashProvidedByUsedInOperatingActivities,USD,2022-11-07,10-Q,2021-09-30,through_ocf,True,,,-0.113303,0.046673,2.736156,-0.019553,-0.343426
2023Q1,2023-02-22,FIX,1035983,"Comfort Systems USA, Inc.",$2B-$10B,,2856659000,Revenues,USD,2023-02-22,10-K,2020-12-31,150139000,NetIncomeLoss,USD,2023-02-22,10-K,2020-12-31,2209114000,Assets,USD,2023-02-22,10-K,2021-12-31,-74600000,NetCashProvidedByUsedInFinancingActivities,USD,2023-02-22,10-K,2020-12-31,-207802000,NetCashProvidedByUsedInInvestingActivities,USD,2023-02-22,10-K,2020-12-31,286510000,NetCashProvidedByUsedInOperatingActivities,USD,2023-02-22,10-K,2020-12-31,through_ocf,True,,,0.052558,0.100295,0.773321,-0.026114,-0.072743
2023Q1,2023-02-09,FLNC,0001868941,"Fluence Energy, Inc.",$500M-$1B,,561323000,RevenueFromContractWithCustomerExcludingAssessedTax,USD,2022-12-14,10-K,2020-09-30,-104485000,NetIncomeLoss,USD,2022-12-14,10-K,2022-09-30,717675000,Assets,USD,2022-12-14,10-K,2021-09-30,2500000,NetCashProvidedByUsedInFinancingActivities,USD,2022-12-14,10-K,2020-09-30,18220000,NetCashProvidedByUsedInInvestingActivities,USD,2022-12-14,10-K,2020-09-30,-14016000,NetCashProvidedByUsedInOperatingActivities,USD,2022-12-14,10-K,2020-09-30,through_ocf,True,,,-0.186141,-0.02497,1.278542,0.004454,0.032459
2023Q1,2023-02-21,FLR,1124198,FLUOR CORPORATION,>$10B,,15788000000,Revenues,USD,2023-02-21,10-K,2020-12-31,-435000000,NetIncomeLoss,USD,2023-02-21,10-K,2020-12-31,7089000000,Assets,USD,2023-02-21,10-K,2021-12-31,48000000,NetCashProvidedByUsedInFinancingActivities,USD,2023-02-21,10-K,2020-12-31,-41000000,NetCashProvidedByUsedInInvestingActivities,USD,2023-02-21,10-K,2020-12-31,186000000,NetCashProvidedByUsedInOperatingActivities,USD,2023-02-21,10-K,2020-12-31,through_ocf,True,,,-0.027553,0.011781,0.449012,0.00304,-0.002597
2023Q1,2023-02-06,FLXS,37472,"FLEXSTEEL INDUSTRIES, INC.",$100M-$500M,,137689000,RevenueFromContractWithCustomerExcludingAssessedTax,USD,2022-10-31,10-Q,2021-09-30,4353000,NetIncomeLoss,USD,2022-10-31,10-Q,2021-09-30,268741000,Assets,USD,2022-10-31,10-Q,2022-06-30,46339000,NetCashProvidedByUsedInFinancingActivities,USD,2022-10-31,10-Q,2021-09-30,629000,NetCashProvidedByUsedInInvestingActivities,USD,2022-10-31,10-Q,2021-09-30,-44315000,NetCashProvidedByUsedInOperatingActivities,USD,2022-10-31,10-Q,2021-09-30,through_ocf,True,,,0.031615,-0.321849,1.951797,0.336548,0.004568
2023Q1,2023-02-06,FN,1408710,FABRINET,$500M-$1B,,543322000,Revenues,USD,2022-11-08,10-Q,2021-09-24,44651000,NetIncomeLoss,USD,2022-11-08,10-Q,2021-09-24,1835641000,Assets,USD,2022-11-08,10-Q,2022-06-24,-22112000,NetCashProvidedByUsedInFinancingActivities,USD,2022-11-08,10-Q,2021-09-24,-47535000,NetCashProvidedByUsedInInvestingActivities,USD,2022-11-08,10-Q,2021-09-24,36911000,NetCashProvidedByUsedInOperatingActivities,USD,2022-11-08,10-Q,2021-09-24,through_ocf,True,,,0.082181,0.067936,3.378551,-0.040698,-0.08749
2023Q1,2023-03-01,FNKO,1704711,"FUNKO, INC.",$500M-$1B,,652537000,RevenueFromContractWithCustomerExcludingAssessedTax,USD,2023-03-01,10-K,2020-12-31,3961000,NetIncomeLoss,USD,2023-03-01,10-K,2020-12-31,967503000,Assets,USD,2023-03-01,10-K,2021-12-31,-63338000,NetCashProvidedByUsedInFinancingActivities,USD,2023-03-01,10-K,2020-12-31,-18482000,NetCashProvidedByUsedInInvestingActivities,USD,2023-03-01,10-K,2020-12-31,108739000,NetCashProvidedByUsedInOperatingActivities,USD,2023-03-01,10-K,2020-12-31,through_ocf,True,,,0.00607,0.16664,1.482679,-0.097064,-0.028323
2023Q1,2023-01-24,FOR,1406587,FORESTAR GROUP INC.,$500M-$1B,,931800000,Revenues,USD,2022-11-17,10-K,2020-09-30,60800000,NetIncomeLoss,USD,2022-11-17,10-K,2020-09-30,2101700000,Assets,USD,2022-11-17,10-K,2021-09-30,174900000,NetCashProvidedByUsedInFinancingActivities,USD,2022-11-17,10-K,2020-09-30,5000000,NetCashProvidedByUsedInInvestingActivities,USD,2022-11-17,10-K,2020-09-30,-168400000,NetCashProvidedByUsedInOperatingActivities,USD,2022-11-17,10-K,2020-09-30,through_ocf,True,,,0.06525,-0.180725,2.255527,0.187701,0.005366
2023Q1,2023-02-08,FORM,1039399,"FormFactor, Inc.",$500M-$1B,,564676000,RevenueFromContractWithCustomerExcludingAssessedTax,USD,2022-11-01,10-Q,2021-09-25,58027000,NetIncomeLoss,USD,2022-11-01,10-Q,2021-09-25,1020520000,Assets,USD,2022-11-01,10-Q,2021-12-25,-36869000,NetCashProvidedByUsedInFinancingActivities,USD,2022-11-01,10-Q,2021-09-25,-94976000,NetCashProvidedByUsedInInvestingActivities,USD,2022-11-01,10-Q,2021-09-25,100437000,NetCashProvidedByUsedInOperatingActivities,USD,2022-11-01,10-Q,2021-09-25,through_ocf,True,,,0.102762,0.177867,1.807266,-0.065292,-0.168196
2023Q1,2023-02-09,FORR,1023313,"FORRESTER RESEARCH, INC.",$100M-$500M,,360587000,RevenueFromContractWithCustomerExcludingAssessedTax,USD,2022-11-04,10-Q,2021-09-30,16821000,NetIncomeLoss,USD,2022-11-04,10-Q,2021-09-30,680129000,Assets,USD,2022-11-04,10-Q,2021-12-31,-15528000,NetCashProvidedByUsedInFinancingActivities,USD,2022-11-04,10-Q,2021-09-30,-26850000,NetCashProvidedByUsedInInvestingActivities,USD,2022-11-04,10-Q,2021-09-30,84992000,NetCashProvidedByUsedInOperatingActivities,USD,2022-11-04,10-Q,2021-09-30,through_ocf,True,,,0.046649,0.235705,1.886172,-0.043063,-0.074462
2023Q1,2023-02-23,FOXF,1424929,Fox Factory Holding Corp.,$500M-$1B,,890554000,RevenueFromContractWithCustomerExcludingAssessedTax,USD,2023-02-23,10-K,2021-01-01,90674000,NetIncomeLoss,USD,2023-02-23,10-K,2021-01-01,1515729000,Assets,USD,2023-02-23,10-K,2021-12-31,506722000,NetCashProvidedByUsedInFinancingActivities,USD,2023-02-23,10-K,2021-01-01,-388525000,NetCashProvidedByUsedInInvestingActivities,USD,2023-02-23,10-K,2021-01-01,82499000,NetCashProvidedByUsedInOperatingActivities,USD,2023-02-23,10-K,2021-01-01,through_ocf,True,,,0.101818,0.092638,1.702007,0.568996,-0.436273
2023Q1,2023-02-07,FRSH,1544522,FRESHWORKS INC.,$100M-$500M,,265542000,RevenueFromContractWithCustomerExcludingAssessedTax,USD,2022-11-04,10-Q,2021-09-30,-117259000,NetIncomeLoss,USD,2022-11-04,10-Q,2021-09-30,1482812000,Assets,USD,2022-11-04,10-Q,2021-12-31,1063019000,NetCashProvidedByUsedInFinancingActivities,USD,2022-11-04,10-Q,2021-09-30,11995000,NetCashProvidedByUsedInInvestingActivities,USD,2022-11-04,10-Q,2021-09-30,6616000,NetCashProvidedByUsedInOperatingActivities,USD,2022-11-04,10-Q,2021-09-30,through_ocf,True,,,-0.441584,0.024915,5.584096,4.003205,0.045172
2023Q1,2023-02-08,FRT,34903,FEDERAL REALTY INVESTMENT TRUST,$500M-$1B,,835494000,Revenues,USD,2023-02-08,10-K,2020-12-31,131706000,NetIncomeLoss,USD,2023-02-08,10-K,2020-12-31,7622320000,Assets,USD,2023-02-08,10-K,2021-12-31,661736000,NetCashProvidedByUsedInFinancingActivities,USD,2023-02-08,10-K,2020-12-31,-368383000,NetCashProvidedByUsedInInvestingActivities,USD,2023-02-08,10-K,2020-12-31,369929000,NetCashProvidedByUsedInOperatingActivities,USD,2023-02-08,10-K,2020-12-31,through_ocf,True,,,0.157638,0.442767,9.12313,0.79203,-0.440916
2023Q1,2023-02-28,FSLR,1274494,"First Solar, Inc.",$2B-$10B,,2711332000,Revenues,USD,2023-02-28,10-K,2020-12-31,398355000,NetIncomeLoss,USD,2023-02-28,10-K,2020-12-31,7413746000,Assets,USD,2023-02-28,10-K,2021-12-31,-82587000,NetCashProvidedByUsedInFinancingActivities,USD,2023-02-28,10-K,2020-12-31,-131227000,NetCashProvidedByUsedInInvestingActivities,USD,2023-02-28,10-K,2020-12-31,37120000,NetCashProvidedByUsedInOperatingActivities,USD,2023-02-28,10-K,2020-12-31,through_ocf,True,,,0.146922,0.013691,2.734356,-0.03046,-0.048399
2023Q1,2023-03-06,FSTR,352825,L.B. FOSTER COMPANY,$100M-$500M,,118702000,SalesRevenueGoodsNet,USD,2019-03-18,10-K,2017-03-31,3960000,NetIncomeLoss,USD,2022-11-08,10-Q,2021-09-30,342595000,Assets,USD,2022-11-08,10-Q,2021-12-31,-13030000,NetCashProvidedByUsedInFinancingActivities,USD,2022-11-08,10-Q,2021-09-30,18910000,NetCashProvidedByUsedInInvestingActivities,USD,2022-11-08,10-Q,2021-09-30,-9429000,NetCashProvidedByUsedInOperatingActivities,USD,2020-08-05,10-Q,2019-06-30,through_ocf,True,,,0.033361,-0.079434,2.886177,-0.109771,0.159306
2023Q1,2023-02-24,FTAI,1590364,FTAI Aviation Ltd.,$100M-$500M,,228482000,Revenues,USD,2022-11-17,10-Q,2021-09-30,89048000,NetIncomeLoss,USD,2022-11-17,10-Q,2021-09-30,2096852000,Assets,USD,2022-11-17,10-Q,2021-12-31,108318000,NetCashProvidedByUsedInFinancingActivities,USD,2022-11-17,10-Q,2021-09-30,-239446000,NetCashProvidedByUsedInInvestingActivities,USD,2022-11-17,10-Q,2021-09-30,131828000,NetCashProvidedByUsedInOperatingActivities,USD,2022-11-17,10-Q,2021-09-30,through_ocf,True,,,0.389737,0.576973,9.177318,0.474077,-1.047986
2023Q1,2023-03-01,FTDR,1727263,"Frontdoor, Inc.",$1B-$2B,,1474000000,Revenues,USD,2023-03-01,10-K,2020-12-31,112000000,NetIncomeLoss,USD,2023-03-01,10-K,2020-12-31,1069000000,Assets,USD,2023-03-01,10-K,2021-12-31,-7000000,NetCashProvidedByUsedInFinancingActivities,USD,2023-03-01,10-K,2020-12-31,-31000000,NetCashProvidedByUsedInInvestingActivities,USD,2023-03-01,10-K,2020-12-31,207000000,NetCashProvidedByUsedInOperatingActivities,USD,2023-03-01,10-K,2020-12-31,through_ocf,True,,,0.075984,0.140434,0.725237,-0.004749,-0.021031
2023Q1,2023-02-07,FTNT,1262039,"FORTINET, INC.",$2B-$10B,,2378600000,RevenueFromContractWithCustomerExcludingAssessedTax,USD,2022-11-07,10-Q,2021-09-30,407800000,NetIncomeLoss,USD,2022-11-07,10-Q,2021-09-30,5919100000,Assets,USD,2022-11-07,10-Q,2021-12-31,716400000,NetCashProvidedByUsedInFinancingActivities,USD,2022-11-07,10-Q,2021-09-30,-1059200000,NetCashProvidedByUsedInInvestingActivities,USD,2022-11-07,10-Q,2021-09-30,1132900000,NetCashProvidedByUsedInOperatingActivities,USD,2022-11-07,10-Q,2021-09-30,through_ocf,True,,,0.171445,0.476289,2.488481,0.301186,-0.445304
2023Q1,2023-02-01,FTV,1659166,FORTIVE CORPORATION,$2B-$10B,,3879900000,RevenueFromContractWithCustomerExcludingAssessedTax,USD,2022-10-26,10-Q,2021-10-01,443400000,ProfitLoss,USD,2022-10-26,10-Q,2021-10-01,16465500000,Assets,USD,2022-10-26,10-Q,2021-12-31,-485100000,NetCashProvidedByUsedInFinancingActivities,USD,2022-10-26,10-Q,2021-10-01,-1183600000,NetCashProvidedByUsedInInvestingActivities,USD,2022-10-26,10-Q,2021-10-01,686500000,NetCashProvidedByUsedInOperatingActivities,USD,2022-10-26,10-Q,2021-10-01,through_ocf,True,,,0.114281,0.176938,4.243795,-0.125029,-0.305059
2023Q1,2023-02-27,FUBO,1484769,FUBOTV INC.,$100M-$500M,,217746000,RevenueFromContractWithCustomerExcludingAssessedTax,USD,2023-02-27,10-K,2020-12-31,-570333000,NetIncomeLoss,USD,2023-02-27,10-K,2020-12-31,1369778000,Assets,USD,2023-02-27,10-K,2021-12-31,279072000,NetCashProvidedByUsedInFinancingActivities,USD,2023-02-27,10-K,2020-12-31,-1457000,NetCashProvidedByUsedInInvestingActivities,USD,2023-02-27,10-K,2020-12-31,-149018000,NetCashProvidedByUsedInOperatingActivities,USD,2023-02-27,10-K,2020-12-31,through_ocf,True,,,-2.619258,-0.684366,6.290715,1.28164,-0.006691
2023Q1,2023-03-01,FWONA,1560385,LIBERTY MEDIA CORPORATION,$2B-$10B,,9363000000,RevenueFromContractWithCustomerExcludingAssessedTax,USD,2023-03-01,10-K,2020-12-31,-1421000000,NetIncomeLoss,USD,2023-03-01,10-K,2020-12-31,44351000000,Assets,USD,2023-03-01,10-K,2021-12-31,574000000,NetCashProvidedByUsedInFinancingActivities,USD,2023-03-01,10-K,2020-12-31,-736000000,NetCashProvidedByUsedInInvestingActivities,USD,2023-03-01,10-K,2020-12-31,1730000000,NetCashProvidedByUsedInOperatingActivities,USD,2023-03-01,10-K,2020-12-31,through_ocf,True,,,-0.151768,0.18477,4.736836,0.061305,-0.078607
2023Q1,2023-03-01,FWONK,1560385,LIBERTY MEDIA CORPORATION,$2B-$10B,,9363000000,RevenueFromContractWithCustomerExcludingAssessedTax,USD,2023-03-01,10-K,2020-12-31,-1421000000,NetIncomeLoss,USD,2023-03-01,10-K,2020-12-31,44351000000,Assets,USD,2023-03-01,10-K,2021-12-31,574000000,NetCashProvidedByUsedInFinancingActivities,USD,2023-03-01,10-K,2020-12-31,-736000000,NetCashProvidedByUsedInInvestingActivities,USD,2023-03-01,10-K,2020-12-31,1730000000,NetCashProvidedByUsedInOperatingActivities,USD,2023-03-01,10-K,2020-12-31,through_ocf,True,,,-0.151768,0.18477,4.736836,0.061305,-0.078607
2023Q1,2023-02-08,FWRD,912728,FORWARD AIR CORP,$1B-$2B,,1202498000,RevenueFromContractWithCustomerExcludingAssessedTax,USD,2022-11-09,10-Q,2021-09-30,11181000,NetIncomeLoss,USD,2022-11-09,10-Q,2021-03-31,1117823000,Assets,USD,2022-11-09,10-Q,2021-12-31,-21329000,NetCashProvidedByUsedInFinancingActivities,USD,2020-05-01,10-Q,2019-03-31,-3689000,NetCashProvidedByUsedInInvestingActivities,USD,2020-05-01,10-Q,2019-03-31,41526000,NetCashProvidedByUsedInOperatingActivities,USD,2020-05-01,10-Q,2019-03-31,through_ocf,True,,,0.009298,0.034533,0.929584,-0.017737,-0.003068
2023Q1,2023-01-09,FWRG,1789940,"First Watch Restaurant Group, Inc.",$100M-$500M,,438573000,RevenueFromContractWithCustomerExcludingAssessedTax,USD,2022-11-07,10-Q,2021-09-26,2546000,NetIncomeLoss,USD,2022-11-07,10-Q,2021-09-26,1046917000,Assets,USD,2022-11-07,10-Q,2021-12-26,-3836000,NetCashProvidedByUsedInFinancingActivities,USD,2022-11-07,10-Q,2021-09-26,-27424000,NetCashProvidedByUsedInInvestingActivities,USD,2022-11-07,10-Q,2021-09-26,44265000,NetCashProvidedByUsedInOperatingActivities,USD,2022-11-07,10-Q,2021-09-26,through_ocf,True,,,0.005805,0.10093,2.387099,-0.008747,-0.06253
2023Q1,2023-01-24,GATX,40211,GATX Corporation,$500M-$1B,,936400000,Revenues,USD,2022-10-28,10-Q,2021-09-30,82100000,NetIncomeLoss,USD,2022-10-28,10-Q,2021-09-30,9541700000,Assets,USD,2022-10-28,10-Q,2021-12-31,623800000,NetCashProvidedByUsedInFinancingActivities,USD,2022-10-28,10-Q,2021-09-30,-689900000,NetCashProvidedByUsedInInvestingActivities,USD,2022-10-28,10-Q,2021-09-30,340000000,NetCashProvidedByUsedInOperatingActivities,USD,2022-10-28,10-Q,2021-09-30,through_ocf,True,,,0.087676,0.363093,10.189769,0.666168,-0.736758
2023Q1,2023-03-09,GBTG,1820872,"Global Business Travel Group, Inc.",$100M-$500M,,476000000,RevenueFromContractWithCustomerExcludingAssessedTax,USD,2022-11-10,10-Q,2021-09-30,-114000000,ProfitLoss,USD,2022-11-10,10-Q,2021-03-31,3771000000,Assets,USD,2022-11-10,10-Q,2021-12-31,280000000,NetCashProvidedByUsedInFinancingActivities,USD,2022-11-10,10-Q,2021-09-30,-81000000,NetCashProvidedByUsedInInvestingActivities,USD,2022-11-10,10-Q,2021-09-30,-343000000,NetCashProvidedByUsedInOperatingActivities,USD,2022-11-10,10-Q,2021-09-30,through_ocf,True,,,-0.239496,-0.720588,7.922269,0.588235,-0.170168
2023Q1,2023-01-06,GBX,923120,GREENBRIER COMPANIES INC,$500M-$1B,,550700000,Revenues,USD,2023-01-06,10-Q,2021-11-30,10800000,NetIncomeLoss,USD,2023-01-06,10-Q,2021-11-30,3851500000,Assets,USD,2023-01-06,10-Q,2022-08-31,130700000,NetCashProvidedByUsedInFinancingActivities,USD,2023-01-06,10-Q,2021-11-30,-158700000,NetCashProvidedByUsedInInvestingActivities,USD,2023-01-06,10-Q,2021-11-30,-196700000,NetCashProvidedByUsedInOperatingActivities,USD,2023-01-06,10-Q,2021-11-30,through_ocf,True,,,0.019611,-0.357182,6.993826,0.237334,-0.288179
2023Q1,2023-03-09,GCO,18498,Genesco Inc.,$1B-$2B,,1694424000,RevenueFromContractWithCustomerExcludingAssessedTax,USD,2022-12-08,10-Q,2021-10-30,8878000,NetIncomeLoss,USD,2022-12-08,10-Q,2021-05-01,1616809000,Assets,USD,2022-12-08,10-Q,2021-10-30,-50700000,NetCashProvidedByUsedInFinancingActivities,USD,2022-12-08,10-Q,2021-10-30,-34421000,NetCashProvidedByUsedInInvestingActivities,USD,2022-12-08,10-Q,2021-10-30,152114000,NetCashProvidedByUsedInOperatingActivities,USD,2022-12-08,10-Q,2021-10-30,through_ocf,True,,,0.00524,0.089773,0.954194,-0.029922,-0.020314
2023Q1,2023-01-25,GD,40533,GENERAL DYNAMICS CORPORATION,>$10B,,28177000000,RevenueFromContractWithCustomerExcludingAssessedTax,USD,2022-10-26,10-Q,2021-10-03,2305000000,NetIncomeLoss,USD,2022-10-26,10-Q,2021-10-03,50073000000,Assets,USD,2022-10-26,10-Q,2021-12-31,-1757000000,NetCashProvidedByUsedInFinancingActivities,USD,2022-10-26,10-Q,2021-10-03,-501000000,NetCashProvidedByUsedInInvestingActivities,USD,2022-10-26,10-Q,2021-10-03,2589000000,NetCashProvidedByUsedInOperatingActivities,USD,2022-10-26,10-Q,2021-10-03,through_ocf,True,,,0.081804,0.091883,1.777088,-0.062356,-0.01778
2023Q1,2023-02-14,GDDY,1609711,GoDaddy Inc.,$2B-$10B,,2796400000,RevenueFromContractWithCustomerExcludingAssessedTax,USD,2022-11-04,10-Q,2021-09-30,155100000,NetIncomeLoss,USD,2022-11-04,10-Q,2021-09-30,7417100000,Assets,USD,2022-11-04,10-Q,2021-12-31,292400000,NetCashProvidedByUsedInFinancingActivities,USD,2022-11-04,10-Q,2021-09-30,-570300000,NetCashProvidedByUsedInInvestingActivities,USD,2022-11-04,10-Q,2021-09-30,657100000,NetCashProvidedByUsedInOperatingActivities,USD,2022-11-04,10-Q,2021-09-30,through_ocf,True,,,0.055464,0.234981,2.652374,0.104563,-0.203941
2023Q1,2023-03-01,GDEN,1071255,"GOLDEN ENTERTAINMENT, INC.",$500M-$1B,,694155000,RevenueFromContractWithCustomerExcludingAssessedTax,USD,2023-03-01,10-K,2020-12-31,-136611000,NetIncomeLoss,USD,2023-03-01,10-K,2020-12-31,1615564000,Assets,USD,2023-03-01,10-K,2021-12-31,-9001000,NetCashProvidedByUsedInFinancingActivities,USD,2023-03-01,10-K,2020-12-31,-35854000,NetCashProvidedByUsedInInvestingActivities,USD,2023-03-01,10-K,2020-12-31,36735000,NetCashProvidedByUsedInOperatingActivities,USD,2023-03-01,10-K,2020-12-31,through_ocf,True,,,-0.196802,0.05292,2.327382,-0.012967,-0.051651
2023Q1,2023-02-23,GDOT,1386278,GREEN DOT CORP,$1B-$2B,,1102358000,Revenues,USD,2022-11-09,10-Q,2021-09-30,58003000,NetIncomeLoss,USD,2022-11-09,10-Q,2021-09-30,4725477000,Assets,USD,2022-11-09,10-Q,2021-12-31,564696000,NetCashProvidedByUsedInFinancingActivities,USD,2022-11-09,10-Q,2021-09-30,-399655000,NetCashProvidedByUsedInInvestingActivities,USD,2022-11-09,10-Q,2021-09-30,147234000,NetCashProvidedByUsedInOperatingActivities,USD,2022-11-09,10-Q,2021-09-30,through_ocf,True,,,0.052617,0.133563,4.286699,0.512262,-0.362546
2023Q1,2023-02-28,GDRX,1809519,"GoodRx Holdings, Inc.",$500M-$1B,,532168000,RevenueFromContractWithCustomerExcludingAssessedTax,USD,2022-11-09,10-Q,2021-09-30,1668000,NetIncomeLoss,USD,2022-11-09,10-Q,2021-03-31,1607625000,Assets,USD,2022-11-09,10-Q,2021-12-31,-19063000,NetCashProvidedByUsedInFinancingActivities,USD,2022-11-09,10-Q,2021-09-30,-169474000,NetCashProvidedByUsedInInvestingActivities,USD,2022-11-09,10-Q,2021-09-30,128969000,NetCashProvidedByUsedInOperatingActivities,USD,2022-11-09,10-Q,2021-09-30,through_ocf,True,,,0.003134,0.242346,3.020898,-0.035821,-0.31846
2023Q1,2023-03-03,GEF,43920,"GREIF, INC.",$1B-$2B,,1708300000,SalesRevenueNet,USD,2018-06-08,10-Q,2017-04-30,10300000,NetIncomeLoss,USD,2023-03-03,10-Q,2022-01-31,5469900000,Assets,USD,2023-03-03,10-Q,2022-10-31,54000000,NetCashProvidedByUsedInFinancingActivities,USD,2023-03-03,10-Q,2022-01-31,-45800000,NetCashProvidedByUsedInInvestingActivities,USD,2023-03-03,10-Q,2022-01-31,22400000,NetCashProvidedByUsedInOperatingActivities,USD,2023-03-03,10-Q,2022-01-31,through_ocf,True,,,0.006029,0.013112,3.201955,0.03161,-0.02681
2023Q1,2023-01-10,GEHC,0001932393,GE HEALTHCARE TECHNOLOGIES INC.,,,,,,,,,,,,,,,,,,,,,,,,,,,,,,,,,,,,,,,through_ocf,False,,revenue;net_income;assets;financing_cash_flow;investing_cash_flow;operating_cash_flow,,,,,
2023Q1,2023-02-02,GEN,849399,Gen Digital Inc.,$1B-$2B,,1378000000,RevenueFromContractWithCustomerExcludingAssessedTax,USD,2022-11-09,10-Q,2021-10-01,514000000,NetIncomeLoss,USD,2022-11-09,10-Q,2021-10-01,6943000000,Assets,USD,2022-11-09,10-Q,2022-04-01,-33000000,NetCashProvidedByUsedInFinancingActivities,USD,2022-11-09,10-Q,2021-10-01,313000000,NetCashProvidedByUsedInInvestingActivities,USD,2022-11-09,10-Q,2021-10-01,318000000,NetCashProvidedByUsedInOperatingActivities,USD,2022-11-09,10-Q,2021-10-01,through_ocf,True,,,0.373004,0.230769,5.038462,-0.023948,0.227141
2023Q1,2023-02-21,GEO,923796,GEO GROUP INC,$1B-$2B,,1699073000,RevenueFromContractWithCustomerExcludingAssessedTax,USD,2022-11-08,10-Q,2021-09-30,127214000,NetIncomeLoss,USD,2022-11-08,10-Q,2021-09-30,4537408000,Assets,USD,2022-11-08,10-Q,2021-12-31,28368000,NetCashProvidedByUsedInFinancingActivities,USD,2022-11-08,10-Q,2021-09-30,-40463000,NetCashProvidedByUsedInInvestingActivities,USD,2022-11-08,10-Q,2021-09-30,289477000,NetCashProvidedByUsedInOperatingActivities,USD,2022-11-08,10-Q,2021-09-30,through_ocf,True,,,0.074873,0.170373,2.67052,0.016696,-0.023815
2023Q1,2023-03-13,GETY,0001898496,"Getty Images Holdings, Inc.",$500M-$1B,,679635000,Revenues,USD,2022-11-14,10-Q,2021-09-30,29745000,NetIncomeLoss,USD,2022-11-14,10-Q,2021-03-31,2578007000,Assets,USD,2022-11-14,10-Q,2021-12-31,-14849000,NetCashProvidedByUsedInFinancingActivities,USD,2022-11-14,10-Q,2021-09-30,-125992000,NetCashProvidedByUsedInInvestingActivities,USD,2022-11-14,10-Q,2021-09-30,129584000,NetCashProvidedByUsedInOperatingActivities,USD,2022-11-14,10-Q,2021-09-30,through_ocf,True,,,0.043766,0.190667,3.793223,-0.021848,-0.185382
2023Q1,2023-01-31,GFF,50725,GRIFFON CORPORATION,$500M-$1B,,591749000,RevenueFromContractWithCustomerExcludingAssessedTax,USD,2023-01-31,10-Q,2021-12-31,19298000,NetIncomeLoss,USD,2023-01-31,10-Q,2021-12-31,2816474000,Assets,USD,2023-01-31,10-Q,2022-09-30,-8612000,NetCashProvidedByUsedInFinancingActivities,USD,2023-01-31,10-Q,2021-12-31,-27621000,NetCashProvidedByUsedInInvestingActivities,USD,2011-08-03,10-Q,2010-06-30,83125000,NetCashProvidedByUsedInOperatingActivities,USD,2012-11-16,10-K,2010-09-30,through_ocf,True,,,0.032612,0.140473,4.759575,-0.014553,-0.046677
2023Q1,2023-01-09,GH,1576280,"GUARDANT HEALTH, INC.",$100M-$500M,,265545000,Revenues,USD,2022-11-03,10-Q,2021-09-30,-312459000,ProfitLoss,USD,2022-11-03,10-Q,2021-09-30,2204499000,Assets,USD,2022-11-03,10-Q,2021-12-31,-70604000,NetCashProvidedByUsedInFinancingActivities,USD,2022-11-03,10-Q,2021-09-30,203542000,NetCashProvidedByUsedInInvestingActivities,USD,2022-11-03,10-Q,2021-09-30,-132029000,NetCashProvidedByUsedInOperatingActivities,USD,2022-11-03,10-Q,2021-09-30,through_ocf,True,,,-1.176671,-0.4972,8.301791,-0.265883,0.766507
2023Q1,2023-02-24,GHC,104889,GRAHAM HOLDINGS CO,$2B-$10B,,2889121000,RevenueFromContractWithCustomerExcludingAssessedTax,USD,2023-02-24,10-K,2020-12-31,300365000,NetIncomeLoss,USD,2023-02-24,10-K,2020-12-31,7425525000,Assets,USD,2023-02-24,10-K,2021-12-31,-204002000,NetCashProvidedByUsedInFinancingActivities,USD,2023-02-24,10-K,2020-12-31,199371000,NetCashProvidedByUsedInInvestingActivities,USD,2023-02-24,10-K,2020-12-31,210663000,NetCashProvidedByUsedInOperatingActivities,USD,2023-02-24,10-K,2020-12-31,through_ocf,True,,,0.103964,0.072916,2.570168,-0.07061,0.069007
2023Q1,2023-02-06,GHM,716314,GRAHAM CORP,<$100M,,83077000,RevenueFromContractWithCustomerExcludingAssessedTax,USD,2023-02-06,10-Q,2021-12-31,-7348000,NetIncomeLoss,USD,2023-02-06,10-Q,2021-12-31,183691000,Assets,USD,2023-02-06,10-Q,2022-03-31,24863000,NetCashProvidedByUsedInFinancingActivities,USD,2023-02-06,10-Q,2021-12-31,-55972000,NetCashProvidedByUsedInInvestingActivities,USD,2023-02-06,10-Q,2021-12-31,-14552000,NetCashProvidedByUsedInOperatingActivities,USD,2023-02-06,10-Q,2021-12-31,through_ocf,True,,,-0.088448,-0.175163,2.211093,0.299277,-0.673736
2023Q1,2023-02-21,GIC,945114,Global Industrial Company,$500M-$1B,,801100000,RevenueFromContractWithCustomerExcludingAssessedTax,USD,2022-11-01,10-Q,2021-09-30,15200000,NetIncomeLoss,USD,2022-11-01,10-Q,2021-03-31,405000000,Assets,USD,2022-11-01,10-Q,2021-12-31,-16200000,NetCashProvidedByUsedInFinancingActivities,USD,2022-11-01,10-Q,2021-09-30,-3400000,NetCashProvidedByUsedInInvestingActivities,USD,2022-11-01,10-Q,2021-09-30,50900000,NetCashProvidedByUsedInOperatingActivities,USD,2022-11-01,10-Q,2021-09-30,through_ocf,True,,,0.018974,0.063538,0.505555,-0.020222,-0.004244
2023Q1,2023-03-16,GIII,821002,G III APPAREL GROUP LTD /DE/,$500M-$1B,,529042000,SalesRevenueGoodsNet,USD,2018-06-11,10-Q,2017-04-30,152163000,NetIncomeLoss,USD,2022-12-07,10-Q,2021-10-31,2728017000,Assets,USD,2022-12-07,10-Q,2021-10-31,-4510000,NetCashProvidedByUsedInFinancingActivities,USD,2022-12-07,10-Q,2021-10-31,-51270000,NetCashProvidedByUsedInInvestingActivities,USD,2022-12-07,10-Q,2021-10-31,-15388000,NetCashProvidedByUsedInOperatingActivities,USD,2022-12-07,10-Q,2021-10-31,through_ocf,True,,,0.28762,-0.029087,5.156523,-0.008525,-0.096911
2023Q1,2023-02-02,GILD,882095,"GILEAD SCIENCES, INC.",>$10B,,20061000000,RevenueFromContractWithCustomerExcludingAssessedTax,USD,2022-11-02,10-Q,2021-09-30,5843000000,NetIncomeLoss,USD,2022-11-02,10-Q,2021-09-30,67952000000,Assets,USD,2022-11-02,10-Q,2021-12-31,-6935000000,NetCashProvidedByUsedInFinancingActivities,USD,2022-11-02,10-Q,2021-09-30,-2853000000,NetCashProvidedByUsedInInvestingActivities,USD,2022-11-02,10-Q,2021-09-30,8179000000,NetCashProvidedByUsedInOperatingActivities,USD,2022-11-02,10-Q,2021-09-30,through_ocf,True,,,0.291262,0.407706,3.387269,-0.345696,-0.142216
2023Q1,2023-03-23,GIS,40704,GENERAL MILLS INC,>$10B,,14101600000,RevenueFromContractWithCustomerExcludingAssessedTax,USD,2023-03-23,10-Q,2022-02-27,1884500000,NetIncomeLoss,USD,2023-03-23,10-Q,2022-02-27,31090100000,Assets,USD,2023-03-23,10-Q,2022-05-29,-1397500000,NetCashProvidedByUsedInFinancingActivities,USD,2023-03-23,10-Q,2022-02-27,-1461800000,NetCashProvidedByUsedInInvestingActivities,USD,2023-03-23,10-Q,2022-02-27,2228100000,NetCashProvidedByUsedInOperatingActivities,USD,2023-03-23,10-Q,2022-02-27,through_ocf,True,,,0.133637,0.158003,2.204721,-0.099102,-0.103662
2023Q1,2023-02-01,GL,320335,GLOBE LIFE INC.,$2B-$10B,,3815509000,Revenues,USD,2022-11-08,10-Q,2021-09-30,567006000,NetIncomeLoss,USD,2022-11-08,10-Q,2021-09-30,29768048000,Assets,USD,2022-11-08,10-Q,2021-12-31,-428007000,NetCashProvidedByUsedInFinancingActivities,USD,2022-11-08,10-Q,2021-09-30,-629254000,NetCashProvidedByUsedInInvestingActivities,USD,2022-11-08,10-Q,2021-09-30,1060022000,NetCashProvidedByUsedInOperatingActivities,USD,2022-11-08,10-Q,2021-09-30,through_ocf,True,,,0.148606,0.277819,7.801855,-0.112176,-0.16492
2023Q1,2023-01-31,GLW,24741,CORNING INC /NY,>$10B,,10406000000,Revenues,USD,2022-10-27,10-Q,2021-09-30,1419000000,NetIncomeLoss,USD,2022-10-27,10-Q,2021-09-30,30154000000,Assets,USD,2022-10-27,10-Q,2021-12-31,-1990000000,NetCashProvidedByUsedInFinancingActivities,USD,2022-10-27,10-Q,2021-09-30,-803000000,NetCashProvidedByUsedInInvestingActivities,USD,2022-10-27,10-Q,2021-09-30,2389000000,NetCashProvidedByUsedInOperatingActivities,USD,2022-10-27,10-Q,2021-09-30,through_ocf,True,,,0.136364,0.229579,2.897751,-0.191236,-0.077167
2023Q1,2023-03-13,GNE,1528356,GENIE ENERGY LTD.,$100M-$500M,,254060000,Revenues,USD,2022-11-09,10-Q,2021-09-30,1096000,NetIncomeLoss,USD,2022-11-09,10-Q,2021-09-30,229465000,Assets,USD,2022-11-09,10-Q,2021-12-31,-5194000,NetCashProvidedByUsedInFinancingActivities,USD,2022-11-09,10-Q,2021-09-30,2656000,NetCashProvidedByUsedInInvestingActivities,USD,2022-11-09,10-Q,2021-09-30,86000,NetCashProvidedByUsedInOperatingActivities,USD,2022-11-09,10-Q,2021-09-30,through_ocf,True,,,0.004314,0.000339,0.903192,-0.020444,0.010454
2023Q1,2023-01-27,GNTX,355811,GENTEX CORPORATION,$1B-$2B,,1311328609,RevenueFromContractWithCustomerExcludingAssessedTax,USD,2022-11-04,10-Q,2021-09-30,276617836,NetIncomeLoss,USD,2022-11-04,10-Q,2021-09-30,2131391166,Assets,USD,2022-11-04,10-Q,2021-12-31,-370324138,NetCashProvidedByUsedInFinancingActivities,USD,2022-11-04,10-Q,2021-09-30,-82462784,NetCashProvidedByUsedInInvestingActivities,USD,2022-11-04,10-Q,2021-09-30,299380991,NetCashProvidedByUsedInOperatingActivities,USD,2022-11-04,10-Q,2021-09-30,through_ocf,True,,,0.210945,0.228304,1.625368,-0.282404,-0.062885
2023Q1,2023-02-06,GNW,1276520,"Genworth Financial, Inc.",$2B-$10B,,6096000000,Revenues,USD,2022-11-03,10-Q,2021-09-30,741000000,NetIncomeLoss,USD,2022-11-03,10-Q,2021-09-30,99171000000,Assets,USD,2022-11-03,10-Q,2021-12-31,-1478000000,NetCashProvidedByUsedInFinancingActivities,USD,2022-11-03,10-Q,2021-09-30,469000000,NetCashProvidedByUsedInInvestingActivities,USD,2022-11-03,10-Q,2021-09-30,290000000,NetCashProvidedByUsedInOperatingActivities,USD,2022-11-03,10-Q,2021-09-30,through_ocf,True,,,0.121555,0.047572,16.268209,-0.242454,0.076936
2023Q1,2023-02-28,GO,1771515,Grocery Outlet Holding Corp.,$2B-$10B,,2296881000,RevenueFromContractWithCustomerExcludingAssessedTax,USD,2022-11-09,10-Q,2021-10-02,18892000,NetIncomeLoss,USD,2022-11-09,10-Q,2021-04-03,2669808000,Assets,USD,2022-11-09,10-Q,2022-01-01,5168000,NetCashProvidedByUsedInFinancingActivities,USD,2022-11-09,10-Q,2021-10-02,-96283000,NetCashProvidedByUsedInInvestingActivities,USD,2022-11-09,10-Q,2021-10-02,141765000,NetCashProvidedByUsedInOperatingActivities,USD,2022-11-09,10-Q,2021-10-02,through_ocf,True,,,0.008225,0.061721,1.162362,0.00225,-0.041919
2023Q1,2023-02-07,GOLD,1591588,"GOLD.COM, INC.",$2B-$10B,,2013971000,Revenues,USD,2022-11-09,10-Q,2021-09-30,26024000,NetIncomeLoss,USD,2022-11-09,10-Q,2021-09-30,1442659000,Assets,USD,2022-11-09,10-Q,2022-06-30,5303000,NetCashProvidedByUsedInFinancingActivities,USD,2022-11-09,10-Q,2021-09-30,-7366000,NetCashProvidedByUsedInInvestingActivities,USD,2022-11-09,10-Q,2021-09-30,-69733000,NetCashProvidedByUsedInOperatingActivities,USD,2022-11-09,10-Q,2021-09-30,through_ocf,True,,,0.012922,-0.034625,0.716326,0.002633,-0.003657
2023Q1,2023-03-01,GOLF,1672013,Acushnet Holdings Corp.,$1B-$2B,,1612169000,RevenueFromContractWithCustomerExcludingAssessedTax,USD,2023-03-01,10-K,2020-12-31,96006000,NetIncomeLoss,USD,2023-03-01,10-K,2020-12-31,2005836000,Assets,USD,2023-03-01,10-K,2021-12-31,-128587000,NetCashProvidedByUsedInFinancingActivities,USD,2023-03-01,10-K,2020-12-31,-24675000,NetCashProvidedByUsedInInvestingActivities,USD,2023-03-01,10-K,2020-12-31,264425000,NetCashProvidedByUsedInOperatingActivities,USD,2023-03-01,10-K,2020-12-31,through_ocf,True,,,0.059551,0.164018,1.244185,-0.07976,-0.015305
2023Q1,2023-02-23,GPC,40987,GENUINE PARTS CO,>$10B,,16537433000,RevenueFromContractWithCustomerExcludingAssessedTax,USD,2023-02-23,10-K,2020-12-31,-29102000,NetIncomeLoss,USD,2023-02-23,10-K,2020-12-31,14352102000,Assets,USD,2023-02-23,10-K,2021-12-31,-818724000,NetCashProvidedByUsedInFinancingActivities,USD,2022-10-20,10-Q,2021-09-30,-239902000,NetCashProvidedByUsedInInvestingActivities,USD,2022-10-20,10-Q,2021-09-30,1008196000,NetCashProvidedByUsedInOperatingActivities,USD,2022-10-20,10-Q,2021-09-30,through_ocf,True,,,-0.00176,0.060964,0.867855,-0.049507,-0.014507
2023Q1,2023-01-25,GPI,1031203,"Group 1 Automotive, Inc",$2B-$10B,,9992300000,RevenueFromContractWithCustomerExcludingAssessedTax,USD,2022-10-28,10-Q,2021-09-30,465000000,NetIncomeLoss,USD,2022-10-28,10-Q,2021-09-30,5749400000,Assets,USD,2022-10-28,10-Q,2021-12-31,-742200000,NetCashProvidedByUsedInFinancingActivities,USD,2022-10-28,10-Q,2021-09-30,-163500000,NetCashProvidedByUsedInInvestingActivities,USD,2022-10-28,10-Q,2021-09-30,1117500000,NetCashProvidedByUsedInOperatingActivities,USD,2022-10-28,10-Q,2021-09-30,through_ocf,True,,,0.046536,0.111836,0.575383,-0.074277,-0.016363
2023Q1,2023-02-10,GPN,1123360,Global Payments Inc.,$2B-$10B,,6329781000,RevenueFromContractWithCustomerExcludingAssessedTax,USD,2022-10-31,10-Q,2021-09-30,757007000,NetIncomeLoss,USD,2022-10-31,10-Q,2021-09-30,45279713000,Assets,USD,2022-10-31,10-Q,2021-12-31,-310189000,NetCashProvidedByUsedInFinancingActivities,USD,2022-10-31,10-Q,2021-09-30,-1295874000,NetCashProvidedByUsedInInvestingActivities,USD,2022-10-31,10-Q,2021-09-30,2027610000,NetCashProvidedByUsedInOperatingActivities,USD,2022-10-31,10-Q,2021-09-30,through_ocf,True,,,0.119595,0.320329,7.153441,-0.049005,-0.204727
2023Q1,2023-02-07,GPOR,874499,Gulfport Energy Corporation,$100M-$500M,,273037000,Revenues,USD,2022-11-02,10-Q,2021-05-17,8780000,NetIncomeLoss,USD,2022-11-02,10-Q,2021-03-31,2168232000,Assets,USD,2022-11-02,10-Q,2021-12-31,-104768000,NetCashProvidedByUsedInFinancingActivities,USD,2022-11-02,10-Q,2021-05-17,-97831000,NetCashProvidedByUsedInInvestingActivities,USD,2022-11-02,10-Q,2021-05-17,172155000,NetCashProvidedByUsedInOperatingActivities,USD,2022-11-02,10-Q,2021-05-17,through_ocf,True,,,0.032157,0.630519,7.941165,-0.383714,-0.358307
2023Q1,2023-02-27,GRBK,1373670,"Green Brick Partners, Inc.",$500M-$1B,,976021000,Revenues,USD,2023-02-27,10-K,2020-12-31,113693000,NetIncomeLoss,USD,2023-02-27,10-K,2020-12-31,1421867000,Assets,USD,2023-02-27,10-K,2021-12-31,-25851000,NetCashProvidedByUsedInFinancingActivities,USD,2023-02-27,10-K,2020-12-31,-13334000,NetCashProvidedByUsedInInvestingActivities,USD,2023-02-27,10-K,2020-12-31,35135000,NetCashProvidedByUsedInOperatingActivities,USD,2023-02-27,10-K,2020-12-31,through_ocf,True,,,0.116486,0.035998,1.4568,-0.026486,-0.013662
2023Q1,2023-02-03,GRC,42682,THE GORMAN-RUPP COMPANY,$100M-$500M,,406150000,SalesRevenueNet,USD,2018-02-23,10-K,2015-12-31,7429000,NetIncomeLoss,USD,2022-10-31,10-Q,2021-03-31,420754000,Assets,USD,2022-10-31,10-Q,2021-12-31,-13065000,NetCashProvidedByUsedInFinancingActivities,USD,2022-10-31,10-Q,2021-09-30,-5045000,NetCashProvidedByUsedInInvestingActivities,USD,2022-10-31,10-Q,2021-09-30,41535000,NetCashProvidedByUsedInOperatingActivities,USD,2022-10-31,10-Q,2021-09-30,through_ocf,True,,,0.018291,0.102265,1.035957,-0.032168,-0.012422
2023Q1,2023-02-22,GRMN,1121788,GARMIN LTD,$2B-$10B,,4186573000,RevenueFromContractWithCustomerExcludingAssessedTax,USD,2023-02-22,10-K,2020-12-26,992324000,NetIncomeLoss,USD,2023-02-22,10-K,2020-12-26,7854427000,Assets,USD,2023-02-22,10-K,2021-12-25,-461760000,NetCashProvidedByUsedInFinancingActivities,USD,2023-02-22,10-K,2020-12-26,-260524000,NetCashProvidedByUsedInInvestingActivities,USD,2023-02-22,10-K,2020-12-26,1135267000,NetCashProvidedByUsedInOperatingActivities,USD,2023-02-22,10-K,2020-12-26,through_ocf,True,,,0.237025,0.271169,1.876099,-0.110295,-0.062228
2023Q1,2023-03-16,GRPN,1490281,"Groupon, Inc.",$1B-$2B,,1416868000,RevenueFromContractWithCustomerExcludingAssessedTax,USD,2023-03-16,10-K,2020-12-31,-287931000,NetIncomeLoss,USD,2023-03-16,10-K,2020-12-31,1157881000,Assets,USD,2023-03-16,10-K,2021-12-31,176798000,NetCashProvidedByUsedInFinancingActivities,USD,2023-03-16,10-K,2020-12-31,-20122000,NetCashProvidedByUsedInInvestingActivities,USD,2023-03-16,10-K,2020-12-31,-63598000,NetCashProvidedByUsedInOperatingActivities,USD,2023-03-16,10-K,2020-12-31,through_ocf,True,,,-0.203217,-0.044886,0.817212,0.124781,-0.014202
2023Q1,2023-01-27,GT,42582,The Goodyear Tire & Rubber Company,>$10B,,12424000000,RevenueFromContractWithCustomerExcludingAssessedTax,USD,2022-11-01,10-Q,2021-09-30,211000000,NetIncomeLoss,USD,2022-11-01,10-Q,2021-09-30,21402000000,Assets,USD,2022-11-01,10-Q,2021-12-31,2155000000,NetCashProvidedByUsedInFinancingActivities,USD,2022-11-01,10-Q,2021-09-30,-2491000000,NetCashProvidedByUsedInInvestingActivities,USD,2022-11-01,10-Q,2021-09-30,-2000000,NetCashProvidedByUsedInOperatingActivities,USD,2022-11-01,10-Q,2021-09-30,through_ocf,True,,,0.016983,-0.000161,1.722634,0.173455,-0.200499
2023Q1,2023-03-13,GTLB,1653482,GITLAB INC.,$100M-$500M,,174857000,RevenueFromContractWithCustomerExcludingAssessedTax,USD,2022-12-06,10-Q,2021-10-31,-109353000,NetIncomeLoss,USD,2022-12-06,10-Q,2021-10-31,1091438000,Assets,USD,2022-12-06,10-Q,2022-01-31,691588000,NetCashProvidedByUsedInFinancingActivities,USD,2022-12-06,10-Q,2021-10-31,-100031000,NetCashProvidedByUsedInInvestingActivities,USD,2022-12-06,10-Q,2021-10-31,-48720000,NetCashProvidedByUsedInOperatingActivities,USD,2022-12-06,10-Q,2021-10-31,through_ocf,True,,,-0.625385,-0.278628,6.241889,3.955163,-0.572073
2023Q1,2023-02-24,GTLS,892553,"CHART INDUSTRIES, INC",$1B-$2B,,1177100000,RevenueFromContractWithCustomerExcludingAssessedTax,USD,2023-02-24,10-K,2020-12-31,308100000,NetIncomeLoss,USD,2023-02-24,10-K,2020-12-31,3043800000,Assets,USD,2023-02-24,10-K,2021-12-31,-363400000,NetCashProvidedByUsedInFinancingActivities,USD,2023-02-24,10-K,2020-12-31,185000000,NetCashProvidedByUsedInInvestingActivities,USD,2023-02-24,10-K,2020-12-31,172700000,NetCashProvidedByUsedInOperatingActivities,USD,2023-02-24,10-K,2020-12-31,through_ocf,True,,,0.261745,0.146717,2.585847,-0.308725,0.157166
2023Q1,2023-02-06,GTM,1794515,ZoomInfo Technologies Inc.,$500M-$1B,,524900000,RevenueFromContractWithCustomerExcludingAssessedTax,USD,2022-11-01,10-Q,2021-09-30,-28100000,NetIncomeLoss,USD,2022-11-01,10-Q,2021-09-30,6852900000,Assets,USD,2022-11-01,10-Q,2021-12-31,442900000,NetCashProvidedByUsedInFinancingActivities,USD,2022-11-01,10-Q,2021-09-30,-739400000,NetCashProvidedByUsedInInvestingActivities,USD,2022-11-01,10-Q,2021-09-30,228100000,NetCashProvidedByUsedInOperatingActivities,USD,2022-11-01,10-Q,2021-09-30,through_ocf,True,,,-0.053534,0.434559,13.05563,0.84378,-1.408649
2023Q1,2023-02-14,GTX,1735707,Garrett Motion Inc.,$2B-$10B,,3034000000,Revenues,USD,2023-02-14,10-K,2020-12-31,80000000,NetIncomeLoss,USD,2023-02-14,10-K,2020-12-31,2706000000,Assets,USD,2023-02-14,10-K,2021-12-31,530000000,NetCashProvidedByUsedInFinancingActivities,USD,2023-02-14,10-K,2020-12-31,-80000000,NetCashProvidedByUsedInInvestingActivities,USD,2023-02-14,10-K,2020-12-31,25000000,NetCashProvidedByUsedInOperatingActivities,USD,2023-02-14,10-K,2020-12-31,through_ocf,True,,,0.026368,0.00824,0.891892,0.174687,-0.026368
2023Q1,2023-02-02,GWW,277135,"W.W. Grainger, Inc.",$2B-$10B,,9663000000,RevenueFromContractWithCustomerExcludingAssessedTax,USD,2022-10-28,10-Q,2021-09-30,760000000,NetIncomeLoss,USD,2022-10-28,10-Q,2021-09-30,6592000000,Assets,USD,2022-10-28,10-Q,2021-12-31,-790000000,NetCashProvidedByUsedInFinancingActivities,USD,2022-10-28,10-Q,2021-09-30,-180000000,NetCashProvidedByUsedInInvestingActivities,USD,2022-10-28,10-Q,2021-09-30,724000000,NetCashProvidedByUsedInOperatingActivities,USD,2022-10-28,10-Q,2021-09-30,through_ocf,True,,,0.078651,0.074925,0.68219,-0.081755,-0.018628
2023Q1,2023-02-07,HAE,313143,HAEMONETICS CORPORATION,$500M-$1B,,728194000,RevenueFromContractWithCustomerExcludingAssessedTax,USD,2023-02-07,10-Q,2022-01-01,-4454000,NetIncomeLoss,USD,2023-02-07,10-Q,2021-07-03,1859734000,Assets,USD,2023-02-07,10-Q,2022-04-02,-6984000,NetCashProvidedByUsedInFinancingActivities,USD,2023-02-07,10-Q,2022-01-01,-51833000,NetCashProvidedByUsedInInvestingActivities,USD,2023-02-07,10-Q,2022-01-01,104213000,NetCashProvidedByUsedInOperatingActivities,USD,2023-02-07,10-Q,2022-01-01,through_ocf,True,,,-0.006117,0.143112,2.553899,-0.009591,-0.07118
2023Q1,2023-02-07,HAIN,910406,"The Hain Celestial Group, Inc.",$500M-$1B,,931844000,RevenueFromContractWithCustomerExcludingAssessedTax,USD,2023-02-07,10-Q,2021-12-31,19411000,NetIncomeLoss,USD,2023-02-07,10-Q,2021-09-30,2458384000,Assets,USD,2023-02-07,10-Q,2022-06-30,208849000,NetCashProvidedByUsedInFinancingActivities,USD,2023-02-07,10-Q,2021-12-31,-272345000,NetCashProvidedByUsedInInvestingActivities,USD,2023-02-07,10-Q,2021-12-31,68031000,NetCashProvidedByUsedInOperatingActivities,USD,2023-02-07,10-Q,2021-12-31,through_ocf,True,,,0.020831,0.073007,2.638193,0.224124,-0.292265
2023Q1,2023-01-10,HALO,1159036,"HALOZYME THERAPEUTICS, INC.",$100M-$500M,,341307000,RevenueFromContractWithCustomerExcludingAssessedTax,USD,2022-11-08,10-Q,2021-09-30,335940000,NetIncomeLoss,USD,2022-11-08,10-Q,2021-09-30,1104429000,Assets,USD,2022-11-08,10-Q,2021-12-31,233876000,NetCashProvidedByUsedInFinancingActivities,USD,2022-11-08,10-Q,2021-09-30,-106820000,NetCashProvidedByUsedInInvestingActivities,USD,2022-11-08,10-Q,2021-09-30,216924000,NetCashProvidedByUsedInOperatingActivities,USD,2022-11-08,10-Q,2021-09-30,through_ocf,True,,,0.984275,0.635569,3.235881,0.685236,-0.312973
2023Q1,2023-01-27,HAS,46080,"HASBRO, INC.",$2B-$10B,,4407000000,Revenues,USD,2022-10-26,10-Q,2021-09-26,346500000,NetIncomeLoss,USD,2022-10-26,10-Q,2021-09-26,10230400000,Assets,USD,2022-10-26,10-Q,2021-09-26,-1223500000,NetCashProvidedByUsedInFinancingActivities,USD,2022-10-26,10-Q,2021-09-26,277500000,NetCashProvidedByUsedInInvestingActivities,USD,2022-10-26,10-Q,2021-09-26,685600000,NetCashProvidedByUsedInOperatingActivities,USD,2022-10-26,10-Q,2021-09-26,through_ocf,True,,,0.078625,0.155571,2.321398,-0.277627,0.062968
2023Q1,2023-01-20,HBAN,49196,Huntington Bancshares Incorporated,$500M-$1B,,794000000,RevenueFromContractWithCustomerExcludingAssessedTax,USD,2022-10-28,10-Q,2021-09-30,894000000,NetIncomeLoss,USD,2022-10-28,10-Q,2021-09-30,174064000000,Assets,USD,2022-10-28,10-Q,2021-12-31,796000000,NetCashProvidedByUsedInFinancingActivities,USD,2022-10-28,10-Q,2021-09-30,789000000,NetCashProvidedByUsedInInvestingActivities,USD,2022-10-28,10-Q,2021-09-30,1565000000,NetCashProvidedByUsedInOperatingActivities,USD,2022-10-28,10-Q,2021-09-30,through_ocf,True,,,1.125945,1.971033,219.224181,1.002519,0.993703
2023Q1,2023-01-20,HBANL,49196,Huntington Bancshares Incorporated,$500M-$1B,,794000000,RevenueFromContractWithCustomerExcludingAssessedTax,USD,2022-10-28,10-Q,2021-09-30,894000000,NetIncomeLoss,USD,2022-10-28,10-Q,2021-09-30,174064000000,Assets,USD,2022-10-28,10-Q,2021-12-31,796000000,NetCashProvidedByUsedInFinancingActivities,USD,2022-10-28,10-Q,2021-09-30,789000000,NetCashProvidedByUsedInInvestingActivities,USD,2022-10-28,10-Q,2021-09-30,1565000000,NetCashProvidedByUsedInOperatingActivities,USD,2022-10-28,10-Q,2021-09-30,through_ocf,True,,,1.125945,1.971033,219.224181,1.002519,0.993703
2023Q1,2023-01-20,HBANP,49196,Huntington Bancshares Incorporated,$500M-$1B,,794000000,RevenueFromContractWithCustomerExcludingAssessedTax,USD,2022-10-28,10-Q,2021-09-30,894000000,NetIncomeLoss,USD,2022-10-28,10-Q,2021-09-30,174064000000,Assets,USD,2022-10-28,10-Q,2021-12-31,796000000,NetCashProvidedByUsedInFinancingActivities,USD,2022-10-28,10-Q,2021-09-30,789000000,NetCashProvidedByUsedInInvestingActivities,USD,2022-10-28,10-Q,2021-09-30,1565000000,NetCashProvidedByUsedInOperatingActivities,USD,2022-10-28,10-Q,2021-09-30,through_ocf,True,,,1.125945,1.971033,219.224181,1.002519,0.993703
2023Q1,2023-03-09,HBB,1709164,HAMILTON BEACH BRANDS HOLDING COMPANY,$500M-$1B,,603713000,RevenueFromContractWithCustomerExcludingAssessedTax,USD,2023-03-09,10-K,2020-12-31,46258000,NetIncomeLoss,USD,2023-03-09,10-K,2020-12-31,382504000,Assets,USD,2023-03-09,10-K,2021-12-31,34180000,NetCashProvidedByUsedInFinancingActivities,USD,2023-03-09,10-K,2020-12-31,-9109000,NetCashProvidedByUsedInInvestingActivities,USD,2022-11-02,10-Q,2021-09-30,-4106000,NetCashProvidedByUsedInOperatingActivities,USD,2022-11-02,10-Q,2021-09-30,through_ocf,True,,,0.076623,-0.006801,0.633586,0.056616,-0.015088
2023Q1,2023-02-15,HCC,1691303,"Warrior Met Coal, Inc.",$100M-$500M,,253964000,SalesRevenueNet,USD,2018-05-02,10-Q,2017-03-31,-35761000,NetIncomeLoss,USD,2023-02-15,10-K,2020-12-31,1464211000,Assets,USD,2023-02-15,10-K,2021-12-31,14096000,NetCashProvidedByUsedInFinancingActivities,USD,2023-02-15,10-K,2020-12-31,-108189000,NetCashProvidedByUsedInInvestingActivities,USD,2023-02-15,10-K,2020-12-31,112626000,NetCashProvidedByUsedInOperatingActivities,USD,2023-02-15,10-K,2020-12-31,through_ocf,True,,,-0.140811,0.443472,5.765427,0.055504,-0.426001
2023Q1,2023-03-09,HCI,1400810,"HCI Group, Inc.",$100M-$500M,,295595000,Revenues,USD,2022-11-09,10-Q,2021-09-30,1828000,NetIncomeLoss,USD,2022-11-09,10-Q,2021-09-30,1176857000,Assets,USD,2022-11-09,10-Q,2021-12-31,54077000,NetCashProvidedByUsedInFinancingActivities,USD,2022-11-09,10-Q,2021-09-30,35087000,NetCashProvidedByUsedInInvestingActivities,USD,2022-11-09,10-Q,2021-09-30,48671000,NetCashProvidedByUsedInOperatingActivities,USD,2022-11-09,10-Q,2021-09-30,through_ocf,True,,,0.006184,0.164654,3.981316,0.182943,0.1187
2023Q1,2023-02-15,HCSG,731012,"HEALTHCARE SERVICES GROUP, INC.",$1B-$2B,,1221512000,RevenueFromContractWithCustomerExcludingAssessedTax,USD,2022-10-21,10-Q,2021-09-30,24653000,NetIncomeLoss,USD,2022-10-21,10-Q,2021-03-31,777529000,Assets,USD,2022-10-21,10-Q,2021-12-31,-51163000,NetCashProvidedByUsedInFinancingActivities,USD,2022-10-21,10-Q,2021-09-30,-14316000,NetCashProvidedByUsedInInvestingActivities,USD,2022-10-21,10-Q,2021-09-30,5731000,NetCashProvidedByUsedInOperatingActivities,USD,2022-10-21,10-Q,2021-09-30,through_ocf,True,,,0.020182,0.004692,0.63653,-0.041885,-0.01172
2023Q1,2023-02-14,HE,354707,"Hawaiian Electric Industries, Inc.",$2B-$10B,,2080107000,Revenues,USD,2022-11-07,10-Q,2021-09-30,193062000,NetIncomeLoss,USD,2022-11-07,10-Q,2021-09-30,15822637000,Assets,USD,2022-11-07,10-Q,2021-12-31,595990000,NetCashProvidedByUsedInFinancingActivities,USD,2022-11-07,10-Q,2021-09-30,-984839000,NetCashProvidedByUsedInInvestingActivities,USD,2022-11-07,10-Q,2021-09-30,267205000,NetCashProvidedByUsedInOperatingActivities,USD,2022-11-07,10-Q,2021-09-30,through_ocf,True,,,0.092813,0.128457,7.606646,0.286519,-0.473456
2023Q1,2023-01-10,HELE,916789,HELEN OF TROY LIMITED,$1B-$2B,,1641335000,RevenueFromContractWithCustomerExcludingAssessedTax,USD,2023-01-06,10-Q,2021-11-30,183970000,NetIncomeLoss,USD,2023-01-06,10-Q,2021-11-30,2823451000,Assets,USD,2023-01-06,10-Q,2022-02-28,-4198000,NetCashProvidedByUsedInFinancingActivities,USD,2023-01-06,10-Q,2021-11-30,8476000,NetCashProvidedByUsedInInvestingActivities,USD,2023-01-06,10-Q,2021-11-30,-5054000,NetCashProvidedByUsedInOperatingActivities,USD,2023-01-06,10-Q,2021-11-30,through_ocf,True,,,0.112086,-0.003079,1.720216,-0.002558,0.005164
2023Q1,2023-03-01,HGV,1674168,Hilton Grand Vacations Inc.,$500M-$1B,,894000000,Revenues,USD,2023-03-01,10-K,2020-12-31,-201000000,NetIncomeLoss,USD,2023-03-01,10-K,2020-12-31,8008000000,Assets,USD,2023-03-01,10-K,2021-12-31,328000000,NetCashProvidedByUsedInFinancingActivities,USD,2023-03-01,10-K,2020-12-31,-33000000,NetCashProvidedByUsedInInvestingActivities,USD,2023-03-01,10-K,2020-12-31,79000000,NetCashProvidedByUsedInOperatingActivities,USD,2023-03-01,10-K,2020-12-31,through_ocf,True,,,-0.224832,0.088367,8.957494,0.36689,-0.036913
2023Q1,2023-02-02,HIG,874766,"The Hartford Insurance Group, Inc.",>$10B,,16574000000,Revenues,USD,2022-10-27,10-Q,2021-09-30,1636000000,NetIncomeLoss,USD,2022-10-27,10-Q,2021-09-30,76578000000,Assets,USD,2022-10-27,10-Q,2021-12-31,-963000000,NetCashProvidedByUsedInFinancingActivities,USD,2022-10-27,10-Q,2021-09-30,-1748000000,NetCashProvidedByUsedInInvestingActivities,USD,2022-10-27,10-Q,2021-09-30,2889000000,NetCashProvidedByUsedInOperatingActivities,USD,2022-10-27,10-Q,2021-09-30,through_ocf,True,,,0.098709,0.174309,4.620369,-0.058103,-0.105466
2023Q1,2023-02-09,HII,1501585,"HUNTINGTON INGALLS INDUSTRIES, INC.",$2B-$10B,,9361000000,Revenues,USD,2023-02-09,10-K,2020-12-31,696000000,NetIncomeLoss,USD,2023-02-09,10-K,2020-12-31,8157000000,Assets,USD,2023-02-09,10-K,2020-12-31,103000000,NetCashProvidedByUsedInFinancingActivities,USD,2023-02-09,10-K,2020-12-31,-759000000,NetCashProvidedByUsedInInvestingActivities,USD,2023-02-09,10-K,2020-12-31,1093000000,NetCashProvidedByUsedInOperatingActivities,USD,2023-02-09,10-K,2020-12-31,through_ocf,True,,,0.074351,0.116761,0.871381,0.011003,-0.081081
2023Q1,2023-02-27,HIMS,1773751,"HIMS & HERS HEALTH, INC.",$100M-$500M,,148757000,RevenueFromContractWithCustomerExcludingAssessedTax,USD,2023-02-27,10-K,2020-12-31,-18114000,NetIncomeLoss,USD,2023-02-27,10-K,2020-12-31,420585000,Assets,USD,2023-02-27,10-K,2021-12-31,47742000,NetCashProvidedByUsedInFinancingActivities,USD,2023-02-27,10-K,2020-12-31,-39701000,NetCashProvidedByUsedInInvestingActivities,USD,2023-02-27,10-K,2020-12-31,-2479000,NetCashProvidedByUsedInOperatingActivities,USD,2023-02-27,10-K,2020-12-31,through_ocf,True,,,-0.121769,-0.016665,2.827329,0.32094,-0.266885
2023Q1,2023-02-14,HLF,1180262,Herbalife Ltd.,$2B-$10B,,5541800000,RevenueFromContractWithCustomerExcludingAssessedTax,USD,2023-02-14,10-K,2020-12-31,372600000,NetIncomeLoss,USD,2023-02-14,10-K,2020-12-31,2819800000,Assets,USD,2023-02-14,10-K,2021-12-31,-320900000,NetCashProvidedByUsedInFinancingActivities,USD,2023-02-14,10-K,2020-12-31,-123200000,NetCashProvidedByUsedInInvestingActivities,USD,2023-02-14,10-K,2020-12-31,628600000,NetCashProvidedByUsedInOperatingActivities,USD,2023-02-14,10-K,2020-12-31,through_ocf,True,,,0.067234,0.113429,0.508824,-0.057905,-0.022231
2023Q1,2023-02-27,HLIO,1024795,"HELIOS TECHNOLOGIES, INC.",$500M-$1B,,651499000,RevenueFromContractWithCustomerExcludingAssessedTax,USD,2022-11-08,10-Q,2021-10-02,81042000,NetIncomeLoss,USD,2022-11-08,10-Q,2021-10-02,1415346000,Assets,USD,2022-11-08,10-Q,2022-01-01,4328000,NetCashProvidedByUsedInFinancingActivities,USD,2022-11-08,10-Q,2021-10-02,-68205000,NetCashProvidedByUsedInInvestingActivities,USD,2022-11-08,10-Q,2021-10-02,81985000,NetCashProvidedByUsedInOperatingActivities,USD,2022-11-08,10-Q,2021-10-02,through_ocf,True,,,0.124393,0.125841,2.172445,0.006643,-0.104689
2023Q1,2023-01-30,HLIT,851310,HARMONIC INC.,$100M-$500M,,351345000,RevenueFromContractWithCustomerExcludingAssessedTax,USD,2022-11-04,10-Q,2021-10-01,-6603000,NetIncomeLoss,USD,2022-11-04,10-Q,2021-10-01,693686000,Assets,USD,2022-11-04,10-Q,2021-12-31,7573000,NetCashProvidedByUsedInFinancingActivities,USD,2022-11-04,10-Q,2021-10-01,-10570000,NetCashProvidedByUsedInInvestingActivities,USD,2022-11-04,10-Q,2021-10-01,33656000,NetCashProvidedByUsedInOperatingActivities,USD,2022-11-04,10-Q,2021-10-01,through_ocf,True,,,-0.018793,0.095792,1.974373,0.021554,-0.030084
2023Q1,2023-02-23,HLMN,1822492,Hillman Solutions Corp.,$1B-$2B,,1081476000,RevenueFromContractWithCustomerExcludingAssessedTax,USD,2022-11-03,10-Q,2021-09-25,-8970000,NetIncomeLoss,USD,2022-11-03,10-Q,2021-03-27,2562922000,Assets,USD,2022-11-03,10-Q,2021-12-25,173661000,NetCashProvidedByUsedInFinancingActivities,USD,2022-11-03,10-Q,2021-09-25,-76057000,NetCashProvidedByUsedInInvestingActivities,USD,2022-11-03,10-Q,2021-09-25,-105305000,NetCashProvidedByUsedInOperatingActivities,USD,2022-11-03,10-Q,2021-09-25,through_ocf,True,,,-0.008294,-0.097372,2.369837,0.160578,-0.070327
2023Q1,2023-02-07,HLNE,1433642,Hamilton Lane Inc,$100M-$500M,,267019000,RevenueFromContractWithCustomerExcludingAssessedTax,USD,2023-02-07,10-Q,2021-12-31,132161000,NetIncomeLoss,USD,2023-02-07,10-Q,2021-12-31,1294946000,Assets,USD,2023-02-07,10-Q,2022-03-31,-104885000,NetCashProvidedByUsedInFinancingActivities,USD,2023-02-07,10-Q,2021-12-31,-55664000,NetCashProvidedByUsedInInvestingActivities,USD,2023-02-07,10-Q,2021-12-31,152512000,NetCashProvidedByUsedInOperatingActivities,USD,2023-02-07,10-Q,2021-12-31,through_ocf,True,,,0.49495,0.571165,4.84964,-0.3928,-0.208465
2023Q1,2023-02-09,HLT,1585689,Hilton Worldwide Holdings Inc.,$2B-$10B,,4307000000,Revenues,USD,2023-02-09,10-K,2020-12-31,-715000000,NetIncomeLoss,USD,2023-02-09,10-K,2020-12-31,15441000000,Assets,USD,2023-02-09,10-K,2021-12-31,2032000000,NetCashProvidedByUsedInFinancingActivities,USD,2023-02-09,10-K,2020-12-31,-107000000,NetCashProvidedByUsedInInvestingActivities,USD,2023-02-09,10-K,2020-12-31,708000000,NetCashProvidedByUsedInOperatingActivities,USD,2023-02-09,10-K,2020-12-31,through_ocf,True,,,-0.166009,0.164384,3.585094,0.47179,-0.024843
2023Q1,2023-02-21,HLX,866829,"HELIX ENERGY SOLUTIONS GROUP, INC.",$500M-$1B,,506072000,RevenueFromContractWithCustomerExcludingAssessedTax,USD,2022-10-26,10-Q,2021-09-30,-35630000,NetIncomeLoss,USD,2022-10-26,10-Q,2021-09-30,2326028000,Assets,USD,2022-10-26,10-Q,2021-12-31,-95659000,NetCashProvidedByUsedInFinancingActivities,USD,2022-10-26,10-Q,2021-09-30,-7335000,NetCashProvidedByUsedInInvestingActivities,USD,2022-10-26,10-Q,2021-09-30,121252000,NetCashProvidedByUsedInOperatingActivities,USD,2022-10-26,10-Q,2021-09-30,through_ocf,True,,,-0.070405,0.239594,4.596239,-0.189023,-0.014494
2023Q1,2023-01-24,HMN,850141,Horace Mann Educators Corporation,$500M-$1B,,998700000,Revenues,USD,2022-11-08,10-Q,2021-09-30,102300000,NetIncomeLoss,USD,2022-11-08,10-Q,2021-09-30,14383900000,Assets,USD,2022-11-08,10-Q,2021-12-31,190800000,NetCashProvidedByUsedInFinancingActivities,USD,2022-11-08,10-Q,2021-09-30,-351000000,NetCashProvidedByUsedInInvestingActivities,USD,2022-11-08,10-Q,2021-09-30,178100000,NetCashProvidedByUsedInOperatingActivities,USD,2022-11-08,10-Q,2021-09-30,through_ocf,True,,,0.102433,0.178332,14.402623,0.191048,-0.351457
2023Q1,2023-02-23,HNI,48287,HNI Corporation,$1B-$2B,,1581500000,RevenueFromContractWithCustomerExcludingAssessedTax,USD,2022-11-01,10-Q,2021-10-02,51600000,NetIncomeLoss,USD,2022-11-01,10-Q,2021-10-02,1497900000,Assets,USD,2022-11-01,10-Q,2022-01-01,-29000000,NetCashProvidedByUsedInFinancingActivities,USD,2022-11-01,10-Q,2021-10-02,-49200000,NetCashProvidedByUsedInInvestingActivities,USD,2022-11-01,10-Q,2021-10-02,88500000,NetCashProvidedByUsedInOperatingActivities,USD,2022-11-01,10-Q,2021-10-02,through_ocf,True,,,0.032627,0.05596,0.947139,-0.018337,-0.03111
2023Q1,2023-02-02,HON,773840,HONEYWELL INTERNATIONAL INC,>$10B,,25735000000,RevenueFromContractWithCustomerExcludingAssessedTax,USD,2022-10-27,10-Q,2021-09-30,4114000000,NetIncomeLoss,USD,2022-10-27,10-Q,2021-09-30,64470000000,Assets,USD,2022-10-27,10-Q,2021-12-31,-5195000000,NetCashProvidedByUsedInFinancingActivities,USD,2022-10-27,10-Q,2021-09-30,-1347000000,NetCashProvidedByUsedInInvestingActivities,USD,2022-10-27,10-Q,2021-09-30,3375000000,NetCashProvidedByUsedInOperatingActivities,USD,2022-10-27,10-Q,2021-09-30,through_ocf,True,,,0.15986,0.131144,2.505149,-0.201865,-0.052341
2023Q1,2023-02-28,HOV,357294,HOVNANIAN ENTERPRISES INC,$2B-$10B,,2343901000,Revenues,USD,2022-12-19,10-K,2020-10-31,50928000,ProfitLoss,USD,2022-12-19,10-K,2020-10-31,2320508000,Assets,USD,2022-12-19,10-K,2021-10-31,-167774000,NetCashProvidedByUsedInFinancingActivities,USD,2022-12-19,10-K,2020-10-31,2140000,NetCashProvidedByUsedInInvestingActivities,USD,2022-12-19,10-K,2020-10-31,292828000,NetCashProvidedByUsedInOperatingActivities,USD,2022-12-19,10-K,2020-10-31,through_ocf,True,,,0.021728,0.124932,0.99002,-0.071579,0.000913
2023Q1,2023-01-30,HP,46765,"HELMERICH & PAYNE, INC.",$100M-$500M,,409782000,Revenues,USD,2023-01-30,10-Q,2021-12-31,-51362000,NetIncomeLoss,USD,2023-01-30,10-Q,2021-12-31,4355531000,Assets,USD,2023-01-30,10-Q,2022-09-30,-635610000,NetCashProvidedByUsedInFinancingActivities,USD,2023-01-30,10-Q,2021-12-31,-44729000,NetCashProvidedByUsedInInvestingActivities,USD,2023-01-30,10-Q,2021-12-31,-3718000,NetCashProvidedByUsedInOperatingActivities,USD,2023-01-30,10-Q,2021-12-31,through_ocf,True,,,-0.12534,-0.009073,10.628898,-1.551093,-0.109153
2023Q1,2023-02-08,HPP,1482512,"Hudson Pacific Properties, Inc.",$500M-$1B,,656353000,Revenues,USD,2022-11-04,10-Q,2021-09-30,12259000,ProfitLoss,USD,2022-11-04,10-Q,2021-09-30,8990189000,Assets,USD,2022-11-04,10-Q,2021-12-31,345787000,NetCashProvidedByUsedInFinancingActivities,USD,2022-11-04,10-Q,2021-09-30,-560602000,NetCashProvidedByUsedInInvestingActivities,USD,2022-11-04,10-Q,2021-09-30,285512000,NetCashProvidedByUsedInOperatingActivities,USD,2022-11-04,10-Q,2021-09-30,through_ocf,True,,,0.018677,0.434998,13.697186,0.526831,-0.854117
2023Q1,2023-02-14,HQY,1428336,"HEALTHEQUITY, INC.",$500M-$1B,,553259000,RevenueFromContractWithCustomerExcludingAssessedTax,USD,2022-12-08,10-Q,2021-10-31,-11471000,NetIncomeLoss,USD,2022-12-08,10-Q,2021-10-31,3107102000,Assets,USD,2022-12-08,10-Q,2022-01-31,397834000,NetCashProvidedByUsedInFinancingActivities,USD,2022-12-08,10-Q,2021-10-31,-167946000,NetCashProvidedByUsedInInvestingActivities,USD,2022-12-08,10-Q,2021-10-31,90438000,NetCashProvidedByUsedInOperatingActivities,USD,2022-12-08,10-Q,2021-10-31,through_ocf,True,,,-0.020734,0.163464,5.615999,0.719074,-0.303558
2023Q1,2023-02-14,HRI,1364479,HERC HOLDINGS INC.,$100M-$500M,,389400000,SalesRevenueNet,USD,2018-05-09,10-Q,2017-03-31,73700000,NetIncomeLoss,USD,2023-02-14,10-K,2020-12-31,4490400000,Assets,USD,2023-02-14,10-K,2021-12-31,-406000000,NetCashProvidedByUsedInFinancingActivities,USD,2023-02-14,10-K,2020-12-31,-207500000,NetCashProvidedByUsedInInvestingActivities,USD,2023-02-14,10-K,2020-12-31,610900000,NetCashProvidedByUsedInOperatingActivities,USD,2023-02-14,10-K,2020-12-31,through_ocf,True,,,0.189266,1.568824,11.531587,-1.04263,-0.532871
2023Q1,2023-03-02,HRL,48465,HORMEL FOODS CORPORATION,$2B-$10B,,6674911000,SalesRevenueNet,USD,2018-09-07,10-Q,2017-07-30,239571000,NetIncomeLoss,USD,2023-03-02,10-Q,2022-01-30,13306919000,Assets,USD,2023-03-02,10-Q,2022-10-30,-124019000,NetCashProvidedByUsedInFinancingActivities,USD,2023-03-02,10-Q,2022-01-30,-49680000,NetCashProvidedByUsedInInvestingActivities,USD,2023-03-02,10-Q,2022-01-30,383756000,NetCashProvidedByUsedInOperatingActivities,USD,2023-03-02,10-Q,2022-01-30,through_ocf,True,,,0.035891,0.057492,1.993572,-0.01858,-0.007443
2023Q1,2023-02-21,HRMY,1802665,"HARMONY BIOSCIENCES HOLDINGS, INC.",$100M-$500M,,159742000,RevenueFromContractWithCustomerExcludingAssessedTax,USD,2023-02-21,10-K,2020-12-31,-36944000,NetIncomeLoss,USD,2023-02-21,10-K,2020-12-31,433443000,Assets,USD,2023-02-21,10-K,2021-12-31,209161000,NetCashProvidedByUsedInFinancingActivities,USD,2023-02-21,10-K,2020-12-31,-2002000,NetCashProvidedByUsedInInvestingActivities,USD,2023-02-21,10-K,2020-12-31,-2985000,NetCashProvidedByUsedInOperatingActivities,USD,2023-02-21,10-K,2020-12-31,through_ocf,True,,,-0.231273,-0.018686,2.713394,1.309368,-0.012533
2023Q1,2023-03-03,HRTG,1598665,"HERITAGE INSURANCE HOLDINGS, INC.",$100M-$500M,,464849000,Revenues,USD,2022-11-09,10-Q,2021-09-30,-5148000,NetIncomeLoss,USD,2022-11-09,10-Q,2021-03-31,1980762000,Assets,USD,2022-11-09,10-Q,2021-12-31,-7402000,NetCashProvidedByUsedInFinancingActivities,USD,2022-11-09,10-Q,2021-09-30,-112927000,NetCashProvidedByUsedInInvestingActivities,USD,2022-11-09,10-Q,2021-09-30,72772000,NetCashProvidedByUsedInOperatingActivities,USD,2022-11-09,10-Q,2021-09-30,through_ocf,True,,,-0.011075,0.15655,4.261087,-0.015923,-0.242933
2023Q1,2023-02-16,HSIC,1000228,"HENRY SCHEIN, INC.",$2B-$10B,,9070000000,RevenueFromContractWithCustomerExcludingAssessedTax,USD,2022-11-01,10-Q,2021-09-25,484000000,NetIncomeLoss,USD,2022-11-01,10-Q,2021-09-25,8481000000,Assets,USD,2022-11-01,10-Q,2021-12-25,-254000000,NetCashProvidedByUsedInFinancingActivities,USD,2022-11-01,10-Q,2021-09-25,-479000000,NetCashProvidedByUsedInInvestingActivities,USD,2022-11-01,10-Q,2021-09-25,433000000,NetCashProvidedByUsedInOperatingActivities,USD,2022-11-01,10-Q,2021-09-25,through_ocf,True,,,0.053363,0.04774,0.935061,-0.028004,-0.052811
2023Q1,2023-02-15,HST,1070750,"HOST HOTELS & RESORTS, INC.",$1B-$2B,,1892000000,RevenueFromContractWithCustomerExcludingAssessedTax,USD,2022-11-04,10-Q,2021-09-30,-331000000,NetIncomeLoss,USD,2022-11-04,10-Q,2021-09-30,12352000000,Assets,USD,2022-11-04,10-Q,2021-12-31,127000000,NetCashProvidedByUsedInFinancingActivities,USD,2022-11-04,10-Q,2021-09-30,-1502000000,NetCashProvidedByUsedInInvestingActivities,USD,2022-11-04,10-Q,2021-09-30,78000000,NetCashProvidedByUsedInOperatingActivities,USD,2022-11-04,10-Q,2021-09-30,through_ocf,True,,,-0.174947,0.041226,6.528541,0.067125,-0.793869
2023Q1,2023-02-02,HSY,47111,HERSHEY CO,$2B-$10B,,6645209000,RevenueFromContractWithCustomerExcludingAssessedTax,USD,2022-11-04,10-Q,2021-10-03,1141956000,NetIncomeLoss,USD,2022-11-04,10-Q,2021-10-03,10412231000,Assets,USD,2022-11-04,10-Q,2021-12-31,-1037826000,NetCashProvidedByUsedInFinancingActivities,USD,2022-11-04,10-Q,2021-10-03,-839739000,NetCashProvidedByUsedInInvestingActivities,USD,2022-11-04,10-Q,2021-10-03,1403717000,NetCashProvidedByUsedInOperatingActivities,USD,2022-11-04,10-Q,2021-10-03,through_ocf,True,,,0.171847,0.211237,1.566878,-0.156177,-0.126368
2023Q1,2023-01-26,HTH,1265131,Hilltop Holdings Inc.,$100M-$500M,,111812000,Revenues,USD,2012-11-02,10-Q,2011-09-30,312310000,NetIncomeLoss,USD,2022-10-24,10-Q,2021-09-30,18689080000,Assets,USD,2022-10-24,10-Q,2021-12-31,697262000,NetCashProvidedByUsedInFinancingActivities,USD,2022-10-24,10-Q,2021-09-30,-191098000,NetCashProvidedByUsedInInvestingActivities,USD,2022-10-24,10-Q,2021-09-30,873556000,NetCashProvidedByUsedInOperatingActivities,USD,2022-10-24,10-Q,2021-09-30,through_ocf,True,,,2.793171,7.812721,167.147354,6.236021,-1.709101
2023Q1,2023-02-09,HTLD,799233,"HEARTLAND EXPRESS, INC.",$100M-$500M,,459142000,Revenues,USD,2022-11-09,10-Q,2021-09-30,13734000,NetIncomeLoss,USD,2022-11-09,10-Q,2021-03-31,928542000,Assets,USD,2022-11-09,10-Q,2021-12-31,-34810000,NetCashProvidedByUsedInFinancingActivities,USD,2022-11-09,10-Q,2021-09-30,5027000,NetCashProvidedByUsedInInvestingActivities,USD,2022-11-09,10-Q,2021-09-30,95694000,NetCashProvidedByUsedInOperatingActivities,USD,2022-11-09,10-Q,2021-09-30,through_ocf,True,,,0.029912,0.208419,2.022342,-0.075815,0.010949
2023Q1,2023-02-23,HTO,766829,H2O America,$100M-$500M,,433949000,Revenues,USD,2022-10-28,10-Q,2021-09-30,2616000,NetIncomeLoss,USD,2022-10-28,10-Q,2021-03-31,3469741000,Assets,USD,2022-10-28,10-Q,2021-09-30,89596000,NetCashProvidedByUsedInFinancingActivities,USD,2022-10-28,10-Q,2021-09-30,-182899000,NetCashProvidedByUsedInInvestingActivities,USD,2022-10-28,10-Q,2021-09-30,100255000,NetCashProvidedByUsedInOperatingActivities,USD,2022-10-28,10-Q,2021-09-30,through_ocf,True,,,0.006028,0.231029,7.995735,0.206467,-0.421476
2023Q1,2023-02-07,HTZ,1657853,"HERTZ GLOBAL HOLDINGS, INC",$2B-$10B,,5258000000,Revenues,USD,2023-02-07,10-K,2020-12-31,-1714000000,NetIncomeLoss,USD,2023-02-07,10-K,2020-12-31,19783000000,Assets,USD,2023-02-07,10-K,2021-12-31,-5372000000,NetCashProvidedByUsedInFinancingActivities,USD,2023-02-07,10-K,2020-12-31,4591000000,NetCashProvidedByUsedInInvestingActivities,USD,2023-02-07,10-K,2020-12-31,953000000,NetCashProvidedByUsedInOperatingActivities,USD,2023-02-07,10-K,2020-12-31,through_ocf,True,,,-0.325979,0.181248,3.762457,-1.021681,0.873146
2023Q1,2023-01-31,HUBB,48898,HUBBELL INC,$2B-$10B,,3094000000,RevenueFromContractWithCustomerExcludingAssessedTax,USD,2022-10-26,10-Q,2021-09-30,281900000,NetIncomeLoss,USD,2022-10-26,10-Q,2021-09-30,5281500000,Assets,USD,2022-10-26,10-Q,2021-12-31,-252400000,NetCashProvidedByUsedInFinancingActivities,USD,2022-10-26,10-Q,2021-09-30,-46400000,NetCashProvidedByUsedInInvestingActivities,USD,2021-10-27,10-Q,2020-09-30,455600000,NetCashProvidedByUsedInOperatingActivities,USD,2021-10-27,10-Q,2020-09-30,through_ocf,True,,,0.091112,0.147253,1.707014,-0.081577,-0.014997
2023Q1,2023-02-16,HUBS,1404655,"HubSpot, Inc.",$500M-$1B,,883026000,RevenueFromContractWithCustomerExcludingAssessedTax,USD,2023-02-16,10-K,2020-12-31,-85031000,NetIncomeLoss,USD,2023-02-16,10-K,2020-12-31,2174854000,Assets,USD,2023-02-16,10-K,2021-12-31,222460000,NetCashProvidedByUsedInFinancingActivities,USD,2023-02-16,10-K,2020-12-31,-215567000,NetCashProvidedByUsedInInvestingActivities,USD,2023-02-16,10-K,2020-12-31,88913000,NetCashProvidedByUsedInOperatingActivities,USD,2023-02-16,10-K,2020-12-31,through_ocf,True,,,-0.096295,0.100691,2.462956,0.251929,-0.244123
2023Q1,2023-01-06,HURC,315374,"HURCO COMPANIES, INC.",$100M-$500M,,170627000,Revenues,USD,2023-01-06,10-K,2020-10-31,-6247000,NetIncomeLoss,USD,2023-01-06,10-K,2020-10-31,332935000,Assets,USD,2023-01-06,10-K,2021-10-31,-10851000,NetCashProvidedByUsedInFinancingActivities,USD,2023-01-06,10-K,2020-10-31,-1179000,NetCashProvidedByUsedInInvestingActivities,USD,2023-01-06,10-K,2020-10-31,10932000,NetCashProvidedByUsedInOperatingActivities,USD,2023-01-06,10-K,2020-10-31,through_ocf,True,,,-0.036612,0.06407,1.951245,-0.063595,-0.00691
2023Q1,2023-02-21,HVT,216085,"HAVERTY FURNITURE COMPANIES, INC",$500M-$1B,,746858000,RevenueFromContractWithCustomerExcludingAssessedTax,USD,2022-11-04,10-Q,2021-09-30,66497000,NetIncomeLoss,USD,2022-11-04,10-Q,2021-09-30,686290000,Assets,USD,2022-11-04,10-Q,2021-12-31,-35397000,NetCashProvidedByUsedInFinancingActivities,USD,2022-11-04,10-Q,2021-09-30,-27982000,NetCashProvidedByUsedInInvestingActivities,USD,2022-11-04,10-Q,2021-09-30,88998000,NetCashProvidedByUsedInOperatingActivities,USD,2022-11-04,10-Q,2021-09-30,through_ocf,True,,,0.089036,0.119163,0.918903,-0.047395,-0.037466
2023Q1,2023-02-01,HWKN,46250,"HAWKINS, INC.",$500M-$1B,,551568000,Revenues,USD,2023-02-01,10-Q,2021-12-26,16628000,NetIncomeLoss,USD,2023-02-01,10-Q,2021-06-27,567328000,Assets,USD,2023-02-01,10-Q,2022-04-03,-224000,NetCashProvidedByUsedInFinancingActivities,USD,2023-02-01,10-Q,2021-12-26,-18045000,NetCashProvidedByUsedInInvestingActivities,USD,2023-02-01,10-Q,2021-12-26,38709000,NetCashProvidedByUsedInOperatingActivities,USD,2023-02-01,10-Q,2021-12-26,through_ocf,True,,,0.030147,0.07018,1.028573,-0.000406,-0.032716
2023Q1,2023-02-14,HWM,4281,HOWMET AEROSPACE INC.,$2B-$10B,,5259000000,RevenueFromContractWithCustomerExcludingAssessedTax,USD,2023-02-14,10-K,2020-12-31,261000000,NetIncomeLoss,USD,2023-02-14,10-K,2020-12-31,10219000000,Assets,USD,2023-02-14,10-K,2021-12-31,-369000000,NetCashProvidedByUsedInFinancingActivities,USD,2023-02-14,10-K,2020-12-31,271000000,NetCashProvidedByUsedInInvestingActivities,USD,2023-02-14,10-K,2020-12-31,9000000,NetCashProvidedByUsedInOperatingActivities,USD,2023-02-14,10-K,2020-12-31,through_ocf,True,,,0.049629,0.001711,1.943145,-0.070165,0.051531
2023Q1,2023-02-27,HY,1173514,"HYSTER-YALE, INC.",$2B-$10B,,2812100000,Revenues,USD,2023-02-27,10-K,2020-12-31,37100000,NetIncomeLoss,USD,2023-02-27,10-K,2020-12-31,1859500000,Assets,USD,2023-02-27,10-K,2020-12-31,-40600000,NetCashProvidedByUsedInFinancingActivities,USD,2023-02-27,10-K,2020-12-31,-43700000,NetCashProvidedByUsedInInvestingActivities,USD,2023-02-27,10-K,2020-12-31,166900000,NetCashProvidedByUsedInOperatingActivities,USD,2023-02-27,10-K,2020-12-31,through_ocf,True,,,0.013193,0.059351,0.66125,-0.014438,-0.01554
2023Q1,2023-01-26,HZO,1057060,"MarineMax, Inc.",$1B-$2B,,1509713000,RevenueFromContractWithCustomerExcludingAssessedTax,USD,2022-11-18,10-K,2020-09-30,74634000,NetIncomeLoss,USD,2022-11-18,10-K,2020-09-30,1007823000,Assets,USD,2022-11-18,10-K,2021-09-30,-158129000,NetCashProvidedByUsedInFinancingActivities,USD,2022-11-18,10-K,2020-09-30,-30109000,NetCashProvidedByUsedInInvestingActivities,USD,2022-11-18,10-K,2020-09-30,304675000,NetCashProvidedByUsedInOperatingActivities,USD,2022-11-18,10-K,2020-09-30,through_ocf,True,,,0.049436,0.20181,0.667559,-0.104741,-0.019944
2023Q1,2023-01-11,IAC,1800227,IAC Inc.,$2B-$10B,,2540185000,Revenues,USD,2022-11-09,10-Q,2021-09-30,584575000,NetIncomeLoss,USD,2022-11-09,10-Q,2021-09-30,12300288000,Assets,USD,2022-11-09,10-Q,2021-12-31,1671816000,NetCashProvidedByUsedInFinancingActivities,USD,2021-05-10,10-Q,2020-03-31,-518610000,NetCashProvidedByUsedInInvestingActivities,USD,2021-05-10,10-Q,2020-03-31,39171000,NetCashProvidedByUsedInOperatingActivities,USD,2021-05-10,10-Q,2020-03-31,through_ocf,True,,,0.230131,0.015421,4.84228,0.658147,-0.204162
2023Q1,2023-01-10,IART,917520,INTEGRA LIFESCIENCES HOLDINGS CORPORATION,$1B-$2B,,1136924000,RevenueFromContractWithCustomerExcludingAssessedTax,USD,2022-10-26,10-Q,2021-09-30,45394000,NetIncomeLoss,USD,2022-10-26,10-Q,2021-03-31,3782383000,Assets,USD,2022-10-26,10-Q,2021-12-31,-98747000,NetCashProvidedByUsedInFinancingActivities,USD,2022-10-26,10-Q,2021-09-30,-133958000,NetCashProvidedByUsedInInvestingActivities,USD,2022-10-26,10-Q,2021-09-30,243150000,NetCashProvidedByUsedInOperatingActivities,USD,2022-10-26,10-Q,2021-09-30,through_ocf,True,,,0.039927,0.213867,3.326857,-0.086855,-0.117825
2023Q1,2023-02-22,IBP,1580905,"Installed Building Products, Inc.",$1B-$2B,,1653225000,RevenueFromContractWithCustomerExcludingAssessedTax,USD,2023-02-22,10-K,2020-12-31,97239000,NetIncomeLoss,USD,2023-02-22,10-K,2020-12-31,1653202000,Assets,USD,2023-02-22,10-K,2021-12-31,-49364000,NetCashProvidedByUsedInFinancingActivities,USD,2023-02-22,10-K,2020-12-31,-77794000,NetCashProvidedByUsedInInvestingActivities,USD,2023-02-22,10-K,2020-12-31,180789000,NetCashProvidedByUsedInOperatingActivities,USD,2023-02-22,10-K,2020-12-31,through_ocf,True,,,0.058818,0.109355,0.999986,-0.029859,-0.047056
2023Q1,2023-02-02,ICE,1571949,"INTERCONTINENTAL EXCHANGE, INC.",$2B-$10B,,8244000000,RevenueFromContractWithCustomerExcludingAssessedTax,USD,2023-02-02,10-K,2020-12-31,2089000000,NetIncomeLoss,USD,2023-02-02,10-K,2020-12-31,193502000000,Assets,USD,2023-02-02,10-K,2021-12-31,26000000000,NetCashProvidedByUsedInFinancingActivities,USD,2023-02-02,10-K,2020-12-31,-10361000000,NetCashProvidedByUsedInInvestingActivities,USD,2023-02-02,10-K,2020-12-31,2881000000,NetCashProvidedByUsedInOperatingActivities,USD,2023-02-02,10-K,2020-12-31,through_ocf,True,,,0.253396,0.349466,23.471858,3.153809,-1.256793
2023Q1,2023-01-24,ICFI,1362004,"ICF International, Inc.",$1B-$2B,,1165063000,RevenueFromContractWithCustomerExcludingAssessedTax,USD,2022-11-04,10-Q,2021-09-30,59053000,NetIncomeLoss,USD,2022-11-04,10-Q,2021-09-30,1849534000,Assets,USD,2022-11-04,10-Q,2021-12-31,-91668000,NetCashProvidedByUsedInFinancingActivities,USD,2022-11-04,10-Q,2021-09-30,-12279000,NetCashProvidedByUsedInInvestingActivities,USD,2022-11-04,10-Q,2021-09-30,64763000,NetCashProvidedByUsedInOperatingActivities,USD,2022-11-04,10-Q,2021-09-30,through_ocf,True,,,0.050687,0.055588,1.587497,-0.078681,-0.010539
2023Q1,2023-01-10,ICHR,1652535,"ICHOR HOLDINGS, LTD.",$500M-$1B,,809729000,RevenueFromContractWithCustomerExcludingAssessedTax,USD,2022-11-09,10-Q,2021-09-24,56040000,NetIncomeLoss,USD,2022-11-09,10-Q,2021-09-24,1020876000,Assets,USD,2022-11-09,10-Q,2021-12-31,-32039000,NetCashProvidedByUsedInFinancingActivities,USD,2022-11-09,10-Q,2021-09-24,-117233000,NetCashProvidedByUsedInInvestingActivities,USD,2022-11-09,10-Q,2021-09-24,24411000,NetCashProvidedByUsedInOperatingActivities,USD,2022-11-09,10-Q,2021-09-24,through_ocf,True,,,0.069208,0.030147,1.260763,-0.039568,-0.144781
2023Q1,2023-02-27,ICUI,883984,ICU MEDICAL INC/DE,$1B-$2B,,1271004000,Revenues,USD,2023-02-27,10-K,2020-12-31,86870000,NetIncomeLoss,USD,2023-02-27,10-K,2020-12-31,1880738000,Assets,USD,2023-02-27,10-K,2021-12-31,-40000,NetCashProvidedByUsedInFinancingActivities,USD,2023-02-27,10-K,2020-12-31,-98139000,NetCashProvidedByUsedInInvestingActivities,USD,2023-02-27,10-K,2020-12-31,222752000,NetCashProvidedByUsedInOperatingActivities,USD,2023-02-27,10-K,2020-12-31,through_ocf,True,,,0.068348,0.175257,1.479726,-3.1e-05,-0.077214
2023Q1,2023-01-19,IDCC,1405495,"INTERDIGITAL, INC.",$100M-$500M,,313594000,RevenueFromContractWithCustomerExcludingAssessedTax,USD,2022-11-03,10-Q,2021-09-30,5571000,NetIncomeLoss,USD,2022-11-03,10-Q,2021-03-31,1628156000,Assets,USD,2022-11-03,10-Q,2021-12-31,-54290000,NetCashProvidedByUsedInFinancingActivities,USD,2022-11-03,10-Q,2021-09-30,-12549000,NetCashProvidedByUsedInInvestingActivities,USD,2022-11-03,10-Q,2021-09-30,59163000,NetCashProvidedByUsedInOperatingActivities,USD,2022-11-03,10-Q,2021-09-30,through_ocf,True,,,0.017765,0.188661,5.191923,-0.173122,-0.040017
2023Q1,2023-02-06,IDXX,874716,IDEXX LABORATORIES INC /DE,$2B-$10B,,2414270000,RevenueFromContractWithCustomerExcludingAssessedTax,USD,2022-11-01,10-Q,2021-09-30,582074000,NetIncomeLoss,USD,2022-11-01,10-Q,2021-09-30,2437203000,Assets,USD,2022-11-01,10-Q,2021-12-31,-531594000,NetCashProvidedByUsedInFinancingActivities,USD,2022-11-01,10-Q,2021-09-30,-248927000,NetCashProvidedByUsedInInvestingActivities,USD,2022-11-01,10-Q,2021-09-30,545582000,NetCashProvidedByUsedInOperatingActivities,USD,2022-11-01,10-Q,2021-09-30,through_ocf,True,,,0.241097,0.225982,1.009499,-0.220188,-0.103107
2023Q1,2023-02-24,IEP,813762,ICAHN ENTERPRISES L.P.,$2B-$10B,,6123000000,Revenues,USD,2023-02-24,10-K,2020-12-31,-1653000000,NetIncomeLoss,USD,2023-02-24,10-K,2020-12-31,27746000000,Assets,USD,2023-02-24,10-K,2021-12-31,-653000000,NetCashProvidedByUsedInFinancingActivities,USD,2023-02-24,10-K,2020-12-31,-581000000,NetCashProvidedByUsedInInvestingActivities,USD,2023-02-24,10-K,2020-12-31,-416000000,NetCashProvidedByUsedInOperatingActivities,USD,2023-02-24,10-K,2020-12-31,through_ocf,True,,,-0.269966,-0.067941,4.531439,-0.106647,-0.094888
2023Q1,2023-02-03,IESC,1048268,"IES Holdings, Inc.",$100M-$500M,,480509000,Revenues,USD,2023-02-03,10-Q,2021-12-31,14464000,NetIncomeLoss,USD,2023-02-03,10-Q,2021-12-31,785228000,Assets,USD,2023-02-03,10-Q,2021-12-31,21939000,NetCashProvidedByUsedInFinancingActivities,USD,2023-02-03,10-Q,2021-12-31,-12755000,NetCashProvidedByUsedInInvestingActivities,USD,2023-02-03,10-Q,2021-12-31,-24463000,NetCashProvidedByUsedInOperatingActivities,USD,2023-02-03,10-Q,2021-12-31,through_ocf,True,,,0.030101,-0.050911,1.634159,0.045658,-0.026545
2023Q1,2023-02-01,IEX,832101,IDEX CORP,$2B-$10B,,2050000000,Revenues,USD,2022-10-26,10-Q,2021-09-30,330600000,NetIncomeLoss,USD,2022-10-26,10-Q,2021-09-30,4917200000,Assets,USD,2022-10-26,10-Q,2021-12-31,24600000,NetCashProvidedByUsedInFinancingActivities,USD,2022-10-26,10-Q,2021-09-30,-624200000,NetCashProvidedByUsedInInvestingActivities,USD,2022-10-26,10-Q,2021-09-30,402200000,NetCashProvidedByUsedInOperatingActivities,USD,2022-10-26,10-Q,2021-09-30,through_ocf,True,,,0.161268,0.196195,2.398634,0.012,-0.304488
2023Q1,2023-02-08,IFF,51253,INTERNATIONAL FLAVORS & FRAGRANCES INC,$2B-$10B,,8625000000,RevenueFromContractWithCustomerExcludingAssessedTax,USD,2022-11-07,10-Q,2021-09-30,180000000,NetIncomeLoss,USD,2022-11-07,10-Q,2021-09-30,39658000000,Assets,USD,2022-11-07,10-Q,2021-12-31,-1022000000,NetCashProvidedByUsedInFinancingActivities,USD,2022-11-07,10-Q,2021-09-30,75000000,NetCashProvidedByUsedInInvestingActivities,USD,2022-11-07,10-Q,2021-09-30,1126000000,NetCashProvidedByUsedInOperatingActivities,USD,2022-11-07,10-Q,2021-09-30,through_ocf,True,,,0.02087,0.130551,4.598029,-0.118493,0.008696
2023Q1,2023-02-08,IIIV,1728688,"i3 Verticals, Inc.",$100M-$500M,,150134000,RevenueFromContractWithCustomerExcludingAssessedTax,USD,2022-11-18,10-K,2020-09-30,-419000,NetIncomeLoss,USD,2022-11-18,10-K,2020-09-30,403526000,Assets,USD,2022-11-18,10-K,2020-09-30,29112000,NetCashProvidedByUsedInFinancingActivities,USD,2022-11-18,10-K,2020-09-30,-35431000,NetCashProvidedByUsedInInvestingActivities,USD,2022-11-18,10-K,2020-09-30,23720000,NetCashProvidedByUsedInOperatingActivities,USD,2022-11-18,10-K,2020-09-30,through_ocf,True,,,-0.002791,0.157992,2.687772,0.193907,-0.235996
2023Q1,2023-01-11,ILMN,1110803,"Illumina, Inc.",$2B-$10B,,3327000000,RevenueFromContractWithCustomerExcludingAssessedTax,USD,2022-11-04,10-Q,2021-10-03,147000000,NetIncomeLoss,USD,2022-11-04,10-Q,2021-04-04,15217000000,Assets,USD,2022-11-04,10-Q,2022-01-02,78000000,NetCashProvidedByUsedInFinancingActivities,USD,2022-11-04,10-Q,2021-10-03,-1069000000,NetCashProvidedByUsedInInvestingActivities,USD,2022-11-04,10-Q,2021-10-03,263000000,NetCashProvidedByUsedInOperatingActivities,USD,2022-11-04,10-Q,2021-10-03,through_ocf,True,,,0.044184,0.07905,4.57379,0.023445,-0.32131
2023Q1,2023-02-28,INSW,1679049,"INTERNATIONAL SEAWAYS, INC.",$100M-$500M,,421648000,Revenues,USD,2023-02-28,10-K,2020-12-31,-5531000,NetIncomeLoss,USD,2023-02-28,10-K,2020-12-31,2346780000,Assets,USD,2023-02-28,10-K,2021-12-31,-183074000,NetCashProvidedByUsedInFinancingActivities,USD,2023-02-28,10-K,2020-12-31,32368000,NetCashProvidedByUsedInInvestingActivities,USD,2023-02-28,10-K,2020-12-31,216140000,NetCashProvidedByUsedInOperatingActivities,USD,2023-02-28,10-K,2020-12-31,through_ocf,True,,,-0.013118,0.512608,5.565733,-0.434187,0.076765
2023Q1,2023-02-06,INTA,1565687,"Intapp, Inc.",<$100M,,62190000,RevenueFromContractWithCustomerExcludingAssessedTax,USD,2022-11-08,10-Q,2021-09-30,-25130000,NetIncomeLoss,USD,2022-11-08,10-Q,2021-09-30,494413000,Assets,USD,2022-11-08,10-Q,2022-06-30,13630000,NetCashProvidedByUsedInFinancingActivities,USD,2022-11-08,10-Q,2021-09-30,-863000,NetCashProvidedByUsedInInvestingActivities,USD,2022-11-08,10-Q,2021-09-30,4649000,NetCashProvidedByUsedInOperatingActivities,USD,2022-11-08,10-Q,2021-09-30,through_ocf,True,,,-0.404084,0.074755,7.95004,0.219167,-0.013877
2023Q1,2023-02-22,IONS,874015,"IONIS PHARMACEUTICALS, INC.",$100M-$500M,,440006000,Revenues,USD,2023-02-22,10-K,2021-12-31,-444263000,NetIncomeLoss,USD,2023-02-22,10-K,2020-12-31,2611690000,Assets,USD,2023-02-22,10-K,2021-12-31,-596609000,NetCashProvidedByUsedInFinancingActivities,USD,2023-02-22,10-K,2020-12-31,274477000,NetCashProvidedByUsedInInvestingActivities,USD,2023-02-22,10-K,2020-12-31,35892000,NetCashProvidedByUsedInOperatingActivities,USD,2023-02-22,10-K,2020-12-31,through_ocf,True,,,-1.009675,0.081572,5.935578,-1.355911,0.623803
2023Q1,2023-02-22,IOSP,1054905,INNOSPEC INC.,$1B-$2B,,1193100000,RevenueFromContractWithCustomerExcludingAssessedTax,USD,2023-02-22,10-K,2020-12-31,28700000,ProfitLoss,USD,2023-02-22,10-K,2020-12-31,1397400000,Assets,USD,2023-02-22,10-K,2020-12-31,-86800000,NetCashProvidedByUsedInFinancingActivities,USD,2023-02-22,10-K,2020-12-31,-29700000,NetCashProvidedByUsedInInvestingActivities,USD,2023-02-22,10-K,2020-12-31,145900000,NetCashProvidedByUsedInOperatingActivities,USD,2023-02-22,10-K,2020-12-31,through_ocf,True,,,0.024055,0.122286,1.171235,-0.072752,-0.024893
2023Q1,2023-01-31,IP,51434,INTERNATIONAL PAPER COMPANY,>$10B,,14277000000,RevenueFromContractWithCustomerExcludingAssessedTax,USD,2022-10-28,10-Q,2021-09-30,1645000000,NetIncomeLoss,USD,2022-10-28,10-Q,2021-09-30,25243000000,Assets,USD,2022-10-28,10-Q,2021-12-31,-5074000000,NetCashProvidedByUsedInFinancingActivities,USD,2022-10-28,10-Q,2021-09-30,6184000000,NetCashProvidedByUsedInInvestingActivities,USD,2022-10-28,10-Q,2021-09-30,1923000000,NetCashProvidedByUsedInOperatingActivities,USD,2022-10-28,10-Q,2021-09-30,through_ocf,True,,,0.11522,0.134692,1.768089,-0.355397,0.433144
2023Q1,2023-01-23,IPAR,822663,"Interparfums, Inc.",$500M-$1B,,713500000,Revenues,USD,2022-03-01,10-K,2019-12-31,88635000,NetIncomeLoss,USD,2022-11-09,10-Q,2021-09-30,1145364000,Assets,USD,2022-11-09,10-Q,2021-12-31,88915000,NetCashProvidedByUsedInFinancingActivities,USD,2022-11-09,10-Q,2021-09-30,-162833000,NetCashProvidedByUsedInInvestingActivities,USD,2022-11-09,10-Q,2021-09-30,101261000,NetCashProvidedByUsedInOperatingActivities,USD,2022-11-09,10-Q,2021-09-30,through_ocf,True,,,0.124226,0.141922,1.605275,0.124618,-0.228217
2023Q1,2023-02-14,IPGP,1111928,IPG PHOTONICS CORP,$1B-$2B,,1096393000,RevenueFromContractWithCustomerExcludingAssessedTax,USD,2022-11-01,10-Q,2021-09-30,213329000,NetIncomeLoss,USD,2022-11-01,10-Q,2021-09-30,3170540000,Assets,USD,2022-11-01,10-Q,2021-12-31,-72119000,NetCashProvidedByUsedInFinancingActivities,USD,2022-11-01,10-Q,2021-09-30,-304824000,NetCashProvidedByUsedInInvestingActivities,USD,2022-11-01,10-Q,2021-09-30,305156000,NetCashProvidedByUsedInOperatingActivities,USD,2022-11-01,10-Q,2021-09-30,through_ocf,True,,,0.194573,0.278327,2.891792,-0.065778,-0.278024
2023Q1,2023-02-10,IQV,1478242,IQVIA HOLDINGS INC.,>$10B,,10238000000,RevenueFromContractWithCustomerExcludingAssessedTax,USD,2022-10-27,10-Q,2021-09-30,648000000,NetIncomeLoss,USD,2022-10-27,10-Q,2021-09-30,24689000000,Assets,USD,2022-10-27,10-Q,2021-12-31,-1097000000,NetCashProvidedByUsedInFinancingActivities,USD,2022-10-27,10-Q,2021-09-30,-1456000000,NetCashProvidedByUsedInInvestingActivities,USD,2022-10-27,10-Q,2021-09-30,2250000000,NetCashProvidedByUsedInOperatingActivities,USD,2022-10-27,10-Q,2021-09-30,through_ocf,True,,,0.063294,0.219769,2.411506,-0.10715,-0.142215
2023Q1,2023-02-21,IR,1699150,Ingersoll Rand Inc.,$2B-$10B,,3973200000,RevenueFromContractWithCustomerExcludingAssessedTax,USD,2023-02-21,10-K,2020-12-31,-33300000,NetIncomeLoss,USD,2023-02-21,10-K,2020-12-31,15154500000,Assets,USD,2023-02-21,10-K,2021-12-31,328700000,NetCashProvidedByUsedInFinancingActivities,USD,2023-02-21,10-K,2020-12-31,-235000000,NetCashProvidedByUsedInInvestingActivities,USD,2021-02-26,10-K,2018-12-31,444500000,NetCashProvidedByUsedInOperatingActivities,USD,2021-02-26,10-K,2018-12-31,through_ocf,True,,,-0.008381,0.111875,3.81418,0.082729,-0.059146
2023Q1,2023-02-16,IRDM,1418819,Iridium Communications Inc.,$500M-$1B,,583439000,Revenues,USD,2023-02-16,10-K,2020-12-31,-56054000,NetIncomeLoss,USD,2023-02-16,10-K,2020-12-31,3180795000,Assets,USD,2023-02-16,10-K,2021-12-31,-188186000,NetCashProvidedByUsedInFinancingActivities,USD,2023-02-16,10-K,2020-12-31,-46470000,NetCashProvidedByUsedInInvestingActivities,USD,2023-02-16,10-K,2020-12-31,249767000,NetCashProvidedByUsedInOperatingActivities,USD,2023-02-16,10-K,2020-12-31,through_ocf,True,,,-0.096075,0.428094,5.451804,-0.322546,-0.079648
2023Q1,2023-02-23,IRM,1020569,IRON MOUNTAIN INC,$2B-$10B,,4147270000,RevenueFromContractWithCustomerExcludingAssessedTax,USD,2023-02-23,10-K,2020-12-31,343096000,ProfitLoss,USD,2023-02-23,10-K,2020-12-31,14149267000,Assets,USD,2023-02-23,10-K,2020-12-31,-886699000,NetCashProvidedByUsedInFinancingActivities,USD,2023-02-23,10-K,2020-12-31,-85440000,NetCashProvidedByUsedInInvestingActivities,USD,2023-02-23,10-K,2020-12-31,987657000,NetCashProvidedByUsedInOperatingActivities,USD,2023-02-23,10-K,2020-12-31,through_ocf,True,,,0.082728,0.238146,3.411706,-0.213803,-0.020602
2023Q1,2023-02-15,IRT,1466085,"Independence Realty Trust, Inc.",$100M-$500M,,173336000,Revenues,USD,2022-10-27,10-Q,2021-09-30,15974000,NetIncomeLoss,USD,2022-10-27,10-Q,2021-09-30,6506696000,Assets,USD,2022-10-27,10-Q,2021-12-31,72955000,NetCashProvidedByUsedInFinancingActivities,USD,2022-10-27,10-Q,2021-09-30,-145437000,NetCashProvidedByUsedInInvestingActivities,USD,2022-10-27,10-Q,2021-09-30,73725000,NetCashProvidedByUsedInOperatingActivities,USD,2022-10-27,10-Q,2021-09-30,through_ocf,True,,,0.092156,0.42533,37.538053,0.420888,-0.839047
2023Q1,2023-02-23,IRTC,1388658,"iRhythm Holdings, Inc.",$100M-$500M,,265166000,RevenueFromContractWithCustomerExcludingAssessedTax,USD,2023-02-23,10-K,2020-12-31,-43830000,NetIncomeLoss,USD,2023-02-23,10-K,2020-12-31,462967000,Assets,USD,2023-02-23,10-K,2021-12-31,214316000,NetCashProvidedByUsedInFinancingActivities,USD,2023-02-23,10-K,2020-12-31,-132391000,NetCashProvidedByUsedInInvestingActivities,USD,2023-02-23,10-K,2020-12-31,-13759000,NetCashProvidedByUsedInOperatingActivities,USD,2023-02-23,10-K,2020-12-31,through_ocf,True,,,-0.165293,-0.051888,1.745952,0.808233,-0.499276
2023Q1,2023-01-09,IRWD,1446847,"IRONWOOD PHARMACEUTICALS, INC.",$100M-$500M,,296623000,RevenueFromContractWithCustomerExcludingAssessedTax,USD,2022-11-03,10-Q,2021-09-30,39926000,NetIncomeLoss,USD,2022-11-03,10-Q,2021-03-31,1126927000,Assets,USD,2022-11-03,10-Q,2021-12-31,14037000,NetCashProvidedByUsedInFinancingActivities,USD,2022-11-03,10-Q,2021-09-30,-137000,NetCashProvidedByUsedInInvestingActivities,USD,2022-11-03,10-Q,2021-09-30,197327000,NetCashProvidedByUsedInOperatingActivities,USD,2022-11-03,10-Q,2021-09-30,through_ocf,True,,,0.134602,0.665245,3.79919,0.047323,-0.000462
2023Q1,2023-01-11,ISRG,1035267,"INTUITIVE SURGICAL, INC.",$2B-$10B,,4159400000,RevenueFromContractWithCustomerExcludingAssessedTax,USD,2022-10-21,10-Q,2021-09-30,1324000000,NetIncomeLoss,USD,2022-10-21,10-Q,2021-09-30,13555000000,Assets,USD,2022-10-21,10-Q,2021-12-31,24400000,NetCashProvidedByUsedInFinancingActivities,USD,2022-10-21,10-Q,2021-09-30,-1820500000,NetCashProvidedByUsedInInvestingActivities,USD,2022-10-21,10-Q,2021-09-30,1521700000,NetCashProvidedByUsedInOperatingActivities,USD,2022-10-21,10-Q,2021-09-30,through_ocf,True,,,0.318315,0.365846,3.258883,0.005866,-0.437683
2023Q1,2023-02-07,IT,749251,"GARTNER, INC.",$2B-$10B,,3427639000,RevenueFromContractWithCustomerExcludingAssessedTax,USD,2022-11-01,10-Q,2021-09-30,164100000,NetIncomeLoss,USD,2022-11-01,10-Q,2021-03-31,7416324000,Assets,USD,2022-11-01,10-Q,2021-12-31,-944186000,NetCashProvidedByUsedInFinancingActivities,USD,2022-11-01,10-Q,2021-09-30,-61700000,NetCashProvidedByUsedInInvestingActivities,USD,2022-11-01,10-Q,2021-09-30,1077684000,NetCashProvidedByUsedInOperatingActivities,USD,2022-11-01,10-Q,2021-09-30,through_ocf,True,,,0.047876,0.31441,2.163683,-0.275462,-0.018001
2023Q1,2023-02-02,ITW,49826,ILLINOIS TOOL WORKS INC,>$10B,,14109000000,RevenueFromContractWithCustomerExcludingAssessedTax,USD,2022-02-11,10-K,2019-12-31,2085000000,ProfitLoss,USD,2022-10-27,10-Q,2021-09-30,16077000000,Assets,USD,2022-10-27,10-Q,2021-12-31,-2147000000,NetCashProvidedByUsedInFinancingActivities,USD,2022-10-27,10-Q,2021-09-30,-176000000,NetCashProvidedByUsedInInvestingActivities,USD,2022-10-27,10-Q,2021-09-30,1783000000,NetCashProvidedByUsedInOperatingActivities,USD,2022-10-27,10-Q,2021-09-30,through_ocf,True,,,0.147778,0.126373,1.139485,-0.152172,-0.012474
2023Q1,2023-01-24,IVZ,914208,Invesco Ltd.,$2B-$10B,,5131100000,RevenueFromContractWithCustomerExcludingAssessedTax,USD,2022-11-02,10-Q,2021-09-30,966200000,NetIncomeLoss,USD,2022-11-02,10-Q,2021-09-30,32685600000,Assets,USD,2022-11-02,10-Q,2021-12-31,14200000,NetCashProvidedByUsedInFinancingActivities,USD,2022-11-02,10-Q,2021-09-30,-588100000,NetCashProvidedByUsedInInvestingActivities,USD,2022-11-02,10-Q,2021-09-30,1081800000,NetCashProvidedByUsedInOperatingActivities,USD,2022-11-02,10-Q,2021-09-30,through_ocf,True,,,0.188303,0.210832,6.370096,0.002767,-0.114615
2023Q1,2023-02-07,J,52988,Jacobs Solutions Inc.,$2B-$10B,,2847934000,Revenues,USD,2018-11-21,10-K,2016-01-01,134034000,NetIncomeLoss,USD,2023-02-07,10-Q,2021-12-31,14660419000,Assets,USD,2023-02-07,10-Q,2022-09-30,144363000,NetCashProvidedByUsedInFinancingActivities,USD,2023-02-07,10-Q,2021-12-31,-249568000,NetCashProvidedByUsedInInvestingActivities,USD,2023-02-07,10-Q,2021-12-31,321645000,NetCashProvidedByUsedInOperatingActivities,USD,2023-02-07,10-Q,2021-12-31,through_ocf,True,,,0.047064,0.11294,5.147738,0.05069,-0.087631
2023Q1,2023-03-01,JACK,807882,JACK IN THE BOX INC.,$100M-$500M,,344711000,Revenues,USD,2023-03-01,10-Q,2022-01-23,39270000,NetIncomeLoss,USD,2023-03-01,10-Q,2022-01-23,2922506000,Assets,USD,2023-03-01,10-Q,2022-10-02,-12316000,NetCashProvidedByUsedInFinancingActivities,USD,2023-03-01,10-Q,2022-01-23,-6837000,NetCashProvidedByUsedInInvestingActivities,USD,2023-03-01,10-Q,2022-01-23,34051000,NetCashProvidedByUsedInOperatingActivities,USD,2023-03-01,10-Q,2022-01-23,through_ocf,True,,,0.113922,0.098781,8.478134,-0.035728,-0.019834
2023Q1,2023-01-09,JAZZ,1232524,Jazz Pharmaceuticals plc,$2B-$10B,,2197507000,RevenueFromContractWithCustomerExcludingAssessedTax,USD,2022-11-09,10-Q,2021-09-30,121832000,NetIncomeLoss,USD,2022-11-09,10-Q,2021-03-31,12298639000,Assets,USD,2022-11-09,10-Q,2021-12-31,4217131000,NetCashProvidedByUsedInFinancingActivities,USD,2022-11-09,10-Q,2021-09-30,-5202051000,NetCashProvidedByUsedInInvestingActivities,USD,2022-11-09,10-Q,2021-09-30,600752000,NetCashProvidedByUsedInOperatingActivities,USD,2022-11-09,10-Q,2021-09-30,through_ocf,True,,,0.055441,0.273379,5.596632,1.919052,-2.367251
2023Q1,2023-02-21,JBGS,1689796,JBG SMITH PROPERTIES,$500M-$1B,,602723000,Revenues,USD,2023-02-21,10-K,2020-12-31,-62303000,NetIncomeLoss,USD,2023-02-21,10-K,2020-12-31,6386206000,Assets,USD,2023-02-21,10-K,2021-12-31,119489000,NetCashProvidedByUsedInFinancingActivities,USD,2023-02-21,10-K,2020-12-31,-167690000,NetCashProvidedByUsedInInvestingActivities,USD,2023-02-21,10-K,2020-12-31,169021000,NetCashProvidedByUsedInOperatingActivities,USD,2023-02-21,10-K,2020-12-31,through_ocf,True,,,-0.103369,0.280429,10.59559,0.198249,-0.278221
2023Q1,2023-03-16,JBI,1839839,"Janus International Group, Inc.",$500M-$1B,,514796000,RevenueFromContractWithCustomerExcludingAssessedTax,USD,2022-11-10,10-Q,2021-09-25,14719000,NetIncomeLoss,USD,2022-11-10,10-Q,2021-03-27,1122002000,Assets,USD,2022-11-10,10-Q,2022-01-01,99707000,NetCashProvidedByUsedInFinancingActivities,USD,2022-11-10,10-Q,2021-09-25,-195565000,NetCashProvidedByUsedInInvestingActivities,USD,2022-11-10,10-Q,2021-09-25,59683000,NetCashProvidedByUsedInOperatingActivities,USD,2022-11-10,10-Q,2021-09-25,through_ocf,True,,,0.028592,0.115935,2.179508,0.193683,-0.379888
2023Q1,2023-01-26,JBLU,1158463,JETBLUE AIRWAYS CORP,$2B-$10B,,4203000000,RevenueFromContractWithCustomerExcludingAssessedTax,USD,2022-11-02,10-Q,2021-09-30,-53000000,NetIncomeLoss,USD,2022-11-02,10-Q,2021-09-30,13642000000,Assets,USD,2022-11-02,10-Q,2021-12-31,-737000000,NetCashProvidedByUsedInFinancingActivities,USD,2022-11-02,10-Q,2021-09-30,-735000000,NetCashProvidedByUsedInInvestingActivities,USD,2022-11-02,10-Q,2021-09-30,1755000000,NetCashProvidedByUsedInOperatingActivities,USD,2022-11-02,10-Q,2021-09-30,through_ocf,True,,,-0.01261,0.417559,3.245777,-0.175351,-0.174875
2023Q1,2023-02-01,JBSS,880117,SANFILIPPO JOHN B & SON INC,$100M-$500M,,479536000,Revenues,USD,2023-02-01,10-Q,2021-12-23,19249000,NetIncomeLoss,USD,2023-02-01,10-Q,2021-09-23,426722000,Assets,USD,2023-02-01,10-Q,2021-12-23,-9576000,NetCashProvidedByUsedInFinancingActivities,USD,2023-02-01,10-Q,2021-12-23,-5889000,NetCashProvidedByUsedInInvestingActivities,USD,2023-02-01,10-Q,2021-12-23,15820000,NetCashProvidedByUsedInOperatingActivities,USD,2023-02-01,10-Q,2021-12-23,through_ocf,True,,,0.040141,0.03299,0.889864,-0.019969,-0.012281
2023Q1,2023-02-21,JBTM,1433660,JBT Marel Corporation,$1B-$2B,,1370700000,RevenueFromContractWithCustomerExcludingAssessedTax,USD,2022-10-28,10-Q,2021-09-30,86800000,NetIncomeLoss,USD,2022-10-28,10-Q,2021-09-30,2141400000,Assets,USD,2022-10-28,10-Q,2021-12-31,66900000,NetCashProvidedByUsedInFinancingActivities,USD,2022-10-28,10-Q,2021-09-30,-217200000,NetCashProvidedByUsedInInvestingActivities,USD,2022-10-28,10-Q,2021-09-30,163300000,NetCashProvidedByUsedInOperatingActivities,USD,2022-10-28,10-Q,2021-09-30,through_ocf,True,,,0.063325,0.119136,1.562267,0.048807,-0.158459
2023Q1,2023-02-21,JELD,1674335,"JELD-WEN Holding, Inc.",$2B-$10B,,4235677000,RevenueFromContractWithCustomerExcludingAssessedTax,USD,2023-02-21,10-K,2020-12-31,91586000,NetIncomeLoss,USD,2023-02-21,10-K,2020-12-31,3964685000,Assets,USD,2023-02-21,10-K,2020-12-31,207909000,NetCashProvidedByUsedInFinancingActivities,USD,2023-02-21,10-K,2020-12-31,-82003000,NetCashProvidedByUsedInInvestingActivities,USD,2023-02-21,10-K,2020-12-31,355655000,NetCashProvidedByUsedInOperatingActivities,USD,2023-02-21,10-K,2020-12-31,through_ocf,True,,,0.021623,0.083967,0.936022,0.049085,-0.01936
2023Q1,2023-03-14,JILL,1687932,"J.JILL, INC.",$100M-$500M,,440053000,RevenueFromContractWithCustomerExcludingAssessedTax,USD,2022-12-06,10-Q,2021-10-30,-18308000,NetIncomeLoss,USD,2022-12-06,10-Q,2021-05-01,451849000,Assets,USD,2022-12-06,10-Q,2022-01-29,-37869000,NetCashProvidedByUsedInFinancingActivities,USD,2022-12-06,10-Q,2021-10-30,-2488000,NetCashProvidedByUsedInInvestingActivities,USD,2022-12-06,10-Q,2021-10-30,53423000,NetCashProvidedByUsedInOperatingActivities,USD,2022-12-06,10-Q,2021-10-30,through_ocf,True,,,-0.041604,0.121401,1.026806,-0.086056,-0.005654
2023Q1,2023-02-07,JKHY,779152,"JACK HENRY & ASSOCIATES, INC.",$100M-$500M,,488056000,RevenueFromContractWithCustomerExcludingAssessedTax,USD,2022-11-09,10-Q,2021-09-30,102114000,NetIncomeLoss,USD,2022-11-09,10-Q,2021-09-30,2455564000,Assets,USD,2022-11-09,10-Q,2022-06-30,-66839000,NetCashProvidedByUsedInFinancingActivities,USD,2022-11-09,10-Q,2021-09-30,-46451000,NetCashProvidedByUsedInInvestingActivities,USD,2022-11-09,10-Q,2021-09-30,106549000,NetCashProvidedByUsedInOperatingActivities,USD,2022-11-09,10-Q,2021-09-30,through_ocf,True,,,0.209226,0.218313,5.031316,-0.136949,-0.095176
2023Q1,2023-02-27,JRVR,1620459,"JAMES RIVER GROUP HOLDINGS, INC.",$500M-$1B,,565540000,Revenues,USD,2022-11-02,10-Q,2021-09-30,-106506000,NetIncomeLoss,USD,2022-11-02,10-Q,2021-09-30,4784099000,Assets,USD,2022-11-02,10-Q,2021-09-30,157926000,NetCashProvidedByUsedInFinancingActivities,USD,2022-11-02,10-Q,2021-09-30,111759000,NetCashProvidedByUsedInInvestingActivities,USD,2022-11-02,10-Q,2021-09-30,-1061314000,NetCashProvidedByUsedInOperatingActivities,USD,2022-11-02,10-Q,2021-09-30,through_ocf,True,,,-0.188326,-1.876638,8.459347,0.279248,0.197615
2023Q1,2023-02-15,KAI,886346,KADANT INC.,$500M-$1B,,568063000,RevenueFromContractWithCustomerExcludingAssessedTax,USD,2022-11-09,10-Q,2021-10-02,59886000,NetIncomeLoss,USD,2022-11-09,10-Q,2021-10-02,1132212000,Assets,USD,2022-11-09,10-Q,2022-01-01,66714000,NetCashProvidedByUsedInFinancingActivities,USD,2022-11-09,10-Q,2021-10-02,-148587000,NetCashProvidedByUsedInInvestingActivities,USD,2022-11-09,10-Q,2021-10-02,101410000,NetCashProvidedByUsedInOperatingActivities,USD,2022-11-09,10-Q,2021-10-02,through_ocf,True,,,0.105421,0.178519,1.99311,0.117441,-0.261568
2023Q1,2023-01-26,KALU,811596,KAISER ALUMINUM CORPORATION,$1B-$2B,,1815600000,RevenueFromContractWithCustomerExcludingAssessedTax,USD,2022-10-25,10-Q,2021-09-30,4500000,NetIncomeLoss,USD,2022-10-25,10-Q,2021-03-31,2422400000,Assets,USD,2022-10-25,10-Q,2021-12-31,121400000,NetCashProvidedByUsedInFinancingActivities,USD,2022-10-25,10-Q,2021-09-30,-639500000,NetCashProvidedByUsedInInvestingActivities,USD,2022-10-25,10-Q,2021-09-30,33300000,NetCashProvidedByUsedInOperatingActivities,USD,2022-10-25,10-Q,2021-09-30,through_ocf,True,,,0.002479,0.018341,1.334215,0.066865,-0.352225
2023Q1,2023-01-11,KBH,795266,KB HOME,$2B-$10B,,4049732000,RevenueFromContractWithCustomerExcludingAssessedTax,USD,2022-10-07,10-Q,2021-08-31,390512000,NetIncomeLoss,USD,2022-10-07,10-Q,2021-08-31,5835918000,Assets,USD,2022-10-07,10-Q,2021-11-30,-124407000,NetCashProvidedByUsedInFinancingActivities,USD,2022-10-07,10-Q,2021-08-31,-26552000,NetCashProvidedByUsedInInvestingActivities,USD,2022-10-07,10-Q,2021-08-31,-180225000,NetCashProvidedByUsedInOperatingActivities,USD,2022-10-07,10-Q,2021-08-31,through_ocf,True,,,0.096429,-0.044503,1.441063,-0.03072,-0.006556
2023Q1,2023-02-23,KDP,1418135,Keurig Dr Pepper Inc.,>$10B,,11618000000,RevenueFromContractWithCustomerExcludingAssessedTax,USD,2023-02-23,10-K,2020-12-31,1325000000,NetIncomeLoss,USD,2023-02-23,10-K,2020-12-31,50598000000,Assets,USD,2023-02-23,10-K,2021-12-31,-1990000000,NetCashProvidedByUsedInFinancingActivities,USD,2023-02-23,10-K,2020-12-31,-316000000,NetCashProvidedByUsedInInvestingActivities,USD,2023-02-23,10-K,2020-12-31,2456000000,NetCashProvidedByUsedInOperatingActivities,USD,2023-02-23,10-K,2020-12-31,through_ocf,True,,,0.114047,0.211396,4.355139,-0.171286,-0.027199
2023Q1,2023-02-06,KE,1606757,"KIMBALL ELECTRONICS, INC.",$100M-$500M,,292717000,RevenueFromContractWithCustomerExcludingAssessedTax,USD,2022-11-08,10-Q,2021-09-30,2564000,NetIncomeLoss,USD,2022-11-08,10-Q,2021-09-30,1035767000,Assets,USD,2022-11-08,10-Q,2022-06-30,4965000,NetCashProvidedByUsedInFinancingActivities,USD,2022-11-08,10-Q,2021-09-30,-12868000,NetCashProvidedByUsedInInvestingActivities,USD,2022-11-08,10-Q,2021-09-30,-8187000,NetCashProvidedByUsedInOperatingActivities,USD,2022-11-08,10-Q,2021-09-30,through_ocf,True,,,0.008759,-0.027969,3.538459,0.016962,-0.043961
2023Q1,2023-02-16,KELYA,55135,"KELLY SERVICES, INC.",$2B-$10B,,4516000000,RevenueFromContractWithCustomerExcludingAssessedTax,USD,2023-02-16,10-K,2021-01-03,-72000000,NetIncomeLoss,USD,2023-02-16,10-K,2021-01-03,2894200000,Assets,USD,2023-02-16,10-K,2022-01-02,-8100000,NetCashProvidedByUsedInFinancingActivities,USD,2023-02-16,10-K,2021-01-03,9800000,NetCashProvidedByUsedInInvestingActivities,USD,2023-02-16,10-K,2021-01-03,186000000,NetCashProvidedByUsedInOperatingActivities,USD,2023-02-16,10-K,2021-01-03,through_ocf,True,,,-0.015943,0.041187,0.640877,-0.001794,0.00217
2023Q1,2023-03-08,KEQU,55529,KEWAUNEE SCIENTIFIC CORP /DE/,<$100M,,78524000,RevenueFromContractWithCustomerExcludingAssessedTax,USD,2022-12-09,10-Q,2021-10-31,-1345000,NetIncomeLoss,USD,2022-12-09,10-Q,2021-07-31,118773000,Assets,USD,2022-12-09,10-Q,2022-04-30,6857000,NetCashProvidedByUsedInFinancingActivities,USD,2022-12-09,10-Q,2021-10-31,-930000,NetCashProvidedByUsedInInvestingActivities,USD,2022-12-09,10-Q,2021-10-31,-6071000,NetCashProvidedByUsedInOperatingActivities,USD,2022-12-09,10-Q,2021-10-31,through_ocf,True,,,-0.017129,-0.077314,1.512569,0.087324,-0.011844
2023Q1,2023-01-19,KEY,91576,KeyCorp,$2B-$10B,,5345000000,Revenues,USD,2022-11-01,10-Q,2021-09-30,1996000000,NetIncomeLoss,USD,2022-11-01,10-Q,2021-09-30,186346000000,Assets,USD,2022-11-01,10-Q,2021-12-31,14578000000,NetCashProvidedByUsedInFinancingActivities,USD,2022-11-01,10-Q,2021-09-30,-16069000000,NetCashProvidedByUsedInInvestingActivities,USD,2022-11-01,10-Q,2021-09-30,1163000000,NetCashProvidedByUsedInOperatingActivities,USD,2022-11-01,10-Q,2021-09-30,through_ocf,True,,,0.373433,0.217587,34.863611,2.727409,-3.006361
2023Q1,2023-02-21,KEYS,1601046,"KEYSIGHT TECHNOLOGIES, INC.",$2B-$10B,,4221000000,Revenues,USD,2022-12-15,10-K,2020-10-31,627000000,ProfitLoss,USD,2022-12-15,10-K,2020-10-31,7781000000,Assets,USD,2022-12-15,10-K,2021-10-31,-413000000,NetCashProvidedByUsedInFinancingActivities,USD,2022-12-15,10-K,2020-10-31,-442000000,NetCashProvidedByUsedInInvestingActivities,USD,2022-12-15,10-K,2020-10-31,1016000000,NetCashProvidedByUsedInOperatingActivities,USD,2022-12-15,10-K,2020-10-31,through_ocf,True,,,0.148543,0.240701,1.843402,-0.097844,-0.104715
2023Q1,2023-02-06,KFRC,930420,Kforce Inc.,$1B-$2B,,1169564000,RevenueFromContractWithCustomerExcludingAssessedTax,USD,2022-11-02,10-Q,2021-09-30,13261000,NetIncomeLoss,USD,2022-11-02,10-Q,2021-03-31,503401000,Assets,USD,2022-11-02,10-Q,2021-12-31,-59514000,NetCashProvidedByUsedInFinancingActivities,USD,2022-11-02,10-Q,2021-09-30,11716000,NetCashProvidedByUsedInInvestingActivities,USD,2022-11-02,10-Q,2021-09-30,59943000,NetCashProvidedByUsedInOperatingActivities,USD,2022-11-02,10-Q,2021-09-30,through_ocf,True,,,0.011338,0.051252,0.430418,-0.050886,0.010017
2023Q1,2023-03-08,KFY,56679,KORN FERRY,$1B-$2B,,1231496000,RevenueFromContractWithCustomerExcludingAssessedTax,USD,2022-12-09,10-Q,2021-10-31,150595000,NetIncomeLoss,USD,2022-12-09,10-Q,2021-10-31,3464546000,Assets,USD,2022-12-09,10-Q,2022-04-30,-38056000,NetCashProvidedByUsedInFinancingActivities,USD,2022-12-09,10-Q,2021-10-31,-31270000,NetCashProvidedByUsedInInvestingActivities,USD,2022-12-09,10-Q,2021-10-31,-42524000,NetCashProvidedByUsedInOperatingActivities,USD,2022-12-09,10-Q,2021-10-31,through_ocf,True,,,0.122286,-0.03453,2.813282,-0.030902,-0.025392
2023Q1,2023-02-09,KIM,879101,KIMCO     REALTY CORP,$500M-$1B,,939931000,Revenues,USD,2022-10-28,10-Q,2021-09-30,762378000,NetIncomeLoss,USD,2022-10-28,10-Q,2021-09-30,18459199000,Assets,USD,2022-10-28,10-Q,2021-12-31,130776000,NetCashProvidedByUsedInFinancingActivities,USD,2022-10-28,10-Q,2021-09-30,-357763000,NetCashProvidedByUsedInInvestingActivities,USD,2022-10-28,10-Q,2021-09-30,417270000,NetCashProvidedByUsedInOperatingActivities,USD,2022-10-28,10-Q,2021-09-30,through_ocf,True,,,0.8111,0.443937,19.638887,0.139134,-0.380627
2023Q1,2023-02-07,KKR,1404912,KKR & CO. INC.,>$10B,,12182552000,Revenues,USD,2022-11-08,10-Q,2021-09-30,4141668000,NetIncomeLoss,USD,2022-11-08,10-Q,2021-09-30,229234863000,Assets,USD,2022-08-05,10-Q,2021-06-30,16126114000,NetCashProvidedByUsedInFinancingActivities,USD,2022-11-08,10-Q,2021-09-30,-7017238000,NetCashProvidedByUsedInInvestingActivities,USD,2022-11-08,10-Q,2021-09-30,-3558499000,NetCashProvidedByUsedInOperatingActivities,USD,2022-11-08,10-Q,2021-09-30,through_ocf,True,,,0.339967,-0.292098,18.816654,1.323706,-0.576007
2023Q1,2023-01-26,KLAC,319201,KLA CORP,$2B-$10B,,2083838000,RevenueFromContractWithCustomerExcludingAssessedTax,USD,2022-10-28,10-Q,2021-09-30,1068417000,NetIncomeLoss,USD,2022-10-28,10-Q,2021-09-30,12597088000,Assets,USD,2022-10-28,10-Q,2022-06-30,-609030000,NetCashProvidedByUsedInFinancingActivities,USD,2022-10-28,10-Q,2021-09-30,-175306000,NetCashProvidedByUsedInInvestingActivities,USD,2022-10-28,10-Q,2021-09-30,863797000,NetCashProvidedByUsedInOperatingActivities,USD,2022-10-28,10-Q,2021-09-30,through_ocf,True,,,0.512716,0.414522,6.045138,-0.292264,-0.084127
2023Q1,2023-02-01,KLIC,56978,KULICKE & SOFFA INDUSTRIES INC,$500M-$1B,,623176000,Revenues,USD,2022-11-17,10-K,2020-10-03,52300000,NetIncomeLoss,USD,2022-11-17,10-K,2020-10-03,1601631000,Assets,USD,2022-11-17,10-K,2021-10-02,-145809000,NetCashProvidedByUsedInFinancingActivities,USD,2022-11-17,10-K,2020-10-03,-125957000,NetCashProvidedByUsedInInvestingActivities,USD,2022-11-17,10-K,2020-10-03,94412000,NetCashProvidedByUsedInOperatingActivities,USD,2022-11-17,10-K,2020-10-03,through_ocf,True,,,0.083925,0.151501,2.57011,-0.233977,-0.202121
2023Q1,2023-02-21,KLXE,1738827,"KLX Energy Services Holdings, Inc.",$100M-$500M,,341700000,RevenueFromContractWithCustomerExcludingAssessedTax,USD,2022-11-10,10-Q,2021-10-31,-36800000,NetIncomeLoss,USD,2022-11-10,10-Q,2021-04-30,387700000,Assets,USD,2022-11-10,10-Q,2021-12-31,30700000,NetCashProvidedByUsedInFinancingActivities,USD,2022-11-10,10-Q,2021-10-31,6200000,NetCashProvidedByUsedInInvestingActivities,USD,2022-11-10,10-Q,2021-10-31,-43200000,NetCashProvidedByUsedInOperatingActivities,USD,2022-11-10,10-Q,2021-10-31,through_ocf,True,,,-0.107697,-0.126427,1.134621,0.089845,0.018145
2023Q1,2023-01-18,KMI,1506307,"KINDER MORGAN, INC.",>$10B,,12185000000,Revenues,USD,2022-10-21,10-Q,2021-09-30,1147000000,NetIncomeLoss,USD,2022-10-21,10-Q,2021-09-30,70416000000,Assets,USD,2022-10-21,10-Q,2021-12-31,-3459000000,NetCashProvidedByUsedInFinancingActivities,USD,2022-10-21,10-Q,2021-09-30,-1911000000,NetCashProvidedByUsedInInvestingActivities,USD,2022-10-21,10-Q,2021-09-30,4440000000,NetCashProvidedByUsedInOperatingActivities,USD,2022-10-21,10-Q,2021-09-30,through_ocf,True,,,0.094132,0.364382,5.778908,-0.283874,-0.156832
2023Q1,2023-02-06,KMT,55242,KENNAMETAL INC.,$100M-$500M,,483509000,Revenues,USD,2022-11-03,10-Q,2021-09-30,36198000,NetIncomeLoss,USD,2022-11-03,10-Q,2021-09-30,2573524000,Assets,USD,2022-11-03,10-Q,2022-06-30,-43939000,NetCashProvidedByUsedInFinancingActivities,USD,2022-11-03,10-Q,2021-09-30,-17414000,NetCashProvidedByUsedInInvestingActivities,USD,2022-11-03,10-Q,2021-09-30,15803000,NetCashProvidedByUsedInOperatingActivities,USD,2022-11-03,10-Q,2021-09-30,through_ocf,True,,,0.074865,0.032684,5.322598,-0.090875,-0.036016
2023Q1,2023-02-09,KN,1587523,Knowles Corporation,$500M-$1B,,764300000,Revenues,USD,2023-02-09,10-K,2020-12-31,6600000,NetIncomeLoss,USD,2023-02-09,10-K,2020-12-31,1731600000,Assets,USD,2023-02-09,10-K,2021-12-31,-23900000,NetCashProvidedByUsedInFinancingActivities,USD,2023-02-09,10-K,2020-12-31,-35100000,NetCashProvidedByUsedInInvestingActivities,USD,2023-02-09,10-K,2020-12-31,116600000,NetCashProvidedByUsedInOperatingActivities,USD,2022-10-27,10-Q,2021-09-30,through_ocf,True,,,0.008635,0.152558,2.265603,-0.03127,-0.045924
2023Q1,2023-02-28,KNTK,1692787,KINETIK HOLDINGS INC.,$100M-$500M,,450455000,RevenueFromContractWithCustomerExcludingAssessedTax,USD,2022-11-09,10-Q,2021-09-30,7410000,ProfitLoss,USD,2022-11-09,10-Q,2021-09-30,3553206000,Assets,USD,2022-11-09,10-Q,2021-12-31,-62439000,NetCashProvidedByUsedInFinancingActivities,USD,2022-11-09,10-Q,2021-09-30,-81323000,NetCashProvidedByUsedInInvestingActivities,USD,2022-11-09,10-Q,2021-09-30,159350000,NetCashProvidedByUsedInOperatingActivities,USD,2022-11-09,10-Q,2021-09-30,through_ocf,True,,,0.01645,0.353753,7.888038,-0.138613,-0.180535
2023Q1,2023-02-27,KOP,1315257,KOPPERS HOLDINGS INC.,$1B-$2B,,1669100000,RevenueFromContractWithCustomerExcludingAssessedTax,USD,2023-02-27,10-K,2020-12-31,122000000,NetIncomeLoss,USD,2023-02-27,10-K,2020-12-31,1661900000,Assets,USD,2023-02-27,10-K,2021-12-31,-128700000,NetCashProvidedByUsedInFinancingActivities,USD,2023-02-27,10-K,2020-12-31,5600000,NetCashProvidedByUsedInInvestingActivities,USD,2023-02-27,10-K,2020-12-31,127100000,NetCashProvidedByUsedInOperatingActivities,USD,2023-02-27,10-K,2020-12-31,through_ocf,True,,,0.073093,0.076149,0.995686,-0.077107,0.003355
2023Q1,2023-02-27,KOS,1509991,Kosmos Energy Ltd.,$500M-$1B,,759455000,Revenues,USD,2022-11-07,10-Q,2021-09-30,-90768000,NetIncomeLoss,USD,2022-11-07,10-Q,2021-03-31,4153724000,Assets,USD,2022-11-07,10-Q,2021-09-30,275472000,NetCashProvidedByUsedInFinancingActivities,USD,2022-11-07,10-Q,2021-09-30,-414235000,NetCashProvidedByUsedInInvestingActivities,USD,2022-11-07,10-Q,2021-09-30,143841000,NetCashProvidedByUsedInOperatingActivities,USD,2022-11-07,10-Q,2021-09-30,through_ocf,True,,,-0.119517,0.1894,5.469348,0.362723,-0.545437
2023Q1,2023-02-13,KRG,1286043,KITE REALTY GROUP TRUST,$100M-$500M,,210374000,Revenues,USD,2022-11-04,10-Q,2021-09-30,24577000,NetIncomeLoss,USD,2022-11-04,10-Q,2021-03-31,7639575000,Assets,USD,2022-11-04,10-Q,2021-12-31,62445000,NetCashProvidedByUsedInFinancingActivities,USD,2022-11-04,10-Q,2021-09-30,-109063000,NetCashProvidedByUsedInInvestingActivities,USD,2022-11-04,10-Q,2021-09-30,103831000,NetCashProvidedByUsedInOperatingActivities,USD,2022-11-04,10-Q,2021-09-30,through_ocf,True,,,0.116825,0.493554,36.314255,0.296829,-0.518424
2023Q1,2023-03-08,KRO,1257640,"KRONOS WORLDWIDE, INC.",$1B-$2B,,1638800000,RevenueFromContractWithCustomerExcludingAssessedTax,USD,2023-03-08,10-K,2020-12-31,63900000,NetIncomeLoss,USD,2023-03-08,10-K,2020-12-31,2012800000,Assets,USD,2023-03-08,10-K,2021-12-31,-85300000,NetCashProvidedByUsedInFinancingActivities,USD,2023-03-08,10-K,2020-12-31,-61300000,NetCashProvidedByUsedInInvestingActivities,USD,2023-03-08,10-K,2020-12-31,102500000,NetCashProvidedByUsedInOperatingActivities,USD,2023-03-08,10-K,2020-12-31,through_ocf,True,,,0.038992,0.062546,1.228216,-0.05205,-0.037405
2023Q1,2023-03-01,KSS,885639,KOHLS Corp,>$10B,,12934000000,RevenueFromContractWithCustomerExcludingAssessedTax,USD,2022-12-01,10-Q,2021-10-30,639000000,NetIncomeLoss,USD,2022-12-01,10-Q,2021-10-30,15951000000,Assets,USD,2022-12-01,10-Q,2021-10-30,-1781000000,NetCashProvidedByUsedInFinancingActivities,USD,2022-12-01,10-Q,2021-10-30,-391000000,NetCashProvidedByUsedInInvestingActivities,USD,2022-12-01,10-Q,2021-10-30,1774000000,NetCashProvidedByUsedInOperatingActivities,USD,2022-12-01,10-Q,2021-10-30,through_ocf,True,,,0.049405,0.137158,1.233261,-0.137699,-0.03023
2023Q1,2023-02-28,KTB,1760965,"KONTOOR BRANDS, INC.",$1B-$2B,,1794825000,RevenueFromContractWithCustomerExcludingAssessedTax,USD,2022-11-04,10-Q,2021-10-02,64463000,NetIncomeLoss,USD,2022-11-04,10-Q,2021-04-03,1613182000,Assets,USD,2022-11-04,10-Q,2021-10-02,-206845000,NetCashProvidedByUsedInFinancingActivities,USD,2022-11-04,10-Q,2021-10-02,-31956000,NetCashProvidedByUsedInInvestingActivities,USD,2022-11-04,10-Q,2021-10-02,209352000,NetCashProvidedByUsedInOperatingActivities,USD,2022-11-04,10-Q,2021-10-02,through_ocf,True,,,0.035916,0.116642,0.898796,-0.115245,-0.017805
2023Q1,2023-02-23,KTOS,1069258,"KRATOS DEFENSE & SECURITY SOLUTIONS, INC.",$500M-$1B,,747700000,RevenueFromContractWithCustomerExcludingAssessedTax,USD,2023-02-23,10-K,2020-12-27,79600000,NetIncomeLoss,USD,2023-02-23,10-K,2020-12-27,1562800000,Assets,USD,2023-02-23,10-K,2020-12-27,247700000,NetCashProvidedByUsedInFinancingActivities,USD,2023-02-23,10-K,2020-12-27,-87300000,NetCashProvidedByUsedInInvestingActivities,USD,2023-02-23,10-K,2020-12-27,,,,,,,through_ocf,False,,operating_cash_flow,0.10646,,2.090143,0.331283,-0.116758
2023Q1,2023-02-21,KW,1408100,"KENNEDY-WILSON HOLDINGS, INC.",$100M-$500M,,322200000,RevenueFromContractWithCustomerExcludingAssessedTax,USD,2022-11-03,10-Q,2021-09-30,292100000,ProfitLoss,USD,2022-11-03,10-Q,2021-09-30,7876500000,Assets,USD,2022-11-03,10-Q,2021-12-31,644800000,NetCashProvidedByUsedInFinancingActivities,USD,2022-11-03,10-Q,2021-09-30,-680300000,NetCashProvidedByUsedInInvestingActivities,USD,2022-11-03,10-Q,2021-09-30,-84700000,NetCashProvidedByUsedInOperatingActivities,USD,2022-11-03,10-Q,2021-09-30,through_ocf,True,,,0.90658,-0.26288,24.445996,2.001241,-2.111421
2023Q1,2023-02-23,KWR,81362,QUAKER CHEMICAL CORPORATION,$1B-$2B,,1417677000,RevenueFromContractWithCustomerExcludingAssessedTax,USD,2023-02-23,10-K,2020-12-31,39658000,NetIncomeLoss,USD,2023-02-23,10-K,2020-12-31,2891834000,Assets,USD,2023-02-23,10-K,2020-12-31,-75255000,NetCashProvidedByUsedInFinancingActivities,USD,2023-02-23,10-K,2020-12-31,-71385000,NetCashProvidedByUsedInInvestingActivities,USD,2023-02-23,10-K,2020-12-31,178389000,NetCashProvidedByUsedInOperatingActivities,USD,2023-02-23,10-K,2020-12-31,through_ocf,True,,,0.027974,0.125832,2.03984,-0.053083,-0.050354
2023Q1,2023-02-06,L,60086,LOEWS CORPORATION,>$10B,,10996000000,Revenues,USD,2022-10-31,10-Q,2021-09-30,1235000000,NetIncomeLoss,USD,2022-10-31,10-Q,2021-09-30,81626000000,Assets,USD,2022-10-31,10-Q,2021-12-31,-913000000,NetCashProvidedByUsedInFinancingActivities,USD,2022-10-31,10-Q,2021-09-30,-424000000,NetCashProvidedByUsedInInvestingActivities,USD,2022-10-31,10-Q,2021-09-30,1676000000,NetCashProvidedByUsedInOperatingActivities,USD,2022-10-31,10-Q,2021-09-30,through_ocf,True,,,0.112314,0.152419,7.423245,-0.08303,-0.038559
2023Q1,2023-02-23,LAUR,912766,"Laureate Education, Inc.",$1B-$2B,,1024917000,Revenues,USD,2023-02-23,10-K,2020-12-31,-613331000,NetIncomeLoss,USD,2023-02-23,10-K,2020-12-31,2211310000,Assets,USD,2023-02-23,10-K,2021-12-31,-272716000,NetCashProvidedByUsedInFinancingActivities,USD,2023-02-23,10-K,2020-12-31,587400000,NetCashProvidedByUsedInInvestingActivities,USD,2023-02-23,10-K,2020-12-31,259556000,NetCashProvidedByUsedInOperatingActivities,USD,2023-02-23,10-K,2020-12-31,through_ocf,True,,,-0.59842,0.253246,2.15755,-0.266086,0.57312
2023Q1,2023-02-21,LBRDA,1611983,LIBERTY BROADBAND CORPORATION,<$100M,,51000000,RevenueFromContractWithCustomerExcludingAssessedTax,USD,2023-02-17,10-K,2020-12-31,398000000,NetIncomeLoss,USD,2023-02-17,10-K,2020-12-31,16968000000,Assets,USD,2023-02-17,10-K,2021-12-31,904000000,NetCashProvidedByUsedInFinancingActivities,USD,2023-02-17,10-K,2020-12-31,575000000,NetCashProvidedByUsedInInvestingActivities,USD,2023-02-17,10-K,2020-12-31,-96000000,NetCashProvidedByUsedInOperatingActivities,USD,2023-02-17,10-K,2020-12-31,through_ocf,True,,,7.803922,-1.882353,332.705882,17.72549,11.27451
2023Q1,2023-02-21,LBRDK,1611983,LIBERTY BROADBAND CORPORATION,<$100M,,51000000,RevenueFromContractWithCustomerExcludingAssessedTax,USD,2023-02-17,10-K,2020-12-31,398000000,NetIncomeLoss,USD,2023-02-17,10-K,2020-12-31,16968000000,Assets,USD,2023-02-17,10-K,2021-12-31,904000000,NetCashProvidedByUsedInFinancingActivities,USD,2023-02-17,10-K,2020-12-31,575000000,NetCashProvidedByUsedInInvestingActivities,USD,2023-02-17,10-K,2020-12-31,-96000000,NetCashProvidedByUsedInOperatingActivities,USD,2023-02-17,10-K,2020-12-31,through_ocf,True,,,7.803922,-1.882353,332.705882,17.72549,11.27451
2023Q1,2023-02-16,LBTYA,1570585,Liberty Global Ltd.,$2B-$10B,,8390500000,RevenueFromContractWithCustomerExcludingAssessedTax,USD,2022-11-01,10-Q,2021-09-30,12790700000,NetIncomeLoss,USD,2022-11-01,10-Q,2021-09-30,46917000000,Assets,USD,2022-11-01,10-Q,2021-12-31,-761600000,NetCashProvidedByUsedInFinancingActivities,USD,2022-11-01,10-Q,2021-09-30,-5742300000,NetCashProvidedByUsedInInvestingActivities,USD,2022-11-01,10-Q,2021-09-30,2557700000,NetCashProvidedByUsedInOperatingActivities,USD,2022-11-01,10-Q,2021-09-30,through_ocf,True,,,1.524426,0.304833,5.591681,-0.090769,-0.684381
2023Q1,2023-02-16,LBTYK,1570585,Liberty Global Ltd.,$2B-$10B,,8390500000,RevenueFromContractWithCustomerExcludingAssessedTax,USD,2022-11-01,10-Q,2021-09-30,12790700000,NetIncomeLoss,USD,2022-11-01,10-Q,2021-09-30,46917000000,Assets,USD,2022-11-01,10-Q,2021-12-31,-761600000,NetCashProvidedByUsedInFinancingActivities,USD,2022-11-01,10-Q,2021-09-30,-5742300000,NetCashProvidedByUsedInInvestingActivities,USD,2022-11-01,10-Q,2021-09-30,2557700000,NetCashProvidedByUsedInOperatingActivities,USD,2022-11-01,10-Q,2021-09-30,through_ocf,True,,,1.524426,0.304833,5.591681,-0.090769,-0.684381
2023Q1,2023-01-12,LC,1409970,LendingClub Corporation,$500M-$1B,,694812000,Revenues,USD,2021-03-11,10-K,2018-12-31,-30745000,NetIncomeLoss,USD,2022-02-11,10-K,2019-12-31,4900319000,Assets,USD,2022-11-01,10-Q,2021-12-31,268370000,NetCashProvidedByUsedInFinancingActivities,USD,2022-11-01,10-Q,2021-09-30,-75414000,NetCashProvidedByUsedInInvestingActivities,USD,2022-11-01,10-Q,2021-09-30,118287000,NetCashProvidedByUsedInOperatingActivities,USD,2022-11-01,10-Q,2021-09-30,through_ocf,True,,,-0.044249,0.170243,7.052726,0.386248,-0.108539
2023Q1,2023-01-12,LCID,1811210,"Lucid Group, Inc.",<$100M,,719000,Revenues,USD,2022-11-08,10-Q,2021-09-30,-1534081000,NetIncomeLoss,USD,2022-11-08,10-Q,2021-09-30,7881713000,Assets,USD,2022-11-08,10-Q,2021-12-31,5236843000,NetCashProvidedByUsedInFinancingActivities,USD,2022-11-08,10-Q,2021-09-30,-299294000,NetCashProvidedByUsedInInvestingActivities,USD,2022-11-08,10-Q,2021-09-30,-745401000,NetCashProvidedByUsedInOperatingActivities,USD,2022-11-08,10-Q,2021-09-30,through_ocf,True,,,-2133.631433,-1036.719054,10962.048679,7283.50904,-416.264256
2023Q1,2023-01-25,LCII,763744,LCI INDUSTRIES,$2B-$10B,,3259287000,Revenues,USD,2022-11-01,10-Q,2021-09-30,74120000,NetIncomeLoss,USD,2022-11-01,10-Q,2021-03-31,3288094000,Assets,USD,2022-11-01,10-Q,2021-12-31,224186000,NetCashProvidedByUsedInFinancingActivities,USD,2022-11-01,10-Q,2021-09-30,-216872000,NetCashProvidedByUsedInInvestingActivities,USD,2022-11-01,10-Q,2021-09-30,12293000,NetCashProvidedByUsedInOperatingActivities,USD,2022-11-01,10-Q,2021-09-30,through_ocf,True,,,0.022741,0.003772,1.008838,0.068784,-0.06654
2023Q1,2023-03-09,LCUT,874396,"LIFETIME BRANDS, INC.",$500M-$1B,,769169000,RevenueFromContractWithCustomerExcludingAssessedTax,USD,2023-03-09,10-K,2020-12-31,-3007000,NetIncomeLoss,USD,2023-03-09,10-K,2020-12-31,829074000,Assets,USD,2023-03-09,10-K,2021-12-31,-18236000,NetCashProvidedByUsedInFinancingActivities,USD,2023-03-09,10-K,2020-12-31,-2082000,NetCashProvidedByUsedInInvestingActivities,USD,2023-03-09,10-K,2020-12-31,44813000,NetCashProvidedByUsedInOperatingActivities,USD,2023-03-09,10-K,2020-12-31,through_ocf,True,,,-0.003909,0.058262,1.077883,-0.023709,-0.002707
2023Q1,2023-02-14,LDOS,1336920,"LEIDOS HOLDINGS, INC.",>$10B,,12297000000,Revenues,USD,2023-02-14,10-K,2021-01-01,628000000,NetIncomeLoss,USD,2023-02-14,10-K,2021-01-01,13261000000,Assets,USD,2023-02-14,10-K,2021-12-31,1451000000,NetCashProvidedByUsedInFinancingActivities,USD,2023-02-14,10-K,2021-01-01,-2815000000,NetCashProvidedByUsedInInvestingActivities,USD,2023-02-14,10-K,2021-01-01,1334000000,NetCashProvidedByUsedInOperatingActivities,USD,2023-02-14,10-K,2021-01-01,through_ocf,True,,,0.051069,0.108482,1.078393,0.117996,-0.228918
2023Q1,2023-03-16,LE,799288,"LANDS’ END, INC.",$1B-$2B,,1081249000,RevenueFromContractWithCustomerExcludingAssessedTax,USD,2022-12-01,10-Q,2021-10-29,2639000,NetIncomeLoss,USD,2022-12-01,10-Q,2021-04-30,1139764000,Assets,USD,2022-12-01,10-Q,2021-10-29,28428000,NetCashProvidedByUsedInFinancingActivities,USD,2022-12-01,10-Q,2021-10-29,-18739000,NetCashProvidedByUsedInInvestingActivities,USD,2022-12-01,10-Q,2021-10-29,-6354000,NetCashProvidedByUsedInOperatingActivities,USD,2022-12-01,10-Q,2021-10-29,through_ocf,True,,,0.002441,-0.005877,1.054118,0.026292,-0.017331
2023Q1,2023-02-21,LECO,59527,LINCOLN ELECTRIC HOLDINGS INC,$2B-$10B,,2655400000,Revenues,USD,2023-02-21,10-K,2020-12-31,206115000,NetIncomeLoss,USD,2023-02-21,10-K,2020-12-31,2314453000,Assets,USD,2023-02-21,10-K,2020-12-31,-246141000,NetCashProvidedByUsedInFinancingActivities,USD,2023-02-21,10-K,2020-12-31,-49213000,NetCashProvidedByUsedInInvestingActivities,USD,2023-02-21,10-K,2020-12-31,351362000,NetCashProvidedByUsedInOperatingActivities,USD,2023-02-21,10-K,2020-12-31,through_ocf,True,,,0.077621,0.13232,0.871602,-0.092695,-0.018533
2023Q1,2023-02-06,LEG,58492,"Leggett & Platt, Incorporated",$2B-$10B,,3784800000,Revenues,USD,2022-11-03,10-Q,2021-09-30,296900000,NetIncomeLoss,USD,2022-11-03,10-Q,2021-09-30,5307300000,Assets,USD,2022-11-03,10-Q,2021-12-31,-5200000,NetCashProvidedByUsedInFinancingActivities,USD,2022-11-03,10-Q,2021-09-30,-188900000,NetCashProvidedByUsedInInvestingActivities,USD,2022-11-03,10-Q,2021-09-30,80400000,NetCashProvidedByUsedInOperatingActivities,USD,2022-11-03,10-Q,2021-09-30,through_ocf,True,,,0.078445,0.021243,1.402267,-0.001374,-0.04991
2023Q1,2023-02-02,LESL,1821806,"LESLIE’S, INC.",$1B-$2B,,1112229000,RevenueFromContractWithCustomerExcludingAssessedTax,USD,2022-11-30,10-K,2020-10-03,58561000,NetIncomeLoss,USD,2022-11-30,10-K,2020-10-03,1042232000,Assets,USD,2022-11-30,10-K,2021-10-02,-10425000,NetCashProvidedByUsedInFinancingActivities,USD,2022-11-30,10-K,2020-10-03,-26811000,NetCashProvidedByUsedInInvestingActivities,USD,2022-11-30,10-K,2020-10-03,102138000,NetCashProvidedByUsedInOperatingActivities,USD,2022-11-30,10-K,2020-10-03,through_ocf,True,,,0.052652,0.091832,0.937066,-0.009373,-0.024106
2023Q1,2023-03-16,LFCR,1005286,"LIFECORE BIOMEDICAL, INC.",$100M-$500M,,115781000,Revenues,USD,2019-08-01,10-K,2017-08-27,-9477000,NetIncomeLoss,USD,2023-03-16,10-Q,2021-08-29,277806000,Assets,USD,2023-03-16,10-Q,2022-05-29,-29070000,NetCashProvidedByUsedInFinancingActivities,USD,2023-03-16,10-Q,2021-11-28,33172000,NetCashProvidedByUsedInInvestingActivities,USD,2023-03-16,10-Q,2021-11-28,-4306000,NetCashProvidedByUsedInOperatingActivities,USD,2023-03-16,10-Q,2021-11-28,through_ocf,True,,,-0.081853,-0.037191,2.399409,-0.251077,0.286506
2023Q1,2023-03-08,LFST,1845257,"LifeStance Health Group, Inc.",$100M-$500M,,477516000,Revenues,USD,2022-11-09,10-Q,2021-09-30,-199167000,NetIncomeLoss,USD,2022-11-09,10-Q,2021-09-30,1927109000,Assets,USD,2022-11-09,10-Q,2021-12-31,329023000,NetCashProvidedByUsedInFinancingActivities,USD,2022-11-09,10-Q,2021-09-30,-114514000,NetCashProvidedByUsedInInvestingActivities,USD,2022-11-09,10-Q,2021-09-30,-21215000,NetCashProvidedByUsedInOperatingActivities,USD,2022-11-09,10-Q,2021-09-30,through_ocf,True,,,-0.41709,-0.044428,4.035695,0.68903,-0.239812
2023Q1,2023-02-01,LFUS,889331,LITTELFUSE INC /DE,$500M-$1B,,867864000,SalesRevenueNet,USD,2018-02-23,10-K,2016-01-02,57713000,ProfitLoss,USD,2022-11-02,10-Q,2021-03-27,3151704000,Assets,USD,2022-11-02,10-Q,2022-01-01,-60877000,NetCashProvidedByUsedInFinancingActivities,USD,2022-11-02,10-Q,2021-09-25,-165611000,NetCashProvidedByUsedInInvestingActivities,USD,2022-11-02,10-Q,2021-09-25,240664000,NetCashProvidedByUsedInOperatingActivities,USD,2022-11-02,10-Q,2021-09-25,through_ocf,True,,,0.0665,0.277306,3.631564,-0.070146,-0.190826
2023Q1,2023-02-21,LGIH,1580670,"LGI HOMES, INC.",$2B-$10B,,2367929000,Revenues,USD,2023-02-21,10-K,2020-12-31,323895000,NetIncomeLoss,USD,2023-02-21,10-K,2020-12-31,2351865000,Assets,USD,2023-02-21,10-K,2021-12-31,-198913000,NetCashProvidedByUsedInFinancingActivities,USD,2023-02-21,10-K,2020-12-31,-5648000,NetCashProvidedByUsedInInvestingActivities,USD,2023-02-21,10-K,2020-12-31,202158000,NetCashProvidedByUsedInOperatingActivities,USD,2023-02-21,10-K,2020-12-31,through_ocf,True,,,0.136784,0.085373,0.993216,-0.084003,-0.002385
2023Q1,2023-02-16,LH,920148,Labcorp Holdings Inc.,>$10B,,12064800000,Revenues,USD,2022-11-01,10-Q,2021-09-30,769600000,NetIncomeLoss,USD,2022-11-01,10-Q,2021-03-31,20385400000,Assets,USD,2022-11-01,10-Q,2021-12-31,-1057200000,NetCashProvidedByUsedInFinancingActivities,USD,2022-11-01,10-Q,2021-09-30,-630100000,NetCashProvidedByUsedInInvestingActivities,USD,2022-11-01,10-Q,2021-09-30,2412100000,NetCashProvidedByUsedInOperatingActivities,USD,2022-11-01,10-Q,2021-09-30,through_ocf,True,,,0.063789,0.199929,1.689659,-0.087627,-0.052226
2023Q1,2023-01-31,LII,1069202,LENNOX INTERNATIONAL INC.,$2B-$10B,,3229300000,Revenues,USD,2022-10-27,10-Q,2021-09-30,380400000,NetIncomeLoss,USD,2022-10-27,10-Q,2021-09-30,2171900000,Assets,USD,2022-10-27,10-Q,2021-12-31,-410500000,NetCashProvidedByUsedInFinancingActivities,USD,2022-10-27,10-Q,2021-09-30,-67600000,NetCashProvidedByUsedInInvestingActivities,USD,2022-10-27,10-Q,2021-09-30,396300000,NetCashProvidedByUsedInOperatingActivities,USD,2022-10-27,10-Q,2021-09-30,through_ocf,True,,,0.117796,0.12272,0.672561,-0.127117,-0.020933
2023Q1,2023-02-22,LILA,1712184,LIBERTY LATIN AMERICA LTD.,$500M-$1B,,910900000,SalesRevenueServicesNet,USD,2018-05-08,10-Q,2017-03-31,-687300000,NetIncomeLoss,USD,2023-02-22,10-K,2020-12-31,15365700000,Assets,USD,2023-02-22,10-K,2021-12-31,271100000,NetCashProvidedByUsedInFinancingActivities,USD,2023-02-22,10-K,2020-12-31,-2450800000,NetCashProvidedByUsedInInvestingActivities,USD,2023-02-22,10-K,2020-12-31,640100000,NetCashProvidedByUsedInOperatingActivities,USD,2023-02-22,10-K,2020-12-31,through_ocf,True,,,-0.754528,0.702712,16.868701,0.297618,-2.690526
2023Q1,2023-02-22,LILAK,1712184,LIBERTY LATIN AMERICA LTD.,$500M-$1B,,910900000,SalesRevenueServicesNet,USD,2018-05-08,10-Q,2017-03-31,-687300000,NetIncomeLoss,USD,2023-02-22,10-K,2020-12-31,15365700000,Assets,USD,2023-02-22,10-K,2021-12-31,271100000,NetCashProvidedByUsedInFinancingActivities,USD,2023-02-22,10-K,2020-12-31,-2450800000,NetCashProvidedByUsedInInvestingActivities,USD,2023-02-22,10-K,2020-12-31,640100000,NetCashProvidedByUsedInOperatingActivities,USD,2023-02-22,10-K,2020-12-31,through_ocf,True,,,-0.754528,0.702712,16.868701,0.297618,-2.690526
2023Q1,2023-02-07,LIN,1707925,LINDE PLC,>$10B,,22495000000,RevenueFromContractWithCustomerExcludingAssessedTax,USD,2022-10-27,10-Q,2021-09-30,2800000000,NetIncomeLoss,USD,2022-10-27,10-Q,2021-09-30,81605000000,Assets,USD,2022-10-27,10-Q,2021-12-31,-3371000000,NetCashProvidedByUsedInFinancingActivities,USD,2022-10-27,10-Q,2021-09-30,-2131000000,NetCashProvidedByUsedInInvestingActivities,USD,2022-10-27,10-Q,2021-09-30,6492000000,NetCashProvidedByUsedInOperatingActivities,USD,2022-10-27,10-Q,2021-09-30,through_ocf,True,,,0.124472,0.288597,3.627695,-0.149856,-0.094732
2023Q1,2023-02-09,LITE,1633978,Lumentum Holdings Inc.,$500M-$1B,,895100000,RevenueFromContractWithCustomerExcludingAssessedTax,USD,2023-02-09,10-Q,2022-01-01,81500000,NetIncomeLoss,USD,2023-02-09,10-Q,2021-10-02,4162200000,Assets,USD,2023-02-09,10-Q,2022-07-02,-144900000,NetCashProvidedByUsedInFinancingActivities,USD,2023-02-09,10-Q,2022-01-01,-345800000,NetCashProvidedByUsedInInvestingActivities,USD,2023-02-09,10-Q,2022-01-01,268400000,NetCashProvidedByUsedInOperatingActivities,USD,2023-02-09,10-Q,2022-01-01,through_ocf,True,,,0.091051,0.299855,4.649983,-0.161881,-0.386326
2023Q1,2023-02-22,LIVN,1639691,LivaNova PLC,$500M-$1B,,765301000,RevenueFromContractWithCustomerExcludingAssessedTax,USD,2022-11-02,10-Q,2021-09-30,-130691000,NetIncomeLoss,USD,2022-11-02,10-Q,2021-09-30,2200951000,Assets,USD,2022-11-02,10-Q,2021-12-31,-178183000,NetCashProvidedByUsedInFinancingActivities,USD,2022-11-02,10-Q,2021-09-30,40535000,NetCashProvidedByUsedInInvestingActivities,USD,2022-11-02,10-Q,2021-09-30,69064000,NetCashProvidedByUsedInOperatingActivities,USD,2022-11-02,10-Q,2021-09-30,through_ocf,True,,,-0.170771,0.090244,2.875929,-0.232827,0.052966
2023Q1,2023-02-23,LKQ,1065696,LKQ CORPORATION,>$10B,,11629000000,Revenues,USD,2023-02-23,10-K,2020-12-31,638000000,NetIncomeLoss,USD,2023-02-23,10-K,2020-12-31,12606000000,Assets,USD,2023-02-23,10-K,2021-12-31,-1513000000,NetCashProvidedByUsedInFinancingActivities,USD,2023-02-23,10-K,2020-12-31,-166000000,NetCashProvidedByUsedInInvestingActivities,USD,2023-02-23,10-K,2020-12-31,1444000000,NetCashProvidedByUsedInOperatingActivities,USD,2023-02-23,10-K,2020-12-31,through_ocf,True,,,0.054863,0.124172,1.084014,-0.130106,-0.014275
2023Q1,2023-02-02,LLY,59478,ELI LILLY AND COMPANY,>$10B,,20318500000,Revenues,USD,2022-11-01,10-Q,2021-09-30,3855600000,NetIncomeLoss,USD,2022-11-01,10-Q,2021-09-30,48806000000,Assets,USD,2022-11-01,10-Q,2021-12-31,-2604800000,NetCashProvidedByUsedInFinancingActivities,USD,2022-11-01,10-Q,2021-09-30,-2383300000,NetCashProvidedByUsedInInvestingActivities,USD,2022-11-01,10-Q,2021-09-30,5104200000,NetCashProvidedByUsedInOperatingActivities,USD,2022-11-01,10-Q,2021-09-30,through_ocf,True,,,0.189758,0.251209,2.402047,-0.128198,-0.117297
2023Q1,2023-03-08,LMB,1606163,"LIMBACH HOLDINGS, INC.",$100M-$500M,,490351000,Revenues,USD,2023-03-08,10-K,2021-12-31,6714000,NetIncomeLoss,USD,2023-03-08,10-K,2021-12-31,267512000,Assets,USD,2023-03-08,10-K,2021-12-31,15865000,NetCashProvidedByUsedInFinancingActivities,USD,2023-03-08,10-K,2021-12-31,-19303000,NetCashProvidedByUsedInInvestingActivities,USD,2023-03-08,10-K,2021-12-31,-24233000,NetCashProvidedByUsedInOperatingActivities,USD,2023-03-08,10-K,2021-12-31,through_ocf,True,,,0.013692,-0.04942,0.545552,0.032354,-0.039366
2023Q1,2023-02-24,LNT,352541,ALLIANT ENERGY CORP,$2B-$10B,,3416000000,Revenues,USD,2023-02-24,10-K,2020-12-31,624000000,NetIncomeLoss,USD,2023-02-24,10-K,2020-12-31,17710000000,Assets,USD,2023-02-24,10-K,2020-12-31,488000000,NetCashProvidedByUsedInFinancingActivities,USD,2023-02-24,10-K,2020-12-31,-951000000,NetCashProvidedByUsedInInvestingActivities,USD,2023-02-24,10-K,2020-12-31,501000000,NetCashProvidedByUsedInOperatingActivities,USD,2023-02-24,10-K,2020-12-31,through_ocf,True,,,0.18267,0.146663,5.184426,0.142857,-0.278396
2023Q1,2023-02-23,LNTH,1521036,"LANTHEUS HOLDINGS, INC.",$100M-$500M,,339410000,RevenueFromContractWithCustomerExcludingAssessedTax,USD,2023-02-23,10-K,2020-12-31,-13473000,NetIncomeLoss,USD,2023-02-23,10-K,2020-12-31,863784000,Assets,USD,2023-02-23,10-K,2021-12-31,-21861000,NetCashProvidedByUsedInFinancingActivities,USD,2023-02-23,10-K,2020-12-31,-4912000,NetCashProvidedByUsedInInvestingActivities,USD,2023-02-23,10-K,2020-12-31,16396000,NetCashProvidedByUsedInOperatingActivities,USD,2023-02-23,10-K,2020-12-31,through_ocf,True,,,-0.039695,0.048307,2.544957,-0.064409,-0.014472
2023Q1,2023-03-09,LOCO,1606366,"El Pollo Loco Holdings, Inc.",$100M-$500M,,401701000,RevenueFromContractWithCustomerExcludingAssessedTax,USD,2020-03-06,10-K,2017-12-27,22943000,NetIncomeLoss,USD,2022-11-04,10-Q,2021-09-29,613786000,Assets,USD,2022-11-04,10-Q,2021-12-29,-22739000,NetCashProvidedByUsedInFinancingActivities,USD,2022-11-04,10-Q,2021-09-29,-8143000,NetCashProvidedByUsedInInvestingActivities,USD,2022-11-04,10-Q,2021-09-29,42332000,NetCashProvidedByUsedInOperatingActivities,USD,2022-11-04,10-Q,2021-09-29,through_ocf,True,,,0.057115,0.105382,1.527967,-0.056607,-0.020271
2023Q1,2023-01-12,LOGI,1032975,LOGITECH INTERNATIONAL S.A.,$2B-$10B,,2618325000,RevenueFromContractWithCustomerExcludingAssessedTax,USD,2022-10-27,10-Q,2021-09-30,326297000,NetIncomeLoss,USD,2022-10-27,10-Q,2021-09-30,4035405000,Assets,USD,2022-10-27,10-Q,2022-03-31,-371905000,NetCashProvidedByUsedInFinancingActivities,USD,2022-10-27,10-Q,2021-09-30,-63208000,NetCashProvidedByUsedInInvestingActivities,USD,2022-10-27,10-Q,2021-09-30,-177848000,NetCashProvidedByUsedInOperatingActivities,USD,2022-10-27,10-Q,2021-09-30,through_ocf,True,,,0.124621,-0.067924,1.541216,-0.142039,-0.024141
2023Q1,2023-02-16,LOPE,1434588,"GRAND CANYON EDUCATION, INC.",$500M-$1B,,844096000,RevenueFromContractWithCustomerExcludingAssessedTax,USD,2023-02-16,10-K,2020-12-31,257196000,NetIncomeLoss,USD,2023-02-16,10-K,2020-12-31,1222745000,Assets,USD,2023-02-16,10-K,2021-12-31,-166275000,NetCashProvidedByUsedInFinancingActivities,USD,2023-02-16,10-K,2020-12-31,-19351000,NetCashProvidedByUsedInInvestingActivities,USD,2023-02-16,10-K,2020-12-31,308823000,NetCashProvidedByUsedInOperatingActivities,USD,2023-02-16,10-K,2020-12-31,through_ocf,True,,,0.3047,0.365862,1.448585,-0.196986,-0.022925
2023Q1,2023-03-28,LOVE,1701758,THE LOVESAC COMPANY,$100M-$500M,,302041000,Revenues,USD,2022-12-08,10-Q,2021-10-31,2061000,NetIncomeLoss,USD,2022-12-08,10-Q,2021-05-02,371579000,Assets,USD,2022-12-08,10-Q,2022-01-30,-3459000,NetCashProvidedByUsedInFinancingActivities,USD,2022-12-08,10-Q,2021-10-31,-11841000,NetCashProvidedByUsedInInvestingActivities,USD,2022-12-08,10-Q,2021-10-31,-15179000,NetCashProvidedByUsedInOperatingActivities,USD,2022-12-08,10-Q,2021-10-31,through_ocf,True,,,0.006824,-0.050255,1.230227,-0.011452,-0.039203
2023Q1,2023-01-27,LPG,1596993,DORIAN LPG LTD.,$100M-$500M,,126037596,Revenues,USD,2022-11-02,10-Q,2021-09-30,19970903,ProfitLoss,USD,2022-11-02,10-Q,2021-09-30,1607362093,Assets,USD,2022-11-02,10-Q,2022-03-31,-87054846,NetCashProvidedByUsedInFinancingActivities,USD,2022-11-02,10-Q,2021-09-30,32202436,NetCashProvidedByUsedInInvestingActivities,USD,2022-11-02,10-Q,2021-09-30,73690163,NetCashProvidedByUsedInOperatingActivities,USD,2022-11-02,10-Q,2021-09-30,through_ocf,True,,,0.158452,0.584668,12.753037,-0.690705,0.255499
2023Q1,2023-02-02,LPLA,1397911,LPL Financial Holdings Inc.,$2B-$10B,,5626638000,Revenues,USD,2022-11-01,10-Q,2021-09-30,351785000,NetIncomeLoss,USD,2022-11-01,10-Q,2021-09-30,7991600000,Assets,USD,2022-11-01,10-Q,2021-12-31,255739000,NetCashProvidedByUsedInFinancingActivities,USD,2022-11-01,10-Q,2021-09-30,-379557000,NetCashProvidedByUsedInInvestingActivities,USD,2022-11-01,10-Q,2021-09-30,199670000,NetCashProvidedByUsedInOperatingActivities,USD,2022-11-01,10-Q,2021-09-30,through_ocf,True,,,0.062521,0.035487,1.420315,0.045451,-0.067457
2023Q1,2023-03-15,LPSN,1102993,"LivePerson, Inc.",$100M-$500M,,345823000,RevenueFromContractWithCustomerExcludingAssessedTax,USD,2022-11-08,10-Q,2021-09-30,-21195000,NetIncomeLoss,USD,2022-11-08,10-Q,2021-03-31,1186656000,Assets,USD,2022-11-08,10-Q,2021-12-31,10521000,NetCashProvidedByUsedInFinancingActivities,USD,2022-11-08,10-Q,2021-09-30,-60721000,NetCashProvidedByUsedInInvestingActivities,USD,2022-11-08,10-Q,2021-09-30,35642000,NetCashProvidedByUsedInOperatingActivities,USD,2022-11-08,10-Q,2021-09-30,through_ocf,True,,,-0.061289,0.103064,3.431397,0.030423,-0.175584
2023Q1,2023-02-02,LQDT,1235468,"Liquidity Services, Inc.",<$100M,,66707000,RevenueFromContractWithCustomerExcludingAssessedTax,USD,2023-02-02,10-Q,2021-12-31,3602000,NetIncomeLoss,USD,2023-02-02,10-Q,2021-12-31,288104000,Assets,USD,2023-02-02,10-Q,2022-09-30,-3841000,NetCashProvidedByUsedInFinancingActivities,USD,2023-02-02,10-Q,2021-12-31,-13021000,NetCashProvidedByUsedInInvestingActivities,USD,2023-02-02,10-Q,2021-12-31,1871000,NetCashProvidedByUsedInOperatingActivities,USD,2023-02-02,10-Q,2021-12-31,through_ocf,True,,,0.053997,0.028048,4.318947,-0.05758,-0.195197
2023Q1,2023-02-01,LSTR,853816,"Landstar System, Inc.",$2B-$10B,,4592551000,Revenues,USD,2022-10-28,10-Q,2021-09-25,268209000,NetIncomeLoss,USD,2022-10-28,10-Q,2021-09-25,2045465000,Assets,USD,2022-10-28,10-Q,2021-12-25,-167372000,NetCashProvidedByUsedInFinancingActivities,USD,2022-10-28,10-Q,2021-09-25,-68642000,NetCashProvidedByUsedInInvestingActivities,USD,2022-10-28,10-Q,2021-09-25,216990000,NetCashProvidedByUsedInOperatingActivities,USD,2022-10-28,10-Q,2021-09-25,through_ocf,True,,,0.058401,0.047248,0.445388,-0.036444,-0.014946
2023Q1,2023-01-09,LTH,1869198,"Life Time Group Holdings, Inc.",$500M-$1B,,957525000,RevenueFromContractWithCustomerExcludingAssessedTax,USD,2022-11-09,10-Q,2021-09-30,-274599000,NetIncomeLoss,USD,2022-11-09,10-Q,2021-09-30,6256675000,Assets,USD,2022-11-09,10-Q,2021-12-31,165129000,NetCashProvidedByUsedInFinancingActivities,USD,2022-11-09,10-Q,2021-09-30,-138190000,NetCashProvidedByUsedInInvestingActivities,USD,2022-11-09,10-Q,2021-09-30,-15322000,NetCashProvidedByUsedInOperatingActivities,USD,2022-11-09,10-Q,2021-09-30,through_ocf,True,,,-0.28678,-0.016002,6.534216,0.172454,-0.14432
2023Q1,2023-03-28,LULU,1397187,lululemon athletica inc.,$2B-$10B,,4401879000,RevenueFromContractWithCustomerExcludingAssessedTax,USD,2023-03-28,10-K,2021-01-31,588913000,NetIncomeLoss,USD,2023-03-28,10-K,2021-01-31,4942478000,Assets,USD,2023-03-28,10-K,2022-01-30,-80788000,NetCashProvidedByUsedInFinancingActivities,USD,2023-03-28,10-K,2021-01-31,-695532000,NetCashProvidedByUsedInInvestingActivities,USD,2023-03-28,10-K,2021-01-31,803336000,NetCashProvidedByUsedInOperatingActivities,USD,2023-03-28,10-K,2021-01-31,through_ocf,True,,,0.133787,0.182498,1.122811,-0.018353,-0.158008
2023Q1,2023-01-25,LVS,1300514,LAS VEGAS SANDS CORP.,$2B-$10B,,3226000000,Revenues,USD,2022-10-21,10-Q,2021-09-30,-838000000,NetIncomeLoss,USD,2022-10-21,10-Q,2021-09-30,20059000000,Assets,USD,2022-10-21,10-Q,2021-12-31,-1522000000,NetCashProvidedByUsedInFinancingActivities,USD,2021-02-05,10-K,2018-12-31,-930000000,NetCashProvidedByUsedInInvestingActivities,USD,2021-02-05,10-K,2018-12-31,4701000000,NetCashProvidedByUsedInOperatingActivities,USD,2021-02-05,10-K,2018-12-31,through_ocf,True,,,-0.259764,1.457223,6.217917,-0.471792,-0.288283
2023Q1,2023-02-22,LXU,60714,"LSB INDUSTRIES, INC.",$100M-$500M,,366011000,RevenueFromContractWithCustomerExcludingAssessedTax,USD,2022-11-02,10-Q,2021-09-30,-13279000,NetIncomeLoss,USD,2022-11-02,10-Q,2021-03-31,1132840000,Assets,USD,2022-11-02,10-Q,2021-12-31,-23161000,NetCashProvidedByUsedInFinancingActivities,USD,2022-11-02,10-Q,2021-09-30,-25719000,NetCashProvidedByUsedInInvestingActivities,USD,2022-11-02,10-Q,2021-09-30,65471000,NetCashProvidedByUsedInOperatingActivities,USD,2022-11-02,10-Q,2021-09-30,through_ocf,True,,,-0.03628,0.178877,3.095098,-0.06328,-0.070268
2023Q1,2023-02-09,LYFT,1759509,"Lyft, Inc.",$2B-$10B,,2238390000,Revenues,USD,2022-11-08,10-Q,2021-09-30,-427339000,NetIncomeLoss,USD,2022-11-08,10-Q,2021-03-31,4824268000,Assets,USD,2022-11-08,10-Q,2021-09-30,-63138000,NetCashProvidedByUsedInFinancingActivities,USD,2022-11-08,10-Q,2021-09-30,572732000,NetCashProvidedByUsedInInvestingActivities,USD,2022-11-08,10-Q,2021-09-30,-75502000,NetCashProvidedByUsedInOperatingActivities,USD,2022-11-08,10-Q,2021-09-30,through_ocf,True,,,-0.190914,-0.03373,2.15524,-0.028207,0.255868
2023Q1,2023-02-23,LYV,1335258,"LIVE NATION ENTERTAINMENT, INC.",$1B-$2B,,1861178000,Revenues,USD,2023-02-23,10-K,2020-12-31,-1724535000,NetIncomeLoss,USD,2023-02-23,10-K,2020-12-31,14402318000,Assets,USD,2023-02-23,10-K,2021-12-31,1350082000,NetCashProvidedByUsedInFinancingActivities,USD,2023-02-23,10-K,2020-12-31,-224062000,NetCashProvidedByUsedInInvestingActivities,USD,2023-02-23,10-K,2020-12-31,-1083388000,NetCashProvidedByUsedInOperatingActivities,USD,2023-02-23,10-K,2020-12-31,through_ocf,True,,,-0.926583,-0.582098,7.738281,0.725391,-0.120387
2023Q1,2023-02-23,LZ,1286139,"LegalZoom.com, Inc.",$100M-$500M,,432943000,RevenueFromContractWithCustomerExcludingAssessedTax,USD,2022-11-10,10-Q,2021-09-30,-9823000,NetIncomeLoss,USD,2022-11-10,10-Q,2021-03-31,431015000,Assets,USD,2022-11-10,10-Q,2021-12-31,122838000,NetCashProvidedByUsedInFinancingActivities,USD,2022-11-10,10-Q,2021-09-30,-11783000,NetCashProvidedByUsedInInvestingActivities,USD,2022-11-10,10-Q,2021-09-30,60156000,NetCashProvidedByUsedInOperatingActivities,USD,2022-11-10,10-Q,2021-09-30,through_ocf,True,,,-0.022689,0.138947,0.995547,0.283728,-0.027216
2023Q1,2023-02-21,LZB,57131,LA-Z-BOY INCORPORATED,$1B-$2B,,1672245000,RevenueFromContractWithCustomerExcludingAssessedTax,USD,2023-02-21,10-Q,2022-01-22,92549000,NetIncomeLoss,USD,2023-02-21,10-Q,2022-01-22,1932089000,Assets,USD,2023-02-21,10-Q,2022-04-30,-122288000,NetCashProvidedByUsedInFinancingActivities,USD,2023-02-21,10-Q,2022-01-22,-77036000,NetCashProvidedByUsedInInvestingActivities,USD,2023-02-21,10-Q,2022-01-22,45192000,NetCashProvidedByUsedInOperatingActivities,USD,2023-02-21,10-Q,2022-01-22,through_ocf,True,,,0.055344,0.027025,1.155386,-0.073128,-0.046067
2023Q1,2023-01-26,MA,1141391,Mastercard Incorporated,>$10B,,13668000000,Revenues,USD,2022-10-27,10-Q,2021-09-30,6308000000,ProfitLoss,USD,2022-10-27,10-Q,2021-09-30,37669000000,Assets,USD,2022-10-27,10-Q,2021-12-31,-4938000000,NetCashProvidedByUsedInFinancingActivities,USD,2022-10-27,10-Q,2021-09-30,-4834000000,NetCashProvidedByUsedInInvestingActivities,USD,2022-10-27,10-Q,2021-09-30,6274000000,NetCashProvidedByUsedInOperatingActivities,USD,2022-10-27,10-Q,2021-09-30,through_ocf,True,,,0.461516,0.459028,2.755999,-0.361282,-0.353673
2023Q1,2023-02-01,MAA,912595,"MID-AMERICA APARTMENT COMMUNITIES, INC.",$1B-$2B,,1314507000,Revenues,USD,2022-10-27,10-Q,2021-09-30,348150000,NetIncomeLoss,USD,2022-10-27,10-Q,2021-09-30,11285182000,Assets,USD,2022-10-27,10-Q,2021-12-31,-402689000,NetCashProvidedByUsedInFinancingActivities,USD,2022-10-27,10-Q,2021-09-30,-269655000,NetCashProvidedByUsedInInvestingActivities,USD,2022-10-27,10-Q,2021-09-30,678250000,NetCashProvidedByUsedInOperatingActivities,USD,2022-10-27,10-Q,2021-09-30,through_ocf,True,,,0.264852,0.515973,8.585106,-0.306342,-0.205138
2023Q1,2023-02-07,MAC,912242,MACERICH CO,$500M-$1B,,618034000,Revenues,USD,2022-11-07,10-Q,2021-09-30,31333000,NetIncomeLoss,USD,2022-11-07,10-Q,2021-09-30,8345655000,Assets,USD,2022-11-07,10-Q,2021-12-31,-777306000,NetCashProvidedByUsedInFinancingActivities,USD,2022-11-07,10-Q,2021-09-30,256124000,NetCashProvidedByUsedInInvestingActivities,USD,2022-11-07,10-Q,2021-09-30,211633000,NetCashProvidedByUsedInOperatingActivities,USD,2022-11-07,10-Q,2021-09-30,through_ocf,True,,,0.050698,0.342429,13.503553,-1.257708,0.414417
2023Q1,2023-02-21,MAGN,41719,Magnera Corporation,$100M-$500M,,390713000,RevenueFromContractWithCustomerExcludingAssessedTax,USD,2018-05-01,10-Q,2017-03-31,17331000,NetIncomeLoss,USD,2022-11-03,10-Q,2021-09-30,1880607000,Assets,USD,2022-11-03,10-Q,2021-12-31,151264000,NetCashProvidedByUsedInFinancingActivities,USD,2022-11-03,10-Q,2021-09-30,-186003000,NetCashProvidedByUsedInInvestingActivities,USD,2022-11-03,10-Q,2021-09-30,38497000,NetCashProvidedByUsedInOperatingActivities,USD,2022-11-03,10-Q,2021-09-30,through_ocf,True,,,0.044357,0.09853,4.81327,0.387149,-0.47606
2023Q1,2023-02-02,MANH,1056696,"MANHATTAN ASSOCIATES, INC.",$100M-$500M,,492149000,RevenueFromContractWithCustomerExcludingAssessedTax,USD,2022-10-28,10-Q,2021-09-30,89890000,NetIncomeLoss,USD,2022-10-28,10-Q,2021-09-30,539708000,Assets,USD,2022-10-28,10-Q,2021-12-31,-100242000,NetCashProvidedByUsedInFinancingActivities,USD,2022-10-28,10-Q,2021-09-30,-2158000,NetCashProvidedByUsedInInvestingActivities,USD,2022-10-28,10-Q,2021-09-30,145080000,NetCashProvidedByUsedInOperatingActivities,USD,2022-10-28,10-Q,2021-09-30,through_ocf,True,,,0.182648,0.294789,1.096635,-0.203682,-0.004385
2023Q1,2023-02-14,MAR,1048286,MARRIOTT INTERNATIONAL INC /MD/,>$10B,,10571000000,Revenues,USD,2023-02-14,10-K,2020-12-31,-267000000,NetIncomeLoss,USD,2023-02-14,10-K,2020-12-31,25553000000,Assets,USD,2023-02-14,10-K,2021-12-31,-1033000000,NetCashProvidedByUsedInFinancingActivities,USD,2023-02-14,10-K,2020-12-31,35000000,NetCashProvidedByUsedInInvestingActivities,USD,2023-02-14,10-K,2020-12-31,1639000000,NetCashProvidedByUsedInOperatingActivities,USD,2023-02-14,10-K,2020-12-31,through_ocf,True,,,-0.025258,0.155047,2.417274,-0.09772,0.003311
2023Q1,2023-02-09,MAS,62996,Masco Corporation,$2B-$10B,,7188000000,RevenueFromContractWithCustomerExcludingAssessedTax,USD,2023-02-09,10-K,2020-12-31,1224000000,NetIncomeLoss,USD,2023-02-09,10-K,2020-12-31,5777000000,Assets,USD,2023-02-09,10-K,2020-12-31,-886000000,NetCashProvidedByUsedInFinancingActivities,USD,2023-02-09,10-K,2020-12-31,531000000,NetCashProvidedByUsedInInvestingActivities,USD,2023-02-09,10-K,2020-12-31,953000000,NetCashProvidedByUsedInOperatingActivities,USD,2023-02-09,10-K,2020-12-31,through_ocf,True,,,0.170284,0.132582,0.803701,-0.123261,0.073873
2023Q1,2023-02-28,MASI,937556,MASIMO CORP,$500M-$1B,,911600000,RevenueFromContractWithCustomerExcludingAssessedTax,USD,2022-11-09,10-Q,2021-10-02,53400000,ProfitLoss,USD,2022-11-09,10-Q,2021-04-03,1887000000,Assets,USD,2022-11-09,10-Q,2022-01-01,-126600000,NetCashProvidedByUsedInFinancingActivities,USD,2022-11-09,10-Q,2021-10-02,-31500000,NetCashProvidedByUsedInInvestingActivities,USD,2022-11-09,10-Q,2021-10-02,167100000,NetCashProvidedByUsedInOperatingActivities,USD,2022-11-09,10-Q,2021-10-02,through_ocf,True,,,0.058578,0.183304,2.069987,-0.138877,-0.034555
2023Q1,2023-02-08,MAT,63276,MATTEL INC /DE/,$2B-$10B,,3662851000,RevenueFromContractWithCustomerExcludingAssessedTax,USD,2022-11-01,10-Q,2021-09-30,-112385000,NetIncomeLoss,USD,2022-11-01,10-Q,2021-03-31,6263035000,Assets,USD,2022-11-01,10-Q,2021-09-30,-279916000,NetCashProvidedByUsedInFinancingActivities,USD,2022-11-01,10-Q,2021-09-30,-71480000,NetCashProvidedByUsedInInvestingActivities,USD,2022-11-01,10-Q,2021-09-30,-255876000,NetCashProvidedByUsedInOperatingActivities,USD,2022-11-01,10-Q,2021-09-30,through_ocf,True,,,-0.030682,-0.069857,1.70988,-0.07642,-0.019515
2023Q1,2023-02-22,MATV,1000623,"MATIV HOLDINGS, INC.",$1B-$2B,,1049600000,RevenueFromContractWithCustomerExcludingAssessedTax,USD,2022-11-09,10-Q,2021-09-30,35600000,NetIncomeLoss,USD,2022-11-09,10-Q,2021-09-30,2420300000,Assets,USD,2022-11-09,10-Q,2021-12-31,651000000,NetCashProvidedByUsedInFinancingActivities,USD,2022-11-09,10-Q,2021-09-30,-658300000,NetCashProvidedByUsedInInvestingActivities,USD,2022-11-09,10-Q,2021-09-30,27500000,NetCashProvidedByUsedInOperatingActivities,USD,2022-11-09,10-Q,2021-09-30,through_ocf,True,,,0.033918,0.0262,2.305926,0.620236,-0.627191
2023Q1,2023-01-03,MATW,63296,MATTHEWS INTERNATIONAL CORP,$1B-$2B,,1498306000,RevenueFromContractWithCustomerExcludingAssessedTax,USD,2022-11-18,10-K,2020-09-30,-87155000,NetIncomeLoss,USD,2022-11-18,10-K,2020-09-30,2072633000,Assets,USD,2022-11-18,10-K,2020-09-30,-172252000,NetCashProvidedByUsedInFinancingActivities,USD,2022-11-18,10-K,2020-09-30,-2718000,NetCashProvidedByUsedInInvestingActivities,USD,2022-11-18,10-K,2020-09-30,180447000,NetCashProvidedByUsedInOperatingActivities,USD,2022-11-18,10-K,2020-09-30,through_ocf,True,,,-0.058169,0.120434,1.383318,-0.114964,-0.001814
2023Q1,2023-01-18,MATX,3453,"Matson, Inc.",$2B-$10B,,2658300000,RevenueFromContractWithCustomerExcludingAssessedTax,USD,2022-11-03,10-Q,2021-09-30,87200000,NetIncomeLoss,USD,2022-11-03,10-Q,2021-03-31,3693100000,Assets,USD,2022-11-03,10-Q,2021-12-31,-279300000,NetCashProvidedByUsedInFinancingActivities,USD,2022-11-03,10-Q,2021-09-30,-242500000,NetCashProvidedByUsedInInvestingActivities,USD,2022-11-03,10-Q,2021-09-30,583300000,NetCashProvidedByUsedInOperatingActivities,USD,2022-11-03,10-Q,2021-09-30,through_ocf,True,,,0.032803,0.219426,1.389271,-0.105067,-0.091224
2023Q1,2023-02-23,MAX,1818383,"MediaAlpha, Inc.",$100M-$500M,,483690000,RevenueFromContractWithCustomerExcludingAssessedTax,USD,2022-11-04,10-Q,2021-09-30,-3456000,NetIncomeLoss,USD,2022-11-04,10-Q,2021-09-30,289804000,Assets,USD,2022-11-04,10-Q,2021-12-31,-361000,NetCashProvidedByUsedInFinancingActivities,USD,2022-11-04,10-Q,2021-09-30,-568000,NetCashProvidedByUsedInInvestingActivities,USD,2022-11-04,10-Q,2021-09-30,6676000,NetCashProvidedByUsedInOperatingActivities,USD,2022-11-04,10-Q,2021-09-30,through_ocf,True,,,-0.007145,0.013802,0.599152,-0.000746,-0.001174
2023Q1,2023-03-07,MBC,0001941365,"MasterBrand, Inc.",,,,,,,,,,,,,,,,,,,,,,,,,,,,,,,,,,,,,,,through_ocf,False,,revenue;net_income;assets;financing_cash_flow;investing_cash_flow;operating_cash_flow,,,,,
2023Q1,2023-01-26,MBLY,0001910139,Mobileye Global Inc.,$1B-$2B,,1030000000,RevenueFromContractWithCustomerExcludingAssessedTax,USD,2022-12-07,10-Q,2021-09-25,-22000000,NetIncomeLoss,USD,2022-12-07,10-Q,2021-09-25,16655000000,Assets,USD,2022-12-07,10-Q,2021-12-25,67000000,NetCashProvidedByUsedInFinancingActivities,USD,2022-12-07,10-Q,2021-09-25,-488000000,NetCashProvidedByUsedInInvestingActivities,USD,2022-12-07,10-Q,2021-09-25,438000000,NetCashProvidedByUsedInOperatingActivities,USD,2022-12-07,10-Q,2021-09-25,through_ocf,True,,,-0.021359,0.425243,16.169903,0.065049,-0.473786
2023Q1,2023-02-07,MBUU,1590976,"MALIBU BOATS, INC.",$500M-$1B,,517384000,RevenueFromContractWithCustomerExcludingAssessedTax,USD,2023-02-07,10-Q,2021-12-31,56835000,NetIncomeLoss,USD,2023-02-07,10-Q,2021-12-31,851326000,Assets,USD,2023-02-07,10-Q,2022-06-30,-28153000,NetCashProvidedByUsedInFinancingActivities,USD,2023-02-07,10-Q,2021-12-31,-26226000,NetCashProvidedByUsedInInvestingActivities,USD,2023-02-07,10-Q,2021-12-31,57966000,NetCashProvidedByUsedInOperatingActivities,USD,2023-02-07,10-Q,2021-12-31,through_ocf,True,,,0.109851,0.112037,1.645443,-0.054414,-0.05069
2023Q1,2023-01-31,MCD,63908,McDonald’s Corporation,>$10B,,17213800000,Revenues,USD,2022-11-07,10-Q,2021-09-30,5906400000,NetIncomeLoss,USD,2022-11-07,10-Q,2021-09-30,53854300000,Assets,USD,2022-11-07,10-Q,2021-12-31,-4497600000,NetCashProvidedByUsedInFinancingActivities,USD,2022-11-07,10-Q,2021-09-30,-1043000000,NetCashProvidedByUsedInInvestingActivities,USD,2022-11-07,10-Q,2021-09-30,6475000000,NetCashProvidedByUsedInOperatingActivities,USD,2022-11-07,10-Q,2021-09-30,through_ocf,True,,,0.34312,0.376152,3.128554,-0.261279,-0.060591
2023Q1,2023-02-08,MCFT,1638290,"MasterCraft Boat Holdings, Inc.",$100M-$500M,,275050000,RevenueFromContractWithCustomerExcludingAssessedTax,USD,2023-02-08,10-Q,2022-01-02,10386000,NetIncomeLoss,USD,2023-02-08,10-Q,2021-10-03,297052000,Assets,USD,2023-02-08,10-Q,2022-06-30,-31114000,NetCashProvidedByUsedInFinancingActivities,USD,2023-02-08,10-Q,2022-01-02,-6715000,NetCashProvidedByUsedInInvestingActivities,USD,2023-02-08,10-Q,2022-01-02,12224000,NetCashProvidedByUsedInOperatingActivities,USD,2023-02-08,10-Q,2022-01-02,through_ocf,True,,,0.03776,0.044443,1.079993,-0.113121,-0.024414
2023Q1,2023-02-02,MCHP,827054,MICROCHIP TECHNOLOGY INCORPORATED,$2B-$10B,,4976700000,RevenueFromContractWithCustomerExcludingAssessedTax,USD,2023-02-02,10-Q,2021-12-31,252800000,NetIncomeLoss,USD,2023-02-02,10-Q,2021-06-30,16199500000,Assets,USD,2023-02-02,10-Q,2022-03-31,-1726500000,NetCashProvidedByUsedInFinancingActivities,USD,2023-02-02,10-Q,2021-12-31,-335000000,NetCashProvidedByUsedInInvestingActivities,USD,2023-02-02,10-Q,2021-12-31,2095000000,NetCashProvidedByUsedInOperatingActivities,USD,2023-02-02,10-Q,2021-12-31,through_ocf,True,,,0.050797,0.420962,3.255069,-0.346917,-0.067314
2023Q1,2023-01-31,MCO,1059556,Moody’s Corporation,$2B-$10B,,4679000000,RevenueFromContractWithCustomerExcludingAssessedTax,USD,2022-10-26,10-Q,2021-09-30,1787000000,NetIncomeLoss,USD,2022-10-26,10-Q,2021-09-30,14680000000,Assets,USD,2022-10-26,10-Q,2021-12-31,135000000,NetCashProvidedByUsedInFinancingActivities,USD,2022-10-26,10-Q,2021-09-30,-2161000000,NetCashProvidedByUsedInInvestingActivities,USD,2022-10-26,10-Q,2021-09-30,1706000000,NetCashProvidedByUsedInOperatingActivities,USD,2022-10-26,10-Q,2021-09-30,through_ocf,True,,,0.381919,0.364608,3.137423,0.028852,-0.461851
2023Q1,2023-03-02,MCS,62234,MARCUS CORP,$100M-$500M,,237688000,Revenues,USD,2023-03-02,10-K,2020-12-31,-124843000,NetIncomeLoss,USD,2023-03-02,10-K,2020-12-31,1254178000,Assets,USD,2023-03-02,10-K,2020-12-31,69097000,NetCashProvidedByUsedInFinancingActivities,USD,2023-03-02,10-K,2020-12-31,-12073000,NetCashProvidedByUsedInInvestingActivities,USD,2023-03-02,10-K,2020-12-31,-68554000,NetCashProvidedByUsedInOperatingActivities,USD,2023-03-02,10-K,2020-12-31,through_ocf,True,,,-0.525239,-0.28842,5.276573,0.290705,-0.050793
2023Q1,2023-02-14,MCY,64996,MERCURY GENERAL CORPORATION,$2B-$10B,,3784511000,Revenues,USD,2023-02-14,10-K,2020-12-31,374607000,NetIncomeLoss,USD,2023-02-14,10-K,2020-12-31,6772472000,Assets,USD,2023-02-14,10-K,2021-12-31,-140249000,NetCashProvidedByUsedInFinancingActivities,USD,2023-02-14,10-K,2020-12-31,-411286000,NetCashProvidedByUsedInInvestingActivities,USD,2023-02-14,10-K,2020-12-31,605616000,NetCashProvidedByUsedInOperatingActivities,USD,2023-02-14,10-K,2020-12-31,through_ocf,True,,,0.098984,0.160025,1.789524,-0.037059,-0.108676
2023Q1,2023-03-08,MDB,1441816,"MONGODB, INC.",$500M-$1B,,607288000,RevenueFromContractWithCustomerExcludingAssessedTax,USD,2022-12-08,10-Q,2021-10-31,-63992000,NetIncomeLoss,USD,2022-12-08,10-Q,2021-04-30,2449588000,Assets,USD,2022-12-08,10-Q,2022-01-31,878495000,NetCashProvidedByUsedInFinancingActivities,USD,2022-12-08,10-Q,2021-10-31,-543578000,NetCashProvidedByUsedInInvestingActivities,USD,2022-12-08,10-Q,2021-10-31,-15331000,NetCashProvidedByUsedInOperatingActivities,USD,2022-12-08,10-Q,2021-10-31,through_ocf,True,,,-0.105373,-0.025245,4.033651,1.446587,-0.895091
2023Q1,2023-01-31,MDLZ,1103982,"MONDELEZ INTERNATIONAL, INC.",>$10B,,21062000000,Revenues,USD,2022-11-01,10-Q,2021-09-30,3297000000,NetIncomeLoss,USD,2022-11-01,10-Q,2021-09-30,67092000000,Assets,USD,2022-11-01,10-Q,2021-12-31,-2971000000,NetCashProvidedByUsedInFinancingActivities,USD,2022-11-01,10-Q,2021-09-30,106000000,NetCashProvidedByUsedInInvestingActivities,USD,2022-11-01,10-Q,2021-09-30,2720000000,NetCashProvidedByUsedInOperatingActivities,USD,2022-11-01,10-Q,2021-09-30,through_ocf,True,,,0.156538,0.129143,3.185452,-0.14106,0.005033
2023Q1,2023-02-28,MEC,1766368,"Mayville Engineering Company, Inc.",$100M-$500M,,341851000,RevenueFromContractWithCustomerExcludingAssessedTax,USD,2022-11-02,10-Q,2021-09-30,2545000,NetIncomeLoss,USD,2022-11-02,10-Q,2021-03-31,379473000,Assets,USD,2022-11-02,10-Q,2021-12-31,8453000,NetCashProvidedByUsedInFinancingActivities,USD,2022-11-02,10-Q,2021-09-30,-21240000,NetCashProvidedByUsedInInvestingActivities,USD,2022-11-02,10-Q,2021-09-30,12793000,NetCashProvidedByUsedInOperatingActivities,USD,2022-11-02,10-Q,2021-09-30,through_ocf,True,,,0.007445,0.037423,1.110054,0.024727,-0.062132
2023Q1,2023-02-21,MED,910329,"Medifast, Inc.",$1B-$2B,,1148253000,Revenues,USD,2022-11-03,10-Q,2021-09-30,102859000,NetIncomeLoss,USD,2023-02-21,10-K,2020-12-31,398326000,Assets,USD,2023-02-21,10-K,2021-12-31,-57144000,NetCashProvidedByUsedInFinancingActivities,USD,2023-02-21,10-K,2020-12-31,-1282000,NetCashProvidedByUsedInInvestingActivities,USD,2023-02-21,10-K,2020-12-31,145196000,NetCashProvidedByUsedInOperatingActivities,USD,2023-02-21,10-K,2020-12-31,through_ocf,True,,,0.089579,0.126449,0.346897,-0.049766,-0.001116
2023Q1,2023-02-28,MEG,1643615,"Montrose Environmental Group, Inc.",$100M-$500M,,402619000,RevenueFromContractWithCustomerExcludingAssessedTax,USD,2022-11-09,10-Q,2021-09-30,-12931000,NetIncomeLoss,USD,2022-11-09,10-Q,2021-03-31,833094000,Assets,USD,2022-11-09,10-Q,2021-12-31,17748000,NetCashProvidedByUsedInFinancingActivities,USD,2022-11-09,10-Q,2021-09-30,-50688000,NetCashProvidedByUsedInInvestingActivities,USD,2022-11-09,10-Q,2021-09-30,13708000,NetCashProvidedByUsedInOperatingActivities,USD,2022-11-09,10-Q,2021-09-30,through_ocf,True,,,-0.032117,0.034047,2.069187,0.044081,-0.125896
2023Q1,2023-03-09,MEI,65270,"METHODE ELECTRONICS, INC.",$500M-$1B,,874900000,RevenueFromContractWithCustomerExcludingAssessedTax,USD,2023-03-09,10-Q,2022-01-29,86000000,NetIncomeLoss,USD,2023-03-09,10-Q,2022-01-29,1389100000,Assets,USD,2023-03-09,10-Q,2022-04-30,-103800000,NetCashProvidedByUsedInFinancingActivities,USD,2023-03-09,10-Q,2022-01-29,-29000000,NetCashProvidedByUsedInInvestingActivities,USD,2023-03-09,10-Q,2022-01-29,56800000,NetCashProvidedByUsedInOperatingActivities,USD,2023-03-09,10-Q,2022-01-29,through_ocf,True,,,0.098297,0.064922,1.587724,-0.118642,-0.033147
2023Q1,2023-02-23,MELI,1099590,"MercadoLibre, Inc.",$2B-$10B,,4939000000,RevenueFromContractWithCustomerExcludingAssessedTax,USD,2022-11-04,10-Q,2021-09-30,-34000000,NetIncomeLoss,USD,2022-11-04,10-Q,2021-03-31,10101000000,Assets,USD,2022-11-04,10-Q,2021-12-31,-334000000,NetCashProvidedByUsedInFinancingActivities,USD,2022-11-04,10-Q,2021-09-30,-887000000,NetCashProvidedByUsedInInvestingActivities,USD,2022-11-04,10-Q,2021-09-30,264000000,NetCashProvidedByUsedInOperatingActivities,USD,2022-11-04,10-Q,2021-09-30,through_ocf,True,,,-0.006884,0.053452,2.045151,-0.067625,-0.179591
2023Q1,2023-02-16,MERC,1333274,MERCER INTERNATIONAL INC.,$1B-$2B,,1423140000,RevenueFromContractWithCustomerExcludingAssessedTax,USD,2023-02-16,10-K,2020-12-31,-17235000,NetIncomeLoss,USD,2023-02-16,10-K,2020-12-31,2129126000,Assets,USD,2023-02-16,10-K,2020-12-31,26317000,NetCashProvidedByUsedInFinancingActivities,USD,2023-02-16,10-K,2020-12-31,-59827000,NetCashProvidedByUsedInInvestingActivities,USD,2023-02-16,10-K,2020-12-31,41565000,NetCashProvidedByUsedInOperatingActivities,USD,2023-02-16,10-K,2020-12-31,through_ocf,True,,,-0.012111,0.029207,1.496076,0.018492,-0.042039
2023Q1,2023-03-08,MG,1436126,"Mistras Group, Inc.",$500M-$1B,,505968000,RevenueFromContractWithCustomerExcludingAssessedTax,USD,2022-11-07,10-Q,2021-09-30,3955000,NetIncomeLoss,USD,2022-11-07,10-Q,2021-09-30,562195000,Assets,USD,2022-11-07,10-Q,2021-12-31,-8866000,NetCashProvidedByUsedInFinancingActivities,USD,2022-11-07,10-Q,2021-09-30,-15494000,NetCashProvidedByUsedInInvestingActivities,USD,2022-11-07,10-Q,2021-09-30,22469000,NetCashProvidedByUsedInOperatingActivities,USD,2022-11-07,10-Q,2021-09-30,through_ocf,True,,,0.007817,0.044408,1.111128,-0.017523,-0.030622
2023Q1,2023-02-08,MGM,789570,MGM Resorts International,$2B-$10B,,6623248000,RevenueFromContractWithCustomerExcludingAssessedTax,USD,2022-11-02,10-Q,2021-09-30,1123357000,NetIncomeLoss,USD,2022-11-02,10-Q,2021-09-30,40899116000,Assets,USD,2022-11-02,10-Q,2021-12-31,-2093427000,NetCashProvidedByUsedInFinancingActivities,USD,2022-11-02,10-Q,2021-09-30,1677021000,NetCashProvidedByUsedInInvestingActivities,USD,2022-11-02,10-Q,2021-09-30,886705000,NetCashProvidedByUsedInOperatingActivities,USD,2022-11-02,10-Q,2021-09-30,through_ocf,True,,,0.169608,0.133878,6.175084,-0.316073,0.253202
2023Q1,2023-02-22,MGNI,1595974,"MAGNITE, INC.",$100M-$500M,,221628000,RevenueFromContractWithCustomerExcludingAssessedTax,USD,2023-02-22,10-K,2020-12-31,-53432000,NetIncomeLoss,USD,2023-02-22,10-K,2020-12-31,2712612000,Assets,USD,2023-02-22,10-K,2021-12-31,7354000,NetCashProvidedByUsedInFinancingActivities,USD,2023-02-22,10-K,2020-12-31,32636000,NetCashProvidedByUsedInInvestingActivities,USD,2023-02-22,10-K,2020-12-31,-12065000,NetCashProvidedByUsedInOperatingActivities,USD,2023-02-22,10-K,2020-12-31,through_ocf,True,,,-0.241089,-0.054438,12.239482,0.033182,0.147256
2023Q1,2023-02-23,MGPI,835011,"MGP Ingredients, Inc.",$100M-$500M,,395521000,RevenueFromContractWithCustomerExcludingAssessedTax,USD,2023-02-23,10-K,2020-12-31,40345000,NetIncomeLoss,USD,2023-02-23,10-K,2020-12-31,1041467000,Assets,USD,2023-02-23,10-K,2021-12-31,-15255000,NetCashProvidedByUsedInFinancingActivities,USD,2023-02-23,10-K,2020-12-31,-19647000,NetCashProvidedByUsedInInvestingActivities,USD,2023-02-23,10-K,2020-12-31,53255000,NetCashProvidedByUsedInOperatingActivities,USD,2023-02-23,10-K,2020-12-31,through_ocf,True,,,0.102005,0.134645,2.633152,-0.038569,-0.049674
2023Q1,2023-02-22,MGRC,752714,McGRATH RENTCORP,$500M-$1B,,572554000,Revenues,USD,2023-02-22,10-K,2020-12-31,101984000,NetIncomeLoss,USD,2023-02-22,10-K,2020-12-31,1595926000,Assets,USD,2023-02-22,10-K,2021-12-31,-128451000,NetCashProvidedByUsedInFinancingActivities,USD,2023-02-22,10-K,2020-12-31,-53001000,NetCashProvidedByUsedInInvestingActivities,USD,2023-02-22,10-K,2020-12-31,180504000,NetCashProvidedByUsedInOperatingActivities,USD,2023-02-22,10-K,2020-12-31,through_ocf,True,,,0.178121,0.315261,2.787381,-0.224347,-0.092569
2023Q1,2023-01-04,MGY,1698990,Magnolia Oil & Gas Corp,$500M-$1B,,746198000,Revenues,USD,2022-11-02,10-Q,2021-09-30,267053000,NetIncomeLoss,USD,2022-11-02,10-Q,2021-09-30,1746742000,Assets,USD,2022-11-02,10-Q,2021-12-31,-312031000,NetCashProvidedByUsedInFinancingActivities,USD,2022-11-02,10-Q,2021-09-30,-163442000,NetCashProvidedByUsedInInvestingActivities,USD,2022-11-02,10-Q,2021-09-30,527935000,NetCashProvidedByUsedInOperatingActivities,USD,2022-11-02,10-Q,2021-09-30,through_ocf,True,,,0.357885,0.7075,2.340856,-0.418161,-0.219033
2023Q1,2023-02-01,MHO,799292,"M/I HOMES, INC.",$2B-$10B,,2694135000,Revenues,USD,2022-10-28,10-Q,2021-09-30,283485000,NetIncomeLoss,USD,2022-10-28,10-Q,2021-09-30,3239853000,Assets,USD,2022-10-28,10-Q,2021-12-31,26611000,NetCashProvidedByUsedInFinancingActivities,USD,2022-10-28,10-Q,2021-09-30,-31923000,NetCashProvidedByUsedInInvestingActivities,USD,2022-10-28,10-Q,2021-09-30,-34341000,NetCashProvidedByUsedInOperatingActivities,USD,2022-10-28,10-Q,2021-09-30,through_ocf,True,,,0.105223,-0.012747,1.202558,0.009877,-0.011849
2023Q1,2023-02-21,MIDD,769520,MIDDLEBY Corp,$2B-$10B,,2384376000,RevenueFromContractWithCustomerExcludingAssessedTax,USD,2022-11-10,10-Q,2021-10-02,385814000,NetIncomeLoss,USD,2022-11-10,10-Q,2021-10-02,5772851000,Assets,USD,2022-11-10,10-Q,2021-10-02,54361000,NetCashProvidedByUsedInFinancingActivities,USD,2022-11-10,10-Q,2021-10-02,-412679000,NetCashProvidedByUsedInInvestingActivities,USD,2022-11-10,10-Q,2021-10-02,346040000,NetCashProvidedByUsedInOperatingActivities,USD,2022-11-10,10-Q,2021-10-02,through_ocf,True,,,0.161809,0.145128,2.421116,0.022799,-0.173076
2023Q1,2023-02-14,MIR,1809987,"Mirion Technologies, Inc.",$100M-$500M,,490500000,RevenueFromContractWithCustomerExcludingAssessedTax,USD,2022-11-03,10-Q,2021-09-30,-141300000,NetIncomeLoss,USD,2022-11-03,10-Q,2021-09-30,3118000000,Assets,USD,2022-11-03,10-Q,2021-12-31,-10300000,NetCashProvidedByUsedInFinancingActivities,USD,2022-11-03,10-Q,2021-09-30,-38600000,NetCashProvidedByUsedInInvestingActivities,USD,2022-11-03,10-Q,2021-09-30,44800000,NetCashProvidedByUsedInOperatingActivities,USD,2022-11-03,10-Q,2021-09-30,through_ocf,True,,,-0.288073,0.091335,6.356779,-0.020999,-0.078695
2023Q1,2023-02-27,MKSI,1049502,MKS INC.,$2B-$10B,,2186000000,RevenueFromContractWithCustomerExcludingAssessedTax,USD,2022-11-07,10-Q,2021-09-30,122000000,NetIncomeLoss,USD,2022-11-07,10-Q,2021-03-31,4540000000,Assets,USD,2022-11-07,10-Q,2021-12-31,-62000000,NetCashProvidedByUsedInFinancingActivities,USD,2022-11-07,10-Q,2021-09-30,-351000000,NetCashProvidedByUsedInInvestingActivities,USD,2022-11-07,10-Q,2021-09-30,445000000,NetCashProvidedByUsedInOperatingActivities,USD,2022-11-07,10-Q,2021-09-30,through_ocf,True,,,0.05581,0.203568,2.076853,-0.028362,-0.160567
2023Q1,2023-01-25,MKTX,1278021,MARKETAXESS HOLDINGS INC.,$500M-$1B,,533891000,RevenueFromContractWithCustomerExcludingAssessedTax,USD,2022-10-26,10-Q,2021-09-30,80457000,NetIncomeLoss,USD,2022-10-26,10-Q,2021-03-31,1530452000,Assets,USD,2022-10-26,10-Q,2021-12-31,-119614000,NetCashProvidedByUsedInFinancingActivities,USD,2022-10-26,10-Q,2021-09-30,-56295000,NetCashProvidedByUsedInInvestingActivities,USD,2022-10-26,10-Q,2021-09-30,136380000,NetCashProvidedByUsedInOperatingActivities,USD,2022-10-26,10-Q,2021-09-30,through_ocf,True,,,0.150699,0.255445,2.8666,-0.224042,-0.105443
2023Q1,2023-03-22,MLKN,66382,"MillerKnoll, Inc.",$1B-$2B,,1816000000,RevenueFromContractWithCustomerExcludingAssessedTax,USD,2023-01-11,10-Q,2021-11-27,-63100000,NetIncomeLoss,USD,2023-01-11,10-Q,2021-11-27,4514000000,Assets,USD,2023-01-11,10-Q,2022-05-28,1035500000,NetCashProvidedByUsedInFinancingActivities,USD,2023-01-11,10-Q,2021-11-27,-1133800000,NetCashProvidedByUsedInInvestingActivities,USD,2023-01-11,10-Q,2021-11-27,-57600000,NetCashProvidedByUsedInOperatingActivities,USD,2023-01-11,10-Q,2021-11-27,through_ocf,True,,,-0.034747,-0.031718,2.485683,0.570209,-0.624339
2023Q1,2023-02-15,MLM,916076,"Martin Marietta Materials, Inc.",$2B-$10B,,3917600000,RevenueFromContractWithCustomerExcludingAssessedTax,USD,2022-11-02,10-Q,2021-09-30,545700000,NetIncomeLoss,USD,2022-11-02,10-Q,2021-09-30,14393000000,Assets,USD,2022-11-02,10-Q,2021-12-31,2357300000,NetCashProvidedByUsedInFinancingActivities,USD,2022-11-02,10-Q,2021-09-30,-1058900000,NetCashProvidedByUsedInInvestingActivities,USD,2022-11-02,10-Q,2021-09-30,780300000,NetCashProvidedByUsedInOperatingActivities,USD,2022-11-02,10-Q,2021-09-30,through_ocf,True,,,0.139294,0.199178,3.673933,0.60172,-0.270293
2023Q1,2023-03-09,MLR,924822,"MILLER INDUSTRIES, INC.",$100M-$500M,,148933000,SalesRevenueNet,USD,2018-05-09,10-Q,2017-03-31,29830000,NetIncomeLoss,USD,2023-03-08,10-K,2020-12-31,437644000,Assets,USD,2023-03-08,10-K,2021-12-31,-13631000,NetCashProvidedByUsedInFinancingActivities,USD,2023-03-08,10-K,2020-12-31,-17224000,NetCashProvidedByUsedInInvestingActivities,USD,2023-03-08,10-K,2020-12-31,60709000,NetCashProvidedByUsedInOperatingActivities,USD,2023-03-08,10-K,2020-12-31,through_ocf,True,,,0.200291,0.407626,2.938529,-0.091524,-0.115649
2023Q1,2023-02-17,MMI,1578732,"MARCUS & MILLICHAP, INC.",$500M-$1B,,801306000,RevenueFromContractWithCustomerExcludingAssessedTax,USD,2022-11-04,10-Q,2021-09-30,80468000,NetIncomeLoss,USD,2022-11-04,10-Q,2021-09-30,1045198000,Assets,USD,2022-11-04,10-Q,2021-12-31,-6081000,NetCashProvidedByUsedInFinancingActivities,USD,2022-11-04,10-Q,2021-09-30,-55782000,NetCashProvidedByUsedInInvestingActivities,USD,2022-11-04,10-Q,2021-09-30,99593000,NetCashProvidedByUsedInOperatingActivities,USD,2022-11-04,10-Q,2021-09-30,through_ocf,True,,,0.100421,0.124288,1.304368,-0.007589,-0.069614
2023Q1,2023-02-13,MMS,1032220,"Maximus, Inc.",$1B-$2B,,1150876000,RevenueFromContractWithCustomerExcludingAssessedTax,USD,2023-02-09,10-Q,2021-12-31,53330000,NetIncomeLoss,USD,2023-02-09,10-Q,2021-12-31,3992714000,Assets,USD,2023-02-09,10-Q,2022-09-30,54916000,NetCashProvidedByUsedInFinancingActivities,USD,2023-02-09,10-Q,2021-12-31,-6327000,NetCashProvidedByUsedInInvestingActivities,USD,2023-02-09,10-Q,2021-12-31,-2919000,NetCashProvidedByUsedInOperatingActivities,USD,2023-02-09,10-Q,2021-12-31,through_ocf,True,,,0.046339,-0.002536,3.469283,0.047717,-0.005498
2023Q1,2023-02-22,MMSI,856982,MERIT MEDICAL SYSTEMS INC,$500M-$1B,,796259000,RevenueFromContractWithCustomerExcludingAssessedTax,USD,2022-10-28,10-Q,2021-09-30,10958000,NetIncomeLoss,USD,2022-10-28,10-Q,2021-03-31,1648294000,Assets,USD,2022-10-28,10-Q,2021-12-31,-65966000,NetCashProvidedByUsedInFinancingActivities,USD,2022-10-28,10-Q,2021-09-30,-22554000,NetCashProvidedByUsedInInvestingActivities,USD,2022-10-28,10-Q,2021-09-30,101416000,NetCashProvidedByUsedInOperatingActivities,USD,2022-10-28,10-Q,2021-09-30,through_ocf,True,,,0.013762,0.127366,2.070048,-0.082845,-0.028325
2023Q1,2023-01-26,MNRO,876427,"MONRO, INC.",$500M-$1B,,689517000,RevenueFromContractWithCustomerExcludingAssessedTax,USD,2022-10-31,10-Q,2021-09-25,36666000,NetIncomeLoss,USD,2022-10-31,10-Q,2021-09-25,1871412000,Assets,USD,2022-10-31,10-Q,2022-03-26,-54426000,NetCashProvidedByUsedInFinancingActivities,USD,2022-10-31,10-Q,2021-09-25,-71209000,NetCashProvidedByUsedInInvestingActivities,USD,2022-10-31,10-Q,2021-09-25,102318000,NetCashProvidedByUsedInOperatingActivities,USD,2022-10-31,10-Q,2021-09-25,through_ocf,True,,,0.053176,0.148391,2.714091,-0.078934,-0.103274
2023Q1,2023-02-28,MNST,865752,Monster Beverage Corp,$2B-$10B,,4116308000,RevenueFromContractWithCustomerExcludingAssessedTax,USD,2022-11-04,10-Q,2021-09-30,1056161000,ProfitLoss,USD,2022-11-04,10-Q,2021-09-30,7804784000,Assets,USD,2022-11-04,10-Q,2021-12-31,21528000,NetCashProvidedByUsedInFinancingActivities,USD,2022-11-04,10-Q,2021-09-30,-381700000,NetCashProvidedByUsedInInvestingActivities,USD,2022-11-04,10-Q,2021-09-30,927982000,NetCashProvidedByUsedInOperatingActivities,USD,2022-11-04,10-Q,2021-09-30,through_ocf,True,,,0.25658,0.22544,1.896064,0.00523,-0.092729
2023Q1,2023-02-01,MO,764180,"ALTRIA GROUP, INC.",>$10B,,19758000000,RevenueFromContractWithCustomerExcludingAssessedTax,USD,2022-10-27,10-Q,2021-09-30,851000000,NetIncomeLoss,USD,2022-10-27,10-Q,2021-09-30,39523000000,Assets,USD,2022-10-27,10-Q,2021-12-31,-7668000000,NetCashProvidedByUsedInFinancingActivities,USD,2022-10-27,10-Q,2021-09-30,-42000000,NetCashProvidedByUsedInInvestingActivities,USD,2022-10-27,10-Q,2021-09-30,5742000000,NetCashProvidedByUsedInOperatingActivities,USD,2022-10-27,10-Q,2021-09-30,through_ocf,True,,,0.043071,0.290616,2.000354,-0.388096,-0.002126
2023Q1,2023-02-01,MOD,67347,Modine Manufacturing Company,$500M-$1B,,973500000,RevenueFromContractWithCustomerExcludingAssessedTax,USD,2022-11-03,10-Q,2021-09-30,2700000,NetIncomeLoss,USD,2022-11-03,10-Q,2021-09-30,1427000000,Assets,USD,2022-11-03,10-Q,2022-03-31,63700000,NetCashProvidedByUsedInFinancingActivities,USD,2022-11-03,10-Q,2021-09-30,-29000000,NetCashProvidedByUsedInInvestingActivities,USD,2022-11-03,10-Q,2021-09-30,-19000000,NetCashProvidedByUsedInOperatingActivities,USD,2022-11-03,10-Q,2021-09-30,through_ocf,True,,,0.002773,-0.019517,1.465845,0.065434,-0.029789
2023Q1,2023-02-24,MORN,1289419,"MORNINGSTAR, INC.",$1B-$2B,,1389500000,Revenues,USD,2023-02-24,10-K,2020-12-31,223600000,ProfitLoss,USD,2023-02-24,10-K,2020-12-31,2862700000,Assets,USD,2023-02-24,10-K,2021-12-31,-182200000,NetCashProvidedByUsedInFinancingActivities,USD,2023-02-24,10-K,2020-12-31,-123800000,NetCashProvidedByUsedInInvestingActivities,USD,2023-02-24,10-K,2020-12-31,384300000,NetCashProvidedByUsedInOperatingActivities,USD,2023-02-24,10-K,2020-12-31,through_ocf,True,,,0.160921,0.276574,2.060237,-0.131126,-0.089097
2023Q1,2023-02-22,MOS,1285785,The Mosaic Company,$2B-$10B,,8516400000,RevenueFromContractWithCustomerExcludingAssessedTax,USD,2022-11-08,10-Q,2021-09-30,965800000,NetIncomeLoss,USD,2022-11-08,10-Q,2021-09-30,22036400000,Assets,USD,2022-11-08,10-Q,2021-12-31,-578700000,NetCashProvidedByUsedInFinancingActivities,USD,2022-11-08,10-Q,2021-09-30,-930600000,NetCashProvidedByUsedInInvestingActivities,USD,2022-11-08,10-Q,2021-09-30,1756600000,NetCashProvidedByUsedInOperatingActivities,USD,2022-11-08,10-Q,2021-09-30,through_ocf,True,,,0.113405,0.206261,2.587525,-0.067951,-0.109272
2023Q1,2023-03-23,MOV,72573,"MOVADO GROUP, INC.",$500M-$1B,,506397000,RevenueFromContractWithCustomerExcludingAssessedTax,USD,2023-03-23,10-K,2021-01-31,-111518000,NetIncomeLoss,USD,2023-03-23,10-K,2021-01-31,761160000,Assets,USD,2023-03-23,10-K,2022-01-31,-34383000,NetCashProvidedByUsedInFinancingActivities,USD,2023-03-23,10-K,2021-01-31,-1865000,NetCashProvidedByUsedInInvestingActivities,USD,2023-03-23,10-K,2021-01-31,68410000,NetCashProvidedByUsedInOperatingActivities,USD,2023-03-23,10-K,2021-01-31,through_ocf,True,,,-0.220219,0.135092,1.503089,-0.067897,-0.003683
2023Q1,2023-02-09,MPAA,918251,"MOTORCAR PARTS OF AMERICA, INC.",$100M-$500M,,486392000,RevenueFromContractWithCustomerExcludingAssessedTax,USD,2023-02-09,10-Q,2021-12-31,861000,NetIncomeLoss,USD,2023-02-09,10-Q,2021-06-30,1015698000,Assets,USD,2023-02-09,10-Q,2022-03-31,19770000,NetCashProvidedByUsedInFinancingActivities,USD,2023-02-09,10-Q,2021-12-31,-5426000,NetCashProvidedByUsedInInvestingActivities,USD,2023-02-09,10-Q,2021-12-31,-22174000,NetCashProvidedByUsedInOperatingActivities,USD,2023-02-09,10-Q,2021-12-31,through_ocf,True,,,0.00177,-0.045589,2.088229,0.040646,-0.011156
2023Q1,2023-02-28,MQ,1522540,"Marqeta, Inc.",$100M-$500M,,290292000,RevenueFromContractWithCustomerExcludingAssessedTax,USD,2023-02-28,10-K,2020-12-31,-47695000,NetIncomeLoss,USD,2023-02-28,10-K,2020-12-31,1830378000,Assets,USD,2023-02-28,10-K,2021-12-31,167378000,NetCashProvidedByUsedInFinancingActivities,USD,2023-02-28,10-K,2020-12-31,-57562000,NetCashProvidedByUsedInInvestingActivities,USD,2023-02-28,10-K,2020-12-31,50273000,NetCashProvidedByUsedInOperatingActivities,USD,2023-02-28,10-K,2020-12-31,through_ocf,True,,,-0.1643,0.173181,6.305299,0.576585,-0.19829
2023Q1,2023-01-31,MRCY,1049521,"MERCURY SYSTEMS, INC.",$100M-$500M,,225013000,Revenues,USD,2022-11-08,10-Q,2021-10-01,-7140000,NetIncomeLoss,USD,2022-11-08,10-Q,2021-10-01,2304415000,Assets,USD,2022-11-08,10-Q,2022-07-01,-7316000,NetCashProvidedByUsedInFinancingActivities,USD,2022-11-08,10-Q,2021-10-01,-8614000,NetCashProvidedByUsedInInvestingActivities,USD,2022-11-08,10-Q,2021-10-01,-2006000,NetCashProvidedByUsedInOperatingActivities,USD,2022-11-08,10-Q,2021-10-01,through_ocf,True,,,-0.031731,-0.008915,10.241253,-0.032514,-0.038282
2023Q1,2023-01-09,MRNA,1682852,"MODERNA, INC.",>$10B,,11260000000,Revenues,USD,2022-11-03,10-Q,2021-09-30,7334000000,NetIncomeLoss,USD,2022-11-03,10-Q,2021-09-30,24669000000,Assets,USD,2022-11-03,10-Q,2021-12-31,0,NetCashProvidedByUsedInFinancingActivities,USD,2022-11-03,10-Q,2021-09-30,-7385000000,NetCashProvidedByUsedInInvestingActivities,USD,2022-11-03,10-Q,2021-09-30,10310000000,NetCashProvidedByUsedInOperatingActivities,USD,2022-11-03,10-Q,2021-09-30,through_ocf,True,,,0.651332,0.915631,2.190853,0.0,-0.655861
2023Q1,2023-01-26,MRSH,62709,"Marsh & McLennan Companies, Inc.",$2B-$10B,,3503000000,SalesRevenueServicesNet,USD,2018-04-27,10-Q,2017-03-31,2340000000,NetIncomeLoss,USD,2022-10-20,10-Q,2021-09-30,34388000000,Assets,USD,2022-10-20,10-Q,2021-12-31,-127000000,NetCashProvidedByUsedInFinancingActivities,USD,2022-10-20,10-Q,2021-09-30,-572000000,NetCashProvidedByUsedInInvestingActivities,USD,2022-10-20,10-Q,2021-09-30,2074000000,NetCashProvidedByUsedInOperatingActivities,USD,2022-10-20,10-Q,2021-09-30,through_ocf,True,,,0.667999,0.592064,9.816729,-0.036255,-0.163289
2023Q1,2023-03-02,MRVL,1835632,"Marvell Technology, Inc.",$2B-$10B,,3119400000,RevenueFromContractWithCustomerExcludingAssessedTax,USD,2022-12-02,10-Q,2021-10-30,-88200000,NetIncomeLoss,USD,2022-12-02,10-Q,2021-05-01,22108600000,Assets,USD,2022-12-02,10-Q,2022-01-29,2984000000,NetCashProvidedByUsedInFinancingActivities,USD,2022-12-02,10-Q,2021-10-30,-3682100000,NetCashProvidedByUsedInInvestingActivities,USD,2022-12-02,10-Q,2021-10-30,473100000,NetCashProvidedByUsedInOperatingActivities,USD,2022-12-02,10-Q,2021-10-30,through_ocf,True,,,-0.028275,0.151664,7.087453,0.956594,-1.180387
2023Q1,2023-01-31,MSCI,1408198,MSCI INC.,$1B-$2B,,1493702000,RevenueFromContractWithCustomerExcludingAssessedTax,USD,2022-10-25,10-Q,2021-09-30,196819000,NetIncomeLoss,USD,2022-10-25,10-Q,2021-03-31,5506703000,Assets,USD,2022-10-25,10-Q,2021-12-31,321249000,NetCashProvidedByUsedInFinancingActivities,USD,2022-10-25,10-Q,2021-09-30,-985879000,NetCashProvidedByUsedInInvestingActivities,USD,2022-10-25,10-Q,2021-09-30,656405000,NetCashProvidedByUsedInOperatingActivities,USD,2022-10-25,10-Q,2021-09-30,through_ocf,True,,,0.131766,0.439448,3.686614,0.215069,-0.660024
2023Q1,2023-02-09,MSI,68505,"Motorola Solutions, Inc.",$2B-$10B,,5851000000,RevenueFromContractWithCustomerExcludingAssessedTax,USD,2022-11-03,10-Q,2021-10-02,844000000,NetIncomeLoss,USD,2022-11-03,10-Q,2021-10-02,12189000000,Assets,USD,2022-11-03,10-Q,2021-12-31,-179000000,NetCashProvidedByUsedInFinancingActivities,USD,2022-11-03,10-Q,2021-10-02,-525000000,NetCashProvidedByUsedInInvestingActivities,USD,2022-11-03,10-Q,2021-10-02,1134000000,NetCashProvidedByUsedInOperatingActivities,USD,2022-11-03,10-Q,2021-10-02,through_ocf,True,,,0.144249,0.193813,2.083234,-0.030593,-0.089728
2023Q1,2023-02-02,MSTR,1050446,STRATEGY INC,$100M-$500M,,376247000,Revenues,USD,2022-11-01,10-Q,2021-09-30,-110020000,NetIncomeLoss,USD,2022-11-01,10-Q,2021-03-31,3557124000,Assets,USD,2022-11-01,10-Q,2021-12-31,1946169000,NetCashProvidedByUsedInFinancingActivities,USD,2022-11-01,10-Q,2021-09-30,-2037353000,NetCashProvidedByUsedInInvestingActivities,USD,2022-11-01,10-Q,2021-09-30,90586000,NetCashProvidedByUsedInOperatingActivities,USD,2022-11-01,10-Q,2021-09-30,through_ocf,True,,,-0.292414,0.240762,9.454226,5.172583,-5.414935
2023Q1,2023-01-19,MTB,36270,M&T Bank Corporation,$1B-$2B,,1982817000,Revenues,USD,2022-08-05,10-Q,2022-06-30,1400778000,NetIncomeLoss,USD,2022-11-07,10-Q,2021-09-30,155107160000,Assets,USD,2022-11-07,10-Q,2021-12-31,8087112000,NetCashProvidedByUsedInFinancingActivities,USD,2022-11-07,10-Q,2021-09-30,-10178174000,NetCashProvidedByUsedInInvestingActivities,USD,2022-11-07,10-Q,2021-09-30,2018031000,NetCashProvidedByUsedInOperatingActivities,USD,2022-11-07,10-Q,2021-09-30,through_ocf,True,,,0.706459,1.01776,78.225656,4.078597,-5.133189
2023Q1,2023-01-31,MTCH,891103,"MATCH GROUP, INC.",$2B-$10B,,2177207000,Revenues,USD,2022-11-04,10-Q,2021-09-30,445278000,ProfitLoss,USD,2022-11-04,10-Q,2021-09-30,5063288000,Assets,USD,2022-11-04,10-Q,2021-12-31,18695000,NetCashProvidedByUsedInFinancingActivities,USD,2022-05-06,10-Q,2021-03-31,-10545000,NetCashProvidedByUsedInInvestingActivities,USD,2022-05-06,10-Q,2021-03-31,102308000,NetCashProvidedByUsedInOperatingActivities,USD,2022-05-06,10-Q,2021-03-31,through_ocf,True,,,0.204518,0.04699,2.325589,0.008587,-0.004843
2023Q1,2023-02-09,MTD,1037646,Mettler-Toledo International Inc.,$2B-$10B,,2680691000,Revenues,USD,2022-11-04,10-Q,2021-09-30,149663000,NetIncomeLoss,USD,2022-11-04,10-Q,2021-03-31,3326798000,Assets,USD,2022-11-04,10-Q,2021-12-31,-326304000,NetCashProvidedByUsedInFinancingActivities,USD,2022-11-04,10-Q,2021-09-30,-251225000,NetCashProvidedByUsedInInvestingActivities,USD,2022-11-04,10-Q,2021-09-30,667719000,NetCashProvidedByUsedInOperatingActivities,USD,2022-11-04,10-Q,2021-09-30,through_ocf,True,,,0.05583,0.249085,1.241023,-0.121724,-0.093717
2023Q1,2023-02-01,MTH,833079,MERITAGE HOMES CORPORATION,$2B-$10B,,2361380000,RevenueFromContractWithCustomerExcludingAssessedTax,USD,2022-07-29,10-Q,2021-06-30,131843000,NetIncomeLoss,USD,2022-10-28,10-Q,2021-03-31,4807533000,Assets,USD,2022-10-28,10-Q,2021-12-31,82883000,NetCashProvidedByUsedInFinancingActivities,USD,2022-10-28,10-Q,2021-09-30,-17507000,NetCashProvidedByUsedInInvestingActivities,USD,2022-10-28,10-Q,2021-09-30,-248706000,NetCashProvidedByUsedInOperatingActivities,USD,2022-10-28,10-Q,2021-09-30,through_ocf,True,,,0.055833,-0.105322,2.0359,0.035099,-0.007414
2023Q1,2023-02-16,MTRN,1104657,MATERION CORPORATION,$1B-$2B,,1176274000,RevenueFromContractWithCustomerExcludingAssessedTax,USD,2023-02-16,10-K,2020-12-31,15462000,NetIncomeLoss,USD,2023-02-16,10-K,2020-12-31,1607479000,Assets,USD,2023-02-16,10-K,2021-12-31,-7091000,NetCashProvidedByUsedInFinancingActivities,USD,2023-02-16,10-K,2020-12-31,-194707000,NetCashProvidedByUsedInInvestingActivities,USD,2023-02-16,10-K,2020-12-31,101057000,NetCashProvidedByUsedInOperatingActivities,USD,2023-02-16,10-K,2020-12-31,through_ocf,True,,,0.013145,0.085913,1.366586,-0.006028,-0.165529
2023Q1,2023-02-09,MTRX,866273,MATRIX SERVICE CO,$100M-$500M,,330058000,Revenues,USD,2023-02-09,10-Q,2021-12-31,-42457000,ProfitLoss,USD,2023-02-09,10-Q,2021-12-31,440793000,Assets,USD,2023-02-09,10-Q,2022-06-30,-1757000,NetCashProvidedByUsedInFinancingActivities,USD,2023-02-09,10-Q,2021-12-31,-461000,NetCashProvidedByUsedInInvestingActivities,USD,2023-02-09,10-Q,2021-12-31,11385000,NetCashProvidedByUsedInOperatingActivities,USD,2023-02-09,10-Q,2021-12-31,through_ocf,True,,,-0.128635,0.034494,1.335502,-0.005323,-0.001397
2023Q1,2023-02-02,MTSI,1493594,"MACOM Technology Solutions Holdings, Inc.",$100M-$500M,,159620000,Revenues,USD,2023-02-02,10-Q,2021-12-31,138827000,NetIncomeLoss,USD,2023-02-02,10-Q,2021-12-31,1571817000,Assets,USD,2023-02-02,10-Q,2022-09-30,-22900000,NetCashProvidedByUsedInFinancingActivities,USD,2023-02-02,10-Q,2021-12-31,105737000,NetCashProvidedByUsedInInvestingActivities,USD,2023-02-02,10-Q,2021-12-31,34104000,NetCashProvidedByUsedInOperatingActivities,USD,2023-02-02,10-Q,2021-12-31,through_ocf,True,,,0.869734,0.213657,9.847243,-0.143466,0.66243
2023Q1,2023-02-23,MTUS,1598428,METALLUS INC.,$500M-$1B,,944600000,RevenueFromContractWithCustomerExcludingAssessedTax,USD,2022-11-03,10-Q,2021-09-30,9800000,NetIncomeLoss,USD,2022-11-03,10-Q,2021-03-31,1158900000,Assets,USD,2022-11-03,10-Q,2021-12-31,-36100000,NetCashProvidedByUsedInFinancingActivities,USD,2022-11-03,10-Q,2021-09-30,-900000,NetCashProvidedByUsedInInvestingActivities,USD,2022-11-03,10-Q,2021-09-30,106200000,NetCashProvidedByUsedInOperatingActivities,USD,2022-11-03,10-Q,2021-09-30,through_ocf,True,,,0.010375,0.112429,1.226869,-0.038217,-0.000953
2023Q1,2023-02-21,MTW,61986,"The Manitowoc Company, Inc.",$1B-$2B,,1222400000,RevenueFromContractWithCustomerExcludingAssessedTax,USD,2022-11-08,10-Q,2021-09-30,14600000,NetIncomeLoss,USD,2022-11-08,10-Q,2021-09-30,1775200000,Assets,USD,2022-11-08,10-Q,2021-12-31,102400000,NetCashProvidedByUsedInFinancingActivities,USD,2022-11-08,10-Q,2021-09-30,-73100000,NetCashProvidedByUsedInInvestingActivities,USD,2022-11-08,10-Q,2021-09-30,68100000,NetCashProvidedByUsedInOperatingActivities,USD,2022-11-08,10-Q,2021-09-30,through_ocf,True,,,0.011944,0.05571,1.452225,0.08377,-0.0598
2023Q1,2023-02-02,MTX,891014,MINERALS TECHNOLOGIES INC.,$1B-$2B,,1381400000,RevenueFromContractWithCustomerExcludingAssessedTax,USD,2022-10-28,10-Q,2021-10-03,123200000,NetIncomeLoss,USD,2022-10-28,10-Q,2021-10-03,3374200000,Assets,USD,2022-10-28,10-Q,2021-12-31,37700000,NetCashProvidedByUsedInFinancingActivities,USD,2022-10-28,10-Q,2021-10-03,-244700000,NetCashProvidedByUsedInInvestingActivities,USD,2022-10-28,10-Q,2021-10-03,163100000,NetCashProvidedByUsedInOperatingActivities,USD,2022-10-28,10-Q,2021-10-03,through_ocf,True,,,0.089185,0.118069,2.442594,0.027291,-0.177139
2023Q1,2023-01-26,MUR,717423,MURPHY OIL CORPORATION,$1B-$2B,,1560328000,Revenues,USD,2022-11-03,10-Q,2021-09-30,-242064000,NetIncomeLoss,USD,2022-11-03,10-Q,2021-09-30,10304940000,Assets,USD,2022-11-03,10-Q,2021-12-31,-585593000,NetCashProvidedByUsedInFinancingActivities,USD,2022-11-03,10-Q,2021-09-30,-311926000,NetCashProvidedByUsedInInvestingActivities,USD,2022-11-03,10-Q,2021-09-30,686282000,NetCashProvidedByUsedInOperatingActivities,USD,2022-08-04,10-Q,2021-06-30,through_ocf,True,,,-0.155137,0.439832,6.604342,-0.375301,-0.199911
2023Q1,2023-02-02,MWA,1350593,"MUELLER WATER PRODUCTS, INC.",$500M-$1B,,964100000,Revenues,USD,2022-11-18,10-K,2020-09-30,72000000,NetIncomeLoss,USD,2022-11-18,10-K,2020-09-30,1518000000,Assets,USD,2022-11-18,10-K,2021-09-30,-41400000,NetCashProvidedByUsedInFinancingActivities,USD,2022-11-18,10-K,2020-09-30,-67500000,NetCashProvidedByUsedInInvestingActivities,USD,2022-11-18,10-K,2020-09-30,140300000,NetCashProvidedByUsedInOperatingActivities,USD,2022-11-18,10-K,2020-09-30,through_ocf,True,,,0.074681,0.145524,1.574525,-0.042942,-0.070013
2023Q1,2023-02-01,MXL,1288469,"MaxLinear, Inc.",$100M-$500M,,478596000,RevenueFromContractWithCustomerExcludingAssessedTax,USD,2023-02-01,10-K,2020-12-31,-98593000,NetIncomeLoss,USD,2023-02-01,10-K,2020-12-31,1050384000,Assets,USD,2023-02-01,10-K,2021-12-31,159649000,NetCashProvidedByUsedInFinancingActivities,USD,2023-02-01,10-K,2020-12-31,-175286000,NetCashProvidedByUsedInInvestingActivities,USD,2023-02-01,10-K,2020-12-31,73593000,NetCashProvidedByUsedInOperatingActivities,USD,2023-02-01,10-K,2020-12-31,through_ocf,True,,,-0.206005,0.153769,2.19472,0.333578,-0.36625
2023Q1,2023-03-01,MYE,69488,"MYERS INDUSTRIES, INC.",$500M-$1B,,561856000,RevenueFromContractWithCustomerExcludingAssessedTax,USD,2022-10-27,10-Q,2021-09-30,26283000,NetIncomeLoss,USD,2022-10-27,10-Q,2021-09-30,484549000,Assets,USD,2022-10-27,10-Q,2021-12-31,19705000,NetCashProvidedByUsedInFinancingActivities,USD,2022-10-27,10-Q,2021-09-30,-46686000,NetCashProvidedByUsedInInvestingActivities,USD,2022-10-27,10-Q,2021-09-30,13544000,NetCashProvidedByUsedInOperatingActivities,USD,2022-10-27,10-Q,2021-09-30,through_ocf,True,,,0.046779,0.024106,0.862408,0.035071,-0.083092
2023Q1,2023-02-28,MYGN,899923,"MYRIAD GENETICS, INC.",$500M-$1B,,529800000,RevenueFromContractWithCustomerExcludingAssessedTax,USD,2022-11-02,10-Q,2021-09-30,-39500000,NetIncomeLoss,USD,2022-11-02,10-Q,2021-03-31,1320700000,Assets,USD,2022-11-02,10-Q,2021-12-31,-149500000,NetCashProvidedByUsedInFinancingActivities,USD,2022-11-02,10-Q,2021-09-30,300300000,NetCashProvidedByUsedInInvestingActivities,USD,2022-11-02,10-Q,2021-09-30,28100000,NetCashProvidedByUsedInOperatingActivities,USD,2022-11-02,10-Q,2021-09-30,through_ocf,True,,,-0.074556,0.053039,2.492827,-0.282182,0.566818
2023Q1,2023-02-02,MZTI,57515,MARZETTI CO,$500M-$1B,,820483000,RevenueFromContractWithCustomerExcludingAssessedTax,USD,2023-02-02,10-Q,2021-12-31,30655000,NetIncomeLoss,USD,2023-02-02,10-Q,2021-09-30,1090374000,Assets,USD,2023-02-02,10-Q,2022-06-30,-49416000,NetCashProvidedByUsedInFinancingActivities,USD,2023-02-02,10-Q,2021-12-31,-66608000,NetCashProvidedByUsedInInvestingActivities,USD,2023-02-02,10-Q,2021-12-31,41980000,NetCashProvidedByUsedInOperatingActivities,USD,2023-02-02,10-Q,2021-12-31,through_ocf,True,,,0.037362,0.051165,1.328942,-0.060228,-0.081181
2023Q1,2023-03-16,NATR,275053,"NATURE’S SUNSHINE PRODUCTS, INC.",$100M-$500M,,444084000,RevenueFromContractWithCustomerExcludingAssessedTax,USD,2023-03-16,10-K,2021-12-31,30207000,ProfitLoss,USD,2023-03-16,10-K,2021-12-31,258874000,Assets,USD,2023-03-16,10-K,2021-12-31,-31721000,NetCashProvidedByUsedInFinancingActivities,USD,2023-03-16,10-K,2021-12-31,-6612000,NetCashProvidedByUsedInInvestingActivities,USD,2023-03-16,10-K,2021-12-31,34608000,NetCashProvidedByUsedInOperatingActivities,USD,2023-03-16,10-K,2021-12-31,through_ocf,True,,,0.068021,0.077931,0.582939,-0.07143,-0.014889
2023Q1,2023-02-06,NBIX,914475,"NEUROCRINE BIOSCIENCES, INC.",$500M-$1B,,821500000,RevenueFromContractWithCustomerExcludingAssessedTax,USD,2022-11-01,10-Q,2021-09-30,96900000,NetIncomeLoss,USD,2022-11-01,10-Q,2021-09-30,2072500000,Assets,USD,2022-11-01,10-Q,2021-12-31,25600000,NetCashProvidedByUsedInFinancingActivities,USD,2022-11-01,10-Q,2021-09-30,-153900000,NetCashProvidedByUsedInInvestingActivities,USD,2022-11-01,10-Q,2021-09-30,252300000,NetCashProvidedByUsedInOperatingActivities,USD,2022-11-01,10-Q,2021-09-30,through_ocf,True,,,0.117955,0.307121,2.522824,0.031163,-0.18734
2023Q1,2023-02-07,NBR,1163739,NABORS INDUSTRIES LTD.,$1B-$2B,,1474009000,RevenueFromContractWithCustomerExcludingAssessedTax,USD,2022-10-27,10-Q,2021-09-30,-455595000,NetIncomeLoss,USD,2022-10-27,10-Q,2021-09-30,5525364000,Assets,USD,2022-10-27,10-Q,2021-12-31,37828000,NetCashProvidedByUsedInFinancingActivities,USD,2022-10-27,10-Q,2021-09-30,-65088000,NetCashProvidedByUsedInInvestingActivities,USD,2022-10-27,10-Q,2021-09-30,326483000,NetCashProvidedByUsedInOperatingActivities,USD,2022-10-27,10-Q,2021-09-30,through_ocf,True,,,-0.309086,0.221493,3.748528,0.025663,-0.044157
2023Q1,2023-01-23,NBTB,790359,NBT Bancorp Inc.,$100M-$500M,,134455000,RevenueFromContractWithCustomerExcludingAssessedTax,USD,2022-03-01,10-K,2019-12-31,117575000,NetIncomeLoss,USD,2022-11-09,10-Q,2021-09-30,12012111000,Assets,USD,2022-11-09,10-Q,2021-12-31,968180000,NetCashProvidedByUsedInFinancingActivities,USD,2022-11-09,10-Q,2021-09-30,-431555000,NetCashProvidedByUsedInInvestingActivities,USD,2022-11-09,10-Q,2021-09-30,136800000,NetCashProvidedByUsedInOperatingActivities,USD,2022-11-09,10-Q,2021-09-30,through_ocf,True,,,0.874456,1.017441,89.339266,7.200773,-3.209661
2023Q1,2023-03-28,NCNO,0001902733,"nCino, Inc.",$100M-$500M,,204293000,RevenueFromContractWithCustomerExcludingAssessedTax,USD,2023-03-28,10-K,2021-01-31,-40536000,NetIncomeLoss,USD,2023-03-28,10-K,2021-01-31,1301014000,Assets,USD,2023-03-28,10-K,2022-01-31,274121000,NetCashProvidedByUsedInFinancingActivities,USD,2023-03-28,10-K,2021-01-31,-4338000,NetCashProvidedByUsedInInvestingActivities,USD,2023-03-28,10-K,2021-01-31,9222000,NetCashProvidedByUsedInOperatingActivities,USD,2023-03-28,10-K,2021-01-31,through_ocf,True,,,-0.198421,0.045141,6.368373,1.341803,-0.021234
2023Q1,2023-01-25,NDAQ,1120193,"Nasdaq, Inc.",$2B-$10B,,4419000000,RevenueFromContractWithCustomerExcludingAssessedTax,USD,2022-11-02,10-Q,2021-09-30,928000000,NetIncomeLoss,USD,2022-11-02,10-Q,2021-09-30,20115000000,Assets,USD,2022-11-02,10-Q,2021-12-31,-212000000,NetCashProvidedByUsedInFinancingActivities,USD,2022-11-02,10-Q,2021-09-30,-2532000000,NetCashProvidedByUsedInInvestingActivities,USD,2022-11-02,10-Q,2021-09-30,699000000,NetCashProvidedByUsedInOperatingActivities,USD,2022-11-02,10-Q,2021-09-30,through_ocf,True,,,0.210002,0.158181,4.551935,-0.047975,-0.57298
2023Q1,2023-03-08,NDLS,1275158,NOODLES & COMPANY,$100M-$500M,,360352000,RevenueFromContractWithCustomerExcludingAssessedTax,USD,2022-11-04,10-Q,2021-09-28,8403000,NetIncomeLoss,USD,2022-11-04,10-Q,2021-09-28,341459000,Assets,USD,2022-11-04,10-Q,2021-12-28,-22028000,NetCashProvidedByUsedInFinancingActivities,USD,2022-11-04,10-Q,2021-09-28,-12559000,NetCashProvidedByUsedInInvestingActivities,USD,2022-11-04,10-Q,2021-09-28,29896000,NetCashProvidedByUsedInOperatingActivities,USD,2022-11-04,10-Q,2021-09-28,through_ocf,True,,,0.023319,0.082963,0.947571,-0.061129,-0.034852
2023Q1,2023-02-21,NDSN,72331,NORDSON CORPORATION,$2B-$10B,,2121100000,RevenueFromContractWithCustomerExcludingAssessedTax,USD,2022-12-19,10-K,2020-10-31,249539000,NetIncomeLoss,USD,2022-12-19,10-K,2020-10-31,3674656000,Assets,USD,2022-12-19,10-K,2020-10-31,-251529000,NetCashProvidedByUsedInFinancingActivities,USD,2022-12-19,10-K,2020-10-31,-194109000,NetCashProvidedByUsedInInvestingActivities,USD,2022-12-19,10-K,2020-10-31,502421000,NetCashProvidedByUsedInOperatingActivities,USD,2022-12-19,10-K,2020-10-31,through_ocf,True,,,0.117646,0.236868,1.732429,-0.118584,-0.091513
2023Q1,2023-01-23,NE,0001895262,Noble Corporation plc,<$100M,,77481000,RevenueFromContractWithCustomerExcludingAssessedTax,USD,2022-11-03,10-Q,2021-02-05,250228000,NetIncomeLoss,USD,2022-11-03,10-Q,2021-02-05,2073442000,Assets,USD,2022-11-03,10-Q,2021-12-31,-191165000,NetCashProvidedByUsedInFinancingActivities,USD,2022-11-03,10-Q,2021-02-05,-14435000,NetCashProvidedByUsedInInvestingActivities,USD,2022-11-03,10-Q,2021-02-05,-45448000,NetCashProvidedByUsedInOperatingActivities,USD,2022-11-03,10-Q,2021-02-05,through_ocf,True,,,3.22954,-0.58657,26.760651,-2.46725,-0.186304
2023Q1,2023-02-23,NEM,1164727,NEWMONT CORPORATION,>$10B,,11497000000,RevenueFromContractWithCustomerExcludingAssessedTax,USD,2023-02-23,10-K,2020-12-31,2829000000,NetIncomeLoss,USD,2023-02-23,10-K,2020-12-31,41369000000,Assets,USD,2023-02-23,10-K,2020-12-31,-1680000000,NetCashProvidedByUsedInFinancingActivities,USD,2023-02-23,10-K,2020-12-31,91000000,NetCashProvidedByUsedInInvestingActivities,USD,2023-02-23,10-K,2020-12-31,4882000000,NetCashProvidedByUsedInOperatingActivities,USD,2023-02-23,10-K,2020-12-31,through_ocf,True,,,0.246064,0.424633,3.598243,-0.146125,0.007915
2023Q1,2023-02-23,NEO,1077183,"NEOGENOMICS, INC.",$100M-$500M,,119693000,Revenues,USD,2018-08-06,10-Q,2017-06-30,-22114000,NetIncomeLoss,USD,2022-11-08,10-Q,2021-03-31,1869778000,Assets,USD,2022-11-08,10-Q,2021-12-31,722825000,NetCashProvidedByUsedInFinancingActivities,USD,2022-11-08,10-Q,2021-09-30,-622784000,NetCashProvidedByUsedInInvestingActivities,USD,2022-11-08,10-Q,2021-09-30,-6947000,NetCashProvidedByUsedInOperatingActivities,USD,2022-11-08,10-Q,2021-09-30,through_ocf,True,,,-0.184756,-0.05804,15.621448,6.038991,-5.203178
2023Q1,2023-01-05,NEOG,711377,Neogen Corporation,$100M-$500M,,128305000,RevenueFromContractWithCustomerExcludingAssessedTax,USD,2022-09-30,10-Q,2021-08-31,17077000,NetIncomeLoss,USD,2022-09-30,10-Q,2021-08-31,932106000,Assets,USD,2022-09-30,10-Q,2021-08-31,1048000,NetCashProvidedByUsedInFinancingActivities,USD,2022-09-30,10-Q,2021-08-31,-25407000,NetCashProvidedByUsedInInvestingActivities,USD,2022-09-30,10-Q,2021-08-31,23210000,NetCashProvidedByUsedInOperatingActivities,USD,2022-09-30,10-Q,2021-08-31,through_ocf,True,,,0.133097,0.180897,7.264768,0.008168,-0.19802
2023Q1,2023-02-09,NET,1477333,"Cloudflare, Inc.",$100M-$500M,,462830000,RevenueFromContractWithCustomerExcludingAssessedTax,USD,2022-11-03,10-Q,2021-09-30,-182808000,NetIncomeLoss,USD,2022-11-03,10-Q,2021-09-30,2372071000,Assets,USD,2022-11-03,10-Q,2021-12-31,837712000,NetCashProvidedByUsedInFinancingActivities,USD,2022-11-03,10-Q,2021-09-30,-354527000,NetCashProvidedByUsedInInvestingActivities,USD,2022-11-03,10-Q,2021-09-30,24031000,NetCashProvidedByUsedInOperatingActivities,USD,2022-11-03,10-Q,2021-09-30,through_ocf,True,,,-0.394979,0.051922,5.125145,1.809978,-0.765998
2023Q1,2023-02-27,NEWT,1587987,"NEWTEKONE, INC.",$100M-$500M,,105929000,Revenues,USD,2014-11-14,10-Q,2013-09-30,64112000,NetIncomeLoss,USD,2022-11-08,10-Q,2021-09-30,1056561000,Assets,USD,2022-11-08,10-Q,2021-12-31,-19000,NetCashProvidedByUsedInFinancingActivities,USD,2022-11-08,10-Q,2021-09-30,,,,,,,151700000,NetCashProvidedByUsedInOperatingActivities,USD,2022-11-08,10-Q,2021-09-30,through_ocf,False,,investing_cash_flow,0.605236,1.432091,9.974237,-0.000179,
2023Q1,2023-02-27,NEWTG,1587987,"NEWTEKONE, INC.",$100M-$500M,,105929000,Revenues,USD,2014-11-14,10-Q,2013-09-30,64112000,NetIncomeLoss,USD,2022-11-08,10-Q,2021-09-30,1056561000,Assets,USD,2022-11-08,10-Q,2021-12-31,-19000,NetCashProvidedByUsedInFinancingActivities,USD,2022-11-08,10-Q,2021-09-30,,,,,,,151700000,NetCashProvidedByUsedInOperatingActivities,USD,2022-11-08,10-Q,2021-09-30,through_ocf,False,,investing_cash_flow,0.605236,1.432091,9.974237,-0.000179,
2023Q1,2023-02-28,NFE,1749723,New Fortress Energy Inc.,$500M-$1B,,674179000,Revenues,USD,2022-11-08,10-Q,2021-09-30,-53753000,NetIncomeLoss,USD,2022-11-08,10-Q,2021-09-30,6665087000,Assets,USD,2022-11-08,10-Q,2021-09-30,1874149000,NetCashProvidedByUsedInFinancingActivities,USD,2022-11-08,10-Q,2021-09-30,-2031158000,NetCashProvidedByUsedInInvestingActivities,USD,2022-11-08,10-Q,2021-09-30,-139687000,NetCashProvidedByUsedInOperatingActivities,USD,2022-11-08,10-Q,2021-09-30,through_ocf,True,,,-0.079731,-0.207196,9.886228,2.779898,-3.012787
2023Q1,2023-01-19,NFLX,1065280,"Netflix, Inc.",>$10B,,21988526000,Revenues,USD,2022-10-20,10-Q,2021-09-30,4508799000,NetIncomeLoss,USD,2022-10-20,10-Q,2021-09-30,44584663000,Assets,USD,2022-10-20,10-Q,2021-12-31,-1013757000,NetCashProvidedByUsedInFinancingActivities,USD,2022-10-20,10-Q,2021-09-30,-385525000,NetCashProvidedByUsedInInvestingActivities,USD,2022-10-20,10-Q,2021-09-30,795884000,NetCashProvidedByUsedInOperatingActivities,USD,2022-10-20,10-Q,2021-09-30,through_ocf,True,,,0.205052,0.036195,2.027633,-0.046104,-0.017533
2023Q1,2023-02-27,NGVT,1653477,INGEVITY CORPORATION,$1B-$2B,,1055500000,RevenueFromContractWithCustomerExcludingAssessedTax,USD,2022-11-03,10-Q,2021-09-30,88800000,NetIncomeLoss,USD,2022-11-03,10-Q,2021-09-30,2469000000,Assets,USD,2022-11-03,10-Q,2021-12-31,-120300000,NetCashProvidedByUsedInFinancingActivities,USD,2022-11-03,10-Q,2021-09-30,-83400000,NetCashProvidedByUsedInInvestingActivities,USD,2022-11-03,10-Q,2021-09-30,217000000,NetCashProvidedByUsedInOperatingActivities,USD,2022-11-03,10-Q,2021-09-30,through_ocf,True,,,0.084131,0.20559,2.339176,-0.113974,-0.079015
2023Q1,2023-02-22,NI,1111711,NiSource Inc.,$2B-$10B,,4473200000,RevenueFromContractWithCustomerExcludingAssessedTax,USD,2023-02-22,10-K,2020-12-31,-17600000,NetIncomeLoss,USD,2023-02-22,10-K,2020-12-31,22040500000,Assets,USD,2023-02-22,10-K,2020-12-31,-247700000,NetCashProvidedByUsedInFinancingActivities,USD,2023-02-22,10-K,2020-12-31,-879100000,NetCashProvidedByUsedInInvestingActivities,USD,2023-02-22,10-K,2020-12-31,1104000000,NetCashProvidedByUsedInOperatingActivities,USD,2023-02-22,10-K,2020-12-31,through_ocf,True,,,-0.003935,0.246803,4.927233,-0.055374,-0.196526
2023Q1,2023-02-02,NJR,356309,NEW JERSEY RESOURCES CORPORATION,$100M-$500M,,284090000,RevenueFromContractWithCustomerExcludingAssessedTax,USD,2023-02-02,10-Q,2021-12-31,111312000,NetIncomeLoss,USD,2023-02-02,10-Q,2021-12-31,6261416000,Assets,USD,2023-02-02,10-Q,2022-09-30,197971000,NetCashProvidedByUsedInFinancingActivities,USD,2023-02-02,10-Q,2021-12-31,-164054000,NetCashProvidedByUsedInInvestingActivities,USD,2023-02-02,10-Q,2021-12-31,-37407000,NetCashProvidedByUsedInOperatingActivities,USD,2023-02-02,10-Q,2021-12-31,through_ocf,True,,,0.391819,-0.131673,22.040255,0.69686,-0.577472
2023Q1,2023-02-14,NMIH,1547903,"NMI Holdings, Inc.",$100M-$500M,,360000000,Revenues,USD,2022-11-02,10-Q,2021-09-30,52891000,NetIncomeLoss,USD,2022-11-02,10-Q,2021-03-31,2450581000,Assets,USD,2022-11-02,10-Q,2021-12-31,-538000,NetCashProvidedByUsedInFinancingActivities,USD,2022-11-02,10-Q,2021-09-30,-310520000,NetCashProvidedByUsedInInvestingActivities,USD,2022-11-02,10-Q,2021-09-30,281381000,NetCashProvidedByUsedInOperatingActivities,USD,2022-11-02,10-Q,2021-09-30,through_ocf,True,,,0.146919,0.781614,6.807169,-0.001494,-0.862556
2023Q1,2023-02-16,NMRK,1690680,"NEWMARK GROUP, INC.",$1B-$2B,,1921977000,Revenues,USD,2022-11-07,10-Q,2021-09-30,601398000,NetIncomeLoss,USD,2022-11-07,10-Q,2021-09-30,5216201000,Assets,USD,2022-11-07,10-Q,2021-12-31,-110625000,NetCashProvidedByUsedInFinancingActivities,USD,2022-11-07,10-Q,2021-09-30,423988000,NetCashProvidedByUsedInInvestingActivities,USD,2022-11-07,10-Q,2021-09-30,-326557000,NetCashProvidedByUsedInOperatingActivities,USD,2022-11-07,10-Q,2021-09-30,through_ocf,True,,,0.312906,-0.169907,2.713977,-0.057558,0.2206
2023Q1,2023-03-09,NNBR,918541,"NN, Inc.",$100M-$500M,,367205000,RevenueFromContractWithCustomerExcludingAssessedTax,USD,2022-11-02,10-Q,2021-09-30,-13681000,NetIncomeLoss,USD,2022-11-02,10-Q,2021-09-30,579101000,Assets,USD,2022-11-02,10-Q,2021-12-31,4519000,NetCashProvidedByUsedInFinancingActivities,USD,2022-11-02,10-Q,2021-09-30,-32679000,NetCashProvidedByUsedInInvestingActivities,USD,2022-11-02,10-Q,2021-09-30,5691000,NetCashProvidedByUsedInOperatingActivities,USD,2022-11-02,10-Q,2021-09-30,through_ocf,True,,,-0.037257,0.015498,1.577051,0.012306,-0.088994
2023Q1,2023-01-26,NOC,1133421,NORTHROP GRUMMAN CORP /DE/,>$10B,,36799000000,Revenues,USD,2023-01-26,10-K,2020-12-31,3189000000,NetIncomeLoss,USD,2023-01-26,10-K,2020-12-31,42579000000,Assets,USD,2023-01-26,10-K,2021-12-31,-432000000,NetCashProvidedByUsedInFinancingActivities,USD,2023-01-26,10-K,2020-12-31,-1211000000,NetCashProvidedByUsedInInvestingActivities,USD,2023-01-26,10-K,2020-12-31,4305000000,NetCashProvidedByUsedInOperatingActivities,USD,2023-01-26,10-K,2020-12-31,through_ocf,True,,,0.08666,0.116987,1.157069,-0.011739,-0.032909
2023Q1,2023-02-06,NOG,1104485,"NORTHERN OIL AND GAS, INC.",$100M-$500M,,177709000,Revenues,USD,2022-11-09,10-Q,2021-09-30,-90357000,NetIncomeLoss,USD,2022-11-09,10-Q,2021-03-31,1522866000,Assets,USD,2022-11-09,10-Q,2021-12-31,102029000,NetCashProvidedByUsedInFinancingActivities,USD,2022-11-09,10-Q,2021-09-30,-364817000,NetCashProvidedByUsedInInvestingActivities,USD,2022-11-09,10-Q,2021-09-30,263365000,NetCashProvidedByUsedInOperatingActivities,USD,2022-11-09,10-Q,2021-09-30,through_ocf,True,,,-0.508455,1.482001,8.569437,0.574135,-2.05289
2023Q1,2023-03-01,NOVT,1076930,NOVANTA INC.,$500M-$1B,,590623000,RevenueFromContractWithCustomerExcludingAssessedTax,USD,2023-03-01,10-K,2020-12-31,44521000,NetIncomeLoss,USD,2023-03-01,10-K,2020-12-31,1227883000,Assets,USD,2023-03-01,10-K,2021-12-31,-84357000,NetCashProvidedByUsedInFinancingActivities,USD,2023-03-01,10-K,2020-12-31,-13156000,NetCashProvidedByUsedInInvestingActivities,USD,2023-03-01,10-K,2020-12-31,140239000,NetCashProvidedByUsedInOperatingActivities,USD,2023-03-01,10-K,2020-12-31,through_ocf,True,,,0.07538,0.237442,2.078962,-0.142827,-0.022275
2023Q1,2023-02-16,NPKI,71829,NPK International Inc.,$100M-$500M,,435218000,RevenueFromContractWithCustomerExcludingAssessedTax,USD,2022-11-02,10-Q,2021-09-30,-21845000,NetIncomeLoss,USD,2022-11-02,10-Q,2021-09-30,752886000,Assets,USD,2022-11-02,10-Q,2021-12-31,1817000,NetCashProvidedByUsedInFinancingActivities,USD,2022-11-02,10-Q,2021-09-30,-7288000,NetCashProvidedByUsedInInvestingActivities,USD,2022-11-02,10-Q,2021-09-30,13670000,NetCashProvidedByUsedInOperatingActivities,USD,2022-11-02,10-Q,2021-09-30,through_ocf,True,,,-0.050193,0.03141,1.729905,0.004175,-0.016746
2023Q1,2023-02-21,NPO,1164863,ENPRO INC.,$1B-$2B,,1150600000,Revenues,USD,2019-11-05,10-Q,2018-09-30,75400000,NetIncomeLoss,USD,2022-11-07,10-Q,2021-09-30,2974600000,Assets,USD,2022-11-07,10-Q,2021-12-31,-21300000,NetCashProvidedByUsedInFinancingActivities,USD,2022-11-07,10-Q,2021-09-30,-12000000,NetCashProvidedByUsedInInvestingActivities,USD,2022-08-02,10-Q,2021-06-30,58500000,NetCashProvidedByUsedInOperatingActivities,USD,2022-08-02,10-Q,2021-06-30,through_ocf,True,,,0.065531,0.050843,2.58526,-0.018512,-0.010429
2023Q1,2023-02-14,NRDS,0001625278,"NerdWallet, Inc.",$100M-$500M,,280100000,RevenueFromContractWithCustomerExcludingAssessedTax,USD,2022-11-02,10-Q,2021-09-30,-12900000,NetIncomeLoss,USD,2022-11-02,10-Q,2021-03-31,364100000,Assets,USD,2022-11-02,10-Q,2021-12-31,-14200000,NetCashProvidedByUsedInFinancingActivities,USD,2022-11-02,10-Q,2021-09-30,-16300000,NetCashProvidedByUsedInInvestingActivities,USD,2022-11-02,10-Q,2021-09-30,-1500000,NetCashProvidedByUsedInOperatingActivities,USD,2022-11-02,10-Q,2021-09-30,through_ocf,True,,,-0.046055,-0.005355,1.299893,-0.050696,-0.058194
2023Q1,2023-02-16,NRG,1013871,"NRG ENERGY, INC.",>$10B,,19943000000,Revenues,USD,2022-11-07,10-Q,2021-09-30,2614000000,NetIncomeLoss,USD,2022-11-07,10-Q,2021-09-30,23182000000,Assets,USD,2022-11-07,10-Q,2021-12-31,-177000000,NetCashProvidedByUsedInFinancingActivities,USD,2022-11-07,10-Q,2021-09-30,-3585000000,NetCashProvidedByUsedInInvestingActivities,USD,2022-11-07,10-Q,2021-09-30,1855000000,NetCashProvidedByUsedInOperatingActivities,USD,2022-11-07,10-Q,2021-09-30,through_ocf,True,,,0.131074,0.093015,1.162413,-0.008875,-0.179762
2023Q1,2023-01-25,NSC,702165,NORFOLK SOUTHERN CORPORATION,$2B-$10B,,8290000000,RevenueFromContractWithCustomerExcludingAssessedTax,USD,2022-10-26,10-Q,2021-09-30,673000000,NetIncomeLoss,USD,2022-10-26,10-Q,2021-03-31,38493000000,Assets,USD,2022-10-26,10-Q,2021-12-31,-2116000000,NetCashProvidedByUsedInFinancingActivities,USD,2022-10-26,10-Q,2021-09-30,-847000000,NetCashProvidedByUsedInInvestingActivities,USD,2022-10-26,10-Q,2021-09-30,3313000000,NetCashProvidedByUsedInOperatingActivities,USD,2022-10-26,10-Q,2021-09-30,through_ocf,True,,,0.081182,0.399638,4.643305,-0.255247,-0.102171
2023Q1,2023-02-09,NSIT,932696,"INSIGHT ENTERPRISES, INC.",$2B-$10B,,6870090000,RevenueFromContractWithCustomerExcludingAssessedTax,USD,2022-11-03,10-Q,2021-09-30,157212000,NetIncomeLoss,USD,2022-11-03,10-Q,2021-09-30,4689080000,Assets,USD,2022-11-03,10-Q,2021-12-31,99092000,NetCashProvidedByUsedInFinancingActivities,USD,2022-11-03,10-Q,2021-09-30,1210000,NetCashProvidedByUsedInInvestingActivities,USD,2022-11-03,10-Q,2021-09-30,-117788000,NetCashProvidedByUsedInOperatingActivities,USD,2022-11-03,10-Q,2021-09-30,through_ocf,True,,,0.022884,-0.017145,0.682535,0.014424,0.000176
2023Q1,2023-02-09,NSP,1000753,"Insperity, Inc.",$2B-$10B,,3681834000,RevenueFromContractWithCustomerExcludingAssessedTax,USD,2022-10-31,10-Q,2021-09-30,114372000,NetIncomeLoss,USD,2022-10-31,10-Q,2021-09-30,1753085000,Assets,USD,2022-10-31,10-Q,2021-12-31,-95156000,NetCashProvidedByUsedInFinancingActivities,USD,2022-10-31,10-Q,2021-09-30,-22416000,NetCashProvidedByUsedInInvestingActivities,USD,2022-10-31,10-Q,2021-09-30,54843000,NetCashProvidedByUsedInOperatingActivities,USD,2022-10-31,10-Q,2021-09-30,through_ocf,True,,,0.031064,0.014896,0.476144,-0.025845,-0.006088
2023Q1,2023-02-06,NSSC,69633,"NAPCO SECURITY TECHNOLOGIES, INC",<$100M,,64459000,Revenues,USD,2023-02-06,10-Q,2021-12-31,7752000,NetIncomeLoss,USD,2023-02-06,10-Q,2021-09-30,148576000,Assets,USD,2023-02-06,10-Q,2022-06-30,155000,NetCashProvidedByUsedInFinancingActivities,USD,2023-02-06,10-Q,2021-12-31,-811000,NetCashProvidedByUsedInInvestingActivities,USD,2023-02-06,10-Q,2021-12-31,7801000,NetCashProvidedByUsedInOperatingActivities,USD,2023-02-06,10-Q,2021-12-31,through_ocf,True,,,0.120262,0.121023,2.304969,0.002405,-0.012582
2023Q1,2023-02-22,NTAP,1002047,"NetApp, Inc.",$2B-$10B,,3024000000,RevenueFromContractWithCustomerExcludingAssessedTax,USD,2022-12-01,10-Q,2021-10-29,426000000,NetIncomeLoss,USD,2022-12-01,10-Q,2021-10-29,10026000000,Assets,USD,2022-12-01,10-Q,2022-04-29,-461000000,NetCashProvidedByUsedInFinancingActivities,USD,2022-12-01,10-Q,2021-10-29,-85000000,NetCashProvidedByUsedInInvestingActivities,USD,2022-12-01,10-Q,2021-10-29,540000000,NetCashProvidedByUsedInOperatingActivities,USD,2022-12-01,10-Q,2021-10-29,through_ocf,True,,,0.140873,0.178571,3.315476,-0.152447,-0.028108
2023Q1,2023-01-26,NTCT,1078075,"NETSCOUT SYSTEMS, INC.",$100M-$500M,,402190000,RevenueFromContractWithCustomerExcludingAssessedTax,USD,2022-11-03,10-Q,2021-09-30,-3445000,NetIncomeLoss,USD,2022-11-03,10-Q,2021-09-30,3194709000,Assets,USD,2022-11-03,10-Q,2022-03-31,-43068000,NetCashProvidedByUsedInFinancingActivities,USD,2022-11-03,10-Q,2021-09-30,-2352000,NetCashProvidedByUsedInInvestingActivities,USD,2022-11-03,10-Q,2021-09-30,47339000,NetCashProvidedByUsedInOperatingActivities,USD,2022-11-03,10-Q,2021-09-30,through_ocf,True,,,-0.008566,0.117703,7.943283,-0.107084,-0.005848
2023Q1,2023-02-01,NTGR,1122904,"NETGEAR, Inc.",$500M-$1B,,916886000,RevenueFromContractWithCustomerExcludingAssessedTax,USD,2022-11-04,10-Q,2021-10-03,22960000,NetIncomeLoss,USD,2022-11-04,10-Q,2021-03-28,1078531000,Assets,USD,2022-11-04,10-Q,2021-12-31,-47262000,NetCashProvidedByUsedInFinancingActivities,USD,2022-11-04,10-Q,2021-10-03,-7433000,NetCashProvidedByUsedInInvestingActivities,USD,2022-11-04,10-Q,2021-10-03,-8498000,NetCashProvidedByUsedInOperatingActivities,USD,2022-11-04,10-Q,2021-10-03,through_ocf,True,,,0.025041,-0.009268,1.176298,-0.051546,-0.008107
2023Q1,2023-03-06,NTNX,1618732,"NUTANIX, INC.",$100M-$500M,,378517000,RevenueFromContractWithCustomerExcludingAssessedTax,USD,2022-12-07,10-Q,2021-10-31,-419852000,NetIncomeLoss,USD,2022-12-07,10-Q,2021-10-31,2365749000,Assets,USD,2022-12-07,10-Q,2022-07-31,67259000,NetCashProvidedByUsedInFinancingActivities,USD,2022-12-07,10-Q,2021-10-31,-8871000,NetCashProvidedByUsedInInvestingActivities,USD,2022-12-07,10-Q,2021-10-31,6939000,NetCashProvidedByUsedInOperatingActivities,USD,2022-12-07,10-Q,2021-10-31,through_ocf,True,,,-1.109202,0.018332,6.250047,0.177691,-0.023436
2023Q1,2023-02-28,NTRA,1604821,"NATERA, INC.",$100M-$500M,,452458000,RevenueFromContractWithCustomerExcludingAssessedTax,USD,2022-11-09,10-Q,2021-09-30,-331152000,NetIncomeLoss,USD,2022-11-09,10-Q,2021-09-30,1236487000,Assets,USD,2022-11-09,10-Q,2021-12-31,567673000,NetCashProvidedByUsedInFinancingActivities,USD,2022-11-09,10-Q,2021-09-30,-284697000,NetCashProvidedByUsedInInvestingActivities,USD,2022-11-09,10-Q,2021-09-30,-236500000,NetCashProvidedByUsedInOperatingActivities,USD,2022-11-09,10-Q,2021-09-30,through_ocf,True,,,-0.731896,-0.5227,2.732822,1.254642,-0.629223
2023Q1,2023-01-19,NTRS,73124,NORTHERN TRUST CORPORATION,$2B-$10B,,3250100000,RevenueFromContractWithCustomerExcludingAssessedTax,USD,2022-10-25,10-Q,2021-09-30,375100000,NetIncomeLoss,USD,2022-10-25,10-Q,2021-03-31,183889800000,Assets,USD,2022-10-25,10-Q,2021-12-31,430000000,NetCashProvidedByUsedInFinancingActivities,USD,2022-10-25,10-Q,2021-09-30,188400000,NetCashProvidedByUsedInInvestingActivities,USD,2022-10-25,10-Q,2021-09-30,-685900000,NetCashProvidedByUsedInOperatingActivities,USD,2022-10-25,10-Q,2021-09-30,through_ocf,True,,,0.115412,-0.21104,56.579736,0.132304,0.057967
2023Q1,2023-01-26,NUE,73309,NUCOR CORP,>$10B,,26119527000,Revenues,USD,2022-11-09,10-Q,2021-10-02,4577043000,NetIncomeLoss,USD,2022-11-09,10-Q,2021-10-02,25823072000,Assets,USD,2022-11-09,10-Q,2021-12-31,-1954865000,NetCashProvidedByUsedInFinancingActivities,USD,2022-11-09,10-Q,2021-10-02,-2376509000,NetCashProvidedByUsedInInvestingActivities,USD,2022-11-09,10-Q,2021-10-02,3620363000,NetCashProvidedByUsedInOperatingActivities,USD,2022-11-09,10-Q,2021-10-02,through_ocf,True,,,0.175235,0.138608,0.98865,-0.074843,-0.090986
2023Q1,2023-02-15,NUS,1021561,"NU SKIN ENTERPRISES, INC.",$2B-$10B,,2022233000,RevenueFromContractWithCustomerExcludingAssessedTax,USD,2022-11-03,10-Q,2021-09-30,156497000,NetIncomeLoss,USD,2022-11-03,10-Q,2021-09-30,1906480000,Assets,USD,2022-11-03,10-Q,2021-12-31,-68786000,NetCashProvidedByUsedInFinancingActivities,USD,2022-11-03,10-Q,2021-09-30,-73149000,NetCashProvidedByUsedInInvestingActivities,USD,2022-11-03,10-Q,2021-09-30,32073000,NetCashProvidedByUsedInOperatingActivities,USD,2022-11-03,10-Q,2021-09-30,through_ocf,True,,,0.077388,0.01586,0.94276,-0.034015,-0.036172
2023Q1,2023-01-09,NVCR,1645113,NovoCure Limited,$100M-$500M,,401818000,Revenues,USD,2022-10-27,10-Q,2021-09-30,-4128000,NetIncomeLoss,USD,2022-10-27,10-Q,2021-03-31,1139495000,Assets,USD,2022-10-27,10-Q,2021-12-31,22050000,NetCashProvidedByUsedInFinancingActivities,USD,2022-10-27,10-Q,2021-09-30,354256000,NetCashProvidedByUsedInInvestingActivities,USD,2022-10-27,10-Q,2021-09-30,68352000,NetCashProvidedByUsedInOperatingActivities,USD,2022-10-27,10-Q,2021-09-30,through_ocf,True,,,-0.010273,0.170107,2.835849,0.054876,0.881633
2023Q1,2023-02-22,NVDA,1045810,NVIDIA CORP,>$10B,,19271000000,Revenues,USD,2022-11-18,10-Q,2021-10-31,6749000000,NetIncomeLoss,USD,2022-11-18,10-Q,2021-10-31,44187000000,Assets,USD,2022-11-18,10-Q,2022-01-30,2610000000,NetCashProvidedByUsedInFinancingActivities,USD,2022-11-18,10-Q,2021-10-31,-8244000000,NetCashProvidedByUsedInInvestingActivities,USD,2022-11-18,10-Q,2021-10-31,6075000000,NetCashProvidedByUsedInOperatingActivities,USD,2022-11-18,10-Q,2021-10-31,through_ocf,True,,,0.350215,0.315241,2.292927,0.135437,-0.427793
2023Q1,2023-01-31,NVR,906163,"NVR, Inc.",$2B-$10B,,6720684000,Revenues,USD,2022-11-04,10-Q,2021-09-30,902138000,NetIncomeLoss,USD,2022-11-04,10-Q,2021-09-30,5834475000,Assets,USD,2022-11-04,10-Q,2021-12-31,-1032028000,NetCashProvidedByUsedInFinancingActivities,USD,2022-11-04,10-Q,2021-09-30,-11986000,NetCashProvidedByUsedInInvestingActivities,USD,2022-11-04,10-Q,2021-09-30,982292000,NetCashProvidedByUsedInOperatingActivities,USD,2022-11-04,10-Q,2021-09-30,through_ocf,True,,,0.134233,0.14616,0.868137,-0.15356,-0.001783
2023Q1,2023-02-27,NVRI,45876,ENVIRI CORPORATION,$1B-$2B,,1386324000,Revenues,USD,2022-11-01,10-Q,2021-09-30,21087000,NetIncomeLoss,USD,2022-11-01,10-Q,2021-09-30,3053908000,Assets,USD,2022-11-01,10-Q,2021-12-31,44228000,NetCashProvidedByUsedInFinancingActivities,USD,2022-11-01,10-Q,2021-09-30,-88765000,NetCashProvidedByUsedInInvestingActivities,USD,2022-11-01,10-Q,2021-09-30,46750000,NetCashProvidedByUsedInOperatingActivities,USD,2022-11-01,10-Q,2021-09-30,through_ocf,True,,,0.015211,0.033722,2.202882,0.031903,-0.064029
2023Q1,2023-02-10,NWL,814453,NEWELL BRANDS INC.,$2B-$10B,,7784000000,RevenueFromContractWithCustomerExcludingAssessedTax,USD,2022-10-28,10-Q,2021-09-30,476000000,NetIncomeLoss,USD,2022-10-28,10-Q,2021-09-30,14179000000,Assets,USD,2022-10-28,10-Q,2021-12-31,-800000000,NetCashProvidedByUsedInFinancingActivities,USD,2022-10-28,10-Q,2021-09-30,-180000000,NetCashProvidedByUsedInInvestingActivities,USD,2022-10-28,10-Q,2021-09-30,490000000,NetCashProvidedByUsedInOperatingActivities,USD,2022-10-28,10-Q,2021-09-30,through_ocf,True,,,0.061151,0.06295,1.821557,-0.102775,-0.023124
2023Q1,2023-02-24,NWN,1733998,NORTHWEST NATURAL HOLDING COMPANY,$500M-$1B,,773679000,Revenues,USD,2023-02-24,10-K,2020-12-31,76781000,NetIncomeLoss,USD,2023-02-24,10-K,2020-12-31,4064604000,Assets,USD,2023-02-24,10-K,2021-12-31,171777000,NetCashProvidedByUsedInFinancingActivities,USD,2023-02-24,10-K,2020-12-31,-294277000,NetCashProvidedByUsedInInvestingActivities,USD,2023-02-24,10-K,2020-12-31,145318000,NetCashProvidedByUsedInOperatingActivities,USD,2023-02-24,10-K,2020-12-31,through_ocf,True,,,0.099241,0.187827,5.253605,0.222026,-0.380361
2023Q1,2023-02-09,NWS,1564708,NEWS CORPORATION,$2B-$10B,,2502000000,RevenueFromContractWithCustomerExcludingAssessedTax,USD,2022-11-09,10-Q,2021-09-30,196000000,NetIncomeLoss,USD,2022-11-09,10-Q,2021-09-30,17221000000,Assets,USD,2022-11-09,10-Q,2022-06-30,-85000000,NetCashProvidedByUsedInFinancingActivities,USD,2022-11-09,10-Q,2021-09-30,-95000000,NetCashProvidedByUsedInInvestingActivities,USD,2022-11-09,10-Q,2021-09-30,68000000,NetCashProvidedByUsedInOperatingActivities,USD,2022-11-09,10-Q,2021-09-30,through_ocf,True,,,0.078337,0.027178,6.882894,-0.033973,-0.03797
2023Q1,2023-02-09,NWSA,1564708,NEWS CORPORATION,$2B-$10B,,2502000000,RevenueFromContractWithCustomerExcludingAssessedTax,USD,2022-11-09,10-Q,2021-09-30,196000000,NetIncomeLoss,USD,2022-11-09,10-Q,2021-09-30,17221000000,Assets,USD,2022-11-09,10-Q,2022-06-30,-85000000,NetCashProvidedByUsedInFinancingActivities,USD,2022-11-09,10-Q,2021-09-30,-95000000,NetCashProvidedByUsedInInvestingActivities,USD,2022-11-09,10-Q,2021-09-30,68000000,NetCashProvidedByUsedInOperatingActivities,USD,2022-11-09,10-Q,2021-09-30,through_ocf,True,,,0.078337,0.027178,6.882894,-0.033973,-0.03797
2023Q1,2023-01-31,NXPI,1413447,NXP Semiconductors N.V.,$2B-$10B,,8024000000,RevenueFromContractWithCustomerExcludingAssessedTax,USD,2022-11-01,10-Q,2021-10-03,1269000000,NetIncomeLoss,USD,2022-11-01,10-Q,2021-10-03,20864000000,Assets,USD,2022-11-01,10-Q,2021-12-31,-1640000000,NetCashProvidedByUsedInFinancingActivities,USD,2022-11-01,10-Q,2021-10-03,-618000000,NetCashProvidedByUsedInInvestingActivities,USD,2022-11-01,10-Q,2021-10-03,2292000000,NetCashProvidedByUsedInOperatingActivities,USD,2022-11-01,10-Q,2021-10-03,through_ocf,True,,,0.158151,0.285643,2.600199,-0.204387,-0.077019
2023Q1,2023-02-28,NXST,1142417,"NEXSTAR MEDIA GROUP, INC.",$2B-$10B,,4501300000,RevenueFromContractWithCustomerExcludingAssessedTax,USD,2023-02-28,10-K,2020-12-31,811500000,NetIncomeLoss,USD,2023-02-28,10-K,2020-12-31,13264500000,Assets,USD,2023-02-28,10-K,2021-12-31,-1293800000,NetCashProvidedByUsedInFinancingActivities,USD,2023-02-28,10-K,2020-12-31,-39800000,NetCashProvidedByUsedInInvestingActivities,USD,2023-02-28,10-K,2020-12-31,1254200000,NetCashProvidedByUsedInOperatingActivities,USD,2023-02-28,10-K,2020-12-31,through_ocf,True,,,0.180281,0.278631,2.946815,-0.287428,-0.008842
2023Q1,2023-02-01,ODFL,878927,"OLD DOMINION FREIGHT LINE, INC.",$500M-$1B,,754096000,SalesRevenueServicesNet,USD,2018-05-07,10-Q,2017-03-31,755569000,NetIncomeLoss,USD,2022-11-03,10-Q,2021-09-30,4821544000,Assets,USD,2022-11-03,10-Q,2021-12-31,-673102000,NetCashProvidedByUsedInFinancingActivities,USD,2022-11-03,10-Q,2021-09-30,-261182000,NetCashProvidedByUsedInInvestingActivities,USD,2022-11-03,10-Q,2021-09-30,872615000,NetCashProvidedByUsedInOperatingActivities,USD,2022-11-03,10-Q,2021-09-30,through_ocf,True,,,1.001953,1.157167,6.393807,-0.892595,-0.346351
2023Q1,2023-01-09,OFIX,884624,ORTHOFIX MEDICAL INC.,$100M-$500M,,339415000,RevenueFromContractWithCustomerExcludingAssessedTax,USD,2022-11-03,10-Q,2021-09-30,-5816000,NetIncomeLoss,USD,2022-11-03,10-Q,2021-03-31,476623000,Assets,USD,2022-11-03,10-Q,2021-12-31,-5673000,NetCashProvidedByUsedInFinancingActivities,USD,2022-11-03,10-Q,2021-09-30,-14031000,NetCashProvidedByUsedInInvestingActivities,USD,2022-11-03,10-Q,2021-09-30,6696000,NetCashProvidedByUsedInOperatingActivities,USD,2022-11-03,10-Q,2021-09-30,through_ocf,True,,,-0.017135,0.019728,1.404248,-0.016714,-0.041339
2023Q1,2023-01-24,OGS,1587732,"ONE Gas, Inc.",$1B-$2B,,1652730000,Revenues,USD,2022-02-24,10-K,2019-12-31,95575000,NetIncomeLoss,USD,2022-11-01,10-Q,2021-03-31,8402120000,Assets,USD,2022-11-01,10-Q,2021-12-31,1908450000,NetCashProvidedByUsedInFinancingActivities,USD,2022-11-01,10-Q,2021-09-30,-349399000,NetCashProvidedByUsedInInvestingActivities,USD,2022-11-01,10-Q,2021-09-30,-1560577000,NetCashProvidedByUsedInOperatingActivities,USD,2022-11-01,10-Q,2021-09-30,through_ocf,True,,,0.057829,-0.944242,5.083783,1.154726,-0.211407
2023Q1,2023-01-31,OI,812074,"O-I GLASS, INC.",$2B-$10B,,3366000000,Revenues,USD,2018-07-24,10-Q,2017-06-30,106000000,NetIncomeLoss,USD,2022-11-02,10-Q,2021-09-30,8766000000,Assets,USD,2022-11-02,10-Q,2021-09-30,-171000000,NetCashProvidedByUsedInFinancingActivities,USD,2022-11-02,10-Q,2021-09-30,-202000000,NetCashProvidedByUsedInInvestingActivities,USD,2022-11-02,10-Q,2021-09-30,456000000,NetCashProvidedByUsedInOperatingActivities,USD,2022-11-02,10-Q,2021-09-30,through_ocf,True,,,0.031491,0.135472,2.604278,-0.050802,-0.060012
2023Q1,2023-02-23,OII,73756,OCEANEERING INTERNATIONAL INC,$1B-$2B,,1402566000,Revenues,USD,2022-10-28,10-Q,2021-09-30,-9365000,ProfitLoss,USD,2022-10-28,10-Q,2021-03-31,1962859000,Assets,USD,2022-10-28,10-Q,2021-12-31,-64737000,NetCashProvidedByUsedInFinancingActivities,USD,2022-10-28,10-Q,2021-09-30,-22936000,NetCashProvidedByUsedInInvestingActivities,USD,2022-10-28,10-Q,2021-09-30,85319000,NetCashProvidedByUsedInOperatingActivities,USD,2022-10-28,10-Q,2021-09-30,through_ocf,True,,,-0.006677,0.060831,1.399477,-0.046156,-0.016353
2023Q1,2023-02-27,OKE,1039684,"ONEOK, Inc.",>$10B,,11119818000,Revenues,USD,2022-11-02,10-Q,2021-09-30,386176000,ProfitLoss,USD,2022-11-02,10-Q,2021-03-31,23872331000,Assets,USD,2022-11-02,10-Q,2021-09-30,-1315894000,NetCashProvidedByUsedInFinancingActivities,USD,2022-11-02,10-Q,2021-09-30,-475427000,NetCashProvidedByUsedInInvestingActivities,USD,2022-11-02,10-Q,2021-09-30,1491162000,NetCashProvidedByUsedInOperatingActivities,USD,2022-11-02,10-Q,2021-09-30,through_ocf,True,,,0.034729,0.134099,2.146827,-0.118338,-0.042755
2023Q1,2023-03-01,OKTA,1660134,"Okta, Inc.",$500M-$1B,,917186000,RevenueFromContractWithCustomerExcludingAssessedTax,USD,2022-12-01,10-Q,2021-10-31,-607225000,NetIncomeLoss,USD,2022-12-01,10-Q,2021-10-31,9205695000,Assets,USD,2022-12-01,10-Q,2022-01-31,58447000,NetCashProvidedByUsedInFinancingActivities,USD,2022-12-01,10-Q,2021-10-31,-210102000,NetCashProvidedByUsedInInvestingActivities,USD,2022-12-01,10-Q,2021-10-31,90587000,NetCashProvidedByUsedInOperatingActivities,USD,2022-12-01,10-Q,2021-10-31,through_ocf,True,,,-0.662052,0.098766,10.03689,0.063724,-0.229072
2023Q1,2023-01-10,OLED,1005284,UNIVERSAL DISPLAY CORPORATION,$100M-$500M,,407278000,Revenues,USD,2022-11-03,10-Q,2021-09-30,138337000,NetIncomeLoss,USD,2022-11-03,10-Q,2021-09-30,1466919000,Assets,USD,2022-11-03,10-Q,2021-12-31,-42191000,NetCashProvidedByUsedInFinancingActivities,USD,2022-11-03,10-Q,2021-09-30,-186990000,NetCashProvidedByUsedInInvestingActivities,USD,2022-11-03,10-Q,2021-09-30,134326000,NetCashProvidedByUsedInOperatingActivities,USD,2022-11-03,10-Q,2021-09-30,through_ocf,True,,,0.339662,0.329814,3.601763,-0.103593,-0.459121
2023Q1,2023-03-22,OLLI,1639300,"Ollie’s Bargain Outlet Holdings, Inc.",$1B-$2B,,1251860000,RevenueFromContractWithCustomerExcludingAssessedTax,USD,2022-12-07,10-Q,2021-10-30,112728000,NetIncomeLoss,USD,2022-12-07,10-Q,2021-10-30,1946563000,Assets,USD,2022-12-07,10-Q,2021-10-30,-193578000,NetCashProvidedByUsedInFinancingActivities,USD,2022-12-07,10-Q,2021-10-30,-26513000,NetCashProvidedByUsedInInvestingActivities,USD,2022-12-07,10-Q,2021-10-30,2691000,NetCashProvidedByUsedInOperatingActivities,USD,2022-12-07,10-Q,2021-10-30,through_ocf,True,,,0.090048,0.00215,1.554937,-0.154632,-0.021179
2023Q1,2023-02-07,OMC,29989,OMNICOM GROUP INC.,>$10B,,10433600000,Revenues,USD,2022-10-19,10-Q,2021-09-30,991600000,NetIncomeLoss,USD,2022-10-19,10-Q,2021-09-30,28421800000,Assets,USD,2022-10-19,10-Q,2021-12-31,-1338400000,NetCashProvidedByUsedInFinancingActivities,USD,2022-10-19,10-Q,2021-09-30,48100000,NetCashProvidedByUsedInInvestingActivities,USD,2022-10-19,10-Q,2021-09-30,238600000,NetCashProvidedByUsedInOperatingActivities,USD,2022-10-19,10-Q,2021-09-30,through_ocf,True,,,0.095039,0.022868,2.724065,-0.128278,0.00461
2023Q1,2023-02-28,OMCL,926326,"OMNICELL, INC.",$500M-$1B,,820984000,RevenueFromContractWithCustomerExcludingAssessedTax,USD,2022-11-04,10-Q,2021-09-30,14127000,NetIncomeLoss,USD,2022-11-04,10-Q,2021-03-31,2142496000,Assets,USD,2022-11-04,10-Q,2021-12-31,40697000,NetCashProvidedByUsedInFinancingActivities,USD,2022-11-04,10-Q,2021-09-30,-220113000,NetCashProvidedByUsedInInvestingActivities,USD,2022-11-04,10-Q,2021-09-30,172177000,NetCashProvidedByUsedInOperatingActivities,USD,2022-11-04,10-Q,2021-09-30,through_ocf,True,,,0.017207,0.20972,2.609668,0.049571,-0.268109
2023Q1,2023-02-06,ON,1097864,ON Semiconductor Corporation,$2B-$10B,,5255000000,RevenueFromContractWithCustomerExcludingAssessedTax,USD,2023-02-06,10-K,2020-12-31,234200000,NetIncomeLoss,USD,2023-02-06,10-K,2020-12-31,9626000000,Assets,USD,2023-02-06,10-K,2021-12-31,-244000000,NetCashProvidedByUsedInFinancingActivities,USD,2023-02-06,10-K,2020-12-31,-453600000,NetCashProvidedByUsedInInvestingActivities,USD,2023-02-06,10-K,2020-12-31,884300000,NetCashProvidedByUsedInOperatingActivities,USD,2023-02-06,10-K,2020-12-31,through_ocf,True,,,0.044567,0.168278,1.831779,-0.046432,-0.086318
2023Q1,2023-01-24,ONB,707179,Old National Bancorp /IN/,$100M-$500M,,130804000,RevenueFromContractWithCustomerExcludingAssessedTax,USD,2022-02-10,10-K,2019-12-31,86818000,NetIncomeLoss,USD,2022-11-02,10-Q,2021-03-31,24453564000,Assets,USD,2022-11-02,10-Q,2021-12-31,943240000,NetCashProvidedByUsedInFinancingActivities,USD,2022-11-02,10-Q,2021-09-30,-1000167000,NetCashProvidedByUsedInInvestingActivities,USD,2022-11-02,10-Q,2021-09-30,264673000,NetCashProvidedByUsedInOperatingActivities,USD,2022-11-02,10-Q,2021-09-30,through_ocf,True,,,0.663726,2.023432,186.948136,7.211094,-7.646303
2023Q1,2023-02-27,ONC,1651308,BEONE MEDICINES LTD.,$100M-$500M,,308874000,RevenueFromContractWithCustomerExcludingAssessedTax,USD,2023-02-27,10-K,2020-12-31,-1624974000,NetIncomeLoss,USD,2023-02-27,10-K,2020-12-31,8535525000,Assets,USD,2023-02-27,10-K,2021-12-31,5202826000,NetCashProvidedByUsedInFinancingActivities,USD,2023-02-27,10-K,2020-12-31,-3168366000,NetCashProvidedByUsedInInvestingActivities,USD,2023-02-27,10-K,2020-12-31,-1283461000,NetCashProvidedByUsedInOperatingActivities,USD,2023-02-27,10-K,2020-12-31,through_ocf,True,,,-5.260961,-4.15529,27.634327,16.844493,-10.257794
2023Q1,2023-02-02,ONEW,1772921,OneWater Marine Inc.,$1B-$2B,,1022970000,RevenueFromContractWithCustomerExcludingAssessedTax,USD,2022-12-15,10-K,2020-09-30,17425000,NetIncomeLoss,USD,2022-12-15,10-K,2020-09-30,720614000,Assets,USD,2022-12-15,10-K,2021-09-30,-151144000,NetCashProvidedByUsedInFinancingActivities,USD,2022-12-15,10-K,2020-09-30,-4672000,NetCashProvidedByUsedInInvestingActivities,USD,2022-12-15,10-K,2020-09-30,212477000,NetCashProvidedByUsedInOperatingActivities,USD,2022-12-15,10-K,2020-09-30,through_ocf,True,,,0.017034,0.207706,0.704433,-0.14775,-0.004567
2023Q1,2023-02-09,ONTO,704532,ONTO INNOVATION INC.,$500M-$1B,,563255000,RevenueFromContractWithCustomerExcludingAssessedTax,USD,2022-11-10,10-Q,2021-09-25,24113000,NetIncomeLoss,USD,2022-11-10,10-Q,2021-03-27,1649813000,Assets,USD,2022-11-10,10-Q,2022-01-01,-371000,NetCashProvidedByUsedInFinancingActivities,USD,2022-11-10,10-Q,2021-09-25,-110928000,NetCashProvidedByUsedInInvestingActivities,USD,2022-11-10,10-Q,2021-09-25,126280000,NetCashProvidedByUsedInOperatingActivities,USD,2022-11-10,10-Q,2021-09-25,through_ocf,True,,,0.04281,0.224197,2.929069,-0.000659,-0.196941
2023Q1,2023-02-23,OPCH,1014739,"OPTION CARE HEALTH, INC.",$2B-$10B,,3032610000,RevenueFromContractWithCustomerExcludingAssessedTax,USD,2023-02-23,10-K,2020-12-31,-8076000,NetIncomeLoss,USD,2023-02-23,10-K,2020-12-31,2790918000,Assets,USD,2023-02-23,10-K,2021-12-31,-68849000,NetCashProvidedByUsedInFinancingActivities,USD,2023-02-23,10-K,2020-12-31,-26334000,NetCashProvidedByUsedInInvestingActivities,USD,2023-02-23,10-K,2020-12-31,127392000,NetCashProvidedByUsedInOperatingActivities,USD,2023-02-23,10-K,2020-12-31,through_ocf,True,,,-0.002663,0.042007,0.920302,-0.022703,-0.008684
2023Q1,2023-02-21,OPLN,1395942,"OPENLANE, Inc.",$1B-$2B,,1092900000,Revenues,USD,2022-11-02,10-Q,2021-09-30,61400000,NetIncomeLoss,USD,2022-11-02,10-Q,2021-09-30,7450700000,Assets,USD,2022-11-02,10-Q,2021-12-31,88900000,NetCashProvidedByUsedInFinancingActivities,USD,2021-11-03,10-Q,2020-09-30,263600000,NetCashProvidedByUsedInInvestingActivities,USD,2021-11-03,10-Q,2020-09-30,431900000,NetCashProvidedByUsedInOperatingActivities,USD,2021-11-03,10-Q,2020-09-30,through_ocf,True,,,0.056181,0.395187,6.817367,0.081343,0.241193
2023Q1,2023-02-22,OPTU,1702780,"Optimum Communications, Inc.",$2B-$10B,,7569711000,Revenues,USD,2022-11-02,10-Q,2021-09-30,274136000,NetIncomeLoss,USD,2022-11-02,10-Q,2021-03-31,33215034000,Assets,USD,2022-11-02,10-Q,2021-12-31,-1035513000,NetCashProvidedByUsedInFinancingActivities,USD,2022-11-02,10-Q,2021-09-30,-1187796000,NetCashProvidedByUsedInInvestingActivities,USD,2022-11-02,10-Q,2021-09-30,2177479000,NetCashProvidedByUsedInOperatingActivities,USD,2022-11-02,10-Q,2021-09-30,through_ocf,True,,,0.036215,0.287657,4.387887,-0.136797,-0.156914
2023Q1,2023-03-01,ORGO,1661181,ORGANOGENESIS HOLDINGS INC.,$100M-$500M,,338298000,Revenues,USD,2023-03-01,10-K,2020-12-31,17234000,NetIncomeLoss,USD,2023-03-01,10-K,2020-12-31,443259000,Assets,USD,2023-03-01,10-K,2021-12-31,42468000,NetCashProvidedByUsedInFinancingActivities,USD,2023-03-01,10-K,2020-12-31,-23498000,NetCashProvidedByUsedInInvestingActivities,USD,2023-03-01,10-K,2020-12-31,5466000,NetCashProvidedByUsedInOperatingActivities,USD,2023-03-01,10-K,2020-12-31,through_ocf,True,,,0.050943,0.016157,1.310262,0.125534,-0.069459
2023Q1,2023-02-08,ORLY,898173,O Reilly Automotive Inc,>$10B,,10036070000,RevenueFromContractWithCustomerExcludingAssessedTax,USD,2022-11-08,10-Q,2021-09-30,1645712000,NetIncomeLoss,USD,2022-11-08,10-Q,2021-09-30,11718707000,Assets,USD,2022-11-08,10-Q,2021-12-31,-2243517000,NetCashProvidedByUsedInFinancingActivities,USD,2022-11-08,10-Q,2021-09-30,-337736000,NetCashProvidedByUsedInInvestingActivities,USD,2022-11-08,10-Q,2021-09-30,2565327000,NetCashProvidedByUsedInOperatingActivities,USD,2022-11-08,10-Q,2021-09-30,through_ocf,True,,,0.16398,0.255611,1.167659,-0.223545,-0.033652
2023Q1,2023-03-15,ORN,1402829,"ORION GROUP HOLDINGS, INC.",$100M-$500M,,439091000,RevenueFromContractWithCustomerExcludingAssessedTax,USD,2022-10-28,10-Q,2021-09-30,928000,NetIncomeLoss,USD,2022-10-28,10-Q,2021-03-31,351750000,Assets,USD,2022-10-28,10-Q,2021-12-31,-19425000,NetCashProvidedByUsedInFinancingActivities,USD,2022-10-28,10-Q,2021-09-30,14489000,NetCashProvidedByUsedInInvestingActivities,USD,2022-10-28,10-Q,2021-09-30,4240000,NetCashProvidedByUsedInOperatingActivities,USD,2022-10-28,10-Q,2021-09-30,through_ocf,True,,,0.002113,0.009656,0.801087,-0.044239,0.032998
2023Q1,2023-01-09,OSCR,1568651,"Oscar Health, Inc.",$1B-$2B,,1342648000,Revenues,USD,2022-11-09,10-Q,2021-09-30,-373685000,NetIncomeLoss,USD,2022-11-09,10-Q,2021-09-30,3321650000,Assets,USD,2022-11-09,10-Q,2021-12-31,1225739000,NetCashProvidedByUsedInFinancingActivities,USD,2022-11-09,10-Q,2021-09-30,-754678000,NetCashProvidedByUsedInInvestingActivities,USD,2022-11-09,10-Q,2021-09-30,-216224000,NetCashProvidedByUsedInOperatingActivities,USD,2022-11-09,10-Q,2021-09-30,through_ocf,True,,,-0.278319,-0.161043,2.473954,0.912927,-0.562082
2023Q1,2023-01-26,OSIS,1039065,"OSI SYSTEMS, INC.",$500M-$1B,,829660000,Revenues,USD,2018-08-28,10-K,2016-06-30,19052000,ProfitLoss,USD,2022-10-28,10-Q,2021-09-30,1443150000,Assets,USD,2022-10-28,10-Q,2021-09-30,-7205000,NetCashProvidedByUsedInFinancingActivities,USD,2022-10-28,10-Q,2021-09-30,-7834000,NetCashProvidedByUsedInInvestingActivities,USD,2022-10-28,10-Q,2021-09-30,-11019000,NetCashProvidedByUsedInOperatingActivities,USD,2022-10-28,10-Q,2021-09-30,through_ocf,True,,,0.022964,-0.013281,1.739447,-0.008684,-0.009442
2023Q1,2023-02-14,OSUR,1116463,"ORASURE TECHNOLOGIES, INC",$100M-$500M,,170106000,RevenueFromContractWithCustomerExcludingAssessedTax,USD,2022-11-08,10-Q,2021-09-30,3774000,NetIncomeLoss,USD,2022-11-08,10-Q,2021-03-31,460990000,Assets,USD,2022-11-08,10-Q,2021-12-31,-3052000,NetCashProvidedByUsedInFinancingActivities,USD,2022-11-08,10-Q,2021-09-30,776000,NetCashProvidedByUsedInInvestingActivities,USD,2022-11-08,10-Q,2021-09-30,-22598000,NetCashProvidedByUsedInOperatingActivities,USD,2022-11-08,10-Q,2021-09-30,through_ocf,True,,,0.022186,-0.132847,2.710016,-0.017942,0.004562
2023Q1,2023-02-22,OSW,1758488,OneSpaWorld Holdings Limited,<$100M,,58380000,Revenues,USD,2022-11-03,10-Q,2021-09-30,-57605000,NetIncomeLoss,USD,2022-11-03,10-Q,2021-09-30,688868000,Assets,USD,2022-11-03,10-Q,2021-12-31,24003000,NetCashProvidedByUsedInFinancingActivities,USD,2022-11-03,10-Q,2021-09-30,-1306000,NetCashProvidedByUsedInInvestingActivities,USD,2022-11-03,10-Q,2021-09-30,-31460000,NetCashProvidedByUsedInOperatingActivities,USD,2022-11-03,10-Q,2021-09-30,through_ocf,True,,,-0.986725,-0.538883,11.799726,0.411151,-0.022371
2023Q1,2023-02-02,OTEX,1002638,Open Text Corp,$1B-$2B,,1709107000,RevenueFromContractWithCustomerExcludingAssessedTax,USD,2023-02-02,10-Q,2021-12-31,220213000,NetIncomeLoss,USD,2023-02-02,10-Q,2021-12-31,10178973000,Assets,USD,2023-02-02,10-Q,2022-06-30,419813000,NetCashProvidedByUsedInFinancingActivities,USD,2023-02-02,10-Q,2021-12-31,-896118000,NetCashProvidedByUsedInInvestingActivities,USD,2023-02-02,10-Q,2021-12-31,406313000,NetCashProvidedByUsedInOperatingActivities,USD,2023-02-02,10-Q,2021-12-31,through_ocf,True,,,0.128847,0.237734,5.955726,0.245633,-0.524319
2023Q1,2023-02-01,OTIS,1781335,OTIS WORLDWIDE CORPORATION,>$10B,,10729000000,RevenueFromContractWithCustomerExcludingAssessedTax,USD,2022-10-27,10-Q,2021-09-30,965000000,NetIncomeLoss,USD,2022-10-27,10-Q,2021-09-30,12279000000,Assets,USD,2022-10-27,10-Q,2021-12-31,-1621000000,NetCashProvidedByUsedInFinancingActivities,USD,2022-10-27,10-Q,2021-09-30,-69000000,NetCashProvidedByUsedInInvestingActivities,USD,2022-10-27,10-Q,2021-09-30,1473000000,NetCashProvidedByUsedInOperatingActivities,USD,2022-10-27,10-Q,2021-09-30,through_ocf,True,,,0.089943,0.137291,1.144468,-0.151086,-0.006431
2023Q1,2023-02-14,OTTR,1466593,OTTER TAIL CORPORATION,$500M-$1B,,863612000,Revenues,USD,2022-11-02,10-Q,2021-09-30,125152000,NetIncomeLoss,USD,2022-11-02,10-Q,2021-09-30,2754830000,Assets,USD,2022-11-02,10-Q,2021-12-31,-37559000,NetCashProvidedByUsedInFinancingActivities,USD,2022-11-02,10-Q,2021-09-30,-117084000,NetCashProvidedByUsedInInvestingActivities,USD,2022-11-02,10-Q,2021-09-30,154752000,NetCashProvidedByUsedInOperatingActivities,USD,2022-11-02,10-Q,2021-09-30,through_ocf,True,,,0.144917,0.179192,3.189893,-0.043491,-0.135575
2023Q1,2023-02-22,OUT,1579877,OUTFRONT Media Inc.,$500M-$1B,,999400000,Revenues,USD,2022-11-04,10-Q,2021-09-30,-35500000,NetIncomeLoss,USD,2022-11-04,10-Q,2021-09-30,5924700000,Assets,USD,2022-11-04,10-Q,2021-12-31,-140500000,NetCashProvidedByUsedInFinancingActivities,USD,2022-11-04,10-Q,2021-09-30,-106500000,NetCashProvidedByUsedInInvestingActivities,USD,2022-11-04,10-Q,2021-09-30,45100000,NetCashProvidedByUsedInOperatingActivities,USD,2022-11-04,10-Q,2021-09-30,through_ocf,True,,,-0.035521,0.045127,5.928257,-0.140584,-0.106564
2023Q1,2023-02-08,PAHC,1069899,Phibro Animal Health Corporation,$100M-$500M,,447377000,RevenueFromContractWithCustomerExcludingAssessedTax,USD,2023-02-08,10-Q,2021-12-31,23999000,NetIncomeLoss,USD,2023-02-08,10-Q,2021-12-31,931699000,Assets,USD,2023-02-08,10-Q,2022-06-30,-6311000,NetCashProvidedByUsedInFinancingActivities,USD,2023-02-08,10-Q,2021-12-31,-3098000,NetCashProvidedByUsedInInvestingActivities,USD,2023-02-08,10-Q,2021-12-31,23943000,NetCashProvidedByUsedInOperatingActivities,USD,2023-02-08,10-Q,2021-12-31,through_ocf,True,,,0.053644,0.053519,2.082581,-0.014107,-0.006925
2023Q1,2023-03-15,PANL,1606909,PANGAEA LOGISTICS SOLUTIONS LTD.,$100M-$500M,,125000000,RevenueFromContractWithCustomerExcludingAssessedTax,USD,2023-03-15,10-K,2021-03-31,5800000,NetIncomeLoss,USD,2023-03-15,10-K,2021-03-31,707024006,Assets,USD,2023-03-15,10-K,2021-12-31,143858760,NetCashProvidedByUsedInFinancingActivities,USD,2023-03-15,10-K,2021-12-31,-197792380,NetCashProvidedByUsedInInvestingActivities,USD,2023-03-15,10-K,2021-12-31,61745306,NetCashProvidedByUsedInOperatingActivities,USD,2023-03-15,10-K,2021-12-31,through_ocf,True,,,0.0464,0.493962,5.656192,1.15087,-1.582339
2023Q1,2023-02-21,PANW,1327567,Palo Alto Networks Inc,$1B-$2B,,1247400000,RevenueFromContractWithCustomerExcludingAssessedTax,USD,2022-11-18,10-Q,2021-10-31,-103600000,NetIncomeLoss,USD,2022-11-18,10-Q,2021-10-31,12253600000,Assets,USD,2022-11-18,10-Q,2022-07-31,38700000,NetCashProvidedByUsedInFinancingActivities,USD,2022-11-18,10-Q,2021-10-31,-229900000,NetCashProvidedByUsedInInvestingActivities,USD,2022-11-18,10-Q,2021-10-31,588900000,NetCashProvidedByUsedInOperatingActivities,USD,2022-11-18,10-Q,2021-10-31,through_ocf,True,,,-0.083053,0.472102,9.823312,0.031025,-0.184303
2023Q1,2023-03-01,PAR,708821,PAR TECHNOLOGY CORPORATION,$100M-$500M,,213786000,RevenueFromContractWithCustomerExcludingAssessedTax,USD,2023-03-01,10-K,2020-12-31,-36562000,NetIncomeLoss,USD,2023-03-01,10-K,2020-12-31,888149000,Assets,USD,2023-03-01,10-K,2021-12-31,180692000,NetCashProvidedByUsedInFinancingActivities,USD,2023-03-01,10-K,2020-12-31,-9040000,NetCashProvidedByUsedInInvestingActivities,USD,2023-03-01,10-K,2020-12-31,-20243000,NetCashProvidedByUsedInOperatingActivities,USD,2023-03-01,10-K,2020-12-31,through_ocf,True,,,-0.171021,-0.094688,4.154383,0.8452,-0.042285
2023Q1,2023-02-03,PARR,821483,"PAR PACIFIC HOLDINGS, INC.",$2B-$10B,,3416573000,RevenueFromContractWithCustomerExcludingAssessedTax,USD,2022-11-03,10-Q,2021-09-30,-62227000,NetIncomeLoss,USD,2022-11-03,10-Q,2021-03-31,2570251000,Assets,USD,2022-11-03,10-Q,2021-12-31,-1954000,NetCashProvidedByUsedInFinancingActivities,USD,2022-11-03,10-Q,2021-09-30,82356000,NetCashProvidedByUsedInInvestingActivities,USD,2022-11-03,10-Q,2021-09-30,54594000,NetCashProvidedByUsedInOperatingActivities,USD,2022-11-03,10-Q,2021-09-30,through_ocf,True,,,-0.018213,0.015979,0.752289,-0.000572,0.024105
2023Q1,2023-02-09,PATK,76605,"PATRICK INDUSTRIES, INC.",$2B-$10B,,2930613000,RevenueFromContractWithCustomerExcludingAssessedTax,USD,2022-11-03,10-Q,2021-09-26,163895000,NetIncomeLoss,USD,2022-11-03,10-Q,2021-09-26,2650731000,Assets,USD,2022-11-03,10-Q,2021-12-31,196414000,NetCashProvidedByUsedInFinancingActivities,USD,2022-11-03,10-Q,2021-09-26,-343716000,NetCashProvidedByUsedInInvestingActivities,USD,2022-11-03,10-Q,2021-09-26,147417000,NetCashProvidedByUsedInOperatingActivities,USD,2022-11-03,10-Q,2021-09-26,through_ocf,True,,,0.055925,0.050302,0.904497,0.067021,-0.117285
2023Q1,2023-02-07,PAYC,1590955,"Paycom Software, Inc.",$500M-$1B,,770538000,RevenueFromContractWithCustomerExcludingAssessedTax,USD,2022-11-03,10-Q,2021-09-30,64616000,NetIncomeLoss,USD,2022-11-03,10-Q,2021-03-31,3215145000,Assets,USD,2022-11-03,10-Q,2021-12-31,1283999000,NetCashProvidedByUsedInFinancingActivities,USD,2022-11-03,10-Q,2021-09-30,-63978000,NetCashProvidedByUsedInInvestingActivities,USD,2022-11-03,10-Q,2021-09-30,229637000,NetCashProvidedByUsedInOperatingActivities,USD,2022-11-03,10-Q,2021-09-30,through_ocf,True,,,0.083858,0.298022,4.172598,1.666367,-0.08303
2023Q1,2023-01-18,PAYO,1845815,Payoneer Global Inc.,$100M-$500M,,334184000,Revenues,USD,2022-11-09,10-Q,2021-09-30,-15085000,NetIncomeLoss,USD,2022-11-09,10-Q,2021-09-30,5078752000,Assets,USD,2022-11-09,10-Q,2021-12-31,686881000,NetCashProvidedByUsedInFinancingActivities,USD,2022-11-09,10-Q,2021-09-30,-4539000,NetCashProvidedByUsedInInvestingActivities,USD,2022-11-09,10-Q,2021-09-30,10788000,NetCashProvidedByUsedInOperatingActivities,USD,2022-11-09,10-Q,2021-09-30,through_ocf,True,,,-0.04514,0.032282,15.197472,2.055398,-0.013582
2023Q1,2023-02-16,PBF,1534504,PBF ENERGY INC.,>$10B,,15115900000,RevenueFromContractWithCustomerExcludingAssessedTax,USD,2023-02-16,10-K,2020-12-31,-1392400000,NetIncomeLoss,USD,2023-02-16,10-K,2020-12-31,11641400000,Assets,USD,2023-02-16,10-K,2021-12-31,2452700000,NetCashProvidedByUsedInFinancingActivities,USD,2023-02-16,10-K,2020-12-31,-1026500000,NetCashProvidedByUsedInInvestingActivities,USD,2023-02-16,10-K,2020-12-31,-631600000,NetCashProvidedByUsedInOperatingActivities,USD,2023-02-16,10-K,2020-12-31,through_ocf,True,,,-0.092115,-0.041784,0.770143,0.16226,-0.067909
2023Q1,2023-02-02,PBH,1295947,PRESTIGE CONSUMER HEALTHCARE INC.,$500M-$1B,,819876000,RevenueFromContractWithCustomerExcludingAssessedTax,USD,2023-02-02,10-Q,2021-12-31,153295000,NetIncomeLoss,USD,2023-02-02,10-Q,2021-12-31,3670681000,Assets,USD,2023-02-02,10-Q,2022-03-31,46546000,NetCashProvidedByUsedInFinancingActivities,USD,2023-02-02,10-Q,2021-12-31,-253218000,NetCashProvidedByUsedInInvestingActivities,USD,2023-02-02,10-Q,2021-12-31,196796000,NetCashProvidedByUsedInOperatingActivities,USD,2023-02-02,10-Q,2021-12-31,through_ocf,True,,,0.186973,0.240031,4.477117,0.056772,-0.308849
2023Q1,2023-01-31,PBI,78814,PITNEY BOWES INC /DE/,$2B-$10B,,2689849000,Revenues,USD,2022-11-04,10-Q,2021-09-30,-2618000,NetIncomeLoss,USD,2022-11-04,10-Q,2021-09-30,4958871000,Assets,USD,2022-11-04,10-Q,2021-12-31,-291849000,NetCashProvidedByUsedInFinancingActivities,USD,2022-11-04,10-Q,2021-09-30,-111686000,NetCashProvidedByUsedInInvestingActivities,USD,2022-11-04,10-Q,2021-09-30,216174000,NetCashProvidedByUsedInOperatingActivities,USD,2022-11-04,10-Q,2021-09-30,through_ocf,True,,,-0.000973,0.080367,1.84355,-0.1085,-0.041521
2023Q1,2023-01-24,PCAR,75362,PACCAR Inc,>$10B,,16836200000,Revenues,USD,2022-10-28,10-Q,2021-09-30,1346800000,NetIncomeLoss,USD,2022-10-28,10-Q,2021-09-30,29509400000,Assets,USD,2022-10-28,10-Q,2021-12-31,-1389900000,NetCashProvidedByUsedInFinancingActivities,USD,2022-10-28,10-Q,2021-09-30,-1025400000,NetCashProvidedByUsedInInvestingActivities,USD,2022-10-28,10-Q,2021-09-30,1150200000,NetCashProvidedByUsedInOperatingActivities,USD,2022-10-28,10-Q,2021-09-30,through_ocf,True,,,0.079994,0.068317,1.752735,-0.082554,-0.060904
2023Q1,2023-02-23,PCG,1004980,PG&E CORPORATION,>$10B,,18469000000,Revenues,USD,2023-02-23,10-K,2020-12-31,-1304000000,ProfitLoss,USD,2023-02-23,10-K,2020-12-31,103327000000,Assets,USD,2023-02-23,10-K,2021-12-31,25928000000,NetCashProvidedByUsedInFinancingActivities,USD,2023-02-23,10-K,2020-12-31,-7748000000,NetCashProvidedByUsedInInvestingActivities,USD,2023-02-23,10-K,2020-12-31,-19130000000,NetCashProvidedByUsedInOperatingActivities,USD,2023-02-23,10-K,2020-12-31,through_ocf,True,,,-0.070605,-1.03579,5.594618,1.403866,-0.419514
2023Q1,2023-02-02,PCTY,1591698,PAYLOCITY HOLDING CORPORATION,$100M-$500M,,181697000,Revenues,USD,2022-11-04,10-Q,2021-09-30,30932000,NetIncomeLoss,USD,2022-11-04,10-Q,2021-09-30,4809014000,Assets,USD,2022-11-04,10-Q,2022-06-30,1364964000,NetCashProvidedByUsedInFinancingActivities,USD,2022-11-04,10-Q,2021-09-30,-198161000,NetCashProvidedByUsedInInvestingActivities,USD,2022-11-04,10-Q,2021-09-30,-4132000,NetCashProvidedByUsedInOperatingActivities,USD,2022-11-04,10-Q,2021-09-30,through_ocf,True,,,0.170239,-0.022741,26.467217,7.512309,-1.090612
2023Q1,2023-03-15,PD,1568100,"PAGERDUTY, INC.",$100M-$500M,,202887000,RevenueFromContractWithCustomerExcludingAssessedTax,USD,2022-12-02,10-Q,2021-10-31,-78560000,NetIncomeLoss,USD,2022-12-02,10-Q,2021-10-31,806448000,Assets,USD,2022-12-02,10-Q,2022-01-31,-1213000,NetCashProvidedByUsedInFinancingActivities,USD,2022-12-02,10-Q,2021-10-31,29151000,NetCashProvidedByUsedInInvestingActivities,USD,2022-12-02,10-Q,2021-10-31,-7366000,NetCashProvidedByUsedInOperatingActivities,USD,2022-12-02,10-Q,2021-10-31,through_ocf,True,,,-0.387211,-0.036306,3.974863,-0.005979,0.143681
2023Q1,2023-02-08,PDM,1042776,"Piedmont Realty Trust, Inc.",$100M-$500M,,390546000,Revenues,USD,2022-11-02,10-Q,2021-09-30,30597000,NetIncomeLoss,USD,2022-11-02,10-Q,2021-09-30,3930665000,Assets,USD,2022-11-02,10-Q,2021-12-31,-66165000,NetCashProvidedByUsedInFinancingActivities,USD,2022-11-02,10-Q,2021-09-30,-93801000,NetCashProvidedByUsedInInvestingActivities,USD,2022-11-02,10-Q,2021-09-30,165034000,NetCashProvidedByUsedInOperatingActivities,USD,2022-11-02,10-Q,2021-09-30,through_ocf,True,,,0.078344,0.422573,10.064538,-0.169417,-0.240179
2023Q1,2023-01-20,PEB,1474098,PEBBLEBROOK HOTEL TRUST,$100M-$500M,,485767000,RevenueFromContractWithCustomerExcludingAssessedTax,USD,2022-10-27,10-Q,2021-09-30,-142465000,NetIncomeLoss,USD,2022-10-27,10-Q,2021-09-30,6261190000,Assets,USD,2022-10-27,10-Q,2021-12-31,-8950000,NetCashProvidedByUsedInFinancingActivities,USD,2022-10-27,10-Q,2021-09-30,11065000,NetCashProvidedByUsedInInvestingActivities,USD,2022-10-27,10-Q,2021-09-30,44253000,NetCashProvidedByUsedInOperatingActivities,USD,2022-10-27,10-Q,2021-09-30,through_ocf,True,,,-0.293278,0.091099,12.889286,-0.018424,0.022778
2023Q1,2023-02-09,PECO,1476204,"Phillips Edison & Company, Inc.",$100M-$500M,,395785000,Revenues,USD,2022-11-03,10-Q,2021-09-30,20330000,NetIncomeLoss,USD,2022-11-03,10-Q,2021-09-30,4668768000,Assets,USD,2022-11-03,10-Q,2021-12-31,-253870000,NetCashProvidedByUsedInFinancingActivities,USD,2022-11-03,10-Q,2021-09-30,37835000,NetCashProvidedByUsedInInvestingActivities,USD,2022-11-03,10-Q,2021-09-30,198313000,NetCashProvidedByUsedInOperatingActivities,USD,2022-11-03,10-Q,2021-09-30,through_ocf,True,,,0.051366,0.501062,11.796223,-0.641434,0.095595
2023Q1,2023-02-21,PEG,788784,Public Service Enterprise Group Incorporated,$2B-$10B,,6666000000,Revenues,USD,2022-10-31,10-Q,2021-09-30,-1093000000,NetIncomeLoss,USD,2022-10-31,10-Q,2021-09-30,48999000000,Assets,USD,2022-10-31,10-Q,2021-12-31,1693000000,NetCashProvidedByUsedInFinancingActivities,USD,2022-10-31,10-Q,2021-09-30,-1583000000,NetCashProvidedByUsedInInvestingActivities,USD,2022-10-31,10-Q,2021-09-30,1178000000,NetCashProvidedByUsedInOperatingActivities,USD,2022-10-31,10-Q,2021-09-30,through_ocf,True,,,-0.163966,0.176718,7.350585,0.253975,-0.237474
2023Q1,2023-02-15,PEGA,1013857,PEGASYSTEMS INC.,$1B-$2B,,1017517000,RevenueFromContractWithCustomerExcludingAssessedTax,USD,2023-02-15,10-K,2020-12-31,-61373000,NetIncomeLoss,USD,2023-02-15,10-K,2020-12-31,1593531000,Assets,USD,2023-02-15,10-K,2021-12-31,423448000,NetCashProvidedByUsedInFinancingActivities,USD,2023-02-15,10-K,2020-12-31,-321683000,NetCashProvidedByUsedInInvestingActivities,USD,2023-02-15,10-K,2020-12-31,-563000,NetCashProvidedByUsedInOperatingActivities,USD,2023-02-15,10-K,2020-12-31,through_ocf,True,,,-0.060316,-0.000553,1.566098,0.416158,-0.316145
2023Q1,2023-01-03,PENG,1616533,"PENGUIN SOLUTIONS, INC.",$100M-$500M,,469944000,RevenueFromContractWithCustomerExcludingAssessedTax,USD,2023-01-03,10-Q,2021-11-26,20027000,NetIncomeLoss,USD,2023-01-03,10-Q,2021-11-26,1572064000,Assets,USD,2023-01-03,10-Q,2022-08-26,12363000,NetCashProvidedByUsedInFinancingActivities,USD,2023-01-03,10-Q,2021-11-26,-13377000,NetCashProvidedByUsedInInvestingActivities,USD,2023-01-03,10-Q,2021-11-26,15146000,NetCashProvidedByUsedInOperatingActivities,USD,2023-01-03,10-Q,2021-11-26,through_ocf,True,,,0.042616,0.032229,3.345216,0.026307,-0.028465
2023Q1,2023-02-02,PENN,921738,"PENN ENTERTAINMENT, INC.",$2B-$10B,,4332500000,Revenues,USD,2022-11-03,10-Q,2021-09-30,375800000,NetIncomeLoss,USD,2022-11-03,10-Q,2021-09-30,16872100000,Assets,USD,2022-11-03,10-Q,2021-12-31,375200000,NetCashProvidedByUsedInFinancingActivities,USD,2022-11-03,10-Q,2021-09-30,-269500000,NetCashProvidedByUsedInInvestingActivities,USD,2022-11-03,10-Q,2021-09-30,779000000,NetCashProvidedByUsedInOperatingActivities,USD,2022-11-03,10-Q,2021-09-30,through_ocf,True,,,0.08674,0.179804,3.89431,0.086601,-0.062204
2023Q1,2023-01-30,PFG,1126328,"PRINCIPAL FINANCIAL GROUP, INC.",>$10B,,10171600000,Revenues,USD,2022-11-02,10-Q,2021-09-30,1238800000,NetIncomeLoss,USD,2022-11-02,10-Q,2021-09-30,304657200000,Assets,USD,2022-11-02,10-Q,2021-12-31,1055900000,NetCashProvidedByUsedInFinancingActivities,USD,2022-11-02,10-Q,2021-09-30,-2867300000,NetCashProvidedByUsedInInvestingActivities,USD,2022-11-02,10-Q,2021-09-30,2107000000,NetCashProvidedByUsedInOperatingActivities,USD,2022-11-02,10-Q,2021-09-30,through_ocf,True,,,0.12179,0.207145,29.951748,0.103809,-0.281893
2023Q1,2023-01-09,PGNY,1551306,"Progyny, Inc.",,,,,,,,,50689000,NetIncomeLoss,USD,2022-11-04,10-Q,2021-09-30,358065000,Assets,USD,2022-11-04,10-Q,2021-12-31,-10381000,NetCashProvidedByUsedInFinancingActivities,USD,2022-11-04,10-Q,2021-09-30,15078000,NetCashProvidedByUsedInInvestingActivities,USD,2022-11-04,10-Q,2021-09-30,17222000,NetCashProvidedByUsedInOperatingActivities,USD,2022-11-04,10-Q,2021-09-30,through_ocf,False,,revenue,,,,,
2023Q1,2023-01-31,PHM,822416,"PULTEGROUP, INC.",$2B-$10B,,9568324000,Revenues,USD,2022-10-25,10-Q,2021-09-30,1283055000,NetIncomeLoss,USD,2022-10-25,10-Q,2021-09-30,13352631000,Assets,USD,2022-10-25,10-Q,2021-12-31,-1469341000,NetCashProvidedByUsedInFinancingActivities,USD,2022-10-25,10-Q,2021-09-30,-86468000,NetCashProvidedByUsedInInvestingActivities,USD,2022-10-25,10-Q,2021-09-30,548225000,NetCashProvidedByUsedInOperatingActivities,USD,2022-10-25,10-Q,2021-09-30,through_ocf,True,,,0.134094,0.057296,1.395504,-0.153563,-0.009037
2023Q1,2023-01-31,PII,931015,POLARIS INC.,$2B-$10B,,5446600000,RevenueFromContractWithCustomerExcludingAssessedTax,USD,2022-10-25,10-Q,2021-09-30,407100000,NetIncomeLoss,USD,2022-10-25,10-Q,2021-09-30,5047800000,Assets,USD,2022-10-25,10-Q,2021-12-31,-301100000,NetCashProvidedByUsedInFinancingActivities,USD,2022-10-25,10-Q,2021-09-30,-165600000,NetCashProvidedByUsedInInvestingActivities,USD,2022-10-25,10-Q,2021-09-30,153400000,NetCashProvidedByUsedInOperatingActivities,USD,2022-10-25,10-Q,2021-09-30,through_ocf,True,,,0.074744,0.028164,0.92678,-0.055282,-0.030404
2023Q1,2023-02-07,PJT,1626115,PJT Partners Inc.,$500M-$1B,,678679000,Revenues,USD,2022-10-28,10-Q,2021-09-30,71272000,NetIncomeLoss,USD,2022-10-28,10-Q,2021-09-30,987625000,Assets,USD,2022-10-28,10-Q,2021-12-31,-230869000,NetCashProvidedByUsedInFinancingActivities,USD,2022-10-28,10-Q,2021-09-30,60423000,NetCashProvidedByUsedInInvestingActivities,USD,2022-10-28,10-Q,2021-09-30,133608000,NetCashProvidedByUsedInOperatingActivities,USD,2022-10-28,10-Q,2021-09-30,through_ocf,True,,,0.105016,0.196865,1.455217,-0.340174,0.08903
2023Q1,2023-01-26,PKG,75677,PACKAGING CORP OF AMERICA,$2B-$10B,,5687100000,RevenueFromContractWithCustomerExcludingAssessedTax,USD,2022-11-03,10-Q,2021-09-30,624600000,NetIncomeLoss,USD,2022-11-03,10-Q,2021-09-30,7836800000,Assets,USD,2022-11-03,10-Q,2021-12-31,389900000,NetCashProvidedByUsedInFinancingActivities,USD,2022-11-03,10-Q,2021-09-30,-365000000,NetCashProvidedByUsedInInvestingActivities,USD,2022-11-03,10-Q,2021-09-30,703400000,NetCashProvidedByUsedInOperatingActivities,USD,2022-11-03,10-Q,2021-09-30,through_ocf,True,,,0.109828,0.123683,1.377996,0.068559,-0.06418
2023Q1,2023-03-15,PKOH,76282,PARK-OHIO HOLDINGS CORP.,$1B-$2B,,1068100000,RevenueFromContractWithCustomerExcludingAssessedTax,USD,2022-11-08,10-Q,2021-09-30,-7000000,NetIncomeLoss,USD,2022-11-08,10-Q,2021-09-30,1360000000,Assets,USD,2022-11-08,10-Q,2021-12-31,62000000,NetCashProvidedByUsedInFinancingActivities,USD,2022-11-08,10-Q,2021-09-30,-30300000,NetCashProvidedByUsedInInvestingActivities,USD,2022-11-08,10-Q,2021-09-30,-25900000,NetCashProvidedByUsedInOperatingActivities,USD,2022-11-08,10-Q,2021-09-30,through_ocf,True,,,-0.006554,-0.024249,1.273289,0.058047,-0.028368
2023Q1,2023-02-21,PLAB,810136,"PHOTRONICS, INC.",$500M-$1B,,609691000,RevenueFromContractWithCustomerExcludingAssessedTax,USD,2022-12-23,10-K,2020-10-31,33820000,NetIncomeLoss,USD,2022-12-23,10-K,2020-10-31,1294202000,Assets,USD,2022-12-23,10-K,2021-10-31,-16010000,NetCashProvidedByUsedInFinancingActivities,USD,2022-12-23,10-K,2020-10-31,-65711000,NetCashProvidedByUsedInInvestingActivities,USD,2022-12-23,10-K,2020-10-31,143046000,NetCashProvidedByUsedInOperatingActivities,USD,2022-12-23,10-K,2020-10-31,through_ocf,True,,,0.055471,0.23462,2.122718,-0.026259,-0.107778
2023Q1,2023-02-06,PLCE,1041859,"THE CHILDREN’S PLACE, INC.",$1B-$2B,,1407561000,RevenueFromContractWithCustomerExcludingAssessedTax,USD,2022-11-30,10-Q,2021-10-30,148168000,NetIncomeLoss,USD,2022-11-30,10-Q,2021-10-30,1088366000,Assets,USD,2022-11-30,10-Q,2021-10-30,-41948000,NetCashProvidedByUsedInFinancingActivities,USD,2022-11-30,10-Q,2021-10-30,-21952000,NetCashProvidedByUsedInInvestingActivities,USD,2022-11-30,10-Q,2021-10-30,67448000,NetCashProvidedByUsedInOperatingActivities,USD,2022-11-30,10-Q,2021-10-30,through_ocf,True,,,0.105266,0.047918,0.773228,-0.029802,-0.015596
2023Q1,2023-01-18,PLD,1045609,"Prologis, Inc.",$2B-$10B,,3482207000,Revenues,USD,2022-10-28,10-Q,2021-09-30,1691061000,NetIncomeLoss,USD,2022-10-28,10-Q,2021-09-30,58486220000,Assets,USD,2022-10-28,10-Q,2021-12-31,-1358793000,NetCashProvidedByUsedInFinancingActivities,USD,2022-10-28,10-Q,2021-09-30,-896569000,NetCashProvidedByUsedInInvestingActivities,USD,2022-10-28,10-Q,2021-09-30,2279976000,NetCashProvidedByUsedInOperatingActivities,USD,2022-10-28,10-Q,2021-09-30,through_ocf,True,,,0.485629,0.65475,16.795733,-0.39021,-0.257471
2023Q1,2023-03-01,PLPC,80035,Preformed Line Products Company,$100M-$500M,,385971000,RevenueFromContractWithCustomerExcludingAssessedTax,USD,2022-11-01,10-Q,2021-09-30,26755000,NetIncomeLoss,USD,2022-11-01,10-Q,2021-09-30,489018000,Assets,USD,2022-11-01,10-Q,2021-12-31,-19112000,NetCashProvidedByUsedInFinancingActivities,USD,2022-11-01,10-Q,2021-09-30,-12573000,NetCashProvidedByUsedInInvestingActivities,USD,2022-11-01,10-Q,2021-09-30,24086000,NetCashProvidedByUsedInOperatingActivities,USD,2022-11-01,10-Q,2021-09-30,through_ocf,True,,,0.069319,0.062404,1.266981,-0.049517,-0.032575
2023Q1,2023-02-28,PLTK,1828016,PLAYTIKA HOLDING CORP.,$2B-$10B,,2371500000,RevenueFromContractWithCustomerExcludingAssessedTax,USD,2023-02-28,10-K,2020-12-31,92100000,NetIncomeLoss,USD,2023-02-28,10-K,2020-12-31,2803300000,Assets,USD,2023-02-28,10-K,2021-12-31,-181300000,NetCashProvidedByUsedInFinancingActivities,USD,2023-02-28,10-K,2020-12-31,-98100000,NetCashProvidedByUsedInInvestingActivities,USD,2023-02-28,10-K,2020-12-31,517700000,NetCashProvidedByUsedInOperatingActivities,USD,2023-02-28,10-K,2020-12-31,through_ocf,True,,,0.038836,0.218301,1.182079,-0.07645,-0.041366
2023Q1,2023-02-13,PLTR,1321655,Palantir Technologies Inc.,$1B-$2B,,1109022000,RevenueFromContractWithCustomerExcludingAssessedTax,USD,2022-11-07,10-Q,2021-09-30,-364191000,NetIncomeLoss,USD,2022-11-07,10-Q,2021-09-30,3247450000,Assets,USD,2022-11-07,10-Q,2021-12-31,274282000,NetCashProvidedByUsedInFinancingActivities,USD,2022-11-07,10-Q,2021-09-30,-216039000,NetCashProvidedByUsedInInvestingActivities,USD,2022-11-07,10-Q,2021-09-30,240424000,NetCashProvidedByUsedInOperatingActivities,USD,2022-11-07,10-Q,2021-09-30,through_ocf,True,,,-0.328389,0.216789,2.928211,0.247319,-0.194801
2023Q1,2023-02-10,PLUS,1022408,ePlus inc.,$1B-$2B,,1369500000,Revenues,USD,2023-02-07,10-Q,2021-12-31,23518000,NetIncomeLoss,USD,2023-02-07,10-Q,2021-06-30,1255146000,Assets,USD,2023-02-07,10-Q,2021-12-31,115996000,NetCashProvidedByUsedInFinancingActivities,USD,2023-02-07,10-Q,2021-12-31,-18448000,NetCashProvidedByUsedInInvestingActivities,USD,2023-02-07,10-Q,2021-12-31,-121542000,NetCashProvidedByUsedInOperatingActivities,USD,2023-02-07,10-Q,2021-12-31,through_ocf,True,,,0.017173,-0.088749,0.916499,0.0847,-0.013471
2023Q1,2023-01-25,PLXS,785786,PLEXUS CORP.,$2B-$10B,,3501782000,RevenueFromContractWithCustomerExcludingAssessedTax,USD,2022-11-18,10-K,2020-10-03,117479000,NetIncomeLoss,USD,2022-11-18,10-K,2020-10-03,2461893000,Assets,USD,2022-11-18,10-K,2021-10-02,-1458000,NetCashProvidedByUsedInFinancingActivities,USD,2022-11-18,10-K,2020-10-03,-49851000,NetCashProvidedByUsedInInvestingActivities,USD,2022-11-18,10-K,2020-10-03,210368000,NetCashProvidedByUsedInOperatingActivities,USD,2022-11-18,10-K,2020-10-03,through_ocf,True,,,0.033548,0.060075,0.70304,-0.000416,-0.014236
2023Q1,2023-02-09,PM,1413329,Philip Morris International Inc.,>$10B,,23301000000,RevenueFromContractWithCustomerExcludingAssessedTax,USD,2022-10-27,10-Q,2021-09-30,7016000000,NetIncomeLoss,USD,2022-10-27,10-Q,2021-09-30,41290000000,Assets,USD,2022-10-27,10-Q,2021-12-31,-8176000000,NetCashProvidedByUsedInFinancingActivities,USD,2022-10-27,10-Q,2021-09-30,-2018000000,NetCashProvidedByUsedInInvestingActivities,USD,2022-10-27,10-Q,2021-09-30,7935000000,NetCashProvidedByUsedInOperatingActivities,USD,2022-10-27,10-Q,2021-09-30,through_ocf,True,,,0.301103,0.340543,1.772027,-0.350886,-0.086606
2023Q1,2023-03-08,PMTS,1641614,CPI Card Group Inc.,$100M-$500M,,375119000,RevenueFromContractWithCustomerExcludingAssessedTax,USD,2023-03-08,10-K,2021-12-31,15941000,NetIncomeLoss,USD,2023-03-08,10-K,2021-12-31,268140000,Assets,USD,2023-03-08,10-K,2021-12-31,-47232000,NetCashProvidedByUsedInFinancingActivities,USD,2023-03-08,10-K,2021-12-31,-9918000,NetCashProvidedByUsedInInvestingActivities,USD,2023-03-08,10-K,2021-12-31,20229000,NetCashProvidedByUsedInOperatingActivities,USD,2023-03-08,10-K,2021-12-31,through_ocf,True,,,0.042496,0.053927,0.714813,-0.125912,-0.02644
2023Q1,2023-01-31,PNR,77360,Pentair plc,$2B-$10B,,2776200000,Revenues,USD,2022-10-25,10-Q,2021-09-30,404300000,NetIncomeLoss,USD,2022-10-25,10-Q,2021-09-30,4753600000,Assets,USD,2022-10-25,10-Q,2021-12-31,-341800000,NetCashProvidedByUsedInFinancingActivities,USD,2022-10-25,10-Q,2021-09-30,-114400000,NetCashProvidedByUsedInInvestingActivities,USD,2022-10-25,10-Q,2021-09-30,540100000,NetCashProvidedByUsedInOperatingActivities,USD,2022-10-25,10-Q,2021-09-30,through_ocf,True,,,0.145631,0.194547,1.712269,-0.123118,-0.041207
2023Q1,2023-02-23,PNTG,1766400,"THE PENNANT GROUP, INC.",$100M-$500M,,390953000,RevenueFromContractWithCustomerExcludingAssessedTax,USD,2023-02-23,10-K,2020-12-31,15744000,NetIncomeLoss,USD,2023-02-23,10-K,2020-12-31,530297000,Assets,USD,2023-02-23,10-K,2021-12-31,-8947000,NetCashProvidedByUsedInFinancingActivities,USD,2023-02-23,10-K,2020-12-31,-41616000,NetCashProvidedByUsedInInvestingActivities,USD,2023-02-23,10-K,2020-12-31,50204000,NetCashProvidedByUsedInOperatingActivities,USD,2023-02-23,10-K,2020-12-31,through_ocf,True,,,0.040271,0.128414,1.356421,-0.022885,-0.106448
2023Q1,2023-02-27,PNW,764622,PINNACLE     WEST CAPITAL CORPORATION,$2B-$10B,,3586982000,Revenues,USD,2023-02-27,10-K,2020-12-31,570052000,ProfitLoss,USD,2023-02-27,10-K,2020-12-31,22003222000,Assets,USD,2023-02-27,10-K,2021-12-31,361138000,NetCashProvidedByUsedInFinancingActivities,USD,2023-02-27,10-K,2020-12-31,-1277818000,NetCashProvidedByUsedInInvestingActivities,USD,2023-02-27,10-K,2020-12-31,966365000,NetCashProvidedByUsedInOperatingActivities,USD,2023-02-27,10-K,2020-12-31,through_ocf,True,,,0.158922,0.269409,6.134188,0.10068,-0.356238
2023Q1,2023-02-23,PODD,1145197,INSULET CORPORATION,$500M-$1B,,791100000,Revenues,USD,2022-11-04,10-Q,2021-09-30,-12400000,NetIncomeLoss,USD,2022-11-04,10-Q,2021-09-30,2048800000,Assets,USD,2022-11-04,10-Q,2021-12-31,42200000,NetCashProvidedByUsedInFinancingActivities,USD,2022-11-04,10-Q,2021-09-30,-46300000,NetCashProvidedByUsedInInvestingActivities,USD,2022-11-04,10-Q,2021-09-30,-42600000,NetCashProvidedByUsedInOperatingActivities,USD,2022-11-04,10-Q,2021-09-30,through_ocf,True,,,-0.015674,-0.053849,2.589812,0.053343,-0.058526
2023Q1,2023-02-16,POR,784977,PORTLAND GENERAL ELECTRIC COMPANY,$2B-$10B,,2145000000,Revenues,USD,2023-02-16,10-K,2020-12-31,155000000,ProfitLoss,USD,2023-02-16,10-K,2020-12-31,9494000000,Assets,USD,2023-02-16,10-K,2021-12-31,447000000,NetCashProvidedByUsedInFinancingActivities,USD,2023-02-16,10-K,2020-12-31,-787000000,NetCashProvidedByUsedInInvestingActivities,USD,2023-02-16,10-K,2020-12-31,567000000,NetCashProvidedByUsedInOperatingActivities,USD,2023-02-16,10-K,2020-12-31,through_ocf,True,,,0.072261,0.264336,4.426107,0.208392,-0.3669
2023Q1,2023-02-06,POWI,833640,"POWER INTEGRATIONS, INC.",$500M-$1B,,530623000,Revenues,USD,2022-11-02,10-Q,2021-09-30,123713000,NetIncomeLoss,USD,2022-11-02,10-Q,2021-09-30,1014487000,Assets,USD,2022-11-02,10-Q,2021-12-31,-52007000,NetCashProvidedByUsedInFinancingActivities,USD,2022-11-02,10-Q,2021-09-30,-128137000,NetCashProvidedByUsedInInvestingActivities,USD,2022-11-02,10-Q,2021-09-30,183705000,NetCashProvidedByUsedInOperatingActivities,USD,2022-11-02,10-Q,2021-09-30,through_ocf,True,,,0.233147,0.346206,1.911879,-0.098011,-0.241484
2023Q1,2023-01-31,POWL,80420,"POWELL INDUSTRIES, INC.",$500M-$1B,,518499000,RevenueFromContractWithCustomerExcludingAssessedTax,USD,2022-12-06,10-K,2020-09-30,16660000,NetIncomeLoss,USD,2022-12-06,10-K,2020-09-30,436192000,Assets,USD,2022-12-06,10-K,2021-09-30,-13095000,NetCashProvidedByUsedInFinancingActivities,USD,2022-12-06,10-K,2020-09-30,-17537000,NetCashProvidedByUsedInInvestingActivities,USD,2022-12-06,10-K,2020-09-30,72394000,NetCashProvidedByUsedInOperatingActivities,USD,2022-12-06,10-K,2020-09-30,through_ocf,True,,,0.032131,0.139622,0.841259,-0.025256,-0.033823
2023Q1,2023-02-09,PPC,802481,PILGRIM’S PRIDE CORPORATION,>$10B,,12091901000,RevenueFromContractWithCustomerExcludingAssessedTax,USD,2023-02-09,10-K,2020-12-27,94757000,NetIncomeLoss,USD,2023-02-09,10-K,2020-12-27,8913205000,Assets,USD,2023-02-09,10-K,2021-12-26,-136708000,NetCashProvidedByUsedInFinancingActivities,USD,2023-02-09,10-K,2020-12-27,-327002000,NetCashProvidedByUsedInInvestingActivities,USD,2023-02-09,10-K,2020-12-27,724247000,NetCashProvidedByUsedInOperatingActivities,USD,2023-02-09,10-K,2020-12-27,through_ocf,True,,,0.007836,0.059895,0.737122,-0.011306,-0.027043
2023Q1,2023-01-19,PPG,79879,"PPG INDUSTRIES, INC.",>$10B,,12612000000,RevenueFromContractWithCustomerExcludingAssessedTax,USD,2022-10-20,10-Q,2021-09-30,1153000000,NetIncomeLoss,USD,2022-10-20,10-Q,2021-09-30,21351000000,Assets,USD,2022-10-20,10-Q,2021-12-31,606000000,NetCashProvidedByUsedInFinancingActivities,USD,2022-10-20,10-Q,2021-09-30,-2276000000,NetCashProvidedByUsedInInvestingActivities,USD,2022-10-20,10-Q,2021-09-30,1106000000,NetCashProvidedByUsedInOperatingActivities,USD,2022-10-20,10-Q,2021-09-30,through_ocf,True,,,0.091421,0.087694,1.692912,0.048049,-0.180463
2023Q1,2023-02-17,PPL,922224,PPL Corporation,$2B-$10B,,5474000000,Revenues,USD,2023-02-17,10-K,2020-12-31,1469000000,NetIncomeLoss,USD,2023-02-17,10-K,2020-12-31,33223000000,Assets,USD,2023-02-17,10-K,2021-12-31,386000000,NetCashProvidedByUsedInFinancingActivities,USD,2023-02-17,10-K,2020-12-31,-3258000000,NetCashProvidedByUsedInInvestingActivities,USD,2023-02-17,10-K,2020-12-31,2746000000,NetCashProvidedByUsedInOperatingActivities,USD,2023-02-17,10-K,2020-12-31,through_ocf,True,,,0.26836,0.501644,6.069236,0.070515,-0.595177
2023Q1,2023-01-17,PRGS,876167,PROGRESS SOFTWARE CORP /MA,$100M-$500M,,391185000,RevenueFromContractWithCustomerExcludingAssessedTax,USD,2022-10-06,10-Q,2021-08-31,63494000,NetIncomeLoss,USD,2022-10-06,10-Q,2021-08-31,1363537000,Assets,USD,2022-10-06,10-Q,2021-11-30,142948000,NetCashProvidedByUsedInFinancingActivities,USD,2022-10-06,10-Q,2021-08-31,3739000,NetCashProvidedByUsedInInvestingActivities,USD,2022-10-06,10-Q,2021-08-31,134602000,NetCashProvidedByUsedInOperatingActivities,USD,2022-10-06,10-Q,2021-08-31,through_ocf,True,,,0.162312,0.344088,3.485658,0.365423,0.009558
2023Q1,2023-02-09,PRSU,884219,"Pursuit Attractions & Hospitality, Inc.",$100M-$500M,,323767000,RevenueFromContractWithCustomerExcludingAssessedTax,USD,2022-11-04,10-Q,2021-09-30,-70111000,NetIncomeLoss,USD,2022-11-04,10-Q,2021-09-30,1037630000,Assets,USD,2022-11-04,10-Q,2021-12-31,110051000,NetCashProvidedByUsedInFinancingActivities,USD,2022-11-04,10-Q,2021-09-30,-38599000,NetCashProvidedByUsedInInvestingActivities,USD,2022-11-04,10-Q,2021-09-30,-2713000,NetCashProvidedByUsedInOperatingActivities,USD,2022-11-04,10-Q,2021-09-30,through_ocf,True,,,-0.216548,-0.008379,3.204866,0.339908,-0.119218
2023Q1,2023-02-21,PSA,1393311,Public Storage,$2B-$10B,,2915068000,Revenues,USD,2023-02-21,10-K,2020-12-31,1357213000,NetIncomeLoss,USD,2023-02-21,10-K,2020-12-31,17380908000,Assets,USD,2023-02-21,10-K,2021-12-31,-1075716000,NetCashProvidedByUsedInFinancingActivities,USD,2023-02-21,10-K,2020-12-31,-1117714000,NetCashProvidedByUsedInInvestingActivities,USD,2023-02-21,10-K,2020-12-31,2042902000,NetCashProvidedByUsedInOperatingActivities,USD,2023-02-21,10-K,2020-12-31,through_ocf,True,,,0.465585,0.700808,5.962437,-0.369019,-0.383426
2023Q1,2023-02-01,PTC,857005,PTC Inc.,$1B-$2B,,1458415000,RevenueFromContractWithCustomerExcludingAssessedTax,USD,2022-11-15,10-K,2020-09-30,130695000,NetIncomeLoss,USD,2022-11-15,10-K,2020-09-30,4507560000,Assets,USD,2022-11-15,10-K,2021-09-30,297410000,NetCashProvidedByUsedInFinancingActivities,USD,2022-11-15,10-K,2020-09-30,-525972000,NetCashProvidedByUsedInInvestingActivities,USD,2022-11-15,10-K,2020-09-30,233808000,NetCashProvidedByUsedInOperatingActivities,USD,2022-11-15,10-K,2020-09-30,through_ocf,True,,,0.089614,0.160317,3.090725,0.203927,-0.360646
2023Q1,2023-01-09,PTCT,1070081,"PTC THERAPEUTICS, INC.",$100M-$500M,,373364000,RevenueFromContractWithCustomerExcludingAssessedTax,USD,2022-10-27,10-Q,2021-09-30,-380636000,NetIncomeLoss,USD,2022-10-27,10-Q,2021-09-30,1938056000,Assets,USD,2022-10-27,10-Q,2021-12-31,16523000,NetCashProvidedByUsedInFinancingActivities,USD,2022-10-27,10-Q,2021-09-30,150908000,NetCashProvidedByUsedInInvestingActivities,USD,2022-10-27,10-Q,2021-09-30,-182492000,NetCashProvidedByUsedInOperatingActivities,USD,2022-10-27,10-Q,2021-09-30,through_ocf,True,,,-1.019477,-0.488778,5.190795,0.044254,0.404185
2023Q1,2023-01-04,PTEN,889900,"Patterson-UTI Energy, Inc.",$500M-$1B,,890588000,RevenueFromContractWithCustomerExcludingAssessedTax,USD,2022-10-31,10-Q,2021-09-30,-106413000,NetIncomeLoss,USD,2022-10-31,10-Q,2021-03-31,2957848000,Assets,USD,2022-10-31,10-Q,2021-12-31,-14877000,NetCashProvidedByUsedInFinancingActivities,USD,2022-10-31,10-Q,2021-09-30,-70624000,NetCashProvidedByUsedInInvestingActivities,USD,2022-10-31,10-Q,2021-09-30,51598000,NetCashProvidedByUsedInOperatingActivities,USD,2022-10-31,10-Q,2021-09-30,through_ocf,True,,,-0.119486,0.057937,3.32123,-0.016705,-0.0793
2023Q1,2023-03-02,PTLO,1871509,PORTILLO'S INC.,$100M-$500M,,455471000,RevenueFromContractWithCustomerExcludingAssessedTax,USD,2023-03-02,10-K,2020-12-27,-8261000,NetIncomeLoss,USD,2023-03-02,10-K,2020-12-27,999573000,Assets,USD,2023-03-02,10-K,2021-12-26,-18048000,NetCashProvidedByUsedInFinancingActivities,USD,2023-03-02,10-K,2020-12-27,-21420000,NetCashProvidedByUsedInInvestingActivities,USD,2023-03-02,10-K,2020-12-27,58271000,NetCashProvidedByUsedInOperatingActivities,USD,2023-03-02,10-K,2020-12-27,through_ocf,True,,,-0.018137,0.127936,2.194592,-0.039625,-0.047028
2023Q1,2023-02-01,PTON,1639825,"Peloton Interactive, Inc.",$1B-$2B,,1939100000,RevenueFromContractWithCustomerExcludingAssessedTax,USD,2023-02-01,10-Q,2021-12-31,-815300000,NetIncomeLoss,USD,2023-02-01,10-Q,2021-12-31,4028500000,Assets,USD,2023-02-01,10-Q,2022-06-30,1287200000,NetCashProvidedByUsedInFinancingActivities,USD,2023-02-01,10-Q,2021-12-31,299600000,NetCashProvidedByUsedInInvestingActivities,USD,2023-02-01,10-Q,2021-12-31,-1007600000,NetCashProvidedByUsedInOperatingActivities,USD,2023-02-01,10-Q,2021-12-31,through_ocf,True,,,-0.420453,-0.519623,2.07751,0.663813,0.154505
2023Q1,2023-02-22,PUMP,1680247,ProPetro Holding Corp.,$500M-$1B,,628444000,RevenueFromContractWithCustomerExcludingAssessedTax,USD,2022-11-03,10-Q,2021-09-30,-20375000,NetIncomeLoss,USD,2022-11-03,10-Q,2021-03-31,1061236000,Assets,USD,2022-11-03,10-Q,2021-12-31,-7881000,NetCashProvidedByUsedInFinancingActivities,USD,2022-11-03,10-Q,2021-09-30,-85549000,NetCashProvidedByUsedInInvestingActivities,USD,2022-11-03,10-Q,2021-09-30,109259000,NetCashProvidedByUsedInOperatingActivities,USD,2022-11-03,10-Q,2021-09-30,through_ocf,True,,,-0.032421,0.173856,1.688672,-0.01254,-0.136128
2023Q1,2023-02-09,PWP,1777835,PERELLA WEINBERG PARTNERS,$500M-$1B,,602749000,RevenueFromContractWithCustomerExcludingAssessedTax,USD,2022-11-07,10-Q,2021-09-30,-9023000,NetIncomeLoss,USD,2022-11-07,10-Q,2021-09-30,718327000,Assets,USD,2022-11-07,10-Q,2021-12-31,-34670000,NetCashProvidedByUsedInFinancingActivities,USD,2022-11-07,10-Q,2021-09-30,-1662000,NetCashProvidedByUsedInInvestingActivities,USD,2022-11-07,10-Q,2021-09-30,126041000,NetCashProvidedByUsedInOperatingActivities,USD,2022-11-07,10-Q,2021-09-30,through_ocf,True,,,-0.01497,0.20911,1.191751,-0.05752,-0.002757
2023Q1,2023-02-23,PWR,1050915,"Quanta Services, Inc.",>$10B,,11202672000,RevenueFromContractWithCustomerExcludingAssessedTax,USD,2023-02-23,10-K,2020-12-31,445596000,NetIncomeLoss,USD,2023-02-23,10-K,2020-12-31,12855189000,Assets,USD,2023-02-23,10-K,2021-12-31,-601365000,NetCashProvidedByUsedInFinancingActivities,USD,2023-02-23,10-K,2020-12-31,-499323000,NetCashProvidedByUsedInInvestingActivities,USD,2023-02-23,10-K,2020-12-31,1115977000,NetCashProvidedByUsedInOperatingActivities,USD,2023-02-23,10-K,2020-12-31,through_ocf,True,,,0.039776,0.099617,1.147511,-0.05368,-0.044572
2023Q1,2023-02-09,PYPL,1633917,"PAYPAL HOLDINGS, INC.",>$10B,,18453000000,Revenues,USD,2022-11-04,10-Q,2021-09-30,1097000000,NetIncomeLoss,USD,2022-11-04,10-Q,2021-03-31,75803000000,Assets,USD,2022-11-04,10-Q,2021-12-31,-186000000,NetCashProvidedByUsedInFinancingActivities,USD,2022-11-04,10-Q,2021-09-30,-2356000000,NetCashProvidedByUsedInInvestingActivities,USD,2022-11-04,10-Q,2021-09-30,4577000000,NetCashProvidedByUsedInOperatingActivities,USD,2022-11-04,10-Q,2021-09-30,through_ocf,True,,,0.059448,0.248036,4.107896,-0.01008,-0.127676
2023Q1,2023-02-23,PZZA,901491,"PAPA JOHN’S INTERNATIONAL, INC.",$1B-$2B,,1813234000,RevenueFromContractWithCustomerExcludingAssessedTax,USD,2023-02-23,10-K,2020-12-27,57932000,NetIncomeLoss,USD,2023-02-23,10-K,2020-12-27,885704000,Assets,USD,2023-02-23,10-K,2021-12-26,-43461000,NetCashProvidedByUsedInFinancingActivities,USD,2023-02-23,10-K,2020-12-27,-41071000,NetCashProvidedByUsedInInvestingActivities,USD,2023-02-23,10-K,2020-12-27,186439000,NetCashProvidedByUsedInOperatingActivities,USD,2023-02-23,10-K,2020-12-27,through_ocf,True,,,0.03195,0.102821,0.488466,-0.023969,-0.022651
2023Q1,2023-01-06,QDEL,0001906324,QUIDELORTHO CORP,$1B-$2B,,1061700000,Revenues,USD,2022-11-04,10-Q,2021-10-03,178100000,NetIncomeLoss,USD,2022-11-04,10-Q,2021-04-04,2430400000,Assets,USD,2022-11-04,10-Q,2022-01-02,-172200000,NetCashProvidedByUsedInFinancingActivities,USD,2022-11-04,10-Q,2021-10-03,-223500000,NetCashProvidedByUsedInInvestingActivities,USD,2022-11-04,10-Q,2021-10-03,484500000,NetCashProvidedByUsedInOperatingActivities,USD,2022-11-04,10-Q,2021-10-03,through_ocf,True,,,0.16775,0.456344,2.289159,-0.162193,-0.210511
2023Q1,2023-02-09,QLYS,1107843,"QUALYS, INC.",$100M-$500M,,301392000,RevenueFromContractWithCustomerExcludingAssessedTax,USD,2022-11-02,10-Q,2021-09-30,228000,NetIncomeLoss,USD,2022-11-02,10-Q,2021-03-31,814559000,Assets,USD,2022-11-02,10-Q,2021-12-31,-108255000,NetCashProvidedByUsedInFinancingActivities,USD,2022-11-02,10-Q,2021-09-30,19122000,NetCashProvidedByUsedInInvestingActivities,USD,2022-11-02,10-Q,2021-09-30,160741000,NetCashProvidedByUsedInOperatingActivities,USD,2022-11-02,10-Q,2021-09-30,through_ocf,True,,,0.000756,0.533329,2.702656,-0.359183,0.063446
2023Q1,2023-02-08,QNST,1117297,"QuinStreet, Inc.",$100M-$500M,,159608000,RevenueFromContractWithCustomerExcludingAssessedTax,USD,2022-11-04,10-Q,2021-09-30,3093000,NetIncomeLoss,USD,2022-11-04,10-Q,2021-09-30,419909000,Assets,USD,2022-11-04,10-Q,2022-06-30,-8764000,NetCashProvidedByUsedInFinancingActivities,USD,2022-11-04,10-Q,2021-09-30,-1374000,NetCashProvidedByUsedInInvestingActivities,USD,2022-11-04,10-Q,2021-09-30,5753000,NetCashProvidedByUsedInOperatingActivities,USD,2022-11-04,10-Q,2021-09-30,through_ocf,True,,,0.019379,0.036045,2.630877,-0.05491,-0.008609
2023Q1,2023-02-01,QRVO,1604778,"Qorvo, Inc.",$2B-$10B,,2365599000,Revenues,USD,2022-11-03,10-Q,2021-10-02,604815000,NetIncomeLoss,USD,2022-11-03,10-Q,2021-10-02,7509072000,Assets,USD,2022-11-03,10-Q,2022-04-02,-562762000,NetCashProvidedByUsedInFinancingActivities,USD,2022-11-03,10-Q,2021-10-02,-267597000,NetCashProvidedByUsedInInvestingActivities,USD,2022-11-03,10-Q,2021-10-02,586398000,NetCashProvidedByUsedInOperatingActivities,USD,2022-11-03,10-Q,2021-10-02,through_ocf,True,,,0.255671,0.247886,3.174279,-0.237894,-0.11312
2023Q1,2023-02-21,QTWO,1410384,"Q2 Holdings, Inc.",$100M-$500M,,402751000,RevenueFromContractWithCustomerExcludingAssessedTax,USD,2023-02-21,10-K,2020-12-31,-137620000,NetIncomeLoss,USD,2023-02-21,10-K,2020-12-31,1385045000,Assets,USD,2023-02-21,10-K,2021-12-31,434676000,NetCashProvidedByUsedInFinancingActivities,USD,2023-02-21,10-K,2020-12-31,-124163000,NetCashProvidedByUsedInInvestingActivities,USD,2023-02-21,10-K,2020-12-31,-2938000,NetCashProvidedByUsedInOperatingActivities,USD,2023-02-21,10-K,2020-12-31,through_ocf,True,,,-0.3417,-0.007295,3.438961,1.079267,-0.308287
2023Q1,2023-02-21,QUAD,1481792,"Quad/Graphics, Inc.",$2B-$10B,,2105800000,RevenueFromContractWithCustomerExcludingAssessedTax,USD,2022-11-02,10-Q,2021-09-30,58900000,NetIncomeLoss,USD,2022-11-02,10-Q,2021-09-30,1890000000,Assets,USD,2022-11-02,10-Q,2021-12-31,-117100000,NetCashProvidedByUsedInFinancingActivities,USD,2022-11-02,10-Q,2021-09-30,67400000,NetCashProvidedByUsedInInvestingActivities,USD,2022-11-02,10-Q,2021-09-30,22100000,NetCashProvidedByUsedInOperatingActivities,USD,2022-11-02,10-Q,2021-09-30,through_ocf,True,,,0.02797,0.010495,0.897521,-0.055608,0.032007
2023Q1,2023-03-01,QVCGA,1355096,"QVC GROUP, INC.",>$10B,,14177000000,RevenueFromContractWithCustomerExcludingAssessedTax,USD,2023-03-01,10-K,2020-12-31,1196000000,NetIncomeLoss,USD,2023-03-01,10-K,2020-12-31,16202000000,Assets,USD,2023-03-01,10-K,2021-12-31,-2181000000,NetCashProvidedByUsedInFinancingActivities,USD,2023-03-01,10-K,2020-12-31,-161000000,NetCashProvidedByUsedInInvestingActivities,USD,2023-03-01,10-K,2020-12-31,2455000000,NetCashProvidedByUsedInOperatingActivities,USD,2023-03-01,10-K,2020-12-31,through_ocf,True,,,0.084362,0.173168,1.142837,-0.153841,-0.011356
2023Q1,2023-03-01,QVCGP,1355096,"QVC GROUP, INC.",>$10B,,14177000000,RevenueFromContractWithCustomerExcludingAssessedTax,USD,2023-03-01,10-K,2020-12-31,1196000000,NetIncomeLoss,USD,2023-03-01,10-K,2020-12-31,16202000000,Assets,USD,2023-03-01,10-K,2021-12-31,-2181000000,NetCashProvidedByUsedInFinancingActivities,USD,2023-03-01,10-K,2020-12-31,-161000000,NetCashProvidedByUsedInInvestingActivities,USD,2023-03-01,10-K,2020-12-31,2455000000,NetCashProvidedByUsedInOperatingActivities,USD,2023-03-01,10-K,2020-12-31,through_ocf,True,,,0.084362,0.173168,1.142837,-0.153841,-0.011356
2023Q1,2023-02-07,RAMP,733269,"LIVERAMP HOLDINGS, INC.",$100M-$500M,,386932000,RevenueFromContractWithCustomerExcludingAssessedTax,USD,2023-02-07,10-Q,2021-12-31,-4441000,NetIncomeLoss,USD,2023-02-07,10-Q,2021-12-31,1333736000,Assets,USD,2023-02-07,10-Q,2022-03-31,-57257000,NetCashProvidedByUsedInFinancingActivities,USD,2023-02-07,10-Q,2021-12-31,18189000,NetCashProvidedByUsedInInvestingActivities,USD,2023-02-07,10-Q,2021-12-31,-6340000,NetCashProvidedByUsedInOperatingActivities,USD,2022-11-08,10-Q,2021-09-30,through_ocf,True,,,-0.011477,-0.016385,3.446952,-0.147977,0.047008
2023Q1,2023-01-06,RARE,1515673,Ultragenyx Pharmaceutical Inc.,$100M-$500M,,268017000,RevenueFromContractWithCustomerExcludingAssessedTax,USD,2022-11-03,10-Q,2021-09-30,-331567000,NetIncomeLoss,USD,2022-11-03,10-Q,2021-09-30,1522397000,Assets,USD,2022-11-03,10-Q,2021-12-31,32827000,NetCashProvidedByUsedInFinancingActivities,USD,2022-11-03,10-Q,2021-09-30,-264429000,NetCashProvidedByUsedInInvestingActivities,USD,2022-11-03,10-Q,2021-09-30,-284351000,NetCashProvidedByUsedInOperatingActivities,USD,2022-11-03,10-Q,2021-09-30,through_ocf,True,,,-1.237112,-1.060944,5.680226,0.122481,-0.986613
2023Q1,2023-02-15,RBBN,1708055,RIBBON COMMUNICATIONS INC.,$500M-$1B,,614380000,RevenueFromContractWithCustomerExcludingAssessedTax,USD,2022-10-28,10-Q,2021-09-30,-80877000,NetIncomeLoss,USD,2022-10-28,10-Q,2021-09-30,1347737000,Assets,USD,2022-10-28,10-Q,2021-12-31,-28017000,NetCashProvidedByUsedInFinancingActivities,USD,2022-10-28,10-Q,2021-09-30,-11335000,NetCashProvidedByUsedInInvestingActivities,USD,2022-10-28,10-Q,2021-09-30,7899000,NetCashProvidedByUsedInOperatingActivities,USD,2022-10-28,10-Q,2021-09-30,through_ocf,True,,,-0.13164,0.012857,2.193654,-0.045602,-0.018449
2023Q1,2023-01-27,RBCAA,921557,"REPUBLIC BANCORP, INC.",$100M-$500M,,240793000,Revenues,USD,2022-11-04,10-Q,2021-09-30,69984000,NetIncomeLoss,USD,2022-11-04,10-Q,2021-09-30,6187634000,Assets,USD,2022-11-04,10-Q,2021-09-30,-38828000,NetCashProvidedByUsedInFinancingActivities,USD,2022-11-04,10-Q,2021-09-30,468062000,NetCashProvidedByUsedInInvestingActivities,USD,2022-11-04,10-Q,2021-09-30,96426000,NetCashProvidedByUsedInOperatingActivities,USD,2022-11-04,10-Q,2021-09-30,through_ocf,True,,,0.29064,0.400452,25.696901,-0.161251,1.943836
2023Q1,2023-01-17,RBLX,1315098,Roblox Corporation,$1B-$2B,,1350412000,RevenueFromContractWithCustomerExcludingAssessedTax,USD,2022-11-09,10-Q,2021-09-30,-348353000,NetIncomeLoss,USD,2022-11-09,10-Q,2021-09-30,4560596000,Assets,USD,2022-11-09,10-Q,2021-12-31,596564000,NetCashProvidedByUsedInFinancingActivities,USD,2022-11-09,10-Q,2021-09-30,-101879000,NetCashProvidedByUsedInInvestingActivities,USD,2022-11-09,10-Q,2021-09-30,536886000,NetCashProvidedByUsedInOperatingActivities,USD,2022-11-09,10-Q,2021-09-30,through_ocf,True,,,-0.257961,0.397572,3.377189,0.441764,-0.075443
2023Q1,2023-02-07,RCL,884887,ROYAL CARIBBEAN CRUISES LTD.,$500M-$1B,,549886000,RevenueFromContractWithCustomerExcludingAssessedTax,USD,2022-11-03,10-Q,2021-09-30,-3903531000,NetIncomeLoss,USD,2022-11-03,10-Q,2021-09-30,32258355000,Assets,USD,2022-11-03,10-Q,2021-12-31,2838559000,NetCashProvidedByUsedInFinancingActivities,USD,2022-11-03,10-Q,2021-09-30,-1560234000,NetCashProvidedByUsedInInvestingActivities,USD,2022-11-03,10-Q,2021-09-30,-1672769000,NetCashProvidedByUsedInOperatingActivities,USD,2022-11-03,10-Q,2021-09-30,through_ocf,True,,,-7.0988,-3.042029,58.663714,5.162086,-2.837377
2023Q1,2023-02-09,RDN,890926,RADIAN GROUP INC,$500M-$1B,,991565000,Revenues,USD,2022-11-04,10-Q,2021-09-30,407226000,NetIncomeLoss,USD,2022-11-04,10-Q,2021-09-30,7839185000,Assets,USD,2022-11-04,10-Q,2021-12-31,-306891000,NetCashProvidedByUsedInFinancingActivities,USD,2022-11-04,10-Q,2021-09-30,-33984000,NetCashProvidedByUsedInInvestingActivities,USD,2022-11-04,10-Q,2021-09-30,403304000,NetCashProvidedByUsedInOperatingActivities,USD,2022-11-04,10-Q,2021-09-30,through_ocf,True,,,0.41069,0.406735,7.905871,-0.309502,-0.034273
2023Q1,2023-03-01,RDNT,790526,"RadNet, Inc.",$1B-$2B,,1071840000,Revenues,USD,2023-03-01,10-K,2020-12-31,-14840000,NetIncomeLoss,USD,2023-03-01,10-K,2020-12-31,2058474000,Assets,USD,2023-03-01,10-K,2021-12-31,-45561000,NetCashProvidedByUsedInFinancingActivities,USD,2023-03-01,10-K,2020-12-31,-126244000,NetCashProvidedByUsedInInvestingActivities,USD,2023-03-01,10-K,2020-12-31,233759000,NetCashProvidedByUsedInOperatingActivities,USD,2023-03-01,10-K,2020-12-31,through_ocf,True,,,-0.013845,0.218091,1.920505,-0.042507,-0.117783
2023Q1,2023-03-16,RDNW,1596961,"RideNow Group, Inc.",$500M-$1B,,924171000,Revenues,USD,2023-03-16,10-K,2021-12-31,-9725000,NetIncomeLoss,USD,2023-03-16,10-K,2021-12-31,1027749000,Assets,USD,2023-03-16,10-K,2021-12-31,459466000,NetCashProvidedByUsedInFinancingActivities,USD,2023-03-16,10-K,2021-12-31,-378831000,NetCashProvidedByUsedInInvestingActivities,USD,2023-03-16,10-K,2021-12-31,-32177000,NetCashProvidedByUsedInOperatingActivities,USD,2023-03-16,10-K,2021-12-31,through_ocf,True,,,-0.010523,-0.034817,1.112077,0.497166,-0.409914
2023Q1,2023-02-28,REAL,1573221,"TheRealReal, Inc.",$100M-$500M,,299949000,RevenueFromContractWithCustomerExcludingAssessedTax,USD,2023-02-28,10-K,2020-12-31,-175832000,NetIncomeLoss,USD,2023-02-28,10-K,2020-12-31,754944000,Assets,USD,2023-02-28,10-K,2021-12-31,152815000,NetCashProvidedByUsedInFinancingActivities,USD,2023-02-28,10-K,2020-12-31,178004000,NetCashProvidedByUsedInInvestingActivities,USD,2023-02-28,10-K,2020-12-31,-134419000,NetCashProvidedByUsedInOperatingActivities,USD,2023-02-28,10-K,2020-12-31,through_ocf,True,,,-0.586206,-0.44814,2.516908,0.50947,0.593448
2023Q1,2023-02-10,REG,910606,REGENCY CENTERS CORPORATION,$500M-$1B,,869237000,Revenues,USD,2022-11-04,10-Q,2021-09-30,293552000,NetIncomeLoss,USD,2022-11-04,10-Q,2021-09-30,10792563000,Assets,USD,2022-11-04,10-Q,2021-12-31,-522672000,NetCashProvidedByUsedInFinancingActivities,USD,2022-11-04,10-Q,2021-09-30,-1571000,NetCashProvidedByUsedInInvestingActivities,USD,2022-11-04,10-Q,2021-09-30,508478000,NetCashProvidedByUsedInOperatingActivities,USD,2022-11-04,10-Q,2021-09-30,through_ocf,True,,,0.337712,0.58497,12.416134,-0.6013,-0.001807
2023Q1,2023-01-04,RELL,355948,"RICHARDSON ELECTRONICS, LTD.",<$100M,,53704000,RevenueFromContractWithCustomerExcludingAssessedTax,USD,2022-10-06,10-Q,2021-08-28,2635000,NetIncomeLoss,USD,2022-10-06,10-Q,2021-08-28,179819000,Assets,USD,2022-10-06,10-Q,2022-05-28,-779000,NetCashProvidedByUsedInFinancingActivities,USD,2022-10-06,10-Q,2021-08-28,-837000,NetCashProvidedByUsedInInvestingActivities,USD,2022-10-06,10-Q,2021-08-28,-4873000,NetCashProvidedByUsedInOperatingActivities,USD,2022-10-06,10-Q,2021-08-28,through_ocf,True,,,0.049065,-0.090738,3.348335,-0.014505,-0.015585
2023Q1,2023-02-22,RELY,1782170,"Remitly Global, Inc.",$100M-$500M,,323350000,RevenueFromContractWithCustomerExcludingAssessedTax,USD,2022-11-09,10-Q,2021-09-30,-22180000,NetIncomeLoss,USD,2022-11-09,10-Q,2021-09-30,625664000,Assets,USD,2022-11-09,10-Q,2021-12-31,239665000,NetCashProvidedByUsedInFinancingActivities,USD,2022-11-09,10-Q,2021-09-30,-3288000,NetCashProvidedByUsedInInvestingActivities,USD,2022-11-09,10-Q,2021-09-30,19425000,NetCashProvidedByUsedInOperatingActivities,USD,2022-11-09,10-Q,2021-09-30,through_ocf,True,,,-0.068594,0.060074,1.934944,0.741194,-0.010169
2023Q1,2023-01-25,RES,742278,"RPC, INC.",$100M-$500M,,436334000,RevenueFromContractWithCustomerExcludingAssessedTax,USD,2019-05-02,10-Q,2018-03-31,-9662000,NetIncomeLoss,USD,2022-10-28,10-Q,2021-03-31,826640000,Assets,USD,2022-10-28,10-Q,2021-09-30,-963000,NetCashProvidedByUsedInFinancingActivities,USD,2022-10-28,10-Q,2021-09-30,-29114000,NetCashProvidedByUsedInInvestingActivities,USD,2022-10-28,10-Q,2021-09-30,26416000,NetCashProvidedByUsedInOperatingActivities,USD,2022-10-28,10-Q,2021-09-30,through_ocf,True,,,-0.022144,0.060541,1.894512,-0.002207,-0.066724
2023Q1,2023-03-23,REX,744187,REX AMERICAN RESOURCES CORPORATION,$500M-$1B,,562786000,Revenues,USD,2022-12-05,10-Q,2021-10-31,30938000,NetIncomeLoss,USD,2022-12-05,10-Q,2021-10-31,550361000,Assets,USD,2022-12-05,10-Q,2022-01-31,-7862000,NetCashProvidedByUsedInFinancingActivities,USD,2022-12-05,10-Q,2021-10-31,10405000,NetCashProvidedByUsedInInvestingActivities,USD,2022-12-05,10-Q,2021-10-31,50431000,NetCashProvidedByUsedInOperatingActivities,USD,2022-12-05,10-Q,2021-10-31,through_ocf,True,,,0.054973,0.08961,0.977922,-0.01397,0.018488
2023Q1,2023-02-08,REXR,1571283,"REXFORD INDUSTRIAL REALTY, INC.",$100M-$500M,,319526000,Revenues,USD,2022-10-24,10-Q,2021-09-30,91014000,NetIncomeLoss,USD,2022-10-24,10-Q,2021-09-30,6781165000,Assets,USD,2022-10-24,10-Q,2021-12-31,1055459000,NetCashProvidedByUsedInFinancingActivities,USD,2022-10-24,10-Q,2021-09-30,-1352721000,NetCashProvidedByUsedInInvestingActivities,USD,2022-10-24,10-Q,2021-09-30,179943000,NetCashProvidedByUsedInOperatingActivities,USD,2022-10-24,10-Q,2021-09-30,through_ocf,True,,,0.284841,0.563156,21.222577,3.303202,-4.233524
2023Q1,2023-02-08,REYN,1786431,REYNOLDS CONSUMER PRODUCTS INC.,$2B-$10B,,3263000000,Revenues,USD,2023-02-08,10-K,2020-12-31,363000000,NetIncomeLoss,USD,2023-02-08,10-K,2020-12-31,4812000000,Assets,USD,2023-02-08,10-K,2021-12-31,34000000,NetCashProvidedByUsedInFinancingActivities,USD,2023-02-08,10-K,2020-12-31,-143000000,NetCashProvidedByUsedInInvestingActivities,USD,2023-02-08,10-K,2020-12-31,319000000,NetCashProvidedByUsedInOperatingActivities,USD,2023-02-08,10-K,2020-12-31,through_ocf,True,,,0.111247,0.097763,1.474717,0.01042,-0.043825
2023Q1,2023-02-15,REZI,1740332,"Resideo Technologies, Inc.",$2B-$10B,,4392000000,RevenueFromContractWithCustomerExcludingAssessedTax,USD,2022-11-01,10-Q,2021-10-02,175000000,NetIncomeLoss,USD,2022-11-01,10-Q,2021-10-02,5853000000,Assets,USD,2022-11-01,10-Q,2021-12-31,28000000,NetCashProvidedByUsedInFinancingActivities,USD,2022-11-01,10-Q,2021-10-02,-56000000,NetCashProvidedByUsedInInvestingActivities,USD,2022-11-01,10-Q,2021-10-02,203000000,NetCashProvidedByUsedInOperatingActivities,USD,2022-11-01,10-Q,2021-10-02,through_ocf,True,,,0.039845,0.04622,1.33265,0.006375,-0.01275
2023Q1,2023-01-04,RGP,1084765,"RESOURCES CONNECTION, INC.",$100M-$500M,,183140000,RevenueFromContractWithCustomerExcludingAssessedTax,USD,2022-10-06,10-Q,2021-08-28,12923000,NetIncomeLoss,USD,2022-10-06,10-Q,2021-08-28,581473000,Assets,USD,2022-10-06,10-Q,2022-05-28,-11387000,NetCashProvidedByUsedInFinancingActivities,USD,2022-10-06,10-Q,2021-08-28,-1006000,NetCashProvidedByUsedInInvestingActivities,USD,2022-10-06,10-Q,2021-08-28,464000,NetCashProvidedByUsedInOperatingActivities,USD,2022-10-06,10-Q,2021-08-28,through_ocf,True,,,0.070564,0.002534,3.175019,-0.062176,-0.005493
2023Q1,2023-02-22,RGR,95029,"STURM, RUGER & COMPANY, INC.",$500M-$1B,,568868000,Revenues,USD,2023-02-22,10-K,2020-12-31,90398000,NetIncomeLoss,USD,2023-02-22,10-K,2020-12-31,442343000,Assets,USD,2023-02-22,10-K,2021-12-31,-115193000,NetCashProvidedByUsedInFinancingActivities,USD,2023-02-22,10-K,2020-12-31,-43886000,NetCashProvidedByUsedInInvestingActivities,USD,2023-02-22,10-K,2020-12-31,143806000,NetCashProvidedByUsedInOperatingActivities,USD,2023-02-22,10-K,2020-12-31,through_ocf,True,,,0.158909,0.252793,0.777585,-0.202495,-0.077146
2023Q1,2023-02-24,RHP,1040829,"RYMAN HOSPITALITY PROPERTIES, INC.",$500M-$1B,,524475000,RevenueFromContractWithCustomerExcludingAssessedTax,USD,2023-02-24,10-K,2020-12-31,-460821000,ProfitLoss,USD,2023-02-24,10-K,2020-12-31,3580525000,Assets,USD,2023-02-24,10-K,2021-12-31,-6470000,NetCashProvidedByUsedInFinancingActivities,USD,2023-02-24,10-K,2020-12-31,-172648000,NetCashProvidedByUsedInInvestingActivities,USD,2023-02-24,10-K,2020-12-31,-161524000,NetCashProvidedByUsedInOperatingActivities,USD,2023-02-24,10-K,2020-12-31,through_ocf,True,,,-0.878633,-0.307973,6.826874,-0.012336,-0.329183
2023Q1,2023-01-11,RICK,935419,"RCI HOSPITALITY HOLDINGS, INC.",<$100M,,48394000,RevenueFromContractWithCustomerExcludingAssessedTax,USD,2022-12-14,10-K,2019-12-31,5634000,NetIncomeLoss,USD,2022-12-14,10-K,2019-12-31,364619000,Assets,USD,2022-12-14,10-K,2021-09-30,-13130000,NetCashProvidedByUsedInFinancingActivities,USD,2022-12-14,10-K,2020-09-30,-994000,NetCashProvidedByUsedInInvestingActivities,USD,2022-12-14,10-K,2020-09-30,15632000,NetCashProvidedByUsedInOperatingActivities,USD,2022-12-14,10-K,2020-09-30,through_ocf,True,,,0.116419,0.323015,7.534384,-0.271315,-0.02054
2023Q1,2023-02-21,RIG,1451505,TRANSOCEAN LTD,$1B-$2B,,1935000000,RevenueFromContractWithCustomerExcludingAssessedTax,USD,2022-11-04,10-Q,2021-09-30,-332000000,NetIncomeLoss,USD,2022-11-04,10-Q,2021-09-30,20681000000,Assets,USD,2022-11-04,10-Q,2021-12-31,-312000000,NetCashProvidedByUsedInFinancingActivities,USD,2022-11-04,10-Q,2021-09-30,-162000000,NetCashProvidedByUsedInInvestingActivities,USD,2022-11-04,10-Q,2021-09-30,390000000,NetCashProvidedByUsedInOperatingActivities,USD,2022-11-04,10-Q,2021-09-30,through_ocf,True,,,-0.171576,0.20155,10.687855,-0.16124,-0.083721
2023Q1,2023-02-22,RILY,1464790,"BRC Group Holdings, Inc.",$1B-$2B,,1318451000,Revenues,USD,2022-11-04,10-Q,2021-09-30,380882000,NetIncomeLoss,USD,2022-11-04,10-Q,2021-09-30,5851919000,Assets,USD,2022-11-04,10-Q,2021-12-31,859364000,NetCashProvidedByUsedInFinancingActivities,USD,2022-11-04,10-Q,2021-09-30,-416662000,NetCashProvidedByUsedInInvestingActivities,USD,2022-11-04,10-Q,2021-09-30,-166652000,NetCashProvidedByUsedInOperatingActivities,USD,2022-11-04,10-Q,2021-09-30,through_ocf,True,,,0.288886,-0.1264,4.43848,0.651798,-0.316024
2023Q1,2023-02-22,RILYN,1464790,"BRC Group Holdings, Inc.",$1B-$2B,,1318451000,Revenues,USD,2022-11-04,10-Q,2021-09-30,380882000,NetIncomeLoss,USD,2022-11-04,10-Q,2021-09-30,5851919000,Assets,USD,2022-11-04,10-Q,2021-12-31,859364000,NetCashProvidedByUsedInFinancingActivities,USD,2022-11-04,10-Q,2021-09-30,-416662000,NetCashProvidedByUsedInInvestingActivities,USD,2022-11-04,10-Q,2021-09-30,-166652000,NetCashProvidedByUsedInOperatingActivities,USD,2022-11-04,10-Q,2021-09-30,through_ocf,True,,,0.288886,-0.1264,4.43848,0.651798,-0.316024
2023Q1,2023-02-22,RILYZ,1464790,"BRC Group Holdings, Inc.",$1B-$2B,,1318451000,Revenues,USD,2022-11-04,10-Q,2021-09-30,380882000,NetIncomeLoss,USD,2022-11-04,10-Q,2021-09-30,5851919000,Assets,USD,2022-11-04,10-Q,2021-12-31,859364000,NetCashProvidedByUsedInFinancingActivities,USD,2022-11-04,10-Q,2021-09-30,-416662000,NetCashProvidedByUsedInInvestingActivities,USD,2022-11-04,10-Q,2021-09-30,-166652000,NetCashProvidedByUsedInOperatingActivities,USD,2022-11-04,10-Q,2021-09-30,through_ocf,True,,,0.288886,-0.1264,4.43848,0.651798,-0.316024
2023Q1,2023-01-25,RJF,720005,"RAYMOND JAMES FINANCIAL, INC.",$2B-$10B,,8168000000,Revenues,USD,2022-11-22,10-K,2020-09-30,818000000,NetIncomeLoss,USD,2022-11-22,10-K,2020-09-30,61891000000,Assets,USD,2022-11-22,10-K,2021-09-30,4574000000,NetCashProvidedByUsedInFinancingActivities,USD,2022-11-22,10-K,2020-09-30,-4985000000,NetCashProvidedByUsedInInvestingActivities,USD,2022-11-22,10-K,2020-09-30,4073000000,NetCashProvidedByUsedInOperatingActivities,USD,2022-11-22,10-K,2020-09-30,through_ocf,True,,,0.100147,0.498653,7.577253,0.55999,-0.610309
2023Q1,2023-02-09,RL,1037038,Ralph Lauren Corporation,$2B-$10B,,4695800000,Revenues,USD,2023-02-09,10-Q,2021-12-25,575700000,NetIncomeLoss,USD,2023-02-09,10-Q,2021-12-25,7724700000,Assets,USD,2023-02-09,10-Q,2022-04-02,-458300000,NetCashProvidedByUsedInFinancingActivities,USD,2023-02-09,10-Q,2021-12-25,-635800000,NetCashProvidedByUsedInInvestingActivities,USD,2023-02-09,10-Q,2021-12-25,821700000,NetCashProvidedByUsedInOperatingActivities,USD,2023-02-09,10-Q,2021-12-25,through_ocf,True,,,0.122599,0.174986,1.645023,-0.097598,-0.135398
2023Q1,2023-02-09,RLGT,1171155,"RADIANT LOGISTICS, INC.",$500M-$1B,,631214000,RevenueFromContractWithCustomerExcludingAssessedTax,USD,2022-05-10,10-Q,2021-03-31,11884000,NetIncomeLoss,USD,2022-05-10,10-Q,2021-03-31,328354000,Assets,USD,2022-05-10,10-Q,2021-03-31,-25496000,NetCashProvidedByUsedInFinancingActivities,USD,2022-05-10,10-Q,2021-03-31,-8340000,NetCashProvidedByUsedInInvestingActivities,USD,2022-05-10,10-Q,2021-03-31,3699000,NetCashProvidedByUsedInOperatingActivities,USD,2022-05-10,10-Q,2021-03-31,through_ocf,True,,,0.018827,0.00586,0.520194,-0.040392,-0.013213
2023Q1,2023-02-28,RLJ,1511337,RLJ LODGING TRUST,$100M-$500M,,473087000,Revenues,USD,2023-02-28,10-K,2020-12-31,-404441000,NetIncomeLoss,USD,2023-02-28,10-K,2020-12-31,5148976000,Assets,USD,2023-02-28,10-K,2021-12-31,243030000,NetCashProvidedByUsedInFinancingActivities,USD,2023-02-28,10-K,2020-12-31,-66692000,NetCashProvidedByUsedInInvestingActivities,USD,2023-02-28,10-K,2020-12-31,-168708000,NetCashProvidedByUsedInOperatingActivities,USD,2023-02-28,10-K,2020-12-31,through_ocf,True,,,-0.854898,-0.356611,10.883782,0.513711,-0.140972
2023Q1,2023-02-08,RM,1519401,Regional Management Corp.,$100M-$500M,,308867000,Revenues,USD,2022-11-04,10-Q,2021-09-30,67909000,NetIncomeLoss,USD,2022-11-04,10-Q,2021-09-30,1459662000,Assets,USD,2022-11-04,10-Q,2021-12-31,134931000,NetCashProvidedByUsedInFinancingActivities,USD,2022-11-04,10-Q,2021-09-30,-226987000,NetCashProvidedByUsedInInvestingActivities,USD,2022-11-04,10-Q,2021-09-30,132325000,NetCashProvidedByUsedInOperatingActivities,USD,2022-11-04,10-Q,2021-09-30,through_ocf,True,,,0.219865,0.428421,4.725859,0.436858,-0.734902
2023Q1,2023-02-06,RMBS,917273,RAMBUS INC,$100M-$500M,,192071000,SalesRevenueNet,USD,2018-08-03,10-Q,2017-06-30,12229000,NetIncomeLoss,USD,2022-11-04,10-Q,2021-09-30,1232646000,Assets,USD,2022-11-04,10-Q,2021-12-31,-114858000,NetCashProvidedByUsedInFinancingActivities,USD,2022-11-04,10-Q,2021-09-30,1089000,NetCashProvidedByUsedInInvestingActivities,USD,2022-11-04,10-Q,2021-09-30,137049000,NetCashProvidedByUsedInOperatingActivities,USD,2022-11-04,10-Q,2021-09-30,through_ocf,True,,,0.063669,0.713533,6.417658,-0.597998,0.00567
2023Q1,2023-01-26,RMD,943819,ResMed Inc.,$500M-$1B,,904015000,RevenueFromContractWithCustomerExcludingAssessedTax,USD,2022-10-28,10-Q,2021-09-30,203613000,NetIncomeLoss,USD,2022-10-28,10-Q,2021-09-30,5095853000,Assets,USD,2022-10-28,10-Q,2022-06-30,92970000,NetCashProvidedByUsedInFinancingActivities,USD,2022-10-28,10-Q,2021-09-30,-41874000,NetCashProvidedByUsedInInvestingActivities,USD,2022-10-28,10-Q,2021-09-30,-65657000,NetCashProvidedByUsedInOperatingActivities,USD,2022-10-28,10-Q,2021-09-30,through_ocf,True,,,0.225232,-0.072628,5.636912,0.102841,-0.04632
2023Q1,2023-03-01,RMNI,1635282,"Rimini Street, Inc.",$100M-$500M,,326780000,Revenues,USD,2023-03-01,10-K,2020-12-31,11586000,NetIncomeLoss,USD,2023-03-01,10-K,2020-12-31,391262000,Assets,USD,2023-03-01,10-K,2021-12-31,6375000,NetCashProvidedByUsedInFinancingActivities,USD,2023-03-01,10-K,2020-12-31,-1483000,NetCashProvidedByUsedInInvestingActivities,USD,2023-03-01,10-K,2020-12-31,42103000,NetCashProvidedByUsedInOperatingActivities,USD,2023-03-01,10-K,2020-12-31,through_ocf,True,,,0.035455,0.128842,1.197325,0.019509,-0.004538
2023Q1,2023-02-09,ROAD,1718227,"CONSTRUCTION PARTNERS, INC.",$100M-$500M,,284964000,RevenueFromContractWithCustomerExcludingAssessedTax,USD,2023-02-09,10-Q,2021-12-31,5511000,NetIncomeLoss,USD,2023-02-09,10-Q,2021-12-31,1095521000,Assets,USD,2023-02-09,10-Q,2022-09-30,67461000,NetCashProvidedByUsedInFinancingActivities,USD,2023-02-09,10-Q,2021-12-31,-80274000,NetCashProvidedByUsedInInvestingActivities,USD,2023-02-09,10-Q,2021-12-31,-577000,NetCashProvidedByUsedInOperatingActivities,USD,2023-02-09,10-Q,2021-12-31,through_ocf,True,,,0.019339,-0.002025,3.844419,0.236735,-0.281699
2023Q1,2023-01-31,ROCK,912562,"GIBRALTAR INDUSTRIES, INC.",$1B-$2B,,1005334000,Revenues,USD,2022-11-03,10-Q,2021-09-30,12762000,NetIncomeLoss,USD,2022-11-03,10-Q,2021-03-31,1214901000,Assets,USD,2022-11-03,10-Q,2021-12-31,-30276000,NetCashProvidedByUsedInFinancingActivities,USD,2022-11-03,10-Q,2021-09-30,28778000,NetCashProvidedByUsedInInvestingActivities,USD,2022-11-03,10-Q,2021-09-30,-16525000,NetCashProvidedByUsedInOperatingActivities,USD,2022-11-03,10-Q,2021-09-30,through_ocf,True,,,0.012694,-0.016437,1.208455,-0.030115,0.028625
2023Q1,2023-02-28,ROG,84748,ROGERS CORP,$500M-$1B,,702434000,RevenueFromContractWithCustomerExcludingAssessedTax,USD,2022-11-09,10-Q,2021-09-30,85002000,NetIncomeLoss,USD,2022-11-09,10-Q,2021-09-30,1598566000,Assets,USD,2022-11-09,10-Q,2021-12-31,-30844000,NetCashProvidedByUsedInFinancingActivities,USD,2022-11-09,10-Q,2021-09-30,-42697000,NetCashProvidedByUsedInInvestingActivities,USD,2022-11-09,10-Q,2021-09-30,106115000,NetCashProvidedByUsedInOperatingActivities,USD,2022-11-09,10-Q,2021-09-30,through_ocf,True,,,0.121011,0.151068,2.275753,-0.04391,-0.060784
2023Q1,2023-01-26,ROK,1024478,"ROCKWELL AUTOMATION, INC",$1B-$2B,,1857300000,RevenueFromContractWithCustomerExcludingAssessedTax,USD,2023-01-26,10-Q,2021-12-31,241500000,NetIncomeLoss,USD,2023-01-26,10-Q,2021-12-31,10758700000,Assets,USD,2023-01-26,10-Q,2022-09-30,-52000000,NetCashProvidedByUsedInFinancingActivities,USD,2023-01-26,10-Q,2021-12-31,-48700000,NetCashProvidedByUsedInInvestingActivities,USD,2023-01-26,10-Q,2021-12-31,-12000000,NetCashProvidedByUsedInOperatingActivities,USD,2023-01-26,10-Q,2021-12-31,through_ocf,True,,,0.130027,-0.006461,5.792656,-0.027998,-0.026221
2023Q1,2023-02-15,ROKU,1428439,"Roku, Inc.",$1B-$2B,,1899255000,RevenueFromContractWithCustomerExcludingAssessedTax,USD,2022-11-03,10-Q,2021-09-30,218698000,NetIncomeLoss,USD,2022-11-03,10-Q,2021-09-30,4082145000,Assets,USD,2022-11-03,10-Q,2021-12-31,999298000,NetCashProvidedByUsedInFinancingActivities,USD,2022-11-03,10-Q,2021-09-30,-164798000,NetCashProvidedByUsedInInvestingActivities,USD,2022-11-03,10-Q,2021-09-30,253508000,NetCashProvidedByUsedInOperatingActivities,USD,2022-11-03,10-Q,2021-09-30,through_ocf,True,,,0.115149,0.133478,2.14934,0.526153,-0.08677
2023Q1,2023-02-15,ROL,84839,"ROLLINS, INC.",$1B-$2B,,1823957000,RevenueFromContractWithCustomerExcludingAssessedTax,USD,2022-10-27,10-Q,2021-09-30,285350000,NetIncomeLoss,USD,2022-10-27,10-Q,2021-09-30,1980870000,Assets,USD,2022-10-27,10-Q,2021-12-31,-284688000,NetCashProvidedByUsedInFinancingActivities,USD,2022-10-27,10-Q,2021-09-30,11104000,NetCashProvidedByUsedInInvestingActivities,USD,2022-10-27,10-Q,2021-09-30,298911000,NetCashProvidedByUsedInOperatingActivities,USD,2022-10-27,10-Q,2021-09-30,through_ocf,True,,,0.156446,0.163881,1.086029,-0.156083,0.006088
2023Q1,2023-01-27,ROP,882835,"ROPER TECHNOLOGIES, INC.",$2B-$10B,,3577200000,RevenueFromContractWithCustomerExcludingAssessedTax,USD,2022-11-02,10-Q,2021-09-30,864800000,NetIncomeLoss,USD,2022-11-02,10-Q,2021-09-30,23713900000,Assets,USD,2022-11-02,10-Q,2021-12-31,-1340900000,NetCashProvidedByUsedInFinancingActivities,USD,2022-11-02,10-Q,2021-09-30,-42400000,NetCashProvidedByUsedInInvestingActivities,USD,2022-11-02,10-Q,2021-09-30,1432400000,NetCashProvidedByUsedInOperatingActivities,USD,2022-11-02,10-Q,2021-09-30,through_ocf,True,,,0.241753,0.400425,6.629179,-0.374846,-0.011853
2023Q1,2023-02-28,ROST,745732,"ROSS STORES, INC.",>$10B,,13895595000,RevenueFromContractWithCustomerExcludingAssessedTax,USD,2022-12-07,10-Q,2021-10-30,476479000,NetIncomeLoss,USD,2022-12-07,10-Q,2021-05-01,13915734000,Assets,USD,2022-12-07,10-Q,2021-10-30,-759965000,NetCashProvidedByUsedInFinancingActivities,USD,2022-12-07,10-Q,2021-10-30,-377916000,NetCashProvidedByUsedInInvestingActivities,USD,2022-12-07,10-Q,2021-10-30,1503653000,NetCashProvidedByUsedInOperatingActivities,USD,2022-12-07,10-Q,2021-10-30,through_ocf,True,,,0.03429,0.108211,1.001449,-0.054691,-0.027197
2023Q1,2023-02-08,RPD,1560327,"RAPID7, INC.",$100M-$500M,,383766000,Revenues,USD,2022-11-03,10-Q,2021-09-30,-101709000,NetIncomeLoss,USD,2022-11-03,10-Q,2021-09-30,1296011000,Assets,USD,2022-11-03,10-Q,2021-12-31,313420000,NetCashProvidedByUsedInFinancingActivities,USD,2022-11-03,10-Q,2021-09-30,-307887000,NetCashProvidedByUsedInInvestingActivities,USD,2022-11-03,10-Q,2021-09-30,49229000,NetCashProvidedByUsedInOperatingActivities,USD,2022-11-03,10-Q,2021-09-30,through_ocf,True,,,-0.265029,0.128279,3.377087,0.816696,-0.802278
2023Q1,2023-01-09,RPRX,1802768,Royalty Pharma plc,$1B-$2B,,1713763000,Revenues,USD,2022-11-08,10-Q,2021-09-30,611824000,NetIncomeLoss,USD,2022-11-08,10-Q,2021-09-30,17515865000,Assets,USD,2022-11-08,10-Q,2021-12-31,583183000,NetCashProvidedByUsedInFinancingActivities,USD,2022-11-08,10-Q,2021-09-30,-1318634000,NetCashProvidedByUsedInInvestingActivities,USD,2022-11-08,10-Q,2021-09-30,1527579000,NetCashProvidedByUsedInOperatingActivities,USD,2022-11-08,10-Q,2021-09-30,through_ocf,True,,,0.357006,0.89136,10.220704,0.340294,-0.769438
2023Q1,2023-01-09,RRGB,1171759,"RED ROBIN GOURMET BURGERS, INC.",$500M-$1B,,878694000,RevenueFromContractWithCustomerExcludingAssessedTax,USD,2022-11-02,10-Q,2021-10-03,-8713000,NetIncomeLoss,USD,2022-11-02,10-Q,2021-04-18,928998000,Assets,USD,2022-11-02,10-Q,2021-12-26,-16037000,NetCashProvidedByUsedInFinancingActivities,USD,2022-11-02,10-Q,2021-10-03,-19967000,NetCashProvidedByUsedInInvestingActivities,USD,2022-11-02,10-Q,2021-10-03,37617000,NetCashProvidedByUsedInOperatingActivities,USD,2022-11-02,10-Q,2021-10-03,through_ocf,True,,,-0.009916,0.04281,1.057249,-0.018251,-0.022723
2023Q1,2023-02-07,RRR,1653653,"RED ROCK RESORTS, INC.",$1B-$2B,,1195545000,Revenues,USD,2022-11-08,10-Q,2021-09-30,93184000,NetIncomeLoss,USD,2022-11-08,10-Q,2021-09-30,3140333000,Assets,USD,2022-11-08,10-Q,2021-12-31,-449633000,NetCashProvidedByUsedInFinancingActivities,USD,2022-11-08,10-Q,2021-09-30,-58104000,NetCashProvidedByUsedInInvestingActivities,USD,2022-11-08,10-Q,2021-09-30,476823000,NetCashProvidedByUsedInOperatingActivities,USD,2022-11-08,10-Q,2021-09-30,through_ocf,True,,,0.077943,0.398833,2.626696,-0.37609,-0.0486
2023Q1,2023-02-15,RSG,1060391,"REPUBLIC SERVICES, INC.",$2B-$10B,,9851900000,Revenues,USD,2022-10-28,10-Q,2021-09-30,977344000,NetIncomeLoss,USD,2022-10-28,10-Q,2021-09-30,24428900000,Assets,USD,2022-10-28,10-Q,2021-09-30,-343500000,NetCashProvidedByUsedInFinancingActivities,USD,2022-10-28,10-Q,2021-09-30,-1785600000,NetCashProvidedByUsedInInvestingActivities,USD,2022-10-28,10-Q,2021-09-30,2137800000,NetCashProvidedByUsedInOperatingActivities,USD,2022-10-28,10-Q,2021-09-30,through_ocf,True,,,0.099204,0.216994,2.479613,-0.034866,-0.181244
2023Q1,2023-03-01,RSI,1793659,"RUSH STREET INTERACTIVE, INC.",$100M-$500M,,357540000,RevenueFromContractWithCustomerExcludingAssessedTax,USD,2022-11-03,10-Q,2021-09-30,-9084000,NetIncomeLoss,USD,2022-11-03,10-Q,2021-09-30,408731000,Assets,USD,2022-11-03,10-Q,2021-12-31,126916000,NetCashProvidedByUsedInFinancingActivities,USD,2022-11-03,10-Q,2021-09-30,-10943000,NetCashProvidedByUsedInInvestingActivities,USD,2022-11-03,10-Q,2021-09-30,-16677000,NetCashProvidedByUsedInOperatingActivities,USD,2022-11-03,10-Q,2021-09-30,through_ocf,True,,,-0.025407,-0.046644,1.143176,0.35497,-0.030606
2023Q1,2023-02-08,RSVR,1824403,"RESERVOIR MEDIA, INC.",<$100M,,72718351,Revenues,USD,2023-02-08,10-Q,2021-12-31,4179443,NetIncomeLoss,USD,2023-02-08,10-Q,2021-12-31,629471899,Assets,USD,2023-02-08,10-Q,2021-12-31,152534032,NetCashProvidedByUsedInFinancingActivities,USD,2023-02-08,10-Q,2021-12-31,-158580076,NetCashProvidedByUsedInInvestingActivities,USD,2023-02-08,10-Q,2021-12-31,12851291,NetCashProvidedByUsedInOperatingActivities,USD,2023-02-08,10-Q,2021-12-31,through_ocf,True,,,0.057474,0.176727,8.656301,2.0976,-2.180744
2023Q1,2023-02-22,RUN,1469367,Sunrun Inc.,$500M-$1B,,922191000,RevenueFromContractWithCustomerExcludingAssessedTax,USD,2023-02-22,10-K,2020-12-31,-173394000,NetIncomeLoss,USD,2023-02-22,10-K,2020-12-31,16483252000,Assets,USD,2023-02-22,10-K,2021-12-31,1160740000,NetCashProvidedByUsedInFinancingActivities,USD,2023-02-22,10-K,2020-12-31,-497789000,NetCashProvidedByUsedInInvestingActivities,USD,2023-02-22,10-K,2020-12-31,-317972000,NetCashProvidedByUsedInOperatingActivities,USD,2023-02-22,10-K,2020-12-31,through_ocf,True,,,-0.188024,-0.344801,17.874011,1.258676,-0.539789
2023Q1,2023-02-23,RVLV,1746618,"REVOLVE GROUP, INC.",$500M-$1B,,580649000,RevenueFromContractWithCustomerExcludingAssessedTax,USD,2023-02-23,10-K,2020-12-31,56790000,NetIncomeLoss,USD,2023-02-23,10-K,2020-12-31,480413000,Assets,USD,2023-02-23,10-K,2021-12-31,8660000,NetCashProvidedByUsedInFinancingActivities,USD,2023-02-23,10-K,2020-12-31,-2324000,NetCashProvidedByUsedInInvestingActivities,USD,2023-02-23,10-K,2020-12-31,73773000,NetCashProvidedByUsedInOperatingActivities,USD,2023-02-23,10-K,2020-12-31,through_ocf,True,,,0.097804,0.127053,0.827372,0.014914,-0.004002
2023Q1,2023-01-09,RVTY,31791,"REVVITY, INC.",$2B-$10B,,2799898000,RevenueFromContractWithCustomerExcludingAssessedTax,USD,2022-11-14,10-Q,2021-10-03,379305000,NetIncomeLoss,USD,2022-11-14,10-Q,2021-04-04,15000554000,Assets,USD,2022-11-14,10-Q,2022-01-02,3080682000,NetCashProvidedByUsedInFinancingActivities,USD,2022-11-14,10-Q,2021-10-03,-4052807000,NetCashProvidedByUsedInInvestingActivities,USD,2022-11-14,10-Q,2021-10-03,1075158000,NetCashProvidedByUsedInOperatingActivities,USD,2022-11-14,10-Q,2021-10-03,through_ocf,True,,,0.135471,0.383999,5.357536,1.100284,-1.447484
2023Q1,2023-02-07,RXO,0001929561,"RXO, INC.",$2B-$10B,,3362000000,RevenueFromContractWithCustomerExcludingAssessedTax,USD,2022-11-30,10-Q,2021-09-30,108000000,NetIncomeLoss,USD,2022-11-30,10-Q,2021-09-30,2068000000,Assets,USD,2022-11-30,10-Q,2021-12-31,-130000000,NetCashProvidedByUsedInFinancingActivities,USD,2022-11-30,10-Q,2021-09-30,-29000000,NetCashProvidedByUsedInInvestingActivities,USD,2022-11-30,10-Q,2021-09-30,119000000,NetCashProvidedByUsedInOperatingActivities,USD,2022-11-30,10-Q,2021-09-30,through_ocf,True,,,0.032124,0.035396,0.61511,-0.038667,-0.008626
2023Q1,2023-01-17,RYAM,1597672,RAYONIER ADVANCED MATERIALS INC.,$1B-$2B,,1033712000,RevenueFromContractWithCustomerExcludingAssessedTax,USD,2022-11-02,10-Q,2021-09-25,90443000,NetIncomeLoss,USD,2022-11-02,10-Q,2021-09-25,2445024000,Assets,USD,2022-11-02,10-Q,2021-12-31,-137721000,NetCashProvidedByUsedInFinancingActivities,USD,2022-11-02,10-Q,2021-09-25,117519000,NetCashProvidedByUsedInInvestingActivities,USD,2022-11-02,10-Q,2021-09-25,206899000,NetCashProvidedByUsedInOperatingActivities,USD,2022-11-02,10-Q,2021-09-25,through_ocf,True,,,0.087493,0.200151,2.365285,-0.13323,0.113686
2023Q1,2023-02-22,RYZ,1481582,Ryerson Holding Corporation,$2B-$10B,,3466600000,Revenues,USD,2023-02-22,10-K,2020-12-31,-65800000,NetIncomeLoss,USD,2023-02-22,10-K,2020-12-31,2365600000,Assets,USD,2023-02-22,10-K,2021-12-31,-250200000,NetCashProvidedByUsedInFinancingActivities,USD,2023-02-22,10-K,2020-12-31,-25900000,NetCashProvidedByUsedInInvestingActivities,USD,2023-02-22,10-K,2020-12-31,277900000,NetCashProvidedByUsedInOperatingActivities,USD,2023-02-22,10-K,2020-12-31,through_ocf,True,,,-0.018981,0.080165,0.682398,-0.072174,-0.007471
2023Q1,2023-02-15,SABR,1597033,Sabre Corp,$1B-$2B,,1188238000,RevenueFromContractWithCustomerExcludingAssessedTax,USD,2022-11-02,10-Q,2021-09-30,-741773000,NetIncomeLoss,USD,2022-11-02,10-Q,2021-09-30,5291330000,Assets,USD,2022-11-02,10-Q,2021-12-31,-37013000,NetCashProvidedByUsedInFinancingActivities,USD,2022-11-02,10-Q,2021-09-30,-5535000,NetCashProvidedByUsedInInvestingActivities,USD,2022-11-02,10-Q,2021-09-30,455906000,NetCashProvidedByUsedInOperatingActivities,USD,2018-10-30,10-Q,2017-09-30,through_ocf,True,,,-0.624263,0.383682,4.453089,-0.031149,-0.004658
2023Q1,2023-02-22,SAFT,1172052,"SAFETY INSURANCE GROUP, INC.",$500M-$1B,,658491000,Revenues,USD,2022-11-04,10-Q,2021-09-30,36174000,NetIncomeLoss,USD,2022-11-04,10-Q,2021-03-31,2117391000,Assets,USD,2022-11-04,10-Q,2021-12-31,-40645000,NetCashProvidedByUsedInFinancingActivities,USD,2022-11-04,10-Q,2021-09-30,-79005000,NetCashProvidedByUsedInInvestingActivities,USD,2022-11-04,10-Q,2021-09-30,110584000,NetCashProvidedByUsedInOperatingActivities,USD,2022-11-04,10-Q,2021-09-30,through_ocf,True,,,0.054935,0.167935,3.21552,-0.061724,-0.119979
2023Q1,2023-02-15,SAH,1043509,"SONIC AUTOMOTIVE, INC.",$2B-$10B,,9211900000,RevenueFromContractWithCustomerExcludingAssessedTax,USD,2022-10-28,10-Q,2021-09-30,252600000,NetIncomeLoss,USD,2022-10-28,10-Q,2021-09-30,4975100000,Assets,USD,2022-10-28,10-Q,2021-12-31,20900000,NetCashProvidedByUsedInFinancingActivities,USD,2022-10-28,10-Q,2021-09-30,-237500000,NetCashProvidedByUsedInInvestingActivities,USD,2022-10-28,10-Q,2021-09-30,266400000,NetCashProvidedByUsedInOperatingActivities,USD,2022-10-28,10-Q,2021-09-30,through_ocf,True,,,0.027421,0.028919,0.540073,0.002269,-0.025782
2023Q1,2023-02-03,SAIA,1177702,"SAIA, INC.",$1B-$2B,,1671623000,RevenueFromContractWithCustomerExcludingAssessedTax,USD,2022-11-01,10-Q,2021-09-30,37291000,NetIncomeLoss,USD,2022-11-01,10-Q,2021-03-31,1845250000,Assets,USD,2022-11-01,10-Q,2021-12-31,-18698000,NetCashProvidedByUsedInFinancingActivities,USD,2022-11-01,10-Q,2021-09-30,-148924000,NetCashProvidedByUsedInInvestingActivities,USD,2022-11-01,10-Q,2021-09-30,267686000,NetCashProvidedByUsedInOperatingActivities,USD,2022-11-01,10-Q,2021-09-30,through_ocf,True,,,0.022308,0.160135,1.103867,-0.011186,-0.089089
2023Q1,2023-02-21,SBAC,1034054,SBA Communications Corporation,$1B-$2B,,1713696000,Revenues,USD,2022-11-03,10-Q,2021-09-30,188720000,NetIncomeLoss,USD,2022-11-03,10-Q,2021-09-30,9801699000,Assets,USD,2022-11-03,10-Q,2021-12-31,308612000,NetCashProvidedByUsedInFinancingActivities,USD,2022-11-03,10-Q,2021-09-30,-1277822000,NetCashProvidedByUsedInInvestingActivities,USD,2022-11-03,10-Q,2021-09-30,891330000,NetCashProvidedByUsedInOperatingActivities,USD,2022-11-03,10-Q,2021-09-30,through_ocf,True,,,0.110125,0.520121,5.719625,0.180086,-0.745653
2023Q1,2023-02-02,SBH,1368458,"SALLY BEAUTY HOLDINGS, INC.",$500M-$1B,,980251000,RevenueFromContractWithCustomerExcludingAssessedTax,USD,2023-02-02,10-Q,2021-12-31,68838000,NetIncomeLoss,USD,2023-02-02,10-Q,2021-12-31,2576867000,Assets,USD,2023-02-02,10-Q,2022-09-30,-70185000,NetCashProvidedByUsedInFinancingActivities,USD,2023-02-02,10-Q,2021-12-31,-26709000,NetCashProvidedByUsedInInvestingActivities,USD,2023-02-02,10-Q,2021-12-31,-5685000,NetCashProvidedByUsedInOperatingActivities,USD,2023-02-02,10-Q,2021-12-31,through_ocf,True,,,0.070225,-0.0058,2.628783,-0.071599,-0.027247
2023Q1,2023-02-21,SBRA,1492298,"SABRA HEALTH CARE REIT, INC.",$500M-$1B,,598569000,Revenues,USD,2023-02-21,10-K,2020-12-31,138417000,NetIncomeLoss,USD,2023-02-21,10-K,2020-12-31,5966707000,Assets,USD,2023-02-21,10-K,2021-12-31,-202109000,NetCashProvidedByUsedInFinancingActivities,USD,2023-02-21,10-K,2020-12-31,-136451000,NetCashProvidedByUsedInInvestingActivities,USD,2023-02-21,10-K,2020-12-31,354852000,NetCashProvidedByUsedInOperatingActivities,USD,2023-02-21,10-K,2020-12-31,through_ocf,True,,,0.231247,0.592834,9.968286,-0.337654,-0.227962
2023Q1,2023-02-03,SCCO,1001838,SOUTHERN COPPER CORP/,$2B-$10B,,8110400000,RevenueFromContractWithCustomerExcludingAssessedTax,USD,2022-10-31,10-Q,2021-09-30,2574800000,ProfitLoss,USD,2022-10-31,10-Q,2021-09-30,18110300000,Assets,USD,2022-10-31,10-Q,2021-09-30,-1705100000,NetCashProvidedByUsedInFinancingActivities,USD,2022-10-31,10-Q,2021-09-30,-912100000,NetCashProvidedByUsedInInvestingActivities,USD,2022-10-31,10-Q,2021-09-30,3064700000,NetCashProvidedByUsedInOperatingActivities,USD,2022-10-31,10-Q,2021-09-30,through_ocf,True,,,0.317469,0.377873,2.232972,-0.210236,-0.112461
2023Q1,2023-03-23,SCHL,866729,SCHOLASTIC CORPORATION,$500M-$1B,,784000000,RevenueFromContractWithCustomerExcludingAssessedTax,USD,2022-12-16,10-Q,2021-11-30,44100000,NetIncomeLoss,USD,2022-12-16,10-Q,2021-11-30,1980700000,Assets,USD,2022-12-16,10-Q,2021-11-30,-187900000,NetCashProvidedByUsedInFinancingActivities,USD,2022-12-16,10-Q,2021-11-30,-17200000,NetCashProvidedByUsedInInvestingActivities,USD,2022-12-16,10-Q,2021-11-30,141600000,NetCashProvidedByUsedInOperatingActivities,USD,2022-12-16,10-Q,2021-11-30,through_ocf,True,,,0.05625,0.180612,2.526403,-0.239668,-0.021939
2023Q1,2023-01-18,SCHW,316709,SCHWAB CHARLES CORP,>$10B,,13812000000,Revenues,USD,2022-11-08,10-Q,2021-09-30,4275000000,NetIncomeLoss,USD,2022-11-08,10-Q,2021-09-30,667270000000,Assets,USD,2022-11-08,10-Q,2021-12-31,47032000000,NetCashProvidedByUsedInFinancingActivities,USD,2022-11-08,10-Q,2021-09-30,-53970000000,NetCashProvidedByUsedInInvestingActivities,USD,2022-11-08,10-Q,2021-09-30,-3521000000,NetCashProvidedByUsedInOperatingActivities,USD,2022-11-08,10-Q,2021-09-30,through_ocf,True,,,0.309513,-0.254923,48.310889,3.405155,-3.907472
2023Q1,2023-02-16,SCL,94049,STEPAN COMPANY,$1B-$2B,,1735939000,RevenueFromContractWithCustomerExcludingAssessedTax,USD,2022-11-03,10-Q,2021-09-30,120809000,NetIncomeLoss,USD,2022-11-03,10-Q,2021-09-30,2065612000,Assets,USD,2022-11-03,10-Q,2021-12-31,42972000,NetCashProvidedByUsedInFinancingActivities,USD,2022-11-03,10-Q,2021-09-30,-306037000,NetCashProvidedByUsedInInvestingActivities,USD,2022-11-03,10-Q,2021-09-30,21402000,NetCashProvidedByUsedInOperatingActivities,USD,2022-11-03,10-Q,2021-09-30,through_ocf,True,,,0.069593,0.012329,1.18991,0.024754,-0.176295
2023Q1,2023-02-07,SCSC,918965,"ScanSource, Inc.",$1B-$2B,,1721662000,RevenueFromContractWithCustomerExcludingAssessedTax,USD,2023-02-07,10-Q,2021-12-31,22073000,NetIncomeLoss,USD,2023-02-07,10-Q,2021-09-30,1937428000,Assets,USD,2023-02-07,10-Q,2022-06-30,51365000,NetCashProvidedByUsedInFinancingActivities,USD,2023-02-07,10-Q,2021-12-31,480000,NetCashProvidedByUsedInInvestingActivities,USD,2023-02-07,10-Q,2021-12-31,-75378000,NetCashProvidedByUsedInOperatingActivities,USD,2023-02-07,10-Q,2021-12-31,through_ocf,True,,,0.012821,-0.043782,1.125324,0.029835,0.000279
2023Q1,2023-03-22,SCVL,895447,"SHOE CARNIVAL, INC.",$1B-$2B,,1017023000,Revenues,USD,2022-12-02,10-Q,2021-10-30,134290000,NetIncomeLoss,USD,2022-12-02,10-Q,2021-10-30,786509000,Assets,USD,2022-12-02,10-Q,2021-10-30,-15800000,NetCashProvidedByUsedInFinancingActivities,USD,2022-12-02,10-Q,2021-10-30,-37846000,NetCashProvidedByUsedInInvestingActivities,USD,2022-12-02,10-Q,2021-10-30,120478000,NetCashProvidedByUsedInOperatingActivities,USD,2022-12-02,10-Q,2021-10-30,through_ocf,True,,,0.132042,0.118461,0.773344,-0.015536,-0.037213
2023Q1,2023-03-07,SEAT,1856031,Vivid Seats Inc.,<$100M,,23281000,RevenueFromContractWithCustomerExcludingAssessedTax,USD,2023-03-07,10-K,2020-12-31,-5024000,NetIncomeLoss,USD,2023-03-07,10-K,2021-12-31,1408795000,Assets,USD,2023-03-07,10-K,2021-12-31,245545000,NetCashProvidedByUsedInFinancingActivities,USD,2023-03-07,10-K,2020-12-31,-7605000,NetCashProvidedByUsedInInvestingActivities,USD,2023-03-07,10-K,2020-12-31,-33892000,NetCashProvidedByUsedInOperatingActivities,USD,2023-03-07,10-K,2020-12-31,through_ocf,True,,,-0.215798,-1.455779,60.51265,10.547013,-0.326661
2023Q1,2023-02-13,SEDG,1419612,"SOLAREDGE TECHNOLOGIES, INC.",$1B-$2B,,1411950000,Revenues,USD,2022-11-08,10-Q,2021-09-30,30076000,NetIncomeLoss,USD,2022-11-08,10-Q,2021-03-31,2900953000,Assets,USD,2022-11-08,10-Q,2021-12-31,-19432000,NetCashProvidedByUsedInFinancingActivities,USD,2022-11-08,10-Q,2021-09-30,-397959000,NetCashProvidedByUsedInInvestingActivities,USD,2022-11-08,10-Q,2021-09-30,124552000,NetCashProvidedByUsedInOperatingActivities,USD,2022-11-08,10-Q,2021-09-30,through_ocf,True,,,0.021301,0.088213,2.054572,-0.013763,-0.281851
2023Q1,2023-01-25,SEIC,350894,SEI INVESTMENTS COMPANY,$1B-$2B,,1416659000,Revenues,USD,2022-10-28,10-Q,2021-09-30,401293000,NetIncomeLoss,USD,2022-10-28,10-Q,2021-09-30,2354702000,Assets,USD,2022-10-28,10-Q,2021-12-31,-387390000,NetCashProvidedByUsedInFinancingActivities,USD,2022-10-28,10-Q,2021-09-30,-87542000,NetCashProvidedByUsedInInvestingActivities,USD,2022-10-28,10-Q,2021-09-30,483881000,NetCashProvidedByUsedInOperatingActivities,USD,2022-10-28,10-Q,2021-09-30,through_ocf,True,,,0.283267,0.341565,1.662152,-0.273453,-0.061795
2023Q1,2023-02-23,SEM,1320414,SELECT MEDICAL HOLDINGS CORPORATION,$2B-$10B,,5531713000,RevenueFromContractWithCustomerExcludingAssessedTax,USD,2023-02-23,10-K,2020-12-31,258995000,NetIncomeLoss,USD,2023-02-23,10-K,2020-12-31,7655399000,Assets,USD,2023-02-23,10-K,2020-12-31,-671541000,NetCashProvidedByUsedInFinancingActivities,USD,2023-02-23,10-K,2020-12-31,-115353000,NetCashProvidedByUsedInInvestingActivities,USD,2023-02-23,10-K,2020-12-31,1028073000,NetCashProvidedByUsedInOperatingActivities,USD,2023-02-23,10-K,2020-12-31,through_ocf,True,,,0.04682,0.185851,1.383911,-0.121398,-0.020853
2023Q1,2023-03-07,SFIX,1576942,"STITCH FIX, INC.",$500M-$1B,,581244000,RevenueFromContractWithCustomerExcludingAssessedTax,USD,2022-12-07,10-Q,2021-10-30,-1827000,NetIncomeLoss,USD,2022-12-07,10-Q,2021-10-30,764535000,Assets,USD,2022-12-07,10-Q,2022-07-30,-13698000,NetCashProvidedByUsedInFinancingActivities,USD,2022-12-07,10-Q,2021-10-30,-7537000,NetCashProvidedByUsedInInvestingActivities,USD,2022-12-07,10-Q,2021-10-30,141656000,NetCashProvidedByUsedInOperatingActivities,USD,2022-12-07,10-Q,2021-10-30,through_ocf,True,,,-0.003143,0.243712,1.315343,-0.023567,-0.012967
2023Q1,2023-03-02,SFM,1575515,"Sprouts Farmers Market, Inc.",$2B-$10B,,6468759000,RevenueFromContractWithCustomerExcludingAssessedTax,USD,2023-03-02,10-K,2021-01-03,287450000,NetIncomeLoss,USD,2023-03-02,10-K,2021-01-03,2923115000,Assets,USD,2023-03-02,10-K,2022-01-02,-287411000,NetCashProvidedByUsedInFinancingActivities,USD,2023-03-02,10-K,2021-01-03,-121968000,NetCashProvidedByUsedInInvestingActivities,USD,2023-03-02,10-K,2021-01-03,494035000,NetCashProvidedByUsedInOperatingActivities,USD,2023-03-02,10-K,2021-01-03,through_ocf,True,,,0.044437,0.076372,0.451882,-0.044431,-0.018855
2023Q1,2023-02-23,SG,0001477815,"SWEETGREEN, INC.",$100M-$500M,,220615000,RevenueFromContractWithCustomerExcludingAssessedTax,USD,2023-02-23,10-K,2020-12-27,-141224000,NetIncomeLoss,USD,2023-02-23,10-K,2020-12-27,762649000,Assets,USD,2023-02-23,10-K,2021-12-26,2145000,NetCashProvidedByUsedInFinancingActivities,USD,2023-02-23,10-K,2020-12-27,-58405000,NetCashProvidedByUsedInInvestingActivities,USD,2023-02-23,10-K,2020-12-27,-90352000,NetCashProvidedByUsedInOperatingActivities,USD,2023-02-23,10-K,2020-12-27,through_ocf,True,,,-0.640138,-0.409546,3.456923,0.009723,-0.264737
2023Q1,2023-01-09,SGRY,1638833,"Surgery Partners, Inc.",$100M-$500M,,417369000,Revenues,USD,2018-05-10,10-Q,2018-03-31,-70800000,NetIncomeLoss,USD,2022-11-08,10-Q,2021-09-30,6117600000,Assets,USD,2022-11-08,10-Q,2021-12-31,86500000,NetCashProvidedByUsedInFinancingActivities,USD,2022-11-08,10-Q,2021-09-30,-141700000,NetCashProvidedByUsedInInvestingActivities,USD,2022-11-08,10-Q,2021-09-30,67400000,NetCashProvidedByUsedInOperatingActivities,USD,2022-11-08,10-Q,2021-09-30,through_ocf,True,,,-0.169634,0.161488,14.657533,0.207251,-0.339508
2023Q1,2023-01-10,SHAK,1620533,SHAKE SHACK INC.,$500M-$1B,,536637000,RevenueFromContractWithCustomerExcludingAssessedTax,USD,2022-11-04,10-Q,2021-09-29,1075000,NetIncomeLoss,USD,2022-11-04,10-Q,2021-09-29,1457570000,Assets,USD,2022-11-04,10-Q,2021-12-29,242977000,NetCashProvidedByUsedInFinancingActivities,USD,2022-11-04,10-Q,2021-09-29,-112169000,NetCashProvidedByUsedInInvestingActivities,USD,2022-11-04,10-Q,2021-09-29,43740000,NetCashProvidedByUsedInOperatingActivities,USD,2022-11-04,10-Q,2021-09-29,through_ocf,True,,,0.002003,0.081508,2.716119,0.452777,-0.209022
2023Q1,2023-01-09,SHC,1822479,Sotera Health Co,$500M-$1B,,690229000,RevenueFromContractWithCustomerExcludingAssessedTax,USD,2022-11-02,10-Q,2021-09-30,80885000,NetIncomeLoss,USD,2022-11-02,10-Q,2021-09-30,2789502000,Assets,USD,2022-11-02,10-Q,2021-12-31,-115504000,NetCashProvidedByUsedInFinancingActivities,USD,2022-11-02,10-Q,2021-09-30,-87570000,NetCashProvidedByUsedInInvestingActivities,USD,2022-11-02,10-Q,2021-09-30,215194000,NetCashProvidedByUsedInOperatingActivities,USD,2022-11-02,10-Q,2021-09-30,through_ocf,True,,,0.117186,0.311772,4.041415,-0.167342,-0.126871
2023Q1,2023-02-28,SHLS,1831651,"Shoals Technologies Group, Inc.",$100M-$500M,,175518000,RevenueFromContractWithCustomerExcludingAssessedTax,USD,2023-02-28,10-K,2020-12-31,33766000,NetIncomeLoss,USD,2023-02-28,10-K,2020-12-31,426414000,Assets,USD,2023-02-28,10-K,2021-12-31,-47855000,NetCashProvidedByUsedInFinancingActivities,USD,2023-02-28,10-K,2020-12-31,-3236000,NetCashProvidedByUsedInInvestingActivities,USD,2023-02-28,10-K,2020-12-31,54082000,NetCashProvidedByUsedInOperatingActivities,USD,2023-02-28,10-K,2020-12-31,through_ocf,True,,,0.192379,0.308128,2.42946,-0.27265,-0.018437
2023Q1,2023-02-22,SHO,1295810,"Sunstone Hotel Investors, Inc.",$100M-$500M,,335264000,RevenueFromContractWithCustomerExcludingAssessedTax,USD,2022-11-08,10-Q,2021-09-30,-55287000,ProfitLoss,USD,2022-11-08,10-Q,2021-03-31,3041049000,Assets,USD,2022-11-08,10-Q,2021-12-31,38664000,NetCashProvidedByUsedInFinancingActivities,USD,2022-11-08,10-Q,2021-09-30,-241596000,NetCashProvidedByUsedInInvestingActivities,USD,2022-11-08,10-Q,2021-09-30,8404000,NetCashProvidedByUsedInOperatingActivities,USD,2022-11-08,10-Q,2021-09-30,through_ocf,True,,,-0.164906,0.025067,9.07061,0.115324,-0.720614
2023Q1,2023-02-23,SHOO,913241,"Steven Madden, Ltd.",$1B-$2B,,1287661000,Revenues,USD,2022-11-04,10-Q,2021-09-30,124692000,NetIncomeLoss,USD,2022-11-04,10-Q,2021-09-30,1300060000,Assets,USD,2022-11-04,10-Q,2021-09-30,-126429000,NetCashProvidedByUsedInFinancingActivities,USD,2022-11-04,10-Q,2021-09-30,2408000,NetCashProvidedByUsedInInvestingActivities,USD,2022-11-04,10-Q,2021-09-30,96184000,NetCashProvidedByUsedInOperatingActivities,USD,2022-11-04,10-Q,2021-09-30,through_ocf,True,,,0.096836,0.074697,1.009629,-0.098185,0.00187
2023Q1,2023-01-26,SHW,89800,THE SHERWIN-WILLIAMS COMPANY,>$10B,,15182500000,RevenueFromContractWithCustomerExcludingAssessedTax,USD,2022-10-25,10-Q,2021-09-30,409600000,NetIncomeLoss,USD,2022-10-25,10-Q,2021-03-31,20736600000,Assets,USD,2022-10-25,10-Q,2021-09-30,-1737700000,NetCashProvidedByUsedInFinancingActivities,USD,2022-10-25,10-Q,2021-09-30,-226700000,NetCashProvidedByUsedInInvestingActivities,USD,2022-10-25,10-Q,2021-09-30,2050700000,NetCashProvidedByUsedInOperatingActivities,USD,2022-10-25,10-Q,2021-09-30,through_ocf,True,,,0.026978,0.13507,1.365822,-0.114454,-0.014932
2023Q1,2023-03-16,SIG,832988,SIGNET JEWELERS LIMITED,$2B-$10B,,5226900000,RevenueFromContractWithCustomerExcludingAssessedTax,USD,2023-03-16,10-K,2021-01-30,-15200000,NetIncomeLoss,USD,2023-03-16,10-K,2021-01-30,6575100000,Assets,USD,2023-03-16,10-K,2022-01-29,-498600000,NetCashProvidedByUsedInFinancingActivities,USD,2023-03-16,10-K,2021-01-30,-77800000,NetCashProvidedByUsedInInvestingActivities,USD,2023-03-16,10-K,2021-01-30,1372300000,NetCashProvidedByUsedInOperatingActivities,USD,2023-03-16,10-K,2021-01-30,through_ocf,True,,,-0.002908,0.262546,1.257935,-0.095391,-0.014885
2023Q1,2023-01-23,SIGI,230557,"SELECTIVE INSURANCE GROUP, INC",$2B-$10B,,2509469000,Revenues,USD,2022-11-03,10-Q,2021-09-30,304858000,NetIncomeLoss,USD,2022-11-03,10-Q,2021-09-30,10461389000,Assets,USD,2022-11-03,10-Q,2021-12-31,-105985000,NetCashProvidedByUsedInFinancingActivities,USD,2022-11-03,10-Q,2021-09-30,-417760000,NetCashProvidedByUsedInInvestingActivities,USD,2022-11-03,10-Q,2021-09-30,543303000,NetCashProvidedByUsedInOperatingActivities,USD,2022-11-03,10-Q,2021-09-30,through_ocf,True,,,0.121483,0.216501,4.168766,-0.042234,-0.166473
2023Q1,2023-02-02,SIRI,908937,Sirius XM Holdings Inc.,$2B-$10B,,8040000000,RevenueFromContractWithCustomerExcludingAssessedTax,USD,2023-02-02,10-K,2020-12-31,131000000,NetIncomeLoss,USD,2023-02-02,10-K,2020-12-31,10274000000,Assets,USD,2023-02-02,10-K,2021-12-31,-1314000000,NetCashProvidedByUsedInFinancingActivities,USD,2023-02-02,10-K,2020-12-31,-741000000,NetCashProvidedByUsedInInvestingActivities,USD,2023-02-02,10-K,2020-12-31,2018000000,NetCashProvidedByUsedInOperatingActivities,USD,2023-02-02,10-K,2020-12-31,through_ocf,True,,,0.016294,0.250995,1.277861,-0.163433,-0.092164
2023Q1,2023-02-08,SITC,894315,SITE Centers Corp.,$100M-$500M,,398048000,Revenues,USD,2022-10-27,10-Q,2021-09-30,65941000,NetIncomeLoss,USD,2022-10-27,10-Q,2021-09-30,3967051000,Assets,USD,2022-10-27,10-Q,2021-12-31,-161708000,NetCashProvidedByUsedInFinancingActivities,USD,2022-10-27,10-Q,2021-09-30,-64731000,NetCashProvidedByUsedInInvestingActivities,USD,2022-10-27,10-Q,2021-09-30,217364000,NetCashProvidedByUsedInOperatingActivities,USD,2022-10-27,10-Q,2021-09-30,through_ocf,True,,,0.165661,0.546075,9.966263,-0.406253,-0.162621
2023Q1,2023-02-28,SJM,91419,THE J. M. SMUCKER COMPANY,$2B-$10B,,5575800000,SalesRevenueGoodsNet,USD,2019-02-26,10-Q,2018-01-31,153900000,NetIncomeLoss,USD,2023-02-28,10-Q,2021-07-31,16055000000,Assets,USD,2023-02-28,10-Q,2022-04-30,-660400000,NetCashProvidedByUsedInFinancingActivities,USD,2023-02-28,10-Q,2022-01-31,-131900000,NetCashProvidedByUsedInInvestingActivities,USD,2023-02-28,10-Q,2022-01-31,742600000,NetCashProvidedByUsedInOperatingActivities,USD,2023-02-28,10-Q,2022-01-31,through_ocf,True,,,0.027601,0.133183,2.879407,-0.11844,-0.023656
2023Q1,2023-02-21,SKT,899715,TANGER INC.,$100M-$500M,,314432000,Revenues,USD,2022-11-04,10-Q,2021-09-30,-3968000,NetIncomeLoss,USD,2022-11-04,10-Q,2021-09-30,2157384000,Assets,USD,2022-11-04,10-Q,2021-12-31,-83607000,NetCashProvidedByUsedInFinancingActivities,USD,2022-11-04,10-Q,2021-09-30,-1928000,NetCashProvidedByUsedInInvestingActivities,USD,2022-11-04,10-Q,2021-09-30,143950000,NetCashProvidedByUsedInOperatingActivities,USD,2022-11-04,10-Q,2021-09-30,through_ocf,True,,,-0.01262,0.45781,6.86121,-0.265899,-0.006132
2023Q1,2023-02-28,SKWD,0001519449,"SKYWARD SPECIALTY INSURANCE GROUP, INC.",,,,,,,,,,,,,,,,,,,,,,,,,,,,,,,,,,,,,,,through_ocf,False,,revenue;net_income;assets;financing_cash_flow;investing_cash_flow;operating_cash_flow,,,,,
2023Q1,2023-02-06,SKY,90896,"CHAMPION HOMES, INC.",$1B-$2B,,1034422000,RevenueFromContractWithCustomerExcludingAssessedTax,USD,2022-11-02,10-Q,2021-10-02,93624000,NetIncomeLoss,USD,2022-11-02,10-Q,2021-10-02,1234619000,Assets,USD,2022-11-02,10-Q,2022-04-02,-25553000,NetCashProvidedByUsedInFinancingActivities,USD,2022-11-02,10-Q,2021-10-02,-15246000,NetCashProvidedByUsedInInvestingActivities,USD,2022-11-02,10-Q,2021-10-02,88887000,NetCashProvidedByUsedInOperatingActivities,USD,2022-11-02,10-Q,2021-10-02,through_ocf,True,,,0.090509,0.085929,1.193535,-0.024703,-0.014739
2023Q1,2023-02-02,SKYW,793733,SKYWEST INC,$2B-$10B,,3122592000,Revenues,USD,2020-02-18,10-K,2017-12-31,340099000,ProfitLoss,USD,2022-02-17,10-K,2019-12-31,6940502000,Assets,USD,2022-11-04,10-Q,2021-09-30,-234062000,NetCashProvidedByUsedInFinancingActivities,USD,2022-11-04,10-Q,2021-09-30,-396785000,NetCashProvidedByUsedInInvestingActivities,USD,2022-11-04,10-Q,2021-09-30,686955000,NetCashProvidedByUsedInOperatingActivities,USD,2022-11-04,10-Q,2021-09-30,through_ocf,True,,,0.108916,0.219995,2.222673,-0.074958,-0.127069
2023Q1,2023-02-01,SLAB,1038074,SILICON LABORATORIES INC.,$500M-$1B,,510928000,RevenueFromContractWithCustomerExcludingAssessedTax,USD,2023-02-01,10-K,2021-01-02,12531000,ProfitLoss,USD,2023-02-01,10-K,2021-01-02,2958295000,Assets,USD,2023-02-01,10-K,2022-01-01,200867000,NetCashProvidedByUsedInFinancingActivities,USD,2023-02-01,10-K,2021-01-02,51505000,NetCashProvidedByUsedInInvestingActivities,USD,2021-04-28,10-Q,2020-04-04,59700000,NetCashProvidedByUsedInOperatingActivities,USD,2021-04-28,10-Q,2020-04-04,through_ocf,True,,,0.024526,0.116846,5.790043,0.393141,0.100807
2023Q1,2023-01-20,SLB,87347,SLB LIMITED/NV,>$10B,,16704000000,RevenueFromContractWithCustomerExcludingAssessedTax,USD,2022-10-26,10-Q,2021-09-30,1280000000,NetIncomeLoss,USD,2022-10-26,10-Q,2021-09-30,41511000000,Assets,USD,2022-10-26,10-Q,2021-12-31,-1604000000,NetCashProvidedByUsedInFinancingActivities,USD,2022-10-26,10-Q,2021-09-30,-393000000,NetCashProvidedByUsedInInvestingActivities,USD,2022-10-26,10-Q,2021-09-30,2719000000,NetCashProvidedByUsedInOperatingActivities,USD,2022-10-26,10-Q,2021-09-30,through_ocf,True,,,0.076628,0.162775,2.485093,-0.096025,-0.023527
2023Q1,2023-01-26,SLG,1040971,SL Green Realty Corp.,$500M-$1B,,649410000,Revenues,USD,2022-11-04,10-Q,2021-09-30,497286000,NetIncomeLoss,USD,2022-11-04,10-Q,2021-09-30,11066629000,Assets,USD,2022-11-04,10-Q,2021-12-31,-1104751000,NetCashProvidedByUsedInFinancingActivities,USD,2022-11-04,10-Q,2021-09-30,886877000,NetCashProvidedByUsedInInvestingActivities,USD,2022-11-04,10-Q,2021-09-30,191012000,NetCashProvidedByUsedInOperatingActivities,USD,2022-11-04,10-Q,2021-09-30,through_ocf,True,,,0.76575,0.294132,17.041051,-1.701161,1.365666
2023Q1,2023-01-05,SLQT,1794783,"SelectQuote, Inc.",$100M-$500M,,156079000,RevenueFromContractWithCustomerExcludingAssessedTax,USD,2022-11-03,10-Q,2021-09-30,-48232000,NetIncomeLoss,USD,2022-11-03,10-Q,2021-09-30,1290052000,Assets,USD,2022-11-03,10-Q,2022-06-30,2006000,NetCashProvidedByUsedInFinancingActivities,USD,2022-11-03,10-Q,2021-09-30,-17767000,NetCashProvidedByUsedInInvestingActivities,USD,2022-11-03,10-Q,2021-09-30,-87075000,NetCashProvidedByUsedInOperatingActivities,USD,2022-11-03,10-Q,2021-09-30,through_ocf,True,,,-0.309023,-0.557891,8.265378,0.012852,-0.113833
2023Q1,2023-02-10,SLVM,1856485,SYLVAMO CORPORATION,$2B-$10B,,2050000000,RevenueFromContractWithCustomerExcludingAssessedTax,USD,2022-11-10,10-Q,2021-09-30,269000000,NetIncomeLoss,USD,2022-11-10,10-Q,2021-09-30,2597000000,Assets,USD,2022-11-10,10-Q,2021-12-31,-386000000,NetCashProvidedByUsedInFinancingActivities,USD,2022-11-10,10-Q,2021-09-30,140000000,NetCashProvidedByUsedInInvestingActivities,USD,2022-11-10,10-Q,2021-09-30,379000000,NetCashProvidedByUsedInOperatingActivities,USD,2022-11-10,10-Q,2021-09-30,through_ocf,True,,,0.13122,0.184878,1.266829,-0.188293,0.068293
2023Q1,2023-02-22,SM,893538,SM Energy Company,$1B-$2B,,1767934000,Revenues,USD,2022-11-04,10-Q,2021-09-30,-251269000,NetIncomeLoss,USD,2022-11-04,10-Q,2021-03-31,5233977000,Assets,USD,2022-11-04,10-Q,2021-12-31,-155601000,NetCashProvidedByUsedInFinancingActivities,USD,2022-11-04,10-Q,2021-09-30,-544751000,NetCashProvidedByUsedInInvestingActivities,USD,2022-11-04,10-Q,2021-09-30,730142000,NetCashProvidedByUsedInOperatingActivities,USD,2022-11-04,10-Q,2021-09-30,through_ocf,True,,,-0.142126,0.412992,2.960505,-0.088013,-0.308129
2023Q1,2023-01-18,SMCI,1375365,"Super Micro Computer, Inc.",$1B-$2B,,1032730000,RevenueFromContractWithCustomerExcludingAssessedTax,USD,2022-11-04,10-Q,2021-09-30,25437000,NetIncomeLoss,USD,2022-11-04,10-Q,2021-09-30,3205077000,Assets,USD,2022-11-04,10-Q,2022-06-30,184262000,NetCashProvidedByUsedInFinancingActivities,USD,2022-11-04,10-Q,2021-09-30,-11902000,NetCashProvidedByUsedInInvestingActivities,USD,2022-11-04,10-Q,2021-09-30,-134571000,NetCashProvidedByUsedInOperatingActivities,USD,2022-11-04,10-Q,2021-09-30,through_ocf,True,,,0.024631,-0.130306,3.103499,0.178422,-0.011525
2023Q1,2023-03-06,SMHI,1690334,SEACOR Marine Holdings Inc.,$100M-$500M,,368868000,Revenues,USD,2018-03-22,10-K,2015-12-31,-78915000,NetIncomeLoss,USD,2023-03-06,10-K,2020-12-31,912502000,Assets,USD,2023-03-06,10-K,2021-12-31,-22383000,NetCashProvidedByUsedInFinancingActivities,USD,2020-11-05,10-Q,2019-09-30,-30274000,NetCashProvidedByUsedInInvestingActivities,USD,2019-08-07,10-Q,2018-06-30,-33686000,NetCashProvidedByUsedInOperatingActivities,USD,2019-08-07,10-Q,2018-06-30,through_ocf,True,,,-0.213938,-0.091323,2.47379,-0.06068,-0.082073
2023Q1,2023-02-22,SMP,93389,"STANDARD MOTOR PRODUCTS, INC.",$1B-$2B,,1128588000,RevenueFromContractWithCustomerExcludingAssessedTax,USD,2023-02-22,10-K,2020-12-31,57393000,NetIncomeLoss,USD,2023-02-22,10-K,2020-12-31,956540000,Assets,USD,2023-02-22,10-K,2020-12-31,-71516000,NetCashProvidedByUsedInFinancingActivities,USD,2023-02-22,10-K,2020-12-31,-17799000,NetCashProvidedByUsedInInvestingActivities,USD,2023-02-22,10-K,2020-12-31,97896000,NetCashProvidedByUsedInOperatingActivities,USD,2023-02-22,10-K,2020-12-31,through_ocf,True,,,0.050854,0.086742,0.847555,-0.063368,-0.015771
2023Q1,2023-02-02,SNA,91440,Snap-on Inc,$2B-$10B,,3406500000,Revenues,USD,2022-10-20,10-Q,2021-10-02,596800000,NetIncomeLoss,USD,2022-10-20,10-Q,2021-10-02,6759700000,Assets,USD,2022-10-20,10-Q,2022-01-01,-664700000,NetCashProvidedByUsedInFinancingActivities,USD,2022-10-20,10-Q,2021-10-02,-266600000,NetCashProvidedByUsedInInvestingActivities,USD,2022-10-20,10-Q,2021-10-02,743900000,NetCashProvidedByUsedInOperatingActivities,USD,2022-10-20,10-Q,2021-10-02,through_ocf,True,,,0.175194,0.218377,1.984353,-0.195127,-0.078262
2023Q1,2023-01-27,SNBR,827187,SLEEP NUMBER CORP,$1B-$2B,,1692965000,RevenueFromContractWithCustomerExcludingAssessedTax,USD,2022-11-08,10-Q,2021-10-02,66634000,NetIncomeLoss,USD,2022-11-08,10-Q,2021-04-03,919540000,Assets,USD,2022-11-08,10-Q,2022-01-01,-245984000,NetCashProvidedByUsedInFinancingActivities,USD,2022-11-08,10-Q,2021-10-02,-49113000,NetCashProvidedByUsedInInvestingActivities,USD,2022-11-08,10-Q,2021-10-02,292684000,NetCashProvidedByUsedInOperatingActivities,USD,2022-11-08,10-Q,2021-10-02,through_ocf,True,,,0.039359,0.172882,0.543154,-0.145298,-0.02901
2023Q1,2023-02-02,SNCY,1743907,"Sun Country Airlines Holdings, Inc.",$100M-$500M,,450464000,RevenueFromContractWithCustomerExcludingAssessedTax,USD,2022-11-02,10-Q,2021-09-30,16778000,NetIncomeLoss,USD,2022-11-02,10-Q,2021-03-31,1380422000,Assets,USD,2022-11-02,10-Q,2021-12-31,222694000,NetCashProvidedByUsedInFinancingActivities,USD,2022-11-02,10-Q,2021-09-30,-118390000,NetCashProvidedByUsedInInvestingActivities,USD,2022-11-02,10-Q,2021-09-30,116358000,NetCashProvidedByUsedInOperatingActivities,USD,2022-11-02,10-Q,2021-09-30,through_ocf,True,,,0.037246,0.258307,3.064445,0.494366,-0.262818
2023Q1,2023-02-28,SNDX,1395937,"Syndax Pharmaceuticals, Inc.",<$100M,,1517000,RevenueFromContractWithCustomerExcludingAssessedTax,USD,2023-02-28,10-K,2020-12-31,-73158000,NetIncomeLoss,USD,2023-02-28,10-K,2020-12-31,449657000,Assets,USD,2023-02-28,10-K,2021-12-31,304424000,NetCashProvidedByUsedInFinancingActivities,USD,2023-02-28,10-K,2020-12-31,-142530000,NetCashProvidedByUsedInInvestingActivities,USD,2023-02-28,10-K,2020-12-31,-71260000,NetCashProvidedByUsedInOperatingActivities,USD,2023-02-28,10-K,2020-12-31,through_ocf,True,,,-48.225445,-46.974291,296.411997,200.675016,-93.955175
2023Q1,2023-02-15,SNPS,883241,SYNOPSYS INC,$2B-$10B,,3685281000,Revenues,USD,2022-12-12,10-K,2020-10-31,664347000,NetIncomeLoss,USD,2022-12-12,10-K,2020-10-31,8752260000,Assets,USD,2022-12-12,10-K,2021-10-31,-140606000,NetCashProvidedByUsedInFinancingActivities,USD,2022-12-12,10-K,2020-10-31,-360418000,NetCashProvidedByUsedInInvestingActivities,USD,2022-12-12,10-K,2020-10-31,991313000,NetCashProvidedByUsedInOperatingActivities,USD,2022-12-12,10-K,2020-10-31,through_ocf,True,,,0.18027,0.268993,2.374923,-0.038153,-0.097799
2023Q1,2023-02-16,SO,92122,The Southern Company,>$10B,,20375000000,Revenues,USD,2023-02-16,10-K,2020-12-31,3103000000,ProfitLoss,USD,2023-02-16,10-K,2020-12-31,122935000000,Assets,USD,2023-02-16,10-K,2020-12-31,-576000000,NetCashProvidedByUsedInFinancingActivities,USD,2023-02-16,10-K,2020-12-31,-7030000000,NetCashProvidedByUsedInInvestingActivities,USD,2023-02-16,10-K,2020-12-31,6696000000,NetCashProvidedByUsedInOperatingActivities,USD,2023-02-16,10-K,2020-12-31,through_ocf,True,,,0.152294,0.328638,6.03362,-0.02827,-0.345031
2023Q1,2023-02-08,SONO,1314727,"SONOS, INC.",$1B-$2B,,1326328000,RevenueFromContractWithCustomerExcludingAssessedTax,USD,2022-11-23,10-K,2020-10-03,-20115000,NetIncomeLoss,USD,2022-11-23,10-K,2020-10-03,1138804000,Assets,USD,2022-11-23,10-K,2021-10-02,-27091000,NetCashProvidedByUsedInFinancingActivities,USD,2022-11-23,10-K,2020-10-03,-69324000,NetCashProvidedByUsedInInvestingActivities,USD,2022-11-23,10-K,2020-10-03,161986000,NetCashProvidedByUsedInOperatingActivities,USD,2022-11-23,10-K,2020-10-03,through_ocf,True,,,-0.015166,0.122131,0.858614,-0.020426,-0.052268
2023Q1,2023-02-10,SPB,109177,"Spectrum Brands Holdings, Inc.",$500M-$1B,,757200000,RevenueFromContractWithCustomerExcludingAssessedTax,USD,2023-02-10,10-Q,2022-01-02,8200000,NetIncomeLoss,USD,2023-02-10,10-Q,2022-01-02,5775600000,Assets,USD,2023-02-10,10-Q,2022-09-30,309600000,NetCashProvidedByUsedInFinancingActivities,USD,2023-02-10,10-Q,2022-01-02,-19000000,NetCashProvidedByUsedInInvestingActivities,USD,2023-02-10,10-Q,2022-01-02,-271100000,NetCashProvidedByUsedInOperatingActivities,USD,2023-02-10,10-Q,2022-01-02,through_ocf,True,,,0.010829,-0.35803,7.627575,0.408875,-0.025092
2023Q1,2023-02-06,SPG,1063761,"SIMON PROPERTY GROUP, INC.",$2B-$10B,,3790652000,Revenues,USD,2022-11-03,10-Q,2021-09-30,1994977000,ProfitLoss,USD,2022-11-03,10-Q,2021-09-30,33777379000,Assets,USD,2022-11-03,10-Q,2021-12-31,-2826797000,NetCashProvidedByUsedInFinancingActivities,USD,2022-11-03,10-Q,2021-09-30,-498864000,NetCashProvidedByUsedInInvestingActivities,USD,2022-11-03,10-Q,2021-09-30,2752471000,NetCashProvidedByUsedInOperatingActivities,USD,2022-11-03,10-Q,2021-09-30,through_ocf,True,,,0.526289,0.726121,8.910704,-0.745728,-0.131604
2023Q1,2023-02-09,SPGI,64040,S&P Global Inc.,$2B-$10B,,6209000000,RevenueFromContractWithCustomerExcludingAssessedTax,USD,2022-10-28,10-Q,2021-09-30,2349000000,NetIncomeLoss,USD,2022-10-28,10-Q,2021-09-30,15026000000,Assets,USD,2022-10-28,10-Q,2021-12-31,-772000000,NetCashProvidedByUsedInFinancingActivities,USD,2022-10-28,10-Q,2021-09-30,-42000000,NetCashProvidedByUsedInInvestingActivities,USD,2022-10-28,10-Q,2021-09-30,2658000000,NetCashProvidedByUsedInOperatingActivities,USD,2022-10-28,10-Q,2021-09-30,through_ocf,True,,,0.378322,0.428088,2.420035,-0.124336,-0.006764
2023Q1,2023-02-09,SPHR,1795250,SPHERE ENTERTAINMENT CO.,$500M-$1B,,810949000,Revenues,USD,2023-02-09,10-Q,2021-12-31,-76961000,NetIncomeLoss,USD,2023-02-09,10-Q,2021-12-31,5522160000,Assets,USD,2023-02-09,10-Q,2022-06-30,-57639000,NetCashProvidedByUsedInFinancingActivities,USD,2023-02-09,10-Q,2021-12-31,-332532000,NetCashProvidedByUsedInInvestingActivities,USD,2023-02-09,10-Q,2021-12-31,132786000,NetCashProvidedByUsedInOperatingActivities,USD,2023-02-09,10-Q,2021-12-31,through_ocf,True,,,-0.094902,0.163741,6.809503,-0.071076,-0.410053
2023Q1,2023-02-23,SPNT,1576018,SIRIUSPOINT LTD.,$1B-$2B,,1782700000,Revenues,USD,2022-11-02,10-Q,2021-09-30,194400000,NetIncomeLoss,USD,2022-11-02,10-Q,2021-09-30,10618300000,Assets,USD,2022-11-02,10-Q,2021-12-31,33000000,NetCashProvidedByUsedInFinancingActivities,USD,2022-11-02,10-Q,2021-09-30,410000000,NetCashProvidedByUsedInInvestingActivities,USD,2022-11-02,10-Q,2021-09-30,26600000,NetCashProvidedByUsedInOperatingActivities,USD,2022-11-02,10-Q,2021-09-30,through_ocf,True,,,0.109048,0.014921,5.956302,0.018511,0.229988
2023Q1,2023-02-23,SPXC,88205,"SPX Technologies, Inc.",$500M-$1B,,869500000,RevenueFromContractWithCustomerExcludingAssessedTax,USD,2022-11-04,10-Q,2021-10-02,419000000,NetIncomeLoss,USD,2022-11-04,10-Q,2021-10-02,2628600000,Assets,USD,2022-11-04,10-Q,2021-12-31,-166800000,NetCashProvidedByUsedInFinancingActivities,USD,2022-11-04,10-Q,2021-10-02,498600000,NetCashProvidedByUsedInInvestingActivities,USD,2022-11-04,10-Q,2021-10-02,153800000,NetCashProvidedByUsedInOperatingActivities,USD,2022-11-04,10-Q,2021-10-02,through_ocf,True,,,0.481886,0.176883,3.023117,-0.191834,0.573433
2023Q1,2023-02-01,SR,1126956,Spire Inc.,$500M-$1B,,555400000,RevenueFromContractWithCustomerExcludingAssessedTax,USD,2023-02-01,10-Q,2021-12-31,55700000,NetIncomeLoss,USD,2023-02-01,10-Q,2021-09-30,9650500000,Assets,USD,2023-02-01,10-Q,2021-12-31,376900000,NetCashProvidedByUsedInFinancingActivities,USD,2023-02-01,10-Q,2021-12-31,-143100000,NetCashProvidedByUsedInInvestingActivities,USD,2023-02-01,10-Q,2021-12-31,-229900000,NetCashProvidedByUsedInOperatingActivities,USD,2023-02-01,10-Q,2021-12-31,through_ocf,True,,,0.100288,-0.413936,17.375765,0.67861,-0.257652
2023Q1,2023-02-07,SSNC,1402436,"SS&C TECHNOLOGIES HOLDINGS, INC.",$2B-$10B,,3756800000,RevenueFromContractWithCustomerExcludingAssessedTax,USD,2022-11-03,10-Q,2021-09-30,549100000,NetIncomeLoss,USD,2022-11-03,10-Q,2021-09-30,17333000000,Assets,USD,2022-11-03,10-Q,2021-12-31,483500000,NetCashProvidedByUsedInFinancingActivities,USD,2022-11-03,10-Q,2021-09-30,-58200000,NetCashProvidedByUsedInInvestingActivities,USD,2022-11-03,10-Q,2021-09-30,944900000,NetCashProvidedByUsedInOperatingActivities,USD,2022-11-03,10-Q,2021-09-30,through_ocf,True,,,0.146162,0.251517,4.613767,0.1287,-0.015492
2023Q1,2023-02-24,SSP,832428,THE E.W. SCRIPPS COMPANY,$1B-$2B,,1857478000,RevenueFromContractWithCustomerExcludingAssessedTax,USD,2023-02-24,10-K,2020-12-31,269333000,ProfitLoss,USD,2023-02-24,10-K,2020-12-31,4859386000,Assets,USD,2023-02-24,10-K,2020-12-31,998179000,NetCashProvidedByUsedInFinancingActivities,USD,2023-02-24,10-K,2020-12-31,317422000,NetCashProvidedByUsedInInvestingActivities,USD,2023-02-24,10-K,2020-12-31,277394000,NetCashProvidedByUsedInOperatingActivities,USD,2023-02-24,10-K,2020-12-31,through_ocf,True,,,0.144999,0.149339,2.61612,0.537384,0.170889
2023Q1,2023-02-09,SSTK,1549346,"Shutterstock, Inc.",$500M-$1B,,567632000,RevenueFromContractWithCustomerExcludingAssessedTax,USD,2022-10-25,10-Q,2021-09-30,74997000,NetIncomeLoss,USD,2022-10-25,10-Q,2021-09-30,851710000,Assets,USD,2022-10-25,10-Q,2021-12-31,-46426000,NetCashProvidedByUsedInFinancingActivities,USD,2022-10-25,10-Q,2021-09-30,-242407000,NetCashProvidedByUsedInInvestingActivities,USD,2022-10-25,10-Q,2021-09-30,161858000,NetCashProvidedByUsedInOperatingActivities,USD,2022-10-25,10-Q,2021-09-30,through_ocf,True,,,0.132123,0.285146,1.500462,-0.081789,-0.42705
2023Q1,2023-02-08,STC,94344,STEWART INFORMATION SERVICES CORP,$2B-$10B,,2344121000,Revenues,USD,2022-11-08,10-Q,2021-09-30,237718000,NetIncomeLoss,USD,2022-11-08,10-Q,2021-09-30,2813362000,Assets,USD,2022-11-08,10-Q,2021-12-31,120171000,NetCashProvidedByUsedInFinancingActivities,USD,2022-11-08,10-Q,2021-09-30,-200668000,NetCashProvidedByUsedInInvestingActivities,USD,2022-11-08,10-Q,2021-09-30,257317000,NetCashProvidedByUsedInOperatingActivities,USD,2022-11-08,10-Q,2021-09-30,through_ocf,True,,,0.10141,0.109771,1.200178,0.051265,-0.085605
2023Q1,2023-02-08,STE,1757898,STERIS plc,$2B-$10B,,3374378000,Revenues,USD,2023-02-08,10-Q,2021-12-31,191627000,NetIncomeLoss,USD,2023-02-08,10-Q,2021-12-31,11423594000,Assets,USD,2023-02-08,10-Q,2022-03-31,390438000,NetCashProvidedByUsedInFinancingActivities,USD,2023-02-08,10-Q,2021-12-31,-760135000,NetCashProvidedByUsedInInvestingActivities,USD,2023-02-08,10-Q,2021-12-31,513080000,NetCashProvidedByUsedInOperatingActivities,USD,2023-02-08,10-Q,2021-12-31,through_ocf,True,,,0.056789,0.152052,3.385393,0.115707,-0.225267
2023Q1,2023-02-09,STEP,1796022,STEPSTONE GROUP INC.,$1B-$2B,,1000835000,Revenues,USD,2023-02-09,10-Q,2021-12-31,152070000,NetIncomeLoss,USD,2023-02-09,10-Q,2021-12-31,4188125000,Assets,USD,2023-02-09,10-Q,2022-03-31,-27073000,NetCashProvidedByUsedInFinancingActivities,USD,2023-02-09,10-Q,2021-12-31,-201475000,NetCashProvidedByUsedInInvestingActivities,USD,2023-02-09,10-Q,2021-12-31,181978000,NetCashProvidedByUsedInOperatingActivities,USD,2023-02-09,10-Q,2021-12-31,through_ocf,True,,,0.151943,0.181826,4.184631,-0.02705,-0.201307
2023Q1,2023-03-02,STGW,876883,Stagwell Inc.,$500M-$1B,,857436000,Revenues,USD,2022-11-07,10-Q,2021-09-30,20199000,NetIncomeLoss,USD,2022-11-07,10-Q,2021-09-30,4055580000,Assets,USD,2022-11-07,10-Q,2021-12-31,-151860000,NetCashProvidedByUsedInFinancingActivities,USD,2022-11-07,10-Q,2021-09-30,153721000,NetCashProvidedByUsedInInvestingActivities,USD,2022-11-07,10-Q,2021-09-30,20146000,NetCashProvidedByUsedInOperatingActivities,USD,2022-11-07,10-Q,2021-09-30,through_ocf,True,,,0.023557,0.023496,4.729892,-0.177109,0.17928
2023Q1,2023-03-01,STKL,351834,SUNOPTA INC.,$500M-$1B,,789213000,Revenues,USD,2023-03-01,10-K,2021-01-02,82428000,NetIncomeLoss,USD,2023-03-01,10-K,2021-01-02,754754000,Assets,USD,2023-03-01,10-K,2022-01-01,-417684000,NetCashProvidedByUsedInFinancingActivities,USD,2023-03-01,10-K,2021-01-02,324518000,NetCashProvidedByUsedInInvestingActivities,USD,2023-03-01,10-K,2021-01-02,91696000,NetCashProvidedByUsedInOperatingActivities,USD,2023-03-01,10-K,2021-01-02,through_ocf,True,,,0.104443,0.116187,0.956338,-0.529241,0.411192
2023Q1,2023-01-26,STLD,1022671,"Steel Dynamics, Inc.",>$10B,,13098193000,Revenues,USD,2022-10-26,10-Q,2021-09-30,438755000,ProfitLoss,USD,2022-10-26,10-Q,2021-03-31,12531234000,Assets,USD,2022-10-26,10-Q,2021-12-31,-954733000,NetCashProvidedByUsedInFinancingActivities,USD,2022-10-26,10-Q,2021-09-30,-798425000,NetCashProvidedByUsedInInvestingActivities,USD,2022-10-26,10-Q,2021-09-30,1480237000,NetCashProvidedByUsedInOperatingActivities,USD,2022-10-26,10-Q,2021-09-30,through_ocf,True,,,0.033497,0.113011,0.956715,-0.07289,-0.060957
2023Q1,2023-02-22,STRA,1013934,"STRATEGIC EDUCATION, INC.",$500M-$1B,,859587000,RevenueFromContractWithCustomerExcludingAssessedTax,USD,2022-11-03,10-Q,2021-09-30,33407000,NetIncomeLoss,USD,2022-11-03,10-Q,2021-09-30,2305880000,Assets,USD,2022-11-03,10-Q,2021-12-31,-52477000,NetCashProvidedByUsedInFinancingActivities,USD,2022-11-03,10-Q,2021-09-30,-20593000,NetCashProvidedByUsedInInvestingActivities,USD,2022-11-03,10-Q,2021-09-30,161163000,NetCashProvidedByUsedInOperatingActivities,USD,2022-11-03,10-Q,2021-09-30,through_ocf,True,,,0.038864,0.187489,2.682544,-0.061049,-0.023957
2023Q1,2023-02-28,STRL,874238,"STERLING INFRASTRUCTURE, INC.",$100M-$500M,,345674000,RevenueFromContractWithCustomerExcludingAssessedTax,USD,2023-02-28,10-K,2020-06-30,42306000,NetIncomeLoss,USD,2023-02-28,10-K,2020-12-31,1234774000,Assets,USD,2023-02-28,10-K,2021-12-31,-70325000,NetCashProvidedByUsedInFinancingActivities,USD,2023-02-28,10-K,2020-12-31,-30491000,NetCashProvidedByUsedInInvestingActivities,USD,2023-02-28,10-K,2020-12-31,122896000,NetCashProvidedByUsedInOperatingActivities,USD,2023-02-28,10-K,2020-12-31,through_ocf,True,,,0.122387,0.355526,3.572077,-0.203443,-0.088207
2023Q1,2023-01-20,STT,93751,STATE STREET CORP,$2B-$10B,,8974000000,Revenues,USD,2022-10-26,10-Q,2021-09-30,519000000,NetIncomeLoss,USD,2022-10-26,10-Q,2021-03-31,314624000000,Assets,USD,2022-10-26,10-Q,2021-12-31,12554000000,NetCashProvidedByUsedInFinancingActivities,USD,2022-10-26,10-Q,2021-09-30,-478000000,NetCashProvidedByUsedInInvestingActivities,USD,2022-10-26,10-Q,2021-09-30,-10937000000,NetCashProvidedByUsedInOperatingActivities,USD,2022-10-26,10-Q,2021-09-30,through_ocf,True,,,0.057834,-1.218743,35.059505,1.39893,-0.053265
2023Q1,2023-01-25,STX,1137789,Seagate Technology Holdings plc,$2B-$10B,,6231000000,RevenueFromContractWithCustomerExcludingAssessedTax,USD,2023-01-25,10-Q,2021-12-31,1027000000,NetIncomeLoss,USD,2023-01-25,10-Q,2021-12-31,8944000000,Assets,USD,2023-01-25,10-Q,2022-07-01,-495000000,NetCashProvidedByUsedInFinancingActivities,USD,2023-01-25,10-Q,2021-12-31,-196000000,NetCashProvidedByUsedInInvestingActivities,USD,2023-01-25,10-Q,2021-12-31,1017000000,NetCashProvidedByUsedInOperatingActivities,USD,2023-01-25,10-Q,2021-12-31,through_ocf,True,,,0.164821,0.163216,1.435404,-0.079442,-0.031456
2023Q1,2023-01-05,STZ,16918,"CONSTELLATION BRANDS, INC.",$2B-$10B,,6718200000,RevenueFromContractWithCustomerExcludingAssessedTax,USD,2023-01-05,10-Q,2021-11-30,-435800000,NetIncomeLoss,USD,2023-01-05,10-Q,2021-11-30,25855800000,Assets,USD,2023-01-05,10-Q,2022-02-28,-1867900000,NetCashProvidedByUsedInFinancingActivities,USD,2023-01-05,10-Q,2021-11-30,-674200000,NetCashProvidedByUsedInInvestingActivities,USD,2023-01-05,10-Q,2021-11-30,2444100000,NetCashProvidedByUsedInOperatingActivities,USD,2023-01-05,10-Q,2021-11-30,through_ocf,True,,,-0.064869,0.363803,3.84862,-0.278036,-0.100354
2023Q1,2023-02-10,SUPN,1356576,"SUPERNUS PHARMACEUTICALS, INC.",$100M-$500M,,420725000,RevenueFromContractWithCustomerExcludingAssessedTax,USD,2022-11-09,10-Q,2021-09-30,5694000,NetIncomeLoss,USD,2022-11-09,10-Q,2021-03-31,1689152000,Assets,USD,2022-11-09,10-Q,2021-12-31,6320000,NetCashProvidedByUsedInFinancingActivities,USD,2022-11-09,10-Q,2021-09-30,-158043000,NetCashProvidedByUsedInInvestingActivities,USD,2022-11-09,10-Q,2021-09-30,78364000,NetCashProvidedByUsedInOperatingActivities,USD,2022-11-09,10-Q,2021-09-30,through_ocf,True,,,0.013534,0.186259,4.01486,0.015022,-0.375644
2023Q1,2023-03-09,SWBI,1092796,"Smith & Wesson Brands, Inc.",$500M-$1B,,682826000,RevenueFromContractWithCustomerExcludingAssessedTax,USD,2023-03-09,10-Q,2022-01-31,158359000,NetIncomeLoss,USD,2023-03-09,10-Q,2022-01-31,497476000,Assets,USD,2023-03-09,10-Q,2022-04-30,-102813000,NetCashProvidedByUsedInFinancingActivities,USD,2023-03-09,10-Q,2022-01-31,-15211000,NetCashProvidedByUsedInInvestingActivities,USD,2023-03-09,10-Q,2022-01-31,112275000,NetCashProvidedByUsedInOperatingActivities,USD,2023-03-09,10-Q,2022-01-31,through_ocf,True,,,0.231917,0.164427,0.728555,-0.15057,-0.022277
2023Q1,2023-01-19,SWIM,1833197,"Latham Group, Inc.",$100M-$500M,,491592000,RevenueFromContractWithCustomerExcludingAssessedTax,USD,2022-11-10,10-Q,2021-10-02,8533000,NetIncomeLoss,USD,2022-11-10,10-Q,2021-04-03,794483000,Assets,USD,2022-11-10,10-Q,2021-12-31,14323000,NetCashProvidedByUsedInFinancingActivities,USD,2022-11-10,10-Q,2021-10-02,-11966000,NetCashProvidedByUsedInInvestingActivities,USD,2022-11-10,10-Q,2021-10-02,29426000,NetCashProvidedByUsedInOperatingActivities,USD,2022-11-10,10-Q,2021-10-02,through_ocf,True,,,0.017358,0.059859,1.616143,0.029136,-0.024341
2023Q1,2023-02-02,SWK,93556,"STANLEY BLACK & DECKER, INC.",>$10B,,11299400000,Revenues,USD,2022-10-27,10-Q,2021-10-02,1361100000,NetIncomeLoss,USD,2022-10-27,10-Q,2021-10-02,28180000000,Assets,USD,2022-10-27,10-Q,2022-01-01,-940500000,NetCashProvidedByUsedInFinancingActivities,USD,2022-10-27,10-Q,2021-10-02,-399700000,NetCashProvidedByUsedInInvestingActivities,USD,2022-10-27,10-Q,2021-10-02,291200000,NetCashProvidedByUsedInOperatingActivities,USD,2022-10-27,10-Q,2021-10-02,through_ocf,True,,,0.120458,0.025771,2.493938,-0.083235,-0.035374
2023Q1,2023-02-06,SWKS,4127,"Skyworks Solutions, Inc.",$2B-$10B,,3355700000,RevenueFromContractWithCustomerExcludingAssessedTax,USD,2022-11-23,10-K,2020-10-02,814800000,NetIncomeLoss,USD,2022-11-23,10-K,2020-10-02,8590700000,Assets,USD,2022-11-23,10-K,2021-10-01,-907700000,NetCashProvidedByUsedInFinancingActivities,USD,2022-11-23,10-K,2020-10-02,-581400000,NetCashProvidedByUsedInInvestingActivities,USD,2022-11-23,10-K,2020-10-02,1204500000,NetCashProvidedByUsedInOperatingActivities,USD,2022-11-23,10-K,2020-10-02,through_ocf,True,,,0.242811,0.358942,2.560032,-0.270495,-0.173257
2023Q1,2023-02-28,SWX,1692115,"Southwest Gas Holdings, Inc.",$2B-$10B,,3298873000,Revenues,USD,2023-02-28,10-K,2020-12-31,232324000,NetIncomeLoss,USD,2023-02-28,10-K,2020-12-31,8735853000,Assets,USD,2023-02-28,10-K,2020-12-31,209574000,NetCashProvidedByUsedInFinancingActivities,USD,2023-02-28,10-K,2020-12-31,-802069000,NetCashProvidedByUsedInInvestingActivities,USD,2023-02-28,10-K,2020-12-31,626080000,NetCashProvidedByUsedInOperatingActivities,USD,2023-02-28,10-K,2020-12-31,through_ocf,True,,,0.070425,0.189786,2.648133,0.063529,-0.243134
2023Q1,2023-02-02,SXC,1514705,"SunCoke Energy, Inc.",$1B-$2B,,1090700000,RevenueFromContractWithCustomerExcludingAssessedTax,USD,2022-10-31,10-Q,2021-09-30,30700000,NetIncomeLoss,USD,2022-10-31,10-Q,2021-09-30,1615400000,Assets,USD,2022-10-31,10-Q,2021-12-31,-125700000,NetCashProvidedByUsedInFinancingActivities,USD,2022-10-31,10-Q,2021-09-30,-52100000,NetCashProvidedByUsedInInvestingActivities,USD,2022-10-31,10-Q,2021-09-30,184000000,NetCashProvidedByUsedInOperatingActivities,USD,2022-10-31,10-Q,2021-09-30,through_ocf,True,,,0.028147,0.168699,1.481067,-0.115247,-0.047767
2023Q1,2023-02-10,SXT,310142,Sensient Technologies Corp,$1B-$2B,,1039816000,RevenueFromContractWithCustomerExcludingAssessedTax,USD,2022-11-01,10-Q,2021-09-30,91516000,NetIncomeLoss,USD,2022-11-01,10-Q,2021-09-30,1745493000,Assets,USD,2022-11-01,10-Q,2021-12-31,-93462000,NetCashProvidedByUsedInFinancingActivities,USD,2022-11-01,10-Q,2021-09-30,-13144000,NetCashProvidedByUsedInInvestingActivities,USD,2022-11-01,10-Q,2021-09-30,116148000,NetCashProvidedByUsedInOperatingActivities,USD,2022-11-01,10-Q,2021-09-30,through_ocf,True,,,0.088012,0.111701,1.678656,-0.089883,-0.012641
2023Q1,2023-01-31,SYK,310764,STRYKER CORP,>$10B,,12407000000,Revenues,USD,2022-11-01,10-Q,2021-09-30,1332000000,NetIncomeLoss,USD,2022-11-01,10-Q,2021-09-30,34631000000,Assets,USD,2022-11-01,10-Q,2021-12-31,-2077000000,NetCashProvidedByUsedInFinancingActivities,USD,2022-11-01,10-Q,2021-09-30,-545000000,NetCashProvidedByUsedInInvestingActivities,USD,2022-11-01,10-Q,2021-09-30,2263000000,NetCashProvidedByUsedInOperatingActivities,USD,2022-11-01,10-Q,2021-09-30,through_ocf,True,,,0.107359,0.182397,2.791247,-0.167405,-0.043927
2023Q1,2023-01-30,SYM,1837240,SYMBOTIC INC.,<$100M,,92086000,RevenueFromContractWithCustomerExcludingAssessedTax,USD,2022-12-09,10-K,2020-09-26,-109521000,NetIncomeLoss,USD,2022-12-09,10-K,2020-09-26,280535000,Assets,USD,2022-12-09,10-K,2021-09-25,100000000,NetCashProvidedByUsedInFinancingActivities,USD,2022-12-09,10-K,2020-09-26,-5059000,NetCashProvidedByUsedInInvestingActivities,USD,2022-12-09,10-K,2020-09-26,-124307000,NetCashProvidedByUsedInOperatingActivities,USD,2022-12-09,10-K,2020-09-26,through_ocf,True,,,-1.189334,-1.349901,3.046446,1.085941,-0.054938
2023Q1,2023-02-02,SYNA,817720,SYNAPTICS INCORPORATED,$500M-$1B,,793200000,RevenueFromContractWithCustomerExcludingAssessedTax,USD,2023-02-02,10-Q,2021-12-25,40200000,NetIncomeLoss,USD,2023-02-02,10-Q,2021-09-25,2858100000,Assets,USD,2023-02-02,10-Q,2022-06-25,-11700000,NetCashProvidedByUsedInFinancingActivities,USD,2023-02-02,10-Q,2021-12-25,-4700000,NetCashProvidedByUsedInInvestingActivities,USD,2022-11-03,10-Q,2021-09-25,180700000,NetCashProvidedByUsedInOperatingActivities,USD,2023-02-02,10-Q,2021-12-25,through_ocf,True,,,0.050681,0.227811,3.603253,-0.01475,-0.005925
2023Q1,2023-03-01,TALO,1724965,Talos Energy Inc.,$500M-$1B,,575936000,Revenues,USD,2023-03-01,10-K,2020-12-31,-465605000,NetIncomeLoss,USD,2023-03-01,10-K,2020-12-31,2766815000,Assets,USD,2023-03-01,10-K,2021-12-31,324192000,NetCashProvidedByUsedInFinancingActivities,USD,2023-03-01,10-K,2020-12-31,-678904000,NetCashProvidedByUsedInInvestingActivities,USD,2023-03-01,10-K,2020-12-31,301923000,NetCashProvidedByUsedInOperatingActivities,USD,2023-03-01,10-K,2020-12-31,through_ocf,True,,,-0.808432,0.52423,4.804032,0.562896,-1.178784
2023Q1,2023-02-21,TAP,24545,MOLSON COORS BEVERAGE COMPANY,>$10B,,11723800000,RevenueFromContractWithCustomerExcludingAssessedTax,USD,2023-02-21,10-K,2020-12-31,-949000000,NetIncomeLoss,USD,2023-02-21,10-K,2020-12-31,27619000000,Assets,USD,2023-02-21,10-K,2021-12-31,-1070400000,NetCashProvidedByUsedInFinancingActivities,USD,2023-02-21,10-K,2020-12-31,-413600000,NetCashProvidedByUsedInInvestingActivities,USD,2023-02-21,10-K,2020-12-31,1695700000,NetCashProvidedByUsedInOperatingActivities,USD,2023-02-21,10-K,2020-12-31,through_ocf,True,,,-0.080946,0.144637,2.355806,-0.091301,-0.035279
2023Q1,2023-02-27,TASK,1829864,"TaskUs, Inc.",$500M-$1B,,533946000,RevenueFromContractWithCustomerExcludingAssessedTax,USD,2022-11-08,10-Q,2021-09-30,16507000,NetIncomeLoss,USD,2022-11-08,10-Q,2021-03-31,749998000,Assets,USD,2022-11-08,10-Q,2021-12-31,62093000,NetCashProvidedByUsedInFinancingActivities,USD,2022-11-08,10-Q,2021-09-30,-38603000,NetCashProvidedByUsedInInvestingActivities,USD,2022-11-08,10-Q,2021-09-30,-63426000,NetCashProvidedByUsedInOperatingActivities,USD,2022-11-08,10-Q,2021-09-30,through_ocf,True,,,0.030915,-0.118787,1.404633,0.116291,-0.072298
2023Q1,2023-02-01,TBI,768899,"TrueBlue, Inc.",$500M-$1B,,568244000,SalesRevenueServicesNet,USD,2018-04-30,10-Q,2017-04-02,41424000,NetIncomeLoss,USD,2022-10-24,10-Q,2021-09-26,1033226000,Assets,USD,2022-10-24,10-Q,2021-12-26,-2551000,NetCashProvidedByUsedInFinancingActivities,USD,2022-10-24,10-Q,2021-09-26,-9662000,NetCashProvidedByUsedInInvestingActivities,USD,2022-10-24,10-Q,2021-09-26,557000,NetCashProvidedByUsedInOperatingActivities,USD,2022-10-24,10-Q,2021-09-26,through_ocf,True,,,0.072898,0.00098,1.818279,-0.004489,-0.017003
2023Q1,2023-02-24,TBLA,0001840502,TABOOLA.COM LTD.,,,,,,,,,,,,,,,,,,,,,,,,,,,,,,,,,,,,,,,through_ocf,False,,revenue;net_income;assets;financing_cash_flow;investing_cash_flow;operating_cash_flow,,,,,
2023Q1,2023-02-23,TDAY,1579684,"USA TODAY CO., INC.",$2B-$10B,,3405670000,RevenueFromContractWithCustomerExcludingAssessedTax,USD,2023-02-23,10-K,2020-12-31,-670479000,NetIncomeLoss,USD,2023-02-23,10-K,2020-12-31,2828069000,Assets,USD,2023-02-23,10-K,2021-12-31,-201342000,NetCashProvidedByUsedInFinancingActivities,USD,2023-02-23,10-K,2020-12-31,160136000,NetCashProvidedByUsedInInvestingActivities,USD,2023-02-23,10-K,2020-12-31,57770000,NetCashProvidedByUsedInOperatingActivities,USD,2023-02-23,10-K,2020-12-31,through_ocf,True,,,-0.196871,0.016963,0.8304,-0.05912,0.04702
2023Q1,2023-02-07,TDG,1260221,TransDigm Group Incorporated,$1B-$2B,,1194000000,Revenues,USD,2023-02-07,10-Q,2022-01-01,163000000,NetIncomeLoss,USD,2023-02-07,10-Q,2022-01-01,18107000000,Assets,USD,2023-02-07,10-Q,2022-09-30,-225000000,NetCashProvidedByUsedInFinancingActivities,USD,2023-02-07,10-Q,2022-01-01,-25000000,NetCashProvidedByUsedInInvestingActivities,USD,2023-02-07,10-Q,2022-01-01,279000000,NetCashProvidedByUsedInOperatingActivities,USD,2023-02-07,10-Q,2022-01-01,through_ocf,True,,,0.136516,0.233668,15.164992,-0.188442,-0.020938
2023Q1,2023-01-25,TDY,1094285,Teledyne Technologies Inc,$2B-$10B,,3238600000,RevenueFromContractWithCustomerExcludingAssessedTax,USD,2022-11-02,10-Q,2021-10-03,84700000,NetIncomeLoss,USD,2022-11-02,10-Q,2021-04-04,14430300000,Assets,USD,2022-11-02,10-Q,2022-01-02,3147300000,NetCashProvidedByUsedInFinancingActivities,USD,2022-11-02,10-Q,2021-10-03,-3790400000,NetCashProvidedByUsedInInvestingActivities,USD,2022-11-02,10-Q,2021-10-03,529000000,NetCashProvidedByUsedInOperatingActivities,USD,2022-11-02,10-Q,2021-10-03,through_ocf,True,,,0.026153,0.163342,4.455722,0.971809,-1.170382
2023Q1,2023-03-02,TEAD,1454938,Teads Holding Co.,$500M-$1B,,725961000,Revenues,USD,2022-11-10,10-Q,2021-09-30,10746000,NetIncomeLoss,USD,2022-11-10,10-Q,2021-03-31,795890000,Assets,USD,2022-11-10,10-Q,2021-12-31,340043000,NetCashProvidedByUsedInFinancingActivities,USD,2022-11-10,10-Q,2021-09-30,-11360000,NetCashProvidedByUsedInInvestingActivities,USD,2022-11-10,10-Q,2021-09-30,61077000,NetCashProvidedByUsedInOperatingActivities,USD,2022-11-10,10-Q,2021-09-30,through_ocf,True,,,0.014802,0.084133,1.096326,0.468404,-0.015648
2023Q1,2023-02-02,TECH,842023,BIO-TECHNE CORPORATION,$100M-$500M,,257719000,RevenueFromContractWithCustomerExcludingAssessedTax,USD,2022-11-07,10-Q,2021-09-30,69615000,NetIncomeLoss,USD,2022-11-07,10-Q,2021-09-30,2294805000,Assets,USD,2022-11-07,10-Q,2022-06-30,-39684000,NetCashProvidedByUsedInFinancingActivities,USD,2022-11-07,10-Q,2021-09-30,-7120000,NetCashProvidedByUsedInInvestingActivities,USD,2022-11-07,10-Q,2021-09-30,48434000,NetCashProvidedByUsedInOperatingActivities,USD,2022-11-07,10-Q,2021-09-30,through_ocf,True,,,0.27012,0.187933,8.904291,-0.153982,-0.027627
2023Q1,2023-01-25,TEL,1385157,TE CONNECTIVITY PLC,>$10B,,12172000000,RevenueFromContractWithCustomerExcludingAssessedTax,USD,2022-11-15,10-K,2020-09-25,-241000000,NetIncomeLoss,USD,2022-11-15,10-K,2020-09-25,19242000000,Assets,USD,2022-11-15,10-K,2020-09-25,-1105000000,NetCashProvidedByUsedInFinancingActivities,USD,2022-11-15,10-K,2020-09-25,-865000000,NetCashProvidedByUsedInInvestingActivities,USD,2022-11-15,10-K,2020-09-25,1992000000,NetCashProvidedByUsedInOperatingActivities,USD,2022-11-15,10-K,2020-09-25,through_ocf,True,,,-0.0198,0.163654,1.580841,-0.090782,-0.071065
2023Q1,2023-02-07,TENB,1660280,"TENABLE HOLDINGS, INC.",$100M-$500M,,392112000,RevenueFromContractWithCustomerExcludingAssessedTax,USD,2022-11-01,10-Q,2021-09-30,-35632000,NetIncomeLoss,USD,2022-11-01,10-Q,2021-09-30,1248819000,Assets,USD,2022-11-01,10-Q,2021-12-31,390299000,NetCashProvidedByUsedInFinancingActivities,USD,2022-11-01,10-Q,2021-09-30,-205013000,NetCashProvidedByUsedInInvestingActivities,USD,2022-11-01,10-Q,2021-09-30,74793000,NetCashProvidedByUsedInOperatingActivities,USD,2022-11-01,10-Q,2021-09-30,through_ocf,True,,,-0.090872,0.190744,3.184853,0.995376,-0.522843
2023Q1,2023-01-26,TER,97210,"TERADYNE, INC.",$2B-$10B,,2817835000,Revenues,USD,2022-11-04,10-Q,2021-10-03,790549000,NetIncomeLoss,USD,2022-11-04,10-Q,2021-10-03,3762182000,Assets,USD,2022-11-04,10-Q,2021-10-03,-757343000,NetCashProvidedByUsedInFinancingActivities,USD,2022-11-04,10-Q,2021-10-03,156082000,NetCashProvidedByUsedInInvestingActivities,USD,2022-11-04,10-Q,2021-10-03,767083000,NetCashProvidedByUsedInOperatingActivities,USD,2022-11-04,10-Q,2021-10-03,through_ocf,True,,,0.280552,0.272224,1.335132,-0.268768,0.055391
2023Q1,2023-02-09,TEX,97216,TEREX CORP,$2B-$10B,,2896700000,RevenueFromContractWithCustomerExcludingAssessedTax,USD,2022-10-28,10-Q,2021-09-30,162100000,NetIncomeLoss,USD,2022-10-28,10-Q,2021-09-30,2863500000,Assets,USD,2022-10-28,10-Q,2021-12-31,-348700000,NetCashProvidedByUsedInFinancingActivities,USD,2022-10-28,10-Q,2021-09-30,-73400000,NetCashProvidedByUsedInInvestingActivities,USD,2022-10-28,10-Q,2021-09-30,324100000,NetCashProvidedByUsedInOperatingActivities,USD,2022-10-28,10-Q,2021-09-30,through_ocf,True,,,0.05596,0.111886,0.988539,-0.120378,-0.025339
2023Q1,2023-03-02,TGLS,1534675,TECNOGLASS INC.,$100M-$500M,,364966000,RevenueFromContractWithCustomerExcludingAssessedTax,USD,2022-11-04,10-Q,2021-09-30,48423000,NetIncomeLoss,USD,2022-11-04,10-Q,2021-09-30,591563000,Assets,USD,2022-11-04,10-Q,2021-12-31,-38519000,NetCashProvidedByUsedInFinancingActivities,USD,2022-11-04,10-Q,2021-09-30,-31877000,NetCashProvidedByUsedInInvestingActivities,USD,2022-11-04,10-Q,2021-09-30,92828000,NetCashProvidedByUsedInOperatingActivities,USD,2022-11-04,10-Q,2021-09-30,through_ocf,True,,,0.132678,0.254347,1.620872,-0.105541,-0.087342
2023Q1,2023-02-27,TGNA,39899,TEGNA INC.,$2B-$10B,,2937780000,RevenueFromContractWithCustomerExcludingAssessedTax,USD,2023-02-27,10-K,2020-12-31,482778000,NetIncomeLoss,USD,2023-02-27,10-K,2020-12-31,6917646000,Assets,USD,2023-02-27,10-K,2021-12-31,-734051000,NetCashProvidedByUsedInFinancingActivities,USD,2023-02-27,10-K,2020-12-31,-59521000,NetCashProvidedByUsedInInvestingActivities,USD,2023-02-27,10-K,2020-12-31,805136000,NetCashProvidedByUsedInOperatingActivities,USD,2023-02-27,10-K,2020-12-31,through_ocf,True,,,0.164334,0.274063,2.354719,-0.249866,-0.020261
2023Q1,2023-03-10,TH,1712189,TARGET HOSPITALITY CORP.,$100M-$500M,,225148000,Revenues,USD,2023-03-10,10-K,2020-12-31,-25131000,NetIncomeLoss,USD,2023-03-10,10-K,2020-12-31,513392000,Assets,USD,2023-03-10,10-K,2021-12-31,-35683000,NetCashProvidedByUsedInFinancingActivities,USD,2023-03-10,10-K,2020-12-31,-10949000,NetCashProvidedByUsedInInvestingActivities,USD,2023-03-10,10-K,2020-12-31,46781000,NetCashProvidedByUsedInOperatingActivities,USD,2023-03-10,10-K,2020-12-31,through_ocf,True,,,-0.11162,0.207779,2.280242,-0.158487,-0.04863
2023Q1,2023-02-02,THR,1489096,"THERMON GROUP HOLDINGS, INC.",$100M-$500M,,253090000,RevenueFromContractWithCustomerExcludingAssessedTax,USD,2023-02-02,10-Q,2021-12-31,11407000,ProfitLoss,USD,2023-02-02,10-Q,2021-12-31,636669000,Assets,USD,2023-02-02,10-Q,2022-03-31,-17287000,NetCashProvidedByUsedInFinancingActivities,USD,2023-02-02,10-Q,2021-12-31,-2685000,NetCashProvidedByUsedInInvestingActivities,USD,2023-02-02,10-Q,2021-12-31,13746000,NetCashProvidedByUsedInOperatingActivities,USD,2023-02-02,10-Q,2021-12-31,through_ocf,True,,,0.045071,0.054313,2.515583,-0.068304,-0.010609
2023Q1,2023-02-22,THRM,903129,Gentherm Inc,$500M-$1B,,797924000,RevenueFromContractWithCustomerExcludingAssessedTax,USD,2022-11-03,10-Q,2021-09-30,32909000,ProfitLoss,USD,2022-11-03,10-Q,2021-03-31,935343000,Assets,USD,2022-11-03,10-Q,2021-12-31,-148586000,NetCashProvidedByUsedInFinancingActivities,USD,2022-11-03,10-Q,2021-09-30,-39958000,NetCashProvidedByUsedInInvestingActivities,USD,2022-11-03,10-Q,2021-09-30,117106000,NetCashProvidedByUsedInOperatingActivities,USD,2022-11-03,10-Q,2021-09-30,through_ocf,True,,,0.041243,0.146763,1.172221,-0.186216,-0.050077
2023Q1,2023-02-23,THRY,1556739,"THRYV HOLDINGS, INC.",$1B-$2B,,1109435000,RevenueFromContractWithCustomerExcludingAssessedTax,USD,2023-02-23,10-K,2020-12-31,149221000,NetIncomeLoss,USD,2023-02-23,10-K,2020-12-31,1300502000,Assets,USD,2023-02-23,10-K,2021-12-31,-206067000,NetCashProvidedByUsedInFinancingActivities,USD,2023-02-23,10-K,2020-12-31,-26211000,NetCashProvidedByUsedInInvestingActivities,USD,2023-02-23,10-K,2020-12-31,232772000,NetCashProvidedByUsedInOperatingActivities,USD,2023-02-23,10-K,2020-12-31,through_ocf,True,,,0.134502,0.209811,1.17222,-0.18574,-0.023626
2023Q1,2023-02-28,TILE,715787,INTERFACE INC,$500M-$1B,,860752000,RevenueFromContractWithCustomerExcludingAssessedTax,USD,2022-11-08,10-Q,2021-10-03,33408000,NetIncomeLoss,USD,2022-11-08,10-Q,2021-10-03,1330057000,Assets,USD,2022-11-08,10-Q,2022-01-02,-53079000,NetCashProvidedByUsedInFinancingActivities,USD,2022-11-08,10-Q,2021-10-03,-17406000,NetCashProvidedByUsedInInvestingActivities,USD,2022-11-08,10-Q,2021-10-03,64056000,NetCashProvidedByUsedInOperatingActivities,USD,2022-11-08,10-Q,2021-10-03,through_ocf,True,,,0.038813,0.074419,1.545227,-0.061666,-0.020222
2023Q1,2023-03-08,TIPT,1393726,Tiptree Inc.,$500M-$1B,,810301000,Revenues,USD,2023-03-08,10-K,2020-12-31,-29158000,NetIncomeLoss,USD,2023-03-08,10-K,2020-12-31,3599147000,Assets,USD,2023-03-08,10-K,2021-12-31,31749000,NetCashProvidedByUsedInFinancingActivities,USD,2023-03-08,10-K,2020-12-31,-123491000,NetCashProvidedByUsedInInvestingActivities,USD,2023-03-08,10-K,2020-12-31,140169000,NetCashProvidedByUsedInOperatingActivities,USD,2023-03-08,10-K,2020-12-31,through_ocf,True,,,-0.035984,0.172984,4.441741,0.039182,-0.152401
2023Q1,2023-03-16,TITN,1409171,TITAN MACHINERY INC.,$1B-$2B,,1204311000,Revenues,USD,2022-12-08,10-Q,2021-10-31,10547000,NetIncomeLoss,USD,2022-12-08,10-Q,2021-04-30,946667000,Assets,USD,2022-12-08,10-Q,2022-01-31,-31315000,NetCashProvidedByUsedInFinancingActivities,USD,2022-12-08,10-Q,2021-10-31,-29006000,NetCashProvidedByUsedInInvestingActivities,USD,2022-12-08,10-Q,2021-10-31,72275000,NetCashProvidedByUsedInOperatingActivities,USD,2022-12-08,10-Q,2021-10-31,through_ocf,True,,,0.008758,0.060014,0.786065,-0.026002,-0.024085
2023Q1,2023-02-22,TJX,109198,"THE TJX COMPANIES, INC.",$2B-$10B,,7784024000,SalesRevenueNet,USD,2018-06-01,10-Q,2017-04-29,2342611000,NetIncomeLoss,USD,2022-11-29,10-Q,2021-10-30,30070986000,Assets,USD,2022-11-29,10-Q,2021-10-30,-4888533000,NetCashProvidedByUsedInFinancingActivities,USD,2022-11-29,10-Q,2021-10-30,-715625000,NetCashProvidedByUsedInInvestingActivities,USD,2022-11-29,10-Q,2021-10-30,1946933000,NetCashProvidedByUsedInOperatingActivities,USD,2022-11-29,10-Q,2021-10-30,through_ocf,True,,,0.300951,0.250119,3.863167,-0.628021,-0.091935
2023Q1,2023-02-15,TMHC,1562476,TAYLOR MORRISON HOME CORP,$2B-$10B,,4995843000,Revenues,USD,2022-10-26,10-Q,2021-09-30,390302000,NetIncomeLoss,USD,2022-10-26,10-Q,2021-09-30,8727777000,Assets,USD,2022-10-26,10-Q,2021-12-31,-12275000,NetCashProvidedByUsedInFinancingActivities,USD,2022-10-26,10-Q,2021-09-30,-43304000,NetCashProvidedByUsedInInvestingActivities,USD,2022-10-26,10-Q,2021-09-30,-103545000,NetCashProvidedByUsedInOperatingActivities,USD,2022-10-26,10-Q,2021-09-30,through_ocf,True,,,0.078125,-0.020726,1.747008,-0.002457,-0.008668
2023Q1,2023-01-10,TNDM,1438133,"Tandem Diabetes Care, Inc.",$100M-$500M,,492803000,RevenueFromContractWithCustomerExcludingAssessedTax,USD,2022-11-02,10-Q,2021-09-30,4758000,NetIncomeLoss,USD,2022-11-02,10-Q,2021-09-30,905137000,Assets,USD,2022-11-02,10-Q,2021-12-31,36046000,NetCashProvidedByUsedInFinancingActivities,USD,2022-11-02,10-Q,2021-09-30,-110058000,NetCashProvidedByUsedInInvestingActivities,USD,2022-11-02,10-Q,2021-09-30,91724000,NetCashProvidedByUsedInOperatingActivities,USD,2022-11-02,10-Q,2021-09-30,through_ocf,True,,,0.009655,0.186127,1.836712,0.073145,-0.223331
2023Q1,2023-02-15,TNET,937098,"TRINET GROUP, INC",$2B-$10B,,4034000000,RevenueFromContractWithCustomerExcludingAssessedTax,USD,2023-02-15,10-K,2020-12-31,272000000,NetIncomeLoss,USD,2023-02-15,10-K,2020-12-31,3309000000,Assets,USD,2023-02-15,10-K,2021-12-31,-208000000,NetCashProvidedByUsedInFinancingActivities,USD,2023-02-15,10-K,2020-12-31,-151000000,NetCashProvidedByUsedInInvestingActivities,USD,2023-02-15,10-K,2020-12-31,546000000,NetCashProvidedByUsedInOperatingActivities,USD,2023-02-15,10-K,2020-12-31,through_ocf,True,,,0.067427,0.13535,0.820278,-0.051562,-0.037432
2023Q1,2023-02-24,TPB,1290677,"Turning Point Brands, Inc.",$100M-$500M,,197256000,SalesRevenueNet,USD,2018-03-08,10-K,2015-12-31,40605000,NetIncomeLoss,USD,2022-10-26,10-Q,2021-09-30,601560000,Assets,USD,2022-10-26,10-Q,2021-12-31,76304000,NetCashProvidedByUsedInFinancingActivities,USD,2022-10-26,10-Q,2021-09-30,-52245000,NetCashProvidedByUsedInInvestingActivities,USD,2022-10-26,10-Q,2021-09-30,49565000,NetCashProvidedByUsedInOperatingActivities,USD,2022-10-26,10-Q,2021-09-30,through_ocf,True,,,0.205849,0.251272,3.049641,0.386827,-0.264859
2023Q1,2023-03-15,TPC,77543,Tutor Perini Corporation,$2B-$10B,,5318763000,RevenueFromContractWithCustomerExcludingAssessedTax,USD,2023-03-15,10-K,2020-12-31,108394000,NetIncomeLoss,USD,2023-03-15,10-K,2020-12-31,4724898000,Assets,USD,2023-03-15,10-K,2021-12-31,123337000,NetCashProvidedByUsedInFinancingActivities,USD,2023-03-15,10-K,2020-12-31,-46358000,NetCashProvidedByUsedInInvestingActivities,USD,2023-03-15,10-K,2020-12-31,172772000,NetCashProvidedByUsedInOperatingActivities,USD,2023-03-15,10-K,2020-12-31,through_ocf,True,,,0.02038,0.032483,0.888345,0.023189,-0.008716
2023Q1,2023-02-15,TPG,0001880661,TPG Inc.,$2B-$10B,,3897060000,Revenues,USD,2022-11-09,10-Q,2021-09-30,68785000,NetIncomeLoss,USD,2022-11-09,10-Q,2022-06-30,8962013000,Assets,USD,2022-11-09,10-Q,2021-12-31,-152103000,NetCashProvidedByUsedInFinancingActivities,USD,2022-11-09,10-Q,2021-09-30,19596000,NetCashProvidedByUsedInInvestingActivities,USD,2022-11-09,10-Q,2021-09-30,1057509000,NetCashProvidedByUsedInOperatingActivities,USD,2022-11-09,10-Q,2021-09-30,through_ocf,True,,,0.01765,0.271361,2.299686,-0.03903,0.005028
2023Q1,2023-02-15,TPGXL,0001880661,TPG Inc.,$2B-$10B,,3897060000,Revenues,USD,2022-11-09,10-Q,2021-09-30,68785000,NetIncomeLoss,USD,2022-11-09,10-Q,2022-06-30,8962013000,Assets,USD,2022-11-09,10-Q,2021-12-31,-152103000,NetCashProvidedByUsedInFinancingActivities,USD,2022-11-09,10-Q,2021-09-30,19596000,NetCashProvidedByUsedInInvestingActivities,USD,2022-11-09,10-Q,2021-09-30,1057509000,NetCashProvidedByUsedInOperatingActivities,USD,2022-11-09,10-Q,2021-09-30,through_ocf,True,,,0.01765,0.271361,2.299686,-0.03903,0.005028
2023Q1,2023-02-21,TPH,1561680,"Tri Pointe Homes, Inc.",$2B-$10B,,3260447000,RevenueFromContractWithCustomerExcludingAssessedTax,USD,2023-02-21,10-K,2020-12-31,282207000,NetIncomeLoss,USD,2023-02-21,10-K,2020-12-31,4336223000,Assets,USD,2023-02-21,10-K,2021-12-31,-207665000,NetCashProvidedByUsedInFinancingActivities,USD,2023-02-21,10-K,2020-12-31,-88040000,NetCashProvidedByUsedInInvestingActivities,USD,2023-02-21,10-K,2020-12-31,587989000,NetCashProvidedByUsedInOperatingActivities,USD,2023-02-21,10-K,2020-12-31,through_ocf,True,,,0.086555,0.18034,1.329947,-0.063692,-0.027002
2023Q1,2023-02-22,TPL,1811074,Texas Pacific Land Corporation,$100M-$500M,,302564000,RevenueFromContractWithCustomerExcludingAssessedTax,USD,2023-02-22,10-K,2020-12-31,176049000,NetIncomeLoss,USD,2023-02-22,10-K,2020-12-31,764064000,Assets,USD,2023-02-22,10-K,2021-12-31,-201660000,NetCashProvidedByUsedInFinancingActivities,USD,2023-02-22,10-K,2020-12-31,-25998000,NetCashProvidedByUsedInInvestingActivities,USD,2023-02-22,10-K,2020-12-31,207037000,NetCashProvidedByUsedInOperatingActivities,USD,2023-02-22,10-K,2020-12-31,through_ocf,True,,,0.581857,0.684275,2.525297,-0.666504,-0.085926
2023Q1,2023-02-09,TPR,1116132,"Tapestry, Inc.",$2B-$10B,,3622100000,RevenueFromContractWithCustomerExcludingAssessedTax,USD,2023-02-09,10-Q,2022-01-01,226900000,NetIncomeLoss,USD,2023-02-09,10-Q,2021-10-02,7265300000,Assets,USD,2023-02-09,10-Q,2022-07-02,-952100000,NetCashProvidedByUsedInFinancingActivities,USD,2023-02-09,10-Q,2022-01-01,-455700000,NetCashProvidedByUsedInInvestingActivities,USD,2023-02-09,10-Q,2022-01-01,668100000,NetCashProvidedByUsedInOperatingActivities,USD,2023-02-09,10-Q,2022-01-01,through_ocf,True,,,0.062643,0.184451,2.005825,-0.262859,-0.125811
2023Q1,2023-02-15,TR,98677,TOOTSIE ROLL INDUSTRIES INC,$100M-$500M,,402852000,RevenueFromContractWithCustomerExcludingAssessedTax,USD,2022-11-08,10-Q,2021-09-30,45294000,NetIncomeLoss,USD,2022-11-08,10-Q,2021-09-30,1015441000,Assets,USD,2022-11-08,10-Q,2021-09-30,-48112000,NetCashProvidedByUsedInFinancingActivities,USD,2022-11-08,10-Q,2021-09-30,-74492000,NetCashProvidedByUsedInInvestingActivities,USD,2022-11-08,10-Q,2021-09-30,32153000,NetCashProvidedByUsedInOperatingActivities,USD,2022-11-08,10-Q,2021-09-30,through_ocf,True,,,0.112433,0.079813,2.52063,-0.119428,-0.184912
2023Q1,2023-02-22,TRGP,1389170,TARGA RESOURCES CORP.,$2B-$10B,,8260300000,Revenues,USD,2023-02-22,10-K,2020-12-31,-1553900000,NetIncomeLoss,USD,2023-02-22,10-K,2020-12-31,15208200000,Assets,USD,2023-02-22,10-K,2021-12-31,-1094700000,NetCashProvidedByUsedInFinancingActivities,USD,2023-02-22,10-K,2020-12-31,-738100000,NetCashProvidedByUsedInInvestingActivities,USD,2023-02-22,10-K,2020-12-31,1744500000,NetCashProvidedByUsedInOperatingActivities,USD,2023-02-22,10-K,2020-12-31,through_ocf,True,,,-0.188117,0.211191,1.84112,-0.132525,-0.089355
2023Q1,2023-02-14,TRIP,1526520,"TRIPADVISOR, INC.",$500M-$1B,,661000000,RevenueFromContractWithCustomerExcludingAssessedTax,USD,2022-11-07,10-Q,2021-09-30,-119000000,NetIncomeLoss,USD,2022-11-07,10-Q,2021-09-30,2289000000,Assets,USD,2022-11-07,10-Q,2021-12-31,269000000,NetCashProvidedByUsedInFinancingActivities,USD,2022-11-07,10-Q,2021-09-30,-41000000,NetCashProvidedByUsedInInvestingActivities,USD,2022-11-07,10-Q,2021-09-30,43000000,NetCashProvidedByUsedInOperatingActivities,USD,2022-11-07,10-Q,2021-09-30,through_ocf,True,,,-0.18003,0.065053,3.462935,0.406959,-0.062027
2023Q1,2023-02-08,TRMB,864749,Trimble Inc.,$2B-$10B,,2733100000,RevenueFromContractWithCustomerExcludingAssessedTax,USD,2022-11-02,10-Q,2021-10-01,377400000,NetIncomeLoss,USD,2022-11-02,10-Q,2021-10-01,7099600000,Assets,USD,2022-11-02,10-Q,2021-12-31,-363200000,NetCashProvidedByUsedInFinancingActivities,USD,2022-11-02,10-Q,2021-10-01,51000000,NetCashProvidedByUsedInInvestingActivities,USD,2022-11-02,10-Q,2021-10-01,595200000,NetCashProvidedByUsedInOperatingActivities,USD,2022-11-02,10-Q,2021-10-01,through_ocf,True,,,0.138085,0.217775,2.597636,-0.132889,0.01866
2023Q1,2023-02-21,TRN,99780,"Trinity Industries, Inc.",$1B-$2B,,1749700000,Revenues,USD,2023-02-21,10-K,2020-12-31,-147300000,NetIncomeLoss,USD,2023-02-21,10-K,2020-12-31,8235900000,Assets,USD,2023-02-21,10-K,2021-12-31,-168000000,NetCashProvidedByUsedInFinancingActivities,USD,2023-02-21,10-K,2020-12-31,-532900000,NetCashProvidedByUsedInInvestingActivities,USD,2023-02-21,10-K,2020-12-31,651700000,NetCashProvidedByUsedInOperatingActivities,USD,2023-02-21,10-K,2020-12-31,through_ocf,True,,,-0.084186,0.372464,4.707035,-0.096016,-0.304566
2023Q1,2023-01-26,TROW,1113169,PRICE T ROWE GROUP INC,$2B-$10B,,5710200000,RevenueFromContractWithCustomerExcludingAssessedTax,USD,2022-10-27,10-Q,2021-09-30,2342300000,NetIncomeLoss,USD,2022-10-27,10-Q,2021-09-30,12509000000,Assets,USD,2022-10-27,10-Q,2021-12-31,-1891100000,NetCashProvidedByUsedInFinancingActivities,USD,2022-10-27,10-Q,2021-09-30,57600000,NetCashProvidedByUsedInInvestingActivities,USD,2022-10-27,10-Q,2021-09-30,3090700000,NetCashProvidedByUsedInOperatingActivities,USD,2022-10-27,10-Q,2021-09-30,through_ocf,True,,,0.410196,0.54126,2.190641,-0.331179,0.010087
2023Q1,2023-02-16,TROX,1530804,TRONOX HOLDINGS PLC,$2B-$10B,,2688000000,RevenueFromContractWithCustomerExcludingAssessedTax,USD,2022-10-27,10-Q,2021-09-30,203000000,NetIncomeLoss,USD,2022-10-27,10-Q,2021-09-30,5987000000,Assets,USD,2022-10-27,10-Q,2021-12-31,-752000000,NetCashProvidedByUsedInFinancingActivities,USD,2022-10-27,10-Q,2021-09-30,-181000000,NetCashProvidedByUsedInInvestingActivities,USD,2022-10-27,10-Q,2021-09-30,601000000,NetCashProvidedByUsedInOperatingActivities,USD,2022-10-27,10-Q,2021-09-30,through_ocf,True,,,0.075521,0.223586,2.227307,-0.279762,-0.067336
2023Q1,2023-02-23,TRS,842633,TRIMAS CORPORATION,$500M-$1B,,769970000,Revenues,USD,2023-02-23,10-K,2020-12-31,-79760000,NetIncomeLoss,USD,2023-02-23,10-K,2020-12-31,1193880000,Assets,USD,2023-02-23,10-K,2020-12-31,6140000,NetCashProvidedByUsedInFinancingActivities,USD,2023-02-23,10-K,2020-12-31,-232070000,NetCashProvidedByUsedInInvestingActivities,USD,2023-02-23,10-K,2020-12-31,127410000,NetCashProvidedByUsedInOperatingActivities,USD,2023-02-23,10-K,2020-12-31,through_ocf,True,,,-0.103588,0.165474,1.550554,0.007974,-0.301401
2023Q1,2023-02-15,TRUP,1371285,"TRUPANION, INC.",$500M-$1B,,504612000,Revenues,USD,2022-11-04,10-Q,2021-09-30,-6410000,NetIncomeLoss,USD,2015-02-24,10-K,2012-12-31,562582000,Assets,USD,2022-11-04,10-Q,2021-12-31,-674000,NetCashProvidedByUsedInFinancingActivities,USD,2022-11-04,10-Q,2021-09-30,-31807000,NetCashProvidedByUsedInInvestingActivities,USD,2022-11-04,10-Q,2021-09-30,2302000,NetCashProvidedByUsedInOperatingActivities,USD,2022-11-04,10-Q,2021-09-30,through_ocf,True,,,-0.012703,0.004562,1.11488,-0.001336,-0.063033
2023Q1,2023-01-17,TRV,86312,"Travelers Companies, Inc.",>$10B,,25805000000,Revenues,USD,2022-10-19,10-Q,2021-09-30,2329000000,NetIncomeLoss,USD,2022-10-19,10-Q,2021-09-30,120466000000,Assets,USD,2022-10-19,10-Q,2021-12-31,-1059000000,NetCashProvidedByUsedInFinancingActivities,USD,2022-10-19,10-Q,2021-09-30,-4422000000,NetCashProvidedByUsedInInvestingActivities,USD,2022-10-19,10-Q,2021-09-30,5582000000,NetCashProvidedByUsedInOperatingActivities,USD,2022-10-19,10-Q,2021-09-30,through_ocf,True,,,0.090254,0.216315,4.66832,-0.041039,-0.171362
2023Q1,2023-01-26,TSCO,916365,TRACTOR SUPPLY CO /DE/,$2B-$10B,,9411821000,Revenues,USD,2022-11-03,10-Q,2021-09-25,181354000,NetIncomeLoss,USD,2022-11-03,10-Q,2021-03-27,7745194000,Assets,USD,2022-11-03,10-Q,2021-09-25,-720618000,NetCashProvidedByUsedInFinancingActivities,USD,2022-11-03,10-Q,2021-09-25,-381264000,NetCashProvidedByUsedInInvestingActivities,USD,2022-11-03,10-Q,2021-09-25,871837000,NetCashProvidedByUsedInOperatingActivities,USD,2022-11-03,10-Q,2021-09-25,through_ocf,True,,,0.019269,0.092632,0.822922,-0.076565,-0.040509
2023Q1,2023-01-26,TSEOF,1519061,Trinseo PLC,$2B-$10B,,3529000000,RevenueFromContractWithCustomerExcludingAssessedTax,USD,2022-11-04,10-Q,2021-09-30,71500000,NetIncomeLoss,USD,2022-11-04,10-Q,2021-03-31,4712200000,Assets,USD,2022-11-04,10-Q,2021-12-31,1272800000,NetCashProvidedByUsedInFinancingActivities,USD,2022-11-04,10-Q,2021-09-30,-1889100000,NetCashProvidedByUsedInInvestingActivities,USD,2022-11-04,10-Q,2021-09-30,238200000,NetCashProvidedByUsedInOperatingActivities,USD,2022-11-04,10-Q,2021-09-30,through_ocf,True,,,0.020261,0.067498,1.335279,0.360669,-0.535307
2023Q1,2023-02-02,TT,1466258,Trane Technologies plc,>$10B,,10567100000,RevenueFromContractWithCustomerExcludingAssessedTax,USD,2022-11-02,10-Q,2021-09-30,1105600000,NetIncomeLoss,USD,2022-11-02,10-Q,2021-09-30,18059800000,Assets,USD,2022-11-02,10-Q,2021-12-31,-1465000000,NetCashProvidedByUsedInFinancingActivities,USD,2022-11-02,10-Q,2021-09-30,-208800000,NetCashProvidedByUsedInInvestingActivities,USD,2022-11-02,10-Q,2021-09-30,1161200000,NetCashProvidedByUsedInOperatingActivities,USD,2022-11-02,10-Q,2021-09-30,through_ocf,True,,,0.104627,0.109888,1.709059,-0.138638,-0.019759
2023Q1,2023-02-28,TTEC,1013880,"TTEC Holdings, Inc.",$1B-$2B,,1949248000,RevenueFromContractWithCustomerExcludingAssessedTax,USD,2023-02-28,10-K,2020-12-31,118648000,NetIncomeLoss,USD,2023-02-28,10-K,2020-12-31,1516408000,Assets,USD,2023-02-28,10-K,2020-12-31,-112226000,NetCashProvidedByUsedInFinancingActivities,USD,2023-02-28,10-K,2020-12-31,-112427000,NetCashProvidedByUsedInInvestingActivities,USD,2023-02-28,10-K,2020-12-31,271920000,NetCashProvidedByUsedInOperatingActivities,USD,2023-02-28,10-K,2020-12-31,through_ocf,True,,,0.060869,0.1395,0.777945,-0.057574,-0.057677
2023Q1,2023-02-01,TTEK,831641,"TETRA TECH, INC.",$2B-$10B,,2994891000,RevenueFromContractWithCustomerExcludingAssessedTax,USD,2022-11-25,10-K,2020-09-27,173890000,ProfitLoss,USD,2022-11-25,10-K,2020-09-27,2576562000,Assets,USD,2022-11-25,10-K,2021-10-03,-163049000,NetCashProvidedByUsedInFinancingActivities,USD,2022-11-25,10-K,2020-09-27,-63023000,NetCashProvidedByUsedInInvestingActivities,USD,2022-11-25,10-K,2020-09-27,262479000,NetCashProvidedByUsedInOperatingActivities,USD,2022-11-25,10-K,2020-09-27,through_ocf,True,,,0.058062,0.087642,0.860319,-0.054442,-0.021044
2023Q1,2023-02-08,TTMI,1116942,"TTM TECHNOLOGIES, INC.",$1B-$2B,,1650599000,RevenueFromContractWithCustomerExcludingAssessedTax,USD,2022-11-08,10-Q,2021-09-27,-3192000,NetIncomeLoss,USD,2022-11-08,10-Q,2021-03-29,3025547000,Assets,USD,2022-11-08,10-Q,2022-01-03,24788000,NetCashProvidedByUsedInFinancingActivities,USD,2022-11-08,10-Q,2021-09-27,-61069000,NetCashProvidedByUsedInInvestingActivities,USD,2022-11-08,10-Q,2021-09-27,114263000,NetCashProvidedByUsedInOperatingActivities,USD,2022-11-08,10-Q,2021-09-27,through_ocf,True,,,-0.001934,0.069225,1.832999,0.015018,-0.036998
2023Q1,2023-03-02,TTSH,1552800,"TILE SHOP HOLDINGS, INC.",$100M-$500M,,325057000,RevenueFromContractWithCustomerExcludingAssessedTax,USD,2023-03-02,10-K,2020-12-31,6031000,NetIncomeLoss,USD,2023-03-02,10-K,2020-12-31,340758000,Assets,USD,2023-03-02,10-K,2021-12-31,-63329000,NetCashProvidedByUsedInFinancingActivities,USD,2023-03-02,10-K,2020-12-31,-1968000,NetCashProvidedByUsedInInvestingActivities,USD,2023-03-02,10-K,2020-12-31,65596000,NetCashProvidedByUsedInOperatingActivities,USD,2023-03-02,10-K,2020-12-31,through_ocf,True,,,0.018554,0.201798,1.048302,-0.194824,-0.006054
2023Q1,2023-02-02,TW,1758730,Tradeweb Markets Inc.,$500M-$1B,,799564000,RevenueFromContractWithCustomerExcludingAssessedTax,USD,2022-10-27,10-Q,2021-09-30,177938000,NetIncomeLoss,USD,2022-10-27,10-Q,2021-09-30,5990180000,Assets,USD,2022-10-27,10-Q,2021-12-31,-110444000,NetCashProvidedByUsedInFinancingActivities,USD,2022-10-27,10-Q,2021-09-30,-244384000,NetCashProvidedByUsedInInvestingActivities,USD,2022-10-27,10-Q,2021-09-30,386370000,NetCashProvidedByUsedInOperatingActivities,USD,2022-10-27,10-Q,2021-09-30,through_ocf,True,,,0.222544,0.483226,7.491808,-0.13813,-0.305647
2023Q1,2023-02-27,TWI,899751,"TITAN INTERNATIONAL, INC.",$1B-$2B,,1259313000,RevenueFromContractWithCustomerExcludingAssessedTax,USD,2023-02-27,10-K,2020-12-31,-60388000,NetIncomeLoss,USD,2023-02-27,10-K,2020-12-31,1031884000,Assets,USD,2023-02-27,10-K,2020-12-31,-38565000,NetCashProvidedByUsedInFinancingActivities,USD,2023-02-27,10-K,2020-12-31,33221000,NetCashProvidedByUsedInInvestingActivities,USD,2023-02-27,10-K,2020-12-31,57229000,NetCashProvidedByUsedInOperatingActivities,USD,2023-02-27,10-K,2020-12-31,through_ocf,True,,,-0.047953,0.045445,0.819402,-0.030624,0.02638
2023Q1,2023-02-24,TXNM,1108426,"TXNM Energy, Inc.",$1B-$2B,,1345798000,Revenues,USD,2022-11-04,10-Q,2021-09-30,196648000,ProfitLoss,USD,2022-11-04,10-Q,2021-09-30,8256070000,Assets,USD,2022-11-04,10-Q,2021-09-30,96818000,NetCashProvidedByUsedInFinancingActivities,USD,2022-11-04,10-Q,2021-09-30,-503777000,NetCashProvidedByUsedInInvestingActivities,USD,2022-11-04,10-Q,2021-09-30,408512000,NetCashProvidedByUsedInOperatingActivities,USD,2022-11-04,10-Q,2021-09-30,through_ocf,True,,,0.14612,0.303546,6.134702,0.071941,-0.374333
2023Q1,2023-02-16,TXRH,1289460,"TEXAS ROADHOUSE, INC.",$2B-$10B,,2568360000,RevenueFromContractWithCustomerExcludingAssessedTax,USD,2022-11-04,10-Q,2021-09-28,192236000,NetIncomeLoss,USD,2022-11-04,10-Q,2021-09-28,2511952000,Assets,USD,2022-11-04,10-Q,2021-12-28,-141888000,NetCashProvidedByUsedInFinancingActivities,USD,2022-11-04,10-Q,2021-09-28,-133413000,NetCashProvidedByUsedInInvestingActivities,USD,2022-11-04,10-Q,2021-09-28,348709000,NetCashProvidedByUsedInOperatingActivities,USD,2022-11-04,10-Q,2021-09-28,through_ocf,True,,,0.074848,0.135771,0.978037,-0.055245,-0.051945
2023Q1,2023-01-25,TXT,217346,Textron Inc.,$2B-$10B,,9060000000,Revenues,USD,2022-10-27,10-Q,2021-10-02,539000000,NetIncomeLoss,USD,2022-10-27,10-Q,2021-10-02,15827000000,Assets,USD,2022-10-27,10-Q,2022-01-01,-1112000000,NetCashProvidedByUsedInFinancingActivities,USD,2022-10-27,10-Q,2021-10-02,-127000000,NetCashProvidedByUsedInInvestingActivities,USD,2022-10-27,10-Q,2021-10-02,1173000000,NetCashProvidedByUsedInOperatingActivities,USD,2022-10-27,10-Q,2021-10-02,through_ocf,True,,,0.059492,0.12947,1.746909,-0.122737,-0.014018
2023Q1,2023-02-15,TYL,860731,"TYLER TECHNOLOGIES, INC.",$1B-$2B,,1158750000,RevenueFromContractWithCustomerExcludingAssessedTax,USD,2022-10-27,10-Q,2021-09-30,106676000,NetIncomeLoss,USD,2022-10-27,10-Q,2021-09-30,4732161000,Assets,USD,2022-10-27,10-Q,2021-12-31,1458550000,NetCashProvidedByUsedInFinancingActivities,USD,2022-10-27,10-Q,2021-09-30,-2084788000,NetCashProvidedByUsedInInvestingActivities,USD,2022-10-27,10-Q,2021-09-30,256743000,NetCashProvidedByUsedInOperatingActivities,USD,2022-10-27,10-Q,2021-09-30,through_ocf,True,,,0.092061,0.221569,4.08385,1.258727,-1.79917
2023Q1,2023-02-08,UBER,1543151,"UBER TECHNOLOGIES, INC.",>$10B,,11677000000,Revenues,USD,2022-11-02,10-Q,2021-09-30,-1388000000,NetIncomeLoss,USD,2022-11-02,10-Q,2021-09-30,38774000000,Assets,USD,2022-11-02,10-Q,2021-12-31,1366000000,NetCashProvidedByUsedInFinancingActivities,USD,2022-11-02,10-Q,2021-09-30,1067000000,NetCashProvidedByUsedInInvestingActivities,USD,2022-11-02,10-Q,2021-09-30,-338000000,NetCashProvidedByUsedInOperatingActivities,USD,2022-11-02,10-Q,2021-09-30,through_ocf,True,,,-0.118866,-0.028946,3.320545,0.116982,0.091376
2023Q1,2023-01-26,UBSI,729986,UNITED BANKSHARES INC/WV,$100M-$500M,,276625000,Revenues,USD,2022-03-01,10-K,2019-12-31,106898000,NetIncomeLoss,USD,2022-11-09,10-Q,2021-03-31,29328902000,Assets,USD,2022-11-09,10-Q,2021-12-31,1021933000,NetCashProvidedByUsedInFinancingActivities,USD,2022-11-09,10-Q,2021-09-30,249365000,NetCashProvidedByUsedInInvestingActivities,USD,2022-11-09,10-Q,2021-09-30,553195000,NetCashProvidedByUsedInOperatingActivities,USD,2022-11-09,10-Q,2021-09-30,through_ocf,True,,,0.386437,1.999801,106.024047,3.69429,0.901455
2023Q1,2023-01-17,UCB,857855,"UNITED COMMUNITY BANKS, INC.",$500M-$1B,,569023000,Revenues,USD,2022-11-04,10-Q,2021-09-30,217782000,NetIncomeLoss,USD,2022-11-04,10-Q,2021-09-30,20946771000,Assets,USD,2022-11-04,10-Q,2021-12-31,1483109000,NetCashProvidedByUsedInFinancingActivities,USD,2022-11-04,10-Q,2021-09-30,-1556847000,NetCashProvidedByUsedInInvestingActivities,USD,2022-11-04,10-Q,2021-09-30,282912000,NetCashProvidedByUsedInOperatingActivities,USD,2022-11-04,10-Q,2021-09-30,through_ocf,True,,,0.38273,0.497189,36.811818,2.606413,-2.736
2023Q1,2023-02-06,UDR,74208,"UDR, Inc.",$500M-$1B,,942559000,Revenues,USD,2022-10-27,10-Q,2021-09-30,32555000,NetIncomeLoss,USD,2022-10-27,10-Q,2021-09-30,10775220000,Assets,USD,2022-10-27,10-Q,2021-12-31,443168000,NetCashProvidedByUsedInFinancingActivities,USD,2022-10-27,10-Q,2021-09-30,-921275000,NetCashProvidedByUsedInInvestingActivities,USD,2022-10-27,10-Q,2021-09-30,483169000,NetCashProvidedByUsedInOperatingActivities,USD,2022-10-27,10-Q,2021-09-30,through_ocf,True,,,0.034539,0.512614,11.431879,0.470175,-0.977419
2023Q1,2023-02-16,UEIC,101984,UNIVERSAL ELECTRONICS INC.,$100M-$500M,,456658000,RevenueFromContractWithCustomerExcludingAssessedTax,USD,2022-11-04,10-Q,2021-09-30,6993000,NetIncomeLoss,USD,2022-11-04,10-Q,2021-03-31,510348000,Assets,USD,2022-11-04,10-Q,2021-12-31,-10226000,NetCashProvidedByUsedInFinancingActivities,USD,2022-11-04,10-Q,2021-09-30,-12408000,NetCashProvidedByUsedInInvestingActivities,USD,2022-11-04,10-Q,2021-09-30,22916000,NetCashProvidedByUsedInOperatingActivities,USD,2022-11-04,10-Q,2021-09-30,through_ocf,True,,,0.015313,0.050182,1.117572,-0.022393,-0.027171
2023Q1,2023-02-15,UFCS,101199,"UNITED FIRE GROUP, INC",$500M-$1B,,793690000,Revenues,USD,2022-11-03,10-Q,2021-09-30,18702000,NetIncomeLoss,USD,2022-11-03,10-Q,2021-03-31,3012721000,Assets,USD,2022-11-03,10-Q,2021-12-31,-13722000,NetCashProvidedByUsedInFinancingActivities,USD,2022-11-03,10-Q,2021-09-30,40358000,NetCashProvidedByUsedInInvestingActivities,USD,2022-11-03,10-Q,2021-09-30,18188000,NetCashProvidedByUsedInOperatingActivities,USD,2022-11-03,10-Q,2021-09-30,through_ocf,True,,,0.023563,0.022916,3.795841,-0.017289,0.050849
2023Q1,2023-02-21,UFPI,912767,"UFP INDUSTRIES, INC.",$2B-$10B,,2975091000,Revenues,USD,2018-11-07,10-Q,2017-09-30,397734000,NetIncomeLoss,USD,2022-11-03,10-Q,2021-09-25,3014247000,Assets,USD,2022-11-03,10-Q,2021-09-25,-33593000,NetCashProvidedByUsedInFinancingActivities,USD,2022-11-03,10-Q,2021-09-25,-528257000,NetCashProvidedByUsedInInvestingActivities,USD,2022-11-03,10-Q,2021-09-25,281763000,NetCashProvidedByUsedInOperatingActivities,USD,2022-11-03,10-Q,2021-09-25,through_ocf,True,,,0.133688,0.094707,1.013161,-0.011291,-0.17756
2023Q1,2023-02-27,UHS,352915,"UNIVERSAL HEALTH SERVICES, INC.",>$10B,,11558897000,RevenueFromContractWithCustomerExcludingAssessedTax,USD,2023-02-27,10-K,2020-12-31,943953000,NetIncomeLoss,USD,2023-02-27,10-K,2020-12-31,13476879000,Assets,USD,2023-02-27,10-K,2020-12-31,-384859000,NetCashProvidedByUsedInFinancingActivities,USD,2023-02-27,10-K,2020-12-31,-802562000,NetCashProvidedByUsedInInvestingActivities,USD,2023-02-27,10-K,2020-12-31,2360169000,NetCashProvidedByUsedInOperatingActivities,USD,2023-02-27,10-K,2020-12-31,through_ocf,True,,,0.081665,0.204186,1.165931,-0.033295,-0.069432
2023Q1,2023-02-22,UIS,746838,UNISYS CORP,$1B-$2B,,1515100000,Revenues,USD,2022-11-23,10-Q,2021-09-30,-317300000,NetIncomeLoss,USD,2022-11-23,10-Q,2021-09-30,2419500000,Assets,USD,2022-11-23,10-Q,2021-12-31,-100800000,NetCashProvidedByUsedInFinancingActivities,USD,2022-11-23,10-Q,2021-09-30,-236000000,NetCashProvidedByUsedInInvestingActivities,USD,2022-11-23,10-Q,2021-09-30,64500000,NetCashProvidedByUsedInOperatingActivities,USD,2022-11-23,10-Q,2021-09-30,through_ocf,True,,,-0.209425,0.042571,1.596924,-0.06653,-0.155765
2023Q1,2023-02-08,ULCC,1670076,"Frontier Group Holdings, Inc.",$1B-$2B,,1451000000,RevenueFromContractWithCustomerExcludingAssessedTax,USD,2022-10-26,10-Q,2021-09-30,-91000000,NetIncomeLoss,USD,2022-10-26,10-Q,2021-03-31,4235000000,Assets,USD,2022-10-26,10-Q,2021-12-31,324000000,NetCashProvidedByUsedInFinancingActivities,USD,2022-10-26,10-Q,2021-09-30,4000000,NetCashProvidedByUsedInInvestingActivities,USD,2022-10-26,10-Q,2021-09-30,96000000,NetCashProvidedByUsedInOperatingActivities,USD,2022-10-26,10-Q,2021-09-30,through_ocf,True,,,-0.062715,0.066161,2.918677,0.223294,0.002757
2023Q1,2023-02-09,ULH,1308208,"UNIVERSAL LOGISTICS HOLDINGS, INC.",$1B-$2B,,1283608000,RevenueFromContractWithCustomerExcludingAssessedTax,USD,2022-11-10,10-Q,2021-10-02,21656000,NetIncomeLoss,USD,2022-11-10,10-Q,2021-04-03,1137491000,Assets,USD,2022-11-10,10-Q,2021-12-31,-28196000,NetCashProvidedByUsedInFinancingActivities,USD,2022-11-10,10-Q,2021-10-02,-21116000,NetCashProvidedByUsedInInvestingActivities,USD,2022-11-10,10-Q,2021-10-02,53748000,NetCashProvidedByUsedInOperatingActivities,USD,2022-11-10,10-Q,2021-10-02,through_ocf,True,,,0.016871,0.041873,0.886167,-0.021966,-0.016451
2023Q1,2023-03-09,ULTA,1403568,"ULTA BEAUTY, INC.",$2B-$10B,,5901501000,Revenues,USD,2022-12-01,10-Q,2021-10-30,230289000,NetIncomeLoss,USD,2022-12-01,10-Q,2021-05-01,5287767000,Assets,USD,2022-12-01,10-Q,2021-10-30,-747381000,NetCashProvidedByUsedInFinancingActivities,USD,2022-12-01,10-Q,2021-10-30,-108418000,NetCashProvidedByUsedInInvestingActivities,USD,2022-12-01,10-Q,2021-10-30,414857000,NetCashProvidedByUsedInOperatingActivities,USD,2022-12-01,10-Q,2021-10-30,through_ocf,True,,,0.039022,0.070297,0.896004,-0.126643,-0.018371
2023Q1,2023-02-23,UPBD,933036,"Upbound Group, Inc.",$2B-$10B,,3412025000,Revenues,USD,2022-11-03,10-Q,2021-09-30,42552000,NetIncomeLoss,USD,2022-11-03,10-Q,2021-03-31,2993327000,Assets,USD,2022-11-03,10-Q,2021-12-31,992751000,NetCashProvidedByUsedInFinancingActivities,USD,2022-11-03,10-Q,2021-09-30,-1319415000,NetCashProvidedByUsedInInvestingActivities,USD,2022-11-03,10-Q,2021-09-30,326204000,NetCashProvidedByUsedInOperatingActivities,USD,2022-11-03,10-Q,2021-09-30,through_ocf,True,,,0.012471,0.095604,0.877288,0.290957,-0.386696
2023Q1,2023-02-14,UPST,1647639,"Upstart Holdings, Inc.",$500M-$1B,,543741000,Revenues,USD,2022-11-09,10-Q,2021-09-30,76499000,NetIncomeLoss,USD,2022-11-09,10-Q,2021-09-30,1820455000,Assets,USD,2022-11-09,10-Q,2021-12-31,805032000,NetCashProvidedByUsedInFinancingActivities,USD,2022-11-09,10-Q,2021-09-30,-124101000,NetCashProvidedByUsedInInvestingActivities,USD,2022-11-09,10-Q,2021-09-30,179497000,NetCashProvidedByUsedInOperatingActivities,USD,2022-11-09,10-Q,2021-09-30,through_ocf,True,,,0.14069,0.330115,3.348019,1.480543,-0.228236
2023Q1,2023-02-15,UPWK,1627475,UPWORK INC.,$100M-$500M,,365941000,RevenueFromContractWithCustomerExcludingAssessedTax,USD,2022-10-26,10-Q,2021-09-30,-33684000,NetIncomeLoss,USD,2022-10-26,10-Q,2021-09-30,1081061000,Assets,USD,2022-10-26,10-Q,2021-12-31,546975000,NetCashProvidedByUsedInFinancingActivities,USD,2022-10-26,10-Q,2021-09-30,-26114000,NetCashProvidedByUsedInInvestingActivities,USD,2022-10-26,10-Q,2021-09-30,23284000,NetCashProvidedByUsedInOperatingActivities,USD,2022-10-26,10-Q,2021-09-30,through_ocf,True,,,-0.092048,0.063628,2.954195,1.494708,-0.071361
2023Q1,2023-01-25,URI,1067701,"UNITED RENTALS, INC.",$2B-$10B,,8530000000,Revenues,USD,2023-01-25,10-K,2020-12-31,890000000,NetIncomeLoss,USD,2023-01-25,10-K,2020-12-31,17868000000,Assets,USD,2023-01-25,10-K,2020-12-31,-2293000000,NetCashProvidedByUsedInFinancingActivities,USD,2023-01-25,10-K,2020-12-31,-223000000,NetCashProvidedByUsedInInvestingActivities,USD,2023-01-25,10-K,2020-12-31,2658000000,NetCashProvidedByUsedInOperatingActivities,USD,2023-01-25,10-K,2020-12-31,through_ocf,True,,,0.104338,0.311606,2.094725,-0.268816,-0.026143
2023Q1,2023-01-25,USB,36104,US BANCORP \DE\,>$10B,,16808000000,Revenues,USD,2019-11-08,10-Q,2018-09-30,6290000000,NetIncomeLoss,USD,2022-11-01,10-Q,2021-09-30,573284000000,Assets,USD,2022-11-01,10-Q,2021-12-31,7926000000,NetCashProvidedByUsedInFinancingActivities,USD,2022-11-01,10-Q,2021-09-30,-15769000000,NetCashProvidedByUsedInInvestingActivities,USD,2022-11-01,10-Q,2021-09-30,9167000000,NetCashProvidedByUsedInOperatingActivities,USD,2022-11-01,10-Q,2021-09-30,through_ocf,True,,,0.374227,0.545395,34.107806,0.471561,-0.938184
2023Q1,2023-01-05,USNA,896264,"USANA HEALTH SCIENCES, INC.",$500M-$1B,,919165000,RevenueFromContractWithCustomerExcludingAssessedTax,USD,2022-11-08,10-Q,2021-10-02,96185000,NetIncomeLoss,USD,2022-11-08,10-Q,2021-10-02,577740000,Assets,USD,2022-11-08,10-Q,2022-01-01,-148967000,NetCashProvidedByUsedInFinancingActivities,USD,2022-11-08,10-Q,2021-10-02,-11034000,NetCashProvidedByUsedInInvestingActivities,USD,2022-11-08,10-Q,2021-10-02,96305000,NetCashProvidedByUsedInOperatingActivities,USD,2022-11-08,10-Q,2021-10-02,through_ocf,True,,,0.104644,0.104774,0.628549,-0.162068,-0.012004
2023Q1,2023-02-08,UTI,1261654,"UNIVERSAL TECHNICAL INSTITUTE, INC",$100M-$500M,,300761000,RevenueFromContractWithCustomerExcludingAssessedTax,USD,2022-12-12,10-K,2020-09-30,8008000,NetIncomeLoss,USD,2022-12-12,10-K,2020-09-30,512570000,Assets,USD,2022-12-12,10-K,2021-09-30,43092000,NetCashProvidedByUsedInFinancingActivities,USD,2022-12-12,10-K,2020-09-30,-45760000,NetCashProvidedByUsedInInvestingActivities,USD,2022-12-12,10-K,2020-09-30,11032000,NetCashProvidedByUsedInOperatingActivities,USD,2022-12-12,10-K,2020-09-30,through_ocf,True,,,0.026626,0.03668,1.704244,0.143277,-0.152147
2023Q1,2023-03-02,UTZ,1739566,"Utz Brands, Inc.",$500M-$1B,,638662000,RevenueFromContractWithCustomerExcludingAssessedTax,USD,2023-03-02,10-K,2020-08-28,3420000,NetIncomeLoss,USD,2023-03-02,10-K,2020-08-28,2716346000,Assets,USD,2023-03-02,10-K,2022-01-02,-10451000,NetCashProvidedByUsedInFinancingActivities,USD,2023-03-02,10-K,2020-08-28,-21516000,NetCashProvidedByUsedInInvestingActivities,USD,2023-03-02,10-K,2020-08-28,30627000,NetCashProvidedByUsedInOperatingActivities,USD,2023-03-02,10-K,2020-08-28,through_ocf,True,,,0.005355,0.047955,4.253182,-0.016364,-0.033689
2023Q1,2023-02-08,UVV,102037,UNIVERSAL CORP /VA/,$1B-$2B,,1450540000,RevenueFromContractWithCustomerExcludingAssessedTax,USD,2023-02-08,10-Q,2021-12-31,60807000,NetIncomeLoss,USD,2023-02-08,10-Q,2021-12-31,2593528000,Assets,USD,2023-02-08,10-Q,2021-12-31,84175000,NetCashProvidedByUsedInFinancingActivities,USD,2023-02-08,10-Q,2021-12-31,-129684000,NetCashProvidedByUsedInInvestingActivities,USD,2023-02-08,10-Q,2021-12-31,-51576000,NetCashProvidedByUsedInOperatingActivities,USD,2023-02-08,10-Q,2021-12-31,through_ocf,True,,,0.04192,-0.035556,1.787974,0.05803,-0.089404
2023Q1,2023-02-22,VAC,1524358,Marriott Vacations Worldwide Corp,$2B-$10B,,2790000000,Revenues,USD,2022-11-04,10-Q,2021-09-30,-12000000,NetIncomeLoss,USD,2022-11-04,10-Q,2021-09-30,9613000000,Assets,USD,2022-11-04,10-Q,2021-12-31,-225000000,NetCashProvidedByUsedInFinancingActivities,USD,2022-11-04,10-Q,2021-09-30,-187000000,NetCashProvidedByUsedInInvestingActivities,USD,2022-11-04,10-Q,2021-09-30,303000000,NetCashProvidedByUsedInOperatingActivities,USD,2022-11-04,10-Q,2021-09-30,through_ocf,True,,,-0.004301,0.108602,3.44552,-0.080645,-0.067025
2023Q1,2023-02-21,VAL,314808,Valaris Limited,$1B-$2B,,1427200000,Revenues,USD,2023-02-21,10-K,2020-12-31,-4855500000,NetIncomeLoss,USD,2023-02-21,10-K,2020-12-31,2595600000,Assets,USD,2023-02-21,10-K,2021-04-30,522200000,NetCashProvidedByUsedInFinancingActivities,USD,2023-02-21,10-K,2020-12-31,-42000000,NetCashProvidedByUsedInInvestingActivities,USD,2023-02-21,10-K,2020-12-31,-251700000,NetCashProvidedByUsedInOperatingActivities,USD,2023-02-21,10-K,2020-12-31,through_ocf,True,,,-3.402116,-0.176359,1.818666,0.365891,-0.029428
2023Q1,2023-02-16,VC,1111335,VISTEON CORP,$2B-$10B,,2548000000,Revenues,USD,2023-02-16,10-K,2020-12-31,-56000000,NetIncomeLoss,USD,2023-02-16,10-K,2020-12-31,2234000000,Assets,USD,2023-02-16,10-K,2021-12-31,-58000000,NetCashProvidedByUsedInFinancingActivities,USD,2023-02-16,10-K,2020-12-31,-98000000,NetCashProvidedByUsedInInvestingActivities,USD,2023-02-16,10-K,2020-12-31,168000000,NetCashProvidedByUsedInOperatingActivities,USD,2023-02-16,10-K,2020-12-31,through_ocf,True,,,-0.021978,0.065934,0.876766,-0.022763,-0.038462
2023Q1,2023-02-09,VCTR,1570827,"Victory Capital Holdings, Inc.",$500M-$1B,,661143000,RevenueFromContractWithCustomerExcludingAssessedTax,USD,2022-11-07,10-Q,2021-09-30,65202000,NetIncomeLoss,USD,2022-11-07,10-Q,2021-03-31,2579746000,Assets,USD,2022-11-07,10-Q,2021-12-31,-210985000,NetCashProvidedByUsedInFinancingActivities,USD,2022-11-07,10-Q,2021-09-30,-11032000,NetCashProvidedByUsedInInvestingActivities,USD,2022-11-07,10-Q,2021-09-30,264061000,NetCashProvidedByUsedInOperatingActivities,USD,2022-11-07,10-Q,2021-09-30,through_ocf,True,,,0.09862,0.399401,3.901949,-0.319122,-0.016686
2023Q1,2023-02-15,VECO,103145,VEECO INSTRUMENTS INC,$100M-$500M,,477038000,SalesRevenueNet,USD,2018-02-21,10-K,2015-12-31,2494000,NetIncomeLoss,USD,2022-11-07,10-Q,2021-03-31,898976000,Assets,USD,2022-11-07,10-Q,2021-12-31,-1551000,NetCashProvidedByUsedInFinancingActivities,USD,2022-11-07,10-Q,2021-09-30,-57090000,NetCashProvidedByUsedInInvestingActivities,USD,2022-11-07,10-Q,2021-09-30,50649000,NetCashProvidedByUsedInOperatingActivities,USD,2022-11-07,10-Q,2021-09-30,through_ocf,True,,,0.005228,0.106174,1.884496,-0.003251,-0.119676
2023Q1,2023-03-08,VERX,1806837,"Vertex, Inc.",$100M-$500M,,313892000,RevenueFromContractWithCustomerExcludingAssessedTax,USD,2022-11-09,10-Q,2021-09-30,2288000,NetIncomeLoss,USD,2022-11-09,10-Q,2021-03-31,670207000,Assets,USD,2022-11-09,10-Q,2021-12-31,-5953000,NetCashProvidedByUsedInFinancingActivities,USD,2022-11-09,10-Q,2021-09-30,-283213000,NetCashProvidedByUsedInInvestingActivities,USD,2022-11-09,10-Q,2021-09-30,52668000,NetCashProvidedByUsedInOperatingActivities,USD,2022-11-09,10-Q,2021-09-30,through_ocf,True,,,0.007289,0.16779,2.135152,-0.018965,-0.902263
2023Q1,2023-02-02,VIAV,912093,Viavi Solutions Inc.,$100M-$500M,,326800000,RevenueFromContractWithCustomerExcludingAssessedTax,USD,2022-11-04,10-Q,2021-10-02,-54800000,NetIncomeLoss,USD,2022-11-04,10-Q,2021-10-02,1827900000,Assets,USD,2022-11-04,10-Q,2022-07-02,182800000,NetCashProvidedByUsedInFinancingActivities,USD,2022-11-04,10-Q,2021-10-02,-14800000,NetCashProvidedByUsedInInvestingActivities,USD,2022-11-04,10-Q,2021-10-02,53400000,NetCashProvidedByUsedInOperatingActivities,USD,2022-11-04,10-Q,2021-10-02,through_ocf,True,,,-0.167687,0.163403,5.593329,0.559364,-0.045288
2023Q1,2023-03-09,VITL,1579733,"Vital Farms, Inc.",$100M-$500M,,214280000,RevenueFromContractWithCustomerExcludingAssessedTax,USD,2023-03-09,10-K,2020-12-27,8800000,NetIncomeLoss,USD,2023-03-09,10-K,2020-12-27,189942000,Assets,USD,2023-03-09,10-K,2021-12-26,94410000,NetCashProvidedByUsedInFinancingActivities,USD,2023-03-09,10-K,2020-12-27,-77652000,NetCashProvidedByUsedInInvestingActivities,USD,2023-03-09,10-K,2020-12-27,11512000,NetCashProvidedByUsedInOperatingActivities,USD,2023-03-09,10-K,2020-12-27,through_ocf,True,,,0.041068,0.053724,0.88642,0.440592,-0.362386
2023Q1,2023-02-16,VMC,1396009,VULCAN MATERIALS COMPANY,$2B-$10B,,3945900000,Revenues,USD,2022-11-03,10-Q,2021-09-30,532900000,NetIncomeLoss,USD,2022-11-03,10-Q,2021-09-30,13688000000,Assets,USD,2022-11-03,10-Q,2021-09-30,-25800000,NetCashProvidedByUsedInFinancingActivities,USD,2022-11-03,10-Q,2021-09-30,-1760600000,NetCashProvidedByUsedInInvestingActivities,USD,2022-11-03,10-Q,2021-09-30,724800000,NetCashProvidedByUsedInOperatingActivities,USD,2022-11-03,10-Q,2021-09-30,through_ocf,True,,,0.135052,0.183684,3.468917,-0.006538,-0.446185
2023Q1,2023-01-31,VREX,1681622,VAREX IMAGING CORPORATION,$100M-$500M,,198800000,RevenueFromContractWithCustomerExcludingAssessedTax,USD,2023-01-31,10-Q,2021-12-31,1400000,NetIncomeLoss,USD,2023-01-31,10-Q,2021-12-31,1184400000,Assets,USD,2023-01-31,10-Q,2022-09-30,5000000,NetCashProvidedByUsedInFinancingActivities,USD,2023-01-31,10-Q,2021-12-31,-2600000,NetCashProvidedByUsedInInvestingActivities,USD,2023-01-31,10-Q,2021-12-31,10800000,NetCashProvidedByUsedInOperatingActivities,USD,2023-01-31,10-Q,2021-12-31,through_ocf,True,,,0.007042,0.054326,5.957746,0.025151,-0.013078
2023Q1,2023-02-09,VRSN,1014473,VERISIGN INC/CA,$500M-$1B,,987300000,Revenues,USD,2022-10-27,10-Q,2021-09-30,454700000,NetIncomeLoss,USD,2022-10-27,10-Q,2021-09-30,1983800000,Assets,USD,2022-10-27,10-Q,2021-12-31,-533300000,NetCashProvidedByUsedInFinancingActivities,USD,2022-10-27,10-Q,2021-09-30,-215100000,NetCashProvidedByUsedInInvestingActivities,USD,2022-10-27,10-Q,2021-09-30,600900000,NetCashProvidedByUsedInOperatingActivities,USD,2022-10-27,10-Q,2021-09-30,through_ocf,True,,,0.460549,0.60863,2.009318,-0.54016,-0.217867
2023Q1,2023-02-22,VRT,1674101,VERTIV HOLDINGS CO,$2B-$10B,,3587600000,RevenueFromContractWithCustomerExcludingAssessedTax,USD,2022-10-31,10-Q,2021-09-30,31700000,NetIncomeLoss,USD,2022-10-31,10-Q,2021-03-31,6939600000,Assets,USD,2022-10-31,10-Q,2021-12-31,86500000,NetCashProvidedByUsedInFinancingActivities,USD,2022-10-31,10-Q,2021-09-30,-46700000,NetCashProvidedByUsedInInvestingActivities,USD,2022-10-31,10-Q,2021-09-30,174400000,NetCashProvidedByUsedInOperatingActivities,USD,2022-10-31,10-Q,2021-09-30,through_ocf,True,,,0.008836,0.048612,1.934329,0.024111,-0.013017
2023Q1,2023-02-03,VRTS,883237,"VIRTUS INVESTMENT PARTNERS, INC.",$500M-$1B,,712972000,RevenueFromContractWithCustomerExcludingAssessedTax,USD,2022-11-08,10-Q,2021-09-30,200822000,ProfitLoss,USD,2022-11-08,10-Q,2021-09-30,3934181000,Assets,USD,2022-11-08,10-Q,2021-12-31,-153513000,NetCashProvidedByUsedInFinancingActivities,USD,2022-11-08,10-Q,2021-09-30,-16525000,NetCashProvidedByUsedInInvestingActivities,USD,2022-11-08,10-Q,2021-09-30,423679000,NetCashProvidedByUsedInOperatingActivities,USD,2022-11-08,10-Q,2021-09-30,through_ocf,True,,,0.281669,0.594244,5.518002,-0.215314,-0.023178
2023Q1,2023-02-07,VRTX,875320,VERTEX PHARMACEUTICALS INC / MA,$2B-$10B,,5501800000,RevenueFromContractWithCustomerExcludingAssessedTax,USD,2022-10-28,10-Q,2021-09-30,1572000000,NetIncomeLoss,USD,2022-10-28,10-Q,2021-09-30,13432500000,Assets,USD,2022-10-28,10-Q,2021-12-31,-1141800000,NetCashProvidedByUsedInFinancingActivities,USD,2022-10-28,10-Q,2021-09-30,-206900000,NetCashProvidedByUsedInInvestingActivities,USD,2022-10-28,10-Q,2021-09-30,1648500000,NetCashProvidedByUsedInOperatingActivities,USD,2022-10-28,10-Q,2021-09-30,through_ocf,True,,,0.285725,0.299629,2.441474,-0.207532,-0.037606
2023Q1,2023-02-07,VSAT,797721,"VIASAT, INC.",<$100M,,55800000,Revenues,USD,2022-11-09,10-Q,2022-09-30,23162000,ProfitLoss,USD,2022-11-09,10-Q,2021-09-30,6389346000,Assets,USD,2022-11-09,10-Q,2022-03-31,310328000,NetCashProvidedByUsedInFinancingActivities,USD,2022-11-09,10-Q,2021-09-30,-613646000,NetCashProvidedByUsedInInvestingActivities,USD,2022-11-09,10-Q,2021-09-30,227799000,NetCashProvidedByUsedInOperatingActivities,USD,2022-11-09,10-Q,2021-09-30,through_ocf,True,,,0.41509,4.082419,114.504409,5.561434,-10.99724
2023Q1,2023-03-02,VSCO,1856437,Victoria's Secret & Co.,$2B-$10B,,4609000000,RevenueFromContractWithCustomerExcludingAssessedTax,USD,2022-12-02,10-Q,2021-10-30,400000000,NetIncomeLoss,USD,2022-12-02,10-Q,2021-10-30,4369000000,Assets,USD,2022-12-02,10-Q,2021-10-30,-266000000,NetCashProvidedByUsedInFinancingActivities,USD,2022-12-02,10-Q,2021-10-30,-117000000,NetCashProvidedByUsedInInvestingActivities,USD,2022-12-02,10-Q,2021-10-30,378000000,NetCashProvidedByUsedInOperatingActivities,USD,2022-12-02,10-Q,2021-10-30,through_ocf,True,,,0.086787,0.082013,0.947928,-0.057713,-0.025385
2023Q1,2023-03-09,VSEC,102752,VSE CORPORATION,$500M-$1B,,540675000,RevenueFromContractWithCustomerExcludingAssessedTax,USD,2022-10-27,10-Q,2021-09-30,1766000,NetIncomeLoss,USD,2022-10-27,10-Q,2021-09-30,918558000,Assets,USD,2022-10-27,10-Q,2021-12-31,90367000,NetCashProvidedByUsedInFinancingActivities,USD,2022-10-27,10-Q,2021-09-30,-59839000,NetCashProvidedByUsedInInvestingActivities,USD,2022-10-27,10-Q,2021-09-30,-30523000,NetCashProvidedByUsedInOperatingActivities,USD,2022-10-27,10-Q,2021-09-30,through_ocf,True,,,0.003266,-0.056454,1.69891,0.167137,-0.110675
2023Q1,2023-02-08,VSH,103730,VISHAY INTERTECHNOLOGY INC,$2B-$10B,,2397415000,Revenues,USD,2022-11-02,10-Q,2021-10-02,261447000,NetIncomeLoss,USD,2022-11-02,10-Q,2021-10-02,3543257000,Assets,USD,2022-11-02,10-Q,2021-12-31,-44334000,NetCashProvidedByUsedInFinancingActivities,USD,2022-11-02,10-Q,2021-10-02,-45872000,NetCashProvidedByUsedInInvestingActivities,USD,2022-11-02,10-Q,2021-10-02,310452000,NetCashProvidedByUsedInOperatingActivities,USD,2022-11-02,10-Q,2021-10-02,through_ocf,True,,,0.109054,0.129494,1.477949,-0.018492,-0.019134
2023Q1,2023-03-01,VST,1692819,Vistra Corp.,>$10B,,11443000000,Revenues,USD,2023-03-01,10-K,2020-12-31,636000000,NetIncomeLoss,USD,2023-03-01,10-K,2020-12-31,29683000000,Assets,USD,2023-03-01,10-K,2021-12-31,-1796000000,NetCashProvidedByUsedInFinancingActivities,USD,2023-03-01,10-K,2020-12-31,-1572000000,NetCashProvidedByUsedInInvestingActivities,USD,2023-03-01,10-K,2020-12-31,3337000000,NetCashProvidedByUsedInOperatingActivities,USD,2023-03-01,10-K,2020-12-31,through_ocf,True,,,0.05558,0.291619,2.593988,-0.156952,-0.137377
2023Q1,2023-03-09,VTOL,1525221,Bristow Group Inc.,$500M-$1B,,602186000,Revenues,USD,2022-11-03,10-Q,2021-09-30,-11422000,NetIncomeLoss,USD,2022-11-03,10-Q,2021-09-30,1824279000,Assets,USD,2022-11-03,10-Q,2022-03-31,-55769000,NetCashProvidedByUsedInFinancingActivities,USD,2022-11-03,10-Q,2021-09-30,-4348000,NetCashProvidedByUsedInInvestingActivities,USD,2022-11-03,10-Q,2021-09-30,73194000,NetCashProvidedByUsedInOperatingActivities,USD,2022-11-03,10-Q,2021-09-30,through_ocf,True,,,-0.018968,0.121547,3.029428,-0.092611,-0.00722
2023Q1,2023-02-09,VTR,740260,"Ventas, Inc.",$2B-$10B,,2805563000,Revenues,USD,2022-11-04,10-Q,2021-09-30,95664000,ProfitLoss,USD,2022-11-04,10-Q,2021-09-30,24717786000,Assets,USD,2022-11-04,10-Q,2021-12-31,-299612000,NetCashProvidedByUsedInFinancingActivities,USD,2022-11-04,10-Q,2021-09-30,-716343000,NetCashProvidedByUsedInInvestingActivities,USD,2022-11-04,10-Q,2021-09-30,760315000,NetCashProvidedByUsedInOperatingActivities,USD,2022-11-04,10-Q,2021-09-30,through_ocf,True,,,0.034098,0.271003,8.810277,-0.106792,-0.25533
2023Q1,2023-02-27,VTRS,1792044,VIATRIS INC.,>$10B,,11946000000,Revenues,USD,2023-02-27,10-K,2020-12-31,-669900000,ProfitLoss,USD,2023-02-27,10-K,2020-12-31,54842800000,Assets,USD,2023-02-27,10-K,2021-12-31,-605700000,NetCashProvidedByUsedInFinancingActivities,USD,2023-02-27,10-K,2020-12-31,-301100000,NetCashProvidedByUsedInInvestingActivities,USD,2023-02-27,10-K,2020-12-31,1231800000,NetCashProvidedByUsedInOperatingActivities,USD,2023-02-27,10-K,2020-12-31,through_ocf,True,,,-0.056077,0.103114,4.590892,-0.050703,-0.025205
2023Q1,2023-01-09,VYGR,1640266,"Voyager Therapeutics, Inc.",<$100M,,9342000,RevenueFromContractWithCustomerExcludingAssessedTax,USD,2022-11-08,10-Q,2021-09-30,-21649000,NetIncomeLoss,USD,2022-11-08,10-Q,2021-03-31,193855000,Assets,USD,2022-11-08,10-Q,2021-12-31,385000,NetCashProvidedByUsedInFinancingActivities,USD,2022-11-08,10-Q,2021-09-30,71370000,NetCashProvidedByUsedInInvestingActivities,USD,2022-11-08,10-Q,2021-09-30,-64720000,NetCashProvidedByUsedInOperatingActivities,USD,2022-11-08,10-Q,2021-09-30,through_ocf,True,,,-2.317384,-6.927853,20.75091,0.041212,7.639692
2023Q1,2023-02-07,VYX,70866,NCR VOYIX CORPORATION,$2B-$10B,,6915000000,Revenues,USD,2022-02-25,10-K,2019-12-31,33000000,NetIncomeLoss,USD,2022-10-31,10-Q,2021-09-30,11641000000,Assets,USD,2022-10-31,10-Q,2021-12-31,2196000000,NetCashProvidedByUsedInFinancingActivities,USD,2022-10-31,10-Q,2021-09-30,-2712000000,NetCashProvidedByUsedInInvestingActivities,USD,2022-10-31,10-Q,2021-09-30,634000000,NetCashProvidedByUsedInOperatingActivities,USD,2022-02-25,10-K,2019-12-31,through_ocf,True,,,0.004772,0.091685,1.683442,0.31757,-0.392191
2023Q1,2023-02-15,WAB,943452,WESTINGHOUSE AIR BRAKE TECHNOLOGIES CORPORATION,$2B-$10B,,7556000000,RevenueFromContractWithCustomerExcludingAssessedTax,USD,2023-02-15,10-K,2020-12-31,414000000,NetIncomeLoss,USD,2023-02-15,10-K,2020-12-31,18454000000,Assets,USD,2023-02-15,10-K,2021-12-31,-619000000,NetCashProvidedByUsedInFinancingActivities,USD,2023-02-15,10-K,2020-12-31,-155000000,NetCashProvidedByUsedInInvestingActivities,USD,2023-02-15,10-K,2020-12-31,784000000,NetCashProvidedByUsedInOperatingActivities,USD,2023-02-15,10-K,2020-12-31,through_ocf,True,,,0.054791,0.103759,2.442298,-0.081922,-0.020513
2023Q1,2023-02-15,WAT,1000697,Waters Corporation,$1B-$2B,,1949425000,RevenueFromContractWithCustomerExcludingAssessedTax,USD,2022-11-03,10-Q,2021-10-02,476604000,ProfitLoss,USD,2022-11-03,10-Q,2021-10-02,3094932000,Assets,USD,2022-11-03,10-Q,2021-12-31,-183907000,NetCashProvidedByUsedInFinancingActivities,USD,2022-11-03,10-Q,2021-10-02,-248428000,NetCashProvidedByUsedInInvestingActivities,USD,2022-11-03,10-Q,2021-10-02,529336000,NetCashProvidedByUsedInOperatingActivities,USD,2022-11-03,10-Q,2021-10-02,through_ocf,True,,,0.244484,0.271534,1.587613,-0.094339,-0.127437
2023Q1,2023-02-21,WD,1497770,"Walker & Dunlop, Inc.",$500M-$1B,,851989000,Revenues,USD,2022-11-09,10-Q,2021-09-30,58052000,NetIncomeLoss,USD,2022-11-09,10-Q,2021-03-31,5116862000,Assets,USD,2022-11-09,10-Q,2021-09-30,194265000,NetCashProvidedByUsedInFinancingActivities,USD,2022-11-09,10-Q,2021-09-30,49325000,NetCashProvidedByUsedInInvestingActivities,USD,2022-11-09,10-Q,2021-09-30,-196979000,NetCashProvidedByUsedInOperatingActivities,USD,2022-11-09,10-Q,2021-09-30,through_ocf,True,,,0.068137,-0.231199,6.005784,0.228014,0.057894
2023Q1,2023-01-31,WDC,106040,WESTERN DIGITAL CORP,$2B-$10B,,5051000000,RevenueFromContractWithCustomerExcludingAssessedTax,USD,2022-11-02,10-Q,2021-10-01,610000000,NetIncomeLoss,USD,2022-11-02,10-Q,2021-10-01,26259000000,Assets,USD,2022-11-02,10-Q,2022-07-01,-289000000,NetCashProvidedByUsedInFinancingActivities,USD,2022-11-02,10-Q,2021-10-01,-312000000,NetCashProvidedByUsedInInvestingActivities,USD,2022-11-02,10-Q,2021-10-01,521000000,NetCashProvidedByUsedInOperatingActivities,USD,2022-11-02,10-Q,2021-10-01,through_ocf,True,,,0.120768,0.103148,5.198773,-0.057216,-0.06177
2023Q1,2023-02-02,WEC,783325,"WEC ENERGY GROUP, INC.",$2B-$10B,,6114100000,Revenues,USD,2022-11-03,10-Q,2021-09-30,1074700000,ProfitLoss,USD,2022-11-03,10-Q,2021-09-30,38988500000,Assets,USD,2022-11-03,10-Q,2021-12-31,-281400000,NetCashProvidedByUsedInFinancingActivities,USD,2022-11-03,10-Q,2021-09-30,-1688700000,NetCashProvidedByUsedInInvestingActivities,USD,2022-11-03,10-Q,2021-09-30,2006700000,NetCashProvidedByUsedInOperatingActivities,USD,2022-11-03,10-Q,2021-09-30,through_ocf,True,,,0.175774,0.328209,6.376818,-0.046025,-0.276198
2023Q1,2023-02-15,WELL,766704,Welltower Inc,$2B-$10B,,3432851000,Revenues,USD,2022-11-08,10-Q,2021-09-30,308285000,ProfitLoss,USD,2022-11-08,10-Q,2021-09-30,34910325000,Assets,USD,2022-11-08,10-Q,2021-12-31,338919000,NetCashProvidedByUsedInFinancingActivities,USD,2022-11-08,10-Q,2021-09-30,-2988472000,NetCashProvidedByUsedInInvestingActivities,USD,2022-11-08,10-Q,2021-09-30,991995000,NetCashProvidedByUsedInOperatingActivities,USD,2022-11-08,10-Q,2021-09-30,through_ocf,True,,,0.089804,0.288971,10.169484,0.098728,-0.870551
2023Q1,2023-01-13,WEN,30697,THE WENDY’S COMPANY,$1B-$2B,,1423795000,Revenues,USD,2022-11-09,10-Q,2021-10-03,41366000,NetIncomeLoss,USD,2022-11-09,10-Q,2021-04-04,5101391000,Assets,USD,2022-11-09,10-Q,2022-01-02,-57481000,NetCashProvidedByUsedInFinancingActivities,USD,2022-11-09,10-Q,2021-10-03,15042000,NetCashProvidedByUsedInInvestingActivities,USD,2022-11-09,10-Q,2021-10-03,276673000,NetCashProvidedByUsedInOperatingActivities,USD,2022-11-09,10-Q,2021-10-03,through_ocf,True,,,0.029053,0.194321,3.582953,-0.040372,0.010565
2023Q1,2023-02-07,WERN,793074,"WERNER ENTERPRISES, INC.",$1B-$2B,,1969151000,Revenues,USD,2022-11-04,10-Q,2021-09-30,182285000,NetIncomeLoss,USD,2022-11-04,10-Q,2021-09-30,2603713000,Assets,USD,2022-11-04,10-Q,2021-12-31,71869000,NetCashProvidedByUsedInFinancingActivities,USD,2022-11-04,10-Q,2021-09-30,-308907000,NetCashProvidedByUsedInInvestingActivities,USD,2022-11-04,10-Q,2021-09-30,253344000,NetCashProvidedByUsedInOperatingActivities,USD,2022-11-04,10-Q,2021-09-30,through_ocf,True,,,0.09257,0.128656,1.322252,0.036497,-0.156873
2023Q1,2023-03-14,WEST,0001806347,WESTROCK COFFEE COMPANY,$500M-$1B,,507752000,RevenueFromContractWithCustomerExcludingAssessedTax,USD,2022-11-14,10-Q,2021-09-30,-16515000,NetIncomeLoss,USD,2022-11-14,10-Q,2021-09-30,582494000,Assets,USD,2022-11-14,10-Q,2021-09-30,15340000,NetCashProvidedByUsedInFinancingActivities,USD,2022-11-14,10-Q,2021-09-30,-11729000,NetCashProvidedByUsedInInvestingActivities,USD,2022-11-14,10-Q,2021-09-30,-8182000,NetCashProvidedByUsedInOperatingActivities,USD,2022-11-14,10-Q,2021-09-30,through_ocf,True,,,-0.032526,-0.016114,1.147202,0.030212,-0.0231
2023Q1,2023-02-07,WFRD,1603923,Weatherford International plc,$2B-$10B,,2680000000,Revenues,USD,2022-10-26,10-Q,2021-09-30,-289000000,NetIncomeLoss,USD,2022-10-26,10-Q,2021-09-30,4774000000,Assets,USD,2022-10-26,10-Q,2021-12-31,-65000000,NetCashProvidedByUsedInFinancingActivities,USD,2022-10-26,10-Q,2021-09-30,-2000000,NetCashProvidedByUsedInInvestingActivities,USD,2022-10-26,10-Q,2021-09-30,234000000,NetCashProvidedByUsedInOperatingActivities,USD,2022-10-26,10-Q,2021-09-30,through_ocf,True,,,-0.107836,0.087313,1.781343,-0.024254,-0.000746
2023Q1,2023-02-23,WHD,1699136,"Cactus, Inc.",$100M-$500M,,308673000,RevenueFromContractWithCustomerExcludingAssessedTax,USD,2022-11-07,10-Q,2021-09-30,34569000,NetIncomeLoss,USD,2022-11-07,10-Q,2021-09-30,982078000,Assets,USD,2022-11-07,10-Q,2021-12-31,-30354000,NetCashProvidedByUsedInFinancingActivities,USD,2022-11-07,10-Q,2021-09-30,-8417000,NetCashProvidedByUsedInInvestingActivities,USD,2022-11-07,10-Q,2021-09-30,52084000,NetCashProvidedByUsedInOperatingActivities,USD,2022-11-07,10-Q,2021-09-30,through_ocf,True,,,0.111992,0.168735,3.181613,-0.098337,-0.027268
2023Q1,2023-02-22,WING,1636222,WINGSTOP INC.,$100M-$500M,,248811000,Revenues,USD,2023-02-22,10-K,2020-12-26,23306000,NetIncomeLoss,USD,2023-02-22,10-K,2020-12-26,249203000,Assets,USD,2023-02-22,10-K,2021-12-25,-19448000,NetCashProvidedByUsedInFinancingActivities,USD,2023-02-22,10-K,2020-12-26,-7987000,NetCashProvidedByUsedInInvestingActivities,USD,2023-02-22,10-K,2020-12-26,65530000,NetCashProvidedByUsedInOperatingActivities,USD,2023-02-22,10-K,2020-12-26,through_ocf,True,,,0.093669,0.263373,1.001575,-0.078164,-0.032101
2023Q1,2023-02-21,WK,1445305,WORKIVA INC,$100M-$500M,,351594000,RevenueFromContractWithCustomerExcludingAssessedTax,USD,2023-02-21,10-K,2020-12-31,-48398000,NetIncomeLoss,USD,2023-02-21,10-K,2020-12-31,786759000,Assets,USD,2023-02-21,10-K,2021-12-31,11118000,NetCashProvidedByUsedInFinancingActivities,USD,2023-02-21,10-K,2020-12-31,-103750000,NetCashProvidedByUsedInInvestingActivities,USD,2023-02-21,10-K,2020-12-31,33243000,NetCashProvidedByUsedInOperatingActivities,USD,2023-02-21,10-K,2020-12-31,through_ocf,True,,,-0.137653,0.094549,2.237692,0.031622,-0.295085
2023Q1,2023-03-09,WLDN,1370450,"WILLDAN GROUP, INC.",$100M-$500M,,261537000,RevenueFromContractWithCustomerExcludingAssessedTax,USD,2022-11-04,10-Q,2021-10-01,-3766000,NetIncomeLoss,USD,2022-11-04,10-Q,2021-04-02,386906000,Assets,USD,2022-11-04,10-Q,2021-10-01,-17038000,NetCashProvidedByUsedInFinancingActivities,USD,2022-11-04,10-Q,2021-10-01,-4852000,NetCashProvidedByUsedInInvestingActivities,USD,2022-11-04,10-Q,2021-10-01,-1710000,NetCashProvidedByUsedInOperatingActivities,USD,2022-11-04,10-Q,2021-10-01,through_ocf,True,,,-0.014399,-0.006538,1.479355,-0.065146,-0.018552
2023Q1,2023-02-21,WLKP,1604665,Westlake Chemical Partners LP,$500M-$1B,,884402000,Revenues,USD,2022-11-03,10-Q,2021-09-30,53035000,NetIncomeLoss,USD,2022-11-03,10-Q,2021-09-30,1480698000,Assets,USD,2022-11-03,10-Q,2021-12-31,-273720000,NetCashProvidedByUsedInFinancingActivities,USD,2022-11-03,10-Q,2021-09-30,-111364000,NetCashProvidedByUsedInInvestingActivities,USD,2022-11-03,10-Q,2021-09-30,386577000,NetCashProvidedByUsedInOperatingActivities,USD,2022-11-03,10-Q,2021-09-30,through_ocf,True,,,0.059967,0.437106,1.674236,-0.309497,-0.12592
2023Q1,2023-03-09,WLY,107140,"JOHN WILEY & SONS, INC.",$1B-$2B,,1021391000,RevenueFromContractWithCustomerExcludingAssessedTax,USD,2022-12-09,10-Q,2021-10-31,69797000,NetIncomeLoss,USD,2022-12-09,10-Q,2021-10-31,3361695000,Assets,USD,2022-12-09,10-Q,2022-04-30,147046000,NetCashProvidedByUsedInFinancingActivities,USD,2022-12-09,10-Q,2021-10-31,-62571000,NetCashProvidedByUsedInInvestingActivities,USD,2022-12-09,10-Q,2021-10-31,-75622000,NetCashProvidedByUsedInOperatingActivities,USD,2022-12-09,10-Q,2021-10-31,through_ocf,True,,,0.068335,-0.074038,3.291291,0.143966,-0.061261
2023Q1,2023-02-01,WM,823768,WASTE MANAGEMENT INC,>$10B,,13253000000,RevenueFromContractWithCustomerExcludingAssessedTax,USD,2022-10-26,10-Q,2021-09-30,1310000000,NetIncomeLoss,USD,2022-10-26,10-Q,2021-09-30,29097000000,Assets,USD,2022-10-26,10-Q,2021-12-31,-2686000000,NetCashProvidedByUsedInFinancingActivities,USD,2022-10-26,10-Q,2021-09-30,-1106000000,NetCashProvidedByUsedInInvestingActivities,USD,2022-10-26,10-Q,2021-09-30,3347000000,NetCashProvidedByUsedInOperatingActivities,USD,2022-10-26,10-Q,2021-09-30,through_ocf,True,,,0.098846,0.252547,2.195503,-0.202671,-0.083453
2023Q1,2023-02-09,WMG,1319161,Warner Music Group Corp.,$1B-$2B,,1614000000,RevenueFromContractWithCustomerExcludingAssessedTax,USD,2023-02-09,10-Q,2021-12-31,187000000,NetIncomeLoss,USD,2023-02-09,10-Q,2021-12-31,7828000000,Assets,USD,2023-02-09,10-Q,2022-09-30,448000000,NetCashProvidedByUsedInFinancingActivities,USD,2023-02-09,10-Q,2021-12-31,-624000000,NetCashProvidedByUsedInInvestingActivities,USD,2023-02-09,10-Q,2021-12-31,129000000,NetCashProvidedByUsedInOperatingActivities,USD,2023-02-09,10-Q,2021-12-31,through_ocf,True,,,0.115861,0.079926,4.850062,0.277571,-0.386617
2023Q1,2023-02-27,WMK,105418,"WEIS MARKETS, INC.",$2B-$10B,,3117141000,RevenueFromContractWithCustomerExcludingAssessedTax,USD,2022-11-03,10-Q,2021-09-25,86234000,NetIncomeLoss,USD,2022-11-03,10-Q,2021-09-25,1910475000,Assets,USD,2022-11-03,10-Q,2021-12-25,-25016000,NetCashProvidedByUsedInFinancingActivities,USD,2022-11-03,10-Q,2021-09-25,-121133000,NetCashProvidedByUsedInInvestingActivities,USD,2022-11-03,10-Q,2021-09-25,182105000,NetCashProvidedByUsedInOperatingActivities,USD,2022-11-03,10-Q,2021-09-25,through_ocf,True,,,0.027664,0.058421,0.612893,-0.008025,-0.03886
2023Q1,2023-02-02,WNC,879526,WABASH NATIONAL CORPORATION,$1B-$2B,,1323991000,RevenueFromContractWithCustomerExcludingAssessedTax,USD,2022-10-26,10-Q,2021-09-30,3217000,NetIncomeLoss,USD,2022-10-26,10-Q,2021-03-31,1107071000,Assets,USD,2022-10-26,10-Q,2021-12-31,-95849000,NetCashProvidedByUsedInFinancingActivities,USD,2022-10-26,10-Q,2021-09-30,1775000,NetCashProvidedByUsedInInvestingActivities,USD,2022-10-26,10-Q,2021-09-30,-74229000,NetCashProvidedByUsedInOperatingActivities,USD,2022-10-26,10-Q,2021-09-30,through_ocf,True,,,0.00243,-0.056065,0.836162,-0.072394,0.001341
2023Q1,2023-03-22,WOR,108516,"WORTHINGTON ENTERPRISES, INC",$2B-$10B,,2343679000,Revenues,USD,2023-01-09,10-Q,2021-11-30,242792000,NetIncomeLoss,USD,2023-01-09,10-Q,2021-11-30,3643023000,Assets,USD,2023-01-09,10-Q,2022-05-31,-122113000,NetCashProvidedByUsedInFinancingActivities,USD,2023-01-09,10-Q,2021-11-30,-124088000,NetCashProvidedByUsedInInvestingActivities,USD,2023-01-09,10-Q,2021-11-30,-168916000,NetCashProvidedByUsedInOperatingActivities,USD,2023-01-09,10-Q,2021-11-30,through_ocf,True,,,0.103594,-0.072073,1.554404,-0.052103,-0.052946
2023Q1,2023-01-26,WRB,11544,BERKLEY W R CORP,$2B-$10B,,6877238000,Revenues,USD,2022-11-04,10-Q,2021-09-30,728060000,NetIncomeLoss,USD,2022-11-04,10-Q,2021-09-30,32047876000,Assets,USD,2022-11-04,10-Q,2021-12-31,222016000,NetCashProvidedByUsedInFinancingActivities,USD,2022-11-04,10-Q,2021-09-30,-2040573000,NetCashProvidedByUsedInInvestingActivities,USD,2022-11-04,10-Q,2021-09-30,1524394000,NetCashProvidedByUsedInOperatingActivities,USD,2022-11-04,10-Q,2021-09-30,through_ocf,True,,,0.105865,0.221658,4.659992,0.032283,-0.296714
2023Q1,2023-02-28,WRBY,1504776,Warby Parker Inc.,$100M-$500M,,393719000,RevenueFromContractWithCustomerExcludingAssessedTax,USD,2023-02-28,10-K,2020-12-31,-55919000,NetIncomeLoss,USD,2023-02-28,10-K,2020-12-31,440646000,Assets,USD,2023-02-28,10-K,2021-12-31,245936000,NetCashProvidedByUsedInFinancingActivities,USD,2023-02-28,10-K,2020-12-31,-20070000,NetCashProvidedByUsedInInvestingActivities,USD,2023-02-28,10-K,2020-12-31,32758000,NetCashProvidedByUsedInOperatingActivities,USD,2023-02-28,10-K,2020-12-31,through_ocf,True,,,-0.142028,0.083201,1.119189,0.624649,-0.050975
2023Q1,2023-02-21,WSC,1647088,WILLSCOT HOLDINGS CORPORATION,$1B-$2B,,1295634000,Revenues,USD,2022-11-03,10-Q,2021-09-30,4447000,NetIncomeLoss,USD,2022-11-03,10-Q,2021-03-31,5773599000,Assets,USD,2022-11-03,10-Q,2021-12-31,-208935000,NetCashProvidedByUsedInFinancingActivities,USD,2022-11-03,10-Q,2021-09-30,-196590000,NetCashProvidedByUsedInInvestingActivities,USD,2022-11-03,10-Q,2021-09-30,392055000,NetCashProvidedByUsedInOperatingActivities,USD,2022-11-03,10-Q,2021-09-30,through_ocf,True,,,0.003432,0.302597,4.456196,-0.161261,-0.151733
2023Q1,2023-01-26,WSFS,828944,WSFS Financial Corporation,$100M-$500M,,483087000,Revenues,USD,2022-11-04,10-Q,2021-09-30,215155000,NetIncomeLoss,USD,2022-11-04,10-Q,2021-09-30,15777327000,Assets,USD,2022-11-04,10-Q,2021-12-31,774114000,NetCashProvidedByUsedInFinancingActivities,USD,2022-11-04,10-Q,2021-09-30,-701476000,NetCashProvidedByUsedInInvestingActivities,USD,2022-11-04,10-Q,2021-09-30,289514000,NetCashProvidedByUsedInOperatingActivities,USD,2022-11-04,10-Q,2021-09-30,through_ocf,True,,,0.445375,0.5993,32.659391,1.602432,-1.45207
2023Q1,2023-03-16,WSM,719955,"WILLIAMS-SONOMA, INC.",$2B-$10B,,5744907000,RevenueFromContractWithCustomerExcludingAssessedTax,USD,2022-12-02,10-Q,2021-10-31,227802000,NetIncomeLoss,USD,2022-12-02,10-Q,2021-05-02,4477324000,Assets,USD,2022-12-02,10-Q,2021-10-31,-1191159000,NetCashProvidedByUsedInFinancingActivities,USD,2022-12-02,10-Q,2021-10-31,-140913000,NetCashProvidedByUsedInInvestingActivities,USD,2022-12-02,10-Q,2021-10-31,788339000,NetCashProvidedByUsedInOperatingActivities,USD,2022-12-02,10-Q,2021-10-31,through_ocf,True,,,0.039653,0.137224,0.779355,-0.207342,-0.024528
2023Q1,2023-02-16,WST,105770,"WEST PHARMACEUTICAL SERVICES, INC.",$2B-$10B,,2100800000,RevenueFromContractWithCustomerExcludingAssessedTax,USD,2022-10-27,10-Q,2021-09-30,151200000,NetIncomeLoss,USD,2022-10-27,10-Q,2021-03-31,3313800000,Assets,USD,2022-10-27,10-Q,2021-12-31,-161900000,NetCashProvidedByUsedInFinancingActivities,USD,2022-10-27,10-Q,2021-09-30,-175700000,NetCashProvidedByUsedInInvestingActivities,USD,2022-10-27,10-Q,2021-09-30,423200000,NetCashProvidedByUsedInOperatingActivities,USD,2022-10-27,10-Q,2021-09-30,through_ocf,True,,,0.071973,0.201447,1.577399,-0.077066,-0.083635
2023Q1,2023-01-18,WTFC,1015328,Wintrust Financial Corporation,$1B-$2B,,1281334000,Revenues,USD,2022-11-08,10-Q,2021-09-30,367394000,NetIncomeLoss,USD,2022-11-08,10-Q,2021-09-30,47832271000,Assets,USD,2022-11-08,10-Q,2021-09-30,2775564000,NetCashProvidedByUsedInFinancingActivities,USD,2022-11-08,10-Q,2021-09-30,-3366740000,NetCashProvidedByUsedInInvestingActivities,USD,2022-11-08,10-Q,2021-09-30,731001000,NetCashProvidedByUsedInOperatingActivities,USD,2022-11-08,10-Q,2021-09-30,through_ocf,True,,,0.286728,0.5705,37.330057,2.166152,-2.627527
2023Q1,2023-03-07,WTI,1288403,"W&T Offshore, Inc.",$100M-$500M,,392421000,RevenueFromContractWithCustomerExcludingAssessedTax,USD,2022-11-09,10-Q,2021-09-30,-90382000,NetIncomeLoss,USD,2022-11-09,10-Q,2021-09-30,1193207000,Assets,USD,2022-11-09,10-Q,2021-12-31,114973000,NetCashProvidedByUsedInFinancingActivities,USD,2022-11-09,10-Q,2021-09-30,-12406000,NetCashProvidedByUsedInInvestingActivities,USD,2022-11-09,10-Q,2021-09-30,111291000,NetCashProvidedByUsedInOperatingActivities,USD,2022-11-09,10-Q,2021-09-30,through_ocf,True,,,-0.230319,0.283601,3.04063,0.292984,-0.031614
2023Q1,2023-02-08,WTS,795403,WATTS WATER TECHNOLOGIES INC,$1B-$2B,,1335300000,RevenueFromContractWithCustomerExcludingAssessedTax,USD,2022-11-03,10-Q,2021-09-26,125600000,NetIncomeLoss,USD,2022-11-03,10-Q,2021-09-26,1863200000,Assets,USD,2022-11-03,10-Q,2021-09-26,-95300000,NetCashProvidedByUsedInFinancingActivities,USD,2022-11-03,10-Q,2021-09-26,-14700000,NetCashProvidedByUsedInInvestingActivities,USD,2022-11-03,10-Q,2021-09-26,134900000,NetCashProvidedByUsedInOperatingActivities,USD,2022-11-03,10-Q,2021-09-26,through_ocf,True,,,0.094061,0.101026,1.395342,-0.07137,-0.011009
2023Q1,2023-02-21,WTTR,1693256,"Select Water Solutions, Inc.",$500M-$1B,,509492000,RevenueFromContractWithCustomerExcludingAssessedTax,USD,2022-11-03,10-Q,2021-09-30,-51718000,NetIncomeLoss,USD,2022-11-03,10-Q,2021-09-30,950192000,Assets,USD,2022-11-03,10-Q,2021-12-31,-2475000,NetCashProvidedByUsedInFinancingActivities,USD,2022-11-03,10-Q,2021-09-30,-45259000,NetCashProvidedByUsedInInvestingActivities,USD,2022-11-03,10-Q,2021-09-30,-13896000,NetCashProvidedByUsedInOperatingActivities,USD,2022-11-03,10-Q,2021-09-30,through_ocf,True,,,-0.101509,-0.027274,1.864979,-0.004858,-0.088832
2023Q1,2023-01-09,WWW,110471,"WOLVERINE WORLD WIDE, INC.",$1B-$2B,,1779300000,RevenueFromContractWithCustomerExcludingAssessedTax,USD,2022-11-10,10-Q,2021-10-02,83200000,NetIncomeLoss,USD,2022-11-10,10-Q,2021-10-02,2681400000,Assets,USD,2022-11-10,10-Q,2021-10-02,249700000,NetCashProvidedByUsedInFinancingActivities,USD,2022-11-10,10-Q,2021-10-02,-429700000,NetCashProvidedByUsedInInvestingActivities,USD,2022-11-10,10-Q,2021-10-02,17000000,NetCashProvidedByUsedInOperatingActivities,USD,2022-11-10,10-Q,2021-10-02,through_ocf,True,,,0.04676,0.009554,1.506997,0.140336,-0.241499
2023Q1,2023-01-26,WY,106535,WEYERHAEUSER CO,$2B-$10B,,7995000000,Revenues,USD,2022-10-28,10-Q,2021-09-30,2191000000,NetIncomeLoss,USD,2022-10-28,10-Q,2021-09-30,17652000000,Assets,USD,2022-10-28,10-Q,2021-12-31,-606000000,NetCashProvidedByUsedInFinancingActivities,USD,2022-10-28,10-Q,2021-09-30,-108000000,NetCashProvidedByUsedInInvestingActivities,USD,2022-10-28,10-Q,2021-09-30,2665000000,NetCashProvidedByUsedInOperatingActivities,USD,2022-10-28,10-Q,2021-09-30,through_ocf,True,,,0.274046,0.333333,2.20788,-0.075797,-0.013508
2023Q1,2023-02-08,WYNN,1174922,"WYNN RESORTS, LIMITED",$2B-$10B,,4345797000,Revenues,USD,2019-02-28,10-K,2016-12-31,-578596000,NetIncomeLoss,USD,2022-11-09,10-Q,2021-09-30,12530826000,Assets,USD,2022-11-09,10-Q,2021-12-31,-555569000,NetCashProvidedByUsedInFinancingActivities,USD,2022-11-09,10-Q,2021-09-30,-229140000,NetCashProvidedByUsedInInvestingActivities,USD,2022-11-09,10-Q,2021-09-30,-216832000,NetCashProvidedByUsedInOperatingActivities,USD,2022-11-09,10-Q,2021-09-30,through_ocf,True,,,-0.133139,-0.049895,2.883436,-0.127841,-0.052727
2023Q1,2023-01-26,XEL,72903,XCEL ENERGY INC,$2B-$10B,,8657000000,Revenues,USD,2019-10-25,10-Q,2018-09-30,1282000000,NetIncomeLoss,USD,2022-10-27,10-Q,2021-09-30,57851000000,Assets,USD,2022-10-27,10-Q,2021-12-31,1988000000,NetCashProvidedByUsedInFinancingActivities,USD,2022-10-27,10-Q,2021-09-30,-3065000000,NetCashProvidedByUsedInInvestingActivities,USD,2022-10-27,10-Q,2021-09-30,1579000000,NetCashProvidedByUsedInOperatingActivities,USD,2022-10-27,10-Q,2021-09-30,through_ocf,True,,,0.148088,0.182396,6.682569,0.229641,-0.354049
2023Q1,2023-03-01,XHR,1616000,"Xenia Hotels & Resorts, Inc.",$100M-$500M,,412610000,RevenueFromContractWithCustomerExcludingAssessedTax,USD,2022-11-02,10-Q,2021-09-30,-120582000,NetIncomeLoss,USD,2022-11-02,10-Q,2021-09-30,3087316000,Assets,USD,2022-11-02,10-Q,2021-12-31,110451000,NetCashProvidedByUsedInFinancingActivities,USD,2022-11-02,10-Q,2021-09-30,-16626000,NetCashProvidedByUsedInInvestingActivities,USD,2022-11-02,10-Q,2021-09-30,29353000,NetCashProvidedByUsedInOperatingActivities,USD,2022-11-02,10-Q,2021-09-30,through_ocf,True,,,-0.292242,0.07114,7.482407,0.267689,-0.040295
2023Q1,2023-03-01,XMTR,1657573,"Xometry, Inc.",$100M-$500M,,151238000,RevenueFromContractWithCustomerExcludingAssessedTax,USD,2022-11-14,10-Q,2021-09-30,-37476000,ProfitLoss,USD,2022-11-14,10-Q,2021-09-30,502586000,Assets,USD,2022-11-14,10-Q,2021-12-31,306910000,NetCashProvidedByUsedInFinancingActivities,USD,2022-11-14,10-Q,2021-09-30,-271603000,NetCashProvidedByUsedInInvestingActivities,USD,2022-11-14,10-Q,2021-09-30,-37370000,NetCashProvidedByUsedInOperatingActivities,USD,2022-11-14,10-Q,2021-09-30,through_ocf,True,,,-0.247795,-0.247094,3.323146,2.029318,-1.795865
2023Q1,2023-02-21,XPER,0001788999,XPERI INC.,$100M-$500M,,361738000,Revenues,USD,2022-11-14,10-Q,2021-09-30,-123850000,NetIncomeLoss,USD,2022-11-14,10-Q,2021-09-30,1228712000,Assets,USD,2022-11-14,10-Q,2021-12-31,63188000,NetCashProvidedByUsedInFinancingActivities,USD,2022-11-14,10-Q,2021-09-30,-30540000,NetCashProvidedByUsedInInvestingActivities,USD,2022-11-14,10-Q,2021-09-30,-14061000,NetCashProvidedByUsedInOperatingActivities,USD,2022-11-14,10-Q,2021-09-30,through_ocf,True,,,-0.342375,-0.038871,3.39669,0.174679,-0.084426
2023Q1,2023-01-11,XRAY,818479,DENTSPLY SIRONA Inc.,$2B-$10B,,3128000000,RevenueFromContractWithCustomerExcludingAssessedTax,USD,2022-11-14,10-Q,2021-09-30,292000000,NetIncomeLoss,USD,2022-11-14,10-Q,2021-09-30,9239000000,Assets,USD,2022-11-14,10-Q,2021-12-31,-257000000,NetCashProvidedByUsedInFinancingActivities,USD,2022-11-14,10-Q,2021-09-30,-319000000,NetCashProvidedByUsedInInvestingActivities,USD,2022-11-14,10-Q,2021-09-30,435000000,NetCashProvidedByUsedInOperatingActivities,USD,2022-11-14,10-Q,2021-09-30,through_ocf,True,,,0.09335,0.139066,2.953645,-0.082161,-0.101982
2023Q1,2023-01-26,XRX,1770450,XEROX HOLDINGS CORPORATION,$2B-$10B,,5261000000,RevenueFromContractWithCustomerExcludingAssessedTax,USD,2022-11-02,10-Q,2021-09-30,220000000,NetIncomeLoss,USD,2022-11-02,10-Q,2021-09-30,13223000000,Assets,USD,2022-11-02,10-Q,2021-12-31,-793000000,NetCashProvidedByUsedInFinancingActivities,USD,2022-11-02,10-Q,2021-09-30,-54000000,NetCashProvidedByUsedInInvestingActivities,USD,2022-11-02,10-Q,2021-09-30,431000000,NetCashProvidedByUsedInOperatingActivities,USD,2022-11-02,10-Q,2021-09-30,through_ocf,True,,,0.041817,0.081924,2.5134,-0.150732,-0.010264
2023Q1,2023-02-07,XYL,1524472,XYLEM INC.,$2B-$10B,,3872000000,Revenues,USD,2022-11-01,10-Q,2021-09-30,314000000,NetIncomeLoss,USD,2022-11-01,10-Q,2021-09-30,8276000000,Assets,USD,2022-11-01,10-Q,2021-12-31,-806000000,NetCashProvidedByUsedInFinancingActivities,USD,2022-11-01,10-Q,2021-09-30,-113000000,NetCashProvidedByUsedInInvestingActivities,USD,2022-11-01,10-Q,2021-09-30,318000000,NetCashProvidedByUsedInOperatingActivities,USD,2022-11-01,10-Q,2021-09-30,through_ocf,True,,,0.081095,0.082128,2.137397,-0.208161,-0.029184
2023Q1,2023-02-23,XYZ,1512673,"BLOCK, INC.",$2B-$10B,,9497578000,Revenues,USD,2023-02-23,10-K,2020-12-31,213105000,NetIncomeLoss,USD,2023-02-23,10-K,2020-12-31,15026360000,Assets,USD,2023-02-23,10-K,2021-12-31,3676735000,NetCashProvidedByUsedInFinancingActivities,USD,2023-02-23,10-K,2020-12-31,-606636000,NetCashProvidedByUsedInInvestingActivities,USD,2023-02-23,10-K,2020-12-31,173110000,NetCashProvidedByUsedInOperatingActivities,USD,2023-02-23,10-K,2020-12-31,through_ocf,True,,,0.022438,0.018227,1.582125,0.387123,-0.063873
2023Q1,2023-02-09,YELP,1345016,YELP INC,$500M-$1B,,758439000,RevenueFromContractWithCustomerExcludingAssessedTax,USD,2022-11-04,10-Q,2021-09-30,16481000,NetIncomeLoss,USD,2022-11-04,10-Q,2021-09-30,1050528000,Assets,USD,2022-11-04,10-Q,2021-12-31,-210205000,NetCashProvidedByUsedInFinancingActivities,USD,2022-11-04,10-Q,2021-09-30,-21259000,NetCashProvidedByUsedInInvestingActivities,USD,2022-11-04,10-Q,2021-09-30,167735000,NetCashProvidedByUsedInOperatingActivities,USD,2022-11-04,10-Q,2021-09-30,through_ocf,True,,,0.02173,0.221158,1.385119,-0.277155,-0.02803
2023Q1,2023-03-01,YOU,1856314,"CLEAR SECURE, INC.",$100M-$500M,,173294000,RevenueFromContractWithCustomerExcludingAssessedTax,USD,2022-11-14,10-Q,2021-09-30,-18919000,NetIncomeLoss,USD,2022-11-14,10-Q,2021-09-30,812750000,Assets,USD,2022-11-14,10-Q,2021-12-31,504045000,NetCashProvidedByUsedInFinancingActivities,USD,2022-11-14,10-Q,2021-09-30,-320478000,NetCashProvidedByUsedInInvestingActivities,USD,2022-11-14,10-Q,2021-09-30,37977000,NetCashProvidedByUsedInOperatingActivities,USD,2022-11-14,10-Q,2021-09-30,through_ocf,True,,,-0.109173,0.219148,4.690007,2.908612,-1.849331
2023Q1,2023-02-08,YUM,1041061,"YUM! BRANDS, INC.",$2B-$10B,,4694000000,Revenues,USD,2022-11-08,10-Q,2021-09-30,1245000000,NetIncomeLoss,USD,2022-11-08,10-Q,2021-09-30,5966000000,Assets,USD,2022-11-08,10-Q,2021-12-31,-881000000,NetCashProvidedByUsedInFinancingActivities,USD,2022-11-08,10-Q,2021-09-30,-123000000,NetCashProvidedByUsedInInvestingActivities,USD,2022-11-08,10-Q,2021-09-30,1292000000,NetCashProvidedByUsedInOperatingActivities,USD,2022-11-08,10-Q,2021-09-30,through_ocf,True,,,0.265232,0.275245,1.270984,-0.187686,-0.026204
2023Q1,2023-02-15,Z,1617640,"ZILLOW GROUP, INC.",$1B-$2B,,1624000000,RevenueFromContractWithCustomerExcludingAssessedTax,USD,2023-02-15,10-K,2020-12-31,-162000000,NetIncomeLoss,USD,2023-02-15,10-K,2020-12-31,10695000000,Assets,USD,2023-02-15,10-K,2021-12-31,1163000000,NetCashProvidedByUsedInFinancingActivities,USD,2023-02-15,10-K,2020-12-31,-1038000000,NetCashProvidedByUsedInInvestingActivities,USD,2023-02-15,10-K,2020-12-31,423000000,NetCashProvidedByUsedInOperatingActivities,USD,2023-02-15,10-K,2020-12-31,through_ocf,True,,,-0.099754,0.260468,6.585591,0.716133,-0.639163
2023Q1,2023-02-03,ZBH,1136869,"ZIMMER BIOMET HOLDINGS, INC.",$2B-$10B,,5050100000,RevenueFromContractWithCustomerExcludingAssessedTax,USD,2022-11-02,10-Q,2021-09-30,485600000,NetIncomeLoss,USD,2022-11-02,10-Q,2021-09-30,23456400000,Assets,USD,2022-11-02,10-Q,2021-12-31,-779900000,NetCashProvidedByUsedInFinancingActivities,USD,2022-02-25,10-K,2019-12-31,-729300000,NetCashProvidedByUsedInInvestingActivities,USD,2022-02-25,10-K,2019-12-31,1585800000,NetCashProvidedByUsedInOperatingActivities,USD,2022-02-25,10-K,2019-12-31,through_ocf,True,,,0.096157,0.314014,4.64474,-0.154433,-0.144413
2023Q1,2023-02-16,ZBRA,877212,Zebra Technologies Corporation,$2B-$10B,,4448000000,RevenueFromContractWithCustomerExcludingAssessedTax,USD,2023-02-16,10-K,2020-12-31,504000000,NetIncomeLoss,USD,2023-02-16,10-K,2020-12-31,6215000000,Assets,USD,2023-02-16,10-K,2021-12-31,-157000000,NetCashProvidedByUsedInFinancingActivities,USD,2023-02-16,10-K,2020-12-31,-641000000,NetCashProvidedByUsedInInvestingActivities,USD,2023-02-16,10-K,2020-12-31,962000000,NetCashProvidedByUsedInOperatingActivities,USD,2023-02-16,10-K,2020-12-31,through_ocf,True,,,0.113309,0.216277,1.397257,-0.035297,-0.14411
2023Q1,2023-02-16,ZD,1084048,"Ziff Davis, Inc.",$1B-$2B,,1008094000,Revenues,USD,2022-11-09,10-Q,2021-09-30,136209000,NetIncomeLoss,USD,2022-11-09,10-Q,2021-09-30,3770280000,Assets,USD,2022-11-09,10-Q,2021-12-31,39837000,NetCashProvidedByUsedInFinancingActivities,USD,2022-11-09,10-Q,2021-09-30,-159576000,NetCashProvidedByUsedInInvestingActivities,USD,2022-11-09,10-Q,2021-09-30,430252000,NetCashProvidedByUsedInOperatingActivities,USD,2022-11-09,10-Q,2021-09-30,through_ocf,True,,,0.135115,0.426798,3.740008,0.039517,-0.158295
2023Q1,2023-02-23,ZETA,1851003,ZETA GLOBAL HOLDINGS CORP.,$100M-$500M,,323492000,RevenueFromContractWithCustomerExcludingAssessedTax,USD,2022-11-02,10-Q,2021-09-30,-24374000,NetIncomeLoss,USD,2022-11-02,10-Q,2021-03-31,397265000,Assets,USD,2022-11-02,10-Q,2021-12-31,64682000,NetCashProvidedByUsedInFinancingActivities,USD,2022-11-02,10-Q,2021-09-30,-22463000,NetCashProvidedByUsedInInvestingActivities,USD,2022-11-02,10-Q,2021-09-30,23366000,NetCashProvidedByUsedInOperatingActivities,USD,2022-11-02,10-Q,2021-09-30,through_ocf,True,,,-0.075347,0.072231,1.228052,0.199949,-0.069439
2023Q1,2023-02-15,ZG,1617640,"ZILLOW GROUP, INC.",$1B-$2B,,1624000000,RevenueFromContractWithCustomerExcludingAssessedTax,USD,2023-02-15,10-K,2020-12-31,-162000000,NetIncomeLoss,USD,2023-02-15,10-K,2020-12-31,10695000000,Assets,USD,2023-02-15,10-K,2021-12-31,1163000000,NetCashProvidedByUsedInFinancingActivities,USD,2023-02-15,10-K,2020-12-31,-1038000000,NetCashProvidedByUsedInInvestingActivities,USD,2023-02-15,10-K,2020-12-31,423000000,NetCashProvidedByUsedInOperatingActivities,USD,2023-02-15,10-K,2020-12-31,through_ocf,True,,,-0.099754,0.260468,6.585591,0.716133,-0.639163
2023Q1,2023-01-23,ZION,109380,"ZIONS BANCORPORATION, NATIONAL ASSOCIATION",$100M-$500M,,423000000,Revenues,USD,2022-11-03,10-Q,2021-09-30,916000000,NetIncomeLoss,USD,2022-11-03,10-Q,2021-09-30,93200000000,Assets,USD,2022-11-03,10-Q,2021-12-31,6164000000,NetCashProvidedByUsedInFinancingActivities,USD,2022-11-03,10-Q,2021-09-30,-6573000000,NetCashProvidedByUsedInInvestingActivities,USD,2022-11-03,10-Q,2021-09-30,463000000,NetCashProvidedByUsedInOperatingActivities,USD,2022-11-03,10-Q,2021-09-30,through_ocf,True,,,2.165485,1.094563,220.330969,14.572104,-15.539007
2023Q1,2023-02-21,ZIP,1617553,"ZIPRECRUITER, INC.",$500M-$1B,,521004000,RevenueFromContractWithCustomerExcludingAssessedTax,USD,2022-11-09,10-Q,2021-09-30,13398000,NetIncomeLoss,USD,2022-11-09,10-Q,2021-03-31,398619000,Assets,USD,2022-11-09,10-Q,2021-12-31,11730000,NetCashProvidedByUsedInFinancingActivities,USD,2022-11-09,10-Q,2021-09-30,-11163000,NetCashProvidedByUsedInInvestingActivities,USD,2022-11-09,10-Q,2021-09-30,89775000,NetCashProvidedByUsedInOperatingActivities,USD,2022-11-09,10-Q,2021-09-30,through_ocf,True,,,0.025716,0.172312,0.765098,0.022514,-0.021426
2023Q1,2023-02-27,ZM,1585521,"Zoom Communications, Inc.",$2B-$10B,,3028488000,RevenueFromContractWithCustomerExcludingAssessedTax,USD,2022-11-23,10-Q,2021-10-31,884998000,NetIncomeLoss,USD,2022-11-23,10-Q,2021-10-31,7551318000,Assets,USD,2022-11-23,10-Q,2022-01-31,20885000,NetCashProvidedByUsedInFinancingActivities,USD,2022-11-23,10-Q,2021-10-31,-2367098000,NetCashProvidedByUsedInInvestingActivities,USD,2022-11-23,10-Q,2021-10-31,1395870000,NetCashProvidedByUsedInOperatingActivities,USD,2022-11-23,10-Q,2021-10-31,through_ocf,True,,,0.292224,0.460913,2.493428,0.006896,-0.78161
2023Q1,2023-02-14,ZTS,1555280,Zoetis Inc.,$2B-$10B,,6675000000,Revenues,USD,2023-02-14,10-K,2020-12-31,1638000000,NetIncomeLoss,USD,2023-02-14,10-K,2020-12-31,13900000000,Assets,USD,2023-02-14,10-K,2021-12-31,123000000,NetCashProvidedByUsedInFinancingActivities,USD,2023-02-14,10-K,2020-12-31,-572000000,NetCashProvidedByUsedInInvestingActivities,USD,2023-02-14,10-K,2020-12-31,2126000000,NetCashProvidedByUsedInOperatingActivities,USD,2023-02-14,10-K,2020-12-31,through_ocf,True,,,0.245393,0.318502,2.082397,0.018427,-0.085693
2023Q1,2023-02-07,ZWS,1439288,ZURN ELKAY WATER SOLUTIONS CORPORATION,$500M-$1B,,678600000,RevenueFromContractWithCustomerExcludingAssessedTax,USD,2022-10-25,10-Q,2021-09-30,187300000,NetIncomeLoss,USD,2022-10-25,10-Q,2021-09-30,1077700000,Assets,USD,2022-10-25,10-Q,2021-12-31,-13100000,NetCashProvidedByUsedInFinancingActivities,USD,2022-10-25,10-Q,2021-09-30,-6500000,NetCashProvidedByUsedInInvestingActivities,USD,2022-10-25,10-Q,2021-09-30,245800000,NetCashProvidedByUsedInOperatingActivities,USD,2022-10-25,10-Q,2021-09-30,through_ocf,True,,,0.276009,0.362216,1.588123,-0.019304,-0.009579
2023Q1,2023-01-25,ABT,1800,ABBOTT LABORATORIES,>$10B,,31607000000,RevenueFromContractWithCustomerExcludingAssessedTax,USD,2022-11-01,10-Q,2021-09-30,5082000000,NetIncomeLoss,USD,2022-11-01,10-Q,2021-09-30,75196000000,Assets,USD,2022-11-01,10-Q,2021-12-31,-3608000000,NetCashProvidedByUsedInFinancingActivities,USD,2022-11-01,10-Q,2021-09-30,-1337000000,NetCashProvidedByUsedInInvestingActivities,USD,2022-11-01,10-Q,2021-09-30,7466000000,NetCashProvidedByUsedInOperatingActivities,USD,2022-11-01,10-Q,2021-09-30,through_ocf,True,,,0.160787,0.236213,2.379093,-0.114152,-0.042301
2023Q1,2023-02-07,AIZ,1267238,"Assurant, Inc.",$2B-$10B,,7612700000,Revenues,USD,2022-11-03,10-Q,2021-09-30,1240900000,NetIncomeLoss,USD,2022-11-03,10-Q,2021-09-30,33920600000,Assets,USD,2022-11-03,10-Q,2021-12-31,-757400000,NetCashProvidedByUsedInFinancingActivities,USD,2022-11-03,10-Q,2021-09-30,36700000,NetCashProvidedByUsedInInvestingActivities,USD,2022-11-03,10-Q,2021-09-30,527000000,NetCashProvidedByUsedInOperatingActivities,USD,2022-11-03,10-Q,2021-09-30,through_ocf,True,,,0.163004,0.069226,4.455791,-0.099492,0.004821
2023Q1,2023-01-25,AMP,820027,"AMERIPRISE FINANCIAL, INC.",$2B-$10B,,9681000000,Revenues,USD,2022-11-02,10-Q,2021-09-30,2059000000,NetIncomeLoss,USD,2022-11-02,10-Q,2021-09-30,175979000000,Assets,USD,2022-11-02,10-Q,2021-12-31,259000000,NetCashProvidedByUsedInFinancingActivities,USD,2022-11-02,10-Q,2021-09-30,-1373000000,NetCashProvidedByUsedInInvestingActivities,USD,2022-11-02,10-Q,2021-09-30,1774000000,NetCashProvidedByUsedInOperatingActivities,USD,2022-11-02,10-Q,2021-09-30,through_ocf,True,,,0.212685,0.183246,18.177771,0.026753,-0.141824
2023Q1,2023-03-08,BF-B,14693,Brown-Forman Corporation,$2B-$10B,,2937000000,RevenueFromContractWithCustomerExcludingAssessedTax,USD,2023-03-08,10-Q,2022-01-31,192000000,NetIncomeLoss,USD,2023-03-08,10-Q,2021-07-31,6373000000,Assets,USD,2023-03-08,10-Q,2022-04-30,-930000000,NetCashProvidedByUsedInFinancingActivities,USD,2023-03-08,10-Q,2022-01-31,-63000000,NetCashProvidedByUsedInInvestingActivities,USD,2023-03-08,10-Q,2022-01-31,683000000,NetCashProvidedByUsedInOperatingActivities,USD,2023-03-08,10-Q,2022-01-31,through_ocf,True,,,0.065373,0.23255,2.169901,-0.31665,-0.02145
2023Q1,2023-02-23,CBRE,1138118,"CBRE GROUP, INC.",>$10B,,19195819000,Revenues,USD,2022-10-27,10-Q,2021-09-30,1144582000,NetIncomeLoss,USD,2022-10-27,10-Q,2021-09-30,22073491000,Assets,USD,2022-10-27,10-Q,2021-12-31,274874000,NetCashProvidedByUsedInFinancingActivities,USD,2022-10-27,10-Q,2021-09-30,-555406000,NetCashProvidedByUsedInInvestingActivities,USD,2022-10-27,10-Q,2021-09-30,1200121000,NetCashProvidedByUsedInOperatingActivities,USD,2022-10-27,10-Q,2021-09-30,through_ocf,True,,,0.059627,0.06252,1.149911,0.014319,-0.028934
2023Q1,2023-02-16,CEG,0001868275,CONSTELLATION ENERGY CORPORATION,>$10B,,17603000000,Revenues,USD,2023-02-16,10-K,2020-12-31,589000000,NetIncomeLoss,USD,2023-02-16,10-K,2020-12-31,48086000000,Assets,USD,2023-02-16,10-K,2021-12-31,-2664000000,NetCashProvidedByUsedInFinancingActivities,USD,2023-02-16,10-K,2020-12-31,1958000000,NetCashProvidedByUsedInInvestingActivities,USD,2023-02-16,10-K,2020-12-31,584000000,NetCashProvidedByUsedInOperatingActivities,USD,2023-02-16,10-K,2020-12-31,through_ocf,True,,,0.03346,0.033176,2.731693,-0.151338,0.111231
2023Q1,2023-02-21,CPRT,900075,"COPART, INC.",$100M-$500M,,461368000,Revenues,USD,2020-09-28,10-K,2018-10-31,260363000,NetIncomeLoss,USD,2022-11-18,10-Q,2021-10-31,5308864000,Assets,USD,2022-11-18,10-Q,2022-07-31,5166000,NetCashProvidedByUsedInFinancingActivities,USD,2022-11-18,10-Q,2021-10-31,-63883000,NetCashProvidedByUsedInInvestingActivities,USD,2022-11-18,10-Q,2021-10-31,312540000,NetCashProvidedByUsedInOperatingActivities,USD,2022-11-18,10-Q,2021-10-31,through_ocf,True,,,0.564328,0.67742,11.506789,0.011197,-0.138464
2023Q1,2023-01-09,DXCM,1093557,"DEXCOM, INC.",$1B-$2B,,1750300000,RevenueFromContractWithCustomerExcludingAssessedTax,USD,2022-10-27,10-Q,2021-09-30,222200000,NetIncomeLoss,USD,2022-10-27,10-Q,2021-09-30,4933300000,Assets,USD,2022-10-27,10-Q,2021-12-31,11200000,NetCashProvidedByUsedInFinancingActivities,USD,2022-10-27,10-Q,2021-09-30,280000000,NetCashProvidedByUsedInInvestingActivities,USD,2022-10-27,10-Q,2021-09-30,336700000,NetCashProvidedByUsedInOperatingActivities,USD,2022-10-27,10-Q,2021-09-30,through_ocf,True,,,0.12695,0.192367,2.818545,0.006399,0.159973
2023Q1,2023-02-23,EOG,821189,"EOG RESOURCES, INC.",>$10B,,11032000000,Revenues,USD,2023-02-23,10-K,2020-12-31,-605000000,NetIncomeLoss,USD,2023-02-23,10-K,2020-12-31,38236000000,Assets,USD,2023-02-23,10-K,2021-12-31,-359000000,NetCashProvidedByUsedInFinancingActivities,USD,2023-02-23,10-K,2020-12-31,-3348000000,NetCashProvidedByUsedInInvestingActivities,USD,2023-02-23,10-K,2020-12-31,5008000000,NetCashProvidedByUsedInOperatingActivities,USD,2023-02-23,10-K,2020-12-31,through_ocf,True,,,-0.05484,0.453952,3.465917,-0.032542,-0.303481
2023Q1,2023-01-24,EQT,33213,EQT CORPORATION,<$100M,,-775031000,Revenues,USD,2022-10-27,10-Q,2021-09-30,-2947499000,NetIncomeLoss,USD,2022-10-27,10-Q,2021-09-30,21607388000,Assets,USD,2022-10-27,10-Q,2021-12-31,1227938000,NetCashProvidedByUsedInFinancingActivities,USD,2022-10-27,10-Q,2021-09-30,-1714858000,NetCashProvidedByUsedInInvestingActivities,USD,2022-10-27,10-Q,2021-09-30,491502000,NetCashProvidedByUsedInOperatingActivities,USD,2022-10-27,10-Q,2021-09-30,through_ocf,True,,,3.803072,-0.634171,-27.879385,-1.584373,2.212631
2023Q1,2023-02-21,FANG,1539838,"DIAMONDBACK ENERGY, INC.",$2B-$10B,,4775000000,Revenues,USD,2022-11-08,10-Q,2021-09-30,1180000000,NetIncomeLoss,USD,2022-11-08,10-Q,2021-09-30,22898000000,Assets,USD,2022-11-08,10-Q,2021-12-31,-1021000000,NetCashProvidedByUsedInFinancingActivities,USD,2022-11-08,10-Q,2021-09-30,-1323000000,NetCashProvidedByUsedInInvestingActivities,USD,2022-11-08,10-Q,2021-09-30,2777000000,NetCashProvidedByUsedInOperatingActivities,USD,2022-11-08,10-Q,2021-09-30,through_ocf,True,,,0.24712,0.581571,4.795393,-0.213822,-0.277068
2023Q1,2023-01-25,FCX,831259,Freeport-McMoRan Inc.,>$10B,,16681000000,Revenues,USD,2022-11-04,10-Q,2021-09-30,4007000000,ProfitLoss,USD,2022-11-04,10-Q,2021-09-30,46917000000,Assets,USD,2022-11-04,10-Q,2021-09-30,-188000000,NetCashProvidedByUsedInFinancingActivities,USD,2022-11-04,10-Q,2021-09-30,-1231000000,NetCashProvidedByUsedInInvestingActivities,USD,2022-11-04,10-Q,2021-09-30,5435000000,NetCashProvidedByUsedInOperatingActivities,USD,2022-11-04,10-Q,2021-09-30,through_ocf,True,,,0.240213,0.32582,2.812601,-0.01127,-0.073797
2023Q1,2023-02-15,GNRC,1474735,GENERAC HOLDINGS INC.,$2B-$10B,,2670113000,RevenueFromContractWithCustomerExcludingAssessedTax,USD,2022-11-07,10-Q,2021-09-30,407599000,NetIncomeLoss,USD,2022-11-07,10-Q,2021-09-30,4877780000,Assets,USD,2022-11-07,10-Q,2021-12-31,-33445000,NetCashProvidedByUsedInFinancingActivities,USD,2022-11-07,10-Q,2021-09-30,-546773000,NetCashProvidedByUsedInInvestingActivities,USD,2022-11-07,10-Q,2021-09-30,349404000,NetCashProvidedByUsedInOperatingActivities,USD,2022-11-07,10-Q,2021-09-30,through_ocf,True,,,0.152652,0.130857,1.826807,-0.012526,-0.204775
2023Q1,2023-01-31,HOOD,1783879,"Robinhood Markets, Inc.",$1B-$2B,,1452000000,Revenues,USD,2022-11-03,10-Q,2021-09-30,-3264000000,NetIncomeLoss,USD,2022-11-03,10-Q,2021-09-30,19769000000,Assets,USD,2022-11-03,10-Q,2021-12-31,5210000000,NetCashProvidedByUsedInFinancingActivities,USD,2022-11-03,10-Q,2021-09-30,-180000000,NetCashProvidedByUsedInInvestingActivities,USD,2022-11-03,10-Q,2021-09-30,-610000000,NetCashProvidedByUsedInOperatingActivities,USD,2022-11-03,10-Q,2021-09-30,through_ocf,True,,,-2.247934,-0.42011,13.615014,3.588154,-0.123967
2023Q1,2023-01-17,IBKR,1381197,"INTERACTIVE BROKERS GROUP, INC.",$1B-$2B,,1190000000,RevenueFromContractWithCustomerExcludingAssessedTax,USD,2022-11-08,10-Q,2021-09-30,1298000000,ProfitLoss,USD,2022-11-08,10-Q,2021-09-30,109113000000,Assets,USD,2022-11-08,10-Q,2021-12-31,-349000000,NetCashProvidedByUsedInFinancingActivities,USD,2022-11-08,10-Q,2021-09-30,-59000000,NetCashProvidedByUsedInInvestingActivities,USD,2022-11-08,10-Q,2021-09-30,6271000000,NetCashProvidedByUsedInOperatingActivities,USD,2022-11-08,10-Q,2021-09-30,through_ocf,True,,,1.090756,5.269748,91.691597,-0.293277,-0.04958
2023Q1,2023-02-07,INCY,879169,INCYTE CORPORATION,$2B-$10B,,2666702000,Revenues,USD,2023-02-07,10-K,2020-12-31,-295697000,NetIncomeLoss,USD,2023-02-07,10-K,2020-12-31,4933352000,Assets,USD,2023-02-07,10-K,2021-12-31,71709000,NetCashProvidedByUsedInFinancingActivities,USD,2023-02-07,10-K,2020-12-31,-269001000,NetCashProvidedByUsedInInvestingActivities,USD,2023-02-07,10-K,2020-12-31,-124599000,NetCashProvidedByUsedInOperatingActivities,USD,2023-02-07,10-K,2020-12-31,through_ocf,True,,,-0.110885,-0.046724,1.849982,0.026891,-0.100874
2023Q1,2023-02-15,INVH,1687229,Invitation Homes Inc.,$1B-$2B,,1476390000,Revenues,USD,2022-10-27,10-Q,2021-09-30,186882000,NetIncomeLoss,USD,2022-10-27,10-Q,2021-09-30,18537846000,Assets,USD,2022-10-27,10-Q,2021-12-31,355378000,NetCashProvidedByUsedInFinancingActivities,USD,2022-10-27,10-Q,2021-09-30,-728310000,NetCashProvidedByUsedInInvestingActivities,USD,2022-10-27,10-Q,2021-09-30,782314000,NetCashProvidedByUsedInOperatingActivities,USD,2022-10-27,10-Q,2021-09-30,through_ocf,True,,,0.12658,0.529883,12.556199,0.240707,-0.493305
2023Q1,2023-01-18,JBHT,728535,"J.B. HUNT TRANSPORT SERVICES, INC.",$2B-$10B,,6187646000,Revenues,USD,2018-02-23,10-K,2015-12-31,518597000,NetIncomeLoss,USD,2022-11-04,10-Q,2021-09-30,6794348000,Assets,USD,2022-11-04,10-Q,2021-12-31,-242402000,NetCashProvidedByUsedInFinancingActivities,USD,2022-11-04,10-Q,2021-09-30,-511154000,NetCashProvidedByUsedInInvestingActivities,USD,2022-11-04,10-Q,2021-09-30,969849000,NetCashProvidedByUsedInOperatingActivities,USD,2022-11-04,10-Q,2021-09-30,through_ocf,True,,,0.083812,0.15674,1.098051,-0.039175,-0.082609
2023Q1,2023-01-25,KMB,55785,KIMBERLY-CLARK CORPORATION,>$10B,,14475000000,Revenues,USD,2022-10-25,10-Q,2021-09-30,1457000000,NetIncomeLoss,USD,2022-10-25,10-Q,2021-09-30,17837000000,Assets,USD,2022-10-25,10-Q,2021-12-31,-941000000,NetCashProvidedByUsedInFinancingActivities,USD,2022-10-25,10-Q,2021-09-30,-736000000,NetCashProvidedByUsedInInvestingActivities,USD,2022-10-25,10-Q,2021-09-30,1668000000,NetCashProvidedByUsedInOperatingActivities,USD,2022-10-25,10-Q,2021-09-30,through_ocf,True,,,0.100656,0.115233,1.232263,-0.065009,-0.050846
2023Q1,2023-01-24,MMM,66740,3M COMPANY,>$10B,,26743000000,Revenues,USD,2022-10-25,10-Q,2021-09-30,4582000000,NetIncomeLoss,USD,2022-10-25,10-Q,2021-09-30,47072000000,Assets,USD,2022-10-25,10-Q,2021-12-31,-3733000000,NetCashProvidedByUsedInFinancingActivities,USD,2022-10-25,10-Q,2021-09-30,-1432000000,NetCashProvidedByUsedInInvestingActivities,USD,2022-10-25,10-Q,2021-09-30,5449000000,NetCashProvidedByUsedInOperatingActivities,USD,2022-10-25,10-Q,2021-09-30,through_ocf,True,,,0.171335,0.203754,1.760162,-0.139588,-0.053547
2023Q1,2023-02-08,MPWR,1280452,MONOLITHIC POWER SYSTEMS INC,$500M-$1B,,871294000,RevenueFromContractWithCustomerExcludingAssessedTax,USD,2022-11-09,10-Q,2021-09-30,169352000,NetIncomeLoss,USD,2022-11-09,10-Q,2021-09-30,1585825000,Assets,USD,2022-11-09,10-Q,2021-12-31,-62957000,NetCashProvidedByUsedInFinancingActivities,USD,2022-11-09,10-Q,2021-09-30,-339138000,NetCashProvidedByUsedInInvestingActivities,USD,2022-11-09,10-Q,2021-09-30,291804000,NetCashProvidedByUsedInOperatingActivities,USD,2022-11-09,10-Q,2021-09-30,through_ocf,True,,,0.194368,0.334909,1.82008,-0.072257,-0.389235
2023Q1,2023-01-19,NCLH,1513761,NORWEGIAN CRUISE LINE HOLDINGS LTD.,$1B-$2B,,1150781000,Revenues,USD,2018-05-07,10-Q,2017-03-31,-2933866000,NetIncomeLoss,USD,2022-11-08,10-Q,2021-09-30,18729837000,Assets,USD,2022-11-08,10-Q,2021-12-31,1329656000,NetCashProvidedByUsedInFinancingActivities,USD,2022-11-08,10-Q,2021-09-30,-1107971000,NetCashProvidedByUsedInInvestingActivities,USD,2022-11-08,10-Q,2021-09-30,-2152351000,NetCashProvidedByUsedInOperatingActivities,USD,2022-11-08,10-Q,2021-09-30,through_ocf,True,,,-2.549456,-1.870339,16.275761,1.155438,-0.962799
2023Q1,2023-01-25,NOW,1373715,"SERVICENOW, INC.",$2B-$10B,,4282000000,RevenueFromContractWithCustomerExcludingAssessedTax,USD,2022-10-27,10-Q,2021-09-30,203725000,NetIncomeLoss,USD,2022-10-27,10-Q,2021-09-30,10798000000,Assets,USD,2022-10-27,10-Q,2021-12-31,-351000000,NetCashProvidedByUsedInFinancingActivities,USD,2022-10-27,10-Q,2021-09-30,-1248000000,NetCashProvidedByUsedInInvestingActivities,USD,2022-10-27,10-Q,2021-09-30,1347000000,NetCashProvidedByUsedInOperatingActivities,USD,2022-10-27,10-Q,2021-09-30,through_ocf,True,,,0.047577,0.314573,2.521719,-0.081971,-0.291453
2023Q1,2023-02-21,O,726728,REALTY INCOME CORPORATION,$1B-$2B,,1395443000,Revenues,USD,2022-11-03,10-Q,2021-09-30,355415000,NetIncomeLoss,USD,2022-11-03,10-Q,2021-09-30,43137502000,Assets,USD,2022-11-03,10-Q,2021-12-31,2332016000,NetCashProvidedByUsedInFinancingActivities,USD,2022-11-03,10-Q,2021-09-30,-3602952000,NetCashProvidedByUsedInInvestingActivities,USD,2022-11-03,10-Q,2021-09-30,970066000,NetCashProvidedByUsedInOperatingActivities,USD,2022-11-03,10-Q,2021-09-30,through_ocf,True,,,0.254697,0.695167,30.913124,1.671165,-2.581941
2023Q1,2023-01-18,PNC,713676,"PNC FINANCIAL SERVICES GROUP, INC.",>$10B,,14084000000,Revenues,USD,2022-11-02,10-Q,2021-09-30,4419000000,ProfitLoss,USD,2022-11-02,10-Q,2021-09-30,557191000000,Assets,USD,2022-11-02,10-Q,2021-12-31,-8156000000,NetCashProvidedByUsedInFinancingActivities,USD,2022-11-02,10-Q,2021-09-30,6262000000,NetCashProvidedByUsedInInvestingActivities,USD,2022-11-02,10-Q,2021-09-30,3720000000,NetCashProvidedByUsedInOperatingActivities,USD,2022-11-02,10-Q,2021-09-30,through_ocf,True,,,0.31376,0.26413,39.561985,-0.579097,0.444618
2023Q1,2023-02-16,POOL,945841,POOL CORPORATION,$2B-$10B,,4260027000,Revenues,USD,2022-10-27,10-Q,2021-09-30,98655000,NetIncomeLoss,USD,2022-10-27,10-Q,2021-03-31,2282233000,Assets,USD,2022-10-27,10-Q,2021-09-30,-267765000,NetCashProvidedByUsedInFinancingActivities,USD,2022-10-27,10-Q,2021-09-30,-42110000,NetCashProvidedByUsedInInvestingActivities,USD,2022-10-27,10-Q,2021-09-30,359065000,NetCashProvidedByUsedInOperatingActivities,USD,2022-10-27,10-Q,2021-09-30,through_ocf,True,,,0.023158,0.084287,0.535732,-0.062855,-0.009885
2023Q1,2023-01-09,REGN,872589,"REGENERON PHARMACEUTICALS, INC.",>$10B,,11120000000,RevenueFromContractWithCustomerExcludingAssessedTax,USD,2022-11-03,10-Q,2021-09-30,1115200000,NetIncomeLoss,USD,2022-11-03,10-Q,2021-03-31,25434800000,Assets,USD,2022-11-03,10-Q,2021-12-31,-99200000,NetCashProvidedByUsedInFinancingActivities,USD,2022-11-03,10-Q,2021-09-30,-3372000000,NetCashProvidedByUsedInInvestingActivities,USD,2022-11-03,10-Q,2021-09-30,4708800000,NetCashProvidedByUsedInOperatingActivities,USD,2022-11-03,10-Q,2021-09-30,through_ocf,True,,,0.100288,0.423453,2.287302,-0.008921,-0.303237
2023Q1,2023-02-28,SRE,1032208,SEMPRA,>$10B,,11370000000,Revenues,USD,2023-02-28,10-K,2020-12-31,4105000000,ProfitLoss,USD,2023-02-28,10-K,2020-12-31,72045000000,Assets,USD,2023-02-28,10-K,2021-12-31,-2373000000,NetCashProvidedByUsedInFinancingActivities,USD,2023-02-28,10-K,2020-12-31,553000000,NetCashProvidedByUsedInInvestingActivities,USD,2023-02-28,10-K,2020-12-31,2591000000,NetCashProvidedByUsedInOperatingActivities,USD,2023-02-28,10-K,2020-12-31,through_ocf,True,,,0.361038,0.22788,6.336412,-0.208707,0.048637
2023Q1,2023-02-15,TTD,1671933,"TRADE DESK, INC.",$500M-$1B,,836033000,RevenueFromContractWithCustomerExcludingAssessedTax,USD,2023-02-15,10-K,2020-12-31,242317000,NetIncomeLoss,USD,2023-02-15,10-K,2020-12-31,3577340000,Assets,USD,2023-02-15,10-K,2021-12-31,44679000,NetCashProvidedByUsedInFinancingActivities,USD,2023-02-15,10-K,2020-12-31,-143271000,NetCashProvidedByUsedInInvestingActivities,USD,2023-02-15,10-K,2020-12-31,405069000,NetCashProvidedByUsedInOperatingActivities,USD,2023-02-15,10-K,2020-12-31,through_ocf,True,,,0.289841,0.484513,4.278946,0.053442,-0.17137
2023Q1,2023-01-24,UNP,100885,UNION PACIFIC CORP,>$10B,,16071000000,RevenueFromContractWithCustomerExcludingAssessedTax,USD,2022-10-20,10-Q,2021-09-30,4812000000,NetIncomeLoss,USD,2022-10-20,10-Q,2021-09-30,63525000000,Assets,USD,2022-10-20,10-Q,2021-12-31,-5291000000,NetCashProvidedByUsedInFinancingActivities,USD,2022-10-20,10-Q,2021-09-30,-1792000000,NetCashProvidedByUsedInInvestingActivities,USD,2022-10-20,10-Q,2021-09-30,6503000000,NetCashProvidedByUsedInOperatingActivities,USD,2022-10-20,10-Q,2021-09-30,through_ocf,True,,,0.299421,0.404642,3.952772,-0.329227,-0.111505
2023Q1,2023-02-28,VRSK,1442145,"VERISK ANALYTICS, INC.",$2B-$10B,,2269400000,RevenueFromContractWithCustomerExcludingAssessedTax,USD,2023-02-28,10-K,2020-12-31,712700000,NetIncomeLoss,USD,2023-02-28,10-K,2020-12-31,7808100000,Assets,USD,2023-02-28,10-K,2021-12-31,-445200000,NetCashProvidedByUsedInFinancingActivities,USD,2023-02-28,10-K,2020-12-31,-595800000,NetCashProvidedByUsedInInvestingActivities,USD,2023-02-28,10-K,2020-12-31,1068200000,NetCashProvidedByUsedInOperatingActivities,USD,2023-02-28,10-K,2020-12-31,through_ocf,True,,,0.314048,0.470697,3.440601,-0.196175,-0.262536
2023Q1,2023-02-27,WDAY,1327811,"WORKDAY, INC.",$2B-$10B,,4317996000,RevenueFromContractWithCustomerExcludingAssessedTax,USD,2023-02-27,10-K,2021-01-31,-282431000,NetIncomeLoss,USD,2023-02-27,10-K,2021-01-31,10498505000,Assets,USD,2023-02-27,10-K,2022-01-31,625049000,NetCashProvidedByUsedInFinancingActivities,USD,2023-02-27,10-K,2021-01-31,-1241624000,NetCashProvidedByUsedInInvestingActivities,USD,2023-02-27,10-K,2021-01-31,1268441000,NetCashProvidedByUsedInOperatingActivities,USD,2023-02-27,10-K,2021-01-31,through_ocf,True,,,-0.065408,0.293757,2.431337,0.144754,-0.287546
2023Q1,2023-02-21,WMB,107263,"Williams Companies, Inc.",$2B-$10B,,7370000000,Revenues,USD,2022-10-31,10-Q,2021-09-30,895000000,NetIncomeLoss,USD,2022-10-31,10-Q,2021-09-30,47612000000,Assets,USD,2022-10-31,10-Q,2021-12-31,-1626000000,NetCashProvidedByUsedInFinancingActivities,USD,2022-10-31,10-Q,2021-09-30,-1108000000,NetCashProvidedByUsedInInvestingActivities,USD,2022-10-31,10-Q,2021-09-30,2806000000,NetCashProvidedByUsedInOperatingActivities,USD,2022-10-31,10-Q,2021-09-30,through_ocf,True,,,0.121438,0.380733,6.460244,-0.220624,-0.150339
2023Q1,2023-02-09,WTW,1140536,WILLIS TOWERS WATSON PLC,$2B-$10B,,6292000000,Revenues,USD,2022-10-27,10-Q,2021-09-30,1820000000,NetIncomeLoss,USD,2022-10-27,10-Q,2021-09-30,34970000000,Assets,USD,2022-10-27,10-Q,2021-12-31,-2256000000,NetCashProvidedByUsedInFinancingActivities,USD,2022-10-27,10-Q,2021-09-30,361000000,NetCashProvidedByUsedInInvestingActivities,USD,2022-10-27,10-Q,2021-09-30,1877000000,NetCashProvidedByUsedInOperatingActivities,USD,2022-10-27,10-Q,2021-09-30,through_ocf,True,,,0.289256,0.298315,5.557851,-0.358551,0.057374
2023Q1,2023-03-02,ZS,1713683,"ZSCALER, INC.",$100M-$500M,,230517000,RevenueFromContractWithCustomerExcludingAssessedTax,USD,2022-12-07,10-Q,2021-10-31,-90801000,NetIncomeLoss,USD,2022-12-07,10-Q,2021-10-31,2832665000,Assets,USD,2022-12-07,10-Q,2022-07-31,2594000,NetCashProvidedByUsedInFinancingActivities,USD,2022-12-07,10-Q,2021-10-31,-67000,NetCashProvidedByUsedInInvestingActivities,USD,2022-12-07,10-Q,2021-10-31,93271000,NetCashProvidedByUsedInOperatingActivities,USD,2022-12-07,10-Q,2021-10-31,through_ocf,True,,,-0.393902,0.404617,12.288313,0.011253,-0.000291
